batchsize,Num M,Num Mp,Num Md,Num Ap,Num Ad,NoI_bw(GBps),tokens_per_sec,TTFT(s),placer,req_scheduler,task_scheduler,source_kind,source_label,source_root,source_dir,simulator_dir,run_dir
2,15,0,0,8,1,256,30.92,15.209479555555555,bw,static,static,results,Results,Results_LLAMA31,LLAMA3-BWB-Results,simulator_output_LLAMA3-BWB_bwplacement_bs2_staticreq_statictask,SCRUBBED_TIME+LLAMA3-BWB_BMPD256_15_8_1
2,14,0,0,9,1,256,30.94,15.4428124,bw,static,static,results,Results,Results_LLAMA31,LLAMA3-BWB-Results,simulator_output_LLAMA3-BWB_bwplacement_bs2_staticreq_statictask,SCRUBBED_TIME+LLAMA3-BWB_BMPD256_14_9_1
2,14,0,0,8,2,256,61.26,15.5144224,bw,static,static,results,Results,Results_LLAMA31,LLAMA3-BWB-Results,simulator_output_LLAMA3-BWB_bwplacement_bs2_staticreq_statictask,SCRUBBED_TIME+LLAMA3-BWB_BMPD256_14_8_2
2,2,0,0,19,3,256,89.14,15.521735666666666,bw,static,static,results,Results,Results_LLAMA31,LLAMA3-BWB-Results,simulator_output_LLAMA3-BWB_bwplacement_bs2_staticreq_statictask,SCRUBBED_TIME+LLAMA3-BWB_BMPD256_2_19_3
2,2,0,0,18,4,256,121.72,15.521735666666666,bw,static,static,results,Results,Results_LLAMA31,LLAMA3-BWB-Results,simulator_output_LLAMA3-BWB_bwplacement_bs2_staticreq_statictask,SCRUBBED_TIME+LLAMA3-BWB_BMPD256_2_18_4
2,2,0,0,17,5,256,138.52,15.521735666666666,bw,static,static,results,Results,Results_LLAMA31,LLAMA3-BWB-Results,simulator_output_LLAMA3-BWB_bwplacement_bs2_staticreq_statictask,SCRUBBED_TIME+LLAMA3-BWB_BMPD256_2_17_5
2,2,0,0,16,6,256,160.76,15.521735666666666,bw,static,static,results,Results,Results_LLAMA31,LLAMA3-BWB-Results,simulator_output_LLAMA3-BWB_bwplacement_bs2_staticreq_statictask,SCRUBBED_TIME+LLAMA3-BWB_BMPD256_2_16_6
2,13,0,0,9,2,256,61.24,16.02579890909091,bw,static,static,results,Results,Results_LLAMA31,LLAMA3-BWB-Results,simulator_output_LLAMA3-BWB_bwplacement_bs2_staticreq_statictask,SCRUBBED_TIME+LLAMA3-BWB_BMPD256_13_9_2
2,13,0,0,8,3,256,88.12,16.288735272727273,bw,static,static,results,Results,Results_LLAMA31,LLAMA3-BWB-Results,simulator_output_LLAMA3-BWB_bwplacement_bs2_staticreq_statictask,SCRUBBED_TIME+LLAMA3-BWB_BMPD256_13_8_3
2,11,0,0,12,1,256,31.32,16.360964615384617,bw,static,static,results,Results,Results_LLAMA31,LLAMA3-BWB-Results,simulator_output_LLAMA3-BWB_bwplacement_bs2_staticreq_statictask,SCRUBBED_TIME+LLAMA3-BWB_BMPD256_11_12_1
2,2,0,0,15,7,256,186.96,16.433877333333335,bw,static,static,results,Results,Results_LLAMA31,LLAMA3-BWB-Results,simulator_output_LLAMA3-BWB_bwplacement_bs2_staticreq_statictask,SCRUBBED_TIME+LLAMA3-BWB_BMPD256_2_15_7
2,7,0,0,16,1,256,31.54,16.467952470588234,bw,static,static,results,Results,Results_LLAMA31,LLAMA3-BWB-Results,simulator_output_LLAMA3-BWB_bwplacement_bs2_staticreq_statictask,SCRUBBED_TIME+LLAMA3-BWB_BMPD256_7_16_1
2,2,0,0,21,1,256,31.24,16.601544,bw,static,static,results,Results,Results_LLAMA31,LLAMA3-BWB-Results,simulator_output_LLAMA3-BWB_bwplacement_bs2_staticreq_statictask,SCRUBBED_TIME+LLAMA3-BWB_BMPD256_2_21_1
2,15,0,0,8,1,384,49.64,16.757828,bw,static,static,results,Results,Results_LLAMA31,LLAMA3-BWB-Results,simulator_output_LLAMA3-BWB_bwplacement_bs2_staticreq_statictask,SCRUBBED_TIME+LLAMA3-BWB_BMPD384_15_8_1
2,12,0,0,9,3,256,88.14,16.80745233333333,bw,static,static,results,Results,Results_LLAMA31,LLAMA3-BWB-Results,simulator_output_LLAMA3-BWB_bwplacement_bs2_staticreq_statictask,SCRUBBED_TIME+LLAMA3-BWB_BMPD256_12_9_3
2,2,0,0,20,2,256,61.64,16.811177333333333,bw,static,static,results,Results,Results_LLAMA31,LLAMA3-BWB-Results,simulator_output_LLAMA3-BWB_bwplacement_bs2_staticreq_statictask,SCRUBBED_TIME+LLAMA3-BWB_BMPD256_2_20_2
2,14,0,0,9,1,384,49.8,16.9226688,bw,static,static,results,Results,Results_LLAMA31,LLAMA3-BWB-Results,simulator_output_LLAMA3-BWB_bwplacement_bs2_staticreq_statictask,SCRUBBED_TIME+LLAMA3-BWB_BMPD384_14_9_1
2,2,0,0,17,5,384,206.14,16.94275933333333,bw,static,static,results,Results,Results_LLAMA31,LLAMA3-BWB-Results,simulator_output_LLAMA3-BWB_bwplacement_bs2_staticreq_statictask,SCRUBBED_TIME+LLAMA3-BWB_BMPD384_2_17_5
2,2,0,0,19,3,384,141.98,16.947084333333333,bw,static,static,results,Results,Results_LLAMA31,LLAMA3-BWB-Results,simulator_output_LLAMA3-BWB_bwplacement_bs2_staticreq_statictask,SCRUBBED_TIME+LLAMA3-BWB_BMPD384_2_19_3
2,2,0,0,21,1,384,49.86,16.967326,bw,static,static,results,Results,Results_LLAMA31,LLAMA3-BWB-Results,simulator_output_LLAMA3-BWB_bwplacement_bs2_staticreq_statictask,SCRUBBED_TIME+LLAMA3-BWB_BMPD384_2_21_1
2,6,0,0,16,2,256,62.2,16.986029555555557,bw,static,static,results,Results,Results_LLAMA31,LLAMA3-BWB-Results,simulator_output_LLAMA3-BWB_bwplacement_bs2_staticreq_statictask,SCRUBBED_TIME+LLAMA3-BWB_BMPD256_6_16_2
2,5,0,0,18,1,256,31.14,17.01557557894737,bw,static,static,results,Results,Results_LLAMA31,LLAMA3-BWB-Results,simulator_output_LLAMA3-BWB_bwplacement_bs2_staticreq_statictask,SCRUBBED_TIME+LLAMA3-BWB_BMPD256_5_18_1
2,10,0,0,12,2,256,61.68,17.084691142857142,bw,static,static,results,Results,Results_LLAMA31,LLAMA3-BWB-Results,simulator_output_LLAMA3-BWB_bwplacement_bs2_staticreq_statictask,SCRUBBED_TIME+LLAMA3-BWB_BMPD256_10_12_2
2,6,0,0,17,1,256,31.28,17.175224,bw,static,static,results,Results,Results_LLAMA31,LLAMA3-BWB-Results,simulator_output_LLAMA3-BWB_bwplacement_bs2_staticreq_statictask,SCRUBBED_TIME+LLAMA3-BWB_BMPD256_6_17_1
2,12,0,0,8,4,256,119.54,17.35983566666667,bw,static,static,results,Results,Results_LLAMA31,LLAMA3-BWB-Results,simulator_output_LLAMA3-BWB_bwplacement_bs2_staticreq_statictask,SCRUBBED_TIME+LLAMA3-BWB_BMPD256_12_8_4
2,14,0,0,8,2,384,97.74,17.4482588,bw,static,static,results,Results,Results_LLAMA31,LLAMA3-BWB-Results,simulator_output_LLAMA3-BWB_bwplacement_bs2_staticreq_statictask,SCRUBBED_TIME+LLAMA3-BWB_BMPD384_14_8_2
2,12,0,0,11,1,256,31.06,17.47928566666667,bw,static,static,results,Results,Results_LLAMA31,LLAMA3-BWB-Results,simulator_output_LLAMA3-BWB_bwplacement_bs2_staticreq_statictask,SCRUBBED_TIME+LLAMA3-BWB_BMPD256_12_11_1
2,13,0,0,10,1,256,31.0,17.511644363636364,bw,static,static,results,Results,Results_LLAMA31,LLAMA3-BWB-Results,simulator_output_LLAMA3-BWB_bwplacement_bs2_staticreq_statictask,SCRUBBED_TIME+LLAMA3-BWB_BMPD256_13_10_1
2,13,0,0,9,2,384,98.3,17.574724,bw,static,static,results,Results,Results_LLAMA31,LLAMA3-BWB-Results,simulator_output_LLAMA3-BWB_bwplacement_bs2_staticreq_statictask,SCRUBBED_TIME+LLAMA3-BWB_BMPD384_13_9_2
2,4,0,0,18,2,256,60.74,17.5942838,bw,static,static,results,Results,Results_LLAMA31,LLAMA3-BWB-Results,simulator_output_LLAMA3-BWB_bwplacement_bs2_staticreq_statictask,SCRUBBED_TIME+LLAMA3-BWB_BMPD256_4_18_2
2,2,0,0,20,2,384,97.86,17.720042666666668,bw,static,static,results,Results,Results_LLAMA31,LLAMA3-BWB-Results,simulator_output_LLAMA3-BWB_bwplacement_bs2_staticreq_statictask,SCRUBBED_TIME+LLAMA3-BWB_BMPD384_2_20_2
2,5,0,0,17,2,256,60.7,17.74431242105263,bw,static,static,results,Results,Results_LLAMA31,LLAMA3-BWB-Results,simulator_output_LLAMA3-BWB_bwplacement_bs2_staticreq_statictask,SCRUBBED_TIME+LLAMA3-BWB_BMPD256_5_17_2
2,9,0,0,12,3,256,88.7,17.763300266666665,bw,static,static,results,Results,Results_LLAMA31,LLAMA3-BWB-Results,simulator_output_LLAMA3-BWB_bwplacement_bs2_staticreq_statictask,SCRUBBED_TIME+LLAMA3-BWB_BMPD256_9_12_3
2,5,0,0,16,3,256,87.5,17.81143347368421,bw,static,static,results,Results,Results_LLAMA31,LLAMA3-BWB-Results,simulator_output_LLAMA3-BWB_bwplacement_bs2_staticreq_statictask,SCRUBBED_TIME+LLAMA3-BWB_BMPD256_5_16_3
2,2,0,0,18,4,384,185.36,17.89105933333333,bw,static,static,results,Results,Results_LLAMA31,LLAMA3-BWB-Results,simulator_output_LLAMA3-BWB_bwplacement_bs2_staticreq_statictask,SCRUBBED_TIME+LLAMA3-BWB_BMPD384_2_18_4
2,4,0,0,19,1,256,30.84,17.9503688,bw,static,static,results,Results,Results_LLAMA31,LLAMA3-BWB-Results,simulator_output_LLAMA3-BWB_bwplacement_bs2_staticreq_statictask,SCRUBBED_TIME+LLAMA3-BWB_BMPD256_4_19_1
2,7,0,0,16,1,384,50.76,18.04873905882353,bw,static,static,results,Results,Results_LLAMA31,LLAMA3-BWB-Results,simulator_output_LLAMA3-BWB_bwplacement_bs2_staticreq_statictask,SCRUBBED_TIME+LLAMA3-BWB_BMPD384_7_16_1
2,16,0,0,7,1,256,30.38,18.0561835,bw,static,static,results,Results,Results_LLAMA31,LLAMA3-BWB-Results,simulator_output_LLAMA3-BWB_bwplacement_bs2_staticreq_statictask,SCRUBBED_TIME+LLAMA3-BWB_BMPD256_16_7_1
2,11,0,0,11,2,256,61.1,18.09514923076923,bw,static,static,results,Results,Results_LLAMA31,LLAMA3-BWB-Results,simulator_output_LLAMA3-BWB_bwplacement_bs2_staticreq_statictask,SCRUBBED_TIME+LLAMA3-BWB_BMPD256_11_11_2
2,6,0,0,17,1,384,50.62,18.22218266666667,bw,static,static,results,Results,Results_LLAMA31,LLAMA3-BWB-Results,simulator_output_LLAMA3-BWB_bwplacement_bs2_staticreq_statictask,SCRUBBED_TIME+LLAMA3-BWB_BMPD384_6_17_1
2,11,0,0,9,4,256,118.82,18.299764615384618,bw,static,static,results,Results,Results_LLAMA31,LLAMA3-BWB-Results,simulator_output_LLAMA3-BWB_bwplacement_bs2_staticreq_statictask,SCRUBBED_TIME+LLAMA3-BWB_BMPD256_11_9_4
2,4,0,0,17,3,256,87.02,18.3320588,bw,static,static,results,Results,Results_LLAMA31,LLAMA3-BWB-Results,simulator_output_LLAMA3-BWB_bwplacement_bs2_staticreq_statictask,SCRUBBED_TIME+LLAMA3-BWB_BMPD256_4_17_3
2,11,0,0,12,1,384,50.04,18.34757353846154,bw,static,static,results,Results,Results_LLAMA31,LLAMA3-BWB-Results,simulator_output_LLAMA3-BWB_bwplacement_bs2_staticreq_statictask,SCRUBBED_TIME+LLAMA3-BWB_BMPD384_11_12_1
2,6,0,0,16,2,384,99.8,18.367610444444445,bw,static,static,results,Results,Results_LLAMA31,LLAMA3-BWB-Results,simulator_output_LLAMA3-BWB_bwplacement_bs2_staticreq_statictask,SCRUBBED_TIME+LLAMA3-BWB_BMPD384_6_16_2
2,13,0,0,8,3,384,140.0,18.402351272727277,bw,static,static,results,Results,Results_LLAMA31,LLAMA3-BWB-Results,simulator_output_LLAMA3-BWB_bwplacement_bs2_staticreq_statictask,SCRUBBED_TIME+LLAMA3-BWB_BMPD384_13_8_3
2,15,0,0,7,2,256,60.24,18.46585733333333,bw,static,static,results,Results,Results_LLAMA31,LLAMA3-BWB-Results,simulator_output_LLAMA3-BWB_bwplacement_bs2_staticreq_statictask,SCRUBBED_TIME+LLAMA3-BWB_BMPD256_15_7_2
2,5,0,0,17,2,384,99.52,18.50910105263158,bw,static,static,results,Results,Results_LLAMA31,LLAMA3-BWB-Results,simulator_output_LLAMA3-BWB_bwplacement_bs2_staticreq_statictask,SCRUBBED_TIME+LLAMA3-BWB_BMPD384_5_17_2
2,8,0,0,12,4,256,120.62,18.55776075,bw,static,static,results,Results,Results_LLAMA31,LLAMA3-BWB-Results,simulator_output_LLAMA3-BWB_bwplacement_bs2_staticreq_statictask,SCRUBBED_TIME+LLAMA3-BWB_BMPD256_8_12_4
2,12,0,0,9,3,384,140.42,18.580492666666668,bw,static,static,results,Results,Results_LLAMA31,LLAMA3-BWB-Results,simulator_output_LLAMA3-BWB_bwplacement_bs2_staticreq_statictask,SCRUBBED_TIME+LLAMA3-BWB_BMPD384_12_9_3
2,9,0,0,14,1,256,31.38,18.6434736,bw,static,static,results,Results,Results_LLAMA31,LLAMA3-BWB-Results,simulator_output_LLAMA3-BWB_bwplacement_bs2_staticreq_statictask,SCRUBBED_TIME+LLAMA3-BWB_BMPD256_9_14_1
2,10,0,0,12,2,384,98.22,18.67244714285714,bw,static,static,results,Results,Results_LLAMA31,LLAMA3-BWB-Results,simulator_output_LLAMA3-BWB_bwplacement_bs2_staticreq_statictask,SCRUBBED_TIME+LLAMA3-BWB_BMPD384_10_12_2
2,13,0,0,10,1,384,50.34,18.687396727272727,bw,static,static,results,Results,Results_LLAMA31,LLAMA3-BWB-Results,simulator_output_LLAMA3-BWB_bwplacement_bs2_staticreq_statictask,SCRUBBED_TIME+LLAMA3-BWB_BMPD384_13_10_1
2,16,0,0,7,1,384,49.7,18.785847,bw,static,static,results,Results,Results_LLAMA31,LLAMA3-BWB-Results,simulator_output_LLAMA3-BWB_bwplacement_bs2_staticreq_statictask,SCRUBBED_TIME+LLAMA3-BWB_BMPD384_16_7_1
2,11,0,0,8,5,256,133.8,18.847295384615386,bw,static,static,results,Results,Results_LLAMA31,LLAMA3-BWB-Results,simulator_output_LLAMA3-BWB_bwplacement_bs2_staticreq_statictask,SCRUBBED_TIME+LLAMA3-BWB_BMPD256_11_8_5
2,12,0,0,11,1,384,49.88,18.882601,bw,static,static,results,Results,Results_LLAMA31,LLAMA3-BWB-Results,simulator_output_LLAMA3-BWB_bwplacement_bs2_staticreq_statictask,SCRUBBED_TIME+LLAMA3-BWB_BMPD384_12_11_1
2,4,0,0,16,4,256,116.64,18.8950538,bw,static,static,results,Results,Results_LLAMA31,LLAMA3-BWB-Results,simulator_output_LLAMA3-BWB_bwplacement_bs2_staticreq_statictask,SCRUBBED_TIME+LLAMA3-BWB_BMPD256_4_16_4
2,5,0,0,16,3,384,142.16,18.90330105263158,bw,static,static,results,Results,Results_LLAMA31,LLAMA3-BWB-Results,simulator_output_LLAMA3-BWB_bwplacement_bs2_staticreq_statictask,SCRUBBED_TIME+LLAMA3-BWB_BMPD384_5_16_3
2,4,0,0,17,3,384,136.46,18.9035632,bw,static,static,results,Results,Results_LLAMA31,LLAMA3-BWB-Results,simulator_output_LLAMA3-BWB_bwplacement_bs2_staticreq_statictask,SCRUBBED_TIME+LLAMA3-BWB_BMPD384_4_17_3
2,10,0,0,13,1,256,31.04,18.928484,bw,static,static,results,Results,Results_LLAMA31,LLAMA3-BWB-Results,simulator_output_LLAMA3-BWB_bwplacement_bs2_staticreq_statictask,SCRUBBED_TIME+LLAMA3-BWB_BMPD256_10_13_1
2,10,0,0,11,3,256,87.38,18.948969714285717,bw,static,static,results,Results,Results_LLAMA31,LLAMA3-BWB-Results,simulator_output_LLAMA3-BWB_bwplacement_bs2_staticreq_statictask,SCRUBBED_TIME+LLAMA3-BWB_BMPD256_10_11_3
2,3,0,0,16,5,256,131.74,19.03175978947368,bw,static,static,results,Results,Results_LLAMA31,LLAMA3-BWB-Results,simulator_output_LLAMA3-BWB_bwplacement_bs2_staticreq_statictask,SCRUBBED_TIME+LLAMA3-BWB_BMPD256_3_16_5
2,15,0,0,8,1,512,57.52,19.114987555555555,bw,static,static,results,Results,Results_LLAMA31,LLAMA3-BWB-Results,simulator_output_LLAMA3-BWB_bwplacement_bs2_staticreq_statictask,SCRUBBED_TIME+LLAMA3-BWB_BMPD512_15_8_1
2,7,0,0,12,5,256,136.18,19.17726423529412,bw,static,static,results,Results,Results_LLAMA31,LLAMA3-BWB-Results,simulator_output_LLAMA3-BWB_bwplacement_bs2_staticreq_statictask,SCRUBBED_TIME+LLAMA3-BWB_BMPD256_7_12_5
2,12,0,0,10,2,256,60.66,19.215702333333333,bw,static,static,results,Results,Results_LLAMA31,LLAMA3-BWB-Results,simulator_output_LLAMA3-BWB_bwplacement_bs2_staticreq_statictask,SCRUBBED_TIME+LLAMA3-BWB_BMPD256_12_10_2
2,2,0,0,20,2,512,113.5,19.347800666666668,bw,static,static,results,Results,Results_LLAMA31,LLAMA3-BWB-Results,simulator_output_LLAMA3-BWB_bwplacement_bs2_staticreq_statictask,SCRUBBED_TIME+LLAMA3-BWB_BMPD512_2_20_2
2,9,0,0,12,3,384,140.58,19.375088533333336,bw,static,static,results,Results,Results_LLAMA31,LLAMA3-BWB-Results,simulator_output_LLAMA3-BWB_bwplacement_bs2_staticreq_statictask,SCRUBBED_TIME+LLAMA3-BWB_BMPD384_9_12_3
2,10,0,0,9,5,256,133.76,19.376134,bw,static,static,results,Results,Results_LLAMA31,LLAMA3-BWB-Results,simulator_output_LLAMA3-BWB_bwplacement_bs2_staticreq_statictask,SCRUBBED_TIME+LLAMA3-BWB_BMPD256_10_9_5
2,2,0,0,19,3,512,163.02,19.386934,bw,static,static,results,Results,Results_LLAMA31,LLAMA3-BWB-Results,simulator_output_LLAMA3-BWB_bwplacement_bs2_staticreq_statictask,SCRUBBED_TIME+LLAMA3-BWB_BMPD512_2_19_3
2,12,0,0,10,2,384,98.66,19.43366766666667,bw,static,static,results,Results,Results_LLAMA31,LLAMA3-BWB-Results,simulator_output_LLAMA3-BWB_bwplacement_bs2_staticreq_statictask,SCRUBBED_TIME+LLAMA3-BWB_BMPD384_12_10_2
2,8,0,0,14,2,256,62.06,19.434717,bw,static,static,results,Results,Results_LLAMA31,LLAMA3-BWB-Results,simulator_output_LLAMA3-BWB_bwplacement_bs2_staticreq_statictask,SCRUBBED_TIME+LLAMA3-BWB_BMPD256_8_14_2
2,3,0,0,18,3,256,84.74,19.44974926315789,bw,static,static,results,Results,Results_LLAMA31,LLAMA3-BWB-Results,simulator_output_LLAMA3-BWB_bwplacement_bs2_staticreq_statictask,SCRUBBED_TIME+LLAMA3-BWB_BMPD256_3_18_3
2,11,0,0,10,3,256,87.04,19.45720307692308,bw,static,static,results,Results,Results_LLAMA31,LLAMA3-BWB-Results,simulator_output_LLAMA3-BWB_bwplacement_bs2_staticreq_statictask,SCRUBBED_TIME+LLAMA3-BWB_BMPD256_11_10_3
2,9,0,0,13,2,256,60.6,19.47390693333333,bw,static,static,results,Results,Results_LLAMA31,LLAMA3-BWB-Results,simulator_output_LLAMA3-BWB_bwplacement_bs2_staticreq_statictask,SCRUBBED_TIME+LLAMA3-BWB_BMPD256_9_13_2
2,4,0,0,16,4,384,184.72,19.4925582,bw,static,static,results,Results,Results_LLAMA31,LLAMA3-BWB-Results,simulator_output_LLAMA3-BWB_bwplacement_bs2_staticreq_statictask,SCRUBBED_TIME+LLAMA3-BWB_BMPD384_4_16_4
2,14,0,0,8,2,512,113.44,19.500342,bw,static,static,results,Results,Results_LLAMA31,LLAMA3-BWB-Results,simulator_output_LLAMA3-BWB_bwplacement_bs2_staticreq_statictask,SCRUBBED_TIME+LLAMA3-BWB_BMPD512_14_8_2
2,12,0,0,8,4,384,188.96,19.580534333333333,bw,static,static,results,Results,Results_LLAMA31,LLAMA3-BWB-Results,simulator_output_LLAMA3-BWB_bwplacement_bs2_staticreq_statictask,SCRUBBED_TIME+LLAMA3-BWB_BMPD384_12_8_4
2,8,0,0,15,1,256,30.38,19.66088575,bw,static,static,results,Results,Results_LLAMA31,LLAMA3-BWB-Results,simulator_output_LLAMA3-BWB_bwplacement_bs2_staticreq_statictask,SCRUBBED_TIME+LLAMA3-BWB_BMPD256_8_15_1
2,16,0,0,5,3,256,83.48,19.6743335,bw,static,static,results,Results,Results_LLAMA31,LLAMA3-BWB-Results,simulator_output_LLAMA3-BWB_bwplacement_bs2_staticreq_statictask,SCRUBBED_TIME+LLAMA3-BWB_BMPD256_16_5_3
2,16,0,0,6,2,256,59.02,19.7300085,bw,static,static,results,Results,Results_LLAMA31,LLAMA3-BWB-Results,simulator_output_LLAMA3-BWB_bwplacement_bs2_staticreq_statictask,SCRUBBED_TIME+LLAMA3-BWB_BMPD256_16_6_2
2,7,0,0,14,3,256,89.18,19.76843482352941,bw,static,static,results,Results,Results_LLAMA31,LLAMA3-BWB-Results,simulator_output_LLAMA3-BWB_bwplacement_bs2_staticreq_statictask,SCRUBBED_TIME+LLAMA3-BWB_BMPD256_7_14_3
2,4,0,0,19,1,384,48.72,19.7870832,bw,static,static,results,Results,Results_LLAMA31,LLAMA3-BWB-Results,simulator_output_LLAMA3-BWB_bwplacement_bs2_staticreq_statictask,SCRUBBED_TIME+LLAMA3-BWB_BMPD384_4_19_1
2,9,0,0,11,4,256,118.48,19.892226933333333,bw,static,static,results,Results,Results_LLAMA31,LLAMA3-BWB-Results,simulator_output_LLAMA3-BWB_bwplacement_bs2_staticreq_statictask,SCRUBBED_TIME+LLAMA3-BWB_BMPD256_9_11_4
2,11,0,0,11,2,384,97.6,19.89845046153846,bw,static,static,results,Results,Results_LLAMA31,LLAMA3-BWB-Results,simulator_output_LLAMA3-BWB_bwplacement_bs2_staticreq_statictask,SCRUBBED_TIME+LLAMA3-BWB_BMPD384_11_11_2
2,10,0,0,8,6,256,153.84,19.927334,bw,static,static,results,Results,Results_LLAMA31,LLAMA3-BWB-Results,simulator_output_LLAMA3-BWB_bwplacement_bs2_staticreq_statictask,SCRUBBED_TIME+LLAMA3-BWB_BMPD256_10_8_6
2,3,0,0,17,4,256,115.0,19.93781768421053,bw,static,static,results,Results,Results_LLAMA31,LLAMA3-BWB-Results,simulator_output_LLAMA3-BWB_bwplacement_bs2_staticreq_statictask,SCRUBBED_TIME+LLAMA3-BWB_BMPD256_3_17_4
2,14,0,0,7,3,256,85.52,19.9750424,bw,static,static,results,Results,Results_LLAMA31,LLAMA3-BWB-Results,simulator_output_LLAMA3-BWB_bwplacement_bs2_staticreq_statictask,SCRUBBED_TIME+LLAMA3-BWB_BMPD256_14_7_3
2,9,0,0,14,1,384,49.74,19.9780552,bw,static,static,results,Results,Results_LLAMA31,LLAMA3-BWB-Results,simulator_output_LLAMA3-BWB_bwplacement_bs2_staticreq_statictask,SCRUBBED_TIME+LLAMA3-BWB_BMPD384_9_14_1
2,11,0,0,9,4,384,188.9,20.143835076923075,bw,static,static,results,Results,Results_LLAMA31,LLAMA3-BWB-Results,simulator_output_LLAMA3-BWB_bwplacement_bs2_staticreq_statictask,SCRUBBED_TIME+LLAMA3-BWB_BMPD384_11_9_4
2,16,0,0,6,2,384,96.12,20.160422,bw,static,static,results,Results,Results_LLAMA31,LLAMA3-BWB-Results,simulator_output_LLAMA3-BWB_bwplacement_bs2_staticreq_statictask,SCRUBBED_TIME+LLAMA3-BWB_BMPD384_16_6_2
2,6,0,0,12,6,256,156.6,20.18348511111111,bw,static,static,results,Results,Results_LLAMA31,LLAMA3-BWB-Results,simulator_output_LLAMA3-BWB_bwplacement_bs2_staticreq_statictask,SCRUBBED_TIME+LLAMA3-BWB_BMPD256_6_12_6
2,8,0,0,13,3,256,87.24,20.19382325,bw,static,static,results,Results,Results_LLAMA31,LLAMA3-BWB-Results,simulator_output_LLAMA3-BWB_bwplacement_bs2_staticreq_statictask,SCRUBBED_TIME+LLAMA3-BWB_BMPD256_8_13_3
2,6,0,0,14,4,256,122.0,20.224674,bw,static,static,results,Results,Results_LLAMA31,LLAMA3-BWB-Results,simulator_output_LLAMA3-BWB_bwplacement_bs2_staticreq_statictask,SCRUBBED_TIME+LLAMA3-BWB_BMPD256_6_14_4
2,8,0,0,12,4,384,190.38,20.241642,bw,static,static,results,Results,Results_LLAMA31,LLAMA3-BWB-Results,simulator_output_LLAMA3-BWB_bwplacement_bs2_staticreq_statictask,SCRUBBED_TIME+LLAMA3-BWB_BMPD384_8_12_4
2,11,0,0,10,3,384,141.04,20.33617353846154,bw,static,static,results,Results,Results_LLAMA31,LLAMA3-BWB-Results,simulator_output_LLAMA3-BWB_bwplacement_bs2_staticreq_statictask,SCRUBBED_TIME+LLAMA3-BWB_BMPD384_11_10_3
2,10,0,0,10,4,256,118.7,20.36111257142857,bw,static,static,results,Results,Results_LLAMA31,LLAMA3-BWB-Results,simulator_output_LLAMA3-BWB_bwplacement_bs2_staticreq_statictask,SCRUBBED_TIME+LLAMA3-BWB_BMPD256_10_10_4
2,15,0,0,7,2,384,95.12,20.402883555555555,bw,static,static,results,Results,Results_LLAMA31,LLAMA3-BWB-Results,simulator_output_LLAMA3-BWB_bwplacement_bs2_staticreq_statictask,SCRUBBED_TIME+LLAMA3-BWB_BMPD384_15_7_2
2,10,0,0,13,1,384,50.18,20.46495428571429,bw,static,static,results,Results,Results_LLAMA31,LLAMA3-BWB-Results,simulator_output_LLAMA3-BWB_bwplacement_bs2_staticreq_statictask,SCRUBBED_TIME+LLAMA3-BWB_BMPD384_10_13_1
2,13,0,0,8,3,512,162.6,20.47353309090909,bw,static,static,results,Results,Results_LLAMA31,LLAMA3-BWB-Results,simulator_output_LLAMA3-BWB_bwplacement_bs2_staticreq_statictask,SCRUBBED_TIME+LLAMA3-BWB_BMPD512_13_8_3
2,9,0,0,9,6,256,153.66,20.4804536,bw,static,static,results,Results,Results_LLAMA31,LLAMA3-BWB-Results,simulator_output_LLAMA3-BWB_bwplacement_bs2_staticreq_statictask,SCRUBBED_TIME+LLAMA3-BWB_BMPD256_9_9_6
2,7,0,0,15,2,256,59.74,20.50438776470588,bw,static,static,results,Results,Results_LLAMA31,LLAMA3-BWB-Results,simulator_output_LLAMA3-BWB_bwplacement_bs2_staticreq_statictask,SCRUBBED_TIME+LLAMA3-BWB_BMPD256_7_15_2
2,7,0,0,16,1,512,58.6,20.562977647058823,bw,static,static,results,Results,Results_LLAMA31,LLAMA3-BWB-Results,simulator_output_LLAMA3-BWB_bwplacement_bs2_staticreq_statictask,SCRUBBED_TIME+LLAMA3-BWB_BMPD512_7_16_1
2,2,0,0,21,1,512,58.62,20.58456733333333,bw,static,static,results,Results,Results_LLAMA31,LLAMA3-BWB-Results,simulator_output_LLAMA3-BWB_bwplacement_bs2_staticreq_statictask,SCRUBBED_TIME+LLAMA3-BWB_BMPD512_2_21_1
2,9,0,0,14,1,512,58.48,20.705230933333333,bw,static,static,results,Results,Results_LLAMA31,LLAMA3-BWB-Results,simulator_output_LLAMA3-BWB_bwplacement_bs2_staticreq_statictask,SCRUBBED_TIME+LLAMA3-BWB_BMPD512_9_14_1
2,8,0,0,11,5,256,133.94,20.70643575,bw,static,static,results,Results,Results_LLAMA31,LLAMA3-BWB-Results,simulator_output_LLAMA3-BWB_bwplacement_bs2_staticreq_statictask,SCRUBBED_TIME+LLAMA3-BWB_BMPD256_8_11_5
2,16,0,0,5,3,384,134.22,20.7081595,bw,static,static,results,Results,Results_LLAMA31,LLAMA3-BWB-Results,simulator_output_LLAMA3-BWB_bwplacement_bs2_staticreq_statictask,SCRUBBED_TIME+LLAMA3-BWB_BMPD384_16_5_3
2,16,0,0,7,1,512,56.92,20.729471,bw,static,static,results,Results,Results_LLAMA31,LLAMA3-BWB-Results,simulator_output_LLAMA3-BWB_bwplacement_bs2_staticreq_statictask,SCRUBBED_TIME+LLAMA3-BWB_BMPD512_16_7_1
2,5,0,0,14,5,256,137.52,20.75300189473684,bw,static,static,results,Results,Results_LLAMA31,LLAMA3-BWB-Results,simulator_output_LLAMA3-BWB_bwplacement_bs2_staticreq_statictask,SCRUBBED_TIME+LLAMA3-BWB_BMPD256_5_14_5
2,8,0,0,14,2,384,98.04,20.755692,bw,static,static,results,Results,Results_LLAMA31,LLAMA3-BWB-Results,simulator_output_LLAMA3-BWB_bwplacement_bs2_staticreq_statictask,SCRUBBED_TIME+LLAMA3-BWB_BMPD384_8_14_2
2,15,0,0,6,3,256,84.06,20.776135111111117,bw,static,static,results,Results,Results_LLAMA31,LLAMA3-BWB-Results,simulator_output_LLAMA3-BWB_bwplacement_bs2_staticreq_statictask,SCRUBBED_TIME+LLAMA3-BWB_BMPD256_15_6_3
2,10,0,0,11,3,384,140.04,20.793397142857145,bw,static,static,results,Results,Results_LLAMA31,LLAMA3-BWB-Results,simulator_output_LLAMA3-BWB_bwplacement_bs2_staticreq_statictask,SCRUBBED_TIME+LLAMA3-BWB_BMPD384_10_11_3
2,6,0,0,16,2,512,115.48,20.891244444444443,bw,static,static,results,Results,Results_LLAMA31,LLAMA3-BWB-Results,simulator_output_LLAMA3-BWB_bwplacement_bs2_staticreq_statictask,SCRUBBED_TIME+LLAMA3-BWB_BMPD512_6_16_2
2,5,0,0,12,7,256,184.06,20.895770315789477,bw,static,static,results,Results,Results_LLAMA31,LLAMA3-BWB-Results,simulator_output_LLAMA3-BWB_bwplacement_bs2_staticreq_statictask,SCRUBBED_TIME+LLAMA3-BWB_BMPD256_5_12_7
2,9,0,0,10,5,256,134.28,20.902166933333334,bw,static,static,results,Results,Results_LLAMA31,LLAMA3-BWB-Results,simulator_output_LLAMA3-BWB_bwplacement_bs2_staticreq_statictask,SCRUBBED_TIME+LLAMA3-BWB_BMPD256_9_10_5
2,8,0,0,15,1,384,50.52,20.90461075,bw,static,static,results,Results,Results_LLAMA31,LLAMA3-BWB-Results,simulator_output_LLAMA3-BWB_bwplacement_bs2_staticreq_statictask,SCRUBBED_TIME+LLAMA3-BWB_BMPD384_8_15_1
2,3,0,0,19,2,256,57.06,20.94013873684211,bw,static,static,results,Results,Results_LLAMA31,LLAMA3-BWB-Results,simulator_output_LLAMA3-BWB_bwplacement_bs2_staticreq_statictask,SCRUBBED_TIME+LLAMA3-BWB_BMPD256_3_19_2
2,9,0,0,13,2,384,97.8,20.942581866666668,bw,static,static,results,Results,Results_LLAMA31,LLAMA3-BWB-Results,simulator_output_LLAMA3-BWB_bwplacement_bs2_staticreq_statictask,SCRUBBED_TIME+LLAMA3-BWB_BMPD384_9_13_2
2,9,0,0,8,7,256,181.4,21.0097336,bw,static,static,results,Results,Results_LLAMA31,LLAMA3-BWB-Results,simulator_output_LLAMA3-BWB_bwplacement_bs2_staticreq_statictask,SCRUBBED_TIME+LLAMA3-BWB_BMPD256_9_8_7
2,7,0,0,13,4,256,118.52,21.014158352941177,bw,static,static,results,Results,Results_LLAMA31,LLAMA3-BWB-Results,simulator_output_LLAMA3-BWB_bwplacement_bs2_staticreq_statictask,SCRUBBED_TIME+LLAMA3-BWB_BMPD256_7_13_4
2,5,0,0,18,1,512,58.7,21.10422484210526,bw,static,static,results,Results,Results_LLAMA31,LLAMA3-BWB-Results,simulator_output_LLAMA3-BWB_bwplacement_bs2_staticreq_statictask,SCRUBBED_TIME+LLAMA3-BWB_BMPD512_5_18_1
2,11,0,0,8,5,384,212.06,21.17937353846154,bw,static,static,results,Results,Results_LLAMA31,LLAMA3-BWB-Results,simulator_output_LLAMA3-BWB_bwplacement_bs2_staticreq_statictask,SCRUBBED_TIME+LLAMA3-BWB_BMPD384_11_8_5
2,5,0,0,18,1,384,51.06,21.18376421052632,bw,static,static,results,Results,Results_LLAMA31,LLAMA3-BWB-Results,simulator_output_LLAMA3-BWB_bwplacement_bs2_staticreq_statictask,SCRUBBED_TIME+LLAMA3-BWB_BMPD384_5_18_1
2,8,0,0,14,2,512,115.04,21.18990025,bw,static,static,results,Results,Results_LLAMA31,LLAMA3-BWB-Results,simulator_output_LLAMA3-BWB_bwplacement_bs2_staticreq_statictask,SCRUBBED_TIME+LLAMA3-BWB_BMPD512_8_14_2
2,5,0,0,16,3,512,165.44,21.19980905263158,bw,static,static,results,Results,Results_LLAMA31,LLAMA3-BWB-Results,simulator_output_LLAMA3-BWB_bwplacement_bs2_staticreq_statictask,SCRUBBED_TIME+LLAMA3-BWB_BMPD512_5_16_3
2,7,0,0,12,5,384,215.24,21.225521411764703,bw,static,static,results,Results,Results_LLAMA31,LLAMA3-BWB-Results,simulator_output_LLAMA3-BWB_bwplacement_bs2_staticreq_statictask,SCRUBBED_TIME+LLAMA3-BWB_BMPD384_7_12_5
2,6,0,0,15,3,256,85.66,21.233368444444444,bw,static,static,results,Results,Results_LLAMA31,LLAMA3-BWB-Results,simulator_output_LLAMA3-BWB_bwplacement_bs2_staticreq_statictask,SCRUBBED_TIME+LLAMA3-BWB_BMPD256_6_15_3
2,14,0,0,9,1,512,57.7,21.288112,bw,static,static,results,Results,Results_LLAMA31,LLAMA3-BWB-Results,simulator_output_LLAMA3-BWB_bwplacement_bs2_staticreq_statictask,SCRUBBED_TIME+LLAMA3-BWB_BMPD512_14_9_1
2,2,0,0,21,1,640,55.94,21.326897666666667,bw,static,static,results,Results,Results_LLAMA31,LLAMA3-BWB-Results,simulator_output_LLAMA3-BWB_bwplacement_bs2_staticreq_statictask,SCRUBBED_TIME+LLAMA3-BWB_BMPD640_2_21_1
2,2,0,0,20,2,640,110.78,21.326897666666667,bw,static,static,results,Results,Results_LLAMA31,LLAMA3-BWB-Results,simulator_output_LLAMA3-BWB_bwplacement_bs2_staticreq_statictask,SCRUBBED_TIME+LLAMA3-BWB_BMPD640_2_20_2
2,2,0,0,18,4,640,211.86,21.326897666666667,bw,static,static,results,Results,Results_LLAMA31,LLAMA3-BWB-Results,simulator_output_LLAMA3-BWB_bwplacement_bs2_staticreq_statictask,SCRUBBED_TIME+LLAMA3-BWB_BMPD640_2_18_4
2,10,0,0,10,4,384,190.02,21.36491857142857,bw,static,static,results,Results,Results_LLAMA31,LLAMA3-BWB-Results,simulator_output_LLAMA3-BWB_bwplacement_bs2_staticreq_statictask,SCRUBBED_TIME+LLAMA3-BWB_BMPD384_10_10_4
2,10,0,0,9,5,384,213.4,21.39781857142857,bw,static,static,results,Results,Results_LLAMA31,LLAMA3-BWB-Results,simulator_output_LLAMA3-BWB_bwplacement_bs2_staticreq_statictask,SCRUBBED_TIME+LLAMA3-BWB_BMPD384_10_9_5
2,4,0,0,14,6,256,155.58,21.4348888,bw,static,static,results,Results,Results_LLAMA31,LLAMA3-BWB-Results,simulator_output_LLAMA3-BWB_bwplacement_bs2_staticreq_statictask,SCRUBBED_TIME+LLAMA3-BWB_BMPD256_4_14_6
2,15,0,0,6,3,384,136.74,21.452728,bw,static,static,results,Results,Results_LLAMA31,LLAMA3-BWB-Results,simulator_output_LLAMA3-BWB_bwplacement_bs2_staticreq_statictask,SCRUBBED_TIME+LLAMA3-BWB_BMPD384_15_6_3
2,7,0,0,11,6,256,154.06,21.523840705882357,bw,static,static,results,Results,Results_LLAMA31,LLAMA3-BWB-Results,simulator_output_LLAMA3-BWB_bwplacement_bs2_staticreq_statictask,SCRUBBED_TIME+LLAMA3-BWB_BMPD256_7_11_6
2,7,0,0,15,2,384,98.78,21.576292,bw,static,static,results,Results,Results_LLAMA31,LLAMA3-BWB-Results,simulator_output_LLAMA3-BWB_bwplacement_bs2_staticreq_statictask,SCRUBBED_TIME+LLAMA3-BWB_BMPD384_7_15_2
2,7,0,0,14,3,384,140.5,21.58587435294118,bw,static,static,results,Results,Results_LLAMA31,LLAMA3-BWB-Results,simulator_output_LLAMA3-BWB_bwplacement_bs2_staticreq_statictask,SCRUBBED_TIME+LLAMA3-BWB_BMPD384_7_14_3
2,15,0,0,8,1,640,56.48,21.59954711111111,bw,static,static,results,Results,Results_LLAMA31,LLAMA3-BWB-Results,simulator_output_LLAMA3-BWB_bwplacement_bs2_staticreq_statictask,SCRUBBED_TIME+LLAMA3-BWB_BMPD640_15_8_1
2,8,0,0,9,7,256,181.02,21.63426075,bw,static,static,results,Results,Results_LLAMA31,LLAMA3-BWB-Results,simulator_output_LLAMA3-BWB_bwplacement_bs2_staticreq_statictask,SCRUBBED_TIME+LLAMA3-BWB_BMPD256_8_9_7
2,3,0,0,20,1,256,31.02,21.64760189473684,bw,static,static,results,Results,Results_LLAMA31,LLAMA3-BWB-Results,simulator_output_LLAMA3-BWB_bwplacement_bs2_staticreq_statictask,SCRUBBED_TIME+LLAMA3-BWB_BMPD256_3_20_1
2,13,0,0,7,4,256,115.18,21.656008,bw,static,static,results,Results,Results_LLAMA31,LLAMA3-BWB-Results,simulator_output_LLAMA3-BWB_bwplacement_bs2_staticreq_statictask,SCRUBBED_TIME+LLAMA3-BWB_BMPD256_13_7_4
2,9,0,0,11,4,384,188.72,21.65732853333333,bw,static,static,results,Results,Results_LLAMA31,LLAMA3-BWB-Results,simulator_output_LLAMA3-BWB_bwplacement_bs2_staticreq_statictask,SCRUBBED_TIME+LLAMA3-BWB_BMPD384_9_11_4
2,4,0,0,18,2,512,107.6,21.6737244,bw,static,static,results,Results,Results_LLAMA31,LLAMA3-BWB-Results,simulator_output_LLAMA3-BWB_bwplacement_bs2_staticreq_statictask,SCRUBBED_TIME+LLAMA3-BWB_BMPD512_4_18_2
2,15,0,0,5,4,256,112.06,21.711568444444445,bw,static,static,results,Results,Results_LLAMA31,LLAMA3-BWB-Results,simulator_output_LLAMA3-BWB_bwplacement_bs2_staticreq_statictask,SCRUBBED_TIME+LLAMA3-BWB_BMPD256_15_5_4
2,12,0,0,8,4,512,218.56,21.820467333333333,bw,static,static,results,Results,Results_LLAMA31,LLAMA3-BWB-Results,simulator_output_LLAMA3-BWB_bwplacement_bs2_staticreq_statictask,SCRUBBED_TIME+LLAMA3-BWB_BMPD512_12_8_4
2,6,0,0,17,1,512,58.84,21.846905555555555,bw,static,static,results,Results,Results_LLAMA31,LLAMA3-BWB-Results,simulator_output_LLAMA3-BWB_bwplacement_bs2_staticreq_statictask,SCRUBBED_TIME+LLAMA3-BWB_BMPD512_6_17_1
2,14,0,0,7,3,384,135.02,21.8565688,bw,static,static,results,Results,Results_LLAMA31,LLAMA3-BWB-Results,simulator_output_LLAMA3-BWB_bwplacement_bs2_staticreq_statictask,SCRUBBED_TIME+LLAMA3-BWB_BMPD384_14_7_3
2,7,0,0,14,3,512,164.58,21.862507058823528,bw,static,static,results,Results,Results_LLAMA31,LLAMA3-BWB-Results,simulator_output_LLAMA3-BWB_bwplacement_bs2_staticreq_statictask,SCRUBBED_TIME+LLAMA3-BWB_BMPD512_7_14_3
2,4,0,0,18,2,384,98.6,21.9028932,bw,static,static,results,Results,Results_LLAMA31,LLAMA3-BWB-Results,simulator_output_LLAMA3-BWB_bwplacement_bs2_staticreq_statictask,SCRUBBED_TIME+LLAMA3-BWB_BMPD384_4_18_2
2,4,0,0,12,8,256,220.56,21.9269588,bw,static,static,results,Results,Results_LLAMA31,LLAMA3-BWB-Results,simulator_output_LLAMA3-BWB_bwplacement_bs2_staticreq_statictask,SCRUBBED_TIME+LLAMA3-BWB_BMPD256_4_12_8
2,8,0,0,13,3,384,139.82,21.962342,bw,static,static,results,Results,Results_LLAMA31,LLAMA3-BWB-Results,simulator_output_LLAMA3-BWB_bwplacement_bs2_staticreq_statictask,SCRUBBED_TIME+LLAMA3-BWB_BMPD384_8_13_3
2,8,0,0,10,6,256,154.1,21.9898545,bw,static,static,results,Results,Results_LLAMA31,LLAMA3-BWB-Results,simulator_output_LLAMA3-BWB_bwplacement_bs2_staticreq_statictask,SCRUBBED_TIME+LLAMA3-BWB_BMPD256_8_10_6
2,5,0,0,15,4,256,116.72,22.01590189473684,bw,static,static,results,Results,Results_LLAMA31,LLAMA3-BWB-Results,simulator_output_LLAMA3-BWB_bwplacement_bs2_staticreq_statictask,SCRUBBED_TIME+LLAMA3-BWB_BMPD256_5_15_4
2,14,0,0,6,4,256,114.06,22.0430424,bw,static,static,results,Results,Results_LLAMA31,LLAMA3-BWB-Results,simulator_output_LLAMA3-BWB_bwplacement_bs2_staticreq_statictask,SCRUBBED_TIME+LLAMA3-BWB_BMPD256_14_6_4
2,6,0,0,13,5,256,133.16,22.05077955555556,bw,static,static,results,Results,Results_LLAMA31,LLAMA3-BWB-Results,simulator_output_LLAMA3-BWB_bwplacement_bs2_staticreq_statictask,SCRUBBED_TIME+LLAMA3-BWB_BMPD256_6_13_5
2,6,0,0,15,3,384,141.64,22.065566,bw,static,static,results,Results,Results_LLAMA31,LLAMA3-BWB-Results,simulator_output_LLAMA3-BWB_bwplacement_bs2_staticreq_statictask,SCRUBBED_TIME+LLAMA3-BWB_BMPD384_6_15_3
2,4,0,0,16,4,512,213.4,22.1346644,bw,static,static,results,Results,Results_LLAMA31,LLAMA3-BWB-Results,simulator_output_LLAMA3-BWB_bwplacement_bs2_staticreq_statictask,SCRUBBED_TIME+LLAMA3-BWB_BMPD512_4_16_4
2,8,0,0,8,8,256,223.1,22.15503575,bw,static,static,results,Results,Results_LLAMA31,LLAMA3-BWB-Results,simulator_output_LLAMA3-BWB_bwplacement_bs2_staticreq_statictask,SCRUBBED_TIME+LLAMA3-BWB_BMPD256_8_8_8
2,6,0,0,12,6,384,246.0,22.219982666666667,bw,static,static,results,Results,Results_LLAMA31,LLAMA3-BWB-Results,simulator_output_LLAMA3-BWB_bwplacement_bs2_staticreq_statictask,SCRUBBED_TIME+LLAMA3-BWB_BMPD384_6_12_6
2,3,0,0,12,9,256,207.04,22.229870315789476,bw,static,static,results,Results,Results_LLAMA31,LLAMA3-BWB-Results,simulator_output_LLAMA3-BWB_bwplacement_bs2_staticreq_statictask,SCRUBBED_TIME+LLAMA3-BWB_BMPD256_3_12_9
2,16,0,0,6,2,512,110.74,22.2468085,bw,static,static,results,Results,Results_LLAMA31,LLAMA3-BWB-Results,simulator_output_LLAMA3-BWB_bwplacement_bs2_staticreq_statictask,SCRUBBED_TIME+LLAMA3-BWB_BMPD512_16_6_2
2,6,0,0,11,7,256,181.72,22.367657333333334,bw,static,static,results,Results,Results_LLAMA31,LLAMA3-BWB-Results,simulator_output_LLAMA3-BWB_bwplacement_bs2_staticreq_statictask,SCRUBBED_TIME+LLAMA3-BWB_BMPD256_6_11_7
2,9,0,0,10,5,384,216.08,22.3963552,bw,static,static,results,Results,Results_LLAMA31,LLAMA3-BWB-Results,simulator_output_LLAMA3-BWB_bwplacement_bs2_staticreq_statictask,SCRUBBED_TIME+LLAMA3-BWB_BMPD384_9_10_5
2,10,0,0,8,6,384,243.1,22.40521857142857,bw,static,static,results,Results,Results_LLAMA31,LLAMA3-BWB-Results,simulator_output_LLAMA3-BWB_bwplacement_bs2_staticreq_statictask,SCRUBBED_TIME+LLAMA3-BWB_BMPD384_10_8_6
2,5,0,0,17,2,512,114.36,22.45780905263158,bw,static,static,results,Results,Results_LLAMA31,LLAMA3-BWB-Results,simulator_output_LLAMA3-BWB_bwplacement_bs2_staticreq_statictask,SCRUBBED_TIME+LLAMA3-BWB_BMPD512_5_17_2
2,8,0,0,11,5,384,214.22,22.481217,bw,static,static,results,Results,Results_LLAMA31,LLAMA3-BWB-Results,simulator_output_LLAMA3-BWB_bwplacement_bs2_staticreq_statictask,SCRUBBED_TIME+LLAMA3-BWB_BMPD384_8_11_5
2,6,0,0,14,4,384,189.08,22.501838222222226,bw,static,static,results,Results,Results_LLAMA31,LLAMA3-BWB-Results,simulator_output_LLAMA3-BWB_bwplacement_bs2_staticreq_statictask,SCRUBBED_TIME+LLAMA3-BWB_BMPD384_6_14_4
2,15,0,0,7,2,512,110.36,22.511076444444445,bw,static,static,results,Results,Results_LLAMA31,LLAMA3-BWB-Results,simulator_output_LLAMA3-BWB_bwplacement_bs2_staticreq_statictask,SCRUBBED_TIME+LLAMA3-BWB_BMPD512_15_7_2
2,4,0,0,15,5,256,132.34,22.5358738,bw,static,static,results,Results,Results_LLAMA31,LLAMA3-BWB-Results,simulator_output_LLAMA3-BWB_bwplacement_bs2_staticreq_statictask,SCRUBBED_TIME+LLAMA3-BWB_BMPD256_4_15_5
2,6,0,0,14,4,512,222.98,22.550322222222224,bw,static,static,results,Results,Results_LLAMA31,LLAMA3-BWB-Results,simulator_output_LLAMA3-BWB_bwplacement_bs2_staticreq_statictask,SCRUBBED_TIME+LLAMA3-BWB_BMPD512_6_14_4
2,13,0,0,9,2,512,112.5,22.557178545454548,bw,static,static,results,Results,Results_LLAMA31,LLAMA3-BWB-Results,simulator_output_LLAMA3-BWB_bwplacement_bs2_staticreq_statictask,SCRUBBED_TIME+LLAMA3-BWB_BMPD512_13_9_2
2,12,0,0,11,1,512,58.28,22.55899233333333,bw,static,static,results,Results,Results_LLAMA31,LLAMA3-BWB-Results,simulator_output_LLAMA3-BWB_bwplacement_bs2_staticreq_statictask,SCRUBBED_TIME+LLAMA3-BWB_BMPD512_12_11_1
2,9,0,0,9,6,384,244.28,22.607601866666663,bw,static,static,results,Results,Results_LLAMA31,LLAMA3-BWB-Results,simulator_output_LLAMA3-BWB_bwplacement_bs2_staticreq_statictask,SCRUBBED_TIME+LLAMA3-BWB_BMPD384_9_9_6
2,14,0,0,8,2,640,110.4,22.6532336,bw,static,static,results,Results,Results_LLAMA31,LLAMA3-BWB-Results,simulator_output_LLAMA3-BWB_bwplacement_bs2_staticreq_statictask,SCRUBBED_TIME+LLAMA3-BWB_BMPD640_14_8_2
2,7,0,0,13,4,384,188.08,22.70372729411765,bw,static,static,results,Results,Results_LLAMA31,LLAMA3-BWB-Results,simulator_output_LLAMA3-BWB_bwplacement_bs2_staticreq_statictask,SCRUBBED_TIME+LLAMA3-BWB_BMPD384_7_13_4
2,13,0,0,10,1,512,56.94,22.725151272727278,bw,static,static,results,Results,Results_LLAMA31,LLAMA3-BWB-Results,simulator_output_LLAMA3-BWB_bwplacement_bs2_staticreq_statictask,SCRUBBED_TIME+LLAMA3-BWB_BMPD512_13_10_1
2,6,0,0,17,1,640,57.98,22.775774444444444,bw,static,static,results,Results,Results_LLAMA31,LLAMA3-BWB-Results,simulator_output_LLAMA3-BWB_bwplacement_bs2_staticreq_statictask,SCRUBBED_TIME+LLAMA3-BWB_BMPD640_6_17_1
2,11,0,0,12,1,512,58.12,22.83091415384615,bw,static,static,results,Results,Results_LLAMA31,LLAMA3-BWB-Results,simulator_output_LLAMA3-BWB_bwplacement_bs2_staticreq_statictask,SCRUBBED_TIME+LLAMA3-BWB_BMPD512_11_12_1
2,8,0,0,15,1,512,58.84,22.8949565,bw,static,static,results,Results,Results_LLAMA31,LLAMA3-BWB-Results,simulator_output_LLAMA3-BWB_bwplacement_bs2_staticreq_statictask,SCRUBBED_TIME+LLAMA3-BWB_BMPD512_8_15_1
2,7,0,0,9,8,256,221.68,22.89942305882353,bw,static,static,results,Results,Results_LLAMA31,LLAMA3-BWB-Results,simulator_output_LLAMA3-BWB_bwplacement_bs2_staticreq_statictask,SCRUBBED_TIME+LLAMA3-BWB_BMPD256_7_9_8
2,15,0,0,5,4,384,178.06,22.94101688888889,bw,static,static,results,Results,Results_LLAMA31,LLAMA3-BWB-Results,simulator_output_LLAMA3-BWB_bwplacement_bs2_staticreq_statictask,SCRUBBED_TIME+LLAMA3-BWB_BMPD384_15_5_4
2,4,0,0,19,1,512,55.52,22.9573394,bw,static,static,results,Results,Results_LLAMA31,LLAMA3-BWB-Results,simulator_output_LLAMA3-BWB_bwplacement_bs2_staticreq_statictask,SCRUBBED_TIME+LLAMA3-BWB_BMPD512_4_19_1
2,5,0,0,13,6,256,152.56,22.959670315789477,bw,static,static,results,Results,Results_LLAMA31,LLAMA3-BWB-Results,simulator_output_LLAMA3-BWB_bwplacement_bs2_staticreq_statictask,SCRUBBED_TIME+LLAMA3-BWB_BMPD256_5_13_6
2,10,0,0,13,1,512,58.32,23.034613142857143,bw,static,static,results,Results,Results_LLAMA31,LLAMA3-BWB-Results,simulator_output_LLAMA3-BWB_bwplacement_bs2_staticreq_statictask,SCRUBBED_TIME+LLAMA3-BWB_BMPD512_10_13_1
2,5,0,0,18,1,640,58.24,23.03652547368421,bw,static,static,results,Results,Results_LLAMA31,LLAMA3-BWB-Results,simulator_output_LLAMA3-BWB_bwplacement_bs2_staticreq_statictask,SCRUBBED_TIME+LLAMA3-BWB_BMPD640_5_18_1
2,5,0,0,17,2,640,113.92,23.044530736842106,bw,static,static,results,Results,Results_LLAMA31,LLAMA3-BWB-Results,simulator_output_LLAMA3-BWB_bwplacement_bs2_staticreq_statictask,SCRUBBED_TIME+LLAMA3-BWB_BMPD640_5_17_2
2,5,0,0,12,7,384,288.76,23.07132736842105,bw,static,static,results,Results,Results_LLAMA31,LLAMA3-BWB-Results,simulator_output_LLAMA3-BWB_bwplacement_bs2_staticreq_statictask,SCRUBBED_TIME+LLAMA3-BWB_BMPD384_5_12_7
2,3,0,0,17,4,384,175.36,23.07470105263158,bw,static,static,results,Results,Results_LLAMA31,LLAMA3-BWB-Results,simulator_output_LLAMA3-BWB_bwplacement_bs2_staticreq_statictask,SCRUBBED_TIME+LLAMA3-BWB_BMPD384_3_17_4
2,3,0,0,16,5,384,198.0,23.08831157894737,bw,static,static,results,Results,Results_LLAMA31,LLAMA3-BWB-Results,simulator_output_LLAMA3-BWB_bwplacement_bs2_staticreq_statictask,SCRUBBED_TIME+LLAMA3-BWB_BMPD384_3_16_5
2,5,0,0,11,8,256,225.06,23.108170315789472,bw,static,static,results,Results,Results_LLAMA31,LLAMA3-BWB-Results,simulator_output_LLAMA3-BWB_bwplacement_bs2_staticreq_statictask,SCRUBBED_TIME+LLAMA3-BWB_BMPD256_5_11_8
2,12,0,0,7,5,256,129.06,23.14088566666667,bw,static,static,results,Results,Results_LLAMA31,LLAMA3-BWB-Results,simulator_output_LLAMA3-BWB_bwplacement_bs2_staticreq_statictask,SCRUBBED_TIME+LLAMA3-BWB_BMPD256_12_7_5
2,5,0,0,15,4,384,188.92,23.144706315789477,bw,static,static,results,Results,Results_LLAMA31,LLAMA3-BWB-Results,simulator_output_LLAMA3-BWB_bwplacement_bs2_staticreq_statictask,SCRUBBED_TIME+LLAMA3-BWB_BMPD384_5_15_4
2,5,0,0,14,5,512,249.4,23.147219578947368,bw,static,static,results,Results,Results_LLAMA31,LLAMA3-BWB-Results,simulator_output_LLAMA3-BWB_bwplacement_bs2_staticreq_statictask,SCRUBBED_TIME+LLAMA3-BWB_BMPD512_5_14_5
2,14,0,0,6,4,384,181.96,23.1626488,bw,static,static,results,Results,Results_LLAMA31,LLAMA3-BWB-Results,simulator_output_LLAMA3-BWB_bwplacement_bs2_staticreq_statictask,SCRUBBED_TIME+LLAMA3-BWB_BMPD384_14_6_4
2,4,0,0,17,3,512,155.16,23.2004044,bw,static,static,results,Results,Results_LLAMA31,LLAMA3-BWB-Results,simulator_output_LLAMA3-BWB_bwplacement_bs2_staticreq_statictask,SCRUBBED_TIME+LLAMA3-BWB_BMPD512_4_17_3
2,16,0,0,4,4,256,110.16,23.2014085,bw,static,static,results,Results,Results_LLAMA31,LLAMA3-BWB-Results,simulator_output_LLAMA3-BWB_bwplacement_bs2_staticreq_statictask,SCRUBBED_TIME+LLAMA3-BWB_BMPD256_16_4_4
2,2,0,0,19,3,640,155.12,23.232706,bw,static,static,results,Results,Results_LLAMA31,LLAMA3-BWB-Results,simulator_output_LLAMA3-BWB_bwplacement_bs2_staticreq_statictask,SCRUBBED_TIME+LLAMA3-BWB_BMPD640_2_19_3
2,13,0,0,6,5,256,127.6,23.244553454545454,bw,static,static,results,Results,Results_LLAMA31,LLAMA3-BWB-Results,simulator_output_LLAMA3-BWB_bwplacement_bs2_staticreq_statictask,SCRUBBED_TIME+LLAMA3-BWB_BMPD256_13_6_5
2,7,0,0,10,7,256,181.12,23.281705411764708,bw,static,static,results,Results,Results_LLAMA31,LLAMA3-BWB-Results,simulator_output_LLAMA3-BWB_bwplacement_bs2_staticreq_statictask,SCRUBBED_TIME+LLAMA3-BWB_BMPD256_7_10_7
2,11,0,0,11,2,512,112.88,23.318737230769237,bw,static,static,results,Results,Results_LLAMA31,LLAMA3-BWB-Results,simulator_output_LLAMA3-BWB_bwplacement_bs2_staticreq_statictask,SCRUBBED_TIME+LLAMA3-BWB_BMPD512_11_11_2
2,7,0,0,11,6,384,245.4,23.32854494117647,bw,static,static,results,Results,Results_LLAMA31,LLAMA3-BWB-Results,simulator_output_LLAMA3-BWB_bwplacement_bs2_staticreq_statictask,SCRUBBED_TIME+LLAMA3-BWB_BMPD384_7_11_6
2,5,0,0,14,5,384,214.3,23.34741684210526,bw,static,static,results,Results,Results_LLAMA31,LLAMA3-BWB-Results,simulator_output_LLAMA3-BWB_bwplacement_bs2_staticreq_statictask,SCRUBBED_TIME+LLAMA3-BWB_BMPD384_5_14_5
2,3,0,0,19,2,384,89.28,23.38314315789474,bw,static,static,results,Results,Results_LLAMA31,LLAMA3-BWB-Results,simulator_output_LLAMA3-BWB_bwplacement_bs2_staticreq_statictask,SCRUBBED_TIME+LLAMA3-BWB_BMPD384_3_19_2
2,10,0,0,13,1,640,57.28,23.394347142857143,bw,static,static,results,Results,Results_LLAMA31,LLAMA3-BWB-Results,simulator_output_LLAMA3-BWB_bwplacement_bs2_staticreq_statictask,SCRUBBED_TIME+LLAMA3-BWB_BMPD640_10_13_1
2,4,0,0,15,5,384,212.92,23.4229882,bw,static,static,results,Results,Results_LLAMA31,LLAMA3-BWB-Results,simulator_output_LLAMA3-BWB_bwplacement_bs2_staticreq_statictask,SCRUBBED_TIME+LLAMA3-BWB_BMPD384_4_15_5
2,7,0,0,8,9,256,219.0,23.42982894117647,bw,static,static,results,Results,Results_LLAMA31,LLAMA3-BWB-Results,simulator_output_LLAMA3-BWB_bwplacement_bs2_staticreq_statictask,SCRUBBED_TIME+LLAMA3-BWB_BMPD256_7_8_9
2,13,0,0,7,4,384,181.92,23.498742181818184,bw,static,static,results,Results,Results_LLAMA31,LLAMA3-BWB-Results,simulator_output_LLAMA3-BWB_bwplacement_bs2_staticreq_statictask,SCRUBBED_TIME+LLAMA3-BWB_BMPD384_13_7_4
2,4,0,0,13,7,256,179.8,23.5568738,bw,static,static,results,Results,Results_LLAMA31,LLAMA3-BWB-Results,simulator_output_LLAMA3-BWB_bwplacement_bs2_staticreq_statictask,SCRUBBED_TIME+LLAMA3-BWB_BMPD256_4_13_7
2,8,0,0,10,6,384,246.98,23.5576295,bw,static,static,results,Results,Results_LLAMA31,LLAMA3-BWB-Results,simulator_output_LLAMA3-BWB_bwplacement_bs2_staticreq_statictask,SCRUBBED_TIME+LLAMA3-BWB_BMPD384_8_10_6
2,4,0,0,18,2,640,104.88,23.5840194,bw,static,static,results,Results,Results_LLAMA31,LLAMA3-BWB-Results,simulator_output_LLAMA3-BWB_bwplacement_bs2_staticreq_statictask,SCRUBBED_TIME+LLAMA3-BWB_BMPD640_4_18_2
2,9,0,0,8,7,384,286.68,23.5956952,bw,static,static,results,Results,Results_LLAMA31,LLAMA3-BWB-Results,simulator_output_LLAMA3-BWB_bwplacement_bs2_staticreq_statictask,SCRUBBED_TIME+LLAMA3-BWB_BMPD384_9_8_7
2,12,0,0,11,1,640,57.02,23.64639766666667,bw,static,static,results,Results,Results_LLAMA31,LLAMA3-BWB-Results,simulator_output_LLAMA3-BWB_bwplacement_bs2_staticreq_statictask,SCRUBBED_TIME+LLAMA3-BWB_BMPD640_12_11_1
2,9,0,0,13,2,640,111.0,23.6484416,bw,static,static,results,Results,Results_LLAMA31,LLAMA3-BWB-Results,simulator_output_LLAMA3-BWB_bwplacement_bs2_staticreq_statictask,SCRUBBED_TIME+LLAMA3-BWB_BMPD640_9_13_2
2,7,0,0,16,1,640,57.98,23.675743294117648,bw,static,static,results,Results,Results_LLAMA31,LLAMA3-BWB-Results,simulator_output_LLAMA3-BWB_bwplacement_bs2_staticreq_statictask,SCRUBBED_TIME+LLAMA3-BWB_BMPD640_7_16_1
2,11,0,0,12,1,640,57.64,23.678029846153848,bw,static,static,results,Results,Results_LLAMA31,LLAMA3-BWB-Results,simulator_output_LLAMA3-BWB_bwplacement_bs2_staticreq_statictask,SCRUBBED_TIME+LLAMA3-BWB_BMPD640_11_12_1
2,11,0,0,8,5,512,243.5,23.69045261538461,bw,static,static,results,Results,Results_LLAMA31,LLAMA3-BWB-Results,simulator_output_LLAMA3-BWB_bwplacement_bs2_staticreq_statictask,SCRUBBED_TIME+LLAMA3-BWB_BMPD512_11_8_5
2,4,0,0,17,3,640,151.62,23.7436844,bw,static,static,results,Results,Results_LLAMA31,LLAMA3-BWB-Results,simulator_output_LLAMA3-BWB_bwplacement_bs2_staticreq_statictask,SCRUBBED_TIME+LLAMA3-BWB_BMPD640_4_17_3
2,7,0,0,15,2,512,115.26,23.74911882352941,bw,static,static,results,Results,Results_LLAMA31,LLAMA3-BWB-Results,simulator_output_LLAMA3-BWB_bwplacement_bs2_staticreq_statictask,SCRUBBED_TIME+LLAMA3-BWB_BMPD512_7_15_2
2,3,0,0,20,1,512,53.02,23.800416666666667,bw,static,static,results,Results,Results_LLAMA31,LLAMA3-BWB-Results,simulator_output_LLAMA3-BWB_bwplacement_bs2_staticreq_statictask,SCRUBBED_TIME+LLAMA3-BWB_BMPD512_3_20_1
2,14,0,0,5,5,256,124.7,23.8043524,bw,static,static,results,Results,Results_LLAMA31,LLAMA3-BWB-Results,simulator_output_LLAMA3-BWB_bwplacement_bs2_staticreq_statictask,SCRUBBED_TIME+LLAMA3-BWB_BMPD256_14_5_5
2,12,0,0,10,2,512,110.44,23.812350666666667,bw,static,static,results,Results,Results_LLAMA31,LLAMA3-BWB-Results,simulator_output_LLAMA3-BWB_bwplacement_bs2_staticreq_statictask,SCRUBBED_TIME+LLAMA3-BWB_BMPD512_12_10_2
2,12,0,0,9,3,512,160.76,23.832017333333333,bw,static,static,results,Results,Results_LLAMA31,LLAMA3-BWB-Results,simulator_output_LLAMA3-BWB_bwplacement_bs2_staticreq_statictask,SCRUBBED_TIME+LLAMA3-BWB_BMPD512_12_9_3
2,8,0,0,9,7,384,288.2,23.86788575,bw,static,static,results,Results,Results_LLAMA31,LLAMA3-BWB-Results,simulator_output_LLAMA3-BWB_bwplacement_bs2_staticreq_statictask,SCRUBBED_TIME+LLAMA3-BWB_BMPD384_8_9_7
2,3,0,0,11,10,256,210.78,23.87102294736842,bw,static,static,results,Results,Results_LLAMA31,LLAMA3-BWB-Results,simulator_output_LLAMA3-BWB_bwplacement_bs2_staticreq_statictask,SCRUBBED_TIME+LLAMA3-BWB_BMPD256_3_11_10
2,13,0,0,8,3,640,157.48,23.91878763636364,bw,static,static,results,Results,Results_LLAMA31,LLAMA3-BWB-Results,simulator_output_LLAMA3-BWB_bwplacement_bs2_staticreq_statictask,SCRUBBED_TIME+LLAMA3-BWB_BMPD640_13_8_3
2,10,0,0,11,3,512,161.6,23.99887742857143,bw,static,static,results,Results,Results_LLAMA31,LLAMA3-BWB-Results,simulator_output_LLAMA3-BWB_bwplacement_bs2_staticreq_statictask,SCRUBBED_TIME+LLAMA3-BWB_BMPD512_10_11_3
2,4,0,0,12,8,384,327.4,24.0128082,bw,static,static,results,Results,Results_LLAMA31,LLAMA3-BWB-Results,simulator_output_LLAMA3-BWB_bwplacement_bs2_staticreq_statictask,SCRUBBED_TIME+LLAMA3-BWB_BMPD384_4_12_8
2,6,0,0,13,5,384,213.14,24.015793777777777,bw,static,static,results,Results,Results_LLAMA31,LLAMA3-BWB-Results,simulator_output_LLAMA3-BWB_bwplacement_bs2_staticreq_statictask,SCRUBBED_TIME+LLAMA3-BWB_BMPD384_6_13_5
2,4,0,0,11,9,256,218.44,24.0363588,bw,static,static,results,Results,Results_LLAMA31,LLAMA3-BWB-Results,simulator_output_LLAMA3-BWB_bwplacement_bs2_staticreq_statictask,SCRUBBED_TIME+LLAMA3-BWB_BMPD256_4_11_9
2,14,0,0,7,3,512,157.2,24.093632,bw,static,static,results,Results,Results_LLAMA31,LLAMA3-BWB-Results,simulator_output_LLAMA3-BWB_bwplacement_bs2_staticreq_statictask,SCRUBBED_TIME+LLAMA3-BWB_BMPD512_14_7_3
2,4,0,0,14,6,512,271.0,24.0955194,bw,static,static,results,Results,Results_LLAMA31,LLAMA3-BWB-Results,simulator_output_LLAMA3-BWB_bwplacement_bs2_staticreq_statictask,SCRUBBED_TIME+LLAMA3-BWB_BMPD512_4_14_6
2,15,0,0,6,3,512,156.72,24.125254222222225,bw,static,static,results,Results,Results_LLAMA31,LLAMA3-BWB-Results,simulator_output_LLAMA3-BWB_bwplacement_bs2_staticreq_statictask,SCRUBBED_TIME+LLAMA3-BWB_BMPD512_15_6_3
2,6,0,0,16,2,640,113.5,24.12576888888889,bw,static,static,results,Results,Results_LLAMA31,LLAMA3-BWB-Results,simulator_output_LLAMA3-BWB_bwplacement_bs2_staticreq_statictask,SCRUBBED_TIME+LLAMA3-BWB_BMPD640_6_16_2
2,16,0,0,7,1,640,55.4,24.1534015,bw,static,static,results,Results,Results_LLAMA31,LLAMA3-BWB-Results,simulator_output_LLAMA3-BWB_bwplacement_bs2_staticreq_statictask,SCRUBBED_TIME+LLAMA3-BWB_BMPD640_16_7_1
2,6,0,0,9,9,256,217.6,24.175374,bw,static,static,results,Results,Results_LLAMA31,LLAMA3-BWB-Results,simulator_output_LLAMA3-BWB_bwplacement_bs2_staticreq_statictask,SCRUBBED_TIME+LLAMA3-BWB_BMPD256_6_9_9
2,9,0,0,13,2,512,114.52,24.2526376,bw,static,static,results,Results,Results_LLAMA31,LLAMA3-BWB-Results,simulator_output_LLAMA3-BWB_bwplacement_bs2_staticreq_statictask,SCRUBBED_TIME+LLAMA3-BWB_BMPD512_9_13_2
2,10,0,0,12,2,512,113.18,24.284220285714287,bw,static,static,results,Results,Results_LLAMA31,LLAMA3-BWB-Results,simulator_output_LLAMA3-BWB_bwplacement_bs2_staticreq_statictask,SCRUBBED_TIME+LLAMA3-BWB_BMPD512_10_12_2
2,6,0,0,11,7,384,287.9,24.285227111111112,bw,static,static,results,Results,Results_LLAMA31,LLAMA3-BWB-Results,simulator_output_LLAMA3-BWB_bwplacement_bs2_staticreq_statictask,SCRUBBED_TIME+LLAMA3-BWB_BMPD384_6_11_7
2,4,0,0,14,6,384,244.04,24.3439282,bw,static,static,results,Results,Results_LLAMA31,LLAMA3-BWB-Results,simulator_output_LLAMA3-BWB_bwplacement_bs2_staticreq_statictask,SCRUBBED_TIME+LLAMA3-BWB_BMPD384_4_14_6
2,3,0,0,18,3,512,150.4,24.347944444444444,bw,static,static,results,Results,Results_LLAMA31,LLAMA3-BWB-Results,simulator_output_LLAMA3-BWB_bwplacement_bs2_staticreq_statictask,SCRUBBED_TIME+LLAMA3-BWB_BMPD512_3_18_3
2,3,0,0,12,9,384,291.1,24.355558947368426,bw,static,static,results,Results,Results_LLAMA31,LLAMA3-BWB-Results,simulator_output_LLAMA3-BWB_bwplacement_bs2_staticreq_statictask,SCRUBBED_TIME+LLAMA3-BWB_BMPD384_3_12_9
2,13,0,0,6,5,384,205.88,24.359651272727277,bw,static,static,results,Results,Results_LLAMA31,LLAMA3-BWB-Results,simulator_output_LLAMA3-BWB_bwplacement_bs2_staticreq_statictask,SCRUBBED_TIME+LLAMA3-BWB_BMPD384_13_6_5
2,14,0,0,9,1,640,55.08,24.3713936,bw,static,static,results,Results,Results_LLAMA31,LLAMA3-BWB-Results,simulator_output_LLAMA3-BWB_bwplacement_bs2_staticreq_statictask,SCRUBBED_TIME+LLAMA3-BWB_BMPD640_14_9_1
2,7,0,0,10,7,384,291.52,24.37988611764706,bw,static,static,results,Results,Results_LLAMA31,LLAMA3-BWB-Results,simulator_output_LLAMA3-BWB_bwplacement_bs2_staticreq_statictask,SCRUBBED_TIME+LLAMA3-BWB_BMPD384_7_10_7
2,3,0,0,14,7,256,175.74,24.387870315789478,bw,static,static,results,Results,Results_LLAMA31,LLAMA3-BWB-Results,simulator_output_LLAMA3-BWB_bwplacement_bs2_staticreq_statictask,SCRUBBED_TIME+LLAMA3-BWB_BMPD256_3_14_7
2,8,0,0,15,1,640,58.16,24.41614025,bw,static,static,results,Results,Results_LLAMA31,LLAMA3-BWB-Results,simulator_output_LLAMA3-BWB_bwplacement_bs2_staticreq_statictask,SCRUBBED_TIME+LLAMA3-BWB_BMPD640_8_15_1
2,10,0,0,12,2,640,112.54,24.577425714285717,bw,static,static,results,Results,Results_LLAMA31,LLAMA3-BWB-Results,simulator_output_LLAMA3-BWB_bwplacement_bs2_staticreq_statictask,SCRUBBED_TIME+LLAMA3-BWB_BMPD640_10_12_2
2,13,0,0,10,1,640,57.28,24.589951272727276,bw,static,static,results,Results,Results_LLAMA31,LLAMA3-BWB-Results,simulator_output_LLAMA3-BWB_bwplacement_bs2_staticreq_statictask,SCRUBBED_TIME+LLAMA3-BWB_BMPD640_13_10_1
2,6,0,0,10,8,256,223.14,24.59074066666667,bw,static,static,results,Results,Results_LLAMA31,LLAMA3-BWB-Results,simulator_output_LLAMA3-BWB_bwplacement_bs2_staticreq_statictask,SCRUBBED_TIME+LLAMA3-BWB_BMPD256_6_10_8
2,6,0,0,15,3,512,165.42,24.59095555555556,bw,static,static,results,Results,Results_LLAMA31,LLAMA3-BWB-Results,simulator_output_LLAMA3-BWB_bwplacement_bs2_staticreq_statictask,SCRUBBED_TIME+LLAMA3-BWB_BMPD512_6_15_3
2,11,0,0,11,2,640,110.98,24.63803753846154,bw,static,static,results,Results,Results_LLAMA31,LLAMA3-BWB-Results,simulator_output_LLAMA3-BWB_bwplacement_bs2_staticreq_statictask,SCRUBBED_TIME+LLAMA3-BWB_BMPD640_11_11_2
2,3,0,0,17,4,512,203.78,24.64798888888889,bw,static,static,results,Results,Results_LLAMA31,LLAMA3-BWB-Results,simulator_output_LLAMA3-BWB_bwplacement_bs2_staticreq_statictask,SCRUBBED_TIME+LLAMA3-BWB_BMPD512_3_17_4
2,11,0,0,7,6,256,147.18,24.67571076923077,bw,static,static,results,Results,Results_LLAMA31,LLAMA3-BWB-Results,simulator_output_LLAMA3-BWB_bwplacement_bs2_staticreq_statictask,SCRUBBED_TIME+LLAMA3-BWB_BMPD256_11_7_6
2,9,0,0,12,3,512,162.3,24.685904266666665,bw,static,static,results,Results,Results_LLAMA31,LLAMA3-BWB-Results,simulator_output_LLAMA3-BWB_bwplacement_bs2_staticreq_statictask,SCRUBBED_TIME+LLAMA3-BWB_BMPD512_9_12_3
2,8,0,0,13,3,640,158.64,24.6872965,bw,static,static,results,Results,Results_LLAMA31,LLAMA3-BWB-Results,simulator_output_LLAMA3-BWB_bwplacement_bs2_staticreq_statictask,SCRUBBED_TIME+LLAMA3-BWB_BMPD640_8_13_3
2,6,0,0,8,10,256,216.28,24.703746222222225,bw,static,static,results,Results,Results_LLAMA31,LLAMA3-BWB-Results,simulator_output_LLAMA3-BWB_bwplacement_bs2_staticreq_statictask,SCRUBBED_TIME+LLAMA3-BWB_BMPD256_6_8_10
2,15,0,0,7,2,640,107.44,24.70486933333333,bw,static,static,results,Results,Results_LLAMA31,LLAMA3-BWB-Results,simulator_output_LLAMA3-BWB_bwplacement_bs2_staticreq_statictask,SCRUBBED_TIME+LLAMA3-BWB_BMPD640_15_7_2
2,9,0,0,11,4,512,220.1,24.74403093333333,bw,static,static,results,Results,Results_LLAMA31,LLAMA3-BWB-Results,simulator_output_LLAMA3-BWB_bwplacement_bs2_staticreq_statictask,SCRUBBED_TIME+LLAMA3-BWB_BMPD512_9_11_4
2,12,0,0,7,5,384,204.96,24.804276,bw,static,static,results,Results,Results_LLAMA31,LLAMA3-BWB-Results,simulator_output_LLAMA3-BWB_bwplacement_bs2_staticreq_statictask,SCRUBBED_TIME+LLAMA3-BWB_BMPD384_12_7_5
2,8,0,0,8,8,384,350.8,24.85618575,bw,static,static,results,Results,Results_LLAMA31,LLAMA3-BWB-Results,simulator_output_LLAMA3-BWB_bwplacement_bs2_staticreq_statictask,SCRUBBED_TIME+LLAMA3-BWB_BMPD384_8_8_8
2,5,0,0,13,6,384,243.08,24.903643157894734,bw,static,static,results,Results,Results_LLAMA31,LLAMA3-BWB-Results,simulator_output_LLAMA3-BWB_bwplacement_bs2_staticreq_statictask,SCRUBBED_TIME+LLAMA3-BWB_BMPD384_5_13_6
2,3,0,0,15,6,256,147.24,24.92535978947368,bw,static,static,results,Results,Results_LLAMA31,LLAMA3-BWB-Results,simulator_output_LLAMA3-BWB_bwplacement_bs2_staticreq_statictask,SCRUBBED_TIME+LLAMA3-BWB_BMPD256_3_15_6
2,12,0,0,6,6,256,145.54,24.92671066666667,bw,static,static,results,Results,Results_LLAMA31,LLAMA3-BWB-Results,simulator_output_LLAMA3-BWB_bwplacement_bs2_staticreq_statictask,SCRUBBED_TIME+LLAMA3-BWB_BMPD256_12_6_6
2,11,0,0,10,3,512,157.32,24.964252615384616,bw,static,static,results,Results,Results_LLAMA31,LLAMA3-BWB-Results,simulator_output_LLAMA3-BWB_bwplacement_bs2_staticreq_statictask,SCRUBBED_TIME+LLAMA3-BWB_BMPD512_11_10_3
2,7,0,0,15,2,640,113.06,24.96949035294118,bw,static,static,results,Results,Results_LLAMA31,LLAMA3-BWB-Results,simulator_output_LLAMA3-BWB_bwplacement_bs2_staticreq_statictask,SCRUBBED_TIME+LLAMA3-BWB_BMPD640_7_15_2
2,15,0,0,4,5,256,122.52,25.023590666666667,bw,static,static,results,Results,Results_LLAMA31,LLAMA3-BWB-Results,simulator_output_LLAMA3-BWB_bwplacement_bs2_staticreq_statictask,SCRUBBED_TIME+LLAMA3-BWB_BMPD256_15_4_5
2,10,0,0,8,6,512,279.02,25.04883457142857,bw,static,static,results,Results,Results_LLAMA31,LLAMA3-BWB-Results,simulator_output_LLAMA3-BWB_bwplacement_bs2_staticreq_statictask,SCRUBBED_TIME+LLAMA3-BWB_BMPD512_10_8_6
2,16,0,0,4,4,384,171.88,25.062422,bw,static,static,results,Results,Results_LLAMA31,LLAMA3-BWB-Results,simulator_output_LLAMA3-BWB_bwplacement_bs2_staticreq_statictask,SCRUBBED_TIME+LLAMA3-BWB_BMPD384_16_4_4
2,5,0,0,16,3,640,161.42,25.063330736842108,bw,static,static,results,Results,Results_LLAMA31,LLAMA3-BWB-Results,simulator_output_LLAMA3-BWB_bwplacement_bs2_staticreq_statictask,SCRUBBED_TIME+LLAMA3-BWB_BMPD640_5_16_3
2,3,0,0,18,3,384,129.12,25.12498,bw,static,static,results,Results,Results_LLAMA31,LLAMA3-BWB-Results,simulator_output_LLAMA3-BWB_bwplacement_bs2_staticreq_statictask,SCRUBBED_TIME+LLAMA3-BWB_BMPD384_3_18_3
2,5,0,0,11,8,384,345.08,25.16093789473684,bw,static,static,results,Results,Results_LLAMA31,LLAMA3-BWB-Results,simulator_output_LLAMA3-BWB_bwplacement_bs2_staticreq_statictask,SCRUBBED_TIME+LLAMA3-BWB_BMPD384_5_11_8
2,3,0,0,19,2,512,106.46,25.203611111111112,bw,static,static,results,Results,Results_LLAMA31,LLAMA3-BWB-Results,simulator_output_LLAMA3-BWB_bwplacement_bs2_staticreq_statictask,SCRUBBED_TIME+LLAMA3-BWB_BMPD512_3_19_2
2,3,0,0,13,8,256,212.94,25.23472294736842,bw,static,static,results,Results,Results_LLAMA31,LLAMA3-BWB-Results,simulator_output_LLAMA3-BWB_bwplacement_bs2_staticreq_statictask,SCRUBBED_TIME+LLAMA3-BWB_BMPD256_3_13_8
2,14,0,0,5,5,384,199.04,25.2399588,bw,static,static,results,Results,Results_LLAMA31,LLAMA3-BWB-Results,simulator_output_LLAMA3-BWB_bwplacement_bs2_staticreq_statictask,SCRUBBED_TIME+LLAMA3-BWB_BMPD384_14_5_5
2,9,0,0,12,3,640,161.98,25.2630416,bw,static,static,results,Results,Results_LLAMA31,LLAMA3-BWB-Results,simulator_output_LLAMA3-BWB_bwplacement_bs2_staticreq_statictask,SCRUBBED_TIME+LLAMA3-BWB_BMPD640_9_12_3
2,5,0,0,9,10,256,215.28,25.320949263157893,bw,static,static,results,Results,Results_LLAMA31,LLAMA3-BWB-Results,simulator_output_LLAMA3-BWB_bwplacement_bs2_staticreq_statictask,SCRUBBED_TIME+LLAMA3-BWB_BMPD256_5_9_10
2,12,0,0,8,4,640,211.54,25.368281,bw,static,static,results,Results,Results_LLAMA31,LLAMA3-BWB-Results,simulator_output_LLAMA3-BWB_bwplacement_bs2_staticreq_statictask,SCRUBBED_TIME+LLAMA3-BWB_BMPD640_12_8_4
2,8,0,0,13,3,512,162.84,25.379419,bw,static,static,results,Results,Results_LLAMA31,LLAMA3-BWB-Results,simulator_output_LLAMA3-BWB_bwplacement_bs2_staticreq_statictask,SCRUBBED_TIME+LLAMA3-BWB_BMPD512_8_13_3
2,7,0,0,9,8,384,351.12,25.385056705882352,bw,static,static,results,Results,Results_LLAMA31,LLAMA3-BWB-Results,simulator_output_LLAMA3-BWB_bwplacement_bs2_staticreq_statictask,SCRUBBED_TIME+LLAMA3-BWB_BMPD384_7_9_8
2,5,0,0,15,4,512,221.14,25.39883010526316,bw,static,static,results,Results,Results_LLAMA31,LLAMA3-BWB-Results,simulator_output_LLAMA3-BWB_bwplacement_bs2_staticreq_statictask,SCRUBBED_TIME+LLAMA3-BWB_BMPD512_5_15_4
2,3,0,0,9,12,256,239.06,25.43707557894737,bw,static,static,results,Results,Results_LLAMA31,LLAMA3-BWB-Results,simulator_output_LLAMA3-BWB_bwplacement_bs2_staticreq_statictask,SCRUBBED_TIME+LLAMA3-BWB_BMPD256_3_9_12
2,3,0,0,11,10,384,279.26,25.44493789473684,bw,static,static,results,Results,Results_LLAMA31,LLAMA3-BWB-Results,simulator_output_LLAMA3-BWB_bwplacement_bs2_staticreq_statictask,SCRUBBED_TIME+LLAMA3-BWB_BMPD384_3_11_10
2,3,0,0,14,7,512,298.56,25.446922222222224,bw,static,static,results,Results,Results_LLAMA31,LLAMA3-BWB-Results,simulator_output_LLAMA3-BWB_bwplacement_bs2_staticreq_statictask,SCRUBBED_TIME+LLAMA3-BWB_BMPD512_3_14_7
2,6,0,0,15,3,640,162.16,25.45418,bw,static,static,results,Results,Results_LLAMA31,LLAMA3-BWB-Results,simulator_output_LLAMA3-BWB_bwplacement_bs2_staticreq_statictask,SCRUBBED_TIME+LLAMA3-BWB_BMPD640_6_15_3
2,8,0,0,11,5,512,245.22,25.46141275,bw,static,static,results,Results,Results_LLAMA31,LLAMA3-BWB-Results,simulator_output_LLAMA3-BWB_bwplacement_bs2_staticreq_statictask,SCRUBBED_TIME+LLAMA3-BWB_BMPD512_8_11_5
2,5,0,0,10,9,256,217.86,25.46538610526316,bw,static,static,results,Results,Results_LLAMA31,LLAMA3-BWB-Results,simulator_output_LLAMA3-BWB_bwplacement_bs2_staticreq_statictask,SCRUBBED_TIME+LLAMA3-BWB_BMPD256_5_10_9
2,6,0,0,10,8,384,354.22,25.480482666666667,bw,static,static,results,Results,Results_LLAMA31,LLAMA3-BWB-Results,simulator_output_LLAMA3-BWB_bwplacement_bs2_staticreq_statictask,SCRUBBED_TIME+LLAMA3-BWB_BMPD384_6_10_8
2,8,0,0,12,4,512,217.56,25.528044,bw,static,static,results,Results,Results_LLAMA31,LLAMA3-BWB-Results,simulator_output_LLAMA3-BWB_bwplacement_bs2_staticreq_statictask,SCRUBBED_TIME+LLAMA3-BWB_BMPD512_8_12_4
2,12,0,0,10,2,640,111.04,25.55783933333333,bw,static,static,results,Results,Results_LLAMA31,LLAMA3-BWB-Results,simulator_output_LLAMA3-BWB_bwplacement_bs2_staticreq_statictask,SCRUBBED_TIME+LLAMA3-BWB_BMPD640_12_10_2
2,10,0,0,11,3,640,159.16,25.58069714285714,bw,static,static,results,Results,Results_LLAMA31,LLAMA3-BWB-Results,simulator_output_LLAMA3-BWB_bwplacement_bs2_staticreq_statictask,SCRUBBED_TIME+LLAMA3-BWB_BMPD640_10_11_3
2,11,0,0,9,4,512,212.58,25.599344923076924,bw,static,static,results,Results,Results_LLAMA31,LLAMA3-BWB-Results,simulator_output_LLAMA3-BWB_bwplacement_bs2_staticreq_statictask,SCRUBBED_TIME+LLAMA3-BWB_BMPD512_11_9_4
2,3,0,0,16,5,512,227.24,25.622544444444443,bw,static,static,results,Results,Results_LLAMA31,LLAMA3-BWB-Results,simulator_output_LLAMA3-BWB_bwplacement_bs2_staticreq_statictask,SCRUBBED_TIME+LLAMA3-BWB_BMPD512_3_16_5
2,4,0,0,13,7,384,279.8,25.6506482,bw,static,static,results,Results,Results_LLAMA31,LLAMA3-BWB-Results,simulator_output_LLAMA3-BWB_bwplacement_bs2_staticreq_statictask,SCRUBBED_TIME+LLAMA3-BWB_BMPD384_4_13_7
2,13,0,0,5,6,256,141.7,25.689226181818185,bw,static,static,results,Results,Results_LLAMA31,LLAMA3-BWB-Results,simulator_output_LLAMA3-BWB_bwplacement_bs2_staticreq_statictask,SCRUBBED_TIME+LLAMA3-BWB_BMPD256_13_5_6
2,13,0,0,7,4,512,209.8,25.69531490909091,bw,static,static,results,Results,Results_LLAMA31,LLAMA3-BWB-Results,simulator_output_LLAMA3-BWB_bwplacement_bs2_staticreq_statictask,SCRUBBED_TIME+LLAMA3-BWB_BMPD512_13_7_4
2,3,0,0,20,1,384,46.9,25.711695789473684,bw,static,static,results,Results,Results_LLAMA31,LLAMA3-BWB-Results,simulator_output_LLAMA3-BWB_bwplacement_bs2_staticreq_statictask,SCRUBBED_TIME+LLAMA3-BWB_BMPD384_3_20_1
2,13,0,0,9,2,640,106.98,25.723660363636363,bw,static,static,results,Results,Results_LLAMA31,LLAMA3-BWB-Results,simulator_output_LLAMA3-BWB_bwplacement_bs2_staticreq_statictask,SCRUBBED_TIME+LLAMA3-BWB_BMPD640_13_9_2
2,9,0,0,14,1,640,55.86,25.746588266666667,bw,static,static,results,Results,Results_LLAMA31,LLAMA3-BWB-Results,simulator_output_LLAMA3-BWB_bwplacement_bs2_staticreq_statictask,SCRUBBED_TIME+LLAMA3-BWB_BMPD640_9_14_1
2,11,0,0,10,3,640,159.16,25.78301446153846,bw,static,static,results,Results,Results_LLAMA31,LLAMA3-BWB-Results,simulator_output_LLAMA3-BWB_bwplacement_bs2_staticreq_statictask,SCRUBBED_TIME+LLAMA3-BWB_BMPD640_11_10_3
2,12,0,0,6,6,384,234.86,25.78684266666667,bw,static,static,results,Results,Results_LLAMA31,LLAMA3-BWB-Results,simulator_output_LLAMA3-BWB_bwplacement_bs2_staticreq_statictask,SCRUBBED_TIME+LLAMA3-BWB_BMPD384_12_6_6
2,5,0,0,8,11,256,261.32,25.846017684210526,bw,static,static,results,Results,Results_LLAMA31,LLAMA3-BWB-Results,simulator_output_LLAMA3-BWB_bwplacement_bs2_staticreq_statictask,SCRUBBED_TIME+LLAMA3-BWB_BMPD256_5_8_11
2,7,0,0,13,4,640,214.8,25.848408,bw,static,static,results,Results,Results_LLAMA31,LLAMA3-BWB-Results,simulator_output_LLAMA3-BWB_bwplacement_bs2_staticreq_statictask,SCRUBBED_TIME+LLAMA3-BWB_BMPD640_7_13_4
2,3,0,0,8,13,256,226.34,25.89738084210526,bw,static,static,results,Results,Results_LLAMA31,LLAMA3-BWB-Results,simulator_output_LLAMA3-BWB_bwplacement_bs2_staticreq_statictask,SCRUBBED_TIME+LLAMA3-BWB_BMPD256_3_8_13
2,10,0,0,10,4,512,212.18,25.904106,bw,static,static,results,Results,Results_LLAMA31,LLAMA3-BWB-Results,simulator_output_LLAMA3-BWB_bwplacement_bs2_staticreq_statictask,SCRUBBED_TIME+LLAMA3-BWB_BMPD512_10_10_4
2,4,0,0,16,4,640,204.0,25.9503494,bw,static,static,results,Results,Results_LLAMA31,LLAMA3-BWB-Results,simulator_output_LLAMA3-BWB_bwplacement_bs2_staticreq_statictask,SCRUBBED_TIME+LLAMA3-BWB_BMPD640_4_16_4
2,4,0,0,15,5,512,244.28,25.9747944,bw,static,static,results,Results,Results_LLAMA31,LLAMA3-BWB-Results,simulator_output_LLAMA3-BWB_bwplacement_bs2_staticreq_statictask,SCRUBBED_TIME+LLAMA3-BWB_BMPD512_4_15_5
2,3,0,0,10,11,256,246.52,26.017880842105264,bw,static,static,results,Results,Results_LLAMA31,LLAMA3-BWB-Results,simulator_output_LLAMA3-BWB_bwplacement_bs2_staticreq_statictask,SCRUBBED_TIME+LLAMA3-BWB_BMPD256_3_10_11
2,14,0,0,7,3,640,152.84,26.0366536,bw,static,static,results,Results,Results_LLAMA31,LLAMA3-BWB-Results,simulator_output_LLAMA3-BWB_bwplacement_bs2_staticreq_statictask,SCRUBBED_TIME+LLAMA3-BWB_BMPD640_14_7_3
2,4,0,0,11,9,384,318.92,26.0723682,bw,static,static,results,Results,Results_LLAMA31,LLAMA3-BWB-Results,simulator_output_LLAMA3-BWB_bwplacement_bs2_staticreq_statictask,SCRUBBED_TIME+LLAMA3-BWB_BMPD384_4_11_9
2,8,0,0,12,4,640,219.0,26.096484,bw,static,static,results,Results,Results_LLAMA31,LLAMA3-BWB-Results,simulator_output_LLAMA3-BWB_bwplacement_bs2_staticreq_statictask,SCRUBBED_TIME+LLAMA3-BWB_BMPD640_8_12_4
2,14,0,0,6,4,512,206.98,26.156162,bw,static,static,results,Results,Results_LLAMA31,LLAMA3-BWB-Results,simulator_output_LLAMA3-BWB_bwplacement_bs2_staticreq_statictask,SCRUBBED_TIME+LLAMA3-BWB_BMPD512_14_6_4
2,7,0,0,8,9,384,343.06,26.23435670588235,bw,static,static,results,Results,Results_LLAMA31,LLAMA3-BWB-Results,simulator_output_LLAMA3-BWB_bwplacement_bs2_staticreq_statictask,SCRUBBED_TIME+LLAMA3-BWB_BMPD384_7_8_9
2,3,0,0,15,6,384,223.1,26.24433789473684,bw,static,static,results,Results,Results_LLAMA31,LLAMA3-BWB-Results,simulator_output_LLAMA3-BWB_bwplacement_bs2_staticreq_statictask,SCRUBBED_TIME+LLAMA3-BWB_BMPD384_3_15_6
2,9,0,0,11,4,640,215.9,26.267588266666667,bw,static,static,results,Results,Results_LLAMA31,LLAMA3-BWB-Results,simulator_output_LLAMA3-BWB_bwplacement_bs2_staticreq_statictask,SCRUBBED_TIME+LLAMA3-BWB_BMPD640_9_11_4
2,5,0,0,15,4,640,217.24,26.37484652631579,bw,static,static,results,Results,Results_LLAMA31,LLAMA3-BWB-Results,simulator_output_LLAMA3-BWB_bwplacement_bs2_staticreq_statictask,SCRUBBED_TIME+LLAMA3-BWB_BMPD640_5_15_4
2,10,0,0,7,7,256,171.58,26.37785542857143,bw,static,static,results,Results,Results_LLAMA31,LLAMA3-BWB-Results,simulator_output_LLAMA3-BWB_bwplacement_bs2_staticreq_statictask,SCRUBBED_TIME+LLAMA3-BWB_BMPD256_10_7_7
2,7,0,0,12,5,512,244.48,26.380801176470587,bw,static,static,results,Results,Results_LLAMA31,LLAMA3-BWB-Results,simulator_output_LLAMA3-BWB_bwplacement_bs2_staticreq_statictask,SCRUBBED_TIME+LLAMA3-BWB_BMPD512_7_12_5
2,9,0,0,8,7,512,327.98,26.409584266666663,bw,static,static,results,Results,Results_LLAMA31,LLAMA3-BWB-Results,simulator_output_LLAMA3-BWB_bwplacement_bs2_staticreq_statictask,SCRUBBED_TIME+LLAMA3-BWB_BMPD512_9_8_7
2,7,0,0,11,6,512,281.68,26.421477647058826,bw,static,static,results,Results,Results_LLAMA31,LLAMA3-BWB-Results,simulator_output_LLAMA3-BWB_bwplacement_bs2_staticreq_statictask,SCRUBBED_TIME+LLAMA3-BWB_BMPD512_7_11_6
2,7,0,0,13,4,512,221.08,26.42614823529412,bw,static,static,results,Results,Results_LLAMA31,LLAMA3-BWB-Results,simulator_output_LLAMA3-BWB_bwplacement_bs2_staticreq_statictask,SCRUBBED_TIME+LLAMA3-BWB_BMPD512_7_13_4
2,5,0,0,10,9,384,342.18,26.44968,bw,static,static,results,Results,Results_LLAMA31,LLAMA3-BWB-Results,simulator_output_LLAMA3-BWB_bwplacement_bs2_staticreq_statictask,SCRUBBED_TIME+LLAMA3-BWB_BMPD384_5_10_9
2,16,0,0,5,3,512,151.48,26.462346,bw,static,static,results,Results,Results_LLAMA31,LLAMA3-BWB-Results,simulator_output_LLAMA3-BWB_bwplacement_bs2_staticreq_statictask,SCRUBBED_TIME+LLAMA3-BWB_BMPD512_16_5_3
2,4,0,0,19,1,640,58.32,26.4863144,bw,static,static,results,Results,Results_LLAMA31,LLAMA3-BWB-Results,simulator_output_LLAMA3-BWB_bwplacement_bs2_staticreq_statictask,SCRUBBED_TIME+LLAMA3-BWB_BMPD640_4_19_1
2,11,0,0,6,7,256,170.22,26.554272307692308,bw,static,static,results,Results,Results_LLAMA31,LLAMA3-BWB-Results,simulator_output_LLAMA3-BWB_bwplacement_bs2_staticreq_statictask,SCRUBBED_TIME+LLAMA3-BWB_BMPD256_11_6_7
2,4,0,0,9,11,256,263.68,26.5611188,bw,static,static,results,Results,Results_LLAMA31,LLAMA3-BWB-Results,simulator_output_LLAMA3-BWB_bwplacement_bs2_staticreq_statictask,SCRUBBED_TIME+LLAMA3-BWB_BMPD256_4_9_11
2,3,0,0,14,7,384,260.9,26.62782210526316,bw,static,static,results,Results,Results_LLAMA31,LLAMA3-BWB-Results,simulator_output_LLAMA3-BWB_bwplacement_bs2_staticreq_statictask,SCRUBBED_TIME+LLAMA3-BWB_BMPD384_3_14_7
2,4,0,0,10,10,256,209.4,26.6448488,bw,static,static,results,Results,Results_LLAMA31,LLAMA3-BWB-Results,simulator_output_LLAMA3-BWB_bwplacement_bs2_staticreq_statictask,SCRUBBED_TIME+LLAMA3-BWB_BMPD256_4_10_10
2,8,0,0,14,2,640,109.14,26.6473465,bw,static,static,results,Results,Results_LLAMA31,LLAMA3-BWB-Results,simulator_output_LLAMA3-BWB_bwplacement_bs2_staticreq_statictask,SCRUBBED_TIME+LLAMA3-BWB_BMPD640_8_14_2
2,7,0,0,12,5,640,245.72,26.80784917647059,bw,static,static,results,Results,Results_LLAMA31,LLAMA3-BWB-Results,simulator_output_LLAMA3-BWB_bwplacement_bs2_staticreq_statictask,SCRUBBED_TIME+LLAMA3-BWB_BMPD640_7_12_5
2,11,0,0,7,6,384,232.28,26.86484276923077,bw,static,static,results,Results,Results_LLAMA31,LLAMA3-BWB-Results,simulator_output_LLAMA3-BWB_bwplacement_bs2_staticreq_statictask,SCRUBBED_TIME+LLAMA3-BWB_BMPD384_11_7_6
2,12,0,0,7,5,512,235.98,26.984884,bw,static,static,results,Results,Results_LLAMA31,LLAMA3-BWB-Results,simulator_output_LLAMA3-BWB_bwplacement_bs2_staticreq_statictask,SCRUBBED_TIME+LLAMA3-BWB_BMPD512_12_7_5
2,6,0,0,9,9,384,341.72,26.98857155555556,bw,static,static,results,Results,Results_LLAMA31,LLAMA3-BWB-Results,simulator_output_LLAMA3-BWB_bwplacement_bs2_staticreq_statictask,SCRUBBED_TIME+LLAMA3-BWB_BMPD384_6_9_9
2,6,0,0,13,5,640,240.0,26.99389111111111,bw,static,static,results,Results,Results_LLAMA31,LLAMA3-BWB-Results,simulator_output_LLAMA3-BWB_bwplacement_bs2_staticreq_statictask,SCRUBBED_TIME+LLAMA3-BWB_BMPD640_6_13_5
2,9,0,0,10,5,512,239.16,27.04225093333333,bw,static,static,results,Results,Results_LLAMA31,LLAMA3-BWB-Results,simulator_output_LLAMA3-BWB_bwplacement_bs2_staticreq_statictask,SCRUBBED_TIME+LLAMA3-BWB_BMPD512_9_10_5
2,8,0,0,11,5,640,243.24,27.07465275,bw,static,static,results,Results,Results_LLAMA31,LLAMA3-BWB-Results,simulator_output_LLAMA3-BWB_bwplacement_bs2_staticreq_statictask,SCRUBBED_TIME+LLAMA3-BWB_BMPD640_8_11_5
2,4,0,0,8,12,256,246.16,27.0752038,bw,static,static,results,Results,Results_LLAMA31,LLAMA3-BWB-Results,simulator_output_LLAMA3-BWB_bwplacement_bs2_staticreq_statictask,SCRUBBED_TIME+LLAMA3-BWB_BMPD256_4_8_12
2,12,0,0,9,3,640,152.14,27.156656,bw,static,static,results,Results,Results_LLAMA31,LLAMA3-BWB-Results,simulator_output_LLAMA3-BWB_bwplacement_bs2_staticreq_statictask,SCRUBBED_TIME+LLAMA3-BWB_BMPD640_12_9_3
2,10,0,0,9,5,512,237.86,27.179691714285717,bw,static,static,results,Results,Results_LLAMA31,LLAMA3-BWB-Results,simulator_output_LLAMA3-BWB_bwplacement_bs2_staticreq_statictask,SCRUBBED_TIME+LLAMA3-BWB_BMPD512_10_9_5
2,6,0,0,11,7,512,329.84,27.21046666666667,bw,static,static,results,Results,Results_LLAMA31,LLAMA3-BWB-Results,simulator_output_LLAMA3-BWB_bwplacement_bs2_staticreq_statictask,SCRUBBED_TIME+LLAMA3-BWB_BMPD512_6_11_7
2,4,0,0,10,10,384,329.14,27.2916382,bw,static,static,results,Results,Results_LLAMA31,LLAMA3-BWB-Results,simulator_output_LLAMA3-BWB_bwplacement_bs2_staticreq_statictask,SCRUBBED_TIME+LLAMA3-BWB_BMPD384_4_10_10
2,13,0,0,5,6,384,225.78,27.30628763636364,bw,static,static,results,Results,Results_LLAMA31,LLAMA3-BWB-Results,simulator_output_LLAMA3-BWB_bwplacement_bs2_staticreq_statictask,SCRUBBED_TIME+LLAMA3-BWB_BMPD384_13_5_6
2,11,0,0,8,5,640,234.58,27.409606769230766,bw,static,static,results,Results,Results_LLAMA31,LLAMA3-BWB-Results,simulator_output_LLAMA3-BWB_bwplacement_bs2_staticreq_statictask,SCRUBBED_TIME+LLAMA3-BWB_BMPD640_11_8_5
2,6,0,0,12,6,512,278.44,27.469344444444445,bw,static,static,results,Results,Results_LLAMA31,LLAMA3-BWB-Results,simulator_output_LLAMA3-BWB_bwplacement_bs2_staticreq_statictask,SCRUBBED_TIME+LLAMA3-BWB_BMPD512_6_12_6
2,3,0,0,20,1,640,50.06,27.479107777777777,bw,static,static,results,Results,Results_LLAMA31,LLAMA3-BWB-Results,simulator_output_LLAMA3-BWB_bwplacement_bs2_staticreq_statictask,SCRUBBED_TIME+LLAMA3-BWB_BMPD640_3_20_1
2,16,0,0,6,2,640,105.1,27.505164,bw,static,static,results,Results,Results_LLAMA31,LLAMA3-BWB-Results,simulator_output_LLAMA3-BWB_bwplacement_bs2_staticreq_statictask,SCRUBBED_TIME+LLAMA3-BWB_BMPD640_16_6_2
2,3,0,0,15,6,512,262.26,27.535627777777776,bw,static,static,results,Results,Results_LLAMA31,LLAMA3-BWB-Results,simulator_output_LLAMA3-BWB_bwplacement_bs2_staticreq_statictask,SCRUBBED_TIME+LLAMA3-BWB_BMPD512_3_15_6
2,13,0,0,7,4,640,205.62,27.560714909090912,bw,static,static,results,Results,Results_LLAMA31,LLAMA3-BWB-Results,simulator_output_LLAMA3-BWB_bwplacement_bs2_staticreq_statictask,SCRUBBED_TIME+LLAMA3-BWB_BMPD640_13_7_4
2,13,0,0,6,5,512,231.62,27.570160363636365,bw,static,static,results,Results,Results_LLAMA31,LLAMA3-BWB-Results,simulator_output_LLAMA3-BWB_bwplacement_bs2_staticreq_statictask,SCRUBBED_TIME+LLAMA3-BWB_BMPD512_13_6_5
2,7,0,0,11,6,640,279.92,27.57401388235294,bw,static,static,results,Results,Results_LLAMA31,LLAMA3-BWB-Results,simulator_output_LLAMA3-BWB_bwplacement_bs2_staticreq_statictask,SCRUBBED_TIME+LLAMA3-BWB_BMPD640_7_11_6
2,6,0,0,13,5,512,243.82,27.57530555555556,bw,static,static,results,Results,Results_LLAMA31,LLAMA3-BWB-Results,simulator_output_LLAMA3-BWB_bwplacement_bs2_staticreq_statictask,SCRUBBED_TIME+LLAMA3-BWB_BMPD512_6_13_5
2,3,0,0,17,4,640,195.66,27.60868555555556,bw,static,static,results,Results,Results_LLAMA31,LLAMA3-BWB-Results,simulator_output_LLAMA3-BWB_bwplacement_bs2_staticreq_statictask,SCRUBBED_TIME+LLAMA3-BWB_BMPD640_3_17_4
2,6,0,0,8,10,384,336.58,27.635916,bw,static,static,results,Results,Results_LLAMA31,LLAMA3-BWB-Results,simulator_output_LLAMA3-BWB_bwplacement_bs2_staticreq_statictask,SCRUBBED_TIME+LLAMA3-BWB_BMPD384_6_8_10
2,4,0,0,15,5,640,235.4,27.6391344,bw,static,static,results,Results,Results_LLAMA31,LLAMA3-BWB-Results,simulator_output_LLAMA3-BWB_bwplacement_bs2_staticreq_statictask,SCRUBBED_TIME+LLAMA3-BWB_BMPD640_4_15_5
2,12,0,0,5,7,256,163.72,27.68046066666667,bw,static,static,results,Results,Results_LLAMA31,LLAMA3-BWB-Results,simulator_output_LLAMA3-BWB_bwplacement_bs2_staticreq_statictask,SCRUBBED_TIME+LLAMA3-BWB_BMPD256_12_5_7
2,6,0,0,12,6,640,278.86,27.74051333333333,bw,static,static,results,Results,Results_LLAMA31,LLAMA3-BWB-Results,simulator_output_LLAMA3-BWB_bwplacement_bs2_staticreq_statictask,SCRUBBED_TIME+LLAMA3-BWB_BMPD640_6_12_6
2,10,0,0,10,4,640,213.44,27.77449,bw,static,static,results,Results,Results_LLAMA31,LLAMA3-BWB-Results,simulator_output_LLAMA3-BWB_bwplacement_bs2_staticreq_statictask,SCRUBBED_TIME+LLAMA3-BWB_BMPD640_10_10_4
2,7,0,0,14,3,640,156.16,27.77809623529412,bw,static,static,results,Results,Results_LLAMA31,LLAMA3-BWB-Results,simulator_output_LLAMA3-BWB_bwplacement_bs2_staticreq_statictask,SCRUBBED_TIME+LLAMA3-BWB_BMPD640_7_14_3
2,8,0,0,8,8,512,395.92,27.851094,bw,static,static,results,Results,Results_LLAMA31,LLAMA3-BWB-Results,simulator_output_LLAMA3-BWB_bwplacement_bs2_staticreq_statictask,SCRUBBED_TIME+LLAMA3-BWB_BMPD512_8_8_8
2,14,0,0,4,6,256,137.0,28.0097024,bw,static,static,results,Results,Results_LLAMA31,LLAMA3-BWB-Results,simulator_output_LLAMA3-BWB_bwplacement_bs2_staticreq_statictask,SCRUBBED_TIME+LLAMA3-BWB_BMPD256_14_4_6
2,9,0,0,7,8,256,210.52,28.0130336,bw,static,static,results,Results,Results_LLAMA31,LLAMA3-BWB-Results,simulator_output_LLAMA3-BWB_bwplacement_bs2_staticreq_statictask,SCRUBBED_TIME+LLAMA3-BWB_BMPD256_9_7_8
2,3,0,0,16,5,640,219.64,28.079196666666668,bw,static,static,results,Results,Results_LLAMA31,LLAMA3-BWB-Results,simulator_output_LLAMA3-BWB_bwplacement_bs2_staticreq_statictask,SCRUBBED_TIME+LLAMA3-BWB_BMPD640_3_16_5
2,3,0,0,11,10,512,326.2,28.094483333333333,bw,static,static,results,Results,Results_LLAMA31,LLAMA3-BWB-Results,simulator_output_LLAMA3-BWB_bwplacement_bs2_staticreq_statictask,SCRUBBED_TIME+LLAMA3-BWB_BMPD512_3_11_10
2,5,0,0,11,8,512,393.64,28.113551157894737,bw,static,static,results,Results,Results_LLAMA31,LLAMA3-BWB-Results,simulator_output_LLAMA3-BWB_bwplacement_bs2_staticreq_statictask,SCRUBBED_TIME+LLAMA3-BWB_BMPD512_5_11_8
2,5,0,0,13,6,640,272.38,28.19796757894737,bw,static,static,results,Results,Results_LLAMA31,LLAMA3-BWB-Results,simulator_output_LLAMA3-BWB_bwplacement_bs2_staticreq_statictask,SCRUBBED_TIME+LLAMA3-BWB_BMPD640_5_13_6
2,8,0,0,10,6,512,273.72,28.225994,bw,static,static,results,Results,Results_LLAMA31,LLAMA3-BWB-Results,simulator_output_LLAMA3-BWB_bwplacement_bs2_staticreq_statictask,SCRUBBED_TIME+LLAMA3-BWB_BMPD512_8_10_6
2,3,0,0,18,3,640,142.52,28.231346666666667,bw,static,static,results,Results,Results_LLAMA31,LLAMA3-BWB-Results,simulator_output_LLAMA3-BWB_bwplacement_bs2_staticreq_statictask,SCRUBBED_TIME+LLAMA3-BWB_BMPD640_3_18_3
2,16,0,0,5,3,640,147.94,28.251564,bw,static,static,results,Results,Results_LLAMA31,LLAMA3-BWB-Results,simulator_output_LLAMA3-BWB_bwplacement_bs2_staticreq_statictask,SCRUBBED_TIME+LLAMA3-BWB_BMPD640_16_5_3
2,3,0,0,13,8,512,341.08,28.29673888888889,bw,static,static,results,Results,Results_LLAMA31,LLAMA3-BWB-Results,simulator_output_LLAMA3-BWB_bwplacement_bs2_staticreq_statictask,SCRUBBED_TIME+LLAMA3-BWB_BMPD512_3_13_8
2,11,0,0,6,7,384,271.44,28.37618123076923,bw,static,static,results,Results,Results_LLAMA31,LLAMA3-BWB-Results,simulator_output_LLAMA3-BWB_bwplacement_bs2_staticreq_statictask,SCRUBBED_TIME+LLAMA3-BWB_BMPD384_11_6_7
2,5,0,0,9,10,384,331.26,28.39693263157895,bw,static,static,results,Results,Results_LLAMA31,LLAMA3-BWB-Results,simulator_output_LLAMA3-BWB_bwplacement_bs2_staticreq_statictask,SCRUBBED_TIME+LLAMA3-BWB_BMPD384_5_9_10
2,5,0,0,12,7,512,323.3,28.41250905263158,bw,static,static,results,Results,Results_LLAMA31,LLAMA3-BWB-Results,simulator_output_LLAMA3-BWB_bwplacement_bs2_staticreq_statictask,SCRUBBED_TIME+LLAMA3-BWB_BMPD512_5_12_7
2,3,0,0,13,8,384,293.56,28.48126421052632,bw,static,static,results,Results,Results_LLAMA31,LLAMA3-BWB-Results,simulator_output_LLAMA3-BWB_bwplacement_bs2_staticreq_statictask,SCRUBBED_TIME+LLAMA3-BWB_BMPD384_3_13_8
2,10,0,0,6,8,256,208.14,28.499119714285712,bw,static,static,results,Results,Results_LLAMA31,LLAMA3-BWB-Results,simulator_output_LLAMA3-BWB_bwplacement_bs2_staticreq_statictask,SCRUBBED_TIME+LLAMA3-BWB_BMPD256_10_6_8
2,5,0,0,12,7,640,321.7,28.69755178947368,bw,static,static,results,Results,Results_LLAMA31,LLAMA3-BWB-Results,simulator_output_LLAMA3-BWB_bwplacement_bs2_staticreq_statictask,SCRUBBED_TIME+LLAMA3-BWB_BMPD640_5_12_7
2,15,0,0,5,4,512,199.52,28.69964311111111,bw,static,static,results,Results,Results_LLAMA31,LLAMA3-BWB-Results,simulator_output_LLAMA3-BWB_bwplacement_bs2_staticreq_statictask,SCRUBBED_TIME+LLAMA3-BWB_BMPD512_15_5_4
2,9,0,0,9,6,512,271.62,28.74629093333333,bw,static,static,results,Results,Results_LLAMA31,LLAMA3-BWB-Results,simulator_output_LLAMA3-BWB_bwplacement_bs2_staticreq_statictask,SCRUBBED_TIME+LLAMA3-BWB_BMPD512_9_9_6
2,11,0,0,7,6,512,269.46,28.75723723076923,bw,static,static,results,Results,Results_LLAMA31,LLAMA3-BWB-Results,simulator_output_LLAMA3-BWB_bwplacement_bs2_staticreq_statictask,SCRUBBED_TIME+LLAMA3-BWB_BMPD512_11_7_6
2,10,0,0,7,7,384,271.3,28.771282857142857,bw,static,static,results,Results,Results_LLAMA31,LLAMA3-BWB-Results,simulator_output_LLAMA3-BWB_bwplacement_bs2_staticreq_statictask,SCRUBBED_TIME+LLAMA3-BWB_BMPD384_10_7_7
2,6,0,0,11,7,640,325.14,28.80653,bw,static,static,results,Results,Results_LLAMA31,LLAMA3-BWB-Results,simulator_output_LLAMA3-BWB_bwplacement_bs2_staticreq_statictask,SCRUBBED_TIME+LLAMA3-BWB_BMPD640_6_11_7
2,5,0,0,13,6,512,278.06,28.819061684210528,bw,static,static,results,Results,Results_LLAMA31,LLAMA3-BWB-Results,simulator_output_LLAMA3-BWB_bwplacement_bs2_staticreq_statictask,SCRUBBED_TIME+LLAMA3-BWB_BMPD512_5_13_6
2,6,0,0,14,4,640,210.72,28.85834666666667,bw,static,static,results,Results,Results_LLAMA31,LLAMA3-BWB-Results,simulator_output_LLAMA3-BWB_bwplacement_bs2_staticreq_statictask,SCRUBBED_TIME+LLAMA3-BWB_BMPD640_6_14_4
2,3,0,0,13,8,640,328.18,28.894385555555555,bw,static,static,results,Results,Results_LLAMA31,LLAMA3-BWB-Results,simulator_output_LLAMA3-BWB_bwplacement_bs2_staticreq_statictask,SCRUBBED_TIME+LLAMA3-BWB_BMPD640_3_13_8
2,5,0,0,8,11,384,386.1,28.91636421052632,bw,static,static,results,Results,Results_LLAMA31,LLAMA3-BWB-Results,simulator_output_LLAMA3-BWB_bwplacement_bs2_staticreq_statictask,SCRUBBED_TIME+LLAMA3-BWB_BMPD384_5_8_11
2,3,0,0,8,13,384,299.6,28.92116421052632,bw,static,static,results,Results,Results_LLAMA31,LLAMA3-BWB-Results,simulator_output_LLAMA3-BWB_bwplacement_bs2_staticreq_statictask,SCRUBBED_TIME+LLAMA3-BWB_BMPD384_3_8_13
2,12,0,0,7,5,640,229.74,28.922906,bw,static,static,results,Results,Results_LLAMA31,LLAMA3-BWB-Results,simulator_output_LLAMA3-BWB_bwplacement_bs2_staticreq_statictask,SCRUBBED_TIME+LLAMA3-BWB_BMPD640_12_7_5
2,10,0,0,8,6,640,267.1,28.931575714285717,bw,static,static,results,Results,Results_LLAMA31,LLAMA3-BWB-Results,simulator_output_LLAMA3-BWB_bwplacement_bs2_staticreq_statictask,SCRUBBED_TIME+LLAMA3-BWB_BMPD640_10_8_6
2,15,0,0,4,5,384,189.94,28.963628,bw,static,static,results,Results,Results_LLAMA31,LLAMA3-BWB-Results,simulator_output_LLAMA3-BWB_bwplacement_bs2_staticreq_statictask,SCRUBBED_TIME+LLAMA3-BWB_BMPD384_15_4_5
2,3,0,0,15,6,640,246.08,29.01643555555556,bw,static,static,results,Results,Results_LLAMA31,LLAMA3-BWB-Results,simulator_output_LLAMA3-BWB_bwplacement_bs2_staticreq_statictask,SCRUBBED_TIME+LLAMA3-BWB_BMPD640_3_15_6
2,8,0,0,7,9,256,205.98,29.026467,bw,static,static,results,Results,Results_LLAMA31,LLAMA3-BWB-Results,simulator_output_LLAMA3-BWB_bwplacement_bs2_staticreq_statictask,SCRUBBED_TIME+LLAMA3-BWB_BMPD256_8_7_9
2,4,0,0,11,9,512,374.68,29.1303994,bw,static,static,results,Results,Results_LLAMA31,LLAMA3-BWB-Results,simulator_output_LLAMA3-BWB_bwplacement_bs2_staticreq_statictask,SCRUBBED_TIME+LLAMA3-BWB_BMPD512_4_11_9
2,9,0,0,10,5,640,238.62,29.137801600000003,bw,static,static,results,Results,Results_LLAMA31,LLAMA3-BWB-Results,simulator_output_LLAMA3-BWB_bwplacement_bs2_staticreq_statictask,SCRUBBED_TIME+LLAMA3-BWB_BMPD640_9_10_5
2,15,0,0,6,3,640,149.42,29.15289155555556,bw,static,static,results,Results,Results_LLAMA31,LLAMA3-BWB-Results,simulator_output_LLAMA3-BWB_bwplacement_bs2_staticreq_statictask,SCRUBBED_TIME+LLAMA3-BWB_BMPD640_15_6_3
2,12,0,0,6,6,512,263.52,29.281509,bw,static,static,results,Results,Results_LLAMA31,LLAMA3-BWB-Results,simulator_output_LLAMA3-BWB_bwplacement_bs2_staticreq_statictask,SCRUBBED_TIME+LLAMA3-BWB_BMPD512_12_6_6
2,4,0,0,13,7,640,305.38,29.3662994,bw,static,static,results,Results,Results_LLAMA31,LLAMA3-BWB-Results,simulator_output_LLAMA3-BWB_bwplacement_bs2_staticreq_statictask,SCRUBBED_TIME+LLAMA3-BWB_BMPD640_4_13_7
2,7,0,0,8,9,512,390.7,29.45333647058824,bw,static,static,results,Results,Results_LLAMA31,LLAMA3-BWB-Results,simulator_output_LLAMA3-BWB_bwplacement_bs2_staticreq_statictask,SCRUBBED_TIME+LLAMA3-BWB_BMPD512_7_8_9
2,12,0,0,5,7,384,261.82,29.495267666666667,bw,static,static,results,Results,Results_LLAMA31,LLAMA3-BWB-Results,simulator_output_LLAMA3-BWB_bwplacement_bs2_staticreq_statictask,SCRUBBED_TIME+LLAMA3-BWB_BMPD384_12_5_7
2,7,0,0,10,7,512,321.7,29.50326588235294,bw,static,static,results,Results,Results_LLAMA31,LLAMA3-BWB-Results,simulator_output_LLAMA3-BWB_bwplacement_bs2_staticreq_statictask,SCRUBBED_TIME+LLAMA3-BWB_BMPD512_7_10_7
2,11,0,0,9,4,640,202.48,29.59425292307692,bw,static,static,results,Results,Results_LLAMA31,LLAMA3-BWB-Results,simulator_output_LLAMA3-BWB_bwplacement_bs2_staticreq_statictask,SCRUBBED_TIME+LLAMA3-BWB_BMPD640_11_9_4
2,5,0,0,14,5,640,236.34,29.64248336842105,bw,static,static,results,Results,Results_LLAMA31,LLAMA3-BWB-Results,simulator_output_LLAMA3-BWB_bwplacement_bs2_staticreq_statictask,SCRUBBED_TIME+LLAMA3-BWB_BMPD640_5_14_5
2,4,0,0,12,8,640,374.98,29.6518944,bw,static,static,results,Results,Results_LLAMA31,LLAMA3-BWB-Results,simulator_output_LLAMA3-BWB_bwplacement_bs2_staticreq_statictask,SCRUBBED_TIME+LLAMA3-BWB_BMPD640_4_12_8
2,10,0,0,6,8,384,331.62,29.68966142857143,bw,static,static,results,Results,Results_LLAMA31,LLAMA3-BWB-Results,simulator_output_LLAMA3-BWB_bwplacement_bs2_staticreq_statictask,SCRUBBED_TIME+LLAMA3-BWB_BMPD384_10_6_8
2,9,0,0,6,9,256,203.62,29.787000266666663,bw,static,static,results,Results,Results_LLAMA31,LLAMA3-BWB-Results,simulator_output_LLAMA3-BWB_bwplacement_bs2_staticreq_statictask,SCRUBBED_TIME+LLAMA3-BWB_BMPD256_9_6_9
2,16,0,0,4,4,512,194.1,29.8044835,bw,static,static,results,Results,Results_LLAMA31,LLAMA3-BWB-Results,simulator_output_LLAMA3-BWB_bwplacement_bs2_staticreq_statictask,SCRUBBED_TIME+LLAMA3-BWB_BMPD512_16_4_4
2,4,0,0,13,7,512,311.48,29.8704794,bw,static,static,results,Results,Results_LLAMA31,LLAMA3-BWB-Results,simulator_output_LLAMA3-BWB_bwplacement_bs2_staticreq_statictask,SCRUBBED_TIME+LLAMA3-BWB_BMPD512_4_13_7
2,4,0,0,12,8,512,364.66,29.9620194,bw,static,static,results,Results,Results_LLAMA31,LLAMA3-BWB-Results,simulator_output_LLAMA3-BWB_bwplacement_bs2_staticreq_statictask,SCRUBBED_TIME+LLAMA3-BWB_BMPD512_4_12_8
2,16,0,0,3,5,256,114.3,29.962596,bw,static,static,results,Results,Results_LLAMA31,LLAMA3-BWB-Results,simulator_output_LLAMA3-BWB_bwplacement_bs2_staticreq_statictask,SCRUBBED_TIME+LLAMA3-BWB_BMPD256_16_3_5
2,4,0,0,9,11,384,371.66,29.9793282,bw,static,static,results,Results,Results_LLAMA31,LLAMA3-BWB-Results,simulator_output_LLAMA3-BWB_bwplacement_bs2_staticreq_statictask,SCRUBBED_TIME+LLAMA3-BWB_BMPD384_4_9_11
2,14,0,0,5,5,512,225.62,30.033462,bw,static,static,results,Results,Results_LLAMA31,LLAMA3-BWB-Results,simulator_output_LLAMA3-BWB_bwplacement_bs2_staticreq_statictask,SCRUBBED_TIME+LLAMA3-BWB_BMPD512_14_5_5
2,9,0,0,7,8,384,330.24,30.096401866666668,bw,static,static,results,Results,Results_LLAMA31,LLAMA3-BWB-Results,simulator_output_LLAMA3-BWB_bwplacement_bs2_staticreq_statictask,SCRUBBED_TIME+LLAMA3-BWB_BMPD384_9_7_8
2,3,0,0,12,9,640,324.3,30.10513555555556,bw,static,static,results,Results,Results_LLAMA31,LLAMA3-BWB-Results,simulator_output_LLAMA3-BWB_bwplacement_bs2_staticreq_statictask,SCRUBBED_TIME+LLAMA3-BWB_BMPD640_3_12_9
2,5,0,0,11,8,640,388.42,30.20426231578947,bw,static,static,results,Results,Results_LLAMA31,LLAMA3-BWB-Results,simulator_output_LLAMA3-BWB_bwplacement_bs2_staticreq_statictask,SCRUBBED_TIME+LLAMA3-BWB_BMPD640_5_11_8
2,4,0,0,8,12,384,348.54,30.2655882,bw,static,static,results,Results,Results_LLAMA31,LLAMA3-BWB-Results,simulator_output_LLAMA3-BWB_bwplacement_bs2_staticreq_statictask,SCRUBBED_TIME+LLAMA3-BWB_BMPD384_4_8_12
2,8,0,0,9,7,512,316.36,30.40671275,bw,static,static,results,Results,Results_LLAMA31,LLAMA3-BWB-Results,simulator_output_LLAMA3-BWB_bwplacement_bs2_staticreq_statictask,SCRUBBED_TIME+LLAMA3-BWB_BMPD512_8_9_7
2,11,0,0,5,8,256,198.6,30.42828769230769,bw,static,static,results,Results,Results_LLAMA31,LLAMA3-BWB-Results,simulator_output_LLAMA3-BWB_bwplacement_bs2_staticreq_statictask,SCRUBBED_TIME+LLAMA3-BWB_BMPD256_11_5_8
2,9,0,0,8,7,640,312.78,30.454314933333333,bw,static,static,results,Results,Results_LLAMA31,LLAMA3-BWB-Results,simulator_output_LLAMA3-BWB_bwplacement_bs2_staticreq_statictask,SCRUBBED_TIME+LLAMA3-BWB_BMPD640_9_8_7
2,8,0,0,10,6,640,272.64,30.5023215,bw,static,static,results,Results,Results_LLAMA31,LLAMA3-BWB-Results,simulator_output_LLAMA3-BWB_bwplacement_bs2_staticreq_statictask,SCRUBBED_TIME+LLAMA3-BWB_BMPD640_8_10_6
2,13,0,0,4,7,256,155.3,30.508189818181812,bw,static,static,results,Results,Results_LLAMA31,LLAMA3-BWB-Results,simulator_output_LLAMA3-BWB_bwplacement_bs2_staticreq_statictask,SCRUBBED_TIME+LLAMA3-BWB_BMPD256_13_4_7
2,3,0,0,19,2,640,104.6,30.51128555555556,bw,static,static,results,Results,Results_LLAMA31,LLAMA3-BWB-Results,simulator_output_LLAMA3-BWB_bwplacement_bs2_staticreq_statictask,SCRUBBED_TIME+LLAMA3-BWB_BMPD640_3_19_2
2,10,0,0,7,7,512,314.24,30.561448857142857,bw,static,static,results,Results,Results_LLAMA31,LLAMA3-BWB-Results,simulator_output_LLAMA3-BWB_bwplacement_bs2_staticreq_statictask,SCRUBBED_TIME+LLAMA3-BWB_BMPD512_10_7_7
2,14,0,0,4,6,384,216.22,30.5882188,bw,static,static,results,Results,Results_LLAMA31,LLAMA3-BWB-Results,simulator_output_LLAMA3-BWB_bwplacement_bs2_staticreq_statictask,SCRUBBED_TIME+LLAMA3-BWB_BMPD384_14_4_6
2,4,0,0,14,6,640,261.04,30.7257194,bw,static,static,results,Results,Results_LLAMA31,LLAMA3-BWB-Results,simulator_output_LLAMA3-BWB_bwplacement_bs2_staticreq_statictask,SCRUBBED_TIME+LLAMA3-BWB_BMPD640_4_14_6
2,3,0,0,14,7,640,284.86,30.872824444444444,bw,static,static,results,Results,Results_LLAMA31,LLAMA3-BWB-Results,simulator_output_LLAMA3-BWB_bwplacement_bs2_staticreq_statictask,SCRUBBED_TIME+LLAMA3-BWB_BMPD640_3_14_7
2,3,0,0,10,11,512,350.04,30.92246111111111,bw,static,static,results,Results,Results_LLAMA31,LLAMA3-BWB-Results,simulator_output_LLAMA3-BWB_bwplacement_bs2_staticreq_statictask,SCRUBBED_TIME+LLAMA3-BWB_BMPD512_3_10_11
2,3,0,0,12,9,512,321.22,30.981577777777776,bw,static,static,results,Results,Results_LLAMA31,LLAMA3-BWB-Results,simulator_output_LLAMA3-BWB_bwplacement_bs2_staticreq_statictask,SCRUBBED_TIME+LLAMA3-BWB_BMPD512_3_12_9
2,7,0,0,7,10,256,203.02,31.00475247058824,bw,static,static,results,Results,Results_LLAMA31,LLAMA3-BWB-Results,simulator_output_LLAMA3-BWB_bwplacement_bs2_staticreq_statictask,SCRUBBED_TIME+LLAMA3-BWB_BMPD256_7_7_10
2,14,0,0,6,4,640,199.66,31.0072036,bw,static,static,results,Results,Results_LLAMA31,LLAMA3-BWB-Results,simulator_output_LLAMA3-BWB_bwplacement_bs2_staticreq_statictask,SCRUBBED_TIME+LLAMA3-BWB_BMPD640_14_6_4
2,6,0,0,8,10,512,380.94,31.052472222222224,bw,static,static,results,Results,Results_LLAMA31,LLAMA3-BWB-Results,simulator_output_LLAMA3-BWB_bwplacement_bs2_staticreq_statictask,SCRUBBED_TIME+LLAMA3-BWB_BMPD512_6_8_10
2,3,0,0,8,13,512,343.84,31.058222222222224,bw,static,static,results,Results,Results_LLAMA31,LLAMA3-BWB-Results,simulator_output_LLAMA3-BWB_bwplacement_bs2_staticreq_statictask,SCRUBBED_TIME+LLAMA3-BWB_BMPD512_3_8_13
2,8,0,0,6,10,256,201.2,31.0783795,bw,static,static,results,Results,Results_LLAMA31,LLAMA3-BWB-Results,simulator_output_LLAMA3-BWB_bwplacement_bs2_staticreq_statictask,SCRUBBED_TIME+LLAMA3-BWB_BMPD256_8_6_10
2,4,0,0,11,9,640,361.18,31.0908494,bw,static,static,results,Results,Results_LLAMA31,LLAMA3-BWB-Results,simulator_output_LLAMA3-BWB_bwplacement_bs2_staticreq_statictask,SCRUBBED_TIME+LLAMA3-BWB_BMPD640_4_11_9
2,6,0,0,10,8,512,389.96,31.142422222222223,bw,static,static,results,Results,Results_LLAMA31,LLAMA3-BWB-Results,simulator_output_LLAMA3-BWB_bwplacement_bs2_staticreq_statictask,SCRUBBED_TIME+LLAMA3-BWB_BMPD512_6_10_8
2,10,0,0,9,5,640,225.7,31.14621142857143,bw,static,static,results,Results,Results_LLAMA31,LLAMA3-BWB-Results,simulator_output_LLAMA3-BWB_bwplacement_bs2_staticreq_statictask,SCRUBBED_TIME+LLAMA3-BWB_BMPD640_10_9_5
2,15,0,0,5,4,640,193.2,31.593947111111117,bw,static,static,results,Results,Results_LLAMA31,LLAMA3-BWB-Results,simulator_output_LLAMA3-BWB_bwplacement_bs2_staticreq_statictask,SCRUBBED_TIME+LLAMA3-BWB_BMPD640_15_5_4
2,11,0,0,6,7,512,304.3,31.61607569230769,bw,static,static,results,Results,Results_LLAMA31,LLAMA3-BWB-Results,simulator_output_LLAMA3-BWB_bwplacement_bs2_staticreq_statictask,SCRUBBED_TIME+LLAMA3-BWB_BMPD512_11_6_7
2,9,0,0,6,9,384,323.0,31.70518853333333,bw,static,static,results,Results,Results_LLAMA31,LLAMA3-BWB-Results,simulator_output_LLAMA3-BWB_bwplacement_bs2_staticreq_statictask,SCRUBBED_TIME+LLAMA3-BWB_BMPD384_9_6_9
2,8,0,0,7,9,384,322.64,31.7133295,bw,static,static,results,Results,Results_LLAMA31,LLAMA3-BWB-Results,simulator_output_LLAMA3-BWB_bwplacement_bs2_staticreq_statictask,SCRUBBED_TIME+LLAMA3-BWB_BMPD384_8_7_9
2,3,0,0,11,10,640,314.54,31.88013,bw,static,static,results,Results,Results_LLAMA31,LLAMA3-BWB-Results,simulator_output_LLAMA3-BWB_bwplacement_bs2_staticreq_statictask,SCRUBBED_TIME+LLAMA3-BWB_BMPD640_3_11_10
2,11,0,0,7,6,640,257.36,31.88749907692308,bw,static,static,results,Results,Results_LLAMA31,LLAMA3-BWB-Results,simulator_output_LLAMA3-BWB_bwplacement_bs2_staticreq_statictask,SCRUBBED_TIME+LLAMA3-BWB_BMPD640_11_7_6
2,16,0,0,4,4,640,189.72,31.9077515,bw,static,static,results,Results,Results_LLAMA31,LLAMA3-BWB-Results,simulator_output_LLAMA3-BWB_bwplacement_bs2_staticreq_statictask,SCRUBBED_TIME+LLAMA3-BWB_BMPD640_16_4_4
2,12,0,0,4,8,256,195.14,31.997469,bw,static,static,results,Results,Results_LLAMA31,LLAMA3-BWB-Results,simulator_output_LLAMA3-BWB_bwplacement_bs2_staticreq_statictask,SCRUBBED_TIME+LLAMA3-BWB_BMPD256_12_4_8
2,9,0,0,9,6,640,259.18,32.029054933333335,bw,static,static,results,Results,Results_LLAMA31,LLAMA3-BWB-Results,simulator_output_LLAMA3-BWB_bwplacement_bs2_staticreq_statictask,SCRUBBED_TIME+LLAMA3-BWB_BMPD640_9_9_6
2,5,0,0,10,9,512,382.96,32.06387747368421,bw,static,static,results,Results,Results_LLAMA31,LLAMA3-BWB-Results,simulator_output_LLAMA3-BWB_bwplacement_bs2_staticreq_statictask,SCRUBBED_TIME+LLAMA3-BWB_BMPD512_5_10_9
2,7,0,0,9,8,512,383.2,32.10270117647059,bw,static,static,results,Results,Results_LLAMA31,LLAMA3-BWB-Results,simulator_output_LLAMA3-BWB_bwplacement_bs2_staticreq_statictask,SCRUBBED_TIME+LLAMA3-BWB_BMPD512_7_9_8
2,8,0,0,8,8,640,379.96,32.11386525,bw,static,static,results,Results,Results_LLAMA31,LLAMA3-BWB-Results,simulator_output_LLAMA3-BWB_bwplacement_bs2_staticreq_statictask,SCRUBBED_TIME+LLAMA3-BWB_BMPD640_8_8_8
2,7,0,0,10,7,640,317.58,32.119202117647056,bw,static,static,results,Results,Results_LLAMA31,LLAMA3-BWB-Results,simulator_output_LLAMA3-BWB_bwplacement_bs2_staticreq_statictask,SCRUBBED_TIME+LLAMA3-BWB_BMPD640_7_10_7
2,9,0,0,7,8,512,381.58,32.371604266666665,bw,static,static,results,Results,Results_LLAMA31,LLAMA3-BWB-Results,simulator_output_LLAMA3-BWB_bwplacement_bs2_staticreq_statictask,SCRUBBED_TIME+LLAMA3-BWB_BMPD512_9_7_8
2,5,0,0,8,11,512,451.94,32.49277221052632,bw,static,static,results,Results,Results_LLAMA31,LLAMA3-BWB-Results,simulator_output_LLAMA3-BWB_bwplacement_bs2_staticreq_statictask,SCRUBBED_TIME+LLAMA3-BWB_BMPD512_5_8_11
2,10,0,0,5,9,256,191.14,32.50016257142857,bw,static,static,results,Results,Results_LLAMA31,LLAMA3-BWB-Results,simulator_output_LLAMA3-BWB_bwplacement_bs2_staticreq_statictask,SCRUBBED_TIME+LLAMA3-BWB_BMPD256_10_5_9
2,11,0,0,5,8,384,311.44,32.58970430769231,bw,static,static,results,Results,Results_LLAMA31,LLAMA3-BWB-Results,simulator_output_LLAMA3-BWB_bwplacement_bs2_staticreq_statictask,SCRUBBED_TIME+LLAMA3-BWB_BMPD384_11_5_8
2,13,0,0,5,6,512,252.64,32.686724,bw,static,static,results,Results,Results_LLAMA31,LLAMA3-BWB-Results,simulator_output_LLAMA3-BWB_bwplacement_bs2_staticreq_statictask,SCRUBBED_TIME+LLAMA3-BWB_BMPD512_13_5_6
2,6,0,0,7,11,256,247.54,32.72335733333333,bw,static,static,results,Results,Results_LLAMA31,LLAMA3-BWB-Results,simulator_output_LLAMA3-BWB_bwplacement_bs2_staticreq_statictask,SCRUBBED_TIME+LLAMA3-BWB_BMPD256_6_7_11
2,15,0,0,4,5,512,210.98,32.73387644444444,bw,static,static,results,Results,Results_LLAMA31,LLAMA3-BWB-Results,simulator_output_LLAMA3-BWB_bwplacement_bs2_staticreq_statictask,SCRUBBED_TIME+LLAMA3-BWB_BMPD512_15_4_5
2,16,0,0,3,5,384,176.8,33.0647595,bw,static,static,results,Results,Results_LLAMA31,LLAMA3-BWB-Results,simulator_output_LLAMA3-BWB_bwplacement_bs2_staticreq_statictask,SCRUBBED_TIME+LLAMA3-BWB_BMPD384_16_3_5
2,7,0,0,6,11,256,247.66,33.21619952941176,bw,static,static,results,Results,Results_LLAMA31,LLAMA3-BWB-Results,simulator_output_LLAMA3-BWB_bwplacement_bs2_staticreq_statictask,SCRUBBED_TIME+LLAMA3-BWB_BMPD256_7_6_11
2,3,0,0,9,12,512,350.84,33.234433333333335,bw,static,static,results,Results,Results_LLAMA31,LLAMA3-BWB-Results,simulator_output_LLAMA3-BWB_bwplacement_bs2_staticreq_statictask,SCRUBBED_TIME+LLAMA3-BWB_BMPD512_3_9_12
2,4,0,0,10,10,512,360.7,33.2769694,bw,static,static,results,Results,Results_LLAMA31,LLAMA3-BWB-Results,simulator_output_LLAMA3-BWB_bwplacement_bs2_staticreq_statictask,SCRUBBED_TIME+LLAMA3-BWB_BMPD512_4_10_10
2,10,0,0,7,7,640,301.76,33.348618571428574,bw,static,static,results,Results,Results_LLAMA31,LLAMA3-BWB-Results,simulator_output_LLAMA3-BWB_bwplacement_bs2_staticreq_statictask,SCRUBBED_TIME+LLAMA3-BWB_BMPD640_10_7_7
2,10,0,0,6,8,512,371.06,33.373706,bw,static,static,results,Results,Results_LLAMA31,LLAMA3-BWB-Results,simulator_output_LLAMA3-BWB_bwplacement_bs2_staticreq_statictask,SCRUBBED_TIME+LLAMA3-BWB_BMPD512_10_6_8
2,8,0,0,6,10,384,317.92,33.42128575,bw,static,static,results,Results,Results_LLAMA31,LLAMA3-BWB-Results,simulator_output_LLAMA3-BWB_bwplacement_bs2_staticreq_statictask,SCRUBBED_TIME+LLAMA3-BWB_BMPD384_8_6_10
2,8,0,0,9,7,640,302.62,33.51354025,bw,static,static,results,Results,Results_LLAMA31,LLAMA3-BWB-Results,simulator_output_LLAMA3-BWB_bwplacement_bs2_staticreq_statictask,SCRUBBED_TIME+LLAMA3-BWB_BMPD640_8_9_7
2,13,0,0,4,7,384,246.46,33.59214218181818,bw,static,static,results,Results,Results_LLAMA31,LLAMA3-BWB-Results,simulator_output_LLAMA3-BWB_bwplacement_bs2_staticreq_statictask,SCRUBBED_TIME+LLAMA3-BWB_BMPD384_13_4_7
2,13,0,0,6,5,640,218.88,33.60497854545455,bw,static,static,results,Results,Results_LLAMA31,LLAMA3-BWB-Results,simulator_output_LLAMA3-BWB_bwplacement_bs2_staticreq_statictask,SCRUBBED_TIME+LLAMA3-BWB_BMPD640_13_6_5
2,15,0,0,3,6,256,123.38,33.791612888888885,bw,static,static,results,Results,Results_LLAMA31,LLAMA3-BWB-Results,simulator_output_LLAMA3-BWB_bwplacement_bs2_staticreq_statictask,SCRUBBED_TIME+LLAMA3-BWB_BMPD256_15_3_6
2,3,0,0,7,14,256,209.14,33.84750715789474,bw,static,static,results,Results,Results_LLAMA31,LLAMA3-BWB-Results,simulator_output_LLAMA3-BWB_bwplacement_bs2_staticreq_statictask,SCRUBBED_TIME+LLAMA3-BWB_BMPD256_3_7_14
2,7,0,0,8,9,640,369.4,33.864408,bw,static,static,results,Results,Results_LLAMA31,LLAMA3-BWB-Results,simulator_output_LLAMA3-BWB_bwplacement_bs2_staticreq_statictask,SCRUBBED_TIME+LLAMA3-BWB_BMPD640_7_8_9
2,6,0,0,10,8,640,389.46,33.894202222222226,bw,static,static,results,Results,Results_LLAMA31,LLAMA3-BWB-Results,simulator_output_LLAMA3-BWB_bwplacement_bs2_staticreq_statictask,SCRUBBED_TIME+LLAMA3-BWB_BMPD640_6_10_8
2,7,0,0,7,10,384,314.78,33.987733176470584,bw,static,static,results,Results,Results_LLAMA31,LLAMA3-BWB-Results,simulator_output_LLAMA3-BWB_bwplacement_bs2_staticreq_statictask,SCRUBBED_TIME+LLAMA3-BWB_BMPD384_7_7_10
2,5,0,0,7,12,256,239.66,34.004459789473685,bw,static,static,results,Results,Results_LLAMA31,LLAMA3-BWB-Results,simulator_output_LLAMA3-BWB_bwplacement_bs2_staticreq_statictask,SCRUBBED_TIME+LLAMA3-BWB_BMPD256_5_7_12
2,4,0,0,8,12,512,398.56,34.0400044,bw,static,static,results,Results,Results_LLAMA31,LLAMA3-BWB-Results,simulator_output_LLAMA3-BWB_bwplacement_bs2_staticreq_statictask,SCRUBBED_TIME+LLAMA3-BWB_BMPD512_4_8_12
2,6,0,0,9,9,512,374.96,34.13533888888889,bw,static,static,results,Results,Results_LLAMA31,LLAMA3-BWB-Results,simulator_output_LLAMA3-BWB_bwplacement_bs2_staticreq_statictask,SCRUBBED_TIME+LLAMA3-BWB_BMPD512_6_9_9
2,15,0,0,4,5,640,207.06,34.15749155555555,bw,static,static,results,Results,Results_LLAMA31,LLAMA3-BWB-Results,simulator_output_LLAMA3-BWB_bwplacement_bs2_staticreq_statictask,SCRUBBED_TIME+LLAMA3-BWB_BMPD640_15_4_5
2,14,0,0,5,5,640,211.72,34.4083836,bw,static,static,results,Results,Results_LLAMA31,LLAMA3-BWB-Results,simulator_output_LLAMA3-BWB_bwplacement_bs2_staticreq_statictask,SCRUBBED_TIME+LLAMA3-BWB_BMPD640_14_5_5
2,3,0,0,10,11,640,346.56,34.40964666666667,bw,static,static,results,Results,Results_LLAMA31,LLAMA3-BWB-Results,simulator_output_LLAMA3-BWB_bwplacement_bs2_staticreq_statictask,SCRUBBED_TIME+LLAMA3-BWB_BMPD640_3_10_11
2,9,0,0,5,10,256,188.22,34.50888693333333,bw,static,static,results,Results,Results_LLAMA31,LLAMA3-BWB-Results,simulator_output_LLAMA3-BWB_bwplacement_bs2_staticreq_statictask,SCRUBBED_TIME+LLAMA3-BWB_BMPD256_9_5_10
2,8,0,0,7,9,512,373.62,34.630844,bw,static,static,results,Results,Results_LLAMA31,LLAMA3-BWB-Results,simulator_output_LLAMA3-BWB_bwplacement_bs2_staticreq_statictask,SCRUBBED_TIME+LLAMA3-BWB_BMPD512_8_7_9
2,10,0,0,5,9,384,301.8,34.791447142857145,bw,static,static,results,Results,Results_LLAMA31,LLAMA3-BWB-Results,simulator_output_LLAMA3-BWB_bwplacement_bs2_staticreq_statictask,SCRUBBED_TIME+LLAMA3-BWB_BMPD384_10_5_9
2,12,0,0,6,6,640,250.72,34.82497266666667,bw,static,static,results,Results,Results_LLAMA31,LLAMA3-BWB-Results,simulator_output_LLAMA3-BWB_bwplacement_bs2_staticreq_statictask,SCRUBBED_TIME+LLAMA3-BWB_BMPD640_12_6_6
2,6,0,0,6,12,256,243.68,34.852190666666665,bw,static,static,results,Results,Results_LLAMA31,LLAMA3-BWB-Results,simulator_output_LLAMA3-BWB_bwplacement_bs2_staticreq_statictask,SCRUBBED_TIME+LLAMA3-BWB_BMPD256_6_6_12
2,14,0,0,4,6,512,238.04,35.049582,bw,static,static,results,Results,Results_LLAMA31,LLAMA3-BWB-Results,simulator_output_LLAMA3-BWB_bwplacement_bs2_staticreq_statictask,SCRUBBED_TIME+LLAMA3-BWB_BMPD512_14_4_6
2,12,0,0,5,7,512,289.5,35.12901733333334,bw,static,static,results,Results,Results_LLAMA31,LLAMA3-BWB-Results,simulator_output_LLAMA3-BWB_bwplacement_bs2_staticreq_statictask,SCRUBBED_TIME+LLAMA3-BWB_BMPD512_12_5_7
2,7,0,0,9,8,640,369.86,35.171425647058825,bw,static,static,results,Results,Results_LLAMA31,LLAMA3-BWB-Results,simulator_output_LLAMA3-BWB_bwplacement_bs2_staticreq_statictask,SCRUBBED_TIME+LLAMA3-BWB_BMPD640_7_9_8
2,9,0,0,7,8,640,368.38,35.30963493333333,bw,static,static,results,Results,Results_LLAMA31,LLAMA3-BWB-Results,simulator_output_LLAMA3-BWB_bwplacement_bs2_staticreq_statictask,SCRUBBED_TIME+LLAMA3-BWB_BMPD640_9_7_8
2,9,0,0,6,9,512,362.84,35.391904266666664,bw,static,static,results,Results,Results_LLAMA31,LLAMA3-BWB-Results,simulator_output_LLAMA3-BWB_bwplacement_bs2_staticreq_statictask,SCRUBBED_TIME+LLAMA3-BWB_BMPD512_9_6_9
2,5,0,0,10,9,640,372.38,35.430593894736845,bw,static,static,results,Results,Results_LLAMA31,LLAMA3-BWB-Results,simulator_output_LLAMA3-BWB_bwplacement_bs2_staticreq_statictask,SCRUBBED_TIME+LLAMA3-BWB_BMPD640_5_10_9
2,6,0,0,8,10,640,357.48,35.56649111111111,bw,static,static,results,Results,Results_LLAMA31,LLAMA3-BWB-Results,simulator_output_LLAMA3-BWB_bwplacement_bs2_staticreq_statictask,SCRUBBED_TIME+LLAMA3-BWB_BMPD640_6_8_10
2,7,0,0,6,11,384,384.04,35.60010376470588,bw,static,static,results,Results,Results_LLAMA31,LLAMA3-BWB-Results,simulator_output_LLAMA3-BWB_bwplacement_bs2_staticreq_statictask,SCRUBBED_TIME+LLAMA3-BWB_BMPD384_7_6_11
2,3,0,0,8,13,640,332.2,35.63403555555555,bw,static,static,results,Results,Results_LLAMA31,LLAMA3-BWB-Results,simulator_output_LLAMA3-BWB_bwplacement_bs2_staticreq_statictask,SCRUBBED_TIME+LLAMA3-BWB_BMPD640_3_8_13
2,6,0,0,7,11,384,378.7,35.63649377777777,bw,static,static,results,Results,Results_LLAMA31,LLAMA3-BWB-Results,simulator_output_LLAMA3-BWB_bwplacement_bs2_staticreq_statictask,SCRUBBED_TIME+LLAMA3-BWB_BMPD384_6_7_11
2,11,0,0,4,9,256,182.06,35.655326153846154,bw,static,static,results,Results,Results_LLAMA31,LLAMA3-BWB-Results,simulator_output_LLAMA3-BWB_bwplacement_bs2_staticreq_statictask,SCRUBBED_TIME+LLAMA3-BWB_BMPD256_11_4_9
2,5,0,0,9,10,512,363.0,35.75140905263158,bw,static,static,results,Results,Results_LLAMA31,LLAMA3-BWB-Results,simulator_output_LLAMA3-BWB_bwplacement_bs2_staticreq_statictask,SCRUBBED_TIME+LLAMA3-BWB_BMPD512_5_9_10
2,4,0,0,7,13,256,225.26,35.883933799999994,bw,static,static,results,Results,Results_LLAMA31,LLAMA3-BWB-Results,simulator_output_LLAMA3-BWB_bwplacement_bs2_staticreq_statictask,SCRUBBED_TIME+LLAMA3-BWB_BMPD256_4_7_13
2,12,0,0,4,8,384,295.42,36.119809333333336,bw,static,static,results,Results,Results_LLAMA31,LLAMA3-BWB-Results,simulator_output_LLAMA3-BWB_bwplacement_bs2_staticreq_statictask,SCRUBBED_TIME+LLAMA3-BWB_BMPD384_12_4_8
2,7,0,0,7,10,512,363.9,36.54673647058824,bw,static,static,results,Results,Results_LLAMA31,LLAMA3-BWB-Results,simulator_output_LLAMA3-BWB_bwplacement_bs2_staticreq_statictask,SCRUBBED_TIME+LLAMA3-BWB_BMPD512_7_7_10
2,8,0,0,5,11,256,225.02,36.64399825,bw,static,static,results,Results,Results_LLAMA31,LLAMA3-BWB-Results,simulator_output_LLAMA3-BWB_bwplacement_bs2_staticreq_statictask,SCRUBBED_TIME+LLAMA3-BWB_BMPD256_8_5_11
2,15,0,0,3,6,384,194.78,36.668761333333336,bw,static,static,results,Results,Results_LLAMA31,LLAMA3-BWB-Results,simulator_output_LLAMA3-BWB_bwplacement_bs2_staticreq_statictask,SCRUBBED_TIME+LLAMA3-BWB_BMPD384_15_3_6
2,14,0,0,3,7,256,136.8,36.7287624,bw,static,static,results,Results,Results_LLAMA31,LLAMA3-BWB-Results,simulator_output_LLAMA3-BWB_bwplacement_bs2_staticreq_statictask,SCRUBBED_TIME+LLAMA3-BWB_BMPD256_14_3_7
2,4,0,0,9,11,512,405.74,36.7601144,bw,static,static,results,Results,Results_LLAMA31,LLAMA3-BWB-Results,simulator_output_LLAMA3-BWB_bwplacement_bs2_staticreq_statictask,SCRUBBED_TIME+LLAMA3-BWB_BMPD512_4_9_11
2,2,0,0,4,18,384,204.08,36.823726,bw,static,static,results,Results,Results_LLAMA31,LLAMA3-BWB-Results,simulator_output_LLAMA3-BWB_bwplacement_bs2_staticreq_statictask,SCRUBBED_TIME+LLAMA3-BWB_BMPD384_2_4_18
2,5,0,0,6,13,256,223.56,36.86662294736842,bw,static,static,results,Results,Results_LLAMA31,LLAMA3-BWB-Results,simulator_output_LLAMA3-BWB_bwplacement_bs2_staticreq_statictask,SCRUBBED_TIME+LLAMA3-BWB_BMPD256_5_6_13
2,3,0,0,6,15,256,211.76,36.86788084210527,bw,static,static,results,Results,Results_LLAMA31,LLAMA3-BWB-Results,simulator_output_LLAMA3-BWB_bwplacement_bs2_staticreq_statictask,SCRUBBED_TIME+LLAMA3-BWB_BMPD256_3_6_15
2,9,0,0,5,10,384,294.96,36.999021866666666,bw,static,static,results,Results,Results_LLAMA31,LLAMA3-BWB-Results,simulator_output_LLAMA3-BWB_bwplacement_bs2_staticreq_statictask,SCRUBBED_TIME+LLAMA3-BWB_BMPD384_9_5_10
2,6,0,0,9,9,640,358.0,37.002074444444446,bw,static,static,results,Results,Results_LLAMA31,LLAMA3-BWB-Results,simulator_output_LLAMA3-BWB_bwplacement_bs2_staticreq_statictask,SCRUBBED_TIME+LLAMA3-BWB_BMPD640_6_9_9
2,3,0,0,9,12,640,335.42,37.00944111111111,bw,static,static,results,Results,Results_LLAMA31,LLAMA3-BWB-Results,simulator_output_LLAMA3-BWB_bwplacement_bs2_staticreq_statictask,SCRUBBED_TIME+LLAMA3-BWB_BMPD640_3_9_12
2,8,0,0,7,9,640,356.82,37.1165465,bw,static,static,results,Results,Results_LLAMA31,LLAMA3-BWB-Results,simulator_output_LLAMA3-BWB_bwplacement_bs2_staticreq_statictask,SCRUBBED_TIME+LLAMA3-BWB_BMPD640_8_7_9
2,5,0,0,8,11,640,431.34,37.159267578947365,bw,static,static,results,Results,Results_LLAMA31,LLAMA3-BWB-Results,simulator_output_LLAMA3-BWB_bwplacement_bs2_staticreq_statictask,SCRUBBED_TIME+LLAMA3-BWB_BMPD640_5_8_11
2,11,0,0,6,7,640,288.18,37.24165292307692,bw,static,static,results,Results,Results_LLAMA31,LLAMA3-BWB-Results,simulator_output_LLAMA3-BWB_bwplacement_bs2_staticreq_statictask,SCRUBBED_TIME+LLAMA3-BWB_BMPD640_11_6_7
2,13,0,0,5,6,640,236.0,37.25296036363637,bw,static,static,results,Results,Results_LLAMA31,LLAMA3-BWB-Results,simulator_output_LLAMA3-BWB_bwplacement_bs2_staticreq_statictask,SCRUBBED_TIME+LLAMA3-BWB_BMPD640_13_5_6
2,6,0,0,6,12,384,370.96,37.464266,bw,static,static,results,Results,Results_LLAMA31,LLAMA3-BWB-Results,simulator_output_LLAMA3-BWB_bwplacement_bs2_staticreq_statictask,SCRUBBED_TIME+LLAMA3-BWB_BMPD384_6_6_12
2,5,0,0,7,12,384,347.98,37.52272736842106,bw,static,static,results,Results,Results_LLAMA31,LLAMA3-BWB-Results,simulator_output_LLAMA3-BWB_bwplacement_bs2_staticreq_statictask,SCRUBBED_TIME+LLAMA3-BWB_BMPD384_5_7_12
2,3,0,0,7,14,384,276.78,37.55580105263158,bw,static,static,results,Results,Results_LLAMA31,LLAMA3-BWB-Results,simulator_output_LLAMA3-BWB_bwplacement_bs2_staticreq_statictask,SCRUBBED_TIME+LLAMA3-BWB_BMPD384_3_7_14
2,8,0,0,6,10,512,348.92,37.6999065,bw,static,static,results,Results,Results_LLAMA31,LLAMA3-BWB-Results,simulator_output_LLAMA3-BWB_bwplacement_bs2_staticreq_statictask,SCRUBBED_TIME+LLAMA3-BWB_BMPD512_8_6_10
2,4,0,0,10,10,640,344.94,37.9759244,bw,static,static,results,Results,Results_LLAMA31,LLAMA3-BWB-Results,simulator_output_LLAMA3-BWB_bwplacement_bs2_staticreq_statictask,SCRUBBED_TIME+LLAMA3-BWB_BMPD640_4_10_10
2,10,0,0,4,10,256,179.16,38.031519714285714,bw,static,static,results,Results,Results_LLAMA31,LLAMA3-BWB-Results,simulator_output_LLAMA3-BWB_bwplacement_bs2_staticreq_statictask,SCRUBBED_TIME+LLAMA3-BWB_BMPD256_10_4_10
2,11,0,0,5,8,512,344.88,38.267068,bw,static,static,results,Results,Results_LLAMA31,LLAMA3-BWB-Results,simulator_output_LLAMA3-BWB_bwplacement_bs2_staticreq_statictask,SCRUBBED_TIME+LLAMA3-BWB_BMPD512_11_5_8
2,5,0,0,9,10,640,342.32,38.36920968421053,bw,static,static,results,Results,Results_LLAMA31,LLAMA3-BWB-Results,simulator_output_LLAMA3-BWB_bwplacement_bs2_staticreq_statictask,SCRUBBED_TIME+LLAMA3-BWB_BMPD640_5_9_10
2,6,0,0,7,11,512,436.24,38.49282777777778,bw,static,static,results,Results,Results_LLAMA31,LLAMA3-BWB-Results,simulator_output_LLAMA3-BWB_bwplacement_bs2_staticreq_statictask,SCRUBBED_TIME+LLAMA3-BWB_BMPD512_6_7_11
2,3,0,0,7,14,512,315.56,38.50173888888889,bw,static,static,results,Results,Results_LLAMA31,LLAMA3-BWB-Results,simulator_output_LLAMA3-BWB_bwplacement_bs2_staticreq_statictask,SCRUBBED_TIME+LLAMA3-BWB_BMPD512_3_7_14
2,13,0,0,4,7,512,266.5,38.76428763636363,bw,static,static,results,Results,Results_LLAMA31,LLAMA3-BWB-Results,simulator_output_LLAMA3-BWB_bwplacement_bs2_staticreq_statictask,SCRUBBED_TIME+LLAMA3-BWB_BMPD512_13_4_7
2,16,0,0,3,5,512,185.7,38.825871,bw,static,static,results,Results,Results_LLAMA31,LLAMA3-BWB-Results,simulator_output_LLAMA3-BWB_bwplacement_bs2_staticreq_statictask,SCRUBBED_TIME+LLAMA3-BWB_BMPD512_16_3_5
2,4,0,0,8,12,640,378.42,38.8627794,bw,static,static,results,Results,Results_LLAMA31,LLAMA3-BWB-Results,simulator_output_LLAMA3-BWB_bwplacement_bs2_staticreq_statictask,SCRUBBED_TIME+LLAMA3-BWB_BMPD640_4_8_12
2,14,0,0,4,6,640,226.82,38.8731936,bw,static,static,results,Results,Results_LLAMA31,LLAMA3-BWB-Results,simulator_output_LLAMA3-BWB_bwplacement_bs2_staticreq_statictask,SCRUBBED_TIME+LLAMA3-BWB_BMPD640_14_4_6
2,4,0,0,6,14,256,223.22,38.9512788,bw,static,static,results,Results,Results_LLAMA31,LLAMA3-BWB-Results,simulator_output_LLAMA3-BWB_bwplacement_bs2_staticreq_statictask,SCRUBBED_TIME+LLAMA3-BWB_BMPD256_4_6_14
2,7,0,0,5,12,256,222.82,39.01400541176471,bw,static,static,results,Results,Results_LLAMA31,LLAMA3-BWB-Results,simulator_output_LLAMA3-BWB_bwplacement_bs2_staticreq_statictask,SCRUBBED_TIME+LLAMA3-BWB_BMPD256_7_5_12
2,10,0,0,6,8,640,355.02,39.100632857142855,bw,static,static,results,Results,Results_LLAMA31,LLAMA3-BWB-Results,simulator_output_LLAMA3-BWB_bwplacement_bs2_staticreq_statictask,SCRUBBED_TIME+LLAMA3-BWB_BMPD640_10_6_8
2,5,0,0,6,13,384,343.98,39.26764315789474,bw,static,static,results,Results,Results_LLAMA31,LLAMA3-BWB-Results,simulator_output_LLAMA3-BWB_bwplacement_bs2_staticreq_statictask,SCRUBBED_TIME+LLAMA3-BWB_BMPD384_5_6_13
2,3,0,0,6,15,384,274.92,39.27040631578948,bw,static,static,results,Results,Results_LLAMA31,LLAMA3-BWB-Results,simulator_output_LLAMA3-BWB_bwplacement_bs2_staticreq_statictask,SCRUBBED_TIME+LLAMA3-BWB_BMPD384_3_6_15
2,7,0,0,7,10,640,348.1,39.28479623529412,bw,static,static,results,Results,Results_LLAMA31,LLAMA3-BWB-Results,simulator_output_LLAMA3-BWB_bwplacement_bs2_staticreq_statictask,SCRUBBED_TIME+LLAMA3-BWB_BMPD640_7_7_10
2,8,0,0,5,11,384,347.88,39.34728575,bw,static,static,results,Results,Results_LLAMA31,LLAMA3-BWB-Results,simulator_output_LLAMA3-BWB_bwplacement_bs2_staticreq_statictask,SCRUBBED_TIME+LLAMA3-BWB_BMPD384_8_5_11
2,4,0,0,7,13,384,317.22,39.4258332,bw,static,static,results,Results,Results_LLAMA31,LLAMA3-BWB-Results,simulator_output_LLAMA3-BWB_bwplacement_bs2_staticreq_statictask,SCRUBBED_TIME+LLAMA3-BWB_BMPD384_4_7_13
2,11,0,0,4,9,384,279.86,39.741796615384615,bw,static,static,results,Results,Results_LLAMA31,LLAMA3-BWB-Results,simulator_output_LLAMA3-BWB_bwplacement_bs2_staticreq_statictask,SCRUBBED_TIME+LLAMA3-BWB_BMPD384_11_4_9
2,12,0,0,5,7,640,270.28,39.760706,bw,static,static,results,Results,Results_LLAMA31,LLAMA3-BWB-Results,simulator_output_LLAMA3-BWB_bwplacement_bs2_staticreq_statictask,SCRUBBED_TIME+LLAMA3-BWB_BMPD640_12_5_7
2,5,0,0,7,12,512,397.16,40.19486694736842,bw,static,static,results,Results,Results_LLAMA31,LLAMA3-BWB-Results,simulator_output_LLAMA3-BWB_bwplacement_bs2_staticreq_statictask,SCRUBBED_TIME+LLAMA3-BWB_BMPD512_5_7_12
2,13,0,0,3,8,256,169.92,40.19987163636363,bw,static,static,results,Results,Results_LLAMA31,LLAMA3-BWB-Results,simulator_output_LLAMA3-BWB_bwplacement_bs2_staticreq_statictask,SCRUBBED_TIME+LLAMA3-BWB_BMPD256_13_3_8
2,7,0,0,6,11,512,420.28,40.24767764705882,bw,static,static,results,Results,Results_LLAMA31,LLAMA3-BWB-Results,simulator_output_LLAMA3-BWB_bwplacement_bs2_staticreq_statictask,SCRUBBED_TIME+LLAMA3-BWB_BMPD512_7_6_11
2,4,0,0,9,11,640,383.14,40.3710894,bw,static,static,results,Results,Results_LLAMA31,LLAMA3-BWB-Results,simulator_output_LLAMA3-BWB_bwplacement_bs2_staticreq_statictask,SCRUBBED_TIME+LLAMA3-BWB_BMPD640_4_9_11
2,14,0,0,3,7,384,216.22,40.3843588,bw,static,static,results,Results,Results_LLAMA31,LLAMA3-BWB-Results,simulator_output_LLAMA3-BWB_bwplacement_bs2_staticreq_statictask,SCRUBBED_TIME+LLAMA3-BWB_BMPD384_14_3_7
2,10,0,0,5,9,512,336.84,40.80232028571428,bw,static,static,results,Results,Results_LLAMA31,LLAMA3-BWB-Results,simulator_output_LLAMA3-BWB_bwplacement_bs2_staticreq_statictask,SCRUBBED_TIME+LLAMA3-BWB_BMPD512_10_5_9
2,12,0,0,4,8,512,325.62,40.956017333333335,bw,static,static,results,Results,Results_LLAMA31,LLAMA3-BWB-Results,simulator_output_LLAMA3-BWB_bwplacement_bs2_staticreq_statictask,SCRUBBED_TIME+LLAMA3-BWB_BMPD512_12_4_8
2,9,0,0,4,11,256,211.62,41.22482693333333,bw,static,static,results,Results,Results_LLAMA31,LLAMA3-BWB-Results,simulator_output_LLAMA3-BWB_bwplacement_bs2_staticreq_statictask,SCRUBBED_TIME+LLAMA3-BWB_BMPD256_9_4_11
2,6,0,0,7,11,640,428.82,41.34671888888889,bw,static,static,results,Results,Results_LLAMA31,LLAMA3-BWB-Results,simulator_output_LLAMA3-BWB_bwplacement_bs2_staticreq_statictask,SCRUBBED_TIME+LLAMA3-BWB_BMPD640_6_7_11
2,3,0,0,7,14,640,304.58,41.34677444444445,bw,static,static,results,Results,Results_LLAMA31,LLAMA3-BWB-Results,simulator_output_LLAMA3-BWB_bwplacement_bs2_staticreq_statictask,SCRUBBED_TIME+LLAMA3-BWB_BMPD640_3_7_14
2,6,0,0,5,13,256,206.5,41.39766844444445,bw,static,static,results,Results,Results_LLAMA31,LLAMA3-BWB-Results,simulator_output_LLAMA3-BWB_bwplacement_bs2_staticreq_statictask,SCRUBBED_TIME+LLAMA3-BWB_BMPD256_6_5_13
2,9,0,0,6,9,640,343.12,41.60860826666666,bw,static,static,results,Results,Results_LLAMA31,LLAMA3-BWB-Results,simulator_output_LLAMA3-BWB_bwplacement_bs2_staticreq_statictask,SCRUBBED_TIME+LLAMA3-BWB_BMPD640_9_6_9
2,13,0,0,4,7,640,256.08,41.64549672727273,bw,static,static,results,Results,Results_LLAMA31,LLAMA3-BWB-Results,simulator_output_LLAMA3-BWB_bwplacement_bs2_staticreq_statictask,SCRUBBED_TIME+LLAMA3-BWB_BMPD640_13_4_7
2,4,0,0,6,14,384,310.08,41.677508200000005,bw,static,static,results,Results,Results_LLAMA31,LLAMA3-BWB-Results,simulator_output_LLAMA3-BWB_bwplacement_bs2_staticreq_statictask,SCRUBBED_TIME+LLAMA3-BWB_BMPD384_4_6_14
2,16,0,0,3,5,640,182.24,41.765989,bw,static,static,results,Results,Results_LLAMA31,LLAMA3-BWB-Results,simulator_output_LLAMA3-BWB_bwplacement_bs2_staticreq_statictask,SCRUBBED_TIME+LLAMA3-BWB_BMPD640_16_3_5
2,7,0,0,5,12,384,340.86,41.97664494117648,bw,static,static,results,Results,Results_LLAMA31,LLAMA3-BWB-Results,simulator_output_LLAMA3-BWB_bwplacement_bs2_staticreq_statictask,SCRUBBED_TIME+LLAMA3-BWB_BMPD384_7_5_12
2,4,0,0,7,13,512,354.7,42.7080144,bw,static,static,results,Results,Results_LLAMA31,LLAMA3-BWB-Results,simulator_output_LLAMA3-BWB_bwplacement_bs2_staticreq_statictask,SCRUBBED_TIME+LLAMA3-BWB_BMPD512_4_7_13
2,6,0,0,6,12,512,409.32,42.71066111111112,bw,static,static,results,Results,Results_LLAMA31,LLAMA3-BWB-Results,simulator_output_LLAMA3-BWB_bwplacement_bs2_staticreq_statictask,SCRUBBED_TIME+LLAMA3-BWB_BMPD512_6_6_12
2,3,0,0,6,15,512,291.66,42.71231111111111,bw,static,static,results,Results,Results_LLAMA31,LLAMA3-BWB-Results,simulator_output_LLAMA3-BWB_bwplacement_bs2_staticreq_statictask,SCRUBBED_TIME+LLAMA3-BWB_BMPD512_3_6_15
2,8,0,0,4,12,256,206.86,42.7736795,bw,static,static,results,Results,Results_LLAMA31,LLAMA3-BWB-Results,simulator_output_LLAMA3-BWB_bwplacement_bs2_staticreq_statictask,SCRUBBED_TIME+LLAMA3-BWB_BMPD256_8_4_12
2,10,0,0,4,10,384,271.34,42.83643285714286,bw,static,static,results,Results,Results_LLAMA31,LLAMA3-BWB-Results,simulator_output_LLAMA3-BWB_bwplacement_bs2_staticreq_statictask,SCRUBBED_TIME+LLAMA3-BWB_BMPD384_10_4_10
2,11,0,0,5,8,640,326.62,42.8589683076923,bw,static,static,results,Results,Results_LLAMA31,LLAMA3-BWB-Results,simulator_output_LLAMA3-BWB_bwplacement_bs2_staticreq_statictask,SCRUBBED_TIME+LLAMA3-BWB_BMPD640_11_5_8
2,15,0,0,3,6,512,202.7,42.95135422222222,bw,static,static,results,Results,Results_LLAMA31,LLAMA3-BWB-Results,simulator_output_LLAMA3-BWB_bwplacement_bs2_staticreq_statictask,SCRUBBED_TIME+LLAMA3-BWB_BMPD512_15_3_6
2,9,0,0,5,10,512,326.86,43.01492426666667,bw,static,static,results,Results,Results_LLAMA31,LLAMA3-BWB-Results,simulator_output_LLAMA3-BWB_bwplacement_bs2_staticreq_statictask,SCRUBBED_TIME+LLAMA3-BWB_BMPD512_9_5_10
2,12,0,0,3,9,256,155.82,43.416102333333335,bw,static,static,results,Results,Results_LLAMA31,LLAMA3-BWB-Results,simulator_output_LLAMA3-BWB_bwplacement_bs2_staticreq_statictask,SCRUBBED_TIME+LLAMA3-BWB_BMPD256_12_3_9
2,2,0,0,3,19,256,186.72,43.416102333333335,bw,static,static,results,Results,Results_LLAMA31,LLAMA3-BWB-Results,simulator_output_LLAMA3-BWB_bwplacement_bs2_staticreq_statictask,SCRUBBED_TIME+LLAMA3-BWB_BMPD256_2_3_19
2,5,0,0,7,12,640,396.56,43.536762315789474,bw,static,static,results,Results,Results_LLAMA31,LLAMA3-BWB-Results,simulator_output_LLAMA3-BWB_bwplacement_bs2_staticreq_statictask,SCRUBBED_TIME+LLAMA3-BWB_BMPD640_5_7_12
2,5,0,0,5,14,256,201.12,43.55021242105264,bw,static,static,results,Results,Results_LLAMA31,LLAMA3-BWB-Results,simulator_output_LLAMA3-BWB_bwplacement_bs2_staticreq_statictask,SCRUBBED_TIME+LLAMA3-BWB_BMPD256_5_5_14
2,3,0,0,5,16,256,210.7,43.55029663157895,bw,static,static,results,Results,Results_LLAMA31,LLAMA3-BWB-Results,simulator_output_LLAMA3-BWB_bwplacement_bs2_staticreq_statictask,SCRUBBED_TIME+LLAMA3-BWB_BMPD256_3_5_16
2,13,0,0,3,8,384,255.36,43.71505127272727,bw,static,static,results,Results,Results_LLAMA31,LLAMA3-BWB-Results,simulator_output_LLAMA3-BWB_bwplacement_bs2_staticreq_statictask,SCRUBBED_TIME+LLAMA3-BWB_BMPD384_13_3_8
2,16,0,0,2,6,256,101.54,44.122521,bw,static,static,results,Results,Results_LLAMA31,LLAMA3-BWB-Results,simulator_output_LLAMA3-BWB_bwplacement_bs2_staticreq_statictask,SCRUBBED_TIME+LLAMA3-BWB_BMPD256_16_2_6
2,8,0,0,6,10,640,328.62,44.15130275,bw,static,static,results,Results,Results_LLAMA31,LLAMA3-BWB-Results,simulator_output_LLAMA3-BWB_bwplacement_bs2_staticreq_statictask,SCRUBBED_TIME+LLAMA3-BWB_BMPD640_8_6_10
2,6,0,0,5,13,384,321.5,44.597566,bw,static,static,results,Results,Results_LLAMA31,LLAMA3-BWB-Results,simulator_output_LLAMA3-BWB_bwplacement_bs2_staticreq_statictask,SCRUBBED_TIME+LLAMA3-BWB_BMPD384_6_5_13
2,12,0,0,4,8,640,311.36,44.601881,bw,static,static,results,Results,Results_LLAMA31,LLAMA3-BWB-Results,simulator_output_LLAMA3-BWB_bwplacement_bs2_staticreq_statictask,SCRUBBED_TIME+LLAMA3-BWB_BMPD640_12_4_8
2,2,0,0,4,18,640,201.06,44.61298933333334,bw,static,static,results,Results,Results_LLAMA31,LLAMA3-BWB-Results,simulator_output_LLAMA3-BWB_bwplacement_bs2_staticreq_statictask,SCRUBBED_TIME+LLAMA3-BWB_BMPD640_2_4_18
2,10,0,0,5,9,640,315.34,44.98733285714286,bw,static,static,results,Results,Results_LLAMA31,LLAMA3-BWB-Results,simulator_output_LLAMA3-BWB_bwplacement_bs2_staticreq_statictask,SCRUBBED_TIME+LLAMA3-BWB_BMPD640_10_5_9
2,5,0,0,6,13,512,364.94,45.080651157894735,bw,static,static,results,Results,Results_LLAMA31,LLAMA3-BWB-Results,simulator_output_LLAMA3-BWB_bwplacement_bs2_staticreq_statictask,SCRUBBED_TIME+LLAMA3-BWB_BMPD512_5_6_13
2,4,0,0,7,13,640,355.38,45.1003894,bw,static,static,results,Results,Results_LLAMA31,LLAMA3-BWB-Results,simulator_output_LLAMA3-BWB_bwplacement_bs2_staticreq_statictask,SCRUBBED_TIME+LLAMA3-BWB_BMPD640_4_7_13
2,8,0,0,5,11,512,390.3,45.386744,bw,static,static,results,Results,Results_LLAMA31,LLAMA3-BWB-Results,simulator_output_LLAMA3-BWB_bwplacement_bs2_staticreq_statictask,SCRUBBED_TIME+LLAMA3-BWB_BMPD512_8_5_11
2,9,0,0,4,11,384,316.3,45.6530752,bw,static,static,results,Results,Results_LLAMA31,LLAMA3-BWB-Results,simulator_output_LLAMA3-BWB_bwplacement_bs2_staticreq_statictask,SCRUBBED_TIME+LLAMA3-BWB_BMPD384_9_4_11
2,4,0,0,5,15,256,190.0,45.8300588,bw,static,static,results,Results,Results_LLAMA31,LLAMA3-BWB-Results,simulator_output_LLAMA3-BWB_bwplacement_bs2_staticreq_statictask,SCRUBBED_TIME+LLAMA3-BWB_BMPD256_4_5_15
2,11,0,0,4,9,512,302.66,46.02783723076923,bw,static,static,results,Results,Results_LLAMA31,LLAMA3-BWB-Results,simulator_output_LLAMA3-BWB_bwplacement_bs2_staticreq_statictask,SCRUBBED_TIME+LLAMA3-BWB_BMPD512_11_4_9
2,7,0,0,4,13,256,189.54,46.27176423529412,bw,static,static,results,Results,Results_LLAMA31,LLAMA3-BWB-Results,simulator_output_LLAMA3-BWB_bwplacement_bs2_staticreq_statictask,SCRUBBED_TIME+LLAMA3-BWB_BMPD256_7_4_13
2,7,0,0,6,11,640,408.06,46.39031976470588,bw,static,static,results,Results,Results_LLAMA31,LLAMA3-BWB-Results,simulator_output_LLAMA3-BWB_bwplacement_bs2_staticreq_statictask,SCRUBBED_TIME+LLAMA3-BWB_BMPD640_7_6_11
2,5,0,0,5,14,384,296.62,46.938732631578944,bw,static,static,results,Results,Results_LLAMA31,LLAMA3-BWB-Results,simulator_output_LLAMA3-BWB_bwplacement_bs2_staticreq_statictask,SCRUBBED_TIME+LLAMA3-BWB_BMPD384_5_5_14
2,3,0,0,5,16,384,250.68,46.94216947368422,bw,static,static,results,Results,Results_LLAMA31,LLAMA3-BWB-Results,simulator_output_LLAMA3-BWB_bwplacement_bs2_staticreq_statictask,SCRUBBED_TIME+LLAMA3-BWB_BMPD384_3_5_16
2,15,0,0,3,6,640,192.44,47.053924888888886,bw,static,static,results,Results,Results_LLAMA31,LLAMA3-BWB-Results,simulator_output_LLAMA3-BWB_bwplacement_bs2_staticreq_statictask,SCRUBBED_TIME+LLAMA3-BWB_BMPD640_15_3_6
2,14,0,0,3,7,512,223.04,47.198662,bw,static,static,results,Results,Results_LLAMA31,LLAMA3-BWB-Results,simulator_output_LLAMA3-BWB_bwplacement_bs2_staticreq_statictask,SCRUBBED_TIME+LLAMA3-BWB_BMPD512_14_3_7
2,12,0,0,3,9,384,238.68,47.25153433333334,bw,static,static,results,Results,Results_LLAMA31,LLAMA3-BWB-Results,simulator_output_LLAMA3-BWB_bwplacement_bs2_staticreq_statictask,SCRUBBED_TIME+LLAMA3-BWB_BMPD384_12_3_9
2,2,0,0,3,19,384,168.14,47.25614266666666,bw,static,static,results,Results,Results_LLAMA31,LLAMA3-BWB-Results,simulator_output_LLAMA3-BWB_bwplacement_bs2_staticreq_statictask,SCRUBBED_TIME+LLAMA3-BWB_BMPD384_2_3_19
2,4,0,0,6,14,512,323.56,47.5332944,bw,static,static,results,Results,Results_LLAMA31,LLAMA3-BWB-Results,simulator_output_LLAMA3-BWB_bwplacement_bs2_staticreq_statictask,SCRUBBED_TIME+LLAMA3-BWB_BMPD512_4_6_14
2,9,0,0,5,10,640,302.62,47.60582826666666,bw,static,static,results,Results,Results_LLAMA31,LLAMA3-BWB-Results,simulator_output_LLAMA3-BWB_bwplacement_bs2_staticreq_statictask,SCRUBBED_TIME+LLAMA3-BWB_BMPD640_9_5_10
2,8,0,0,4,12,384,305.16,47.681067,bw,static,static,results,Results,Results_LLAMA31,LLAMA3-BWB-Results,simulator_output_LLAMA3-BWB_bwplacement_bs2_staticreq_statictask,SCRUBBED_TIME+LLAMA3-BWB_BMPD384_8_4_12
2,7,0,0,5,12,512,383.88,47.79342470588236,bw,static,static,results,Results,Results_LLAMA31,LLAMA3-BWB-Results,simulator_output_LLAMA3-BWB_bwplacement_bs2_staticreq_statictask,SCRUBBED_TIME+LLAMA3-BWB_BMPD512_7_5_12
2,11,0,0,3,10,256,149.12,47.964964615384616,bw,static,static,results,Results,Results_LLAMA31,LLAMA3-BWB-Results,simulator_output_LLAMA3-BWB_bwplacement_bs2_staticreq_statictask,SCRUBBED_TIME+LLAMA3-BWB_BMPD256_11_3_10
2,3,0,0,6,15,640,275.6,47.98154111111111,bw,static,static,results,Results,Results_LLAMA31,LLAMA3-BWB-Results,simulator_output_LLAMA3-BWB_bwplacement_bs2_staticreq_statictask,SCRUBBED_TIME+LLAMA3-BWB_BMPD640_3_6_15
2,6,0,0,6,12,640,388.58,48.142157777777776,bw,static,static,results,Results,Results_LLAMA31,LLAMA3-BWB-Results,simulator_output_LLAMA3-BWB_bwplacement_bs2_staticreq_statictask,SCRUBBED_TIME+LLAMA3-BWB_BMPD640_6_6_12
2,16,0,0,2,6,384,155.02,48.5111595,bw,static,static,results,Results,Results_LLAMA31,LLAMA3-BWB-Results,simulator_output_LLAMA3-BWB_bwplacement_bs2_staticreq_statictask,SCRUBBED_TIME+LLAMA3-BWB_BMPD384_16_2_6
2,15,0,0,2,7,256,106.56,48.95961288888889,bw,static,static,results,Results,Results_LLAMA31,LLAMA3-BWB-Results,simulator_output_LLAMA3-BWB_bwplacement_bs2_staticreq_statictask,SCRUBBED_TIME+LLAMA3-BWB_BMPD256_15_2_7
2,10,0,0,4,10,512,287.58,48.98489171428572,bw,static,static,results,Results,Results_LLAMA31,LLAMA3-BWB-Results,simulator_output_LLAMA3-BWB_bwplacement_bs2_staticreq_statictask,SCRUBBED_TIME+LLAMA3-BWB_BMPD512_10_4_10
2,6,0,0,4,14,256,193.18,49.09000177777778,bw,static,static,results,Results,Results_LLAMA31,LLAMA3-BWB-Results,simulator_output_LLAMA3-BWB_bwplacement_bs2_staticreq_statictask,SCRUBBED_TIME+LLAMA3-BWB_BMPD256_6_4_14
2,4,0,0,5,15,384,269.62,49.4652882,bw,static,static,results,Results,Results_LLAMA31,LLAMA3-BWB-Results,simulator_output_LLAMA3-BWB_bwplacement_bs2_staticreq_statictask,SCRUBBED_TIME+LLAMA3-BWB_BMPD384_4_5_15
2,11,0,0,4,9,640,282.2,50.03293753846154,bw,static,static,results,Results,Results_LLAMA31,LLAMA3-BWB-Results,simulator_output_LLAMA3-BWB_bwplacement_bs2_staticreq_statictask,SCRUBBED_TIME+LLAMA3-BWB_BMPD640_11_4_9
2,5,0,0,6,13,640,363.74,50.56924652631579,bw,static,static,results,Results,Results_LLAMA31,LLAMA3-BWB-Results,simulator_output_LLAMA3-BWB_bwplacement_bs2_staticreq_statictask,SCRUBBED_TIME+LLAMA3-BWB_BMPD640_5_6_13
2,8,0,0,5,11,640,370.66,50.5750715,bw,static,static,results,Results,Results_LLAMA31,LLAMA3-BWB-Results,simulator_output_LLAMA3-BWB_bwplacement_bs2_staticreq_statictask,SCRUBBED_TIME+LLAMA3-BWB_BMPD640_8_5_11
2,9,0,0,4,11,512,351.16,50.7602976,bw,static,static,results,Results,Results_LLAMA31,LLAMA3-BWB-Results,simulator_output_LLAMA3-BWB_bwplacement_bs2_staticreq_statictask,SCRUBBED_TIME+LLAMA3-BWB_BMPD512_9_4_11
2,6,0,0,5,13,512,352.42,50.783483333333336,bw,static,static,results,Results,Results_LLAMA31,LLAMA3-BWB-Results,simulator_output_LLAMA3-BWB_bwplacement_bs2_staticreq_statictask,SCRUBBED_TIME+LLAMA3-BWB_BMPD512_6_5_13
2,3,0,0,5,16,512,282.38,50.79539444444445,bw,static,static,results,Results,Results_LLAMA31,LLAMA3-BWB-Results,simulator_output_LLAMA3-BWB_bwplacement_bs2_staticreq_statictask,SCRUBBED_TIME+LLAMA3-BWB_BMPD512_3_5_16
2,7,0,0,4,13,384,287.48,50.931962588235294,bw,static,static,results,Results,Results_LLAMA31,LLAMA3-BWB-Results,simulator_output_LLAMA3-BWB_bwplacement_bs2_staticreq_statictask,SCRUBBED_TIME+LLAMA3-BWB_BMPD384_7_4_13
2,3,0,0,4,17,256,184.08,50.99321768421052,bw,static,static,results,Results,Results_LLAMA31,LLAMA3-BWB-Results,simulator_output_LLAMA3-BWB_bwplacement_bs2_staticreq_statictask,SCRUBBED_TIME+LLAMA3-BWB_BMPD256_3_4_17
2,13,0,0,3,8,512,263.78,51.010887636363634,bw,static,static,results,Results,Results_LLAMA31,LLAMA3-BWB-Results,simulator_output_LLAMA3-BWB_bwplacement_bs2_staticreq_statictask,SCRUBBED_TIME+LLAMA3-BWB_BMPD512_13_3_8
2,5,0,0,4,15,256,173.7,51.11327031578948,bw,static,static,results,Results,Results_LLAMA31,LLAMA3-BWB-Results,simulator_output_LLAMA3-BWB_bwplacement_bs2_staticreq_statictask,SCRUBBED_TIME+LLAMA3-BWB_BMPD256_5_4_15
2,10,0,0,3,11,256,169.54,51.22990542857143,bw,static,static,results,Results,Results_LLAMA31,LLAMA3-BWB-Results,simulator_output_LLAMA3-BWB_bwplacement_bs2_staticreq_statictask,SCRUBBED_TIME+LLAMA3-BWB_BMPD256_10_3_11
2,14,0,0,3,7,640,205.36,52.0015136,bw,static,static,results,Results,Results_LLAMA31,LLAMA3-BWB-Results,simulator_output_LLAMA3-BWB_bwplacement_bs2_staticreq_statictask,SCRUBBED_TIME+LLAMA3-BWB_BMPD640_14_3_7
2,11,0,0,3,10,384,223.08,52.29060430769231,bw,static,static,results,Results,Results_LLAMA31,LLAMA3-BWB-Results,simulator_output_LLAMA3-BWB_bwplacement_bs2_staticreq_statictask,SCRUBBED_TIME+LLAMA3-BWB_BMPD384_11_3_10
2,4,0,0,4,16,256,199.42,52.6035938,bw,static,static,results,Results,Results_LLAMA31,LLAMA3-BWB-Results,simulator_output_LLAMA3-BWB_bwplacement_bs2_staticreq_statictask,SCRUBBED_TIME+LLAMA3-BWB_BMPD256_4_4_16
2,4,0,0,6,14,640,317.66,52.7161244,bw,static,static,results,Results,Results_LLAMA31,LLAMA3-BWB-Results,simulator_output_LLAMA3-BWB_bwplacement_bs2_staticreq_statictask,SCRUBBED_TIME+LLAMA3-BWB_BMPD640_4_6_14
2,10,0,0,4,10,640,266.96,53.11716142857143,bw,static,static,results,Results,Results_LLAMA31,LLAMA3-BWB-Results,simulator_output_LLAMA3-BWB_bwplacement_bs2_staticreq_statictask,SCRUBBED_TIME+LLAMA3-BWB_BMPD640_10_4_10
2,7,0,0,5,12,640,350.02,53.43571388235294,bw,static,static,results,Results,Results_LLAMA31,LLAMA3-BWB-Results,simulator_output_LLAMA3-BWB_bwplacement_bs2_staticreq_statictask,SCRUBBED_TIME+LLAMA3-BWB_BMPD640_7_5_12
2,5,0,0,5,14,512,323.08,53.73184063157895,bw,static,static,results,Results,Results_LLAMA31,LLAMA3-BWB-Results,simulator_output_LLAMA3-BWB_bwplacement_bs2_staticreq_statictask,SCRUBBED_TIME+LLAMA3-BWB_BMPD512_5_5_14
2,15,0,0,2,7,384,163.68,53.829261333333335,bw,static,static,results,Results,Results_LLAMA31,LLAMA3-BWB-Results,simulator_output_LLAMA3-BWB_bwplacement_bs2_staticreq_statictask,SCRUBBED_TIME+LLAMA3-BWB_BMPD384_15_2_7
2,14,0,0,2,8,256,130.98,53.9492624,bw,static,static,results,Results,Results_LLAMA31,LLAMA3-BWB-Results,simulator_output_LLAMA3-BWB_bwplacement_bs2_staticreq_statictask,SCRUBBED_TIME+LLAMA3-BWB_BMPD256_14_2_8
2,9,0,0,3,12,256,164.32,54.4711536,bw,static,static,results,Results,Results_LLAMA31,LLAMA3-BWB-Results,simulator_output_LLAMA3-BWB_bwplacement_bs2_staticreq_statictask,SCRUBBED_TIME+LLAMA3-BWB_BMPD256_9_3_12
2,6,0,0,4,14,384,276.48,54.49165488888889,bw,static,static,results,Results,Results_LLAMA31,LLAMA3-BWB-Results,simulator_output_LLAMA3-BWB_bwplacement_bs2_staticreq_statictask,SCRUBBED_TIME+LLAMA3-BWB_BMPD384_6_4_14
2,8,0,0,4,12,512,322.56,54.8169315,bw,static,static,results,Results,Results_LLAMA31,LLAMA3-BWB-Results,simulator_output_LLAMA3-BWB_bwplacement_bs2_staticreq_statictask,SCRUBBED_TIME+LLAMA3-BWB_BMPD512_8_4_12
2,12,0,0,3,9,512,249.98,55.051534,bw,static,static,results,Results,Results_LLAMA31,LLAMA3-BWB-Results,simulator_output_LLAMA3-BWB_bwplacement_bs2_staticreq_statictask,SCRUBBED_TIME+LLAMA3-BWB_BMPD512_12_3_9
2,2,0,0,3,19,512,171.26,55.05354233333333,bw,static,static,results,Results,Results_LLAMA31,LLAMA3-BWB-Results,simulator_output_LLAMA3-BWB_bwplacement_bs2_staticreq_statictask,SCRUBBED_TIME+LLAMA3-BWB_BMPD512_2_3_19
2,9,0,0,4,11,640,330.0,55.1191016,bw,static,static,results,Results,Results_LLAMA31,LLAMA3-BWB-Results,simulator_output_LLAMA3-BWB_bwplacement_bs2_staticreq_statictask,SCRUBBED_TIME+LLAMA3-BWB_BMPD640_9_4_11
2,16,0,0,2,6,512,152.52,55.406146,bw,static,static,results,Results,Results_LLAMA31,LLAMA3-BWB-Results,simulator_output_LLAMA3-BWB_bwplacement_bs2_staticreq_statictask,SCRUBBED_TIME+LLAMA3-BWB_BMPD512_16_2_6
2,10,0,0,3,11,384,247.54,55.84334714285714,bw,static,static,results,Results,Results_LLAMA31,LLAMA3-BWB-Results,simulator_output_LLAMA3-BWB_bwplacement_bs2_staticreq_statictask,SCRUBBED_TIME+LLAMA3-BWB_BMPD384_10_3_11
2,4,0,0,5,15,512,291.12,55.8671794,bw,static,static,results,Results,Results_LLAMA31,LLAMA3-BWB-Results,simulator_output_LLAMA3-BWB_bwplacement_bs2_staticreq_statictask,SCRUBBED_TIME+LLAMA3-BWB_BMPD512_4_5_15
2,13,0,0,3,8,640,245.08,56.13745127272728,bw,static,static,results,Results,Results_LLAMA31,LLAMA3-BWB-Results,simulator_output_LLAMA3-BWB_bwplacement_bs2_staticreq_statictask,SCRUBBED_TIME+LLAMA3-BWB_BMPD640_13_3_8
2,3,0,0,4,17,384,213.66,56.69775894736842,bw,static,static,results,Results,Results_LLAMA31,LLAMA3-BWB-Results,simulator_output_LLAMA3-BWB_bwplacement_bs2_staticreq_statictask,SCRUBBED_TIME+LLAMA3-BWB_BMPD384_3_4_17
2,6,0,0,5,13,640,325.08,57.17928,bw,static,static,results,Results,Results_LLAMA31,LLAMA3-BWB-Results,simulator_output_LLAMA3-BWB_bwplacement_bs2_staticreq_statictask,SCRUBBED_TIME+LLAMA3-BWB_BMPD640_6_5_13
2,3,0,0,5,16,640,255.8,57.193824444444445,bw,static,static,results,Results,Results_LLAMA31,LLAMA3-BWB-Results,simulator_output_LLAMA3-BWB_bwplacement_bs2_staticreq_statictask,SCRUBBED_TIME+LLAMA3-BWB_BMPD640_3_5_16
2,5,0,0,4,15,384,256.68,57.58171684210526,bw,static,static,results,Results,Results_LLAMA31,LLAMA3-BWB-Results,simulator_output_LLAMA3-BWB_bwplacement_bs2_staticreq_statictask,SCRUBBED_TIME+LLAMA3-BWB_BMPD384_5_4_15
2,7,0,0,4,13,512,303.8,57.626483529411765,bw,static,static,results,Results,Results_LLAMA31,LLAMA3-BWB-Results,simulator_output_LLAMA3-BWB_bwplacement_bs2_staticreq_statictask,SCRUBBED_TIME+LLAMA3-BWB_BMPD512_7_4_13
2,8,0,0,3,13,256,145.46,57.92591075,bw,static,static,results,Results,Results_LLAMA31,LLAMA3-BWB-Results,simulator_output_LLAMA3-BWB_bwplacement_bs2_staticreq_statictask,SCRUBBED_TIME+LLAMA3-BWB_BMPD256_8_3_13
2,8,0,0,4,12,640,306.42,58.37936525,bw,static,static,results,Results,Results_LLAMA31,LLAMA3-BWB-Results,simulator_output_LLAMA3-BWB_bwplacement_bs2_staticreq_statictask,SCRUBBED_TIME+LLAMA3-BWB_BMPD640_8_4_12
2,13,0,0,2,9,256,111.24,58.41617163636364,bw,static,static,results,Results,Results_LLAMA31,LLAMA3-BWB-Results,simulator_output_LLAMA3-BWB_bwplacement_bs2_staticreq_statictask,SCRUBBED_TIME+LLAMA3-BWB_BMPD256_13_2_9
2,14,0,0,2,8,384,180.76,59.3153588,bw,static,static,results,Results,Results_LLAMA31,LLAMA3-BWB-Results,simulator_output_LLAMA3-BWB_bwplacement_bs2_staticreq_statictask,SCRUBBED_TIME+LLAMA3-BWB_BMPD384_14_2_8
2,4,0,0,4,16,384,240.18,59.316793200000006,bw,static,static,results,Results,Results_LLAMA31,LLAMA3-BWB-Results,simulator_output_LLAMA3-BWB_bwplacement_bs2_staticreq_statictask,SCRUBBED_TIME+LLAMA3-BWB_BMPD384_4_4_16
2,9,0,0,3,12,384,237.72,59.40722186666667,bw,static,static,results,Results,Results_LLAMA31,LLAMA3-BWB-Results,simulator_output_LLAMA3-BWB_bwplacement_bs2_staticreq_statictask,SCRUBBED_TIME+LLAMA3-BWB_BMPD384_9_3_12
2,5,0,0,5,14,640,297.18,60.04966757894736,bw,static,static,results,Results,Results_LLAMA31,LLAMA3-BWB-Results,simulator_output_LLAMA3-BWB_bwplacement_bs2_staticreq_statictask,SCRUBBED_TIME+LLAMA3-BWB_BMPD640_5_5_14
2,16,0,0,2,6,640,138.4,60.5771765,bw,static,static,results,Results,Results_LLAMA31,LLAMA3-BWB-Results,simulator_output_LLAMA3-BWB_bwplacement_bs2_staticreq_statictask,SCRUBBED_TIME+LLAMA3-BWB_BMPD640_16_2_6
2,12,0,0,3,9,640,220.38,60.74114766666666,bw,static,static,results,Results,Results_LLAMA31,LLAMA3-BWB-Results,simulator_output_LLAMA3-BWB_bwplacement_bs2_staticreq_statictask,SCRUBBED_TIME+LLAMA3-BWB_BMPD640_12_3_9
2,2,0,0,3,19,640,149.58,60.743506,bw,static,static,results,Results,Results_LLAMA31,LLAMA3-BWB-Results,simulator_output_LLAMA3-BWB_bwplacement_bs2_staticreq_statictask,SCRUBBED_TIME+LLAMA3-BWB_BMPD640_2_3_19
2,11,0,0,3,10,512,219.92,60.754168,bw,static,static,results,Results,Results_LLAMA31,LLAMA3-BWB-Results,simulator_output_LLAMA3-BWB_bwplacement_bs2_staticreq_statictask,SCRUBBED_TIME+LLAMA3-BWB_BMPD512_11_3_10
2,15,0,0,2,7,512,157.3,61.48025422222222,bw,static,static,results,Results,Results_LLAMA31,LLAMA3-BWB-Results,simulator_output_LLAMA3-BWB_bwplacement_bs2_staticreq_statictask,SCRUBBED_TIME+LLAMA3-BWB_BMPD512_15_2_7
2,7,0,0,3,14,256,142.0,61.78320541176471,bw,static,static,results,Results,Results_LLAMA31,LLAMA3-BWB-Results,simulator_output_LLAMA3-BWB_bwplacement_bs2_staticreq_statictask,SCRUBBED_TIME+LLAMA3-BWB_BMPD256_7_3_14
2,6,0,0,4,14,512,271.62,62.18676111111111,bw,static,static,results,Results,Results_LLAMA31,LLAMA3-BWB-Results,simulator_output_LLAMA3-BWB_bwplacement_bs2_staticreq_statictask,SCRUBBED_TIME+LLAMA3-BWB_BMPD512_6_4_14
2,3,0,0,4,17,512,219.66,62.197227777777776,bw,static,static,results,Results,Results_LLAMA31,LLAMA3-BWB-Results,simulator_output_LLAMA3-BWB_bwplacement_bs2_staticreq_statictask,SCRUBBED_TIME+LLAMA3-BWB_BMPD512_3_4_17
2,4,0,0,5,15,640,245.72,63.0187094,bw,static,static,results,Results,Results_LLAMA31,LLAMA3-BWB-Results,simulator_output_LLAMA3-BWB_bwplacement_bs2_staticreq_statictask,SCRUBBED_TIME+LLAMA3-BWB_BMPD640_4_5_15
2,12,0,0,2,10,256,105.8,63.16510233333334,bw,static,static,results,Results,Results_LLAMA31,LLAMA3-BWB-Results,simulator_output_LLAMA3-BWB_bwplacement_bs2_staticreq_statictask,SCRUBBED_TIME+LLAMA3-BWB_BMPD256_12_2_10
2,2,0,0,2,20,256,118.64,63.16522733333333,bw,static,static,results,Results,Results_LLAMA31,LLAMA3-BWB-Results,simulator_output_LLAMA3-BWB_bwplacement_bs2_staticreq_statictask,SCRUBBED_TIME+LLAMA3-BWB_BMPD256_2_2_20
2,8,0,0,3,13,384,204.8,63.20578575,bw,static,static,results,Results,Results_LLAMA31,LLAMA3-BWB-Results,simulator_output_LLAMA3-BWB_bwplacement_bs2_staticreq_statictask,SCRUBBED_TIME+LLAMA3-BWB_BMPD384_8_3_13
2,13,0,0,2,9,384,159.3,64.22658763636363,bw,static,static,results,Results,Results_LLAMA31,LLAMA3-BWB-Results,simulator_output_LLAMA3-BWB_bwplacement_bs2_staticreq_statictask,SCRUBBED_TIME+LLAMA3-BWB_BMPD384_13_2_9
2,7,0,0,4,13,640,270.26,64.3764785882353,bw,static,static,results,Results,Results_LLAMA31,LLAMA3-BWB-Results,simulator_output_LLAMA3-BWB_bwplacement_bs2_staticreq_statictask,SCRUBBED_TIME+LLAMA3-BWB_BMPD640_7_4_13
2,10,0,0,3,11,512,243.38,64.83029171428572,bw,static,static,results,Results,Results_LLAMA31,LLAMA3-BWB-Results,simulator_output_LLAMA3-BWB_bwplacement_bs2_staticreq_statictask,SCRUBBED_TIME+LLAMA3-BWB_BMPD512_10_3_11
2,6,0,0,4,14,640,256.24,65.60873555555555,bw,static,static,results,Results,Results_LLAMA31,LLAMA3-BWB-Results,simulator_output_LLAMA3-BWB_bwplacement_bs2_staticreq_statictask,SCRUBBED_TIME+LLAMA3-BWB_BMPD640_6_4_14
2,3,0,0,4,17,640,192.24,65.62033555555556,bw,static,static,results,Results,Results_LLAMA31,LLAMA3-BWB-Results,simulator_output_LLAMA3-BWB_bwplacement_bs2_staticreq_statictask,SCRUBBED_TIME+LLAMA3-BWB_BMPD640_3_4_17
2,6,0,0,3,15,256,130.82,65.64924066666667,bw,static,static,results,Results,Results_LLAMA31,LLAMA3-BWB-Results,simulator_output_LLAMA3-BWB_bwplacement_bs2_staticreq_statictask,SCRUBBED_TIME+LLAMA3-BWB_BMPD256_6_3_15
2,5,0,0,4,15,512,245.42,66.09370905263158,bw,static,static,results,Results,Results_LLAMA31,LLAMA3-BWB-Results,simulator_output_LLAMA3-BWB_bwplacement_bs2_staticreq_statictask,SCRUBBED_TIME+LLAMA3-BWB_BMPD512_5_4_15
2,11,0,0,3,10,640,187.8,66.941476,bw,static,static,results,Results,Results_LLAMA31,LLAMA3-BWB-Results,simulator_output_LLAMA3-BWB_bwplacement_bs2_staticreq_statictask,SCRUBBED_TIME+LLAMA3-BWB_BMPD640_11_3_10
2,15,0,0,2,7,640,135.04,67.21879155555555,bw,static,static,results,Results,Results_LLAMA31,LLAMA3-BWB-Results,simulator_output_LLAMA3-BWB_bwplacement_bs2_staticreq_statictask,SCRUBBED_TIME+LLAMA3-BWB_BMPD640_15_2_7
2,7,0,0,3,14,384,199.52,67.47149788235295,bw,static,static,results,Results,Results_LLAMA31,LLAMA3-BWB-Results,simulator_output_LLAMA3-BWB_bwplacement_bs2_staticreq_statictask,SCRUBBED_TIME+LLAMA3-BWB_BMPD384_7_3_14
2,14,0,0,2,8,512,169.76,67.746402,bw,static,static,results,Results,Results_LLAMA31,LLAMA3-BWB-Results,simulator_output_LLAMA3-BWB_bwplacement_bs2_staticreq_statictask,SCRUBBED_TIME+LLAMA3-BWB_BMPD512_14_2_8
2,5,0,0,3,16,256,143.98,68.66930189473685,bw,static,static,results,Results,Results_LLAMA31,LLAMA3-BWB-Results,simulator_output_LLAMA3-BWB_bwplacement_bs2_staticreq_statictask,SCRUBBED_TIME+LLAMA3-BWB_BMPD256_5_3_16
2,4,0,0,4,16,512,228.62,68.93522940000001,bw,static,static,results,Results,Results_LLAMA31,LLAMA3-BWB-Results,simulator_output_LLAMA3-BWB_bwplacement_bs2_staticreq_statictask,SCRUBBED_TIME+LLAMA3-BWB_BMPD512_4_4_16
2,9,0,0,3,12,512,223.42,68.94312426666667,bw,static,static,results,Results,Results_LLAMA31,LLAMA3-BWB-Results,simulator_output_LLAMA3-BWB_bwplacement_bs2_staticreq_statictask,SCRUBBED_TIME+LLAMA3-BWB_BMPD512_9_3_12
2,3,0,0,3,18,256,116.44,69.11118610526316,bw,static,static,results,Results,Results_LLAMA31,LLAMA3-BWB-Results,simulator_output_LLAMA3-BWB_bwplacement_bs2_staticreq_statictask,SCRUBBED_TIME+LLAMA3-BWB_BMPD256_3_3_18
2,12,0,0,2,10,384,143.94,69.44756766666667,bw,static,static,results,Results,Results_LLAMA31,LLAMA3-BWB-Results,simulator_output_LLAMA3-BWB_bwplacement_bs2_staticreq_statictask,SCRUBBED_TIME+LLAMA3-BWB_BMPD384_12_2_10
2,2,0,0,2,20,384,101.6,69.44923433333332,bw,static,static,results,Results,Results_LLAMA31,LLAMA3-BWB-Results,simulator_output_LLAMA3-BWB_bwplacement_bs2_staticreq_statictask,SCRUBBED_TIME+LLAMA3-BWB_BMPD384_2_2_20
2,5,0,0,4,15,640,218.02,69.75186757894737,bw,static,static,results,Results,Results_LLAMA31,LLAMA3-BWB-Results,simulator_output_LLAMA3-BWB_bwplacement_bs2_staticreq_statictask,SCRUBBED_TIME+LLAMA3-BWB_BMPD640_5_4_15
2,11,0,0,2,11,256,101.28,69.95878,bw,static,static,results,Results,Results_LLAMA31,LLAMA3-BWB-Results,simulator_output_LLAMA3-BWB_bwplacement_bs2_staticreq_statictask,SCRUBBED_TIME+LLAMA3-BWB_BMPD256_11_2_11
2,10,0,0,3,11,640,208.38,71.30026857142856,bw,static,static,results,Results,Results_LLAMA31,LLAMA3-BWB-Results,simulator_output_LLAMA3-BWB_bwplacement_bs2_staticreq_statictask,SCRUBBED_TIME+LLAMA3-BWB_BMPD640_10_3_11
2,6,0,0,3,15,384,172.9,71.720966,bw,static,static,results,Results,Results_LLAMA31,LLAMA3-BWB-Results,simulator_output_LLAMA3-BWB_bwplacement_bs2_staticreq_statictask,SCRUBBED_TIME+LLAMA3-BWB_BMPD384_6_3_15
2,4,0,0,3,17,256,110.9,72.8139738,bw,static,static,results,Results,Results_LLAMA31,LLAMA3-BWB-Results,simulator_output_LLAMA3-BWB_bwplacement_bs2_staticreq_statictask,SCRUBBED_TIME+LLAMA3-BWB_BMPD256_4_3_17
2,8,0,0,3,13,512,187.64,73.28206275,bw,static,static,results,Results,Results_LLAMA31,LLAMA3-BWB-Results,simulator_output_LLAMA3-BWB_bwplacement_bs2_staticreq_statictask,SCRUBBED_TIME+LLAMA3-BWB_BMPD512_8_3_13
2,13,0,0,2,9,512,148.4,73.35576945454545,bw,static,static,results,Results,Results_LLAMA31,LLAMA3-BWB-Results,simulator_output_LLAMA3-BWB_bwplacement_bs2_staticreq_statictask,SCRUBBED_TIME+LLAMA3-BWB_BMPD512_13_2_9
2,14,0,0,2,8,640,145.0,74.07035359999999,bw,static,static,results,Results,Results_LLAMA31,LLAMA3-BWB-Results,simulator_output_LLAMA3-BWB_bwplacement_bs2_staticreq_statictask,SCRUBBED_TIME+LLAMA3-BWB_BMPD640_14_2_8
2,10,0,0,2,12,256,89.6,74.72600542857143,bw,static,static,results,Results,Results_LLAMA31,LLAMA3-BWB-Results,simulator_output_LLAMA3-BWB_bwplacement_bs2_staticreq_statictask,SCRUBBED_TIME+LLAMA3-BWB_BMPD256_10_2_12
2,4,0,0,4,16,640,183.92,75.0698344,bw,static,static,results,Results,Results_LLAMA31,LLAMA3-BWB-Results,simulator_output_LLAMA3-BWB_bwplacement_bs2_staticreq_statictask,SCRUBBED_TIME+LLAMA3-BWB_BMPD640_4_4_16
2,5,0,0,3,16,384,172.88,75.50593263157896,bw,static,static,results,Results,Results_LLAMA31,LLAMA3-BWB-Results,simulator_output_LLAMA3-BWB_bwplacement_bs2_staticreq_statictask,SCRUBBED_TIME+LLAMA3-BWB_BMPD384_5_3_16
2,3,0,0,3,18,384,119.12,75.50673263157896,bw,static,static,results,Results,Results_LLAMA31,LLAMA3-BWB-Results,simulator_output_LLAMA3-BWB_bwplacement_bs2_staticreq_statictask,SCRUBBED_TIME+LLAMA3-BWB_BMPD384_3_3_18
2,9,0,0,3,12,640,176.68,75.84576826666667,bw,static,static,results,Results,Results_LLAMA31,LLAMA3-BWB-Results,simulator_output_LLAMA3-BWB_bwplacement_bs2_staticreq_statictask,SCRUBBED_TIME+LLAMA3-BWB_BMPD640_9_3_12
2,11,0,0,2,11,384,128.7,76.91700430769231,bw,static,static,results,Results,Results_LLAMA31,LLAMA3-BWB-Results,simulator_output_LLAMA3-BWB_bwplacement_bs2_staticreq_statictask,SCRUBBED_TIME+LLAMA3-BWB_BMPD384_11_2_11
2,7,0,0,3,14,512,161.64,78.12844235294116,bw,static,static,results,Results,Results_LLAMA31,LLAMA3-BWB-Results,simulator_output_LLAMA3-BWB_bwplacement_bs2_staticreq_statictask,SCRUBBED_TIME+LLAMA3-BWB_BMPD512_7_3_14
2,12,0,0,2,10,512,117.48,79.319134,bw,static,static,results,Results,Results_LLAMA31,LLAMA3-BWB-Results,simulator_output_LLAMA3-BWB_bwplacement_bs2_staticreq_statictask,SCRUBBED_TIME+LLAMA3-BWB_BMPD512_12_2_10
2,2,0,0,2,20,512,80.94,79.31914233333333,bw,static,static,results,Results,Results_LLAMA31,LLAMA3-BWB-Results,simulator_output_LLAMA3-BWB_bwplacement_bs2_staticreq_statictask,SCRUBBED_TIME+LLAMA3-BWB_BMPD512_2_2_20
2,9,0,0,2,13,256,72.18,79.5098536,bw,static,static,results,Results,Results_LLAMA31,LLAMA3-BWB-Results,simulator_output_LLAMA3-BWB_bwplacement_bs2_staticreq_statictask,SCRUBBED_TIME+LLAMA3-BWB_BMPD256_9_2_13
2,4,0,0,3,17,384,127.92,79.5988832,bw,static,static,results,Results,Results_LLAMA31,LLAMA3-BWB-Results,simulator_output_LLAMA3-BWB_bwplacement_bs2_staticreq_statictask,SCRUBBED_TIME+LLAMA3-BWB_BMPD384_4_3_17
2,13,0,0,2,9,640,110.96,80.20376036363636,bw,static,static,results,Results,Results_LLAMA31,LLAMA3-BWB-Results,simulator_output_LLAMA3-BWB_bwplacement_bs2_staticreq_statictask,SCRUBBED_TIME+LLAMA3-BWB_BMPD640_13_2_9
2,8,0,0,3,13,640,152.72,80.3768215,bw,static,static,results,Results,Results_LLAMA31,LLAMA3-BWB-Results,simulator_output_LLAMA3-BWB_bwplacement_bs2_staticreq_statictask,SCRUBBED_TIME+LLAMA3-BWB_BMPD640_8_3_13
2,10,0,0,2,12,384,104.18,82.15864714285715,bw,static,static,results,Results,Results_LLAMA31,LLAMA3-BWB-Results,simulator_output_LLAMA3-BWB_bwplacement_bs2_staticreq_statictask,SCRUBBED_TIME+LLAMA3-BWB_BMPD384_10_2_12
2,6,0,0,3,15,512,131.5,82.98313333333333,bw,static,static,results,Results,Results_LLAMA31,LLAMA3-BWB-Results,simulator_output_LLAMA3-BWB_bwplacement_bs2_staticreq_statictask,SCRUBBED_TIME+LLAMA3-BWB_BMPD512_6_3_15
2,3,0,0,3,18,512,100.66,82.98323333333333,bw,static,static,results,Results,Results_LLAMA31,LLAMA3-BWB-Results,simulator_output_LLAMA3-BWB_bwplacement_bs2_staticreq_statictask,SCRUBBED_TIME+LLAMA3-BWB_BMPD512_3_3_18
2,8,0,0,2,14,256,58.8,84.61341075,bw,static,static,results,Results,Results_LLAMA31,LLAMA3-BWB-Results,simulator_output_LLAMA3-BWB_bwplacement_bs2_staticreq_statictask,SCRUBBED_TIME+LLAMA3-BWB_BMPD256_8_2_14
2,7,0,0,3,14,640,113.52,85.7713668235294,bw,static,static,results,Results,Results_LLAMA31,LLAMA3-BWB-Results,simulator_output_LLAMA3-BWB_bwplacement_bs2_staticreq_statictask,SCRUBBED_TIME+LLAMA3-BWB_BMPD640_7_3_14
2,12,0,0,2,10,640,76.02,86.72336433333332,bw,static,static,results,Results,Results_LLAMA31,LLAMA3-BWB-Results,simulator_output_LLAMA3-BWB_bwplacement_bs2_staticreq_statictask,SCRUBBED_TIME+LLAMA3-BWB_BMPD640_12_2_10
2,2,0,0,2,20,640,52.74,86.723856,bw,static,static,results,Results,Results_LLAMA31,LLAMA3-BWB-Results,simulator_output_LLAMA3-BWB_bwplacement_bs2_staticreq_statictask,SCRUBBED_TIME+LLAMA3-BWB_BMPD640_2_2_20
2,5,0,0,3,16,512,110.22,87.3112774736842,bw,static,static,results,Results,Results_LLAMA31,LLAMA3-BWB-Results,simulator_output_LLAMA3-BWB_bwplacement_bs2_staticreq_statictask,SCRUBBED_TIME+LLAMA3-BWB_BMPD512_5_3_16
2,9,0,0,2,13,384,74.74,87.41842186666666,bw,static,static,results,Results,Results_LLAMA31,LLAMA3-BWB-Results,simulator_output_LLAMA3-BWB_bwplacement_bs2_staticreq_statictask,SCRUBBED_TIME+LLAMA3-BWB_BMPD384_9_2_13
2,11,0,0,2,11,512,85.62,87.85102184615384,bw,static,static,results,Results,Results_LLAMA31,LLAMA3-BWB-Results,simulator_output_LLAMA3-BWB_bwplacement_bs2_staticreq_statictask,SCRUBBED_TIME+LLAMA3-BWB_BMPD512_11_2_11
2,16,0,0,1,7,256,23.18,88.642321,bw,static,static,results,Results,Results_LLAMA31,LLAMA3-BWB-Results,simulator_output_LLAMA3-BWB_bwplacement_bs2_staticreq_statictask,SCRUBBED_TIME+LLAMA3-BWB_BMPD256_16_1_7
2,7,0,0,2,15,256,38.9,90.35289364705883,bw,static,static,results,Results,Results_LLAMA31,LLAMA3-BWB-Results,simulator_output_LLAMA3-BWB_bwplacement_bs2_staticreq_statictask,SCRUBBED_TIME+LLAMA3-BWB_BMPD256_7_2_15
2,6,0,0,3,15,640,77.2,91.01097444444444,bw,static,static,results,Results,Results_LLAMA31,LLAMA3-BWB-Results,simulator_output_LLAMA3-BWB_bwplacement_bs2_staticreq_statictask,SCRUBBED_TIME+LLAMA3-BWB_BMPD640_6_3_15
2,3,0,0,3,18,640,61.42,91.01112444444443,bw,static,static,results,Results,Results_LLAMA31,LLAMA3-BWB-Results,simulator_output_LLAMA3-BWB_bwplacement_bs2_staticreq_statictask,SCRUBBED_TIME+LLAMA3-BWB_BMPD640_3_3_18
2,4,0,0,3,17,512,62.64,91.9874294,bw,static,static,results,Results,Results_LLAMA31,LLAMA3-BWB-Results,simulator_output_LLAMA3-BWB_bwplacement_bs2_staticreq_statictask,SCRUBBED_TIME+LLAMA3-BWB_BMPD512_4_3_17
2,8,0,0,2,14,384,45.36,93.02948575,bw,static,static,results,Results,Results_LLAMA31,LLAMA3-BWB-Results,simulator_output_LLAMA3-BWB_bwplacement_bs2_staticreq_statictask,SCRUBBED_TIME+LLAMA3-BWB_BMPD384_8_2_14
2,10,0,0,2,12,512,46.4,93.83776314285716,bw,static,static,results,Results,Results_LLAMA31,LLAMA3-BWB-Results,simulator_output_LLAMA3-BWB_bwplacement_bs2_staticreq_statictask,SCRUBBED_TIME+LLAMA3-BWB_BMPD512_10_2_12
2,5,0,0,3,16,640,55.98,94.30337284210528,bw,static,static,results,Results,Results_LLAMA31,LLAMA3-BWB-Results,simulator_output_LLAMA3-BWB_bwplacement_bs2_staticreq_statictask,SCRUBBED_TIME+LLAMA3-BWB_BMPD640_5_3_16
2,11,0,0,2,11,640,29.88,96.05142984615384,bw,static,static,results,Results,Results_LLAMA31,LLAMA3-BWB-Results,simulator_output_LLAMA3-BWB_bwplacement_bs2_staticreq_statictask,SCRUBBED_TIME+LLAMA3-BWB_BMPD640_11_2_11
2,6,0,0,2,16,256,20.3,96.070424,bw,static,static,results,Results,Results_LLAMA31,LLAMA3-BWB-Results,simulator_output_LLAMA3-BWB_bwplacement_bs2_staticreq_statictask,SCRUBBED_TIME+LLAMA3-BWB_BMPD256_6_2_16
2,4,0,0,3,17,640,17.9,97.42676036363636,bw,static,static,results,Results,Results_LLAMA31,LLAMA3-BWB-Results,simulator_output_LLAMA3-BWB_bwplacement_bs2_staticreq_statictask,SCRUBBED_TIME+LLAMA3-BWB_BMPD640_4_3_17
2,16,0,0,1,7,384,9.5,97.4508595,bw,static,static,results,Results,Results_LLAMA31,LLAMA3-BWB-Results,simulator_output_LLAMA3-BWB_bwplacement_bs2_staticreq_statictask,SCRUBBED_TIME+LLAMA3-BWB_BMPD384_16_1_7
2,7,0,0,2,15,384,9.74,98.1288588,bw,static,static,results,Results,Results_LLAMA31,LLAMA3-BWB-Results,simulator_output_LLAMA3-BWB_bwplacement_bs2_staticreq_statictask,SCRUBBED_TIME+LLAMA3-BWB_BMPD384_7_2_15
2,9,0,0,2,13,512,7.94,98.24208,bw,static,static,results,Results,Results_LLAMA31,LLAMA3-BWB-Results,simulator_output_LLAMA3-BWB_bwplacement_bs2_staticreq_statictask,SCRUBBED_TIME+LLAMA3-BWB_BMPD512_9_2_13
2,15,0,0,1,8,256,4.7,98.4689128888889,bw,static,static,results,Results,Results_LLAMA31,LLAMA3-BWB-Results,simulator_output_LLAMA3-BWB_bwplacement_bs2_staticreq_statictask,SCRUBBED_TIME+LLAMA3-BWB_BMPD256_15_1_8
2,3,0,0,2,19,256,1.9,98.9250368,bw,static,static,results,Results,Results_LLAMA31,LLAMA3-BWB-Results,simulator_output_LLAMA3-BWB_bwplacement_bs2_staticreq_statictask,SCRUBBED_TIME+LLAMA3-BWB_BMPD256_3_2_19
2,5,0,0,2,17,256,1.9,98.9250368,bw,static,static,results,Results,Results_LLAMA31,LLAMA3-BWB-Results,simulator_output_LLAMA3-BWB_bwplacement_bs2_staticreq_statictask,SCRUBBED_TIME+LLAMA3-BWB_BMPD256_5_2_17
2,10,0,0,2,12,640,0.26,99.648364,bw,static,static,results,Results,Results_LLAMA31,LLAMA3-BWB-Results,simulator_output_LLAMA3-BWB_bwplacement_bs2_staticreq_statictask,SCRUBBED_TIME+LLAMA3-BWB_BMPD640_10_2_12
2,3,0,0,1,20,256,0.0,,bw,static,static,results,Results,Results_LLAMA31,LLAMA3-BWB-Results,simulator_output_LLAMA3-BWB_bwplacement_bs2_staticreq_statictask,SCRUBBED_TIME+LLAMA3-BWB_BMPD256_3_1_20
2,2,0,0,1,21,256,0.0,,bw,static,static,results,Results,Results_LLAMA31,LLAMA3-BWB-Results,simulator_output_LLAMA3-BWB_bwplacement_bs2_staticreq_statictask,SCRUBBED_TIME+LLAMA3-BWB_BMPD256_2_1_21
2,4,0,0,1,19,256,0.0,,bw,static,static,results,Results,Results_LLAMA31,LLAMA3-BWB-Results,simulator_output_LLAMA3-BWB_bwplacement_bs2_staticreq_statictask,SCRUBBED_TIME+LLAMA3-BWB_BMPD256_4_1_19
2,4,0,0,2,18,256,0.0,,bw,static,static,results,Results,Results_LLAMA31,LLAMA3-BWB-Results,simulator_output_LLAMA3-BWB_bwplacement_bs2_staticreq_statictask,SCRUBBED_TIME+LLAMA3-BWB_BMPD256_4_2_18
2,5,0,0,1,18,256,0.0,,bw,static,static,results,Results,Results_LLAMA31,LLAMA3-BWB-Results,simulator_output_LLAMA3-BWB_bwplacement_bs2_staticreq_statictask,SCRUBBED_TIME+LLAMA3-BWB_BMPD256_5_1_18
2,6,0,0,1,17,256,0.0,,bw,static,static,results,Results,Results_LLAMA31,LLAMA3-BWB-Results,simulator_output_LLAMA3-BWB_bwplacement_bs2_staticreq_statictask,SCRUBBED_TIME+LLAMA3-BWB_BMPD256_6_1_17
2,7,0,0,1,16,256,0.0,,bw,static,static,results,Results,Results_LLAMA31,LLAMA3-BWB-Results,simulator_output_LLAMA3-BWB_bwplacement_bs2_staticreq_statictask,SCRUBBED_TIME+LLAMA3-BWB_BMPD256_7_1_16
2,8,0,0,1,15,256,0.0,,bw,static,static,results,Results,Results_LLAMA31,LLAMA3-BWB-Results,simulator_output_LLAMA3-BWB_bwplacement_bs2_staticreq_statictask,SCRUBBED_TIME+LLAMA3-BWB_BMPD256_8_1_15
2,9,0,0,1,14,256,0.0,,bw,static,static,results,Results,Results_LLAMA31,LLAMA3-BWB-Results,simulator_output_LLAMA3-BWB_bwplacement_bs2_staticreq_statictask,SCRUBBED_TIME+LLAMA3-BWB_BMPD256_9_1_14
2,10,0,0,1,13,256,0.0,,bw,static,static,results,Results,Results_LLAMA31,LLAMA3-BWB-Results,simulator_output_LLAMA3-BWB_bwplacement_bs2_staticreq_statictask,SCRUBBED_TIME+LLAMA3-BWB_BMPD256_10_1_13
2,11,0,0,1,12,256,0.0,,bw,static,static,results,Results,Results_LLAMA31,LLAMA3-BWB-Results,simulator_output_LLAMA3-BWB_bwplacement_bs2_staticreq_statictask,SCRUBBED_TIME+LLAMA3-BWB_BMPD256_11_1_12
2,12,0,0,1,11,256,0.0,,bw,static,static,results,Results,Results_LLAMA31,LLAMA3-BWB-Results,simulator_output_LLAMA3-BWB_bwplacement_bs2_staticreq_statictask,SCRUBBED_TIME+LLAMA3-BWB_BMPD256_12_1_11
2,13,0,0,1,10,256,0.0,,bw,static,static,results,Results,Results_LLAMA31,LLAMA3-BWB-Results,simulator_output_LLAMA3-BWB_bwplacement_bs2_staticreq_statictask,SCRUBBED_TIME+LLAMA3-BWB_BMPD256_13_1_10
2,14,0,0,1,9,256,0.0,,bw,static,static,results,Results,Results_LLAMA31,LLAMA3-BWB-Results,simulator_output_LLAMA3-BWB_bwplacement_bs2_staticreq_statictask,SCRUBBED_TIME+LLAMA3-BWB_BMPD256_14_1_9
2,3,0,0,2,19,384,0.0,,bw,static,static,results,Results,Results_LLAMA31,LLAMA3-BWB-Results,simulator_output_LLAMA3-BWB_bwplacement_bs2_staticreq_statictask,SCRUBBED_TIME+LLAMA3-BWB_BMPD384_3_2_19
2,3,0,0,1,20,384,0.0,,bw,static,static,results,Results,Results_LLAMA31,LLAMA3-BWB-Results,simulator_output_LLAMA3-BWB_bwplacement_bs2_staticreq_statictask,SCRUBBED_TIME+LLAMA3-BWB_BMPD384_3_1_20
2,2,0,0,1,21,384,0.0,,bw,static,static,results,Results,Results_LLAMA31,LLAMA3-BWB-Results,simulator_output_LLAMA3-BWB_bwplacement_bs2_staticreq_statictask,SCRUBBED_TIME+LLAMA3-BWB_BMPD384_2_1_21
2,4,0,0,1,19,384,0.0,,bw,static,static,results,Results,Results_LLAMA31,LLAMA3-BWB-Results,simulator_output_LLAMA3-BWB_bwplacement_bs2_staticreq_statictask,SCRUBBED_TIME+LLAMA3-BWB_BMPD384_4_1_19
2,4,0,0,2,18,384,0.0,,bw,static,static,results,Results,Results_LLAMA31,LLAMA3-BWB-Results,simulator_output_LLAMA3-BWB_bwplacement_bs2_staticreq_statictask,SCRUBBED_TIME+LLAMA3-BWB_BMPD384_4_2_18
2,5,0,0,1,18,384,0.0,,bw,static,static,results,Results,Results_LLAMA31,LLAMA3-BWB-Results,simulator_output_LLAMA3-BWB_bwplacement_bs2_staticreq_statictask,SCRUBBED_TIME+LLAMA3-BWB_BMPD384_5_1_18
2,5,0,0,2,17,384,0.0,,bw,static,static,results,Results,Results_LLAMA31,LLAMA3-BWB-Results,simulator_output_LLAMA3-BWB_bwplacement_bs2_staticreq_statictask,SCRUBBED_TIME+LLAMA3-BWB_BMPD384_5_2_17
2,6,0,0,1,17,384,0.0,,bw,static,static,results,Results,Results_LLAMA31,LLAMA3-BWB-Results,simulator_output_LLAMA3-BWB_bwplacement_bs2_staticreq_statictask,SCRUBBED_TIME+LLAMA3-BWB_BMPD384_6_1_17
2,6,0,0,2,16,384,0.0,,bw,static,static,results,Results,Results_LLAMA31,LLAMA3-BWB-Results,simulator_output_LLAMA3-BWB_bwplacement_bs2_staticreq_statictask,SCRUBBED_TIME+LLAMA3-BWB_BMPD384_6_2_16
2,7,0,0,1,16,384,0.0,,bw,static,static,results,Results,Results_LLAMA31,LLAMA3-BWB-Results,simulator_output_LLAMA3-BWB_bwplacement_bs2_staticreq_statictask,SCRUBBED_TIME+LLAMA3-BWB_BMPD384_7_1_16
2,8,0,0,1,15,384,0.0,,bw,static,static,results,Results,Results_LLAMA31,LLAMA3-BWB-Results,simulator_output_LLAMA3-BWB_bwplacement_bs2_staticreq_statictask,SCRUBBED_TIME+LLAMA3-BWB_BMPD384_8_1_15
2,9,0,0,1,14,384,0.0,,bw,static,static,results,Results,Results_LLAMA31,LLAMA3-BWB-Results,simulator_output_LLAMA3-BWB_bwplacement_bs2_staticreq_statictask,SCRUBBED_TIME+LLAMA3-BWB_BMPD384_9_1_14
2,10,0,0,1,13,384,0.0,,bw,static,static,results,Results,Results_LLAMA31,LLAMA3-BWB-Results,simulator_output_LLAMA3-BWB_bwplacement_bs2_staticreq_statictask,SCRUBBED_TIME+LLAMA3-BWB_BMPD384_10_1_13
2,11,0,0,1,12,384,0.0,,bw,static,static,results,Results,Results_LLAMA31,LLAMA3-BWB-Results,simulator_output_LLAMA3-BWB_bwplacement_bs2_staticreq_statictask,SCRUBBED_TIME+LLAMA3-BWB_BMPD384_11_1_12
2,12,0,0,1,11,384,0.0,,bw,static,static,results,Results,Results_LLAMA31,LLAMA3-BWB-Results,simulator_output_LLAMA3-BWB_bwplacement_bs2_staticreq_statictask,SCRUBBED_TIME+LLAMA3-BWB_BMPD384_12_1_11
2,13,0,0,1,10,384,0.0,,bw,static,static,results,Results,Results_LLAMA31,LLAMA3-BWB-Results,simulator_output_LLAMA3-BWB_bwplacement_bs2_staticreq_statictask,SCRUBBED_TIME+LLAMA3-BWB_BMPD384_13_1_10
2,14,0,0,1,9,384,0.0,,bw,static,static,results,Results,Results_LLAMA31,LLAMA3-BWB-Results,simulator_output_LLAMA3-BWB_bwplacement_bs2_staticreq_statictask,SCRUBBED_TIME+LLAMA3-BWB_BMPD384_14_1_9
2,15,0,0,1,8,384,0.0,,bw,static,static,results,Results,Results_LLAMA31,LLAMA3-BWB-Results,simulator_output_LLAMA3-BWB_bwplacement_bs2_staticreq_statictask,SCRUBBED_TIME+LLAMA3-BWB_BMPD384_15_1_8
2,2,0,0,1,21,512,0.0,,bw,static,static,results,Results,Results_LLAMA31,LLAMA3-BWB-Results,simulator_output_LLAMA3-BWB_bwplacement_bs2_staticreq_statictask,SCRUBBED_TIME+LLAMA3-BWB_BMPD512_2_1_21
2,3,0,0,1,20,512,0.0,,bw,static,static,results,Results,Results_LLAMA31,LLAMA3-BWB-Results,simulator_output_LLAMA3-BWB_bwplacement_bs2_staticreq_statictask,SCRUBBED_TIME+LLAMA3-BWB_BMPD512_3_1_20
2,3,0,0,2,19,512,0.0,,bw,static,static,results,Results,Results_LLAMA31,LLAMA3-BWB-Results,simulator_output_LLAMA3-BWB_bwplacement_bs2_staticreq_statictask,SCRUBBED_TIME+LLAMA3-BWB_BMPD512_3_2_19
2,4,0,0,1,19,512,0.0,,bw,static,static,results,Results,Results_LLAMA31,LLAMA3-BWB-Results,simulator_output_LLAMA3-BWB_bwplacement_bs2_staticreq_statictask,SCRUBBED_TIME+LLAMA3-BWB_BMPD512_4_1_19
2,4,0,0,2,18,512,0.0,,bw,static,static,results,Results,Results_LLAMA31,LLAMA3-BWB-Results,simulator_output_LLAMA3-BWB_bwplacement_bs2_staticreq_statictask,SCRUBBED_TIME+LLAMA3-BWB_BMPD512_4_2_18
2,5,0,0,1,18,512,0.0,,bw,static,static,results,Results,Results_LLAMA31,LLAMA3-BWB-Results,simulator_output_LLAMA3-BWB_bwplacement_bs2_staticreq_statictask,SCRUBBED_TIME+LLAMA3-BWB_BMPD512_5_1_18
2,5,0,0,2,17,512,0.0,,bw,static,static,results,Results,Results_LLAMA31,LLAMA3-BWB-Results,simulator_output_LLAMA3-BWB_bwplacement_bs2_staticreq_statictask,SCRUBBED_TIME+LLAMA3-BWB_BMPD512_5_2_17
2,6,0,0,1,17,512,0.0,,bw,static,static,results,Results,Results_LLAMA31,LLAMA3-BWB-Results,simulator_output_LLAMA3-BWB_bwplacement_bs2_staticreq_statictask,SCRUBBED_TIME+LLAMA3-BWB_BMPD512_6_1_17
2,6,0,0,2,16,512,0.0,,bw,static,static,results,Results,Results_LLAMA31,LLAMA3-BWB-Results,simulator_output_LLAMA3-BWB_bwplacement_bs2_staticreq_statictask,SCRUBBED_TIME+LLAMA3-BWB_BMPD512_6_2_16
2,7,0,0,2,15,512,0.0,,bw,static,static,results,Results,Results_LLAMA31,LLAMA3-BWB-Results,simulator_output_LLAMA3-BWB_bwplacement_bs2_staticreq_statictask,SCRUBBED_TIME+LLAMA3-BWB_BMPD512_7_2_15
2,7,0,0,1,16,512,0.0,,bw,static,static,results,Results,Results_LLAMA31,LLAMA3-BWB-Results,simulator_output_LLAMA3-BWB_bwplacement_bs2_staticreq_statictask,SCRUBBED_TIME+LLAMA3-BWB_BMPD512_7_1_16
2,8,0,0,2,14,512,0.0,,bw,static,static,results,Results,Results_LLAMA31,LLAMA3-BWB-Results,simulator_output_LLAMA3-BWB_bwplacement_bs2_staticreq_statictask,SCRUBBED_TIME+LLAMA3-BWB_BMPD512_8_2_14
2,8,0,0,1,15,512,0.0,,bw,static,static,results,Results,Results_LLAMA31,LLAMA3-BWB-Results,simulator_output_LLAMA3-BWB_bwplacement_bs2_staticreq_statictask,SCRUBBED_TIME+LLAMA3-BWB_BMPD512_8_1_15
2,9,0,0,1,14,512,0.0,,bw,static,static,results,Results,Results_LLAMA31,LLAMA3-BWB-Results,simulator_output_LLAMA3-BWB_bwplacement_bs2_staticreq_statictask,SCRUBBED_TIME+LLAMA3-BWB_BMPD512_9_1_14
2,10,0,0,1,13,512,0.0,,bw,static,static,results,Results,Results_LLAMA31,LLAMA3-BWB-Results,simulator_output_LLAMA3-BWB_bwplacement_bs2_staticreq_statictask,SCRUBBED_TIME+LLAMA3-BWB_BMPD512_10_1_13
2,11,0,0,1,12,512,0.0,,bw,static,static,results,Results,Results_LLAMA31,LLAMA3-BWB-Results,simulator_output_LLAMA3-BWB_bwplacement_bs2_staticreq_statictask,SCRUBBED_TIME+LLAMA3-BWB_BMPD512_11_1_12
2,12,0,0,1,11,512,0.0,,bw,static,static,results,Results,Results_LLAMA31,LLAMA3-BWB-Results,simulator_output_LLAMA3-BWB_bwplacement_bs2_staticreq_statictask,SCRUBBED_TIME+LLAMA3-BWB_BMPD512_12_1_11
2,13,0,0,1,10,512,0.0,,bw,static,static,results,Results,Results_LLAMA31,LLAMA3-BWB-Results,simulator_output_LLAMA3-BWB_bwplacement_bs2_staticreq_statictask,SCRUBBED_TIME+LLAMA3-BWB_BMPD512_13_1_10
2,14,0,0,1,9,512,0.0,,bw,static,static,results,Results,Results_LLAMA31,LLAMA3-BWB-Results,simulator_output_LLAMA3-BWB_bwplacement_bs2_staticreq_statictask,SCRUBBED_TIME+LLAMA3-BWB_BMPD512_14_1_9
2,15,0,0,1,8,512,0.0,,bw,static,static,results,Results,Results_LLAMA31,LLAMA3-BWB-Results,simulator_output_LLAMA3-BWB_bwplacement_bs2_staticreq_statictask,SCRUBBED_TIME+LLAMA3-BWB_BMPD512_15_1_8
2,16,0,0,1,7,512,0.0,,bw,static,static,results,Results,Results_LLAMA31,LLAMA3-BWB-Results,simulator_output_LLAMA3-BWB_bwplacement_bs2_staticreq_statictask,SCRUBBED_TIME+LLAMA3-BWB_BMPD512_16_1_7
2,2,0,0,1,21,640,0.0,,bw,static,static,results,Results,Results_LLAMA31,LLAMA3-BWB-Results,simulator_output_LLAMA3-BWB_bwplacement_bs2_staticreq_statictask,SCRUBBED_TIME+LLAMA3-BWB_BMPD640_2_1_21
2,3,0,0,2,19,640,0.0,,bw,static,static,results,Results,Results_LLAMA31,LLAMA3-BWB-Results,simulator_output_LLAMA3-BWB_bwplacement_bs2_staticreq_statictask,SCRUBBED_TIME+LLAMA3-BWB_BMPD640_3_2_19
2,3,0,0,1,20,640,0.0,,bw,static,static,results,Results,Results_LLAMA31,LLAMA3-BWB-Results,simulator_output_LLAMA3-BWB_bwplacement_bs2_staticreq_statictask,SCRUBBED_TIME+LLAMA3-BWB_BMPD640_3_1_20
2,4,0,0,1,19,640,0.0,,bw,static,static,results,Results,Results_LLAMA31,LLAMA3-BWB-Results,simulator_output_LLAMA3-BWB_bwplacement_bs2_staticreq_statictask,SCRUBBED_TIME+LLAMA3-BWB_BMPD640_4_1_19
2,4,0,0,2,18,640,0.0,,bw,static,static,results,Results,Results_LLAMA31,LLAMA3-BWB-Results,simulator_output_LLAMA3-BWB_bwplacement_bs2_staticreq_statictask,SCRUBBED_TIME+LLAMA3-BWB_BMPD640_4_2_18
2,5,0,0,1,18,640,0.0,,bw,static,static,results,Results,Results_LLAMA31,LLAMA3-BWB-Results,simulator_output_LLAMA3-BWB_bwplacement_bs2_staticreq_statictask,SCRUBBED_TIME+LLAMA3-BWB_BMPD640_5_1_18
2,5,0,0,2,17,640,0.0,,bw,static,static,results,Results,Results_LLAMA31,LLAMA3-BWB-Results,simulator_output_LLAMA3-BWB_bwplacement_bs2_staticreq_statictask,SCRUBBED_TIME+LLAMA3-BWB_BMPD640_5_2_17
2,6,0,0,1,17,640,0.0,,bw,static,static,results,Results,Results_LLAMA31,LLAMA3-BWB-Results,simulator_output_LLAMA3-BWB_bwplacement_bs2_staticreq_statictask,SCRUBBED_TIME+LLAMA3-BWB_BMPD640_6_1_17
2,6,0,0,2,16,640,0.0,,bw,static,static,results,Results,Results_LLAMA31,LLAMA3-BWB-Results,simulator_output_LLAMA3-BWB_bwplacement_bs2_staticreq_statictask,SCRUBBED_TIME+LLAMA3-BWB_BMPD640_6_2_16
2,7,0,0,1,16,640,0.0,,bw,static,static,results,Results,Results_LLAMA31,LLAMA3-BWB-Results,simulator_output_LLAMA3-BWB_bwplacement_bs2_staticreq_statictask,SCRUBBED_TIME+LLAMA3-BWB_BMPD640_7_1_16
2,7,0,0,2,15,640,0.0,,bw,static,static,results,Results,Results_LLAMA31,LLAMA3-BWB-Results,simulator_output_LLAMA3-BWB_bwplacement_bs2_staticreq_statictask,SCRUBBED_TIME+LLAMA3-BWB_BMPD640_7_2_15
2,8,0,0,1,15,640,0.0,,bw,static,static,results,Results,Results_LLAMA31,LLAMA3-BWB-Results,simulator_output_LLAMA3-BWB_bwplacement_bs2_staticreq_statictask,SCRUBBED_TIME+LLAMA3-BWB_BMPD640_8_1_15
2,8,0,0,2,14,640,0.0,,bw,static,static,results,Results,Results_LLAMA31,LLAMA3-BWB-Results,simulator_output_LLAMA3-BWB_bwplacement_bs2_staticreq_statictask,SCRUBBED_TIME+LLAMA3-BWB_BMPD640_8_2_14
2,9,0,0,1,14,640,0.0,,bw,static,static,results,Results,Results_LLAMA31,LLAMA3-BWB-Results,simulator_output_LLAMA3-BWB_bwplacement_bs2_staticreq_statictask,SCRUBBED_TIME+LLAMA3-BWB_BMPD640_9_1_14
2,9,0,0,2,13,640,0.0,,bw,static,static,results,Results,Results_LLAMA31,LLAMA3-BWB-Results,simulator_output_LLAMA3-BWB_bwplacement_bs2_staticreq_statictask,SCRUBBED_TIME+LLAMA3-BWB_BMPD640_9_2_13
2,10,0,0,1,13,640,0.0,,bw,static,static,results,Results,Results_LLAMA31,LLAMA3-BWB-Results,simulator_output_LLAMA3-BWB_bwplacement_bs2_staticreq_statictask,SCRUBBED_TIME+LLAMA3-BWB_BMPD640_10_1_13
2,11,0,0,1,12,640,0.0,,bw,static,static,results,Results,Results_LLAMA31,LLAMA3-BWB-Results,simulator_output_LLAMA3-BWB_bwplacement_bs2_staticreq_statictask,SCRUBBED_TIME+LLAMA3-BWB_BMPD640_11_1_12
2,12,0,0,1,11,640,0.0,,bw,static,static,results,Results,Results_LLAMA31,LLAMA3-BWB-Results,simulator_output_LLAMA3-BWB_bwplacement_bs2_staticreq_statictask,SCRUBBED_TIME+LLAMA3-BWB_BMPD640_12_1_11
2,13,0,0,1,10,640,0.0,,bw,static,static,results,Results,Results_LLAMA31,LLAMA3-BWB-Results,simulator_output_LLAMA3-BWB_bwplacement_bs2_staticreq_statictask,SCRUBBED_TIME+LLAMA3-BWB_BMPD640_13_1_10
2,14,0,0,1,9,640,0.0,,bw,static,static,results,Results,Results_LLAMA31,LLAMA3-BWB-Results,simulator_output_LLAMA3-BWB_bwplacement_bs2_staticreq_statictask,SCRUBBED_TIME+LLAMA3-BWB_BMPD640_14_1_9
2,15,0,0,1,8,640,0.0,,bw,static,static,results,Results,Results_LLAMA31,LLAMA3-BWB-Results,simulator_output_LLAMA3-BWB_bwplacement_bs2_staticreq_statictask,SCRUBBED_TIME+LLAMA3-BWB_BMPD640_15_1_8
2,16,0,0,1,7,640,0.0,,bw,static,static,results,Results,Results_LLAMA31,LLAMA3-BWB-Results,simulator_output_LLAMA3-BWB_bwplacement_bs2_staticreq_statictask,SCRUBBED_TIME+LLAMA3-BWB_BMPD640_16_1_7
4,2,0,0,19,3,256,152.52,27.981949333333333,bw,static,static,results,Results,Results_LLAMA31,LLAMA3-BWB-Results,simulator_output_LLAMA3-BWB_bwplacement_bs4_staticreq_statictask,SCRUBBED_TIME+LLAMA3-BWB_BMPD256_2_19_3
4,2,0,0,18,4,256,207.56,27.981949333333333,bw,static,static,results,Results,Results_LLAMA31,LLAMA3-BWB-Results,simulator_output_LLAMA3-BWB_bwplacement_bs4_staticreq_statictask,SCRUBBED_TIME+LLAMA3-BWB_BMPD256_2_18_4
4,2,0,0,20,2,256,109.52,28.03768266666667,bw,static,static,results,Results,Results_LLAMA31,LLAMA3-BWB-Results,simulator_output_LLAMA3-BWB_bwplacement_bs4_staticreq_statictask,SCRUBBED_TIME+LLAMA3-BWB_BMPD256_2_20_2
4,2,0,0,21,1,256,54.76,28.215016,bw,static,static,results,Results,Results_LLAMA31,LLAMA3-BWB-Results,simulator_output_LLAMA3-BWB_bwplacement_bs4_staticreq_statictask,SCRUBBED_TIME+LLAMA3-BWB_BMPD256_2_21_1
4,3,0,0,19,2,256,109.56,29.576753333333333,bw,static,static,results,Results,Results_LLAMA31,LLAMA3-BWB-Results,simulator_output_LLAMA3-BWB_bwplacement_bs4_staticreq_statictask,SCRUBBED_TIME+LLAMA3-BWB_BMPD256_3_19_2
4,3,0,0,18,3,256,153.72,29.576753333333333,bw,static,static,results,Results,Results_LLAMA31,LLAMA3-BWB-Results,simulator_output_LLAMA3-BWB_bwplacement_bs4_staticreq_statictask,SCRUBBED_TIME+LLAMA3-BWB_BMPD256_3_18_3
4,3,0,0,17,4,256,207.88,29.576753333333333,bw,static,static,results,Results,Results_LLAMA31,LLAMA3-BWB-Results,simulator_output_LLAMA3-BWB_bwplacement_bs4_staticreq_statictask,SCRUBBED_TIME+LLAMA3-BWB_BMPD256_3_17_4
4,3,0,0,16,5,256,234.76,29.576753333333333,bw,static,static,results,Results,Results_LLAMA31,LLAMA3-BWB-Results,simulator_output_LLAMA3-BWB_bwplacement_bs4_staticreq_statictask,SCRUBBED_TIME+LLAMA3-BWB_BMPD256_3_16_5
4,3,0,0,12,9,256,331.68,30.134786666666667,bw,static,static,results,Results,Results_LLAMA31,LLAMA3-BWB-Results,simulator_output_LLAMA3-BWB_bwplacement_bs4_staticreq_statictask,SCRUBBED_TIME+LLAMA3-BWB_BMPD256_3_12_9
4,3,0,0,9,12,256,363.56,30.340153333333333,bw,static,static,results,Results,Results_LLAMA31,LLAMA3-BWB-Results,simulator_output_LLAMA3-BWB_bwplacement_bs4_staticreq_statictask,SCRUBBED_TIME+LLAMA3-BWB_BMPD256_3_9_12
4,15,0,0,8,1,256,52.0,30.60208666666667,bw,static,static,results,Results,Results_LLAMA31,LLAMA3-BWB-Results,simulator_output_LLAMA3-BWB_bwplacement_bs4_staticreq_statictask,SCRUBBED_TIME+LLAMA3-BWB_BMPD256_15_8_1
4,3,0,0,8,13,256,349.76,30.60208666666667,bw,static,static,results,Results,Results_LLAMA31,LLAMA3-BWB-Results,simulator_output_LLAMA3-BWB_bwplacement_bs4_staticreq_statictask,SCRUBBED_TIME+LLAMA3-BWB_BMPD256_3_8_13
4,3,0,0,20,1,256,54.8,30.64583111111111,bw,static,static,results,Results,Results_LLAMA31,LLAMA3-BWB-Results,simulator_output_LLAMA3-BWB_bwplacement_bs4_staticreq_statictask,SCRUBBED_TIME+LLAMA3-BWB_BMPD256_3_20_1
4,2,0,0,21,1,384,87.44,30.77135733333333,bw,static,static,results,Results,Results_LLAMA31,LLAMA3-BWB-Results,simulator_output_LLAMA3-BWB_bwplacement_bs4_staticreq_statictask,SCRUBBED_TIME+LLAMA3-BWB_BMPD384_2_21_1
4,14,0,0,9,1,256,51.72,30.9628988,bw,static,static,results,Results,Results_LLAMA31,LLAMA3-BWB-Results,simulator_output_LLAMA3-BWB_bwplacement_bs4_staticreq_statictask,SCRUBBED_TIME+LLAMA3-BWB_BMPD256_14_9_1
4,14,0,0,8,2,256,102.28,31.0775788,bw,static,static,results,Results,Results_LLAMA31,LLAMA3-BWB-Results,simulator_output_LLAMA3-BWB_bwplacement_bs4_staticreq_statictask,SCRUBBED_TIME+LLAMA3-BWB_BMPD256_14_8_2
4,2,0,0,20,2,384,171.24,31.499590666666663,bw,static,static,results,Results,Results_LLAMA31,LLAMA3-BWB-Results,simulator_output_LLAMA3-BWB_bwplacement_bs4_staticreq_statictask,SCRUBBED_TIME+LLAMA3-BWB_BMPD384_2_20_2
4,4,0,0,18,2,256,106.12,31.75595828571429,bw,static,static,results,Results,Results_LLAMA31,LLAMA3-BWB-Results,simulator_output_LLAMA3-BWB_bwplacement_bs4_staticreq_statictask,SCRUBBED_TIME+LLAMA3-BWB_BMPD256_4_18_2
4,4,0,0,17,3,256,148.84,31.914079714285712,bw,static,static,results,Results,Results_LLAMA31,LLAMA3-BWB-Results,simulator_output_LLAMA3-BWB_bwplacement_bs4_staticreq_statictask,SCRUBBED_TIME+LLAMA3-BWB_BMPD256_4_17_3
4,3,0,0,15,6,256,258.08,31.94586444444444,bw,static,static,results,Results,Results_LLAMA31,LLAMA3-BWB-Results,simulator_output_LLAMA3-BWB_bwplacement_bs4_staticreq_statictask,SCRUBBED_TIME+LLAMA3-BWB_BMPD256_3_15_6
4,4,0,0,16,4,256,203.2,31.99756542857143,bw,static,static,results,Results,Results_LLAMA31,LLAMA3-BWB-Results,simulator_output_LLAMA3-BWB_bwplacement_bs4_staticreq_statictask,SCRUBBED_TIME+LLAMA3-BWB_BMPD256_4_16_4
4,3,0,0,14,7,256,285.4,32.08425333333333,bw,static,static,results,Results,Results_LLAMA31,LLAMA3-BWB-Results,simulator_output_LLAMA3-BWB_bwplacement_bs4_staticreq_statictask,SCRUBBED_TIME+LLAMA3-BWB_BMPD256_3_14_7
4,4,0,0,19,1,256,52.28,32.19473685714286,bw,static,static,results,Results,Results_LLAMA31,LLAMA3-BWB-Results,simulator_output_LLAMA3-BWB_bwplacement_bs4_staticreq_statictask,SCRUBBED_TIME+LLAMA3-BWB_BMPD256_4_19_1
4,5,0,0,18,1,256,55.16,32.47797225,bw,static,static,results,Results,Results_LLAMA31,LLAMA3-BWB-Results,simulator_output_LLAMA3-BWB_bwplacement_bs4_staticreq_statictask,SCRUBBED_TIME+LLAMA3-BWB_BMPD256_5_18_1
4,3,0,0,19,2,384,173.08,32.53058355555556,bw,static,static,results,Results,Results_LLAMA31,LLAMA3-BWB-Results,simulator_output_LLAMA3-BWB_bwplacement_bs4_staticreq_statictask,SCRUBBED_TIME+LLAMA3-BWB_BMPD384_3_19_2
4,3,0,0,17,4,384,313.68,32.53058355555556,bw,static,static,results,Results,Results_LLAMA31,LLAMA3-BWB-Results,simulator_output_LLAMA3-BWB_bwplacement_bs4_staticreq_statictask,SCRUBBED_TIME+LLAMA3-BWB_BMPD384_3_17_4
4,3,0,0,16,5,384,361.36,32.532050222222225,bw,static,static,results,Results,Results_LLAMA31,LLAMA3-BWB-Results,simulator_output_LLAMA3-BWB_bwplacement_bs4_staticreq_statictask,SCRUBBED_TIME+LLAMA3-BWB_BMPD384_3_16_5
4,13,0,0,9,2,256,102.16,32.55528981818182,bw,static,static,results,Results,Results_LLAMA31,LLAMA3-BWB-Results,simulator_output_LLAMA3-BWB_bwplacement_bs4_staticreq_statictask,SCRUBBED_TIME+LLAMA3-BWB_BMPD256_13_9_2
4,3,0,0,10,11,256,337.76,32.71485333333333,bw,static,static,results,Results,Results_LLAMA31,LLAMA3-BWB-Results,simulator_output_LLAMA3-BWB_bwplacement_bs4_staticreq_statictask,SCRUBBED_TIME+LLAMA3-BWB_BMPD256_3_10_11
4,5,0,0,16,3,256,148.04,32.7191535,bw,static,static,results,Results,Results_LLAMA31,LLAMA3-BWB-Results,simulator_output_LLAMA3-BWB_bwplacement_bs4_staticreq_statictask,SCRUBBED_TIME+LLAMA3-BWB_BMPD256_5_16_3
4,11,0,0,12,1,256,52.92,32.858908615384614,bw,static,static,results,Results,Results_LLAMA31,LLAMA3-BWB-Results,simulator_output_LLAMA3-BWB_bwplacement_bs4_staticreq_statictask,SCRUBBED_TIME+LLAMA3-BWB_BMPD256_11_12_1
4,5,0,0,17,2,256,104.84,32.95875975,bw,static,static,results,Results,Results_LLAMA31,LLAMA3-BWB-Results,simulator_output_LLAMA3-BWB_bwplacement_bs4_staticreq_statictask,SCRUBBED_TIME+LLAMA3-BWB_BMPD256_5_17_2
4,3,0,0,11,10,256,330.24,32.978342222222224,bw,static,static,results,Results,Results_LLAMA31,LLAMA3-BWB-Results,simulator_output_LLAMA3-BWB_bwplacement_bs4_staticreq_statictask,SCRUBBED_TIME+LLAMA3-BWB_BMPD256_3_11_10
4,3,0,0,13,8,256,355.36,33.165531111111115,bw,static,static,results,Results,Results_LLAMA31,LLAMA3-BWB-Results,simulator_output_LLAMA3-BWB_bwplacement_bs4_staticreq_statictask,SCRUBBED_TIME+LLAMA3-BWB_BMPD256_3_13_8
4,13,0,0,8,3,256,143.28,33.28684436363636,bw,static,static,results,Results,Results_LLAMA31,LLAMA3-BWB-Results,simulator_output_LLAMA3-BWB_bwplacement_bs4_staticreq_statictask,SCRUBBED_TIME+LLAMA3-BWB_BMPD256_13_8_3
4,7,0,0,16,1,256,51.84,33.49678611764706,bw,static,static,results,Results,Results_LLAMA31,LLAMA3-BWB-Results,simulator_output_LLAMA3-BWB_bwplacement_bs4_staticreq_statictask,SCRUBBED_TIME+LLAMA3-BWB_BMPD256_7_16_1
4,15,0,0,8,1,384,82.44,33.72629466666666,bw,static,static,results,Results,Results_LLAMA31,LLAMA3-BWB-Results,simulator_output_LLAMA3-BWB_bwplacement_bs4_staticreq_statictask,SCRUBBED_TIME+LLAMA3-BWB_BMPD384_15_8_1
4,3,0,0,18,3,384,236.64,33.72655022222222,bw,static,static,results,Results,Results_LLAMA31,LLAMA3-BWB-Results,simulator_output_LLAMA3-BWB_bwplacement_bs4_staticreq_statictask,SCRUBBED_TIME+LLAMA3-BWB_BMPD384_3_18_3
4,14,0,0,9,1,384,82.04,33.9881516,bw,static,static,results,Results,Results_LLAMA31,LLAMA3-BWB-Results,simulator_output_LLAMA3-BWB_bwplacement_bs4_staticreq_statictask,SCRUBBED_TIME+LLAMA3-BWB_BMPD384_14_9_1
4,4,0,0,12,8,256,380.72,34.118736857142856,bw,static,static,results,Results,Results_LLAMA31,LLAMA3-BWB-Results,simulator_output_LLAMA3-BWB_bwplacement_bs4_staticreq_statictask,SCRUBBED_TIME+LLAMA3-BWB_BMPD256_4_12_8
4,6,0,0,16,2,256,104.96,34.290013555555554,bw,static,static,results,Results,Results_LLAMA31,LLAMA3-BWB-Results,simulator_output_LLAMA3-BWB_bwplacement_bs4_staticreq_statictask,SCRUBBED_TIME+LLAMA3-BWB_BMPD256_6_16_2
4,10,0,0,12,2,256,104.16,34.29420114285714,bw,static,static,results,Results,Results_LLAMA31,LLAMA3-BWB-Results,simulator_output_LLAMA3-BWB_bwplacement_bs4_staticreq_statictask,SCRUBBED_TIME+LLAMA3-BWB_BMPD256_10_12_2
4,6,0,0,17,1,256,53.4,34.46580244444445,bw,static,static,results,Results,Results_LLAMA31,LLAMA3-BWB-Results,simulator_output_LLAMA3-BWB_bwplacement_bs4_staticreq_statictask,SCRUBBED_TIME+LLAMA3-BWB_BMPD256_6_17_1
4,3,0,0,20,1,384,85.88,34.61047244444445,bw,static,static,results,Results,Results_LLAMA31,LLAMA3-BWB-Results,simulator_output_LLAMA3-BWB_bwplacement_bs4_staticreq_statictask,SCRUBBED_TIME+LLAMA3-BWB_BMPD384_3_20_1
4,12,0,0,9,3,256,142.52,34.618785333333335,bw,static,static,results,Results,Results_LLAMA31,LLAMA3-BWB-Results,simulator_output_LLAMA3-BWB_bwplacement_bs4_staticreq_statictask,SCRUBBED_TIME+LLAMA3-BWB_BMPD256_12_9_3
4,4,0,0,17,3,384,226.44,34.901070571428576,bw,static,static,results,Results,Results_LLAMA31,LLAMA3-BWB-Results,simulator_output_LLAMA3-BWB_bwplacement_bs4_staticreq_statictask,SCRUBBED_TIME+LLAMA3-BWB_BMPD384_4_17_3
4,4,0,0,19,1,384,79.88,34.92771342857142,bw,static,static,results,Results,Results_LLAMA31,LLAMA3-BWB-Results,simulator_output_LLAMA3-BWB_bwplacement_bs4_staticreq_statictask,SCRUBBED_TIME+LLAMA3-BWB_BMPD384_4_19_1
4,4,0,0,16,4,384,305.76,35.004956285714286,bw,static,static,results,Results,Results_LLAMA31,LLAMA3-BWB-Results,simulator_output_LLAMA3-BWB_bwplacement_bs4_staticreq_statictask,SCRUBBED_TIME+LLAMA3-BWB_BMPD384_4_16_4
4,14,0,0,8,2,384,158.4,35.0633716,bw,static,static,results,Results,Results_LLAMA31,LLAMA3-BWB-Results,simulator_output_LLAMA3-BWB_bwplacement_bs4_staticreq_statictask,SCRUBBED_TIME+LLAMA3-BWB_BMPD384_14_8_2
4,2,0,0,21,1,512,98.92,35.154754,bw,static,static,results,Results,Results_LLAMA31,LLAMA3-BWB-Results,simulator_output_LLAMA3-BWB_bwplacement_bs4_staticreq_statictask,SCRUBBED_TIME+LLAMA3-BWB_BMPD512_2_21_1
4,2,0,0,20,2,512,194.6,35.154754,bw,static,static,results,Results,Results_LLAMA31,LLAMA3-BWB-Results,simulator_output_LLAMA3-BWB_bwplacement_bs4_staticreq_statictask,SCRUBBED_TIME+LLAMA3-BWB_BMPD512_2_20_2
4,13,0,0,10,1,256,52.52,35.632853454545454,bw,static,static,results,Results,Results_LLAMA31,LLAMA3-BWB-Results,simulator_output_LLAMA3-BWB_bwplacement_bs4_staticreq_statictask,SCRUBBED_TIME+LLAMA3-BWB_BMPD256_13_10_1
4,9,0,0,12,3,256,146.0,35.669087733333335,bw,static,static,results,Results,Results_LLAMA31,LLAMA3-BWB-Results,simulator_output_LLAMA3-BWB_bwplacement_bs4_staticreq_statictask,SCRUBBED_TIME+LLAMA3-BWB_BMPD256_9_12_3
4,12,0,0,8,4,256,190.08,35.70721866666666,bw,static,static,results,Results,Results_LLAMA31,LLAMA3-BWB-Results,simulator_output_LLAMA3-BWB_bwplacement_bs4_staticreq_statictask,SCRUBBED_TIME+LLAMA3-BWB_BMPD256_12_8_4
4,13,0,0,9,2,384,159.56,35.735958545454544,bw,static,static,results,Results,Results_LLAMA31,LLAMA3-BWB-Results,simulator_output_LLAMA3-BWB_bwplacement_bs4_staticreq_statictask,SCRUBBED_TIME+LLAMA3-BWB_BMPD384_13_9_2
4,5,0,0,17,2,384,169.12,35.9380165,bw,static,static,results,Results,Results_LLAMA31,LLAMA3-BWB-Results,simulator_output_LLAMA3-BWB_bwplacement_bs4_staticreq_statictask,SCRUBBED_TIME+LLAMA3-BWB_BMPD384_5_17_2
4,16,0,0,7,1,256,50.04,36.084826,bw,static,static,results,Results,Results_LLAMA31,LLAMA3-BWB-Results,simulator_output_LLAMA3-BWB_bwplacement_bs4_staticreq_statictask,SCRUBBED_TIME+LLAMA3-BWB_BMPD256_16_7_1
4,5,0,0,16,3,384,231.32,36.10466025,bw,static,static,results,Results,Results_LLAMA31,LLAMA3-BWB-Results,simulator_output_LLAMA3-BWB_bwplacement_bs4_staticreq_statictask,SCRUBBED_TIME+LLAMA3-BWB_BMPD384_5_16_3
4,11,0,0,12,1,384,81.56,36.266280615384616,bw,static,static,results,Results,Results_LLAMA31,LLAMA3-BWB-Results,simulator_output_LLAMA3-BWB_bwplacement_bs4_staticreq_statictask,SCRUBBED_TIME+LLAMA3-BWB_BMPD384_11_12_1
4,7,0,0,16,1,384,85.64,36.32634494117647,bw,static,static,results,Results,Results_LLAMA31,LLAMA3-BWB-Results,simulator_output_LLAMA3-BWB_bwplacement_bs4_staticreq_statictask,SCRUBBED_TIME+LLAMA3-BWB_BMPD384_7_16_1
4,6,0,0,17,1,384,84.12,36.78974755555555,bw,static,static,results,Results,Results_LLAMA31,LLAMA3-BWB-Results,simulator_output_LLAMA3-BWB_bwplacement_bs4_staticreq_statictask,SCRUBBED_TIME+LLAMA3-BWB_BMPD384_6_17_1
4,6,0,0,16,2,384,163.44,36.93402533333334,bw,static,static,results,Results,Results_LLAMA31,LLAMA3-BWB-Results,simulator_output_LLAMA3-BWB_bwplacement_bs4_staticreq_statictask,SCRUBBED_TIME+LLAMA3-BWB_BMPD384_6_16_2
4,12,0,0,11,1,256,50.68,37.09858533333333,bw,static,static,results,Results,Results_LLAMA31,LLAMA3-BWB-Results,simulator_output_LLAMA3-BWB_bwplacement_bs4_staticreq_statictask,SCRUBBED_TIME+LLAMA3-BWB_BMPD256_12_11_1
4,4,0,0,15,5,256,215.28,37.11172257142857,bw,static,static,results,Results,Results_LLAMA31,LLAMA3-BWB-Results,simulator_output_LLAMA3-BWB_bwplacement_bs4_staticreq_statictask,SCRUBBED_TIME+LLAMA3-BWB_BMPD256_4_15_5
4,11,0,0,9,4,256,188.72,37.11424707692308,bw,static,static,results,Results,Results_LLAMA31,LLAMA3-BWB-Results,simulator_output_LLAMA3-BWB_bwplacement_bs4_staticreq_statictask,SCRUBBED_TIME+LLAMA3-BWB_BMPD256_11_9_4
4,4,0,0,14,6,256,254.08,37.14032257142858,bw,static,static,results,Results,Results_LLAMA31,LLAMA3-BWB-Results,simulator_output_LLAMA3-BWB_bwplacement_bs4_staticreq_statictask,SCRUBBED_TIME+LLAMA3-BWB_BMPD256_4_14_6
4,3,0,0,20,1,512,99.04,37.17243688888889,bw,static,static,results,Results,Results_LLAMA31,LLAMA3-BWB-Results,simulator_output_LLAMA3-BWB_bwplacement_bs4_staticreq_statictask,SCRUBBED_TIME+LLAMA3-BWB_BMPD512_3_20_1
4,3,0,0,18,3,512,273.04,37.17243688888889,bw,static,static,results,Results,Results_LLAMA31,LLAMA3-BWB-Results,simulator_output_LLAMA3-BWB_bwplacement_bs4_staticreq_statictask,SCRUBBED_TIME+LLAMA3-BWB_BMPD512_3_18_3
4,3,0,0,17,4,512,363.64,37.17245911111111,bw,static,static,results,Results,Results_LLAMA31,LLAMA3-BWB-Results,simulator_output_LLAMA3-BWB_bwplacement_bs4_staticreq_statictask,SCRUBBED_TIME+LLAMA3-BWB_BMPD512_3_17_4
4,3,0,0,19,2,512,193.92,37.306092444444445,bw,static,static,results,Results,Results_LLAMA31,LLAMA3-BWB-Results,simulator_output_LLAMA3-BWB_bwplacement_bs4_staticreq_statictask,SCRUBBED_TIME+LLAMA3-BWB_BMPD512_3_19_2
4,10,0,0,12,2,384,158.92,37.38753485714286,bw,static,static,results,Results,Results_LLAMA31,LLAMA3-BWB-Results,simulator_output_LLAMA3-BWB_bwplacement_bs4_staticreq_statictask,SCRUBBED_TIME+LLAMA3-BWB_BMPD384_10_12_2
4,8,0,0,12,4,256,194.96,37.574741,bw,static,static,results,Results,Results_LLAMA31,LLAMA3-BWB-Results,simulator_output_LLAMA3-BWB_bwplacement_bs4_staticreq_statictask,SCRUBBED_TIME+LLAMA3-BWB_BMPD256_8_12_4
4,5,0,0,12,7,256,298.96,37.574991,bw,static,static,results,Results,Results_LLAMA31,LLAMA3-BWB-Results,simulator_output_LLAMA3-BWB_bwplacement_bs4_staticreq_statictask,SCRUBBED_TIME+LLAMA3-BWB_BMPD256_5_12_7
4,13,0,0,8,3,384,219.64,37.58405854545455,bw,static,static,results,Results,Results_LLAMA31,LLAMA3-BWB-Results,simulator_output_LLAMA3-BWB_bwplacement_bs4_staticreq_statictask,SCRUBBED_TIME+LLAMA3-BWB_BMPD384_13_8_3
4,12,0,0,10,2,256,103.04,37.81184366666666,bw,static,static,results,Results,Results_LLAMA31,LLAMA3-BWB-Results,simulator_output_LLAMA3-BWB_bwplacement_bs4_staticreq_statictask,SCRUBBED_TIME+LLAMA3-BWB_BMPD256_12_10_2
4,9,0,0,14,1,256,53.92,38.11872773333334,bw,static,static,results,Results,Results_LLAMA31,LLAMA3-BWB-Results,simulator_output_LLAMA3-BWB_bwplacement_bs4_staticreq_statictask,SCRUBBED_TIME+LLAMA3-BWB_BMPD256_9_14_1
4,15,0,0,7,2,256,97.0,38.214286666666666,bw,static,static,results,Results,Results_LLAMA31,LLAMA3-BWB-Results,simulator_output_LLAMA3-BWB_bwplacement_bs4_staticreq_statictask,SCRUBBED_TIME+LLAMA3-BWB_BMPD256_15_7_2
4,3,0,0,7,14,256,339.84,38.214686666666665,bw,static,static,results,Results,Results_LLAMA31,LLAMA3-BWB-Results,simulator_output_LLAMA3-BWB_bwplacement_bs4_staticreq_statictask,SCRUBBED_TIME+LLAMA3-BWB_BMPD256_3_7_14
4,11,0,0,8,5,256,208.6,38.24657784615385,bw,static,static,results,Results,Results_LLAMA31,LLAMA3-BWB-Results,simulator_output_LLAMA3-BWB_bwplacement_bs4_staticreq_statictask,SCRUBBED_TIME+LLAMA3-BWB_BMPD256_11_8_5
4,16,0,0,7,1,384,80.76,38.2947585,bw,static,static,results,Results,Results_LLAMA31,LLAMA3-BWB-Results,simulator_output_LLAMA3-BWB_bwplacement_bs4_staticreq_statictask,SCRUBBED_TIME+LLAMA3-BWB_BMPD384_16_7_1
4,13,0,0,10,1,384,83.8,38.34896763636363,bw,static,static,results,Results,Results_LLAMA31,LLAMA3-BWB-Results,simulator_output_LLAMA3-BWB_bwplacement_bs4_staticreq_statictask,SCRUBBED_TIME+LLAMA3-BWB_BMPD384_13_10_1
4,11,0,0,11,2,256,98.64,38.35690092307692,bw,static,static,results,Results,Results_LLAMA31,LLAMA3-BWB-Results,simulator_output_LLAMA3-BWB_bwplacement_bs4_staticreq_statictask,SCRUBBED_TIME+LLAMA3-BWB_BMPD256_11_11_2
4,4,0,0,18,2,384,167.4,38.37476342857143,bw,static,static,results,Results,Results_LLAMA31,LLAMA3-BWB-Results,simulator_output_LLAMA3-BWB_bwplacement_bs4_staticreq_statictask,SCRUBBED_TIME+LLAMA3-BWB_BMPD384_4_18_2
4,12,0,0,9,3,384,220.88,38.423734,bw,static,static,results,Results,Results_LLAMA31,LLAMA3-BWB-Results,simulator_output_LLAMA3-BWB_bwplacement_bs4_staticreq_statictask,SCRUBBED_TIME+LLAMA3-BWB_BMPD384_12_9_3
4,2,0,0,21,1,640,95.28,38.442352666666665,bw,static,static,results,Results,Results_LLAMA31,LLAMA3-BWB-Results,simulator_output_LLAMA3-BWB_bwplacement_bs4_staticreq_statictask,SCRUBBED_TIME+LLAMA3-BWB_BMPD640_2_21_1
4,2,0,0,20,2,640,187.32,38.442352666666665,bw,static,static,results,Results,Results_LLAMA31,LLAMA3-BWB-Results,simulator_output_LLAMA3-BWB_bwplacement_bs4_staticreq_statictask,SCRUBBED_TIME+LLAMA3-BWB_BMPD640_2_20_2
4,15,0,0,8,1,512,91.36,38.46003688888889,bw,static,static,results,Results,Results_LLAMA31,LLAMA3-BWB-Results,simulator_output_LLAMA3-BWB_bwplacement_bs4_staticreq_statictask,SCRUBBED_TIME+LLAMA3-BWB_BMPD512_15_8_1
4,16,0,0,6,2,256,93.72,38.4934385,bw,static,static,results,Results,Results_LLAMA31,LLAMA3-BWB-Results,simulator_output_LLAMA3-BWB_bwplacement_bs4_staticreq_statictask,SCRUBBED_TIME+LLAMA3-BWB_BMPD256_16_6_2
4,12,0,0,11,1,384,80.36,38.929825666666666,bw,static,static,results,Results,Results_LLAMA31,LLAMA3-BWB-Results,simulator_output_LLAMA3-BWB_bwplacement_bs4_staticreq_statictask,SCRUBBED_TIME+LLAMA3-BWB_BMPD384_12_11_1
4,9,0,0,12,3,384,224.92,38.960733866666665,bw,static,static,results,Results,Results_LLAMA31,LLAMA3-BWB-Results,simulator_output_LLAMA3-BWB_bwplacement_bs4_staticreq_statictask,SCRUBBED_TIME+LLAMA3-BWB_BMPD384_9_12_3
4,14,0,0,8,2,512,177.88,39.0620676,bw,static,static,results,Results,Results_LLAMA31,LLAMA3-BWB-Results,simulator_output_LLAMA3-BWB_bwplacement_bs4_staticreq_statictask,SCRUBBED_TIME+LLAMA3-BWB_BMPD512_14_8_2
4,10,0,0,11,3,256,140.64,39.082222571428574,bw,static,static,results,Results,Results_LLAMA31,LLAMA3-BWB-Results,simulator_output_LLAMA3-BWB_bwplacement_bs4_staticreq_statictask,SCRUBBED_TIME+LLAMA3-BWB_BMPD256_10_11_3
4,4,0,0,11,9,256,334.68,39.08360114285714,bw,static,static,results,Results,Results_LLAMA31,LLAMA3-BWB-Results,simulator_output_LLAMA3-BWB_bwplacement_bs4_staticreq_statictask,SCRUBBED_TIME+LLAMA3-BWB_BMPD256_4_11_9
4,8,0,0,14,2,256,105.6,39.12148475,bw,static,static,results,Results,Results_LLAMA31,LLAMA3-BWB-Results,simulator_output_LLAMA3-BWB_bwplacement_bs4_staticreq_statictask,SCRUBBED_TIME+LLAMA3-BWB_BMPD256_8_14_2
4,16,0,0,5,3,256,128.76,39.143851,bw,static,static,results,Results,Results_LLAMA31,LLAMA3-BWB-Results,simulator_output_LLAMA3-BWB_bwplacement_bs4_staticreq_statictask,SCRUBBED_TIME+LLAMA3-BWB_BMPD256_16_5_3
4,10,0,0,9,5,256,207.84,39.25707257142857,bw,static,static,results,Results,Results_LLAMA31,LLAMA3-BWB-Results,simulator_output_LLAMA3-BWB_bwplacement_bs4_staticreq_statictask,SCRUBBED_TIME+LLAMA3-BWB_BMPD256_10_9_5
4,4,0,0,9,11,256,403.92,39.25707257142857,bw,static,static,results,Results,Results_LLAMA31,LLAMA3-BWB-Results,simulator_output_LLAMA3-BWB_bwplacement_bs4_staticreq_statictask,SCRUBBED_TIME+LLAMA3-BWB_BMPD256_4_9_11
4,10,0,0,13,1,256,50.76,39.295894,bw,static,static,results,Results,Results_LLAMA31,LLAMA3-BWB-Results,simulator_output_LLAMA3-BWB_bwplacement_bs4_staticreq_statictask,SCRUBBED_TIME+LLAMA3-BWB_BMPD256_10_13_1
4,4,0,0,13,7,256,288.32,39.295894,bw,static,static,results,Results,Results_LLAMA31,LLAMA3-BWB-Results,simulator_output_LLAMA3-BWB_bwplacement_bs4_staticreq_statictask,SCRUBBED_TIME+LLAMA3-BWB_BMPD256_4_13_7
4,4,0,0,14,6,384,396.6,39.30844914285714,bw,static,static,results,Results,Results_LLAMA31,LLAMA3-BWB-Results,simulator_output_LLAMA3-BWB_bwplacement_bs4_staticreq_statictask,SCRUBBED_TIME+LLAMA3-BWB_BMPD384_4_14_6
4,5,0,0,14,5,256,222.4,39.43135975,bw,static,static,results,Results,Results_LLAMA31,LLAMA3-BWB-Results,simulator_output_LLAMA3-BWB_bwplacement_bs4_staticreq_statictask,SCRUBBED_TIME+LLAMA3-BWB_BMPD256_5_14_5
4,4,0,0,15,5,384,348.08,39.49147057142857,bw,static,static,results,Results,Results_LLAMA31,LLAMA3-BWB-Results,simulator_output_LLAMA3-BWB_bwplacement_bs4_staticreq_statictask,SCRUBBED_TIME+LLAMA3-BWB_BMPD384_4_15_5
4,11,0,0,10,3,256,142.36,39.51776246153847,bw,static,static,results,Results,Results_LLAMA31,LLAMA3-BWB-Results,simulator_output_LLAMA3-BWB_bwplacement_bs4_staticreq_statictask,SCRUBBED_TIME+LLAMA3-BWB_BMPD256_11_10_3
4,7,0,0,12,5,256,216.08,39.70530376470588,bw,static,static,results,Results,Results_LLAMA31,LLAMA3-BWB-Results,simulator_output_LLAMA3-BWB_bwplacement_bs4_staticreq_statictask,SCRUBBED_TIME+LLAMA3-BWB_BMPD256_7_12_5
4,5,0,0,18,1,384,86.0,39.75834775,bw,static,static,results,Results,Results_LLAMA31,LLAMA3-BWB-Results,simulator_output_LLAMA3-BWB_bwplacement_bs4_staticreq_statictask,SCRUBBED_TIME+LLAMA3-BWB_BMPD384_5_18_1
4,4,0,0,18,2,512,176.76,39.883874285714285,bw,static,static,results,Results,Results_LLAMA31,LLAMA3-BWB-Results,simulator_output_LLAMA3-BWB_bwplacement_bs4_staticreq_statictask,SCRUBBED_TIME+LLAMA3-BWB_BMPD512_4_18_2
4,9,0,0,14,1,384,83.2,39.95499386666667,bw,static,static,results,Results,Results_LLAMA31,LLAMA3-BWB-Results,simulator_output_LLAMA3-BWB_bwplacement_bs4_staticreq_statictask,SCRUBBED_TIME+LLAMA3-BWB_BMPD384_9_14_1
4,7,0,0,14,3,256,146.68,39.96431552941176,bw,static,static,results,Results,Results_LLAMA31,LLAMA3-BWB-Results,simulator_output_LLAMA3-BWB_bwplacement_bs4_staticreq_statictask,SCRUBBED_TIME+LLAMA3-BWB_BMPD256_7_14_3
4,14,0,0,7,3,256,135.4,39.9846888,bw,static,static,results,Results,Results_LLAMA31,LLAMA3-BWB-Results,simulator_output_LLAMA3-BWB_bwplacement_bs4_staticreq_statictask,SCRUBBED_TIME+LLAMA3-BWB_BMPD256_14_7_3
4,4,0,0,19,1,512,90.96,40.00081714285714,bw,static,static,results,Results,Results_LLAMA31,LLAMA3-BWB-Results,simulator_output_LLAMA3-BWB_bwplacement_bs4_staticreq_statictask,SCRUBBED_TIME+LLAMA3-BWB_BMPD512_4_19_1
4,4,0,0,17,3,512,248.6,40.05103142857143,bw,static,static,results,Results,Results_LLAMA31,LLAMA3-BWB-Results,simulator_output_LLAMA3-BWB_bwplacement_bs4_staticreq_statictask,SCRUBBED_TIME+LLAMA3-BWB_BMPD512_4_17_3
4,4,0,0,16,4,512,337.36,40.06417428571428,bw,static,static,results,Results,Results_LLAMA31,LLAMA3-BWB-Results,simulator_output_LLAMA3-BWB_bwplacement_bs4_staticreq_statictask,SCRUBBED_TIME+LLAMA3-BWB_BMPD512_4_16_4
4,5,0,0,15,4,256,185.0,40.147441,bw,static,static,results,Results,Results_LLAMA31,LLAMA3-BWB-Results,simulator_output_LLAMA3-BWB_bwplacement_bs4_staticreq_statictask,SCRUBBED_TIME+LLAMA3-BWB_BMPD256_5_15_4
4,8,0,0,15,1,256,48.44,40.15137225,bw,static,static,results,Results,Results_LLAMA31,LLAMA3-BWB-Results,simulator_output_LLAMA3-BWB_bwplacement_bs4_staticreq_statictask,SCRUBBED_TIME+LLAMA3-BWB_BMPD256_8_15_1
4,12,0,0,8,4,384,287.96,40.24651733333334,bw,static,static,results,Results,Results_LLAMA31,LLAMA3-BWB-Results,simulator_output_LLAMA3-BWB_bwplacement_bs4_staticreq_statictask,SCRUBBED_TIME+LLAMA3-BWB_BMPD384_12_8_4
4,10,0,0,8,6,256,235.16,40.308094,bw,static,static,results,Results,Results_LLAMA31,LLAMA3-BWB-Results,simulator_output_LLAMA3-BWB_bwplacement_bs4_staticreq_statictask,SCRUBBED_TIME+LLAMA3-BWB_BMPD256_10_8_6
4,4,0,0,8,12,256,395.72,40.33055114285714,bw,static,static,results,Results,Results_LLAMA31,LLAMA3-BWB-Results,simulator_output_LLAMA3-BWB_bwplacement_bs4_staticreq_statictask,SCRUBBED_TIME+LLAMA3-BWB_BMPD256_4_8_12
4,12,0,0,10,2,384,161.72,40.39797566666667,bw,static,static,results,Results,Results_LLAMA31,LLAMA3-BWB-Results,simulator_output_LLAMA3-BWB_bwplacement_bs4_staticreq_statictask,SCRUBBED_TIME+LLAMA3-BWB_BMPD384_12_10_2
4,11,0,0,11,2,384,156.8,40.45096523076924,bw,static,static,results,Results,Results_LLAMA31,LLAMA3-BWB-Results,simulator_output_LLAMA3-BWB_bwplacement_bs4_staticreq_statictask,SCRUBBED_TIME+LLAMA3-BWB_BMPD384_11_11_2
4,6,0,0,12,6,256,246.6,40.614896888888886,bw,static,static,results,Results,Results_LLAMA31,LLAMA3-BWB-Results,simulator_output_LLAMA3-BWB_bwplacement_bs4_staticreq_statictask,SCRUBBED_TIME+LLAMA3-BWB_BMPD256_6_12_6
4,10,0,0,10,4,256,189.96,40.62068685714286,bw,static,static,results,Results,Results_LLAMA31,LLAMA3-BWB-Results,simulator_output_LLAMA3-BWB_bwplacement_bs4_staticreq_statictask,SCRUBBED_TIME+LLAMA3-BWB_BMPD256_10_10_4
4,4,0,0,10,10,256,338.96,40.62102971428572,bw,static,static,results,Results,Results_LLAMA31,LLAMA3-BWB-Results,simulator_output_LLAMA3-BWB_bwplacement_bs4_staticreq_statictask,SCRUBBED_TIME+LLAMA3-BWB_BMPD256_4_10_10
4,3,0,0,20,1,640,95.36,40.65385822222223,bw,static,static,results,Results,Results_LLAMA31,LLAMA3-BWB-Results,simulator_output_LLAMA3-BWB_bwplacement_bs4_staticreq_statictask,SCRUBBED_TIME+LLAMA3-BWB_BMPD640_3_20_1
4,3,0,0,18,3,640,260.08,40.65385822222223,bw,static,static,results,Results,Results_LLAMA31,LLAMA3-BWB-Results,simulator_output_LLAMA3-BWB_bwplacement_bs4_staticreq_statictask,SCRUBBED_TIME+LLAMA3-BWB_BMPD640_3_18_3
4,3,0,0,17,4,640,349.6,40.65395822222222,bw,static,static,results,Results,Results_LLAMA31,LLAMA3-BWB-Results,simulator_output_LLAMA3-BWB_bwplacement_bs4_staticreq_statictask,SCRUBBED_TIME+LLAMA3-BWB_BMPD640_3_17_4
4,16,0,0,6,2,384,152.08,40.7931335,bw,static,static,results,Results,Results_LLAMA31,LLAMA3-BWB-Results,simulator_output_LLAMA3-BWB_bwplacement_bs4_staticreq_statictask,SCRUBBED_TIME+LLAMA3-BWB_BMPD384_16_6_2
4,6,0,0,14,4,256,199.4,40.868724666666665,bw,static,static,results,Results,Results_LLAMA31,LLAMA3-BWB-Results,simulator_output_LLAMA3-BWB_bwplacement_bs4_staticreq_statictask,SCRUBBED_TIME+LLAMA3-BWB_BMPD256_6_14_4
4,5,0,0,18,1,512,97.76,40.894277,bw,static,static,results,Results,Results_LLAMA31,LLAMA3-BWB-Results,simulator_output_LLAMA3-BWB_bwplacement_bs4_staticreq_statictask,SCRUBBED_TIME+LLAMA3-BWB_BMPD512_5_18_1
4,8,0,0,12,4,384,296.52,40.94548525,bw,static,static,results,Results,Results_LLAMA31,LLAMA3-BWB-Results,simulator_output_LLAMA3-BWB_bwplacement_bs4_staticreq_statictask,SCRUBBED_TIME+LLAMA3-BWB_BMPD384_8_12_4
4,5,0,0,12,7,384,452.68,40.94548525,bw,static,static,results,Results,Results_LLAMA31,LLAMA3-BWB-Results,simulator_output_LLAMA3-BWB_bwplacement_bs4_staticreq_statictask,SCRUBBED_TIME+LLAMA3-BWB_BMPD384_5_12_7
4,9,0,0,11,4,256,185.6,41.0126944,bw,static,static,results,Results,Results_LLAMA31,LLAMA3-BWB-Results,simulator_output_LLAMA3-BWB_bwplacement_bs4_staticreq_statictask,SCRUBBED_TIME+LLAMA3-BWB_BMPD256_9_11_4
4,11,0,0,9,4,384,289.4,41.15524984615385,bw,static,static,results,Results,Results_LLAMA31,LLAMA3-BWB-Results,simulator_output_LLAMA3-BWB_bwplacement_bs4_staticreq_statictask,SCRUBBED_TIME+LLAMA3-BWB_BMPD384_11_9_4
4,16,0,0,5,3,384,203.36,41.1847335,bw,static,static,results,Results,Results_LLAMA31,LLAMA3-BWB-Results,simulator_output_LLAMA3-BWB_bwplacement_bs4_staticreq_statictask,SCRUBBED_TIME+LLAMA3-BWB_BMPD384_16_5_3
4,10,0,0,13,1,384,81.4,41.20237771428572,bw,static,static,results,Results,Results_LLAMA31,LLAMA3-BWB-Results,simulator_output_LLAMA3-BWB_bwplacement_bs4_staticreq_statictask,SCRUBBED_TIME+LLAMA3-BWB_BMPD384_10_13_1
4,16,0,0,7,1,512,92.24,41.220396,bw,static,static,results,Results,Results_LLAMA31,LLAMA3-BWB-Results,simulator_output_LLAMA3-BWB_bwplacement_bs4_staticreq_statictask,SCRUBBED_TIME+LLAMA3-BWB_BMPD512_16_7_1
4,9,0,0,13,2,256,98.44,41.326887733333336,bw,static,static,results,Results,Results_LLAMA31,LLAMA3-BWB-Results,simulator_output_LLAMA3-BWB_bwplacement_bs4_staticreq_statictask,SCRUBBED_TIME+LLAMA3-BWB_BMPD256_9_13_2
4,9,0,0,9,6,256,233.4,41.41006106666667,bw,static,static,results,Results,Results_LLAMA31,LLAMA3-BWB-Results,simulator_output_LLAMA3-BWB_bwplacement_bs4_staticreq_statictask,SCRUBBED_TIME+LLAMA3-BWB_BMPD256_9_9_6
4,9,0,0,14,1,512,94.6,41.42054853333333,bw,static,static,results,Results,Results_LLAMA31,LLAMA3-BWB-Results,simulator_output_LLAMA3-BWB_bwplacement_bs4_staticreq_statictask,SCRUBBED_TIME+LLAMA3-BWB_BMPD512_9_14_1
4,7,0,0,16,1,512,94.16,41.64374305882352,bw,static,static,results,Results,Results_LLAMA31,LLAMA3-BWB-Results,simulator_output_LLAMA3-BWB_bwplacement_bs4_staticreq_statictask,SCRUBBED_TIME+LLAMA3-BWB_BMPD512_7_16_1
4,11,0,0,10,3,384,224.44,41.653880615384615,bw,static,static,results,Results,Results_LLAMA31,LLAMA3-BWB-Results,simulator_output_LLAMA3-BWB_bwplacement_bs4_staticreq_statictask,SCRUBBED_TIME+LLAMA3-BWB_BMPD384_11_10_3
4,15,0,0,7,2,384,148.04,41.65470577777778,bw,static,static,results,Results,Results_LLAMA31,LLAMA3-BWB-Results,simulator_output_LLAMA3-BWB_bwplacement_bs4_staticreq_statictask,SCRUBBED_TIME+LLAMA3-BWB_BMPD384_15_7_2
4,5,0,0,17,2,512,186.72,41.686852,bw,static,static,results,Results,Results_LLAMA31,LLAMA3-BWB-Results,simulator_output_LLAMA3-BWB_bwplacement_bs4_staticreq_statictask,SCRUBBED_TIME+LLAMA3-BWB_BMPD512_5_17_2
4,15,0,0,6,3,256,129.52,41.74584222222222,bw,static,static,results,Results,Results_LLAMA31,LLAMA3-BWB-Results,simulator_output_LLAMA3-BWB_bwplacement_bs4_staticreq_statictask,SCRUBBED_TIME+LLAMA3-BWB_BMPD256_15_6_3
4,3,0,0,6,15,256,321.76,41.74584222222222,bw,static,static,results,Results,Results_LLAMA31,LLAMA3-BWB-Results,simulator_output_LLAMA3-BWB_bwplacement_bs4_staticreq_statictask,SCRUBBED_TIME+LLAMA3-BWB_BMPD256_3_6_15
4,13,0,0,8,3,512,246.04,41.83757927272728,bw,static,static,results,Results,Results_LLAMA31,LLAMA3-BWB-Results,simulator_output_LLAMA3-BWB_bwplacement_bs4_staticreq_statictask,SCRUBBED_TIME+LLAMA3-BWB_BMPD512_13_8_3
4,8,0,0,15,1,384,83.88,41.89262275,bw,static,static,results,Results,Results_LLAMA31,LLAMA3-BWB-Results,simulator_output_LLAMA3-BWB_bwplacement_bs4_staticreq_statictask,SCRUBBED_TIME+LLAMA3-BWB_BMPD384_8_15_1
4,5,0,0,15,4,384,306.72,41.89268525,bw,static,static,results,Results,Results_LLAMA31,LLAMA3-BWB-Results,simulator_output_LLAMA3-BWB_bwplacement_bs4_staticreq_statictask,SCRUBBED_TIME+LLAMA3-BWB_BMPD384_5_15_4
4,8,0,0,14,2,384,160.2,41.90281025,bw,static,static,results,Results,Results_LLAMA31,LLAMA3-BWB-Results,simulator_output_LLAMA3-BWB_bwplacement_bs4_staticreq_statictask,SCRUBBED_TIME+LLAMA3-BWB_BMPD384_8_14_2
4,5,0,0,14,5,384,341.32,41.9044665,bw,static,static,results,Results,Results_LLAMA31,LLAMA3-BWB-Results,simulator_output_LLAMA3-BWB_bwplacement_bs4_staticreq_statictask,SCRUBBED_TIME+LLAMA3-BWB_BMPD384_5_14_5
4,10,0,0,11,3,384,217.92,42.000342,bw,static,static,results,Results,Results_LLAMA31,LLAMA3-BWB-Results,simulator_output_LLAMA3-BWB_bwplacement_bs4_staticreq_statictask,SCRUBBED_TIME+LLAMA3-BWB_BMPD384_10_11_3
4,5,0,0,16,3,512,263.92,42.098152,bw,static,static,results,Results,Results_LLAMA31,LLAMA3-BWB-Results,simulator_output_LLAMA3-BWB_bwplacement_bs4_staticreq_statictask,SCRUBBED_TIME+LLAMA3-BWB_BMPD512_5_16_3
4,5,0,0,13,6,256,239.6,42.11487225,bw,static,static,results,Results,Results_LLAMA31,LLAMA3-BWB-Results,simulator_output_LLAMA3-BWB_bwplacement_bs4_staticreq_statictask,SCRUBBED_TIME+LLAMA3-BWB_BMPD256_5_13_6
4,6,0,0,16,2,512,184.28,42.13835133333333,bw,static,static,results,Results,Results_LLAMA31,LLAMA3-BWB-Results,simulator_output_LLAMA3-BWB_bwplacement_bs4_staticreq_statictask,SCRUBBED_TIME+LLAMA3-BWB_BMPD512_6_16_2
4,7,0,0,15,2,256,95.56,42.14891552941176,bw,static,static,results,Results,Results_LLAMA31,LLAMA3-BWB-Results,simulator_output_LLAMA3-BWB_bwplacement_bs4_staticreq_statictask,SCRUBBED_TIME+LLAMA3-BWB_BMPD256_7_15_2
4,8,0,0,13,3,256,136.32,42.23707225,bw,static,static,results,Results,Results_LLAMA31,LLAMA3-BWB-Results,simulator_output_LLAMA3-BWB_bwplacement_bs4_staticreq_statictask,SCRUBBED_TIME+LLAMA3-BWB_BMPD256_8_13_3
4,9,0,0,8,7,256,271.48,42.42134773333333,bw,static,static,results,Results,Results_LLAMA31,LLAMA3-BWB-Results,simulator_output_LLAMA3-BWB_bwplacement_bs4_staticreq_statictask,SCRUBBED_TIME+LLAMA3-BWB_BMPD256_9_8_7
4,8,0,0,11,5,256,204.76,42.49318475,bw,static,static,results,Results,Results_LLAMA31,LLAMA3-BWB-Results,simulator_output_LLAMA3-BWB_bwplacement_bs4_staticreq_statictask,SCRUBBED_TIME+LLAMA3-BWB_BMPD256_8_11_5
4,5,0,0,11,8,256,341.04,42.49323475,bw,static,static,results,Results,Results_LLAMA31,LLAMA3-BWB-Results,simulator_output_LLAMA3-BWB_bwplacement_bs4_staticreq_statictask,SCRUBBED_TIME+LLAMA3-BWB_BMPD256_5_11_8
4,15,0,0,6,3,384,212.56,42.503028,bw,static,static,results,Results,Results_LLAMA31,LLAMA3-BWB-Results,simulator_output_LLAMA3-BWB_bwplacement_bs4_staticreq_statictask,SCRUBBED_TIME+LLAMA3-BWB_BMPD384_15_6_3
4,9,0,0,13,2,384,156.52,42.57009386666667,bw,static,static,results,Results,Results_LLAMA31,LLAMA3-BWB-Results,simulator_output_LLAMA3-BWB_bwplacement_bs4_staticreq_statictask,SCRUBBED_TIME+LLAMA3-BWB_BMPD384_9_13_2
4,8,0,0,14,2,512,183.4,42.8237645,bw,static,static,results,Results,Results_LLAMA31,LLAMA3-BWB-Results,simulator_output_LLAMA3-BWB_bwplacement_bs4_staticreq_statictask,SCRUBBED_TIME+LLAMA3-BWB_BMPD512_8_14_2
4,7,0,0,15,2,384,163.32,42.94999788235294,bw,static,static,results,Results,Results_LLAMA31,LLAMA3-BWB-Results,simulator_output_LLAMA3-BWB_bwplacement_bs4_staticreq_statictask,SCRUBBED_TIME+LLAMA3-BWB_BMPD384_7_15_2
4,11,0,0,8,5,384,316.76,42.97794984615385,bw,static,static,results,Results,Results_LLAMA31,LLAMA3-BWB-Results,simulator_output_LLAMA3-BWB_bwplacement_bs4_staticreq_statictask,SCRUBBED_TIME+LLAMA3-BWB_BMPD384_11_8_5
4,7,0,0,12,5,384,329.72,42.99423317647059,bw,static,static,results,Results,Results_LLAMA31,LLAMA3-BWB-Results,simulator_output_LLAMA3-BWB_bwplacement_bs4_staticreq_statictask,SCRUBBED_TIME+LLAMA3-BWB_BMPD384_7_12_5
4,3,0,0,19,2,640,183.8,43.15206933333334,bw,static,static,results,Results,Results_LLAMA31,LLAMA3-BWB-Results,simulator_output_LLAMA3-BWB_bwplacement_bs4_staticreq_statictask,SCRUBBED_TIME+LLAMA3-BWB_BMPD640_3_19_2
4,5,0,0,14,5,512,381.84,43.216127,bw,static,static,results,Results,Results_LLAMA31,LLAMA3-BWB-Results,simulator_output_LLAMA3-BWB_bwplacement_bs4_staticreq_statictask,SCRUBBED_TIME+LLAMA3-BWB_BMPD512_5_14_5
4,9,0,0,10,5,256,208.36,43.32424773333334,bw,static,static,results,Results,Results_LLAMA31,LLAMA3-BWB-Results,simulator_output_LLAMA3-BWB_bwplacement_bs4_staticreq_statictask,SCRUBBED_TIME+LLAMA3-BWB_BMPD256_9_10_5
4,13,0,0,7,4,256,178.28,43.34642618181818,bw,static,static,results,Results,Results_LLAMA31,LLAMA3-BWB-Results,simulator_output_LLAMA3-BWB_bwplacement_bs4_staticreq_statictask,SCRUBBED_TIME+LLAMA3-BWB_BMPD256_13_7_4
4,10,0,0,9,5,384,320.44,43.44387771428572,bw,static,static,results,Results,Results_LLAMA31,LLAMA3-BWB-Results,simulator_output_LLAMA3-BWB_bwplacement_bs4_staticreq_statictask,SCRUBBED_TIME+LLAMA3-BWB_BMPD384_10_9_5
4,14,0,0,9,1,512,91.64,43.4689076,bw,static,static,results,Results,Results_LLAMA31,LLAMA3-BWB-Results,simulator_output_LLAMA3-BWB_bwplacement_bs4_staticreq_statictask,SCRUBBED_TIME+LLAMA3-BWB_BMPD512_14_9_1
4,7,0,0,13,4,256,184.96,43.47970376470588,bw,static,static,results,Results,Results_LLAMA31,LLAMA3-BWB-Results,simulator_output_LLAMA3-BWB_bwplacement_bs4_staticreq_statictask,SCRUBBED_TIME+LLAMA3-BWB_BMPD256_7_13_4
4,9,0,0,11,4,384,288.08,43.547107200000006,bw,static,static,results,Results,Results_LLAMA31,LLAMA3-BWB-Results,simulator_output_LLAMA3-BWB_bwplacement_bs4_staticreq_statictask,SCRUBBED_TIME+LLAMA3-BWB_BMPD384_9_11_4
4,4,0,0,18,2,640,167.48,43.55563285714286,bw,static,static,results,Results,Results_LLAMA31,LLAMA3-BWB-Results,simulator_output_LLAMA3-BWB_bwplacement_bs4_staticreq_statictask,SCRUBBED_TIME+LLAMA3-BWB_BMPD640_4_18_2
4,10,0,0,10,4,384,292.76,43.65017771428572,bw,static,static,results,Results,Results_LLAMA31,LLAMA3-BWB-Results,simulator_output_LLAMA3-BWB_bwplacement_bs4_staticreq_statictask,SCRUBBED_TIME+LLAMA3-BWB_BMPD384_10_10_4
4,15,0,0,5,4,256,164.84,43.78427555555555,bw,static,static,results,Results,Results_LLAMA31,LLAMA3-BWB-Results,simulator_output_LLAMA3-BWB_bwplacement_bs4_staticreq_statictask,SCRUBBED_TIME+LLAMA3-BWB_BMPD256_15_5_4
4,3,0,0,5,16,256,313.36,43.78427555555555,bw,static,static,results,Results,Results_LLAMA31,LLAMA3-BWB-Results,simulator_output_LLAMA3-BWB_bwplacement_bs4_staticreq_statictask,SCRUBBED_TIME+LLAMA3-BWB_BMPD256_3_5_16
4,15,0,0,8,1,640,88.44,43.78962488888889,bw,static,static,results,Results,Results_LLAMA31,LLAMA3-BWB-Results,simulator_output_LLAMA3-BWB_bwplacement_bs4_staticreq_statictask,SCRUBBED_TIME+LLAMA3-BWB_BMPD640_15_8_1
4,7,0,0,11,6,256,233.44,43.84588023529412,bw,static,static,results,Results,Results_LLAMA31,LLAMA3-BWB-Results,simulator_output_LLAMA3-BWB_bwplacement_bs4_staticreq_statictask,SCRUBBED_TIME+LLAMA3-BWB_BMPD256_7_11_6
4,4,0,0,16,4,640,319.32,43.86479,bw,static,static,results,Results,Results_LLAMA31,LLAMA3-BWB-Results,simulator_output_LLAMA3-BWB_bwplacement_bs4_staticreq_statictask,SCRUBBED_TIME+LLAMA3-BWB_BMPD640_4_16_4
4,4,0,0,17,3,640,237.36,43.89431857142858,bw,static,static,results,Results,Results_LLAMA31,LLAMA3-BWB-Results,simulator_output_LLAMA3-BWB_bwplacement_bs4_staticreq_statictask,SCRUBBED_TIME+LLAMA3-BWB_BMPD640_4_17_3
4,4,0,0,15,5,512,373.6,43.92474571428571,bw,static,static,results,Results,Results_LLAMA31,LLAMA3-BWB-Results,simulator_output_LLAMA3-BWB_bwplacement_bs4_staticreq_statictask,SCRUBBED_TIME+LLAMA3-BWB_BMPD512_4_15_5
4,8,0,0,9,7,256,266.32,43.97279725,bw,static,static,results,Results,Results_LLAMA31,LLAMA3-BWB-Results,simulator_output_LLAMA3-BWB_bwplacement_bs4_staticreq_statictask,SCRUBBED_TIME+LLAMA3-BWB_BMPD256_8_9_7
4,5,0,0,9,10,256,327.2,43.97279725,bw,static,static,results,Results,Results_LLAMA31,LLAMA3-BWB-Results,simulator_output_LLAMA3-BWB_bwplacement_bs4_staticreq_statictask,SCRUBBED_TIME+LLAMA3-BWB_BMPD256_5_9_10
4,6,0,0,17,1,512,95.48,44.031401333333335,bw,static,static,results,Results,Results_LLAMA31,LLAMA3-BWB-Results,simulator_output_LLAMA3-BWB_bwplacement_bs4_staticreq_statictask,SCRUBBED_TIME+LLAMA3-BWB_BMPD512_6_17_1
4,6,0,0,15,3,256,134.48,44.05020244444445,bw,static,static,results,Results,Results_LLAMA31,LLAMA3-BWB-Results,simulator_output_LLAMA3-BWB_bwplacement_bs4_staticreq_statictask,SCRUBBED_TIME+LLAMA3-BWB_BMPD256_6_15_3
4,6,0,0,15,3,384,228.72,44.071792,bw,static,static,results,Results,Results_LLAMA31,LLAMA3-BWB-Results,simulator_output_LLAMA3-BWB_bwplacement_bs4_staticreq_statictask,SCRUBBED_TIME+LLAMA3-BWB_BMPD384_6_15_3
4,8,0,0,13,3,384,220.44,44.1946165,bw,static,static,results,Results,Results_LLAMA31,LLAMA3-BWB-Results,simulator_output_LLAMA3-BWB_bwplacement_bs4_staticreq_statictask,SCRUBBED_TIME+LLAMA3-BWB_BMPD384_8_13_3
4,5,0,0,13,6,384,382.72,44.1948665,bw,static,static,results,Results,Results_LLAMA31,LLAMA3-BWB-Results,simulator_output_LLAMA3-BWB_bwplacement_bs4_staticreq_statictask,SCRUBBED_TIME+LLAMA3-BWB_BMPD384_5_13_6
4,7,0,0,14,3,512,253.36,44.219090117647056,bw,static,static,results,Results,Results_LLAMA31,LLAMA3-BWB-Results,simulator_output_LLAMA3-BWB_bwplacement_bs4_staticreq_statictask,SCRUBBED_TIME+LLAMA3-BWB_BMPD512_7_14_3
4,16,0,0,6,2,512,170.48,44.2702335,bw,static,static,results,Results,Results_LLAMA31,LLAMA3-BWB-Results,simulator_output_LLAMA3-BWB_bwplacement_bs4_staticreq_statictask,SCRUBBED_TIME+LLAMA3-BWB_BMPD512_16_6_2
4,14,0,0,7,3,384,204.64,44.358951600000005,bw,static,static,results,Results,Results_LLAMA31,LLAMA3-BWB-Results,simulator_output_LLAMA3-BWB_bwplacement_bs4_staticreq_statictask,SCRUBBED_TIME+LLAMA3-BWB_BMPD384_14_7_3
4,7,0,0,14,3,384,222.12,44.50975670588235,bw,static,static,results,Results,Results_LLAMA31,LLAMA3-BWB-Results,simulator_output_LLAMA3-BWB_bwplacement_bs4_staticreq_statictask,SCRUBBED_TIME+LLAMA3-BWB_BMPD384_7_14_3
4,6,0,0,11,7,256,274.2,44.52393022222223,bw,static,static,results,Results,Results_LLAMA31,LLAMA3-BWB-Results,simulator_output_LLAMA3-BWB_bwplacement_bs4_staticreq_statictask,SCRUBBED_TIME+LLAMA3-BWB_BMPD256_6_11_7
4,6,0,0,12,6,384,367.56,44.57232533333334,bw,static,static,results,Results,Results_LLAMA31,LLAMA3-BWB-Results,simulator_output_LLAMA3-BWB_bwplacement_bs4_staticreq_statictask,SCRUBBED_TIME+LLAMA3-BWB_BMPD384_6_12_6
4,5,0,0,18,1,640,94.2,44.6751885,bw,static,static,results,Results,Results_LLAMA31,LLAMA3-BWB-Results,simulator_output_LLAMA3-BWB_bwplacement_bs4_staticreq_statictask,SCRUBBED_TIME+LLAMA3-BWB_BMPD640_5_18_1
4,14,0,0,6,4,256,170.32,44.8087688,bw,static,static,results,Results,Results_LLAMA31,LLAMA3-BWB-Results,simulator_output_LLAMA3-BWB_bwplacement_bs4_staticreq_statictask,SCRUBBED_TIME+LLAMA3-BWB_BMPD256_14_6_4
4,12,0,0,8,4,512,318.32,44.880940333333335,bw,static,static,results,Results,Results_LLAMA31,LLAMA3-BWB-Results,simulator_output_LLAMA3-BWB_bwplacement_bs4_staticreq_statictask,SCRUBBED_TIME+LLAMA3-BWB_BMPD512_12_8_4
4,6,0,0,13,5,256,202.28,44.914558,bw,static,static,results,Results,Results_LLAMA31,LLAMA3-BWB-Results,simulator_output_LLAMA3-BWB_bwplacement_bs4_staticreq_statictask,SCRUBBED_TIME+LLAMA3-BWB_BMPD256_6_13_5
4,5,0,0,17,2,640,183.04,44.916426,bw,static,static,results,Results,Results_LLAMA31,LLAMA3-BWB-Results,simulator_output_LLAMA3-BWB_bwplacement_bs4_staticreq_statictask,SCRUBBED_TIME+LLAMA3-BWB_BMPD640_5_17_2
4,8,0,0,8,8,256,323.84,45.07310975,bw,static,static,results,Results,Results_LLAMA31,LLAMA3-BWB-Results,simulator_output_LLAMA3-BWB_bwplacement_bs4_staticreq_statictask,SCRUBBED_TIME+LLAMA3-BWB_BMPD256_8_8_8
4,5,0,0,8,11,256,398.44,45.07310975,bw,static,static,results,Results,Results_LLAMA31,LLAMA3-BWB-Results,simulator_output_LLAMA3-BWB_bwplacement_bs4_staticreq_statictask,SCRUBBED_TIME+LLAMA3-BWB_BMPD256_5_8_11
4,9,0,0,10,5,384,330.24,45.08738053333333,bw,static,static,results,Results,Results_LLAMA31,LLAMA3-BWB-Results,simulator_output_LLAMA3-BWB_bwplacement_bs4_staticreq_statictask,SCRUBBED_TIME+LLAMA3-BWB_BMPD384_9_10_5
4,15,0,0,7,2,512,169.32,45.09597022222222,bw,static,static,results,Results,Results_LLAMA31,LLAMA3-BWB-Results,simulator_output_LLAMA3-BWB_bwplacement_bs4_staticreq_statictask,SCRUBBED_TIME+LLAMA3-BWB_BMPD512_15_7_2
4,8,0,0,10,6,256,234.24,45.19935975,bw,static,static,results,Results,Results_LLAMA31,LLAMA3-BWB-Results,simulator_output_LLAMA3-BWB_bwplacement_bs4_staticreq_statictask,SCRUBBED_TIME+LLAMA3-BWB_BMPD256_8_10_6
4,6,0,0,14,4,512,333.52,45.267018,bw,static,static,results,Results,Results_LLAMA31,LLAMA3-BWB-Results,simulator_output_LLAMA3-BWB_bwplacement_bs4_staticreq_statictask,SCRUBBED_TIME+LLAMA3-BWB_BMPD512_6_14_4
4,10,0,0,8,6,384,353.84,45.308342,bw,static,static,results,Results,Results_LLAMA31,LLAMA3-BWB-Results,simulator_output_LLAMA3-BWB_bwplacement_bs4_staticreq_statictask,SCRUBBED_TIME+LLAMA3-BWB_BMPD384_10_8_6
4,8,0,0,11,5,384,322.68,45.46083525,bw,static,static,results,Results,Results_LLAMA31,LLAMA3-BWB-Results,simulator_output_LLAMA3-BWB_bwplacement_bs4_staticreq_statictask,SCRUBBED_TIME+LLAMA3-BWB_BMPD384_8_11_5
4,5,0,0,11,8,384,518.92,45.462129,bw,static,static,results,Results,Results_LLAMA31,LLAMA3-BWB-Results,simulator_output_LLAMA3-BWB_bwplacement_bs4_staticreq_statictask,SCRUBBED_TIME+LLAMA3-BWB_BMPD384_5_11_8
4,16,0,0,4,4,256,161.64,45.640201,bw,static,static,results,Results,Results_LLAMA31,LLAMA3-BWB-Results,simulator_output_LLAMA3-BWB_bwplacement_bs4_staticreq_statictask,SCRUBBED_TIME+LLAMA3-BWB_BMPD256_16_4_4
4,14,0,0,8,2,640,166.16,45.6679212,bw,static,static,results,Results,Results_LLAMA31,LLAMA3-BWB-Results,simulator_output_LLAMA3-BWB_bwplacement_bs4_staticreq_statictask,SCRUBBED_TIME+LLAMA3-BWB_BMPD640_14_8_2
4,12,0,0,11,1,512,92.08,45.68339866666666,bw,static,static,results,Results,Results_LLAMA31,LLAMA3-BWB-Results,simulator_output_LLAMA3-BWB_bwplacement_bs4_staticreq_statictask,SCRUBBED_TIME+LLAMA3-BWB_BMPD512_12_11_1
4,9,0,0,9,6,384,357.68,45.84487386666667,bw,static,static,results,Results,Results_LLAMA31,LLAMA3-BWB-Results,simulator_output_LLAMA3-BWB_bwplacement_bs4_staticreq_statictask,SCRUBBED_TIME+LLAMA3-BWB_BMPD384_9_9_6
4,13,0,0,9,2,512,176.44,45.85859745454545,bw,static,static,results,Results,Results_LLAMA31,LLAMA3-BWB-Results,simulator_output_LLAMA3-BWB_bwplacement_bs4_staticreq_statictask,SCRUBBED_TIME+LLAMA3-BWB_BMPD512_13_9_2
4,5,0,0,10,9,256,326.28,45.890466,bw,static,static,results,Results,Results_LLAMA31,LLAMA3-BWB-Results,simulator_output_LLAMA3-BWB_bwplacement_bs4_staticreq_statictask,SCRUBBED_TIME+LLAMA3-BWB_BMPD256_5_10_9
4,6,0,0,17,1,640,91.8,45.92596911111112,bw,static,static,results,Results,Results_LLAMA31,LLAMA3-BWB-Results,simulator_output_LLAMA3-BWB_bwplacement_bs4_staticreq_statictask,SCRUBBED_TIME+LLAMA3-BWB_BMPD640_6_17_1
4,10,0,0,13,1,640,86.44,45.98716142857143,bw,static,static,results,Results,Results_LLAMA31,LLAMA3-BWB-Results,simulator_output_LLAMA3-BWB_bwplacement_bs4_staticreq_statictask,SCRUBBED_TIME+LLAMA3-BWB_BMPD640_10_13_1
4,13,0,0,10,1,512,87.28,46.05357927272728,bw,static,static,results,Results,Results_LLAMA31,LLAMA3-BWB-Results,simulator_output_LLAMA3-BWB_bwplacement_bs4_staticreq_statictask,SCRUBBED_TIME+LLAMA3-BWB_BMPD512_13_10_1
4,12,0,0,7,5,256,192.84,46.094610333333335,bw,static,static,results,Results,Results_LLAMA31,LLAMA3-BWB-Results,simulator_output_LLAMA3-BWB_bwplacement_bs4_staticreq_statictask,SCRUBBED_TIME+LLAMA3-BWB_BMPD256_12_7_5
4,6,0,0,14,4,384,288.72,46.155669777777774,bw,static,static,results,Results,Results_LLAMA31,LLAMA3-BWB-Results,simulator_output_LLAMA3-BWB_bwplacement_bs4_staticreq_statictask,SCRUBBED_TIME+LLAMA3-BWB_BMPD384_6_14_4
4,7,0,0,13,4,384,288.64,46.20979788235294,bw,static,static,results,Results,Results_LLAMA31,LLAMA3-BWB-Results,simulator_output_LLAMA3-BWB_bwplacement_bs4_staticreq_statictask,SCRUBBED_TIME+LLAMA3-BWB_BMPD384_7_13_4
4,15,0,0,5,4,384,252.44,46.460261333333335,bw,static,static,results,Results,Results_LLAMA31,LLAMA3-BWB-Results,simulator_output_LLAMA3-BWB_bwplacement_bs4_staticreq_statictask,SCRUBBED_TIME+LLAMA3-BWB_BMPD384_15_5_4
4,7,0,0,9,8,256,318.2,46.6557625882353,bw,static,static,results,Results,Results_LLAMA31,LLAMA3-BWB-Results,simulator_output_LLAMA3-BWB_bwplacement_bs4_staticreq_statictask,SCRUBBED_TIME+LLAMA3-BWB_BMPD256_7_9_8
4,11,0,0,12,1,512,92.2,46.77457107692308,bw,static,static,results,Results,Results_LLAMA31,LLAMA3-BWB-Results,simulator_output_LLAMA3-BWB_bwplacement_bs4_staticreq_statictask,SCRUBBED_TIME+LLAMA3-BWB_BMPD512_11_12_1
4,14,0,0,6,4,384,267.32,46.7766816,bw,static,static,results,Results,Results_LLAMA31,LLAMA3-BWB-Results,simulator_output_LLAMA3-BWB_bwplacement_bs4_staticreq_statictask,SCRUBBED_TIME+LLAMA3-BWB_BMPD384_14_6_4
4,11,0,0,11,2,512,174.68,46.84987107692308,bw,static,static,results,Results,Results_LLAMA31,LLAMA3-BWB-Results,simulator_output_LLAMA3-BWB_bwplacement_bs4_staticreq_statictask,SCRUBBED_TIME+LLAMA3-BWB_BMPD512_11_11_2
4,8,0,0,15,1,512,94.28,46.87037075,bw,static,static,results,Results,Results_LLAMA31,LLAMA3-BWB-Results,simulator_output_LLAMA3-BWB_bwplacement_bs4_staticreq_statictask,SCRUBBED_TIME+LLAMA3-BWB_BMPD512_8_15_1
4,5,0,0,15,4,512,335.96,46.87037075,bw,static,static,results,Results,Results_LLAMA31,LLAMA3-BWB-Results,simulator_output_LLAMA3-BWB_bwplacement_bs4_staticreq_statictask,SCRUBBED_TIME+LLAMA3-BWB_BMPD512_5_15_4
4,13,0,0,6,5,256,188.6,46.97154436363637,bw,static,static,results,Results,Results_LLAMA31,LLAMA3-BWB-Results,simulator_output_LLAMA3-BWB_bwplacement_bs4_staticreq_statictask,SCRUBBED_TIME+LLAMA3-BWB_BMPD256_13_6_5
4,5,0,0,16,3,640,249.84,47.014876,bw,static,static,results,Results,Results_LLAMA31,LLAMA3-BWB-Results,simulator_output_LLAMA3-BWB_bwplacement_bs4_staticreq_statictask,SCRUBBED_TIME+LLAMA3-BWB_BMPD640_5_16_3
4,8,0,0,10,6,384,368.2,47.242404,bw,static,static,results,Results,Results_LLAMA31,LLAMA3-BWB-Results,simulator_output_LLAMA3-BWB_bwplacement_bs4_staticreq_statictask,SCRUBBED_TIME+LLAMA3-BWB_BMPD384_8_10_6
4,7,0,0,11,6,384,362.88,47.34284494117647,bw,static,static,results,Results,Results_LLAMA31,LLAMA3-BWB-Results,simulator_output_LLAMA3-BWB_bwplacement_bs4_staticreq_statictask,SCRUBBED_TIME+LLAMA3-BWB_BMPD384_7_11_6
4,10,0,0,13,1,512,91.44,47.36831,bw,static,static,results,Results,Results_LLAMA31,LLAMA3-BWB-Results,simulator_output_LLAMA3-BWB_bwplacement_bs4_staticreq_statictask,SCRUBBED_TIME+LLAMA3-BWB_BMPD512_10_13_1
4,5,0,0,10,9,384,495.12,47.43247275,bw,static,static,results,Results,Results_LLAMA31,LLAMA3-BWB-Results,simulator_output_LLAMA3-BWB_bwplacement_bs4_staticreq_statictask,SCRUBBED_TIME+LLAMA3-BWB_BMPD384_5_10_9
4,9,0,0,8,7,384,406.36,47.63343386666666,bw,static,static,results,Results,Results_LLAMA31,LLAMA3-BWB-Results,simulator_output_LLAMA3-BWB_bwplacement_bs4_staticreq_statictask,SCRUBBED_TIME+LLAMA3-BWB_BMPD384_9_8_7
4,9,0,0,13,2,640,166.36,47.64043893333333,bw,static,static,results,Results,Results_LLAMA31,LLAMA3-BWB-Results,simulator_output_LLAMA3-BWB_bwplacement_bs4_staticreq_statictask,SCRUBBED_TIME+LLAMA3-BWB_BMPD640_9_13_2
4,4,0,0,15,5,640,359.44,47.65164714285714,bw,static,static,results,Results,Results_LLAMA31,LLAMA3-BWB-Results,simulator_output_LLAMA3-BWB_bwplacement_bs4_staticreq_statictask,SCRUBBED_TIME+LLAMA3-BWB_BMPD640_4_15_5
4,7,0,0,8,9,256,305.64,47.73948611764706,bw,static,static,results,Results,Results_LLAMA31,LLAMA3-BWB-Results,simulator_output_LLAMA3-BWB_bwplacement_bs4_staticreq_statictask,SCRUBBED_TIME+LLAMA3-BWB_BMPD256_7_8_9
4,7,0,0,16,1,640,90.32,47.853652,bw,static,static,results,Results,Results_LLAMA31,LLAMA3-BWB-Results,simulator_output_LLAMA3-BWB_bwplacement_bs4_staticreq_statictask,SCRUBBED_TIME+LLAMA3-BWB_BMPD640_7_16_1
4,12,0,0,10,2,512,164.88,47.889957,bw,static,static,results,Results,Results_LLAMA31,LLAMA3-BWB-Results,simulator_output_LLAMA3-BWB_bwplacement_bs4_staticreq_statictask,SCRUBBED_TIME+LLAMA3-BWB_BMPD512_12_10_2
4,7,0,0,10,7,256,265.52,47.89876847058824,bw,static,static,results,Results,Results_LLAMA31,LLAMA3-BWB-Results,simulator_output_LLAMA3-BWB_bwplacement_bs4_staticreq_statictask,SCRUBBED_TIME+LLAMA3-BWB_BMPD256_7_10_7
4,4,0,0,19,1,640,92.76,48.05234714285714,bw,static,static,results,Results,Results_LLAMA31,LLAMA3-BWB-Results,simulator_output_LLAMA3-BWB_bwplacement_bs4_staticreq_statictask,SCRUBBED_TIME+LLAMA3-BWB_BMPD640_4_19_1
4,13,0,0,7,4,384,261.4,48.062540363636366,bw,static,static,results,Results,Results_LLAMA31,LLAMA3-BWB-Results,simulator_output_LLAMA3-BWB_bwplacement_bs4_staticreq_statictask,SCRUBBED_TIME+LLAMA3-BWB_BMPD384_13_7_4
4,11,0,0,8,5,512,343.8,48.07398646153846,bw,static,static,results,Results,Results_LLAMA31,LLAMA3-BWB-Results,simulator_output_LLAMA3-BWB_bwplacement_bs4_staticreq_statictask,SCRUBBED_TIME+LLAMA3-BWB_BMPD512_11_8_5
4,6,0,0,13,5,384,320.24,48.11123644444445,bw,static,static,results,Results,Results_LLAMA31,LLAMA3-BWB-Results,simulator_output_LLAMA3-BWB_bwplacement_bs4_staticreq_statictask,SCRUBBED_TIME+LLAMA3-BWB_BMPD384_6_13_5
4,14,0,0,5,5,256,173.24,48.2180488,bw,static,static,results,Results,Results_LLAMA31,LLAMA3-BWB-Results,simulator_output_LLAMA3-BWB_bwplacement_bs4_staticreq_statictask,SCRUBBED_TIME+LLAMA3-BWB_BMPD256_14_5_5
4,10,0,0,11,3,512,244.72,48.33620285714286,bw,static,static,results,Results,Results_LLAMA31,LLAMA3-BWB-Results,simulator_output_LLAMA3-BWB_bwplacement_bs4_staticreq_statictask,SCRUBBED_TIME+LLAMA3-BWB_BMPD512_10_11_3
4,12,0,0,9,3,512,241.08,48.338898666666665,bw,static,static,results,Results,Results_LLAMA31,LLAMA3-BWB-Results,simulator_output_LLAMA3-BWB_bwplacement_bs4_staticreq_statictask,SCRUBBED_TIME+LLAMA3-BWB_BMPD512_12_9_3
4,7,0,0,15,2,512,185.24,48.42181952941176,bw,static,static,results,Results,Results_LLAMA31,LLAMA3-BWB-Results,simulator_output_LLAMA3-BWB_bwplacement_bs4_staticreq_statictask,SCRUBBED_TIME+LLAMA3-BWB_BMPD512_7_15_2
4,15,0,0,6,3,512,225.44,48.546581333333336,bw,static,static,results,Results,Results_LLAMA31,LLAMA3-BWB-Results,simulator_output_LLAMA3-BWB_bwplacement_bs4_staticreq_statictask,SCRUBBED_TIME+LLAMA3-BWB_BMPD512_15_6_3
4,11,0,0,12,1,640,91.48,48.55536184615385,bw,static,static,results,Results,Results_LLAMA31,LLAMA3-BWB-Results,simulator_output_LLAMA3-BWB_bwplacement_bs4_staticreq_statictask,SCRUBBED_TIME+LLAMA3-BWB_BMPD640_11_12_1
4,6,0,0,9,9,256,305.0,48.57724133333333,bw,static,static,results,Results,Results_LLAMA31,LLAMA3-BWB-Results,simulator_output_LLAMA3-BWB_bwplacement_bs4_staticreq_statictask,SCRUBBED_TIME+LLAMA3-BWB_BMPD256_6_9_9
4,14,0,0,7,3,512,230.36,48.6172676,bw,static,static,results,Results,Results_LLAMA31,LLAMA3-BWB-Results,simulator_output_LLAMA3-BWB_bwplacement_bs4_staticreq_statictask,SCRUBBED_TIME+LLAMA3-BWB_BMPD512_14_7_3
4,16,0,0,7,1,640,82.24,48.6503135,bw,static,static,results,Results,Results_LLAMA31,LLAMA3-BWB-Results,simulator_output_LLAMA3-BWB_bwplacement_bs4_staticreq_statictask,SCRUBBED_TIME+LLAMA3-BWB_BMPD640_16_7_1
4,6,0,0,11,7,384,416.84,48.65321422222223,bw,static,static,results,Results,Results_LLAMA31,LLAMA3-BWB-Results,simulator_output_LLAMA3-BWB_bwplacement_bs4_staticreq_statictask,SCRUBBED_TIME+LLAMA3-BWB_BMPD384_6_11_7
4,10,0,0,12,2,512,173.52,48.74798142857143,bw,static,static,results,Results,Results_LLAMA31,LLAMA3-BWB-Results,simulator_output_LLAMA3-BWB_bwplacement_bs4_staticreq_statictask,SCRUBBED_TIME+LLAMA3-BWB_BMPD512_10_12_2
4,13,0,0,8,3,640,226.64,48.77793563636363,bw,static,static,results,Results,Results_LLAMA31,LLAMA3-BWB-Results,simulator_output_LLAMA3-BWB_bwplacement_bs4_staticreq_statictask,SCRUBBED_TIME+LLAMA3-BWB_BMPD640_13_8_3
4,13,0,0,10,1,640,88.36,48.87894472727272,bw,static,static,results,Results,Results_LLAMA31,LLAMA3-BWB-Results,simulator_output_LLAMA3-BWB_bwplacement_bs4_staticreq_statictask,SCRUBBED_TIME+LLAMA3-BWB_BMPD640_13_10_1
4,6,0,0,16,2,640,176.92,48.89773022222222,bw,static,static,results,Results,Results_LLAMA31,LLAMA3-BWB-Results,simulator_output_LLAMA3-BWB_bwplacement_bs4_staticreq_statictask,SCRUBBED_TIME+LLAMA3-BWB_BMPD640_6_16_2
4,8,0,0,9,7,384,403.96,49.0720165,bw,static,static,results,Results,Results_LLAMA31,LLAMA3-BWB-Results,simulator_output_LLAMA3-BWB_bwplacement_bs4_staticreq_statictask,SCRUBBED_TIME+LLAMA3-BWB_BMPD384_8_9_7
4,5,0,0,9,10,384,481.24,49.072204,bw,static,static,results,Results,Results_LLAMA31,LLAMA3-BWB-Results,simulator_output_LLAMA3-BWB_bwplacement_bs4_staticreq_statictask,SCRUBBED_TIME+LLAMA3-BWB_BMPD384_5_9_10
4,6,0,0,15,3,512,262.0,49.19410688888889,bw,static,static,results,Results,Results_LLAMA31,LLAMA3-BWB-Results,simulator_output_LLAMA3-BWB_bwplacement_bs4_staticreq_statictask,SCRUBBED_TIME+LLAMA3-BWB_BMPD512_6_15_3
4,12,0,0,11,1,640,87.72,49.363454,bw,static,static,results,Results,Results_LLAMA31,LLAMA3-BWB-Results,simulator_output_LLAMA3-BWB_bwplacement_bs4_staticreq_statictask,SCRUBBED_TIME+LLAMA3-BWB_BMPD640_12_11_1
4,6,0,0,10,8,256,326.88,49.38306355555555,bw,static,static,results,Results,Results_LLAMA31,LLAMA3-BWB-Results,simulator_output_LLAMA3-BWB_bwplacement_bs4_staticreq_statictask,SCRUBBED_TIME+LLAMA3-BWB_BMPD256_6_10_8
4,9,0,0,13,2,512,176.0,49.40176853333333,bw,static,static,results,Results,Results_LLAMA31,LLAMA3-BWB-Results,simulator_output_LLAMA3-BWB_bwplacement_bs4_staticreq_statictask,SCRUBBED_TIME+LLAMA3-BWB_BMPD512_9_13_2
4,7,0,0,10,7,384,419.32,49.46338611764706,bw,static,static,results,Results,Results_LLAMA31,LLAMA3-BWB-Results,simulator_output_LLAMA3-BWB_bwplacement_bs4_staticreq_statictask,SCRUBBED_TIME+LLAMA3-BWB_BMPD384_7_10_7
4,6,0,0,8,10,256,300.2,49.587258,bw,static,static,results,Results,Results_LLAMA31,LLAMA3-BWB-Results,simulator_output_LLAMA3-BWB_bwplacement_bs4_staticreq_statictask,SCRUBBED_TIME+LLAMA3-BWB_BMPD256_6_8_10
4,9,0,0,12,3,512,246.44,49.67746853333333,bw,static,static,results,Results,Results_LLAMA31,LLAMA3-BWB-Results,simulator_output_LLAMA3-BWB_bwplacement_bs4_staticreq_statictask,SCRUBBED_TIME+LLAMA3-BWB_BMPD512_9_12_3
4,16,0,0,4,4,384,237.24,49.7893835,bw,static,static,results,Results,Results_LLAMA31,LLAMA3-BWB-Results,simulator_output_LLAMA3-BWB_bwplacement_bs4_staticreq_statictask,SCRUBBED_TIME+LLAMA3-BWB_BMPD384_16_4_4
4,11,0,0,10,3,512,234.28,49.8001556923077,bw,static,static,results,Results,Results_LLAMA31,LLAMA3-BWB-Results,simulator_output_LLAMA3-BWB_bwplacement_bs4_staticreq_statictask,SCRUBBED_TIME+LLAMA3-BWB_BMPD512_11_10_3
4,8,0,0,15,1,640,91.4,49.8633385,bw,static,static,results,Results,Results_LLAMA31,LLAMA3-BWB-Results,simulator_output_LLAMA3-BWB_bwplacement_bs4_staticreq_statictask,SCRUBBED_TIME+LLAMA3-BWB_BMPD640_8_15_1
4,5,0,0,15,4,640,324.92,49.8633635,bw,static,static,results,Results,Results_LLAMA31,LLAMA3-BWB-Results,simulator_output_LLAMA3-BWB_bwplacement_bs4_staticreq_statictask,SCRUBBED_TIME+LLAMA3-BWB_BMPD640_5_15_4
4,9,0,0,11,4,512,322.88,49.96038853333333,bw,static,static,results,Results,Results_LLAMA31,LLAMA3-BWB-Results,simulator_output_LLAMA3-BWB_bwplacement_bs4_staticreq_statictask,SCRUBBED_TIME+LLAMA3-BWB_BMPD512_9_11_4
4,8,0,0,13,3,640,230.92,49.99131975,bw,static,static,results,Results,Results_LLAMA31,LLAMA3-BWB-Results,simulator_output_LLAMA3-BWB_bwplacement_bs4_staticreq_statictask,SCRUBBED_TIME+LLAMA3-BWB_BMPD640_8_13_3
4,5,0,0,13,6,640,394.36,49.99131975,bw,static,static,results,Results,Results_LLAMA31,LLAMA3-BWB-Results,simulator_output_LLAMA3-BWB_bwplacement_bs4_staticreq_statictask,SCRUBBED_TIME+LLAMA3-BWB_BMPD640_5_13_6
4,10,0,0,12,2,640,173.44,50.109025714285714,bw,static,static,results,Results,Results_LLAMA31,LLAMA3-BWB-Results,simulator_output_LLAMA3-BWB_bwplacement_bs4_staticreq_statictask,SCRUBBED_TIME+LLAMA3-BWB_BMPD640_10_12_2
4,14,0,0,9,1,640,82.24,50.115171200000006,bw,static,static,results,Results,Results_LLAMA31,LLAMA3-BWB-Results,simulator_output_LLAMA3-BWB_bwplacement_bs4_staticreq_statictask,SCRUBBED_TIME+LLAMA3-BWB_BMPD640_14_9_1
4,13,0,0,6,5,384,292.04,50.17078581818182,bw,static,static,results,Results,Results_LLAMA31,LLAMA3-BWB-Results,simulator_output_LLAMA3-BWB_bwplacement_bs4_staticreq_statictask,SCRUBBED_TIME+LLAMA3-BWB_BMPD384_13_6_5
4,8,0,0,8,8,384,473.48,50.497354,bw,static,static,results,Results,Results_LLAMA31,LLAMA3-BWB-Results,simulator_output_LLAMA3-BWB_bwplacement_bs4_staticreq_statictask,SCRUBBED_TIME+LLAMA3-BWB_BMPD384_8_8_8
4,15,0,0,4,5,256,165.8,50.513775555555554,bw,static,static,results,Results,Results_LLAMA31,LLAMA3-BWB-Results,simulator_output_LLAMA3-BWB_bwplacement_bs4_staticreq_statictask,SCRUBBED_TIME+LLAMA3-BWB_BMPD256_15_4_5
4,8,0,0,13,3,512,245.84,50.5845145,bw,static,static,results,Results,Results_LLAMA31,LLAMA3-BWB-Results,simulator_output_LLAMA3-BWB_bwplacement_bs4_staticreq_statictask,SCRUBBED_TIME+LLAMA3-BWB_BMPD512_8_13_3
4,5,0,0,13,6,512,405.72,50.586302,bw,static,static,results,Results,Results_LLAMA31,LLAMA3-BWB-Results,simulator_output_LLAMA3-BWB_bwplacement_bs4_staticreq_statictask,SCRUBBED_TIME+LLAMA3-BWB_BMPD512_5_13_6
4,10,0,0,8,6,512,382.36,50.66663142857143,bw,static,static,results,Results,Results_LLAMA31,LLAMA3-BWB-Results,simulator_output_LLAMA3-BWB_bwplacement_bs4_staticreq_statictask,SCRUBBED_TIME+LLAMA3-BWB_BMPD512_10_8_6
4,7,0,0,15,2,640,177.08,50.70071082352941,bw,static,static,results,Results,Results_LLAMA31,LLAMA3-BWB-Results,simulator_output_LLAMA3-BWB_bwplacement_bs4_staticreq_statictask,SCRUBBED_TIME+LLAMA3-BWB_BMPD640_7_15_2
4,12,0,0,6,6,256,202.8,50.709785333333336,bw,static,static,results,Results,Results_LLAMA31,LLAMA3-BWB-Results,simulator_output_LLAMA3-BWB_bwplacement_bs4_staticreq_statictask,SCRUBBED_TIME+LLAMA3-BWB_BMPD256_12_6_6
4,6,0,0,10,8,384,501.36,50.77101422222223,bw,static,static,results,Results,Results_LLAMA31,LLAMA3-BWB-Results,simulator_output_LLAMA3-BWB_bwplacement_bs4_staticreq_statictask,SCRUBBED_TIME+LLAMA3-BWB_BMPD384_6_10_8
4,11,0,0,7,6,256,206.48,50.82010861538462,bw,static,static,results,Results,Results_LLAMA31,LLAMA3-BWB-Results,simulator_output_LLAMA3-BWB_bwplacement_bs4_staticreq_statictask,SCRUBBED_TIME+LLAMA3-BWB_BMPD256_11_7_6
4,16,0,0,5,3,512,215.6,50.938796,bw,static,static,results,Results,Results_LLAMA31,LLAMA3-BWB-Results,simulator_output_LLAMA3-BWB_bwplacement_bs4_staticreq_statictask,SCRUBBED_TIME+LLAMA3-BWB_BMPD512_16_5_3
4,14,0,0,5,5,384,267.2,51.1512916,bw,static,static,results,Results,Results_LLAMA31,LLAMA3-BWB-Results,simulator_output_LLAMA3-BWB_bwplacement_bs4_staticreq_statictask,SCRUBBED_TIME+LLAMA3-BWB_BMPD384_14_5_5
4,11,0,0,11,2,640,168.12,51.229808,bw,static,static,results,Results,Results_LLAMA31,LLAMA3-BWB-Results,simulator_output_LLAMA3-BWB_bwplacement_bs4_staticreq_statictask,SCRUBBED_TIME+LLAMA3-BWB_BMPD640_11_11_2
4,9,0,0,12,3,640,246.28,51.349672266666666,bw,static,static,results,Results,Results_LLAMA31,LLAMA3-BWB-Results,simulator_output_LLAMA3-BWB_bwplacement_bs4_staticreq_statictask,SCRUBBED_TIME+LLAMA3-BWB_BMPD640_9_12_3
4,6,0,0,15,3,640,245.96,51.374030222222224,bw,static,static,results,Results,Results_LLAMA31,LLAMA3-BWB-Results,simulator_output_LLAMA3-BWB_bwplacement_bs4_staticreq_statictask,SCRUBBED_TIME+LLAMA3-BWB_BMPD640_6_15_3
4,12,0,0,7,5,384,281.48,51.38275066666667,bw,static,static,results,Results,Results_LLAMA31,LLAMA3-BWB-Results,simulator_output_LLAMA3-BWB_bwplacement_bs4_staticreq_statictask,SCRUBBED_TIME+LLAMA3-BWB_BMPD384_12_7_5
4,12,0,0,10,2,640,170.04,51.45341233333333,bw,static,static,results,Results,Results_LLAMA31,LLAMA3-BWB-Results,simulator_output_LLAMA3-BWB_bwplacement_bs4_staticreq_statictask,SCRUBBED_TIME+LLAMA3-BWB_BMPD640_12_10_2
4,7,0,0,9,8,384,475.84,51.83472729411764,bw,static,static,results,Results,Results_LLAMA31,LLAMA3-BWB-Results,simulator_output_LLAMA3-BWB_bwplacement_bs4_staticreq_statictask,SCRUBBED_TIME+LLAMA3-BWB_BMPD384_7_9_8
4,4,0,0,14,6,640,369.16,51.89881142857143,bw,static,static,results,Results,Results_LLAMA31,LLAMA3-BWB-Results,simulator_output_LLAMA3-BWB_bwplacement_bs4_staticreq_statictask,SCRUBBED_TIME+LLAMA3-BWB_BMPD640_4_14_6
4,15,0,0,7,2,640,148.24,51.92798044444445,bw,static,static,results,Results,Results_LLAMA31,LLAMA3-BWB-Results,simulator_output_LLAMA3-BWB_bwplacement_bs4_staticreq_statictask,SCRUBBED_TIME+LLAMA3-BWB_BMPD640_15_7_2
4,8,0,0,11,5,512,346.96,51.93083325,bw,static,static,results,Results,Results_LLAMA31,LLAMA3-BWB-Results,simulator_output_LLAMA3-BWB_bwplacement_bs4_staticreq_statictask,SCRUBBED_TIME+LLAMA3-BWB_BMPD512_8_11_5
4,10,0,0,10,4,512,304.2,51.93367428571428,bw,static,static,results,Results,Results_LLAMA31,LLAMA3-BWB-Results,simulator_output_LLAMA3-BWB_bwplacement_bs4_staticreq_statictask,SCRUBBED_TIME+LLAMA3-BWB_BMPD512_10_10_4
4,13,0,0,7,4,512,292.72,51.98723381818182,bw,static,static,results,Results,Results_LLAMA31,LLAMA3-BWB-Results,simulator_output_LLAMA3-BWB_bwplacement_bs4_staticreq_statictask,SCRUBBED_TIME+LLAMA3-BWB_BMPD512_13_7_4
4,3,0,0,4,17,256,272.96,52.10306444444445,bw,static,static,results,Results,Results_LLAMA31,LLAMA3-BWB-Results,simulator_output_LLAMA3-BWB_bwplacement_bs4_staticreq_statictask,SCRUBBED_TIME+LLAMA3-BWB_BMPD256_3_4_17
4,12,0,0,8,4,640,288.04,52.109954,bw,static,static,results,Results,Results_LLAMA31,LLAMA3-BWB-Results,simulator_output_LLAMA3-BWB_bwplacement_bs4_staticreq_statictask,SCRUBBED_TIME+LLAMA3-BWB_BMPD640_12_8_4
4,10,0,0,11,3,640,236.56,52.22669714285714,bw,static,static,results,Results,Results_LLAMA31,LLAMA3-BWB-Results,simulator_output_LLAMA3-BWB_bwplacement_bs4_staticreq_statictask,SCRUBBED_TIME+LLAMA3-BWB_BMPD640_10_11_3
4,11,0,0,9,4,512,299.44,52.238548,bw,static,static,results,Results,Results_LLAMA31,LLAMA3-BWB-Results,simulator_output_LLAMA3-BWB_bwplacement_bs4_staticreq_statictask,SCRUBBED_TIME+LLAMA3-BWB_BMPD512_11_9_4
4,5,0,0,12,7,512,449.44,52.2592895,bw,static,static,results,Results,Results_LLAMA31,LLAMA3-BWB-Results,simulator_output_LLAMA3-BWB_bwplacement_bs4_staticreq_statictask,SCRUBBED_TIME+LLAMA3-BWB_BMPD512_5_12_7
4,8,0,0,12,4,512,317.8,52.259477,bw,static,static,results,Results,Results_LLAMA31,LLAMA3-BWB-Results,simulator_output_LLAMA3-BWB_bwplacement_bs4_staticreq_statictask,SCRUBBED_TIME+LLAMA3-BWB_BMPD512_8_12_4
4,14,0,0,6,4,512,281.8,52.4071076,bw,static,static,results,Results,Results_LLAMA31,LLAMA3-BWB-Results,simulator_output_LLAMA3-BWB_bwplacement_bs4_staticreq_statictask,SCRUBBED_TIME+LLAMA3-BWB_BMPD512_14_6_4
4,10,0,0,7,7,256,236.8,52.44091542857142,bw,static,static,results,Results,Results_LLAMA31,LLAMA3-BWB-Results,simulator_output_LLAMA3-BWB_bwplacement_bs4_staticreq_statictask,SCRUBBED_TIME+LLAMA3-BWB_BMPD256_10_7_7
4,4,0,0,7,13,256,306.72,52.44237257142858,bw,static,static,results,Results,Results_LLAMA31,LLAMA3-BWB-Results,simulator_output_LLAMA3-BWB_bwplacement_bs4_staticreq_statictask,SCRUBBED_TIME+LLAMA3-BWB_BMPD256_4_7_13
4,7,0,0,13,4,640,302.6,52.48691082352941,bw,static,static,results,Results,Results_LLAMA31,LLAMA3-BWB-Results,simulator_output_LLAMA3-BWB_bwplacement_bs4_staticreq_statictask,SCRUBBED_TIME+LLAMA3-BWB_BMPD640_7_13_4
4,9,0,0,14,1,640,83.32,52.6181456,bw,static,static,results,Results,Results_LLAMA31,LLAMA3-BWB-Results,simulator_output_LLAMA3-BWB_bwplacement_bs4_staticreq_statictask,SCRUBBED_TIME+LLAMA3-BWB_BMPD640_9_14_1
4,8,0,0,12,4,640,314.56,52.6822135,bw,static,static,results,Results,Results_LLAMA31,LLAMA3-BWB-Results,simulator_output_LLAMA3-BWB_bwplacement_bs4_staticreq_statictask,SCRUBBED_TIME+LLAMA3-BWB_BMPD640_8_12_4
4,5,0,0,12,7,640,450.92,52.6822135,bw,static,static,results,Results,Results_LLAMA31,LLAMA3-BWB-Results,simulator_output_LLAMA3-BWB_bwplacement_bs4_staticreq_statictask,SCRUBBED_TIME+LLAMA3-BWB_BMPD640_5_12_7
4,13,0,0,5,6,256,184.12,52.77224436363637,bw,static,static,results,Results,Results_LLAMA31,LLAMA3-BWB-Results,simulator_output_LLAMA3-BWB_bwplacement_bs4_staticreq_statictask,SCRUBBED_TIME+LLAMA3-BWB_BMPD256_13_5_6
4,13,0,0,9,2,640,148.4,53.27480836363637,bw,static,static,results,Results,Results_LLAMA31,LLAMA3-BWB-Results,simulator_output_LLAMA3-BWB_bwplacement_bs4_staticreq_statictask,SCRUBBED_TIME+LLAMA3-BWB_BMPD640_13_9_2
4,11,0,0,6,7,256,231.32,53.29328553846154,bw,static,static,results,Results,Results_LLAMA31,LLAMA3-BWB-Results,simulator_output_LLAMA3-BWB_bwplacement_bs4_staticreq_statictask,SCRUBBED_TIME+LLAMA3-BWB_BMPD256_11_6_7
4,9,0,0,8,7,512,433.4,53.324501866666665,bw,static,static,results,Results,Results_LLAMA31,LLAMA3-BWB-Results,simulator_output_LLAMA3-BWB_bwplacement_bs4_staticreq_statictask,SCRUBBED_TIME+LLAMA3-BWB_BMPD512_9_8_7
4,7,0,0,8,9,384,450.84,53.43329788235294,bw,static,static,results,Results,Results_LLAMA31,LLAMA3-BWB-Results,simulator_output_LLAMA3-BWB_bwplacement_bs4_staticreq_statictask,SCRUBBED_TIME+LLAMA3-BWB_BMPD384_7_8_9
4,7,0,0,13,4,512,318.52,53.526278352941176,bw,static,static,results,Results,Results_LLAMA31,LLAMA3-BWB-Results,simulator_output_LLAMA3-BWB_bwplacement_bs4_staticreq_statictask,SCRUBBED_TIME+LLAMA3-BWB_BMPD512_7_13_4
4,12,0,0,6,6,384,316.8,53.533684,bw,static,static,results,Results,Results_LLAMA31,LLAMA3-BWB-Results,simulator_output_LLAMA3-BWB_bwplacement_bs4_staticreq_statictask,SCRUBBED_TIME+LLAMA3-BWB_BMPD384_12_6_6
4,14,0,0,7,3,640,208.6,53.619621200000005,bw,static,static,results,Results,Results_LLAMA31,LLAMA3-BWB-Results,simulator_output_LLAMA3-BWB_bwplacement_bs4_staticreq_statictask,SCRUBBED_TIME+LLAMA3-BWB_BMPD640_14_7_3
4,9,0,0,11,4,640,309.72,53.77279226666666,bw,static,static,results,Results,Results_LLAMA31,LLAMA3-BWB-Results,simulator_output_LLAMA3-BWB_bwplacement_bs4_staticreq_statictask,SCRUBBED_TIME+LLAMA3-BWB_BMPD640_9_11_4
4,7,0,0,11,6,512,390.36,53.77738423529412,bw,static,static,results,Results,Results_LLAMA31,LLAMA3-BWB-Results,simulator_output_LLAMA3-BWB_bwplacement_bs4_staticreq_statictask,SCRUBBED_TIME+LLAMA3-BWB_BMPD512_7_11_6
4,7,0,0,12,5,512,342.76,53.88657247058824,bw,static,static,results,Results,Results_LLAMA31,LLAMA3-BWB-Results,simulator_output_LLAMA3-BWB_bwplacement_bs4_staticreq_statictask,SCRUBBED_TIME+LLAMA3-BWB_BMPD512_7_12_5
4,6,0,0,13,5,640,331.76,54.18259688888889,bw,static,static,results,Results,Results_LLAMA31,LLAMA3-BWB-Results,simulator_output_LLAMA3-BWB_bwplacement_bs4_staticreq_statictask,SCRUBBED_TIME+LLAMA3-BWB_BMPD640_6_13_5
4,16,0,0,6,2,640,146.12,54.2435135,bw,static,static,results,Results,Results_LLAMA31,LLAMA3-BWB-Results,simulator_output_LLAMA3-BWB_bwplacement_bs4_staticreq_statictask,SCRUBBED_TIME+LLAMA3-BWB_BMPD640_16_6_2
4,9,0,0,10,5,512,332.12,54.41662186666667,bw,static,static,results,Results,Results_LLAMA31,LLAMA3-BWB-Results,simulator_output_LLAMA3-BWB_bwplacement_bs4_staticreq_statictask,SCRUBBED_TIME+LLAMA3-BWB_BMPD512_9_10_5
4,11,0,0,10,3,640,231.2,54.52676953846154,bw,static,static,results,Results,Results_LLAMA31,LLAMA3-BWB-Results,simulator_output_LLAMA3-BWB_bwplacement_bs4_staticreq_statictask,SCRUBBED_TIME+LLAMA3-BWB_BMPD640_11_10_3
4,11,0,0,7,6,384,308.68,54.57631138461539,bw,static,static,results,Results,Results_LLAMA31,LLAMA3-BWB-Results,simulator_output_LLAMA3-BWB_bwplacement_bs4_staticreq_statictask,SCRUBBED_TIME+LLAMA3-BWB_BMPD384_11_7_6
4,6,0,0,9,9,384,446.36,54.65597533333334,bw,static,static,results,Results,Results_LLAMA31,LLAMA3-BWB-Results,simulator_output_LLAMA3-BWB_bwplacement_bs4_staticreq_statictask,SCRUBBED_TIME+LLAMA3-BWB_BMPD384_6_9_9
4,10,0,0,9,5,512,323.04,54.74886,bw,static,static,results,Results,Results_LLAMA31,LLAMA3-BWB-Results,simulator_output_LLAMA3-BWB_bwplacement_bs4_staticreq_statictask,SCRUBBED_TIME+LLAMA3-BWB_BMPD512_10_9_5
4,7,0,0,12,5,640,343.8,54.96354611764706,bw,static,static,results,Results,Results_LLAMA31,LLAMA3-BWB-Results,simulator_output_LLAMA3-BWB_bwplacement_bs4_staticreq_statictask,SCRUBBED_TIME+LLAMA3-BWB_BMPD640_7_12_5
4,8,0,0,14,2,640,158.0,55.13418225,bw,static,static,results,Results,Results_LLAMA31,LLAMA3-BWB-Results,simulator_output_LLAMA3-BWB_bwplacement_bs4_staticreq_statictask,SCRUBBED_TIME+LLAMA3-BWB_BMPD640_8_14_2
4,5,0,0,14,5,640,323.88,55.14695725,bw,static,static,results,Results,Results_LLAMA31,LLAMA3-BWB-Results,simulator_output_LLAMA3-BWB_bwplacement_bs4_staticreq_statictask,SCRUBBED_TIME+LLAMA3-BWB_BMPD640_5_14_5
4,6,0,0,12,6,512,382.44,55.28015688888889,bw,static,static,results,Results,Results_LLAMA31,LLAMA3-BWB-Results,simulator_output_LLAMA3-BWB_bwplacement_bs4_staticreq_statictask,SCRUBBED_TIME+LLAMA3-BWB_BMPD512_6_12_6
4,6,0,0,11,7,512,441.84,55.39292355555556,bw,static,static,results,Results,Results_LLAMA31,LLAMA3-BWB-Results,simulator_output_LLAMA3-BWB_bwplacement_bs4_staticreq_statictask,SCRUBBED_TIME+LLAMA3-BWB_BMPD512_6_11_7
4,6,0,0,13,5,512,345.0,55.40991244444445,bw,static,static,results,Results,Results_LLAMA31,LLAMA3-BWB-Results,simulator_output_LLAMA3-BWB_bwplacement_bs4_staticreq_statictask,SCRUBBED_TIME+LLAMA3-BWB_BMPD512_6_13_5
4,6,0,0,8,10,384,428.16,55.518192,bw,static,static,results,Results,Results_LLAMA31,LLAMA3-BWB-Results,simulator_output_LLAMA3-BWB_bwplacement_bs4_staticreq_statictask,SCRUBBED_TIME+LLAMA3-BWB_BMPD384_6_8_10
4,8,0,0,11,5,640,337.68,55.567276,bw,static,static,results,Results,Results_LLAMA31,LLAMA3-BWB-Results,simulator_output_LLAMA3-BWB_bwplacement_bs4_staticreq_statictask,SCRUBBED_TIME+LLAMA3-BWB_BMPD640_8_11_5
4,5,0,0,11,8,640,523.88,55.5674635,bw,static,static,results,Results,Results_LLAMA31,LLAMA3-BWB-Results,simulator_output_LLAMA3-BWB_bwplacement_bs4_staticreq_statictask,SCRUBBED_TIME+LLAMA3-BWB_BMPD640_5_11_8
4,11,0,0,8,5,640,306.84,55.62236184615385,bw,static,static,results,Results,Results_LLAMA31,LLAMA3-BWB-Results,simulator_output_LLAMA3-BWB_bwplacement_bs4_staticreq_statictask,SCRUBBED_TIME+LLAMA3-BWB_BMPD640_11_8_5
4,12,0,0,7,5,512,309.0,55.81336533333334,bw,static,static,results,Results,Results_LLAMA31,LLAMA3-BWB-Results,simulator_output_LLAMA3-BWB_bwplacement_bs4_staticreq_statictask,SCRUBBED_TIME+LLAMA3-BWB_BMPD512_12_7_5
4,9,0,0,7,8,256,278.24,55.9695744,bw,static,static,results,Results,Results_LLAMA31,LLAMA3-BWB-Results,simulator_output_LLAMA3-BWB_bwplacement_bs4_staticreq_statictask,SCRUBBED_TIME+LLAMA3-BWB_BMPD256_9_7_8
4,14,0,0,4,6,256,173.04,56.0780788,bw,static,static,results,Results,Results_LLAMA31,LLAMA3-BWB-Results,simulator_output_LLAMA3-BWB_bwplacement_bs4_staticreq_statictask,SCRUBBED_TIME+LLAMA3-BWB_BMPD256_14_4_6
4,13,0,0,5,6,384,280.16,56.15785854545455,bw,static,static,results,Results,Results_LLAMA31,LLAMA3-BWB-Results,simulator_output_LLAMA3-BWB_bwplacement_bs4_staticreq_statictask,SCRUBBED_TIME+LLAMA3-BWB_BMPD384_13_5_6
4,15,0,0,5,4,512,262.2,56.200970222222224,bw,static,static,results,Results,Results_LLAMA31,LLAMA3-BWB-Results,simulator_output_LLAMA3-BWB_bwplacement_bs4_staticreq_statictask,SCRUBBED_TIME+LLAMA3-BWB_BMPD512_15_5_4
4,10,0,0,6,8,256,273.2,56.261544,bw,static,static,results,Results,Results_LLAMA31,LLAMA3-BWB-Results,simulator_output_LLAMA3-BWB_bwplacement_bs4_staticreq_statictask,SCRUBBED_TIME+LLAMA3-BWB_BMPD256_10_6_8
4,4,0,0,6,14,256,302.84,56.26191542857143,bw,static,static,results,Results,Results_LLAMA31,LLAMA3-BWB-Results,simulator_output_LLAMA3-BWB_bwplacement_bs4_staticreq_statictask,SCRUBBED_TIME+LLAMA3-BWB_BMPD256_4_6_14
4,13,0,0,6,5,512,297.36,56.360397454545456,bw,static,static,results,Results,Results_LLAMA31,LLAMA3-BWB-Results,simulator_output_LLAMA3-BWB_bwplacement_bs4_staticreq_statictask,SCRUBBED_TIME+LLAMA3-BWB_BMPD512_13_6_5
4,12,0,0,9,3,640,197.08,56.396429,bw,static,static,results,Results,Results_LLAMA31,LLAMA3-BWB-Results,simulator_output_LLAMA3-BWB_bwplacement_bs4_staticreq_statictask,SCRUBBED_TIME+LLAMA3-BWB_BMPD640_12_9_3
4,8,0,0,10,6,512,368.44,56.451527,bw,static,static,results,Results,Results_LLAMA31,LLAMA3-BWB-Results,simulator_output_LLAMA3-BWB_bwplacement_bs4_staticreq_statictask,SCRUBBED_TIME+LLAMA3-BWB_BMPD512_8_10_6
4,5,0,0,10,9,512,512.24,56.453652,bw,static,static,results,Results,Results_LLAMA31,LLAMA3-BWB-Results,simulator_output_LLAMA3-BWB_bwplacement_bs4_staticreq_statictask,SCRUBBED_TIME+LLAMA3-BWB_BMPD512_5_10_9
4,6,0,0,12,6,640,373.72,56.55433577777777,bw,static,static,results,Results,Results_LLAMA31,LLAMA3-BWB-Results,simulator_output_LLAMA3-BWB_bwplacement_bs4_staticreq_statictask,SCRUBBED_TIME+LLAMA3-BWB_BMPD640_6_12_6
4,8,0,0,8,8,512,488.28,56.6600895,bw,static,static,results,Results,Results_LLAMA31,LLAMA3-BWB-Results,simulator_output_LLAMA3-BWB_bwplacement_bs4_staticreq_statictask,SCRUBBED_TIME+LLAMA3-BWB_BMPD512_8_8_8
4,13,0,0,7,4,640,268.92,56.86691745454545,bw,static,static,results,Results,Results_LLAMA31,LLAMA3-BWB-Results,simulator_output_LLAMA3-BWB_bwplacement_bs4_staticreq_statictask,SCRUBBED_TIME+LLAMA3-BWB_BMPD640_13_7_4
4,11,0,0,6,7,384,348.84,57.012380615384615,bw,static,static,results,Results,Results_LLAMA31,LLAMA3-BWB-Results,simulator_output_LLAMA3-BWB_bwplacement_bs4_staticreq_statictask,SCRUBBED_TIME+LLAMA3-BWB_BMPD384_11_6_7
4,9,0,0,9,6,512,357.56,57.07906853333333,bw,static,static,results,Results,Results_LLAMA31,LLAMA3-BWB-Results,simulator_output_LLAMA3-BWB_bwplacement_bs4_staticreq_statictask,SCRUBBED_TIME+LLAMA3-BWB_BMPD512_9_9_6
4,7,0,0,11,6,640,373.16,57.11666376470588,bw,static,static,results,Results,Results_LLAMA31,LLAMA3-BWB-Results,simulator_output_LLAMA3-BWB_bwplacement_bs4_staticreq_statictask,SCRUBBED_TIME+LLAMA3-BWB_BMPD640_7_11_6
4,12,0,0,5,7,256,197.72,57.29021033333333,bw,static,static,results,Results,Results_LLAMA31,LLAMA3-BWB-Results,simulator_output_LLAMA3-BWB_bwplacement_bs4_staticreq_statictask,SCRUBBED_TIME+LLAMA3-BWB_BMPD256_12_5_7
4,7,0,0,14,3,640,217.84,57.35232847058824,bw,static,static,results,Results,Results_LLAMA31,LLAMA3-BWB-Results,simulator_output_LLAMA3-BWB_bwplacement_bs4_staticreq_statictask,SCRUBBED_TIME+LLAMA3-BWB_BMPD640_7_14_3
4,10,0,0,10,4,640,299.76,57.38439,bw,static,static,results,Results,Results_LLAMA31,LLAMA3-BWB-Results,simulator_output_LLAMA3-BWB_bwplacement_bs4_staticreq_statictask,SCRUBBED_TIME+LLAMA3-BWB_BMPD640_10_10_4
4,10,0,0,7,7,384,343.48,57.71133485714286,bw,static,static,results,Results,Results_LLAMA31,LLAMA3-BWB-Results,simulator_output_LLAMA3-BWB_bwplacement_bs4_staticreq_statictask,SCRUBBED_TIME+LLAMA3-BWB_BMPD384_10_7_7
4,11,0,0,7,6,512,343.68,58.34316338461539,bw,static,static,results,Results,Results_LLAMA31,LLAMA3-BWB-Results,simulator_output_LLAMA3-BWB_bwplacement_bs4_staticreq_statictask,SCRUBBED_TIME+LLAMA3-BWB_BMPD512_11_7_6
4,10,0,0,8,6,640,335.84,58.40466142857142,bw,static,static,results,Results,Results_LLAMA31,LLAMA3-BWB-Results,simulator_output_LLAMA3-BWB_bwplacement_bs4_staticreq_statictask,SCRUBBED_TIME+LLAMA3-BWB_BMPD640_10_8_6
4,6,0,0,14,4,640,285.4,58.410208,bw,static,static,results,Results,Results_LLAMA31,LLAMA3-BWB-Results,simulator_output_LLAMA3-BWB_bwplacement_bs4_staticreq_statictask,SCRUBBED_TIME+LLAMA3-BWB_BMPD640_6_14_4
4,3,0,0,4,17,384,370.6,58.60423911111111,bw,static,static,results,Results,Results_LLAMA31,LLAMA3-BWB-Results,simulator_output_LLAMA3-BWB_bwplacement_bs4_staticreq_statictask,SCRUBBED_TIME+LLAMA3-BWB_BMPD384_3_4_17
4,15,0,0,4,5,384,230.92,58.68268355555555,bw,static,static,results,Results,Results_LLAMA31,LLAMA3-BWB-Results,simulator_output_LLAMA3-BWB_bwplacement_bs4_staticreq_statictask,SCRUBBED_TIME+LLAMA3-BWB_BMPD384_15_4_5
4,16,0,0,5,3,640,184.08,58.860876,bw,static,static,results,Results,Results_LLAMA31,LLAMA3-BWB-Results,simulator_output_LLAMA3-BWB_bwplacement_bs4_staticreq_statictask,SCRUBBED_TIME+LLAMA3-BWB_BMPD640_16_5_3
4,16,0,0,4,4,512,243.68,58.934321,bw,static,static,results,Results,Results_LLAMA31,LLAMA3-BWB-Results,simulator_output_LLAMA3-BWB_bwplacement_bs4_staticreq_statictask,SCRUBBED_TIME+LLAMA3-BWB_BMPD512_16_4_4
4,7,0,0,10,7,512,417.48,58.935496,bw,static,static,results,Results,Results_LLAMA31,LLAMA3-BWB-Results,simulator_output_LLAMA3-BWB_bwplacement_bs4_staticreq_statictask,SCRUBBED_TIME+LLAMA3-BWB_BMPD512_7_10_7
4,12,0,0,7,5,640,290.64,59.116479,bw,static,static,results,Results,Results_LLAMA31,LLAMA3-BWB-Results,simulator_output_LLAMA3-BWB_bwplacement_bs4_staticreq_statictask,SCRUBBED_TIME+LLAMA3-BWB_BMPD640_12_7_5
4,15,0,0,6,3,640,197.28,59.13035822222222,bw,static,static,results,Results,Results_LLAMA31,LLAMA3-BWB-Results,simulator_output_LLAMA3-BWB_bwplacement_bs4_staticreq_statictask,SCRUBBED_TIME+LLAMA3-BWB_BMPD640_15_6_3
4,8,0,0,7,9,256,254.24,59.38447225,bw,static,static,results,Results,Results_LLAMA31,LLAMA3-BWB-Results,simulator_output_LLAMA3-BWB_bwplacement_bs4_staticreq_statictask,SCRUBBED_TIME+LLAMA3-BWB_BMPD256_8_7_9
4,5,0,0,7,12,256,307.48,59.40517225,bw,static,static,results,Results,Results_LLAMA31,LLAMA3-BWB-Results,simulator_output_LLAMA3-BWB_bwplacement_bs4_staticreq_statictask,SCRUBBED_TIME+LLAMA3-BWB_BMPD256_5_7_12
4,6,0,0,11,7,640,420.2,59.434180222222224,bw,static,static,results,Results,Results_LLAMA31,LLAMA3-BWB-Results,simulator_output_LLAMA3-BWB_bwplacement_bs4_staticreq_statictask,SCRUBBED_TIME+LLAMA3-BWB_BMPD640_6_11_7
4,11,0,0,9,4,640,255.32,59.454323384615385,bw,static,static,results,Results,Results_LLAMA31,LLAMA3-BWB-Results,simulator_output_LLAMA3-BWB_bwplacement_bs4_staticreq_statictask,SCRUBBED_TIME+LLAMA3-BWB_BMPD640_11_9_4
4,12,0,0,6,6,512,319.96,59.70641533333333,bw,static,static,results,Results,Results_LLAMA31,LLAMA3-BWB-Results,simulator_output_LLAMA3-BWB_bwplacement_bs4_staticreq_statictask,SCRUBBED_TIME+LLAMA3-BWB_BMPD512_12_6_6
4,16,0,0,3,5,256,133.24,59.8166635,bw,static,static,results,Results,Results_LLAMA31,LLAMA3-BWB-Results,simulator_output_LLAMA3-BWB_bwplacement_bs4_staticreq_statictask,SCRUBBED_TIME+LLAMA3-BWB_BMPD256_16_3_5
4,7,0,0,8,9,512,462.64,60.01137247058824,bw,static,static,results,Results,Results_LLAMA31,LLAMA3-BWB-Results,simulator_output_LLAMA3-BWB_bwplacement_bs4_staticreq_statictask,SCRUBBED_TIME+LLAMA3-BWB_BMPD512_7_8_9
4,9,0,0,10,5,640,318.92,60.06699893333333,bw,static,static,results,Results,Results_LLAMA31,LLAMA3-BWB-Results,simulator_output_LLAMA3-BWB_bwplacement_bs4_staticreq_statictask,SCRUBBED_TIME+LLAMA3-BWB_BMPD640_9_10_5
4,9,0,0,6,9,256,248.4,60.0969344,bw,static,static,results,Results,Results_LLAMA31,LLAMA3-BWB-Results,simulator_output_LLAMA3-BWB_bwplacement_bs4_staticreq_statictask,SCRUBBED_TIME+LLAMA3-BWB_BMPD256_9_6_9
4,10,0,0,6,8,384,400.36,60.35348485714286,bw,static,static,results,Results,Results_LLAMA31,LLAMA3-BWB-Results,simulator_output_LLAMA3-BWB_bwplacement_bs4_staticreq_statictask,SCRUBBED_TIME+LLAMA3-BWB_BMPD384_10_6_8
4,9,0,0,7,8,384,399.24,60.64068053333333,bw,static,static,results,Results,Results_LLAMA31,LLAMA3-BWB-Results,simulator_output_LLAMA3-BWB_bwplacement_bs4_staticreq_statictask,SCRUBBED_TIME+LLAMA3-BWB_BMPD384_9_7_8
4,6,0,0,10,8,512,490.52,60.91890688888889,bw,static,static,results,Results,Results_LLAMA31,LLAMA3-BWB-Results,simulator_output_LLAMA3-BWB_bwplacement_bs4_staticreq_statictask,SCRUBBED_TIME+LLAMA3-BWB_BMPD512_6_10_8
4,12,0,0,5,7,384,298.04,61.119934,bw,static,static,results,Results,Results_LLAMA31,LLAMA3-BWB-Results,simulator_output_LLAMA3-BWB_bwplacement_bs4_staticreq_statictask,SCRUBBED_TIME+LLAMA3-BWB_BMPD384_12_5_7
4,8,0,0,9,7,512,387.4,61.3022145,bw,static,static,results,Results,Results_LLAMA31,LLAMA3-BWB-Results,simulator_output_LLAMA3-BWB_bwplacement_bs4_staticreq_statictask,SCRUBBED_TIME+LLAMA3-BWB_BMPD512_8_9_7
4,5,0,0,9,10,512,465.32,61.30277075,bw,static,static,results,Results,Results_LLAMA31,LLAMA3-BWB-Results,simulator_output_LLAMA3-BWB_bwplacement_bs4_staticreq_statictask,SCRUBBED_TIME+LLAMA3-BWB_BMPD512_5_9_10
4,14,0,0,5,5,512,268.88,61.3686376,bw,static,static,results,Results,Results_LLAMA31,LLAMA3-BWB-Results,simulator_output_LLAMA3-BWB_bwplacement_bs4_staticreq_statictask,SCRUBBED_TIME+LLAMA3-BWB_BMPD512_14_5_5
4,9,0,0,8,7,640,373.04,61.37927226666667,bw,static,static,results,Results,Results_LLAMA31,LLAMA3-BWB-Results,simulator_output_LLAMA3-BWB_bwplacement_bs4_staticreq_statictask,SCRUBBED_TIME+LLAMA3-BWB_BMPD640_9_8_7
4,11,0,0,5,8,256,224.36,61.928724,bw,static,static,results,Results,Results_LLAMA31,LLAMA3-BWB-Results,simulator_output_LLAMA3-BWB_bwplacement_bs4_staticreq_statictask,SCRUBBED_TIME+LLAMA3-BWB_BMPD256_11_5_8
4,10,0,0,9,5,640,274.8,61.96606857142857,bw,static,static,results,Results,Results_LLAMA31,LLAMA3-BWB-Results,simulator_output_LLAMA3-BWB_bwplacement_bs4_staticreq_statictask,SCRUBBED_TIME+LLAMA3-BWB_BMPD640_10_9_5
4,13,0,0,4,7,256,177.28,62.02133527272727,bw,static,static,results,Results,Results_LLAMA31,LLAMA3-BWB-Results,simulator_output_LLAMA3-BWB_bwplacement_bs4_staticreq_statictask,SCRUBBED_TIME+LLAMA3-BWB_BMPD256_13_4_7
4,14,0,0,4,6,384,246.96,62.0222916,bw,static,static,results,Results,Results_LLAMA31,LLAMA3-BWB-Results,simulator_output_LLAMA3-BWB_bwplacement_bs4_staticreq_statictask,SCRUBBED_TIME+LLAMA3-BWB_BMPD384_14_4_6
4,10,0,0,7,7,512,374.56,62.07414571428571,bw,static,static,results,Results,Results_LLAMA31,LLAMA3-BWB-Results,simulator_output_LLAMA3-BWB_bwplacement_bs4_staticreq_statictask,SCRUBBED_TIME+LLAMA3-BWB_BMPD512_10_7_7
4,8,0,0,10,6,640,351.0,62.15145725,bw,static,static,results,Results,Results_LLAMA31,LLAMA3-BWB-Results,simulator_output_LLAMA3-BWB_bwplacement_bs4_staticreq_statictask,SCRUBBED_TIME+LLAMA3-BWB_BMPD640_8_10_6
4,6,0,0,8,10,512,436.48,62.33554022222222,bw,static,static,results,Results,Results_LLAMA31,LLAMA3-BWB-Results,simulator_output_LLAMA3-BWB_bwplacement_bs4_staticreq_statictask,SCRUBBED_TIME+LLAMA3-BWB_BMPD512_6_8_10
4,7,0,0,7,10,256,241.88,62.41693905882352,bw,static,static,results,Results,Results_LLAMA31,LLAMA3-BWB-Results,simulator_output_LLAMA3-BWB_bwplacement_bs4_staticreq_statictask,SCRUBBED_TIME+LLAMA3-BWB_BMPD256_7_7_10
4,5,0,0,10,9,640,475.84,62.492851,bw,static,static,results,Results,Results_LLAMA31,LLAMA3-BWB-Results,simulator_output_LLAMA3-BWB_bwplacement_bs4_staticreq_statictask,SCRUBBED_TIME+LLAMA3-BWB_BMPD640_5_10_9
4,14,0,0,6,4,640,243.44,62.5726712,bw,static,static,results,Results,Results_LLAMA31,LLAMA3-BWB-Results,simulator_output_LLAMA3-BWB_bwplacement_bs4_staticreq_statictask,SCRUBBED_TIME+LLAMA3-BWB_BMPD640_14_6_4
4,16,0,0,4,4,640,220.32,62.7837135,bw,static,static,results,Results,Results_LLAMA31,LLAMA3-BWB-Results,simulator_output_LLAMA3-BWB_bwplacement_bs4_staticreq_statictask,SCRUBBED_TIME+LLAMA3-BWB_BMPD640_16_4_4
4,15,0,0,5,4,640,230.24,62.916702666666666,bw,static,static,results,Results,Results_LLAMA31,LLAMA3-BWB-Results,simulator_output_LLAMA3-BWB_bwplacement_bs4_staticreq_statictask,SCRUBBED_TIME+LLAMA3-BWB_BMPD640_15_5_4
4,11,0,0,7,6,640,303.84,63.55382338461538,bw,static,static,results,Results,Results_LLAMA31,LLAMA3-BWB-Results,simulator_output_LLAMA3-BWB_bwplacement_bs4_staticreq_statictask,SCRUBBED_TIME+LLAMA3-BWB_BMPD640_11_7_6
4,9,0,0,6,9,384,372.68,63.68039386666667,bw,static,static,results,Results,Results_LLAMA31,LLAMA3-BWB-Results,simulator_output_LLAMA3-BWB_bwplacement_bs4_staticreq_statictask,SCRUBBED_TIME+LLAMA3-BWB_BMPD384_9_6_9
4,11,0,0,6,7,512,343.96,63.840448,bw,static,static,results,Results,Results_LLAMA31,LLAMA3-BWB-Results,simulator_output_LLAMA3-BWB_bwplacement_bs4_staticreq_statictask,SCRUBBED_TIME+LLAMA3-BWB_BMPD512_11_6_7
4,5,0,0,6,13,256,267.28,64.12545975,bw,static,static,results,Results,Results_LLAMA31,LLAMA3-BWB-Results,simulator_output_LLAMA3-BWB_bwplacement_bs4_staticreq_statictask,SCRUBBED_TIME+LLAMA3-BWB_BMPD256_5_6_13
4,8,0,0,6,10,256,232.04,64.1254785,bw,static,static,results,Results,Results_LLAMA31,LLAMA3-BWB-Results,simulator_output_LLAMA3-BWB_bwplacement_bs4_staticreq_statictask,SCRUBBED_TIME+LLAMA3-BWB_BMPD256_8_6_10
4,2,0,0,2,20,256,151.2,64.58658266666666,bw,static,static,results,Results,Results_LLAMA31,LLAMA3-BWB-Results,simulator_output_LLAMA3-BWB_bwplacement_bs4_staticreq_statictask,SCRUBBED_TIME+LLAMA3-BWB_BMPD256_2_2_20
4,7,0,0,9,8,512,439.28,64.78719011764706,bw,static,static,results,Results,Results_LLAMA31,LLAMA3-BWB-Results,simulator_output_LLAMA3-BWB_bwplacement_bs4_staticreq_statictask,SCRUBBED_TIME+LLAMA3-BWB_BMPD512_7_9_8
4,8,0,0,7,9,384,362.56,64.81141025,bw,static,static,results,Results,Results_LLAMA31,LLAMA3-BWB-Results,simulator_output_LLAMA3-BWB_bwplacement_bs4_staticreq_statictask,SCRUBBED_TIME+LLAMA3-BWB_BMPD384_8_7_9
4,8,0,0,8,8,640,411.88,65.23316975,bw,static,static,results,Results,Results_LLAMA31,LLAMA3-BWB-Results,simulator_output_LLAMA3-BWB_bwplacement_bs4_staticreq_statictask,SCRUBBED_TIME+LLAMA3-BWB_BMPD640_8_8_8
4,5,0,0,8,11,640,480.4,65.24651975,bw,static,static,results,Results,Results_LLAMA31,LLAMA3-BWB-Results,simulator_output_LLAMA3-BWB_bwplacement_bs4_staticreq_statictask,SCRUBBED_TIME+LLAMA3-BWB_BMPD640_5_8_11
4,7,0,0,10,7,640,385.12,65.31559317647059,bw,static,static,results,Results,Results_LLAMA31,LLAMA3-BWB-Results,simulator_output_LLAMA3-BWB_bwplacement_bs4_staticreq_statictask,SCRUBBED_TIME+LLAMA3-BWB_BMPD640_7_10_7
4,5,0,0,7,12,384,405.68,65.34937275,bw,static,static,results,Results,Results_LLAMA31,LLAMA3-BWB-Results,simulator_output_LLAMA3-BWB_bwplacement_bs4_staticreq_statictask,SCRUBBED_TIME+LLAMA3-BWB_BMPD384_5_7_12
4,9,0,0,9,6,640,297.08,65.4386056,bw,static,static,results,Results,Results_LLAMA31,LLAMA3-BWB-Results,simulator_output_LLAMA3-BWB_bwplacement_bs4_staticreq_statictask,SCRUBBED_TIME+LLAMA3-BWB_BMPD640_9_9_6
4,9,0,0,7,8,512,431.52,65.50592186666667,bw,static,static,results,Results,Results_LLAMA31,LLAMA3-BWB-Results,simulator_output_LLAMA3-BWB_bwplacement_bs4_staticreq_statictask,SCRUBBED_TIME+LLAMA3-BWB_BMPD512_9_7_8
4,6,0,0,7,11,256,275.6,65.54576355555555,bw,static,static,results,Results,Results_LLAMA31,LLAMA3-BWB-Results,simulator_output_LLAMA3-BWB_bwplacement_bs4_staticreq_statictask,SCRUBBED_TIME+LLAMA3-BWB_BMPD256_6_7_11
4,16,0,0,3,5,384,186.16,65.7701335,bw,static,static,results,Results,Results_LLAMA31,LLAMA3-BWB-Results,simulator_output_LLAMA3-BWB_bwplacement_bs4_staticreq_statictask,SCRUBBED_TIME+LLAMA3-BWB_BMPD384_16_3_5
4,10,0,0,5,9,256,198.48,65.85430828571428,bw,static,static,results,Results,Results_LLAMA31,LLAMA3-BWB-Results,simulator_output_LLAMA3-BWB_bwplacement_bs4_staticreq_statictask,SCRUBBED_TIME+LLAMA3-BWB_BMPD256_10_5_9
4,4,0,0,5,15,256,235.12,65.85430828571428,bw,static,static,results,Results,Results_LLAMA31,LLAMA3-BWB-Results,simulator_output_LLAMA3-BWB_bwplacement_bs4_staticreq_statictask,SCRUBBED_TIME+LLAMA3-BWB_BMPD256_4_5_15
4,13,0,0,6,5,640,260.72,66.0486810909091,bw,static,static,results,Results,Results_LLAMA31,LLAMA3-BWB-Results,simulator_output_LLAMA3-BWB_bwplacement_bs4_staticreq_statictask,SCRUBBED_TIME+LLAMA3-BWB_BMPD640_13_6_5
4,11,0,0,5,8,384,322.0,66.340996,bw,static,static,results,Results,Results_LLAMA31,LLAMA3-BWB-Results,simulator_output_LLAMA3-BWB_bwplacement_bs4_staticreq_statictask,SCRUBBED_TIME+LLAMA3-BWB_BMPD384_11_5_8
4,15,0,0,4,5,512,223.64,66.439048,bw,static,static,results,Results,Results_LLAMA31,LLAMA3-BWB-Results,simulator_output_LLAMA3-BWB_bwplacement_bs4_staticreq_statictask,SCRUBBED_TIME+LLAMA3-BWB_BMPD512_15_4_5
4,3,0,0,4,17,512,356.2,66.45068133333334,bw,static,static,results,Results,Results_LLAMA31,LLAMA3-BWB-Results,simulator_output_LLAMA3-BWB_bwplacement_bs4_staticreq_statictask,SCRUBBED_TIME+LLAMA3-BWB_BMPD512_3_4_17
4,13,0,0,5,6,512,269.84,67.08289745454546,bw,static,static,results,Results,Results_LLAMA31,LLAMA3-BWB-Results,simulator_output_LLAMA3-BWB_bwplacement_bs4_staticreq_statictask,SCRUBBED_TIME+LLAMA3-BWB_BMPD512_13_5_6
4,10,0,0,7,7,640,329.16,67.16044,bw,static,static,results,Results,Results_LLAMA31,LLAMA3-BWB-Results,simulator_output_LLAMA3-BWB_bwplacement_bs4_staticreq_statictask,SCRUBBED_TIME+LLAMA3-BWB_BMPD640_10_7_7
4,10,0,0,6,8,512,386.4,67.43377428571428,bw,static,static,results,Results,Results_LLAMA31,LLAMA3-BWB-Results,simulator_output_LLAMA3-BWB_bwplacement_bs4_staticreq_statictask,SCRUBBED_TIME+LLAMA3-BWB_BMPD512_10_6_8
4,4,0,0,6,14,512,388.76,67.43409571428572,bw,static,static,results,Results,Results_LLAMA31,LLAMA3-BWB-Results,simulator_output_LLAMA3-BWB_bwplacement_bs4_staticreq_statictask,SCRUBBED_TIME+LLAMA3-BWB_BMPD512_4_6_14
4,6,0,0,9,9,512,414.52,67.7746568888889,bw,static,static,results,Results,Results_LLAMA31,LLAMA3-BWB-Results,simulator_output_LLAMA3-BWB_bwplacement_bs4_staticreq_statictask,SCRUBBED_TIME+LLAMA3-BWB_BMPD512_6_9_9
4,8,0,0,6,10,384,340.68,68.108129,bw,static,static,results,Results,Results_LLAMA31,LLAMA3-BWB-Results,simulator_output_LLAMA3-BWB_bwplacement_bs4_staticreq_statictask,SCRUBBED_TIME+LLAMA3-BWB_BMPD384_8_6_10
4,5,0,0,6,13,384,368.24,68.31073525,bw,static,static,results,Results,Results_LLAMA31,LLAMA3-BWB-Results,simulator_output_LLAMA3-BWB_bwplacement_bs4_staticreq_statictask,SCRUBBED_TIME+LLAMA3-BWB_BMPD384_5_6_13
4,15,0,0,3,6,256,120.96,68.39169777777778,bw,static,static,results,Results,Results_LLAMA31,LLAMA3-BWB-Results,simulator_output_LLAMA3-BWB_bwplacement_bs4_staticreq_statictask,SCRUBBED_TIME+LLAMA3-BWB_BMPD256_15_3_6
4,3,0,0,3,18,256,174.68,68.39169777777778,bw,static,static,results,Results,Results_LLAMA31,LLAMA3-BWB-Results,simulator_output_LLAMA3-BWB_bwplacement_bs4_staticreq_statictask,SCRUBBED_TIME+LLAMA3-BWB_BMPD256_3_3_18
4,12,0,0,4,8,256,189.64,68.46014366666667,bw,static,static,results,Results,Results_LLAMA31,LLAMA3-BWB-Results,simulator_output_LLAMA3-BWB_bwplacement_bs4_staticreq_statictask,SCRUBBED_TIME+LLAMA3-BWB_BMPD256_12_4_8
4,7,0,0,6,11,256,253.32,68.56159788235294,bw,static,static,results,Results,Results_LLAMA31,LLAMA3-BWB-Results,simulator_output_LLAMA3-BWB_bwplacement_bs4_staticreq_statictask,SCRUBBED_TIME+LLAMA3-BWB_BMPD256_7_6_11
4,7,0,0,8,9,640,375.24,68.81067552941177,bw,static,static,results,Results,Results_LLAMA31,LLAMA3-BWB-Results,simulator_output_LLAMA3-BWB_bwplacement_bs4_staticreq_statictask,SCRUBBED_TIME+LLAMA3-BWB_BMPD640_7_8_9
4,8,0,0,9,7,640,320.36,68.98588225,bw,static,static,results,Results,Results_LLAMA31,LLAMA3-BWB-Results,simulator_output_LLAMA3-BWB_bwplacement_bs4_staticreq_statictask,SCRUBBED_TIME+LLAMA3-BWB_BMPD640_8_9_7
4,5,0,0,9,10,640,370.12,68.98608225,bw,static,static,results,Results,Results_LLAMA31,LLAMA3-BWB-Results,simulator_output_LLAMA3-BWB_bwplacement_bs4_staticreq_statictask,SCRUBBED_TIME+LLAMA3-BWB_BMPD640_5_9_10
4,13,0,0,4,7,384,243.96,69.05899490909091,bw,static,static,results,Results,Results_LLAMA31,LLAMA3-BWB-Results,simulator_output_LLAMA3-BWB_bwplacement_bs4_staticreq_statictask,SCRUBBED_TIME+LLAMA3-BWB_BMPD384_13_4_7
4,7,0,0,7,10,384,332.32,69.08543317647059,bw,static,static,results,Results,Results_LLAMA31,LLAMA3-BWB-Results,simulator_output_LLAMA3-BWB_bwplacement_bs4_staticreq_statictask,SCRUBBED_TIME+LLAMA3-BWB_BMPD384_7_7_10
4,15,0,0,4,5,640,202.28,69.16329155555555,bw,static,static,results,Results,Results_LLAMA31,LLAMA3-BWB-Results,simulator_output_LLAMA3-BWB_bwplacement_bs4_staticreq_statictask,SCRUBBED_TIME+LLAMA3-BWB_BMPD640_15_4_5
4,5,0,0,7,12,512,439.4,69.3850145,bw,static,static,results,Results,Results_LLAMA31,LLAMA3-BWB-Results,simulator_output_LLAMA3-BWB_bwplacement_bs4_staticreq_statictask,SCRUBBED_TIME+LLAMA3-BWB_BMPD512_5_7_12
4,8,0,0,7,9,512,401.08,69.3852645,bw,static,static,results,Results,Results_LLAMA31,LLAMA3-BWB-Results,simulator_output_LLAMA3-BWB_bwplacement_bs4_staticreq_statictask,SCRUBBED_TIME+LLAMA3-BWB_BMPD512_8_7_9
4,9,0,0,5,10,256,181.68,69.76544106666667,bw,static,static,results,Results,Results_LLAMA31,LLAMA3-BWB-Results,simulator_output_LLAMA3-BWB_bwplacement_bs4_staticreq_statictask,SCRUBBED_TIME+LLAMA3-BWB_BMPD256_9_5_10
4,6,0,0,10,8,640,439.56,70.206308,bw,static,static,results,Results,Results_LLAMA31,LLAMA3-BWB-Results,simulator_output_LLAMA3-BWB_bwplacement_bs4_staticreq_statictask,SCRUBBED_TIME+LLAMA3-BWB_BMPD640_6_10_8
4,14,0,0,5,5,640,214.92,70.3456412,bw,static,static,results,Results,Results_LLAMA31,LLAMA3-BWB-Results,simulator_output_LLAMA3-BWB_bwplacement_bs4_staticreq_statictask,SCRUBBED_TIME+LLAMA3-BWB_BMPD640_14_5_5
4,10,0,0,5,9,384,285.16,70.52035628571429,bw,static,static,results,Results,Results_LLAMA31,LLAMA3-BWB-Results,simulator_output_LLAMA3-BWB_bwplacement_bs4_staticreq_statictask,SCRUBBED_TIME+LLAMA3-BWB_BMPD384_10_5_9
4,4,0,0,5,15,384,308.16,70.52035628571429,bw,static,static,results,Results,Results_LLAMA31,LLAMA3-BWB-Results,simulator_output_LLAMA3-BWB_bwplacement_bs4_staticreq_statictask,SCRUBBED_TIME+LLAMA3-BWB_BMPD384_4_5_15
4,6,0,0,6,12,256,240.48,70.578258,bw,static,static,results,Results,Results_LLAMA31,LLAMA3-BWB-Results,simulator_output_LLAMA3-BWB_bwplacement_bs4_staticreq_statictask,SCRUBBED_TIME+LLAMA3-BWB_BMPD256_6_6_12
4,9,0,0,7,8,640,381.68,70.64501893333333,bw,static,static,results,Results,Results_LLAMA31,LLAMA3-BWB-Results,simulator_output_LLAMA3-BWB_bwplacement_bs4_staticreq_statictask,SCRUBBED_TIME+LLAMA3-BWB_BMPD640_9_7_8
4,2,0,0,2,20,384,176.8,71.009224,bw,static,static,results,Results,Results_LLAMA31,LLAMA3-BWB-Results,simulator_output_LLAMA3-BWB_bwplacement_bs4_staticreq_statictask,SCRUBBED_TIME+LLAMA3-BWB_BMPD384_2_2_20
4,6,0,0,8,10,640,344.96,71.26813022222223,bw,static,static,results,Results,Results_LLAMA31,LLAMA3-BWB-Results,simulator_output_LLAMA3-BWB_bwplacement_bs4_staticreq_statictask,SCRUBBED_TIME+LLAMA3-BWB_BMPD640_6_8_10
4,9,0,0,6,9,512,352.92,71.4719552,bw,static,static,results,Results,Results_LLAMA31,LLAMA3-BWB-Results,simulator_output_LLAMA3-BWB_bwplacement_bs4_staticreq_statictask,SCRUBBED_TIME+LLAMA3-BWB_BMPD512_9_6_9
4,7,0,0,6,11,384,375.88,71.68646258823529,bw,static,static,results,Results,Results_LLAMA31,LLAMA3-BWB-Results,simulator_output_LLAMA3-BWB_bwplacement_bs4_staticreq_statictask,SCRUBBED_TIME+LLAMA3-BWB_BMPD384_7_6_11
4,7,0,0,9,8,640,372.44,71.72169905882353,bw,static,static,results,Results,Results_LLAMA31,LLAMA3-BWB-Results,simulator_output_LLAMA3-BWB_bwplacement_bs4_staticreq_statictask,SCRUBBED_TIME+LLAMA3-BWB_BMPD640_7_9_8
4,3,0,0,4,17,640,307.56,71.8466248888889,bw,static,static,results,Results,Results_LLAMA31,LLAMA3-BWB-Results,simulator_output_LLAMA3-BWB_bwplacement_bs4_staticreq_statictask,SCRUBBED_TIME+LLAMA3-BWB_BMPD640_3_4_17
4,12,0,0,5,7,512,279.6,72.049257,bw,static,static,results,Results,Results_LLAMA31,LLAMA3-BWB-Results,simulator_output_LLAMA3-BWB_bwplacement_bs4_staticreq_statictask,SCRUBBED_TIME+LLAMA3-BWB_BMPD512_12_5_7
4,6,0,0,7,11,384,363.04,72.05094755555555,bw,static,static,results,Results,Results_LLAMA31,LLAMA3-BWB-Results,simulator_output_LLAMA3-BWB_bwplacement_bs4_staticreq_statictask,SCRUBBED_TIME+LLAMA3-BWB_BMPD384_6_7_11
4,12,0,0,6,6,640,257.32,72.273579,bw,static,static,results,Results,Results_LLAMA31,LLAMA3-BWB-Results,simulator_output_LLAMA3-BWB_bwplacement_bs4_staticreq_statictask,SCRUBBED_TIME+LLAMA3-BWB_BMPD640_12_6_6
4,11,0,0,4,9,256,164.84,72.68699323076923,bw,static,static,results,Results,Results_LLAMA31,LLAMA3-BWB-Results,simulator_output_LLAMA3-BWB_bwplacement_bs4_staticreq_statictask,SCRUBBED_TIME+LLAMA3-BWB_BMPD256_11_4_9
4,14,0,0,4,6,512,211.36,74.0902076,bw,static,static,results,Results,Results_LLAMA31,LLAMA3-BWB-Results,simulator_output_LLAMA3-BWB_bwplacement_bs4_staticreq_statictask,SCRUBBED_TIME+LLAMA3-BWB_BMPD512_14_4_6
4,7,0,0,7,10,512,354.32,74.14487835294118,bw,static,static,results,Results,Results_LLAMA31,LLAMA3-BWB-Results,simulator_output_LLAMA3-BWB_bwplacement_bs4_staticreq_statictask,SCRUBBED_TIME+LLAMA3-BWB_BMPD512_7_7_10
4,13,0,0,5,6,640,223.48,74.27541745454545,bw,static,static,results,Results,Results_LLAMA31,LLAMA3-BWB-Results,simulator_output_LLAMA3-BWB_bwplacement_bs4_staticreq_statictask,SCRUBBED_TIME+LLAMA3-BWB_BMPD640_13_5_6
4,15,0,0,3,6,384,163.52,74.31736133333332,bw,static,static,results,Results,Results_LLAMA31,LLAMA3-BWB-Results,simulator_output_LLAMA3-BWB_bwplacement_bs4_staticreq_statictask,SCRUBBED_TIME+LLAMA3-BWB_BMPD384_15_3_6
4,3,0,0,3,18,384,219.88,74.31736133333332,bw,static,static,results,Results,Results_LLAMA31,LLAMA3-BWB-Results,simulator_output_LLAMA3-BWB_bwplacement_bs4_staticreq_statictask,SCRUBBED_TIME+LLAMA3-BWB_BMPD384_3_3_18
4,14,0,0,3,7,256,112.96,74.4807788,bw,static,static,results,Results,Results_LLAMA31,LLAMA3-BWB-Results,simulator_output_LLAMA3-BWB_bwplacement_bs4_staticreq_statictask,SCRUBBED_TIME+LLAMA3-BWB_BMPD256_14_3_7
4,5,0,0,5,14,256,189.4,74.65127225,bw,static,static,results,Results,Results_LLAMA31,LLAMA3-BWB-Results,simulator_output_LLAMA3-BWB_bwplacement_bs4_staticreq_statictask,SCRUBBED_TIME+LLAMA3-BWB_BMPD256_5_5_14
4,8,0,0,5,11,256,189.96,74.65127225,bw,static,static,results,Results,Results_LLAMA31,LLAMA3-BWB-Results,simulator_output_LLAMA3-BWB_bwplacement_bs4_staticreq_statictask,SCRUBBED_TIME+LLAMA3-BWB_BMPD256_8_5_11
4,8,0,0,7,9,640,336.8,74.8141635,bw,static,static,results,Results,Results_LLAMA31,LLAMA3-BWB-Results,simulator_output_LLAMA3-BWB_bwplacement_bs4_staticreq_statictask,SCRUBBED_TIME+LLAMA3-BWB_BMPD640_8_7_9
4,5,0,0,7,12,640,364.24,74.817226,bw,static,static,results,Results,Results_LLAMA31,LLAMA3-BWB-Results,simulator_output_LLAMA3-BWB_bwplacement_bs4_staticreq_statictask,SCRUBBED_TIME+LLAMA3-BWB_BMPD640_5_7_12
4,9,0,0,5,10,384,252.56,74.81996053333333,bw,static,static,results,Results,Results_LLAMA31,LLAMA3-BWB-Results,simulator_output_LLAMA3-BWB_bwplacement_bs4_staticreq_statictask,SCRUBBED_TIME+LLAMA3-BWB_BMPD384_9_5_10
4,6,0,0,9,9,640,327.64,74.83634133333332,bw,static,static,results,Results,Results_LLAMA31,LLAMA3-BWB-Results,simulator_output_LLAMA3-BWB_bwplacement_bs4_staticreq_statictask,SCRUBBED_TIME+LLAMA3-BWB_BMPD640_6_9_9
4,6,0,0,6,12,384,342.04,74.88933088888889,bw,static,static,results,Results,Results_LLAMA31,LLAMA3-BWB-Results,simulator_output_LLAMA3-BWB_bwplacement_bs4_staticreq_statictask,SCRUBBED_TIME+LLAMA3-BWB_BMPD384_6_6_12
4,12,0,0,4,8,384,249.04,74.94372566666667,bw,static,static,results,Results,Results_LLAMA31,LLAMA3-BWB-Results,simulator_output_LLAMA3-BWB_bwplacement_bs4_staticreq_statictask,SCRUBBED_TIME+LLAMA3-BWB_BMPD384_12_4_8
4,8,0,0,6,10,512,288.56,76.916702,bw,static,static,results,Results,Results_LLAMA31,LLAMA3-BWB-Results,simulator_output_LLAMA3-BWB_bwplacement_bs4_staticreq_statictask,SCRUBBED_TIME+LLAMA3-BWB_BMPD512_8_6_10
4,5,0,0,6,13,512,313.72,76.916702,bw,static,static,results,Results,Results_LLAMA31,LLAMA3-BWB-Results,simulator_output_LLAMA3-BWB_bwplacement_bs4_staticreq_statictask,SCRUBBED_TIME+LLAMA3-BWB_BMPD512_5_6_13
4,16,0,0,3,5,512,147.24,77.0137335,bw,static,static,results,Results,Results_LLAMA31,LLAMA3-BWB-Results,simulator_output_LLAMA3-BWB_bwplacement_bs4_staticreq_statictask,SCRUBBED_TIME+LLAMA3-BWB_BMPD512_16_3_5
4,4,0,0,4,16,256,163.96,77.062344,bw,static,static,results,Results,Results_LLAMA31,LLAMA3-BWB-Results,simulator_output_LLAMA3-BWB_bwplacement_bs4_staticreq_statictask,SCRUBBED_TIME+LLAMA3-BWB_BMPD256_4_4_16
4,11,0,0,5,8,512,292.2,77.2833556923077,bw,static,static,results,Results,Results_LLAMA31,LLAMA3-BWB-Results,simulator_output_LLAMA3-BWB_bwplacement_bs4_staticreq_statictask,SCRUBBED_TIME+LLAMA3-BWB_BMPD512_11_5_8
4,11,0,0,6,7,640,257.64,77.391908,bw,static,static,results,Results,Results_LLAMA31,LLAMA3-BWB-Results,simulator_output_LLAMA3-BWB_bwplacement_bs4_staticreq_statictask,SCRUBBED_TIME+LLAMA3-BWB_BMPD640_11_6_7
4,6,0,0,7,11,512,369.48,77.63674022222223,bw,static,static,results,Results,Results_LLAMA31,LLAMA3-BWB-Results,simulator_output_LLAMA3-BWB_bwplacement_bs4_staticreq_statictask,SCRUBBED_TIME+LLAMA3-BWB_BMPD512_6_7_11
4,10,0,0,4,10,256,139.64,78.19225114285715,bw,static,static,results,Results,Results_LLAMA31,LLAMA3-BWB-Results,simulator_output_LLAMA3-BWB_bwplacement_bs4_staticreq_statictask,SCRUBBED_TIME+LLAMA3-BWB_BMPD256_10_4_10
4,10,0,0,6,8,640,322.0,78.49519,bw,static,static,results,Results,Results_LLAMA31,LLAMA3-BWB-Results,simulator_output_LLAMA3-BWB_bwplacement_bs4_staticreq_statictask,SCRUBBED_TIME+LLAMA3-BWB_BMPD640_10_6_8
4,4,0,0,6,14,640,298.8,78.49699714285715,bw,static,static,results,Results,Results_LLAMA31,LLAMA3-BWB-Results,simulator_output_LLAMA3-BWB_bwplacement_bs4_staticreq_statictask,SCRUBBED_TIME+LLAMA3-BWB_BMPD640_4_6_14
4,14,0,0,4,6,640,170.56,79.2166412,bw,static,static,results,Results,Results_LLAMA31,LLAMA3-BWB-Results,simulator_output_LLAMA3-BWB_bwplacement_bs4_staticreq_statictask,SCRUBBED_TIME+LLAMA3-BWB_BMPD640_14_4_6
4,7,0,0,5,12,256,157.76,79.65207435294117,bw,static,static,results,Results,Results_LLAMA31,LLAMA3-BWB-Results,simulator_output_LLAMA3-BWB_bwplacement_bs4_staticreq_statictask,SCRUBBED_TIME+LLAMA3-BWB_BMPD256_7_5_12
4,8,0,0,5,11,384,241.8,80.2970915,bw,static,static,results,Results,Results_LLAMA31,LLAMA3-BWB-Results,simulator_output_LLAMA3-BWB_bwplacement_bs4_staticreq_statictask,SCRUBBED_TIME+LLAMA3-BWB_BMPD384_8_5_11
4,5,0,0,5,14,384,235.76,80.2972415,bw,static,static,results,Results,Results_LLAMA31,LLAMA3-BWB-Results,simulator_output_LLAMA3-BWB_bwplacement_bs4_staticreq_statictask,SCRUBBED_TIME+LLAMA3-BWB_BMPD384_5_5_14
4,7,0,0,7,10,640,273.0,80.72566964705884,bw,static,static,results,Results,Results_LLAMA31,LLAMA3-BWB-Results,simulator_output_LLAMA3-BWB_bwplacement_bs4_staticreq_statictask,SCRUBBED_TIME+LLAMA3-BWB_BMPD640_7_7_10
4,11,0,0,4,9,384,197.0,80.89418061538461,bw,static,static,results,Results,Results_LLAMA31,LLAMA3-BWB-Results,simulator_output_LLAMA3-BWB_bwplacement_bs4_staticreq_statictask,SCRUBBED_TIME+LLAMA3-BWB_BMPD384_11_4_9
4,2,0,0,2,20,512,136.12,81.10232066666667,bw,static,static,results,Results,Results_LLAMA31,LLAMA3-BWB-Results,simulator_output_LLAMA3-BWB_bwplacement_bs4_staticreq_statictask,SCRUBBED_TIME+LLAMA3-BWB_BMPD512_2_2_20
4,12,0,0,5,7,640,201.0,81.14272066666668,bw,static,static,results,Results,Results_LLAMA31,LLAMA3-BWB-Results,simulator_output_LLAMA3-BWB_bwplacement_bs4_staticreq_statictask,SCRUBBED_TIME+LLAMA3-BWB_BMPD640_12_5_7
4,13,0,0,4,7,512,180.84,81.15999745454545,bw,static,static,results,Results,Results_LLAMA31,LLAMA3-BWB-Results,simulator_output_LLAMA3-BWB_bwplacement_bs4_staticreq_statictask,SCRUBBED_TIME+LLAMA3-BWB_BMPD512_13_4_7
4,14,0,0,3,7,384,138.04,81.89429159999999,bw,static,static,results,Results,Results_LLAMA31,LLAMA3-BWB-Results,simulator_output_LLAMA3-BWB_bwplacement_bs4_staticreq_statictask,SCRUBBED_TIME+LLAMA3-BWB_BMPD384_14_3_7
4,16,0,0,3,5,640,117.88,82.1428635,bw,static,static,results,Results,Results_LLAMA31,LLAMA3-BWB-Results,simulator_output_LLAMA3-BWB_bwplacement_bs4_staticreq_statictask,SCRUBBED_TIME+LLAMA3-BWB_BMPD640_16_3_5
4,7,0,0,6,11,512,274.36,82.17024894117647,bw,static,static,results,Results,Results_LLAMA31,LLAMA3-BWB-Results,simulator_output_LLAMA3-BWB_bwplacement_bs4_staticreq_statictask,SCRUBBED_TIME+LLAMA3-BWB_BMPD512_7_6_11
4,13,0,0,3,8,256,101.92,82.73344436363637,bw,static,static,results,Results,Results_LLAMA31,LLAMA3-BWB-Results,simulator_output_LLAMA3-BWB_bwplacement_bs4_staticreq_statictask,SCRUBBED_TIME+LLAMA3-BWB_BMPD256_13_3_8
4,4,0,0,5,15,512,238.36,83.00041,bw,static,static,results,Results,Results_LLAMA31,LLAMA3-BWB-Results,simulator_output_LLAMA3-BWB_bwplacement_bs4_staticreq_statictask,SCRUBBED_TIME+LLAMA3-BWB_BMPD512_4_5_15
4,10,0,0,5,9,512,243.88,83.00041,bw,static,static,results,Results,Results_LLAMA31,LLAMA3-BWB-Results,simulator_output_LLAMA3-BWB_bwplacement_bs4_staticreq_statictask,SCRUBBED_TIME+LLAMA3-BWB_BMPD512_10_5_9
4,6,0,0,7,11,640,283.88,83.11206355555555,bw,static,static,results,Results,Results_LLAMA31,LLAMA3-BWB-Results,simulator_output_LLAMA3-BWB_bwplacement_bs4_staticreq_statictask,SCRUBBED_TIME+LLAMA3-BWB_BMPD640_6_7_11
4,6,0,0,5,13,256,131.16,83.13863577777778,bw,static,static,results,Results,Results_LLAMA31,LLAMA3-BWB-Results,simulator_output_LLAMA3-BWB_bwplacement_bs4_staticreq_statictask,SCRUBBED_TIME+LLAMA3-BWB_BMPD256_6_5_13
4,9,0,0,4,11,256,127.12,83.53439440000001,bw,static,static,results,Results,Results_LLAMA31,LLAMA3-BWB-Results,simulator_output_LLAMA3-BWB_bwplacement_bs4_staticreq_statictask,SCRUBBED_TIME+LLAMA3-BWB_BMPD256_9_4_11
4,9,0,0,6,9,640,266.96,84.02055226666667,bw,static,static,results,Results,Results_LLAMA31,LLAMA3-BWB-Results,simulator_output_LLAMA3-BWB_bwplacement_bs4_staticreq_statictask,SCRUBBED_TIME+LLAMA3-BWB_BMPD640_9_6_9
4,8,0,0,6,10,640,221.28,84.09034566666668,bw,static,static,results,Results,Results_LLAMA31,LLAMA3-BWB-Results,simulator_output_LLAMA3-BWB_bwplacement_bs4_staticreq_statictask,SCRUBBED_TIME+LLAMA3-BWB_BMPD640_8_6_10
4,5,0,0,6,13,640,228.48,84.09126233333333,bw,static,static,results,Results,Results_LLAMA31,LLAMA3-BWB-Results,simulator_output_LLAMA3-BWB_bwplacement_bs4_staticreq_statictask,SCRUBBED_TIME+LLAMA3-BWB_BMPD640_5_6_13
4,7,0,0,6,11,640,196.56,84.8080412,bw,static,static,results,Results,Results_LLAMA31,LLAMA3-BWB-Results,simulator_output_LLAMA3-BWB_bwplacement_bs4_staticreq_statictask,SCRUBBED_TIME+LLAMA3-BWB_BMPD640_7_6_11
4,4,0,0,4,16,384,185.44,85.53920628571429,bw,static,static,results,Results,Results_LLAMA31,LLAMA3-BWB-Results,simulator_output_LLAMA3-BWB_bwplacement_bs4_staticreq_statictask,SCRUBBED_TIME+LLAMA3-BWB_BMPD384_4_4_16
4,7,0,0,5,12,384,186.0,85.79990376470589,bw,static,static,results,Results,Results_LLAMA31,LLAMA3-BWB-Results,simulator_output_LLAMA3-BWB_bwplacement_bs4_staticreq_statictask,SCRUBBED_TIME+LLAMA3-BWB_BMPD384_7_5_12
4,13,0,0,4,7,640,144.68,85.802672,bw,static,static,results,Results,Results_LLAMA31,LLAMA3-BWB-Results,simulator_output_LLAMA3-BWB_bwplacement_bs4_staticreq_statictask,SCRUBBED_TIME+LLAMA3-BWB_BMPD640_13_4_7
4,6,0,0,6,12,640,160.12,85.8228471111111,bw,static,static,results,Results,Results_LLAMA31,LLAMA3-BWB-Results,simulator_output_LLAMA3-BWB_bwplacement_bs4_staticreq_statictask,SCRUBBED_TIME+LLAMA3-BWB_BMPD640_6_6_12
4,6,0,0,6,12,512,226.76,85.87034022222223,bw,static,static,results,Results,Results_LLAMA31,LLAMA3-BWB-Results,simulator_output_LLAMA3-BWB_bwplacement_bs4_staticreq_statictask,SCRUBBED_TIME+LLAMA3-BWB_BMPD512_6_6_12
4,10,0,0,4,10,384,158.44,85.94220628571428,bw,static,static,results,Results,Results_LLAMA31,LLAMA3-BWB-Results,simulator_output_LLAMA3-BWB_bwplacement_bs4_staticreq_statictask,SCRUBBED_TIME+LLAMA3-BWB_BMPD384_10_4_10
4,9,0,0,5,10,512,210.84,86.3837752,bw,static,static,results,Results,Results_LLAMA31,LLAMA3-BWB-Results,simulator_output_LLAMA3-BWB_bwplacement_bs4_staticreq_statictask,SCRUBBED_TIME+LLAMA3-BWB_BMPD512_9_5_10
4,11,0,0,5,8,640,206.48,86.62627723076923,bw,static,static,results,Results,Results_LLAMA31,LLAMA3-BWB-Results,simulator_output_LLAMA3-BWB_bwplacement_bs4_staticreq_statictask,SCRUBBED_TIME+LLAMA3-BWB_BMPD640_11_5_8
4,15,0,0,3,6,512,102.56,86.81578133333333,bw,static,static,results,Results,Results_LLAMA31,LLAMA3-BWB-Results,simulator_output_LLAMA3-BWB_bwplacement_bs4_staticreq_statictask,SCRUBBED_TIME+LLAMA3-BWB_BMPD512_15_3_6
4,3,0,0,3,18,512,141.16,86.81597022222222,bw,static,static,results,Results,Results_LLAMA31,LLAMA3-BWB-Results,simulator_output_LLAMA3-BWB_bwplacement_bs4_staticreq_statictask,SCRUBBED_TIME+LLAMA3-BWB_BMPD512_3_3_18
4,12,0,0,4,8,512,164.84,87.056082,bw,static,static,results,Results,Results_LLAMA31,LLAMA3-BWB-Results,simulator_output_LLAMA3-BWB_bwplacement_bs4_staticreq_statictask,SCRUBBED_TIME+LLAMA3-BWB_BMPD512_12_4_8
4,5,0,0,4,15,256,105.56,87.3394785,bw,static,static,results,Results,Results_LLAMA31,LLAMA3-BWB-Results,simulator_output_LLAMA3-BWB_bwplacement_bs4_staticreq_statictask,SCRUBBED_TIME+LLAMA3-BWB_BMPD256_5_4_15
4,16,0,0,2,6,256,46.64,87.7727635,bw,static,static,results,Results,Results_LLAMA31,LLAMA3-BWB-Results,simulator_output_LLAMA3-BWB_bwplacement_bs4_staticreq_statictask,SCRUBBED_TIME+LLAMA3-BWB_BMPD256_16_2_6
4,8,0,0,4,12,256,102.36,87.87982225,bw,static,static,results,Results,Results_LLAMA31,LLAMA3-BWB-Results,simulator_output_LLAMA3-BWB_bwplacement_bs4_staticreq_statictask,SCRUBBED_TIME+LLAMA3-BWB_BMPD256_8_4_12
4,10,0,0,5,9,640,157.76,88.49122654545455,bw,static,static,results,Results,Results_LLAMA31,LLAMA3-BWB-Results,simulator_output_LLAMA3-BWB_bwplacement_bs4_staticreq_statictask,SCRUBBED_TIME+LLAMA3-BWB_BMPD640_10_5_9
4,4,0,0,5,15,640,142.96,88.49240836363636,bw,static,static,results,Results,Results_LLAMA31,LLAMA3-BWB-Results,simulator_output_LLAMA3-BWB_bwplacement_bs4_staticreq_statictask,SCRUBBED_TIME+LLAMA3-BWB_BMPD640_4_5_15
4,2,0,0,2,20,640,83.52,88.67251933333333,bw,static,static,results,Results,Results_LLAMA31,LLAMA3-BWB-Results,simulator_output_LLAMA3-BWB_bwplacement_bs4_staticreq_statictask,SCRUBBED_TIME+LLAMA3-BWB_BMPD640_2_2_20
4,8,0,0,5,11,512,155.92,88.88652472727273,bw,static,static,results,Results,Results_LLAMA31,LLAMA3-BWB-Results,simulator_output_LLAMA3-BWB_bwplacement_bs4_staticreq_statictask,SCRUBBED_TIME+LLAMA3-BWB_BMPD512_8_5_11
4,5,0,0,5,14,512,144.0,88.88758836363635,bw,static,static,results,Results,Results_LLAMA31,LLAMA3-BWB-Results,simulator_output_LLAMA3-BWB_bwplacement_bs4_staticreq_statictask,SCRUBBED_TIME+LLAMA3-BWB_BMPD512_5_5_14
4,9,0,0,5,10,640,111.04,89.0924635,bw,static,static,results,Results,Results_LLAMA31,LLAMA3-BWB-Results,simulator_output_LLAMA3-BWB_bwplacement_bs4_staticreq_statictask,SCRUBBED_TIME+LLAMA3-BWB_BMPD640_9_5_10
4,6,0,0,5,13,384,142.56,89.51444755555555,bw,static,static,results,Results,Results_LLAMA31,LLAMA3-BWB-Results,simulator_output_LLAMA3-BWB_bwplacement_bs4_staticreq_statictask,SCRUBBED_TIME+LLAMA3-BWB_BMPD384_6_5_13
4,7,0,0,5,12,512,107.44,89.8651335,bw,static,static,results,Results,Results_LLAMA31,LLAMA3-BWB-Results,simulator_output_LLAMA3-BWB_bwplacement_bs4_staticreq_statictask,SCRUBBED_TIME+LLAMA3-BWB_BMPD512_7_5_12
4,13,0,0,3,8,384,97.88,89.99665854545455,bw,static,static,results,Results,Results_LLAMA31,LLAMA3-BWB-Results,simulator_output_LLAMA3-BWB_bwplacement_bs4_staticreq_statictask,SCRUBBED_TIME+LLAMA3-BWB_BMPD384_13_3_8
4,6,0,0,5,13,512,80.48,90.00443733333333,bw,static,static,results,Results,Results_LLAMA31,LLAMA3-BWB-Results,simulator_output_LLAMA3-BWB_bwplacement_bs4_staticreq_statictask,SCRUBBED_TIME+LLAMA3-BWB_BMPD512_6_5_13
4,12,0,0,3,9,256,59.24,90.03441866666667,bw,static,static,results,Results,Results_LLAMA31,LLAMA3-BWB-Results,simulator_output_LLAMA3-BWB_bwplacement_bs4_staticreq_statictask,SCRUBBED_TIME+LLAMA3-BWB_BMPD256_12_3_9
4,9,0,0,4,11,384,128.48,90.6300072,bw,static,static,results,Results,Results_LLAMA31,LLAMA3-BWB-Results,simulator_output_LLAMA3-BWB_bwplacement_bs4_staticreq_statictask,SCRUBBED_TIME+LLAMA3-BWB_BMPD384_9_4_11
4,12,0,0,4,8,640,123.0,91.34969927272726,bw,static,static,results,Results,Results_LLAMA31,LLAMA3-BWB-Results,simulator_output_LLAMA3-BWB_bwplacement_bs4_staticreq_statictask,SCRUBBED_TIME+LLAMA3-BWB_BMPD640_12_4_8
4,4,0,0,4,16,512,67.16,91.45238733333332,bw,static,static,results,Results,Results_LLAMA31,LLAMA3-BWB-Results,simulator_output_LLAMA3-BWB_bwplacement_bs4_staticreq_statictask,SCRUBBED_TIME+LLAMA3-BWB_BMPD512_4_4_16
4,8,0,0,4,12,384,65.28,92.2989085,bw,static,static,results,Results,Results_LLAMA31,LLAMA3-BWB-Results,simulator_output_LLAMA3-BWB_bwplacement_bs4_staticreq_statictask,SCRUBBED_TIME+LLAMA3-BWB_BMPD384_8_4_12
4,5,0,0,5,14,640,58.96,92.688886,bw,static,static,results,Results,Results_LLAMA31,LLAMA3-BWB-Results,simulator_output_LLAMA3-BWB_bwplacement_bs4_staticreq_statictask,SCRUBBED_TIME+LLAMA3-BWB_BMPD640_5_5_14
4,8,0,0,5,11,640,60.96,92.688886,bw,static,static,results,Results,Results_LLAMA31,LLAMA3-BWB-Results,simulator_output_LLAMA3-BWB_bwplacement_bs4_staticreq_statictask,SCRUBBED_TIME+LLAMA3-BWB_BMPD640_8_5_11
4,11,0,0,4,9,512,105.12,92.82639866666668,bw,static,static,results,Results,Results_LLAMA31,LLAMA3-BWB-Results,simulator_output_LLAMA3-BWB_bwplacement_bs4_staticreq_statictask,SCRUBBED_TIME+LLAMA3-BWB_BMPD512_11_4_9
4,7,0,0,4,13,256,54.6,92.86521630769232,bw,static,static,results,Results,Results_LLAMA31,LLAMA3-BWB-Results,simulator_output_LLAMA3-BWB_bwplacement_bs4_staticreq_statictask,SCRUBBED_TIME+LLAMA3-BWB_BMPD256_7_4_13
4,7,0,0,5,12,640,39.28,93.008568,bw,static,static,results,Results,Results_LLAMA31,LLAMA3-BWB-Results,simulator_output_LLAMA3-BWB_bwplacement_bs4_staticreq_statictask,SCRUBBED_TIME+LLAMA3-BWB_BMPD640_7_5_12
4,10,0,0,4,10,512,68.84,93.357296,bw,static,static,results,Results,Results_LLAMA31,LLAMA3-BWB-Results,simulator_output_LLAMA3-BWB_bwplacement_bs4_staticreq_statictask,SCRUBBED_TIME+LLAMA3-BWB_BMPD512_10_4_10
4,6,0,0,4,14,256,34.64,93.512051,bw,static,static,results,Results,Results_LLAMA31,LLAMA3-BWB-Results,simulator_output_LLAMA3-BWB_bwplacement_bs4_staticreq_statictask,SCRUBBED_TIME+LLAMA3-BWB_BMPD256_6_4_14
4,5,0,0,4,15,384,55.0,93.582921,bw,static,static,results,Results,Results_LLAMA31,LLAMA3-BWB-Results,simulator_output_LLAMA3-BWB_bwplacement_bs4_staticreq_statictask,SCRUBBED_TIME+LLAMA3-BWB_BMPD384_5_4_15
4,4,0,0,4,16,640,17.96,93.793788,bw,static,static,results,Results,Results_LLAMA31,LLAMA3-BWB-Results,simulator_output_LLAMA3-BWB_bwplacement_bs4_staticreq_statictask,SCRUBBED_TIME+LLAMA3-BWB_BMPD640_4_4_16
4,6,0,0,5,13,640,17.84,93.845738,bw,static,static,results,Results,Results_LLAMA31,LLAMA3-BWB-Results,simulator_output_LLAMA3-BWB_bwplacement_bs4_staticreq_statictask,SCRUBBED_TIME+LLAMA3-BWB_BMPD640_6_5_13
4,15,0,0,3,6,640,48.32,94.517326,bw,static,static,results,Results,Results_LLAMA31,LLAMA3-BWB-Results,simulator_output_LLAMA3-BWB_bwplacement_bs4_staticreq_statictask,SCRUBBED_TIME+LLAMA3-BWB_BMPD640_15_3_6
4,3,0,0,3,18,640,57.72,94.517376,bw,static,static,results,Results,Results_LLAMA31,LLAMA3-BWB-Results,simulator_output_LLAMA3-BWB_bwplacement_bs4_staticreq_statictask,SCRUBBED_TIME+LLAMA3-BWB_BMPD640_3_3_18
4,11,0,0,4,9,640,44.6,94.57290266666668,bw,static,static,results,Results,Results_LLAMA31,LLAMA3-BWB-Results,simulator_output_LLAMA3-BWB_bwplacement_bs4_staticreq_statictask,SCRUBBED_TIME+LLAMA3-BWB_BMPD640_11_4_9
4,9,0,0,4,11,512,22.36,94.82317866666668,bw,static,static,results,Results,Results_LLAMA31,LLAMA3-BWB-Results,simulator_output_LLAMA3-BWB_bwplacement_bs4_staticreq_statictask,SCRUBBED_TIME+LLAMA3-BWB_BMPD512_9_4_11
4,14,0,0,3,7,512,48.36,95.5064176,bw,static,static,results,Results,Results_LLAMA31,LLAMA3-BWB-Results,simulator_output_LLAMA3-BWB_bwplacement_bs4_staticreq_statictask,SCRUBBED_TIME+LLAMA3-BWB_BMPD512_14_3_7
4,7,0,0,4,13,384,18.64,96.054277,bw,static,static,results,Results,Results_LLAMA31,LLAMA3-BWB-Results,simulator_output_LLAMA3-BWB_bwplacement_bs4_staticreq_statictask,SCRUBBED_TIME+LLAMA3-BWB_BMPD384_7_4_13
4,11,0,0,3,10,256,20.08,96.32759777777778,bw,static,static,results,Results,Results_LLAMA31,LLAMA3-BWB-Results,simulator_output_LLAMA3-BWB_bwplacement_bs4_staticreq_statictask,SCRUBBED_TIME+LLAMA3-BWB_BMPD256_11_3_10
4,5,0,0,4,15,512,10.2,96.460176,bw,static,static,results,Results,Results_LLAMA31,LLAMA3-BWB-Results,simulator_output_LLAMA3-BWB_bwplacement_bs4_staticreq_statictask,SCRUBBED_TIME+LLAMA3-BWB_BMPD512_5_4_15
4,16,0,0,2,6,384,24.92,96.5018335,bw,static,static,results,Results,Results_LLAMA31,LLAMA3-BWB-Results,simulator_output_LLAMA3-BWB_bwplacement_bs4_staticreq_statictask,SCRUBBED_TIME+LLAMA3-BWB_BMPD384_16_2_6
4,12,0,0,3,9,384,28.0,96.5679335,bw,static,static,results,Results,Results_LLAMA31,LLAMA3-BWB-Results,simulator_output_LLAMA3-BWB_bwplacement_bs4_staticreq_statictask,SCRUBBED_TIME+LLAMA3-BWB_BMPD384_12_3_9
4,10,0,0,4,10,640,12.72,97.02630266666668,bw,static,static,results,Results,Results_LLAMA31,LLAMA3-BWB-Results,simulator_output_LLAMA3-BWB_bwplacement_bs4_staticreq_statictask,SCRUBBED_TIME+LLAMA3-BWB_BMPD640_10_4_10
4,6,0,0,4,14,384,8.64,97.58129466666666,bw,static,static,results,Results,Results_LLAMA31,LLAMA3-BWB-Results,simulator_output_LLAMA3-BWB_bwplacement_bs4_staticreq_statictask,SCRUBBED_TIME+LLAMA3-BWB_BMPD384_6_4_14
4,15,0,0,2,7,256,6.52,97.9590072,bw,static,static,results,Results,Results_LLAMA31,LLAMA3-BWB-Results,simulator_output_LLAMA3-BWB_bwplacement_bs4_staticreq_statictask,SCRUBBED_TIME+LLAMA3-BWB_BMPD256_15_2_7
4,3,0,0,2,19,256,7.0,97.9590072,bw,static,static,results,Results,Results_LLAMA31,LLAMA3-BWB-Results,simulator_output_LLAMA3-BWB_bwplacement_bs4_staticreq_statictask,SCRUBBED_TIME+LLAMA3-BWB_BMPD256_3_2_19
4,14,0,0,3,7,640,4.08,98.533388,bw,static,static,results,Results,Results_LLAMA31,LLAMA3-BWB-Results,simulator_output_LLAMA3-BWB_bwplacement_bs4_staticreq_statictask,SCRUBBED_TIME+LLAMA3-BWB_BMPD640_14_3_7
4,8,0,0,4,12,512,3.36,98.818326,bw,static,static,results,Results,Results_LLAMA31,LLAMA3-BWB-Results,simulator_output_LLAMA3-BWB_bwplacement_bs4_staticreq_statictask,SCRUBBED_TIME+LLAMA3-BWB_BMPD512_8_4_12
4,4,0,0,3,17,256,1.48,98.960014,bw,static,static,results,Results,Results_LLAMA31,LLAMA3-BWB-Results,simulator_output_LLAMA3-BWB_bwplacement_bs4_staticreq_statictask,SCRUBBED_TIME+LLAMA3-BWB_BMPD256_4_3_17
4,10,0,0,3,11,256,0.32,99.562724,bw,static,static,results,Results,Results_LLAMA31,LLAMA3-BWB-Results,simulator_output_LLAMA3-BWB_bwplacement_bs4_staticreq_statictask,SCRUBBED_TIME+LLAMA3-BWB_BMPD256_10_3_11
4,9,0,0,4,11,640,0.08,99.938828,bw,static,static,results,Results,Results_LLAMA31,LLAMA3-BWB-Results,simulator_output_LLAMA3-BWB_bwplacement_bs4_staticreq_statictask,SCRUBBED_TIME+LLAMA3-BWB_BMPD640_9_4_11
4,13,0,0,3,8,512,0.04,99.944608,bw,static,static,results,Results,Results_LLAMA31,LLAMA3-BWB-Results,simulator_output_LLAMA3-BWB_bwplacement_bs4_staticreq_statictask,SCRUBBED_TIME+LLAMA3-BWB_BMPD512_13_3_8
4,3,0,0,1,20,256,0.0,,bw,static,static,results,Results,Results_LLAMA31,LLAMA3-BWB-Results,simulator_output_LLAMA3-BWB_bwplacement_bs4_staticreq_statictask,SCRUBBED_TIME+LLAMA3-BWB_BMPD256_3_1_20
4,2,0,0,1,21,256,0.0,,bw,static,static,results,Results,Results_LLAMA31,LLAMA3-BWB-Results,simulator_output_LLAMA3-BWB_bwplacement_bs4_staticreq_statictask,SCRUBBED_TIME+LLAMA3-BWB_BMPD256_2_1_21
4,4,0,0,1,19,256,0.0,,bw,static,static,results,Results,Results_LLAMA31,LLAMA3-BWB-Results,simulator_output_LLAMA3-BWB_bwplacement_bs4_staticreq_statictask,SCRUBBED_TIME+LLAMA3-BWB_BMPD256_4_1_19
4,4,0,0,2,18,256,0.0,,bw,static,static,results,Results,Results_LLAMA31,LLAMA3-BWB-Results,simulator_output_LLAMA3-BWB_bwplacement_bs4_staticreq_statictask,SCRUBBED_TIME+LLAMA3-BWB_BMPD256_4_2_18
4,5,0,0,3,16,256,0.0,,bw,static,static,results,Results,Results_LLAMA31,LLAMA3-BWB-Results,simulator_output_LLAMA3-BWB_bwplacement_bs4_staticreq_statictask,SCRUBBED_TIME+LLAMA3-BWB_BMPD256_5_3_16
4,5,0,0,1,18,256,0.0,,bw,static,static,results,Results,Results_LLAMA31,LLAMA3-BWB-Results,simulator_output_LLAMA3-BWB_bwplacement_bs4_staticreq_statictask,SCRUBBED_TIME+LLAMA3-BWB_BMPD256_5_1_18
4,5,0,0,2,17,256,0.0,,bw,static,static,results,Results,Results_LLAMA31,LLAMA3-BWB-Results,simulator_output_LLAMA3-BWB_bwplacement_bs4_staticreq_statictask,SCRUBBED_TIME+LLAMA3-BWB_BMPD256_5_2_17
4,6,0,0,1,17,256,0.0,,bw,static,static,results,Results,Results_LLAMA31,LLAMA3-BWB-Results,simulator_output_LLAMA3-BWB_bwplacement_bs4_staticreq_statictask,SCRUBBED_TIME+LLAMA3-BWB_BMPD256_6_1_17
4,6,0,0,2,16,256,0.0,,bw,static,static,results,Results,Results_LLAMA31,LLAMA3-BWB-Results,simulator_output_LLAMA3-BWB_bwplacement_bs4_staticreq_statictask,SCRUBBED_TIME+LLAMA3-BWB_BMPD256_6_2_16
4,6,0,0,3,15,256,0.0,,bw,static,static,results,Results,Results_LLAMA31,LLAMA3-BWB-Results,simulator_output_LLAMA3-BWB_bwplacement_bs4_staticreq_statictask,SCRUBBED_TIME+LLAMA3-BWB_BMPD256_6_3_15
4,7,0,0,1,16,256,0.0,,bw,static,static,results,Results,Results_LLAMA31,LLAMA3-BWB-Results,simulator_output_LLAMA3-BWB_bwplacement_bs4_staticreq_statictask,SCRUBBED_TIME+LLAMA3-BWB_BMPD256_7_1_16
4,7,0,0,2,15,256,0.0,,bw,static,static,results,Results,Results_LLAMA31,LLAMA3-BWB-Results,simulator_output_LLAMA3-BWB_bwplacement_bs4_staticreq_statictask,SCRUBBED_TIME+LLAMA3-BWB_BMPD256_7_2_15
4,7,0,0,3,14,256,0.0,,bw,static,static,results,Results,Results_LLAMA31,LLAMA3-BWB-Results,simulator_output_LLAMA3-BWB_bwplacement_bs4_staticreq_statictask,SCRUBBED_TIME+LLAMA3-BWB_BMPD256_7_3_14
4,8,0,0,1,15,256,0.0,,bw,static,static,results,Results,Results_LLAMA31,LLAMA3-BWB-Results,simulator_output_LLAMA3-BWB_bwplacement_bs4_staticreq_statictask,SCRUBBED_TIME+LLAMA3-BWB_BMPD256_8_1_15
4,8,0,0,2,14,256,0.0,,bw,static,static,results,Results,Results_LLAMA31,LLAMA3-BWB-Results,simulator_output_LLAMA3-BWB_bwplacement_bs4_staticreq_statictask,SCRUBBED_TIME+LLAMA3-BWB_BMPD256_8_2_14
4,8,0,0,3,13,256,0.0,,bw,static,static,results,Results,Results_LLAMA31,LLAMA3-BWB-Results,simulator_output_LLAMA3-BWB_bwplacement_bs4_staticreq_statictask,SCRUBBED_TIME+LLAMA3-BWB_BMPD256_8_3_13
4,9,0,0,1,14,256,0.0,,bw,static,static,results,Results,Results_LLAMA31,LLAMA3-BWB-Results,simulator_output_LLAMA3-BWB_bwplacement_bs4_staticreq_statictask,SCRUBBED_TIME+LLAMA3-BWB_BMPD256_9_1_14
4,9,0,0,2,13,256,0.0,,bw,static,static,results,Results,Results_LLAMA31,LLAMA3-BWB-Results,simulator_output_LLAMA3-BWB_bwplacement_bs4_staticreq_statictask,SCRUBBED_TIME+LLAMA3-BWB_BMPD256_9_2_13
4,9,0,0,3,12,256,0.0,,bw,static,static,results,Results,Results_LLAMA31,LLAMA3-BWB-Results,simulator_output_LLAMA3-BWB_bwplacement_bs4_staticreq_statictask,SCRUBBED_TIME+LLAMA3-BWB_BMPD256_9_3_12
4,10,0,0,1,13,256,0.0,,bw,static,static,results,Results,Results_LLAMA31,LLAMA3-BWB-Results,simulator_output_LLAMA3-BWB_bwplacement_bs4_staticreq_statictask,SCRUBBED_TIME+LLAMA3-BWB_BMPD256_10_1_13
4,10,0,0,2,12,256,0.0,,bw,static,static,results,Results,Results_LLAMA31,LLAMA3-BWB-Results,simulator_output_LLAMA3-BWB_bwplacement_bs4_staticreq_statictask,SCRUBBED_TIME+LLAMA3-BWB_BMPD256_10_2_12
4,11,0,0,1,12,256,0.0,,bw,static,static,results,Results,Results_LLAMA31,LLAMA3-BWB-Results,simulator_output_LLAMA3-BWB_bwplacement_bs4_staticreq_statictask,SCRUBBED_TIME+LLAMA3-BWB_BMPD256_11_1_12
4,11,0,0,2,11,256,0.0,,bw,static,static,results,Results,Results_LLAMA31,LLAMA3-BWB-Results,simulator_output_LLAMA3-BWB_bwplacement_bs4_staticreq_statictask,SCRUBBED_TIME+LLAMA3-BWB_BMPD256_11_2_11
4,12,0,0,1,11,256,0.0,,bw,static,static,results,Results,Results_LLAMA31,LLAMA3-BWB-Results,simulator_output_LLAMA3-BWB_bwplacement_bs4_staticreq_statictask,SCRUBBED_TIME+LLAMA3-BWB_BMPD256_12_1_11
4,12,0,0,2,10,256,0.0,,bw,static,static,results,Results,Results_LLAMA31,LLAMA3-BWB-Results,simulator_output_LLAMA3-BWB_bwplacement_bs4_staticreq_statictask,SCRUBBED_TIME+LLAMA3-BWB_BMPD256_12_2_10
4,13,0,0,1,10,256,0.0,,bw,static,static,results,Results,Results_LLAMA31,LLAMA3-BWB-Results,simulator_output_LLAMA3-BWB_bwplacement_bs4_staticreq_statictask,SCRUBBED_TIME+LLAMA3-BWB_BMPD256_13_1_10
4,13,0,0,2,9,256,0.0,,bw,static,static,results,Results,Results_LLAMA31,LLAMA3-BWB-Results,simulator_output_LLAMA3-BWB_bwplacement_bs4_staticreq_statictask,SCRUBBED_TIME+LLAMA3-BWB_BMPD256_13_2_9
4,14,0,0,1,9,256,0.0,,bw,static,static,results,Results,Results_LLAMA31,LLAMA3-BWB-Results,simulator_output_LLAMA3-BWB_bwplacement_bs4_staticreq_statictask,SCRUBBED_TIME+LLAMA3-BWB_BMPD256_14_1_9
4,14,0,0,2,8,256,0.0,,bw,static,static,results,Results,Results_LLAMA31,LLAMA3-BWB-Results,simulator_output_LLAMA3-BWB_bwplacement_bs4_staticreq_statictask,SCRUBBED_TIME+LLAMA3-BWB_BMPD256_14_2_8
4,15,0,0,1,8,256,0.0,,bw,static,static,results,Results,Results_LLAMA31,LLAMA3-BWB-Results,simulator_output_LLAMA3-BWB_bwplacement_bs4_staticreq_statictask,SCRUBBED_TIME+LLAMA3-BWB_BMPD256_15_1_8
4,16,0,0,1,7,256,0.0,,bw,static,static,results,Results,Results_LLAMA31,LLAMA3-BWB-Results,simulator_output_LLAMA3-BWB_bwplacement_bs4_staticreq_statictask,SCRUBBED_TIME+LLAMA3-BWB_BMPD256_16_1_7
4,2,0,0,1,21,384,0.0,,bw,static,static,results,Results,Results_LLAMA31,LLAMA3-BWB-Results,simulator_output_LLAMA3-BWB_bwplacement_bs4_staticreq_statictask,SCRUBBED_TIME+LLAMA3-BWB_BMPD384_2_1_21
4,3,0,0,2,19,384,0.0,,bw,static,static,results,Results,Results_LLAMA31,LLAMA3-BWB-Results,simulator_output_LLAMA3-BWB_bwplacement_bs4_staticreq_statictask,SCRUBBED_TIME+LLAMA3-BWB_BMPD384_3_2_19
4,3,0,0,1,20,384,0.0,,bw,static,static,results,Results,Results_LLAMA31,LLAMA3-BWB-Results,simulator_output_LLAMA3-BWB_bwplacement_bs4_staticreq_statictask,SCRUBBED_TIME+LLAMA3-BWB_BMPD384_3_1_20
4,4,0,0,1,19,384,0.0,,bw,static,static,results,Results,Results_LLAMA31,LLAMA3-BWB-Results,simulator_output_LLAMA3-BWB_bwplacement_bs4_staticreq_statictask,SCRUBBED_TIME+LLAMA3-BWB_BMPD384_4_1_19
4,4,0,0,2,18,384,0.0,,bw,static,static,results,Results,Results_LLAMA31,LLAMA3-BWB-Results,simulator_output_LLAMA3-BWB_bwplacement_bs4_staticreq_statictask,SCRUBBED_TIME+LLAMA3-BWB_BMPD384_4_2_18
4,4,0,0,3,17,384,0.0,,bw,static,static,results,Results,Results_LLAMA31,LLAMA3-BWB-Results,simulator_output_LLAMA3-BWB_bwplacement_bs4_staticreq_statictask,SCRUBBED_TIME+LLAMA3-BWB_BMPD384_4_3_17
4,5,0,0,1,18,384,0.0,,bw,static,static,results,Results,Results_LLAMA31,LLAMA3-BWB-Results,simulator_output_LLAMA3-BWB_bwplacement_bs4_staticreq_statictask,SCRUBBED_TIME+LLAMA3-BWB_BMPD384_5_1_18
4,5,0,0,2,17,384,0.0,,bw,static,static,results,Results,Results_LLAMA31,LLAMA3-BWB-Results,simulator_output_LLAMA3-BWB_bwplacement_bs4_staticreq_statictask,SCRUBBED_TIME+LLAMA3-BWB_BMPD384_5_2_17
4,5,0,0,3,16,384,0.0,,bw,static,static,results,Results,Results_LLAMA31,LLAMA3-BWB-Results,simulator_output_LLAMA3-BWB_bwplacement_bs4_staticreq_statictask,SCRUBBED_TIME+LLAMA3-BWB_BMPD384_5_3_16
4,6,0,0,1,17,384,0.0,,bw,static,static,results,Results,Results_LLAMA31,LLAMA3-BWB-Results,simulator_output_LLAMA3-BWB_bwplacement_bs4_staticreq_statictask,SCRUBBED_TIME+LLAMA3-BWB_BMPD384_6_1_17
4,6,0,0,2,16,384,0.0,,bw,static,static,results,Results,Results_LLAMA31,LLAMA3-BWB-Results,simulator_output_LLAMA3-BWB_bwplacement_bs4_staticreq_statictask,SCRUBBED_TIME+LLAMA3-BWB_BMPD384_6_2_16
4,6,0,0,3,15,384,0.0,,bw,static,static,results,Results,Results_LLAMA31,LLAMA3-BWB-Results,simulator_output_LLAMA3-BWB_bwplacement_bs4_staticreq_statictask,SCRUBBED_TIME+LLAMA3-BWB_BMPD384_6_3_15
4,7,0,0,1,16,384,0.0,,bw,static,static,results,Results,Results_LLAMA31,LLAMA3-BWB-Results,simulator_output_LLAMA3-BWB_bwplacement_bs4_staticreq_statictask,SCRUBBED_TIME+LLAMA3-BWB_BMPD384_7_1_16
4,7,0,0,2,15,384,0.0,,bw,static,static,results,Results,Results_LLAMA31,LLAMA3-BWB-Results,simulator_output_LLAMA3-BWB_bwplacement_bs4_staticreq_statictask,SCRUBBED_TIME+LLAMA3-BWB_BMPD384_7_2_15
4,7,0,0,3,14,384,0.0,,bw,static,static,results,Results,Results_LLAMA31,LLAMA3-BWB-Results,simulator_output_LLAMA3-BWB_bwplacement_bs4_staticreq_statictask,SCRUBBED_TIME+LLAMA3-BWB_BMPD384_7_3_14
4,8,0,0,1,15,384,0.0,,bw,static,static,results,Results,Results_LLAMA31,LLAMA3-BWB-Results,simulator_output_LLAMA3-BWB_bwplacement_bs4_staticreq_statictask,SCRUBBED_TIME+LLAMA3-BWB_BMPD384_8_1_15
4,8,0,0,2,14,384,0.0,,bw,static,static,results,Results,Results_LLAMA31,LLAMA3-BWB-Results,simulator_output_LLAMA3-BWB_bwplacement_bs4_staticreq_statictask,SCRUBBED_TIME+LLAMA3-BWB_BMPD384_8_2_14
4,8,0,0,3,13,384,0.0,,bw,static,static,results,Results,Results_LLAMA31,LLAMA3-BWB-Results,simulator_output_LLAMA3-BWB_bwplacement_bs4_staticreq_statictask,SCRUBBED_TIME+LLAMA3-BWB_BMPD384_8_3_13
4,9,0,0,1,14,384,0.0,,bw,static,static,results,Results,Results_LLAMA31,LLAMA3-BWB-Results,simulator_output_LLAMA3-BWB_bwplacement_bs4_staticreq_statictask,SCRUBBED_TIME+LLAMA3-BWB_BMPD384_9_1_14
4,9,0,0,2,13,384,0.0,,bw,static,static,results,Results,Results_LLAMA31,LLAMA3-BWB-Results,simulator_output_LLAMA3-BWB_bwplacement_bs4_staticreq_statictask,SCRUBBED_TIME+LLAMA3-BWB_BMPD384_9_2_13
4,9,0,0,3,12,384,0.0,,bw,static,static,results,Results,Results_LLAMA31,LLAMA3-BWB-Results,simulator_output_LLAMA3-BWB_bwplacement_bs4_staticreq_statictask,SCRUBBED_TIME+LLAMA3-BWB_BMPD384_9_3_12
4,10,0,0,1,13,384,0.0,,bw,static,static,results,Results,Results_LLAMA31,LLAMA3-BWB-Results,simulator_output_LLAMA3-BWB_bwplacement_bs4_staticreq_statictask,SCRUBBED_TIME+LLAMA3-BWB_BMPD384_10_1_13
4,10,0,0,2,12,384,0.0,,bw,static,static,results,Results,Results_LLAMA31,LLAMA3-BWB-Results,simulator_output_LLAMA3-BWB_bwplacement_bs4_staticreq_statictask,SCRUBBED_TIME+LLAMA3-BWB_BMPD384_10_2_12
4,10,0,0,3,11,384,0.0,,bw,static,static,results,Results,Results_LLAMA31,LLAMA3-BWB-Results,simulator_output_LLAMA3-BWB_bwplacement_bs4_staticreq_statictask,SCRUBBED_TIME+LLAMA3-BWB_BMPD384_10_3_11
4,11,0,0,1,12,384,0.0,,bw,static,static,results,Results,Results_LLAMA31,LLAMA3-BWB-Results,simulator_output_LLAMA3-BWB_bwplacement_bs4_staticreq_statictask,SCRUBBED_TIME+LLAMA3-BWB_BMPD384_11_1_12
4,11,0,0,2,11,384,0.0,,bw,static,static,results,Results,Results_LLAMA31,LLAMA3-BWB-Results,simulator_output_LLAMA3-BWB_bwplacement_bs4_staticreq_statictask,SCRUBBED_TIME+LLAMA3-BWB_BMPD384_11_2_11
4,11,0,0,3,10,384,0.0,,bw,static,static,results,Results,Results_LLAMA31,LLAMA3-BWB-Results,simulator_output_LLAMA3-BWB_bwplacement_bs4_staticreq_statictask,SCRUBBED_TIME+LLAMA3-BWB_BMPD384_11_3_10
4,12,0,0,1,11,384,0.0,,bw,static,static,results,Results,Results_LLAMA31,LLAMA3-BWB-Results,simulator_output_LLAMA3-BWB_bwplacement_bs4_staticreq_statictask,SCRUBBED_TIME+LLAMA3-BWB_BMPD384_12_1_11
4,12,0,0,2,10,384,0.0,,bw,static,static,results,Results,Results_LLAMA31,LLAMA3-BWB-Results,simulator_output_LLAMA3-BWB_bwplacement_bs4_staticreq_statictask,SCRUBBED_TIME+LLAMA3-BWB_BMPD384_12_2_10
4,13,0,0,1,10,384,0.0,,bw,static,static,results,Results,Results_LLAMA31,LLAMA3-BWB-Results,simulator_output_LLAMA3-BWB_bwplacement_bs4_staticreq_statictask,SCRUBBED_TIME+LLAMA3-BWB_BMPD384_13_1_10
4,13,0,0,2,9,384,0.0,,bw,static,static,results,Results,Results_LLAMA31,LLAMA3-BWB-Results,simulator_output_LLAMA3-BWB_bwplacement_bs4_staticreq_statictask,SCRUBBED_TIME+LLAMA3-BWB_BMPD384_13_2_9
4,14,0,0,1,9,384,0.0,,bw,static,static,results,Results,Results_LLAMA31,LLAMA3-BWB-Results,simulator_output_LLAMA3-BWB_bwplacement_bs4_staticreq_statictask,SCRUBBED_TIME+LLAMA3-BWB_BMPD384_14_1_9
4,14,0,0,2,8,384,0.0,,bw,static,static,results,Results,Results_LLAMA31,LLAMA3-BWB-Results,simulator_output_LLAMA3-BWB_bwplacement_bs4_staticreq_statictask,SCRUBBED_TIME+LLAMA3-BWB_BMPD384_14_2_8
4,15,0,0,1,8,384,0.0,,bw,static,static,results,Results,Results_LLAMA31,LLAMA3-BWB-Results,simulator_output_LLAMA3-BWB_bwplacement_bs4_staticreq_statictask,SCRUBBED_TIME+LLAMA3-BWB_BMPD384_15_1_8
4,15,0,0,2,7,384,0.0,,bw,static,static,results,Results,Results_LLAMA31,LLAMA3-BWB-Results,simulator_output_LLAMA3-BWB_bwplacement_bs4_staticreq_statictask,SCRUBBED_TIME+LLAMA3-BWB_BMPD384_15_2_7
4,16,0,0,1,7,384,0.0,,bw,static,static,results,Results,Results_LLAMA31,LLAMA3-BWB-Results,simulator_output_LLAMA3-BWB_bwplacement_bs4_staticreq_statictask,SCRUBBED_TIME+LLAMA3-BWB_BMPD384_16_1_7
4,3,0,0,1,20,512,0.0,,bw,static,static,results,Results,Results_LLAMA31,LLAMA3-BWB-Results,simulator_output_LLAMA3-BWB_bwplacement_bs4_staticreq_statictask,SCRUBBED_TIME+LLAMA3-BWB_BMPD512_3_1_20
4,3,0,0,2,19,512,0.0,,bw,static,static,results,Results,Results_LLAMA31,LLAMA3-BWB-Results,simulator_output_LLAMA3-BWB_bwplacement_bs4_staticreq_statictask,SCRUBBED_TIME+LLAMA3-BWB_BMPD512_3_2_19
4,2,0,0,1,21,512,0.0,,bw,static,static,results,Results,Results_LLAMA31,LLAMA3-BWB-Results,simulator_output_LLAMA3-BWB_bwplacement_bs4_staticreq_statictask,SCRUBBED_TIME+LLAMA3-BWB_BMPD512_2_1_21
4,4,0,0,2,18,512,0.0,,bw,static,static,results,Results,Results_LLAMA31,LLAMA3-BWB-Results,simulator_output_LLAMA3-BWB_bwplacement_bs4_staticreq_statictask,SCRUBBED_TIME+LLAMA3-BWB_BMPD512_4_2_18
4,4,0,0,1,19,512,0.0,,bw,static,static,results,Results,Results_LLAMA31,LLAMA3-BWB-Results,simulator_output_LLAMA3-BWB_bwplacement_bs4_staticreq_statictask,SCRUBBED_TIME+LLAMA3-BWB_BMPD512_4_1_19
4,4,0,0,3,17,512,0.0,,bw,static,static,results,Results,Results_LLAMA31,LLAMA3-BWB-Results,simulator_output_LLAMA3-BWB_bwplacement_bs4_staticreq_statictask,SCRUBBED_TIME+LLAMA3-BWB_BMPD512_4_3_17
4,5,0,0,1,18,512,0.0,,bw,static,static,results,Results,Results_LLAMA31,LLAMA3-BWB-Results,simulator_output_LLAMA3-BWB_bwplacement_bs4_staticreq_statictask,SCRUBBED_TIME+LLAMA3-BWB_BMPD512_5_1_18
4,5,0,0,2,17,512,0.0,,bw,static,static,results,Results,Results_LLAMA31,LLAMA3-BWB-Results,simulator_output_LLAMA3-BWB_bwplacement_bs4_staticreq_statictask,SCRUBBED_TIME+LLAMA3-BWB_BMPD512_5_2_17
4,5,0,0,3,16,512,0.0,,bw,static,static,results,Results,Results_LLAMA31,LLAMA3-BWB-Results,simulator_output_LLAMA3-BWB_bwplacement_bs4_staticreq_statictask,SCRUBBED_TIME+LLAMA3-BWB_BMPD512_5_3_16
4,6,0,0,1,17,512,0.0,,bw,static,static,results,Results,Results_LLAMA31,LLAMA3-BWB-Results,simulator_output_LLAMA3-BWB_bwplacement_bs4_staticreq_statictask,SCRUBBED_TIME+LLAMA3-BWB_BMPD512_6_1_17
4,6,0,0,3,15,512,0.0,,bw,static,static,results,Results,Results_LLAMA31,LLAMA3-BWB-Results,simulator_output_LLAMA3-BWB_bwplacement_bs4_staticreq_statictask,SCRUBBED_TIME+LLAMA3-BWB_BMPD512_6_3_15
4,6,0,0,4,14,512,0.0,,bw,static,static,results,Results,Results_LLAMA31,LLAMA3-BWB-Results,simulator_output_LLAMA3-BWB_bwplacement_bs4_staticreq_statictask,SCRUBBED_TIME+LLAMA3-BWB_BMPD512_6_4_14
4,6,0,0,2,16,512,0.0,,bw,static,static,results,Results,Results_LLAMA31,LLAMA3-BWB-Results,simulator_output_LLAMA3-BWB_bwplacement_bs4_staticreq_statictask,SCRUBBED_TIME+LLAMA3-BWB_BMPD512_6_2_16
4,7,0,0,1,16,512,0.0,,bw,static,static,results,Results,Results_LLAMA31,LLAMA3-BWB-Results,simulator_output_LLAMA3-BWB_bwplacement_bs4_staticreq_statictask,SCRUBBED_TIME+LLAMA3-BWB_BMPD512_7_1_16
4,7,0,0,2,15,512,0.0,,bw,static,static,results,Results,Results_LLAMA31,LLAMA3-BWB-Results,simulator_output_LLAMA3-BWB_bwplacement_bs4_staticreq_statictask,SCRUBBED_TIME+LLAMA3-BWB_BMPD512_7_2_15
4,7,0,0,3,14,512,0.0,,bw,static,static,results,Results,Results_LLAMA31,LLAMA3-BWB-Results,simulator_output_LLAMA3-BWB_bwplacement_bs4_staticreq_statictask,SCRUBBED_TIME+LLAMA3-BWB_BMPD512_7_3_14
4,7,0,0,4,13,512,0.0,,bw,static,static,results,Results,Results_LLAMA31,LLAMA3-BWB-Results,simulator_output_LLAMA3-BWB_bwplacement_bs4_staticreq_statictask,SCRUBBED_TIME+LLAMA3-BWB_BMPD512_7_4_13
4,8,0,0,1,15,512,0.0,,bw,static,static,results,Results,Results_LLAMA31,LLAMA3-BWB-Results,simulator_output_LLAMA3-BWB_bwplacement_bs4_staticreq_statictask,SCRUBBED_TIME+LLAMA3-BWB_BMPD512_8_1_15
4,8,0,0,2,14,512,0.0,,bw,static,static,results,Results,Results_LLAMA31,LLAMA3-BWB-Results,simulator_output_LLAMA3-BWB_bwplacement_bs4_staticreq_statictask,SCRUBBED_TIME+LLAMA3-BWB_BMPD512_8_2_14
4,8,0,0,3,13,512,0.0,,bw,static,static,results,Results,Results_LLAMA31,LLAMA3-BWB-Results,simulator_output_LLAMA3-BWB_bwplacement_bs4_staticreq_statictask,SCRUBBED_TIME+LLAMA3-BWB_BMPD512_8_3_13
4,9,0,0,1,14,512,0.0,,bw,static,static,results,Results,Results_LLAMA31,LLAMA3-BWB-Results,simulator_output_LLAMA3-BWB_bwplacement_bs4_staticreq_statictask,SCRUBBED_TIME+LLAMA3-BWB_BMPD512_9_1_14
4,9,0,0,2,13,512,0.0,,bw,static,static,results,Results,Results_LLAMA31,LLAMA3-BWB-Results,simulator_output_LLAMA3-BWB_bwplacement_bs4_staticreq_statictask,SCRUBBED_TIME+LLAMA3-BWB_BMPD512_9_2_13
4,9,0,0,3,12,512,0.0,,bw,static,static,results,Results,Results_LLAMA31,LLAMA3-BWB-Results,simulator_output_LLAMA3-BWB_bwplacement_bs4_staticreq_statictask,SCRUBBED_TIME+LLAMA3-BWB_BMPD512_9_3_12
4,10,0,0,1,13,512,0.0,,bw,static,static,results,Results,Results_LLAMA31,LLAMA3-BWB-Results,simulator_output_LLAMA3-BWB_bwplacement_bs4_staticreq_statictask,SCRUBBED_TIME+LLAMA3-BWB_BMPD512_10_1_13
4,10,0,0,2,12,512,0.0,,bw,static,static,results,Results,Results_LLAMA31,LLAMA3-BWB-Results,simulator_output_LLAMA3-BWB_bwplacement_bs4_staticreq_statictask,SCRUBBED_TIME+LLAMA3-BWB_BMPD512_10_2_12
4,10,0,0,3,11,512,0.0,,bw,static,static,results,Results,Results_LLAMA31,LLAMA3-BWB-Results,simulator_output_LLAMA3-BWB_bwplacement_bs4_staticreq_statictask,SCRUBBED_TIME+LLAMA3-BWB_BMPD512_10_3_11
4,11,0,0,1,12,512,0.0,,bw,static,static,results,Results,Results_LLAMA31,LLAMA3-BWB-Results,simulator_output_LLAMA3-BWB_bwplacement_bs4_staticreq_statictask,SCRUBBED_TIME+LLAMA3-BWB_BMPD512_11_1_12
4,11,0,0,2,11,512,0.0,,bw,static,static,results,Results,Results_LLAMA31,LLAMA3-BWB-Results,simulator_output_LLAMA3-BWB_bwplacement_bs4_staticreq_statictask,SCRUBBED_TIME+LLAMA3-BWB_BMPD512_11_2_11
4,11,0,0,3,10,512,0.0,,bw,static,static,results,Results,Results_LLAMA31,LLAMA3-BWB-Results,simulator_output_LLAMA3-BWB_bwplacement_bs4_staticreq_statictask,SCRUBBED_TIME+LLAMA3-BWB_BMPD512_11_3_10
4,12,0,0,1,11,512,0.0,,bw,static,static,results,Results,Results_LLAMA31,LLAMA3-BWB-Results,simulator_output_LLAMA3-BWB_bwplacement_bs4_staticreq_statictask,SCRUBBED_TIME+LLAMA3-BWB_BMPD512_12_1_11
4,12,0,0,2,10,512,0.0,,bw,static,static,results,Results,Results_LLAMA31,LLAMA3-BWB-Results,simulator_output_LLAMA3-BWB_bwplacement_bs4_staticreq_statictask,SCRUBBED_TIME+LLAMA3-BWB_BMPD512_12_2_10
4,12,0,0,3,9,512,0.0,,bw,static,static,results,Results,Results_LLAMA31,LLAMA3-BWB-Results,simulator_output_LLAMA3-BWB_bwplacement_bs4_staticreq_statictask,SCRUBBED_TIME+LLAMA3-BWB_BMPD512_12_3_9
4,13,0,0,1,10,512,0.0,,bw,static,static,results,Results,Results_LLAMA31,LLAMA3-BWB-Results,simulator_output_LLAMA3-BWB_bwplacement_bs4_staticreq_statictask,SCRUBBED_TIME+LLAMA3-BWB_BMPD512_13_1_10
4,13,0,0,2,9,512,0.0,,bw,static,static,results,Results,Results_LLAMA31,LLAMA3-BWB-Results,simulator_output_LLAMA3-BWB_bwplacement_bs4_staticreq_statictask,SCRUBBED_TIME+LLAMA3-BWB_BMPD512_13_2_9
4,14,0,0,1,9,512,0.0,,bw,static,static,results,Results,Results_LLAMA31,LLAMA3-BWB-Results,simulator_output_LLAMA3-BWB_bwplacement_bs4_staticreq_statictask,SCRUBBED_TIME+LLAMA3-BWB_BMPD512_14_1_9
4,14,0,0,2,8,512,0.0,,bw,static,static,results,Results,Results_LLAMA31,LLAMA3-BWB-Results,simulator_output_LLAMA3-BWB_bwplacement_bs4_staticreq_statictask,SCRUBBED_TIME+LLAMA3-BWB_BMPD512_14_2_8
4,15,0,0,1,8,512,0.0,,bw,static,static,results,Results,Results_LLAMA31,LLAMA3-BWB-Results,simulator_output_LLAMA3-BWB_bwplacement_bs4_staticreq_statictask,SCRUBBED_TIME+LLAMA3-BWB_BMPD512_15_1_8
4,15,0,0,2,7,512,0.0,,bw,static,static,results,Results,Results_LLAMA31,LLAMA3-BWB-Results,simulator_output_LLAMA3-BWB_bwplacement_bs4_staticreq_statictask,SCRUBBED_TIME+LLAMA3-BWB_BMPD512_15_2_7
4,16,0,0,1,7,512,0.0,,bw,static,static,results,Results,Results_LLAMA31,LLAMA3-BWB-Results,simulator_output_LLAMA3-BWB_bwplacement_bs4_staticreq_statictask,SCRUBBED_TIME+LLAMA3-BWB_BMPD512_16_1_7
4,16,0,0,2,6,512,0.0,,bw,static,static,results,Results,Results_LLAMA31,LLAMA3-BWB-Results,simulator_output_LLAMA3-BWB_bwplacement_bs4_staticreq_statictask,SCRUBBED_TIME+LLAMA3-BWB_BMPD512_16_2_6
4,2,0,0,1,21,640,0.0,,bw,static,static,results,Results,Results_LLAMA31,LLAMA3-BWB-Results,simulator_output_LLAMA3-BWB_bwplacement_bs4_staticreq_statictask,SCRUBBED_TIME+LLAMA3-BWB_BMPD640_2_1_21
4,3,0,0,1,20,640,0.0,,bw,static,static,results,Results,Results_LLAMA31,LLAMA3-BWB-Results,simulator_output_LLAMA3-BWB_bwplacement_bs4_staticreq_statictask,SCRUBBED_TIME+LLAMA3-BWB_BMPD640_3_1_20
4,3,0,0,2,19,640,0.0,,bw,static,static,results,Results,Results_LLAMA31,LLAMA3-BWB-Results,simulator_output_LLAMA3-BWB_bwplacement_bs4_staticreq_statictask,SCRUBBED_TIME+LLAMA3-BWB_BMPD640_3_2_19
4,4,0,0,1,19,640,0.0,,bw,static,static,results,Results,Results_LLAMA31,LLAMA3-BWB-Results,simulator_output_LLAMA3-BWB_bwplacement_bs4_staticreq_statictask,SCRUBBED_TIME+LLAMA3-BWB_BMPD640_4_1_19
4,4,0,0,2,18,640,0.0,,bw,static,static,results,Results,Results_LLAMA31,LLAMA3-BWB-Results,simulator_output_LLAMA3-BWB_bwplacement_bs4_staticreq_statictask,SCRUBBED_TIME+LLAMA3-BWB_BMPD640_4_2_18
4,4,0,0,3,17,640,0.0,,bw,static,static,results,Results,Results_LLAMA31,LLAMA3-BWB-Results,simulator_output_LLAMA3-BWB_bwplacement_bs4_staticreq_statictask,SCRUBBED_TIME+LLAMA3-BWB_BMPD640_4_3_17
4,5,0,0,2,17,640,0.0,,bw,static,static,results,Results,Results_LLAMA31,LLAMA3-BWB-Results,simulator_output_LLAMA3-BWB_bwplacement_bs4_staticreq_statictask,SCRUBBED_TIME+LLAMA3-BWB_BMPD640_5_2_17
4,5,0,0,1,18,640,0.0,,bw,static,static,results,Results,Results_LLAMA31,LLAMA3-BWB-Results,simulator_output_LLAMA3-BWB_bwplacement_bs4_staticreq_statictask,SCRUBBED_TIME+LLAMA3-BWB_BMPD640_5_1_18
4,5,0,0,4,15,640,0.0,,bw,static,static,results,Results,Results_LLAMA31,LLAMA3-BWB-Results,simulator_output_LLAMA3-BWB_bwplacement_bs4_staticreq_statictask,SCRUBBED_TIME+LLAMA3-BWB_BMPD640_5_4_15
4,5,0,0,3,16,640,0.0,,bw,static,static,results,Results,Results_LLAMA31,LLAMA3-BWB-Results,simulator_output_LLAMA3-BWB_bwplacement_bs4_staticreq_statictask,SCRUBBED_TIME+LLAMA3-BWB_BMPD640_5_3_16
4,6,0,0,1,17,640,0.0,,bw,static,static,results,Results,Results_LLAMA31,LLAMA3-BWB-Results,simulator_output_LLAMA3-BWB_bwplacement_bs4_staticreq_statictask,SCRUBBED_TIME+LLAMA3-BWB_BMPD640_6_1_17
4,6,0,0,2,16,640,0.0,,bw,static,static,results,Results,Results_LLAMA31,LLAMA3-BWB-Results,simulator_output_LLAMA3-BWB_bwplacement_bs4_staticreq_statictask,SCRUBBED_TIME+LLAMA3-BWB_BMPD640_6_2_16
4,6,0,0,3,15,640,0.0,,bw,static,static,results,Results,Results_LLAMA31,LLAMA3-BWB-Results,simulator_output_LLAMA3-BWB_bwplacement_bs4_staticreq_statictask,SCRUBBED_TIME+LLAMA3-BWB_BMPD640_6_3_15
4,6,0,0,4,14,640,0.0,,bw,static,static,results,Results,Results_LLAMA31,LLAMA3-BWB-Results,simulator_output_LLAMA3-BWB_bwplacement_bs4_staticreq_statictask,SCRUBBED_TIME+LLAMA3-BWB_BMPD640_6_4_14
4,7,0,0,1,16,640,0.0,,bw,static,static,results,Results,Results_LLAMA31,LLAMA3-BWB-Results,simulator_output_LLAMA3-BWB_bwplacement_bs4_staticreq_statictask,SCRUBBED_TIME+LLAMA3-BWB_BMPD640_7_1_16
4,7,0,0,2,15,640,0.0,,bw,static,static,results,Results,Results_LLAMA31,LLAMA3-BWB-Results,simulator_output_LLAMA3-BWB_bwplacement_bs4_staticreq_statictask,SCRUBBED_TIME+LLAMA3-BWB_BMPD640_7_2_15
4,7,0,0,3,14,640,0.0,,bw,static,static,results,Results,Results_LLAMA31,LLAMA3-BWB-Results,simulator_output_LLAMA3-BWB_bwplacement_bs4_staticreq_statictask,SCRUBBED_TIME+LLAMA3-BWB_BMPD640_7_3_14
4,7,0,0,4,13,640,0.0,,bw,static,static,results,Results,Results_LLAMA31,LLAMA3-BWB-Results,simulator_output_LLAMA3-BWB_bwplacement_bs4_staticreq_statictask,SCRUBBED_TIME+LLAMA3-BWB_BMPD640_7_4_13
4,8,0,0,1,15,640,0.0,,bw,static,static,results,Results,Results_LLAMA31,LLAMA3-BWB-Results,simulator_output_LLAMA3-BWB_bwplacement_bs4_staticreq_statictask,SCRUBBED_TIME+LLAMA3-BWB_BMPD640_8_1_15
4,8,0,0,2,14,640,0.0,,bw,static,static,results,Results,Results_LLAMA31,LLAMA3-BWB-Results,simulator_output_LLAMA3-BWB_bwplacement_bs4_staticreq_statictask,SCRUBBED_TIME+LLAMA3-BWB_BMPD640_8_2_14
4,8,0,0,3,13,640,0.0,,bw,static,static,results,Results,Results_LLAMA31,LLAMA3-BWB-Results,simulator_output_LLAMA3-BWB_bwplacement_bs4_staticreq_statictask,SCRUBBED_TIME+LLAMA3-BWB_BMPD640_8_3_13
4,8,0,0,4,12,640,0.0,,bw,static,static,results,Results,Results_LLAMA31,LLAMA3-BWB-Results,simulator_output_LLAMA3-BWB_bwplacement_bs4_staticreq_statictask,SCRUBBED_TIME+LLAMA3-BWB_BMPD640_8_4_12
4,9,0,0,1,14,640,0.0,,bw,static,static,results,Results,Results_LLAMA31,LLAMA3-BWB-Results,simulator_output_LLAMA3-BWB_bwplacement_bs4_staticreq_statictask,SCRUBBED_TIME+LLAMA3-BWB_BMPD640_9_1_14
4,9,0,0,2,13,640,0.0,,bw,static,static,results,Results,Results_LLAMA31,LLAMA3-BWB-Results,simulator_output_LLAMA3-BWB_bwplacement_bs4_staticreq_statictask,SCRUBBED_TIME+LLAMA3-BWB_BMPD640_9_2_13
4,9,0,0,3,12,640,0.0,,bw,static,static,results,Results,Results_LLAMA31,LLAMA3-BWB-Results,simulator_output_LLAMA3-BWB_bwplacement_bs4_staticreq_statictask,SCRUBBED_TIME+LLAMA3-BWB_BMPD640_9_3_12
4,10,0,0,2,12,640,0.0,,bw,static,static,results,Results,Results_LLAMA31,LLAMA3-BWB-Results,simulator_output_LLAMA3-BWB_bwplacement_bs4_staticreq_statictask,SCRUBBED_TIME+LLAMA3-BWB_BMPD640_10_2_12
4,10,0,0,1,13,640,0.0,,bw,static,static,results,Results,Results_LLAMA31,LLAMA3-BWB-Results,simulator_output_LLAMA3-BWB_bwplacement_bs4_staticreq_statictask,SCRUBBED_TIME+LLAMA3-BWB_BMPD640_10_1_13
4,10,0,0,3,11,640,0.0,,bw,static,static,results,Results,Results_LLAMA31,LLAMA3-BWB-Results,simulator_output_LLAMA3-BWB_bwplacement_bs4_staticreq_statictask,SCRUBBED_TIME+LLAMA3-BWB_BMPD640_10_3_11
4,11,0,0,1,12,640,0.0,,bw,static,static,results,Results,Results_LLAMA31,LLAMA3-BWB-Results,simulator_output_LLAMA3-BWB_bwplacement_bs4_staticreq_statictask,SCRUBBED_TIME+LLAMA3-BWB_BMPD640_11_1_12
4,11,0,0,2,11,640,0.0,,bw,static,static,results,Results,Results_LLAMA31,LLAMA3-BWB-Results,simulator_output_LLAMA3-BWB_bwplacement_bs4_staticreq_statictask,SCRUBBED_TIME+LLAMA3-BWB_BMPD640_11_2_11
4,11,0,0,3,10,640,0.0,,bw,static,static,results,Results,Results_LLAMA31,LLAMA3-BWB-Results,simulator_output_LLAMA3-BWB_bwplacement_bs4_staticreq_statictask,SCRUBBED_TIME+LLAMA3-BWB_BMPD640_11_3_10
4,12,0,0,1,11,640,0.0,,bw,static,static,results,Results,Results_LLAMA31,LLAMA3-BWB-Results,simulator_output_LLAMA3-BWB_bwplacement_bs4_staticreq_statictask,SCRUBBED_TIME+LLAMA3-BWB_BMPD640_12_1_11
4,12,0,0,2,10,640,0.0,,bw,static,static,results,Results,Results_LLAMA31,LLAMA3-BWB-Results,simulator_output_LLAMA3-BWB_bwplacement_bs4_staticreq_statictask,SCRUBBED_TIME+LLAMA3-BWB_BMPD640_12_2_10
4,12,0,0,3,9,640,0.0,,bw,static,static,results,Results,Results_LLAMA31,LLAMA3-BWB-Results,simulator_output_LLAMA3-BWB_bwplacement_bs4_staticreq_statictask,SCRUBBED_TIME+LLAMA3-BWB_BMPD640_12_3_9
4,13,0,0,1,10,640,0.0,,bw,static,static,results,Results,Results_LLAMA31,LLAMA3-BWB-Results,simulator_output_LLAMA3-BWB_bwplacement_bs4_staticreq_statictask,SCRUBBED_TIME+LLAMA3-BWB_BMPD640_13_1_10
4,13,0,0,2,9,640,0.0,,bw,static,static,results,Results,Results_LLAMA31,LLAMA3-BWB-Results,simulator_output_LLAMA3-BWB_bwplacement_bs4_staticreq_statictask,SCRUBBED_TIME+LLAMA3-BWB_BMPD640_13_2_9
4,13,0,0,3,8,640,0.0,,bw,static,static,results,Results,Results_LLAMA31,LLAMA3-BWB-Results,simulator_output_LLAMA3-BWB_bwplacement_bs4_staticreq_statictask,SCRUBBED_TIME+LLAMA3-BWB_BMPD640_13_3_8
4,14,0,0,1,9,640,0.0,,bw,static,static,results,Results,Results_LLAMA31,LLAMA3-BWB-Results,simulator_output_LLAMA3-BWB_bwplacement_bs4_staticreq_statictask,SCRUBBED_TIME+LLAMA3-BWB_BMPD640_14_1_9
4,14,0,0,2,8,640,0.0,,bw,static,static,results,Results,Results_LLAMA31,LLAMA3-BWB-Results,simulator_output_LLAMA3-BWB_bwplacement_bs4_staticreq_statictask,SCRUBBED_TIME+LLAMA3-BWB_BMPD640_14_2_8
4,15,0,0,1,8,640,0.0,,bw,static,static,results,Results,Results_LLAMA31,LLAMA3-BWB-Results,simulator_output_LLAMA3-BWB_bwplacement_bs4_staticreq_statictask,SCRUBBED_TIME+LLAMA3-BWB_BMPD640_15_1_8
4,15,0,0,2,7,640,0.0,,bw,static,static,results,Results,Results_LLAMA31,LLAMA3-BWB-Results,simulator_output_LLAMA3-BWB_bwplacement_bs4_staticreq_statictask,SCRUBBED_TIME+LLAMA3-BWB_BMPD640_15_2_7
4,16,0,0,1,7,640,0.0,,bw,static,static,results,Results,Results_LLAMA31,LLAMA3-BWB-Results,simulator_output_LLAMA3-BWB_bwplacement_bs4_staticreq_statictask,SCRUBBED_TIME+LLAMA3-BWB_BMPD640_16_1_7
4,16,0,0,2,6,640,0.0,,bw,static,static,results,Results,Results_LLAMA31,LLAMA3-BWB-Results,simulator_output_LLAMA3-BWB_bwplacement_bs4_staticreq_statictask,SCRUBBED_TIME+LLAMA3-BWB_BMPD640_16_2_6
8,2,0,0,19,3,256,173.2,54.19496,bw,static,static,results,Results,Results_LLAMA31,LLAMA3-BWB-Results,simulator_output_LLAMA3-BWB_bwplacement_bs8_staticreq_statictask,SCRUBBED_TIME+LLAMA3-BWB_BMPD256_2_19_3
8,2,0,0,16,6,256,182.0,54.19496,bw,static,static,results,Results,Results_LLAMA31,LLAMA3-BWB-Results,simulator_output_LLAMA3-BWB_bwplacement_bs8_staticreq_statictask,SCRUBBED_TIME+LLAMA3-BWB_BMPD256_2_16_6
8,2,0,0,17,5,256,187.44,54.19496,bw,static,static,results,Results,Results_LLAMA31,LLAMA3-BWB-Results,simulator_output_LLAMA3-BWB_bwplacement_bs8_staticreq_statictask,SCRUBBED_TIME+LLAMA3-BWB_BMPD256_2_17_5
8,2,0,0,12,10,256,191.44,54.19496,bw,static,static,results,Results,Results_LLAMA31,LLAMA3-BWB-Results,simulator_output_LLAMA3-BWB_bwplacement_bs8_staticreq_statictask,SCRUBBED_TIME+LLAMA3-BWB_BMPD256_2_12_10
8,2,0,0,9,13,256,195.52,54.19496,bw,static,static,results,Results,Results_LLAMA31,LLAMA3-BWB-Results,simulator_output_LLAMA3-BWB_bwplacement_bs8_staticreq_statictask,SCRUBBED_TIME+LLAMA3-BWB_BMPD256_2_9_13
8,2,0,0,18,4,256,195.76,54.19496,bw,static,static,results,Results,Results_LLAMA31,LLAMA3-BWB-Results,simulator_output_LLAMA3-BWB_bwplacement_bs8_staticreq_statictask,SCRUBBED_TIME+LLAMA3-BWB_BMPD256_2_18_4
8,2,0,0,20,2,256,135.68,54.30642666666667,bw,static,static,results,Results,Results_LLAMA31,LLAMA3-BWB-Results,simulator_output_LLAMA3-BWB_bwplacement_bs8_staticreq_statictask,SCRUBBED_TIME+LLAMA3-BWB_BMPD256_2_20_2
8,2,0,0,14,8,256,194.48,54.50876,bw,static,static,results,Results,Results_LLAMA31,LLAMA3-BWB-Results,simulator_output_LLAMA3-BWB_bwplacement_bs8_staticreq_statictask,SCRUBBED_TIME+LLAMA3-BWB_BMPD256_2_14_8
8,2,0,0,8,14,256,194.08,54.52712666666667,bw,static,static,results,Results,Results_LLAMA31,LLAMA3-BWB-Results,simulator_output_LLAMA3-BWB_bwplacement_bs8_staticreq_statictask,SCRUBBED_TIME+LLAMA3-BWB_BMPD256_2_8_14
8,2,0,0,21,1,256,75.28,54.67009333333333,bw,static,static,results,Results,Results_LLAMA31,LLAMA3-BWB-Results,simulator_output_LLAMA3-BWB_bwplacement_bs8_staticreq_statictask,SCRUBBED_TIME+LLAMA3-BWB_BMPD256_2_21_1
8,2,0,0,10,12,256,189.36,54.67009333333333,bw,static,static,results,Results,Results_LLAMA31,LLAMA3-BWB-Results,simulator_output_LLAMA3-BWB_bwplacement_bs8_staticreq_statictask,SCRUBBED_TIME+LLAMA3-BWB_BMPD256_2_10_12
8,2,0,0,11,11,256,192.4,54.95902666666667,bw,static,static,results,Results,Results_LLAMA31,LLAMA3-BWB-Results,simulator_output_LLAMA3-BWB_bwplacement_bs8_staticreq_statictask,SCRUBBED_TIME+LLAMA3-BWB_BMPD256_2_11_11
8,2,0,0,15,7,256,185.76,55.026426666666666,bw,static,static,results,Results,Results_LLAMA31,LLAMA3-BWB-Results,simulator_output_LLAMA3-BWB_bwplacement_bs8_staticreq_statictask,SCRUBBED_TIME+LLAMA3-BWB_BMPD256_2_15_7
8,2,0,0,13,9,256,191.6,55.11666,bw,static,static,results,Results,Results_LLAMA31,LLAMA3-BWB-Results,simulator_output_LLAMA3-BWB_bwplacement_bs8_staticreq_statictask,SCRUBBED_TIME+LLAMA3-BWB_BMPD256_2_13_9
8,2,0,0,7,15,256,189.36,55.649726666666666,bw,static,static,results,Results,Results_LLAMA31,LLAMA3-BWB-Results,simulator_output_LLAMA3-BWB_bwplacement_bs8_staticreq_statictask,SCRUBBED_TIME+LLAMA3-BWB_BMPD256_2_7_15
8,3,0,0,19,2,256,135.04,55.844548,bw,static,static,results,Results,Results_LLAMA31,LLAMA3-BWB-Results,simulator_output_LLAMA3-BWB_bwplacement_bs8_staticreq_statictask,SCRUBBED_TIME+LLAMA3-BWB_BMPD256_3_19_2
8,3,0,0,18,3,256,176.96,55.844548,bw,static,static,results,Results,Results_LLAMA31,LLAMA3-BWB-Results,simulator_output_LLAMA3-BWB_bwplacement_bs8_staticreq_statictask,SCRUBBED_TIME+LLAMA3-BWB_BMPD256_3_18_3
8,3,0,0,16,5,256,224.24,55.844548,bw,static,static,results,Results,Results_LLAMA31,LLAMA3-BWB-Results,simulator_output_LLAMA3-BWB_bwplacement_bs8_staticreq_statictask,SCRUBBED_TIME+LLAMA3-BWB_BMPD256_3_16_5
8,3,0,0,17,4,256,246.48,55.844548,bw,static,static,results,Results,Results_LLAMA31,LLAMA3-BWB-Results,simulator_output_LLAMA3-BWB_bwplacement_bs8_staticreq_statictask,SCRUBBED_TIME+LLAMA3-BWB_BMPD256_3_17_4
8,3,0,0,12,9,256,250.56,55.844548,bw,static,static,results,Results,Results_LLAMA31,LLAMA3-BWB-Results,simulator_output_LLAMA3-BWB_bwplacement_bs8_staticreq_statictask,SCRUBBED_TIME+LLAMA3-BWB_BMPD256_3_12_9
8,3,0,0,20,1,256,77.12,55.969948,bw,static,static,results,Results,Results_LLAMA31,LLAMA3-BWB-Results,simulator_output_LLAMA3-BWB_bwplacement_bs8_staticreq_statictask,SCRUBBED_TIME+LLAMA3-BWB_BMPD256_3_20_1
8,3,0,0,14,7,256,224.0,56.197573,bw,static,static,results,Results,Results_LLAMA31,LLAMA3-BWB-Results,simulator_output_LLAMA3-BWB_bwplacement_bs8_staticreq_statictask,SCRUBBED_TIME+LLAMA3-BWB_BMPD256_3_14_7
8,3,0,0,9,12,256,241.28,56.276823,bw,static,static,results,Results,Results_LLAMA31,LLAMA3-BWB-Results,simulator_output_LLAMA3-BWB_bwplacement_bs8_staticreq_statictask,SCRUBBED_TIME+LLAMA3-BWB_BMPD256_3_9_12
8,3,0,0,8,13,256,241.68,56.535848,bw,static,static,results,Results,Results_LLAMA31,LLAMA3-BWB-Results,simulator_output_LLAMA3-BWB_bwplacement_bs8_staticreq_statictask,SCRUBBED_TIME+LLAMA3-BWB_BMPD256_3_8_13
8,3,0,0,10,11,256,242.8,56.729373,bw,static,static,results,Results,Results_LLAMA31,LLAMA3-BWB-Results,simulator_output_LLAMA3-BWB_bwplacement_bs8_staticreq_statictask,SCRUBBED_TIME+LLAMA3-BWB_BMPD256_3_10_11
8,3,0,0,11,10,256,235.12,56.774223,bw,static,static,results,Results,Results_LLAMA31,LLAMA3-BWB-Results,simulator_output_LLAMA3-BWB_bwplacement_bs8_staticreq_statictask,SCRUBBED_TIME+LLAMA3-BWB_BMPD256_3_11_10
8,2,0,0,5,17,256,184.0,56.88519333333333,bw,static,static,results,Results,Results_LLAMA31,LLAMA3-BWB-Results,simulator_output_LLAMA3-BWB_bwplacement_bs8_staticreq_statictask,SCRUBBED_TIME+LLAMA3-BWB_BMPD256_2_5_17
8,3,0,0,13,8,256,243.92,57.117098,bw,static,static,results,Results,Results_LLAMA31,LLAMA3-BWB-Results,simulator_output_LLAMA3-BWB_bwplacement_bs8_staticreq_statictask,SCRUBBED_TIME+LLAMA3-BWB_BMPD256_3_13_8
8,3,0,0,15,6,256,217.2,57.222073,bw,static,static,results,Results,Results_LLAMA31,LLAMA3-BWB-Results,simulator_output_LLAMA3-BWB_bwplacement_bs8_staticreq_statictask,SCRUBBED_TIME+LLAMA3-BWB_BMPD256_3_15_6
8,2,0,0,6,16,256,181.68,57.49826,bw,static,static,results,Results,Results_LLAMA31,LLAMA3-BWB-Results,simulator_output_LLAMA3-BWB_bwplacement_bs8_staticreq_statictask,SCRUBBED_TIME+LLAMA3-BWB_BMPD256_2_6_16
8,2,0,0,3,19,256,177.52,58.37662666666667,bw,static,static,results,Results,Results_LLAMA31,LLAMA3-BWB-Results,simulator_output_LLAMA3-BWB_bwplacement_bs8_staticreq_statictask,SCRUBBED_TIME+LLAMA3-BWB_BMPD256_2_3_19
8,3,0,0,5,16,256,235.28,58.593198,bw,static,static,results,Results,Results_LLAMA31,LLAMA3-BWB-Results,simulator_output_LLAMA3-BWB_bwplacement_bs8_staticreq_statictask,SCRUBBED_TIME+LLAMA3-BWB_BMPD256_3_5_16
8,4,0,0,19,1,256,77.6,59.147168,bw,static,static,results,Results,Results_LLAMA31,LLAMA3-BWB-Results,simulator_output_LLAMA3-BWB_bwplacement_bs8_staticreq_statictask,SCRUBBED_TIME+LLAMA3-BWB_BMPD256_4_19_1
8,4,0,0,18,2,256,136.08,59.147168,bw,static,static,results,Results,Results_LLAMA31,LLAMA3-BWB-Results,simulator_output_LLAMA3-BWB_bwplacement_bs8_staticreq_statictask,SCRUBBED_TIME+LLAMA3-BWB_BMPD256_4_18_2
8,4,0,0,17,3,256,185.04,59.147168,bw,static,static,results,Results,Results_LLAMA31,LLAMA3-BWB-Results,simulator_output_LLAMA3-BWB_bwplacement_bs8_staticreq_statictask,SCRUBBED_TIME+LLAMA3-BWB_BMPD256_4_17_3
8,4,0,0,16,4,256,248.16,59.147168,bw,static,static,results,Results,Results_LLAMA31,LLAMA3-BWB-Results,simulator_output_LLAMA3-BWB_bwplacement_bs8_staticreq_statictask,SCRUBBED_TIME+LLAMA3-BWB_BMPD256_4_16_4
8,4,0,0,12,8,256,400.48,59.23173942857142,bw,static,static,results,Results,Results_LLAMA31,LLAMA3-BWB-Results,simulator_output_LLAMA3-BWB_bwplacement_bs8_staticreq_statictask,SCRUBBED_TIME+LLAMA3-BWB_BMPD256_4_12_8
8,2,0,0,21,1,384,115.84,59.586316,bw,static,static,results,Results,Results_LLAMA31,LLAMA3-BWB-Results,simulator_output_LLAMA3-BWB_bwplacement_bs8_staticreq_statictask,SCRUBBED_TIME+LLAMA3-BWB_BMPD384_2_21_1
8,4,0,0,9,11,256,354.0,59.80572514285714,bw,static,static,results,Results,Results_LLAMA31,LLAMA3-BWB-Results,simulator_output_LLAMA3-BWB_bwplacement_bs8_staticreq_statictask,SCRUBBED_TIME+LLAMA3-BWB_BMPD256_4_9_11
8,3,0,0,7,14,256,227.68,59.893273,bw,static,static,results,Results,Results_LLAMA31,LLAMA3-BWB-Results,simulator_output_LLAMA3-BWB_bwplacement_bs8_staticreq_statictask,SCRUBBED_TIME+LLAMA3-BWB_BMPD256_3_7_14
8,5,0,0,18,1,256,77.84,60.008622,bw,static,static,results,Results,Results_LLAMA31,LLAMA3-BWB-Results,simulator_output_LLAMA3-BWB_bwplacement_bs8_staticreq_statictask,SCRUBBED_TIME+LLAMA3-BWB_BMPD256_5_18_1
8,5,0,0,17,2,256,136.56,60.008622,bw,static,static,results,Results,Results_LLAMA31,LLAMA3-BWB-Results,simulator_output_LLAMA3-BWB_bwplacement_bs8_staticreq_statictask,SCRUBBED_TIME+LLAMA3-BWB_BMPD256_5_17_2
8,5,0,0,16,3,256,186.72,60.008622,bw,static,static,results,Results,Results_LLAMA31,LLAMA3-BWB-Results,simulator_output_LLAMA3-BWB_bwplacement_bs8_staticreq_statictask,SCRUBBED_TIME+LLAMA3-BWB_BMPD256_5_16_3
8,4,0,0,8,12,256,349.28,60.166182285714285,bw,static,static,results,Results,Results_LLAMA31,LLAMA3-BWB-Results,simulator_output_LLAMA3-BWB_bwplacement_bs8_staticreq_statictask,SCRUBBED_TIME+LLAMA3-BWB_BMPD256_4_8_12
8,2,0,0,20,2,384,196.0,60.500316,bw,static,static,results,Results,Results_LLAMA31,LLAMA3-BWB-Results,simulator_output_LLAMA3-BWB_bwplacement_bs8_staticreq_statictask,SCRUBBED_TIME+LLAMA3-BWB_BMPD384_2_20_2
8,5,0,0,12,7,256,322.72,60.5419095,bw,static,static,results,Results,Results_LLAMA31,LLAMA3-BWB-Results,simulator_output_LLAMA3-BWB_bwplacement_bs8_staticreq_statictask,SCRUBBED_TIME+LLAMA3-BWB_BMPD256_5_12_7
8,2,0,0,4,18,256,167.52,60.78916,bw,static,static,results,Results,Results_LLAMA31,LLAMA3-BWB-Results,simulator_output_LLAMA3-BWB_bwplacement_bs8_staticreq_statictask,SCRUBBED_TIME+LLAMA3-BWB_BMPD256_2_4_18
8,6,0,0,17,1,256,77.84,60.842888,bw,static,static,results,Results,Results_LLAMA31,LLAMA3-BWB-Results,simulator_output_LLAMA3-BWB_bwplacement_bs8_staticreq_statictask,SCRUBBED_TIME+LLAMA3-BWB_BMPD256_6_17_1
8,6,0,0,16,2,256,136.56,60.842888,bw,static,static,results,Results,Results_LLAMA31,LLAMA3-BWB-Results,simulator_output_LLAMA3-BWB_bwplacement_bs8_staticreq_statictask,SCRUBBED_TIME+LLAMA3-BWB_BMPD256_6_16_2
8,5,0,0,9,10,256,372.96,60.8922345,bw,static,static,results,Results,Results_LLAMA31,LLAMA3-BWB-Results,simulator_output_LLAMA3-BWB_bwplacement_bs8_staticreq_statictask,SCRUBBED_TIME+LLAMA3-BWB_BMPD256_5_9_10
8,6,0,0,12,6,256,302.24,61.24364355555555,bw,static,static,results,Results,Results_LLAMA31,LLAMA3-BWB-Results,simulator_output_LLAMA3-BWB_bwplacement_bs8_staticreq_statictask,SCRUBBED_TIME+LLAMA3-BWB_BMPD256_6_12_6
8,5,0,0,8,11,256,376.8,61.359547,bw,static,static,results,Results,Results_LLAMA31,LLAMA3-BWB-Results,simulator_output_LLAMA3-BWB_bwplacement_bs8_staticreq_statictask,SCRUBBED_TIME+LLAMA3-BWB_BMPD256_5_8_11
8,3,0,0,19,2,384,197.76,61.403889,bw,static,static,results,Results,Results_LLAMA31,LLAMA3-BWB-Results,simulator_output_LLAMA3-BWB_bwplacement_bs8_staticreq_statictask,SCRUBBED_TIME+LLAMA3-BWB_BMPD384_3_19_2
8,3,0,0,17,4,384,284.4,61.403889,bw,static,static,results,Results,Results_LLAMA31,LLAMA3-BWB-Results,simulator_output_LLAMA3-BWB_bwplacement_bs8_staticreq_statictask,SCRUBBED_TIME+LLAMA3-BWB_BMPD384_3_17_4
8,3,0,0,12,9,384,336.64,61.403889,bw,static,static,results,Results,Results_LLAMA31,LLAMA3-BWB-Results,simulator_output_LLAMA3-BWB_bwplacement_bs8_staticreq_statictask,SCRUBBED_TIME+LLAMA3-BWB_BMPD384_3_12_9
8,3,0,0,16,5,384,341.12,61.403889,bw,static,static,results,Results,Results_LLAMA31,LLAMA3-BWB-Results,simulator_output_LLAMA3-BWB_bwplacement_bs8_staticreq_statictask,SCRUBBED_TIME+LLAMA3-BWB_BMPD384_3_16_5
8,3,0,0,13,8,384,346.0,61.403889,bw,static,static,results,Results,Results_LLAMA31,LLAMA3-BWB-Results,simulator_output_LLAMA3-BWB_bwplacement_bs8_staticreq_statictask,SCRUBBED_TIME+LLAMA3-BWB_BMPD384_3_13_8
8,6,0,0,9,9,256,374.4,61.64739911111111,bw,static,static,results,Results,Results_LLAMA31,LLAMA3-BWB-Results,simulator_output_LLAMA3-BWB_bwplacement_bs8_staticreq_statictask,SCRUBBED_TIME+LLAMA3-BWB_BMPD256_6_9_9
8,3,0,0,9,12,384,336.0,61.678214,bw,static,static,results,Results,Results_LLAMA31,LLAMA3-BWB-Results,simulator_output_LLAMA3-BWB_bwplacement_bs8_staticreq_statictask,SCRUBBED_TIME+LLAMA3-BWB_BMPD384_3_9_12
8,3,0,0,6,15,256,217.12,61.830373,bw,static,static,results,Results,Results_LLAMA31,LLAMA3-BWB-Results,simulator_output_LLAMA3-BWB_bwplacement_bs8_staticreq_statictask,SCRUBBED_TIME+LLAMA3-BWB_BMPD256_3_6_15
8,3,0,0,18,3,384,255.52,61.939239,bw,static,static,results,Results,Results_LLAMA31,LLAMA3-BWB-Results,simulator_output_LLAMA3-BWB_bwplacement_bs8_staticreq_statictask,SCRUBBED_TIME+LLAMA3-BWB_BMPD384_3_18_3
8,15,0,0,8,1,256,63.6,61.94164355555555,bw,static,static,results,Results,Results_LLAMA31,LLAMA3-BWB-Results,simulator_output_LLAMA3-BWB_bwplacement_bs8_staticreq_statictask,SCRUBBED_TIME+LLAMA3-BWB_BMPD256_15_8_1
8,6,0,0,8,10,256,391.76,61.94164355555555,bw,static,static,results,Results,Results_LLAMA31,LLAMA3-BWB-Results,simulator_output_LLAMA3-BWB_bwplacement_bs8_staticreq_statictask,SCRUBBED_TIME+LLAMA3-BWB_BMPD256_6_8_10
8,3,0,0,15,6,384,315.84,62.140539,bw,static,static,results,Results,Results_LLAMA31,LLAMA3-BWB-Results,simulator_output_LLAMA3-BWB_bwplacement_bs8_staticreq_statictask,SCRUBBED_TIME+LLAMA3-BWB_BMPD384_3_15_6
8,3,0,0,8,13,384,356.24,62.164289,bw,static,static,results,Results,Results_LLAMA31,LLAMA3-BWB-Results,simulator_output_LLAMA3-BWB_bwplacement_bs8_staticreq_statictask,SCRUBBED_TIME+LLAMA3-BWB_BMPD384_3_8_13
8,3,0,0,14,7,384,333.76,62.212589,bw,static,static,results,Results,Results_LLAMA31,LLAMA3-BWB-Results,simulator_output_LLAMA3-BWB_bwplacement_bs8_staticreq_statictask,SCRUBBED_TIME+LLAMA3-BWB_BMPD384_3_14_7
8,7,0,0,16,1,256,75.92,62.45205236363637,bw,static,static,results,Results,Results_LLAMA31,LLAMA3-BWB-Results,simulator_output_LLAMA3-BWB_bwplacement_bs8_staticreq_statictask,SCRUBBED_TIME+LLAMA3-BWB_BMPD256_7_16_1
8,4,0,0,10,10,256,320.0,62.57213942857143,bw,static,static,results,Results,Results_LLAMA31,LLAMA3-BWB-Results,simulator_output_LLAMA3-BWB_bwplacement_bs8_staticreq_statictask,SCRUBBED_TIME+LLAMA3-BWB_BMPD256_4_10_10
8,3,0,0,11,10,384,334.96,62.754064,bw,static,static,results,Results,Results_LLAMA31,LLAMA3-BWB-Results,simulator_output_LLAMA3-BWB_bwplacement_bs8_staticreq_statictask,SCRUBBED_TIME+LLAMA3-BWB_BMPD384_3_11_10
8,3,0,0,20,1,384,115.68,62.918189,bw,static,static,results,Results,Results_LLAMA31,LLAMA3-BWB-Results,simulator_output_LLAMA3-BWB_bwplacement_bs8_staticreq_statictask,SCRUBBED_TIME+LLAMA3-BWB_BMPD384_3_20_1
8,7,0,0,12,5,256,267.28,62.93599781818182,bw,static,static,results,Results,Results_LLAMA31,LLAMA3-BWB-Results,simulator_output_LLAMA3-BWB_bwplacement_bs8_staticreq_statictask,SCRUBBED_TIME+LLAMA3-BWB_BMPD256_7_12_5
8,3,0,0,10,11,384,341.04,62.954439,bw,static,static,results,Results,Results_LLAMA31,LLAMA3-BWB-Results,simulator_output_LLAMA3-BWB_bwplacement_bs8_staticreq_statictask,SCRUBBED_TIME+LLAMA3-BWB_BMPD384_3_10_11
8,4,0,0,14,6,256,264.88,63.062182285714286,bw,static,static,results,Results,Results_LLAMA31,LLAMA3-BWB-Results,simulator_output_LLAMA3-BWB_bwplacement_bs8_staticreq_statictask,SCRUBBED_TIME+LLAMA3-BWB_BMPD256_4_14_6
8,4,0,0,11,9,256,300.48,63.12075371428572,bw,static,static,results,Results,Results_LLAMA31,LLAMA3-BWB-Results,simulator_output_LLAMA3-BWB_bwplacement_bs8_staticreq_statictask,SCRUBBED_TIME+LLAMA3-BWB_BMPD256_4_11_9
8,4,0,0,13,7,256,282.4,63.38189657142858,bw,static,static,results,Results,Results_LLAMA31,LLAMA3-BWB-Results,simulator_output_LLAMA3-BWB_bwplacement_bs8_staticreq_statictask,SCRUBBED_TIME+LLAMA3-BWB_BMPD256_4_13_7
8,14,0,0,9,1,256,61.28,63.558622,bw,static,static,results,Results,Results_LLAMA31,LLAMA3-BWB-Results,simulator_output_LLAMA3-BWB_bwplacement_bs8_staticreq_statictask,SCRUBBED_TIME+LLAMA3-BWB_BMPD256_14_9_1
8,3,0,0,5,16,384,343.92,63.622489,bw,static,static,results,Results,Results_LLAMA31,LLAMA3-BWB-Results,simulator_output_LLAMA3-BWB_bwplacement_bs8_staticreq_statictask,SCRUBBED_TIME+LLAMA3-BWB_BMPD384_3_5_16
8,4,0,0,15,5,256,248.72,64.07041085714286,bw,static,static,results,Results,Results_LLAMA31,LLAMA3-BWB-Results,simulator_output_LLAMA3-BWB_bwplacement_bs8_staticreq_statictask,SCRUBBED_TIME+LLAMA3-BWB_BMPD256_4_15_5
8,14,0,0,8,2,256,117.44,64.159882,bw,static,static,results,Results,Results_LLAMA31,LLAMA3-BWB-Results,simulator_output_LLAMA3-BWB_bwplacement_bs8_staticreq_statictask,SCRUBBED_TIME+LLAMA3-BWB_BMPD256_14_8_2
8,5,0,0,13,6,256,270.24,64.492772,bw,static,static,results,Results,Results_LLAMA31,LLAMA3-BWB-Results,simulator_output_LLAMA3-BWB_bwplacement_bs8_staticreq_statictask,SCRUBBED_TIME+LLAMA3-BWB_BMPD256_5_13_6
8,3,0,0,7,14,384,326.24,64.908289,bw,static,static,results,Results,Results_LLAMA31,LLAMA3-BWB-Results,simulator_output_LLAMA3-BWB_bwplacement_bs8_staticreq_statictask,SCRUBBED_TIME+LLAMA3-BWB_BMPD384_3_7_14
8,5,0,0,14,5,256,248.24,64.926297,bw,static,static,results,Results,Results_LLAMA31,LLAMA3-BWB-Results,simulator_output_LLAMA3-BWB_bwplacement_bs8_staticreq_statictask,SCRUBBED_TIME+LLAMA3-BWB_BMPD256_5_14_5
8,4,0,0,19,1,384,116.56,65.04667942857142,bw,static,static,results,Results,Results_LLAMA31,LLAMA3-BWB-Results,simulator_output_LLAMA3-BWB_bwplacement_bs8_staticreq_statictask,SCRUBBED_TIME+LLAMA3-BWB_BMPD384_4_19_1
8,4,0,0,17,3,384,268.4,65.04667942857142,bw,static,static,results,Results,Results_LLAMA31,LLAMA3-BWB-Results,simulator_output_LLAMA3-BWB_bwplacement_bs8_staticreq_statictask,SCRUBBED_TIME+LLAMA3-BWB_BMPD384_4_17_3
8,4,0,0,16,4,384,326.08,65.04667942857142,bw,static,static,results,Results,Results_LLAMA31,LLAMA3-BWB-Results,simulator_output_LLAMA3-BWB_bwplacement_bs8_staticreq_statictask,SCRUBBED_TIME+LLAMA3-BWB_BMPD384_4_16_4
8,5,0,0,10,9,256,319.84,65.093072,bw,static,static,results,Results,Results_LLAMA31,LLAMA3-BWB-Results,simulator_output_LLAMA3-BWB_bwplacement_bs8_staticreq_statictask,SCRUBBED_TIME+LLAMA3-BWB_BMPD256_5_10_9
8,3,0,0,4,17,256,197.44,65.216673,bw,static,static,results,Results,Results_LLAMA31,LLAMA3-BWB-Results,simulator_output_LLAMA3-BWB_bwplacement_bs8_staticreq_statictask,SCRUBBED_TIME+LLAMA3-BWB_BMPD256_3_4_17
8,5,0,0,15,4,256,228.56,65.502972,bw,static,static,results,Results,Results_LLAMA31,LLAMA3-BWB-Results,simulator_output_LLAMA3-BWB_bwplacement_bs8_staticreq_statictask,SCRUBBED_TIME+LLAMA3-BWB_BMPD256_5_15_4
8,5,0,0,11,8,256,381.6,65.539972,bw,static,static,results,Results,Results_LLAMA31,LLAMA3-BWB-Results,simulator_output_LLAMA3-BWB_bwplacement_bs8_staticreq_statictask,SCRUBBED_TIME+LLAMA3-BWB_BMPD256_5_11_8
8,5,0,0,17,2,384,199.44,65.997691,bw,static,static,results,Results,Results_LLAMA31,LLAMA3-BWB-Results,simulator_output_LLAMA3-BWB_bwplacement_bs8_staticreq_statictask,SCRUBBED_TIME+LLAMA3-BWB_BMPD384_5_17_2
8,5,0,0,16,3,384,268.32,65.997691,bw,static,static,results,Results,Results_LLAMA31,LLAMA3-BWB-Results,simulator_output_LLAMA3-BWB_bwplacement_bs8_staticreq_statictask,SCRUBBED_TIME+LLAMA3-BWB_BMPD384_5_16_3
8,4,0,0,18,2,384,198.24,66.02309371428572,bw,static,static,results,Results,Results_LLAMA31,LLAMA3-BWB-Results,simulator_output_LLAMA3-BWB_bwplacement_bs8_staticreq_statictask,SCRUBBED_TIME+LLAMA3-BWB_BMPD384_4_18_2
8,4,0,0,14,6,384,401.6,66.17925085714286,bw,static,static,results,Results,Results_LLAMA31,LLAMA3-BWB-Results,simulator_output_LLAMA3-BWB_bwplacement_bs8_staticreq_statictask,SCRUBBED_TIME+LLAMA3-BWB_BMPD384_4_14_6
8,5,0,0,12,7,384,470.0,66.271141,bw,static,static,results,Results,Results_LLAMA31,LLAMA3-BWB-Results,simulator_output_LLAMA3-BWB_bwplacement_bs8_staticreq_statictask,SCRUBBED_TIME+LLAMA3-BWB_BMPD384_5_12_7
8,13,0,0,9,2,256,115.52,66.51213418181818,bw,static,static,results,Results,Results_LLAMA31,LLAMA3-BWB-Results,simulator_output_LLAMA3-BWB_bwplacement_bs8_staticreq_statictask,SCRUBBED_TIME+LLAMA3-BWB_BMPD256_13_9_2
8,7,0,0,9,8,256,394.48,66.51213418181818,bw,static,static,results,Results,Results_LLAMA31,LLAMA3-BWB-Results,simulator_output_LLAMA3-BWB_bwplacement_bs8_staticreq_statictask,SCRUBBED_TIME+LLAMA3-BWB_BMPD256_7_9_8
8,6,0,0,14,4,256,222.72,66.73455466666667,bw,static,static,results,Results,Results_LLAMA31,LLAMA3-BWB-Results,simulator_output_LLAMA3-BWB_bwplacement_bs8_staticreq_statictask,SCRUBBED_TIME+LLAMA3-BWB_BMPD256_6_14_4
8,6,0,0,15,3,256,173.44,66.80704355555555,bw,static,static,results,Results,Results_LLAMA31,LLAMA3-BWB-Results,simulator_output_LLAMA3-BWB_bwplacement_bs8_staticreq_statictask,SCRUBBED_TIME+LLAMA3-BWB_BMPD256_6_15_3
8,6,0,0,13,5,256,240.72,66.821488,bw,static,static,results,Results,Results_LLAMA31,LLAMA3-BWB-Results,simulator_output_LLAMA3-BWB_bwplacement_bs8_staticreq_statictask,SCRUBBED_TIME+LLAMA3-BWB_BMPD256_6_13_5
8,5,0,0,9,10,384,525.92,66.899616,bw,static,static,results,Results,Results_LLAMA31,LLAMA3-BWB-Results,simulator_output_LLAMA3-BWB_bwplacement_bs8_staticreq_statictask,SCRUBBED_TIME+LLAMA3-BWB_BMPD384_5_9_10
8,6,0,0,17,1,384,116.88,66.91880666666667,bw,static,static,results,Results,Results_LLAMA31,LLAMA3-BWB-Results,simulator_output_LLAMA3-BWB_bwplacement_bs8_staticreq_statictask,SCRUBBED_TIME+LLAMA3-BWB_BMPD384_6_17_1
8,6,0,0,16,2,384,199.84,66.91880666666667,bw,static,static,results,Results,Results_LLAMA31,LLAMA3-BWB-Results,simulator_output_LLAMA3-BWB_bwplacement_bs8_staticreq_statictask,SCRUBBED_TIME+LLAMA3-BWB_BMPD384_6_16_2
8,11,0,0,12,1,256,67.76,66.93641046153846,bw,static,static,results,Results,Results_LLAMA31,LLAMA3-BWB-Results,simulator_output_LLAMA3-BWB_bwplacement_bs8_staticreq_statictask,SCRUBBED_TIME+LLAMA3-BWB_BMPD256_11_12_1
8,6,0,0,12,6,384,430.64,67.16524,bw,static,static,results,Results,Results_LLAMA31,LLAMA3-BWB-Results,simulator_output_LLAMA3-BWB_bwplacement_bs8_staticreq_statictask,SCRUBBED_TIME+LLAMA3-BWB_BMPD384_6_12_6
8,5,0,0,14,5,384,378.32,67.184241,bw,static,static,results,Results,Results_LLAMA31,LLAMA3-BWB-Results,simulator_output_LLAMA3-BWB_bwplacement_bs8_staticreq_statictask,SCRUBBED_TIME+LLAMA3-BWB_BMPD384_5_14_5
8,5,0,0,18,1,384,115.52,67.367166,bw,static,static,results,Results,Results_LLAMA31,LLAMA3-BWB-Results,simulator_output_LLAMA3-BWB_bwplacement_bs8_staticreq_statictask,SCRUBBED_TIME+LLAMA3-BWB_BMPD384_5_18_1
8,6,0,0,9,9,384,528.08,67.72051777777777,bw,static,static,results,Results,Results_LLAMA31,LLAMA3-BWB-Results,simulator_output_LLAMA3-BWB_bwplacement_bs8_staticreq_statictask,SCRUBBED_TIME+LLAMA3-BWB_BMPD384_6_9_9
8,2,0,0,21,1,512,114.8,68.05844266666668,bw,static,static,results,Results,Results_LLAMA31,LLAMA3-BWB-Results,simulator_output_LLAMA3-BWB_bwplacement_bs8_staticreq_statictask,SCRUBBED_TIME+LLAMA3-BWB_BMPD512_2_21_1
8,2,0,0,20,2,512,185.92,68.05844266666668,bw,static,static,results,Results,Results_LLAMA31,LLAMA3-BWB-Results,simulator_output_LLAMA3-BWB_bwplacement_bs8_staticreq_statictask,SCRUBBED_TIME+LLAMA3-BWB_BMPD512_2_20_2
8,6,0,0,14,4,384,325.2,68.37967333333333,bw,static,static,results,Results,Results_LLAMA31,LLAMA3-BWB-Results,simulator_output_LLAMA3-BWB_bwplacement_bs8_staticreq_statictask,SCRUBBED_TIME+LLAMA3-BWB_BMPD384_6_14_4
8,5,0,0,8,11,384,497.44,68.4081035,bw,static,static,results,Results,Results_LLAMA31,LLAMA3-BWB-Results,simulator_output_LLAMA3-BWB_bwplacement_bs8_staticreq_statictask,SCRUBBED_TIME+LLAMA3-BWB_BMPD384_5_8_11
8,7,0,0,8,9,256,345.36,68.41273418181818,bw,static,static,results,Results,Results_LLAMA31,LLAMA3-BWB-Results,simulator_output_LLAMA3-BWB_bwplacement_bs8_staticreq_statictask,SCRUBBED_TIME+LLAMA3-BWB_BMPD256_7_8_9
8,3,0,0,6,15,384,295.84,68.481114,bw,static,static,results,Results,Results_LLAMA31,LLAMA3-BWB-Results,simulator_output_LLAMA3-BWB_bwplacement_bs8_staticreq_statictask,SCRUBBED_TIME+LLAMA3-BWB_BMPD384_3_6_15
8,7,0,0,16,1,384,117.28,68.61715018181819,bw,static,static,results,Results,Results_LLAMA31,LLAMA3-BWB-Results,simulator_output_LLAMA3-BWB_bwplacement_bs8_staticreq_statictask,SCRUBBED_TIME+LLAMA3-BWB_BMPD384_7_16_1
8,15,0,0,8,1,384,92.64,68.98214,bw,static,static,results,Results,Results_LLAMA31,LLAMA3-BWB-Results,simulator_output_LLAMA3-BWB_bwplacement_bs8_staticreq_statictask,SCRUBBED_TIME+LLAMA3-BWB_BMPD384_15_8_1
8,6,0,0,8,10,384,537.52,68.98214,bw,static,static,results,Results,Results_LLAMA31,LLAMA3-BWB-Results,simulator_output_LLAMA3-BWB_bwplacement_bs8_staticreq_statictask,SCRUBBED_TIME+LLAMA3-BWB_BMPD384_6_8_10
8,3,0,0,3,18,256,172.48,68.997773,bw,static,static,results,Results,Results_LLAMA31,LLAMA3-BWB-Results,simulator_output_LLAMA3-BWB_bwplacement_bs8_staticreq_statictask,SCRUBBED_TIME+LLAMA3-BWB_BMPD256_3_3_18
8,13,0,0,8,3,256,148.56,69.05373418181819,bw,static,static,results,Results,Results_LLAMA31,LLAMA3-BWB-Results,simulator_output_LLAMA3-BWB_bwplacement_bs8_staticreq_statictask,SCRUBBED_TIME+LLAMA3-BWB_BMPD256_13_8_3
8,6,0,0,11,7,256,274.24,69.17045466666667,bw,static,static,results,Results,Results_LLAMA31,LLAMA3-BWB-Results,simulator_output_LLAMA3-BWB_bwplacement_bs8_staticreq_statictask,SCRUBBED_TIME+LLAMA3-BWB_BMPD256_6_11_7
8,7,0,0,12,5,384,377.68,69.221932,bw,static,static,results,Results,Results_LLAMA31,LLAMA3-BWB-Results,simulator_output_LLAMA3-BWB_bwplacement_bs8_staticreq_statictask,SCRUBBED_TIME+LLAMA3-BWB_BMPD384_7_12_5
8,6,0,0,10,8,256,350.96,69.2329991111111,bw,static,static,results,Results,Results_LLAMA31,LLAMA3-BWB-Results,simulator_output_LLAMA3-BWB_bwplacement_bs8_staticreq_statictask,SCRUBBED_TIME+LLAMA3-BWB_BMPD256_6_10_8
8,5,0,0,13,6,384,395.76,69.263466,bw,static,static,results,Results,Results_LLAMA31,LLAMA3-BWB-Results,simulator_output_LLAMA3-BWB_bwplacement_bs8_staticreq_statictask,SCRUBBED_TIME+LLAMA3-BWB_BMPD384_5_13_6
8,4,0,0,15,5,384,348.24,69.46657942857144,bw,static,static,results,Results,Results_LLAMA31,LLAMA3-BWB-Results,simulator_output_LLAMA3-BWB_bwplacement_bs8_staticreq_statictask,SCRUBBED_TIME+LLAMA3-BWB_BMPD384_4_15_5
8,14,0,0,9,1,384,97.36,69.5789312,bw,static,static,results,Results,Results_LLAMA31,LLAMA3-BWB-Results,simulator_output_LLAMA3-BWB_bwplacement_bs8_staticreq_statictask,SCRUBBED_TIME+LLAMA3-BWB_BMPD384_14_9_1
8,7,0,0,14,3,256,175.6,69.66254327272726,bw,static,static,results,Results,Results_LLAMA31,LLAMA3-BWB-Results,simulator_output_LLAMA3-BWB_bwplacement_bs8_staticreq_statictask,SCRUBBED_TIME+LLAMA3-BWB_BMPD256_7_14_3
8,5,0,0,10,9,384,460.48,69.7257535,bw,static,static,results,Results,Results_LLAMA31,LLAMA3-BWB-Results,simulator_output_LLAMA3-BWB_bwplacement_bs8_staticreq_statictask,SCRUBBED_TIME+LLAMA3-BWB_BMPD384_5_10_9
8,7,0,0,15,2,256,119.36,70.0926250909091,bw,static,static,results,Results,Results_LLAMA31,LLAMA3-BWB-Results,simulator_output_LLAMA3-BWB_bwplacement_bs8_staticreq_statictask,SCRUBBED_TIME+LLAMA3-BWB_BMPD256_7_15_2
8,3,0,0,20,1,512,115.28,70.140024,bw,static,static,results,Results,Results_LLAMA31,LLAMA3-BWB-Results,simulator_output_LLAMA3-BWB_bwplacement_bs8_staticreq_statictask,SCRUBBED_TIME+LLAMA3-BWB_BMPD512_3_20_1
8,3,0,0,19,2,512,184.72,70.140024,bw,static,static,results,Results,Results_LLAMA31,LLAMA3-BWB-Results,simulator_output_LLAMA3-BWB_bwplacement_bs8_staticreq_statictask,SCRUBBED_TIME+LLAMA3-BWB_BMPD512_3_19_2
8,3,0,0,18,3,512,244.96,70.140024,bw,static,static,results,Results,Results_LLAMA31,LLAMA3-BWB-Results,simulator_output_LLAMA3-BWB_bwplacement_bs8_staticreq_statictask,SCRUBBED_TIME+LLAMA3-BWB_BMPD512_3_18_3
8,3,0,0,16,5,512,266.88,70.140024,bw,static,static,results,Results,Results_LLAMA31,LLAMA3-BWB-Results,simulator_output_LLAMA3-BWB_bwplacement_bs8_staticreq_statictask,SCRUBBED_TIME+LLAMA3-BWB_BMPD512_3_16_5
8,3,0,0,15,6,512,278.24,70.140024,bw,static,static,results,Results,Results_LLAMA31,LLAMA3-BWB-Results,simulator_output_LLAMA3-BWB_bwplacement_bs8_staticreq_statictask,SCRUBBED_TIME+LLAMA3-BWB_BMPD512_3_15_6
8,3,0,0,17,4,512,292.24,70.140024,bw,static,static,results,Results,Results_LLAMA31,LLAMA3-BWB-Results,simulator_output_LLAMA3-BWB_bwplacement_bs8_staticreq_statictask,SCRUBBED_TIME+LLAMA3-BWB_BMPD512_3_17_4
8,3,0,0,14,7,512,295.2,70.140024,bw,static,static,results,Results,Results_LLAMA31,LLAMA3-BWB-Results,simulator_output_LLAMA3-BWB_bwplacement_bs8_staticreq_statictask,SCRUBBED_TIME+LLAMA3-BWB_BMPD512_3_14_7
8,4,0,0,11,9,384,406.56,70.22257942857144,bw,static,static,results,Results,Results_LLAMA31,LLAMA3-BWB-Results,simulator_output_LLAMA3-BWB_bwplacement_bs8_staticreq_statictask,SCRUBBED_TIME+LLAMA3-BWB_BMPD384_4_11_9
8,3,0,0,9,12,512,320.4,70.358424,bw,static,static,results,Results,Results_LLAMA31,LLAMA3-BWB-Results,simulator_output_LLAMA3-BWB_bwplacement_bs8_staticreq_statictask,SCRUBBED_TIME+LLAMA3-BWB_BMPD512_3_9_12
8,12,0,0,9,3,256,147.6,70.65599066666667,bw,static,static,results,Results,Results_LLAMA31,LLAMA3-BWB-Results,simulator_output_LLAMA3-BWB_bwplacement_bs8_staticreq_statictask,SCRUBBED_TIME+LLAMA3-BWB_BMPD256_12_9_3
8,10,0,0,12,2,256,117.76,70.73450628571429,bw,static,static,results,Results,Results_LLAMA31,LLAMA3-BWB-Results,simulator_output_LLAMA3-BWB_bwplacement_bs8_staticreq_statictask,SCRUBBED_TIME+LLAMA3-BWB_BMPD256_10_12_2
8,4,0,0,7,13,256,257.84,70.87732514285715,bw,static,static,results,Results,Results_LLAMA31,LLAMA3-BWB-Results,simulator_output_LLAMA3-BWB_bwplacement_bs8_staticreq_statictask,SCRUBBED_TIME+LLAMA3-BWB_BMPD256_4_7_13
8,3,0,0,8,13,512,300.0,71.009024,bw,static,static,results,Results,Results_LLAMA31,LLAMA3-BWB-Results,simulator_output_LLAMA3-BWB_bwplacement_bs8_staticreq_statictask,SCRUBBED_TIME+LLAMA3-BWB_BMPD512_3_8_13
8,5,0,0,15,4,384,300.4,71.027566,bw,static,static,results,Results,Results_LLAMA31,LLAMA3-BWB-Results,simulator_output_LLAMA3-BWB_bwplacement_bs8_staticreq_statictask,SCRUBBED_TIME+LLAMA3-BWB_BMPD384_5_15_4
8,6,0,0,13,5,384,361.28,71.04136222222222,bw,static,static,results,Results,Results_LLAMA31,LLAMA3-BWB-Results,simulator_output_LLAMA3-BWB_bwplacement_bs8_staticreq_statictask,SCRUBBED_TIME+LLAMA3-BWB_BMPD384_6_13_5
8,2,0,0,2,20,256,122.24,71.29329333333332,bw,static,static,results,Results,Results_LLAMA31,LLAMA3-BWB-Results,simulator_output_LLAMA3-BWB_bwplacement_bs8_staticreq_statictask,SCRUBBED_TIME+LLAMA3-BWB_BMPD256_2_2_20
8,3,0,0,7,14,512,291.12,71.654174,bw,static,static,results,Results,Results_LLAMA31,LLAMA3-BWB-Results,simulator_output_LLAMA3-BWB_bwplacement_bs8_staticreq_statictask,SCRUBBED_TIME+LLAMA3-BWB_BMPD512_3_7_14
8,6,0,0,10,8,384,497.84,71.80447333333333,bw,static,static,results,Results,Results_LLAMA31,LLAMA3-BWB-Results,simulator_output_LLAMA3-BWB_bwplacement_bs8_staticreq_statictask,SCRUBBED_TIME+LLAMA3-BWB_BMPD384_6_10_8
8,7,0,0,13,4,256,206.4,71.84475236363636,bw,static,static,results,Results,Results_LLAMA31,LLAMA3-BWB-Results,simulator_output_LLAMA3-BWB_bwplacement_bs8_staticreq_statictask,SCRUBBED_TIME+LLAMA3-BWB_BMPD256_7_13_4
8,3,0,0,13,8,512,302.96,71.896674,bw,static,static,results,Results,Results_LLAMA31,LLAMA3-BWB-Results,simulator_output_LLAMA3-BWB_bwplacement_bs8_staticreq_statictask,SCRUBBED_TIME+LLAMA3-BWB_BMPD512_3_13_8
8,3,0,0,11,10,512,291.52,71.898899,bw,static,static,results,Results,Results_LLAMA31,LLAMA3-BWB-Results,simulator_output_LLAMA3-BWB_bwplacement_bs8_staticreq_statictask,SCRUBBED_TIME+LLAMA3-BWB_BMPD512_3_11_10
8,3,0,0,10,11,512,297.6,71.911249,bw,static,static,results,Results,Results_LLAMA31,LLAMA3-BWB-Results,simulator_output_LLAMA3-BWB_bwplacement_bs8_staticreq_statictask,SCRUBBED_TIME+LLAMA3-BWB_BMPD512_3_10_11
8,3,0,0,12,9,512,301.36,72.064624,bw,static,static,results,Results,Results_LLAMA31,LLAMA3-BWB-Results,simulator_output_LLAMA3-BWB_bwplacement_bs8_staticreq_statictask,SCRUBBED_TIME+LLAMA3-BWB_BMPD512_3_12_9
8,6,0,0,15,3,384,247.52,72.13937333333332,bw,static,static,results,Results,Results_LLAMA31,LLAMA3-BWB-Results,simulator_output_LLAMA3-BWB_bwplacement_bs8_staticreq_statictask,SCRUBBED_TIME+LLAMA3-BWB_BMPD384_6_15_3
8,7,0,0,11,6,256,245.28,72.21046145454545,bw,static,static,results,Results,Results_LLAMA31,LLAMA3-BWB-Results,simulator_output_LLAMA3-BWB_bwplacement_bs8_staticreq_statictask,SCRUBBED_TIME+LLAMA3-BWB_BMPD256_7_11_6
8,5,0,0,11,8,384,446.08,72.4026035,bw,static,static,results,Results,Results_LLAMA31,LLAMA3-BWB-Results,simulator_output_LLAMA3-BWB_bwplacement_bs8_staticreq_statictask,SCRUBBED_TIME+LLAMA3-BWB_BMPD384_5_11_8
8,7,0,0,14,3,384,245.6,72.40268654545454,bw,static,static,results,Results,Results_LLAMA31,LLAMA3-BWB-Results,simulator_output_LLAMA3-BWB_bwplacement_bs8_staticreq_statictask,SCRUBBED_TIME+LLAMA3-BWB_BMPD384_7_14_3
8,14,0,0,8,2,384,155.2,72.51212120000001,bw,static,static,results,Results,Results_LLAMA31,LLAMA3-BWB-Results,simulator_output_LLAMA3-BWB_bwplacement_bs8_staticreq_statictask,SCRUBBED_TIME+LLAMA3-BWB_BMPD384_14_8_2
8,12,0,0,8,4,256,184.56,72.62915733333332,bw,static,static,results,Results,Results_LLAMA31,LLAMA3-BWB-Results,simulator_output_LLAMA3-BWB_bwplacement_bs8_staticreq_statictask,SCRUBBED_TIME+LLAMA3-BWB_BMPD256_12_8_4
8,3,0,0,6,15,512,295.6,72.837924,bw,static,static,results,Results,Results_LLAMA31,LLAMA3-BWB-Results,simulator_output_LLAMA3-BWB_bwplacement_bs8_staticreq_statictask,SCRUBBED_TIME+LLAMA3-BWB_BMPD512_3_6_15
8,3,0,0,4,17,384,256.48,72.858864,bw,static,static,results,Results,Results_LLAMA31,LLAMA3-BWB-Results,simulator_output_LLAMA3-BWB_bwplacement_bs8_staticreq_statictask,SCRUBBED_TIME+LLAMA3-BWB_BMPD384_3_4_17
8,9,0,0,12,3,256,154.72,72.92317146666667,bw,static,static,results,Results,Results_LLAMA31,LLAMA3-BWB-Results,simulator_output_LLAMA3-BWB_bwplacement_bs8_staticreq_statictask,SCRUBBED_TIME+LLAMA3-BWB_BMPD256_9_12_3
8,8,0,0,12,4,256,204.56,72.9254048,bw,static,static,results,Results,Results_LLAMA31,LLAMA3-BWB-Results,simulator_output_LLAMA3-BWB_bwplacement_bs8_staticreq_statictask,SCRUBBED_TIME+LLAMA3-BWB_BMPD256_8_12_4
8,13,0,0,9,2,384,166.08,72.97938654545455,bw,static,static,results,Results,Results_LLAMA31,LLAMA3-BWB-Results,simulator_output_LLAMA3-BWB_bwplacement_bs8_staticreq_statictask,SCRUBBED_TIME+LLAMA3-BWB_BMPD384_13_9_2
8,7,0,0,9,8,384,518.32,72.97938654545455,bw,static,static,results,Results,Results_LLAMA31,LLAMA3-BWB-Results,simulator_output_LLAMA3-BWB_bwplacement_bs8_staticreq_statictask,SCRUBBED_TIME+LLAMA3-BWB_BMPD384_7_9_8
8,11,0,0,12,1,384,93.12,73.277056,bw,static,static,results,Results,Results_LLAMA31,LLAMA3-BWB-Results,simulator_output_LLAMA3-BWB_bwplacement_bs8_staticreq_statictask,SCRUBBED_TIME+LLAMA3-BWB_BMPD384_11_12_1
8,6,0,0,11,7,384,402.8,73.40201777777777,bw,static,static,results,Results,Results_LLAMA31,LLAMA3-BWB-Results,simulator_output_LLAMA3-BWB_bwplacement_bs8_staticreq_statictask,SCRUBBED_TIME+LLAMA3-BWB_BMPD384_6_11_7
8,12,0,0,11,1,256,60.8,73.90668233333332,bw,static,static,results,Results,Results_LLAMA31,LLAMA3-BWB-Results,simulator_output_LLAMA3-BWB_bwplacement_bs8_staticreq_statictask,SCRUBBED_TIME+LLAMA3-BWB_BMPD256_12_11_1
8,4,0,0,5,15,256,239.76,74.19932514285715,bw,static,static,results,Results,Results_LLAMA31,LLAMA3-BWB-Results,simulator_output_LLAMA3-BWB_bwplacement_bs8_staticreq_statictask,SCRUBBED_TIME+LLAMA3-BWB_BMPD256_4_5_15
8,3,0,0,3,18,384,234.8,74.261339,bw,static,static,results,Results,Results_LLAMA31,LLAMA3-BWB-Results,simulator_output_LLAMA3-BWB_bwplacement_bs8_staticreq_statictask,SCRUBBED_TIME+LLAMA3-BWB_BMPD384_3_3_18
8,4,0,0,19,1,512,115.6,74.31733257142857,bw,static,static,results,Results,Results_LLAMA31,LLAMA3-BWB-Results,simulator_output_LLAMA3-BWB_bwplacement_bs8_staticreq_statictask,SCRUBBED_TIME+LLAMA3-BWB_BMPD512_4_19_1
8,4,0,0,18,2,512,185.68,74.31733257142857,bw,static,static,results,Results,Results_LLAMA31,LLAMA3-BWB-Results,simulator_output_LLAMA3-BWB_bwplacement_bs8_staticreq_statictask,SCRUBBED_TIME+LLAMA3-BWB_BMPD512_4_18_2
8,4,0,0,17,3,512,246.24,74.31733257142857,bw,static,static,results,Results,Results_LLAMA31,LLAMA3-BWB-Results,simulator_output_LLAMA3-BWB_bwplacement_bs8_staticreq_statictask,SCRUBBED_TIME+LLAMA3-BWB_BMPD512_4_17_3
8,4,0,0,16,4,512,315.84,74.31733257142857,bw,static,static,results,Results,Results_LLAMA31,LLAMA3-BWB-Results,simulator_output_LLAMA3-BWB_bwplacement_bs8_staticreq_statictask,SCRUBBED_TIME+LLAMA3-BWB_BMPD512_4_16_4
8,4,0,0,14,6,512,338.64,74.31733257142857,bw,static,static,results,Results,Results_LLAMA31,LLAMA3-BWB-Results,simulator_output_LLAMA3-BWB_bwplacement_bs8_staticreq_statictask,SCRUBBED_TIME+LLAMA3-BWB_BMPD512_4_14_6
8,2,0,0,21,1,640,99.44,74.41259866666667,bw,static,static,results,Results,Results_LLAMA31,LLAMA3-BWB-Results,simulator_output_LLAMA3-BWB_bwplacement_bs8_staticreq_statictask,SCRUBBED_TIME+LLAMA3-BWB_BMPD640_2_21_1
8,2,0,0,20,2,640,150.56,74.41259866666667,bw,static,static,results,Results,Results_LLAMA31,LLAMA3-BWB-Results,simulator_output_LLAMA3-BWB_bwplacement_bs8_staticreq_statictask,SCRUBBED_TIME+LLAMA3-BWB_BMPD640_2_20_2
8,2,0,0,15,7,640,188.32,74.41259866666667,bw,static,static,results,Results,Results_LLAMA31,LLAMA3-BWB-Results,simulator_output_LLAMA3-BWB_bwplacement_bs8_staticreq_statictask,SCRUBBED_TIME+LLAMA3-BWB_BMPD640_2_15_7
8,2,0,0,17,5,640,189.44,74.41259866666667,bw,static,static,results,Results,Results_LLAMA31,LLAMA3-BWB-Results,simulator_output_LLAMA3-BWB_bwplacement_bs8_staticreq_statictask,SCRUBBED_TIME+LLAMA3-BWB_BMPD640_2_17_5
8,2,0,0,16,6,640,192.32,74.41259866666667,bw,static,static,results,Results,Results_LLAMA31,LLAMA3-BWB-Results,simulator_output_LLAMA3-BWB_bwplacement_bs8_staticreq_statictask,SCRUBBED_TIME+LLAMA3-BWB_BMPD640_2_16_6
8,2,0,0,13,9,640,199.84,74.41259866666667,bw,static,static,results,Results,Results_LLAMA31,LLAMA3-BWB-Results,simulator_output_LLAMA3-BWB_bwplacement_bs8_staticreq_statictask,SCRUBBED_TIME+LLAMA3-BWB_BMPD640_2_13_9
8,2,0,0,12,10,640,201.52,74.41259866666667,bw,static,static,results,Results,Results_LLAMA31,LLAMA3-BWB-Results,simulator_output_LLAMA3-BWB_bwplacement_bs8_staticreq_statictask,SCRUBBED_TIME+LLAMA3-BWB_BMPD640_2_12_10
8,2,0,0,18,4,640,202.88,74.41259866666667,bw,static,static,results,Results,Results_LLAMA31,LLAMA3-BWB-Results,simulator_output_LLAMA3-BWB_bwplacement_bs8_staticreq_statictask,SCRUBBED_TIME+LLAMA3-BWB_BMPD640_2_18_4
8,2,0,0,3,19,512,208.88,74.44154266666668,bw,static,static,results,Results,Results_LLAMA31,LLAMA3-BWB-Results,simulator_output_LLAMA3-BWB_bwplacement_bs8_staticreq_statictask,SCRUBBED_TIME+LLAMA3-BWB_BMPD512_2_3_19
8,2,0,0,5,17,512,208.56,74.55330933333333,bw,static,static,results,Results,Results_LLAMA31,LLAMA3-BWB-Results,simulator_output_LLAMA3-BWB_bwplacement_bs8_staticreq_statictask,SCRUBBED_TIME+LLAMA3-BWB_BMPD512_2_5_17
8,11,0,0,9,4,256,181.12,74.72733353846154,bw,static,static,results,Results,Results_LLAMA31,LLAMA3-BWB-Results,simulator_output_LLAMA3-BWB_bwplacement_bs8_staticreq_statictask,SCRUBBED_TIME+LLAMA3-BWB_BMPD256_11_9_4
8,2,0,0,14,8,640,200.96,74.84939866666667,bw,static,static,results,Results,Results_LLAMA31,LLAMA3-BWB-Results,simulator_output_LLAMA3-BWB_bwplacement_bs8_staticreq_statictask,SCRUBBED_TIME+LLAMA3-BWB_BMPD640_2_14_8
8,2,0,0,8,14,640,197.2,75.04749866666667,bw,static,static,results,Results,Results_LLAMA31,LLAMA3-BWB-Results,simulator_output_LLAMA3-BWB_bwplacement_bs8_staticreq_statictask,SCRUBBED_TIME+LLAMA3-BWB_BMPD640_2_8_14
8,7,0,0,15,2,384,183.44,75.24456836363636,bw,static,static,results,Results,Results_LLAMA31,LLAMA3-BWB-Results,simulator_output_LLAMA3-BWB_bwplacement_bs8_staticreq_statictask,SCRUBBED_TIME+LLAMA3-BWB_BMPD384_7_15_2
8,5,0,0,18,1,512,115.84,75.4090755,bw,static,static,results,Results,Results_LLAMA31,LLAMA3-BWB-Results,simulator_output_LLAMA3-BWB_bwplacement_bs8_staticreq_statictask,SCRUBBED_TIME+LLAMA3-BWB_BMPD512_5_18_1
8,5,0,0,17,2,512,186.72,75.4090755,bw,static,static,results,Results,Results_LLAMA31,LLAMA3-BWB-Results,simulator_output_LLAMA3-BWB_bwplacement_bs8_staticreq_statictask,SCRUBBED_TIME+LLAMA3-BWB_BMPD512_5_17_2
8,5,0,0,16,3,512,244.32,75.4090755,bw,static,static,results,Results,Results_LLAMA31,LLAMA3-BWB-Results,simulator_output_LLAMA3-BWB_bwplacement_bs8_staticreq_statictask,SCRUBBED_TIME+LLAMA3-BWB_BMPD512_5_16_3
8,5,0,0,14,5,512,324.64,75.4090755,bw,static,static,results,Results,Results_LLAMA31,LLAMA3-BWB-Results,simulator_output_LLAMA3-BWB_bwplacement_bs8_staticreq_statictask,SCRUBBED_TIME+LLAMA3-BWB_BMPD512_5_14_5
8,2,0,0,19,3,640,176.64,75.55366533333333,bw,static,static,results,Results,Results_LLAMA31,LLAMA3-BWB-Results,simulator_output_LLAMA3-BWB_bwplacement_bs8_staticreq_statictask,SCRUBBED_TIME+LLAMA3-BWB_BMPD640_2_19_3
8,2,0,0,11,11,640,195.36,75.55366533333333,bw,static,static,results,Results,Results_LLAMA31,LLAMA3-BWB-Results,simulator_output_LLAMA3-BWB_bwplacement_bs8_staticreq_statictask,SCRUBBED_TIME+LLAMA3-BWB_BMPD640_2_11_11
8,13,0,0,10,1,256,65.6,75.90517963636364,bw,static,static,results,Results,Results_LLAMA31,LLAMA3-BWB-Results,simulator_output_LLAMA3-BWB_bwplacement_bs8_staticreq_statictask,SCRUBBED_TIME+LLAMA3-BWB_BMPD256_13_10_1
8,7,0,0,10,7,256,251.68,75.90517963636364,bw,static,static,results,Results,Results_LLAMA31,LLAMA3-BWB-Results,simulator_output_LLAMA3-BWB_bwplacement_bs8_staticreq_statictask,SCRUBBED_TIME+LLAMA3-BWB_BMPD256_7_10_7
8,2,0,0,9,13,640,186.96,76.04409866666667,bw,static,static,results,Results,Results_LLAMA31,LLAMA3-BWB-Results,simulator_output_LLAMA3-BWB_bwplacement_bs8_staticreq_statictask,SCRUBBED_TIME+LLAMA3-BWB_BMPD640_2_9_13
8,2,0,0,10,12,640,186.88,76.11106533333333,bw,static,static,results,Results,Results_LLAMA31,LLAMA3-BWB-Results,simulator_output_LLAMA3-BWB_bwplacement_bs8_staticreq_statictask,SCRUBBED_TIME+LLAMA3-BWB_BMPD640_2_10_12
8,4,0,0,7,13,384,342.24,76.45723657142857,bw,static,static,results,Results,Results_LLAMA31,LLAMA3-BWB-Results,simulator_output_LLAMA3-BWB_bwplacement_bs8_staticreq_statictask,SCRUBBED_TIME+LLAMA3-BWB_BMPD384_4_7_13
8,6,0,0,17,1,512,115.92,76.46667822222223,bw,static,static,results,Results,Results_LLAMA31,LLAMA3-BWB-Results,simulator_output_LLAMA3-BWB_bwplacement_bs8_staticreq_statictask,SCRUBBED_TIME+LLAMA3-BWB_BMPD512_6_17_1
8,6,0,0,16,2,512,186.48,76.46667822222223,bw,static,static,results,Results,Results_LLAMA31,LLAMA3-BWB-Results,simulator_output_LLAMA3-BWB_bwplacement_bs8_staticreq_statictask,SCRUBBED_TIME+LLAMA3-BWB_BMPD512_6_16_2
8,7,0,0,13,4,384,304.4,76.47897745454546,bw,static,static,results,Results,Results_LLAMA31,LLAMA3-BWB-Results,simulator_output_LLAMA3-BWB_bwplacement_bs8_staticreq_statictask,SCRUBBED_TIME+LLAMA3-BWB_BMPD384_7_13_4
8,6,0,0,14,4,512,302.96,76.57628933333334,bw,static,static,results,Results,Results_LLAMA31,LLAMA3-BWB-Results,simulator_output_LLAMA3-BWB_bwplacement_bs8_staticreq_statictask,SCRUBBED_TIME+LLAMA3-BWB_BMPD512_6_14_4
8,3,0,0,20,1,640,99.44,76.692173,bw,static,static,results,Results,Results_LLAMA31,LLAMA3-BWB-Results,simulator_output_LLAMA3-BWB_bwplacement_bs8_staticreq_statictask,SCRUBBED_TIME+LLAMA3-BWB_BMPD640_3_20_1
8,3,0,0,18,3,640,192.0,76.692173,bw,static,static,results,Results,Results_LLAMA31,LLAMA3-BWB-Results,simulator_output_LLAMA3-BWB_bwplacement_bs8_staticreq_statictask,SCRUBBED_TIME+LLAMA3-BWB_BMPD640_3_18_3
8,3,0,0,16,5,640,215.68,76.692173,bw,static,static,results,Results,Results_LLAMA31,LLAMA3-BWB-Results,simulator_output_LLAMA3-BWB_bwplacement_bs8_staticreq_statictask,SCRUBBED_TIME+LLAMA3-BWB_BMPD640_3_16_5
8,3,0,0,17,4,640,220.96,76.692173,bw,static,static,results,Results,Results_LLAMA31,LLAMA3-BWB-Results,simulator_output_LLAMA3-BWB_bwplacement_bs8_staticreq_statictask,SCRUBBED_TIME+LLAMA3-BWB_BMPD640_3_17_4
8,3,0,0,13,8,640,247.6,76.692173,bw,static,static,results,Results,Results_LLAMA31,LLAMA3-BWB-Results,simulator_output_LLAMA3-BWB_bwplacement_bs8_staticreq_statictask,SCRUBBED_TIME+LLAMA3-BWB_BMPD640_3_13_8
8,3,0,0,15,6,640,215.12,76.708198,bw,static,static,results,Results,Results_LLAMA31,LLAMA3-BWB-Results,simulator_output_LLAMA3-BWB_bwplacement_bs8_staticreq_statictask,SCRUBBED_TIME+LLAMA3-BWB_BMPD640_3_15_6
8,7,0,0,11,6,384,338.96,76.73990472727273,bw,static,static,results,Results,Results_LLAMA31,LLAMA3-BWB-Results,simulator_output_LLAMA3-BWB_bwplacement_bs8_staticreq_statictask,SCRUBBED_TIME+LLAMA3-BWB_BMPD384_7_11_6
8,16,0,0,7,1,256,62.72,76.741772,bw,static,static,results,Results,Results_LLAMA31,LLAMA3-BWB-Results,simulator_output_LLAMA3-BWB_bwplacement_bs8_staticreq_statictask,SCRUBBED_TIME+LLAMA3-BWB_BMPD256_16_7_1
8,11,0,0,8,5,256,183.04,76.77490276923076,bw,static,static,results,Results,Results_LLAMA31,LLAMA3-BWB-Results,simulator_output_LLAMA3-BWB_bwplacement_bs8_staticreq_statictask,SCRUBBED_TIME+LLAMA3-BWB_BMPD256_11_8_5
8,4,0,0,9,11,512,395.2,76.993704,bw,static,static,results,Results,Results_LLAMA31,LLAMA3-BWB-Results,simulator_output_LLAMA3-BWB_bwplacement_bs8_staticreq_statictask,SCRUBBED_TIME+LLAMA3-BWB_BMPD512_4_9_11
8,11,0,0,11,2,256,106.32,77.0703796923077,bw,static,static,results,Results,Results_LLAMA31,LLAMA3-BWB-Results,simulator_output_LLAMA3-BWB_bwplacement_bs8_staticreq_statictask,SCRUBBED_TIME+LLAMA3-BWB_BMPD256_11_11_2
8,5,0,0,8,11,512,438.08,77.1049005,bw,static,static,results,Results,Results_LLAMA31,LLAMA3-BWB-Results,simulator_output_LLAMA3-BWB_bwplacement_bs8_staticreq_statictask,SCRUBBED_TIME+LLAMA3-BWB_BMPD512_5_8_11
8,13,0,0,8,3,384,191.68,77.19095927272727,bw,static,static,results,Results,Results_LLAMA31,LLAMA3-BWB-Results,simulator_output_LLAMA3-BWB_bwplacement_bs8_staticreq_statictask,SCRUBBED_TIME+LLAMA3-BWB_BMPD384_13_8_3
8,7,0,0,8,9,384,421.36,77.19095927272727,bw,static,static,results,Results,Results_LLAMA31,LLAMA3-BWB-Results,simulator_output_LLAMA3-BWB_bwplacement_bs8_staticreq_statictask,SCRUBBED_TIME+LLAMA3-BWB_BMPD384_7_8_9
8,3,0,0,12,9,640,231.44,77.210573,bw,static,static,results,Results,Results_LLAMA31,LLAMA3-BWB-Results,simulator_output_LLAMA3-BWB_bwplacement_bs8_staticreq_statictask,SCRUBBED_TIME+LLAMA3-BWB_BMPD640_3_12_9
8,5,0,0,7,12,256,232.4,77.2330595,bw,static,static,results,Results,Results_LLAMA31,LLAMA3-BWB-Results,simulator_output_LLAMA3-BWB_bwplacement_bs8_staticreq_statictask,SCRUBBED_TIME+LLAMA3-BWB_BMPD256_5_7_12
8,3,0,0,14,7,640,208.24,77.508073,bw,static,static,results,Results,Results_LLAMA31,LLAMA3-BWB-Results,simulator_output_LLAMA3-BWB_bwplacement_bs8_staticreq_statictask,SCRUBBED_TIME+LLAMA3-BWB_BMPD640_3_14_7
8,4,0,0,15,5,512,287.84,77.61218971428572,bw,static,static,results,Results,Results_LLAMA31,LLAMA3-BWB-Results,simulator_output_LLAMA3-BWB_bwplacement_bs8_staticreq_statictask,SCRUBBED_TIME+LLAMA3-BWB_BMPD512_4_15_5
8,10,0,0,12,2,384,160.72,77.69391342857143,bw,static,static,results,Results,Results_LLAMA31,LLAMA3-BWB-Results,simulator_output_LLAMA3-BWB_bwplacement_bs8_staticreq_statictask,SCRUBBED_TIME+LLAMA3-BWB_BMPD384_10_12_2
8,12,0,0,9,3,384,197.36,77.72198566666667,bw,static,static,results,Results,Results_LLAMA31,LLAMA3-BWB-Results,simulator_output_LLAMA3-BWB_bwplacement_bs8_staticreq_statictask,SCRUBBED_TIME+LLAMA3-BWB_BMPD384_12_9_3
8,4,0,0,6,14,256,204.88,77.76231085714285,bw,static,static,results,Results,Results_LLAMA31,LLAMA3-BWB-Results,simulator_output_LLAMA3-BWB_bwplacement_bs8_staticreq_statictask,SCRUBBED_TIME+LLAMA3-BWB_BMPD256_4_6_14
8,15,0,0,8,1,512,81.6,77.84653377777778,bw,static,static,results,Results,Results_LLAMA31,LLAMA3-BWB-Results,simulator_output_LLAMA3-BWB_bwplacement_bs8_staticreq_statictask,SCRUBBED_TIME+LLAMA3-BWB_BMPD512_15_8_1
8,6,0,0,8,10,512,437.36,77.84653377777778,bw,static,static,results,Results,Results_LLAMA31,LLAMA3-BWB-Results,simulator_output_LLAMA3-BWB_bwplacement_bs8_staticreq_statictask,SCRUBBED_TIME+LLAMA3-BWB_BMPD512_6_8_10
8,12,0,0,10,2,256,112.64,78.00125733333333,bw,static,static,results,Results,Results_LLAMA31,LLAMA3-BWB-Results,simulator_output_LLAMA3-BWB_bwplacement_bs8_staticreq_statictask,SCRUBBED_TIME+LLAMA3-BWB_BMPD256_12_10_2
8,4,0,0,5,15,384,320.8,78.156208,bw,static,static,results,Results,Results_LLAMA31,LLAMA3-BWB-Results,simulator_output_LLAMA3-BWB_bwplacement_bs8_staticreq_statictask,SCRUBBED_TIME+LLAMA3-BWB_BMPD384_4_5_15
8,2,0,0,2,20,384,153.04,78.381216,bw,static,static,results,Results,Results_LLAMA31,LLAMA3-BWB-Results,simulator_output_LLAMA3-BWB_bwplacement_bs8_staticreq_statictask,SCRUBBED_TIME+LLAMA3-BWB_BMPD384_2_2_20
8,7,0,0,16,1,512,116.16,78.41752654545455,bw,static,static,results,Results,Results_LLAMA31,LLAMA3-BWB-Results,simulator_output_LLAMA3-BWB_bwplacement_bs8_staticreq_statictask,SCRUBBED_TIME+LLAMA3-BWB_BMPD512_7_16_1
8,3,0,0,8,13,640,222.72,78.528823,bw,static,static,results,Results,Results_LLAMA31,LLAMA3-BWB-Results,simulator_output_LLAMA3-BWB_bwplacement_bs8_staticreq_statictask,SCRUBBED_TIME+LLAMA3-BWB_BMPD640_3_8_13
8,3,0,0,19,2,640,145.04,78.582698,bw,static,static,results,Results,Results_LLAMA31,LLAMA3-BWB-Results,simulator_output_LLAMA3-BWB_bwplacement_bs8_staticreq_statictask,SCRUBBED_TIME+LLAMA3-BWB_BMPD640_3_19_2
8,3,0,0,11,10,640,217.44,78.582723,bw,static,static,results,Results,Results_LLAMA31,LLAMA3-BWB-Results,simulator_output_LLAMA3-BWB_bwplacement_bs8_staticreq_statictask,SCRUBBED_TIME+LLAMA3-BWB_BMPD640_3_11_10
8,7,0,0,14,3,512,236.08,78.78818109090909,bw,static,static,results,Results,Results_LLAMA31,LLAMA3-BWB-Results,simulator_output_LLAMA3-BWB_bwplacement_bs8_staticreq_statictask,SCRUBBED_TIME+LLAMA3-BWB_BMPD512_7_14_3
8,3,0,0,10,11,640,222.32,79.000773,bw,static,static,results,Results,Results_LLAMA31,LLAMA3-BWB-Results,simulator_output_LLAMA3-BWB_bwplacement_bs8_staticreq_statictask,SCRUBBED_TIME+LLAMA3-BWB_BMPD640_3_10_11
8,9,0,0,14,1,256,69.04,79.0102648,bw,static,static,results,Results,Results_LLAMA31,LLAMA3-BWB-Results,simulator_output_LLAMA3-BWB_bwplacement_bs8_staticreq_statictask,SCRUBBED_TIME+LLAMA3-BWB_BMPD256_9_14_1
8,8,0,0,14,2,256,122.96,79.0102648,bw,static,static,results,Results,Results_LLAMA31,LLAMA3-BWB-Results,simulator_output_LLAMA3-BWB_bwplacement_bs8_staticreq_statictask,SCRUBBED_TIME+LLAMA3-BWB_BMPD256_8_14_2
8,5,0,0,15,4,512,266.48,79.1203005,bw,static,static,results,Results,Results_LLAMA31,LLAMA3-BWB-Results,simulator_output_LLAMA3-BWB_bwplacement_bs8_staticreq_statictask,SCRUBBED_TIME+LLAMA3-BWB_BMPD512_5_15_4
8,2,0,0,5,17,640,162.96,79.61209866666667,bw,static,static,results,Results,Results_LLAMA31,LLAMA3-BWB-Results,simulator_output_LLAMA3-BWB_bwplacement_bs8_staticreq_statictask,SCRUBBED_TIME+LLAMA3-BWB_BMPD640_2_5_17
8,4,0,0,10,10,512,339.12,79.63276114285715,bw,static,static,results,Results,Results_LLAMA31,LLAMA3-BWB-Results,simulator_output_LLAMA3-BWB_bwplacement_bs8_staticreq_statictask,SCRUBBED_TIME+LLAMA3-BWB_BMPD512_4_10_10
8,3,0,0,9,12,640,210.08,79.661773,bw,static,static,results,Results,Results_LLAMA31,LLAMA3-BWB-Results,simulator_output_LLAMA3-BWB_bwplacement_bs8_staticreq_statictask,SCRUBBED_TIME+LLAMA3-BWB_BMPD640_3_9_12
8,2,0,0,6,16,640,161.84,79.75206533333333,bw,static,static,results,Results,Results_LLAMA31,LLAMA3-BWB-Results,simulator_output_LLAMA3-BWB_bwplacement_bs8_staticreq_statictask,SCRUBBED_TIME+LLAMA3-BWB_BMPD640_2_6_16
8,13,0,0,10,1,384,96.4,79.76428654545455,bw,static,static,results,Results,Results_LLAMA31,LLAMA3-BWB-Results,simulator_output_LLAMA3-BWB_bwplacement_bs8_staticreq_statictask,SCRUBBED_TIME+LLAMA3-BWB_BMPD384_13_10_1
8,12,0,0,11,1,384,86.24,79.77327733333333,bw,static,static,results,Results,Results_LLAMA31,LLAMA3-BWB-Results,simulator_output_LLAMA3-BWB_bwplacement_bs8_staticreq_statictask,SCRUBBED_TIME+LLAMA3-BWB_BMPD384_12_11_1
8,2,0,0,7,15,640,160.96,79.779032,bw,static,static,results,Results,Results_LLAMA31,LLAMA3-BWB-Results,simulator_output_LLAMA3-BWB_bwplacement_bs8_staticreq_statictask,SCRUBBED_TIME+LLAMA3-BWB_BMPD640_2_7_15
8,9,0,0,12,3,384,202.08,79.95684746666667,bw,static,static,results,Results,Results_LLAMA31,LLAMA3-BWB-Results,simulator_output_LLAMA3-BWB_bwplacement_bs8_staticreq_statictask,SCRUBBED_TIME+LLAMA3-BWB_BMPD384_9_12_3
8,8,0,0,12,4,384,259.04,79.95684746666667,bw,static,static,results,Results,Results_LLAMA31,LLAMA3-BWB-Results,simulator_output_LLAMA3-BWB_bwplacement_bs8_staticreq_statictask,SCRUBBED_TIME+LLAMA3-BWB_BMPD384_8_12_4
8,7,0,0,10,7,384,359.36,80.05285927272726,bw,static,static,results,Results,Results_LLAMA31,LLAMA3-BWB-Results,simulator_output_LLAMA3-BWB_bwplacement_bs8_staticreq_statictask,SCRUBBED_TIME+LLAMA3-BWB_BMPD384_7_10_7
8,10,0,0,13,1,256,58.16,80.15371342857144,bw,static,static,results,Results,Results_LLAMA31,LLAMA3-BWB-Results,simulator_output_LLAMA3-BWB_bwplacement_bs8_staticreq_statictask,SCRUBBED_TIME+LLAMA3-BWB_BMPD256_10_13_1
8,8,0,0,15,1,256,52.96,80.17333813333335,bw,static,static,results,Results,Results_LLAMA31,LLAMA3-BWB-Results,simulator_output_LLAMA3-BWB_bwplacement_bs8_staticreq_statictask,SCRUBBED_TIME+LLAMA3-BWB_BMPD256_8_15_1
8,4,0,0,12,8,512,315.52,80.20844685714285,bw,static,static,results,Results,Results_LLAMA31,LLAMA3-BWB-Results,simulator_output_LLAMA3-BWB_bwplacement_bs8_staticreq_statictask,SCRUBBED_TIME+LLAMA3-BWB_BMPD512_4_12_8
8,6,0,0,15,3,512,231.36,80.25743377777778,bw,static,static,results,Results,Results_LLAMA31,LLAMA3-BWB-Results,simulator_output_LLAMA3-BWB_bwplacement_bs8_staticreq_statictask,SCRUBBED_TIME+LLAMA3-BWB_BMPD512_6_15_3
8,10,0,0,9,5,256,167.12,80.52079914285714,bw,static,static,results,Results,Results_LLAMA31,LLAMA3-BWB-Results,simulator_output_LLAMA3-BWB_bwplacement_bs8_staticreq_statictask,SCRUBBED_TIME+LLAMA3-BWB_BMPD256_10_9_5
8,4,0,0,11,9,512,331.2,80.522304,bw,static,static,results,Results,Results_LLAMA31,LLAMA3-BWB-Results,simulator_output_LLAMA3-BWB_bwplacement_bs8_staticreq_statictask,SCRUBBED_TIME+LLAMA3-BWB_BMPD512_4_11_9
8,10,0,0,11,3,256,133.36,80.53070628571429,bw,static,static,results,Results,Results_LLAMA31,LLAMA3-BWB-Results,simulator_output_LLAMA3-BWB_bwplacement_bs8_staticreq_statictask,SCRUBBED_TIME+LLAMA3-BWB_BMPD256_10_11_3
8,16,0,0,7,1,384,71.36,80.6109785,bw,static,static,results,Results,Results_LLAMA31,LLAMA3-BWB-Results,simulator_output_LLAMA3-BWB_bwplacement_bs8_staticreq_statictask,SCRUBBED_TIME+LLAMA3-BWB_BMPD384_16_7_1
8,5,0,0,7,12,384,321.28,80.6109785,bw,static,static,results,Results,Results_LLAMA31,LLAMA3-BWB-Results,simulator_output_LLAMA3-BWB_bwplacement_bs8_staticreq_statictask,SCRUBBED_TIME+LLAMA3-BWB_BMPD384_5_7_12
8,14,0,0,8,2,512,140.48,80.6374744,bw,static,static,results,Results,Results_LLAMA31,LLAMA3-BWB-Results,simulator_output_LLAMA3-BWB_bwplacement_bs8_staticreq_statictask,SCRUBBED_TIME+LLAMA3-BWB_BMPD512_14_8_2
8,4,0,0,13,7,512,297.28,80.64186114285715,bw,static,static,results,Results,Results_LLAMA31,LLAMA3-BWB-Results,simulator_output_LLAMA3-BWB_bwplacement_bs8_staticreq_statictask,SCRUBBED_TIME+LLAMA3-BWB_BMPD512_4_13_7
8,15,0,0,7,2,256,83.68,80.79749911111111,bw,static,static,results,Results,Results_LLAMA31,LLAMA3-BWB-Results,simulator_output_LLAMA3-BWB_bwplacement_bs8_staticreq_statictask,SCRUBBED_TIME+LLAMA3-BWB_BMPD256_15_7_2
8,6,0,0,7,11,256,214.96,80.79749911111111,bw,static,static,results,Results,Results_LLAMA31,LLAMA3-BWB-Results,simulator_output_LLAMA3-BWB_bwplacement_bs8_staticreq_statictask,SCRUBBED_TIME+LLAMA3-BWB_BMPD256_6_7_11
8,4,0,0,7,13,512,293.28,80.81887542857143,bw,static,static,results,Results,Results_LLAMA31,LLAMA3-BWB-Results,simulator_output_LLAMA3-BWB_bwplacement_bs8_staticreq_statictask,SCRUBBED_TIME+LLAMA3-BWB_BMPD512_4_7_13
8,5,0,0,9,10,512,351.36,80.9833755,bw,static,static,results,Results,Results_LLAMA31,LLAMA3-BWB-Results,simulator_output_LLAMA3-BWB_bwplacement_bs8_staticreq_statictask,SCRUBBED_TIME+LLAMA3-BWB_BMPD512_5_9_10
8,11,0,0,10,3,256,138.24,81.03401046153846,bw,static,static,results,Results,Results_LLAMA31,LLAMA3-BWB-Results,simulator_output_LLAMA3-BWB_bwplacement_bs8_staticreq_statictask,SCRUBBED_TIME+LLAMA3-BWB_BMPD256_11_10_3
8,3,0,0,5,16,512,205.52,81.109249,bw,static,static,results,Results,Results_LLAMA31,LLAMA3-BWB-Results,simulator_output_LLAMA3-BWB_bwplacement_bs8_staticreq_statictask,SCRUBBED_TIME+LLAMA3-BWB_BMPD512_3_5_16
8,4,0,0,6,14,384,288.4,81.14457942857143,bw,static,static,results,Results,Results_LLAMA31,LLAMA3-BWB-Results,simulator_output_LLAMA3-BWB_bwplacement_bs8_staticreq_statictask,SCRUBBED_TIME+LLAMA3-BWB_BMPD384_4_6_14
8,8,0,0,11,5,256,177.92,81.18979914285715,bw,static,static,results,Results,Results_LLAMA31,LLAMA3-BWB-Results,simulator_output_LLAMA3-BWB_bwplacement_bs8_staticreq_statictask,SCRUBBED_TIME+LLAMA3-BWB_BMPD256_8_11_5
8,4,0,0,18,2,640,151.2,81.27037542857143,bw,static,static,results,Results,Results_LLAMA31,LLAMA3-BWB-Results,simulator_output_LLAMA3-BWB_bwplacement_bs8_staticreq_statictask,SCRUBBED_TIME+LLAMA3-BWB_BMPD640_4_18_2
8,4,0,0,17,3,640,191.04,81.27037542857143,bw,static,static,results,Results,Results_LLAMA31,LLAMA3-BWB-Results,simulator_output_LLAMA3-BWB_bwplacement_bs8_staticreq_statictask,SCRUBBED_TIME+LLAMA3-BWB_BMPD640_4_17_3
8,4,0,0,16,4,640,237.2,81.27037542857143,bw,static,static,results,Results,Results_LLAMA31,LLAMA3-BWB-Results,simulator_output_LLAMA3-BWB_bwplacement_bs8_staticreq_statictask,SCRUBBED_TIME+LLAMA3-BWB_BMPD640_4_16_4
8,9,0,0,11,4,256,166.16,81.28073485714285,bw,static,static,results,Results,Results_LLAMA31,LLAMA3-BWB-Results,simulator_output_LLAMA3-BWB_bwplacement_bs8_staticreq_statictask,SCRUBBED_TIME+LLAMA3-BWB_BMPD256_9_11_4
8,8,0,0,15,1,384,102.64,81.30717907692308,bw,static,static,results,Results,Results_LLAMA31,LLAMA3-BWB-Results,simulator_output_LLAMA3-BWB_bwplacement_bs8_staticreq_statictask,SCRUBBED_TIME+LLAMA3-BWB_BMPD384_8_15_1
8,3,0,0,7,14,640,192.96,81.442273,bw,static,static,results,Results,Results_LLAMA31,LLAMA3-BWB-Results,simulator_output_LLAMA3-BWB_bwplacement_bs8_staticreq_statictask,SCRUBBED_TIME+LLAMA3-BWB_BMPD640_3_7_14
8,4,0,0,13,7,640,262.56,81.48447542857143,bw,static,static,results,Results,Results_LLAMA31,LLAMA3-BWB-Results,simulator_output_LLAMA3-BWB_bwplacement_bs8_staticreq_statictask,SCRUBBED_TIME+LLAMA3-BWB_BMPD640_4_13_7
8,4,0,0,15,5,640,238.32,81.57128971428571,bw,static,static,results,Results,Results_LLAMA31,LLAMA3-BWB-Results,simulator_output_LLAMA3-BWB_bwplacement_bs8_staticreq_statictask,SCRUBBED_TIME+LLAMA3-BWB_BMPD640_4_15_5
8,12,0,0,8,4,384,215.68,81.829919,bw,static,static,results,Results,Results_LLAMA31,LLAMA3-BWB-Results,simulator_output_LLAMA3-BWB_bwplacement_bs8_staticreq_statictask,SCRUBBED_TIME+LLAMA3-BWB_BMPD384_12_8_4
8,9,0,0,14,1,384,89.6,81.93178746666666,bw,static,static,results,Results,Results_LLAMA31,LLAMA3-BWB-Results,simulator_output_LLAMA3-BWB_bwplacement_bs8_staticreq_statictask,SCRUBBED_TIME+LLAMA3-BWB_BMPD384_9_14_1
8,8,0,0,14,2,384,162.56,81.93178746666666,bw,static,static,results,Results,Results_LLAMA31,LLAMA3-BWB-Results,simulator_output_LLAMA3-BWB_bwplacement_bs8_staticreq_statictask,SCRUBBED_TIME+LLAMA3-BWB_BMPD384_8_14_2
8,3,0,0,4,17,512,192.32,82.196774,bw,static,static,results,Results,Results_LLAMA31,LLAMA3-BWB-Results,simulator_output_LLAMA3-BWB_bwplacement_bs8_staticreq_statictask,SCRUBBED_TIME+LLAMA3-BWB_BMPD512_3_4_17
8,16,0,0,5,3,256,86.48,82.3163095,bw,static,static,results,Results,Results_LLAMA31,LLAMA3-BWB-Results,simulator_output_LLAMA3-BWB_bwplacement_bs8_staticreq_statictask,SCRUBBED_TIME+LLAMA3-BWB_BMPD256_16_5_3
8,5,0,0,5,14,256,180.16,82.3163095,bw,static,static,results,Results,Results_LLAMA31,LLAMA3-BWB-Results,simulator_output_LLAMA3-BWB_bwplacement_bs8_staticreq_statictask,SCRUBBED_TIME+LLAMA3-BWB_BMPD256_5_5_14
8,12,0,0,10,2,384,163.6,82.325769,bw,static,static,results,Results,Results_LLAMA31,LLAMA3-BWB-Results,simulator_output_LLAMA3-BWB_bwplacement_bs8_staticreq_statictask,SCRUBBED_TIME+LLAMA3-BWB_BMPD384_12_10_2
8,4,0,0,8,12,640,284.16,82.45407542857143,bw,static,static,results,Results,Results_LLAMA31,LLAMA3-BWB-Results,simulator_output_LLAMA3-BWB_bwplacement_bs8_staticreq_statictask,SCRUBBED_TIME+LLAMA3-BWB_BMPD640_4_8_12
8,5,0,0,18,1,640,99.6,82.4676635,bw,static,static,results,Results,Results_LLAMA31,LLAMA3-BWB-Results,simulator_output_LLAMA3-BWB_bwplacement_bs8_staticreq_statictask,SCRUBBED_TIME+LLAMA3-BWB_BMPD640_5_18_1
8,5,0,0,17,2,640,150.96,82.4676635,bw,static,static,results,Results,Results_LLAMA31,LLAMA3-BWB-Results,simulator_output_LLAMA3-BWB_bwplacement_bs8_staticreq_statictask,SCRUBBED_TIME+LLAMA3-BWB_BMPD640_5_17_2
8,5,0,0,16,3,640,192.56,82.4676635,bw,static,static,results,Results,Results_LLAMA31,LLAMA3-BWB-Results,simulator_output_LLAMA3-BWB_bwplacement_bs8_staticreq_statictask,SCRUBBED_TIME+LLAMA3-BWB_BMPD640_5_16_3
8,10,0,0,8,6,256,167.36,82.593492,bw,static,static,results,Results,Results_LLAMA31,LLAMA3-BWB-Results,simulator_output_LLAMA3-BWB_bwplacement_bs8_staticreq_statictask,SCRUBBED_TIME+LLAMA3-BWB_BMPD256_10_8_6
8,2,0,0,4,18,640,138.56,82.63546533333333,bw,static,static,results,Results,Results_LLAMA31,LLAMA3-BWB-Results,simulator_output_LLAMA3-BWB_bwplacement_bs8_staticreq_statictask,SCRUBBED_TIME+LLAMA3-BWB_BMPD640_2_4_18
8,5,0,0,13,6,640,260.32,82.655001,bw,static,static,results,Results,Results_LLAMA31,LLAMA3-BWB-Results,simulator_output_LLAMA3-BWB_bwplacement_bs8_staticreq_statictask,SCRUBBED_TIME+LLAMA3-BWB_BMPD640_5_13_6
8,5,0,0,15,4,640,229.28,82.7309635,bw,static,static,results,Results,Results_LLAMA31,LLAMA3-BWB-Results,simulator_output_LLAMA3-BWB_bwplacement_bs8_staticreq_statictask,SCRUBBED_TIME+LLAMA3-BWB_BMPD640_5_15_4
8,16,0,0,6,2,256,82.0,82.787247,bw,static,static,results,Results,Results_LLAMA31,LLAMA3-BWB-Results,simulator_output_LLAMA3-BWB_bwplacement_bs8_staticreq_statictask,SCRUBBED_TIME+LLAMA3-BWB_BMPD256_16_6_2
8,5,0,0,6,13,256,170.72,82.787247,bw,static,static,results,Results,Results_LLAMA31,LLAMA3-BWB-Results,simulator_output_LLAMA3-BWB_bwplacement_bs8_staticreq_statictask,SCRUBBED_TIME+LLAMA3-BWB_BMPD256_5_6_13
8,9,0,0,13,2,256,96.88,82.79353146666666,bw,static,static,results,Results,Results_LLAMA31,LLAMA3-BWB-Results,simulator_output_LLAMA3-BWB_bwplacement_bs8_staticreq_statictask,SCRUBBED_TIME+LLAMA3-BWB_BMPD256_9_13_2
8,8,0,0,13,3,256,126.56,82.79353146666666,bw,static,static,results,Results,Results_LLAMA31,LLAMA3-BWB-Results,simulator_output_LLAMA3-BWB_bwplacement_bs8_staticreq_statictask,SCRUBBED_TIME+LLAMA3-BWB_BMPD256_8_13_3
8,11,0,0,11,2,384,142.8,82.8094636923077,bw,static,static,results,Results,Results_LLAMA31,LLAMA3-BWB-Results,simulator_output_LLAMA3-BWB_bwplacement_bs8_staticreq_statictask,SCRUBBED_TIME+LLAMA3-BWB_BMPD384_11_11_2
8,11,0,0,9,4,384,224.56,82.81494061538461,bw,static,static,results,Results,Results_LLAMA31,LLAMA3-BWB-Results,simulator_output_LLAMA3-BWB_bwplacement_bs8_staticreq_statictask,SCRUBBED_TIME+LLAMA3-BWB_BMPD384_11_9_4
8,5,0,0,12,7,512,278.96,83.0114505,bw,static,static,results,Results,Results_LLAMA31,LLAMA3-BWB-Results,simulator_output_LLAMA3-BWB_bwplacement_bs8_staticreq_statictask,SCRUBBED_TIME+LLAMA3-BWB_BMPD512_5_12_7
8,5,0,0,11,8,512,301.36,83.254538,bw,static,static,results,Results,Results_LLAMA31,LLAMA3-BWB-Results,simulator_output_LLAMA3-BWB_bwplacement_bs8_staticreq_statictask,SCRUBBED_TIME+LLAMA3-BWB_BMPD512_5_11_8
8,9,0,0,13,2,384,152.08,83.2736512,bw,static,static,results,Results,Results_LLAMA31,LLAMA3-BWB-Results,simulator_output_LLAMA3-BWB_bwplacement_bs8_staticreq_statictask,SCRUBBED_TIME+LLAMA3-BWB_BMPD384_9_13_2
8,8,0,0,13,3,384,201.92,83.2736512,bw,static,static,results,Results,Results_LLAMA31,LLAMA3-BWB-Results,simulator_output_LLAMA3-BWB_bwplacement_bs8_staticreq_statictask,SCRUBBED_TIME+LLAMA3-BWB_BMPD384_8_13_3
8,5,0,0,13,6,512,267.6,83.3771005,bw,static,static,results,Results,Results_LLAMA31,LLAMA3-BWB-Results,simulator_output_LLAMA3-BWB_bwplacement_bs8_staticreq_statictask,SCRUBBED_TIME+LLAMA3-BWB_BMPD512_5_13_6
8,10,0,0,10,4,256,170.56,83.47069507692308,bw,static,static,results,Results,Results_LLAMA31,LLAMA3-BWB-Results,simulator_output_LLAMA3-BWB_bwplacement_bs8_staticreq_statictask,SCRUBBED_TIME+LLAMA3-BWB_BMPD256_10_10_4
8,6,0,0,17,1,640,99.6,83.62761955555555,bw,static,static,results,Results,Results_LLAMA31,LLAMA3-BWB-Results,simulator_output_LLAMA3-BWB_bwplacement_bs8_staticreq_statictask,SCRUBBED_TIME+LLAMA3-BWB_BMPD640_6_17_1
8,9,0,0,10,5,384,237.28,83.6388785,bw,static,static,results,Results,Results_LLAMA31,LLAMA3-BWB-Results,simulator_output_LLAMA3-BWB_bwplacement_bs8_staticreq_statictask,SCRUBBED_TIME+LLAMA3-BWB_BMPD384_9_10_5
8,8,0,0,10,6,384,240.32,83.6388785,bw,static,static,results,Results,Results_LLAMA31,LLAMA3-BWB-Results,simulator_output_LLAMA3-BWB_bwplacement_bs8_staticreq_statictask,SCRUBBED_TIME+LLAMA3-BWB_BMPD384_8_10_6
8,6,0,0,16,2,640,148.24,83.69484177777778,bw,static,static,results,Results,Results_LLAMA31,LLAMA3-BWB-Results,simulator_output_LLAMA3-BWB_bwplacement_bs8_staticreq_statictask,SCRUBBED_TIME+LLAMA3-BWB_BMPD640_6_16_2
8,7,0,0,15,2,512,173.44,83.69923563636364,bw,static,static,results,Results,Results_LLAMA31,LLAMA3-BWB-Results,simulator_output_LLAMA3-BWB_bwplacement_bs8_staticreq_statictask,SCRUBBED_TIME+LLAMA3-BWB_BMPD512_7_15_2
8,10,0,0,13,1,384,88.88,83.75258566666668,bw,static,static,results,Results,Results_LLAMA31,LLAMA3-BWB-Results,simulator_output_LLAMA3-BWB_bwplacement_bs8_staticreq_statictask,SCRUBBED_TIME+LLAMA3-BWB_BMPD384_10_13_1
8,4,0,0,12,8,640,293.04,84.00671828571429,bw,static,static,results,Results,Results_LLAMA31,LLAMA3-BWB-Results,simulator_output_LLAMA3-BWB_bwplacement_bs8_staticreq_statictask,SCRUBBED_TIME+LLAMA3-BWB_BMPD640_4_12_8
8,6,0,0,13,5,640,234.8,84.13229733333333,bw,static,static,results,Results,Results_LLAMA31,LLAMA3-BWB-Results,simulator_output_LLAMA3-BWB_bwplacement_bs8_staticreq_statictask,SCRUBBED_TIME+LLAMA3-BWB_BMPD640_6_13_5
8,9,0,0,10,5,256,165.6,84.37216566666667,bw,static,static,results,Results,Results_LLAMA31,LLAMA3-BWB-Results,simulator_output_LLAMA3-BWB_bwplacement_bs8_staticreq_statictask,SCRUBBED_TIME+LLAMA3-BWB_BMPD256_9_10_5
8,8,0,0,10,6,256,175.92,84.37216566666667,bw,static,static,results,Results,Results_LLAMA31,LLAMA3-BWB-Results,simulator_output_LLAMA3-BWB_bwplacement_bs8_staticreq_statictask,SCRUBBED_TIME+LLAMA3-BWB_BMPD256_8_10_6
8,11,0,0,10,3,384,205.28,84.60090215384616,bw,static,static,results,Results,Results_LLAMA31,LLAMA3-BWB-Results,simulator_output_LLAMA3-BWB_bwplacement_bs8_staticreq_statictask,SCRUBBED_TIME+LLAMA3-BWB_BMPD384_11_10_3
8,9,0,0,14,1,512,89.44,84.68027946666668,bw,static,static,results,Results,Results_LLAMA31,LLAMA3-BWB-Results,simulator_output_LLAMA3-BWB_bwplacement_bs8_staticreq_statictask,SCRUBBED_TIME+LLAMA3-BWB_BMPD512_9_14_1
8,8,0,0,14,2,512,153.76,84.68037946666666,bw,static,static,results,Results,Results_LLAMA31,LLAMA3-BWB-Results,simulator_output_LLAMA3-BWB_bwplacement_bs8_staticreq_statictask,SCRUBBED_TIME+LLAMA3-BWB_BMPD512_8_14_2
8,5,0,0,6,13,384,258.88,84.696291,bw,static,static,results,Results,Results_LLAMA31,LLAMA3-BWB-Results,simulator_output_LLAMA3-BWB_bwplacement_bs8_staticreq_statictask,SCRUBBED_TIME+LLAMA3-BWB_BMPD384_5_6_13
8,5,0,0,10,9,512,290.8,84.9400005,bw,static,static,results,Results,Results_LLAMA31,LLAMA3-BWB-Results,simulator_output_LLAMA3-BWB_bwplacement_bs8_staticreq_statictask,SCRUBBED_TIME+LLAMA3-BWB_BMPD512_5_10_9
8,9,0,0,9,6,256,159.12,84.95053813333334,bw,static,static,results,Results,Results_LLAMA31,LLAMA3-BWB-Results,simulator_output_LLAMA3-BWB_bwplacement_bs8_staticreq_statictask,SCRUBBED_TIME+LLAMA3-BWB_BMPD256_9_9_6
8,8,0,0,9,7,256,170.8,84.95053813333334,bw,static,static,results,Results,Results_LLAMA31,LLAMA3-BWB-Results,simulator_output_LLAMA3-BWB_bwplacement_bs8_staticreq_statictask,SCRUBBED_TIME+LLAMA3-BWB_BMPD256_8_9_7
8,6,0,0,15,3,640,180.16,85.07399733333332,bw,static,static,results,Results,Results_LLAMA31,LLAMA3-BWB-Results,simulator_output_LLAMA3-BWB_bwplacement_bs8_staticreq_statictask,SCRUBBED_TIME+LLAMA3-BWB_BMPD640_6_15_3
8,6,0,0,13,5,512,234.0,85.0887755,bw,static,static,results,Results,Results_LLAMA31,LLAMA3-BWB-Results,simulator_output_LLAMA3-BWB_bwplacement_bs8_staticreq_statictask,SCRUBBED_TIME+LLAMA3-BWB_BMPD512_6_13_5
8,6,0,0,10,8,640,195.04,85.21963120000001,bw,static,static,results,Results,Results_LLAMA31,LLAMA3-BWB-Results,simulator_output_LLAMA3-BWB_bwplacement_bs8_staticreq_statictask,SCRUBBED_TIME+LLAMA3-BWB_BMPD640_6_10_8
8,10,0,0,13,1,512,82.32,85.312936,bw,static,static,results,Results,Results_LLAMA31,LLAMA3-BWB-Results,simulator_output_LLAMA3-BWB_bwplacement_bs8_staticreq_statictask,SCRUBBED_TIME+LLAMA3-BWB_BMPD512_10_13_1
8,10,0,0,12,2,512,124.08,85.3235648,bw,static,static,results,Results,Results_LLAMA31,LLAMA3-BWB-Results,simulator_output_LLAMA3-BWB_bwplacement_bs8_staticreq_statictask,SCRUBBED_TIME+LLAMA3-BWB_BMPD512_10_12_2
8,6,0,0,10,8,512,287.04,85.459356,bw,static,static,results,Results,Results_LLAMA31,LLAMA3-BWB-Results,simulator_output_LLAMA3-BWB_bwplacement_bs8_staticreq_statictask,SCRUBBED_TIME+LLAMA3-BWB_BMPD512_6_10_8
8,4,0,0,14,6,640,203.6,85.568304,bw,static,static,results,Results,Results_LLAMA31,LLAMA3-BWB-Results,simulator_output_LLAMA3-BWB_bwplacement_bs8_staticreq_statictask,SCRUBBED_TIME+LLAMA3-BWB_BMPD640_4_14_6
8,3,0,0,6,15,640,151.92,85.635548,bw,static,static,results,Results,Results_LLAMA31,LLAMA3-BWB-Results,simulator_output_LLAMA3-BWB_bwplacement_bs8_staticreq_statictask,SCRUBBED_TIME+LLAMA3-BWB_BMPD640_3_6_15
8,10,0,0,10,4,384,231.92,85.65117733333332,bw,static,static,results,Results,Results_LLAMA31,LLAMA3-BWB-Results,simulator_output_LLAMA3-BWB_bwplacement_bs8_staticreq_statictask,SCRUBBED_TIME+LLAMA3-BWB_BMPD384_10_10_4
8,15,0,0,6,3,384,138.8,85.861724,bw,static,static,results,Results,Results_LLAMA31,LLAMA3-BWB-Results,simulator_output_LLAMA3-BWB_bwplacement_bs8_staticreq_statictask,SCRUBBED_TIME+LLAMA3-BWB_BMPD384_15_6_3
8,6,0,0,6,12,384,191.28,85.861724,bw,static,static,results,Results,Results_LLAMA31,LLAMA3-BWB-Results,simulator_output_LLAMA3-BWB_bwplacement_bs8_staticreq_statictask,SCRUBBED_TIME+LLAMA3-BWB_BMPD384_6_6_12
8,5,0,0,10,9,640,180.8,85.87865120000001,bw,static,static,results,Results,Results_LLAMA31,LLAMA3-BWB-Results,simulator_output_LLAMA3-BWB_bwplacement_bs8_staticreq_statictask,SCRUBBED_TIME+LLAMA3-BWB_BMPD640_5_10_9
8,7,0,0,16,1,640,93.04,85.98533345454545,bw,static,static,results,Results,Results_LLAMA31,LLAMA3-BWB-Results,simulator_output_LLAMA3-BWB_bwplacement_bs8_staticreq_statictask,SCRUBBED_TIME+LLAMA3-BWB_BMPD640_7_16_1
8,13,0,0,8,3,512,160.88,85.98598109090909,bw,static,static,results,Results,Results_LLAMA31,LLAMA3-BWB-Results,simulator_output_LLAMA3-BWB_bwplacement_bs8_staticreq_statictask,SCRUBBED_TIME+LLAMA3-BWB_BMPD512_13_8_3
8,7,0,0,8,9,512,328.32,85.98641745454546,bw,static,static,results,Results,Results_LLAMA31,LLAMA3-BWB-Results,simulator_output_LLAMA3-BWB_bwplacement_bs8_staticreq_statictask,SCRUBBED_TIME+LLAMA3-BWB_BMPD512_7_8_9
8,13,0,0,10,1,640,73.28,86.162223,bw,static,static,results,Results,Results_LLAMA31,LLAMA3-BWB-Results,simulator_output_LLAMA3-BWB_bwplacement_bs8_staticreq_statictask,SCRUBBED_TIME+LLAMA3-BWB_BMPD640_13_10_1
8,6,0,0,11,7,512,261.44,86.23002266666667,bw,static,static,results,Results,Results_LLAMA31,LLAMA3-BWB-Results,simulator_output_LLAMA3-BWB_bwplacement_bs8_staticreq_statictask,SCRUBBED_TIME+LLAMA3-BWB_BMPD512_6_11_7
8,15,0,0,7,2,384,110.64,86.27494,bw,static,static,results,Results,Results_LLAMA31,LLAMA3-BWB-Results,simulator_output_LLAMA3-BWB_bwplacement_bs8_staticreq_statictask,SCRUBBED_TIME+LLAMA3-BWB_BMPD384_15_7_2
8,6,0,0,7,11,384,251.84,86.27494,bw,static,static,results,Results,Results_LLAMA31,LLAMA3-BWB-Results,simulator_output_LLAMA3-BWB_bwplacement_bs8_staticreq_statictask,SCRUBBED_TIME+LLAMA3-BWB_BMPD384_6_7_11
8,13,0,0,7,4,256,114.8,86.2847345,bw,static,static,results,Results,Results_LLAMA31,LLAMA3-BWB-Results,simulator_output_LLAMA3-BWB_bwplacement_bs8_staticreq_statictask,SCRUBBED_TIME+LLAMA3-BWB_BMPD256_13_7_4
8,7,0,0,7,10,256,138.88,86.2847345,bw,static,static,results,Results,Results_LLAMA31,LLAMA3-BWB-Results,simulator_output_LLAMA3-BWB_bwplacement_bs8_staticreq_statictask,SCRUBBED_TIME+LLAMA3-BWB_BMPD256_7_7_10
8,4,0,0,6,14,512,228.72,86.31501828571429,bw,static,static,results,Results,Results_LLAMA31,LLAMA3-BWB-Results,simulator_output_LLAMA3-BWB_bwplacement_bs8_staticreq_statictask,SCRUBBED_TIME+LLAMA3-BWB_BMPD512_4_6_14
8,16,0,0,6,2,384,130.16,86.3187785,bw,static,static,results,Results,Results_LLAMA31,LLAMA3-BWB-Results,simulator_output_LLAMA3-BWB_bwplacement_bs8_staticreq_statictask,SCRUBBED_TIME+LLAMA3-BWB_BMPD384_16_6_2
8,2,0,0,3,19,640,108.56,86.340632,bw,static,static,results,Results,Results_LLAMA31,LLAMA3-BWB-Results,simulator_output_LLAMA3-BWB_bwplacement_bs8_staticreq_statictask,SCRUBBED_TIME+LLAMA3-BWB_BMPD640_2_3_19
8,16,0,0,7,1,512,72.64,86.357413,bw,static,static,results,Results,Results_LLAMA31,LLAMA3-BWB-Results,simulator_output_LLAMA3-BWB_bwplacement_bs8_staticreq_statictask,SCRUBBED_TIME+LLAMA3-BWB_BMPD512_16_7_1
8,5,0,0,7,12,512,264.08,86.357413,bw,static,static,results,Results,Results_LLAMA31,LLAMA3-BWB-Results,simulator_output_LLAMA3-BWB_bwplacement_bs8_staticreq_statictask,SCRUBBED_TIME+LLAMA3-BWB_BMPD512_5_7_12
8,10,0,0,11,3,384,167.68,86.3577636923077,bw,static,static,results,Results,Results_LLAMA31,LLAMA3-BWB-Results,simulator_output_LLAMA3-BWB_bwplacement_bs8_staticreq_statictask,SCRUBBED_TIME+LLAMA3-BWB_BMPD384_10_11_3
8,11,0,0,8,5,384,203.68,86.3914483076923,bw,static,static,results,Results,Results_LLAMA31,LLAMA3-BWB-Results,simulator_output_LLAMA3-BWB_bwplacement_bs8_staticreq_statictask,SCRUBBED_TIME+LLAMA3-BWB_BMPD384_11_8_5
8,5,0,0,8,11,640,254.96,86.4255135,bw,static,static,results,Results,Results_LLAMA31,LLAMA3-BWB-Results,simulator_output_LLAMA3-BWB_bwplacement_bs8_staticreq_statictask,SCRUBBED_TIME+LLAMA3-BWB_BMPD640_5_8_11
8,8,0,0,15,1,512,101.6,86.443813,bw,static,static,results,Results,Results_LLAMA31,LLAMA3-BWB-Results,simulator_output_LLAMA3-BWB_bwplacement_bs8_staticreq_statictask,SCRUBBED_TIME+LLAMA3-BWB_BMPD512_8_15_1
8,7,0,0,10,7,640,137.2,86.521023,bw,static,static,results,Results,Results_LLAMA31,LLAMA3-BWB-Results,simulator_output_LLAMA3-BWB_bwplacement_bs8_staticreq_statictask,SCRUBBED_TIME+LLAMA3-BWB_BMPD640_7_10_7
8,7,0,0,13,4,640,213.12,86.56393345454545,bw,static,static,results,Results,Results_LLAMA31,LLAMA3-BWB-Results,simulator_output_LLAMA3-BWB_bwplacement_bs8_staticreq_statictask,SCRUBBED_TIME+LLAMA3-BWB_BMPD640_7_13_4
8,4,0,0,4,16,256,126.16,86.63792514285714,bw,static,static,results,Results,Results_LLAMA31,LLAMA3-BWB-Results,simulator_output_LLAMA3-BWB_bwplacement_bs8_staticreq_statictask,SCRUBBED_TIME+LLAMA3-BWB_BMPD256_4_4_16
8,7,0,0,13,4,512,230.56,86.6589255,bw,static,static,results,Results,Results_LLAMA31,LLAMA3-BWB-Results,simulator_output_LLAMA3-BWB_bwplacement_bs8_staticreq_statictask,SCRUBBED_TIME+LLAMA3-BWB_BMPD512_7_13_4
8,14,0,0,6,4,384,131.12,86.6902912,bw,static,static,results,Results,Results_LLAMA31,LLAMA3-BWB-Results,simulator_output_LLAMA3-BWB_bwplacement_bs8_staticreq_statictask,SCRUBBED_TIME+LLAMA3-BWB_BMPD384_14_6_4
8,14,0,0,9,1,512,89.84,86.7326448888889,bw,static,static,results,Results,Results_LLAMA31,LLAMA3-BWB-Results,simulator_output_LLAMA3-BWB_bwplacement_bs8_staticreq_statictask,SCRUBBED_TIME+LLAMA3-BWB_BMPD512_14_9_1
8,9,0,0,13,2,512,127.52,86.76860266666667,bw,static,static,results,Results,Results_LLAMA31,LLAMA3-BWB-Results,simulator_output_LLAMA3-BWB_bwplacement_bs8_staticreq_statictask,SCRUBBED_TIME+LLAMA3-BWB_BMPD512_9_13_2
8,8,0,0,13,3,512,166.48,86.76860266666667,bw,static,static,results,Results,Results_LLAMA31,LLAMA3-BWB-Results,simulator_output_LLAMA3-BWB_bwplacement_bs8_staticreq_statictask,SCRUBBED_TIME+LLAMA3-BWB_BMPD512_8_13_3
8,16,0,0,5,3,384,112.0,86.795216,bw,static,static,results,Results,Results_LLAMA31,LLAMA3-BWB-Results,simulator_output_LLAMA3-BWB_bwplacement_bs8_staticreq_statictask,SCRUBBED_TIME+LLAMA3-BWB_BMPD384_16_5_3
8,5,0,0,5,14,384,218.4,86.795216,bw,static,static,results,Results,Results_LLAMA31,LLAMA3-BWB-Results,simulator_output_LLAMA3-BWB_bwplacement_bs8_staticreq_statictask,SCRUBBED_TIME+LLAMA3-BWB_BMPD384_5_5_14
8,5,0,0,12,7,640,216.64,86.804251,bw,static,static,results,Results,Results_LLAMA31,LLAMA3-BWB-Results,simulator_output_LLAMA3-BWB_bwplacement_bs8_staticreq_statictask,SCRUBBED_TIME+LLAMA3-BWB_BMPD640_5_12_7
8,4,0,0,11,9,640,218.88,86.82107542857143,bw,static,static,results,Results,Results_LLAMA31,LLAMA3-BWB-Results,simulator_output_LLAMA3-BWB_bwplacement_bs8_staticreq_statictask,SCRUBBED_TIME+LLAMA3-BWB_BMPD640_4_11_9
8,6,0,0,12,6,512,231.76,86.84533377777778,bw,static,static,results,Results,Results_LLAMA31,LLAMA3-BWB-Results,simulator_output_LLAMA3-BWB_bwplacement_bs8_staticreq_statictask,SCRUBBED_TIME+LLAMA3-BWB_BMPD512_6_12_6
8,6,0,0,9,9,512,282.08,86.93078933333332,bw,static,static,results,Results,Results_LLAMA31,LLAMA3-BWB-Results,simulator_output_LLAMA3-BWB_bwplacement_bs8_staticreq_statictask,SCRUBBED_TIME+LLAMA3-BWB_BMPD512_6_9_9
8,9,0,0,12,3,640,126.0,87.004698,bw,static,static,results,Results,Results_LLAMA31,LLAMA3-BWB-Results,simulator_output_LLAMA3-BWB_bwplacement_bs8_staticreq_statictask,SCRUBBED_TIME+LLAMA3-BWB_BMPD640_9_12_3
8,8,0,0,12,4,640,136.64,87.004698,bw,static,static,results,Results,Results_LLAMA31,LLAMA3-BWB-Results,simulator_output_LLAMA3-BWB_bwplacement_bs8_staticreq_statictask,SCRUBBED_TIME+LLAMA3-BWB_BMPD640_8_12_4
8,9,0,0,8,7,256,154.4,87.0543248,bw,static,static,results,Results,Results_LLAMA31,LLAMA3-BWB-Results,simulator_output_LLAMA3-BWB_bwplacement_bs8_staticreq_statictask,SCRUBBED_TIME+LLAMA3-BWB_BMPD256_9_8_7
8,8,0,0,8,8,256,190.56,87.0543248,bw,static,static,results,Results,Results_LLAMA31,LLAMA3-BWB-Results,simulator_output_LLAMA3-BWB_bwplacement_bs8_staticreq_statictask,SCRUBBED_TIME+LLAMA3-BWB_BMPD256_8_8_8
8,5,0,0,5,14,512,35.36,87.281648,bw,static,static,results,Results,Results_LLAMA31,LLAMA3-BWB-Results,simulator_output_LLAMA3-BWB_bwplacement_bs8_staticreq_statictask,SCRUBBED_TIME+LLAMA3-BWB_BMPD512_5_5_14
8,16,0,0,5,3,512,35.36,87.281648,bw,static,static,results,Results,Results_LLAMA31,LLAMA3-BWB-Results,simulator_output_LLAMA3-BWB_bwplacement_bs8_staticreq_statictask,SCRUBBED_TIME+LLAMA3-BWB_BMPD512_16_5_3
8,11,0,0,12,1,512,78.4,87.40085266666667,bw,static,static,results,Results,Results_LLAMA31,LLAMA3-BWB-Results,simulator_output_LLAMA3-BWB_bwplacement_bs8_staticreq_statictask,SCRUBBED_TIME+LLAMA3-BWB_BMPD512_11_12_1
8,14,0,0,7,3,256,103.76,87.443082,bw,static,static,results,Results,Results_LLAMA31,LLAMA3-BWB-Results,simulator_output_LLAMA3-BWB_bwplacement_bs8_staticreq_statictask,SCRUBBED_TIME+LLAMA3-BWB_BMPD256_14_7_3
8,11,0,0,10,3,640,93.6,87.477532,bw,static,static,results,Results,Results_LLAMA31,LLAMA3-BWB-Results,simulator_output_LLAMA3-BWB_bwplacement_bs8_staticreq_statictask,SCRUBBED_TIME+LLAMA3-BWB_BMPD640_11_10_3
8,4,0,0,19,1,640,98.64,87.54997542857143,bw,static,static,results,Results,Results_LLAMA31,LLAMA3-BWB-Results,simulator_output_LLAMA3-BWB_bwplacement_bs8_staticreq_statictask,SCRUBBED_TIME+LLAMA3-BWB_BMPD640_4_19_1
8,9,0,0,12,3,512,147.12,87.62330266666667,bw,static,static,results,Results,Results_LLAMA31,LLAMA3-BWB-Results,simulator_output_LLAMA3-BWB_bwplacement_bs8_staticreq_statictask,SCRUBBED_TIME+LLAMA3-BWB_BMPD512_9_12_3
8,8,0,0,12,4,512,165.52,87.62375266666668,bw,static,static,results,Results,Results_LLAMA31,LLAMA3-BWB-Results,simulator_output_LLAMA3-BWB_bwplacement_bs8_staticreq_statictask,SCRUBBED_TIME+LLAMA3-BWB_BMPD512_8_12_4
8,4,0,0,10,10,640,207.92,87.73454685714285,bw,static,static,results,Results,Results_LLAMA31,LLAMA3-BWB-Results,simulator_output_LLAMA3-BWB_bwplacement_bs8_staticreq_statictask,SCRUBBED_TIME+LLAMA3-BWB_BMPD640_4_10_10
8,5,0,0,14,5,640,188.16,87.8198635,bw,static,static,results,Results,Results_LLAMA31,LLAMA3-BWB-Results,simulator_output_LLAMA3-BWB_bwplacement_bs8_staticreq_statictask,SCRUBBED_TIME+LLAMA3-BWB_BMPD640_5_14_5
8,6,0,0,11,7,640,168.96,87.931236,bw,static,static,results,Results,Results_LLAMA31,LLAMA3-BWB-Results,simulator_output_LLAMA3-BWB_bwplacement_bs8_staticreq_statictask,SCRUBBED_TIME+LLAMA3-BWB_BMPD640_6_11_7
8,7,0,0,15,2,640,132.24,87.95999733333333,bw,static,static,results,Results,Results_LLAMA31,LLAMA3-BWB-Results,simulator_output_LLAMA3-BWB_bwplacement_bs8_staticreq_statictask,SCRUBBED_TIME+LLAMA3-BWB_BMPD640_7_15_2
8,15,0,0,6,3,256,82.32,88.00809911111111,bw,static,static,results,Results,Results_LLAMA31,LLAMA3-BWB-Results,simulator_output_LLAMA3-BWB_bwplacement_bs8_staticreq_statictask,SCRUBBED_TIME+LLAMA3-BWB_BMPD256_15_6_3
8,6,0,0,6,12,256,135.92,88.008488,bw,static,static,results,Results,Results_LLAMA31,LLAMA3-BWB-Results,simulator_output_LLAMA3-BWB_bwplacement_bs8_staticreq_statictask,SCRUBBED_TIME+LLAMA3-BWB_BMPD256_6_6_12
8,12,0,0,10,2,640,89.76,88.088448,bw,static,static,results,Results,Results_LLAMA31,LLAMA3-BWB-Results,simulator_output_LLAMA3-BWB_bwplacement_bs8_staticreq_statictask,SCRUBBED_TIME+LLAMA3-BWB_BMPD640_12_10_2
8,10,0,0,12,2,640,114.64,88.1377112,bw,static,static,results,Results,Results_LLAMA31,LLAMA3-BWB-Results,simulator_output_LLAMA3-BWB_bwplacement_bs8_staticreq_statictask,SCRUBBED_TIME+LLAMA3-BWB_BMPD640_10_12_2
8,7,0,0,12,5,512,190.56,88.249238,bw,static,static,results,Results,Results_LLAMA31,LLAMA3-BWB-Results,simulator_output_LLAMA3-BWB_bwplacement_bs8_staticreq_statictask,SCRUBBED_TIME+LLAMA3-BWB_BMPD512_7_12_5
8,3,0,0,3,18,512,121.68,88.267049,bw,static,static,results,Results,Results_LLAMA31,LLAMA3-BWB-Results,simulator_output_LLAMA3-BWB_bwplacement_bs8_staticreq_statictask,SCRUBBED_TIME+LLAMA3-BWB_BMPD512_3_3_18
8,6,0,0,14,4,640,167.92,88.26958971428571,bw,static,static,results,Results,Results_LLAMA31,LLAMA3-BWB-Results,simulator_output_LLAMA3-BWB_bwplacement_bs8_staticreq_statictask,SCRUBBED_TIME+LLAMA3-BWB_BMPD640_6_14_4
8,4,0,0,9,11,640,191.84,88.39351828571428,bw,static,static,results,Results,Results_LLAMA31,LLAMA3-BWB-Results,simulator_output_LLAMA3-BWB_bwplacement_bs8_staticreq_statictask,SCRUBBED_TIME+LLAMA3-BWB_BMPD640_4_9_11
8,5,0,0,11,8,640,210.16,88.45446114285716,bw,static,static,results,Results,Results_LLAMA31,LLAMA3-BWB-Results,simulator_output_LLAMA3-BWB_bwplacement_bs8_staticreq_statictask,SCRUBBED_TIME+LLAMA3-BWB_BMPD640_5_11_8
8,12,0,0,6,6,256,62.4,88.539173,bw,static,static,results,Results,Results_LLAMA31,LLAMA3-BWB-Results,simulator_output_LLAMA3-BWB_bwplacement_bs8_staticreq_statictask,SCRUBBED_TIME+LLAMA3-BWB_BMPD256_12_6_6
8,13,0,0,9,2,512,109.36,88.60250266666667,bw,static,static,results,Results,Results_LLAMA31,LLAMA3-BWB-Results,simulator_output_LLAMA3-BWB_bwplacement_bs8_staticreq_statictask,SCRUBBED_TIME+LLAMA3-BWB_BMPD512_13_9_2
8,7,0,0,9,8,512,177.92,88.60250266666667,bw,static,static,results,Results,Results_LLAMA31,LLAMA3-BWB-Results,simulator_output_LLAMA3-BWB_bwplacement_bs8_staticreq_statictask,SCRUBBED_TIME+LLAMA3-BWB_BMPD512_7_9_8
8,10,0,0,10,4,512,61.92,88.711358,bw,static,static,results,Results,Results_LLAMA31,LLAMA3-BWB-Results,simulator_output_LLAMA3-BWB_bwplacement_bs8_staticreq_statictask,SCRUBBED_TIME+LLAMA3-BWB_BMPD512_10_10_4
8,9,0,0,11,4,384,187.44,88.72523292307693,bw,static,static,results,Results,Results_LLAMA31,LLAMA3-BWB-Results,simulator_output_LLAMA3-BWB_bwplacement_bs8_staticreq_statictask,SCRUBBED_TIME+LLAMA3-BWB_BMPD384_9_11_4
8,8,0,0,11,5,384,210.16,88.72523292307693,bw,static,static,results,Results,Results_LLAMA31,LLAMA3-BWB-Results,simulator_output_LLAMA3-BWB_bwplacement_bs8_staticreq_statictask,SCRUBBED_TIME+LLAMA3-BWB_BMPD384_8_11_5
8,7,0,0,14,3,640,132.48,88.73410266666667,bw,static,static,results,Results,Results_LLAMA31,LLAMA3-BWB-Results,simulator_output_LLAMA3-BWB_bwplacement_bs8_staticreq_statictask,SCRUBBED_TIME+LLAMA3-BWB_BMPD640_7_14_3
8,10,0,0,9,5,384,189.36,88.79491753846153,bw,static,static,results,Results,Results_LLAMA31,LLAMA3-BWB-Results,simulator_output_LLAMA3-BWB_bwplacement_bs8_staticreq_statictask,SCRUBBED_TIME+LLAMA3-BWB_BMPD384_10_9_5
8,8,0,0,11,5,640,87.04,88.809432,bw,static,static,results,Results,Results_LLAMA31,LLAMA3-BWB-Results,simulator_output_LLAMA3-BWB_bwplacement_bs8_staticreq_statictask,SCRUBBED_TIME+LLAMA3-BWB_BMPD640_8_11_5
8,9,0,0,11,4,640,88.24,88.809432,bw,static,static,results,Results,Results_LLAMA31,LLAMA3-BWB-Results,simulator_output_LLAMA3-BWB_bwplacement_bs8_staticreq_statictask,SCRUBBED_TIME+LLAMA3-BWB_BMPD640_9_11_4
8,14,0,0,7,3,512,84.64,88.80944266666667,bw,static,static,results,Results,Results_LLAMA31,LLAMA3-BWB-Results,simulator_output_LLAMA3-BWB_bwplacement_bs8_staticreq_statictask,SCRUBBED_TIME+LLAMA3-BWB_BMPD512_14_7_3
8,13,0,0,6,5,256,70.56,89.00763359999999,bw,static,static,results,Results,Results_LLAMA31,LLAMA3-BWB-Results,simulator_output_LLAMA3-BWB_bwplacement_bs8_staticreq_statictask,SCRUBBED_TIME+LLAMA3-BWB_BMPD256_13_6_5
8,7,0,0,6,11,256,76.0,89.00763359999999,bw,static,static,results,Results,Results_LLAMA31,LLAMA3-BWB-Results,simulator_output_LLAMA3-BWB_bwplacement_bs8_staticreq_statictask,SCRUBBED_TIME+LLAMA3-BWB_BMPD256_7_6_11
8,7,0,0,12,5,640,178.4,89.017876,bw,static,static,results,Results,Results_LLAMA31,LLAMA3-BWB-Results,simulator_output_LLAMA3-BWB_bwplacement_bs8_staticreq_statictask,SCRUBBED_TIME+LLAMA3-BWB_BMPD640_7_12_5
8,11,0,0,11,2,512,115.12,89.11017542857144,bw,static,static,results,Results,Results_LLAMA31,LLAMA3-BWB-Results,simulator_output_LLAMA3-BWB_bwplacement_bs8_staticreq_statictask,SCRUBBED_TIME+LLAMA3-BWB_BMPD512_11_11_2
8,13,0,0,6,5,384,99.04,89.168514,bw,static,static,results,Results,Results_LLAMA31,LLAMA3-BWB-Results,simulator_output_LLAMA3-BWB_bwplacement_bs8_staticreq_statictask,SCRUBBED_TIME+LLAMA3-BWB_BMPD384_13_6_5
8,7,0,0,6,11,384,101.52,89.168514,bw,static,static,results,Results,Results_LLAMA31,LLAMA3-BWB-Results,simulator_output_LLAMA3-BWB_bwplacement_bs8_staticreq_statictask,SCRUBBED_TIME+LLAMA3-BWB_BMPD384_7_6_11
8,12,0,0,7,5,256,91.6,89.23769657142857,bw,static,static,results,Results,Results_LLAMA31,LLAMA3-BWB-Results,simulator_output_LLAMA3-BWB_bwplacement_bs8_staticreq_statictask,SCRUBBED_TIME+LLAMA3-BWB_BMPD256_12_7_5
8,8,0,0,15,1,640,84.32,89.342226,bw,static,static,results,Results,Results_LLAMA31,LLAMA3-BWB-Results,simulator_output_LLAMA3-BWB_bwplacement_bs8_staticreq_statictask,SCRUBBED_TIME+LLAMA3-BWB_BMPD640_8_15_1
8,6,0,0,12,6,640,190.96,89.36628622222223,bw,static,static,results,Results,Results_LLAMA31,LLAMA3-BWB-Results,simulator_output_LLAMA3-BWB_bwplacement_bs8_staticreq_statictask,SCRUBBED_TIME+LLAMA3-BWB_BMPD640_6_12_6
8,7,0,0,11,6,640,142.64,89.484136,bw,static,static,results,Results,Results_LLAMA31,LLAMA3-BWB-Results,simulator_output_LLAMA3-BWB_bwplacement_bs8_staticreq_statictask,SCRUBBED_TIME+LLAMA3-BWB_BMPD640_7_11_6
8,7,0,0,11,6,512,197.84,89.51326440000001,bw,static,static,results,Results,Results_LLAMA31,LLAMA3-BWB-Results,simulator_output_LLAMA3-BWB_bwplacement_bs8_staticreq_statictask,SCRUBBED_TIME+LLAMA3-BWB_BMPD512_7_11_6
8,2,0,0,2,20,512,83.68,89.519776,bw,static,static,results,Results,Results_LLAMA31,LLAMA3-BWB-Results,simulator_output_LLAMA3-BWB_bwplacement_bs8_staticreq_statictask,SCRUBBED_TIME+LLAMA3-BWB_BMPD512_2_2_20
8,11,0,0,12,1,640,81.68,89.54876114285715,bw,static,static,results,Results,Results_LLAMA31,LLAMA3-BWB-Results,simulator_output_LLAMA3-BWB_bwplacement_bs8_staticreq_statictask,SCRUBBED_TIME+LLAMA3-BWB_BMPD640_11_12_1
8,11,0,0,7,6,256,55.52,89.606848,bw,static,static,results,Results,Results_LLAMA31,LLAMA3-BWB-Results,simulator_output_LLAMA3-BWB_bwplacement_bs8_staticreq_statictask,SCRUBBED_TIME+LLAMA3-BWB_BMPD256_11_7_6
8,10,0,0,11,3,512,128.08,89.61976933333332,bw,static,static,results,Results,Results_LLAMA31,LLAMA3-BWB-Results,simulator_output_LLAMA3-BWB_bwplacement_bs8_staticreq_statictask,SCRUBBED_TIME+LLAMA3-BWB_BMPD512_10_11_3
8,11,0,0,11,2,640,97.84,89.6302112,bw,static,static,results,Results,Results_LLAMA31,LLAMA3-BWB-Results,simulator_output_LLAMA3-BWB_bwplacement_bs8_staticreq_statictask,SCRUBBED_TIME+LLAMA3-BWB_BMPD640_11_11_2
8,12,0,0,11,1,512,82.0,89.637838,bw,static,static,results,Results,Results_LLAMA31,LLAMA3-BWB-Results,simulator_output_LLAMA3-BWB_bwplacement_bs8_staticreq_statictask,SCRUBBED_TIME+LLAMA3-BWB_BMPD512_12_11_1
8,12,0,0,7,5,384,72.08,89.65204933333332,bw,static,static,results,Results,Results_LLAMA31,LLAMA3-BWB-Results,simulator_output_LLAMA3-BWB_bwplacement_bs8_staticreq_statictask,SCRUBBED_TIME+LLAMA3-BWB_BMPD384_12_7_5
8,12,0,0,9,3,512,113.04,89.67516479999999,bw,static,static,results,Results,Results_LLAMA31,LLAMA3-BWB-Results,simulator_output_LLAMA3-BWB_bwplacement_bs8_staticreq_statictask,SCRUBBED_TIME+LLAMA3-BWB_BMPD512_12_9_3
8,5,0,0,6,13,640,28.0,89.711756,bw,static,static,results,Results,Results_LLAMA31,LLAMA3-BWB-Results,simulator_output_LLAMA3-BWB_bwplacement_bs8_staticreq_statictask,SCRUBBED_TIME+LLAMA3-BWB_BMPD640_5_6_13
8,16,0,0,6,2,640,28.0,89.711756,bw,static,static,results,Results,Results_LLAMA31,LLAMA3-BWB-Results,simulator_output_LLAMA3-BWB_bwplacement_bs8_staticreq_statictask,SCRUBBED_TIME+LLAMA3-BWB_BMPD640_16_6_2
8,10,0,0,11,3,640,101.52,89.754223,bw,static,static,results,Results,Results_LLAMA31,LLAMA3-BWB-Results,simulator_output_LLAMA3-BWB_bwplacement_bs8_staticreq_statictask,SCRUBBED_TIME+LLAMA3-BWB_BMPD640_10_11_3
8,10,0,0,7,7,256,42.96,89.75449333333333,bw,static,static,results,Results,Results_LLAMA31,LLAMA3-BWB-Results,simulator_output_LLAMA3-BWB_bwplacement_bs8_staticreq_statictask,SCRUBBED_TIME+LLAMA3-BWB_BMPD256_10_7_7
8,12,0,0,11,1,640,57.6,89.75865266666668,bw,static,static,results,Results,Results_LLAMA31,LLAMA3-BWB-Results,simulator_output_LLAMA3-BWB_bwplacement_bs8_staticreq_statictask,SCRUBBED_TIME+LLAMA3-BWB_BMPD640_12_11_1
8,15,0,0,8,1,640,58.56,89.81398622222223,bw,static,static,results,Results,Results_LLAMA31,LLAMA3-BWB-Results,simulator_output_LLAMA3-BWB_bwplacement_bs8_staticreq_statictask,SCRUBBED_TIME+LLAMA3-BWB_BMPD640_15_8_1
8,6,0,0,8,10,640,195.04,89.81398622222223,bw,static,static,results,Results,Results_LLAMA31,LLAMA3-BWB-Results,simulator_output_LLAMA3-BWB_bwplacement_bs8_staticreq_statictask,SCRUBBED_TIME+LLAMA3-BWB_BMPD640_6_8_10
8,14,0,0,7,3,384,117.52,89.8511785,bw,static,static,results,Results,Results_LLAMA31,LLAMA3-BWB-Results,simulator_output_LLAMA3-BWB_bwplacement_bs8_staticreq_statictask,SCRUBBED_TIME+LLAMA3-BWB_BMPD384_14_7_3
8,10,0,0,13,1,640,65.36,89.85450844444445,bw,static,static,results,Results,Results_LLAMA31,LLAMA3-BWB-Results,simulator_output_LLAMA3-BWB_bwplacement_bs8_staticreq_statictask,SCRUBBED_TIME+LLAMA3-BWB_BMPD640_10_13_1
8,15,0,0,7,2,512,99.2,89.85635266666667,bw,static,static,results,Results,Results_LLAMA31,LLAMA3-BWB-Results,simulator_output_LLAMA3-BWB_bwplacement_bs8_staticreq_statictask,SCRUBBED_TIME+LLAMA3-BWB_BMPD512_15_7_2
8,6,0,0,7,11,512,157.68,89.85635266666667,bw,static,static,results,Results,Results_LLAMA31,LLAMA3-BWB-Results,simulator_output_LLAMA3-BWB_bwplacement_bs8_staticreq_statictask,SCRUBBED_TIME+LLAMA3-BWB_BMPD512_6_7_11
8,11,0,0,9,4,512,98.32,89.953499,bw,static,static,results,Results,Results_LLAMA31,LLAMA3-BWB-Results,simulator_output_LLAMA3-BWB_bwplacement_bs8_staticreq_statictask,SCRUBBED_TIME+LLAMA3-BWB_BMPD512_11_9_4
8,13,0,0,10,1,512,73.36,90.1508448888889,bw,static,static,results,Results,Results_LLAMA31,LLAMA3-BWB-Results,simulator_output_LLAMA3-BWB_bwplacement_bs8_staticreq_statictask,SCRUBBED_TIME+LLAMA3-BWB_BMPD512_13_10_1
8,7,0,0,10,7,512,187.76,90.1508448888889,bw,static,static,results,Results,Results_LLAMA31,LLAMA3-BWB-Results,simulator_output_LLAMA3-BWB_bwplacement_bs8_staticreq_statictask,SCRUBBED_TIME+LLAMA3-BWB_BMPD512_7_10_7
8,3,0,0,4,17,640,77.28,90.296332,bw,static,static,results,Results,Results_LLAMA31,LLAMA3-BWB-Results,simulator_output_LLAMA3-BWB_bwplacement_bs8_staticreq_statictask,SCRUBBED_TIME+LLAMA3-BWB_BMPD640_3_4_17
8,9,0,0,13,2,640,94.48,90.3624885,bw,static,static,results,Results,Results_LLAMA31,LLAMA3-BWB-Results,simulator_output_LLAMA3-BWB_bwplacement_bs8_staticreq_statictask,SCRUBBED_TIME+LLAMA3-BWB_BMPD640_9_13_2
8,8,0,0,13,3,640,118.0,90.3624885,bw,static,static,results,Results,Results_LLAMA31,LLAMA3-BWB-Results,simulator_output_LLAMA3-BWB_bwplacement_bs8_staticreq_statictask,SCRUBBED_TIME+LLAMA3-BWB_BMPD640_8_13_3
8,9,0,0,9,6,384,158.48,90.4472512,bw,static,static,results,Results,Results_LLAMA31,LLAMA3-BWB-Results,simulator_output_LLAMA3-BWB_bwplacement_bs8_staticreq_statictask,SCRUBBED_TIME+LLAMA3-BWB_BMPD384_9_9_6
8,8,0,0,9,7,384,171.6,90.4472512,bw,static,static,results,Results,Results_LLAMA31,LLAMA3-BWB-Results,simulator_output_LLAMA3-BWB_bwplacement_bs8_staticreq_statictask,SCRUBBED_TIME+LLAMA3-BWB_BMPD384_8_9_7
8,3,0,0,5,16,640,100.4,90.476573,bw,static,static,results,Results,Results_LLAMA31,LLAMA3-BWB-Results,simulator_output_LLAMA3-BWB_bwplacement_bs8_staticreq_statictask,SCRUBBED_TIME+LLAMA3-BWB_BMPD640_3_5_16
8,12,0,0,8,4,512,154.48,90.481572,bw,static,static,results,Results,Results_LLAMA31,LLAMA3-BWB-Results,simulator_output_LLAMA3-BWB_bwplacement_bs8_staticreq_statictask,SCRUBBED_TIME+LLAMA3-BWB_BMPD512_12_8_4
8,4,0,0,5,15,640,25.84,90.498156,bw,static,static,results,Results,Results_LLAMA31,LLAMA3-BWB-Results,simulator_output_LLAMA3-BWB_bwplacement_bs8_staticreq_statictask,SCRUBBED_TIME+LLAMA3-BWB_BMPD640_4_5_15
8,10,0,0,8,6,384,158.88,90.51177745454544,bw,static,static,results,Results,Results_LLAMA31,LLAMA3-BWB-Results,simulator_output_LLAMA3-BWB_bwplacement_bs8_staticreq_statictask,SCRUBBED_TIME+LLAMA3-BWB_BMPD384_10_8_6
8,15,0,0,6,3,512,69.92,90.642976,bw,static,static,results,Results,Results_LLAMA31,LLAMA3-BWB-Results,simulator_output_LLAMA3-BWB_bwplacement_bs8_staticreq_statictask,SCRUBBED_TIME+LLAMA3-BWB_BMPD512_15_6_3
8,6,0,0,6,12,512,75.68,90.642976,bw,static,static,results,Results,Results_LLAMA31,LLAMA3-BWB-Results,simulator_output_LLAMA3-BWB_bwplacement_bs8_staticreq_statictask,SCRUBBED_TIME+LLAMA3-BWB_BMPD512_6_6_12
8,4,0,0,7,13,640,97.52,90.671073,bw,static,static,results,Results,Results_LLAMA31,LLAMA3-BWB-Results,simulator_output_LLAMA3-BWB_bwplacement_bs8_staticreq_statictask,SCRUBBED_TIME+LLAMA3-BWB_BMPD640_4_7_13
8,8,0,0,11,5,512,121.28,90.720886,bw,static,static,results,Results,Results_LLAMA31,LLAMA3-BWB-Results,simulator_output_LLAMA3-BWB_bwplacement_bs8_staticreq_statictask,SCRUBBED_TIME+LLAMA3-BWB_BMPD512_8_11_5
8,9,0,0,11,4,512,121.76,90.720886,bw,static,static,results,Results,Results_LLAMA31,LLAMA3-BWB-Results,simulator_output_LLAMA3-BWB_bwplacement_bs8_staticreq_statictask,SCRUBBED_TIME+LLAMA3-BWB_BMPD512_9_11_4
8,13,0,0,7,4,384,96.16,90.8559712,bw,static,static,results,Results,Results_LLAMA31,LLAMA3-BWB-Results,simulator_output_LLAMA3-BWB_bwplacement_bs8_staticreq_statictask,SCRUBBED_TIME+LLAMA3-BWB_BMPD384_13_7_4
8,7,0,0,7,10,384,103.6,90.8559712,bw,static,static,results,Results,Results_LLAMA31,LLAMA3-BWB-Results,simulator_output_LLAMA3-BWB_bwplacement_bs8_staticreq_statictask,SCRUBBED_TIME+LLAMA3-BWB_BMPD384_7_7_10
8,5,0,0,9,10,640,165.04,90.879826,bw,static,static,results,Results,Results_LLAMA31,LLAMA3-BWB-Results,simulator_output_LLAMA3-BWB_bwplacement_bs8_staticreq_statictask,SCRUBBED_TIME+LLAMA3-BWB_BMPD640_5_9_10
8,12,0,0,10,2,512,92.64,91.05205266666668,bw,static,static,results,Results,Results_LLAMA31,LLAMA3-BWB-Results,simulator_output_LLAMA3-BWB_bwplacement_bs8_staticreq_statictask,SCRUBBED_TIME+LLAMA3-BWB_BMPD512_12_10_2
8,14,0,0,6,4,256,75.52,91.23973942857144,bw,static,static,results,Results,Results_LLAMA31,LLAMA3-BWB-Results,simulator_output_LLAMA3-BWB_bwplacement_bs8_staticreq_statictask,SCRUBBED_TIME+LLAMA3-BWB_BMPD256_14_6_4
8,14,0,0,8,2,640,84.72,91.425104,bw,static,static,results,Results,Results_LLAMA31,LLAMA3-BWB-Results,simulator_output_LLAMA3-BWB_bwplacement_bs8_staticreq_statictask,SCRUBBED_TIME+LLAMA3-BWB_BMPD640_14_8_2
8,11,0,0,10,3,512,85.12,91.442774,bw,static,static,results,Results,Results_LLAMA31,LLAMA3-BWB-Results,simulator_output_LLAMA3-BWB_bwplacement_bs8_staticreq_statictask,SCRUBBED_TIME+LLAMA3-BWB_BMPD512_11_10_3
8,4,0,0,5,15,512,68.08,91.51330933333332,bw,static,static,results,Results,Results_LLAMA31,LLAMA3-BWB-Results,simulator_output_LLAMA3-BWB_bwplacement_bs8_staticreq_statictask,SCRUBBED_TIME+LLAMA3-BWB_BMPD512_4_5_15
8,16,0,0,7,1,640,38.96,91.868332,bw,static,static,results,Results,Results_LLAMA31,LLAMA3-BWB-Results,simulator_output_LLAMA3-BWB_bwplacement_bs8_staticreq_statictask,SCRUBBED_TIME+LLAMA3-BWB_BMPD640_16_7_1
8,5,0,0,7,12,640,63.52,91.889332,bw,static,static,results,Results,Results_LLAMA31,LLAMA3-BWB-Results,simulator_output_LLAMA3-BWB_bwplacement_bs8_staticreq_statictask,SCRUBBED_TIME+LLAMA3-BWB_BMPD640_5_7_12
8,13,0,0,8,3,640,74.96,91.908573,bw,static,static,results,Results,Results_LLAMA31,LLAMA3-BWB-Results,simulator_output_LLAMA3-BWB_bwplacement_bs8_staticreq_statictask,SCRUBBED_TIME+LLAMA3-BWB_BMPD640_13_8_3
8,7,0,0,8,9,640,81.52,91.908573,bw,static,static,results,Results,Results_LLAMA31,LLAMA3-BWB-Results,simulator_output_LLAMA3-BWB_bwplacement_bs8_staticreq_statictask,SCRUBBED_TIME+LLAMA3-BWB_BMPD640_7_8_9
8,8,0,0,6,10,256,11.52,92.07428,bw,static,static,results,Results,Results_LLAMA31,LLAMA3-BWB-Results,simulator_output_LLAMA3-BWB_bwplacement_bs8_staticreq_statictask,SCRUBBED_TIME+LLAMA3-BWB_BMPD256_8_6_10
8,9,0,0,6,9,256,11.52,92.07428,bw,static,static,results,Results,Results_LLAMA31,LLAMA3-BWB-Results,simulator_output_LLAMA3-BWB_bwplacement_bs8_staticreq_statictask,SCRUBBED_TIME+LLAMA3-BWB_BMPD256_9_6_9
8,13,0,0,7,4,512,61.68,92.078576,bw,static,static,results,Results,Results_LLAMA31,LLAMA3-BWB-Results,simulator_output_LLAMA3-BWB_bwplacement_bs8_staticreq_statictask,SCRUBBED_TIME+LLAMA3-BWB_BMPD512_13_7_4
8,7,0,0,7,10,512,64.24,92.078576,bw,static,static,results,Results,Results_LLAMA31,LLAMA3-BWB-Results,simulator_output_LLAMA3-BWB_bwplacement_bs8_staticreq_statictask,SCRUBBED_TIME+LLAMA3-BWB_BMPD512_7_7_10
8,16,0,0,6,2,512,89.6,92.09411828571427,bw,static,static,results,Results,Results_LLAMA31,LLAMA3-BWB-Results,simulator_output_LLAMA3-BWB_bwplacement_bs8_staticreq_statictask,SCRUBBED_TIME+LLAMA3-BWB_BMPD512_16_6_2
8,5,0,0,6,13,512,136.64,92.09411828571427,bw,static,static,results,Results,Results_LLAMA31,LLAMA3-BWB-Results,simulator_output_LLAMA3-BWB_bwplacement_bs8_staticreq_statictask,SCRUBBED_TIME+LLAMA3-BWB_BMPD512_5_6_13
8,15,0,0,5,4,256,65.92,92.19476577777776,bw,static,static,results,Results,Results_LLAMA31,LLAMA3-BWB-Results,simulator_output_LLAMA3-BWB_bwplacement_bs8_staticreq_statictask,SCRUBBED_TIME+LLAMA3-BWB_BMPD256_15_5_4
8,6,0,0,5,13,256,79.68,92.19476577777776,bw,static,static,results,Results,Results_LLAMA31,LLAMA3-BWB-Results,simulator_output_LLAMA3-BWB_bwplacement_bs8_staticreq_statictask,SCRUBBED_TIME+LLAMA3-BWB_BMPD256_6_5_13
8,9,0,0,14,1,640,44.32,92.251198,bw,static,static,results,Results,Results_LLAMA31,LLAMA3-BWB-Results,simulator_output_LLAMA3-BWB_bwplacement_bs8_staticreq_statictask,SCRUBBED_TIME+LLAMA3-BWB_BMPD640_9_14_1
8,8,0,0,14,2,640,65.36,92.251198,bw,static,static,results,Results,Results_LLAMA31,LLAMA3-BWB-Results,simulator_output_LLAMA3-BWB_bwplacement_bs8_staticreq_statictask,SCRUBBED_TIME+LLAMA3-BWB_BMPD640_8_14_2
8,10,0,0,10,4,640,61.2,92.31409866666668,bw,static,static,results,Results,Results_LLAMA31,LLAMA3-BWB-Results,simulator_output_LLAMA3-BWB_bwplacement_bs8_staticreq_statictask,SCRUBBED_TIME+LLAMA3-BWB_BMPD640_10_10_4
8,11,0,0,8,5,512,114.88,92.355413,bw,static,static,results,Results,Results_LLAMA31,LLAMA3-BWB-Results,simulator_output_LLAMA3-BWB_bwplacement_bs8_staticreq_statictask,SCRUBBED_TIME+LLAMA3-BWB_BMPD512_11_8_5
8,12,0,0,6,6,384,51.12,92.43938266666667,bw,static,static,results,Results,Results_LLAMA31,LLAMA3-BWB-Results,simulator_output_LLAMA3-BWB_bwplacement_bs8_staticreq_statictask,SCRUBBED_TIME+LLAMA3-BWB_BMPD384_12_6_6
8,14,0,0,9,1,640,37.04,92.554032,bw,static,static,results,Results,Results_LLAMA31,LLAMA3-BWB-Results,simulator_output_LLAMA3-BWB_bwplacement_bs8_staticreq_statictask,SCRUBBED_TIME+LLAMA3-BWB_BMPD640_14_9_1
8,10,0,0,6,8,256,21.28,92.563996,bw,static,static,results,Results,Results_LLAMA31,LLAMA3-BWB-Results,simulator_output_LLAMA3-BWB_bwplacement_bs8_staticreq_statictask,SCRUBBED_TIME+LLAMA3-BWB_BMPD256_10_6_8
8,9,0,0,8,7,384,111.04,92.6628785,bw,static,static,results,Results,Results_LLAMA31,LLAMA3-BWB-Results,simulator_output_LLAMA3-BWB_bwplacement_bs8_staticreq_statictask,SCRUBBED_TIME+LLAMA3-BWB_BMPD384_9_8_7
8,8,0,0,8,8,384,119.68,92.6628785,bw,static,static,results,Results,Results_LLAMA31,LLAMA3-BWB-Results,simulator_output_LLAMA3-BWB_bwplacement_bs8_staticreq_statictask,SCRUBBED_TIME+LLAMA3-BWB_BMPD384_8_8_8
8,6,0,0,9,9,640,90.32,92.7271712,bw,static,static,results,Results,Results_LLAMA31,LLAMA3-BWB-Results,simulator_output_LLAMA3-BWB_bwplacement_bs8_staticreq_statictask,SCRUBBED_TIME+LLAMA3-BWB_BMPD640_6_9_9
8,12,0,0,9,3,640,19.76,92.743956,bw,static,static,results,Results,Results_LLAMA31,LLAMA3-BWB-Results,simulator_output_LLAMA3-BWB_bwplacement_bs8_staticreq_statictask,SCRUBBED_TIME+LLAMA3-BWB_BMPD640_12_9_3
8,16,0,0,4,4,256,48.8,92.7906536,bw,static,static,results,Results,Results_LLAMA31,LLAMA3-BWB-Results,simulator_output_LLAMA3-BWB_bwplacement_bs8_staticreq_statictask,SCRUBBED_TIME+LLAMA3-BWB_BMPD256_16_4_4
8,5,0,0,4,15,256,49.44,92.8436336,bw,static,static,results,Results,Results_LLAMA31,LLAMA3-BWB-Results,simulator_output_LLAMA3-BWB_bwplacement_bs8_staticreq_statictask,SCRUBBED_TIME+LLAMA3-BWB_BMPD256_5_4_15
8,11,0,0,7,6,384,47.2,93.08684933333332,bw,static,static,results,Results,Results_LLAMA31,LLAMA3-BWB-Results,simulator_output_LLAMA3-BWB_bwplacement_bs8_staticreq_statictask,SCRUBBED_TIME+LLAMA3-BWB_BMPD384_11_7_6
8,8,0,0,7,9,256,27.28,93.39589333333332,bw,static,static,results,Results,Results_LLAMA31,LLAMA3-BWB-Results,simulator_output_LLAMA3-BWB_bwplacement_bs8_staticreq_statictask,SCRUBBED_TIME+LLAMA3-BWB_BMPD256_8_7_9
8,9,0,0,7,8,256,28.0,93.39589333333332,bw,static,static,results,Results,Results_LLAMA31,LLAMA3-BWB-Results,simulator_output_LLAMA3-BWB_bwplacement_bs8_staticreq_statictask,SCRUBBED_TIME+LLAMA3-BWB_BMPD256_9_7_8
8,8,0,0,10,6,512,49.52,93.71730933333332,bw,static,static,results,Results,Results_LLAMA31,LLAMA3-BWB-Results,simulator_output_LLAMA3-BWB_bwplacement_bs8_staticreq_statictask,SCRUBBED_TIME+LLAMA3-BWB_BMPD512_8_10_6
8,9,0,0,10,5,512,49.92,93.71730933333332,bw,static,static,results,Results,Results_LLAMA31,LLAMA3-BWB-Results,simulator_output_LLAMA3-BWB_bwplacement_bs8_staticreq_statictask,SCRUBBED_TIME+LLAMA3-BWB_BMPD512_9_10_5
8,12,0,0,7,5,512,32.4,93.977908,bw,static,static,results,Results,Results_LLAMA31,LLAMA3-BWB-Results,simulator_output_LLAMA3-BWB_bwplacement_bs8_staticreq_statictask,SCRUBBED_TIME+LLAMA3-BWB_BMPD512_12_7_5
8,13,0,0,9,2,640,31.6,94.057526,bw,static,static,results,Results,Results_LLAMA31,LLAMA3-BWB-Results,simulator_output_LLAMA3-BWB_bwplacement_bs8_staticreq_statictask,SCRUBBED_TIME+LLAMA3-BWB_BMPD640_13_9_2
8,7,0,0,9,8,640,31.84,94.057526,bw,static,static,results,Results,Results_LLAMA31,LLAMA3-BWB-Results,simulator_output_LLAMA3-BWB_bwplacement_bs8_staticreq_statictask,SCRUBBED_TIME+LLAMA3-BWB_BMPD640_7_9_8
8,4,0,0,6,14,640,16.0,94.120656,bw,static,static,results,Results,Results_LLAMA31,LLAMA3-BWB-Results,simulator_output_LLAMA3-BWB_bwplacement_bs8_staticreq_statictask,SCRUBBED_TIME+LLAMA3-BWB_BMPD640_4_6_14
8,8,0,0,10,6,640,45.2,94.18516533333332,bw,static,static,results,Results,Results_LLAMA31,LLAMA3-BWB-Results,simulator_output_LLAMA3-BWB_bwplacement_bs8_staticreq_statictask,SCRUBBED_TIME+LLAMA3-BWB_BMPD640_8_10_6
8,9,0,0,10,5,640,45.36,94.18516533333332,bw,static,static,results,Results,Results_LLAMA31,LLAMA3-BWB-Results,simulator_output_LLAMA3-BWB_bwplacement_bs8_staticreq_statictask,SCRUBBED_TIME+LLAMA3-BWB_BMPD640_9_10_5
8,11,0,0,6,7,256,24.4,94.24796,bw,static,static,results,Results,Results_LLAMA31,LLAMA3-BWB-Results,simulator_output_LLAMA3-BWB_bwplacement_bs8_staticreq_statictask,SCRUBBED_TIME+LLAMA3-BWB_BMPD256_11_6_7
8,8,0,0,9,7,512,15.44,94.445248,bw,static,static,results,Results,Results_LLAMA31,LLAMA3-BWB-Results,simulator_output_LLAMA3-BWB_bwplacement_bs8_staticreq_statictask,SCRUBBED_TIME+LLAMA3-BWB_BMPD512_8_9_7
8,9,0,0,9,6,512,15.44,94.445248,bw,static,static,results,Results,Results_LLAMA31,LLAMA3-BWB-Results,simulator_output_LLAMA3-BWB_bwplacement_bs8_staticreq_statictask,SCRUBBED_TIME+LLAMA3-BWB_BMPD512_9_9_6
8,15,0,0,7,2,640,41.6,94.56419866666668,bw,static,static,results,Results,Results_LLAMA31,LLAMA3-BWB-Results,simulator_output_LLAMA3-BWB_bwplacement_bs8_staticreq_statictask,SCRUBBED_TIME+LLAMA3-BWB_BMPD640_15_7_2
8,6,0,0,7,11,640,42.88,94.56419866666668,bw,static,static,results,Results,Results_LLAMA31,LLAMA3-BWB-Results,simulator_output_LLAMA3-BWB_bwplacement_bs8_staticreq_statictask,SCRUBBED_TIME+LLAMA3-BWB_BMPD640_6_7_11
8,10,0,0,7,7,384,12.64,94.761272,bw,static,static,results,Results,Results_LLAMA31,LLAMA3-BWB-Results,simulator_output_LLAMA3-BWB_bwplacement_bs8_staticreq_statictask,SCRUBBED_TIME+LLAMA3-BWB_BMPD384_10_7_7
8,11,0,0,8,5,640,13.76,94.934556,bw,static,static,results,Results,Results_LLAMA31,LLAMA3-BWB-Results,simulator_output_LLAMA3-BWB_bwplacement_bs8_staticreq_statictask,SCRUBBED_TIME+LLAMA3-BWB_BMPD640_11_8_5
8,10,0,0,9,5,512,39.76,94.99894266666666,bw,static,static,results,Results,Results_LLAMA31,LLAMA3-BWB-Results,simulator_output_LLAMA3-BWB_bwplacement_bs8_staticreq_statictask,SCRUBBED_TIME+LLAMA3-BWB_BMPD512_10_9_5
8,14,0,0,6,4,512,26.16,95.121358,bw,static,static,results,Results,Results_LLAMA31,LLAMA3-BWB-Results,simulator_output_LLAMA3-BWB_bwplacement_bs8_staticreq_statictask,SCRUBBED_TIME+LLAMA3-BWB_BMPD512_14_6_4
8,12,0,0,8,4,640,37.28,95.25296533333332,bw,static,static,results,Results,Results_LLAMA31,LLAMA3-BWB-Results,simulator_output_LLAMA3-BWB_bwplacement_bs8_staticreq_statictask,SCRUBBED_TIME+LLAMA3-BWB_BMPD640_12_8_4
8,10,0,0,8,6,512,45.92,95.255799,bw,static,static,results,Results,Results_LLAMA31,LLAMA3-BWB-Results,simulator_output_LLAMA3-BWB_bwplacement_bs8_staticreq_statictask,SCRUBBED_TIME+LLAMA3-BWB_BMPD512_10_8_6
8,4,0,0,4,16,384,32.96,95.29874933333332,bw,static,static,results,Results,Results_LLAMA31,LLAMA3-BWB-Results,simulator_output_LLAMA3-BWB_bwplacement_bs8_staticreq_statictask,SCRUBBED_TIME+LLAMA3-BWB_BMPD384_4_4_16
8,15,0,0,5,4,384,49.36,95.550824,bw,static,static,results,Results,Results_LLAMA31,LLAMA3-BWB-Results,simulator_output_LLAMA3-BWB_bwplacement_bs8_staticreq_statictask,SCRUBBED_TIME+LLAMA3-BWB_BMPD384_15_5_4
8,6,0,0,5,13,384,58.48,95.550824,bw,static,static,results,Results,Results_LLAMA31,LLAMA3-BWB-Results,simulator_output_LLAMA3-BWB_bwplacement_bs8_staticreq_statictask,SCRUBBED_TIME+LLAMA3-BWB_BMPD384_6_5_13
8,6,0,0,6,12,640,11.84,95.645956,bw,static,static,results,Results,Results_LLAMA31,LLAMA3-BWB-Results,simulator_output_LLAMA3-BWB_bwplacement_bs8_staticreq_statictask,SCRUBBED_TIME+LLAMA3-BWB_BMPD640_6_6_12
8,15,0,0,6,3,640,11.84,95.645956,bw,static,static,results,Results,Results_LLAMA31,LLAMA3-BWB-Results,simulator_output_LLAMA3-BWB_bwplacement_bs8_staticreq_statictask,SCRUBBED_TIME+LLAMA3-BWB_BMPD640_15_6_3
8,14,0,0,7,3,640,11.44,95.774956,bw,static,static,results,Results,Results_LLAMA31,LLAMA3-BWB-Results,simulator_output_LLAMA3-BWB_bwplacement_bs8_staticreq_statictask,SCRUBBED_TIME+LLAMA3-BWB_BMPD640_14_7_3
8,11,0,0,6,7,384,19.84,95.78459,bw,static,static,results,Results,Results_LLAMA31,LLAMA3-BWB-Results,simulator_output_LLAMA3-BWB_bwplacement_bs8_staticreq_statictask,SCRUBBED_TIME+LLAMA3-BWB_BMPD384_11_6_7
8,11,0,0,7,6,512,11.52,95.861548,bw,static,static,results,Results,Results_LLAMA31,LLAMA3-BWB-Results,simulator_output_LLAMA3-BWB_bwplacement_bs8_staticreq_statictask,SCRUBBED_TIME+LLAMA3-BWB_BMPD512_11_7_6
8,14,0,0,6,4,640,11.2,95.880756,bw,static,static,results,Results,Results_LLAMA31,LLAMA3-BWB-Results,simulator_output_LLAMA3-BWB_bwplacement_bs8_staticreq_statictask,SCRUBBED_TIME+LLAMA3-BWB_BMPD640_14_6_4
8,11,0,0,9,4,640,10.96,95.968156,bw,static,static,results,Results,Results_LLAMA31,LLAMA3-BWB-Results,simulator_output_LLAMA3-BWB_bwplacement_bs8_staticreq_statictask,SCRUBBED_TIME+LLAMA3-BWB_BMPD640_11_9_4
8,14,0,0,5,5,256,18.56,96.479948,bw,static,static,results,Results,Results_LLAMA31,LLAMA3-BWB-Results,simulator_output_LLAMA3-BWB_bwplacement_bs8_staticreq_statictask,SCRUBBED_TIME+LLAMA3-BWB_BMPD256_14_5_5
8,10,0,0,6,8,384,7.68,96.782772,bw,static,static,results,Results,Results_LLAMA31,LLAMA3-BWB-Results,simulator_output_LLAMA3-BWB_bwplacement_bs8_staticreq_statictask,SCRUBBED_TIME+LLAMA3-BWB_BMPD384_10_6_8
8,8,0,0,7,9,384,7.52,96.864772,bw,static,static,results,Results,Results_LLAMA31,LLAMA3-BWB-Results,simulator_output_LLAMA3-BWB_bwplacement_bs8_staticreq_statictask,SCRUBBED_TIME+LLAMA3-BWB_BMPD384_8_7_9
8,9,0,0,7,8,384,7.52,96.864772,bw,static,static,results,Results,Results_LLAMA31,LLAMA3-BWB-Results,simulator_output_LLAMA3-BWB_bwplacement_bs8_staticreq_statictask,SCRUBBED_TIME+LLAMA3-BWB_BMPD384_9_7_8
8,15,0,0,4,5,256,3.92,97.29338,bw,static,static,results,Results,Results_LLAMA31,LLAMA3-BWB-Results,simulator_output_LLAMA3-BWB_bwplacement_bs8_staticreq_statictask,SCRUBBED_TIME+LLAMA3-BWB_BMPD256_15_4_5
8,5,0,0,5,14,640,4.72,97.367156,bw,static,static,results,Results,Results_LLAMA31,LLAMA3-BWB-Results,simulator_output_LLAMA3-BWB_bwplacement_bs8_staticreq_statictask,SCRUBBED_TIME+LLAMA3-BWB_BMPD640_5_5_14
8,16,0,0,5,3,640,7.12,97.367156,bw,static,static,results,Results,Results_LLAMA31,LLAMA3-BWB-Results,simulator_output_LLAMA3-BWB_bwplacement_bs8_staticreq_statictask,SCRUBBED_TIME+LLAMA3-BWB_BMPD640_16_5_3
8,3,0,0,2,19,256,8.8,97.82289333333333,bw,static,static,results,Results,Results_LLAMA31,LLAMA3-BWB-Results,simulator_output_LLAMA3-BWB_bwplacement_bs8_staticreq_statictask,SCRUBBED_TIME+LLAMA3-BWB_BMPD256_3_2_19
8,2,0,0,2,20,640,16.08,97.873832,bw,static,static,results,Results,Results_LLAMA31,LLAMA3-BWB-Results,simulator_output_LLAMA3-BWB_bwplacement_bs8_staticreq_statictask,SCRUBBED_TIME+LLAMA3-BWB_BMPD640_2_2_20
8,5,0,0,4,15,384,5.2,97.98434,bw,static,static,results,Results,Results_LLAMA31,LLAMA3-BWB-Results,simulator_output_LLAMA3-BWB_bwplacement_bs8_staticreq_statictask,SCRUBBED_TIME+LLAMA3-BWB_BMPD384_5_4_15
8,16,0,0,4,4,384,9.28,97.98434,bw,static,static,results,Results,Results_LLAMA31,LLAMA3-BWB-Results,simulator_output_LLAMA3-BWB_bwplacement_bs8_staticreq_statictask,SCRUBBED_TIME+LLAMA3-BWB_BMPD384_16_4_4
8,7,0,0,7,10,640,4.88,98.163156,bw,static,static,results,Results,Results_LLAMA31,LLAMA3-BWB-Results,simulator_output_LLAMA3-BWB_bwplacement_bs8_staticreq_statictask,SCRUBBED_TIME+LLAMA3-BWB_BMPD640_7_7_10
8,13,0,0,7,4,640,4.88,98.163156,bw,static,static,results,Results,Results_LLAMA31,LLAMA3-BWB-Results,simulator_output_LLAMA3-BWB_bwplacement_bs8_staticreq_statictask,SCRUBBED_TIME+LLAMA3-BWB_BMPD640_13_7_4
8,9,0,0,8,7,512,9.28,98.235258,bw,static,static,results,Results,Results_LLAMA31,LLAMA3-BWB-Results,simulator_output_LLAMA3-BWB_bwplacement_bs8_staticreq_statictask,SCRUBBED_TIME+LLAMA3-BWB_BMPD512_9_8_7
8,8,0,0,8,8,512,9.36,98.235258,bw,static,static,results,Results,Results_LLAMA31,LLAMA3-BWB-Results,simulator_output_LLAMA3-BWB_bwplacement_bs8_staticreq_statictask,SCRUBBED_TIME+LLAMA3-BWB_BMPD512_8_8_8
8,10,0,0,9,5,640,4.48,98.332656,bw,static,static,results,Results,Results_LLAMA31,LLAMA3-BWB-Results,simulator_output_LLAMA3-BWB_bwplacement_bs8_staticreq_statictask,SCRUBBED_TIME+LLAMA3-BWB_BMPD640_10_9_5
8,7,0,0,6,11,512,4.48,98.356348,bw,static,static,results,Results,Results_LLAMA31,LLAMA3-BWB-Results,simulator_output_LLAMA3-BWB_bwplacement_bs8_staticreq_statictask,SCRUBBED_TIME+LLAMA3-BWB_BMPD512_7_6_11
8,13,0,0,6,5,512,4.48,98.356348,bw,static,static,results,Results,Results_LLAMA31,LLAMA3-BWB-Results,simulator_output_LLAMA3-BWB_bwplacement_bs8_staticreq_statictask,SCRUBBED_TIME+LLAMA3-BWB_BMPD512_13_6_5
8,6,0,0,4,14,256,1.36,99.02838,bw,static,static,results,Results,Results_LLAMA31,LLAMA3-BWB-Results,simulator_output_LLAMA3-BWB_bwplacement_bs8_staticreq_statictask,SCRUBBED_TIME+LLAMA3-BWB_BMPD256_6_4_14
8,3,0,0,3,18,640,1.28,99.482456,bw,static,static,results,Results,Results_LLAMA31,LLAMA3-BWB-Results,simulator_output_LLAMA3-BWB_bwplacement_bs8_staticreq_statictask,SCRUBBED_TIME+LLAMA3-BWB_BMPD640_3_3_18
8,12,0,0,7,5,640,1.12,99.526556,bw,static,static,results,Results,Results_LLAMA31,LLAMA3-BWB-Results,simulator_output_LLAMA3-BWB_bwplacement_bs8_staticreq_statictask,SCRUBBED_TIME+LLAMA3-BWB_BMPD640_12_7_5
8,3,0,0,1,20,256,0.0,,bw,static,static,results,Results,Results_LLAMA31,LLAMA3-BWB-Results,simulator_output_LLAMA3-BWB_bwplacement_bs8_staticreq_statictask,SCRUBBED_TIME+LLAMA3-BWB_BMPD256_3_1_20
8,2,0,0,1,21,256,0.0,,bw,static,static,results,Results,Results_LLAMA31,LLAMA3-BWB-Results,simulator_output_LLAMA3-BWB_bwplacement_bs8_staticreq_statictask,SCRUBBED_TIME+LLAMA3-BWB_BMPD256_2_1_21
8,4,0,0,1,19,256,0.0,,bw,static,static,results,Results,Results_LLAMA31,LLAMA3-BWB-Results,simulator_output_LLAMA3-BWB_bwplacement_bs8_staticreq_statictask,SCRUBBED_TIME+LLAMA3-BWB_BMPD256_4_1_19
8,4,0,0,2,18,256,0.0,,bw,static,static,results,Results,Results_LLAMA31,LLAMA3-BWB-Results,simulator_output_LLAMA3-BWB_bwplacement_bs8_staticreq_statictask,SCRUBBED_TIME+LLAMA3-BWB_BMPD256_4_2_18
8,4,0,0,3,17,256,0.0,,bw,static,static,results,Results,Results_LLAMA31,LLAMA3-BWB-Results,simulator_output_LLAMA3-BWB_bwplacement_bs8_staticreq_statictask,SCRUBBED_TIME+LLAMA3-BWB_BMPD256_4_3_17
8,5,0,0,1,18,256,0.0,,bw,static,static,results,Results,Results_LLAMA31,LLAMA3-BWB-Results,simulator_output_LLAMA3-BWB_bwplacement_bs8_staticreq_statictask,SCRUBBED_TIME+LLAMA3-BWB_BMPD256_5_1_18
8,5,0,0,3,16,256,0.0,,bw,static,static,results,Results,Results_LLAMA31,LLAMA3-BWB-Results,simulator_output_LLAMA3-BWB_bwplacement_bs8_staticreq_statictask,SCRUBBED_TIME+LLAMA3-BWB_BMPD256_5_3_16
8,5,0,0,2,17,256,0.0,,bw,static,static,results,Results,Results_LLAMA31,LLAMA3-BWB-Results,simulator_output_LLAMA3-BWB_bwplacement_bs8_staticreq_statictask,SCRUBBED_TIME+LLAMA3-BWB_BMPD256_5_2_17
8,6,0,0,1,17,256,0.0,,bw,static,static,results,Results,Results_LLAMA31,LLAMA3-BWB-Results,simulator_output_LLAMA3-BWB_bwplacement_bs8_staticreq_statictask,SCRUBBED_TIME+LLAMA3-BWB_BMPD256_6_1_17
8,6,0,0,2,16,256,0.0,,bw,static,static,results,Results,Results_LLAMA31,LLAMA3-BWB-Results,simulator_output_LLAMA3-BWB_bwplacement_bs8_staticreq_statictask,SCRUBBED_TIME+LLAMA3-BWB_BMPD256_6_2_16
8,6,0,0,3,15,256,0.0,,bw,static,static,results,Results,Results_LLAMA31,LLAMA3-BWB-Results,simulator_output_LLAMA3-BWB_bwplacement_bs8_staticreq_statictask,SCRUBBED_TIME+LLAMA3-BWB_BMPD256_6_3_15
8,7,0,0,1,16,256,0.0,,bw,static,static,results,Results,Results_LLAMA31,LLAMA3-BWB-Results,simulator_output_LLAMA3-BWB_bwplacement_bs8_staticreq_statictask,SCRUBBED_TIME+LLAMA3-BWB_BMPD256_7_1_16
8,7,0,0,2,15,256,0.0,,bw,static,static,results,Results,Results_LLAMA31,LLAMA3-BWB-Results,simulator_output_LLAMA3-BWB_bwplacement_bs8_staticreq_statictask,SCRUBBED_TIME+LLAMA3-BWB_BMPD256_7_2_15
8,7,0,0,3,14,256,0.0,,bw,static,static,results,Results,Results_LLAMA31,LLAMA3-BWB-Results,simulator_output_LLAMA3-BWB_bwplacement_bs8_staticreq_statictask,SCRUBBED_TIME+LLAMA3-BWB_BMPD256_7_3_14
8,7,0,0,4,13,256,0.0,,bw,static,static,results,Results,Results_LLAMA31,LLAMA3-BWB-Results,simulator_output_LLAMA3-BWB_bwplacement_bs8_staticreq_statictask,SCRUBBED_TIME+LLAMA3-BWB_BMPD256_7_4_13
8,7,0,0,5,12,256,0.0,,bw,static,static,results,Results,Results_LLAMA31,LLAMA3-BWB-Results,simulator_output_LLAMA3-BWB_bwplacement_bs8_staticreq_statictask,SCRUBBED_TIME+LLAMA3-BWB_BMPD256_7_5_12
8,8,0,0,2,14,256,0.0,,bw,static,static,results,Results,Results_LLAMA31,LLAMA3-BWB-Results,simulator_output_LLAMA3-BWB_bwplacement_bs8_staticreq_statictask,SCRUBBED_TIME+LLAMA3-BWB_BMPD256_8_2_14
8,8,0,0,1,15,256,0.0,,bw,static,static,results,Results,Results_LLAMA31,LLAMA3-BWB-Results,simulator_output_LLAMA3-BWB_bwplacement_bs8_staticreq_statictask,SCRUBBED_TIME+LLAMA3-BWB_BMPD256_8_1_15
8,8,0,0,3,13,256,0.0,,bw,static,static,results,Results,Results_LLAMA31,LLAMA3-BWB-Results,simulator_output_LLAMA3-BWB_bwplacement_bs8_staticreq_statictask,SCRUBBED_TIME+LLAMA3-BWB_BMPD256_8_3_13
8,8,0,0,4,12,256,0.0,,bw,static,static,results,Results,Results_LLAMA31,LLAMA3-BWB-Results,simulator_output_LLAMA3-BWB_bwplacement_bs8_staticreq_statictask,SCRUBBED_TIME+LLAMA3-BWB_BMPD256_8_4_12
8,8,0,0,5,11,256,0.0,,bw,static,static,results,Results,Results_LLAMA31,LLAMA3-BWB-Results,simulator_output_LLAMA3-BWB_bwplacement_bs8_staticreq_statictask,SCRUBBED_TIME+LLAMA3-BWB_BMPD256_8_5_11
8,9,0,0,1,14,256,0.0,,bw,static,static,results,Results,Results_LLAMA31,LLAMA3-BWB-Results,simulator_output_LLAMA3-BWB_bwplacement_bs8_staticreq_statictask,SCRUBBED_TIME+LLAMA3-BWB_BMPD256_9_1_14
8,9,0,0,2,13,256,0.0,,bw,static,static,results,Results,Results_LLAMA31,LLAMA3-BWB-Results,simulator_output_LLAMA3-BWB_bwplacement_bs8_staticreq_statictask,SCRUBBED_TIME+LLAMA3-BWB_BMPD256_9_2_13
8,9,0,0,3,12,256,0.0,,bw,static,static,results,Results,Results_LLAMA31,LLAMA3-BWB-Results,simulator_output_LLAMA3-BWB_bwplacement_bs8_staticreq_statictask,SCRUBBED_TIME+LLAMA3-BWB_BMPD256_9_3_12
8,9,0,0,4,11,256,0.0,,bw,static,static,results,Results,Results_LLAMA31,LLAMA3-BWB-Results,simulator_output_LLAMA3-BWB_bwplacement_bs8_staticreq_statictask,SCRUBBED_TIME+LLAMA3-BWB_BMPD256_9_4_11
8,9,0,0,5,10,256,0.0,,bw,static,static,results,Results,Results_LLAMA31,LLAMA3-BWB-Results,simulator_output_LLAMA3-BWB_bwplacement_bs8_staticreq_statictask,SCRUBBED_TIME+LLAMA3-BWB_BMPD256_9_5_10
8,10,0,0,1,13,256,0.0,,bw,static,static,results,Results,Results_LLAMA31,LLAMA3-BWB-Results,simulator_output_LLAMA3-BWB_bwplacement_bs8_staticreq_statictask,SCRUBBED_TIME+LLAMA3-BWB_BMPD256_10_1_13
8,10,0,0,2,12,256,0.0,,bw,static,static,results,Results,Results_LLAMA31,LLAMA3-BWB-Results,simulator_output_LLAMA3-BWB_bwplacement_bs8_staticreq_statictask,SCRUBBED_TIME+LLAMA3-BWB_BMPD256_10_2_12
8,10,0,0,3,11,256,0.0,,bw,static,static,results,Results,Results_LLAMA31,LLAMA3-BWB-Results,simulator_output_LLAMA3-BWB_bwplacement_bs8_staticreq_statictask,SCRUBBED_TIME+LLAMA3-BWB_BMPD256_10_3_11
8,10,0,0,5,9,256,0.0,,bw,static,static,results,Results,Results_LLAMA31,LLAMA3-BWB-Results,simulator_output_LLAMA3-BWB_bwplacement_bs8_staticreq_statictask,SCRUBBED_TIME+LLAMA3-BWB_BMPD256_10_5_9
8,10,0,0,4,10,256,0.0,,bw,static,static,results,Results,Results_LLAMA31,LLAMA3-BWB-Results,simulator_output_LLAMA3-BWB_bwplacement_bs8_staticreq_statictask,SCRUBBED_TIME+LLAMA3-BWB_BMPD256_10_4_10
8,11,0,0,1,12,256,0.0,,bw,static,static,results,Results,Results_LLAMA31,LLAMA3-BWB-Results,simulator_output_LLAMA3-BWB_bwplacement_bs8_staticreq_statictask,SCRUBBED_TIME+LLAMA3-BWB_BMPD256_11_1_12
8,11,0,0,3,10,256,0.0,,bw,static,static,results,Results,Results_LLAMA31,LLAMA3-BWB-Results,simulator_output_LLAMA3-BWB_bwplacement_bs8_staticreq_statictask,SCRUBBED_TIME+LLAMA3-BWB_BMPD256_11_3_10
8,11,0,0,2,11,256,0.0,,bw,static,static,results,Results,Results_LLAMA31,LLAMA3-BWB-Results,simulator_output_LLAMA3-BWB_bwplacement_bs8_staticreq_statictask,SCRUBBED_TIME+LLAMA3-BWB_BMPD256_11_2_11
8,11,0,0,4,9,256,0.0,,bw,static,static,results,Results,Results_LLAMA31,LLAMA3-BWB-Results,simulator_output_LLAMA3-BWB_bwplacement_bs8_staticreq_statictask,SCRUBBED_TIME+LLAMA3-BWB_BMPD256_11_4_9
8,11,0,0,5,8,256,0.0,,bw,static,static,results,Results,Results_LLAMA31,LLAMA3-BWB-Results,simulator_output_LLAMA3-BWB_bwplacement_bs8_staticreq_statictask,SCRUBBED_TIME+LLAMA3-BWB_BMPD256_11_5_8
8,12,0,0,1,11,256,0.0,,bw,static,static,results,Results,Results_LLAMA31,LLAMA3-BWB-Results,simulator_output_LLAMA3-BWB_bwplacement_bs8_staticreq_statictask,SCRUBBED_TIME+LLAMA3-BWB_BMPD256_12_1_11
8,12,0,0,2,10,256,0.0,,bw,static,static,results,Results,Results_LLAMA31,LLAMA3-BWB-Results,simulator_output_LLAMA3-BWB_bwplacement_bs8_staticreq_statictask,SCRUBBED_TIME+LLAMA3-BWB_BMPD256_12_2_10
8,12,0,0,3,9,256,0.0,,bw,static,static,results,Results,Results_LLAMA31,LLAMA3-BWB-Results,simulator_output_LLAMA3-BWB_bwplacement_bs8_staticreq_statictask,SCRUBBED_TIME+LLAMA3-BWB_BMPD256_12_3_9
8,12,0,0,4,8,256,0.0,,bw,static,static,results,Results,Results_LLAMA31,LLAMA3-BWB-Results,simulator_output_LLAMA3-BWB_bwplacement_bs8_staticreq_statictask,SCRUBBED_TIME+LLAMA3-BWB_BMPD256_12_4_8
8,12,0,0,5,7,256,0.0,,bw,static,static,results,Results,Results_LLAMA31,LLAMA3-BWB-Results,simulator_output_LLAMA3-BWB_bwplacement_bs8_staticreq_statictask,SCRUBBED_TIME+LLAMA3-BWB_BMPD256_12_5_7
8,13,0,0,1,10,256,0.0,,bw,static,static,results,Results,Results_LLAMA31,LLAMA3-BWB-Results,simulator_output_LLAMA3-BWB_bwplacement_bs8_staticreq_statictask,SCRUBBED_TIME+LLAMA3-BWB_BMPD256_13_1_10
8,13,0,0,2,9,256,0.0,,bw,static,static,results,Results,Results_LLAMA31,LLAMA3-BWB-Results,simulator_output_LLAMA3-BWB_bwplacement_bs8_staticreq_statictask,SCRUBBED_TIME+LLAMA3-BWB_BMPD256_13_2_9
8,13,0,0,3,8,256,0.0,,bw,static,static,results,Results,Results_LLAMA31,LLAMA3-BWB-Results,simulator_output_LLAMA3-BWB_bwplacement_bs8_staticreq_statictask,SCRUBBED_TIME+LLAMA3-BWB_BMPD256_13_3_8
8,13,0,0,4,7,256,0.0,,bw,static,static,results,Results,Results_LLAMA31,LLAMA3-BWB-Results,simulator_output_LLAMA3-BWB_bwplacement_bs8_staticreq_statictask,SCRUBBED_TIME+LLAMA3-BWB_BMPD256_13_4_7
8,13,0,0,5,6,256,0.0,,bw,static,static,results,Results,Results_LLAMA31,LLAMA3-BWB-Results,simulator_output_LLAMA3-BWB_bwplacement_bs8_staticreq_statictask,SCRUBBED_TIME+LLAMA3-BWB_BMPD256_13_5_6
8,14,0,0,1,9,256,0.0,,bw,static,static,results,Results,Results_LLAMA31,LLAMA3-BWB-Results,simulator_output_LLAMA3-BWB_bwplacement_bs8_staticreq_statictask,SCRUBBED_TIME+LLAMA3-BWB_BMPD256_14_1_9
8,14,0,0,2,8,256,0.0,,bw,static,static,results,Results,Results_LLAMA31,LLAMA3-BWB-Results,simulator_output_LLAMA3-BWB_bwplacement_bs8_staticreq_statictask,SCRUBBED_TIME+LLAMA3-BWB_BMPD256_14_2_8
8,14,0,0,4,6,256,0.0,,bw,static,static,results,Results,Results_LLAMA31,LLAMA3-BWB-Results,simulator_output_LLAMA3-BWB_bwplacement_bs8_staticreq_statictask,SCRUBBED_TIME+LLAMA3-BWB_BMPD256_14_4_6
8,14,0,0,3,7,256,0.0,,bw,static,static,results,Results,Results_LLAMA31,LLAMA3-BWB-Results,simulator_output_LLAMA3-BWB_bwplacement_bs8_staticreq_statictask,SCRUBBED_TIME+LLAMA3-BWB_BMPD256_14_3_7
8,15,0,0,1,8,256,0.0,,bw,static,static,results,Results,Results_LLAMA31,LLAMA3-BWB-Results,simulator_output_LLAMA3-BWB_bwplacement_bs8_staticreq_statictask,SCRUBBED_TIME+LLAMA3-BWB_BMPD256_15_1_8
8,15,0,0,2,7,256,0.0,,bw,static,static,results,Results,Results_LLAMA31,LLAMA3-BWB-Results,simulator_output_LLAMA3-BWB_bwplacement_bs8_staticreq_statictask,SCRUBBED_TIME+LLAMA3-BWB_BMPD256_15_2_7
8,15,0,0,3,6,256,0.0,,bw,static,static,results,Results,Results_LLAMA31,LLAMA3-BWB-Results,simulator_output_LLAMA3-BWB_bwplacement_bs8_staticreq_statictask,SCRUBBED_TIME+LLAMA3-BWB_BMPD256_15_3_6
8,16,0,0,1,7,256,0.0,,bw,static,static,results,Results,Results_LLAMA31,LLAMA3-BWB-Results,simulator_output_LLAMA3-BWB_bwplacement_bs8_staticreq_statictask,SCRUBBED_TIME+LLAMA3-BWB_BMPD256_16_1_7
8,16,0,0,2,6,256,0.0,,bw,static,static,results,Results,Results_LLAMA31,LLAMA3-BWB-Results,simulator_output_LLAMA3-BWB_bwplacement_bs8_staticreq_statictask,SCRUBBED_TIME+LLAMA3-BWB_BMPD256_16_2_6
8,16,0,0,3,5,256,0.0,,bw,static,static,results,Results,Results_LLAMA31,LLAMA3-BWB-Results,simulator_output_LLAMA3-BWB_bwplacement_bs8_staticreq_statictask,SCRUBBED_TIME+LLAMA3-BWB_BMPD256_16_3_5
8,2,0,0,1,21,384,0.0,,bw,static,static,results,Results,Results_LLAMA31,LLAMA3-BWB-Results,simulator_output_LLAMA3-BWB_bwplacement_bs8_staticreq_statictask,SCRUBBED_TIME+LLAMA3-BWB_BMPD384_2_1_21
8,3,0,0,2,19,384,0.0,,bw,static,static,results,Results,Results_LLAMA31,LLAMA3-BWB-Results,simulator_output_LLAMA3-BWB_bwplacement_bs8_staticreq_statictask,SCRUBBED_TIME+LLAMA3-BWB_BMPD384_3_2_19
8,3,0,0,1,20,384,0.0,,bw,static,static,results,Results,Results_LLAMA31,LLAMA3-BWB-Results,simulator_output_LLAMA3-BWB_bwplacement_bs8_staticreq_statictask,SCRUBBED_TIME+LLAMA3-BWB_BMPD384_3_1_20
8,4,0,0,1,19,384,0.0,,bw,static,static,results,Results,Results_LLAMA31,LLAMA3-BWB-Results,simulator_output_LLAMA3-BWB_bwplacement_bs8_staticreq_statictask,SCRUBBED_TIME+LLAMA3-BWB_BMPD384_4_1_19
8,4,0,0,2,18,384,0.0,,bw,static,static,results,Results,Results_LLAMA31,LLAMA3-BWB-Results,simulator_output_LLAMA3-BWB_bwplacement_bs8_staticreq_statictask,SCRUBBED_TIME+LLAMA3-BWB_BMPD384_4_2_18
8,4,0,0,3,17,384,0.0,,bw,static,static,results,Results,Results_LLAMA31,LLAMA3-BWB-Results,simulator_output_LLAMA3-BWB_bwplacement_bs8_staticreq_statictask,SCRUBBED_TIME+LLAMA3-BWB_BMPD384_4_3_17
8,5,0,0,2,17,384,0.0,,bw,static,static,results,Results,Results_LLAMA31,LLAMA3-BWB-Results,simulator_output_LLAMA3-BWB_bwplacement_bs8_staticreq_statictask,SCRUBBED_TIME+LLAMA3-BWB_BMPD384_5_2_17
8,5,0,0,1,18,384,0.0,,bw,static,static,results,Results,Results_LLAMA31,LLAMA3-BWB-Results,simulator_output_LLAMA3-BWB_bwplacement_bs8_staticreq_statictask,SCRUBBED_TIME+LLAMA3-BWB_BMPD384_5_1_18
8,5,0,0,3,16,384,0.0,,bw,static,static,results,Results,Results_LLAMA31,LLAMA3-BWB-Results,simulator_output_LLAMA3-BWB_bwplacement_bs8_staticreq_statictask,SCRUBBED_TIME+LLAMA3-BWB_BMPD384_5_3_16
8,6,0,0,1,17,384,0.0,,bw,static,static,results,Results,Results_LLAMA31,LLAMA3-BWB-Results,simulator_output_LLAMA3-BWB_bwplacement_bs8_staticreq_statictask,SCRUBBED_TIME+LLAMA3-BWB_BMPD384_6_1_17
8,6,0,0,2,16,384,0.0,,bw,static,static,results,Results,Results_LLAMA31,LLAMA3-BWB-Results,simulator_output_LLAMA3-BWB_bwplacement_bs8_staticreq_statictask,SCRUBBED_TIME+LLAMA3-BWB_BMPD384_6_2_16
8,6,0,0,3,15,384,0.0,,bw,static,static,results,Results,Results_LLAMA31,LLAMA3-BWB-Results,simulator_output_LLAMA3-BWB_bwplacement_bs8_staticreq_statictask,SCRUBBED_TIME+LLAMA3-BWB_BMPD384_6_3_15
8,6,0,0,4,14,384,0.0,,bw,static,static,results,Results,Results_LLAMA31,LLAMA3-BWB-Results,simulator_output_LLAMA3-BWB_bwplacement_bs8_staticreq_statictask,SCRUBBED_TIME+LLAMA3-BWB_BMPD384_6_4_14
8,7,0,0,1,16,384,0.0,,bw,static,static,results,Results,Results_LLAMA31,LLAMA3-BWB-Results,simulator_output_LLAMA3-BWB_bwplacement_bs8_staticreq_statictask,SCRUBBED_TIME+LLAMA3-BWB_BMPD384_7_1_16
8,7,0,0,2,15,384,0.0,,bw,static,static,results,Results,Results_LLAMA31,LLAMA3-BWB-Results,simulator_output_LLAMA3-BWB_bwplacement_bs8_staticreq_statictask,SCRUBBED_TIME+LLAMA3-BWB_BMPD384_7_2_15
8,7,0,0,3,14,384,0.0,,bw,static,static,results,Results,Results_LLAMA31,LLAMA3-BWB-Results,simulator_output_LLAMA3-BWB_bwplacement_bs8_staticreq_statictask,SCRUBBED_TIME+LLAMA3-BWB_BMPD384_7_3_14
8,7,0,0,5,12,384,0.0,,bw,static,static,results,Results,Results_LLAMA31,LLAMA3-BWB-Results,simulator_output_LLAMA3-BWB_bwplacement_bs8_staticreq_statictask,SCRUBBED_TIME+LLAMA3-BWB_BMPD384_7_5_12
8,7,0,0,4,13,384,0.0,,bw,static,static,results,Results,Results_LLAMA31,LLAMA3-BWB-Results,simulator_output_LLAMA3-BWB_bwplacement_bs8_staticreq_statictask,SCRUBBED_TIME+LLAMA3-BWB_BMPD384_7_4_13
8,8,0,0,1,15,384,0.0,,bw,static,static,results,Results,Results_LLAMA31,LLAMA3-BWB-Results,simulator_output_LLAMA3-BWB_bwplacement_bs8_staticreq_statictask,SCRUBBED_TIME+LLAMA3-BWB_BMPD384_8_1_15
8,8,0,0,2,14,384,0.0,,bw,static,static,results,Results,Results_LLAMA31,LLAMA3-BWB-Results,simulator_output_LLAMA3-BWB_bwplacement_bs8_staticreq_statictask,SCRUBBED_TIME+LLAMA3-BWB_BMPD384_8_2_14
8,8,0,0,3,13,384,0.0,,bw,static,static,results,Results,Results_LLAMA31,LLAMA3-BWB-Results,simulator_output_LLAMA3-BWB_bwplacement_bs8_staticreq_statictask,SCRUBBED_TIME+LLAMA3-BWB_BMPD384_8_3_13
8,8,0,0,4,12,384,0.0,,bw,static,static,results,Results,Results_LLAMA31,LLAMA3-BWB-Results,simulator_output_LLAMA3-BWB_bwplacement_bs8_staticreq_statictask,SCRUBBED_TIME+LLAMA3-BWB_BMPD384_8_4_12
8,8,0,0,5,11,384,0.0,,bw,static,static,results,Results,Results_LLAMA31,LLAMA3-BWB-Results,simulator_output_LLAMA3-BWB_bwplacement_bs8_staticreq_statictask,SCRUBBED_TIME+LLAMA3-BWB_BMPD384_8_5_11
8,8,0,0,6,10,384,0.0,,bw,static,static,results,Results,Results_LLAMA31,LLAMA3-BWB-Results,simulator_output_LLAMA3-BWB_bwplacement_bs8_staticreq_statictask,SCRUBBED_TIME+LLAMA3-BWB_BMPD384_8_6_10
8,9,0,0,2,13,384,0.0,,bw,static,static,results,Results,Results_LLAMA31,LLAMA3-BWB-Results,simulator_output_LLAMA3-BWB_bwplacement_bs8_staticreq_statictask,SCRUBBED_TIME+LLAMA3-BWB_BMPD384_9_2_13
8,9,0,0,1,14,384,0.0,,bw,static,static,results,Results,Results_LLAMA31,LLAMA3-BWB-Results,simulator_output_LLAMA3-BWB_bwplacement_bs8_staticreq_statictask,SCRUBBED_TIME+LLAMA3-BWB_BMPD384_9_1_14
8,9,0,0,3,12,384,0.0,,bw,static,static,results,Results,Results_LLAMA31,LLAMA3-BWB-Results,simulator_output_LLAMA3-BWB_bwplacement_bs8_staticreq_statictask,SCRUBBED_TIME+LLAMA3-BWB_BMPD384_9_3_12
8,9,0,0,4,11,384,0.0,,bw,static,static,results,Results,Results_LLAMA31,LLAMA3-BWB-Results,simulator_output_LLAMA3-BWB_bwplacement_bs8_staticreq_statictask,SCRUBBED_TIME+LLAMA3-BWB_BMPD384_9_4_11
8,9,0,0,5,10,384,0.0,,bw,static,static,results,Results,Results_LLAMA31,LLAMA3-BWB-Results,simulator_output_LLAMA3-BWB_bwplacement_bs8_staticreq_statictask,SCRUBBED_TIME+LLAMA3-BWB_BMPD384_9_5_10
8,9,0,0,6,9,384,0.0,,bw,static,static,results,Results,Results_LLAMA31,LLAMA3-BWB-Results,simulator_output_LLAMA3-BWB_bwplacement_bs8_staticreq_statictask,SCRUBBED_TIME+LLAMA3-BWB_BMPD384_9_6_9
8,10,0,0,1,13,384,0.0,,bw,static,static,results,Results,Results_LLAMA31,LLAMA3-BWB-Results,simulator_output_LLAMA3-BWB_bwplacement_bs8_staticreq_statictask,SCRUBBED_TIME+LLAMA3-BWB_BMPD384_10_1_13
8,10,0,0,2,12,384,0.0,,bw,static,static,results,Results,Results_LLAMA31,LLAMA3-BWB-Results,simulator_output_LLAMA3-BWB_bwplacement_bs8_staticreq_statictask,SCRUBBED_TIME+LLAMA3-BWB_BMPD384_10_2_12
8,10,0,0,3,11,384,0.0,,bw,static,static,results,Results,Results_LLAMA31,LLAMA3-BWB-Results,simulator_output_LLAMA3-BWB_bwplacement_bs8_staticreq_statictask,SCRUBBED_TIME+LLAMA3-BWB_BMPD384_10_3_11
8,10,0,0,4,10,384,0.0,,bw,static,static,results,Results,Results_LLAMA31,LLAMA3-BWB-Results,simulator_output_LLAMA3-BWB_bwplacement_bs8_staticreq_statictask,SCRUBBED_TIME+LLAMA3-BWB_BMPD384_10_4_10
8,10,0,0,5,9,384,0.0,,bw,static,static,results,Results,Results_LLAMA31,LLAMA3-BWB-Results,simulator_output_LLAMA3-BWB_bwplacement_bs8_staticreq_statictask,SCRUBBED_TIME+LLAMA3-BWB_BMPD384_10_5_9
8,11,0,0,1,12,384,0.0,,bw,static,static,results,Results,Results_LLAMA31,LLAMA3-BWB-Results,simulator_output_LLAMA3-BWB_bwplacement_bs8_staticreq_statictask,SCRUBBED_TIME+LLAMA3-BWB_BMPD384_11_1_12
8,11,0,0,2,11,384,0.0,,bw,static,static,results,Results,Results_LLAMA31,LLAMA3-BWB-Results,simulator_output_LLAMA3-BWB_bwplacement_bs8_staticreq_statictask,SCRUBBED_TIME+LLAMA3-BWB_BMPD384_11_2_11
8,11,0,0,3,10,384,0.0,,bw,static,static,results,Results,Results_LLAMA31,LLAMA3-BWB-Results,simulator_output_LLAMA3-BWB_bwplacement_bs8_staticreq_statictask,SCRUBBED_TIME+LLAMA3-BWB_BMPD384_11_3_10
8,11,0,0,5,8,384,0.0,,bw,static,static,results,Results,Results_LLAMA31,LLAMA3-BWB-Results,simulator_output_LLAMA3-BWB_bwplacement_bs8_staticreq_statictask,SCRUBBED_TIME+LLAMA3-BWB_BMPD384_11_5_8
8,11,0,0,4,9,384,0.0,,bw,static,static,results,Results,Results_LLAMA31,LLAMA3-BWB-Results,simulator_output_LLAMA3-BWB_bwplacement_bs8_staticreq_statictask,SCRUBBED_TIME+LLAMA3-BWB_BMPD384_11_4_9
8,12,0,0,1,11,384,0.0,,bw,static,static,results,Results,Results_LLAMA31,LLAMA3-BWB-Results,simulator_output_LLAMA3-BWB_bwplacement_bs8_staticreq_statictask,SCRUBBED_TIME+LLAMA3-BWB_BMPD384_12_1_11
8,12,0,0,2,10,384,0.0,,bw,static,static,results,Results,Results_LLAMA31,LLAMA3-BWB-Results,simulator_output_LLAMA3-BWB_bwplacement_bs8_staticreq_statictask,SCRUBBED_TIME+LLAMA3-BWB_BMPD384_12_2_10
8,12,0,0,3,9,384,0.0,,bw,static,static,results,Results,Results_LLAMA31,LLAMA3-BWB-Results,simulator_output_LLAMA3-BWB_bwplacement_bs8_staticreq_statictask,SCRUBBED_TIME+LLAMA3-BWB_BMPD384_12_3_9
8,12,0,0,4,8,384,0.0,,bw,static,static,results,Results,Results_LLAMA31,LLAMA3-BWB-Results,simulator_output_LLAMA3-BWB_bwplacement_bs8_staticreq_statictask,SCRUBBED_TIME+LLAMA3-BWB_BMPD384_12_4_8
8,12,0,0,5,7,384,0.0,,bw,static,static,results,Results,Results_LLAMA31,LLAMA3-BWB-Results,simulator_output_LLAMA3-BWB_bwplacement_bs8_staticreq_statictask,SCRUBBED_TIME+LLAMA3-BWB_BMPD384_12_5_7
8,13,0,0,1,10,384,0.0,,bw,static,static,results,Results,Results_LLAMA31,LLAMA3-BWB-Results,simulator_output_LLAMA3-BWB_bwplacement_bs8_staticreq_statictask,SCRUBBED_TIME+LLAMA3-BWB_BMPD384_13_1_10
8,13,0,0,2,9,384,0.0,,bw,static,static,results,Results,Results_LLAMA31,LLAMA3-BWB-Results,simulator_output_LLAMA3-BWB_bwplacement_bs8_staticreq_statictask,SCRUBBED_TIME+LLAMA3-BWB_BMPD384_13_2_9
8,13,0,0,3,8,384,0.0,,bw,static,static,results,Results,Results_LLAMA31,LLAMA3-BWB-Results,simulator_output_LLAMA3-BWB_bwplacement_bs8_staticreq_statictask,SCRUBBED_TIME+LLAMA3-BWB_BMPD384_13_3_8
8,13,0,0,4,7,384,0.0,,bw,static,static,results,Results,Results_LLAMA31,LLAMA3-BWB-Results,simulator_output_LLAMA3-BWB_bwplacement_bs8_staticreq_statictask,SCRUBBED_TIME+LLAMA3-BWB_BMPD384_13_4_7
8,13,0,0,5,6,384,0.0,,bw,static,static,results,Results,Results_LLAMA31,LLAMA3-BWB-Results,simulator_output_LLAMA3-BWB_bwplacement_bs8_staticreq_statictask,SCRUBBED_TIME+LLAMA3-BWB_BMPD384_13_5_6
8,14,0,0,1,9,384,0.0,,bw,static,static,results,Results,Results_LLAMA31,LLAMA3-BWB-Results,simulator_output_LLAMA3-BWB_bwplacement_bs8_staticreq_statictask,SCRUBBED_TIME+LLAMA3-BWB_BMPD384_14_1_9
8,14,0,0,3,7,384,0.0,,bw,static,static,results,Results,Results_LLAMA31,LLAMA3-BWB-Results,simulator_output_LLAMA3-BWB_bwplacement_bs8_staticreq_statictask,SCRUBBED_TIME+LLAMA3-BWB_BMPD384_14_3_7
8,14,0,0,2,8,384,0.0,,bw,static,static,results,Results,Results_LLAMA31,LLAMA3-BWB-Results,simulator_output_LLAMA3-BWB_bwplacement_bs8_staticreq_statictask,SCRUBBED_TIME+LLAMA3-BWB_BMPD384_14_2_8
8,14,0,0,4,6,384,0.0,,bw,static,static,results,Results,Results_LLAMA31,LLAMA3-BWB-Results,simulator_output_LLAMA3-BWB_bwplacement_bs8_staticreq_statictask,SCRUBBED_TIME+LLAMA3-BWB_BMPD384_14_4_6
8,14,0,0,5,5,384,0.0,,bw,static,static,results,Results,Results_LLAMA31,LLAMA3-BWB-Results,simulator_output_LLAMA3-BWB_bwplacement_bs8_staticreq_statictask,SCRUBBED_TIME+LLAMA3-BWB_BMPD384_14_5_5
8,15,0,0,1,8,384,0.0,,bw,static,static,results,Results,Results_LLAMA31,LLAMA3-BWB-Results,simulator_output_LLAMA3-BWB_bwplacement_bs8_staticreq_statictask,SCRUBBED_TIME+LLAMA3-BWB_BMPD384_15_1_8
8,15,0,0,2,7,384,0.0,,bw,static,static,results,Results,Results_LLAMA31,LLAMA3-BWB-Results,simulator_output_LLAMA3-BWB_bwplacement_bs8_staticreq_statictask,SCRUBBED_TIME+LLAMA3-BWB_BMPD384_15_2_7
8,15,0,0,3,6,384,0.0,,bw,static,static,results,Results,Results_LLAMA31,LLAMA3-BWB-Results,simulator_output_LLAMA3-BWB_bwplacement_bs8_staticreq_statictask,SCRUBBED_TIME+LLAMA3-BWB_BMPD384_15_3_6
8,15,0,0,4,5,384,0.0,,bw,static,static,results,Results,Results_LLAMA31,LLAMA3-BWB-Results,simulator_output_LLAMA3-BWB_bwplacement_bs8_staticreq_statictask,SCRUBBED_TIME+LLAMA3-BWB_BMPD384_15_4_5
8,16,0,0,1,7,384,0.0,,bw,static,static,results,Results,Results_LLAMA31,LLAMA3-BWB-Results,simulator_output_LLAMA3-BWB_bwplacement_bs8_staticreq_statictask,SCRUBBED_TIME+LLAMA3-BWB_BMPD384_16_1_7
8,16,0,0,2,6,384,0.0,,bw,static,static,results,Results,Results_LLAMA31,LLAMA3-BWB-Results,simulator_output_LLAMA3-BWB_bwplacement_bs8_staticreq_statictask,SCRUBBED_TIME+LLAMA3-BWB_BMPD384_16_2_6
8,16,0,0,3,5,384,0.0,,bw,static,static,results,Results,Results_LLAMA31,LLAMA3-BWB-Results,simulator_output_LLAMA3-BWB_bwplacement_bs8_staticreq_statictask,SCRUBBED_TIME+LLAMA3-BWB_BMPD384_16_3_5
8,3,0,0,1,20,512,0.0,,bw,static,static,results,Results,Results_LLAMA31,LLAMA3-BWB-Results,simulator_output_LLAMA3-BWB_bwplacement_bs8_staticreq_statictask,SCRUBBED_TIME+LLAMA3-BWB_BMPD512_3_1_20
8,2,0,0,1,21,512,0.0,,bw,static,static,results,Results,Results_LLAMA31,LLAMA3-BWB-Results,simulator_output_LLAMA3-BWB_bwplacement_bs8_staticreq_statictask,SCRUBBED_TIME+LLAMA3-BWB_BMPD512_2_1_21
8,3,0,0,2,19,512,0.0,,bw,static,static,results,Results,Results_LLAMA31,LLAMA3-BWB-Results,simulator_output_LLAMA3-BWB_bwplacement_bs8_staticreq_statictask,SCRUBBED_TIME+LLAMA3-BWB_BMPD512_3_2_19
8,4,0,0,1,19,512,0.0,,bw,static,static,results,Results,Results_LLAMA31,LLAMA3-BWB-Results,simulator_output_LLAMA3-BWB_bwplacement_bs8_staticreq_statictask,SCRUBBED_TIME+LLAMA3-BWB_BMPD512_4_1_19
8,4,0,0,2,18,512,0.0,,bw,static,static,results,Results,Results_LLAMA31,LLAMA3-BWB-Results,simulator_output_LLAMA3-BWB_bwplacement_bs8_staticreq_statictask,SCRUBBED_TIME+LLAMA3-BWB_BMPD512_4_2_18
8,4,0,0,3,17,512,0.0,,bw,static,static,results,Results,Results_LLAMA31,LLAMA3-BWB-Results,simulator_output_LLAMA3-BWB_bwplacement_bs8_staticreq_statictask,SCRUBBED_TIME+LLAMA3-BWB_BMPD512_4_3_17
8,4,0,0,4,16,512,0.0,,bw,static,static,results,Results,Results_LLAMA31,LLAMA3-BWB-Results,simulator_output_LLAMA3-BWB_bwplacement_bs8_staticreq_statictask,SCRUBBED_TIME+LLAMA3-BWB_BMPD512_4_4_16
8,5,0,0,1,18,512,0.0,,bw,static,static,results,Results,Results_LLAMA31,LLAMA3-BWB-Results,simulator_output_LLAMA3-BWB_bwplacement_bs8_staticreq_statictask,SCRUBBED_TIME+LLAMA3-BWB_BMPD512_5_1_18
8,5,0,0,2,17,512,0.0,,bw,static,static,results,Results,Results_LLAMA31,LLAMA3-BWB-Results,simulator_output_LLAMA3-BWB_bwplacement_bs8_staticreq_statictask,SCRUBBED_TIME+LLAMA3-BWB_BMPD512_5_2_17
8,5,0,0,3,16,512,0.0,,bw,static,static,results,Results,Results_LLAMA31,LLAMA3-BWB-Results,simulator_output_LLAMA3-BWB_bwplacement_bs8_staticreq_statictask,SCRUBBED_TIME+LLAMA3-BWB_BMPD512_5_3_16
8,5,0,0,4,15,512,0.0,,bw,static,static,results,Results,Results_LLAMA31,LLAMA3-BWB-Results,simulator_output_LLAMA3-BWB_bwplacement_bs8_staticreq_statictask,SCRUBBED_TIME+LLAMA3-BWB_BMPD512_5_4_15
8,6,0,0,1,17,512,0.0,,bw,static,static,results,Results,Results_LLAMA31,LLAMA3-BWB-Results,simulator_output_LLAMA3-BWB_bwplacement_bs8_staticreq_statictask,SCRUBBED_TIME+LLAMA3-BWB_BMPD512_6_1_17
8,6,0,0,2,16,512,0.0,,bw,static,static,results,Results,Results_LLAMA31,LLAMA3-BWB-Results,simulator_output_LLAMA3-BWB_bwplacement_bs8_staticreq_statictask,SCRUBBED_TIME+LLAMA3-BWB_BMPD512_6_2_16
8,6,0,0,3,15,512,0.0,,bw,static,static,results,Results,Results_LLAMA31,LLAMA3-BWB-Results,simulator_output_LLAMA3-BWB_bwplacement_bs8_staticreq_statictask,SCRUBBED_TIME+LLAMA3-BWB_BMPD512_6_3_15
8,6,0,0,4,14,512,0.0,,bw,static,static,results,Results,Results_LLAMA31,LLAMA3-BWB-Results,simulator_output_LLAMA3-BWB_bwplacement_bs8_staticreq_statictask,SCRUBBED_TIME+LLAMA3-BWB_BMPD512_6_4_14
8,6,0,0,5,13,512,0.0,,bw,static,static,results,Results,Results_LLAMA31,LLAMA3-BWB-Results,simulator_output_LLAMA3-BWB_bwplacement_bs8_staticreq_statictask,SCRUBBED_TIME+LLAMA3-BWB_BMPD512_6_5_13
8,7,0,0,1,16,512,0.0,,bw,static,static,results,Results,Results_LLAMA31,LLAMA3-BWB-Results,simulator_output_LLAMA3-BWB_bwplacement_bs8_staticreq_statictask,SCRUBBED_TIME+LLAMA3-BWB_BMPD512_7_1_16
8,7,0,0,2,15,512,0.0,,bw,static,static,results,Results,Results_LLAMA31,LLAMA3-BWB-Results,simulator_output_LLAMA3-BWB_bwplacement_bs8_staticreq_statictask,SCRUBBED_TIME+LLAMA3-BWB_BMPD512_7_2_15
8,7,0,0,3,14,512,0.0,,bw,static,static,results,Results,Results_LLAMA31,LLAMA3-BWB-Results,simulator_output_LLAMA3-BWB_bwplacement_bs8_staticreq_statictask,SCRUBBED_TIME+LLAMA3-BWB_BMPD512_7_3_14
8,7,0,0,4,13,512,0.0,,bw,static,static,results,Results,Results_LLAMA31,LLAMA3-BWB-Results,simulator_output_LLAMA3-BWB_bwplacement_bs8_staticreq_statictask,SCRUBBED_TIME+LLAMA3-BWB_BMPD512_7_4_13
8,7,0,0,5,12,512,0.0,,bw,static,static,results,Results,Results_LLAMA31,LLAMA3-BWB-Results,simulator_output_LLAMA3-BWB_bwplacement_bs8_staticreq_statictask,SCRUBBED_TIME+LLAMA3-BWB_BMPD512_7_5_12
8,8,0,0,1,15,512,0.0,,bw,static,static,results,Results,Results_LLAMA31,LLAMA3-BWB-Results,simulator_output_LLAMA3-BWB_bwplacement_bs8_staticreq_statictask,SCRUBBED_TIME+LLAMA3-BWB_BMPD512_8_1_15
8,8,0,0,2,14,512,0.0,,bw,static,static,results,Results,Results_LLAMA31,LLAMA3-BWB-Results,simulator_output_LLAMA3-BWB_bwplacement_bs8_staticreq_statictask,SCRUBBED_TIME+LLAMA3-BWB_BMPD512_8_2_14
8,8,0,0,3,13,512,0.0,,bw,static,static,results,Results,Results_LLAMA31,LLAMA3-BWB-Results,simulator_output_LLAMA3-BWB_bwplacement_bs8_staticreq_statictask,SCRUBBED_TIME+LLAMA3-BWB_BMPD512_8_3_13
8,8,0,0,4,12,512,0.0,,bw,static,static,results,Results,Results_LLAMA31,LLAMA3-BWB-Results,simulator_output_LLAMA3-BWB_bwplacement_bs8_staticreq_statictask,SCRUBBED_TIME+LLAMA3-BWB_BMPD512_8_4_12
8,8,0,0,5,11,512,0.0,,bw,static,static,results,Results,Results_LLAMA31,LLAMA3-BWB-Results,simulator_output_LLAMA3-BWB_bwplacement_bs8_staticreq_statictask,SCRUBBED_TIME+LLAMA3-BWB_BMPD512_8_5_11
8,8,0,0,6,10,512,0.0,,bw,static,static,results,Results,Results_LLAMA31,LLAMA3-BWB-Results,simulator_output_LLAMA3-BWB_bwplacement_bs8_staticreq_statictask,SCRUBBED_TIME+LLAMA3-BWB_BMPD512_8_6_10
8,8,0,0,7,9,512,0.0,,bw,static,static,results,Results,Results_LLAMA31,LLAMA3-BWB-Results,simulator_output_LLAMA3-BWB_bwplacement_bs8_staticreq_statictask,SCRUBBED_TIME+LLAMA3-BWB_BMPD512_8_7_9
8,9,0,0,1,14,512,0.0,,bw,static,static,results,Results,Results_LLAMA31,LLAMA3-BWB-Results,simulator_output_LLAMA3-BWB_bwplacement_bs8_staticreq_statictask,SCRUBBED_TIME+LLAMA3-BWB_BMPD512_9_1_14
8,9,0,0,2,13,512,0.0,,bw,static,static,results,Results,Results_LLAMA31,LLAMA3-BWB-Results,simulator_output_LLAMA3-BWB_bwplacement_bs8_staticreq_statictask,SCRUBBED_TIME+LLAMA3-BWB_BMPD512_9_2_13
8,9,0,0,4,11,512,0.0,,bw,static,static,results,Results,Results_LLAMA31,LLAMA3-BWB-Results,simulator_output_LLAMA3-BWB_bwplacement_bs8_staticreq_statictask,SCRUBBED_TIME+LLAMA3-BWB_BMPD512_9_4_11
8,9,0,0,3,12,512,0.0,,bw,static,static,results,Results,Results_LLAMA31,LLAMA3-BWB-Results,simulator_output_LLAMA3-BWB_bwplacement_bs8_staticreq_statictask,SCRUBBED_TIME+LLAMA3-BWB_BMPD512_9_3_12
8,9,0,0,5,10,512,0.0,,bw,static,static,results,Results,Results_LLAMA31,LLAMA3-BWB-Results,simulator_output_LLAMA3-BWB_bwplacement_bs8_staticreq_statictask,SCRUBBED_TIME+LLAMA3-BWB_BMPD512_9_5_10
8,9,0,0,6,9,512,0.0,,bw,static,static,results,Results,Results_LLAMA31,LLAMA3-BWB-Results,simulator_output_LLAMA3-BWB_bwplacement_bs8_staticreq_statictask,SCRUBBED_TIME+LLAMA3-BWB_BMPD512_9_6_9
8,9,0,0,7,8,512,0.0,,bw,static,static,results,Results,Results_LLAMA31,LLAMA3-BWB-Results,simulator_output_LLAMA3-BWB_bwplacement_bs8_staticreq_statictask,SCRUBBED_TIME+LLAMA3-BWB_BMPD512_9_7_8
8,10,0,0,1,13,512,0.0,,bw,static,static,results,Results,Results_LLAMA31,LLAMA3-BWB-Results,simulator_output_LLAMA3-BWB_bwplacement_bs8_staticreq_statictask,SCRUBBED_TIME+LLAMA3-BWB_BMPD512_10_1_13
8,10,0,0,3,11,512,0.0,,bw,static,static,results,Results,Results_LLAMA31,LLAMA3-BWB-Results,simulator_output_LLAMA3-BWB_bwplacement_bs8_staticreq_statictask,SCRUBBED_TIME+LLAMA3-BWB_BMPD512_10_3_11
8,10,0,0,2,12,512,0.0,,bw,static,static,results,Results,Results_LLAMA31,LLAMA3-BWB-Results,simulator_output_LLAMA3-BWB_bwplacement_bs8_staticreq_statictask,SCRUBBED_TIME+LLAMA3-BWB_BMPD512_10_2_12
8,10,0,0,4,10,512,0.0,,bw,static,static,results,Results,Results_LLAMA31,LLAMA3-BWB-Results,simulator_output_LLAMA3-BWB_bwplacement_bs8_staticreq_statictask,SCRUBBED_TIME+LLAMA3-BWB_BMPD512_10_4_10
8,10,0,0,5,9,512,0.0,,bw,static,static,results,Results,Results_LLAMA31,LLAMA3-BWB-Results,simulator_output_LLAMA3-BWB_bwplacement_bs8_staticreq_statictask,SCRUBBED_TIME+LLAMA3-BWB_BMPD512_10_5_9
8,10,0,0,6,8,512,0.0,,bw,static,static,results,Results,Results_LLAMA31,LLAMA3-BWB-Results,simulator_output_LLAMA3-BWB_bwplacement_bs8_staticreq_statictask,SCRUBBED_TIME+LLAMA3-BWB_BMPD512_10_6_8
8,10,0,0,7,7,512,0.0,,bw,static,static,results,Results,Results_LLAMA31,LLAMA3-BWB-Results,simulator_output_LLAMA3-BWB_bwplacement_bs8_staticreq_statictask,SCRUBBED_TIME+LLAMA3-BWB_BMPD512_10_7_7
8,11,0,0,1,12,512,0.0,,bw,static,static,results,Results,Results_LLAMA31,LLAMA3-BWB-Results,simulator_output_LLAMA3-BWB_bwplacement_bs8_staticreq_statictask,SCRUBBED_TIME+LLAMA3-BWB_BMPD512_11_1_12
8,11,0,0,2,11,512,0.0,,bw,static,static,results,Results,Results_LLAMA31,LLAMA3-BWB-Results,simulator_output_LLAMA3-BWB_bwplacement_bs8_staticreq_statictask,SCRUBBED_TIME+LLAMA3-BWB_BMPD512_11_2_11
8,11,0,0,3,10,512,0.0,,bw,static,static,results,Results,Results_LLAMA31,LLAMA3-BWB-Results,simulator_output_LLAMA3-BWB_bwplacement_bs8_staticreq_statictask,SCRUBBED_TIME+LLAMA3-BWB_BMPD512_11_3_10
8,11,0,0,4,9,512,0.0,,bw,static,static,results,Results,Results_LLAMA31,LLAMA3-BWB-Results,simulator_output_LLAMA3-BWB_bwplacement_bs8_staticreq_statictask,SCRUBBED_TIME+LLAMA3-BWB_BMPD512_11_4_9
8,11,0,0,5,8,512,0.0,,bw,static,static,results,Results,Results_LLAMA31,LLAMA3-BWB-Results,simulator_output_LLAMA3-BWB_bwplacement_bs8_staticreq_statictask,SCRUBBED_TIME+LLAMA3-BWB_BMPD512_11_5_8
8,11,0,0,6,7,512,0.0,,bw,static,static,results,Results,Results_LLAMA31,LLAMA3-BWB-Results,simulator_output_LLAMA3-BWB_bwplacement_bs8_staticreq_statictask,SCRUBBED_TIME+LLAMA3-BWB_BMPD512_11_6_7
8,12,0,0,2,10,512,0.0,,bw,static,static,results,Results,Results_LLAMA31,LLAMA3-BWB-Results,simulator_output_LLAMA3-BWB_bwplacement_bs8_staticreq_statictask,SCRUBBED_TIME+LLAMA3-BWB_BMPD512_12_2_10
8,12,0,0,1,11,512,0.0,,bw,static,static,results,Results,Results_LLAMA31,LLAMA3-BWB-Results,simulator_output_LLAMA3-BWB_bwplacement_bs8_staticreq_statictask,SCRUBBED_TIME+LLAMA3-BWB_BMPD512_12_1_11
8,12,0,0,4,8,512,0.0,,bw,static,static,results,Results,Results_LLAMA31,LLAMA3-BWB-Results,simulator_output_LLAMA3-BWB_bwplacement_bs8_staticreq_statictask,SCRUBBED_TIME+LLAMA3-BWB_BMPD512_12_4_8
8,12,0,0,3,9,512,0.0,,bw,static,static,results,Results,Results_LLAMA31,LLAMA3-BWB-Results,simulator_output_LLAMA3-BWB_bwplacement_bs8_staticreq_statictask,SCRUBBED_TIME+LLAMA3-BWB_BMPD512_12_3_9
8,12,0,0,5,7,512,0.0,,bw,static,static,results,Results,Results_LLAMA31,LLAMA3-BWB-Results,simulator_output_LLAMA3-BWB_bwplacement_bs8_staticreq_statictask,SCRUBBED_TIME+LLAMA3-BWB_BMPD512_12_5_7
8,12,0,0,6,6,512,0.0,,bw,static,static,results,Results,Results_LLAMA31,LLAMA3-BWB-Results,simulator_output_LLAMA3-BWB_bwplacement_bs8_staticreq_statictask,SCRUBBED_TIME+LLAMA3-BWB_BMPD512_12_6_6
8,13,0,0,1,10,512,0.0,,bw,static,static,results,Results,Results_LLAMA31,LLAMA3-BWB-Results,simulator_output_LLAMA3-BWB_bwplacement_bs8_staticreq_statictask,SCRUBBED_TIME+LLAMA3-BWB_BMPD512_13_1_10
8,13,0,0,2,9,512,0.0,,bw,static,static,results,Results,Results_LLAMA31,LLAMA3-BWB-Results,simulator_output_LLAMA3-BWB_bwplacement_bs8_staticreq_statictask,SCRUBBED_TIME+LLAMA3-BWB_BMPD512_13_2_9
8,13,0,0,3,8,512,0.0,,bw,static,static,results,Results,Results_LLAMA31,LLAMA3-BWB-Results,simulator_output_LLAMA3-BWB_bwplacement_bs8_staticreq_statictask,SCRUBBED_TIME+LLAMA3-BWB_BMPD512_13_3_8
8,13,0,0,4,7,512,0.0,,bw,static,static,results,Results,Results_LLAMA31,LLAMA3-BWB-Results,simulator_output_LLAMA3-BWB_bwplacement_bs8_staticreq_statictask,SCRUBBED_TIME+LLAMA3-BWB_BMPD512_13_4_7
8,13,0,0,5,6,512,0.0,,bw,static,static,results,Results,Results_LLAMA31,LLAMA3-BWB-Results,simulator_output_LLAMA3-BWB_bwplacement_bs8_staticreq_statictask,SCRUBBED_TIME+LLAMA3-BWB_BMPD512_13_5_6
8,14,0,0,1,9,512,0.0,,bw,static,static,results,Results,Results_LLAMA31,LLAMA3-BWB-Results,simulator_output_LLAMA3-BWB_bwplacement_bs8_staticreq_statictask,SCRUBBED_TIME+LLAMA3-BWB_BMPD512_14_1_9
8,14,0,0,3,7,512,0.0,,bw,static,static,results,Results,Results_LLAMA31,LLAMA3-BWB-Results,simulator_output_LLAMA3-BWB_bwplacement_bs8_staticreq_statictask,SCRUBBED_TIME+LLAMA3-BWB_BMPD512_14_3_7
8,14,0,0,4,6,512,0.0,,bw,static,static,results,Results,Results_LLAMA31,LLAMA3-BWB-Results,simulator_output_LLAMA3-BWB_bwplacement_bs8_staticreq_statictask,SCRUBBED_TIME+LLAMA3-BWB_BMPD512_14_4_6
8,14,0,0,2,8,512,0.0,,bw,static,static,results,Results,Results_LLAMA31,LLAMA3-BWB-Results,simulator_output_LLAMA3-BWB_bwplacement_bs8_staticreq_statictask,SCRUBBED_TIME+LLAMA3-BWB_BMPD512_14_2_8
8,14,0,0,5,5,512,0.0,,bw,static,static,results,Results,Results_LLAMA31,LLAMA3-BWB-Results,simulator_output_LLAMA3-BWB_bwplacement_bs8_staticreq_statictask,SCRUBBED_TIME+LLAMA3-BWB_BMPD512_14_5_5
8,15,0,0,2,7,512,0.0,,bw,static,static,results,Results,Results_LLAMA31,LLAMA3-BWB-Results,simulator_output_LLAMA3-BWB_bwplacement_bs8_staticreq_statictask,SCRUBBED_TIME+LLAMA3-BWB_BMPD512_15_2_7
8,15,0,0,1,8,512,0.0,,bw,static,static,results,Results,Results_LLAMA31,LLAMA3-BWB-Results,simulator_output_LLAMA3-BWB_bwplacement_bs8_staticreq_statictask,SCRUBBED_TIME+LLAMA3-BWB_BMPD512_15_1_8
8,15,0,0,3,6,512,0.0,,bw,static,static,results,Results,Results_LLAMA31,LLAMA3-BWB-Results,simulator_output_LLAMA3-BWB_bwplacement_bs8_staticreq_statictask,SCRUBBED_TIME+LLAMA3-BWB_BMPD512_15_3_6
8,15,0,0,4,5,512,0.0,,bw,static,static,results,Results,Results_LLAMA31,LLAMA3-BWB-Results,simulator_output_LLAMA3-BWB_bwplacement_bs8_staticreq_statictask,SCRUBBED_TIME+LLAMA3-BWB_BMPD512_15_4_5
8,15,0,0,5,4,512,0.0,,bw,static,static,results,Results,Results_LLAMA31,LLAMA3-BWB-Results,simulator_output_LLAMA3-BWB_bwplacement_bs8_staticreq_statictask,SCRUBBED_TIME+LLAMA3-BWB_BMPD512_15_5_4
8,16,0,0,1,7,512,0.0,,bw,static,static,results,Results,Results_LLAMA31,LLAMA3-BWB-Results,simulator_output_LLAMA3-BWB_bwplacement_bs8_staticreq_statictask,SCRUBBED_TIME+LLAMA3-BWB_BMPD512_16_1_7
8,16,0,0,2,6,512,0.0,,bw,static,static,results,Results,Results_LLAMA31,LLAMA3-BWB-Results,simulator_output_LLAMA3-BWB_bwplacement_bs8_staticreq_statictask,SCRUBBED_TIME+LLAMA3-BWB_BMPD512_16_2_6
8,16,0,0,3,5,512,0.0,,bw,static,static,results,Results,Results_LLAMA31,LLAMA3-BWB-Results,simulator_output_LLAMA3-BWB_bwplacement_bs8_staticreq_statictask,SCRUBBED_TIME+LLAMA3-BWB_BMPD512_16_3_5
8,16,0,0,4,4,512,0.0,,bw,static,static,results,Results,Results_LLAMA31,LLAMA3-BWB-Results,simulator_output_LLAMA3-BWB_bwplacement_bs8_staticreq_statictask,SCRUBBED_TIME+LLAMA3-BWB_BMPD512_16_4_4
8,3,0,0,2,19,640,0.0,,bw,static,static,results,Results,Results_LLAMA31,LLAMA3-BWB-Results,simulator_output_LLAMA3-BWB_bwplacement_bs8_staticreq_statictask,SCRUBBED_TIME+LLAMA3-BWB_BMPD640_3_2_19
8,3,0,0,1,20,640,0.0,,bw,static,static,results,Results,Results_LLAMA31,LLAMA3-BWB-Results,simulator_output_LLAMA3-BWB_bwplacement_bs8_staticreq_statictask,SCRUBBED_TIME+LLAMA3-BWB_BMPD640_3_1_20
8,2,0,0,1,21,640,0.0,,bw,static,static,results,Results,Results_LLAMA31,LLAMA3-BWB-Results,simulator_output_LLAMA3-BWB_bwplacement_bs8_staticreq_statictask,SCRUBBED_TIME+LLAMA3-BWB_BMPD640_2_1_21
8,4,0,0,1,19,640,0.0,,bw,static,static,results,Results,Results_LLAMA31,LLAMA3-BWB-Results,simulator_output_LLAMA3-BWB_bwplacement_bs8_staticreq_statictask,SCRUBBED_TIME+LLAMA3-BWB_BMPD640_4_1_19
8,4,0,0,3,17,640,0.0,,bw,static,static,results,Results,Results_LLAMA31,LLAMA3-BWB-Results,simulator_output_LLAMA3-BWB_bwplacement_bs8_staticreq_statictask,SCRUBBED_TIME+LLAMA3-BWB_BMPD640_4_3_17
8,4,0,0,2,18,640,0.0,,bw,static,static,results,Results,Results_LLAMA31,LLAMA3-BWB-Results,simulator_output_LLAMA3-BWB_bwplacement_bs8_staticreq_statictask,SCRUBBED_TIME+LLAMA3-BWB_BMPD640_4_2_18
8,4,0,0,4,16,640,0.0,,bw,static,static,results,Results,Results_LLAMA31,LLAMA3-BWB-Results,simulator_output_LLAMA3-BWB_bwplacement_bs8_staticreq_statictask,SCRUBBED_TIME+LLAMA3-BWB_BMPD640_4_4_16
8,5,0,0,1,18,640,0.0,,bw,static,static,results,Results,Results_LLAMA31,LLAMA3-BWB-Results,simulator_output_LLAMA3-BWB_bwplacement_bs8_staticreq_statictask,SCRUBBED_TIME+LLAMA3-BWB_BMPD640_5_1_18
8,5,0,0,2,17,640,0.0,,bw,static,static,results,Results,Results_LLAMA31,LLAMA3-BWB-Results,simulator_output_LLAMA3-BWB_bwplacement_bs8_staticreq_statictask,SCRUBBED_TIME+LLAMA3-BWB_BMPD640_5_2_17
8,5,0,0,3,16,640,0.0,,bw,static,static,results,Results,Results_LLAMA31,LLAMA3-BWB-Results,simulator_output_LLAMA3-BWB_bwplacement_bs8_staticreq_statictask,SCRUBBED_TIME+LLAMA3-BWB_BMPD640_5_3_16
8,5,0,0,4,15,640,0.0,,bw,static,static,results,Results,Results_LLAMA31,LLAMA3-BWB-Results,simulator_output_LLAMA3-BWB_bwplacement_bs8_staticreq_statictask,SCRUBBED_TIME+LLAMA3-BWB_BMPD640_5_4_15
8,6,0,0,1,17,640,0.0,,bw,static,static,results,Results,Results_LLAMA31,LLAMA3-BWB-Results,simulator_output_LLAMA3-BWB_bwplacement_bs8_staticreq_statictask,SCRUBBED_TIME+LLAMA3-BWB_BMPD640_6_1_17
8,6,0,0,2,16,640,0.0,,bw,static,static,results,Results,Results_LLAMA31,LLAMA3-BWB-Results,simulator_output_LLAMA3-BWB_bwplacement_bs8_staticreq_statictask,SCRUBBED_TIME+LLAMA3-BWB_BMPD640_6_2_16
8,6,0,0,3,15,640,0.0,,bw,static,static,results,Results,Results_LLAMA31,LLAMA3-BWB-Results,simulator_output_LLAMA3-BWB_bwplacement_bs8_staticreq_statictask,SCRUBBED_TIME+LLAMA3-BWB_BMPD640_6_3_15
8,6,0,0,4,14,640,0.0,,bw,static,static,results,Results,Results_LLAMA31,LLAMA3-BWB-Results,simulator_output_LLAMA3-BWB_bwplacement_bs8_staticreq_statictask,SCRUBBED_TIME+LLAMA3-BWB_BMPD640_6_4_14
8,6,0,0,5,13,640,0.0,,bw,static,static,results,Results,Results_LLAMA31,LLAMA3-BWB-Results,simulator_output_LLAMA3-BWB_bwplacement_bs8_staticreq_statictask,SCRUBBED_TIME+LLAMA3-BWB_BMPD640_6_5_13
8,7,0,0,1,16,640,0.0,,bw,static,static,results,Results,Results_LLAMA31,LLAMA3-BWB-Results,simulator_output_LLAMA3-BWB_bwplacement_bs8_staticreq_statictask,SCRUBBED_TIME+LLAMA3-BWB_BMPD640_7_1_16
8,7,0,0,3,14,640,0.0,,bw,static,static,results,Results,Results_LLAMA31,LLAMA3-BWB-Results,simulator_output_LLAMA3-BWB_bwplacement_bs8_staticreq_statictask,SCRUBBED_TIME+LLAMA3-BWB_BMPD640_7_3_14
8,7,0,0,2,15,640,0.0,,bw,static,static,results,Results,Results_LLAMA31,LLAMA3-BWB-Results,simulator_output_LLAMA3-BWB_bwplacement_bs8_staticreq_statictask,SCRUBBED_TIME+LLAMA3-BWB_BMPD640_7_2_15
8,7,0,0,4,13,640,0.0,,bw,static,static,results,Results,Results_LLAMA31,LLAMA3-BWB-Results,simulator_output_LLAMA3-BWB_bwplacement_bs8_staticreq_statictask,SCRUBBED_TIME+LLAMA3-BWB_BMPD640_7_4_13
8,7,0,0,6,11,640,0.0,,bw,static,static,results,Results,Results_LLAMA31,LLAMA3-BWB-Results,simulator_output_LLAMA3-BWB_bwplacement_bs8_staticreq_statictask,SCRUBBED_TIME+LLAMA3-BWB_BMPD640_7_6_11
8,7,0,0,5,12,640,0.0,,bw,static,static,results,Results,Results_LLAMA31,LLAMA3-BWB-Results,simulator_output_LLAMA3-BWB_bwplacement_bs8_staticreq_statictask,SCRUBBED_TIME+LLAMA3-BWB_BMPD640_7_5_12
8,8,0,0,1,15,640,0.0,,bw,static,static,results,Results,Results_LLAMA31,LLAMA3-BWB-Results,simulator_output_LLAMA3-BWB_bwplacement_bs8_staticreq_statictask,SCRUBBED_TIME+LLAMA3-BWB_BMPD640_8_1_15
8,8,0,0,2,14,640,0.0,,bw,static,static,results,Results,Results_LLAMA31,LLAMA3-BWB-Results,simulator_output_LLAMA3-BWB_bwplacement_bs8_staticreq_statictask,SCRUBBED_TIME+LLAMA3-BWB_BMPD640_8_2_14
8,8,0,0,3,13,640,0.0,,bw,static,static,results,Results,Results_LLAMA31,LLAMA3-BWB-Results,simulator_output_LLAMA3-BWB_bwplacement_bs8_staticreq_statictask,SCRUBBED_TIME+LLAMA3-BWB_BMPD640_8_3_13
8,8,0,0,4,12,640,0.0,,bw,static,static,results,Results,Results_LLAMA31,LLAMA3-BWB-Results,simulator_output_LLAMA3-BWB_bwplacement_bs8_staticreq_statictask,SCRUBBED_TIME+LLAMA3-BWB_BMPD640_8_4_12
8,8,0,0,5,11,640,0.0,,bw,static,static,results,Results,Results_LLAMA31,LLAMA3-BWB-Results,simulator_output_LLAMA3-BWB_bwplacement_bs8_staticreq_statictask,SCRUBBED_TIME+LLAMA3-BWB_BMPD640_8_5_11
8,8,0,0,6,10,640,0.0,,bw,static,static,results,Results,Results_LLAMA31,LLAMA3-BWB-Results,simulator_output_LLAMA3-BWB_bwplacement_bs8_staticreq_statictask,SCRUBBED_TIME+LLAMA3-BWB_BMPD640_8_6_10
8,8,0,0,7,9,640,0.0,,bw,static,static,results,Results,Results_LLAMA31,LLAMA3-BWB-Results,simulator_output_LLAMA3-BWB_bwplacement_bs8_staticreq_statictask,SCRUBBED_TIME+LLAMA3-BWB_BMPD640_8_7_9
8,8,0,0,8,8,640,0.0,,bw,static,static,results,Results,Results_LLAMA31,LLAMA3-BWB-Results,simulator_output_LLAMA3-BWB_bwplacement_bs8_staticreq_statictask,SCRUBBED_TIME+LLAMA3-BWB_BMPD640_8_8_8
8,8,0,0,9,7,640,0.0,,bw,static,static,results,Results,Results_LLAMA31,LLAMA3-BWB-Results,simulator_output_LLAMA3-BWB_bwplacement_bs8_staticreq_statictask,SCRUBBED_TIME+LLAMA3-BWB_BMPD640_8_9_7
8,9,0,0,1,14,640,0.0,,bw,static,static,results,Results,Results_LLAMA31,LLAMA3-BWB-Results,simulator_output_LLAMA3-BWB_bwplacement_bs8_staticreq_statictask,SCRUBBED_TIME+LLAMA3-BWB_BMPD640_9_1_14
8,9,0,0,2,13,640,0.0,,bw,static,static,results,Results,Results_LLAMA31,LLAMA3-BWB-Results,simulator_output_LLAMA3-BWB_bwplacement_bs8_staticreq_statictask,SCRUBBED_TIME+LLAMA3-BWB_BMPD640_9_2_13
8,9,0,0,3,12,640,0.0,,bw,static,static,results,Results,Results_LLAMA31,LLAMA3-BWB-Results,simulator_output_LLAMA3-BWB_bwplacement_bs8_staticreq_statictask,SCRUBBED_TIME+LLAMA3-BWB_BMPD640_9_3_12
8,9,0,0,4,11,640,0.0,,bw,static,static,results,Results,Results_LLAMA31,LLAMA3-BWB-Results,simulator_output_LLAMA3-BWB_bwplacement_bs8_staticreq_statictask,SCRUBBED_TIME+LLAMA3-BWB_BMPD640_9_4_11
8,9,0,0,5,10,640,0.0,,bw,static,static,results,Results,Results_LLAMA31,LLAMA3-BWB-Results,simulator_output_LLAMA3-BWB_bwplacement_bs8_staticreq_statictask,SCRUBBED_TIME+LLAMA3-BWB_BMPD640_9_5_10
8,9,0,0,6,9,640,0.0,,bw,static,static,results,Results,Results_LLAMA31,LLAMA3-BWB-Results,simulator_output_LLAMA3-BWB_bwplacement_bs8_staticreq_statictask,SCRUBBED_TIME+LLAMA3-BWB_BMPD640_9_6_9
8,9,0,0,9,6,640,0.0,,bw,static,static,results,Results,Results_LLAMA31,LLAMA3-BWB-Results,simulator_output_LLAMA3-BWB_bwplacement_bs8_staticreq_statictask,SCRUBBED_TIME+LLAMA3-BWB_BMPD640_9_9_6
8,9,0,0,7,8,640,0.0,,bw,static,static,results,Results,Results_LLAMA31,LLAMA3-BWB-Results,simulator_output_LLAMA3-BWB_bwplacement_bs8_staticreq_statictask,SCRUBBED_TIME+LLAMA3-BWB_BMPD640_9_7_8
8,9,0,0,8,7,640,0.0,,bw,static,static,results,Results,Results_LLAMA31,LLAMA3-BWB-Results,simulator_output_LLAMA3-BWB_bwplacement_bs8_staticreq_statictask,SCRUBBED_TIME+LLAMA3-BWB_BMPD640_9_8_7
8,10,0,0,1,13,640,0.0,,bw,static,static,results,Results,Results_LLAMA31,LLAMA3-BWB-Results,simulator_output_LLAMA3-BWB_bwplacement_bs8_staticreq_statictask,SCRUBBED_TIME+LLAMA3-BWB_BMPD640_10_1_13
8,10,0,0,4,10,640,0.0,,bw,static,static,results,Results,Results_LLAMA31,LLAMA3-BWB-Results,simulator_output_LLAMA3-BWB_bwplacement_bs8_staticreq_statictask,SCRUBBED_TIME+LLAMA3-BWB_BMPD640_10_4_10
8,10,0,0,3,11,640,0.0,,bw,static,static,results,Results,Results_LLAMA31,LLAMA3-BWB-Results,simulator_output_LLAMA3-BWB_bwplacement_bs8_staticreq_statictask,SCRUBBED_TIME+LLAMA3-BWB_BMPD640_10_3_11
8,10,0,0,2,12,640,0.0,,bw,static,static,results,Results,Results_LLAMA31,LLAMA3-BWB-Results,simulator_output_LLAMA3-BWB_bwplacement_bs8_staticreq_statictask,SCRUBBED_TIME+LLAMA3-BWB_BMPD640_10_2_12
8,10,0,0,5,9,640,0.0,,bw,static,static,results,Results,Results_LLAMA31,LLAMA3-BWB-Results,simulator_output_LLAMA3-BWB_bwplacement_bs8_staticreq_statictask,SCRUBBED_TIME+LLAMA3-BWB_BMPD640_10_5_9
8,10,0,0,6,8,640,0.0,,bw,static,static,results,Results,Results_LLAMA31,LLAMA3-BWB-Results,simulator_output_LLAMA3-BWB_bwplacement_bs8_staticreq_statictask,SCRUBBED_TIME+LLAMA3-BWB_BMPD640_10_6_8
8,10,0,0,7,7,640,0.0,,bw,static,static,results,Results,Results_LLAMA31,LLAMA3-BWB-Results,simulator_output_LLAMA3-BWB_bwplacement_bs8_staticreq_statictask,SCRUBBED_TIME+LLAMA3-BWB_BMPD640_10_7_7
8,10,0,0,8,6,640,0.0,,bw,static,static,results,Results,Results_LLAMA31,LLAMA3-BWB-Results,simulator_output_LLAMA3-BWB_bwplacement_bs8_staticreq_statictask,SCRUBBED_TIME+LLAMA3-BWB_BMPD640_10_8_6
8,11,0,0,1,12,640,0.0,,bw,static,static,results,Results,Results_LLAMA31,LLAMA3-BWB-Results,simulator_output_LLAMA3-BWB_bwplacement_bs8_staticreq_statictask,SCRUBBED_TIME+LLAMA3-BWB_BMPD640_11_1_12
8,11,0,0,2,11,640,0.0,,bw,static,static,results,Results,Results_LLAMA31,LLAMA3-BWB-Results,simulator_output_LLAMA3-BWB_bwplacement_bs8_staticreq_statictask,SCRUBBED_TIME+LLAMA3-BWB_BMPD640_11_2_11
8,11,0,0,3,10,640,0.0,,bw,static,static,results,Results,Results_LLAMA31,LLAMA3-BWB-Results,simulator_output_LLAMA3-BWB_bwplacement_bs8_staticreq_statictask,SCRUBBED_TIME+LLAMA3-BWB_BMPD640_11_3_10
8,11,0,0,4,9,640,0.0,,bw,static,static,results,Results,Results_LLAMA31,LLAMA3-BWB-Results,simulator_output_LLAMA3-BWB_bwplacement_bs8_staticreq_statictask,SCRUBBED_TIME+LLAMA3-BWB_BMPD640_11_4_9
8,11,0,0,5,8,640,0.0,,bw,static,static,results,Results,Results_LLAMA31,LLAMA3-BWB-Results,simulator_output_LLAMA3-BWB_bwplacement_bs8_staticreq_statictask,SCRUBBED_TIME+LLAMA3-BWB_BMPD640_11_5_8
8,11,0,0,7,6,640,0.0,,bw,static,static,results,Results,Results_LLAMA31,LLAMA3-BWB-Results,simulator_output_LLAMA3-BWB_bwplacement_bs8_staticreq_statictask,SCRUBBED_TIME+LLAMA3-BWB_BMPD640_11_7_6
8,11,0,0,6,7,640,0.0,,bw,static,static,results,Results,Results_LLAMA31,LLAMA3-BWB-Results,simulator_output_LLAMA3-BWB_bwplacement_bs8_staticreq_statictask,SCRUBBED_TIME+LLAMA3-BWB_BMPD640_11_6_7
8,12,0,0,1,11,640,0.0,,bw,static,static,results,Results,Results_LLAMA31,LLAMA3-BWB-Results,simulator_output_LLAMA3-BWB_bwplacement_bs8_staticreq_statictask,SCRUBBED_TIME+LLAMA3-BWB_BMPD640_12_1_11
8,12,0,0,2,10,640,0.0,,bw,static,static,results,Results,Results_LLAMA31,LLAMA3-BWB-Results,simulator_output_LLAMA3-BWB_bwplacement_bs8_staticreq_statictask,SCRUBBED_TIME+LLAMA3-BWB_BMPD640_12_2_10
8,12,0,0,3,9,640,0.0,,bw,static,static,results,Results,Results_LLAMA31,LLAMA3-BWB-Results,simulator_output_LLAMA3-BWB_bwplacement_bs8_staticreq_statictask,SCRUBBED_TIME+LLAMA3-BWB_BMPD640_12_3_9
8,12,0,0,5,7,640,0.0,,bw,static,static,results,Results,Results_LLAMA31,LLAMA3-BWB-Results,simulator_output_LLAMA3-BWB_bwplacement_bs8_staticreq_statictask,SCRUBBED_TIME+LLAMA3-BWB_BMPD640_12_5_7
8,12,0,0,4,8,640,0.0,,bw,static,static,results,Results,Results_LLAMA31,LLAMA3-BWB-Results,simulator_output_LLAMA3-BWB_bwplacement_bs8_staticreq_statictask,SCRUBBED_TIME+LLAMA3-BWB_BMPD640_12_4_8
8,12,0,0,6,6,640,0.0,,bw,static,static,results,Results,Results_LLAMA31,LLAMA3-BWB-Results,simulator_output_LLAMA3-BWB_bwplacement_bs8_staticreq_statictask,SCRUBBED_TIME+LLAMA3-BWB_BMPD640_12_6_6
8,13,0,0,1,10,640,0.0,,bw,static,static,results,Results,Results_LLAMA31,LLAMA3-BWB-Results,simulator_output_LLAMA3-BWB_bwplacement_bs8_staticreq_statictask,SCRUBBED_TIME+LLAMA3-BWB_BMPD640_13_1_10
8,13,0,0,2,9,640,0.0,,bw,static,static,results,Results,Results_LLAMA31,LLAMA3-BWB-Results,simulator_output_LLAMA3-BWB_bwplacement_bs8_staticreq_statictask,SCRUBBED_TIME+LLAMA3-BWB_BMPD640_13_2_9
8,13,0,0,3,8,640,0.0,,bw,static,static,results,Results,Results_LLAMA31,LLAMA3-BWB-Results,simulator_output_LLAMA3-BWB_bwplacement_bs8_staticreq_statictask,SCRUBBED_TIME+LLAMA3-BWB_BMPD640_13_3_8
8,13,0,0,4,7,640,0.0,,bw,static,static,results,Results,Results_LLAMA31,LLAMA3-BWB-Results,simulator_output_LLAMA3-BWB_bwplacement_bs8_staticreq_statictask,SCRUBBED_TIME+LLAMA3-BWB_BMPD640_13_4_7
8,13,0,0,5,6,640,0.0,,bw,static,static,results,Results,Results_LLAMA31,LLAMA3-BWB-Results,simulator_output_LLAMA3-BWB_bwplacement_bs8_staticreq_statictask,SCRUBBED_TIME+LLAMA3-BWB_BMPD640_13_5_6
8,13,0,0,6,5,640,0.0,,bw,static,static,results,Results,Results_LLAMA31,LLAMA3-BWB-Results,simulator_output_LLAMA3-BWB_bwplacement_bs8_staticreq_statictask,SCRUBBED_TIME+LLAMA3-BWB_BMPD640_13_6_5
8,14,0,0,1,9,640,0.0,,bw,static,static,results,Results,Results_LLAMA31,LLAMA3-BWB-Results,simulator_output_LLAMA3-BWB_bwplacement_bs8_staticreq_statictask,SCRUBBED_TIME+LLAMA3-BWB_BMPD640_14_1_9
8,14,0,0,2,8,640,0.0,,bw,static,static,results,Results,Results_LLAMA31,LLAMA3-BWB-Results,simulator_output_LLAMA3-BWB_bwplacement_bs8_staticreq_statictask,SCRUBBED_TIME+LLAMA3-BWB_BMPD640_14_2_8
8,14,0,0,3,7,640,0.0,,bw,static,static,results,Results,Results_LLAMA31,LLAMA3-BWB-Results,simulator_output_LLAMA3-BWB_bwplacement_bs8_staticreq_statictask,SCRUBBED_TIME+LLAMA3-BWB_BMPD640_14_3_7
8,14,0,0,4,6,640,0.0,,bw,static,static,results,Results,Results_LLAMA31,LLAMA3-BWB-Results,simulator_output_LLAMA3-BWB_bwplacement_bs8_staticreq_statictask,SCRUBBED_TIME+LLAMA3-BWB_BMPD640_14_4_6
8,14,0,0,5,5,640,0.0,,bw,static,static,results,Results,Results_LLAMA31,LLAMA3-BWB-Results,simulator_output_LLAMA3-BWB_bwplacement_bs8_staticreq_statictask,SCRUBBED_TIME+LLAMA3-BWB_BMPD640_14_5_5
8,15,0,0,1,8,640,0.0,,bw,static,static,results,Results,Results_LLAMA31,LLAMA3-BWB-Results,simulator_output_LLAMA3-BWB_bwplacement_bs8_staticreq_statictask,SCRUBBED_TIME+LLAMA3-BWB_BMPD640_15_1_8
8,15,0,0,2,7,640,0.0,,bw,static,static,results,Results,Results_LLAMA31,LLAMA3-BWB-Results,simulator_output_LLAMA3-BWB_bwplacement_bs8_staticreq_statictask,SCRUBBED_TIME+LLAMA3-BWB_BMPD640_15_2_7
8,15,0,0,3,6,640,0.0,,bw,static,static,results,Results,Results_LLAMA31,LLAMA3-BWB-Results,simulator_output_LLAMA3-BWB_bwplacement_bs8_staticreq_statictask,SCRUBBED_TIME+LLAMA3-BWB_BMPD640_15_3_6
8,15,0,0,4,5,640,0.0,,bw,static,static,results,Results,Results_LLAMA31,LLAMA3-BWB-Results,simulator_output_LLAMA3-BWB_bwplacement_bs8_staticreq_statictask,SCRUBBED_TIME+LLAMA3-BWB_BMPD640_15_4_5
8,15,0,0,5,4,640,0.0,,bw,static,static,results,Results,Results_LLAMA31,LLAMA3-BWB-Results,simulator_output_LLAMA3-BWB_bwplacement_bs8_staticreq_statictask,SCRUBBED_TIME+LLAMA3-BWB_BMPD640_15_5_4
8,16,0,0,1,7,640,0.0,,bw,static,static,results,Results,Results_LLAMA31,LLAMA3-BWB-Results,simulator_output_LLAMA3-BWB_bwplacement_bs8_staticreq_statictask,SCRUBBED_TIME+LLAMA3-BWB_BMPD640_16_1_7
8,16,0,0,2,6,640,0.0,,bw,static,static,results,Results,Results_LLAMA31,LLAMA3-BWB-Results,simulator_output_LLAMA3-BWB_bwplacement_bs8_staticreq_statictask,SCRUBBED_TIME+LLAMA3-BWB_BMPD640_16_2_6
8,16,0,0,3,5,640,0.0,,bw,static,static,results,Results,Results_LLAMA31,LLAMA3-BWB-Results,simulator_output_LLAMA3-BWB_bwplacement_bs8_staticreq_statictask,SCRUBBED_TIME+LLAMA3-BWB_BMPD640_16_3_5
8,16,0,0,4,4,640,0.0,,bw,static,static,results,Results,Results_LLAMA31,LLAMA3-BWB-Results,simulator_output_LLAMA3-BWB_bwplacement_bs8_staticreq_statictask,SCRUBBED_TIME+LLAMA3-BWB_BMPD640_16_4_4
16,3,0,0,10,11,256,0.0,,bw,static,static,results,Results,Results_LLAMA31,LLAMA3-BWB-Results,simulator_output_LLAMA3-BWB_bwplacement_bs16_staticreq_statictask,SCRUBBED_TIME+LLAMA3-BWB_BMPD256_3_10_11
16,2,0,0,10,12,256,0.0,,bw,static,static,results,Results,Results_LLAMA31,LLAMA3-BWB-Results,simulator_output_LLAMA3-BWB_bwplacement_bs16_staticreq_statictask,SCRUBBED_TIME+LLAMA3-BWB_BMPD256_2_10_12
16,3,0,0,11,10,256,0.0,,bw,static,static,results,Results,Results_LLAMA31,LLAMA3-BWB-Results,simulator_output_LLAMA3-BWB_bwplacement_bs16_staticreq_statictask,SCRUBBED_TIME+LLAMA3-BWB_BMPD256_3_11_10
16,2,0,0,9,13,256,0.0,,bw,static,static,results,Results,Results_LLAMA31,LLAMA3-BWB-Results,simulator_output_LLAMA3-BWB_bwplacement_bs16_staticreq_statictask,SCRUBBED_TIME+LLAMA3-BWB_BMPD256_2_9_13
16,2,0,0,19,3,256,0.0,,bw,static,static,results,Results,Results_LLAMA31,LLAMA3-BWB-Results,simulator_output_LLAMA3-BWB_bwplacement_bs16_staticreq_statictask,SCRUBBED_TIME+LLAMA3-BWB_BMPD256_2_19_3
16,3,0,0,19,2,256,0.0,,bw,static,static,results,Results,Results_LLAMA31,LLAMA3-BWB-Results,simulator_output_LLAMA3-BWB_bwplacement_bs16_staticreq_statictask,SCRUBBED_TIME+LLAMA3-BWB_BMPD256_3_19_2
16,2,0,0,21,1,256,0.0,,bw,static,static,results,Results,Results_LLAMA31,LLAMA3-BWB-Results,simulator_output_LLAMA3-BWB_bwplacement_bs16_staticreq_statictask,SCRUBBED_TIME+LLAMA3-BWB_BMPD256_2_21_1
16,2,0,0,17,5,256,0.0,,bw,static,static,results,Results,Results_LLAMA31,LLAMA3-BWB-Results,simulator_output_LLAMA3-BWB_bwplacement_bs16_staticreq_statictask,SCRUBBED_TIME+LLAMA3-BWB_BMPD256_2_17_5
16,3,0,0,13,8,256,0.0,,bw,static,static,results,Results,Results_LLAMA31,LLAMA3-BWB-Results,simulator_output_LLAMA3-BWB_bwplacement_bs16_staticreq_statictask,SCRUBBED_TIME+LLAMA3-BWB_BMPD256_3_13_8
16,3,0,0,3,18,256,0.0,,bw,static,static,results,Results,Results_LLAMA31,LLAMA3-BWB-Results,simulator_output_LLAMA3-BWB_bwplacement_bs16_staticreq_statictask,SCRUBBED_TIME+LLAMA3-BWB_BMPD256_3_3_18
16,2,0,0,4,18,256,0.0,,bw,static,static,results,Results,Results_LLAMA31,LLAMA3-BWB-Results,simulator_output_LLAMA3-BWB_bwplacement_bs16_staticreq_statictask,SCRUBBED_TIME+LLAMA3-BWB_BMPD256_2_4_18
16,3,0,0,16,5,256,0.0,,bw,static,static,results,Results,Results_LLAMA31,LLAMA3-BWB-Results,simulator_output_LLAMA3-BWB_bwplacement_bs16_staticreq_statictask,SCRUBBED_TIME+LLAMA3-BWB_BMPD256_3_16_5
16,2,0,0,20,2,256,0.0,,bw,static,static,results,Results,Results_LLAMA31,LLAMA3-BWB-Results,simulator_output_LLAMA3-BWB_bwplacement_bs16_staticreq_statictask,SCRUBBED_TIME+LLAMA3-BWB_BMPD256_2_20_2
16,2,0,0,15,7,256,0.0,,bw,static,static,results,Results,Results_LLAMA31,LLAMA3-BWB-Results,simulator_output_LLAMA3-BWB_bwplacement_bs16_staticreq_statictask,SCRUBBED_TIME+LLAMA3-BWB_BMPD256_2_15_7
16,2,0,0,6,16,256,0.0,,bw,static,static,results,Results,Results_LLAMA31,LLAMA3-BWB-Results,simulator_output_LLAMA3-BWB_bwplacement_bs16_staticreq_statictask,SCRUBBED_TIME+LLAMA3-BWB_BMPD256_2_6_16
16,2,0,0,8,14,256,0.0,,bw,static,static,results,Results,Results_LLAMA31,LLAMA3-BWB-Results,simulator_output_LLAMA3-BWB_bwplacement_bs16_staticreq_statictask,SCRUBBED_TIME+LLAMA3-BWB_BMPD256_2_8_14
16,2,0,0,7,15,256,0.0,,bw,static,static,results,Results,Results_LLAMA31,LLAMA3-BWB-Results,simulator_output_LLAMA3-BWB_bwplacement_bs16_staticreq_statictask,SCRUBBED_TIME+LLAMA3-BWB_BMPD256_2_7_15
16,2,0,0,16,6,256,0.0,,bw,static,static,results,Results,Results_LLAMA31,LLAMA3-BWB-Results,simulator_output_LLAMA3-BWB_bwplacement_bs16_staticreq_statictask,SCRUBBED_TIME+LLAMA3-BWB_BMPD256_2_16_6
16,2,0,0,5,17,256,0.0,,bw,static,static,results,Results,Results_LLAMA31,LLAMA3-BWB-Results,simulator_output_LLAMA3-BWB_bwplacement_bs16_staticreq_statictask,SCRUBBED_TIME+LLAMA3-BWB_BMPD256_2_5_17
16,2,0,0,12,10,256,0.0,,bw,static,static,results,Results,Results_LLAMA31,LLAMA3-BWB-Results,simulator_output_LLAMA3-BWB_bwplacement_bs16_staticreq_statictask,SCRUBBED_TIME+LLAMA3-BWB_BMPD256_2_12_10
16,3,0,0,15,6,256,0.0,,bw,static,static,results,Results,Results_LLAMA31,LLAMA3-BWB-Results,simulator_output_LLAMA3-BWB_bwplacement_bs16_staticreq_statictask,SCRUBBED_TIME+LLAMA3-BWB_BMPD256_3_15_6
16,3,0,0,17,4,256,0.0,,bw,static,static,results,Results,Results_LLAMA31,LLAMA3-BWB-Results,simulator_output_LLAMA3-BWB_bwplacement_bs16_staticreq_statictask,SCRUBBED_TIME+LLAMA3-BWB_BMPD256_3_17_4
16,2,0,0,14,8,256,0.0,,bw,static,static,results,Results,Results_LLAMA31,LLAMA3-BWB-Results,simulator_output_LLAMA3-BWB_bwplacement_bs16_staticreq_statictask,SCRUBBED_TIME+LLAMA3-BWB_BMPD256_2_14_8
16,2,0,0,1,21,256,0.0,,bw,static,static,results,Results,Results_LLAMA31,LLAMA3-BWB-Results,simulator_output_LLAMA3-BWB_bwplacement_bs16_staticreq_statictask,SCRUBBED_TIME+LLAMA3-BWB_BMPD256_2_1_21
16,2,0,0,3,19,256,0.0,,bw,static,static,results,Results,Results_LLAMA31,LLAMA3-BWB-Results,simulator_output_LLAMA3-BWB_bwplacement_bs16_staticreq_statictask,SCRUBBED_TIME+LLAMA3-BWB_BMPD256_2_3_19
16,3,0,0,4,17,256,0.0,,bw,static,static,results,Results,Results_LLAMA31,LLAMA3-BWB-Results,simulator_output_LLAMA3-BWB_bwplacement_bs16_staticreq_statictask,SCRUBBED_TIME+LLAMA3-BWB_BMPD256_3_4_17
16,3,0,0,18,3,256,0.0,,bw,static,static,results,Results,Results_LLAMA31,LLAMA3-BWB-Results,simulator_output_LLAMA3-BWB_bwplacement_bs16_staticreq_statictask,SCRUBBED_TIME+LLAMA3-BWB_BMPD256_3_18_3
16,3,0,0,1,20,256,0.0,,bw,static,static,results,Results,Results_LLAMA31,LLAMA3-BWB-Results,simulator_output_LLAMA3-BWB_bwplacement_bs16_staticreq_statictask,SCRUBBED_TIME+LLAMA3-BWB_BMPD256_3_1_20
16,2,0,0,2,20,256,0.0,,bw,static,static,results,Results,Results_LLAMA31,LLAMA3-BWB-Results,simulator_output_LLAMA3-BWB_bwplacement_bs16_staticreq_statictask,SCRUBBED_TIME+LLAMA3-BWB_BMPD256_2_2_20
16,3,0,0,12,9,256,0.0,,bw,static,static,results,Results,Results_LLAMA31,LLAMA3-BWB-Results,simulator_output_LLAMA3-BWB_bwplacement_bs16_staticreq_statictask,SCRUBBED_TIME+LLAMA3-BWB_BMPD256_3_12_9
16,3,0,0,7,14,256,0.0,,bw,static,static,results,Results,Results_LLAMA31,LLAMA3-BWB-Results,simulator_output_LLAMA3-BWB_bwplacement_bs16_staticreq_statictask,SCRUBBED_TIME+LLAMA3-BWB_BMPD256_3_7_14
16,3,0,0,6,15,256,0.0,,bw,static,static,results,Results,Results_LLAMA31,LLAMA3-BWB-Results,simulator_output_LLAMA3-BWB_bwplacement_bs16_staticreq_statictask,SCRUBBED_TIME+LLAMA3-BWB_BMPD256_3_6_15
16,3,0,0,14,7,256,0.0,,bw,static,static,results,Results,Results_LLAMA31,LLAMA3-BWB-Results,simulator_output_LLAMA3-BWB_bwplacement_bs16_staticreq_statictask,SCRUBBED_TIME+LLAMA3-BWB_BMPD256_3_14_7
16,3,0,0,9,12,256,0.0,,bw,static,static,results,Results,Results_LLAMA31,LLAMA3-BWB-Results,simulator_output_LLAMA3-BWB_bwplacement_bs16_staticreq_statictask,SCRUBBED_TIME+LLAMA3-BWB_BMPD256_3_9_12
16,2,0,0,13,9,256,0.0,,bw,static,static,results,Results,Results_LLAMA31,LLAMA3-BWB-Results,simulator_output_LLAMA3-BWB_bwplacement_bs16_staticreq_statictask,SCRUBBED_TIME+LLAMA3-BWB_BMPD256_2_13_9
16,3,0,0,2,19,256,0.0,,bw,static,static,results,Results,Results_LLAMA31,LLAMA3-BWB-Results,simulator_output_LLAMA3-BWB_bwplacement_bs16_staticreq_statictask,SCRUBBED_TIME+LLAMA3-BWB_BMPD256_3_2_19
16,2,0,0,11,11,256,0.0,,bw,static,static,results,Results,Results_LLAMA31,LLAMA3-BWB-Results,simulator_output_LLAMA3-BWB_bwplacement_bs16_staticreq_statictask,SCRUBBED_TIME+LLAMA3-BWB_BMPD256_2_11_11
16,3,0,0,5,16,256,0.0,,bw,static,static,results,Results,Results_LLAMA31,LLAMA3-BWB-Results,simulator_output_LLAMA3-BWB_bwplacement_bs16_staticreq_statictask,SCRUBBED_TIME+LLAMA3-BWB_BMPD256_3_5_16
16,2,0,0,18,4,256,0.0,,bw,static,static,results,Results,Results_LLAMA31,LLAMA3-BWB-Results,simulator_output_LLAMA3-BWB_bwplacement_bs16_staticreq_statictask,SCRUBBED_TIME+LLAMA3-BWB_BMPD256_2_18_4
16,3,0,0,8,13,256,0.0,,bw,static,static,results,Results,Results_LLAMA31,LLAMA3-BWB-Results,simulator_output_LLAMA3-BWB_bwplacement_bs16_staticreq_statictask,SCRUBBED_TIME+LLAMA3-BWB_BMPD256_3_8_13
16,4,0,0,3,17,256,0.0,,bw,static,static,results,Results,Results_LLAMA31,LLAMA3-BWB-Results,simulator_output_LLAMA3-BWB_bwplacement_bs16_staticreq_statictask,SCRUBBED_TIME+LLAMA3-BWB_BMPD256_4_3_17
16,4,0,0,9,11,256,0.0,,bw,static,static,results,Results,Results_LLAMA31,LLAMA3-BWB-Results,simulator_output_LLAMA3-BWB_bwplacement_bs16_staticreq_statictask,SCRUBBED_TIME+LLAMA3-BWB_BMPD256_4_9_11
16,4,0,0,4,16,256,0.0,,bw,static,static,results,Results,Results_LLAMA31,LLAMA3-BWB-Results,simulator_output_LLAMA3-BWB_bwplacement_bs16_staticreq_statictask,SCRUBBED_TIME+LLAMA3-BWB_BMPD256_4_4_16
16,4,0,0,2,18,256,0.0,,bw,static,static,results,Results,Results_LLAMA31,LLAMA3-BWB-Results,simulator_output_LLAMA3-BWB_bwplacement_bs16_staticreq_statictask,SCRUBBED_TIME+LLAMA3-BWB_BMPD256_4_2_18
16,4,0,0,5,15,256,0.0,,bw,static,static,results,Results,Results_LLAMA31,LLAMA3-BWB-Results,simulator_output_LLAMA3-BWB_bwplacement_bs16_staticreq_statictask,SCRUBBED_TIME+LLAMA3-BWB_BMPD256_4_5_15
16,4,0,0,6,14,256,0.0,,bw,static,static,results,Results,Results_LLAMA31,LLAMA3-BWB-Results,simulator_output_LLAMA3-BWB_bwplacement_bs16_staticreq_statictask,SCRUBBED_TIME+LLAMA3-BWB_BMPD256_4_6_14
16,4,0,0,7,13,256,0.0,,bw,static,static,results,Results,Results_LLAMA31,LLAMA3-BWB-Results,simulator_output_LLAMA3-BWB_bwplacement_bs16_staticreq_statictask,SCRUBBED_TIME+LLAMA3-BWB_BMPD256_4_7_13
16,4,0,0,11,9,256,0.0,,bw,static,static,results,Results,Results_LLAMA31,LLAMA3-BWB-Results,simulator_output_LLAMA3-BWB_bwplacement_bs16_staticreq_statictask,SCRUBBED_TIME+LLAMA3-BWB_BMPD256_4_11_9
16,4,0,0,1,19,256,0.0,,bw,static,static,results,Results,Results_LLAMA31,LLAMA3-BWB-Results,simulator_output_LLAMA3-BWB_bwplacement_bs16_staticreq_statictask,SCRUBBED_TIME+LLAMA3-BWB_BMPD256_4_1_19
16,4,0,0,12,8,256,0.0,,bw,static,static,results,Results,Results_LLAMA31,LLAMA3-BWB-Results,simulator_output_LLAMA3-BWB_bwplacement_bs16_staticreq_statictask,SCRUBBED_TIME+LLAMA3-BWB_BMPD256_4_12_8
16,4,0,0,15,5,256,0.0,,bw,static,static,results,Results,Results_LLAMA31,LLAMA3-BWB-Results,simulator_output_LLAMA3-BWB_bwplacement_bs16_staticreq_statictask,SCRUBBED_TIME+LLAMA3-BWB_BMPD256_4_15_5
16,3,0,0,20,1,256,0.0,,bw,static,static,results,Results,Results_LLAMA31,LLAMA3-BWB-Results,simulator_output_LLAMA3-BWB_bwplacement_bs16_staticreq_statictask,SCRUBBED_TIME+LLAMA3-BWB_BMPD256_3_20_1
16,4,0,0,10,10,256,0.0,,bw,static,static,results,Results,Results_LLAMA31,LLAMA3-BWB-Results,simulator_output_LLAMA3-BWB_bwplacement_bs16_staticreq_statictask,SCRUBBED_TIME+LLAMA3-BWB_BMPD256_4_10_10
16,4,0,0,13,7,256,0.0,,bw,static,static,results,Results,Results_LLAMA31,LLAMA3-BWB-Results,simulator_output_LLAMA3-BWB_bwplacement_bs16_staticreq_statictask,SCRUBBED_TIME+LLAMA3-BWB_BMPD256_4_13_7
16,5,0,0,1,18,256,0.0,,bw,static,static,results,Results,Results_LLAMA31,LLAMA3-BWB-Results,simulator_output_LLAMA3-BWB_bwplacement_bs16_staticreq_statictask,SCRUBBED_TIME+LLAMA3-BWB_BMPD256_5_1_18
16,4,0,0,19,1,256,0.0,,bw,static,static,results,Results,Results_LLAMA31,LLAMA3-BWB-Results,simulator_output_LLAMA3-BWB_bwplacement_bs16_staticreq_statictask,SCRUBBED_TIME+LLAMA3-BWB_BMPD256_4_19_1
16,4,0,0,17,3,256,0.0,,bw,static,static,results,Results,Results_LLAMA31,LLAMA3-BWB-Results,simulator_output_LLAMA3-BWB_bwplacement_bs16_staticreq_statictask,SCRUBBED_TIME+LLAMA3-BWB_BMPD256_4_17_3
16,4,0,0,14,6,256,0.0,,bw,static,static,results,Results,Results_LLAMA31,LLAMA3-BWB-Results,simulator_output_LLAMA3-BWB_bwplacement_bs16_staticreq_statictask,SCRUBBED_TIME+LLAMA3-BWB_BMPD256_4_14_6
16,4,0,0,18,2,256,0.0,,bw,static,static,results,Results,Results_LLAMA31,LLAMA3-BWB-Results,simulator_output_LLAMA3-BWB_bwplacement_bs16_staticreq_statictask,SCRUBBED_TIME+LLAMA3-BWB_BMPD256_4_18_2
16,4,0,0,16,4,256,0.0,,bw,static,static,results,Results,Results_LLAMA31,LLAMA3-BWB-Results,simulator_output_LLAMA3-BWB_bwplacement_bs16_staticreq_statictask,SCRUBBED_TIME+LLAMA3-BWB_BMPD256_4_16_4
16,4,0,0,8,12,256,0.0,,bw,static,static,results,Results,Results_LLAMA31,LLAMA3-BWB-Results,simulator_output_LLAMA3-BWB_bwplacement_bs16_staticreq_statictask,SCRUBBED_TIME+LLAMA3-BWB_BMPD256_4_8_12
16,5,0,0,2,17,256,0.0,,bw,static,static,results,Results,Results_LLAMA31,LLAMA3-BWB-Results,simulator_output_LLAMA3-BWB_bwplacement_bs16_staticreq_statictask,SCRUBBED_TIME+LLAMA3-BWB_BMPD256_5_2_17
16,5,0,0,12,7,256,0.0,,bw,static,static,results,Results,Results_LLAMA31,LLAMA3-BWB-Results,simulator_output_LLAMA3-BWB_bwplacement_bs16_staticreq_statictask,SCRUBBED_TIME+LLAMA3-BWB_BMPD256_5_12_7
16,5,0,0,14,5,256,0.0,,bw,static,static,results,Results,Results_LLAMA31,LLAMA3-BWB-Results,simulator_output_LLAMA3-BWB_bwplacement_bs16_staticreq_statictask,SCRUBBED_TIME+LLAMA3-BWB_BMPD256_5_14_5
16,5,0,0,16,3,256,0.0,,bw,static,static,results,Results,Results_LLAMA31,LLAMA3-BWB-Results,simulator_output_LLAMA3-BWB_bwplacement_bs16_staticreq_statictask,SCRUBBED_TIME+LLAMA3-BWB_BMPD256_5_16_3
16,5,0,0,10,9,256,0.0,,bw,static,static,results,Results,Results_LLAMA31,LLAMA3-BWB-Results,simulator_output_LLAMA3-BWB_bwplacement_bs16_staticreq_statictask,SCRUBBED_TIME+LLAMA3-BWB_BMPD256_5_10_9
16,5,0,0,9,10,256,0.0,,bw,static,static,results,Results,Results_LLAMA31,LLAMA3-BWB-Results,simulator_output_LLAMA3-BWB_bwplacement_bs16_staticreq_statictask,SCRUBBED_TIME+LLAMA3-BWB_BMPD256_5_9_10
16,5,0,0,11,8,256,0.0,,bw,static,static,results,Results,Results_LLAMA31,LLAMA3-BWB-Results,simulator_output_LLAMA3-BWB_bwplacement_bs16_staticreq_statictask,SCRUBBED_TIME+LLAMA3-BWB_BMPD256_5_11_8
16,5,0,0,4,15,256,0.0,,bw,static,static,results,Results,Results_LLAMA31,LLAMA3-BWB-Results,simulator_output_LLAMA3-BWB_bwplacement_bs16_staticreq_statictask,SCRUBBED_TIME+LLAMA3-BWB_BMPD256_5_4_15
16,5,0,0,3,16,256,0.0,,bw,static,static,results,Results,Results_LLAMA31,LLAMA3-BWB-Results,simulator_output_LLAMA3-BWB_bwplacement_bs16_staticreq_statictask,SCRUBBED_TIME+LLAMA3-BWB_BMPD256_5_3_16
16,5,0,0,6,13,256,0.0,,bw,static,static,results,Results,Results_LLAMA31,LLAMA3-BWB-Results,simulator_output_LLAMA3-BWB_bwplacement_bs16_staticreq_statictask,SCRUBBED_TIME+LLAMA3-BWB_BMPD256_5_6_13
16,5,0,0,7,12,256,0.0,,bw,static,static,results,Results,Results_LLAMA31,LLAMA3-BWB-Results,simulator_output_LLAMA3-BWB_bwplacement_bs16_staticreq_statictask,SCRUBBED_TIME+LLAMA3-BWB_BMPD256_5_7_12
16,5,0,0,13,6,256,0.0,,bw,static,static,results,Results,Results_LLAMA31,LLAMA3-BWB-Results,simulator_output_LLAMA3-BWB_bwplacement_bs16_staticreq_statictask,SCRUBBED_TIME+LLAMA3-BWB_BMPD256_5_13_6
16,5,0,0,15,4,256,0.0,,bw,static,static,results,Results,Results_LLAMA31,LLAMA3-BWB-Results,simulator_output_LLAMA3-BWB_bwplacement_bs16_staticreq_statictask,SCRUBBED_TIME+LLAMA3-BWB_BMPD256_5_15_4
16,5,0,0,5,14,256,0.0,,bw,static,static,results,Results,Results_LLAMA31,LLAMA3-BWB-Results,simulator_output_LLAMA3-BWB_bwplacement_bs16_staticreq_statictask,SCRUBBED_TIME+LLAMA3-BWB_BMPD256_5_5_14
16,5,0,0,8,11,256,0.0,,bw,static,static,results,Results,Results_LLAMA31,LLAMA3-BWB-Results,simulator_output_LLAMA3-BWB_bwplacement_bs16_staticreq_statictask,SCRUBBED_TIME+LLAMA3-BWB_BMPD256_5_8_11
16,5,0,0,17,2,256,0.0,,bw,static,static,results,Results,Results_LLAMA31,LLAMA3-BWB-Results,simulator_output_LLAMA3-BWB_bwplacement_bs16_staticreq_statictask,SCRUBBED_TIME+LLAMA3-BWB_BMPD256_5_17_2
16,5,0,0,18,1,256,0.0,,bw,static,static,results,Results,Results_LLAMA31,LLAMA3-BWB-Results,simulator_output_LLAMA3-BWB_bwplacement_bs16_staticreq_statictask,SCRUBBED_TIME+LLAMA3-BWB_BMPD256_5_18_1
16,6,0,0,1,17,256,0.0,,bw,static,static,results,Results,Results_LLAMA31,LLAMA3-BWB-Results,simulator_output_LLAMA3-BWB_bwplacement_bs16_staticreq_statictask,SCRUBBED_TIME+LLAMA3-BWB_BMPD256_6_1_17
16,6,0,0,2,16,256,0.0,,bw,static,static,results,Results,Results_LLAMA31,LLAMA3-BWB-Results,simulator_output_LLAMA3-BWB_bwplacement_bs16_staticreq_statictask,SCRUBBED_TIME+LLAMA3-BWB_BMPD256_6_2_16
16,6,0,0,4,14,256,0.0,,bw,static,static,results,Results,Results_LLAMA31,LLAMA3-BWB-Results,simulator_output_LLAMA3-BWB_bwplacement_bs16_staticreq_statictask,SCRUBBED_TIME+LLAMA3-BWB_BMPD256_6_4_14
16,6,0,0,5,13,256,0.0,,bw,static,static,results,Results,Results_LLAMA31,LLAMA3-BWB-Results,simulator_output_LLAMA3-BWB_bwplacement_bs16_staticreq_statictask,SCRUBBED_TIME+LLAMA3-BWB_BMPD256_6_5_13
16,6,0,0,3,15,256,0.0,,bw,static,static,results,Results,Results_LLAMA31,LLAMA3-BWB-Results,simulator_output_LLAMA3-BWB_bwplacement_bs16_staticreq_statictask,SCRUBBED_TIME+LLAMA3-BWB_BMPD256_6_3_15
16,6,0,0,7,11,256,0.0,,bw,static,static,results,Results,Results_LLAMA31,LLAMA3-BWB-Results,simulator_output_LLAMA3-BWB_bwplacement_bs16_staticreq_statictask,SCRUBBED_TIME+LLAMA3-BWB_BMPD256_6_7_11
16,6,0,0,6,12,256,0.0,,bw,static,static,results,Results,Results_LLAMA31,LLAMA3-BWB-Results,simulator_output_LLAMA3-BWB_bwplacement_bs16_staticreq_statictask,SCRUBBED_TIME+LLAMA3-BWB_BMPD256_6_6_12
16,6,0,0,10,8,256,0.0,,bw,static,static,results,Results,Results_LLAMA31,LLAMA3-BWB-Results,simulator_output_LLAMA3-BWB_bwplacement_bs16_staticreq_statictask,SCRUBBED_TIME+LLAMA3-BWB_BMPD256_6_10_8
16,6,0,0,12,6,256,0.0,,bw,static,static,results,Results,Results_LLAMA31,LLAMA3-BWB-Results,simulator_output_LLAMA3-BWB_bwplacement_bs16_staticreq_statictask,SCRUBBED_TIME+LLAMA3-BWB_BMPD256_6_12_6
16,6,0,0,8,10,256,0.0,,bw,static,static,results,Results,Results_LLAMA31,LLAMA3-BWB-Results,simulator_output_LLAMA3-BWB_bwplacement_bs16_staticreq_statictask,SCRUBBED_TIME+LLAMA3-BWB_BMPD256_6_8_10
16,6,0,0,9,9,256,0.0,,bw,static,static,results,Results,Results_LLAMA31,LLAMA3-BWB-Results,simulator_output_LLAMA3-BWB_bwplacement_bs16_staticreq_statictask,SCRUBBED_TIME+LLAMA3-BWB_BMPD256_6_9_9
16,6,0,0,14,4,256,0.0,,bw,static,static,results,Results,Results_LLAMA31,LLAMA3-BWB-Results,simulator_output_LLAMA3-BWB_bwplacement_bs16_staticreq_statictask,SCRUBBED_TIME+LLAMA3-BWB_BMPD256_6_14_4
16,6,0,0,11,7,256,0.0,,bw,static,static,results,Results,Results_LLAMA31,LLAMA3-BWB-Results,simulator_output_LLAMA3-BWB_bwplacement_bs16_staticreq_statictask,SCRUBBED_TIME+LLAMA3-BWB_BMPD256_6_11_7
16,6,0,0,13,5,256,0.0,,bw,static,static,results,Results,Results_LLAMA31,LLAMA3-BWB-Results,simulator_output_LLAMA3-BWB_bwplacement_bs16_staticreq_statictask,SCRUBBED_TIME+LLAMA3-BWB_BMPD256_6_13_5
16,7,0,0,1,16,256,0.0,,bw,static,static,results,Results,Results_LLAMA31,LLAMA3-BWB-Results,simulator_output_LLAMA3-BWB_bwplacement_bs16_staticreq_statictask,SCRUBBED_TIME+LLAMA3-BWB_BMPD256_7_1_16
16,7,0,0,5,12,256,0.0,,bw,static,static,results,Results,Results_LLAMA31,LLAMA3-BWB-Results,simulator_output_LLAMA3-BWB_bwplacement_bs16_staticreq_statictask,SCRUBBED_TIME+LLAMA3-BWB_BMPD256_7_5_12
16,6,0,0,17,1,256,0.0,,bw,static,static,results,Results,Results_LLAMA31,LLAMA3-BWB-Results,simulator_output_LLAMA3-BWB_bwplacement_bs16_staticreq_statictask,SCRUBBED_TIME+LLAMA3-BWB_BMPD256_6_17_1
16,7,0,0,2,15,256,0.0,,bw,static,static,results,Results,Results_LLAMA31,LLAMA3-BWB-Results,simulator_output_LLAMA3-BWB_bwplacement_bs16_staticreq_statictask,SCRUBBED_TIME+LLAMA3-BWB_BMPD256_7_2_15
16,7,0,0,6,11,256,0.0,,bw,static,static,results,Results,Results_LLAMA31,LLAMA3-BWB-Results,simulator_output_LLAMA3-BWB_bwplacement_bs16_staticreq_statictask,SCRUBBED_TIME+LLAMA3-BWB_BMPD256_7_6_11
16,7,0,0,4,13,256,0.0,,bw,static,static,results,Results,Results_LLAMA31,LLAMA3-BWB-Results,simulator_output_LLAMA3-BWB_bwplacement_bs16_staticreq_statictask,SCRUBBED_TIME+LLAMA3-BWB_BMPD256_7_4_13
16,7,0,0,8,9,256,0.0,,bw,static,static,results,Results,Results_LLAMA31,LLAMA3-BWB-Results,simulator_output_LLAMA3-BWB_bwplacement_bs16_staticreq_statictask,SCRUBBED_TIME+LLAMA3-BWB_BMPD256_7_8_9
16,6,0,0,16,2,256,0.0,,bw,static,static,results,Results,Results_LLAMA31,LLAMA3-BWB-Results,simulator_output_LLAMA3-BWB_bwplacement_bs16_staticreq_statictask,SCRUBBED_TIME+LLAMA3-BWB_BMPD256_6_16_2
16,6,0,0,15,3,256,0.0,,bw,static,static,results,Results,Results_LLAMA31,LLAMA3-BWB-Results,simulator_output_LLAMA3-BWB_bwplacement_bs16_staticreq_statictask,SCRUBBED_TIME+LLAMA3-BWB_BMPD256_6_15_3
16,7,0,0,7,10,256,0.0,,bw,static,static,results,Results,Results_LLAMA31,LLAMA3-BWB-Results,simulator_output_LLAMA3-BWB_bwplacement_bs16_staticreq_statictask,SCRUBBED_TIME+LLAMA3-BWB_BMPD256_7_7_10
16,7,0,0,3,14,256,0.0,,bw,static,static,results,Results,Results_LLAMA31,LLAMA3-BWB-Results,simulator_output_LLAMA3-BWB_bwplacement_bs16_staticreq_statictask,SCRUBBED_TIME+LLAMA3-BWB_BMPD256_7_3_14
16,7,0,0,13,4,256,0.0,,bw,static,static,results,Results,Results_LLAMA31,LLAMA3-BWB-Results,simulator_output_LLAMA3-BWB_bwplacement_bs16_staticreq_statictask,SCRUBBED_TIME+LLAMA3-BWB_BMPD256_7_13_4
16,7,0,0,9,8,256,0.0,,bw,static,static,results,Results,Results_LLAMA31,LLAMA3-BWB-Results,simulator_output_LLAMA3-BWB_bwplacement_bs16_staticreq_statictask,SCRUBBED_TIME+LLAMA3-BWB_BMPD256_7_9_8
16,7,0,0,12,5,256,0.0,,bw,static,static,results,Results,Results_LLAMA31,LLAMA3-BWB-Results,simulator_output_LLAMA3-BWB_bwplacement_bs16_staticreq_statictask,SCRUBBED_TIME+LLAMA3-BWB_BMPD256_7_12_5
16,7,0,0,10,7,256,0.0,,bw,static,static,results,Results,Results_LLAMA31,LLAMA3-BWB-Results,simulator_output_LLAMA3-BWB_bwplacement_bs16_staticreq_statictask,SCRUBBED_TIME+LLAMA3-BWB_BMPD256_7_10_7
16,7,0,0,11,6,256,0.0,,bw,static,static,results,Results,Results_LLAMA31,LLAMA3-BWB-Results,simulator_output_LLAMA3-BWB_bwplacement_bs16_staticreq_statictask,SCRUBBED_TIME+LLAMA3-BWB_BMPD256_7_11_6
16,7,0,0,15,2,256,0.0,,bw,static,static,results,Results,Results_LLAMA31,LLAMA3-BWB-Results,simulator_output_LLAMA3-BWB_bwplacement_bs16_staticreq_statictask,SCRUBBED_TIME+LLAMA3-BWB_BMPD256_7_15_2
16,7,0,0,14,3,256,0.0,,bw,static,static,results,Results,Results_LLAMA31,LLAMA3-BWB-Results,simulator_output_LLAMA3-BWB_bwplacement_bs16_staticreq_statictask,SCRUBBED_TIME+LLAMA3-BWB_BMPD256_7_14_3
16,7,0,0,16,1,256,0.0,,bw,static,static,results,Results,Results_LLAMA31,LLAMA3-BWB-Results,simulator_output_LLAMA3-BWB_bwplacement_bs16_staticreq_statictask,SCRUBBED_TIME+LLAMA3-BWB_BMPD256_7_16_1
16,8,0,0,1,15,256,0.0,,bw,static,static,results,Results,Results_LLAMA31,LLAMA3-BWB-Results,simulator_output_LLAMA3-BWB_bwplacement_bs16_staticreq_statictask,SCRUBBED_TIME+LLAMA3-BWB_BMPD256_8_1_15
16,8,0,0,2,14,256,0.0,,bw,static,static,results,Results,Results_LLAMA31,LLAMA3-BWB-Results,simulator_output_LLAMA3-BWB_bwplacement_bs16_staticreq_statictask,SCRUBBED_TIME+LLAMA3-BWB_BMPD256_8_2_14
16,8,0,0,3,13,256,0.0,,bw,static,static,results,Results,Results_LLAMA31,LLAMA3-BWB-Results,simulator_output_LLAMA3-BWB_bwplacement_bs16_staticreq_statictask,SCRUBBED_TIME+LLAMA3-BWB_BMPD256_8_3_13
16,8,0,0,4,12,256,0.0,,bw,static,static,results,Results,Results_LLAMA31,LLAMA3-BWB-Results,simulator_output_LLAMA3-BWB_bwplacement_bs16_staticreq_statictask,SCRUBBED_TIME+LLAMA3-BWB_BMPD256_8_4_12
16,8,0,0,5,11,256,0.0,,bw,static,static,results,Results,Results_LLAMA31,LLAMA3-BWB-Results,simulator_output_LLAMA3-BWB_bwplacement_bs16_staticreq_statictask,SCRUBBED_TIME+LLAMA3-BWB_BMPD256_8_5_11
16,8,0,0,6,10,256,0.0,,bw,static,static,results,Results,Results_LLAMA31,LLAMA3-BWB-Results,simulator_output_LLAMA3-BWB_bwplacement_bs16_staticreq_statictask,SCRUBBED_TIME+LLAMA3-BWB_BMPD256_8_6_10
16,8,0,0,7,9,256,0.0,,bw,static,static,results,Results,Results_LLAMA31,LLAMA3-BWB-Results,simulator_output_LLAMA3-BWB_bwplacement_bs16_staticreq_statictask,SCRUBBED_TIME+LLAMA3-BWB_BMPD256_8_7_9
16,8,0,0,8,8,256,0.0,,bw,static,static,results,Results,Results_LLAMA31,LLAMA3-BWB-Results,simulator_output_LLAMA3-BWB_bwplacement_bs16_staticreq_statictask,SCRUBBED_TIME+LLAMA3-BWB_BMPD256_8_8_8
16,8,0,0,9,7,256,0.0,,bw,static,static,results,Results,Results_LLAMA31,LLAMA3-BWB-Results,simulator_output_LLAMA3-BWB_bwplacement_bs16_staticreq_statictask,SCRUBBED_TIME+LLAMA3-BWB_BMPD256_8_9_7
16,8,0,0,11,5,256,0.0,,bw,static,static,results,Results,Results_LLAMA31,LLAMA3-BWB-Results,simulator_output_LLAMA3-BWB_bwplacement_bs16_staticreq_statictask,SCRUBBED_TIME+LLAMA3-BWB_BMPD256_8_11_5
16,8,0,0,12,4,256,0.0,,bw,static,static,results,Results,Results_LLAMA31,LLAMA3-BWB-Results,simulator_output_LLAMA3-BWB_bwplacement_bs16_staticreq_statictask,SCRUBBED_TIME+LLAMA3-BWB_BMPD256_8_12_4
16,8,0,0,10,6,256,0.0,,bw,static,static,results,Results,Results_LLAMA31,LLAMA3-BWB-Results,simulator_output_LLAMA3-BWB_bwplacement_bs16_staticreq_statictask,SCRUBBED_TIME+LLAMA3-BWB_BMPD256_8_10_6
16,8,0,0,13,3,256,0.0,,bw,static,static,results,Results,Results_LLAMA31,LLAMA3-BWB-Results,simulator_output_LLAMA3-BWB_bwplacement_bs16_staticreq_statictask,SCRUBBED_TIME+LLAMA3-BWB_BMPD256_8_13_3
16,8,0,0,14,2,256,0.0,,bw,static,static,results,Results,Results_LLAMA31,LLAMA3-BWB-Results,simulator_output_LLAMA3-BWB_bwplacement_bs16_staticreq_statictask,SCRUBBED_TIME+LLAMA3-BWB_BMPD256_8_14_2
16,8,0,0,15,1,256,0.0,,bw,static,static,results,Results,Results_LLAMA31,LLAMA3-BWB-Results,simulator_output_LLAMA3-BWB_bwplacement_bs16_staticreq_statictask,SCRUBBED_TIME+LLAMA3-BWB_BMPD256_8_15_1
16,9,0,0,2,13,256,0.0,,bw,static,static,results,Results,Results_LLAMA31,LLAMA3-BWB-Results,simulator_output_LLAMA3-BWB_bwplacement_bs16_staticreq_statictask,SCRUBBED_TIME+LLAMA3-BWB_BMPD256_9_2_13
16,9,0,0,1,14,256,0.0,,bw,static,static,results,Results,Results_LLAMA31,LLAMA3-BWB-Results,simulator_output_LLAMA3-BWB_bwplacement_bs16_staticreq_statictask,SCRUBBED_TIME+LLAMA3-BWB_BMPD256_9_1_14
16,9,0,0,5,10,256,0.0,,bw,static,static,results,Results,Results_LLAMA31,LLAMA3-BWB-Results,simulator_output_LLAMA3-BWB_bwplacement_bs16_staticreq_statictask,SCRUBBED_TIME+LLAMA3-BWB_BMPD256_9_5_10
16,9,0,0,4,11,256,0.0,,bw,static,static,results,Results,Results_LLAMA31,LLAMA3-BWB-Results,simulator_output_LLAMA3-BWB_bwplacement_bs16_staticreq_statictask,SCRUBBED_TIME+LLAMA3-BWB_BMPD256_9_4_11
16,9,0,0,3,12,256,0.0,,bw,static,static,results,Results,Results_LLAMA31,LLAMA3-BWB-Results,simulator_output_LLAMA3-BWB_bwplacement_bs16_staticreq_statictask,SCRUBBED_TIME+LLAMA3-BWB_BMPD256_9_3_12
16,9,0,0,7,8,256,0.0,,bw,static,static,results,Results,Results_LLAMA31,LLAMA3-BWB-Results,simulator_output_LLAMA3-BWB_bwplacement_bs16_staticreq_statictask,SCRUBBED_TIME+LLAMA3-BWB_BMPD256_9_7_8
16,9,0,0,6,9,256,0.0,,bw,static,static,results,Results,Results_LLAMA31,LLAMA3-BWB-Results,simulator_output_LLAMA3-BWB_bwplacement_bs16_staticreq_statictask,SCRUBBED_TIME+LLAMA3-BWB_BMPD256_9_6_9
16,9,0,0,10,5,256,0.0,,bw,static,static,results,Results,Results_LLAMA31,LLAMA3-BWB-Results,simulator_output_LLAMA3-BWB_bwplacement_bs16_staticreq_statictask,SCRUBBED_TIME+LLAMA3-BWB_BMPD256_9_10_5
16,9,0,0,8,7,256,0.0,,bw,static,static,results,Results,Results_LLAMA31,LLAMA3-BWB-Results,simulator_output_LLAMA3-BWB_bwplacement_bs16_staticreq_statictask,SCRUBBED_TIME+LLAMA3-BWB_BMPD256_9_8_7
16,9,0,0,9,6,256,0.0,,bw,static,static,results,Results,Results_LLAMA31,LLAMA3-BWB-Results,simulator_output_LLAMA3-BWB_bwplacement_bs16_staticreq_statictask,SCRUBBED_TIME+LLAMA3-BWB_BMPD256_9_9_6
16,9,0,0,12,3,256,0.0,,bw,static,static,results,Results,Results_LLAMA31,LLAMA3-BWB-Results,simulator_output_LLAMA3-BWB_bwplacement_bs16_staticreq_statictask,SCRUBBED_TIME+LLAMA3-BWB_BMPD256_9_12_3
16,9,0,0,11,4,256,0.0,,bw,static,static,results,Results,Results_LLAMA31,LLAMA3-BWB-Results,simulator_output_LLAMA3-BWB_bwplacement_bs16_staticreq_statictask,SCRUBBED_TIME+LLAMA3-BWB_BMPD256_9_11_4
16,9,0,0,13,2,256,0.0,,bw,static,static,results,Results,Results_LLAMA31,LLAMA3-BWB-Results,simulator_output_LLAMA3-BWB_bwplacement_bs16_staticreq_statictask,SCRUBBED_TIME+LLAMA3-BWB_BMPD256_9_13_2
16,9,0,0,14,1,256,0.0,,bw,static,static,results,Results,Results_LLAMA31,LLAMA3-BWB-Results,simulator_output_LLAMA3-BWB_bwplacement_bs16_staticreq_statictask,SCRUBBED_TIME+LLAMA3-BWB_BMPD256_9_14_1
16,10,0,0,1,13,256,0.0,,bw,static,static,results,Results,Results_LLAMA31,LLAMA3-BWB-Results,simulator_output_LLAMA3-BWB_bwplacement_bs16_staticreq_statictask,SCRUBBED_TIME+LLAMA3-BWB_BMPD256_10_1_13
16,10,0,0,2,12,256,0.0,,bw,static,static,results,Results,Results_LLAMA31,LLAMA3-BWB-Results,simulator_output_LLAMA3-BWB_bwplacement_bs16_staticreq_statictask,SCRUBBED_TIME+LLAMA3-BWB_BMPD256_10_2_12
16,10,0,0,4,10,256,0.0,,bw,static,static,results,Results,Results_LLAMA31,LLAMA3-BWB-Results,simulator_output_LLAMA3-BWB_bwplacement_bs16_staticreq_statictask,SCRUBBED_TIME+LLAMA3-BWB_BMPD256_10_4_10
16,10,0,0,3,11,256,0.0,,bw,static,static,results,Results,Results_LLAMA31,LLAMA3-BWB-Results,simulator_output_LLAMA3-BWB_bwplacement_bs16_staticreq_statictask,SCRUBBED_TIME+LLAMA3-BWB_BMPD256_10_3_11
16,10,0,0,5,9,256,0.0,,bw,static,static,results,Results,Results_LLAMA31,LLAMA3-BWB-Results,simulator_output_LLAMA3-BWB_bwplacement_bs16_staticreq_statictask,SCRUBBED_TIME+LLAMA3-BWB_BMPD256_10_5_9
16,10,0,0,6,8,256,0.0,,bw,static,static,results,Results,Results_LLAMA31,LLAMA3-BWB-Results,simulator_output_LLAMA3-BWB_bwplacement_bs16_staticreq_statictask,SCRUBBED_TIME+LLAMA3-BWB_BMPD256_10_6_8
16,10,0,0,7,7,256,0.0,,bw,static,static,results,Results,Results_LLAMA31,LLAMA3-BWB-Results,simulator_output_LLAMA3-BWB_bwplacement_bs16_staticreq_statictask,SCRUBBED_TIME+LLAMA3-BWB_BMPD256_10_7_7
16,10,0,0,8,6,256,0.0,,bw,static,static,results,Results,Results_LLAMA31,LLAMA3-BWB-Results,simulator_output_LLAMA3-BWB_bwplacement_bs16_staticreq_statictask,SCRUBBED_TIME+LLAMA3-BWB_BMPD256_10_8_6
16,10,0,0,9,5,256,0.0,,bw,static,static,results,Results,Results_LLAMA31,LLAMA3-BWB-Results,simulator_output_LLAMA3-BWB_bwplacement_bs16_staticreq_statictask,SCRUBBED_TIME+LLAMA3-BWB_BMPD256_10_9_5
16,10,0,0,10,4,256,0.0,,bw,static,static,results,Results,Results_LLAMA31,LLAMA3-BWB-Results,simulator_output_LLAMA3-BWB_bwplacement_bs16_staticreq_statictask,SCRUBBED_TIME+LLAMA3-BWB_BMPD256_10_10_4
16,10,0,0,11,3,256,0.0,,bw,static,static,results,Results,Results_LLAMA31,LLAMA3-BWB-Results,simulator_output_LLAMA3-BWB_bwplacement_bs16_staticreq_statictask,SCRUBBED_TIME+LLAMA3-BWB_BMPD256_10_11_3
16,10,0,0,12,2,256,0.0,,bw,static,static,results,Results,Results_LLAMA31,LLAMA3-BWB-Results,simulator_output_LLAMA3-BWB_bwplacement_bs16_staticreq_statictask,SCRUBBED_TIME+LLAMA3-BWB_BMPD256_10_12_2
16,10,0,0,13,1,256,0.0,,bw,static,static,results,Results,Results_LLAMA31,LLAMA3-BWB-Results,simulator_output_LLAMA3-BWB_bwplacement_bs16_staticreq_statictask,SCRUBBED_TIME+LLAMA3-BWB_BMPD256_10_13_1
16,11,0,0,1,12,256,0.0,,bw,static,static,results,Results,Results_LLAMA31,LLAMA3-BWB-Results,simulator_output_LLAMA3-BWB_bwplacement_bs16_staticreq_statictask,SCRUBBED_TIME+LLAMA3-BWB_BMPD256_11_1_12
16,11,0,0,2,11,256,0.0,,bw,static,static,results,Results,Results_LLAMA31,LLAMA3-BWB-Results,simulator_output_LLAMA3-BWB_bwplacement_bs16_staticreq_statictask,SCRUBBED_TIME+LLAMA3-BWB_BMPD256_11_2_11
16,11,0,0,3,10,256,0.0,,bw,static,static,results,Results,Results_LLAMA31,LLAMA3-BWB-Results,simulator_output_LLAMA3-BWB_bwplacement_bs16_staticreq_statictask,SCRUBBED_TIME+LLAMA3-BWB_BMPD256_11_3_10
16,11,0,0,4,9,256,0.0,,bw,static,static,results,Results,Results_LLAMA31,LLAMA3-BWB-Results,simulator_output_LLAMA3-BWB_bwplacement_bs16_staticreq_statictask,SCRUBBED_TIME+LLAMA3-BWB_BMPD256_11_4_9
16,11,0,0,7,6,256,0.0,,bw,static,static,results,Results,Results_LLAMA31,LLAMA3-BWB-Results,simulator_output_LLAMA3-BWB_bwplacement_bs16_staticreq_statictask,SCRUBBED_TIME+LLAMA3-BWB_BMPD256_11_7_6
16,11,0,0,5,8,256,0.0,,bw,static,static,results,Results,Results_LLAMA31,LLAMA3-BWB-Results,simulator_output_LLAMA3-BWB_bwplacement_bs16_staticreq_statictask,SCRUBBED_TIME+LLAMA3-BWB_BMPD256_11_5_8
16,11,0,0,6,7,256,0.0,,bw,static,static,results,Results,Results_LLAMA31,LLAMA3-BWB-Results,simulator_output_LLAMA3-BWB_bwplacement_bs16_staticreq_statictask,SCRUBBED_TIME+LLAMA3-BWB_BMPD256_11_6_7
16,11,0,0,8,5,256,0.0,,bw,static,static,results,Results,Results_LLAMA31,LLAMA3-BWB-Results,simulator_output_LLAMA3-BWB_bwplacement_bs16_staticreq_statictask,SCRUBBED_TIME+LLAMA3-BWB_BMPD256_11_8_5
16,11,0,0,9,4,256,0.0,,bw,static,static,results,Results,Results_LLAMA31,LLAMA3-BWB-Results,simulator_output_LLAMA3-BWB_bwplacement_bs16_staticreq_statictask,SCRUBBED_TIME+LLAMA3-BWB_BMPD256_11_9_4
16,11,0,0,11,2,256,0.0,,bw,static,static,results,Results,Results_LLAMA31,LLAMA3-BWB-Results,simulator_output_LLAMA3-BWB_bwplacement_bs16_staticreq_statictask,SCRUBBED_TIME+LLAMA3-BWB_BMPD256_11_11_2
16,11,0,0,10,3,256,0.0,,bw,static,static,results,Results,Results_LLAMA31,LLAMA3-BWB-Results,simulator_output_LLAMA3-BWB_bwplacement_bs16_staticreq_statictask,SCRUBBED_TIME+LLAMA3-BWB_BMPD256_11_10_3
16,12,0,0,1,11,256,0.0,,bw,static,static,results,Results,Results_LLAMA31,LLAMA3-BWB-Results,simulator_output_LLAMA3-BWB_bwplacement_bs16_staticreq_statictask,SCRUBBED_TIME+LLAMA3-BWB_BMPD256_12_1_11
16,11,0,0,12,1,256,0.0,,bw,static,static,results,Results,Results_LLAMA31,LLAMA3-BWB-Results,simulator_output_LLAMA3-BWB_bwplacement_bs16_staticreq_statictask,SCRUBBED_TIME+LLAMA3-BWB_BMPD256_11_12_1
16,12,0,0,2,10,256,0.0,,bw,static,static,results,Results,Results_LLAMA31,LLAMA3-BWB-Results,simulator_output_LLAMA3-BWB_bwplacement_bs16_staticreq_statictask,SCRUBBED_TIME+LLAMA3-BWB_BMPD256_12_2_10
16,12,0,0,3,9,256,0.0,,bw,static,static,results,Results,Results_LLAMA31,LLAMA3-BWB-Results,simulator_output_LLAMA3-BWB_bwplacement_bs16_staticreq_statictask,SCRUBBED_TIME+LLAMA3-BWB_BMPD256_12_3_9
16,12,0,0,6,6,256,0.0,,bw,static,static,results,Results,Results_LLAMA31,LLAMA3-BWB-Results,simulator_output_LLAMA3-BWB_bwplacement_bs16_staticreq_statictask,SCRUBBED_TIME+LLAMA3-BWB_BMPD256_12_6_6
16,12,0,0,4,8,256,0.0,,bw,static,static,results,Results,Results_LLAMA31,LLAMA3-BWB-Results,simulator_output_LLAMA3-BWB_bwplacement_bs16_staticreq_statictask,SCRUBBED_TIME+LLAMA3-BWB_BMPD256_12_4_8
16,12,0,0,5,7,256,0.0,,bw,static,static,results,Results,Results_LLAMA31,LLAMA3-BWB-Results,simulator_output_LLAMA3-BWB_bwplacement_bs16_staticreq_statictask,SCRUBBED_TIME+LLAMA3-BWB_BMPD256_12_5_7
16,12,0,0,7,5,256,0.0,,bw,static,static,results,Results,Results_LLAMA31,LLAMA3-BWB-Results,simulator_output_LLAMA3-BWB_bwplacement_bs16_staticreq_statictask,SCRUBBED_TIME+LLAMA3-BWB_BMPD256_12_7_5
16,12,0,0,8,4,256,0.0,,bw,static,static,results,Results,Results_LLAMA31,LLAMA3-BWB-Results,simulator_output_LLAMA3-BWB_bwplacement_bs16_staticreq_statictask,SCRUBBED_TIME+LLAMA3-BWB_BMPD256_12_8_4
16,12,0,0,9,3,256,0.0,,bw,static,static,results,Results,Results_LLAMA31,LLAMA3-BWB-Results,simulator_output_LLAMA3-BWB_bwplacement_bs16_staticreq_statictask,SCRUBBED_TIME+LLAMA3-BWB_BMPD256_12_9_3
16,12,0,0,11,1,256,0.0,,bw,static,static,results,Results,Results_LLAMA31,LLAMA3-BWB-Results,simulator_output_LLAMA3-BWB_bwplacement_bs16_staticreq_statictask,SCRUBBED_TIME+LLAMA3-BWB_BMPD256_12_11_1
16,12,0,0,10,2,256,0.0,,bw,static,static,results,Results,Results_LLAMA31,LLAMA3-BWB-Results,simulator_output_LLAMA3-BWB_bwplacement_bs16_staticreq_statictask,SCRUBBED_TIME+LLAMA3-BWB_BMPD256_12_10_2
16,13,0,0,1,10,256,0.0,,bw,static,static,results,Results,Results_LLAMA31,LLAMA3-BWB-Results,simulator_output_LLAMA3-BWB_bwplacement_bs16_staticreq_statictask,SCRUBBED_TIME+LLAMA3-BWB_BMPD256_13_1_10
16,13,0,0,2,9,256,0.0,,bw,static,static,results,Results,Results_LLAMA31,LLAMA3-BWB-Results,simulator_output_LLAMA3-BWB_bwplacement_bs16_staticreq_statictask,SCRUBBED_TIME+LLAMA3-BWB_BMPD256_13_2_9
16,13,0,0,3,8,256,0.0,,bw,static,static,results,Results,Results_LLAMA31,LLAMA3-BWB-Results,simulator_output_LLAMA3-BWB_bwplacement_bs16_staticreq_statictask,SCRUBBED_TIME+LLAMA3-BWB_BMPD256_13_3_8
16,13,0,0,5,6,256,0.0,,bw,static,static,results,Results,Results_LLAMA31,LLAMA3-BWB-Results,simulator_output_LLAMA3-BWB_bwplacement_bs16_staticreq_statictask,SCRUBBED_TIME+LLAMA3-BWB_BMPD256_13_5_6
16,13,0,0,4,7,256,0.0,,bw,static,static,results,Results,Results_LLAMA31,LLAMA3-BWB-Results,simulator_output_LLAMA3-BWB_bwplacement_bs16_staticreq_statictask,SCRUBBED_TIME+LLAMA3-BWB_BMPD256_13_4_7
16,13,0,0,6,5,256,0.0,,bw,static,static,results,Results,Results_LLAMA31,LLAMA3-BWB-Results,simulator_output_LLAMA3-BWB_bwplacement_bs16_staticreq_statictask,SCRUBBED_TIME+LLAMA3-BWB_BMPD256_13_6_5
16,13,0,0,8,3,256,0.0,,bw,static,static,results,Results,Results_LLAMA31,LLAMA3-BWB-Results,simulator_output_LLAMA3-BWB_bwplacement_bs16_staticreq_statictask,SCRUBBED_TIME+LLAMA3-BWB_BMPD256_13_8_3
16,13,0,0,7,4,256,0.0,,bw,static,static,results,Results,Results_LLAMA31,LLAMA3-BWB-Results,simulator_output_LLAMA3-BWB_bwplacement_bs16_staticreq_statictask,SCRUBBED_TIME+LLAMA3-BWB_BMPD256_13_7_4
16,13,0,0,9,2,256,0.0,,bw,static,static,results,Results,Results_LLAMA31,LLAMA3-BWB-Results,simulator_output_LLAMA3-BWB_bwplacement_bs16_staticreq_statictask,SCRUBBED_TIME+LLAMA3-BWB_BMPD256_13_9_2
16,13,0,0,10,1,256,0.0,,bw,static,static,results,Results,Results_LLAMA31,LLAMA3-BWB-Results,simulator_output_LLAMA3-BWB_bwplacement_bs16_staticreq_statictask,SCRUBBED_TIME+LLAMA3-BWB_BMPD256_13_10_1
16,14,0,0,1,9,256,0.0,,bw,static,static,results,Results,Results_LLAMA31,LLAMA3-BWB-Results,simulator_output_LLAMA3-BWB_bwplacement_bs16_staticreq_statictask,SCRUBBED_TIME+LLAMA3-BWB_BMPD256_14_1_9
16,14,0,0,2,8,256,0.0,,bw,static,static,results,Results,Results_LLAMA31,LLAMA3-BWB-Results,simulator_output_LLAMA3-BWB_bwplacement_bs16_staticreq_statictask,SCRUBBED_TIME+LLAMA3-BWB_BMPD256_14_2_8
16,14,0,0,3,7,256,0.0,,bw,static,static,results,Results,Results_LLAMA31,LLAMA3-BWB-Results,simulator_output_LLAMA3-BWB_bwplacement_bs16_staticreq_statictask,SCRUBBED_TIME+LLAMA3-BWB_BMPD256_14_3_7
16,14,0,0,4,6,256,0.0,,bw,static,static,results,Results,Results_LLAMA31,LLAMA3-BWB-Results,simulator_output_LLAMA3-BWB_bwplacement_bs16_staticreq_statictask,SCRUBBED_TIME+LLAMA3-BWB_BMPD256_14_4_6
16,14,0,0,5,5,256,0.0,,bw,static,static,results,Results,Results_LLAMA31,LLAMA3-BWB-Results,simulator_output_LLAMA3-BWB_bwplacement_bs16_staticreq_statictask,SCRUBBED_TIME+LLAMA3-BWB_BMPD256_14_5_5
16,14,0,0,7,3,256,0.0,,bw,static,static,results,Results,Results_LLAMA31,LLAMA3-BWB-Results,simulator_output_LLAMA3-BWB_bwplacement_bs16_staticreq_statictask,SCRUBBED_TIME+LLAMA3-BWB_BMPD256_14_7_3
16,14,0,0,6,4,256,0.0,,bw,static,static,results,Results,Results_LLAMA31,LLAMA3-BWB-Results,simulator_output_LLAMA3-BWB_bwplacement_bs16_staticreq_statictask,SCRUBBED_TIME+LLAMA3-BWB_BMPD256_14_6_4
16,14,0,0,8,2,256,0.0,,bw,static,static,results,Results,Results_LLAMA31,LLAMA3-BWB-Results,simulator_output_LLAMA3-BWB_bwplacement_bs16_staticreq_statictask,SCRUBBED_TIME+LLAMA3-BWB_BMPD256_14_8_2
16,14,0,0,9,1,256,0.0,,bw,static,static,results,Results,Results_LLAMA31,LLAMA3-BWB-Results,simulator_output_LLAMA3-BWB_bwplacement_bs16_staticreq_statictask,SCRUBBED_TIME+LLAMA3-BWB_BMPD256_14_9_1
16,15,0,0,1,8,256,0.0,,bw,static,static,results,Results,Results_LLAMA31,LLAMA3-BWB-Results,simulator_output_LLAMA3-BWB_bwplacement_bs16_staticreq_statictask,SCRUBBED_TIME+LLAMA3-BWB_BMPD256_15_1_8
16,15,0,0,2,7,256,0.0,,bw,static,static,results,Results,Results_LLAMA31,LLAMA3-BWB-Results,simulator_output_LLAMA3-BWB_bwplacement_bs16_staticreq_statictask,SCRUBBED_TIME+LLAMA3-BWB_BMPD256_15_2_7
16,15,0,0,3,6,256,0.0,,bw,static,static,results,Results,Results_LLAMA31,LLAMA3-BWB-Results,simulator_output_LLAMA3-BWB_bwplacement_bs16_staticreq_statictask,SCRUBBED_TIME+LLAMA3-BWB_BMPD256_15_3_6
16,15,0,0,4,5,256,0.0,,bw,static,static,results,Results,Results_LLAMA31,LLAMA3-BWB-Results,simulator_output_LLAMA3-BWB_bwplacement_bs16_staticreq_statictask,SCRUBBED_TIME+LLAMA3-BWB_BMPD256_15_4_5
16,15,0,0,5,4,256,0.0,,bw,static,static,results,Results,Results_LLAMA31,LLAMA3-BWB-Results,simulator_output_LLAMA3-BWB_bwplacement_bs16_staticreq_statictask,SCRUBBED_TIME+LLAMA3-BWB_BMPD256_15_5_4
16,15,0,0,7,2,256,0.0,,bw,static,static,results,Results,Results_LLAMA31,LLAMA3-BWB-Results,simulator_output_LLAMA3-BWB_bwplacement_bs16_staticreq_statictask,SCRUBBED_TIME+LLAMA3-BWB_BMPD256_15_7_2
16,15,0,0,6,3,256,0.0,,bw,static,static,results,Results,Results_LLAMA31,LLAMA3-BWB-Results,simulator_output_LLAMA3-BWB_bwplacement_bs16_staticreq_statictask,SCRUBBED_TIME+LLAMA3-BWB_BMPD256_15_6_3
16,15,0,0,8,1,256,0.0,,bw,static,static,results,Results,Results_LLAMA31,LLAMA3-BWB-Results,simulator_output_LLAMA3-BWB_bwplacement_bs16_staticreq_statictask,SCRUBBED_TIME+LLAMA3-BWB_BMPD256_15_8_1
16,16,0,0,1,7,256,0.0,,bw,static,static,results,Results,Results_LLAMA31,LLAMA3-BWB-Results,simulator_output_LLAMA3-BWB_bwplacement_bs16_staticreq_statictask,SCRUBBED_TIME+LLAMA3-BWB_BMPD256_16_1_7
16,16,0,0,2,6,256,0.0,,bw,static,static,results,Results,Results_LLAMA31,LLAMA3-BWB-Results,simulator_output_LLAMA3-BWB_bwplacement_bs16_staticreq_statictask,SCRUBBED_TIME+LLAMA3-BWB_BMPD256_16_2_6
16,16,0,0,3,5,256,0.0,,bw,static,static,results,Results,Results_LLAMA31,LLAMA3-BWB-Results,simulator_output_LLAMA3-BWB_bwplacement_bs16_staticreq_statictask,SCRUBBED_TIME+LLAMA3-BWB_BMPD256_16_3_5
16,16,0,0,6,2,256,0.0,,bw,static,static,results,Results,Results_LLAMA31,LLAMA3-BWB-Results,simulator_output_LLAMA3-BWB_bwplacement_bs16_staticreq_statictask,SCRUBBED_TIME+LLAMA3-BWB_BMPD256_16_6_2
16,16,0,0,5,3,256,0.0,,bw,static,static,results,Results,Results_LLAMA31,LLAMA3-BWB-Results,simulator_output_LLAMA3-BWB_bwplacement_bs16_staticreq_statictask,SCRUBBED_TIME+LLAMA3-BWB_BMPD256_16_5_3
16,16,0,0,4,4,256,0.0,,bw,static,static,results,Results,Results_LLAMA31,LLAMA3-BWB-Results,simulator_output_LLAMA3-BWB_bwplacement_bs16_staticreq_statictask,SCRUBBED_TIME+LLAMA3-BWB_BMPD256_16_4_4
16,16,0,0,7,1,256,0.0,,bw,static,static,results,Results,Results_LLAMA31,LLAMA3-BWB-Results,simulator_output_LLAMA3-BWB_bwplacement_bs16_staticreq_statictask,SCRUBBED_TIME+LLAMA3-BWB_BMPD256_16_7_1
16,2,0,0,1,21,384,0.0,,bw,static,static,results,Results,Results_LLAMA31,LLAMA3-BWB-Results,simulator_output_LLAMA3-BWB_bwplacement_bs16_staticreq_statictask,SCRUBBED_TIME+LLAMA3-BWB_BMPD384_2_1_21
16,2,0,0,7,15,384,0.0,,bw,static,static,results,Results,Results_LLAMA31,LLAMA3-BWB-Results,simulator_output_LLAMA3-BWB_bwplacement_bs16_staticreq_statictask,SCRUBBED_TIME+LLAMA3-BWB_BMPD384_2_7_15
16,3,0,0,14,7,384,0.0,,bw,static,static,results,Results,Results_LLAMA31,LLAMA3-BWB-Results,simulator_output_LLAMA3-BWB_bwplacement_bs16_staticreq_statictask,SCRUBBED_TIME+LLAMA3-BWB_BMPD384_3_14_7
16,2,0,0,20,2,384,0.0,,bw,static,static,results,Results,Results_LLAMA31,LLAMA3-BWB-Results,simulator_output_LLAMA3-BWB_bwplacement_bs16_staticreq_statictask,SCRUBBED_TIME+LLAMA3-BWB_BMPD384_2_20_2
16,2,0,0,11,11,384,0.0,,bw,static,static,results,Results,Results_LLAMA31,LLAMA3-BWB-Results,simulator_output_LLAMA3-BWB_bwplacement_bs16_staticreq_statictask,SCRUBBED_TIME+LLAMA3-BWB_BMPD384_2_11_11
16,3,0,0,12,9,384,0.0,,bw,static,static,results,Results,Results_LLAMA31,LLAMA3-BWB-Results,simulator_output_LLAMA3-BWB_bwplacement_bs16_staticreq_statictask,SCRUBBED_TIME+LLAMA3-BWB_BMPD384_3_12_9
16,3,0,0,1,20,384,0.0,,bw,static,static,results,Results,Results_LLAMA31,LLAMA3-BWB-Results,simulator_output_LLAMA3-BWB_bwplacement_bs16_staticreq_statictask,SCRUBBED_TIME+LLAMA3-BWB_BMPD384_3_1_20
16,3,0,0,16,5,384,0.0,,bw,static,static,results,Results,Results_LLAMA31,LLAMA3-BWB-Results,simulator_output_LLAMA3-BWB_bwplacement_bs16_staticreq_statictask,SCRUBBED_TIME+LLAMA3-BWB_BMPD384_3_16_5
16,3,0,0,11,10,384,0.0,,bw,static,static,results,Results,Results_LLAMA31,LLAMA3-BWB-Results,simulator_output_LLAMA3-BWB_bwplacement_bs16_staticreq_statictask,SCRUBBED_TIME+LLAMA3-BWB_BMPD384_3_11_10
16,2,0,0,5,17,384,0.0,,bw,static,static,results,Results,Results_LLAMA31,LLAMA3-BWB-Results,simulator_output_LLAMA3-BWB_bwplacement_bs16_staticreq_statictask,SCRUBBED_TIME+LLAMA3-BWB_BMPD384_2_5_17
16,3,0,0,17,4,384,0.0,,bw,static,static,results,Results,Results_LLAMA31,LLAMA3-BWB-Results,simulator_output_LLAMA3-BWB_bwplacement_bs16_staticreq_statictask,SCRUBBED_TIME+LLAMA3-BWB_BMPD384_3_17_4
16,3,0,0,4,17,384,0.0,,bw,static,static,results,Results,Results_LLAMA31,LLAMA3-BWB-Results,simulator_output_LLAMA3-BWB_bwplacement_bs16_staticreq_statictask,SCRUBBED_TIME+LLAMA3-BWB_BMPD384_3_4_17
16,2,0,0,8,14,384,0.0,,bw,static,static,results,Results,Results_LLAMA31,LLAMA3-BWB-Results,simulator_output_LLAMA3-BWB_bwplacement_bs16_staticreq_statictask,SCRUBBED_TIME+LLAMA3-BWB_BMPD384_2_8_14
16,3,0,0,9,12,384,0.0,,bw,static,static,results,Results,Results_LLAMA31,LLAMA3-BWB-Results,simulator_output_LLAMA3-BWB_bwplacement_bs16_staticreq_statictask,SCRUBBED_TIME+LLAMA3-BWB_BMPD384_3_9_12
16,3,0,0,10,11,384,0.0,,bw,static,static,results,Results,Results_LLAMA31,LLAMA3-BWB-Results,simulator_output_LLAMA3-BWB_bwplacement_bs16_staticreq_statictask,SCRUBBED_TIME+LLAMA3-BWB_BMPD384_3_10_11
16,2,0,0,19,3,384,0.0,,bw,static,static,results,Results,Results_LLAMA31,LLAMA3-BWB-Results,simulator_output_LLAMA3-BWB_bwplacement_bs16_staticreq_statictask,SCRUBBED_TIME+LLAMA3-BWB_BMPD384_2_19_3
16,2,0,0,10,12,384,0.0,,bw,static,static,results,Results,Results_LLAMA31,LLAMA3-BWB-Results,simulator_output_LLAMA3-BWB_bwplacement_bs16_staticreq_statictask,SCRUBBED_TIME+LLAMA3-BWB_BMPD384_2_10_12
16,2,0,0,17,5,384,0.0,,bw,static,static,results,Results,Results_LLAMA31,LLAMA3-BWB-Results,simulator_output_LLAMA3-BWB_bwplacement_bs16_staticreq_statictask,SCRUBBED_TIME+LLAMA3-BWB_BMPD384_2_17_5
16,3,0,0,8,13,384,0.0,,bw,static,static,results,Results,Results_LLAMA31,LLAMA3-BWB-Results,simulator_output_LLAMA3-BWB_bwplacement_bs16_staticreq_statictask,SCRUBBED_TIME+LLAMA3-BWB_BMPD384_3_8_13
16,2,0,0,15,7,384,0.0,,bw,static,static,results,Results,Results_LLAMA31,LLAMA3-BWB-Results,simulator_output_LLAMA3-BWB_bwplacement_bs16_staticreq_statictask,SCRUBBED_TIME+LLAMA3-BWB_BMPD384_2_15_7
16,3,0,0,3,18,384,0.0,,bw,static,static,results,Results,Results_LLAMA31,LLAMA3-BWB-Results,simulator_output_LLAMA3-BWB_bwplacement_bs16_staticreq_statictask,SCRUBBED_TIME+LLAMA3-BWB_BMPD384_3_3_18
16,2,0,0,16,6,384,0.0,,bw,static,static,results,Results,Results_LLAMA31,LLAMA3-BWB-Results,simulator_output_LLAMA3-BWB_bwplacement_bs16_staticreq_statictask,SCRUBBED_TIME+LLAMA3-BWB_BMPD384_2_16_6
16,3,0,0,13,8,384,0.0,,bw,static,static,results,Results,Results_LLAMA31,LLAMA3-BWB-Results,simulator_output_LLAMA3-BWB_bwplacement_bs16_staticreq_statictask,SCRUBBED_TIME+LLAMA3-BWB_BMPD384_3_13_8
16,2,0,0,3,19,384,0.0,,bw,static,static,results,Results,Results_LLAMA31,LLAMA3-BWB-Results,simulator_output_LLAMA3-BWB_bwplacement_bs16_staticreq_statictask,SCRUBBED_TIME+LLAMA3-BWB_BMPD384_2_3_19
16,2,0,0,12,10,384,0.0,,bw,static,static,results,Results,Results_LLAMA31,LLAMA3-BWB-Results,simulator_output_LLAMA3-BWB_bwplacement_bs16_staticreq_statictask,SCRUBBED_TIME+LLAMA3-BWB_BMPD384_2_12_10
16,3,0,0,19,2,384,0.0,,bw,static,static,results,Results,Results_LLAMA31,LLAMA3-BWB-Results,simulator_output_LLAMA3-BWB_bwplacement_bs16_staticreq_statictask,SCRUBBED_TIME+LLAMA3-BWB_BMPD384_3_19_2
16,3,0,0,15,6,384,0.0,,bw,static,static,results,Results,Results_LLAMA31,LLAMA3-BWB-Results,simulator_output_LLAMA3-BWB_bwplacement_bs16_staticreq_statictask,SCRUBBED_TIME+LLAMA3-BWB_BMPD384_3_15_6
16,3,0,0,7,14,384,0.0,,bw,static,static,results,Results,Results_LLAMA31,LLAMA3-BWB-Results,simulator_output_LLAMA3-BWB_bwplacement_bs16_staticreq_statictask,SCRUBBED_TIME+LLAMA3-BWB_BMPD384_3_7_14
16,3,0,0,2,19,384,0.0,,bw,static,static,results,Results,Results_LLAMA31,LLAMA3-BWB-Results,simulator_output_LLAMA3-BWB_bwplacement_bs16_staticreq_statictask,SCRUBBED_TIME+LLAMA3-BWB_BMPD384_3_2_19
16,2,0,0,13,9,384,0.0,,bw,static,static,results,Results,Results_LLAMA31,LLAMA3-BWB-Results,simulator_output_LLAMA3-BWB_bwplacement_bs16_staticreq_statictask,SCRUBBED_TIME+LLAMA3-BWB_BMPD384_2_13_9
16,2,0,0,14,8,384,0.0,,bw,static,static,results,Results,Results_LLAMA31,LLAMA3-BWB-Results,simulator_output_LLAMA3-BWB_bwplacement_bs16_staticreq_statictask,SCRUBBED_TIME+LLAMA3-BWB_BMPD384_2_14_8
16,2,0,0,2,20,384,0.0,,bw,static,static,results,Results,Results_LLAMA31,LLAMA3-BWB-Results,simulator_output_LLAMA3-BWB_bwplacement_bs16_staticreq_statictask,SCRUBBED_TIME+LLAMA3-BWB_BMPD384_2_2_20
16,2,0,0,21,1,384,0.0,,bw,static,static,results,Results,Results_LLAMA31,LLAMA3-BWB-Results,simulator_output_LLAMA3-BWB_bwplacement_bs16_staticreq_statictask,SCRUBBED_TIME+LLAMA3-BWB_BMPD384_2_21_1
16,3,0,0,5,16,384,0.0,,bw,static,static,results,Results,Results_LLAMA31,LLAMA3-BWB-Results,simulator_output_LLAMA3-BWB_bwplacement_bs16_staticreq_statictask,SCRUBBED_TIME+LLAMA3-BWB_BMPD384_3_5_16
16,2,0,0,6,16,384,0.0,,bw,static,static,results,Results,Results_LLAMA31,LLAMA3-BWB-Results,simulator_output_LLAMA3-BWB_bwplacement_bs16_staticreq_statictask,SCRUBBED_TIME+LLAMA3-BWB_BMPD384_2_6_16
16,2,0,0,9,13,384,0.0,,bw,static,static,results,Results,Results_LLAMA31,LLAMA3-BWB-Results,simulator_output_LLAMA3-BWB_bwplacement_bs16_staticreq_statictask,SCRUBBED_TIME+LLAMA3-BWB_BMPD384_2_9_13
16,3,0,0,6,15,384,0.0,,bw,static,static,results,Results,Results_LLAMA31,LLAMA3-BWB-Results,simulator_output_LLAMA3-BWB_bwplacement_bs16_staticreq_statictask,SCRUBBED_TIME+LLAMA3-BWB_BMPD384_3_6_15
16,3,0,0,18,3,384,0.0,,bw,static,static,results,Results,Results_LLAMA31,LLAMA3-BWB-Results,simulator_output_LLAMA3-BWB_bwplacement_bs16_staticreq_statictask,SCRUBBED_TIME+LLAMA3-BWB_BMPD384_3_18_3
16,2,0,0,4,18,384,0.0,,bw,static,static,results,Results,Results_LLAMA31,LLAMA3-BWB-Results,simulator_output_LLAMA3-BWB_bwplacement_bs16_staticreq_statictask,SCRUBBED_TIME+LLAMA3-BWB_BMPD384_2_4_18
16,2,0,0,18,4,384,0.0,,bw,static,static,results,Results,Results_LLAMA31,LLAMA3-BWB-Results,simulator_output_LLAMA3-BWB_bwplacement_bs16_staticreq_statictask,SCRUBBED_TIME+LLAMA3-BWB_BMPD384_2_18_4
16,4,0,0,2,18,384,0.0,,bw,static,static,results,Results,Results_LLAMA31,LLAMA3-BWB-Results,simulator_output_LLAMA3-BWB_bwplacement_bs16_staticreq_statictask,SCRUBBED_TIME+LLAMA3-BWB_BMPD384_4_2_18
16,4,0,0,1,19,384,0.0,,bw,static,static,results,Results,Results_LLAMA31,LLAMA3-BWB-Results,simulator_output_LLAMA3-BWB_bwplacement_bs16_staticreq_statictask,SCRUBBED_TIME+LLAMA3-BWB_BMPD384_4_1_19
16,4,0,0,4,16,384,0.0,,bw,static,static,results,Results,Results_LLAMA31,LLAMA3-BWB-Results,simulator_output_LLAMA3-BWB_bwplacement_bs16_staticreq_statictask,SCRUBBED_TIME+LLAMA3-BWB_BMPD384_4_4_16
16,4,0,0,3,17,384,0.0,,bw,static,static,results,Results,Results_LLAMA31,LLAMA3-BWB-Results,simulator_output_LLAMA3-BWB_bwplacement_bs16_staticreq_statictask,SCRUBBED_TIME+LLAMA3-BWB_BMPD384_4_3_17
16,3,0,0,20,1,384,0.0,,bw,static,static,results,Results,Results_LLAMA31,LLAMA3-BWB-Results,simulator_output_LLAMA3-BWB_bwplacement_bs16_staticreq_statictask,SCRUBBED_TIME+LLAMA3-BWB_BMPD384_3_20_1
16,4,0,0,6,14,384,0.0,,bw,static,static,results,Results,Results_LLAMA31,LLAMA3-BWB-Results,simulator_output_LLAMA3-BWB_bwplacement_bs16_staticreq_statictask,SCRUBBED_TIME+LLAMA3-BWB_BMPD384_4_6_14
16,4,0,0,13,7,384,0.0,,bw,static,static,results,Results,Results_LLAMA31,LLAMA3-BWB-Results,simulator_output_LLAMA3-BWB_bwplacement_bs16_staticreq_statictask,SCRUBBED_TIME+LLAMA3-BWB_BMPD384_4_13_7
16,4,0,0,5,15,384,0.0,,bw,static,static,results,Results,Results_LLAMA31,LLAMA3-BWB-Results,simulator_output_LLAMA3-BWB_bwplacement_bs16_staticreq_statictask,SCRUBBED_TIME+LLAMA3-BWB_BMPD384_4_5_15
16,4,0,0,9,11,384,0.0,,bw,static,static,results,Results,Results_LLAMA31,LLAMA3-BWB-Results,simulator_output_LLAMA3-BWB_bwplacement_bs16_staticreq_statictask,SCRUBBED_TIME+LLAMA3-BWB_BMPD384_4_9_11
16,4,0,0,14,6,384,0.0,,bw,static,static,results,Results,Results_LLAMA31,LLAMA3-BWB-Results,simulator_output_LLAMA3-BWB_bwplacement_bs16_staticreq_statictask,SCRUBBED_TIME+LLAMA3-BWB_BMPD384_4_14_6
16,4,0,0,8,12,384,0.0,,bw,static,static,results,Results,Results_LLAMA31,LLAMA3-BWB-Results,simulator_output_LLAMA3-BWB_bwplacement_bs16_staticreq_statictask,SCRUBBED_TIME+LLAMA3-BWB_BMPD384_4_8_12
16,4,0,0,11,9,384,0.0,,bw,static,static,results,Results,Results_LLAMA31,LLAMA3-BWB-Results,simulator_output_LLAMA3-BWB_bwplacement_bs16_staticreq_statictask,SCRUBBED_TIME+LLAMA3-BWB_BMPD384_4_11_9
16,4,0,0,7,13,384,0.0,,bw,static,static,results,Results,Results_LLAMA31,LLAMA3-BWB-Results,simulator_output_LLAMA3-BWB_bwplacement_bs16_staticreq_statictask,SCRUBBED_TIME+LLAMA3-BWB_BMPD384_4_7_13
16,4,0,0,10,10,384,0.0,,bw,static,static,results,Results,Results_LLAMA31,LLAMA3-BWB-Results,simulator_output_LLAMA3-BWB_bwplacement_bs16_staticreq_statictask,SCRUBBED_TIME+LLAMA3-BWB_BMPD384_4_10_10
16,4,0,0,15,5,384,0.0,,bw,static,static,results,Results,Results_LLAMA31,LLAMA3-BWB-Results,simulator_output_LLAMA3-BWB_bwplacement_bs16_staticreq_statictask,SCRUBBED_TIME+LLAMA3-BWB_BMPD384_4_15_5
16,4,0,0,12,8,384,0.0,,bw,static,static,results,Results,Results_LLAMA31,LLAMA3-BWB-Results,simulator_output_LLAMA3-BWB_bwplacement_bs16_staticreq_statictask,SCRUBBED_TIME+LLAMA3-BWB_BMPD384_4_12_8
16,5,0,0,2,17,384,0.0,,bw,static,static,results,Results,Results_LLAMA31,LLAMA3-BWB-Results,simulator_output_LLAMA3-BWB_bwplacement_bs16_staticreq_statictask,SCRUBBED_TIME+LLAMA3-BWB_BMPD384_5_2_17
16,5,0,0,3,16,384,0.0,,bw,static,static,results,Results,Results_LLAMA31,LLAMA3-BWB-Results,simulator_output_LLAMA3-BWB_bwplacement_bs16_staticreq_statictask,SCRUBBED_TIME+LLAMA3-BWB_BMPD384_5_3_16
16,5,0,0,1,18,384,0.0,,bw,static,static,results,Results,Results_LLAMA31,LLAMA3-BWB-Results,simulator_output_LLAMA3-BWB_bwplacement_bs16_staticreq_statictask,SCRUBBED_TIME+LLAMA3-BWB_BMPD384_5_1_18
16,5,0,0,4,15,384,0.0,,bw,static,static,results,Results,Results_LLAMA31,LLAMA3-BWB-Results,simulator_output_LLAMA3-BWB_bwplacement_bs16_staticreq_statictask,SCRUBBED_TIME+LLAMA3-BWB_BMPD384_5_4_15
16,4,0,0,17,3,384,0.0,,bw,static,static,results,Results,Results_LLAMA31,LLAMA3-BWB-Results,simulator_output_LLAMA3-BWB_bwplacement_bs16_staticreq_statictask,SCRUBBED_TIME+LLAMA3-BWB_BMPD384_4_17_3
16,4,0,0,19,1,384,0.0,,bw,static,static,results,Results,Results_LLAMA31,LLAMA3-BWB-Results,simulator_output_LLAMA3-BWB_bwplacement_bs16_staticreq_statictask,SCRUBBED_TIME+LLAMA3-BWB_BMPD384_4_19_1
16,5,0,0,5,14,384,0.0,,bw,static,static,results,Results,Results_LLAMA31,LLAMA3-BWB-Results,simulator_output_LLAMA3-BWB_bwplacement_bs16_staticreq_statictask,SCRUBBED_TIME+LLAMA3-BWB_BMPD384_5_5_14
16,4,0,0,16,4,384,0.0,,bw,static,static,results,Results,Results_LLAMA31,LLAMA3-BWB-Results,simulator_output_LLAMA3-BWB_bwplacement_bs16_staticreq_statictask,SCRUBBED_TIME+LLAMA3-BWB_BMPD384_4_16_4
16,5,0,0,10,9,384,0.0,,bw,static,static,results,Results,Results_LLAMA31,LLAMA3-BWB-Results,simulator_output_LLAMA3-BWB_bwplacement_bs16_staticreq_statictask,SCRUBBED_TIME+LLAMA3-BWB_BMPD384_5_10_9
16,4,0,0,18,2,384,0.0,,bw,static,static,results,Results,Results_LLAMA31,LLAMA3-BWB-Results,simulator_output_LLAMA3-BWB_bwplacement_bs16_staticreq_statictask,SCRUBBED_TIME+LLAMA3-BWB_BMPD384_4_18_2
16,5,0,0,7,12,384,0.0,,bw,static,static,results,Results,Results_LLAMA31,LLAMA3-BWB-Results,simulator_output_LLAMA3-BWB_bwplacement_bs16_staticreq_statictask,SCRUBBED_TIME+LLAMA3-BWB_BMPD384_5_7_12
16,5,0,0,6,13,384,0.0,,bw,static,static,results,Results,Results_LLAMA31,LLAMA3-BWB-Results,simulator_output_LLAMA3-BWB_bwplacement_bs16_staticreq_statictask,SCRUBBED_TIME+LLAMA3-BWB_BMPD384_5_6_13
16,5,0,0,9,10,384,0.0,,bw,static,static,results,Results,Results_LLAMA31,LLAMA3-BWB-Results,simulator_output_LLAMA3-BWB_bwplacement_bs16_staticreq_statictask,SCRUBBED_TIME+LLAMA3-BWB_BMPD384_5_9_10
16,5,0,0,11,8,384,0.0,,bw,static,static,results,Results,Results_LLAMA31,LLAMA3-BWB-Results,simulator_output_LLAMA3-BWB_bwplacement_bs16_staticreq_statictask,SCRUBBED_TIME+LLAMA3-BWB_BMPD384_5_11_8
16,5,0,0,8,11,384,0.0,,bw,static,static,results,Results,Results_LLAMA31,LLAMA3-BWB-Results,simulator_output_LLAMA3-BWB_bwplacement_bs16_staticreq_statictask,SCRUBBED_TIME+LLAMA3-BWB_BMPD384_5_8_11
16,5,0,0,12,7,384,0.0,,bw,static,static,results,Results,Results_LLAMA31,LLAMA3-BWB-Results,simulator_output_LLAMA3-BWB_bwplacement_bs16_staticreq_statictask,SCRUBBED_TIME+LLAMA3-BWB_BMPD384_5_12_7
16,5,0,0,15,4,384,0.0,,bw,static,static,results,Results,Results_LLAMA31,LLAMA3-BWB-Results,simulator_output_LLAMA3-BWB_bwplacement_bs16_staticreq_statictask,SCRUBBED_TIME+LLAMA3-BWB_BMPD384_5_15_4
16,5,0,0,16,3,384,0.0,,bw,static,static,results,Results,Results_LLAMA31,LLAMA3-BWB-Results,simulator_output_LLAMA3-BWB_bwplacement_bs16_staticreq_statictask,SCRUBBED_TIME+LLAMA3-BWB_BMPD384_5_16_3
16,5,0,0,14,5,384,0.0,,bw,static,static,results,Results,Results_LLAMA31,LLAMA3-BWB-Results,simulator_output_LLAMA3-BWB_bwplacement_bs16_staticreq_statictask,SCRUBBED_TIME+LLAMA3-BWB_BMPD384_5_14_5
16,5,0,0,17,2,384,0.0,,bw,static,static,results,Results,Results_LLAMA31,LLAMA3-BWB-Results,simulator_output_LLAMA3-BWB_bwplacement_bs16_staticreq_statictask,SCRUBBED_TIME+LLAMA3-BWB_BMPD384_5_17_2
16,5,0,0,13,6,384,0.0,,bw,static,static,results,Results,Results_LLAMA31,LLAMA3-BWB-Results,simulator_output_LLAMA3-BWB_bwplacement_bs16_staticreq_statictask,SCRUBBED_TIME+LLAMA3-BWB_BMPD384_5_13_6
16,6,0,0,2,16,384,0.0,,bw,static,static,results,Results,Results_LLAMA31,LLAMA3-BWB-Results,simulator_output_LLAMA3-BWB_bwplacement_bs16_staticreq_statictask,SCRUBBED_TIME+LLAMA3-BWB_BMPD384_6_2_16
16,5,0,0,18,1,384,0.0,,bw,static,static,results,Results,Results_LLAMA31,LLAMA3-BWB-Results,simulator_output_LLAMA3-BWB_bwplacement_bs16_staticreq_statictask,SCRUBBED_TIME+LLAMA3-BWB_BMPD384_5_18_1
16,6,0,0,1,17,384,0.0,,bw,static,static,results,Results,Results_LLAMA31,LLAMA3-BWB-Results,simulator_output_LLAMA3-BWB_bwplacement_bs16_staticreq_statictask,SCRUBBED_TIME+LLAMA3-BWB_BMPD384_6_1_17
16,6,0,0,3,15,384,0.0,,bw,static,static,results,Results,Results_LLAMA31,LLAMA3-BWB-Results,simulator_output_LLAMA3-BWB_bwplacement_bs16_staticreq_statictask,SCRUBBED_TIME+LLAMA3-BWB_BMPD384_6_3_15
16,6,0,0,4,14,384,0.0,,bw,static,static,results,Results,Results_LLAMA31,LLAMA3-BWB-Results,simulator_output_LLAMA3-BWB_bwplacement_bs16_staticreq_statictask,SCRUBBED_TIME+LLAMA3-BWB_BMPD384_6_4_14
16,6,0,0,5,13,384,0.0,,bw,static,static,results,Results,Results_LLAMA31,LLAMA3-BWB-Results,simulator_output_LLAMA3-BWB_bwplacement_bs16_staticreq_statictask,SCRUBBED_TIME+LLAMA3-BWB_BMPD384_6_5_13
16,6,0,0,7,11,384,0.0,,bw,static,static,results,Results,Results_LLAMA31,LLAMA3-BWB-Results,simulator_output_LLAMA3-BWB_bwplacement_bs16_staticreq_statictask,SCRUBBED_TIME+LLAMA3-BWB_BMPD384_6_7_11
16,6,0,0,6,12,384,0.0,,bw,static,static,results,Results,Results_LLAMA31,LLAMA3-BWB-Results,simulator_output_LLAMA3-BWB_bwplacement_bs16_staticreq_statictask,SCRUBBED_TIME+LLAMA3-BWB_BMPD384_6_6_12
16,6,0,0,8,10,384,0.0,,bw,static,static,results,Results,Results_LLAMA31,LLAMA3-BWB-Results,simulator_output_LLAMA3-BWB_bwplacement_bs16_staticreq_statictask,SCRUBBED_TIME+LLAMA3-BWB_BMPD384_6_8_10
16,6,0,0,9,9,384,0.0,,bw,static,static,results,Results,Results_LLAMA31,LLAMA3-BWB-Results,simulator_output_LLAMA3-BWB_bwplacement_bs16_staticreq_statictask,SCRUBBED_TIME+LLAMA3-BWB_BMPD384_6_9_9
16,6,0,0,13,5,384,0.0,,bw,static,static,results,Results,Results_LLAMA31,LLAMA3-BWB-Results,simulator_output_LLAMA3-BWB_bwplacement_bs16_staticreq_statictask,SCRUBBED_TIME+LLAMA3-BWB_BMPD384_6_13_5
16,6,0,0,12,6,384,0.0,,bw,static,static,results,Results,Results_LLAMA31,LLAMA3-BWB-Results,simulator_output_LLAMA3-BWB_bwplacement_bs16_staticreq_statictask,SCRUBBED_TIME+LLAMA3-BWB_BMPD384_6_12_6
16,6,0,0,10,8,384,0.0,,bw,static,static,results,Results,Results_LLAMA31,LLAMA3-BWB-Results,simulator_output_LLAMA3-BWB_bwplacement_bs16_staticreq_statictask,SCRUBBED_TIME+LLAMA3-BWB_BMPD384_6_10_8
16,6,0,0,11,7,384,0.0,,bw,static,static,results,Results,Results_LLAMA31,LLAMA3-BWB-Results,simulator_output_LLAMA3-BWB_bwplacement_bs16_staticreq_statictask,SCRUBBED_TIME+LLAMA3-BWB_BMPD384_6_11_7
16,6,0,0,15,3,384,0.0,,bw,static,static,results,Results,Results_LLAMA31,LLAMA3-BWB-Results,simulator_output_LLAMA3-BWB_bwplacement_bs16_staticreq_statictask,SCRUBBED_TIME+LLAMA3-BWB_BMPD384_6_15_3
16,6,0,0,16,2,384,0.0,,bw,static,static,results,Results,Results_LLAMA31,LLAMA3-BWB-Results,simulator_output_LLAMA3-BWB_bwplacement_bs16_staticreq_statictask,SCRUBBED_TIME+LLAMA3-BWB_BMPD384_6_16_2
16,6,0,0,14,4,384,0.0,,bw,static,static,results,Results,Results_LLAMA31,LLAMA3-BWB-Results,simulator_output_LLAMA3-BWB_bwplacement_bs16_staticreq_statictask,SCRUBBED_TIME+LLAMA3-BWB_BMPD384_6_14_4
16,7,0,0,1,16,384,0.0,,bw,static,static,results,Results,Results_LLAMA31,LLAMA3-BWB-Results,simulator_output_LLAMA3-BWB_bwplacement_bs16_staticreq_statictask,SCRUBBED_TIME+LLAMA3-BWB_BMPD384_7_1_16
16,7,0,0,4,13,384,0.0,,bw,static,static,results,Results,Results_LLAMA31,LLAMA3-BWB-Results,simulator_output_LLAMA3-BWB_bwplacement_bs16_staticreq_statictask,SCRUBBED_TIME+LLAMA3-BWB_BMPD384_7_4_13
16,6,0,0,17,1,384,0.0,,bw,static,static,results,Results,Results_LLAMA31,LLAMA3-BWB-Results,simulator_output_LLAMA3-BWB_bwplacement_bs16_staticreq_statictask,SCRUBBED_TIME+LLAMA3-BWB_BMPD384_6_17_1
16,7,0,0,6,11,384,0.0,,bw,static,static,results,Results,Results_LLAMA31,LLAMA3-BWB-Results,simulator_output_LLAMA3-BWB_bwplacement_bs16_staticreq_statictask,SCRUBBED_TIME+LLAMA3-BWB_BMPD384_7_6_11
16,7,0,0,2,15,384,0.0,,bw,static,static,results,Results,Results_LLAMA31,LLAMA3-BWB-Results,simulator_output_LLAMA3-BWB_bwplacement_bs16_staticreq_statictask,SCRUBBED_TIME+LLAMA3-BWB_BMPD384_7_2_15
16,7,0,0,5,12,384,0.0,,bw,static,static,results,Results,Results_LLAMA31,LLAMA3-BWB-Results,simulator_output_LLAMA3-BWB_bwplacement_bs16_staticreq_statictask,SCRUBBED_TIME+LLAMA3-BWB_BMPD384_7_5_12
16,7,0,0,3,14,384,0.0,,bw,static,static,results,Results,Results_LLAMA31,LLAMA3-BWB-Results,simulator_output_LLAMA3-BWB_bwplacement_bs16_staticreq_statictask,SCRUBBED_TIME+LLAMA3-BWB_BMPD384_7_3_14
16,7,0,0,8,9,384,0.0,,bw,static,static,results,Results,Results_LLAMA31,LLAMA3-BWB-Results,simulator_output_LLAMA3-BWB_bwplacement_bs16_staticreq_statictask,SCRUBBED_TIME+LLAMA3-BWB_BMPD384_7_8_9
16,7,0,0,7,10,384,0.0,,bw,static,static,results,Results,Results_LLAMA31,LLAMA3-BWB-Results,simulator_output_LLAMA3-BWB_bwplacement_bs16_staticreq_statictask,SCRUBBED_TIME+LLAMA3-BWB_BMPD384_7_7_10
16,7,0,0,10,7,384,0.0,,bw,static,static,results,Results,Results_LLAMA31,LLAMA3-BWB-Results,simulator_output_LLAMA3-BWB_bwplacement_bs16_staticreq_statictask,SCRUBBED_TIME+LLAMA3-BWB_BMPD384_7_10_7
16,7,0,0,9,8,384,0.0,,bw,static,static,results,Results,Results_LLAMA31,LLAMA3-BWB-Results,simulator_output_LLAMA3-BWB_bwplacement_bs16_staticreq_statictask,SCRUBBED_TIME+LLAMA3-BWB_BMPD384_7_9_8
16,7,0,0,11,6,384,0.0,,bw,static,static,results,Results,Results_LLAMA31,LLAMA3-BWB-Results,simulator_output_LLAMA3-BWB_bwplacement_bs16_staticreq_statictask,SCRUBBED_TIME+LLAMA3-BWB_BMPD384_7_11_6
16,7,0,0,12,5,384,0.0,,bw,static,static,results,Results,Results_LLAMA31,LLAMA3-BWB-Results,simulator_output_LLAMA3-BWB_bwplacement_bs16_staticreq_statictask,SCRUBBED_TIME+LLAMA3-BWB_BMPD384_7_12_5
16,7,0,0,14,3,384,0.0,,bw,static,static,results,Results,Results_LLAMA31,LLAMA3-BWB-Results,simulator_output_LLAMA3-BWB_bwplacement_bs16_staticreq_statictask,SCRUBBED_TIME+LLAMA3-BWB_BMPD384_7_14_3
16,7,0,0,16,1,384,0.0,,bw,static,static,results,Results,Results_LLAMA31,LLAMA3-BWB-Results,simulator_output_LLAMA3-BWB_bwplacement_bs16_staticreq_statictask,SCRUBBED_TIME+LLAMA3-BWB_BMPD384_7_16_1
16,7,0,0,13,4,384,0.0,,bw,static,static,results,Results,Results_LLAMA31,LLAMA3-BWB-Results,simulator_output_LLAMA3-BWB_bwplacement_bs16_staticreq_statictask,SCRUBBED_TIME+LLAMA3-BWB_BMPD384_7_13_4
16,7,0,0,15,2,384,0.0,,bw,static,static,results,Results,Results_LLAMA31,LLAMA3-BWB-Results,simulator_output_LLAMA3-BWB_bwplacement_bs16_staticreq_statictask,SCRUBBED_TIME+LLAMA3-BWB_BMPD384_7_15_2
16,8,0,0,2,14,384,0.0,,bw,static,static,results,Results,Results_LLAMA31,LLAMA3-BWB-Results,simulator_output_LLAMA3-BWB_bwplacement_bs16_staticreq_statictask,SCRUBBED_TIME+LLAMA3-BWB_BMPD384_8_2_14
16,8,0,0,1,15,384,0.0,,bw,static,static,results,Results,Results_LLAMA31,LLAMA3-BWB-Results,simulator_output_LLAMA3-BWB_bwplacement_bs16_staticreq_statictask,SCRUBBED_TIME+LLAMA3-BWB_BMPD384_8_1_15
16,8,0,0,4,12,384,0.0,,bw,static,static,results,Results,Results_LLAMA31,LLAMA3-BWB-Results,simulator_output_LLAMA3-BWB_bwplacement_bs16_staticreq_statictask,SCRUBBED_TIME+LLAMA3-BWB_BMPD384_8_4_12
16,8,0,0,3,13,384,0.0,,bw,static,static,results,Results,Results_LLAMA31,LLAMA3-BWB-Results,simulator_output_LLAMA3-BWB_bwplacement_bs16_staticreq_statictask,SCRUBBED_TIME+LLAMA3-BWB_BMPD384_8_3_13
16,8,0,0,5,11,384,0.0,,bw,static,static,results,Results,Results_LLAMA31,LLAMA3-BWB-Results,simulator_output_LLAMA3-BWB_bwplacement_bs16_staticreq_statictask,SCRUBBED_TIME+LLAMA3-BWB_BMPD384_8_5_11
16,8,0,0,6,10,384,0.0,,bw,static,static,results,Results,Results_LLAMA31,LLAMA3-BWB-Results,simulator_output_LLAMA3-BWB_bwplacement_bs16_staticreq_statictask,SCRUBBED_TIME+LLAMA3-BWB_BMPD384_8_6_10
16,8,0,0,7,9,384,0.0,,bw,static,static,results,Results,Results_LLAMA31,LLAMA3-BWB-Results,simulator_output_LLAMA3-BWB_bwplacement_bs16_staticreq_statictask,SCRUBBED_TIME+LLAMA3-BWB_BMPD384_8_7_9
16,8,0,0,8,8,384,0.0,,bw,static,static,results,Results,Results_LLAMA31,LLAMA3-BWB-Results,simulator_output_LLAMA3-BWB_bwplacement_bs16_staticreq_statictask,SCRUBBED_TIME+LLAMA3-BWB_BMPD384_8_8_8
16,8,0,0,9,7,384,0.0,,bw,static,static,results,Results,Results_LLAMA31,LLAMA3-BWB-Results,simulator_output_LLAMA3-BWB_bwplacement_bs16_staticreq_statictask,SCRUBBED_TIME+LLAMA3-BWB_BMPD384_8_9_7
16,8,0,0,10,6,384,0.0,,bw,static,static,results,Results,Results_LLAMA31,LLAMA3-BWB-Results,simulator_output_LLAMA3-BWB_bwplacement_bs16_staticreq_statictask,SCRUBBED_TIME+LLAMA3-BWB_BMPD384_8_10_6
16,8,0,0,12,4,384,0.0,,bw,static,static,results,Results,Results_LLAMA31,LLAMA3-BWB-Results,simulator_output_LLAMA3-BWB_bwplacement_bs16_staticreq_statictask,SCRUBBED_TIME+LLAMA3-BWB_BMPD384_8_12_4
16,8,0,0,11,5,384,0.0,,bw,static,static,results,Results,Results_LLAMA31,LLAMA3-BWB-Results,simulator_output_LLAMA3-BWB_bwplacement_bs16_staticreq_statictask,SCRUBBED_TIME+LLAMA3-BWB_BMPD384_8_11_5
16,8,0,0,13,3,384,0.0,,bw,static,static,results,Results,Results_LLAMA31,LLAMA3-BWB-Results,simulator_output_LLAMA3-BWB_bwplacement_bs16_staticreq_statictask,SCRUBBED_TIME+LLAMA3-BWB_BMPD384_8_13_3
16,9,0,0,1,14,384,0.0,,bw,static,static,results,Results,Results_LLAMA31,LLAMA3-BWB-Results,simulator_output_LLAMA3-BWB_bwplacement_bs16_staticreq_statictask,SCRUBBED_TIME+LLAMA3-BWB_BMPD384_9_1_14
16,8,0,0,14,2,384,0.0,,bw,static,static,results,Results,Results_LLAMA31,LLAMA3-BWB-Results,simulator_output_LLAMA3-BWB_bwplacement_bs16_staticreq_statictask,SCRUBBED_TIME+LLAMA3-BWB_BMPD384_8_14_2
16,8,0,0,15,1,384,0.0,,bw,static,static,results,Results,Results_LLAMA31,LLAMA3-BWB-Results,simulator_output_LLAMA3-BWB_bwplacement_bs16_staticreq_statictask,SCRUBBED_TIME+LLAMA3-BWB_BMPD384_8_15_1
16,9,0,0,3,12,384,0.0,,bw,static,static,results,Results,Results_LLAMA31,LLAMA3-BWB-Results,simulator_output_LLAMA3-BWB_bwplacement_bs16_staticreq_statictask,SCRUBBED_TIME+LLAMA3-BWB_BMPD384_9_3_12
16,9,0,0,2,13,384,0.0,,bw,static,static,results,Results,Results_LLAMA31,LLAMA3-BWB-Results,simulator_output_LLAMA3-BWB_bwplacement_bs16_staticreq_statictask,SCRUBBED_TIME+LLAMA3-BWB_BMPD384_9_2_13
16,9,0,0,4,11,384,0.0,,bw,static,static,results,Results,Results_LLAMA31,LLAMA3-BWB-Results,simulator_output_LLAMA3-BWB_bwplacement_bs16_staticreq_statictask,SCRUBBED_TIME+LLAMA3-BWB_BMPD384_9_4_11
16,9,0,0,7,8,384,0.0,,bw,static,static,results,Results,Results_LLAMA31,LLAMA3-BWB-Results,simulator_output_LLAMA3-BWB_bwplacement_bs16_staticreq_statictask,SCRUBBED_TIME+LLAMA3-BWB_BMPD384_9_7_8
16,9,0,0,5,10,384,0.0,,bw,static,static,results,Results,Results_LLAMA31,LLAMA3-BWB-Results,simulator_output_LLAMA3-BWB_bwplacement_bs16_staticreq_statictask,SCRUBBED_TIME+LLAMA3-BWB_BMPD384_9_5_10
16,9,0,0,6,9,384,0.0,,bw,static,static,results,Results,Results_LLAMA31,LLAMA3-BWB-Results,simulator_output_LLAMA3-BWB_bwplacement_bs16_staticreq_statictask,SCRUBBED_TIME+LLAMA3-BWB_BMPD384_9_6_9
16,9,0,0,8,7,384,0.0,,bw,static,static,results,Results,Results_LLAMA31,LLAMA3-BWB-Results,simulator_output_LLAMA3-BWB_bwplacement_bs16_staticreq_statictask,SCRUBBED_TIME+LLAMA3-BWB_BMPD384_9_8_7
16,9,0,0,10,5,384,0.0,,bw,static,static,results,Results,Results_LLAMA31,LLAMA3-BWB-Results,simulator_output_LLAMA3-BWB_bwplacement_bs16_staticreq_statictask,SCRUBBED_TIME+LLAMA3-BWB_BMPD384_9_10_5
16,9,0,0,9,6,384,0.0,,bw,static,static,results,Results,Results_LLAMA31,LLAMA3-BWB-Results,simulator_output_LLAMA3-BWB_bwplacement_bs16_staticreq_statictask,SCRUBBED_TIME+LLAMA3-BWB_BMPD384_9_9_6
16,9,0,0,12,3,384,0.0,,bw,static,static,results,Results,Results_LLAMA31,LLAMA3-BWB-Results,simulator_output_LLAMA3-BWB_bwplacement_bs16_staticreq_statictask,SCRUBBED_TIME+LLAMA3-BWB_BMPD384_9_12_3
16,9,0,0,11,4,384,0.0,,bw,static,static,results,Results,Results_LLAMA31,LLAMA3-BWB-Results,simulator_output_LLAMA3-BWB_bwplacement_bs16_staticreq_statictask,SCRUBBED_TIME+LLAMA3-BWB_BMPD384_9_11_4
16,9,0,0,13,2,384,0.0,,bw,static,static,results,Results,Results_LLAMA31,LLAMA3-BWB-Results,simulator_output_LLAMA3-BWB_bwplacement_bs16_staticreq_statictask,SCRUBBED_TIME+LLAMA3-BWB_BMPD384_9_13_2
16,10,0,0,1,13,384,0.0,,bw,static,static,results,Results,Results_LLAMA31,LLAMA3-BWB-Results,simulator_output_LLAMA3-BWB_bwplacement_bs16_staticreq_statictask,SCRUBBED_TIME+LLAMA3-BWB_BMPD384_10_1_13
16,9,0,0,14,1,384,0.0,,bw,static,static,results,Results,Results_LLAMA31,LLAMA3-BWB-Results,simulator_output_LLAMA3-BWB_bwplacement_bs16_staticreq_statictask,SCRUBBED_TIME+LLAMA3-BWB_BMPD384_9_14_1
16,10,0,0,3,11,384,0.0,,bw,static,static,results,Results,Results_LLAMA31,LLAMA3-BWB-Results,simulator_output_LLAMA3-BWB_bwplacement_bs16_staticreq_statictask,SCRUBBED_TIME+LLAMA3-BWB_BMPD384_10_3_11
16,10,0,0,2,12,384,0.0,,bw,static,static,results,Results,Results_LLAMA31,LLAMA3-BWB-Results,simulator_output_LLAMA3-BWB_bwplacement_bs16_staticreq_statictask,SCRUBBED_TIME+LLAMA3-BWB_BMPD384_10_2_12
16,10,0,0,4,10,384,0.0,,bw,static,static,results,Results,Results_LLAMA31,LLAMA3-BWB-Results,simulator_output_LLAMA3-BWB_bwplacement_bs16_staticreq_statictask,SCRUBBED_TIME+LLAMA3-BWB_BMPD384_10_4_10
16,10,0,0,6,8,384,0.0,,bw,static,static,results,Results,Results_LLAMA31,LLAMA3-BWB-Results,simulator_output_LLAMA3-BWB_bwplacement_bs16_staticreq_statictask,SCRUBBED_TIME+LLAMA3-BWB_BMPD384_10_6_8
16,10,0,0,5,9,384,0.0,,bw,static,static,results,Results,Results_LLAMA31,LLAMA3-BWB-Results,simulator_output_LLAMA3-BWB_bwplacement_bs16_staticreq_statictask,SCRUBBED_TIME+LLAMA3-BWB_BMPD384_10_5_9
16,10,0,0,7,7,384,0.0,,bw,static,static,results,Results,Results_LLAMA31,LLAMA3-BWB-Results,simulator_output_LLAMA3-BWB_bwplacement_bs16_staticreq_statictask,SCRUBBED_TIME+LLAMA3-BWB_BMPD384_10_7_7
16,10,0,0,8,6,384,0.0,,bw,static,static,results,Results,Results_LLAMA31,LLAMA3-BWB-Results,simulator_output_LLAMA3-BWB_bwplacement_bs16_staticreq_statictask,SCRUBBED_TIME+LLAMA3-BWB_BMPD384_10_8_6
16,10,0,0,9,5,384,0.0,,bw,static,static,results,Results,Results_LLAMA31,LLAMA3-BWB-Results,simulator_output_LLAMA3-BWB_bwplacement_bs16_staticreq_statictask,SCRUBBED_TIME+LLAMA3-BWB_BMPD384_10_9_5
16,10,0,0,10,4,384,0.0,,bw,static,static,results,Results,Results_LLAMA31,LLAMA3-BWB-Results,simulator_output_LLAMA3-BWB_bwplacement_bs16_staticreq_statictask,SCRUBBED_TIME+LLAMA3-BWB_BMPD384_10_10_4
16,10,0,0,11,3,384,0.0,,bw,static,static,results,Results,Results_LLAMA31,LLAMA3-BWB-Results,simulator_output_LLAMA3-BWB_bwplacement_bs16_staticreq_statictask,SCRUBBED_TIME+LLAMA3-BWB_BMPD384_10_11_3
16,10,0,0,12,2,384,0.0,,bw,static,static,results,Results,Results_LLAMA31,LLAMA3-BWB-Results,simulator_output_LLAMA3-BWB_bwplacement_bs16_staticreq_statictask,SCRUBBED_TIME+LLAMA3-BWB_BMPD384_10_12_2
16,10,0,0,13,1,384,0.0,,bw,static,static,results,Results,Results_LLAMA31,LLAMA3-BWB-Results,simulator_output_LLAMA3-BWB_bwplacement_bs16_staticreq_statictask,SCRUBBED_TIME+LLAMA3-BWB_BMPD384_10_13_1
16,11,0,0,1,12,384,0.0,,bw,static,static,results,Results,Results_LLAMA31,LLAMA3-BWB-Results,simulator_output_LLAMA3-BWB_bwplacement_bs16_staticreq_statictask,SCRUBBED_TIME+LLAMA3-BWB_BMPD384_11_1_12
16,11,0,0,2,11,384,0.0,,bw,static,static,results,Results,Results_LLAMA31,LLAMA3-BWB-Results,simulator_output_LLAMA3-BWB_bwplacement_bs16_staticreq_statictask,SCRUBBED_TIME+LLAMA3-BWB_BMPD384_11_2_11
16,11,0,0,3,10,384,0.0,,bw,static,static,results,Results,Results_LLAMA31,LLAMA3-BWB-Results,simulator_output_LLAMA3-BWB_bwplacement_bs16_staticreq_statictask,SCRUBBED_TIME+LLAMA3-BWB_BMPD384_11_3_10
16,11,0,0,5,8,384,0.0,,bw,static,static,results,Results,Results_LLAMA31,LLAMA3-BWB-Results,simulator_output_LLAMA3-BWB_bwplacement_bs16_staticreq_statictask,SCRUBBED_TIME+LLAMA3-BWB_BMPD384_11_5_8
16,11,0,0,4,9,384,0.0,,bw,static,static,results,Results,Results_LLAMA31,LLAMA3-BWB-Results,simulator_output_LLAMA3-BWB_bwplacement_bs16_staticreq_statictask,SCRUBBED_TIME+LLAMA3-BWB_BMPD384_11_4_9
16,11,0,0,6,7,384,0.0,,bw,static,static,results,Results,Results_LLAMA31,LLAMA3-BWB-Results,simulator_output_LLAMA3-BWB_bwplacement_bs16_staticreq_statictask,SCRUBBED_TIME+LLAMA3-BWB_BMPD384_11_6_7
16,11,0,0,8,5,384,0.0,,bw,static,static,results,Results,Results_LLAMA31,LLAMA3-BWB-Results,simulator_output_LLAMA3-BWB_bwplacement_bs16_staticreq_statictask,SCRUBBED_TIME+LLAMA3-BWB_BMPD384_11_8_5
16,11,0,0,7,6,384,0.0,,bw,static,static,results,Results,Results_LLAMA31,LLAMA3-BWB-Results,simulator_output_LLAMA3-BWB_bwplacement_bs16_staticreq_statictask,SCRUBBED_TIME+LLAMA3-BWB_BMPD384_11_7_6
16,11,0,0,10,3,384,0.0,,bw,static,static,results,Results,Results_LLAMA31,LLAMA3-BWB-Results,simulator_output_LLAMA3-BWB_bwplacement_bs16_staticreq_statictask,SCRUBBED_TIME+LLAMA3-BWB_BMPD384_11_10_3
16,11,0,0,9,4,384,0.0,,bw,static,static,results,Results,Results_LLAMA31,LLAMA3-BWB-Results,simulator_output_LLAMA3-BWB_bwplacement_bs16_staticreq_statictask,SCRUBBED_TIME+LLAMA3-BWB_BMPD384_11_9_4
16,11,0,0,12,1,384,0.0,,bw,static,static,results,Results,Results_LLAMA31,LLAMA3-BWB-Results,simulator_output_LLAMA3-BWB_bwplacement_bs16_staticreq_statictask,SCRUBBED_TIME+LLAMA3-BWB_BMPD384_11_12_1
16,11,0,0,11,2,384,0.0,,bw,static,static,results,Results,Results_LLAMA31,LLAMA3-BWB-Results,simulator_output_LLAMA3-BWB_bwplacement_bs16_staticreq_statictask,SCRUBBED_TIME+LLAMA3-BWB_BMPD384_11_11_2
16,12,0,0,2,10,384,0.0,,bw,static,static,results,Results,Results_LLAMA31,LLAMA3-BWB-Results,simulator_output_LLAMA3-BWB_bwplacement_bs16_staticreq_statictask,SCRUBBED_TIME+LLAMA3-BWB_BMPD384_12_2_10
16,12,0,0,1,11,384,0.0,,bw,static,static,results,Results,Results_LLAMA31,LLAMA3-BWB-Results,simulator_output_LLAMA3-BWB_bwplacement_bs16_staticreq_statictask,SCRUBBED_TIME+LLAMA3-BWB_BMPD384_12_1_11
16,12,0,0,3,9,384,0.0,,bw,static,static,results,Results,Results_LLAMA31,LLAMA3-BWB-Results,simulator_output_LLAMA3-BWB_bwplacement_bs16_staticreq_statictask,SCRUBBED_TIME+LLAMA3-BWB_BMPD384_12_3_9
16,12,0,0,4,8,384,0.0,,bw,static,static,results,Results,Results_LLAMA31,LLAMA3-BWB-Results,simulator_output_LLAMA3-BWB_bwplacement_bs16_staticreq_statictask,SCRUBBED_TIME+LLAMA3-BWB_BMPD384_12_4_8
16,12,0,0,5,7,384,0.0,,bw,static,static,results,Results,Results_LLAMA31,LLAMA3-BWB-Results,simulator_output_LLAMA3-BWB_bwplacement_bs16_staticreq_statictask,SCRUBBED_TIME+LLAMA3-BWB_BMPD384_12_5_7
16,12,0,0,6,6,384,0.0,,bw,static,static,results,Results,Results_LLAMA31,LLAMA3-BWB-Results,simulator_output_LLAMA3-BWB_bwplacement_bs16_staticreq_statictask,SCRUBBED_TIME+LLAMA3-BWB_BMPD384_12_6_6
16,12,0,0,7,5,384,0.0,,bw,static,static,results,Results,Results_LLAMA31,LLAMA3-BWB-Results,simulator_output_LLAMA3-BWB_bwplacement_bs16_staticreq_statictask,SCRUBBED_TIME+LLAMA3-BWB_BMPD384_12_7_5
16,12,0,0,8,4,384,0.0,,bw,static,static,results,Results,Results_LLAMA31,LLAMA3-BWB-Results,simulator_output_LLAMA3-BWB_bwplacement_bs16_staticreq_statictask,SCRUBBED_TIME+LLAMA3-BWB_BMPD384_12_8_4
16,12,0,0,9,3,384,0.0,,bw,static,static,results,Results,Results_LLAMA31,LLAMA3-BWB-Results,simulator_output_LLAMA3-BWB_bwplacement_bs16_staticreq_statictask,SCRUBBED_TIME+LLAMA3-BWB_BMPD384_12_9_3
16,12,0,0,10,2,384,0.0,,bw,static,static,results,Results,Results_LLAMA31,LLAMA3-BWB-Results,simulator_output_LLAMA3-BWB_bwplacement_bs16_staticreq_statictask,SCRUBBED_TIME+LLAMA3-BWB_BMPD384_12_10_2
16,12,0,0,11,1,384,0.0,,bw,static,static,results,Results,Results_LLAMA31,LLAMA3-BWB-Results,simulator_output_LLAMA3-BWB_bwplacement_bs16_staticreq_statictask,SCRUBBED_TIME+LLAMA3-BWB_BMPD384_12_11_1
16,13,0,0,1,10,384,0.0,,bw,static,static,results,Results,Results_LLAMA31,LLAMA3-BWB-Results,simulator_output_LLAMA3-BWB_bwplacement_bs16_staticreq_statictask,SCRUBBED_TIME+LLAMA3-BWB_BMPD384_13_1_10
16,13,0,0,2,9,384,0.0,,bw,static,static,results,Results,Results_LLAMA31,LLAMA3-BWB-Results,simulator_output_LLAMA3-BWB_bwplacement_bs16_staticreq_statictask,SCRUBBED_TIME+LLAMA3-BWB_BMPD384_13_2_9
16,13,0,0,3,8,384,0.0,,bw,static,static,results,Results,Results_LLAMA31,LLAMA3-BWB-Results,simulator_output_LLAMA3-BWB_bwplacement_bs16_staticreq_statictask,SCRUBBED_TIME+LLAMA3-BWB_BMPD384_13_3_8
16,13,0,0,4,7,384,0.0,,bw,static,static,results,Results,Results_LLAMA31,LLAMA3-BWB-Results,simulator_output_LLAMA3-BWB_bwplacement_bs16_staticreq_statictask,SCRUBBED_TIME+LLAMA3-BWB_BMPD384_13_4_7
16,13,0,0,5,6,384,0.0,,bw,static,static,results,Results,Results_LLAMA31,LLAMA3-BWB-Results,simulator_output_LLAMA3-BWB_bwplacement_bs16_staticreq_statictask,SCRUBBED_TIME+LLAMA3-BWB_BMPD384_13_5_6
16,13,0,0,6,5,384,0.0,,bw,static,static,results,Results,Results_LLAMA31,LLAMA3-BWB-Results,simulator_output_LLAMA3-BWB_bwplacement_bs16_staticreq_statictask,SCRUBBED_TIME+LLAMA3-BWB_BMPD384_13_6_5
16,13,0,0,8,3,384,0.0,,bw,static,static,results,Results,Results_LLAMA31,LLAMA3-BWB-Results,simulator_output_LLAMA3-BWB_bwplacement_bs16_staticreq_statictask,SCRUBBED_TIME+LLAMA3-BWB_BMPD384_13_8_3
16,14,0,0,1,9,384,0.0,,bw,static,static,results,Results,Results_LLAMA31,LLAMA3-BWB-Results,simulator_output_LLAMA3-BWB_bwplacement_bs16_staticreq_statictask,SCRUBBED_TIME+LLAMA3-BWB_BMPD384_14_1_9
16,13,0,0,7,4,384,0.0,,bw,static,static,results,Results,Results_LLAMA31,LLAMA3-BWB-Results,simulator_output_LLAMA3-BWB_bwplacement_bs16_staticreq_statictask,SCRUBBED_TIME+LLAMA3-BWB_BMPD384_13_7_4
16,13,0,0,9,2,384,0.0,,bw,static,static,results,Results,Results_LLAMA31,LLAMA3-BWB-Results,simulator_output_LLAMA3-BWB_bwplacement_bs16_staticreq_statictask,SCRUBBED_TIME+LLAMA3-BWB_BMPD384_13_9_2
16,13,0,0,10,1,384,0.0,,bw,static,static,results,Results,Results_LLAMA31,LLAMA3-BWB-Results,simulator_output_LLAMA3-BWB_bwplacement_bs16_staticreq_statictask,SCRUBBED_TIME+LLAMA3-BWB_BMPD384_13_10_1
16,14,0,0,2,8,384,0.0,,bw,static,static,results,Results,Results_LLAMA31,LLAMA3-BWB-Results,simulator_output_LLAMA3-BWB_bwplacement_bs16_staticreq_statictask,SCRUBBED_TIME+LLAMA3-BWB_BMPD384_14_2_8
16,14,0,0,3,7,384,0.0,,bw,static,static,results,Results,Results_LLAMA31,LLAMA3-BWB-Results,simulator_output_LLAMA3-BWB_bwplacement_bs16_staticreq_statictask,SCRUBBED_TIME+LLAMA3-BWB_BMPD384_14_3_7
16,14,0,0,5,5,384,0.0,,bw,static,static,results,Results,Results_LLAMA31,LLAMA3-BWB-Results,simulator_output_LLAMA3-BWB_bwplacement_bs16_staticreq_statictask,SCRUBBED_TIME+LLAMA3-BWB_BMPD384_14_5_5
16,14,0,0,4,6,384,0.0,,bw,static,static,results,Results,Results_LLAMA31,LLAMA3-BWB-Results,simulator_output_LLAMA3-BWB_bwplacement_bs16_staticreq_statictask,SCRUBBED_TIME+LLAMA3-BWB_BMPD384_14_4_6
16,14,0,0,6,4,384,0.0,,bw,static,static,results,Results,Results_LLAMA31,LLAMA3-BWB-Results,simulator_output_LLAMA3-BWB_bwplacement_bs16_staticreq_statictask,SCRUBBED_TIME+LLAMA3-BWB_BMPD384_14_6_4
16,14,0,0,7,3,384,0.0,,bw,static,static,results,Results,Results_LLAMA31,LLAMA3-BWB-Results,simulator_output_LLAMA3-BWB_bwplacement_bs16_staticreq_statictask,SCRUBBED_TIME+LLAMA3-BWB_BMPD384_14_7_3
16,14,0,0,8,2,384,0.0,,bw,static,static,results,Results,Results_LLAMA31,LLAMA3-BWB-Results,simulator_output_LLAMA3-BWB_bwplacement_bs16_staticreq_statictask,SCRUBBED_TIME+LLAMA3-BWB_BMPD384_14_8_2
16,14,0,0,9,1,384,0.0,,bw,static,static,results,Results,Results_LLAMA31,LLAMA3-BWB-Results,simulator_output_LLAMA3-BWB_bwplacement_bs16_staticreq_statictask,SCRUBBED_TIME+LLAMA3-BWB_BMPD384_14_9_1
16,15,0,0,1,8,384,0.0,,bw,static,static,results,Results,Results_LLAMA31,LLAMA3-BWB-Results,simulator_output_LLAMA3-BWB_bwplacement_bs16_staticreq_statictask,SCRUBBED_TIME+LLAMA3-BWB_BMPD384_15_1_8
16,15,0,0,2,7,384,0.0,,bw,static,static,results,Results,Results_LLAMA31,LLAMA3-BWB-Results,simulator_output_LLAMA3-BWB_bwplacement_bs16_staticreq_statictask,SCRUBBED_TIME+LLAMA3-BWB_BMPD384_15_2_7
16,15,0,0,3,6,384,0.0,,bw,static,static,results,Results,Results_LLAMA31,LLAMA3-BWB-Results,simulator_output_LLAMA3-BWB_bwplacement_bs16_staticreq_statictask,SCRUBBED_TIME+LLAMA3-BWB_BMPD384_15_3_6
16,15,0,0,4,5,384,0.0,,bw,static,static,results,Results,Results_LLAMA31,LLAMA3-BWB-Results,simulator_output_LLAMA3-BWB_bwplacement_bs16_staticreq_statictask,SCRUBBED_TIME+LLAMA3-BWB_BMPD384_15_4_5
16,15,0,0,5,4,384,0.0,,bw,static,static,results,Results,Results_LLAMA31,LLAMA3-BWB-Results,simulator_output_LLAMA3-BWB_bwplacement_bs16_staticreq_statictask,SCRUBBED_TIME+LLAMA3-BWB_BMPD384_15_5_4
16,15,0,0,6,3,384,0.0,,bw,static,static,results,Results,Results_LLAMA31,LLAMA3-BWB-Results,simulator_output_LLAMA3-BWB_bwplacement_bs16_staticreq_statictask,SCRUBBED_TIME+LLAMA3-BWB_BMPD384_15_6_3
16,15,0,0,7,2,384,0.0,,bw,static,static,results,Results,Results_LLAMA31,LLAMA3-BWB-Results,simulator_output_LLAMA3-BWB_bwplacement_bs16_staticreq_statictask,SCRUBBED_TIME+LLAMA3-BWB_BMPD384_15_7_2
16,15,0,0,8,1,384,0.0,,bw,static,static,results,Results,Results_LLAMA31,LLAMA3-BWB-Results,simulator_output_LLAMA3-BWB_bwplacement_bs16_staticreq_statictask,SCRUBBED_TIME+LLAMA3-BWB_BMPD384_15_8_1
16,16,0,0,1,7,384,0.0,,bw,static,static,results,Results,Results_LLAMA31,LLAMA3-BWB-Results,simulator_output_LLAMA3-BWB_bwplacement_bs16_staticreq_statictask,SCRUBBED_TIME+LLAMA3-BWB_BMPD384_16_1_7
16,16,0,0,2,6,384,0.0,,bw,static,static,results,Results,Results_LLAMA31,LLAMA3-BWB-Results,simulator_output_LLAMA3-BWB_bwplacement_bs16_staticreq_statictask,SCRUBBED_TIME+LLAMA3-BWB_BMPD384_16_2_6
16,16,0,0,3,5,384,0.0,,bw,static,static,results,Results,Results_LLAMA31,LLAMA3-BWB-Results,simulator_output_LLAMA3-BWB_bwplacement_bs16_staticreq_statictask,SCRUBBED_TIME+LLAMA3-BWB_BMPD384_16_3_5
16,16,0,0,4,4,384,0.0,,bw,static,static,results,Results,Results_LLAMA31,LLAMA3-BWB-Results,simulator_output_LLAMA3-BWB_bwplacement_bs16_staticreq_statictask,SCRUBBED_TIME+LLAMA3-BWB_BMPD384_16_4_4
16,16,0,0,5,3,384,0.0,,bw,static,static,results,Results,Results_LLAMA31,LLAMA3-BWB-Results,simulator_output_LLAMA3-BWB_bwplacement_bs16_staticreq_statictask,SCRUBBED_TIME+LLAMA3-BWB_BMPD384_16_5_3
16,16,0,0,6,2,384,0.0,,bw,static,static,results,Results,Results_LLAMA31,LLAMA3-BWB-Results,simulator_output_LLAMA3-BWB_bwplacement_bs16_staticreq_statictask,SCRUBBED_TIME+LLAMA3-BWB_BMPD384_16_6_2
16,16,0,0,7,1,384,0.0,,bw,static,static,results,Results,Results_LLAMA31,LLAMA3-BWB-Results,simulator_output_LLAMA3-BWB_bwplacement_bs16_staticreq_statictask,SCRUBBED_TIME+LLAMA3-BWB_BMPD384_16_7_1
16,2,0,0,17,5,512,0.0,,bw,static,static,results,Results,Results_LLAMA31,LLAMA3-BWB-Results,simulator_output_LLAMA3-BWB_bwplacement_bs16_staticreq_statictask,SCRUBBED_TIME+LLAMA3-BWB_BMPD512_2_17_5
16,2,0,0,20,2,512,0.0,,bw,static,static,results,Results,Results_LLAMA31,LLAMA3-BWB-Results,simulator_output_LLAMA3-BWB_bwplacement_bs16_staticreq_statictask,SCRUBBED_TIME+LLAMA3-BWB_BMPD512_2_20_2
16,3,0,0,1,20,512,0.0,,bw,static,static,results,Results,Results_LLAMA31,LLAMA3-BWB-Results,simulator_output_LLAMA3-BWB_bwplacement_bs16_staticreq_statictask,SCRUBBED_TIME+LLAMA3-BWB_BMPD512_3_1_20
16,2,0,0,8,14,512,0.0,,bw,static,static,results,Results,Results_LLAMA31,LLAMA3-BWB-Results,simulator_output_LLAMA3-BWB_bwplacement_bs16_staticreq_statictask,SCRUBBED_TIME+LLAMA3-BWB_BMPD512_2_8_14
16,2,0,0,11,11,512,0.0,,bw,static,static,results,Results,Results_LLAMA31,LLAMA3-BWB-Results,simulator_output_LLAMA3-BWB_bwplacement_bs16_staticreq_statictask,SCRUBBED_TIME+LLAMA3-BWB_BMPD512_2_11_11
16,2,0,0,19,3,512,0.0,,bw,static,static,results,Results,Results_LLAMA31,LLAMA3-BWB-Results,simulator_output_LLAMA3-BWB_bwplacement_bs16_staticreq_statictask,SCRUBBED_TIME+LLAMA3-BWB_BMPD512_2_19_3
16,3,0,0,19,2,512,0.0,,bw,static,static,results,Results,Results_LLAMA31,LLAMA3-BWB-Results,simulator_output_LLAMA3-BWB_bwplacement_bs16_staticreq_statictask,SCRUBBED_TIME+LLAMA3-BWB_BMPD512_3_19_2
16,2,0,0,18,4,512,0.0,,bw,static,static,results,Results,Results_LLAMA31,LLAMA3-BWB-Results,simulator_output_LLAMA3-BWB_bwplacement_bs16_staticreq_statictask,SCRUBBED_TIME+LLAMA3-BWB_BMPD512_2_18_4
16,3,0,0,6,15,512,0.0,,bw,static,static,results,Results,Results_LLAMA31,LLAMA3-BWB-Results,simulator_output_LLAMA3-BWB_bwplacement_bs16_staticreq_statictask,SCRUBBED_TIME+LLAMA3-BWB_BMPD512_3_6_15
16,3,0,0,16,5,512,0.0,,bw,static,static,results,Results,Results_LLAMA31,LLAMA3-BWB-Results,simulator_output_LLAMA3-BWB_bwplacement_bs16_staticreq_statictask,SCRUBBED_TIME+LLAMA3-BWB_BMPD512_3_16_5
16,2,0,0,4,18,512,0.0,,bw,static,static,results,Results,Results_LLAMA31,LLAMA3-BWB-Results,simulator_output_LLAMA3-BWB_bwplacement_bs16_staticreq_statictask,SCRUBBED_TIME+LLAMA3-BWB_BMPD512_2_4_18
16,2,0,0,16,6,512,0.0,,bw,static,static,results,Results,Results_LLAMA31,LLAMA3-BWB-Results,simulator_output_LLAMA3-BWB_bwplacement_bs16_staticreq_statictask,SCRUBBED_TIME+LLAMA3-BWB_BMPD512_2_16_6
16,3,0,0,7,14,512,0.0,,bw,static,static,results,Results,Results_LLAMA31,LLAMA3-BWB-Results,simulator_output_LLAMA3-BWB_bwplacement_bs16_staticreq_statictask,SCRUBBED_TIME+LLAMA3-BWB_BMPD512_3_7_14
16,3,0,0,9,12,512,0.0,,bw,static,static,results,Results,Results_LLAMA31,LLAMA3-BWB-Results,simulator_output_LLAMA3-BWB_bwplacement_bs16_staticreq_statictask,SCRUBBED_TIME+LLAMA3-BWB_BMPD512_3_9_12
16,3,0,0,14,7,512,0.0,,bw,static,static,results,Results,Results_LLAMA31,LLAMA3-BWB-Results,simulator_output_LLAMA3-BWB_bwplacement_bs16_staticreq_statictask,SCRUBBED_TIME+LLAMA3-BWB_BMPD512_3_14_7
16,3,0,0,11,10,512,0.0,,bw,static,static,results,Results,Results_LLAMA31,LLAMA3-BWB-Results,simulator_output_LLAMA3-BWB_bwplacement_bs16_staticreq_statictask,SCRUBBED_TIME+LLAMA3-BWB_BMPD512_3_11_10
16,3,0,0,17,4,512,0.0,,bw,static,static,results,Results,Results_LLAMA31,LLAMA3-BWB-Results,simulator_output_LLAMA3-BWB_bwplacement_bs16_staticreq_statictask,SCRUBBED_TIME+LLAMA3-BWB_BMPD512_3_17_4
16,2,0,0,5,17,512,0.0,,bw,static,static,results,Results,Results_LLAMA31,LLAMA3-BWB-Results,simulator_output_LLAMA3-BWB_bwplacement_bs16_staticreq_statictask,SCRUBBED_TIME+LLAMA3-BWB_BMPD512_2_5_17
16,3,0,0,15,6,512,0.0,,bw,static,static,results,Results,Results_LLAMA31,LLAMA3-BWB-Results,simulator_output_LLAMA3-BWB_bwplacement_bs16_staticreq_statictask,SCRUBBED_TIME+LLAMA3-BWB_BMPD512_3_15_6
16,2,0,0,2,20,512,0.0,,bw,static,static,results,Results,Results_LLAMA31,LLAMA3-BWB-Results,simulator_output_LLAMA3-BWB_bwplacement_bs16_staticreq_statictask,SCRUBBED_TIME+LLAMA3-BWB_BMPD512_2_2_20
16,3,0,0,12,9,512,0.0,,bw,static,static,results,Results,Results_LLAMA31,LLAMA3-BWB-Results,simulator_output_LLAMA3-BWB_bwplacement_bs16_staticreq_statictask,SCRUBBED_TIME+LLAMA3-BWB_BMPD512_3_12_9
16,3,0,0,8,13,512,0.0,,bw,static,static,results,Results,Results_LLAMA31,LLAMA3-BWB-Results,simulator_output_LLAMA3-BWB_bwplacement_bs16_staticreq_statictask,SCRUBBED_TIME+LLAMA3-BWB_BMPD512_3_8_13
16,2,0,0,1,21,512,0.0,,bw,static,static,results,Results,Results_LLAMA31,LLAMA3-BWB-Results,simulator_output_LLAMA3-BWB_bwplacement_bs16_staticreq_statictask,SCRUBBED_TIME+LLAMA3-BWB_BMPD512_2_1_21
16,3,0,0,5,16,512,0.0,,bw,static,static,results,Results,Results_LLAMA31,LLAMA3-BWB-Results,simulator_output_LLAMA3-BWB_bwplacement_bs16_staticreq_statictask,SCRUBBED_TIME+LLAMA3-BWB_BMPD512_3_5_16
16,3,0,0,2,19,512,0.0,,bw,static,static,results,Results,Results_LLAMA31,LLAMA3-BWB-Results,simulator_output_LLAMA3-BWB_bwplacement_bs16_staticreq_statictask,SCRUBBED_TIME+LLAMA3-BWB_BMPD512_3_2_19
16,2,0,0,9,13,512,0.0,,bw,static,static,results,Results,Results_LLAMA31,LLAMA3-BWB-Results,simulator_output_LLAMA3-BWB_bwplacement_bs16_staticreq_statictask,SCRUBBED_TIME+LLAMA3-BWB_BMPD512_2_9_13
16,3,0,0,3,18,512,0.0,,bw,static,static,results,Results,Results_LLAMA31,LLAMA3-BWB-Results,simulator_output_LLAMA3-BWB_bwplacement_bs16_staticreq_statictask,SCRUBBED_TIME+LLAMA3-BWB_BMPD512_3_3_18
16,3,0,0,10,11,512,0.0,,bw,static,static,results,Results,Results_LLAMA31,LLAMA3-BWB-Results,simulator_output_LLAMA3-BWB_bwplacement_bs16_staticreq_statictask,SCRUBBED_TIME+LLAMA3-BWB_BMPD512_3_10_11
16,2,0,0,7,15,512,0.0,,bw,static,static,results,Results,Results_LLAMA31,LLAMA3-BWB-Results,simulator_output_LLAMA3-BWB_bwplacement_bs16_staticreq_statictask,SCRUBBED_TIME+LLAMA3-BWB_BMPD512_2_7_15
16,2,0,0,13,9,512,0.0,,bw,static,static,results,Results,Results_LLAMA31,LLAMA3-BWB-Results,simulator_output_LLAMA3-BWB_bwplacement_bs16_staticreq_statictask,SCRUBBED_TIME+LLAMA3-BWB_BMPD512_2_13_9
16,2,0,0,12,10,512,0.0,,bw,static,static,results,Results,Results_LLAMA31,LLAMA3-BWB-Results,simulator_output_LLAMA3-BWB_bwplacement_bs16_staticreq_statictask,SCRUBBED_TIME+LLAMA3-BWB_BMPD512_2_12_10
16,2,0,0,6,16,512,0.0,,bw,static,static,results,Results,Results_LLAMA31,LLAMA3-BWB-Results,simulator_output_LLAMA3-BWB_bwplacement_bs16_staticreq_statictask,SCRUBBED_TIME+LLAMA3-BWB_BMPD512_2_6_16
16,2,0,0,21,1,512,0.0,,bw,static,static,results,Results,Results_LLAMA31,LLAMA3-BWB-Results,simulator_output_LLAMA3-BWB_bwplacement_bs16_staticreq_statictask,SCRUBBED_TIME+LLAMA3-BWB_BMPD512_2_21_1
16,3,0,0,13,8,512,0.0,,bw,static,static,results,Results,Results_LLAMA31,LLAMA3-BWB-Results,simulator_output_LLAMA3-BWB_bwplacement_bs16_staticreq_statictask,SCRUBBED_TIME+LLAMA3-BWB_BMPD512_3_13_8
16,2,0,0,14,8,512,0.0,,bw,static,static,results,Results,Results_LLAMA31,LLAMA3-BWB-Results,simulator_output_LLAMA3-BWB_bwplacement_bs16_staticreq_statictask,SCRUBBED_TIME+LLAMA3-BWB_BMPD512_2_14_8
16,2,0,0,3,19,512,0.0,,bw,static,static,results,Results,Results_LLAMA31,LLAMA3-BWB-Results,simulator_output_LLAMA3-BWB_bwplacement_bs16_staticreq_statictask,SCRUBBED_TIME+LLAMA3-BWB_BMPD512_2_3_19
16,3,0,0,4,17,512,0.0,,bw,static,static,results,Results,Results_LLAMA31,LLAMA3-BWB-Results,simulator_output_LLAMA3-BWB_bwplacement_bs16_staticreq_statictask,SCRUBBED_TIME+LLAMA3-BWB_BMPD512_3_4_17
16,2,0,0,15,7,512,0.0,,bw,static,static,results,Results,Results_LLAMA31,LLAMA3-BWB-Results,simulator_output_LLAMA3-BWB_bwplacement_bs16_staticreq_statictask,SCRUBBED_TIME+LLAMA3-BWB_BMPD512_2_15_7
16,2,0,0,10,12,512,0.0,,bw,static,static,results,Results,Results_LLAMA31,LLAMA3-BWB-Results,simulator_output_LLAMA3-BWB_bwplacement_bs16_staticreq_statictask,SCRUBBED_TIME+LLAMA3-BWB_BMPD512_2_10_12
16,3,0,0,18,3,512,0.0,,bw,static,static,results,Results,Results_LLAMA31,LLAMA3-BWB-Results,simulator_output_LLAMA3-BWB_bwplacement_bs16_staticreq_statictask,SCRUBBED_TIME+LLAMA3-BWB_BMPD512_3_18_3
16,3,0,0,20,1,512,0.0,,bw,static,static,results,Results,Results_LLAMA31,LLAMA3-BWB-Results,simulator_output_LLAMA3-BWB_bwplacement_bs16_staticreq_statictask,SCRUBBED_TIME+LLAMA3-BWB_BMPD512_3_20_1
16,4,0,0,6,14,512,0.0,,bw,static,static,results,Results,Results_LLAMA31,LLAMA3-BWB-Results,simulator_output_LLAMA3-BWB_bwplacement_bs16_staticreq_statictask,SCRUBBED_TIME+LLAMA3-BWB_BMPD512_4_6_14
16,4,0,0,8,12,512,0.0,,bw,static,static,results,Results,Results_LLAMA31,LLAMA3-BWB-Results,simulator_output_LLAMA3-BWB_bwplacement_bs16_staticreq_statictask,SCRUBBED_TIME+LLAMA3-BWB_BMPD512_4_8_12
16,4,0,0,4,16,512,0.0,,bw,static,static,results,Results,Results_LLAMA31,LLAMA3-BWB-Results,simulator_output_LLAMA3-BWB_bwplacement_bs16_staticreq_statictask,SCRUBBED_TIME+LLAMA3-BWB_BMPD512_4_4_16
16,4,0,0,5,15,512,0.0,,bw,static,static,results,Results,Results_LLAMA31,LLAMA3-BWB-Results,simulator_output_LLAMA3-BWB_bwplacement_bs16_staticreq_statictask,SCRUBBED_TIME+LLAMA3-BWB_BMPD512_4_5_15
16,4,0,0,1,19,512,0.0,,bw,static,static,results,Results,Results_LLAMA31,LLAMA3-BWB-Results,simulator_output_LLAMA3-BWB_bwplacement_bs16_staticreq_statictask,SCRUBBED_TIME+LLAMA3-BWB_BMPD512_4_1_19
16,4,0,0,9,11,512,0.0,,bw,static,static,results,Results,Results_LLAMA31,LLAMA3-BWB-Results,simulator_output_LLAMA3-BWB_bwplacement_bs16_staticreq_statictask,SCRUBBED_TIME+LLAMA3-BWB_BMPD512_4_9_11
16,4,0,0,12,8,512,0.0,,bw,static,static,results,Results,Results_LLAMA31,LLAMA3-BWB-Results,simulator_output_LLAMA3-BWB_bwplacement_bs16_staticreq_statictask,SCRUBBED_TIME+LLAMA3-BWB_BMPD512_4_12_8
16,4,0,0,14,6,512,0.0,,bw,static,static,results,Results,Results_LLAMA31,LLAMA3-BWB-Results,simulator_output_LLAMA3-BWB_bwplacement_bs16_staticreq_statictask,SCRUBBED_TIME+LLAMA3-BWB_BMPD512_4_14_6
16,4,0,0,7,13,512,0.0,,bw,static,static,results,Results,Results_LLAMA31,LLAMA3-BWB-Results,simulator_output_LLAMA3-BWB_bwplacement_bs16_staticreq_statictask,SCRUBBED_TIME+LLAMA3-BWB_BMPD512_4_7_13
16,4,0,0,10,10,512,0.0,,bw,static,static,results,Results,Results_LLAMA31,LLAMA3-BWB-Results,simulator_output_LLAMA3-BWB_bwplacement_bs16_staticreq_statictask,SCRUBBED_TIME+LLAMA3-BWB_BMPD512_4_10_10
16,4,0,0,3,17,512,0.0,,bw,static,static,results,Results,Results_LLAMA31,LLAMA3-BWB-Results,simulator_output_LLAMA3-BWB_bwplacement_bs16_staticreq_statictask,SCRUBBED_TIME+LLAMA3-BWB_BMPD512_4_3_17
16,4,0,0,2,18,512,0.0,,bw,static,static,results,Results,Results_LLAMA31,LLAMA3-BWB-Results,simulator_output_LLAMA3-BWB_bwplacement_bs16_staticreq_statictask,SCRUBBED_TIME+LLAMA3-BWB_BMPD512_4_2_18
16,4,0,0,13,7,512,0.0,,bw,static,static,results,Results,Results_LLAMA31,LLAMA3-BWB-Results,simulator_output_LLAMA3-BWB_bwplacement_bs16_staticreq_statictask,SCRUBBED_TIME+LLAMA3-BWB_BMPD512_4_13_7
16,5,0,0,5,14,512,0.0,,bw,static,static,results,Results,Results_LLAMA31,LLAMA3-BWB-Results,simulator_output_LLAMA3-BWB_bwplacement_bs16_staticreq_statictask,SCRUBBED_TIME+LLAMA3-BWB_BMPD512_5_5_14
16,4,0,0,15,5,512,0.0,,bw,static,static,results,Results,Results_LLAMA31,LLAMA3-BWB-Results,simulator_output_LLAMA3-BWB_bwplacement_bs16_staticreq_statictask,SCRUBBED_TIME+LLAMA3-BWB_BMPD512_4_15_5
16,5,0,0,3,16,512,0.0,,bw,static,static,results,Results,Results_LLAMA31,LLAMA3-BWB-Results,simulator_output_LLAMA3-BWB_bwplacement_bs16_staticreq_statictask,SCRUBBED_TIME+LLAMA3-BWB_BMPD512_5_3_16
16,5,0,0,2,17,512,0.0,,bw,static,static,results,Results,Results_LLAMA31,LLAMA3-BWB-Results,simulator_output_LLAMA3-BWB_bwplacement_bs16_staticreq_statictask,SCRUBBED_TIME+LLAMA3-BWB_BMPD512_5_2_17
16,5,0,0,16,3,512,0.0,,bw,static,static,results,Results,Results_LLAMA31,LLAMA3-BWB-Results,simulator_output_LLAMA3-BWB_bwplacement_bs16_staticreq_statictask,SCRUBBED_TIME+LLAMA3-BWB_BMPD512_5_16_3
16,4,0,0,17,3,512,0.0,,bw,static,static,results,Results,Results_LLAMA31,LLAMA3-BWB-Results,simulator_output_LLAMA3-BWB_bwplacement_bs16_staticreq_statictask,SCRUBBED_TIME+LLAMA3-BWB_BMPD512_4_17_3
16,4,0,0,19,1,512,0.0,,bw,static,static,results,Results,Results_LLAMA31,LLAMA3-BWB-Results,simulator_output_LLAMA3-BWB_bwplacement_bs16_staticreq_statictask,SCRUBBED_TIME+LLAMA3-BWB_BMPD512_4_19_1
16,5,0,0,9,10,512,0.0,,bw,static,static,results,Results,Results_LLAMA31,LLAMA3-BWB-Results,simulator_output_LLAMA3-BWB_bwplacement_bs16_staticreq_statictask,SCRUBBED_TIME+LLAMA3-BWB_BMPD512_5_9_10
16,5,0,0,12,7,512,0.0,,bw,static,static,results,Results,Results_LLAMA31,LLAMA3-BWB-Results,simulator_output_LLAMA3-BWB_bwplacement_bs16_staticreq_statictask,SCRUBBED_TIME+LLAMA3-BWB_BMPD512_5_12_7
16,5,0,0,1,18,512,0.0,,bw,static,static,results,Results,Results_LLAMA31,LLAMA3-BWB-Results,simulator_output_LLAMA3-BWB_bwplacement_bs16_staticreq_statictask,SCRUBBED_TIME+LLAMA3-BWB_BMPD512_5_1_18
16,4,0,0,11,9,512,0.0,,bw,static,static,results,Results,Results_LLAMA31,LLAMA3-BWB-Results,simulator_output_LLAMA3-BWB_bwplacement_bs16_staticreq_statictask,SCRUBBED_TIME+LLAMA3-BWB_BMPD512_4_11_9
16,5,0,0,6,13,512,0.0,,bw,static,static,results,Results,Results_LLAMA31,LLAMA3-BWB-Results,simulator_output_LLAMA3-BWB_bwplacement_bs16_staticreq_statictask,SCRUBBED_TIME+LLAMA3-BWB_BMPD512_5_6_13
16,4,0,0,16,4,512,0.0,,bw,static,static,results,Results,Results_LLAMA31,LLAMA3-BWB-Results,simulator_output_LLAMA3-BWB_bwplacement_bs16_staticreq_statictask,SCRUBBED_TIME+LLAMA3-BWB_BMPD512_4_16_4
16,5,0,0,13,6,512,0.0,,bw,static,static,results,Results,Results_LLAMA31,LLAMA3-BWB-Results,simulator_output_LLAMA3-BWB_bwplacement_bs16_staticreq_statictask,SCRUBBED_TIME+LLAMA3-BWB_BMPD512_5_13_6
16,4,0,0,18,2,512,0.0,,bw,static,static,results,Results,Results_LLAMA31,LLAMA3-BWB-Results,simulator_output_LLAMA3-BWB_bwplacement_bs16_staticreq_statictask,SCRUBBED_TIME+LLAMA3-BWB_BMPD512_4_18_2
16,5,0,0,7,12,512,0.0,,bw,static,static,results,Results,Results_LLAMA31,LLAMA3-BWB-Results,simulator_output_LLAMA3-BWB_bwplacement_bs16_staticreq_statictask,SCRUBBED_TIME+LLAMA3-BWB_BMPD512_5_7_12
16,5,0,0,17,2,512,0.0,,bw,static,static,results,Results,Results_LLAMA31,LLAMA3-BWB-Results,simulator_output_LLAMA3-BWB_bwplacement_bs16_staticreq_statictask,SCRUBBED_TIME+LLAMA3-BWB_BMPD512_5_17_2
16,5,0,0,14,5,512,0.0,,bw,static,static,results,Results,Results_LLAMA31,LLAMA3-BWB-Results,simulator_output_LLAMA3-BWB_bwplacement_bs16_staticreq_statictask,SCRUBBED_TIME+LLAMA3-BWB_BMPD512_5_14_5
16,5,0,0,8,11,512,0.0,,bw,static,static,results,Results,Results_LLAMA31,LLAMA3-BWB-Results,simulator_output_LLAMA3-BWB_bwplacement_bs16_staticreq_statictask,SCRUBBED_TIME+LLAMA3-BWB_BMPD512_5_8_11
16,5,0,0,11,8,512,0.0,,bw,static,static,results,Results,Results_LLAMA31,LLAMA3-BWB-Results,simulator_output_LLAMA3-BWB_bwplacement_bs16_staticreq_statictask,SCRUBBED_TIME+LLAMA3-BWB_BMPD512_5_11_8
16,5,0,0,4,15,512,0.0,,bw,static,static,results,Results,Results_LLAMA31,LLAMA3-BWB-Results,simulator_output_LLAMA3-BWB_bwplacement_bs16_staticreq_statictask,SCRUBBED_TIME+LLAMA3-BWB_BMPD512_5_4_15
16,5,0,0,10,9,512,0.0,,bw,static,static,results,Results,Results_LLAMA31,LLAMA3-BWB-Results,simulator_output_LLAMA3-BWB_bwplacement_bs16_staticreq_statictask,SCRUBBED_TIME+LLAMA3-BWB_BMPD512_5_10_9
16,6,0,0,1,17,512,0.0,,bw,static,static,results,Results,Results_LLAMA31,LLAMA3-BWB-Results,simulator_output_LLAMA3-BWB_bwplacement_bs16_staticreq_statictask,SCRUBBED_TIME+LLAMA3-BWB_BMPD512_6_1_17
16,5,0,0,15,4,512,0.0,,bw,static,static,results,Results,Results_LLAMA31,LLAMA3-BWB-Results,simulator_output_LLAMA3-BWB_bwplacement_bs16_staticreq_statictask,SCRUBBED_TIME+LLAMA3-BWB_BMPD512_5_15_4
16,5,0,0,18,1,512,0.0,,bw,static,static,results,Results,Results_LLAMA31,LLAMA3-BWB-Results,simulator_output_LLAMA3-BWB_bwplacement_bs16_staticreq_statictask,SCRUBBED_TIME+LLAMA3-BWB_BMPD512_5_18_1
16,6,0,0,2,16,512,0.0,,bw,static,static,results,Results,Results_LLAMA31,LLAMA3-BWB-Results,simulator_output_LLAMA3-BWB_bwplacement_bs16_staticreq_statictask,SCRUBBED_TIME+LLAMA3-BWB_BMPD512_6_2_16
16,6,0,0,4,14,512,0.0,,bw,static,static,results,Results,Results_LLAMA31,LLAMA3-BWB-Results,simulator_output_LLAMA3-BWB_bwplacement_bs16_staticreq_statictask,SCRUBBED_TIME+LLAMA3-BWB_BMPD512_6_4_14
16,6,0,0,3,15,512,0.0,,bw,static,static,results,Results,Results_LLAMA31,LLAMA3-BWB-Results,simulator_output_LLAMA3-BWB_bwplacement_bs16_staticreq_statictask,SCRUBBED_TIME+LLAMA3-BWB_BMPD512_6_3_15
16,6,0,0,5,13,512,0.0,,bw,static,static,results,Results,Results_LLAMA31,LLAMA3-BWB-Results,simulator_output_LLAMA3-BWB_bwplacement_bs16_staticreq_statictask,SCRUBBED_TIME+LLAMA3-BWB_BMPD512_6_5_13
16,6,0,0,6,12,512,0.0,,bw,static,static,results,Results,Results_LLAMA31,LLAMA3-BWB-Results,simulator_output_LLAMA3-BWB_bwplacement_bs16_staticreq_statictask,SCRUBBED_TIME+LLAMA3-BWB_BMPD512_6_6_12
16,6,0,0,10,8,512,0.0,,bw,static,static,results,Results,Results_LLAMA31,LLAMA3-BWB-Results,simulator_output_LLAMA3-BWB_bwplacement_bs16_staticreq_statictask,SCRUBBED_TIME+LLAMA3-BWB_BMPD512_6_10_8
16,6,0,0,8,10,512,0.0,,bw,static,static,results,Results,Results_LLAMA31,LLAMA3-BWB-Results,simulator_output_LLAMA3-BWB_bwplacement_bs16_staticreq_statictask,SCRUBBED_TIME+LLAMA3-BWB_BMPD512_6_8_10
16,6,0,0,12,6,512,0.0,,bw,static,static,results,Results,Results_LLAMA31,LLAMA3-BWB-Results,simulator_output_LLAMA3-BWB_bwplacement_bs16_staticreq_statictask,SCRUBBED_TIME+LLAMA3-BWB_BMPD512_6_12_6
16,6,0,0,9,9,512,0.0,,bw,static,static,results,Results,Results_LLAMA31,LLAMA3-BWB-Results,simulator_output_LLAMA3-BWB_bwplacement_bs16_staticreq_statictask,SCRUBBED_TIME+LLAMA3-BWB_BMPD512_6_9_9
16,6,0,0,7,11,512,0.0,,bw,static,static,results,Results,Results_LLAMA31,LLAMA3-BWB-Results,simulator_output_LLAMA3-BWB_bwplacement_bs16_staticreq_statictask,SCRUBBED_TIME+LLAMA3-BWB_BMPD512_6_7_11
16,6,0,0,11,7,512,0.0,,bw,static,static,results,Results,Results_LLAMA31,LLAMA3-BWB-Results,simulator_output_LLAMA3-BWB_bwplacement_bs16_staticreq_statictask,SCRUBBED_TIME+LLAMA3-BWB_BMPD512_6_11_7
16,6,0,0,13,5,512,0.0,,bw,static,static,results,Results,Results_LLAMA31,LLAMA3-BWB-Results,simulator_output_LLAMA3-BWB_bwplacement_bs16_staticreq_statictask,SCRUBBED_TIME+LLAMA3-BWB_BMPD512_6_13_5
16,6,0,0,15,3,512,0.0,,bw,static,static,results,Results,Results_LLAMA31,LLAMA3-BWB-Results,simulator_output_LLAMA3-BWB_bwplacement_bs16_staticreq_statictask,SCRUBBED_TIME+LLAMA3-BWB_BMPD512_6_15_3
16,6,0,0,16,2,512,0.0,,bw,static,static,results,Results,Results_LLAMA31,LLAMA3-BWB-Results,simulator_output_LLAMA3-BWB_bwplacement_bs16_staticreq_statictask,SCRUBBED_TIME+LLAMA3-BWB_BMPD512_6_16_2
16,6,0,0,14,4,512,0.0,,bw,static,static,results,Results,Results_LLAMA31,LLAMA3-BWB-Results,simulator_output_LLAMA3-BWB_bwplacement_bs16_staticreq_statictask,SCRUBBED_TIME+LLAMA3-BWB_BMPD512_6_14_4
16,7,0,0,2,15,512,0.0,,bw,static,static,results,Results,Results_LLAMA31,LLAMA3-BWB-Results,simulator_output_LLAMA3-BWB_bwplacement_bs16_staticreq_statictask,SCRUBBED_TIME+LLAMA3-BWB_BMPD512_7_2_15
16,7,0,0,1,16,512,0.0,,bw,static,static,results,Results,Results_LLAMA31,LLAMA3-BWB-Results,simulator_output_LLAMA3-BWB_bwplacement_bs16_staticreq_statictask,SCRUBBED_TIME+LLAMA3-BWB_BMPD512_7_1_16
16,6,0,0,17,1,512,0.0,,bw,static,static,results,Results,Results_LLAMA31,LLAMA3-BWB-Results,simulator_output_LLAMA3-BWB_bwplacement_bs16_staticreq_statictask,SCRUBBED_TIME+LLAMA3-BWB_BMPD512_6_17_1
16,7,0,0,3,14,512,0.0,,bw,static,static,results,Results,Results_LLAMA31,LLAMA3-BWB-Results,simulator_output_LLAMA3-BWB_bwplacement_bs16_staticreq_statictask,SCRUBBED_TIME+LLAMA3-BWB_BMPD512_7_3_14
16,7,0,0,5,12,512,0.0,,bw,static,static,results,Results,Results_LLAMA31,LLAMA3-BWB-Results,simulator_output_LLAMA3-BWB_bwplacement_bs16_staticreq_statictask,SCRUBBED_TIME+LLAMA3-BWB_BMPD512_7_5_12
16,7,0,0,6,11,512,0.0,,bw,static,static,results,Results,Results_LLAMA31,LLAMA3-BWB-Results,simulator_output_LLAMA3-BWB_bwplacement_bs16_staticreq_statictask,SCRUBBED_TIME+LLAMA3-BWB_BMPD512_7_6_11
16,7,0,0,4,13,512,0.0,,bw,static,static,results,Results,Results_LLAMA31,LLAMA3-BWB-Results,simulator_output_LLAMA3-BWB_bwplacement_bs16_staticreq_statictask,SCRUBBED_TIME+LLAMA3-BWB_BMPD512_7_4_13
16,7,0,0,9,8,512,0.0,,bw,static,static,results,Results,Results_LLAMA31,LLAMA3-BWB-Results,simulator_output_LLAMA3-BWB_bwplacement_bs16_staticreq_statictask,SCRUBBED_TIME+LLAMA3-BWB_BMPD512_7_9_8
16,7,0,0,7,10,512,0.0,,bw,static,static,results,Results,Results_LLAMA31,LLAMA3-BWB-Results,simulator_output_LLAMA3-BWB_bwplacement_bs16_staticreq_statictask,SCRUBBED_TIME+LLAMA3-BWB_BMPD512_7_7_10
16,7,0,0,10,7,512,0.0,,bw,static,static,results,Results,Results_LLAMA31,LLAMA3-BWB-Results,simulator_output_LLAMA3-BWB_bwplacement_bs16_staticreq_statictask,SCRUBBED_TIME+LLAMA3-BWB_BMPD512_7_10_7
16,7,0,0,8,9,512,0.0,,bw,static,static,results,Results,Results_LLAMA31,LLAMA3-BWB-Results,simulator_output_LLAMA3-BWB_bwplacement_bs16_staticreq_statictask,SCRUBBED_TIME+LLAMA3-BWB_BMPD512_7_8_9
16,7,0,0,12,5,512,0.0,,bw,static,static,results,Results,Results_LLAMA31,LLAMA3-BWB-Results,simulator_output_LLAMA3-BWB_bwplacement_bs16_staticreq_statictask,SCRUBBED_TIME+LLAMA3-BWB_BMPD512_7_12_5
16,7,0,0,11,6,512,0.0,,bw,static,static,results,Results,Results_LLAMA31,LLAMA3-BWB-Results,simulator_output_LLAMA3-BWB_bwplacement_bs16_staticreq_statictask,SCRUBBED_TIME+LLAMA3-BWB_BMPD512_7_11_6
16,7,0,0,13,4,512,0.0,,bw,static,static,results,Results,Results_LLAMA31,LLAMA3-BWB-Results,simulator_output_LLAMA3-BWB_bwplacement_bs16_staticreq_statictask,SCRUBBED_TIME+LLAMA3-BWB_BMPD512_7_13_4
16,7,0,0,14,3,512,0.0,,bw,static,static,results,Results,Results_LLAMA31,LLAMA3-BWB-Results,simulator_output_LLAMA3-BWB_bwplacement_bs16_staticreq_statictask,SCRUBBED_TIME+LLAMA3-BWB_BMPD512_7_14_3
16,7,0,0,15,2,512,0.0,,bw,static,static,results,Results,Results_LLAMA31,LLAMA3-BWB-Results,simulator_output_LLAMA3-BWB_bwplacement_bs16_staticreq_statictask,SCRUBBED_TIME+LLAMA3-BWB_BMPD512_7_15_2
16,7,0,0,16,1,512,0.0,,bw,static,static,results,Results,Results_LLAMA31,LLAMA3-BWB-Results,simulator_output_LLAMA3-BWB_bwplacement_bs16_staticreq_statictask,SCRUBBED_TIME+LLAMA3-BWB_BMPD512_7_16_1
16,8,0,0,1,15,512,0.0,,bw,static,static,results,Results,Results_LLAMA31,LLAMA3-BWB-Results,simulator_output_LLAMA3-BWB_bwplacement_bs16_staticreq_statictask,SCRUBBED_TIME+LLAMA3-BWB_BMPD512_8_1_15
16,8,0,0,3,13,512,0.0,,bw,static,static,results,Results,Results_LLAMA31,LLAMA3-BWB-Results,simulator_output_LLAMA3-BWB_bwplacement_bs16_staticreq_statictask,SCRUBBED_TIME+LLAMA3-BWB_BMPD512_8_3_13
16,8,0,0,2,14,512,0.0,,bw,static,static,results,Results,Results_LLAMA31,LLAMA3-BWB-Results,simulator_output_LLAMA3-BWB_bwplacement_bs16_staticreq_statictask,SCRUBBED_TIME+LLAMA3-BWB_BMPD512_8_2_14
16,8,0,0,4,12,512,0.0,,bw,static,static,results,Results,Results_LLAMA31,LLAMA3-BWB-Results,simulator_output_LLAMA3-BWB_bwplacement_bs16_staticreq_statictask,SCRUBBED_TIME+LLAMA3-BWB_BMPD512_8_4_12
16,8,0,0,5,11,512,0.0,,bw,static,static,results,Results,Results_LLAMA31,LLAMA3-BWB-Results,simulator_output_LLAMA3-BWB_bwplacement_bs16_staticreq_statictask,SCRUBBED_TIME+LLAMA3-BWB_BMPD512_8_5_11
16,8,0,0,6,10,512,0.0,,bw,static,static,results,Results,Results_LLAMA31,LLAMA3-BWB-Results,simulator_output_LLAMA3-BWB_bwplacement_bs16_staticreq_statictask,SCRUBBED_TIME+LLAMA3-BWB_BMPD512_8_6_10
16,8,0,0,8,8,512,0.0,,bw,static,static,results,Results,Results_LLAMA31,LLAMA3-BWB-Results,simulator_output_LLAMA3-BWB_bwplacement_bs16_staticreq_statictask,SCRUBBED_TIME+LLAMA3-BWB_BMPD512_8_8_8
16,8,0,0,7,9,512,0.0,,bw,static,static,results,Results,Results_LLAMA31,LLAMA3-BWB-Results,simulator_output_LLAMA3-BWB_bwplacement_bs16_staticreq_statictask,SCRUBBED_TIME+LLAMA3-BWB_BMPD512_8_7_9
16,8,0,0,9,7,512,0.0,,bw,static,static,results,Results,Results_LLAMA31,LLAMA3-BWB-Results,simulator_output_LLAMA3-BWB_bwplacement_bs16_staticreq_statictask,SCRUBBED_TIME+LLAMA3-BWB_BMPD512_8_9_7
16,8,0,0,10,6,512,0.0,,bw,static,static,results,Results,Results_LLAMA31,LLAMA3-BWB-Results,simulator_output_LLAMA3-BWB_bwplacement_bs16_staticreq_statictask,SCRUBBED_TIME+LLAMA3-BWB_BMPD512_8_10_6
16,8,0,0,11,5,512,0.0,,bw,static,static,results,Results,Results_LLAMA31,LLAMA3-BWB-Results,simulator_output_LLAMA3-BWB_bwplacement_bs16_staticreq_statictask,SCRUBBED_TIME+LLAMA3-BWB_BMPD512_8_11_5
16,8,0,0,12,4,512,0.0,,bw,static,static,results,Results,Results_LLAMA31,LLAMA3-BWB-Results,simulator_output_LLAMA3-BWB_bwplacement_bs16_staticreq_statictask,SCRUBBED_TIME+LLAMA3-BWB_BMPD512_8_12_4
16,8,0,0,13,3,512,0.0,,bw,static,static,results,Results,Results_LLAMA31,LLAMA3-BWB-Results,simulator_output_LLAMA3-BWB_bwplacement_bs16_staticreq_statictask,SCRUBBED_TIME+LLAMA3-BWB_BMPD512_8_13_3
16,8,0,0,14,2,512,0.0,,bw,static,static,results,Results,Results_LLAMA31,LLAMA3-BWB-Results,simulator_output_LLAMA3-BWB_bwplacement_bs16_staticreq_statictask,SCRUBBED_TIME+LLAMA3-BWB_BMPD512_8_14_2
16,9,0,0,1,14,512,0.0,,bw,static,static,results,Results,Results_LLAMA31,LLAMA3-BWB-Results,simulator_output_LLAMA3-BWB_bwplacement_bs16_staticreq_statictask,SCRUBBED_TIME+LLAMA3-BWB_BMPD512_9_1_14
16,8,0,0,15,1,512,0.0,,bw,static,static,results,Results,Results_LLAMA31,LLAMA3-BWB-Results,simulator_output_LLAMA3-BWB_bwplacement_bs16_staticreq_statictask,SCRUBBED_TIME+LLAMA3-BWB_BMPD512_8_15_1
16,9,0,0,2,13,512,0.0,,bw,static,static,results,Results,Results_LLAMA31,LLAMA3-BWB-Results,simulator_output_LLAMA3-BWB_bwplacement_bs16_staticreq_statictask,SCRUBBED_TIME+LLAMA3-BWB_BMPD512_9_2_13
16,9,0,0,3,12,512,0.0,,bw,static,static,results,Results,Results_LLAMA31,LLAMA3-BWB-Results,simulator_output_LLAMA3-BWB_bwplacement_bs16_staticreq_statictask,SCRUBBED_TIME+LLAMA3-BWB_BMPD512_9_3_12
16,9,0,0,4,11,512,0.0,,bw,static,static,results,Results,Results_LLAMA31,LLAMA3-BWB-Results,simulator_output_LLAMA3-BWB_bwplacement_bs16_staticreq_statictask,SCRUBBED_TIME+LLAMA3-BWB_BMPD512_9_4_11
16,9,0,0,5,10,512,0.0,,bw,static,static,results,Results,Results_LLAMA31,LLAMA3-BWB-Results,simulator_output_LLAMA3-BWB_bwplacement_bs16_staticreq_statictask,SCRUBBED_TIME+LLAMA3-BWB_BMPD512_9_5_10
16,9,0,0,6,9,512,0.0,,bw,static,static,results,Results,Results_LLAMA31,LLAMA3-BWB-Results,simulator_output_LLAMA3-BWB_bwplacement_bs16_staticreq_statictask,SCRUBBED_TIME+LLAMA3-BWB_BMPD512_9_6_9
16,9,0,0,7,8,512,0.0,,bw,static,static,results,Results,Results_LLAMA31,LLAMA3-BWB-Results,simulator_output_LLAMA3-BWB_bwplacement_bs16_staticreq_statictask,SCRUBBED_TIME+LLAMA3-BWB_BMPD512_9_7_8
16,9,0,0,8,7,512,0.0,,bw,static,static,results,Results,Results_LLAMA31,LLAMA3-BWB-Results,simulator_output_LLAMA3-BWB_bwplacement_bs16_staticreq_statictask,SCRUBBED_TIME+LLAMA3-BWB_BMPD512_9_8_7
16,9,0,0,9,6,512,0.0,,bw,static,static,results,Results,Results_LLAMA31,LLAMA3-BWB-Results,simulator_output_LLAMA3-BWB_bwplacement_bs16_staticreq_statictask,SCRUBBED_TIME+LLAMA3-BWB_BMPD512_9_9_6
16,9,0,0,11,4,512,0.0,,bw,static,static,results,Results,Results_LLAMA31,LLAMA3-BWB-Results,simulator_output_LLAMA3-BWB_bwplacement_bs16_staticreq_statictask,SCRUBBED_TIME+LLAMA3-BWB_BMPD512_9_11_4
16,9,0,0,13,2,512,0.0,,bw,static,static,results,Results,Results_LLAMA31,LLAMA3-BWB-Results,simulator_output_LLAMA3-BWB_bwplacement_bs16_staticreq_statictask,SCRUBBED_TIME+LLAMA3-BWB_BMPD512_9_13_2
16,9,0,0,14,1,512,0.0,,bw,static,static,results,Results,Results_LLAMA31,LLAMA3-BWB-Results,simulator_output_LLAMA3-BWB_bwplacement_bs16_staticreq_statictask,SCRUBBED_TIME+LLAMA3-BWB_BMPD512_9_14_1
16,9,0,0,10,5,512,0.0,,bw,static,static,results,Results,Results_LLAMA31,LLAMA3-BWB-Results,simulator_output_LLAMA3-BWB_bwplacement_bs16_staticreq_statictask,SCRUBBED_TIME+LLAMA3-BWB_BMPD512_9_10_5
16,9,0,0,12,3,512,0.0,,bw,static,static,results,Results,Results_LLAMA31,LLAMA3-BWB-Results,simulator_output_LLAMA3-BWB_bwplacement_bs16_staticreq_statictask,SCRUBBED_TIME+LLAMA3-BWB_BMPD512_9_12_3
16,10,0,0,3,11,512,0.0,,bw,static,static,results,Results,Results_LLAMA31,LLAMA3-BWB-Results,simulator_output_LLAMA3-BWB_bwplacement_bs16_staticreq_statictask,SCRUBBED_TIME+LLAMA3-BWB_BMPD512_10_3_11
16,10,0,0,1,13,512,0.0,,bw,static,static,results,Results,Results_LLAMA31,LLAMA3-BWB-Results,simulator_output_LLAMA3-BWB_bwplacement_bs16_staticreq_statictask,SCRUBBED_TIME+LLAMA3-BWB_BMPD512_10_1_13
16,10,0,0,4,10,512,0.0,,bw,static,static,results,Results,Results_LLAMA31,LLAMA3-BWB-Results,simulator_output_LLAMA3-BWB_bwplacement_bs16_staticreq_statictask,SCRUBBED_TIME+LLAMA3-BWB_BMPD512_10_4_10
16,10,0,0,2,12,512,0.0,,bw,static,static,results,Results,Results_LLAMA31,LLAMA3-BWB-Results,simulator_output_LLAMA3-BWB_bwplacement_bs16_staticreq_statictask,SCRUBBED_TIME+LLAMA3-BWB_BMPD512_10_2_12
16,10,0,0,6,8,512,0.0,,bw,static,static,results,Results,Results_LLAMA31,LLAMA3-BWB-Results,simulator_output_LLAMA3-BWB_bwplacement_bs16_staticreq_statictask,SCRUBBED_TIME+LLAMA3-BWB_BMPD512_10_6_8
16,10,0,0,5,9,512,0.0,,bw,static,static,results,Results,Results_LLAMA31,LLAMA3-BWB-Results,simulator_output_LLAMA3-BWB_bwplacement_bs16_staticreq_statictask,SCRUBBED_TIME+LLAMA3-BWB_BMPD512_10_5_9
16,10,0,0,8,6,512,0.0,,bw,static,static,results,Results,Results_LLAMA31,LLAMA3-BWB-Results,simulator_output_LLAMA3-BWB_bwplacement_bs16_staticreq_statictask,SCRUBBED_TIME+LLAMA3-BWB_BMPD512_10_8_6
16,10,0,0,7,7,512,0.0,,bw,static,static,results,Results,Results_LLAMA31,LLAMA3-BWB-Results,simulator_output_LLAMA3-BWB_bwplacement_bs16_staticreq_statictask,SCRUBBED_TIME+LLAMA3-BWB_BMPD512_10_7_7
16,10,0,0,9,5,512,0.0,,bw,static,static,results,Results,Results_LLAMA31,LLAMA3-BWB-Results,simulator_output_LLAMA3-BWB_bwplacement_bs16_staticreq_statictask,SCRUBBED_TIME+LLAMA3-BWB_BMPD512_10_9_5
16,10,0,0,10,4,512,0.0,,bw,static,static,results,Results,Results_LLAMA31,LLAMA3-BWB-Results,simulator_output_LLAMA3-BWB_bwplacement_bs16_staticreq_statictask,SCRUBBED_TIME+LLAMA3-BWB_BMPD512_10_10_4
16,10,0,0,11,3,512,0.0,,bw,static,static,results,Results,Results_LLAMA31,LLAMA3-BWB-Results,simulator_output_LLAMA3-BWB_bwplacement_bs16_staticreq_statictask,SCRUBBED_TIME+LLAMA3-BWB_BMPD512_10_11_3
16,10,0,0,12,2,512,0.0,,bw,static,static,results,Results,Results_LLAMA31,LLAMA3-BWB-Results,simulator_output_LLAMA3-BWB_bwplacement_bs16_staticreq_statictask,SCRUBBED_TIME+LLAMA3-BWB_BMPD512_10_12_2
16,10,0,0,13,1,512,0.0,,bw,static,static,results,Results,Results_LLAMA31,LLAMA3-BWB-Results,simulator_output_LLAMA3-BWB_bwplacement_bs16_staticreq_statictask,SCRUBBED_TIME+LLAMA3-BWB_BMPD512_10_13_1
16,11,0,0,2,11,512,0.0,,bw,static,static,results,Results,Results_LLAMA31,LLAMA3-BWB-Results,simulator_output_LLAMA3-BWB_bwplacement_bs16_staticreq_statictask,SCRUBBED_TIME+LLAMA3-BWB_BMPD512_11_2_11
16,11,0,0,1,12,512,0.0,,bw,static,static,results,Results,Results_LLAMA31,LLAMA3-BWB-Results,simulator_output_LLAMA3-BWB_bwplacement_bs16_staticreq_statictask,SCRUBBED_TIME+LLAMA3-BWB_BMPD512_11_1_12
16,11,0,0,3,10,512,0.0,,bw,static,static,results,Results,Results_LLAMA31,LLAMA3-BWB-Results,simulator_output_LLAMA3-BWB_bwplacement_bs16_staticreq_statictask,SCRUBBED_TIME+LLAMA3-BWB_BMPD512_11_3_10
16,11,0,0,4,9,512,0.0,,bw,static,static,results,Results,Results_LLAMA31,LLAMA3-BWB-Results,simulator_output_LLAMA3-BWB_bwplacement_bs16_staticreq_statictask,SCRUBBED_TIME+LLAMA3-BWB_BMPD512_11_4_9
16,11,0,0,5,8,512,0.0,,bw,static,static,results,Results,Results_LLAMA31,LLAMA3-BWB-Results,simulator_output_LLAMA3-BWB_bwplacement_bs16_staticreq_statictask,SCRUBBED_TIME+LLAMA3-BWB_BMPD512_11_5_8
16,11,0,0,6,7,512,0.0,,bw,static,static,results,Results,Results_LLAMA31,LLAMA3-BWB-Results,simulator_output_LLAMA3-BWB_bwplacement_bs16_staticreq_statictask,SCRUBBED_TIME+LLAMA3-BWB_BMPD512_11_6_7
16,11,0,0,7,6,512,0.0,,bw,static,static,results,Results,Results_LLAMA31,LLAMA3-BWB-Results,simulator_output_LLAMA3-BWB_bwplacement_bs16_staticreq_statictask,SCRUBBED_TIME+LLAMA3-BWB_BMPD512_11_7_6
16,11,0,0,8,5,512,0.0,,bw,static,static,results,Results,Results_LLAMA31,LLAMA3-BWB-Results,simulator_output_LLAMA3-BWB_bwplacement_bs16_staticreq_statictask,SCRUBBED_TIME+LLAMA3-BWB_BMPD512_11_8_5
16,11,0,0,11,2,512,0.0,,bw,static,static,results,Results,Results_LLAMA31,LLAMA3-BWB-Results,simulator_output_LLAMA3-BWB_bwplacement_bs16_staticreq_statictask,SCRUBBED_TIME+LLAMA3-BWB_BMPD512_11_11_2
16,11,0,0,9,4,512,0.0,,bw,static,static,results,Results,Results_LLAMA31,LLAMA3-BWB-Results,simulator_output_LLAMA3-BWB_bwplacement_bs16_staticreq_statictask,SCRUBBED_TIME+LLAMA3-BWB_BMPD512_11_9_4
16,11,0,0,10,3,512,0.0,,bw,static,static,results,Results,Results_LLAMA31,LLAMA3-BWB-Results,simulator_output_LLAMA3-BWB_bwplacement_bs16_staticreq_statictask,SCRUBBED_TIME+LLAMA3-BWB_BMPD512_11_10_3
16,11,0,0,12,1,512,0.0,,bw,static,static,results,Results,Results_LLAMA31,LLAMA3-BWB-Results,simulator_output_LLAMA3-BWB_bwplacement_bs16_staticreq_statictask,SCRUBBED_TIME+LLAMA3-BWB_BMPD512_11_12_1
16,12,0,0,1,11,512,0.0,,bw,static,static,results,Results,Results_LLAMA31,LLAMA3-BWB-Results,simulator_output_LLAMA3-BWB_bwplacement_bs16_staticreq_statictask,SCRUBBED_TIME+LLAMA3-BWB_BMPD512_12_1_11
16,12,0,0,2,10,512,0.0,,bw,static,static,results,Results,Results_LLAMA31,LLAMA3-BWB-Results,simulator_output_LLAMA3-BWB_bwplacement_bs16_staticreq_statictask,SCRUBBED_TIME+LLAMA3-BWB_BMPD512_12_2_10
16,12,0,0,4,8,512,0.0,,bw,static,static,results,Results,Results_LLAMA31,LLAMA3-BWB-Results,simulator_output_LLAMA3-BWB_bwplacement_bs16_staticreq_statictask,SCRUBBED_TIME+LLAMA3-BWB_BMPD512_12_4_8
16,12,0,0,3,9,512,0.0,,bw,static,static,results,Results,Results_LLAMA31,LLAMA3-BWB-Results,simulator_output_LLAMA3-BWB_bwplacement_bs16_staticreq_statictask,SCRUBBED_TIME+LLAMA3-BWB_BMPD512_12_3_9
16,12,0,0,5,7,512,0.0,,bw,static,static,results,Results,Results_LLAMA31,LLAMA3-BWB-Results,simulator_output_LLAMA3-BWB_bwplacement_bs16_staticreq_statictask,SCRUBBED_TIME+LLAMA3-BWB_BMPD512_12_5_7
16,12,0,0,8,4,512,0.0,,bw,static,static,results,Results,Results_LLAMA31,LLAMA3-BWB-Results,simulator_output_LLAMA3-BWB_bwplacement_bs16_staticreq_statictask,SCRUBBED_TIME+LLAMA3-BWB_BMPD512_12_8_4
16,12,0,0,7,5,512,0.0,,bw,static,static,results,Results,Results_LLAMA31,LLAMA3-BWB-Results,simulator_output_LLAMA3-BWB_bwplacement_bs16_staticreq_statictask,SCRUBBED_TIME+LLAMA3-BWB_BMPD512_12_7_5
16,12,0,0,6,6,512,0.0,,bw,static,static,results,Results,Results_LLAMA31,LLAMA3-BWB-Results,simulator_output_LLAMA3-BWB_bwplacement_bs16_staticreq_statictask,SCRUBBED_TIME+LLAMA3-BWB_BMPD512_12_6_6
16,12,0,0,10,2,512,0.0,,bw,static,static,results,Results,Results_LLAMA31,LLAMA3-BWB-Results,simulator_output_LLAMA3-BWB_bwplacement_bs16_staticreq_statictask,SCRUBBED_TIME+LLAMA3-BWB_BMPD512_12_10_2
16,12,0,0,9,3,512,0.0,,bw,static,static,results,Results,Results_LLAMA31,LLAMA3-BWB-Results,simulator_output_LLAMA3-BWB_bwplacement_bs16_staticreq_statictask,SCRUBBED_TIME+LLAMA3-BWB_BMPD512_12_9_3
16,12,0,0,11,1,512,0.0,,bw,static,static,results,Results,Results_LLAMA31,LLAMA3-BWB-Results,simulator_output_LLAMA3-BWB_bwplacement_bs16_staticreq_statictask,SCRUBBED_TIME+LLAMA3-BWB_BMPD512_12_11_1
16,13,0,0,1,10,512,0.0,,bw,static,static,results,Results,Results_LLAMA31,LLAMA3-BWB-Results,simulator_output_LLAMA3-BWB_bwplacement_bs16_staticreq_statictask,SCRUBBED_TIME+LLAMA3-BWB_BMPD512_13_1_10
16,13,0,0,2,9,512,0.0,,bw,static,static,results,Results,Results_LLAMA31,LLAMA3-BWB-Results,simulator_output_LLAMA3-BWB_bwplacement_bs16_staticreq_statictask,SCRUBBED_TIME+LLAMA3-BWB_BMPD512_13_2_9
16,13,0,0,3,8,512,0.0,,bw,static,static,results,Results,Results_LLAMA31,LLAMA3-BWB-Results,simulator_output_LLAMA3-BWB_bwplacement_bs16_staticreq_statictask,SCRUBBED_TIME+LLAMA3-BWB_BMPD512_13_3_8
16,13,0,0,4,7,512,0.0,,bw,static,static,results,Results,Results_LLAMA31,LLAMA3-BWB-Results,simulator_output_LLAMA3-BWB_bwplacement_bs16_staticreq_statictask,SCRUBBED_TIME+LLAMA3-BWB_BMPD512_13_4_7
16,13,0,0,5,6,512,0.0,,bw,static,static,results,Results,Results_LLAMA31,LLAMA3-BWB-Results,simulator_output_LLAMA3-BWB_bwplacement_bs16_staticreq_statictask,SCRUBBED_TIME+LLAMA3-BWB_BMPD512_13_5_6
16,13,0,0,6,5,512,0.0,,bw,static,static,results,Results,Results_LLAMA31,LLAMA3-BWB-Results,simulator_output_LLAMA3-BWB_bwplacement_bs16_staticreq_statictask,SCRUBBED_TIME+LLAMA3-BWB_BMPD512_13_6_5
16,13,0,0,7,4,512,0.0,,bw,static,static,results,Results,Results_LLAMA31,LLAMA3-BWB-Results,simulator_output_LLAMA3-BWB_bwplacement_bs16_staticreq_statictask,SCRUBBED_TIME+LLAMA3-BWB_BMPD512_13_7_4
16,13,0,0,8,3,512,0.0,,bw,static,static,results,Results,Results_LLAMA31,LLAMA3-BWB-Results,simulator_output_LLAMA3-BWB_bwplacement_bs16_staticreq_statictask,SCRUBBED_TIME+LLAMA3-BWB_BMPD512_13_8_3
16,13,0,0,9,2,512,0.0,,bw,static,static,results,Results,Results_LLAMA31,LLAMA3-BWB-Results,simulator_output_LLAMA3-BWB_bwplacement_bs16_staticreq_statictask,SCRUBBED_TIME+LLAMA3-BWB_BMPD512_13_9_2
16,13,0,0,10,1,512,0.0,,bw,static,static,results,Results,Results_LLAMA31,LLAMA3-BWB-Results,simulator_output_LLAMA3-BWB_bwplacement_bs16_staticreq_statictask,SCRUBBED_TIME+LLAMA3-BWB_BMPD512_13_10_1
16,14,0,0,1,9,512,0.0,,bw,static,static,results,Results,Results_LLAMA31,LLAMA3-BWB-Results,simulator_output_LLAMA3-BWB_bwplacement_bs16_staticreq_statictask,SCRUBBED_TIME+LLAMA3-BWB_BMPD512_14_1_9
16,14,0,0,2,8,512,0.0,,bw,static,static,results,Results,Results_LLAMA31,LLAMA3-BWB-Results,simulator_output_LLAMA3-BWB_bwplacement_bs16_staticreq_statictask,SCRUBBED_TIME+LLAMA3-BWB_BMPD512_14_2_8
16,14,0,0,4,6,512,0.0,,bw,static,static,results,Results,Results_LLAMA31,LLAMA3-BWB-Results,simulator_output_LLAMA3-BWB_bwplacement_bs16_staticreq_statictask,SCRUBBED_TIME+LLAMA3-BWB_BMPD512_14_4_6
16,14,0,0,3,7,512,0.0,,bw,static,static,results,Results,Results_LLAMA31,LLAMA3-BWB-Results,simulator_output_LLAMA3-BWB_bwplacement_bs16_staticreq_statictask,SCRUBBED_TIME+LLAMA3-BWB_BMPD512_14_3_7
16,14,0,0,6,4,512,0.0,,bw,static,static,results,Results,Results_LLAMA31,LLAMA3-BWB-Results,simulator_output_LLAMA3-BWB_bwplacement_bs16_staticreq_statictask,SCRUBBED_TIME+LLAMA3-BWB_BMPD512_14_6_4
16,14,0,0,7,3,512,0.0,,bw,static,static,results,Results,Results_LLAMA31,LLAMA3-BWB-Results,simulator_output_LLAMA3-BWB_bwplacement_bs16_staticreq_statictask,SCRUBBED_TIME+LLAMA3-BWB_BMPD512_14_7_3
16,14,0,0,5,5,512,0.0,,bw,static,static,results,Results,Results_LLAMA31,LLAMA3-BWB-Results,simulator_output_LLAMA3-BWB_bwplacement_bs16_staticreq_statictask,SCRUBBED_TIME+LLAMA3-BWB_BMPD512_14_5_5
16,14,0,0,8,2,512,0.0,,bw,static,static,results,Results,Results_LLAMA31,LLAMA3-BWB-Results,simulator_output_LLAMA3-BWB_bwplacement_bs16_staticreq_statictask,SCRUBBED_TIME+LLAMA3-BWB_BMPD512_14_8_2
16,14,0,0,9,1,512,0.0,,bw,static,static,results,Results,Results_LLAMA31,LLAMA3-BWB-Results,simulator_output_LLAMA3-BWB_bwplacement_bs16_staticreq_statictask,SCRUBBED_TIME+LLAMA3-BWB_BMPD512_14_9_1
16,15,0,0,1,8,512,0.0,,bw,static,static,results,Results,Results_LLAMA31,LLAMA3-BWB-Results,simulator_output_LLAMA3-BWB_bwplacement_bs16_staticreq_statictask,SCRUBBED_TIME+LLAMA3-BWB_BMPD512_15_1_8
16,15,0,0,2,7,512,0.0,,bw,static,static,results,Results,Results_LLAMA31,LLAMA3-BWB-Results,simulator_output_LLAMA3-BWB_bwplacement_bs16_staticreq_statictask,SCRUBBED_TIME+LLAMA3-BWB_BMPD512_15_2_7
16,15,0,0,3,6,512,0.0,,bw,static,static,results,Results,Results_LLAMA31,LLAMA3-BWB-Results,simulator_output_LLAMA3-BWB_bwplacement_bs16_staticreq_statictask,SCRUBBED_TIME+LLAMA3-BWB_BMPD512_15_3_6
16,15,0,0,4,5,512,0.0,,bw,static,static,results,Results,Results_LLAMA31,LLAMA3-BWB-Results,simulator_output_LLAMA3-BWB_bwplacement_bs16_staticreq_statictask,SCRUBBED_TIME+LLAMA3-BWB_BMPD512_15_4_5
16,15,0,0,5,4,512,0.0,,bw,static,static,results,Results,Results_LLAMA31,LLAMA3-BWB-Results,simulator_output_LLAMA3-BWB_bwplacement_bs16_staticreq_statictask,SCRUBBED_TIME+LLAMA3-BWB_BMPD512_15_5_4
16,15,0,0,6,3,512,0.0,,bw,static,static,results,Results,Results_LLAMA31,LLAMA3-BWB-Results,simulator_output_LLAMA3-BWB_bwplacement_bs16_staticreq_statictask,SCRUBBED_TIME+LLAMA3-BWB_BMPD512_15_6_3
16,15,0,0,7,2,512,0.0,,bw,static,static,results,Results,Results_LLAMA31,LLAMA3-BWB-Results,simulator_output_LLAMA3-BWB_bwplacement_bs16_staticreq_statictask,SCRUBBED_TIME+LLAMA3-BWB_BMPD512_15_7_2
16,16,0,0,1,7,512,0.0,,bw,static,static,results,Results,Results_LLAMA31,LLAMA3-BWB-Results,simulator_output_LLAMA3-BWB_bwplacement_bs16_staticreq_statictask,SCRUBBED_TIME+LLAMA3-BWB_BMPD512_16_1_7
16,15,0,0,8,1,512,0.0,,bw,static,static,results,Results,Results_LLAMA31,LLAMA3-BWB-Results,simulator_output_LLAMA3-BWB_bwplacement_bs16_staticreq_statictask,SCRUBBED_TIME+LLAMA3-BWB_BMPD512_15_8_1
16,16,0,0,2,6,512,0.0,,bw,static,static,results,Results,Results_LLAMA31,LLAMA3-BWB-Results,simulator_output_LLAMA3-BWB_bwplacement_bs16_staticreq_statictask,SCRUBBED_TIME+LLAMA3-BWB_BMPD512_16_2_6
16,16,0,0,6,2,512,0.0,,bw,static,static,results,Results,Results_LLAMA31,LLAMA3-BWB-Results,simulator_output_LLAMA3-BWB_bwplacement_bs16_staticreq_statictask,SCRUBBED_TIME+LLAMA3-BWB_BMPD512_16_6_2
16,16,0,0,4,4,512,0.0,,bw,static,static,results,Results,Results_LLAMA31,LLAMA3-BWB-Results,simulator_output_LLAMA3-BWB_bwplacement_bs16_staticreq_statictask,SCRUBBED_TIME+LLAMA3-BWB_BMPD512_16_4_4
16,16,0,0,3,5,512,0.0,,bw,static,static,results,Results,Results_LLAMA31,LLAMA3-BWB-Results,simulator_output_LLAMA3-BWB_bwplacement_bs16_staticreq_statictask,SCRUBBED_TIME+LLAMA3-BWB_BMPD512_16_3_5
16,16,0,0,5,3,512,0.0,,bw,static,static,results,Results,Results_LLAMA31,LLAMA3-BWB-Results,simulator_output_LLAMA3-BWB_bwplacement_bs16_staticreq_statictask,SCRUBBED_TIME+LLAMA3-BWB_BMPD512_16_5_3
16,16,0,0,7,1,512,0.0,,bw,static,static,results,Results,Results_LLAMA31,LLAMA3-BWB-Results,simulator_output_LLAMA3-BWB_bwplacement_bs16_staticreq_statictask,SCRUBBED_TIME+LLAMA3-BWB_BMPD512_16_7_1
16,3,0,0,12,9,640,0.0,,bw,static,static,results,Results,Results_LLAMA31,LLAMA3-BWB-Results,simulator_output_LLAMA3-BWB_bwplacement_bs16_staticreq_statictask,SCRUBBED_TIME+LLAMA3-BWB_BMPD640_3_12_9
16,3,0,0,18,3,640,0.0,,bw,static,static,results,Results,Results_LLAMA31,LLAMA3-BWB-Results,simulator_output_LLAMA3-BWB_bwplacement_bs16_staticreq_statictask,SCRUBBED_TIME+LLAMA3-BWB_BMPD640_3_18_3
16,2,0,0,6,16,640,0.0,,bw,static,static,results,Results,Results_LLAMA31,LLAMA3-BWB-Results,simulator_output_LLAMA3-BWB_bwplacement_bs16_staticreq_statictask,SCRUBBED_TIME+LLAMA3-BWB_BMPD640_2_6_16
16,2,0,0,12,10,640,0.0,,bw,static,static,results,Results,Results_LLAMA31,LLAMA3-BWB-Results,simulator_output_LLAMA3-BWB_bwplacement_bs16_staticreq_statictask,SCRUBBED_TIME+LLAMA3-BWB_BMPD640_2_12_10
16,3,0,0,19,2,640,0.0,,bw,static,static,results,Results,Results_LLAMA31,LLAMA3-BWB-Results,simulator_output_LLAMA3-BWB_bwplacement_bs16_staticreq_statictask,SCRUBBED_TIME+LLAMA3-BWB_BMPD640_3_19_2
16,3,0,0,6,15,640,0.0,,bw,static,static,results,Results,Results_LLAMA31,LLAMA3-BWB-Results,simulator_output_LLAMA3-BWB_bwplacement_bs16_staticreq_statictask,SCRUBBED_TIME+LLAMA3-BWB_BMPD640_3_6_15
16,3,0,0,13,8,640,0.0,,bw,static,static,results,Results,Results_LLAMA31,LLAMA3-BWB-Results,simulator_output_LLAMA3-BWB_bwplacement_bs16_staticreq_statictask,SCRUBBED_TIME+LLAMA3-BWB_BMPD640_3_13_8
16,2,0,0,5,17,640,0.0,,bw,static,static,results,Results,Results_LLAMA31,LLAMA3-BWB-Results,simulator_output_LLAMA3-BWB_bwplacement_bs16_staticreq_statictask,SCRUBBED_TIME+LLAMA3-BWB_BMPD640_2_5_17
16,2,0,0,15,7,640,0.0,,bw,static,static,results,Results,Results_LLAMA31,LLAMA3-BWB-Results,simulator_output_LLAMA3-BWB_bwplacement_bs16_staticreq_statictask,SCRUBBED_TIME+LLAMA3-BWB_BMPD640_2_15_7
16,2,0,0,14,8,640,0.0,,bw,static,static,results,Results,Results_LLAMA31,LLAMA3-BWB-Results,simulator_output_LLAMA3-BWB_bwplacement_bs16_staticreq_statictask,SCRUBBED_TIME+LLAMA3-BWB_BMPD640_2_14_8
16,3,0,0,7,14,640,0.0,,bw,static,static,results,Results,Results_LLAMA31,LLAMA3-BWB-Results,simulator_output_LLAMA3-BWB_bwplacement_bs16_staticreq_statictask,SCRUBBED_TIME+LLAMA3-BWB_BMPD640_3_7_14
16,3,0,0,1,20,640,0.0,,bw,static,static,results,Results,Results_LLAMA31,LLAMA3-BWB-Results,simulator_output_LLAMA3-BWB_bwplacement_bs16_staticreq_statictask,SCRUBBED_TIME+LLAMA3-BWB_BMPD640_3_1_20
16,3,0,0,9,12,640,0.0,,bw,static,static,results,Results,Results_LLAMA31,LLAMA3-BWB-Results,simulator_output_LLAMA3-BWB_bwplacement_bs16_staticreq_statictask,SCRUBBED_TIME+LLAMA3-BWB_BMPD640_3_9_12
16,2,0,0,17,5,640,0.0,,bw,static,static,results,Results,Results_LLAMA31,LLAMA3-BWB-Results,simulator_output_LLAMA3-BWB_bwplacement_bs16_staticreq_statictask,SCRUBBED_TIME+LLAMA3-BWB_BMPD640_2_17_5
16,2,0,0,4,18,640,0.0,,bw,static,static,results,Results,Results_LLAMA31,LLAMA3-BWB-Results,simulator_output_LLAMA3-BWB_bwplacement_bs16_staticreq_statictask,SCRUBBED_TIME+LLAMA3-BWB_BMPD640_2_4_18
16,2,0,0,1,21,640,0.0,,bw,static,static,results,Results,Results_LLAMA31,LLAMA3-BWB-Results,simulator_output_LLAMA3-BWB_bwplacement_bs16_staticreq_statictask,SCRUBBED_TIME+LLAMA3-BWB_BMPD640_2_1_21
16,3,0,0,4,17,640,0.0,,bw,static,static,results,Results,Results_LLAMA31,LLAMA3-BWB-Results,simulator_output_LLAMA3-BWB_bwplacement_bs16_staticreq_statictask,SCRUBBED_TIME+LLAMA3-BWB_BMPD640_3_4_17
16,2,0,0,20,2,640,0.0,,bw,static,static,results,Results,Results_LLAMA31,LLAMA3-BWB-Results,simulator_output_LLAMA3-BWB_bwplacement_bs16_staticreq_statictask,SCRUBBED_TIME+LLAMA3-BWB_BMPD640_2_20_2
16,2,0,0,13,9,640,0.0,,bw,static,static,results,Results,Results_LLAMA31,LLAMA3-BWB-Results,simulator_output_LLAMA3-BWB_bwplacement_bs16_staticreq_statictask,SCRUBBED_TIME+LLAMA3-BWB_BMPD640_2_13_9
16,3,0,0,16,5,640,0.0,,bw,static,static,results,Results,Results_LLAMA31,LLAMA3-BWB-Results,simulator_output_LLAMA3-BWB_bwplacement_bs16_staticreq_statictask,SCRUBBED_TIME+LLAMA3-BWB_BMPD640_3_16_5
16,3,0,0,8,13,640,0.0,,bw,static,static,results,Results,Results_LLAMA31,LLAMA3-BWB-Results,simulator_output_LLAMA3-BWB_bwplacement_bs16_staticreq_statictask,SCRUBBED_TIME+LLAMA3-BWB_BMPD640_3_8_13
16,3,0,0,10,11,640,0.0,,bw,static,static,results,Results,Results_LLAMA31,LLAMA3-BWB-Results,simulator_output_LLAMA3-BWB_bwplacement_bs16_staticreq_statictask,SCRUBBED_TIME+LLAMA3-BWB_BMPD640_3_10_11
16,3,0,0,5,16,640,0.0,,bw,static,static,results,Results,Results_LLAMA31,LLAMA3-BWB-Results,simulator_output_LLAMA3-BWB_bwplacement_bs16_staticreq_statictask,SCRUBBED_TIME+LLAMA3-BWB_BMPD640_3_5_16
16,2,0,0,3,19,640,0.0,,bw,static,static,results,Results,Results_LLAMA31,LLAMA3-BWB-Results,simulator_output_LLAMA3-BWB_bwplacement_bs16_staticreq_statictask,SCRUBBED_TIME+LLAMA3-BWB_BMPD640_2_3_19
16,3,0,0,14,7,640,0.0,,bw,static,static,results,Results,Results_LLAMA31,LLAMA3-BWB-Results,simulator_output_LLAMA3-BWB_bwplacement_bs16_staticreq_statictask,SCRUBBED_TIME+LLAMA3-BWB_BMPD640_3_14_7
16,3,0,0,11,10,640,0.0,,bw,static,static,results,Results,Results_LLAMA31,LLAMA3-BWB-Results,simulator_output_LLAMA3-BWB_bwplacement_bs16_staticreq_statictask,SCRUBBED_TIME+LLAMA3-BWB_BMPD640_3_11_10
16,3,0,0,3,18,640,0.0,,bw,static,static,results,Results,Results_LLAMA31,LLAMA3-BWB-Results,simulator_output_LLAMA3-BWB_bwplacement_bs16_staticreq_statictask,SCRUBBED_TIME+LLAMA3-BWB_BMPD640_3_3_18
16,3,0,0,2,19,640,0.0,,bw,static,static,results,Results,Results_LLAMA31,LLAMA3-BWB-Results,simulator_output_LLAMA3-BWB_bwplacement_bs16_staticreq_statictask,SCRUBBED_TIME+LLAMA3-BWB_BMPD640_3_2_19
16,2,0,0,9,13,640,0.0,,bw,static,static,results,Results,Results_LLAMA31,LLAMA3-BWB-Results,simulator_output_LLAMA3-BWB_bwplacement_bs16_staticreq_statictask,SCRUBBED_TIME+LLAMA3-BWB_BMPD640_2_9_13
16,3,0,0,17,4,640,0.0,,bw,static,static,results,Results,Results_LLAMA31,LLAMA3-BWB-Results,simulator_output_LLAMA3-BWB_bwplacement_bs16_staticreq_statictask,SCRUBBED_TIME+LLAMA3-BWB_BMPD640_3_17_4
16,2,0,0,18,4,640,0.0,,bw,static,static,results,Results,Results_LLAMA31,LLAMA3-BWB-Results,simulator_output_LLAMA3-BWB_bwplacement_bs16_staticreq_statictask,SCRUBBED_TIME+LLAMA3-BWB_BMPD640_2_18_4
16,2,0,0,19,3,640,0.0,,bw,static,static,results,Results,Results_LLAMA31,LLAMA3-BWB-Results,simulator_output_LLAMA3-BWB_bwplacement_bs16_staticreq_statictask,SCRUBBED_TIME+LLAMA3-BWB_BMPD640_2_19_3
16,2,0,0,16,6,640,0.0,,bw,static,static,results,Results,Results_LLAMA31,LLAMA3-BWB-Results,simulator_output_LLAMA3-BWB_bwplacement_bs16_staticreq_statictask,SCRUBBED_TIME+LLAMA3-BWB_BMPD640_2_16_6
16,2,0,0,2,20,640,0.0,,bw,static,static,results,Results,Results_LLAMA31,LLAMA3-BWB-Results,simulator_output_LLAMA3-BWB_bwplacement_bs16_staticreq_statictask,SCRUBBED_TIME+LLAMA3-BWB_BMPD640_2_2_20
16,2,0,0,7,15,640,0.0,,bw,static,static,results,Results,Results_LLAMA31,LLAMA3-BWB-Results,simulator_output_LLAMA3-BWB_bwplacement_bs16_staticreq_statictask,SCRUBBED_TIME+LLAMA3-BWB_BMPD640_2_7_15
16,3,0,0,15,6,640,0.0,,bw,static,static,results,Results,Results_LLAMA31,LLAMA3-BWB-Results,simulator_output_LLAMA3-BWB_bwplacement_bs16_staticreq_statictask,SCRUBBED_TIME+LLAMA3-BWB_BMPD640_3_15_6
16,2,0,0,21,1,640,0.0,,bw,static,static,results,Results,Results_LLAMA31,LLAMA3-BWB-Results,simulator_output_LLAMA3-BWB_bwplacement_bs16_staticreq_statictask,SCRUBBED_TIME+LLAMA3-BWB_BMPD640_2_21_1
16,2,0,0,11,11,640,0.0,,bw,static,static,results,Results,Results_LLAMA31,LLAMA3-BWB-Results,simulator_output_LLAMA3-BWB_bwplacement_bs16_staticreq_statictask,SCRUBBED_TIME+LLAMA3-BWB_BMPD640_2_11_11
16,2,0,0,8,14,640,0.0,,bw,static,static,results,Results,Results_LLAMA31,LLAMA3-BWB-Results,simulator_output_LLAMA3-BWB_bwplacement_bs16_staticreq_statictask,SCRUBBED_TIME+LLAMA3-BWB_BMPD640_2_8_14
16,2,0,0,10,12,640,0.0,,bw,static,static,results,Results,Results_LLAMA31,LLAMA3-BWB-Results,simulator_output_LLAMA3-BWB_bwplacement_bs16_staticreq_statictask,SCRUBBED_TIME+LLAMA3-BWB_BMPD640_2_10_12
16,3,0,0,20,1,640,0.0,,bw,static,static,results,Results,Results_LLAMA31,LLAMA3-BWB-Results,simulator_output_LLAMA3-BWB_bwplacement_bs16_staticreq_statictask,SCRUBBED_TIME+LLAMA3-BWB_BMPD640_3_20_1
16,4,0,0,2,18,640,0.0,,bw,static,static,results,Results,Results_LLAMA31,LLAMA3-BWB-Results,simulator_output_LLAMA3-BWB_bwplacement_bs16_staticreq_statictask,SCRUBBED_TIME+LLAMA3-BWB_BMPD640_4_2_18
16,4,0,0,1,19,640,0.0,,bw,static,static,results,Results,Results_LLAMA31,LLAMA3-BWB-Results,simulator_output_LLAMA3-BWB_bwplacement_bs16_staticreq_statictask,SCRUBBED_TIME+LLAMA3-BWB_BMPD640_4_1_19
16,4,0,0,3,17,640,0.0,,bw,static,static,results,Results,Results_LLAMA31,LLAMA3-BWB-Results,simulator_output_LLAMA3-BWB_bwplacement_bs16_staticreq_statictask,SCRUBBED_TIME+LLAMA3-BWB_BMPD640_4_3_17
16,4,0,0,4,16,640,0.0,,bw,static,static,results,Results,Results_LLAMA31,LLAMA3-BWB-Results,simulator_output_LLAMA3-BWB_bwplacement_bs16_staticreq_statictask,SCRUBBED_TIME+LLAMA3-BWB_BMPD640_4_4_16
16,4,0,0,7,13,640,0.0,,bw,static,static,results,Results,Results_LLAMA31,LLAMA3-BWB-Results,simulator_output_LLAMA3-BWB_bwplacement_bs16_staticreq_statictask,SCRUBBED_TIME+LLAMA3-BWB_BMPD640_4_7_13
16,4,0,0,5,15,640,0.0,,bw,static,static,results,Results,Results_LLAMA31,LLAMA3-BWB-Results,simulator_output_LLAMA3-BWB_bwplacement_bs16_staticreq_statictask,SCRUBBED_TIME+LLAMA3-BWB_BMPD640_4_5_15
16,4,0,0,10,10,640,0.0,,bw,static,static,results,Results,Results_LLAMA31,LLAMA3-BWB-Results,simulator_output_LLAMA3-BWB_bwplacement_bs16_staticreq_statictask,SCRUBBED_TIME+LLAMA3-BWB_BMPD640_4_10_10
16,4,0,0,11,9,640,0.0,,bw,static,static,results,Results,Results_LLAMA31,LLAMA3-BWB-Results,simulator_output_LLAMA3-BWB_bwplacement_bs16_staticreq_statictask,SCRUBBED_TIME+LLAMA3-BWB_BMPD640_4_11_9
16,4,0,0,6,14,640,0.0,,bw,static,static,results,Results,Results_LLAMA31,LLAMA3-BWB-Results,simulator_output_LLAMA3-BWB_bwplacement_bs16_staticreq_statictask,SCRUBBED_TIME+LLAMA3-BWB_BMPD640_4_6_14
16,4,0,0,8,12,640,0.0,,bw,static,static,results,Results,Results_LLAMA31,LLAMA3-BWB-Results,simulator_output_LLAMA3-BWB_bwplacement_bs16_staticreq_statictask,SCRUBBED_TIME+LLAMA3-BWB_BMPD640_4_8_12
16,4,0,0,9,11,640,0.0,,bw,static,static,results,Results,Results_LLAMA31,LLAMA3-BWB-Results,simulator_output_LLAMA3-BWB_bwplacement_bs16_staticreq_statictask,SCRUBBED_TIME+LLAMA3-BWB_BMPD640_4_9_11
16,4,0,0,16,4,640,0.0,,bw,static,static,results,Results,Results_LLAMA31,LLAMA3-BWB-Results,simulator_output_LLAMA3-BWB_bwplacement_bs16_staticreq_statictask,SCRUBBED_TIME+LLAMA3-BWB_BMPD640_4_16_4
16,4,0,0,12,8,640,0.0,,bw,static,static,results,Results,Results_LLAMA31,LLAMA3-BWB-Results,simulator_output_LLAMA3-BWB_bwplacement_bs16_staticreq_statictask,SCRUBBED_TIME+LLAMA3-BWB_BMPD640_4_12_8
16,5,0,0,5,14,640,0.0,,bw,static,static,results,Results,Results_LLAMA31,LLAMA3-BWB-Results,simulator_output_LLAMA3-BWB_bwplacement_bs16_staticreq_statictask,SCRUBBED_TIME+LLAMA3-BWB_BMPD640_5_5_14
16,4,0,0,14,6,640,0.0,,bw,static,static,results,Results,Results_LLAMA31,LLAMA3-BWB-Results,simulator_output_LLAMA3-BWB_bwplacement_bs16_staticreq_statictask,SCRUBBED_TIME+LLAMA3-BWB_BMPD640_4_14_6
16,5,0,0,4,15,640,0.0,,bw,static,static,results,Results,Results_LLAMA31,LLAMA3-BWB-Results,simulator_output_LLAMA3-BWB_bwplacement_bs16_staticreq_statictask,SCRUBBED_TIME+LLAMA3-BWB_BMPD640_5_4_15
16,4,0,0,15,5,640,0.0,,bw,static,static,results,Results,Results_LLAMA31,LLAMA3-BWB-Results,simulator_output_LLAMA3-BWB_bwplacement_bs16_staticreq_statictask,SCRUBBED_TIME+LLAMA3-BWB_BMPD640_4_15_5
16,5,0,0,13,6,640,0.0,,bw,static,static,results,Results,Results_LLAMA31,LLAMA3-BWB-Results,simulator_output_LLAMA3-BWB_bwplacement_bs16_staticreq_statictask,SCRUBBED_TIME+LLAMA3-BWB_BMPD640_5_13_6
16,4,0,0,18,2,640,0.0,,bw,static,static,results,Results,Results_LLAMA31,LLAMA3-BWB-Results,simulator_output_LLAMA3-BWB_bwplacement_bs16_staticreq_statictask,SCRUBBED_TIME+LLAMA3-BWB_BMPD640_4_18_2
16,5,0,0,10,9,640,0.0,,bw,static,static,results,Results,Results_LLAMA31,LLAMA3-BWB-Results,simulator_output_LLAMA3-BWB_bwplacement_bs16_staticreq_statictask,SCRUBBED_TIME+LLAMA3-BWB_BMPD640_5_10_9
16,5,0,0,1,18,640,0.0,,bw,static,static,results,Results,Results_LLAMA31,LLAMA3-BWB-Results,simulator_output_LLAMA3-BWB_bwplacement_bs16_staticreq_statictask,SCRUBBED_TIME+LLAMA3-BWB_BMPD640_5_1_18
16,4,0,0,13,7,640,0.0,,bw,static,static,results,Results,Results_LLAMA31,LLAMA3-BWB-Results,simulator_output_LLAMA3-BWB_bwplacement_bs16_staticreq_statictask,SCRUBBED_TIME+LLAMA3-BWB_BMPD640_4_13_7
16,5,0,0,2,17,640,0.0,,bw,static,static,results,Results,Results_LLAMA31,LLAMA3-BWB-Results,simulator_output_LLAMA3-BWB_bwplacement_bs16_staticreq_statictask,SCRUBBED_TIME+LLAMA3-BWB_BMPD640_5_2_17
16,5,0,0,9,10,640,0.0,,bw,static,static,results,Results,Results_LLAMA31,LLAMA3-BWB-Results,simulator_output_LLAMA3-BWB_bwplacement_bs16_staticreq_statictask,SCRUBBED_TIME+LLAMA3-BWB_BMPD640_5_9_10
16,5,0,0,8,11,640,0.0,,bw,static,static,results,Results,Results_LLAMA31,LLAMA3-BWB-Results,simulator_output_LLAMA3-BWB_bwplacement_bs16_staticreq_statictask,SCRUBBED_TIME+LLAMA3-BWB_BMPD640_5_8_11
16,5,0,0,12,7,640,0.0,,bw,static,static,results,Results,Results_LLAMA31,LLAMA3-BWB-Results,simulator_output_LLAMA3-BWB_bwplacement_bs16_staticreq_statictask,SCRUBBED_TIME+LLAMA3-BWB_BMPD640_5_12_7
16,4,0,0,19,1,640,0.0,,bw,static,static,results,Results,Results_LLAMA31,LLAMA3-BWB-Results,simulator_output_LLAMA3-BWB_bwplacement_bs16_staticreq_statictask,SCRUBBED_TIME+LLAMA3-BWB_BMPD640_4_19_1
16,5,0,0,18,1,640,0.0,,bw,static,static,results,Results,Results_LLAMA31,LLAMA3-BWB-Results,simulator_output_LLAMA3-BWB_bwplacement_bs16_staticreq_statictask,SCRUBBED_TIME+LLAMA3-BWB_BMPD640_5_18_1
16,5,0,0,7,12,640,0.0,,bw,static,static,results,Results,Results_LLAMA31,LLAMA3-BWB-Results,simulator_output_LLAMA3-BWB_bwplacement_bs16_staticreq_statictask,SCRUBBED_TIME+LLAMA3-BWB_BMPD640_5_7_12
16,5,0,0,6,13,640,0.0,,bw,static,static,results,Results,Results_LLAMA31,LLAMA3-BWB-Results,simulator_output_LLAMA3-BWB_bwplacement_bs16_staticreq_statictask,SCRUBBED_TIME+LLAMA3-BWB_BMPD640_5_6_13
16,5,0,0,11,8,640,0.0,,bw,static,static,results,Results,Results_LLAMA31,LLAMA3-BWB-Results,simulator_output_LLAMA3-BWB_bwplacement_bs16_staticreq_statictask,SCRUBBED_TIME+LLAMA3-BWB_BMPD640_5_11_8
16,5,0,0,14,5,640,0.0,,bw,static,static,results,Results,Results_LLAMA31,LLAMA3-BWB-Results,simulator_output_LLAMA3-BWB_bwplacement_bs16_staticreq_statictask,SCRUBBED_TIME+LLAMA3-BWB_BMPD640_5_14_5
16,5,0,0,3,16,640,0.0,,bw,static,static,results,Results,Results_LLAMA31,LLAMA3-BWB-Results,simulator_output_LLAMA3-BWB_bwplacement_bs16_staticreq_statictask,SCRUBBED_TIME+LLAMA3-BWB_BMPD640_5_3_16
16,4,0,0,17,3,640,0.0,,bw,static,static,results,Results,Results_LLAMA31,LLAMA3-BWB-Results,simulator_output_LLAMA3-BWB_bwplacement_bs16_staticreq_statictask,SCRUBBED_TIME+LLAMA3-BWB_BMPD640_4_17_3
16,5,0,0,17,2,640,0.0,,bw,static,static,results,Results,Results_LLAMA31,LLAMA3-BWB-Results,simulator_output_LLAMA3-BWB_bwplacement_bs16_staticreq_statictask,SCRUBBED_TIME+LLAMA3-BWB_BMPD640_5_17_2
16,6,0,0,1,17,640,0.0,,bw,static,static,results,Results,Results_LLAMA31,LLAMA3-BWB-Results,simulator_output_LLAMA3-BWB_bwplacement_bs16_staticreq_statictask,SCRUBBED_TIME+LLAMA3-BWB_BMPD640_6_1_17
16,5,0,0,15,4,640,0.0,,bw,static,static,results,Results,Results_LLAMA31,LLAMA3-BWB-Results,simulator_output_LLAMA3-BWB_bwplacement_bs16_staticreq_statictask,SCRUBBED_TIME+LLAMA3-BWB_BMPD640_5_15_4
16,5,0,0,16,3,640,0.0,,bw,static,static,results,Results,Results_LLAMA31,LLAMA3-BWB-Results,simulator_output_LLAMA3-BWB_bwplacement_bs16_staticreq_statictask,SCRUBBED_TIME+LLAMA3-BWB_BMPD640_5_16_3
16,6,0,0,2,16,640,0.0,,bw,static,static,results,Results,Results_LLAMA31,LLAMA3-BWB-Results,simulator_output_LLAMA3-BWB_bwplacement_bs16_staticreq_statictask,SCRUBBED_TIME+LLAMA3-BWB_BMPD640_6_2_16
16,6,0,0,3,15,640,0.0,,bw,static,static,results,Results,Results_LLAMA31,LLAMA3-BWB-Results,simulator_output_LLAMA3-BWB_bwplacement_bs16_staticreq_statictask,SCRUBBED_TIME+LLAMA3-BWB_BMPD640_6_3_15
16,6,0,0,4,14,640,0.0,,bw,static,static,results,Results,Results_LLAMA31,LLAMA3-BWB-Results,simulator_output_LLAMA3-BWB_bwplacement_bs16_staticreq_statictask,SCRUBBED_TIME+LLAMA3-BWB_BMPD640_6_4_14
16,6,0,0,5,13,640,0.0,,bw,static,static,results,Results,Results_LLAMA31,LLAMA3-BWB-Results,simulator_output_LLAMA3-BWB_bwplacement_bs16_staticreq_statictask,SCRUBBED_TIME+LLAMA3-BWB_BMPD640_6_5_13
16,6,0,0,6,12,640,0.0,,bw,static,static,results,Results,Results_LLAMA31,LLAMA3-BWB-Results,simulator_output_LLAMA3-BWB_bwplacement_bs16_staticreq_statictask,SCRUBBED_TIME+LLAMA3-BWB_BMPD640_6_6_12
16,6,0,0,7,11,640,0.0,,bw,static,static,results,Results,Results_LLAMA31,LLAMA3-BWB-Results,simulator_output_LLAMA3-BWB_bwplacement_bs16_staticreq_statictask,SCRUBBED_TIME+LLAMA3-BWB_BMPD640_6_7_11
16,6,0,0,9,9,640,0.0,,bw,static,static,results,Results,Results_LLAMA31,LLAMA3-BWB-Results,simulator_output_LLAMA3-BWB_bwplacement_bs16_staticreq_statictask,SCRUBBED_TIME+LLAMA3-BWB_BMPD640_6_9_9
16,6,0,0,12,6,640,0.0,,bw,static,static,results,Results,Results_LLAMA31,LLAMA3-BWB-Results,simulator_output_LLAMA3-BWB_bwplacement_bs16_staticreq_statictask,SCRUBBED_TIME+LLAMA3-BWB_BMPD640_6_12_6
16,6,0,0,11,7,640,0.0,,bw,static,static,results,Results,Results_LLAMA31,LLAMA3-BWB-Results,simulator_output_LLAMA3-BWB_bwplacement_bs16_staticreq_statictask,SCRUBBED_TIME+LLAMA3-BWB_BMPD640_6_11_7
16,6,0,0,10,8,640,0.0,,bw,static,static,results,Results,Results_LLAMA31,LLAMA3-BWB-Results,simulator_output_LLAMA3-BWB_bwplacement_bs16_staticreq_statictask,SCRUBBED_TIME+LLAMA3-BWB_BMPD640_6_10_8
16,6,0,0,8,10,640,0.0,,bw,static,static,results,Results,Results_LLAMA31,LLAMA3-BWB-Results,simulator_output_LLAMA3-BWB_bwplacement_bs16_staticreq_statictask,SCRUBBED_TIME+LLAMA3-BWB_BMPD640_6_8_10
16,6,0,0,15,3,640,0.0,,bw,static,static,results,Results,Results_LLAMA31,LLAMA3-BWB-Results,simulator_output_LLAMA3-BWB_bwplacement_bs16_staticreq_statictask,SCRUBBED_TIME+LLAMA3-BWB_BMPD640_6_15_3
16,6,0,0,14,4,640,0.0,,bw,static,static,results,Results,Results_LLAMA31,LLAMA3-BWB-Results,simulator_output_LLAMA3-BWB_bwplacement_bs16_staticreq_statictask,SCRUBBED_TIME+LLAMA3-BWB_BMPD640_6_14_4
16,6,0,0,16,2,640,0.0,,bw,static,static,results,Results,Results_LLAMA31,LLAMA3-BWB-Results,simulator_output_LLAMA3-BWB_bwplacement_bs16_staticreq_statictask,SCRUBBED_TIME+LLAMA3-BWB_BMPD640_6_16_2
16,6,0,0,13,5,640,0.0,,bw,static,static,results,Results,Results_LLAMA31,LLAMA3-BWB-Results,simulator_output_LLAMA3-BWB_bwplacement_bs16_staticreq_statictask,SCRUBBED_TIME+LLAMA3-BWB_BMPD640_6_13_5
16,6,0,0,17,1,640,0.0,,bw,static,static,results,Results,Results_LLAMA31,LLAMA3-BWB-Results,simulator_output_LLAMA3-BWB_bwplacement_bs16_staticreq_statictask,SCRUBBED_TIME+LLAMA3-BWB_BMPD640_6_17_1
16,7,0,0,3,14,640,0.0,,bw,static,static,results,Results,Results_LLAMA31,LLAMA3-BWB-Results,simulator_output_LLAMA3-BWB_bwplacement_bs16_staticreq_statictask,SCRUBBED_TIME+LLAMA3-BWB_BMPD640_7_3_14
16,7,0,0,7,10,640,0.0,,bw,static,static,results,Results,Results_LLAMA31,LLAMA3-BWB-Results,simulator_output_LLAMA3-BWB_bwplacement_bs16_staticreq_statictask,SCRUBBED_TIME+LLAMA3-BWB_BMPD640_7_7_10
16,7,0,0,1,16,640,0.0,,bw,static,static,results,Results,Results_LLAMA31,LLAMA3-BWB-Results,simulator_output_LLAMA3-BWB_bwplacement_bs16_staticreq_statictask,SCRUBBED_TIME+LLAMA3-BWB_BMPD640_7_1_16
16,7,0,0,4,13,640,0.0,,bw,static,static,results,Results,Results_LLAMA31,LLAMA3-BWB-Results,simulator_output_LLAMA3-BWB_bwplacement_bs16_staticreq_statictask,SCRUBBED_TIME+LLAMA3-BWB_BMPD640_7_4_13
16,7,0,0,5,12,640,0.0,,bw,static,static,results,Results,Results_LLAMA31,LLAMA3-BWB-Results,simulator_output_LLAMA3-BWB_bwplacement_bs16_staticreq_statictask,SCRUBBED_TIME+LLAMA3-BWB_BMPD640_7_5_12
16,7,0,0,2,15,640,0.0,,bw,static,static,results,Results,Results_LLAMA31,LLAMA3-BWB-Results,simulator_output_LLAMA3-BWB_bwplacement_bs16_staticreq_statictask,SCRUBBED_TIME+LLAMA3-BWB_BMPD640_7_2_15
16,7,0,0,8,9,640,0.0,,bw,static,static,results,Results,Results_LLAMA31,LLAMA3-BWB-Results,simulator_output_LLAMA3-BWB_bwplacement_bs16_staticreq_statictask,SCRUBBED_TIME+LLAMA3-BWB_BMPD640_7_8_9
16,7,0,0,10,7,640,0.0,,bw,static,static,results,Results,Results_LLAMA31,LLAMA3-BWB-Results,simulator_output_LLAMA3-BWB_bwplacement_bs16_staticreq_statictask,SCRUBBED_TIME+LLAMA3-BWB_BMPD640_7_10_7
16,7,0,0,12,5,640,0.0,,bw,static,static,results,Results,Results_LLAMA31,LLAMA3-BWB-Results,simulator_output_LLAMA3-BWB_bwplacement_bs16_staticreq_statictask,SCRUBBED_TIME+LLAMA3-BWB_BMPD640_7_12_5
16,7,0,0,6,11,640,0.0,,bw,static,static,results,Results,Results_LLAMA31,LLAMA3-BWB-Results,simulator_output_LLAMA3-BWB_bwplacement_bs16_staticreq_statictask,SCRUBBED_TIME+LLAMA3-BWB_BMPD640_7_6_11
16,7,0,0,11,6,640,0.0,,bw,static,static,results,Results,Results_LLAMA31,LLAMA3-BWB-Results,simulator_output_LLAMA3-BWB_bwplacement_bs16_staticreq_statictask,SCRUBBED_TIME+LLAMA3-BWB_BMPD640_7_11_6
16,7,0,0,9,8,640,0.0,,bw,static,static,results,Results,Results_LLAMA31,LLAMA3-BWB-Results,simulator_output_LLAMA3-BWB_bwplacement_bs16_staticreq_statictask,SCRUBBED_TIME+LLAMA3-BWB_BMPD640_7_9_8
16,7,0,0,14,3,640,0.0,,bw,static,static,results,Results,Results_LLAMA31,LLAMA3-BWB-Results,simulator_output_LLAMA3-BWB_bwplacement_bs16_staticreq_statictask,SCRUBBED_TIME+LLAMA3-BWB_BMPD640_7_14_3
16,7,0,0,13,4,640,0.0,,bw,static,static,results,Results,Results_LLAMA31,LLAMA3-BWB-Results,simulator_output_LLAMA3-BWB_bwplacement_bs16_staticreq_statictask,SCRUBBED_TIME+LLAMA3-BWB_BMPD640_7_13_4
16,8,0,0,3,13,640,0.0,,bw,static,static,results,Results,Results_LLAMA31,LLAMA3-BWB-Results,simulator_output_LLAMA3-BWB_bwplacement_bs16_staticreq_statictask,SCRUBBED_TIME+LLAMA3-BWB_BMPD640_8_3_13
16,7,0,0,15,2,640,0.0,,bw,static,static,results,Results,Results_LLAMA31,LLAMA3-BWB-Results,simulator_output_LLAMA3-BWB_bwplacement_bs16_staticreq_statictask,SCRUBBED_TIME+LLAMA3-BWB_BMPD640_7_15_2
16,7,0,0,16,1,640,0.0,,bw,static,static,results,Results,Results_LLAMA31,LLAMA3-BWB-Results,simulator_output_LLAMA3-BWB_bwplacement_bs16_staticreq_statictask,SCRUBBED_TIME+LLAMA3-BWB_BMPD640_7_16_1
16,8,0,0,1,15,640,0.0,,bw,static,static,results,Results,Results_LLAMA31,LLAMA3-BWB-Results,simulator_output_LLAMA3-BWB_bwplacement_bs16_staticreq_statictask,SCRUBBED_TIME+LLAMA3-BWB_BMPD640_8_1_15
16,8,0,0,4,12,640,0.0,,bw,static,static,results,Results,Results_LLAMA31,LLAMA3-BWB-Results,simulator_output_LLAMA3-BWB_bwplacement_bs16_staticreq_statictask,SCRUBBED_TIME+LLAMA3-BWB_BMPD640_8_4_12
16,8,0,0,2,14,640,0.0,,bw,static,static,results,Results,Results_LLAMA31,LLAMA3-BWB-Results,simulator_output_LLAMA3-BWB_bwplacement_bs16_staticreq_statictask,SCRUBBED_TIME+LLAMA3-BWB_BMPD640_8_2_14
16,8,0,0,6,10,640,0.0,,bw,static,static,results,Results,Results_LLAMA31,LLAMA3-BWB-Results,simulator_output_LLAMA3-BWB_bwplacement_bs16_staticreq_statictask,SCRUBBED_TIME+LLAMA3-BWB_BMPD640_8_6_10
16,8,0,0,5,11,640,0.0,,bw,static,static,results,Results,Results_LLAMA31,LLAMA3-BWB-Results,simulator_output_LLAMA3-BWB_bwplacement_bs16_staticreq_statictask,SCRUBBED_TIME+LLAMA3-BWB_BMPD640_8_5_11
16,8,0,0,7,9,640,0.0,,bw,static,static,results,Results,Results_LLAMA31,LLAMA3-BWB-Results,simulator_output_LLAMA3-BWB_bwplacement_bs16_staticreq_statictask,SCRUBBED_TIME+LLAMA3-BWB_BMPD640_8_7_9
16,8,0,0,9,7,640,0.0,,bw,static,static,results,Results,Results_LLAMA31,LLAMA3-BWB-Results,simulator_output_LLAMA3-BWB_bwplacement_bs16_staticreq_statictask,SCRUBBED_TIME+LLAMA3-BWB_BMPD640_8_9_7
16,8,0,0,8,8,640,0.0,,bw,static,static,results,Results,Results_LLAMA31,LLAMA3-BWB-Results,simulator_output_LLAMA3-BWB_bwplacement_bs16_staticreq_statictask,SCRUBBED_TIME+LLAMA3-BWB_BMPD640_8_8_8
16,8,0,0,10,6,640,0.0,,bw,static,static,results,Results,Results_LLAMA31,LLAMA3-BWB-Results,simulator_output_LLAMA3-BWB_bwplacement_bs16_staticreq_statictask,SCRUBBED_TIME+LLAMA3-BWB_BMPD640_8_10_6
16,8,0,0,11,5,640,0.0,,bw,static,static,results,Results,Results_LLAMA31,LLAMA3-BWB-Results,simulator_output_LLAMA3-BWB_bwplacement_bs16_staticreq_statictask,SCRUBBED_TIME+LLAMA3-BWB_BMPD640_8_11_5
16,8,0,0,12,4,640,0.0,,bw,static,static,results,Results,Results_LLAMA31,LLAMA3-BWB-Results,simulator_output_LLAMA3-BWB_bwplacement_bs16_staticreq_statictask,SCRUBBED_TIME+LLAMA3-BWB_BMPD640_8_12_4
16,8,0,0,14,2,640,0.0,,bw,static,static,results,Results,Results_LLAMA31,LLAMA3-BWB-Results,simulator_output_LLAMA3-BWB_bwplacement_bs16_staticreq_statictask,SCRUBBED_TIME+LLAMA3-BWB_BMPD640_8_14_2
16,8,0,0,15,1,640,0.0,,bw,static,static,results,Results,Results_LLAMA31,LLAMA3-BWB-Results,simulator_output_LLAMA3-BWB_bwplacement_bs16_staticreq_statictask,SCRUBBED_TIME+LLAMA3-BWB_BMPD640_8_15_1
16,9,0,0,3,12,640,0.0,,bw,static,static,results,Results,Results_LLAMA31,LLAMA3-BWB-Results,simulator_output_LLAMA3-BWB_bwplacement_bs16_staticreq_statictask,SCRUBBED_TIME+LLAMA3-BWB_BMPD640_9_3_12
16,8,0,0,13,3,640,0.0,,bw,static,static,results,Results,Results_LLAMA31,LLAMA3-BWB-Results,simulator_output_LLAMA3-BWB_bwplacement_bs16_staticreq_statictask,SCRUBBED_TIME+LLAMA3-BWB_BMPD640_8_13_3
16,9,0,0,1,14,640,0.0,,bw,static,static,results,Results,Results_LLAMA31,LLAMA3-BWB-Results,simulator_output_LLAMA3-BWB_bwplacement_bs16_staticreq_statictask,SCRUBBED_TIME+LLAMA3-BWB_BMPD640_9_1_14
16,9,0,0,2,13,640,0.0,,bw,static,static,results,Results,Results_LLAMA31,LLAMA3-BWB-Results,simulator_output_LLAMA3-BWB_bwplacement_bs16_staticreq_statictask,SCRUBBED_TIME+LLAMA3-BWB_BMPD640_9_2_13
16,9,0,0,4,11,640,0.0,,bw,static,static,results,Results,Results_LLAMA31,LLAMA3-BWB-Results,simulator_output_LLAMA3-BWB_bwplacement_bs16_staticreq_statictask,SCRUBBED_TIME+LLAMA3-BWB_BMPD640_9_4_11
16,9,0,0,6,9,640,0.0,,bw,static,static,results,Results,Results_LLAMA31,LLAMA3-BWB-Results,simulator_output_LLAMA3-BWB_bwplacement_bs16_staticreq_statictask,SCRUBBED_TIME+LLAMA3-BWB_BMPD640_9_6_9
16,9,0,0,5,10,640,0.0,,bw,static,static,results,Results,Results_LLAMA31,LLAMA3-BWB-Results,simulator_output_LLAMA3-BWB_bwplacement_bs16_staticreq_statictask,SCRUBBED_TIME+LLAMA3-BWB_BMPD640_9_5_10
16,9,0,0,7,8,640,0.0,,bw,static,static,results,Results,Results_LLAMA31,LLAMA3-BWB-Results,simulator_output_LLAMA3-BWB_bwplacement_bs16_staticreq_statictask,SCRUBBED_TIME+LLAMA3-BWB_BMPD640_9_7_8
16,9,0,0,8,7,640,0.0,,bw,static,static,results,Results,Results_LLAMA31,LLAMA3-BWB-Results,simulator_output_LLAMA3-BWB_bwplacement_bs16_staticreq_statictask,SCRUBBED_TIME+LLAMA3-BWB_BMPD640_9_8_7
16,9,0,0,9,6,640,0.0,,bw,static,static,results,Results,Results_LLAMA31,LLAMA3-BWB-Results,simulator_output_LLAMA3-BWB_bwplacement_bs16_staticreq_statictask,SCRUBBED_TIME+LLAMA3-BWB_BMPD640_9_9_6
16,9,0,0,10,5,640,0.0,,bw,static,static,results,Results,Results_LLAMA31,LLAMA3-BWB-Results,simulator_output_LLAMA3-BWB_bwplacement_bs16_staticreq_statictask,SCRUBBED_TIME+LLAMA3-BWB_BMPD640_9_10_5
16,9,0,0,11,4,640,0.0,,bw,static,static,results,Results,Results_LLAMA31,LLAMA3-BWB-Results,simulator_output_LLAMA3-BWB_bwplacement_bs16_staticreq_statictask,SCRUBBED_TIME+LLAMA3-BWB_BMPD640_9_11_4
16,9,0,0,12,3,640,0.0,,bw,static,static,results,Results,Results_LLAMA31,LLAMA3-BWB-Results,simulator_output_LLAMA3-BWB_bwplacement_bs16_staticreq_statictask,SCRUBBED_TIME+LLAMA3-BWB_BMPD640_9_12_3
16,9,0,0,13,2,640,0.0,,bw,static,static,results,Results,Results_LLAMA31,LLAMA3-BWB-Results,simulator_output_LLAMA3-BWB_bwplacement_bs16_staticreq_statictask,SCRUBBED_TIME+LLAMA3-BWB_BMPD640_9_13_2
16,9,0,0,14,1,640,0.0,,bw,static,static,results,Results,Results_LLAMA31,LLAMA3-BWB-Results,simulator_output_LLAMA3-BWB_bwplacement_bs16_staticreq_statictask,SCRUBBED_TIME+LLAMA3-BWB_BMPD640_9_14_1
16,10,0,0,1,13,640,0.0,,bw,static,static,results,Results,Results_LLAMA31,LLAMA3-BWB-Results,simulator_output_LLAMA3-BWB_bwplacement_bs16_staticreq_statictask,SCRUBBED_TIME+LLAMA3-BWB_BMPD640_10_1_13
16,10,0,0,2,12,640,0.0,,bw,static,static,results,Results,Results_LLAMA31,LLAMA3-BWB-Results,simulator_output_LLAMA3-BWB_bwplacement_bs16_staticreq_statictask,SCRUBBED_TIME+LLAMA3-BWB_BMPD640_10_2_12
16,10,0,0,3,11,640,0.0,,bw,static,static,results,Results,Results_LLAMA31,LLAMA3-BWB-Results,simulator_output_LLAMA3-BWB_bwplacement_bs16_staticreq_statictask,SCRUBBED_TIME+LLAMA3-BWB_BMPD640_10_3_11
16,10,0,0,5,9,640,0.0,,bw,static,static,results,Results,Results_LLAMA31,LLAMA3-BWB-Results,simulator_output_LLAMA3-BWB_bwplacement_bs16_staticreq_statictask,SCRUBBED_TIME+LLAMA3-BWB_BMPD640_10_5_9
16,10,0,0,4,10,640,0.0,,bw,static,static,results,Results,Results_LLAMA31,LLAMA3-BWB-Results,simulator_output_LLAMA3-BWB_bwplacement_bs16_staticreq_statictask,SCRUBBED_TIME+LLAMA3-BWB_BMPD640_10_4_10
16,10,0,0,6,8,640,0.0,,bw,static,static,results,Results,Results_LLAMA31,LLAMA3-BWB-Results,simulator_output_LLAMA3-BWB_bwplacement_bs16_staticreq_statictask,SCRUBBED_TIME+LLAMA3-BWB_BMPD640_10_6_8
16,10,0,0,8,6,640,0.0,,bw,static,static,results,Results,Results_LLAMA31,LLAMA3-BWB-Results,simulator_output_LLAMA3-BWB_bwplacement_bs16_staticreq_statictask,SCRUBBED_TIME+LLAMA3-BWB_BMPD640_10_8_6
16,10,0,0,7,7,640,0.0,,bw,static,static,results,Results,Results_LLAMA31,LLAMA3-BWB-Results,simulator_output_LLAMA3-BWB_bwplacement_bs16_staticreq_statictask,SCRUBBED_TIME+LLAMA3-BWB_BMPD640_10_7_7
16,10,0,0,9,5,640,0.0,,bw,static,static,results,Results,Results_LLAMA31,LLAMA3-BWB-Results,simulator_output_LLAMA3-BWB_bwplacement_bs16_staticreq_statictask,SCRUBBED_TIME+LLAMA3-BWB_BMPD640_10_9_5
16,10,0,0,10,4,640,0.0,,bw,static,static,results,Results,Results_LLAMA31,LLAMA3-BWB-Results,simulator_output_LLAMA3-BWB_bwplacement_bs16_staticreq_statictask,SCRUBBED_TIME+LLAMA3-BWB_BMPD640_10_10_4
16,10,0,0,11,3,640,0.0,,bw,static,static,results,Results,Results_LLAMA31,LLAMA3-BWB-Results,simulator_output_LLAMA3-BWB_bwplacement_bs16_staticreq_statictask,SCRUBBED_TIME+LLAMA3-BWB_BMPD640_10_11_3
16,10,0,0,12,2,640,0.0,,bw,static,static,results,Results,Results_LLAMA31,LLAMA3-BWB-Results,simulator_output_LLAMA3-BWB_bwplacement_bs16_staticreq_statictask,SCRUBBED_TIME+LLAMA3-BWB_BMPD640_10_12_2
16,10,0,0,13,1,640,0.0,,bw,static,static,results,Results,Results_LLAMA31,LLAMA3-BWB-Results,simulator_output_LLAMA3-BWB_bwplacement_bs16_staticreq_statictask,SCRUBBED_TIME+LLAMA3-BWB_BMPD640_10_13_1
16,11,0,0,1,12,640,0.0,,bw,static,static,results,Results,Results_LLAMA31,LLAMA3-BWB-Results,simulator_output_LLAMA3-BWB_bwplacement_bs16_staticreq_statictask,SCRUBBED_TIME+LLAMA3-BWB_BMPD640_11_1_12
16,11,0,0,2,11,640,0.0,,bw,static,static,results,Results,Results_LLAMA31,LLAMA3-BWB-Results,simulator_output_LLAMA3-BWB_bwplacement_bs16_staticreq_statictask,SCRUBBED_TIME+LLAMA3-BWB_BMPD640_11_2_11
16,11,0,0,3,10,640,0.0,,bw,static,static,results,Results,Results_LLAMA31,LLAMA3-BWB-Results,simulator_output_LLAMA3-BWB_bwplacement_bs16_staticreq_statictask,SCRUBBED_TIME+LLAMA3-BWB_BMPD640_11_3_10
16,11,0,0,4,9,640,0.0,,bw,static,static,results,Results,Results_LLAMA31,LLAMA3-BWB-Results,simulator_output_LLAMA3-BWB_bwplacement_bs16_staticreq_statictask,SCRUBBED_TIME+LLAMA3-BWB_BMPD640_11_4_9
16,11,0,0,5,8,640,0.0,,bw,static,static,results,Results,Results_LLAMA31,LLAMA3-BWB-Results,simulator_output_LLAMA3-BWB_bwplacement_bs16_staticreq_statictask,SCRUBBED_TIME+LLAMA3-BWB_BMPD640_11_5_8
16,11,0,0,6,7,640,0.0,,bw,static,static,results,Results,Results_LLAMA31,LLAMA3-BWB-Results,simulator_output_LLAMA3-BWB_bwplacement_bs16_staticreq_statictask,SCRUBBED_TIME+LLAMA3-BWB_BMPD640_11_6_7
16,11,0,0,7,6,640,0.0,,bw,static,static,results,Results,Results_LLAMA31,LLAMA3-BWB-Results,simulator_output_LLAMA3-BWB_bwplacement_bs16_staticreq_statictask,SCRUBBED_TIME+LLAMA3-BWB_BMPD640_11_7_6
16,11,0,0,8,5,640,0.0,,bw,static,static,results,Results,Results_LLAMA31,LLAMA3-BWB-Results,simulator_output_LLAMA3-BWB_bwplacement_bs16_staticreq_statictask,SCRUBBED_TIME+LLAMA3-BWB_BMPD640_11_8_5
16,11,0,0,9,4,640,0.0,,bw,static,static,results,Results,Results_LLAMA31,LLAMA3-BWB-Results,simulator_output_LLAMA3-BWB_bwplacement_bs16_staticreq_statictask,SCRUBBED_TIME+LLAMA3-BWB_BMPD640_11_9_4
16,11,0,0,10,3,640,0.0,,bw,static,static,results,Results,Results_LLAMA31,LLAMA3-BWB-Results,simulator_output_LLAMA3-BWB_bwplacement_bs16_staticreq_statictask,SCRUBBED_TIME+LLAMA3-BWB_BMPD640_11_10_3
16,11,0,0,11,2,640,0.0,,bw,static,static,results,Results,Results_LLAMA31,LLAMA3-BWB-Results,simulator_output_LLAMA3-BWB_bwplacement_bs16_staticreq_statictask,SCRUBBED_TIME+LLAMA3-BWB_BMPD640_11_11_2
16,11,0,0,12,1,640,0.0,,bw,static,static,results,Results,Results_LLAMA31,LLAMA3-BWB-Results,simulator_output_LLAMA3-BWB_bwplacement_bs16_staticreq_statictask,SCRUBBED_TIME+LLAMA3-BWB_BMPD640_11_12_1
16,12,0,0,1,11,640,0.0,,bw,static,static,results,Results,Results_LLAMA31,LLAMA3-BWB-Results,simulator_output_LLAMA3-BWB_bwplacement_bs16_staticreq_statictask,SCRUBBED_TIME+LLAMA3-BWB_BMPD640_12_1_11
16,12,0,0,2,10,640,0.0,,bw,static,static,results,Results,Results_LLAMA31,LLAMA3-BWB-Results,simulator_output_LLAMA3-BWB_bwplacement_bs16_staticreq_statictask,SCRUBBED_TIME+LLAMA3-BWB_BMPD640_12_2_10
16,12,0,0,3,9,640,0.0,,bw,static,static,results,Results,Results_LLAMA31,LLAMA3-BWB-Results,simulator_output_LLAMA3-BWB_bwplacement_bs16_staticreq_statictask,SCRUBBED_TIME+LLAMA3-BWB_BMPD640_12_3_9
16,12,0,0,5,7,640,0.0,,bw,static,static,results,Results,Results_LLAMA31,LLAMA3-BWB-Results,simulator_output_LLAMA3-BWB_bwplacement_bs16_staticreq_statictask,SCRUBBED_TIME+LLAMA3-BWB_BMPD640_12_5_7
16,12,0,0,4,8,640,0.0,,bw,static,static,results,Results,Results_LLAMA31,LLAMA3-BWB-Results,simulator_output_LLAMA3-BWB_bwplacement_bs16_staticreq_statictask,SCRUBBED_TIME+LLAMA3-BWB_BMPD640_12_4_8
16,12,0,0,6,6,640,0.0,,bw,static,static,results,Results,Results_LLAMA31,LLAMA3-BWB-Results,simulator_output_LLAMA3-BWB_bwplacement_bs16_staticreq_statictask,SCRUBBED_TIME+LLAMA3-BWB_BMPD640_12_6_6
16,12,0,0,8,4,640,0.0,,bw,static,static,results,Results,Results_LLAMA31,LLAMA3-BWB-Results,simulator_output_LLAMA3-BWB_bwplacement_bs16_staticreq_statictask,SCRUBBED_TIME+LLAMA3-BWB_BMPD640_12_8_4
16,12,0,0,7,5,640,0.0,,bw,static,static,results,Results,Results_LLAMA31,LLAMA3-BWB-Results,simulator_output_LLAMA3-BWB_bwplacement_bs16_staticreq_statictask,SCRUBBED_TIME+LLAMA3-BWB_BMPD640_12_7_5
16,12,0,0,9,3,640,0.0,,bw,static,static,results,Results,Results_LLAMA31,LLAMA3-BWB-Results,simulator_output_LLAMA3-BWB_bwplacement_bs16_staticreq_statictask,SCRUBBED_TIME+LLAMA3-BWB_BMPD640_12_9_3
16,12,0,0,10,2,640,0.0,,bw,static,static,results,Results,Results_LLAMA31,LLAMA3-BWB-Results,simulator_output_LLAMA3-BWB_bwplacement_bs16_staticreq_statictask,SCRUBBED_TIME+LLAMA3-BWB_BMPD640_12_10_2
16,12,0,0,11,1,640,0.0,,bw,static,static,results,Results,Results_LLAMA31,LLAMA3-BWB-Results,simulator_output_LLAMA3-BWB_bwplacement_bs16_staticreq_statictask,SCRUBBED_TIME+LLAMA3-BWB_BMPD640_12_11_1
16,13,0,0,2,9,640,0.0,,bw,static,static,results,Results,Results_LLAMA31,LLAMA3-BWB-Results,simulator_output_LLAMA3-BWB_bwplacement_bs16_staticreq_statictask,SCRUBBED_TIME+LLAMA3-BWB_BMPD640_13_2_9
16,13,0,0,3,8,640,0.0,,bw,static,static,results,Results,Results_LLAMA31,LLAMA3-BWB-Results,simulator_output_LLAMA3-BWB_bwplacement_bs16_staticreq_statictask,SCRUBBED_TIME+LLAMA3-BWB_BMPD640_13_3_8
16,13,0,0,1,10,640,0.0,,bw,static,static,results,Results,Results_LLAMA31,LLAMA3-BWB-Results,simulator_output_LLAMA3-BWB_bwplacement_bs16_staticreq_statictask,SCRUBBED_TIME+LLAMA3-BWB_BMPD640_13_1_10
16,13,0,0,4,7,640,0.0,,bw,static,static,results,Results,Results_LLAMA31,LLAMA3-BWB-Results,simulator_output_LLAMA3-BWB_bwplacement_bs16_staticreq_statictask,SCRUBBED_TIME+LLAMA3-BWB_BMPD640_13_4_7
16,13,0,0,7,4,640,0.0,,bw,static,static,results,Results,Results_LLAMA31,LLAMA3-BWB-Results,simulator_output_LLAMA3-BWB_bwplacement_bs16_staticreq_statictask,SCRUBBED_TIME+LLAMA3-BWB_BMPD640_13_7_4
16,13,0,0,5,6,640,0.0,,bw,static,static,results,Results,Results_LLAMA31,LLAMA3-BWB-Results,simulator_output_LLAMA3-BWB_bwplacement_bs16_staticreq_statictask,SCRUBBED_TIME+LLAMA3-BWB_BMPD640_13_5_6
16,13,0,0,6,5,640,0.0,,bw,static,static,results,Results,Results_LLAMA31,LLAMA3-BWB-Results,simulator_output_LLAMA3-BWB_bwplacement_bs16_staticreq_statictask,SCRUBBED_TIME+LLAMA3-BWB_BMPD640_13_6_5
16,13,0,0,8,3,640,0.0,,bw,static,static,results,Results,Results_LLAMA31,LLAMA3-BWB-Results,simulator_output_LLAMA3-BWB_bwplacement_bs16_staticreq_statictask,SCRUBBED_TIME+LLAMA3-BWB_BMPD640_13_8_3
16,13,0,0,9,2,640,0.0,,bw,static,static,results,Results,Results_LLAMA31,LLAMA3-BWB-Results,simulator_output_LLAMA3-BWB_bwplacement_bs16_staticreq_statictask,SCRUBBED_TIME+LLAMA3-BWB_BMPD640_13_9_2
16,13,0,0,10,1,640,0.0,,bw,static,static,results,Results,Results_LLAMA31,LLAMA3-BWB-Results,simulator_output_LLAMA3-BWB_bwplacement_bs16_staticreq_statictask,SCRUBBED_TIME+LLAMA3-BWB_BMPD640_13_10_1
16,14,0,0,1,9,640,0.0,,bw,static,static,results,Results,Results_LLAMA31,LLAMA3-BWB-Results,simulator_output_LLAMA3-BWB_bwplacement_bs16_staticreq_statictask,SCRUBBED_TIME+LLAMA3-BWB_BMPD640_14_1_9
16,14,0,0,3,7,640,0.0,,bw,static,static,results,Results,Results_LLAMA31,LLAMA3-BWB-Results,simulator_output_LLAMA3-BWB_bwplacement_bs16_staticreq_statictask,SCRUBBED_TIME+LLAMA3-BWB_BMPD640_14_3_7
16,14,0,0,2,8,640,0.0,,bw,static,static,results,Results,Results_LLAMA31,LLAMA3-BWB-Results,simulator_output_LLAMA3-BWB_bwplacement_bs16_staticreq_statictask,SCRUBBED_TIME+LLAMA3-BWB_BMPD640_14_2_8
16,14,0,0,5,5,640,0.0,,bw,static,static,results,Results,Results_LLAMA31,LLAMA3-BWB-Results,simulator_output_LLAMA3-BWB_bwplacement_bs16_staticreq_statictask,SCRUBBED_TIME+LLAMA3-BWB_BMPD640_14_5_5
16,14,0,0,4,6,640,0.0,,bw,static,static,results,Results,Results_LLAMA31,LLAMA3-BWB-Results,simulator_output_LLAMA3-BWB_bwplacement_bs16_staticreq_statictask,SCRUBBED_TIME+LLAMA3-BWB_BMPD640_14_4_6
16,14,0,0,7,3,640,0.0,,bw,static,static,results,Results,Results_LLAMA31,LLAMA3-BWB-Results,simulator_output_LLAMA3-BWB_bwplacement_bs16_staticreq_statictask,SCRUBBED_TIME+LLAMA3-BWB_BMPD640_14_7_3
16,14,0,0,6,4,640,0.0,,bw,static,static,results,Results,Results_LLAMA31,LLAMA3-BWB-Results,simulator_output_LLAMA3-BWB_bwplacement_bs16_staticreq_statictask,SCRUBBED_TIME+LLAMA3-BWB_BMPD640_14_6_4
16,14,0,0,8,2,640,0.0,,bw,static,static,results,Results,Results_LLAMA31,LLAMA3-BWB-Results,simulator_output_LLAMA3-BWB_bwplacement_bs16_staticreq_statictask,SCRUBBED_TIME+LLAMA3-BWB_BMPD640_14_8_2
16,14,0,0,9,1,640,0.0,,bw,static,static,results,Results,Results_LLAMA31,LLAMA3-BWB-Results,simulator_output_LLAMA3-BWB_bwplacement_bs16_staticreq_statictask,SCRUBBED_TIME+LLAMA3-BWB_BMPD640_14_9_1
16,15,0,0,1,8,640,0.0,,bw,static,static,results,Results,Results_LLAMA31,LLAMA3-BWB-Results,simulator_output_LLAMA3-BWB_bwplacement_bs16_staticreq_statictask,SCRUBBED_TIME+LLAMA3-BWB_BMPD640_15_1_8
16,15,0,0,3,6,640,0.0,,bw,static,static,results,Results,Results_LLAMA31,LLAMA3-BWB-Results,simulator_output_LLAMA3-BWB_bwplacement_bs16_staticreq_statictask,SCRUBBED_TIME+LLAMA3-BWB_BMPD640_15_3_6
16,15,0,0,2,7,640,0.0,,bw,static,static,results,Results,Results_LLAMA31,LLAMA3-BWB-Results,simulator_output_LLAMA3-BWB_bwplacement_bs16_staticreq_statictask,SCRUBBED_TIME+LLAMA3-BWB_BMPD640_15_2_7
16,15,0,0,4,5,640,0.0,,bw,static,static,results,Results,Results_LLAMA31,LLAMA3-BWB-Results,simulator_output_LLAMA3-BWB_bwplacement_bs16_staticreq_statictask,SCRUBBED_TIME+LLAMA3-BWB_BMPD640_15_4_5
16,15,0,0,6,3,640,0.0,,bw,static,static,results,Results,Results_LLAMA31,LLAMA3-BWB-Results,simulator_output_LLAMA3-BWB_bwplacement_bs16_staticreq_statictask,SCRUBBED_TIME+LLAMA3-BWB_BMPD640_15_6_3
16,15,0,0,7,2,640,0.0,,bw,static,static,results,Results,Results_LLAMA31,LLAMA3-BWB-Results,simulator_output_LLAMA3-BWB_bwplacement_bs16_staticreq_statictask,SCRUBBED_TIME+LLAMA3-BWB_BMPD640_15_7_2
16,15,0,0,5,4,640,0.0,,bw,static,static,results,Results,Results_LLAMA31,LLAMA3-BWB-Results,simulator_output_LLAMA3-BWB_bwplacement_bs16_staticreq_statictask,SCRUBBED_TIME+LLAMA3-BWB_BMPD640_15_5_4
16,16,0,0,1,7,640,0.0,,bw,static,static,results,Results,Results_LLAMA31,LLAMA3-BWB-Results,simulator_output_LLAMA3-BWB_bwplacement_bs16_staticreq_statictask,SCRUBBED_TIME+LLAMA3-BWB_BMPD640_16_1_7
16,15,0,0,8,1,640,0.0,,bw,static,static,results,Results,Results_LLAMA31,LLAMA3-BWB-Results,simulator_output_LLAMA3-BWB_bwplacement_bs16_staticreq_statictask,SCRUBBED_TIME+LLAMA3-BWB_BMPD640_15_8_1
16,16,0,0,2,6,640,0.0,,bw,static,static,results,Results,Results_LLAMA31,LLAMA3-BWB-Results,simulator_output_LLAMA3-BWB_bwplacement_bs16_staticreq_statictask,SCRUBBED_TIME+LLAMA3-BWB_BMPD640_16_2_6
16,16,0,0,3,5,640,0.0,,bw,static,static,results,Results,Results_LLAMA31,LLAMA3-BWB-Results,simulator_output_LLAMA3-BWB_bwplacement_bs16_staticreq_statictask,SCRUBBED_TIME+LLAMA3-BWB_BMPD640_16_3_5
16,16,0,0,4,4,640,0.0,,bw,static,static,results,Results,Results_LLAMA31,LLAMA3-BWB-Results,simulator_output_LLAMA3-BWB_bwplacement_bs16_staticreq_statictask,SCRUBBED_TIME+LLAMA3-BWB_BMPD640_16_4_4
16,16,0,0,5,3,640,0.0,,bw,static,static,results,Results,Results_LLAMA31,LLAMA3-BWB-Results,simulator_output_LLAMA3-BWB_bwplacement_bs16_staticreq_statictask,SCRUBBED_TIME+LLAMA3-BWB_BMPD640_16_5_3
16,16,0,0,7,1,640,0.0,,bw,static,static,results,Results,Results_LLAMA31,LLAMA3-BWB-Results,simulator_output_LLAMA3-BWB_bwplacement_bs16_staticreq_statictask,SCRUBBED_TIME+LLAMA3-BWB_BMPD640_16_7_1
16,16,0,0,6,2,640,0.0,,bw,static,static,results,Results,Results_LLAMA31,LLAMA3-BWB-Results,simulator_output_LLAMA3-BWB_bwplacement_bs16_staticreq_statictask,SCRUBBED_TIME+LLAMA3-BWB_BMPD640_16_6_2
32,3,0,0,5,16,256,0.0,,bw,static,static,results,Results,Results_LLAMA31,LLAMA3-BWB-Results,simulator_output_LLAMA3-BWB_bwplacement_bs32_staticreq_statictask,SCRUBBED_TIME+LLAMA3-BWB_BMPD256_3_5_16
32,3,0,0,18,3,256,0.0,,bw,static,static,results,Results,Results_LLAMA31,LLAMA3-BWB-Results,simulator_output_LLAMA3-BWB_bwplacement_bs32_staticreq_statictask,SCRUBBED_TIME+LLAMA3-BWB_BMPD256_3_18_3
32,2,0,0,15,7,256,0.0,,bw,static,static,results,Results,Results_LLAMA31,LLAMA3-BWB-Results,simulator_output_LLAMA3-BWB_bwplacement_bs32_staticreq_statictask,SCRUBBED_TIME+LLAMA3-BWB_BMPD256_2_15_7
32,2,0,0,14,8,256,0.0,,bw,static,static,results,Results,Results_LLAMA31,LLAMA3-BWB-Results,simulator_output_LLAMA3-BWB_bwplacement_bs32_staticreq_statictask,SCRUBBED_TIME+LLAMA3-BWB_BMPD256_2_14_8
32,3,0,0,6,15,256,0.0,,bw,static,static,results,Results,Results_LLAMA31,LLAMA3-BWB-Results,simulator_output_LLAMA3-BWB_bwplacement_bs32_staticreq_statictask,SCRUBBED_TIME+LLAMA3-BWB_BMPD256_3_6_15
32,2,0,0,10,12,256,0.0,,bw,static,static,results,Results,Results_LLAMA31,LLAMA3-BWB-Results,simulator_output_LLAMA3-BWB_bwplacement_bs32_staticreq_statictask,SCRUBBED_TIME+LLAMA3-BWB_BMPD256_2_10_12
32,3,0,0,13,8,256,0.0,,bw,static,static,results,Results,Results_LLAMA31,LLAMA3-BWB-Results,simulator_output_LLAMA3-BWB_bwplacement_bs32_staticreq_statictask,SCRUBBED_TIME+LLAMA3-BWB_BMPD256_3_13_8
32,3,0,0,7,14,256,0.0,,bw,static,static,results,Results,Results_LLAMA31,LLAMA3-BWB-Results,simulator_output_LLAMA3-BWB_bwplacement_bs32_staticreq_statictask,SCRUBBED_TIME+LLAMA3-BWB_BMPD256_3_7_14
32,2,0,0,11,11,256,0.0,,bw,static,static,results,Results,Results_LLAMA31,LLAMA3-BWB-Results,simulator_output_LLAMA3-BWB_bwplacement_bs32_staticreq_statictask,SCRUBBED_TIME+LLAMA3-BWB_BMPD256_2_11_11
32,2,0,0,17,5,256,0.0,,bw,static,static,results,Results,Results_LLAMA31,LLAMA3-BWB-Results,simulator_output_LLAMA3-BWB_bwplacement_bs32_staticreq_statictask,SCRUBBED_TIME+LLAMA3-BWB_BMPD256_2_17_5
32,2,0,0,9,13,256,0.0,,bw,static,static,results,Results,Results_LLAMA31,LLAMA3-BWB-Results,simulator_output_LLAMA3-BWB_bwplacement_bs32_staticreq_statictask,SCRUBBED_TIME+LLAMA3-BWB_BMPD256_2_9_13
32,2,0,0,16,6,256,0.0,,bw,static,static,results,Results,Results_LLAMA31,LLAMA3-BWB-Results,simulator_output_LLAMA3-BWB_bwplacement_bs32_staticreq_statictask,SCRUBBED_TIME+LLAMA3-BWB_BMPD256_2_16_6
32,2,0,0,3,19,256,0.0,,bw,static,static,results,Results,Results_LLAMA31,LLAMA3-BWB-Results,simulator_output_LLAMA3-BWB_bwplacement_bs32_staticreq_statictask,SCRUBBED_TIME+LLAMA3-BWB_BMPD256_2_3_19
32,3,0,0,12,9,256,0.0,,bw,static,static,results,Results,Results_LLAMA31,LLAMA3-BWB-Results,simulator_output_LLAMA3-BWB_bwplacement_bs32_staticreq_statictask,SCRUBBED_TIME+LLAMA3-BWB_BMPD256_3_12_9
32,3,0,0,9,12,256,0.0,,bw,static,static,results,Results,Results_LLAMA31,LLAMA3-BWB-Results,simulator_output_LLAMA3-BWB_bwplacement_bs32_staticreq_statictask,SCRUBBED_TIME+LLAMA3-BWB_BMPD256_3_9_12
32,3,0,0,15,6,256,0.0,,bw,static,static,results,Results,Results_LLAMA31,LLAMA3-BWB-Results,simulator_output_LLAMA3-BWB_bwplacement_bs32_staticreq_statictask,SCRUBBED_TIME+LLAMA3-BWB_BMPD256_3_15_6
32,2,0,0,6,16,256,0.0,,bw,static,static,results,Results,Results_LLAMA31,LLAMA3-BWB-Results,simulator_output_LLAMA3-BWB_bwplacement_bs32_staticreq_statictask,SCRUBBED_TIME+LLAMA3-BWB_BMPD256_2_6_16
32,3,0,0,3,18,256,0.0,,bw,static,static,results,Results,Results_LLAMA31,LLAMA3-BWB-Results,simulator_output_LLAMA3-BWB_bwplacement_bs32_staticreq_statictask,SCRUBBED_TIME+LLAMA3-BWB_BMPD256_3_3_18
32,2,0,0,4,18,256,0.0,,bw,static,static,results,Results,Results_LLAMA31,LLAMA3-BWB-Results,simulator_output_LLAMA3-BWB_bwplacement_bs32_staticreq_statictask,SCRUBBED_TIME+LLAMA3-BWB_BMPD256_2_4_18
32,3,0,0,4,17,256,0.0,,bw,static,static,results,Results,Results_LLAMA31,LLAMA3-BWB-Results,simulator_output_LLAMA3-BWB_bwplacement_bs32_staticreq_statictask,SCRUBBED_TIME+LLAMA3-BWB_BMPD256_3_4_17
32,2,0,0,21,1,256,0.0,,bw,static,static,results,Results,Results_LLAMA31,LLAMA3-BWB-Results,simulator_output_LLAMA3-BWB_bwplacement_bs32_staticreq_statictask,SCRUBBED_TIME+LLAMA3-BWB_BMPD256_2_21_1
32,2,0,0,20,2,256,0.0,,bw,static,static,results,Results,Results_LLAMA31,LLAMA3-BWB-Results,simulator_output_LLAMA3-BWB_bwplacement_bs32_staticreq_statictask,SCRUBBED_TIME+LLAMA3-BWB_BMPD256_2_20_2
32,2,0,0,7,15,256,0.0,,bw,static,static,results,Results,Results_LLAMA31,LLAMA3-BWB-Results,simulator_output_LLAMA3-BWB_bwplacement_bs32_staticreq_statictask,SCRUBBED_TIME+LLAMA3-BWB_BMPD256_2_7_15
32,2,0,0,18,4,256,0.0,,bw,static,static,results,Results,Results_LLAMA31,LLAMA3-BWB-Results,simulator_output_LLAMA3-BWB_bwplacement_bs32_staticreq_statictask,SCRUBBED_TIME+LLAMA3-BWB_BMPD256_2_18_4
32,3,0,0,10,11,256,0.0,,bw,static,static,results,Results,Results_LLAMA31,LLAMA3-BWB-Results,simulator_output_LLAMA3-BWB_bwplacement_bs32_staticreq_statictask,SCRUBBED_TIME+LLAMA3-BWB_BMPD256_3_10_11
32,3,0,0,16,5,256,0.0,,bw,static,static,results,Results,Results_LLAMA31,LLAMA3-BWB-Results,simulator_output_LLAMA3-BWB_bwplacement_bs32_staticreq_statictask,SCRUBBED_TIME+LLAMA3-BWB_BMPD256_3_16_5
32,2,0,0,19,3,256,0.0,,bw,static,static,results,Results,Results_LLAMA31,LLAMA3-BWB-Results,simulator_output_LLAMA3-BWB_bwplacement_bs32_staticreq_statictask,SCRUBBED_TIME+LLAMA3-BWB_BMPD256_2_19_3
32,3,0,0,11,10,256,0.0,,bw,static,static,results,Results,Results_LLAMA31,LLAMA3-BWB-Results,simulator_output_LLAMA3-BWB_bwplacement_bs32_staticreq_statictask,SCRUBBED_TIME+LLAMA3-BWB_BMPD256_3_11_10
32,2,0,0,1,21,256,0.0,,bw,static,static,results,Results,Results_LLAMA31,LLAMA3-BWB-Results,simulator_output_LLAMA3-BWB_bwplacement_bs32_staticreq_statictask,SCRUBBED_TIME+LLAMA3-BWB_BMPD256_2_1_21
32,3,0,0,14,7,256,0.0,,bw,static,static,results,Results,Results_LLAMA31,LLAMA3-BWB-Results,simulator_output_LLAMA3-BWB_bwplacement_bs32_staticreq_statictask,SCRUBBED_TIME+LLAMA3-BWB_BMPD256_3_14_7
32,2,0,0,5,17,256,0.0,,bw,static,static,results,Results,Results_LLAMA31,LLAMA3-BWB-Results,simulator_output_LLAMA3-BWB_bwplacement_bs32_staticreq_statictask,SCRUBBED_TIME+LLAMA3-BWB_BMPD256_2_5_17
32,2,0,0,8,14,256,0.0,,bw,static,static,results,Results,Results_LLAMA31,LLAMA3-BWB-Results,simulator_output_LLAMA3-BWB_bwplacement_bs32_staticreq_statictask,SCRUBBED_TIME+LLAMA3-BWB_BMPD256_2_8_14
32,3,0,0,17,4,256,0.0,,bw,static,static,results,Results,Results_LLAMA31,LLAMA3-BWB-Results,simulator_output_LLAMA3-BWB_bwplacement_bs32_staticreq_statictask,SCRUBBED_TIME+LLAMA3-BWB_BMPD256_3_17_4
32,3,0,0,8,13,256,0.0,,bw,static,static,results,Results,Results_LLAMA31,LLAMA3-BWB-Results,simulator_output_LLAMA3-BWB_bwplacement_bs32_staticreq_statictask,SCRUBBED_TIME+LLAMA3-BWB_BMPD256_3_8_13
32,3,0,0,1,20,256,0.0,,bw,static,static,results,Results,Results_LLAMA31,LLAMA3-BWB-Results,simulator_output_LLAMA3-BWB_bwplacement_bs32_staticreq_statictask,SCRUBBED_TIME+LLAMA3-BWB_BMPD256_3_1_20
32,2,0,0,2,20,256,0.0,,bw,static,static,results,Results,Results_LLAMA31,LLAMA3-BWB-Results,simulator_output_LLAMA3-BWB_bwplacement_bs32_staticreq_statictask,SCRUBBED_TIME+LLAMA3-BWB_BMPD256_2_2_20
32,3,0,0,2,19,256,0.0,,bw,static,static,results,Results,Results_LLAMA31,LLAMA3-BWB-Results,simulator_output_LLAMA3-BWB_bwplacement_bs32_staticreq_statictask,SCRUBBED_TIME+LLAMA3-BWB_BMPD256_3_2_19
32,2,0,0,12,10,256,0.0,,bw,static,static,results,Results,Results_LLAMA31,LLAMA3-BWB-Results,simulator_output_LLAMA3-BWB_bwplacement_bs32_staticreq_statictask,SCRUBBED_TIME+LLAMA3-BWB_BMPD256_2_12_10
32,3,0,0,19,2,256,0.0,,bw,static,static,results,Results,Results_LLAMA31,LLAMA3-BWB-Results,simulator_output_LLAMA3-BWB_bwplacement_bs32_staticreq_statictask,SCRUBBED_TIME+LLAMA3-BWB_BMPD256_3_19_2
32,2,0,0,13,9,256,0.0,,bw,static,static,results,Results,Results_LLAMA31,LLAMA3-BWB-Results,simulator_output_LLAMA3-BWB_bwplacement_bs32_staticreq_statictask,SCRUBBED_TIME+LLAMA3-BWB_BMPD256_2_13_9
32,3,0,0,20,1,256,0.0,,bw,static,static,results,Results,Results_LLAMA31,LLAMA3-BWB-Results,simulator_output_LLAMA3-BWB_bwplacement_bs32_staticreq_statictask,SCRUBBED_TIME+LLAMA3-BWB_BMPD256_3_20_1
32,4,0,0,15,5,256,0.0,,bw,static,static,results,Results,Results_LLAMA31,LLAMA3-BWB-Results,simulator_output_LLAMA3-BWB_bwplacement_bs32_staticreq_statictask,SCRUBBED_TIME+LLAMA3-BWB_BMPD256_4_15_5
32,4,0,0,1,19,256,0.0,,bw,static,static,results,Results,Results_LLAMA31,LLAMA3-BWB-Results,simulator_output_LLAMA3-BWB_bwplacement_bs32_staticreq_statictask,SCRUBBED_TIME+LLAMA3-BWB_BMPD256_4_1_19
32,4,0,0,4,16,256,0.0,,bw,static,static,results,Results,Results_LLAMA31,LLAMA3-BWB-Results,simulator_output_LLAMA3-BWB_bwplacement_bs32_staticreq_statictask,SCRUBBED_TIME+LLAMA3-BWB_BMPD256_4_4_16
32,5,0,0,1,18,256,0.0,,bw,static,static,results,Results,Results_LLAMA31,LLAMA3-BWB-Results,simulator_output_LLAMA3-BWB_bwplacement_bs32_staticreq_statictask,SCRUBBED_TIME+LLAMA3-BWB_BMPD256_5_1_18
32,4,0,0,3,17,256,0.0,,bw,static,static,results,Results,Results_LLAMA31,LLAMA3-BWB-Results,simulator_output_LLAMA3-BWB_bwplacement_bs32_staticreq_statictask,SCRUBBED_TIME+LLAMA3-BWB_BMPD256_4_3_17
32,4,0,0,5,15,256,0.0,,bw,static,static,results,Results,Results_LLAMA31,LLAMA3-BWB-Results,simulator_output_LLAMA3-BWB_bwplacement_bs32_staticreq_statictask,SCRUBBED_TIME+LLAMA3-BWB_BMPD256_4_5_15
32,4,0,0,2,18,256,0.0,,bw,static,static,results,Results,Results_LLAMA31,LLAMA3-BWB-Results,simulator_output_LLAMA3-BWB_bwplacement_bs32_staticreq_statictask,SCRUBBED_TIME+LLAMA3-BWB_BMPD256_4_2_18
32,5,0,0,3,16,256,0.0,,bw,static,static,results,Results,Results_LLAMA31,LLAMA3-BWB-Results,simulator_output_LLAMA3-BWB_bwplacement_bs32_staticreq_statictask,SCRUBBED_TIME+LLAMA3-BWB_BMPD256_5_3_16
32,5,0,0,2,17,256,0.0,,bw,static,static,results,Results,Results_LLAMA31,LLAMA3-BWB-Results,simulator_output_LLAMA3-BWB_bwplacement_bs32_staticreq_statictask,SCRUBBED_TIME+LLAMA3-BWB_BMPD256_5_2_17
32,4,0,0,8,12,256,0.0,,bw,static,static,results,Results,Results_LLAMA31,LLAMA3-BWB-Results,simulator_output_LLAMA3-BWB_bwplacement_bs32_staticreq_statictask,SCRUBBED_TIME+LLAMA3-BWB_BMPD256_4_8_12
32,4,0,0,10,10,256,0.0,,bw,static,static,results,Results,Results_LLAMA31,LLAMA3-BWB-Results,simulator_output_LLAMA3-BWB_bwplacement_bs32_staticreq_statictask,SCRUBBED_TIME+LLAMA3-BWB_BMPD256_4_10_10
32,5,0,0,14,5,256,0.0,,bw,static,static,results,Results,Results_LLAMA31,LLAMA3-BWB-Results,simulator_output_LLAMA3-BWB_bwplacement_bs32_staticreq_statictask,SCRUBBED_TIME+LLAMA3-BWB_BMPD256_5_14_5
32,4,0,0,9,11,256,0.0,,bw,static,static,results,Results,Results_LLAMA31,LLAMA3-BWB-Results,simulator_output_LLAMA3-BWB_bwplacement_bs32_staticreq_statictask,SCRUBBED_TIME+LLAMA3-BWB_BMPD256_4_9_11
32,4,0,0,7,13,256,0.0,,bw,static,static,results,Results,Results_LLAMA31,LLAMA3-BWB-Results,simulator_output_LLAMA3-BWB_bwplacement_bs32_staticreq_statictask,SCRUBBED_TIME+LLAMA3-BWB_BMPD256_4_7_13
32,4,0,0,16,4,256,0.0,,bw,static,static,results,Results,Results_LLAMA31,LLAMA3-BWB-Results,simulator_output_LLAMA3-BWB_bwplacement_bs32_staticreq_statictask,SCRUBBED_TIME+LLAMA3-BWB_BMPD256_4_16_4
32,5,0,0,4,15,256,0.0,,bw,static,static,results,Results,Results_LLAMA31,LLAMA3-BWB-Results,simulator_output_LLAMA3-BWB_bwplacement_bs32_staticreq_statictask,SCRUBBED_TIME+LLAMA3-BWB_BMPD256_5_4_15
32,4,0,0,18,2,256,0.0,,bw,static,static,results,Results,Results_LLAMA31,LLAMA3-BWB-Results,simulator_output_LLAMA3-BWB_bwplacement_bs32_staticreq_statictask,SCRUBBED_TIME+LLAMA3-BWB_BMPD256_4_18_2
32,5,0,0,7,12,256,0.0,,bw,static,static,results,Results,Results_LLAMA31,LLAMA3-BWB-Results,simulator_output_LLAMA3-BWB_bwplacement_bs32_staticreq_statictask,SCRUBBED_TIME+LLAMA3-BWB_BMPD256_5_7_12
32,5,0,0,12,7,256,0.0,,bw,static,static,results,Results,Results_LLAMA31,LLAMA3-BWB-Results,simulator_output_LLAMA3-BWB_bwplacement_bs32_staticreq_statictask,SCRUBBED_TIME+LLAMA3-BWB_BMPD256_5_12_7
32,4,0,0,13,7,256,0.0,,bw,static,static,results,Results,Results_LLAMA31,LLAMA3-BWB-Results,simulator_output_LLAMA3-BWB_bwplacement_bs32_staticreq_statictask,SCRUBBED_TIME+LLAMA3-BWB_BMPD256_4_13_7
32,4,0,0,11,9,256,0.0,,bw,static,static,results,Results,Results_LLAMA31,LLAMA3-BWB-Results,simulator_output_LLAMA3-BWB_bwplacement_bs32_staticreq_statictask,SCRUBBED_TIME+LLAMA3-BWB_BMPD256_4_11_9
32,5,0,0,16,3,256,0.0,,bw,static,static,results,Results,Results_LLAMA31,LLAMA3-BWB-Results,simulator_output_LLAMA3-BWB_bwplacement_bs32_staticreq_statictask,SCRUBBED_TIME+LLAMA3-BWB_BMPD256_5_16_3
32,5,0,0,13,6,256,0.0,,bw,static,static,results,Results,Results_LLAMA31,LLAMA3-BWB-Results,simulator_output_LLAMA3-BWB_bwplacement_bs32_staticreq_statictask,SCRUBBED_TIME+LLAMA3-BWB_BMPD256_5_13_6
32,5,0,0,9,10,256,0.0,,bw,static,static,results,Results,Results_LLAMA31,LLAMA3-BWB-Results,simulator_output_LLAMA3-BWB_bwplacement_bs32_staticreq_statictask,SCRUBBED_TIME+LLAMA3-BWB_BMPD256_5_9_10
32,4,0,0,14,6,256,0.0,,bw,static,static,results,Results,Results_LLAMA31,LLAMA3-BWB-Results,simulator_output_LLAMA3-BWB_bwplacement_bs32_staticreq_statictask,SCRUBBED_TIME+LLAMA3-BWB_BMPD256_4_14_6
32,5,0,0,5,14,256,0.0,,bw,static,static,results,Results,Results_LLAMA31,LLAMA3-BWB-Results,simulator_output_LLAMA3-BWB_bwplacement_bs32_staticreq_statictask,SCRUBBED_TIME+LLAMA3-BWB_BMPD256_5_5_14
32,4,0,0,6,14,256,0.0,,bw,static,static,results,Results,Results_LLAMA31,LLAMA3-BWB-Results,simulator_output_LLAMA3-BWB_bwplacement_bs32_staticreq_statictask,SCRUBBED_TIME+LLAMA3-BWB_BMPD256_4_6_14
32,5,0,0,15,4,256,0.0,,bw,static,static,results,Results,Results_LLAMA31,LLAMA3-BWB-Results,simulator_output_LLAMA3-BWB_bwplacement_bs32_staticreq_statictask,SCRUBBED_TIME+LLAMA3-BWB_BMPD256_5_15_4
32,4,0,0,19,1,256,0.0,,bw,static,static,results,Results,Results_LLAMA31,LLAMA3-BWB-Results,simulator_output_LLAMA3-BWB_bwplacement_bs32_staticreq_statictask,SCRUBBED_TIME+LLAMA3-BWB_BMPD256_4_19_1
32,4,0,0,12,8,256,0.0,,bw,static,static,results,Results,Results_LLAMA31,LLAMA3-BWB-Results,simulator_output_LLAMA3-BWB_bwplacement_bs32_staticreq_statictask,SCRUBBED_TIME+LLAMA3-BWB_BMPD256_4_12_8
32,5,0,0,8,11,256,0.0,,bw,static,static,results,Results,Results_LLAMA31,LLAMA3-BWB-Results,simulator_output_LLAMA3-BWB_bwplacement_bs32_staticreq_statictask,SCRUBBED_TIME+LLAMA3-BWB_BMPD256_5_8_11
32,4,0,0,17,3,256,0.0,,bw,static,static,results,Results,Results_LLAMA31,LLAMA3-BWB-Results,simulator_output_LLAMA3-BWB_bwplacement_bs32_staticreq_statictask,SCRUBBED_TIME+LLAMA3-BWB_BMPD256_4_17_3
32,6,0,0,2,16,256,0.0,,bw,static,static,results,Results,Results_LLAMA31,LLAMA3-BWB-Results,simulator_output_LLAMA3-BWB_bwplacement_bs32_staticreq_statictask,SCRUBBED_TIME+LLAMA3-BWB_BMPD256_6_2_16
32,5,0,0,11,8,256,0.0,,bw,static,static,results,Results,Results_LLAMA31,LLAMA3-BWB-Results,simulator_output_LLAMA3-BWB_bwplacement_bs32_staticreq_statictask,SCRUBBED_TIME+LLAMA3-BWB_BMPD256_5_11_8
32,5,0,0,6,13,256,0.0,,bw,static,static,results,Results,Results_LLAMA31,LLAMA3-BWB-Results,simulator_output_LLAMA3-BWB_bwplacement_bs32_staticreq_statictask,SCRUBBED_TIME+LLAMA3-BWB_BMPD256_5_6_13
32,5,0,0,17,2,256,0.0,,bw,static,static,results,Results,Results_LLAMA31,LLAMA3-BWB-Results,simulator_output_LLAMA3-BWB_bwplacement_bs32_staticreq_statictask,SCRUBBED_TIME+LLAMA3-BWB_BMPD256_5_17_2
32,5,0,0,10,9,256,0.0,,bw,static,static,results,Results,Results_LLAMA31,LLAMA3-BWB-Results,simulator_output_LLAMA3-BWB_bwplacement_bs32_staticreq_statictask,SCRUBBED_TIME+LLAMA3-BWB_BMPD256_5_10_9
32,5,0,0,18,1,256,0.0,,bw,static,static,results,Results,Results_LLAMA31,LLAMA3-BWB-Results,simulator_output_LLAMA3-BWB_bwplacement_bs32_staticreq_statictask,SCRUBBED_TIME+LLAMA3-BWB_BMPD256_5_18_1
32,6,0,0,1,17,256,0.0,,bw,static,static,results,Results,Results_LLAMA31,LLAMA3-BWB-Results,simulator_output_LLAMA3-BWB_bwplacement_bs32_staticreq_statictask,SCRUBBED_TIME+LLAMA3-BWB_BMPD256_6_1_17
32,6,0,0,5,13,256,0.0,,bw,static,static,results,Results,Results_LLAMA31,LLAMA3-BWB-Results,simulator_output_LLAMA3-BWB_bwplacement_bs32_staticreq_statictask,SCRUBBED_TIME+LLAMA3-BWB_BMPD256_6_5_13
32,6,0,0,3,15,256,0.0,,bw,static,static,results,Results,Results_LLAMA31,LLAMA3-BWB-Results,simulator_output_LLAMA3-BWB_bwplacement_bs32_staticreq_statictask,SCRUBBED_TIME+LLAMA3-BWB_BMPD256_6_3_15
32,6,0,0,4,14,256,0.0,,bw,static,static,results,Results,Results_LLAMA31,LLAMA3-BWB-Results,simulator_output_LLAMA3-BWB_bwplacement_bs32_staticreq_statictask,SCRUBBED_TIME+LLAMA3-BWB_BMPD256_6_4_14
32,6,0,0,7,11,256,0.0,,bw,static,static,results,Results,Results_LLAMA31,LLAMA3-BWB-Results,simulator_output_LLAMA3-BWB_bwplacement_bs32_staticreq_statictask,SCRUBBED_TIME+LLAMA3-BWB_BMPD256_6_7_11
32,6,0,0,12,6,256,0.0,,bw,static,static,results,Results,Results_LLAMA31,LLAMA3-BWB-Results,simulator_output_LLAMA3-BWB_bwplacement_bs32_staticreq_statictask,SCRUBBED_TIME+LLAMA3-BWB_BMPD256_6_12_6
32,6,0,0,6,12,256,0.0,,bw,static,static,results,Results,Results_LLAMA31,LLAMA3-BWB-Results,simulator_output_LLAMA3-BWB_bwplacement_bs32_staticreq_statictask,SCRUBBED_TIME+LLAMA3-BWB_BMPD256_6_6_12
32,6,0,0,8,10,256,0.0,,bw,static,static,results,Results,Results_LLAMA31,LLAMA3-BWB-Results,simulator_output_LLAMA3-BWB_bwplacement_bs32_staticreq_statictask,SCRUBBED_TIME+LLAMA3-BWB_BMPD256_6_8_10
32,6,0,0,16,2,256,0.0,,bw,static,static,results,Results,Results_LLAMA31,LLAMA3-BWB-Results,simulator_output_LLAMA3-BWB_bwplacement_bs32_staticreq_statictask,SCRUBBED_TIME+LLAMA3-BWB_BMPD256_6_16_2
32,7,0,0,1,16,256,0.0,,bw,static,static,results,Results,Results_LLAMA31,LLAMA3-BWB-Results,simulator_output_LLAMA3-BWB_bwplacement_bs32_staticreq_statictask,SCRUBBED_TIME+LLAMA3-BWB_BMPD256_7_1_16
32,6,0,0,14,4,256,0.0,,bw,static,static,results,Results,Results_LLAMA31,LLAMA3-BWB-Results,simulator_output_LLAMA3-BWB_bwplacement_bs32_staticreq_statictask,SCRUBBED_TIME+LLAMA3-BWB_BMPD256_6_14_4
32,6,0,0,9,9,256,0.0,,bw,static,static,results,Results,Results_LLAMA31,LLAMA3-BWB-Results,simulator_output_LLAMA3-BWB_bwplacement_bs32_staticreq_statictask,SCRUBBED_TIME+LLAMA3-BWB_BMPD256_6_9_9
32,6,0,0,11,7,256,0.0,,bw,static,static,results,Results,Results_LLAMA31,LLAMA3-BWB-Results,simulator_output_LLAMA3-BWB_bwplacement_bs32_staticreq_statictask,SCRUBBED_TIME+LLAMA3-BWB_BMPD256_6_11_7
32,7,0,0,8,9,256,0.0,,bw,static,static,results,Results,Results_LLAMA31,LLAMA3-BWB-Results,simulator_output_LLAMA3-BWB_bwplacement_bs32_staticreq_statictask,SCRUBBED_TIME+LLAMA3-BWB_BMPD256_7_8_9
32,7,0,0,6,11,256,0.0,,bw,static,static,results,Results,Results_LLAMA31,LLAMA3-BWB-Results,simulator_output_LLAMA3-BWB_bwplacement_bs32_staticreq_statictask,SCRUBBED_TIME+LLAMA3-BWB_BMPD256_7_6_11
32,6,0,0,10,8,256,0.0,,bw,static,static,results,Results,Results_LLAMA31,LLAMA3-BWB-Results,simulator_output_LLAMA3-BWB_bwplacement_bs32_staticreq_statictask,SCRUBBED_TIME+LLAMA3-BWB_BMPD256_6_10_8
32,7,0,0,3,14,256,0.0,,bw,static,static,results,Results,Results_LLAMA31,LLAMA3-BWB-Results,simulator_output_LLAMA3-BWB_bwplacement_bs32_staticreq_statictask,SCRUBBED_TIME+LLAMA3-BWB_BMPD256_7_3_14
32,6,0,0,13,5,256,0.0,,bw,static,static,results,Results,Results_LLAMA31,LLAMA3-BWB-Results,simulator_output_LLAMA3-BWB_bwplacement_bs32_staticreq_statictask,SCRUBBED_TIME+LLAMA3-BWB_BMPD256_6_13_5
32,7,0,0,4,13,256,0.0,,bw,static,static,results,Results,Results_LLAMA31,LLAMA3-BWB-Results,simulator_output_LLAMA3-BWB_bwplacement_bs32_staticreq_statictask,SCRUBBED_TIME+LLAMA3-BWB_BMPD256_7_4_13
32,8,0,0,2,14,256,0.0,,bw,static,static,results,Results,Results_LLAMA31,LLAMA3-BWB-Results,simulator_output_LLAMA3-BWB_bwplacement_bs32_staticreq_statictask,SCRUBBED_TIME+LLAMA3-BWB_BMPD256_8_2_14
32,7,0,0,5,12,256,0.0,,bw,static,static,results,Results,Results_LLAMA31,LLAMA3-BWB-Results,simulator_output_LLAMA3-BWB_bwplacement_bs32_staticreq_statictask,SCRUBBED_TIME+LLAMA3-BWB_BMPD256_7_5_12
32,7,0,0,2,15,256,0.0,,bw,static,static,results,Results,Results_LLAMA31,LLAMA3-BWB-Results,simulator_output_LLAMA3-BWB_bwplacement_bs32_staticreq_statictask,SCRUBBED_TIME+LLAMA3-BWB_BMPD256_7_2_15
32,6,0,0,17,1,256,0.0,,bw,static,static,results,Results,Results_LLAMA31,LLAMA3-BWB-Results,simulator_output_LLAMA3-BWB_bwplacement_bs32_staticreq_statictask,SCRUBBED_TIME+LLAMA3-BWB_BMPD256_6_17_1
32,8,0,0,1,15,256,0.0,,bw,static,static,results,Results,Results_LLAMA31,LLAMA3-BWB-Results,simulator_output_LLAMA3-BWB_bwplacement_bs32_staticreq_statictask,SCRUBBED_TIME+LLAMA3-BWB_BMPD256_8_1_15
32,7,0,0,9,8,256,0.0,,bw,static,static,results,Results,Results_LLAMA31,LLAMA3-BWB-Results,simulator_output_LLAMA3-BWB_bwplacement_bs32_staticreq_statictask,SCRUBBED_TIME+LLAMA3-BWB_BMPD256_7_9_8
32,7,0,0,7,10,256,0.0,,bw,static,static,results,Results,Results_LLAMA31,LLAMA3-BWB-Results,simulator_output_LLAMA3-BWB_bwplacement_bs32_staticreq_statictask,SCRUBBED_TIME+LLAMA3-BWB_BMPD256_7_7_10
32,6,0,0,15,3,256,0.0,,bw,static,static,results,Results,Results_LLAMA31,LLAMA3-BWB-Results,simulator_output_LLAMA3-BWB_bwplacement_bs32_staticreq_statictask,SCRUBBED_TIME+LLAMA3-BWB_BMPD256_6_15_3
32,8,0,0,4,12,256,0.0,,bw,static,static,results,Results,Results_LLAMA31,LLAMA3-BWB-Results,simulator_output_LLAMA3-BWB_bwplacement_bs32_staticreq_statictask,SCRUBBED_TIME+LLAMA3-BWB_BMPD256_8_4_12
32,7,0,0,14,3,256,0.0,,bw,static,static,results,Results,Results_LLAMA31,LLAMA3-BWB-Results,simulator_output_LLAMA3-BWB_bwplacement_bs32_staticreq_statictask,SCRUBBED_TIME+LLAMA3-BWB_BMPD256_7_14_3
32,7,0,0,10,7,256,0.0,,bw,static,static,results,Results,Results_LLAMA31,LLAMA3-BWB-Results,simulator_output_LLAMA3-BWB_bwplacement_bs32_staticreq_statictask,SCRUBBED_TIME+LLAMA3-BWB_BMPD256_7_10_7
32,7,0,0,15,2,256,0.0,,bw,static,static,results,Results,Results_LLAMA31,LLAMA3-BWB-Results,simulator_output_LLAMA3-BWB_bwplacement_bs32_staticreq_statictask,SCRUBBED_TIME+LLAMA3-BWB_BMPD256_7_15_2
32,7,0,0,16,1,256,0.0,,bw,static,static,results,Results,Results_LLAMA31,LLAMA3-BWB-Results,simulator_output_LLAMA3-BWB_bwplacement_bs32_staticreq_statictask,SCRUBBED_TIME+LLAMA3-BWB_BMPD256_7_16_1
32,8,0,0,3,13,256,0.0,,bw,static,static,results,Results,Results_LLAMA31,LLAMA3-BWB-Results,simulator_output_LLAMA3-BWB_bwplacement_bs32_staticreq_statictask,SCRUBBED_TIME+LLAMA3-BWB_BMPD256_8_3_13
32,7,0,0,13,4,256,0.0,,bw,static,static,results,Results,Results_LLAMA31,LLAMA3-BWB-Results,simulator_output_LLAMA3-BWB_bwplacement_bs32_staticreq_statictask,SCRUBBED_TIME+LLAMA3-BWB_BMPD256_7_13_4
32,7,0,0,11,6,256,0.0,,bw,static,static,results,Results,Results_LLAMA31,LLAMA3-BWB-Results,simulator_output_LLAMA3-BWB_bwplacement_bs32_staticreq_statictask,SCRUBBED_TIME+LLAMA3-BWB_BMPD256_7_11_6
32,7,0,0,12,5,256,0.0,,bw,static,static,results,Results,Results_LLAMA31,LLAMA3-BWB-Results,simulator_output_LLAMA3-BWB_bwplacement_bs32_staticreq_statictask,SCRUBBED_TIME+LLAMA3-BWB_BMPD256_7_12_5
32,8,0,0,5,11,256,0.0,,bw,static,static,results,Results,Results_LLAMA31,LLAMA3-BWB-Results,simulator_output_LLAMA3-BWB_bwplacement_bs32_staticreq_statictask,SCRUBBED_TIME+LLAMA3-BWB_BMPD256_8_5_11
32,8,0,0,6,10,256,0.0,,bw,static,static,results,Results,Results_LLAMA31,LLAMA3-BWB-Results,simulator_output_LLAMA3-BWB_bwplacement_bs32_staticreq_statictask,SCRUBBED_TIME+LLAMA3-BWB_BMPD256_8_6_10
32,8,0,0,7,9,256,0.0,,bw,static,static,results,Results,Results_LLAMA31,LLAMA3-BWB-Results,simulator_output_LLAMA3-BWB_bwplacement_bs32_staticreq_statictask,SCRUBBED_TIME+LLAMA3-BWB_BMPD256_8_7_9
32,8,0,0,8,8,256,0.0,,bw,static,static,results,Results,Results_LLAMA31,LLAMA3-BWB-Results,simulator_output_LLAMA3-BWB_bwplacement_bs32_staticreq_statictask,SCRUBBED_TIME+LLAMA3-BWB_BMPD256_8_8_8
32,8,0,0,9,7,256,0.0,,bw,static,static,results,Results,Results_LLAMA31,LLAMA3-BWB-Results,simulator_output_LLAMA3-BWB_bwplacement_bs32_staticreq_statictask,SCRUBBED_TIME+LLAMA3-BWB_BMPD256_8_9_7
32,8,0,0,10,6,256,0.0,,bw,static,static,results,Results,Results_LLAMA31,LLAMA3-BWB-Results,simulator_output_LLAMA3-BWB_bwplacement_bs32_staticreq_statictask,SCRUBBED_TIME+LLAMA3-BWB_BMPD256_8_10_6
32,8,0,0,13,3,256,0.0,,bw,static,static,results,Results,Results_LLAMA31,LLAMA3-BWB-Results,simulator_output_LLAMA3-BWB_bwplacement_bs32_staticreq_statictask,SCRUBBED_TIME+LLAMA3-BWB_BMPD256_8_13_3
32,8,0,0,12,4,256,0.0,,bw,static,static,results,Results,Results_LLAMA31,LLAMA3-BWB-Results,simulator_output_LLAMA3-BWB_bwplacement_bs32_staticreq_statictask,SCRUBBED_TIME+LLAMA3-BWB_BMPD256_8_12_4
32,8,0,0,14,2,256,0.0,,bw,static,static,results,Results,Results_LLAMA31,LLAMA3-BWB-Results,simulator_output_LLAMA3-BWB_bwplacement_bs32_staticreq_statictask,SCRUBBED_TIME+LLAMA3-BWB_BMPD256_8_14_2
32,8,0,0,11,5,256,0.0,,bw,static,static,results,Results,Results_LLAMA31,LLAMA3-BWB-Results,simulator_output_LLAMA3-BWB_bwplacement_bs32_staticreq_statictask,SCRUBBED_TIME+LLAMA3-BWB_BMPD256_8_11_5
32,8,0,0,15,1,256,0.0,,bw,static,static,results,Results,Results_LLAMA31,LLAMA3-BWB-Results,simulator_output_LLAMA3-BWB_bwplacement_bs32_staticreq_statictask,SCRUBBED_TIME+LLAMA3-BWB_BMPD256_8_15_1
32,9,0,0,3,12,256,0.0,,bw,static,static,results,Results,Results_LLAMA31,LLAMA3-BWB-Results,simulator_output_LLAMA3-BWB_bwplacement_bs32_staticreq_statictask,SCRUBBED_TIME+LLAMA3-BWB_BMPD256_9_3_12
32,9,0,0,1,14,256,0.0,,bw,static,static,results,Results,Results_LLAMA31,LLAMA3-BWB-Results,simulator_output_LLAMA3-BWB_bwplacement_bs32_staticreq_statictask,SCRUBBED_TIME+LLAMA3-BWB_BMPD256_9_1_14
32,9,0,0,4,11,256,0.0,,bw,static,static,results,Results,Results_LLAMA31,LLAMA3-BWB-Results,simulator_output_LLAMA3-BWB_bwplacement_bs32_staticreq_statictask,SCRUBBED_TIME+LLAMA3-BWB_BMPD256_9_4_11
32,9,0,0,5,10,256,0.0,,bw,static,static,results,Results,Results_LLAMA31,LLAMA3-BWB-Results,simulator_output_LLAMA3-BWB_bwplacement_bs32_staticreq_statictask,SCRUBBED_TIME+LLAMA3-BWB_BMPD256_9_5_10
32,9,0,0,6,9,256,0.0,,bw,static,static,results,Results,Results_LLAMA31,LLAMA3-BWB-Results,simulator_output_LLAMA3-BWB_bwplacement_bs32_staticreq_statictask,SCRUBBED_TIME+LLAMA3-BWB_BMPD256_9_6_9
32,9,0,0,13,2,256,0.0,,bw,static,static,results,Results,Results_LLAMA31,LLAMA3-BWB-Results,simulator_output_LLAMA3-BWB_bwplacement_bs32_staticreq_statictask,SCRUBBED_TIME+LLAMA3-BWB_BMPD256_9_13_2
32,9,0,0,2,13,256,0.0,,bw,static,static,results,Results,Results_LLAMA31,LLAMA3-BWB-Results,simulator_output_LLAMA3-BWB_bwplacement_bs32_staticreq_statictask,SCRUBBED_TIME+LLAMA3-BWB_BMPD256_9_2_13
32,9,0,0,10,5,256,0.0,,bw,static,static,results,Results,Results_LLAMA31,LLAMA3-BWB-Results,simulator_output_LLAMA3-BWB_bwplacement_bs32_staticreq_statictask,SCRUBBED_TIME+LLAMA3-BWB_BMPD256_9_10_5
32,9,0,0,14,1,256,0.0,,bw,static,static,results,Results,Results_LLAMA31,LLAMA3-BWB-Results,simulator_output_LLAMA3-BWB_bwplacement_bs32_staticreq_statictask,SCRUBBED_TIME+LLAMA3-BWB_BMPD256_9_14_1
32,9,0,0,11,4,256,0.0,,bw,static,static,results,Results,Results_LLAMA31,LLAMA3-BWB-Results,simulator_output_LLAMA3-BWB_bwplacement_bs32_staticreq_statictask,SCRUBBED_TIME+LLAMA3-BWB_BMPD256_9_11_4
32,9,0,0,9,6,256,0.0,,bw,static,static,results,Results,Results_LLAMA31,LLAMA3-BWB-Results,simulator_output_LLAMA3-BWB_bwplacement_bs32_staticreq_statictask,SCRUBBED_TIME+LLAMA3-BWB_BMPD256_9_9_6
32,9,0,0,8,7,256,0.0,,bw,static,static,results,Results,Results_LLAMA31,LLAMA3-BWB-Results,simulator_output_LLAMA3-BWB_bwplacement_bs32_staticreq_statictask,SCRUBBED_TIME+LLAMA3-BWB_BMPD256_9_8_7
32,10,0,0,8,6,256,0.0,,bw,static,static,results,Results,Results_LLAMA31,LLAMA3-BWB-Results,simulator_output_LLAMA3-BWB_bwplacement_bs32_staticreq_statictask,SCRUBBED_TIME+LLAMA3-BWB_BMPD256_10_8_6
32,10,0,0,7,7,256,0.0,,bw,static,static,results,Results,Results_LLAMA31,LLAMA3-BWB-Results,simulator_output_LLAMA3-BWB_bwplacement_bs32_staticreq_statictask,SCRUBBED_TIME+LLAMA3-BWB_BMPD256_10_7_7
32,10,0,0,1,13,256,0.0,,bw,static,static,results,Results,Results_LLAMA31,LLAMA3-BWB-Results,simulator_output_LLAMA3-BWB_bwplacement_bs32_staticreq_statictask,SCRUBBED_TIME+LLAMA3-BWB_BMPD256_10_1_13
32,9,0,0,7,8,256,0.0,,bw,static,static,results,Results,Results_LLAMA31,LLAMA3-BWB-Results,simulator_output_LLAMA3-BWB_bwplacement_bs32_staticreq_statictask,SCRUBBED_TIME+LLAMA3-BWB_BMPD256_9_7_8
32,9,0,0,12,3,256,0.0,,bw,static,static,results,Results,Results_LLAMA31,LLAMA3-BWB-Results,simulator_output_LLAMA3-BWB_bwplacement_bs32_staticreq_statictask,SCRUBBED_TIME+LLAMA3-BWB_BMPD256_9_12_3
32,10,0,0,2,12,256,0.0,,bw,static,static,results,Results,Results_LLAMA31,LLAMA3-BWB-Results,simulator_output_LLAMA3-BWB_bwplacement_bs32_staticreq_statictask,SCRUBBED_TIME+LLAMA3-BWB_BMPD256_10_2_12
32,10,0,0,3,11,256,0.0,,bw,static,static,results,Results,Results_LLAMA31,LLAMA3-BWB-Results,simulator_output_LLAMA3-BWB_bwplacement_bs32_staticreq_statictask,SCRUBBED_TIME+LLAMA3-BWB_BMPD256_10_3_11
32,10,0,0,5,9,256,0.0,,bw,static,static,results,Results,Results_LLAMA31,LLAMA3-BWB-Results,simulator_output_LLAMA3-BWB_bwplacement_bs32_staticreq_statictask,SCRUBBED_TIME+LLAMA3-BWB_BMPD256_10_5_9
32,10,0,0,4,10,256,0.0,,bw,static,static,results,Results,Results_LLAMA31,LLAMA3-BWB-Results,simulator_output_LLAMA3-BWB_bwplacement_bs32_staticreq_statictask,SCRUBBED_TIME+LLAMA3-BWB_BMPD256_10_4_10
32,10,0,0,9,5,256,0.0,,bw,static,static,results,Results,Results_LLAMA31,LLAMA3-BWB-Results,simulator_output_LLAMA3-BWB_bwplacement_bs32_staticreq_statictask,SCRUBBED_TIME+LLAMA3-BWB_BMPD256_10_9_5
32,10,0,0,6,8,256,0.0,,bw,static,static,results,Results,Results_LLAMA31,LLAMA3-BWB-Results,simulator_output_LLAMA3-BWB_bwplacement_bs32_staticreq_statictask,SCRUBBED_TIME+LLAMA3-BWB_BMPD256_10_6_8
32,10,0,0,10,4,256,0.0,,bw,static,static,results,Results,Results_LLAMA31,LLAMA3-BWB-Results,simulator_output_LLAMA3-BWB_bwplacement_bs32_staticreq_statictask,SCRUBBED_TIME+LLAMA3-BWB_BMPD256_10_10_4
32,10,0,0,12,2,256,0.0,,bw,static,static,results,Results,Results_LLAMA31,LLAMA3-BWB-Results,simulator_output_LLAMA3-BWB_bwplacement_bs32_staticreq_statictask,SCRUBBED_TIME+LLAMA3-BWB_BMPD256_10_12_2
32,11,0,0,3,10,256,0.0,,bw,static,static,results,Results,Results_LLAMA31,LLAMA3-BWB-Results,simulator_output_LLAMA3-BWB_bwplacement_bs32_staticreq_statictask,SCRUBBED_TIME+LLAMA3-BWB_BMPD256_11_3_10
32,10,0,0,11,3,256,0.0,,bw,static,static,results,Results,Results_LLAMA31,LLAMA3-BWB-Results,simulator_output_LLAMA3-BWB_bwplacement_bs32_staticreq_statictask,SCRUBBED_TIME+LLAMA3-BWB_BMPD256_10_11_3
32,11,0,0,1,12,256,0.0,,bw,static,static,results,Results,Results_LLAMA31,LLAMA3-BWB-Results,simulator_output_LLAMA3-BWB_bwplacement_bs32_staticreq_statictask,SCRUBBED_TIME+LLAMA3-BWB_BMPD256_11_1_12
32,11,0,0,2,11,256,0.0,,bw,static,static,results,Results,Results_LLAMA31,LLAMA3-BWB-Results,simulator_output_LLAMA3-BWB_bwplacement_bs32_staticreq_statictask,SCRUBBED_TIME+LLAMA3-BWB_BMPD256_11_2_11
32,10,0,0,13,1,256,0.0,,bw,static,static,results,Results,Results_LLAMA31,LLAMA3-BWB-Results,simulator_output_LLAMA3-BWB_bwplacement_bs32_staticreq_statictask,SCRUBBED_TIME+LLAMA3-BWB_BMPD256_10_13_1
32,11,0,0,4,9,256,0.0,,bw,static,static,results,Results,Results_LLAMA31,LLAMA3-BWB-Results,simulator_output_LLAMA3-BWB_bwplacement_bs32_staticreq_statictask,SCRUBBED_TIME+LLAMA3-BWB_BMPD256_11_4_9
32,11,0,0,5,8,256,0.0,,bw,static,static,results,Results,Results_LLAMA31,LLAMA3-BWB-Results,simulator_output_LLAMA3-BWB_bwplacement_bs32_staticreq_statictask,SCRUBBED_TIME+LLAMA3-BWB_BMPD256_11_5_8
32,11,0,0,6,7,256,0.0,,bw,static,static,results,Results,Results_LLAMA31,LLAMA3-BWB-Results,simulator_output_LLAMA3-BWB_bwplacement_bs32_staticreq_statictask,SCRUBBED_TIME+LLAMA3-BWB_BMPD256_11_6_7
32,11,0,0,7,6,256,0.0,,bw,static,static,results,Results,Results_LLAMA31,LLAMA3-BWB-Results,simulator_output_LLAMA3-BWB_bwplacement_bs32_staticreq_statictask,SCRUBBED_TIME+LLAMA3-BWB_BMPD256_11_7_6
32,11,0,0,8,5,256,0.0,,bw,static,static,results,Results,Results_LLAMA31,LLAMA3-BWB-Results,simulator_output_LLAMA3-BWB_bwplacement_bs32_staticreq_statictask,SCRUBBED_TIME+LLAMA3-BWB_BMPD256_11_8_5
32,11,0,0,9,4,256,0.0,,bw,static,static,results,Results,Results_LLAMA31,LLAMA3-BWB-Results,simulator_output_LLAMA3-BWB_bwplacement_bs32_staticreq_statictask,SCRUBBED_TIME+LLAMA3-BWB_BMPD256_11_9_4
32,11,0,0,10,3,256,0.0,,bw,static,static,results,Results,Results_LLAMA31,LLAMA3-BWB-Results,simulator_output_LLAMA3-BWB_bwplacement_bs32_staticreq_statictask,SCRUBBED_TIME+LLAMA3-BWB_BMPD256_11_10_3
32,11,0,0,11,2,256,0.0,,bw,static,static,results,Results,Results_LLAMA31,LLAMA3-BWB-Results,simulator_output_LLAMA3-BWB_bwplacement_bs32_staticreq_statictask,SCRUBBED_TIME+LLAMA3-BWB_BMPD256_11_11_2
32,11,0,0,12,1,256,0.0,,bw,static,static,results,Results,Results_LLAMA31,LLAMA3-BWB-Results,simulator_output_LLAMA3-BWB_bwplacement_bs32_staticreq_statictask,SCRUBBED_TIME+LLAMA3-BWB_BMPD256_11_12_1
32,12,0,0,3,9,256,0.0,,bw,static,static,results,Results,Results_LLAMA31,LLAMA3-BWB-Results,simulator_output_LLAMA3-BWB_bwplacement_bs32_staticreq_statictask,SCRUBBED_TIME+LLAMA3-BWB_BMPD256_12_3_9
32,12,0,0,2,10,256,0.0,,bw,static,static,results,Results,Results_LLAMA31,LLAMA3-BWB-Results,simulator_output_LLAMA3-BWB_bwplacement_bs32_staticreq_statictask,SCRUBBED_TIME+LLAMA3-BWB_BMPD256_12_2_10
32,12,0,0,4,8,256,0.0,,bw,static,static,results,Results,Results_LLAMA31,LLAMA3-BWB-Results,simulator_output_LLAMA3-BWB_bwplacement_bs32_staticreq_statictask,SCRUBBED_TIME+LLAMA3-BWB_BMPD256_12_4_8
32,12,0,0,8,4,256,0.0,,bw,static,static,results,Results,Results_LLAMA31,LLAMA3-BWB-Results,simulator_output_LLAMA3-BWB_bwplacement_bs32_staticreq_statictask,SCRUBBED_TIME+LLAMA3-BWB_BMPD256_12_8_4
32,12,0,0,1,11,256,0.0,,bw,static,static,results,Results,Results_LLAMA31,LLAMA3-BWB-Results,simulator_output_LLAMA3-BWB_bwplacement_bs32_staticreq_statictask,SCRUBBED_TIME+LLAMA3-BWB_BMPD256_12_1_11
32,12,0,0,6,6,256,0.0,,bw,static,static,results,Results,Results_LLAMA31,LLAMA3-BWB-Results,simulator_output_LLAMA3-BWB_bwplacement_bs32_staticreq_statictask,SCRUBBED_TIME+LLAMA3-BWB_BMPD256_12_6_6
32,12,0,0,5,7,256,0.0,,bw,static,static,results,Results,Results_LLAMA31,LLAMA3-BWB-Results,simulator_output_LLAMA3-BWB_bwplacement_bs32_staticreq_statictask,SCRUBBED_TIME+LLAMA3-BWB_BMPD256_12_5_7
32,12,0,0,9,3,256,0.0,,bw,static,static,results,Results,Results_LLAMA31,LLAMA3-BWB-Results,simulator_output_LLAMA3-BWB_bwplacement_bs32_staticreq_statictask,SCRUBBED_TIME+LLAMA3-BWB_BMPD256_12_9_3
32,12,0,0,7,5,256,0.0,,bw,static,static,results,Results,Results_LLAMA31,LLAMA3-BWB-Results,simulator_output_LLAMA3-BWB_bwplacement_bs32_staticreq_statictask,SCRUBBED_TIME+LLAMA3-BWB_BMPD256_12_7_5
32,12,0,0,10,2,256,0.0,,bw,static,static,results,Results,Results_LLAMA31,LLAMA3-BWB-Results,simulator_output_LLAMA3-BWB_bwplacement_bs32_staticreq_statictask,SCRUBBED_TIME+LLAMA3-BWB_BMPD256_12_10_2
32,12,0,0,11,1,256,0.0,,bw,static,static,results,Results,Results_LLAMA31,LLAMA3-BWB-Results,simulator_output_LLAMA3-BWB_bwplacement_bs32_staticreq_statictask,SCRUBBED_TIME+LLAMA3-BWB_BMPD256_12_11_1
32,13,0,0,1,10,256,0.0,,bw,static,static,results,Results,Results_LLAMA31,LLAMA3-BWB-Results,simulator_output_LLAMA3-BWB_bwplacement_bs32_staticreq_statictask,SCRUBBED_TIME+LLAMA3-BWB_BMPD256_13_1_10
32,13,0,0,2,9,256,0.0,,bw,static,static,results,Results,Results_LLAMA31,LLAMA3-BWB-Results,simulator_output_LLAMA3-BWB_bwplacement_bs32_staticreq_statictask,SCRUBBED_TIME+LLAMA3-BWB_BMPD256_13_2_9
32,13,0,0,5,6,256,0.0,,bw,static,static,results,Results,Results_LLAMA31,LLAMA3-BWB-Results,simulator_output_LLAMA3-BWB_bwplacement_bs32_staticreq_statictask,SCRUBBED_TIME+LLAMA3-BWB_BMPD256_13_5_6
32,13,0,0,4,7,256,0.0,,bw,static,static,results,Results,Results_LLAMA31,LLAMA3-BWB-Results,simulator_output_LLAMA3-BWB_bwplacement_bs32_staticreq_statictask,SCRUBBED_TIME+LLAMA3-BWB_BMPD256_13_4_7
32,13,0,0,8,3,256,0.0,,bw,static,static,results,Results,Results_LLAMA31,LLAMA3-BWB-Results,simulator_output_LLAMA3-BWB_bwplacement_bs32_staticreq_statictask,SCRUBBED_TIME+LLAMA3-BWB_BMPD256_13_8_3
32,13,0,0,6,5,256,0.0,,bw,static,static,results,Results,Results_LLAMA31,LLAMA3-BWB-Results,simulator_output_LLAMA3-BWB_bwplacement_bs32_staticreq_statictask,SCRUBBED_TIME+LLAMA3-BWB_BMPD256_13_6_5
32,13,0,0,3,8,256,0.0,,bw,static,static,results,Results,Results_LLAMA31,LLAMA3-BWB-Results,simulator_output_LLAMA3-BWB_bwplacement_bs32_staticreq_statictask,SCRUBBED_TIME+LLAMA3-BWB_BMPD256_13_3_8
32,13,0,0,7,4,256,0.0,,bw,static,static,results,Results,Results_LLAMA31,LLAMA3-BWB-Results,simulator_output_LLAMA3-BWB_bwplacement_bs32_staticreq_statictask,SCRUBBED_TIME+LLAMA3-BWB_BMPD256_13_7_4
32,13,0,0,9,2,256,0.0,,bw,static,static,results,Results,Results_LLAMA31,LLAMA3-BWB-Results,simulator_output_LLAMA3-BWB_bwplacement_bs32_staticreq_statictask,SCRUBBED_TIME+LLAMA3-BWB_BMPD256_13_9_2
32,13,0,0,10,1,256,0.0,,bw,static,static,results,Results,Results_LLAMA31,LLAMA3-BWB-Results,simulator_output_LLAMA3-BWB_bwplacement_bs32_staticreq_statictask,SCRUBBED_TIME+LLAMA3-BWB_BMPD256_13_10_1
32,14,0,0,2,8,256,0.0,,bw,static,static,results,Results,Results_LLAMA31,LLAMA3-BWB-Results,simulator_output_LLAMA3-BWB_bwplacement_bs32_staticreq_statictask,SCRUBBED_TIME+LLAMA3-BWB_BMPD256_14_2_8
32,14,0,0,1,9,256,0.0,,bw,static,static,results,Results,Results_LLAMA31,LLAMA3-BWB-Results,simulator_output_LLAMA3-BWB_bwplacement_bs32_staticreq_statictask,SCRUBBED_TIME+LLAMA3-BWB_BMPD256_14_1_9
32,14,0,0,3,7,256,0.0,,bw,static,static,results,Results,Results_LLAMA31,LLAMA3-BWB-Results,simulator_output_LLAMA3-BWB_bwplacement_bs32_staticreq_statictask,SCRUBBED_TIME+LLAMA3-BWB_BMPD256_14_3_7
32,14,0,0,7,3,256,0.0,,bw,static,static,results,Results,Results_LLAMA31,LLAMA3-BWB-Results,simulator_output_LLAMA3-BWB_bwplacement_bs32_staticreq_statictask,SCRUBBED_TIME+LLAMA3-BWB_BMPD256_14_7_3
32,14,0,0,4,6,256,0.0,,bw,static,static,results,Results,Results_LLAMA31,LLAMA3-BWB-Results,simulator_output_LLAMA3-BWB_bwplacement_bs32_staticreq_statictask,SCRUBBED_TIME+LLAMA3-BWB_BMPD256_14_4_6
32,14,0,0,5,5,256,0.0,,bw,static,static,results,Results,Results_LLAMA31,LLAMA3-BWB-Results,simulator_output_LLAMA3-BWB_bwplacement_bs32_staticreq_statictask,SCRUBBED_TIME+LLAMA3-BWB_BMPD256_14_5_5
32,14,0,0,6,4,256,0.0,,bw,static,static,results,Results,Results_LLAMA31,LLAMA3-BWB-Results,simulator_output_LLAMA3-BWB_bwplacement_bs32_staticreq_statictask,SCRUBBED_TIME+LLAMA3-BWB_BMPD256_14_6_4
32,14,0,0,8,2,256,0.0,,bw,static,static,results,Results,Results_LLAMA31,LLAMA3-BWB-Results,simulator_output_LLAMA3-BWB_bwplacement_bs32_staticreq_statictask,SCRUBBED_TIME+LLAMA3-BWB_BMPD256_14_8_2
32,14,0,0,9,1,256,0.0,,bw,static,static,results,Results,Results_LLAMA31,LLAMA3-BWB-Results,simulator_output_LLAMA3-BWB_bwplacement_bs32_staticreq_statictask,SCRUBBED_TIME+LLAMA3-BWB_BMPD256_14_9_1
32,15,0,0,1,8,256,0.0,,bw,static,static,results,Results,Results_LLAMA31,LLAMA3-BWB-Results,simulator_output_LLAMA3-BWB_bwplacement_bs32_staticreq_statictask,SCRUBBED_TIME+LLAMA3-BWB_BMPD256_15_1_8
32,15,0,0,2,7,256,0.0,,bw,static,static,results,Results,Results_LLAMA31,LLAMA3-BWB-Results,simulator_output_LLAMA3-BWB_bwplacement_bs32_staticreq_statictask,SCRUBBED_TIME+LLAMA3-BWB_BMPD256_15_2_7
32,15,0,0,3,6,256,0.0,,bw,static,static,results,Results,Results_LLAMA31,LLAMA3-BWB-Results,simulator_output_LLAMA3-BWB_bwplacement_bs32_staticreq_statictask,SCRUBBED_TIME+LLAMA3-BWB_BMPD256_15_3_6
32,15,0,0,4,5,256,0.0,,bw,static,static,results,Results,Results_LLAMA31,LLAMA3-BWB-Results,simulator_output_LLAMA3-BWB_bwplacement_bs32_staticreq_statictask,SCRUBBED_TIME+LLAMA3-BWB_BMPD256_15_4_5
32,15,0,0,5,4,256,0.0,,bw,static,static,results,Results,Results_LLAMA31,LLAMA3-BWB-Results,simulator_output_LLAMA3-BWB_bwplacement_bs32_staticreq_statictask,SCRUBBED_TIME+LLAMA3-BWB_BMPD256_15_5_4
32,15,0,0,6,3,256,0.0,,bw,static,static,results,Results,Results_LLAMA31,LLAMA3-BWB-Results,simulator_output_LLAMA3-BWB_bwplacement_bs32_staticreq_statictask,SCRUBBED_TIME+LLAMA3-BWB_BMPD256_15_6_3
32,15,0,0,7,2,256,0.0,,bw,static,static,results,Results,Results_LLAMA31,LLAMA3-BWB-Results,simulator_output_LLAMA3-BWB_bwplacement_bs32_staticreq_statictask,SCRUBBED_TIME+LLAMA3-BWB_BMPD256_15_7_2
32,15,0,0,8,1,256,0.0,,bw,static,static,results,Results,Results_LLAMA31,LLAMA3-BWB-Results,simulator_output_LLAMA3-BWB_bwplacement_bs32_staticreq_statictask,SCRUBBED_TIME+LLAMA3-BWB_BMPD256_15_8_1
32,16,0,0,1,7,256,0.0,,bw,static,static,results,Results,Results_LLAMA31,LLAMA3-BWB-Results,simulator_output_LLAMA3-BWB_bwplacement_bs32_staticreq_statictask,SCRUBBED_TIME+LLAMA3-BWB_BMPD256_16_1_7
32,16,0,0,3,5,256,0.0,,bw,static,static,results,Results,Results_LLAMA31,LLAMA3-BWB-Results,simulator_output_LLAMA3-BWB_bwplacement_bs32_staticreq_statictask,SCRUBBED_TIME+LLAMA3-BWB_BMPD256_16_3_5
32,16,0,0,2,6,256,0.0,,bw,static,static,results,Results,Results_LLAMA31,LLAMA3-BWB-Results,simulator_output_LLAMA3-BWB_bwplacement_bs32_staticreq_statictask,SCRUBBED_TIME+LLAMA3-BWB_BMPD256_16_2_6
32,16,0,0,4,4,256,0.0,,bw,static,static,results,Results,Results_LLAMA31,LLAMA3-BWB-Results,simulator_output_LLAMA3-BWB_bwplacement_bs32_staticreq_statictask,SCRUBBED_TIME+LLAMA3-BWB_BMPD256_16_4_4
32,16,0,0,5,3,256,0.0,,bw,static,static,results,Results,Results_LLAMA31,LLAMA3-BWB-Results,simulator_output_LLAMA3-BWB_bwplacement_bs32_staticreq_statictask,SCRUBBED_TIME+LLAMA3-BWB_BMPD256_16_5_3
32,16,0,0,6,2,256,0.0,,bw,static,static,results,Results,Results_LLAMA31,LLAMA3-BWB-Results,simulator_output_LLAMA3-BWB_bwplacement_bs32_staticreq_statictask,SCRUBBED_TIME+LLAMA3-BWB_BMPD256_16_6_2
32,16,0,0,7,1,256,0.0,,bw,static,static,results,Results,Results_LLAMA31,LLAMA3-BWB-Results,simulator_output_LLAMA3-BWB_bwplacement_bs32_staticreq_statictask,SCRUBBED_TIME+LLAMA3-BWB_BMPD256_16_7_1
32,2,0,0,4,18,384,0.0,,bw,static,static,results,Results,Results_LLAMA31,LLAMA3-BWB-Results,simulator_output_LLAMA3-BWB_bwplacement_bs32_staticreq_statictask,SCRUBBED_TIME+LLAMA3-BWB_BMPD384_2_4_18
32,3,0,0,12,9,384,0.0,,bw,static,static,results,Results,Results_LLAMA31,LLAMA3-BWB-Results,simulator_output_LLAMA3-BWB_bwplacement_bs32_staticreq_statictask,SCRUBBED_TIME+LLAMA3-BWB_BMPD384_3_12_9
32,3,0,0,18,3,384,0.0,,bw,static,static,results,Results,Results_LLAMA31,LLAMA3-BWB-Results,simulator_output_LLAMA3-BWB_bwplacement_bs32_staticreq_statictask,SCRUBBED_TIME+LLAMA3-BWB_BMPD384_3_18_3
32,3,0,0,14,7,384,0.0,,bw,static,static,results,Results,Results_LLAMA31,LLAMA3-BWB-Results,simulator_output_LLAMA3-BWB_bwplacement_bs32_staticreq_statictask,SCRUBBED_TIME+LLAMA3-BWB_BMPD384_3_14_7
32,2,0,0,3,19,384,0.0,,bw,static,static,results,Results,Results_LLAMA31,LLAMA3-BWB-Results,simulator_output_LLAMA3-BWB_bwplacement_bs32_staticreq_statictask,SCRUBBED_TIME+LLAMA3-BWB_BMPD384_2_3_19
32,2,0,0,16,6,384,0.0,,bw,static,static,results,Results,Results_LLAMA31,LLAMA3-BWB-Results,simulator_output_LLAMA3-BWB_bwplacement_bs32_staticreq_statictask,SCRUBBED_TIME+LLAMA3-BWB_BMPD384_2_16_6
32,2,0,0,15,7,384,0.0,,bw,static,static,results,Results,Results_LLAMA31,LLAMA3-BWB-Results,simulator_output_LLAMA3-BWB_bwplacement_bs32_staticreq_statictask,SCRUBBED_TIME+LLAMA3-BWB_BMPD384_2_15_7
32,3,0,0,5,16,384,0.0,,bw,static,static,results,Results,Results_LLAMA31,LLAMA3-BWB-Results,simulator_output_LLAMA3-BWB_bwplacement_bs32_staticreq_statictask,SCRUBBED_TIME+LLAMA3-BWB_BMPD384_3_5_16
32,2,0,0,2,20,384,0.0,,bw,static,static,results,Results,Results_LLAMA31,LLAMA3-BWB-Results,simulator_output_LLAMA3-BWB_bwplacement_bs32_staticreq_statictask,SCRUBBED_TIME+LLAMA3-BWB_BMPD384_2_2_20
32,3,0,0,7,14,384,0.0,,bw,static,static,results,Results,Results_LLAMA31,LLAMA3-BWB-Results,simulator_output_LLAMA3-BWB_bwplacement_bs32_staticreq_statictask,SCRUBBED_TIME+LLAMA3-BWB_BMPD384_3_7_14
32,3,0,0,11,10,384,0.0,,bw,static,static,results,Results,Results_LLAMA31,LLAMA3-BWB-Results,simulator_output_LLAMA3-BWB_bwplacement_bs32_staticreq_statictask,SCRUBBED_TIME+LLAMA3-BWB_BMPD384_3_11_10
32,2,0,0,6,16,384,0.0,,bw,static,static,results,Results,Results_LLAMA31,LLAMA3-BWB-Results,simulator_output_LLAMA3-BWB_bwplacement_bs32_staticreq_statictask,SCRUBBED_TIME+LLAMA3-BWB_BMPD384_2_6_16
32,3,0,0,9,12,384,0.0,,bw,static,static,results,Results,Results_LLAMA31,LLAMA3-BWB-Results,simulator_output_LLAMA3-BWB_bwplacement_bs32_staticreq_statictask,SCRUBBED_TIME+LLAMA3-BWB_BMPD384_3_9_12
32,3,0,0,16,5,384,0.0,,bw,static,static,results,Results,Results_LLAMA31,LLAMA3-BWB-Results,simulator_output_LLAMA3-BWB_bwplacement_bs32_staticreq_statictask,SCRUBBED_TIME+LLAMA3-BWB_BMPD384_3_16_5
32,2,0,0,7,15,384,0.0,,bw,static,static,results,Results,Results_LLAMA31,LLAMA3-BWB-Results,simulator_output_LLAMA3-BWB_bwplacement_bs32_staticreq_statictask,SCRUBBED_TIME+LLAMA3-BWB_BMPD384_2_7_15
32,2,0,0,10,12,384,0.0,,bw,static,static,results,Results,Results_LLAMA31,LLAMA3-BWB-Results,simulator_output_LLAMA3-BWB_bwplacement_bs32_staticreq_statictask,SCRUBBED_TIME+LLAMA3-BWB_BMPD384_2_10_12
32,2,0,0,5,17,384,0.0,,bw,static,static,results,Results,Results_LLAMA31,LLAMA3-BWB-Results,simulator_output_LLAMA3-BWB_bwplacement_bs32_staticreq_statictask,SCRUBBED_TIME+LLAMA3-BWB_BMPD384_2_5_17
32,2,0,0,1,21,384,0.0,,bw,static,static,results,Results,Results_LLAMA31,LLAMA3-BWB-Results,simulator_output_LLAMA3-BWB_bwplacement_bs32_staticreq_statictask,SCRUBBED_TIME+LLAMA3-BWB_BMPD384_2_1_21
32,2,0,0,18,4,384,0.0,,bw,static,static,results,Results,Results_LLAMA31,LLAMA3-BWB-Results,simulator_output_LLAMA3-BWB_bwplacement_bs32_staticreq_statictask,SCRUBBED_TIME+LLAMA3-BWB_BMPD384_2_18_4
32,2,0,0,19,3,384,0.0,,bw,static,static,results,Results,Results_LLAMA31,LLAMA3-BWB-Results,simulator_output_LLAMA3-BWB_bwplacement_bs32_staticreq_statictask,SCRUBBED_TIME+LLAMA3-BWB_BMPD384_2_19_3
32,3,0,0,19,2,384,0.0,,bw,static,static,results,Results,Results_LLAMA31,LLAMA3-BWB-Results,simulator_output_LLAMA3-BWB_bwplacement_bs32_staticreq_statictask,SCRUBBED_TIME+LLAMA3-BWB_BMPD384_3_19_2
32,2,0,0,12,10,384,0.0,,bw,static,static,results,Results,Results_LLAMA31,LLAMA3-BWB-Results,simulator_output_LLAMA3-BWB_bwplacement_bs32_staticreq_statictask,SCRUBBED_TIME+LLAMA3-BWB_BMPD384_2_12_10
32,2,0,0,17,5,384,0.0,,bw,static,static,results,Results,Results_LLAMA31,LLAMA3-BWB-Results,simulator_output_LLAMA3-BWB_bwplacement_bs32_staticreq_statictask,SCRUBBED_TIME+LLAMA3-BWB_BMPD384_2_17_5
32,2,0,0,20,2,384,0.0,,bw,static,static,results,Results,Results_LLAMA31,LLAMA3-BWB-Results,simulator_output_LLAMA3-BWB_bwplacement_bs32_staticreq_statictask,SCRUBBED_TIME+LLAMA3-BWB_BMPD384_2_20_2
32,3,0,0,2,19,384,0.0,,bw,static,static,results,Results,Results_LLAMA31,LLAMA3-BWB-Results,simulator_output_LLAMA3-BWB_bwplacement_bs32_staticreq_statictask,SCRUBBED_TIME+LLAMA3-BWB_BMPD384_3_2_19
32,2,0,0,13,9,384,0.0,,bw,static,static,results,Results,Results_LLAMA31,LLAMA3-BWB-Results,simulator_output_LLAMA3-BWB_bwplacement_bs32_staticreq_statictask,SCRUBBED_TIME+LLAMA3-BWB_BMPD384_2_13_9
32,3,0,0,8,13,384,0.0,,bw,static,static,results,Results,Results_LLAMA31,LLAMA3-BWB-Results,simulator_output_LLAMA3-BWB_bwplacement_bs32_staticreq_statictask,SCRUBBED_TIME+LLAMA3-BWB_BMPD384_3_8_13
32,3,0,0,6,15,384,0.0,,bw,static,static,results,Results,Results_LLAMA31,LLAMA3-BWB-Results,simulator_output_LLAMA3-BWB_bwplacement_bs32_staticreq_statictask,SCRUBBED_TIME+LLAMA3-BWB_BMPD384_3_6_15
32,3,0,0,3,18,384,0.0,,bw,static,static,results,Results,Results_LLAMA31,LLAMA3-BWB-Results,simulator_output_LLAMA3-BWB_bwplacement_bs32_staticreq_statictask,SCRUBBED_TIME+LLAMA3-BWB_BMPD384_3_3_18
32,3,0,0,4,17,384,0.0,,bw,static,static,results,Results,Results_LLAMA31,LLAMA3-BWB-Results,simulator_output_LLAMA3-BWB_bwplacement_bs32_staticreq_statictask,SCRUBBED_TIME+LLAMA3-BWB_BMPD384_3_4_17
32,3,0,0,1,20,384,0.0,,bw,static,static,results,Results,Results_LLAMA31,LLAMA3-BWB-Results,simulator_output_LLAMA3-BWB_bwplacement_bs32_staticreq_statictask,SCRUBBED_TIME+LLAMA3-BWB_BMPD384_3_1_20
32,3,0,0,13,8,384,0.0,,bw,static,static,results,Results,Results_LLAMA31,LLAMA3-BWB-Results,simulator_output_LLAMA3-BWB_bwplacement_bs32_staticreq_statictask,SCRUBBED_TIME+LLAMA3-BWB_BMPD384_3_13_8
32,2,0,0,8,14,384,0.0,,bw,static,static,results,Results,Results_LLAMA31,LLAMA3-BWB-Results,simulator_output_LLAMA3-BWB_bwplacement_bs32_staticreq_statictask,SCRUBBED_TIME+LLAMA3-BWB_BMPD384_2_8_14
32,3,0,0,15,6,384,0.0,,bw,static,static,results,Results,Results_LLAMA31,LLAMA3-BWB-Results,simulator_output_LLAMA3-BWB_bwplacement_bs32_staticreq_statictask,SCRUBBED_TIME+LLAMA3-BWB_BMPD384_3_15_6
32,2,0,0,14,8,384,0.0,,bw,static,static,results,Results,Results_LLAMA31,LLAMA3-BWB-Results,simulator_output_LLAMA3-BWB_bwplacement_bs32_staticreq_statictask,SCRUBBED_TIME+LLAMA3-BWB_BMPD384_2_14_8
32,2,0,0,11,11,384,0.0,,bw,static,static,results,Results,Results_LLAMA31,LLAMA3-BWB-Results,simulator_output_LLAMA3-BWB_bwplacement_bs32_staticreq_statictask,SCRUBBED_TIME+LLAMA3-BWB_BMPD384_2_11_11
32,2,0,0,9,13,384,0.0,,bw,static,static,results,Results,Results_LLAMA31,LLAMA3-BWB-Results,simulator_output_LLAMA3-BWB_bwplacement_bs32_staticreq_statictask,SCRUBBED_TIME+LLAMA3-BWB_BMPD384_2_9_13
32,2,0,0,21,1,384,0.0,,bw,static,static,results,Results,Results_LLAMA31,LLAMA3-BWB-Results,simulator_output_LLAMA3-BWB_bwplacement_bs32_staticreq_statictask,SCRUBBED_TIME+LLAMA3-BWB_BMPD384_2_21_1
32,3,0,0,10,11,384,0.0,,bw,static,static,results,Results,Results_LLAMA31,LLAMA3-BWB-Results,simulator_output_LLAMA3-BWB_bwplacement_bs32_staticreq_statictask,SCRUBBED_TIME+LLAMA3-BWB_BMPD384_3_10_11
32,3,0,0,17,4,384,0.0,,bw,static,static,results,Results,Results_LLAMA31,LLAMA3-BWB-Results,simulator_output_LLAMA3-BWB_bwplacement_bs32_staticreq_statictask,SCRUBBED_TIME+LLAMA3-BWB_BMPD384_3_17_4
32,3,0,0,20,1,384,0.0,,bw,static,static,results,Results,Results_LLAMA31,LLAMA3-BWB-Results,simulator_output_LLAMA3-BWB_bwplacement_bs32_staticreq_statictask,SCRUBBED_TIME+LLAMA3-BWB_BMPD384_3_20_1
32,4,0,0,1,19,384,0.0,,bw,static,static,results,Results,Results_LLAMA31,LLAMA3-BWB-Results,simulator_output_LLAMA3-BWB_bwplacement_bs32_staticreq_statictask,SCRUBBED_TIME+LLAMA3-BWB_BMPD384_4_1_19
32,4,0,0,2,18,384,0.0,,bw,static,static,results,Results,Results_LLAMA31,LLAMA3-BWB-Results,simulator_output_LLAMA3-BWB_bwplacement_bs32_staticreq_statictask,SCRUBBED_TIME+LLAMA3-BWB_BMPD384_4_2_18
32,4,0,0,6,14,384,0.0,,bw,static,static,results,Results,Results_LLAMA31,LLAMA3-BWB-Results,simulator_output_LLAMA3-BWB_bwplacement_bs32_staticreq_statictask,SCRUBBED_TIME+LLAMA3-BWB_BMPD384_4_6_14
32,4,0,0,3,17,384,0.0,,bw,static,static,results,Results,Results_LLAMA31,LLAMA3-BWB-Results,simulator_output_LLAMA3-BWB_bwplacement_bs32_staticreq_statictask,SCRUBBED_TIME+LLAMA3-BWB_BMPD384_4_3_17
32,4,0,0,8,12,384,0.0,,bw,static,static,results,Results,Results_LLAMA31,LLAMA3-BWB-Results,simulator_output_LLAMA3-BWB_bwplacement_bs32_staticreq_statictask,SCRUBBED_TIME+LLAMA3-BWB_BMPD384_4_8_12
32,4,0,0,7,13,384,0.0,,bw,static,static,results,Results,Results_LLAMA31,LLAMA3-BWB-Results,simulator_output_LLAMA3-BWB_bwplacement_bs32_staticreq_statictask,SCRUBBED_TIME+LLAMA3-BWB_BMPD384_4_7_13
32,4,0,0,4,16,384,0.0,,bw,static,static,results,Results,Results_LLAMA31,LLAMA3-BWB-Results,simulator_output_LLAMA3-BWB_bwplacement_bs32_staticreq_statictask,SCRUBBED_TIME+LLAMA3-BWB_BMPD384_4_4_16
32,4,0,0,10,10,384,0.0,,bw,static,static,results,Results,Results_LLAMA31,LLAMA3-BWB-Results,simulator_output_LLAMA3-BWB_bwplacement_bs32_staticreq_statictask,SCRUBBED_TIME+LLAMA3-BWB_BMPD384_4_10_10
32,4,0,0,5,15,384,0.0,,bw,static,static,results,Results,Results_LLAMA31,LLAMA3-BWB-Results,simulator_output_LLAMA3-BWB_bwplacement_bs32_staticreq_statictask,SCRUBBED_TIME+LLAMA3-BWB_BMPD384_4_5_15
32,4,0,0,14,6,384,0.0,,bw,static,static,results,Results,Results_LLAMA31,LLAMA3-BWB-Results,simulator_output_LLAMA3-BWB_bwplacement_bs32_staticreq_statictask,SCRUBBED_TIME+LLAMA3-BWB_BMPD384_4_14_6
32,4,0,0,11,9,384,0.0,,bw,static,static,results,Results,Results_LLAMA31,LLAMA3-BWB-Results,simulator_output_LLAMA3-BWB_bwplacement_bs32_staticreq_statictask,SCRUBBED_TIME+LLAMA3-BWB_BMPD384_4_11_9
32,4,0,0,13,7,384,0.0,,bw,static,static,results,Results,Results_LLAMA31,LLAMA3-BWB-Results,simulator_output_LLAMA3-BWB_bwplacement_bs32_staticreq_statictask,SCRUBBED_TIME+LLAMA3-BWB_BMPD384_4_13_7
32,4,0,0,9,11,384,0.0,,bw,static,static,results,Results,Results_LLAMA31,LLAMA3-BWB-Results,simulator_output_LLAMA3-BWB_bwplacement_bs32_staticreq_statictask,SCRUBBED_TIME+LLAMA3-BWB_BMPD384_4_9_11
32,5,0,0,2,17,384,0.0,,bw,static,static,results,Results,Results_LLAMA31,LLAMA3-BWB-Results,simulator_output_LLAMA3-BWB_bwplacement_bs32_staticreq_statictask,SCRUBBED_TIME+LLAMA3-BWB_BMPD384_5_2_17
32,5,0,0,1,18,384,0.0,,bw,static,static,results,Results,Results_LLAMA31,LLAMA3-BWB-Results,simulator_output_LLAMA3-BWB_bwplacement_bs32_staticreq_statictask,SCRUBBED_TIME+LLAMA3-BWB_BMPD384_5_1_18
32,4,0,0,19,1,384,0.0,,bw,static,static,results,Results,Results_LLAMA31,LLAMA3-BWB-Results,simulator_output_LLAMA3-BWB_bwplacement_bs32_staticreq_statictask,SCRUBBED_TIME+LLAMA3-BWB_BMPD384_4_19_1
32,4,0,0,12,8,384,0.0,,bw,static,static,results,Results,Results_LLAMA31,LLAMA3-BWB-Results,simulator_output_LLAMA3-BWB_bwplacement_bs32_staticreq_statictask,SCRUBBED_TIME+LLAMA3-BWB_BMPD384_4_12_8
32,4,0,0,15,5,384,0.0,,bw,static,static,results,Results,Results_LLAMA31,LLAMA3-BWB-Results,simulator_output_LLAMA3-BWB_bwplacement_bs32_staticreq_statictask,SCRUBBED_TIME+LLAMA3-BWB_BMPD384_4_15_5
32,5,0,0,3,16,384,0.0,,bw,static,static,results,Results,Results_LLAMA31,LLAMA3-BWB-Results,simulator_output_LLAMA3-BWB_bwplacement_bs32_staticreq_statictask,SCRUBBED_TIME+LLAMA3-BWB_BMPD384_5_3_16
32,4,0,0,18,2,384,0.0,,bw,static,static,results,Results,Results_LLAMA31,LLAMA3-BWB-Results,simulator_output_LLAMA3-BWB_bwplacement_bs32_staticreq_statictask,SCRUBBED_TIME+LLAMA3-BWB_BMPD384_4_18_2
32,4,0,0,16,4,384,0.0,,bw,static,static,results,Results,Results_LLAMA31,LLAMA3-BWB-Results,simulator_output_LLAMA3-BWB_bwplacement_bs32_staticreq_statictask,SCRUBBED_TIME+LLAMA3-BWB_BMPD384_4_16_4
32,4,0,0,17,3,384,0.0,,bw,static,static,results,Results,Results_LLAMA31,LLAMA3-BWB-Results,simulator_output_LLAMA3-BWB_bwplacement_bs32_staticreq_statictask,SCRUBBED_TIME+LLAMA3-BWB_BMPD384_4_17_3
32,5,0,0,6,13,384,0.0,,bw,static,static,results,Results,Results_LLAMA31,LLAMA3-BWB-Results,simulator_output_LLAMA3-BWB_bwplacement_bs32_staticreq_statictask,SCRUBBED_TIME+LLAMA3-BWB_BMPD384_5_6_13
32,5,0,0,4,15,384,0.0,,bw,static,static,results,Results,Results_LLAMA31,LLAMA3-BWB-Results,simulator_output_LLAMA3-BWB_bwplacement_bs32_staticreq_statictask,SCRUBBED_TIME+LLAMA3-BWB_BMPD384_5_4_15
32,5,0,0,7,12,384,0.0,,bw,static,static,results,Results,Results_LLAMA31,LLAMA3-BWB-Results,simulator_output_LLAMA3-BWB_bwplacement_bs32_staticreq_statictask,SCRUBBED_TIME+LLAMA3-BWB_BMPD384_5_7_12
32,5,0,0,8,11,384,0.0,,bw,static,static,results,Results,Results_LLAMA31,LLAMA3-BWB-Results,simulator_output_LLAMA3-BWB_bwplacement_bs32_staticreq_statictask,SCRUBBED_TIME+LLAMA3-BWB_BMPD384_5_8_11
32,5,0,0,14,5,384,0.0,,bw,static,static,results,Results,Results_LLAMA31,LLAMA3-BWB-Results,simulator_output_LLAMA3-BWB_bwplacement_bs32_staticreq_statictask,SCRUBBED_TIME+LLAMA3-BWB_BMPD384_5_14_5
32,5,0,0,5,14,384,0.0,,bw,static,static,results,Results,Results_LLAMA31,LLAMA3-BWB-Results,simulator_output_LLAMA3-BWB_bwplacement_bs32_staticreq_statictask,SCRUBBED_TIME+LLAMA3-BWB_BMPD384_5_5_14
32,5,0,0,13,6,384,0.0,,bw,static,static,results,Results,Results_LLAMA31,LLAMA3-BWB-Results,simulator_output_LLAMA3-BWB_bwplacement_bs32_staticreq_statictask,SCRUBBED_TIME+LLAMA3-BWB_BMPD384_5_13_6
32,5,0,0,15,4,384,0.0,,bw,static,static,results,Results,Results_LLAMA31,LLAMA3-BWB-Results,simulator_output_LLAMA3-BWB_bwplacement_bs32_staticreq_statictask,SCRUBBED_TIME+LLAMA3-BWB_BMPD384_5_15_4
32,5,0,0,16,3,384,0.0,,bw,static,static,results,Results,Results_LLAMA31,LLAMA3-BWB-Results,simulator_output_LLAMA3-BWB_bwplacement_bs32_staticreq_statictask,SCRUBBED_TIME+LLAMA3-BWB_BMPD384_5_16_3
32,5,0,0,17,2,384,0.0,,bw,static,static,results,Results,Results_LLAMA31,LLAMA3-BWB-Results,simulator_output_LLAMA3-BWB_bwplacement_bs32_staticreq_statictask,SCRUBBED_TIME+LLAMA3-BWB_BMPD384_5_17_2
32,5,0,0,12,7,384,0.0,,bw,static,static,results,Results,Results_LLAMA31,LLAMA3-BWB-Results,simulator_output_LLAMA3-BWB_bwplacement_bs32_staticreq_statictask,SCRUBBED_TIME+LLAMA3-BWB_BMPD384_5_12_7
32,5,0,0,10,9,384,0.0,,bw,static,static,results,Results,Results_LLAMA31,LLAMA3-BWB-Results,simulator_output_LLAMA3-BWB_bwplacement_bs32_staticreq_statictask,SCRUBBED_TIME+LLAMA3-BWB_BMPD384_5_10_9
32,5,0,0,9,10,384,0.0,,bw,static,static,results,Results,Results_LLAMA31,LLAMA3-BWB-Results,simulator_output_LLAMA3-BWB_bwplacement_bs32_staticreq_statictask,SCRUBBED_TIME+LLAMA3-BWB_BMPD384_5_9_10
32,5,0,0,11,8,384,0.0,,bw,static,static,results,Results,Results_LLAMA31,LLAMA3-BWB-Results,simulator_output_LLAMA3-BWB_bwplacement_bs32_staticreq_statictask,SCRUBBED_TIME+LLAMA3-BWB_BMPD384_5_11_8
32,5,0,0,18,1,384,0.0,,bw,static,static,results,Results,Results_LLAMA31,LLAMA3-BWB-Results,simulator_output_LLAMA3-BWB_bwplacement_bs32_staticreq_statictask,SCRUBBED_TIME+LLAMA3-BWB_BMPD384_5_18_1
32,6,0,0,1,17,384,0.0,,bw,static,static,results,Results,Results_LLAMA31,LLAMA3-BWB-Results,simulator_output_LLAMA3-BWB_bwplacement_bs32_staticreq_statictask,SCRUBBED_TIME+LLAMA3-BWB_BMPD384_6_1_17
32,6,0,0,2,16,384,0.0,,bw,static,static,results,Results,Results_LLAMA31,LLAMA3-BWB-Results,simulator_output_LLAMA3-BWB_bwplacement_bs32_staticreq_statictask,SCRUBBED_TIME+LLAMA3-BWB_BMPD384_6_2_16
32,6,0,0,8,10,384,0.0,,bw,static,static,results,Results,Results_LLAMA31,LLAMA3-BWB-Results,simulator_output_LLAMA3-BWB_bwplacement_bs32_staticreq_statictask,SCRUBBED_TIME+LLAMA3-BWB_BMPD384_6_8_10
32,6,0,0,7,11,384,0.0,,bw,static,static,results,Results,Results_LLAMA31,LLAMA3-BWB-Results,simulator_output_LLAMA3-BWB_bwplacement_bs32_staticreq_statictask,SCRUBBED_TIME+LLAMA3-BWB_BMPD384_6_7_11
32,6,0,0,9,9,384,0.0,,bw,static,static,results,Results,Results_LLAMA31,LLAMA3-BWB-Results,simulator_output_LLAMA3-BWB_bwplacement_bs32_staticreq_statictask,SCRUBBED_TIME+LLAMA3-BWB_BMPD384_6_9_9
32,6,0,0,12,6,384,0.0,,bw,static,static,results,Results,Results_LLAMA31,LLAMA3-BWB-Results,simulator_output_LLAMA3-BWB_bwplacement_bs32_staticreq_statictask,SCRUBBED_TIME+LLAMA3-BWB_BMPD384_6_12_6
32,6,0,0,6,12,384,0.0,,bw,static,static,results,Results,Results_LLAMA31,LLAMA3-BWB-Results,simulator_output_LLAMA3-BWB_bwplacement_bs32_staticreq_statictask,SCRUBBED_TIME+LLAMA3-BWB_BMPD384_6_6_12
32,6,0,0,4,14,384,0.0,,bw,static,static,results,Results,Results_LLAMA31,LLAMA3-BWB-Results,simulator_output_LLAMA3-BWB_bwplacement_bs32_staticreq_statictask,SCRUBBED_TIME+LLAMA3-BWB_BMPD384_6_4_14
32,6,0,0,5,13,384,0.0,,bw,static,static,results,Results,Results_LLAMA31,LLAMA3-BWB-Results,simulator_output_LLAMA3-BWB_bwplacement_bs32_staticreq_statictask,SCRUBBED_TIME+LLAMA3-BWB_BMPD384_6_5_13
32,6,0,0,3,15,384,0.0,,bw,static,static,results,Results,Results_LLAMA31,LLAMA3-BWB-Results,simulator_output_LLAMA3-BWB_bwplacement_bs32_staticreq_statictask,SCRUBBED_TIME+LLAMA3-BWB_BMPD384_6_3_15
32,6,0,0,13,5,384,0.0,,bw,static,static,results,Results,Results_LLAMA31,LLAMA3-BWB-Results,simulator_output_LLAMA3-BWB_bwplacement_bs32_staticreq_statictask,SCRUBBED_TIME+LLAMA3-BWB_BMPD384_6_13_5
32,6,0,0,10,8,384,0.0,,bw,static,static,results,Results,Results_LLAMA31,LLAMA3-BWB-Results,simulator_output_LLAMA3-BWB_bwplacement_bs32_staticreq_statictask,SCRUBBED_TIME+LLAMA3-BWB_BMPD384_6_10_8
32,6,0,0,11,7,384,0.0,,bw,static,static,results,Results,Results_LLAMA31,LLAMA3-BWB-Results,simulator_output_LLAMA3-BWB_bwplacement_bs32_staticreq_statictask,SCRUBBED_TIME+LLAMA3-BWB_BMPD384_6_11_7
32,6,0,0,14,4,384,0.0,,bw,static,static,results,Results,Results_LLAMA31,LLAMA3-BWB-Results,simulator_output_LLAMA3-BWB_bwplacement_bs32_staticreq_statictask,SCRUBBED_TIME+LLAMA3-BWB_BMPD384_6_14_4
32,6,0,0,17,1,384,0.0,,bw,static,static,results,Results,Results_LLAMA31,LLAMA3-BWB-Results,simulator_output_LLAMA3-BWB_bwplacement_bs32_staticreq_statictask,SCRUBBED_TIME+LLAMA3-BWB_BMPD384_6_17_1
32,6,0,0,15,3,384,0.0,,bw,static,static,results,Results,Results_LLAMA31,LLAMA3-BWB-Results,simulator_output_LLAMA3-BWB_bwplacement_bs32_staticreq_statictask,SCRUBBED_TIME+LLAMA3-BWB_BMPD384_6_15_3
32,7,0,0,1,16,384,0.0,,bw,static,static,results,Results,Results_LLAMA31,LLAMA3-BWB-Results,simulator_output_LLAMA3-BWB_bwplacement_bs32_staticreq_statictask,SCRUBBED_TIME+LLAMA3-BWB_BMPD384_7_1_16
32,7,0,0,2,15,384,0.0,,bw,static,static,results,Results,Results_LLAMA31,LLAMA3-BWB-Results,simulator_output_LLAMA3-BWB_bwplacement_bs32_staticreq_statictask,SCRUBBED_TIME+LLAMA3-BWB_BMPD384_7_2_15
32,6,0,0,16,2,384,0.0,,bw,static,static,results,Results,Results_LLAMA31,LLAMA3-BWB-Results,simulator_output_LLAMA3-BWB_bwplacement_bs32_staticreq_statictask,SCRUBBED_TIME+LLAMA3-BWB_BMPD384_6_16_2
32,7,0,0,6,11,384,0.0,,bw,static,static,results,Results,Results_LLAMA31,LLAMA3-BWB-Results,simulator_output_LLAMA3-BWB_bwplacement_bs32_staticreq_statictask,SCRUBBED_TIME+LLAMA3-BWB_BMPD384_7_6_11
32,7,0,0,5,12,384,0.0,,bw,static,static,results,Results,Results_LLAMA31,LLAMA3-BWB-Results,simulator_output_LLAMA3-BWB_bwplacement_bs32_staticreq_statictask,SCRUBBED_TIME+LLAMA3-BWB_BMPD384_7_5_12
32,7,0,0,11,6,384,0.0,,bw,static,static,results,Results,Results_LLAMA31,LLAMA3-BWB-Results,simulator_output_LLAMA3-BWB_bwplacement_bs32_staticreq_statictask,SCRUBBED_TIME+LLAMA3-BWB_BMPD384_7_11_6
32,7,0,0,8,9,384,0.0,,bw,static,static,results,Results,Results_LLAMA31,LLAMA3-BWB-Results,simulator_output_LLAMA3-BWB_bwplacement_bs32_staticreq_statictask,SCRUBBED_TIME+LLAMA3-BWB_BMPD384_7_8_9
32,7,0,0,12,5,384,0.0,,bw,static,static,results,Results,Results_LLAMA31,LLAMA3-BWB-Results,simulator_output_LLAMA3-BWB_bwplacement_bs32_staticreq_statictask,SCRUBBED_TIME+LLAMA3-BWB_BMPD384_7_12_5
32,7,0,0,7,10,384,0.0,,bw,static,static,results,Results,Results_LLAMA31,LLAMA3-BWB-Results,simulator_output_LLAMA3-BWB_bwplacement_bs32_staticreq_statictask,SCRUBBED_TIME+LLAMA3-BWB_BMPD384_7_7_10
32,7,0,0,4,13,384,0.0,,bw,static,static,results,Results,Results_LLAMA31,LLAMA3-BWB-Results,simulator_output_LLAMA3-BWB_bwplacement_bs32_staticreq_statictask,SCRUBBED_TIME+LLAMA3-BWB_BMPD384_7_4_13
32,7,0,0,10,7,384,0.0,,bw,static,static,results,Results,Results_LLAMA31,LLAMA3-BWB-Results,simulator_output_LLAMA3-BWB_bwplacement_bs32_staticreq_statictask,SCRUBBED_TIME+LLAMA3-BWB_BMPD384_7_10_7
32,7,0,0,9,8,384,0.0,,bw,static,static,results,Results,Results_LLAMA31,LLAMA3-BWB-Results,simulator_output_LLAMA3-BWB_bwplacement_bs32_staticreq_statictask,SCRUBBED_TIME+LLAMA3-BWB_BMPD384_7_9_8
32,8,0,0,2,14,384,0.0,,bw,static,static,results,Results,Results_LLAMA31,LLAMA3-BWB-Results,simulator_output_LLAMA3-BWB_bwplacement_bs32_staticreq_statictask,SCRUBBED_TIME+LLAMA3-BWB_BMPD384_8_2_14
32,7,0,0,16,1,384,0.0,,bw,static,static,results,Results,Results_LLAMA31,LLAMA3-BWB-Results,simulator_output_LLAMA3-BWB_bwplacement_bs32_staticreq_statictask,SCRUBBED_TIME+LLAMA3-BWB_BMPD384_7_16_1
32,8,0,0,3,13,384,0.0,,bw,static,static,results,Results,Results_LLAMA31,LLAMA3-BWB-Results,simulator_output_LLAMA3-BWB_bwplacement_bs32_staticreq_statictask,SCRUBBED_TIME+LLAMA3-BWB_BMPD384_8_3_13
32,7,0,0,3,14,384,0.0,,bw,static,static,results,Results,Results_LLAMA31,LLAMA3-BWB-Results,simulator_output_LLAMA3-BWB_bwplacement_bs32_staticreq_statictask,SCRUBBED_TIME+LLAMA3-BWB_BMPD384_7_3_14
32,8,0,0,1,15,384,0.0,,bw,static,static,results,Results,Results_LLAMA31,LLAMA3-BWB-Results,simulator_output_LLAMA3-BWB_bwplacement_bs32_staticreq_statictask,SCRUBBED_TIME+LLAMA3-BWB_BMPD384_8_1_15
32,7,0,0,15,2,384,0.0,,bw,static,static,results,Results,Results_LLAMA31,LLAMA3-BWB-Results,simulator_output_LLAMA3-BWB_bwplacement_bs32_staticreq_statictask,SCRUBBED_TIME+LLAMA3-BWB_BMPD384_7_15_2
32,7,0,0,14,3,384,0.0,,bw,static,static,results,Results,Results_LLAMA31,LLAMA3-BWB-Results,simulator_output_LLAMA3-BWB_bwplacement_bs32_staticreq_statictask,SCRUBBED_TIME+LLAMA3-BWB_BMPD384_7_14_3
32,7,0,0,13,4,384,0.0,,bw,static,static,results,Results,Results_LLAMA31,LLAMA3-BWB-Results,simulator_output_LLAMA3-BWB_bwplacement_bs32_staticreq_statictask,SCRUBBED_TIME+LLAMA3-BWB_BMPD384_7_13_4
32,8,0,0,4,12,384,0.0,,bw,static,static,results,Results,Results_LLAMA31,LLAMA3-BWB-Results,simulator_output_LLAMA3-BWB_bwplacement_bs32_staticreq_statictask,SCRUBBED_TIME+LLAMA3-BWB_BMPD384_8_4_12
32,8,0,0,5,11,384,0.0,,bw,static,static,results,Results,Results_LLAMA31,LLAMA3-BWB-Results,simulator_output_LLAMA3-BWB_bwplacement_bs32_staticreq_statictask,SCRUBBED_TIME+LLAMA3-BWB_BMPD384_8_5_11
32,8,0,0,6,10,384,0.0,,bw,static,static,results,Results,Results_LLAMA31,LLAMA3-BWB-Results,simulator_output_LLAMA3-BWB_bwplacement_bs32_staticreq_statictask,SCRUBBED_TIME+LLAMA3-BWB_BMPD384_8_6_10
32,8,0,0,8,8,384,0.0,,bw,static,static,results,Results,Results_LLAMA31,LLAMA3-BWB-Results,simulator_output_LLAMA3-BWB_bwplacement_bs32_staticreq_statictask,SCRUBBED_TIME+LLAMA3-BWB_BMPD384_8_8_8
32,8,0,0,7,9,384,0.0,,bw,static,static,results,Results,Results_LLAMA31,LLAMA3-BWB-Results,simulator_output_LLAMA3-BWB_bwplacement_bs32_staticreq_statictask,SCRUBBED_TIME+LLAMA3-BWB_BMPD384_8_7_9
32,8,0,0,9,7,384,0.0,,bw,static,static,results,Results,Results_LLAMA31,LLAMA3-BWB-Results,simulator_output_LLAMA3-BWB_bwplacement_bs32_staticreq_statictask,SCRUBBED_TIME+LLAMA3-BWB_BMPD384_8_9_7
32,8,0,0,12,4,384,0.0,,bw,static,static,results,Results,Results_LLAMA31,LLAMA3-BWB-Results,simulator_output_LLAMA3-BWB_bwplacement_bs32_staticreq_statictask,SCRUBBED_TIME+LLAMA3-BWB_BMPD384_8_12_4
32,8,0,0,10,6,384,0.0,,bw,static,static,results,Results,Results_LLAMA31,LLAMA3-BWB-Results,simulator_output_LLAMA3-BWB_bwplacement_bs32_staticreq_statictask,SCRUBBED_TIME+LLAMA3-BWB_BMPD384_8_10_6
32,8,0,0,13,3,384,0.0,,bw,static,static,results,Results,Results_LLAMA31,LLAMA3-BWB-Results,simulator_output_LLAMA3-BWB_bwplacement_bs32_staticreq_statictask,SCRUBBED_TIME+LLAMA3-BWB_BMPD384_8_13_3
32,8,0,0,14,2,384,0.0,,bw,static,static,results,Results,Results_LLAMA31,LLAMA3-BWB-Results,simulator_output_LLAMA3-BWB_bwplacement_bs32_staticreq_statictask,SCRUBBED_TIME+LLAMA3-BWB_BMPD384_8_14_2
32,8,0,0,15,1,384,0.0,,bw,static,static,results,Results,Results_LLAMA31,LLAMA3-BWB-Results,simulator_output_LLAMA3-BWB_bwplacement_bs32_staticreq_statictask,SCRUBBED_TIME+LLAMA3-BWB_BMPD384_8_15_1
32,8,0,0,11,5,384,0.0,,bw,static,static,results,Results,Results_LLAMA31,LLAMA3-BWB-Results,simulator_output_LLAMA3-BWB_bwplacement_bs32_staticreq_statictask,SCRUBBED_TIME+LLAMA3-BWB_BMPD384_8_11_5
32,9,0,0,1,14,384,0.0,,bw,static,static,results,Results,Results_LLAMA31,LLAMA3-BWB-Results,simulator_output_LLAMA3-BWB_bwplacement_bs32_staticreq_statictask,SCRUBBED_TIME+LLAMA3-BWB_BMPD384_9_1_14
32,9,0,0,4,11,384,0.0,,bw,static,static,results,Results,Results_LLAMA31,LLAMA3-BWB-Results,simulator_output_LLAMA3-BWB_bwplacement_bs32_staticreq_statictask,SCRUBBED_TIME+LLAMA3-BWB_BMPD384_9_4_11
32,9,0,0,2,13,384,0.0,,bw,static,static,results,Results,Results_LLAMA31,LLAMA3-BWB-Results,simulator_output_LLAMA3-BWB_bwplacement_bs32_staticreq_statictask,SCRUBBED_TIME+LLAMA3-BWB_BMPD384_9_2_13
32,9,0,0,3,12,384,0.0,,bw,static,static,results,Results,Results_LLAMA31,LLAMA3-BWB-Results,simulator_output_LLAMA3-BWB_bwplacement_bs32_staticreq_statictask,SCRUBBED_TIME+LLAMA3-BWB_BMPD384_9_3_12
32,9,0,0,5,10,384,0.0,,bw,static,static,results,Results,Results_LLAMA31,LLAMA3-BWB-Results,simulator_output_LLAMA3-BWB_bwplacement_bs32_staticreq_statictask,SCRUBBED_TIME+LLAMA3-BWB_BMPD384_9_5_10
32,9,0,0,9,6,384,0.0,,bw,static,static,results,Results,Results_LLAMA31,LLAMA3-BWB-Results,simulator_output_LLAMA3-BWB_bwplacement_bs32_staticreq_statictask,SCRUBBED_TIME+LLAMA3-BWB_BMPD384_9_9_6
32,9,0,0,6,9,384,0.0,,bw,static,static,results,Results,Results_LLAMA31,LLAMA3-BWB-Results,simulator_output_LLAMA3-BWB_bwplacement_bs32_staticreq_statictask,SCRUBBED_TIME+LLAMA3-BWB_BMPD384_9_6_9
32,9,0,0,8,7,384,0.0,,bw,static,static,results,Results,Results_LLAMA31,LLAMA3-BWB-Results,simulator_output_LLAMA3-BWB_bwplacement_bs32_staticreq_statictask,SCRUBBED_TIME+LLAMA3-BWB_BMPD384_9_8_7
32,9,0,0,11,4,384,0.0,,bw,static,static,results,Results,Results_LLAMA31,LLAMA3-BWB-Results,simulator_output_LLAMA3-BWB_bwplacement_bs32_staticreq_statictask,SCRUBBED_TIME+LLAMA3-BWB_BMPD384_9_11_4
32,9,0,0,7,8,384,0.0,,bw,static,static,results,Results,Results_LLAMA31,LLAMA3-BWB-Results,simulator_output_LLAMA3-BWB_bwplacement_bs32_staticreq_statictask,SCRUBBED_TIME+LLAMA3-BWB_BMPD384_9_7_8
32,9,0,0,13,2,384,0.0,,bw,static,static,results,Results,Results_LLAMA31,LLAMA3-BWB-Results,simulator_output_LLAMA3-BWB_bwplacement_bs32_staticreq_statictask,SCRUBBED_TIME+LLAMA3-BWB_BMPD384_9_13_2
32,9,0,0,10,5,384,0.0,,bw,static,static,results,Results,Results_LLAMA31,LLAMA3-BWB-Results,simulator_output_LLAMA3-BWB_bwplacement_bs32_staticreq_statictask,SCRUBBED_TIME+LLAMA3-BWB_BMPD384_9_10_5
32,9,0,0,14,1,384,0.0,,bw,static,static,results,Results,Results_LLAMA31,LLAMA3-BWB-Results,simulator_output_LLAMA3-BWB_bwplacement_bs32_staticreq_statictask,SCRUBBED_TIME+LLAMA3-BWB_BMPD384_9_14_1
32,10,0,0,3,11,384,0.0,,bw,static,static,results,Results,Results_LLAMA31,LLAMA3-BWB-Results,simulator_output_LLAMA3-BWB_bwplacement_bs32_staticreq_statictask,SCRUBBED_TIME+LLAMA3-BWB_BMPD384_10_3_11
32,10,0,0,1,13,384,0.0,,bw,static,static,results,Results,Results_LLAMA31,LLAMA3-BWB-Results,simulator_output_LLAMA3-BWB_bwplacement_bs32_staticreq_statictask,SCRUBBED_TIME+LLAMA3-BWB_BMPD384_10_1_13
32,10,0,0,5,9,384,0.0,,bw,static,static,results,Results,Results_LLAMA31,LLAMA3-BWB-Results,simulator_output_LLAMA3-BWB_bwplacement_bs32_staticreq_statictask,SCRUBBED_TIME+LLAMA3-BWB_BMPD384_10_5_9
32,9,0,0,12,3,384,0.0,,bw,static,static,results,Results,Results_LLAMA31,LLAMA3-BWB-Results,simulator_output_LLAMA3-BWB_bwplacement_bs32_staticreq_statictask,SCRUBBED_TIME+LLAMA3-BWB_BMPD384_9_12_3
32,10,0,0,4,10,384,0.0,,bw,static,static,results,Results,Results_LLAMA31,LLAMA3-BWB-Results,simulator_output_LLAMA3-BWB_bwplacement_bs32_staticreq_statictask,SCRUBBED_TIME+LLAMA3-BWB_BMPD384_10_4_10
32,10,0,0,2,12,384,0.0,,bw,static,static,results,Results,Results_LLAMA31,LLAMA3-BWB-Results,simulator_output_LLAMA3-BWB_bwplacement_bs32_staticreq_statictask,SCRUBBED_TIME+LLAMA3-BWB_BMPD384_10_2_12
32,10,0,0,7,7,384,0.0,,bw,static,static,results,Results,Results_LLAMA31,LLAMA3-BWB-Results,simulator_output_LLAMA3-BWB_bwplacement_bs32_staticreq_statictask,SCRUBBED_TIME+LLAMA3-BWB_BMPD384_10_7_7
32,10,0,0,6,8,384,0.0,,bw,static,static,results,Results,Results_LLAMA31,LLAMA3-BWB-Results,simulator_output_LLAMA3-BWB_bwplacement_bs32_staticreq_statictask,SCRUBBED_TIME+LLAMA3-BWB_BMPD384_10_6_8
32,10,0,0,8,6,384,0.0,,bw,static,static,results,Results,Results_LLAMA31,LLAMA3-BWB-Results,simulator_output_LLAMA3-BWB_bwplacement_bs32_staticreq_statictask,SCRUBBED_TIME+LLAMA3-BWB_BMPD384_10_8_6
32,10,0,0,9,5,384,0.0,,bw,static,static,results,Results,Results_LLAMA31,LLAMA3-BWB-Results,simulator_output_LLAMA3-BWB_bwplacement_bs32_staticreq_statictask,SCRUBBED_TIME+LLAMA3-BWB_BMPD384_10_9_5
32,10,0,0,11,3,384,0.0,,bw,static,static,results,Results,Results_LLAMA31,LLAMA3-BWB-Results,simulator_output_LLAMA3-BWB_bwplacement_bs32_staticreq_statictask,SCRUBBED_TIME+LLAMA3-BWB_BMPD384_10_11_3
32,10,0,0,10,4,384,0.0,,bw,static,static,results,Results,Results_LLAMA31,LLAMA3-BWB-Results,simulator_output_LLAMA3-BWB_bwplacement_bs32_staticreq_statictask,SCRUBBED_TIME+LLAMA3-BWB_BMPD384_10_10_4
32,11,0,0,1,12,384,0.0,,bw,static,static,results,Results,Results_LLAMA31,LLAMA3-BWB-Results,simulator_output_LLAMA3-BWB_bwplacement_bs32_staticreq_statictask,SCRUBBED_TIME+LLAMA3-BWB_BMPD384_11_1_12
32,10,0,0,12,2,384,0.0,,bw,static,static,results,Results,Results_LLAMA31,LLAMA3-BWB-Results,simulator_output_LLAMA3-BWB_bwplacement_bs32_staticreq_statictask,SCRUBBED_TIME+LLAMA3-BWB_BMPD384_10_12_2
32,10,0,0,13,1,384,0.0,,bw,static,static,results,Results,Results_LLAMA31,LLAMA3-BWB-Results,simulator_output_LLAMA3-BWB_bwplacement_bs32_staticreq_statictask,SCRUBBED_TIME+LLAMA3-BWB_BMPD384_10_13_1
32,11,0,0,2,11,384,0.0,,bw,static,static,results,Results,Results_LLAMA31,LLAMA3-BWB-Results,simulator_output_LLAMA3-BWB_bwplacement_bs32_staticreq_statictask,SCRUBBED_TIME+LLAMA3-BWB_BMPD384_11_2_11
32,11,0,0,3,10,384,0.0,,bw,static,static,results,Results,Results_LLAMA31,LLAMA3-BWB-Results,simulator_output_LLAMA3-BWB_bwplacement_bs32_staticreq_statictask,SCRUBBED_TIME+LLAMA3-BWB_BMPD384_11_3_10
32,11,0,0,4,9,384,0.0,,bw,static,static,results,Results,Results_LLAMA31,LLAMA3-BWB-Results,simulator_output_LLAMA3-BWB_bwplacement_bs32_staticreq_statictask,SCRUBBED_TIME+LLAMA3-BWB_BMPD384_11_4_9
32,11,0,0,6,7,384,0.0,,bw,static,static,results,Results,Results_LLAMA31,LLAMA3-BWB-Results,simulator_output_LLAMA3-BWB_bwplacement_bs32_staticreq_statictask,SCRUBBED_TIME+LLAMA3-BWB_BMPD384_11_6_7
32,11,0,0,5,8,384,0.0,,bw,static,static,results,Results,Results_LLAMA31,LLAMA3-BWB-Results,simulator_output_LLAMA3-BWB_bwplacement_bs32_staticreq_statictask,SCRUBBED_TIME+LLAMA3-BWB_BMPD384_11_5_8
32,11,0,0,7,6,384,0.0,,bw,static,static,results,Results,Results_LLAMA31,LLAMA3-BWB-Results,simulator_output_LLAMA3-BWB_bwplacement_bs32_staticreq_statictask,SCRUBBED_TIME+LLAMA3-BWB_BMPD384_11_7_6
32,11,0,0,8,5,384,0.0,,bw,static,static,results,Results,Results_LLAMA31,LLAMA3-BWB-Results,simulator_output_LLAMA3-BWB_bwplacement_bs32_staticreq_statictask,SCRUBBED_TIME+LLAMA3-BWB_BMPD384_11_8_5
32,11,0,0,10,3,384,0.0,,bw,static,static,results,Results,Results_LLAMA31,LLAMA3-BWB-Results,simulator_output_LLAMA3-BWB_bwplacement_bs32_staticreq_statictask,SCRUBBED_TIME+LLAMA3-BWB_BMPD384_11_10_3
32,11,0,0,9,4,384,0.0,,bw,static,static,results,Results,Results_LLAMA31,LLAMA3-BWB-Results,simulator_output_LLAMA3-BWB_bwplacement_bs32_staticreq_statictask,SCRUBBED_TIME+LLAMA3-BWB_BMPD384_11_9_4
32,11,0,0,11,2,384,0.0,,bw,static,static,results,Results,Results_LLAMA31,LLAMA3-BWB-Results,simulator_output_LLAMA3-BWB_bwplacement_bs32_staticreq_statictask,SCRUBBED_TIME+LLAMA3-BWB_BMPD384_11_11_2
32,11,0,0,12,1,384,0.0,,bw,static,static,results,Results,Results_LLAMA31,LLAMA3-BWB-Results,simulator_output_LLAMA3-BWB_bwplacement_bs32_staticreq_statictask,SCRUBBED_TIME+LLAMA3-BWB_BMPD384_11_12_1
32,12,0,0,5,7,384,0.0,,bw,static,static,results,Results,Results_LLAMA31,LLAMA3-BWB-Results,simulator_output_LLAMA3-BWB_bwplacement_bs32_staticreq_statictask,SCRUBBED_TIME+LLAMA3-BWB_BMPD384_12_5_7
32,12,0,0,2,10,384,0.0,,bw,static,static,results,Results,Results_LLAMA31,LLAMA3-BWB-Results,simulator_output_LLAMA3-BWB_bwplacement_bs32_staticreq_statictask,SCRUBBED_TIME+LLAMA3-BWB_BMPD384_12_2_10
32,12,0,0,6,6,384,0.0,,bw,static,static,results,Results,Results_LLAMA31,LLAMA3-BWB-Results,simulator_output_LLAMA3-BWB_bwplacement_bs32_staticreq_statictask,SCRUBBED_TIME+LLAMA3-BWB_BMPD384_12_6_6
32,12,0,0,1,11,384,0.0,,bw,static,static,results,Results,Results_LLAMA31,LLAMA3-BWB-Results,simulator_output_LLAMA3-BWB_bwplacement_bs32_staticreq_statictask,SCRUBBED_TIME+LLAMA3-BWB_BMPD384_12_1_11
32,12,0,0,3,9,384,0.0,,bw,static,static,results,Results,Results_LLAMA31,LLAMA3-BWB-Results,simulator_output_LLAMA3-BWB_bwplacement_bs32_staticreq_statictask,SCRUBBED_TIME+LLAMA3-BWB_BMPD384_12_3_9
32,12,0,0,4,8,384,0.0,,bw,static,static,results,Results,Results_LLAMA31,LLAMA3-BWB-Results,simulator_output_LLAMA3-BWB_bwplacement_bs32_staticreq_statictask,SCRUBBED_TIME+LLAMA3-BWB_BMPD384_12_4_8
32,12,0,0,7,5,384,0.0,,bw,static,static,results,Results,Results_LLAMA31,LLAMA3-BWB-Results,simulator_output_LLAMA3-BWB_bwplacement_bs32_staticreq_statictask,SCRUBBED_TIME+LLAMA3-BWB_BMPD384_12_7_5
32,12,0,0,8,4,384,0.0,,bw,static,static,results,Results,Results_LLAMA31,LLAMA3-BWB-Results,simulator_output_LLAMA3-BWB_bwplacement_bs32_staticreq_statictask,SCRUBBED_TIME+LLAMA3-BWB_BMPD384_12_8_4
32,12,0,0,9,3,384,0.0,,bw,static,static,results,Results,Results_LLAMA31,LLAMA3-BWB-Results,simulator_output_LLAMA3-BWB_bwplacement_bs32_staticreq_statictask,SCRUBBED_TIME+LLAMA3-BWB_BMPD384_12_9_3
32,12,0,0,11,1,384,0.0,,bw,static,static,results,Results,Results_LLAMA31,LLAMA3-BWB-Results,simulator_output_LLAMA3-BWB_bwplacement_bs32_staticreq_statictask,SCRUBBED_TIME+LLAMA3-BWB_BMPD384_12_11_1
32,12,0,0,10,2,384,0.0,,bw,static,static,results,Results,Results_LLAMA31,LLAMA3-BWB-Results,simulator_output_LLAMA3-BWB_bwplacement_bs32_staticreq_statictask,SCRUBBED_TIME+LLAMA3-BWB_BMPD384_12_10_2
32,13,0,0,3,8,384,0.0,,bw,static,static,results,Results,Results_LLAMA31,LLAMA3-BWB-Results,simulator_output_LLAMA3-BWB_bwplacement_bs32_staticreq_statictask,SCRUBBED_TIME+LLAMA3-BWB_BMPD384_13_3_8
32,13,0,0,4,7,384,0.0,,bw,static,static,results,Results,Results_LLAMA31,LLAMA3-BWB-Results,simulator_output_LLAMA3-BWB_bwplacement_bs32_staticreq_statictask,SCRUBBED_TIME+LLAMA3-BWB_BMPD384_13_4_7
32,13,0,0,2,9,384,0.0,,bw,static,static,results,Results,Results_LLAMA31,LLAMA3-BWB-Results,simulator_output_LLAMA3-BWB_bwplacement_bs32_staticreq_statictask,SCRUBBED_TIME+LLAMA3-BWB_BMPD384_13_2_9
32,13,0,0,1,10,384,0.0,,bw,static,static,results,Results,Results_LLAMA31,LLAMA3-BWB-Results,simulator_output_LLAMA3-BWB_bwplacement_bs32_staticreq_statictask,SCRUBBED_TIME+LLAMA3-BWB_BMPD384_13_1_10
32,13,0,0,9,2,384,0.0,,bw,static,static,results,Results,Results_LLAMA31,LLAMA3-BWB-Results,simulator_output_LLAMA3-BWB_bwplacement_bs32_staticreq_statictask,SCRUBBED_TIME+LLAMA3-BWB_BMPD384_13_9_2
32,13,0,0,5,6,384,0.0,,bw,static,static,results,Results,Results_LLAMA31,LLAMA3-BWB-Results,simulator_output_LLAMA3-BWB_bwplacement_bs32_staticreq_statictask,SCRUBBED_TIME+LLAMA3-BWB_BMPD384_13_5_6
32,13,0,0,6,5,384,0.0,,bw,static,static,results,Results,Results_LLAMA31,LLAMA3-BWB-Results,simulator_output_LLAMA3-BWB_bwplacement_bs32_staticreq_statictask,SCRUBBED_TIME+LLAMA3-BWB_BMPD384_13_6_5
32,13,0,0,7,4,384,0.0,,bw,static,static,results,Results,Results_LLAMA31,LLAMA3-BWB-Results,simulator_output_LLAMA3-BWB_bwplacement_bs32_staticreq_statictask,SCRUBBED_TIME+LLAMA3-BWB_BMPD384_13_7_4
32,13,0,0,8,3,384,0.0,,bw,static,static,results,Results,Results_LLAMA31,LLAMA3-BWB-Results,simulator_output_LLAMA3-BWB_bwplacement_bs32_staticreq_statictask,SCRUBBED_TIME+LLAMA3-BWB_BMPD384_13_8_3
32,14,0,0,2,8,384,0.0,,bw,static,static,results,Results,Results_LLAMA31,LLAMA3-BWB-Results,simulator_output_LLAMA3-BWB_bwplacement_bs32_staticreq_statictask,SCRUBBED_TIME+LLAMA3-BWB_BMPD384_14_2_8
32,14,0,0,1,9,384,0.0,,bw,static,static,results,Results,Results_LLAMA31,LLAMA3-BWB-Results,simulator_output_LLAMA3-BWB_bwplacement_bs32_staticreq_statictask,SCRUBBED_TIME+LLAMA3-BWB_BMPD384_14_1_9
32,13,0,0,10,1,384,0.0,,bw,static,static,results,Results,Results_LLAMA31,LLAMA3-BWB-Results,simulator_output_LLAMA3-BWB_bwplacement_bs32_staticreq_statictask,SCRUBBED_TIME+LLAMA3-BWB_BMPD384_13_10_1
32,14,0,0,3,7,384,0.0,,bw,static,static,results,Results,Results_LLAMA31,LLAMA3-BWB-Results,simulator_output_LLAMA3-BWB_bwplacement_bs32_staticreq_statictask,SCRUBBED_TIME+LLAMA3-BWB_BMPD384_14_3_7
32,14,0,0,5,5,384,0.0,,bw,static,static,results,Results,Results_LLAMA31,LLAMA3-BWB-Results,simulator_output_LLAMA3-BWB_bwplacement_bs32_staticreq_statictask,SCRUBBED_TIME+LLAMA3-BWB_BMPD384_14_5_5
32,14,0,0,4,6,384,0.0,,bw,static,static,results,Results,Results_LLAMA31,LLAMA3-BWB-Results,simulator_output_LLAMA3-BWB_bwplacement_bs32_staticreq_statictask,SCRUBBED_TIME+LLAMA3-BWB_BMPD384_14_4_6
32,14,0,0,6,4,384,0.0,,bw,static,static,results,Results,Results_LLAMA31,LLAMA3-BWB-Results,simulator_output_LLAMA3-BWB_bwplacement_bs32_staticreq_statictask,SCRUBBED_TIME+LLAMA3-BWB_BMPD384_14_6_4
32,14,0,0,7,3,384,0.0,,bw,static,static,results,Results,Results_LLAMA31,LLAMA3-BWB-Results,simulator_output_LLAMA3-BWB_bwplacement_bs32_staticreq_statictask,SCRUBBED_TIME+LLAMA3-BWB_BMPD384_14_7_3
32,14,0,0,8,2,384,0.0,,bw,static,static,results,Results,Results_LLAMA31,LLAMA3-BWB-Results,simulator_output_LLAMA3-BWB_bwplacement_bs32_staticreq_statictask,SCRUBBED_TIME+LLAMA3-BWB_BMPD384_14_8_2
32,14,0,0,9,1,384,0.0,,bw,static,static,results,Results,Results_LLAMA31,LLAMA3-BWB-Results,simulator_output_LLAMA3-BWB_bwplacement_bs32_staticreq_statictask,SCRUBBED_TIME+LLAMA3-BWB_BMPD384_14_9_1
32,15,0,0,1,8,384,0.0,,bw,static,static,results,Results,Results_LLAMA31,LLAMA3-BWB-Results,simulator_output_LLAMA3-BWB_bwplacement_bs32_staticreq_statictask,SCRUBBED_TIME+LLAMA3-BWB_BMPD384_15_1_8
32,15,0,0,4,5,384,0.0,,bw,static,static,results,Results,Results_LLAMA31,LLAMA3-BWB-Results,simulator_output_LLAMA3-BWB_bwplacement_bs32_staticreq_statictask,SCRUBBED_TIME+LLAMA3-BWB_BMPD384_15_4_5
32,15,0,0,2,7,384,0.0,,bw,static,static,results,Results,Results_LLAMA31,LLAMA3-BWB-Results,simulator_output_LLAMA3-BWB_bwplacement_bs32_staticreq_statictask,SCRUBBED_TIME+LLAMA3-BWB_BMPD384_15_2_7
32,15,0,0,3,6,384,0.0,,bw,static,static,results,Results,Results_LLAMA31,LLAMA3-BWB-Results,simulator_output_LLAMA3-BWB_bwplacement_bs32_staticreq_statictask,SCRUBBED_TIME+LLAMA3-BWB_BMPD384_15_3_6
32,15,0,0,5,4,384,0.0,,bw,static,static,results,Results,Results_LLAMA31,LLAMA3-BWB-Results,simulator_output_LLAMA3-BWB_bwplacement_bs32_staticreq_statictask,SCRUBBED_TIME+LLAMA3-BWB_BMPD384_15_5_4
32,15,0,0,7,2,384,0.0,,bw,static,static,results,Results,Results_LLAMA31,LLAMA3-BWB-Results,simulator_output_LLAMA3-BWB_bwplacement_bs32_staticreq_statictask,SCRUBBED_TIME+LLAMA3-BWB_BMPD384_15_7_2
32,15,0,0,6,3,384,0.0,,bw,static,static,results,Results,Results_LLAMA31,LLAMA3-BWB-Results,simulator_output_LLAMA3-BWB_bwplacement_bs32_staticreq_statictask,SCRUBBED_TIME+LLAMA3-BWB_BMPD384_15_6_3
32,15,0,0,8,1,384,0.0,,bw,static,static,results,Results,Results_LLAMA31,LLAMA3-BWB-Results,simulator_output_LLAMA3-BWB_bwplacement_bs32_staticreq_statictask,SCRUBBED_TIME+LLAMA3-BWB_BMPD384_15_8_1
32,16,0,0,2,6,384,0.0,,bw,static,static,results,Results,Results_LLAMA31,LLAMA3-BWB-Results,simulator_output_LLAMA3-BWB_bwplacement_bs32_staticreq_statictask,SCRUBBED_TIME+LLAMA3-BWB_BMPD384_16_2_6
32,16,0,0,1,7,384,0.0,,bw,static,static,results,Results,Results_LLAMA31,LLAMA3-BWB-Results,simulator_output_LLAMA3-BWB_bwplacement_bs32_staticreq_statictask,SCRUBBED_TIME+LLAMA3-BWB_BMPD384_16_1_7
32,16,0,0,3,5,384,0.0,,bw,static,static,results,Results,Results_LLAMA31,LLAMA3-BWB-Results,simulator_output_LLAMA3-BWB_bwplacement_bs32_staticreq_statictask,SCRUBBED_TIME+LLAMA3-BWB_BMPD384_16_3_5
32,16,0,0,5,3,384,0.0,,bw,static,static,results,Results,Results_LLAMA31,LLAMA3-BWB-Results,simulator_output_LLAMA3-BWB_bwplacement_bs32_staticreq_statictask,SCRUBBED_TIME+LLAMA3-BWB_BMPD384_16_5_3
32,16,0,0,4,4,384,0.0,,bw,static,static,results,Results,Results_LLAMA31,LLAMA3-BWB-Results,simulator_output_LLAMA3-BWB_bwplacement_bs32_staticreq_statictask,SCRUBBED_TIME+LLAMA3-BWB_BMPD384_16_4_4
32,16,0,0,7,1,384,0.0,,bw,static,static,results,Results,Results_LLAMA31,LLAMA3-BWB-Results,simulator_output_LLAMA3-BWB_bwplacement_bs32_staticreq_statictask,SCRUBBED_TIME+LLAMA3-BWB_BMPD384_16_7_1
32,16,0,0,6,2,384,0.0,,bw,static,static,results,Results,Results_LLAMA31,LLAMA3-BWB-Results,simulator_output_LLAMA3-BWB_bwplacement_bs32_staticreq_statictask,SCRUBBED_TIME+LLAMA3-BWB_BMPD384_16_6_2
32,3,0,0,13,8,512,0.0,,bw,static,static,results,Results,Results_LLAMA31,LLAMA3-BWB-Results,simulator_output_LLAMA3-BWB_bwplacement_bs32_staticreq_statictask,SCRUBBED_TIME+LLAMA3-BWB_BMPD512_3_13_8
32,2,0,0,5,17,512,0.0,,bw,static,static,results,Results,Results_LLAMA31,LLAMA3-BWB-Results,simulator_output_LLAMA3-BWB_bwplacement_bs32_staticreq_statictask,SCRUBBED_TIME+LLAMA3-BWB_BMPD512_2_5_17
32,2,0,0,21,1,512,0.0,,bw,static,static,results,Results,Results_LLAMA31,LLAMA3-BWB-Results,simulator_output_LLAMA3-BWB_bwplacement_bs32_staticreq_statictask,SCRUBBED_TIME+LLAMA3-BWB_BMPD512_2_21_1
32,3,0,0,7,14,512,0.0,,bw,static,static,results,Results,Results_LLAMA31,LLAMA3-BWB-Results,simulator_output_LLAMA3-BWB_bwplacement_bs32_staticreq_statictask,SCRUBBED_TIME+LLAMA3-BWB_BMPD512_3_7_14
32,3,0,0,17,4,512,0.0,,bw,static,static,results,Results,Results_LLAMA31,LLAMA3-BWB-Results,simulator_output_LLAMA3-BWB_bwplacement_bs32_staticreq_statictask,SCRUBBED_TIME+LLAMA3-BWB_BMPD512_3_17_4
32,2,0,0,3,19,512,0.0,,bw,static,static,results,Results,Results_LLAMA31,LLAMA3-BWB-Results,simulator_output_LLAMA3-BWB_bwplacement_bs32_staticreq_statictask,SCRUBBED_TIME+LLAMA3-BWB_BMPD512_2_3_19
32,3,0,0,8,13,512,0.0,,bw,static,static,results,Results,Results_LLAMA31,LLAMA3-BWB-Results,simulator_output_LLAMA3-BWB_bwplacement_bs32_staticreq_statictask,SCRUBBED_TIME+LLAMA3-BWB_BMPD512_3_8_13
32,3,0,0,19,2,512,0.0,,bw,static,static,results,Results,Results_LLAMA31,LLAMA3-BWB-Results,simulator_output_LLAMA3-BWB_bwplacement_bs32_staticreq_statictask,SCRUBBED_TIME+LLAMA3-BWB_BMPD512_3_19_2
32,2,0,0,9,13,512,0.0,,bw,static,static,results,Results,Results_LLAMA31,LLAMA3-BWB-Results,simulator_output_LLAMA3-BWB_bwplacement_bs32_staticreq_statictask,SCRUBBED_TIME+LLAMA3-BWB_BMPD512_2_9_13
32,3,0,0,9,12,512,0.0,,bw,static,static,results,Results,Results_LLAMA31,LLAMA3-BWB-Results,simulator_output_LLAMA3-BWB_bwplacement_bs32_staticreq_statictask,SCRUBBED_TIME+LLAMA3-BWB_BMPD512_3_9_12
32,3,0,0,2,19,512,0.0,,bw,static,static,results,Results,Results_LLAMA31,LLAMA3-BWB-Results,simulator_output_LLAMA3-BWB_bwplacement_bs32_staticreq_statictask,SCRUBBED_TIME+LLAMA3-BWB_BMPD512_3_2_19
32,2,0,0,6,16,512,0.0,,bw,static,static,results,Results,Results_LLAMA31,LLAMA3-BWB-Results,simulator_output_LLAMA3-BWB_bwplacement_bs32_staticreq_statictask,SCRUBBED_TIME+LLAMA3-BWB_BMPD512_2_6_16
32,2,0,0,16,6,512,0.0,,bw,static,static,results,Results,Results_LLAMA31,LLAMA3-BWB-Results,simulator_output_LLAMA3-BWB_bwplacement_bs32_staticreq_statictask,SCRUBBED_TIME+LLAMA3-BWB_BMPD512_2_16_6
32,2,0,0,19,3,512,0.0,,bw,static,static,results,Results,Results_LLAMA31,LLAMA3-BWB-Results,simulator_output_LLAMA3-BWB_bwplacement_bs32_staticreq_statictask,SCRUBBED_TIME+LLAMA3-BWB_BMPD512_2_19_3
32,3,0,0,12,9,512,0.0,,bw,static,static,results,Results,Results_LLAMA31,LLAMA3-BWB-Results,simulator_output_LLAMA3-BWB_bwplacement_bs32_staticreq_statictask,SCRUBBED_TIME+LLAMA3-BWB_BMPD512_3_12_9
32,2,0,0,17,5,512,0.0,,bw,static,static,results,Results,Results_LLAMA31,LLAMA3-BWB-Results,simulator_output_LLAMA3-BWB_bwplacement_bs32_staticreq_statictask,SCRUBBED_TIME+LLAMA3-BWB_BMPD512_2_17_5
32,3,0,0,5,16,512,0.0,,bw,static,static,results,Results,Results_LLAMA31,LLAMA3-BWB-Results,simulator_output_LLAMA3-BWB_bwplacement_bs32_staticreq_statictask,SCRUBBED_TIME+LLAMA3-BWB_BMPD512_3_5_16
32,2,0,0,4,18,512,0.0,,bw,static,static,results,Results,Results_LLAMA31,LLAMA3-BWB-Results,simulator_output_LLAMA3-BWB_bwplacement_bs32_staticreq_statictask,SCRUBBED_TIME+LLAMA3-BWB_BMPD512_2_4_18
32,2,0,0,14,8,512,0.0,,bw,static,static,results,Results,Results_LLAMA31,LLAMA3-BWB-Results,simulator_output_LLAMA3-BWB_bwplacement_bs32_staticreq_statictask,SCRUBBED_TIME+LLAMA3-BWB_BMPD512_2_14_8
32,2,0,0,15,7,512,0.0,,bw,static,static,results,Results,Results_LLAMA31,LLAMA3-BWB-Results,simulator_output_LLAMA3-BWB_bwplacement_bs32_staticreq_statictask,SCRUBBED_TIME+LLAMA3-BWB_BMPD512_2_15_7
32,3,0,0,11,10,512,0.0,,bw,static,static,results,Results,Results_LLAMA31,LLAMA3-BWB-Results,simulator_output_LLAMA3-BWB_bwplacement_bs32_staticreq_statictask,SCRUBBED_TIME+LLAMA3-BWB_BMPD512_3_11_10
32,3,0,0,15,6,512,0.0,,bw,static,static,results,Results,Results_LLAMA31,LLAMA3-BWB-Results,simulator_output_LLAMA3-BWB_bwplacement_bs32_staticreq_statictask,SCRUBBED_TIME+LLAMA3-BWB_BMPD512_3_15_6
32,3,0,0,4,17,512,0.0,,bw,static,static,results,Results,Results_LLAMA31,LLAMA3-BWB-Results,simulator_output_LLAMA3-BWB_bwplacement_bs32_staticreq_statictask,SCRUBBED_TIME+LLAMA3-BWB_BMPD512_3_4_17
32,3,0,0,1,20,512,0.0,,bw,static,static,results,Results,Results_LLAMA31,LLAMA3-BWB-Results,simulator_output_LLAMA3-BWB_bwplacement_bs32_staticreq_statictask,SCRUBBED_TIME+LLAMA3-BWB_BMPD512_3_1_20
32,2,0,0,11,11,512,0.0,,bw,static,static,results,Results,Results_LLAMA31,LLAMA3-BWB-Results,simulator_output_LLAMA3-BWB_bwplacement_bs32_staticreq_statictask,SCRUBBED_TIME+LLAMA3-BWB_BMPD512_2_11_11
32,2,0,0,13,9,512,0.0,,bw,static,static,results,Results,Results_LLAMA31,LLAMA3-BWB-Results,simulator_output_LLAMA3-BWB_bwplacement_bs32_staticreq_statictask,SCRUBBED_TIME+LLAMA3-BWB_BMPD512_2_13_9
32,2,0,0,20,2,512,0.0,,bw,static,static,results,Results,Results_LLAMA31,LLAMA3-BWB-Results,simulator_output_LLAMA3-BWB_bwplacement_bs32_staticreq_statictask,SCRUBBED_TIME+LLAMA3-BWB_BMPD512_2_20_2
32,2,0,0,18,4,512,0.0,,bw,static,static,results,Results,Results_LLAMA31,LLAMA3-BWB-Results,simulator_output_LLAMA3-BWB_bwplacement_bs32_staticreq_statictask,SCRUBBED_TIME+LLAMA3-BWB_BMPD512_2_18_4
32,3,0,0,6,15,512,0.0,,bw,static,static,results,Results,Results_LLAMA31,LLAMA3-BWB-Results,simulator_output_LLAMA3-BWB_bwplacement_bs32_staticreq_statictask,SCRUBBED_TIME+LLAMA3-BWB_BMPD512_3_6_15
32,3,0,0,14,7,512,0.0,,bw,static,static,results,Results,Results_LLAMA31,LLAMA3-BWB-Results,simulator_output_LLAMA3-BWB_bwplacement_bs32_staticreq_statictask,SCRUBBED_TIME+LLAMA3-BWB_BMPD512_3_14_7
32,3,0,0,18,3,512,0.0,,bw,static,static,results,Results,Results_LLAMA31,LLAMA3-BWB-Results,simulator_output_LLAMA3-BWB_bwplacement_bs32_staticreq_statictask,SCRUBBED_TIME+LLAMA3-BWB_BMPD512_3_18_3
32,3,0,0,3,18,512,0.0,,bw,static,static,results,Results,Results_LLAMA31,LLAMA3-BWB-Results,simulator_output_LLAMA3-BWB_bwplacement_bs32_staticreq_statictask,SCRUBBED_TIME+LLAMA3-BWB_BMPD512_3_3_18
32,2,0,0,10,12,512,0.0,,bw,static,static,results,Results,Results_LLAMA31,LLAMA3-BWB-Results,simulator_output_LLAMA3-BWB_bwplacement_bs32_staticreq_statictask,SCRUBBED_TIME+LLAMA3-BWB_BMPD512_2_10_12
32,2,0,0,1,21,512,0.0,,bw,static,static,results,Results,Results_LLAMA31,LLAMA3-BWB-Results,simulator_output_LLAMA3-BWB_bwplacement_bs32_staticreq_statictask,SCRUBBED_TIME+LLAMA3-BWB_BMPD512_2_1_21
32,2,0,0,2,20,512,0.0,,bw,static,static,results,Results,Results_LLAMA31,LLAMA3-BWB-Results,simulator_output_LLAMA3-BWB_bwplacement_bs32_staticreq_statictask,SCRUBBED_TIME+LLAMA3-BWB_BMPD512_2_2_20
32,3,0,0,16,5,512,0.0,,bw,static,static,results,Results,Results_LLAMA31,LLAMA3-BWB-Results,simulator_output_LLAMA3-BWB_bwplacement_bs32_staticreq_statictask,SCRUBBED_TIME+LLAMA3-BWB_BMPD512_3_16_5
32,2,0,0,8,14,512,0.0,,bw,static,static,results,Results,Results_LLAMA31,LLAMA3-BWB-Results,simulator_output_LLAMA3-BWB_bwplacement_bs32_staticreq_statictask,SCRUBBED_TIME+LLAMA3-BWB_BMPD512_2_8_14
32,2,0,0,7,15,512,0.0,,bw,static,static,results,Results,Results_LLAMA31,LLAMA3-BWB-Results,simulator_output_LLAMA3-BWB_bwplacement_bs32_staticreq_statictask,SCRUBBED_TIME+LLAMA3-BWB_BMPD512_2_7_15
32,3,0,0,10,11,512,0.0,,bw,static,static,results,Results,Results_LLAMA31,LLAMA3-BWB-Results,simulator_output_LLAMA3-BWB_bwplacement_bs32_staticreq_statictask,SCRUBBED_TIME+LLAMA3-BWB_BMPD512_3_10_11
32,2,0,0,12,10,512,0.0,,bw,static,static,results,Results,Results_LLAMA31,LLAMA3-BWB-Results,simulator_output_LLAMA3-BWB_bwplacement_bs32_staticreq_statictask,SCRUBBED_TIME+LLAMA3-BWB_BMPD512_2_12_10
32,3,0,0,20,1,512,0.0,,bw,static,static,results,Results,Results_LLAMA31,LLAMA3-BWB-Results,simulator_output_LLAMA3-BWB_bwplacement_bs32_staticreq_statictask,SCRUBBED_TIME+LLAMA3-BWB_BMPD512_3_20_1
32,4,0,0,1,19,512,0.0,,bw,static,static,results,Results,Results_LLAMA31,LLAMA3-BWB-Results,simulator_output_LLAMA3-BWB_bwplacement_bs32_staticreq_statictask,SCRUBBED_TIME+LLAMA3-BWB_BMPD512_4_1_19
32,4,0,0,2,18,512,0.0,,bw,static,static,results,Results,Results_LLAMA31,LLAMA3-BWB-Results,simulator_output_LLAMA3-BWB_bwplacement_bs32_staticreq_statictask,SCRUBBED_TIME+LLAMA3-BWB_BMPD512_4_2_18
32,4,0,0,5,15,512,0.0,,bw,static,static,results,Results,Results_LLAMA31,LLAMA3-BWB-Results,simulator_output_LLAMA3-BWB_bwplacement_bs32_staticreq_statictask,SCRUBBED_TIME+LLAMA3-BWB_BMPD512_4_5_15
32,4,0,0,4,16,512,0.0,,bw,static,static,results,Results,Results_LLAMA31,LLAMA3-BWB-Results,simulator_output_LLAMA3-BWB_bwplacement_bs32_staticreq_statictask,SCRUBBED_TIME+LLAMA3-BWB_BMPD512_4_4_16
32,4,0,0,3,17,512,0.0,,bw,static,static,results,Results,Results_LLAMA31,LLAMA3-BWB-Results,simulator_output_LLAMA3-BWB_bwplacement_bs32_staticreq_statictask,SCRUBBED_TIME+LLAMA3-BWB_BMPD512_4_3_17
32,4,0,0,7,13,512,0.0,,bw,static,static,results,Results,Results_LLAMA31,LLAMA3-BWB-Results,simulator_output_LLAMA3-BWB_bwplacement_bs32_staticreq_statictask,SCRUBBED_TIME+LLAMA3-BWB_BMPD512_4_7_13
32,4,0,0,6,14,512,0.0,,bw,static,static,results,Results,Results_LLAMA31,LLAMA3-BWB-Results,simulator_output_LLAMA3-BWB_bwplacement_bs32_staticreq_statictask,SCRUBBED_TIME+LLAMA3-BWB_BMPD512_4_6_14
32,4,0,0,14,6,512,0.0,,bw,static,static,results,Results,Results_LLAMA31,LLAMA3-BWB-Results,simulator_output_LLAMA3-BWB_bwplacement_bs32_staticreq_statictask,SCRUBBED_TIME+LLAMA3-BWB_BMPD512_4_14_6
32,4,0,0,11,9,512,0.0,,bw,static,static,results,Results,Results_LLAMA31,LLAMA3-BWB-Results,simulator_output_LLAMA3-BWB_bwplacement_bs32_staticreq_statictask,SCRUBBED_TIME+LLAMA3-BWB_BMPD512_4_11_9
32,4,0,0,8,12,512,0.0,,bw,static,static,results,Results,Results_LLAMA31,LLAMA3-BWB-Results,simulator_output_LLAMA3-BWB_bwplacement_bs32_staticreq_statictask,SCRUBBED_TIME+LLAMA3-BWB_BMPD512_4_8_12
32,4,0,0,9,11,512,0.0,,bw,static,static,results,Results,Results_LLAMA31,LLAMA3-BWB-Results,simulator_output_LLAMA3-BWB_bwplacement_bs32_staticreq_statictask,SCRUBBED_TIME+LLAMA3-BWB_BMPD512_4_9_11
32,4,0,0,15,5,512,0.0,,bw,static,static,results,Results,Results_LLAMA31,LLAMA3-BWB-Results,simulator_output_LLAMA3-BWB_bwplacement_bs32_staticreq_statictask,SCRUBBED_TIME+LLAMA3-BWB_BMPD512_4_15_5
32,4,0,0,10,10,512,0.0,,bw,static,static,results,Results,Results_LLAMA31,LLAMA3-BWB-Results,simulator_output_LLAMA3-BWB_bwplacement_bs32_staticreq_statictask,SCRUBBED_TIME+LLAMA3-BWB_BMPD512_4_10_10
32,4,0,0,13,7,512,0.0,,bw,static,static,results,Results,Results_LLAMA31,LLAMA3-BWB-Results,simulator_output_LLAMA3-BWB_bwplacement_bs32_staticreq_statictask,SCRUBBED_TIME+LLAMA3-BWB_BMPD512_4_13_7
32,4,0,0,12,8,512,0.0,,bw,static,static,results,Results,Results_LLAMA31,LLAMA3-BWB-Results,simulator_output_LLAMA3-BWB_bwplacement_bs32_staticreq_statictask,SCRUBBED_TIME+LLAMA3-BWB_BMPD512_4_12_8
32,4,0,0,17,3,512,0.0,,bw,static,static,results,Results,Results_LLAMA31,LLAMA3-BWB-Results,simulator_output_LLAMA3-BWB_bwplacement_bs32_staticreq_statictask,SCRUBBED_TIME+LLAMA3-BWB_BMPD512_4_17_3
32,4,0,0,18,2,512,0.0,,bw,static,static,results,Results,Results_LLAMA31,LLAMA3-BWB-Results,simulator_output_LLAMA3-BWB_bwplacement_bs32_staticreq_statictask,SCRUBBED_TIME+LLAMA3-BWB_BMPD512_4_18_2
32,4,0,0,16,4,512,0.0,,bw,static,static,results,Results,Results_LLAMA31,LLAMA3-BWB-Results,simulator_output_LLAMA3-BWB_bwplacement_bs32_staticreq_statictask,SCRUBBED_TIME+LLAMA3-BWB_BMPD512_4_16_4
32,5,0,0,1,18,512,0.0,,bw,static,static,results,Results,Results_LLAMA31,LLAMA3-BWB-Results,simulator_output_LLAMA3-BWB_bwplacement_bs32_staticreq_statictask,SCRUBBED_TIME+LLAMA3-BWB_BMPD512_5_1_18
32,5,0,0,2,17,512,0.0,,bw,static,static,results,Results,Results_LLAMA31,LLAMA3-BWB-Results,simulator_output_LLAMA3-BWB_bwplacement_bs32_staticreq_statictask,SCRUBBED_TIME+LLAMA3-BWB_BMPD512_5_2_17
32,5,0,0,4,15,512,0.0,,bw,static,static,results,Results,Results_LLAMA31,LLAMA3-BWB-Results,simulator_output_LLAMA3-BWB_bwplacement_bs32_staticreq_statictask,SCRUBBED_TIME+LLAMA3-BWB_BMPD512_5_4_15
32,4,0,0,19,1,512,0.0,,bw,static,static,results,Results,Results_LLAMA31,LLAMA3-BWB-Results,simulator_output_LLAMA3-BWB_bwplacement_bs32_staticreq_statictask,SCRUBBED_TIME+LLAMA3-BWB_BMPD512_4_19_1
32,5,0,0,5,14,512,0.0,,bw,static,static,results,Results,Results_LLAMA31,LLAMA3-BWB-Results,simulator_output_LLAMA3-BWB_bwplacement_bs32_staticreq_statictask,SCRUBBED_TIME+LLAMA3-BWB_BMPD512_5_5_14
32,5,0,0,10,9,512,0.0,,bw,static,static,results,Results,Results_LLAMA31,LLAMA3-BWB-Results,simulator_output_LLAMA3-BWB_bwplacement_bs32_staticreq_statictask,SCRUBBED_TIME+LLAMA3-BWB_BMPD512_5_10_9
32,5,0,0,3,16,512,0.0,,bw,static,static,results,Results,Results_LLAMA31,LLAMA3-BWB-Results,simulator_output_LLAMA3-BWB_bwplacement_bs32_staticreq_statictask,SCRUBBED_TIME+LLAMA3-BWB_BMPD512_5_3_16
32,5,0,0,6,13,512,0.0,,bw,static,static,results,Results,Results_LLAMA31,LLAMA3-BWB-Results,simulator_output_LLAMA3-BWB_bwplacement_bs32_staticreq_statictask,SCRUBBED_TIME+LLAMA3-BWB_BMPD512_5_6_13
32,5,0,0,8,11,512,0.0,,bw,static,static,results,Results,Results_LLAMA31,LLAMA3-BWB-Results,simulator_output_LLAMA3-BWB_bwplacement_bs32_staticreq_statictask,SCRUBBED_TIME+LLAMA3-BWB_BMPD512_5_8_11
32,5,0,0,7,12,512,0.0,,bw,static,static,results,Results,Results_LLAMA31,LLAMA3-BWB-Results,simulator_output_LLAMA3-BWB_bwplacement_bs32_staticreq_statictask,SCRUBBED_TIME+LLAMA3-BWB_BMPD512_5_7_12
32,5,0,0,9,10,512,0.0,,bw,static,static,results,Results,Results_LLAMA31,LLAMA3-BWB-Results,simulator_output_LLAMA3-BWB_bwplacement_bs32_staticreq_statictask,SCRUBBED_TIME+LLAMA3-BWB_BMPD512_5_9_10
32,5,0,0,11,8,512,0.0,,bw,static,static,results,Results,Results_LLAMA31,LLAMA3-BWB-Results,simulator_output_LLAMA3-BWB_bwplacement_bs32_staticreq_statictask,SCRUBBED_TIME+LLAMA3-BWB_BMPD512_5_11_8
32,5,0,0,16,3,512,0.0,,bw,static,static,results,Results,Results_LLAMA31,LLAMA3-BWB-Results,simulator_output_LLAMA3-BWB_bwplacement_bs32_staticreq_statictask,SCRUBBED_TIME+LLAMA3-BWB_BMPD512_5_16_3
32,5,0,0,13,6,512,0.0,,bw,static,static,results,Results,Results_LLAMA31,LLAMA3-BWB-Results,simulator_output_LLAMA3-BWB_bwplacement_bs32_staticreq_statictask,SCRUBBED_TIME+LLAMA3-BWB_BMPD512_5_13_6
32,5,0,0,12,7,512,0.0,,bw,static,static,results,Results,Results_LLAMA31,LLAMA3-BWB-Results,simulator_output_LLAMA3-BWB_bwplacement_bs32_staticreq_statictask,SCRUBBED_TIME+LLAMA3-BWB_BMPD512_5_12_7
32,5,0,0,14,5,512,0.0,,bw,static,static,results,Results,Results_LLAMA31,LLAMA3-BWB-Results,simulator_output_LLAMA3-BWB_bwplacement_bs32_staticreq_statictask,SCRUBBED_TIME+LLAMA3-BWB_BMPD512_5_14_5
32,5,0,0,18,1,512,0.0,,bw,static,static,results,Results,Results_LLAMA31,LLAMA3-BWB-Results,simulator_output_LLAMA3-BWB_bwplacement_bs32_staticreq_statictask,SCRUBBED_TIME+LLAMA3-BWB_BMPD512_5_18_1
32,5,0,0,15,4,512,0.0,,bw,static,static,results,Results,Results_LLAMA31,LLAMA3-BWB-Results,simulator_output_LLAMA3-BWB_bwplacement_bs32_staticreq_statictask,SCRUBBED_TIME+LLAMA3-BWB_BMPD512_5_15_4
32,6,0,0,1,17,512,0.0,,bw,static,static,results,Results,Results_LLAMA31,LLAMA3-BWB-Results,simulator_output_LLAMA3-BWB_bwplacement_bs32_staticreq_statictask,SCRUBBED_TIME+LLAMA3-BWB_BMPD512_6_1_17
32,5,0,0,17,2,512,0.0,,bw,static,static,results,Results,Results_LLAMA31,LLAMA3-BWB-Results,simulator_output_LLAMA3-BWB_bwplacement_bs32_staticreq_statictask,SCRUBBED_TIME+LLAMA3-BWB_BMPD512_5_17_2
32,6,0,0,2,16,512,0.0,,bw,static,static,results,Results,Results_LLAMA31,LLAMA3-BWB-Results,simulator_output_LLAMA3-BWB_bwplacement_bs32_staticreq_statictask,SCRUBBED_TIME+LLAMA3-BWB_BMPD512_6_2_16
32,6,0,0,3,15,512,0.0,,bw,static,static,results,Results,Results_LLAMA31,LLAMA3-BWB-Results,simulator_output_LLAMA3-BWB_bwplacement_bs32_staticreq_statictask,SCRUBBED_TIME+LLAMA3-BWB_BMPD512_6_3_15
32,6,0,0,4,14,512,0.0,,bw,static,static,results,Results,Results_LLAMA31,LLAMA3-BWB-Results,simulator_output_LLAMA3-BWB_bwplacement_bs32_staticreq_statictask,SCRUBBED_TIME+LLAMA3-BWB_BMPD512_6_4_14
32,6,0,0,5,13,512,0.0,,bw,static,static,results,Results,Results_LLAMA31,LLAMA3-BWB-Results,simulator_output_LLAMA3-BWB_bwplacement_bs32_staticreq_statictask,SCRUBBED_TIME+LLAMA3-BWB_BMPD512_6_5_13
32,6,0,0,6,12,512,0.0,,bw,static,static,results,Results,Results_LLAMA31,LLAMA3-BWB-Results,simulator_output_LLAMA3-BWB_bwplacement_bs32_staticreq_statictask,SCRUBBED_TIME+LLAMA3-BWB_BMPD512_6_6_12
32,6,0,0,8,10,512,0.0,,bw,static,static,results,Results,Results_LLAMA31,LLAMA3-BWB-Results,simulator_output_LLAMA3-BWB_bwplacement_bs32_staticreq_statictask,SCRUBBED_TIME+LLAMA3-BWB_BMPD512_6_8_10
32,6,0,0,9,9,512,0.0,,bw,static,static,results,Results,Results_LLAMA31,LLAMA3-BWB-Results,simulator_output_LLAMA3-BWB_bwplacement_bs32_staticreq_statictask,SCRUBBED_TIME+LLAMA3-BWB_BMPD512_6_9_9
32,6,0,0,13,5,512,0.0,,bw,static,static,results,Results,Results_LLAMA31,LLAMA3-BWB-Results,simulator_output_LLAMA3-BWB_bwplacement_bs32_staticreq_statictask,SCRUBBED_TIME+LLAMA3-BWB_BMPD512_6_13_5
32,6,0,0,12,6,512,0.0,,bw,static,static,results,Results,Results_LLAMA31,LLAMA3-BWB-Results,simulator_output_LLAMA3-BWB_bwplacement_bs32_staticreq_statictask,SCRUBBED_TIME+LLAMA3-BWB_BMPD512_6_12_6
32,6,0,0,7,11,512,0.0,,bw,static,static,results,Results,Results_LLAMA31,LLAMA3-BWB-Results,simulator_output_LLAMA3-BWB_bwplacement_bs32_staticreq_statictask,SCRUBBED_TIME+LLAMA3-BWB_BMPD512_6_7_11
32,6,0,0,11,7,512,0.0,,bw,static,static,results,Results,Results_LLAMA31,LLAMA3-BWB-Results,simulator_output_LLAMA3-BWB_bwplacement_bs32_staticreq_statictask,SCRUBBED_TIME+LLAMA3-BWB_BMPD512_6_11_7
32,6,0,0,14,4,512,0.0,,bw,static,static,results,Results,Results_LLAMA31,LLAMA3-BWB-Results,simulator_output_LLAMA3-BWB_bwplacement_bs32_staticreq_statictask,SCRUBBED_TIME+LLAMA3-BWB_BMPD512_6_14_4
32,6,0,0,10,8,512,0.0,,bw,static,static,results,Results,Results_LLAMA31,LLAMA3-BWB-Results,simulator_output_LLAMA3-BWB_bwplacement_bs32_staticreq_statictask,SCRUBBED_TIME+LLAMA3-BWB_BMPD512_6_10_8
32,6,0,0,15,3,512,0.0,,bw,static,static,results,Results,Results_LLAMA31,LLAMA3-BWB-Results,simulator_output_LLAMA3-BWB_bwplacement_bs32_staticreq_statictask,SCRUBBED_TIME+LLAMA3-BWB_BMPD512_6_15_3
32,6,0,0,16,2,512,0.0,,bw,static,static,results,Results,Results_LLAMA31,LLAMA3-BWB-Results,simulator_output_LLAMA3-BWB_bwplacement_bs32_staticreq_statictask,SCRUBBED_TIME+LLAMA3-BWB_BMPD512_6_16_2
32,7,0,0,3,14,512,0.0,,bw,static,static,results,Results,Results_LLAMA31,LLAMA3-BWB-Results,simulator_output_LLAMA3-BWB_bwplacement_bs32_staticreq_statictask,SCRUBBED_TIME+LLAMA3-BWB_BMPD512_7_3_14
32,7,0,0,2,15,512,0.0,,bw,static,static,results,Results,Results_LLAMA31,LLAMA3-BWB-Results,simulator_output_LLAMA3-BWB_bwplacement_bs32_staticreq_statictask,SCRUBBED_TIME+LLAMA3-BWB_BMPD512_7_2_15
32,7,0,0,4,13,512,0.0,,bw,static,static,results,Results,Results_LLAMA31,LLAMA3-BWB-Results,simulator_output_LLAMA3-BWB_bwplacement_bs32_staticreq_statictask,SCRUBBED_TIME+LLAMA3-BWB_BMPD512_7_4_13
32,7,0,0,1,16,512,0.0,,bw,static,static,results,Results,Results_LLAMA31,LLAMA3-BWB-Results,simulator_output_LLAMA3-BWB_bwplacement_bs32_staticreq_statictask,SCRUBBED_TIME+LLAMA3-BWB_BMPD512_7_1_16
32,7,0,0,5,12,512,0.0,,bw,static,static,results,Results,Results_LLAMA31,LLAMA3-BWB-Results,simulator_output_LLAMA3-BWB_bwplacement_bs32_staticreq_statictask,SCRUBBED_TIME+LLAMA3-BWB_BMPD512_7_5_12
32,6,0,0,17,1,512,0.0,,bw,static,static,results,Results,Results_LLAMA31,LLAMA3-BWB-Results,simulator_output_LLAMA3-BWB_bwplacement_bs32_staticreq_statictask,SCRUBBED_TIME+LLAMA3-BWB_BMPD512_6_17_1
32,7,0,0,7,10,512,0.0,,bw,static,static,results,Results,Results_LLAMA31,LLAMA3-BWB-Results,simulator_output_LLAMA3-BWB_bwplacement_bs32_staticreq_statictask,SCRUBBED_TIME+LLAMA3-BWB_BMPD512_7_7_10
32,7,0,0,6,11,512,0.0,,bw,static,static,results,Results,Results_LLAMA31,LLAMA3-BWB-Results,simulator_output_LLAMA3-BWB_bwplacement_bs32_staticreq_statictask,SCRUBBED_TIME+LLAMA3-BWB_BMPD512_7_6_11
32,7,0,0,9,8,512,0.0,,bw,static,static,results,Results,Results_LLAMA31,LLAMA3-BWB-Results,simulator_output_LLAMA3-BWB_bwplacement_bs32_staticreq_statictask,SCRUBBED_TIME+LLAMA3-BWB_BMPD512_7_9_8
32,7,0,0,8,9,512,0.0,,bw,static,static,results,Results,Results_LLAMA31,LLAMA3-BWB-Results,simulator_output_LLAMA3-BWB_bwplacement_bs32_staticreq_statictask,SCRUBBED_TIME+LLAMA3-BWB_BMPD512_7_8_9
32,7,0,0,14,3,512,0.0,,bw,static,static,results,Results,Results_LLAMA31,LLAMA3-BWB-Results,simulator_output_LLAMA3-BWB_bwplacement_bs32_staticreq_statictask,SCRUBBED_TIME+LLAMA3-BWB_BMPD512_7_14_3
32,7,0,0,13,4,512,0.0,,bw,static,static,results,Results,Results_LLAMA31,LLAMA3-BWB-Results,simulator_output_LLAMA3-BWB_bwplacement_bs32_staticreq_statictask,SCRUBBED_TIME+LLAMA3-BWB_BMPD512_7_13_4
32,7,0,0,10,7,512,0.0,,bw,static,static,results,Results,Results_LLAMA31,LLAMA3-BWB-Results,simulator_output_LLAMA3-BWB_bwplacement_bs32_staticreq_statictask,SCRUBBED_TIME+LLAMA3-BWB_BMPD512_7_10_7
32,7,0,0,11,6,512,0.0,,bw,static,static,results,Results,Results_LLAMA31,LLAMA3-BWB-Results,simulator_output_LLAMA3-BWB_bwplacement_bs32_staticreq_statictask,SCRUBBED_TIME+LLAMA3-BWB_BMPD512_7_11_6
32,7,0,0,12,5,512,0.0,,bw,static,static,results,Results,Results_LLAMA31,LLAMA3-BWB-Results,simulator_output_LLAMA3-BWB_bwplacement_bs32_staticreq_statictask,SCRUBBED_TIME+LLAMA3-BWB_BMPD512_7_12_5
32,7,0,0,15,2,512,0.0,,bw,static,static,results,Results,Results_LLAMA31,LLAMA3-BWB-Results,simulator_output_LLAMA3-BWB_bwplacement_bs32_staticreq_statictask,SCRUBBED_TIME+LLAMA3-BWB_BMPD512_7_15_2
32,8,0,0,2,14,512,0.0,,bw,static,static,results,Results,Results_LLAMA31,LLAMA3-BWB-Results,simulator_output_LLAMA3-BWB_bwplacement_bs32_staticreq_statictask,SCRUBBED_TIME+LLAMA3-BWB_BMPD512_8_2_14
32,8,0,0,4,12,512,0.0,,bw,static,static,results,Results,Results_LLAMA31,LLAMA3-BWB-Results,simulator_output_LLAMA3-BWB_bwplacement_bs32_staticreq_statictask,SCRUBBED_TIME+LLAMA3-BWB_BMPD512_8_4_12
32,7,0,0,16,1,512,0.0,,bw,static,static,results,Results,Results_LLAMA31,LLAMA3-BWB-Results,simulator_output_LLAMA3-BWB_bwplacement_bs32_staticreq_statictask,SCRUBBED_TIME+LLAMA3-BWB_BMPD512_7_16_1
32,8,0,0,5,11,512,0.0,,bw,static,static,results,Results,Results_LLAMA31,LLAMA3-BWB-Results,simulator_output_LLAMA3-BWB_bwplacement_bs32_staticreq_statictask,SCRUBBED_TIME+LLAMA3-BWB_BMPD512_8_5_11
32,8,0,0,1,15,512,0.0,,bw,static,static,results,Results,Results_LLAMA31,LLAMA3-BWB-Results,simulator_output_LLAMA3-BWB_bwplacement_bs32_staticreq_statictask,SCRUBBED_TIME+LLAMA3-BWB_BMPD512_8_1_15
32,8,0,0,6,10,512,0.0,,bw,static,static,results,Results,Results_LLAMA31,LLAMA3-BWB-Results,simulator_output_LLAMA3-BWB_bwplacement_bs32_staticreq_statictask,SCRUBBED_TIME+LLAMA3-BWB_BMPD512_8_6_10
32,8,0,0,3,13,512,0.0,,bw,static,static,results,Results,Results_LLAMA31,LLAMA3-BWB-Results,simulator_output_LLAMA3-BWB_bwplacement_bs32_staticreq_statictask,SCRUBBED_TIME+LLAMA3-BWB_BMPD512_8_3_13
32,8,0,0,7,9,512,0.0,,bw,static,static,results,Results,Results_LLAMA31,LLAMA3-BWB-Results,simulator_output_LLAMA3-BWB_bwplacement_bs32_staticreq_statictask,SCRUBBED_TIME+LLAMA3-BWB_BMPD512_8_7_9
32,8,0,0,8,8,512,0.0,,bw,static,static,results,Results,Results_LLAMA31,LLAMA3-BWB-Results,simulator_output_LLAMA3-BWB_bwplacement_bs32_staticreq_statictask,SCRUBBED_TIME+LLAMA3-BWB_BMPD512_8_8_8
32,8,0,0,9,7,512,0.0,,bw,static,static,results,Results,Results_LLAMA31,LLAMA3-BWB-Results,simulator_output_LLAMA3-BWB_bwplacement_bs32_staticreq_statictask,SCRUBBED_TIME+LLAMA3-BWB_BMPD512_8_9_7
32,8,0,0,10,6,512,0.0,,bw,static,static,results,Results,Results_LLAMA31,LLAMA3-BWB-Results,simulator_output_LLAMA3-BWB_bwplacement_bs32_staticreq_statictask,SCRUBBED_TIME+LLAMA3-BWB_BMPD512_8_10_6
32,8,0,0,11,5,512,0.0,,bw,static,static,results,Results,Results_LLAMA31,LLAMA3-BWB-Results,simulator_output_LLAMA3-BWB_bwplacement_bs32_staticreq_statictask,SCRUBBED_TIME+LLAMA3-BWB_BMPD512_8_11_5
32,8,0,0,12,4,512,0.0,,bw,static,static,results,Results,Results_LLAMA31,LLAMA3-BWB-Results,simulator_output_LLAMA3-BWB_bwplacement_bs32_staticreq_statictask,SCRUBBED_TIME+LLAMA3-BWB_BMPD512_8_12_4
32,8,0,0,13,3,512,0.0,,bw,static,static,results,Results,Results_LLAMA31,LLAMA3-BWB-Results,simulator_output_LLAMA3-BWB_bwplacement_bs32_staticreq_statictask,SCRUBBED_TIME+LLAMA3-BWB_BMPD512_8_13_3
32,8,0,0,14,2,512,0.0,,bw,static,static,results,Results,Results_LLAMA31,LLAMA3-BWB-Results,simulator_output_LLAMA3-BWB_bwplacement_bs32_staticreq_statictask,SCRUBBED_TIME+LLAMA3-BWB_BMPD512_8_14_2
32,9,0,0,6,9,512,0.0,,bw,static,static,results,Results,Results_LLAMA31,LLAMA3-BWB-Results,simulator_output_LLAMA3-BWB_bwplacement_bs32_staticreq_statictask,SCRUBBED_TIME+LLAMA3-BWB_BMPD512_9_6_9
32,9,0,0,1,14,512,0.0,,bw,static,static,results,Results,Results_LLAMA31,LLAMA3-BWB-Results,simulator_output_LLAMA3-BWB_bwplacement_bs32_staticreq_statictask,SCRUBBED_TIME+LLAMA3-BWB_BMPD512_9_1_14
32,8,0,0,15,1,512,0.0,,bw,static,static,results,Results,Results_LLAMA31,LLAMA3-BWB-Results,simulator_output_LLAMA3-BWB_bwplacement_bs32_staticreq_statictask,SCRUBBED_TIME+LLAMA3-BWB_BMPD512_8_15_1
32,9,0,0,5,10,512,0.0,,bw,static,static,results,Results,Results_LLAMA31,LLAMA3-BWB-Results,simulator_output_LLAMA3-BWB_bwplacement_bs32_staticreq_statictask,SCRUBBED_TIME+LLAMA3-BWB_BMPD512_9_5_10
32,9,0,0,2,13,512,0.0,,bw,static,static,results,Results,Results_LLAMA31,LLAMA3-BWB-Results,simulator_output_LLAMA3-BWB_bwplacement_bs32_staticreq_statictask,SCRUBBED_TIME+LLAMA3-BWB_BMPD512_9_2_13
32,9,0,0,3,12,512,0.0,,bw,static,static,results,Results,Results_LLAMA31,LLAMA3-BWB-Results,simulator_output_LLAMA3-BWB_bwplacement_bs32_staticreq_statictask,SCRUBBED_TIME+LLAMA3-BWB_BMPD512_9_3_12
32,9,0,0,7,8,512,0.0,,bw,static,static,results,Results,Results_LLAMA31,LLAMA3-BWB-Results,simulator_output_LLAMA3-BWB_bwplacement_bs32_staticreq_statictask,SCRUBBED_TIME+LLAMA3-BWB_BMPD512_9_7_8
32,9,0,0,4,11,512,0.0,,bw,static,static,results,Results,Results_LLAMA31,LLAMA3-BWB-Results,simulator_output_LLAMA3-BWB_bwplacement_bs32_staticreq_statictask,SCRUBBED_TIME+LLAMA3-BWB_BMPD512_9_4_11
32,9,0,0,8,7,512,0.0,,bw,static,static,results,Results,Results_LLAMA31,LLAMA3-BWB-Results,simulator_output_LLAMA3-BWB_bwplacement_bs32_staticreq_statictask,SCRUBBED_TIME+LLAMA3-BWB_BMPD512_9_8_7
32,9,0,0,10,5,512,0.0,,bw,static,static,results,Results,Results_LLAMA31,LLAMA3-BWB-Results,simulator_output_LLAMA3-BWB_bwplacement_bs32_staticreq_statictask,SCRUBBED_TIME+LLAMA3-BWB_BMPD512_9_10_5
32,9,0,0,11,4,512,0.0,,bw,static,static,results,Results,Results_LLAMA31,LLAMA3-BWB-Results,simulator_output_LLAMA3-BWB_bwplacement_bs32_staticreq_statictask,SCRUBBED_TIME+LLAMA3-BWB_BMPD512_9_11_4
32,9,0,0,9,6,512,0.0,,bw,static,static,results,Results,Results_LLAMA31,LLAMA3-BWB-Results,simulator_output_LLAMA3-BWB_bwplacement_bs32_staticreq_statictask,SCRUBBED_TIME+LLAMA3-BWB_BMPD512_9_9_6
32,9,0,0,14,1,512,0.0,,bw,static,static,results,Results,Results_LLAMA31,LLAMA3-BWB-Results,simulator_output_LLAMA3-BWB_bwplacement_bs32_staticreq_statictask,SCRUBBED_TIME+LLAMA3-BWB_BMPD512_9_14_1
32,10,0,0,1,13,512,0.0,,bw,static,static,results,Results,Results_LLAMA31,LLAMA3-BWB-Results,simulator_output_LLAMA3-BWB_bwplacement_bs32_staticreq_statictask,SCRUBBED_TIME+LLAMA3-BWB_BMPD512_10_1_13
32,10,0,0,2,12,512,0.0,,bw,static,static,results,Results,Results_LLAMA31,LLAMA3-BWB-Results,simulator_output_LLAMA3-BWB_bwplacement_bs32_staticreq_statictask,SCRUBBED_TIME+LLAMA3-BWB_BMPD512_10_2_12
32,9,0,0,12,3,512,0.0,,bw,static,static,results,Results,Results_LLAMA31,LLAMA3-BWB-Results,simulator_output_LLAMA3-BWB_bwplacement_bs32_staticreq_statictask,SCRUBBED_TIME+LLAMA3-BWB_BMPD512_9_12_3
32,10,0,0,4,10,512,0.0,,bw,static,static,results,Results,Results_LLAMA31,LLAMA3-BWB-Results,simulator_output_LLAMA3-BWB_bwplacement_bs32_staticreq_statictask,SCRUBBED_TIME+LLAMA3-BWB_BMPD512_10_4_10
32,9,0,0,13,2,512,0.0,,bw,static,static,results,Results,Results_LLAMA31,LLAMA3-BWB-Results,simulator_output_LLAMA3-BWB_bwplacement_bs32_staticreq_statictask,SCRUBBED_TIME+LLAMA3-BWB_BMPD512_9_13_2
32,10,0,0,3,11,512,0.0,,bw,static,static,results,Results,Results_LLAMA31,LLAMA3-BWB-Results,simulator_output_LLAMA3-BWB_bwplacement_bs32_staticreq_statictask,SCRUBBED_TIME+LLAMA3-BWB_BMPD512_10_3_11
32,10,0,0,5,9,512,0.0,,bw,static,static,results,Results,Results_LLAMA31,LLAMA3-BWB-Results,simulator_output_LLAMA3-BWB_bwplacement_bs32_staticreq_statictask,SCRUBBED_TIME+LLAMA3-BWB_BMPD512_10_5_9
32,10,0,0,6,8,512,0.0,,bw,static,static,results,Results,Results_LLAMA31,LLAMA3-BWB-Results,simulator_output_LLAMA3-BWB_bwplacement_bs32_staticreq_statictask,SCRUBBED_TIME+LLAMA3-BWB_BMPD512_10_6_8
32,10,0,0,8,6,512,0.0,,bw,static,static,results,Results,Results_LLAMA31,LLAMA3-BWB-Results,simulator_output_LLAMA3-BWB_bwplacement_bs32_staticreq_statictask,SCRUBBED_TIME+LLAMA3-BWB_BMPD512_10_8_6
32,10,0,0,7,7,512,0.0,,bw,static,static,results,Results,Results_LLAMA31,LLAMA3-BWB-Results,simulator_output_LLAMA3-BWB_bwplacement_bs32_staticreq_statictask,SCRUBBED_TIME+LLAMA3-BWB_BMPD512_10_7_7
32,10,0,0,9,5,512,0.0,,bw,static,static,results,Results,Results_LLAMA31,LLAMA3-BWB-Results,simulator_output_LLAMA3-BWB_bwplacement_bs32_staticreq_statictask,SCRUBBED_TIME+LLAMA3-BWB_BMPD512_10_9_5
32,10,0,0,10,4,512,0.0,,bw,static,static,results,Results,Results_LLAMA31,LLAMA3-BWB-Results,simulator_output_LLAMA3-BWB_bwplacement_bs32_staticreq_statictask,SCRUBBED_TIME+LLAMA3-BWB_BMPD512_10_10_4
32,10,0,0,11,3,512,0.0,,bw,static,static,results,Results,Results_LLAMA31,LLAMA3-BWB-Results,simulator_output_LLAMA3-BWB_bwplacement_bs32_staticreq_statictask,SCRUBBED_TIME+LLAMA3-BWB_BMPD512_10_11_3
32,10,0,0,12,2,512,0.0,,bw,static,static,results,Results,Results_LLAMA31,LLAMA3-BWB-Results,simulator_output_LLAMA3-BWB_bwplacement_bs32_staticreq_statictask,SCRUBBED_TIME+LLAMA3-BWB_BMPD512_10_12_2
32,11,0,0,3,10,512,0.0,,bw,static,static,results,Results,Results_LLAMA31,LLAMA3-BWB-Results,simulator_output_LLAMA3-BWB_bwplacement_bs32_staticreq_statictask,SCRUBBED_TIME+LLAMA3-BWB_BMPD512_11_3_10
32,11,0,0,2,11,512,0.0,,bw,static,static,results,Results,Results_LLAMA31,LLAMA3-BWB-Results,simulator_output_LLAMA3-BWB_bwplacement_bs32_staticreq_statictask,SCRUBBED_TIME+LLAMA3-BWB_BMPD512_11_2_11
32,10,0,0,13,1,512,0.0,,bw,static,static,results,Results,Results_LLAMA31,LLAMA3-BWB-Results,simulator_output_LLAMA3-BWB_bwplacement_bs32_staticreq_statictask,SCRUBBED_TIME+LLAMA3-BWB_BMPD512_10_13_1
32,11,0,0,1,12,512,0.0,,bw,static,static,results,Results,Results_LLAMA31,LLAMA3-BWB-Results,simulator_output_LLAMA3-BWB_bwplacement_bs32_staticreq_statictask,SCRUBBED_TIME+LLAMA3-BWB_BMPD512_11_1_12
32,11,0,0,4,9,512,0.0,,bw,static,static,results,Results,Results_LLAMA31,LLAMA3-BWB-Results,simulator_output_LLAMA3-BWB_bwplacement_bs32_staticreq_statictask,SCRUBBED_TIME+LLAMA3-BWB_BMPD512_11_4_9
32,11,0,0,5,8,512,0.0,,bw,static,static,results,Results,Results_LLAMA31,LLAMA3-BWB-Results,simulator_output_LLAMA3-BWB_bwplacement_bs32_staticreq_statictask,SCRUBBED_TIME+LLAMA3-BWB_BMPD512_11_5_8
32,11,0,0,6,7,512,0.0,,bw,static,static,results,Results,Results_LLAMA31,LLAMA3-BWB-Results,simulator_output_LLAMA3-BWB_bwplacement_bs32_staticreq_statictask,SCRUBBED_TIME+LLAMA3-BWB_BMPD512_11_6_7
32,11,0,0,7,6,512,0.0,,bw,static,static,results,Results,Results_LLAMA31,LLAMA3-BWB-Results,simulator_output_LLAMA3-BWB_bwplacement_bs32_staticreq_statictask,SCRUBBED_TIME+LLAMA3-BWB_BMPD512_11_7_6
32,11,0,0,8,5,512,0.0,,bw,static,static,results,Results,Results_LLAMA31,LLAMA3-BWB-Results,simulator_output_LLAMA3-BWB_bwplacement_bs32_staticreq_statictask,SCRUBBED_TIME+LLAMA3-BWB_BMPD512_11_8_5
32,11,0,0,9,4,512,0.0,,bw,static,static,results,Results,Results_LLAMA31,LLAMA3-BWB-Results,simulator_output_LLAMA3-BWB_bwplacement_bs32_staticreq_statictask,SCRUBBED_TIME+LLAMA3-BWB_BMPD512_11_9_4
32,11,0,0,10,3,512,0.0,,bw,static,static,results,Results,Results_LLAMA31,LLAMA3-BWB-Results,simulator_output_LLAMA3-BWB_bwplacement_bs32_staticreq_statictask,SCRUBBED_TIME+LLAMA3-BWB_BMPD512_11_10_3
32,11,0,0,11,2,512,0.0,,bw,static,static,results,Results,Results_LLAMA31,LLAMA3-BWB-Results,simulator_output_LLAMA3-BWB_bwplacement_bs32_staticreq_statictask,SCRUBBED_TIME+LLAMA3-BWB_BMPD512_11_11_2
32,11,0,0,12,1,512,0.0,,bw,static,static,results,Results,Results_LLAMA31,LLAMA3-BWB-Results,simulator_output_LLAMA3-BWB_bwplacement_bs32_staticreq_statictask,SCRUBBED_TIME+LLAMA3-BWB_BMPD512_11_12_1
32,12,0,0,2,10,512,0.0,,bw,static,static,results,Results,Results_LLAMA31,LLAMA3-BWB-Results,simulator_output_LLAMA3-BWB_bwplacement_bs32_staticreq_statictask,SCRUBBED_TIME+LLAMA3-BWB_BMPD512_12_2_10
32,12,0,0,3,9,512,0.0,,bw,static,static,results,Results,Results_LLAMA31,LLAMA3-BWB-Results,simulator_output_LLAMA3-BWB_bwplacement_bs32_staticreq_statictask,SCRUBBED_TIME+LLAMA3-BWB_BMPD512_12_3_9
32,12,0,0,1,11,512,0.0,,bw,static,static,results,Results,Results_LLAMA31,LLAMA3-BWB-Results,simulator_output_LLAMA3-BWB_bwplacement_bs32_staticreq_statictask,SCRUBBED_TIME+LLAMA3-BWB_BMPD512_12_1_11
32,12,0,0,4,8,512,0.0,,bw,static,static,results,Results,Results_LLAMA31,LLAMA3-BWB-Results,simulator_output_LLAMA3-BWB_bwplacement_bs32_staticreq_statictask,SCRUBBED_TIME+LLAMA3-BWB_BMPD512_12_4_8
32,12,0,0,9,3,512,0.0,,bw,static,static,results,Results,Results_LLAMA31,LLAMA3-BWB-Results,simulator_output_LLAMA3-BWB_bwplacement_bs32_staticreq_statictask,SCRUBBED_TIME+LLAMA3-BWB_BMPD512_12_9_3
32,12,0,0,11,1,512,0.0,,bw,static,static,results,Results,Results_LLAMA31,LLAMA3-BWB-Results,simulator_output_LLAMA3-BWB_bwplacement_bs32_staticreq_statictask,SCRUBBED_TIME+LLAMA3-BWB_BMPD512_12_11_1
32,12,0,0,10,2,512,0.0,,bw,static,static,results,Results,Results_LLAMA31,LLAMA3-BWB-Results,simulator_output_LLAMA3-BWB_bwplacement_bs32_staticreq_statictask,SCRUBBED_TIME+LLAMA3-BWB_BMPD512_12_10_2
32,12,0,0,7,5,512,0.0,,bw,static,static,results,Results,Results_LLAMA31,LLAMA3-BWB-Results,simulator_output_LLAMA3-BWB_bwplacement_bs32_staticreq_statictask,SCRUBBED_TIME+LLAMA3-BWB_BMPD512_12_7_5
32,12,0,0,6,6,512,0.0,,bw,static,static,results,Results,Results_LLAMA31,LLAMA3-BWB-Results,simulator_output_LLAMA3-BWB_bwplacement_bs32_staticreq_statictask,SCRUBBED_TIME+LLAMA3-BWB_BMPD512_12_6_6
32,12,0,0,5,7,512,0.0,,bw,static,static,results,Results,Results_LLAMA31,LLAMA3-BWB-Results,simulator_output_LLAMA3-BWB_bwplacement_bs32_staticreq_statictask,SCRUBBED_TIME+LLAMA3-BWB_BMPD512_12_5_7
32,12,0,0,8,4,512,0.0,,bw,static,static,results,Results,Results_LLAMA31,LLAMA3-BWB-Results,simulator_output_LLAMA3-BWB_bwplacement_bs32_staticreq_statictask,SCRUBBED_TIME+LLAMA3-BWB_BMPD512_12_8_4
32,13,0,0,3,8,512,0.0,,bw,static,static,results,Results,Results_LLAMA31,LLAMA3-BWB-Results,simulator_output_LLAMA3-BWB_bwplacement_bs32_staticreq_statictask,SCRUBBED_TIME+LLAMA3-BWB_BMPD512_13_3_8
32,13,0,0,2,9,512,0.0,,bw,static,static,results,Results,Results_LLAMA31,LLAMA3-BWB-Results,simulator_output_LLAMA3-BWB_bwplacement_bs32_staticreq_statictask,SCRUBBED_TIME+LLAMA3-BWB_BMPD512_13_2_9
32,13,0,0,1,10,512,0.0,,bw,static,static,results,Results,Results_LLAMA31,LLAMA3-BWB-Results,simulator_output_LLAMA3-BWB_bwplacement_bs32_staticreq_statictask,SCRUBBED_TIME+LLAMA3-BWB_BMPD512_13_1_10
32,13,0,0,4,7,512,0.0,,bw,static,static,results,Results,Results_LLAMA31,LLAMA3-BWB-Results,simulator_output_LLAMA3-BWB_bwplacement_bs32_staticreq_statictask,SCRUBBED_TIME+LLAMA3-BWB_BMPD512_13_4_7
32,13,0,0,7,4,512,0.0,,bw,static,static,results,Results,Results_LLAMA31,LLAMA3-BWB-Results,simulator_output_LLAMA3-BWB_bwplacement_bs32_staticreq_statictask,SCRUBBED_TIME+LLAMA3-BWB_BMPD512_13_7_4
32,13,0,0,5,6,512,0.0,,bw,static,static,results,Results,Results_LLAMA31,LLAMA3-BWB-Results,simulator_output_LLAMA3-BWB_bwplacement_bs32_staticreq_statictask,SCRUBBED_TIME+LLAMA3-BWB_BMPD512_13_5_6
32,13,0,0,8,3,512,0.0,,bw,static,static,results,Results,Results_LLAMA31,LLAMA3-BWB-Results,simulator_output_LLAMA3-BWB_bwplacement_bs32_staticreq_statictask,SCRUBBED_TIME+LLAMA3-BWB_BMPD512_13_8_3
32,13,0,0,6,5,512,0.0,,bw,static,static,results,Results,Results_LLAMA31,LLAMA3-BWB-Results,simulator_output_LLAMA3-BWB_bwplacement_bs32_staticreq_statictask,SCRUBBED_TIME+LLAMA3-BWB_BMPD512_13_6_5
32,13,0,0,9,2,512,0.0,,bw,static,static,results,Results,Results_LLAMA31,LLAMA3-BWB-Results,simulator_output_LLAMA3-BWB_bwplacement_bs32_staticreq_statictask,SCRUBBED_TIME+LLAMA3-BWB_BMPD512_13_9_2
32,13,0,0,10,1,512,0.0,,bw,static,static,results,Results,Results_LLAMA31,LLAMA3-BWB-Results,simulator_output_LLAMA3-BWB_bwplacement_bs32_staticreq_statictask,SCRUBBED_TIME+LLAMA3-BWB_BMPD512_13_10_1
32,14,0,0,2,8,512,0.0,,bw,static,static,results,Results,Results_LLAMA31,LLAMA3-BWB-Results,simulator_output_LLAMA3-BWB_bwplacement_bs32_staticreq_statictask,SCRUBBED_TIME+LLAMA3-BWB_BMPD512_14_2_8
32,14,0,0,1,9,512,0.0,,bw,static,static,results,Results,Results_LLAMA31,LLAMA3-BWB-Results,simulator_output_LLAMA3-BWB_bwplacement_bs32_staticreq_statictask,SCRUBBED_TIME+LLAMA3-BWB_BMPD512_14_1_9
32,14,0,0,3,7,512,0.0,,bw,static,static,results,Results,Results_LLAMA31,LLAMA3-BWB-Results,simulator_output_LLAMA3-BWB_bwplacement_bs32_staticreq_statictask,SCRUBBED_TIME+LLAMA3-BWB_BMPD512_14_3_7
32,14,0,0,4,6,512,0.0,,bw,static,static,results,Results,Results_LLAMA31,LLAMA3-BWB-Results,simulator_output_LLAMA3-BWB_bwplacement_bs32_staticreq_statictask,SCRUBBED_TIME+LLAMA3-BWB_BMPD512_14_4_6
32,14,0,0,5,5,512,0.0,,bw,static,static,results,Results,Results_LLAMA31,LLAMA3-BWB-Results,simulator_output_LLAMA3-BWB_bwplacement_bs32_staticreq_statictask,SCRUBBED_TIME+LLAMA3-BWB_BMPD512_14_5_5
32,14,0,0,6,4,512,0.0,,bw,static,static,results,Results,Results_LLAMA31,LLAMA3-BWB-Results,simulator_output_LLAMA3-BWB_bwplacement_bs32_staticreq_statictask,SCRUBBED_TIME+LLAMA3-BWB_BMPD512_14_6_4
32,14,0,0,7,3,512,0.0,,bw,static,static,results,Results,Results_LLAMA31,LLAMA3-BWB-Results,simulator_output_LLAMA3-BWB_bwplacement_bs32_staticreq_statictask,SCRUBBED_TIME+LLAMA3-BWB_BMPD512_14_7_3
32,14,0,0,8,2,512,0.0,,bw,static,static,results,Results,Results_LLAMA31,LLAMA3-BWB-Results,simulator_output_LLAMA3-BWB_bwplacement_bs32_staticreq_statictask,SCRUBBED_TIME+LLAMA3-BWB_BMPD512_14_8_2
32,14,0,0,9,1,512,0.0,,bw,static,static,results,Results,Results_LLAMA31,LLAMA3-BWB-Results,simulator_output_LLAMA3-BWB_bwplacement_bs32_staticreq_statictask,SCRUBBED_TIME+LLAMA3-BWB_BMPD512_14_9_1
32,15,0,0,1,8,512,0.0,,bw,static,static,results,Results,Results_LLAMA31,LLAMA3-BWB-Results,simulator_output_LLAMA3-BWB_bwplacement_bs32_staticreq_statictask,SCRUBBED_TIME+LLAMA3-BWB_BMPD512_15_1_8
32,15,0,0,2,7,512,0.0,,bw,static,static,results,Results,Results_LLAMA31,LLAMA3-BWB-Results,simulator_output_LLAMA3-BWB_bwplacement_bs32_staticreq_statictask,SCRUBBED_TIME+LLAMA3-BWB_BMPD512_15_2_7
32,15,0,0,3,6,512,0.0,,bw,static,static,results,Results,Results_LLAMA31,LLAMA3-BWB-Results,simulator_output_LLAMA3-BWB_bwplacement_bs32_staticreq_statictask,SCRUBBED_TIME+LLAMA3-BWB_BMPD512_15_3_6
32,15,0,0,4,5,512,0.0,,bw,static,static,results,Results,Results_LLAMA31,LLAMA3-BWB-Results,simulator_output_LLAMA3-BWB_bwplacement_bs32_staticreq_statictask,SCRUBBED_TIME+LLAMA3-BWB_BMPD512_15_4_5
32,15,0,0,5,4,512,0.0,,bw,static,static,results,Results,Results_LLAMA31,LLAMA3-BWB-Results,simulator_output_LLAMA3-BWB_bwplacement_bs32_staticreq_statictask,SCRUBBED_TIME+LLAMA3-BWB_BMPD512_15_5_4
32,15,0,0,6,3,512,0.0,,bw,static,static,results,Results,Results_LLAMA31,LLAMA3-BWB-Results,simulator_output_LLAMA3-BWB_bwplacement_bs32_staticreq_statictask,SCRUBBED_TIME+LLAMA3-BWB_BMPD512_15_6_3
32,15,0,0,7,2,512,0.0,,bw,static,static,results,Results,Results_LLAMA31,LLAMA3-BWB-Results,simulator_output_LLAMA3-BWB_bwplacement_bs32_staticreq_statictask,SCRUBBED_TIME+LLAMA3-BWB_BMPD512_15_7_2
32,15,0,0,8,1,512,0.0,,bw,static,static,results,Results,Results_LLAMA31,LLAMA3-BWB-Results,simulator_output_LLAMA3-BWB_bwplacement_bs32_staticreq_statictask,SCRUBBED_TIME+LLAMA3-BWB_BMPD512_15_8_1
32,16,0,0,1,7,512,0.0,,bw,static,static,results,Results,Results_LLAMA31,LLAMA3-BWB-Results,simulator_output_LLAMA3-BWB_bwplacement_bs32_staticreq_statictask,SCRUBBED_TIME+LLAMA3-BWB_BMPD512_16_1_7
32,16,0,0,2,6,512,0.0,,bw,static,static,results,Results,Results_LLAMA31,LLAMA3-BWB-Results,simulator_output_LLAMA3-BWB_bwplacement_bs32_staticreq_statictask,SCRUBBED_TIME+LLAMA3-BWB_BMPD512_16_2_6
32,16,0,0,3,5,512,0.0,,bw,static,static,results,Results,Results_LLAMA31,LLAMA3-BWB-Results,simulator_output_LLAMA3-BWB_bwplacement_bs32_staticreq_statictask,SCRUBBED_TIME+LLAMA3-BWB_BMPD512_16_3_5
32,16,0,0,4,4,512,0.0,,bw,static,static,results,Results,Results_LLAMA31,LLAMA3-BWB-Results,simulator_output_LLAMA3-BWB_bwplacement_bs32_staticreq_statictask,SCRUBBED_TIME+LLAMA3-BWB_BMPD512_16_4_4
32,16,0,0,5,3,512,0.0,,bw,static,static,results,Results,Results_LLAMA31,LLAMA3-BWB-Results,simulator_output_LLAMA3-BWB_bwplacement_bs32_staticreq_statictask,SCRUBBED_TIME+LLAMA3-BWB_BMPD512_16_5_3
32,16,0,0,6,2,512,0.0,,bw,static,static,results,Results,Results_LLAMA31,LLAMA3-BWB-Results,simulator_output_LLAMA3-BWB_bwplacement_bs32_staticreq_statictask,SCRUBBED_TIME+LLAMA3-BWB_BMPD512_16_6_2
32,16,0,0,7,1,512,0.0,,bw,static,static,results,Results,Results_LLAMA31,LLAMA3-BWB-Results,simulator_output_LLAMA3-BWB_bwplacement_bs32_staticreq_statictask,SCRUBBED_TIME+LLAMA3-BWB_BMPD512_16_7_1
32,3,0,0,2,19,640,0.0,,bw,static,static,results,Results,Results_LLAMA31,LLAMA3-BWB-Results,simulator_output_LLAMA3-BWB_bwplacement_bs32_staticreq_statictask,SCRUBBED_TIME+LLAMA3-BWB_BMPD640_3_2_19
32,3,0,0,12,9,640,0.0,,bw,static,static,results,Results,Results_LLAMA31,LLAMA3-BWB-Results,simulator_output_LLAMA3-BWB_bwplacement_bs32_staticreq_statictask,SCRUBBED_TIME+LLAMA3-BWB_BMPD640_3_12_9
32,3,0,0,16,5,640,0.0,,bw,static,static,results,Results,Results_LLAMA31,LLAMA3-BWB-Results,simulator_output_LLAMA3-BWB_bwplacement_bs32_staticreq_statictask,SCRUBBED_TIME+LLAMA3-BWB_BMPD640_3_16_5
32,3,0,0,19,2,640,0.0,,bw,static,static,results,Results,Results_LLAMA31,LLAMA3-BWB-Results,simulator_output_LLAMA3-BWB_bwplacement_bs32_staticreq_statictask,SCRUBBED_TIME+LLAMA3-BWB_BMPD640_3_19_2
32,2,0,0,5,17,640,0.0,,bw,static,static,results,Results,Results_LLAMA31,LLAMA3-BWB-Results,simulator_output_LLAMA3-BWB_bwplacement_bs32_staticreq_statictask,SCRUBBED_TIME+LLAMA3-BWB_BMPD640_2_5_17
32,2,0,0,13,9,640,0.0,,bw,static,static,results,Results,Results_LLAMA31,LLAMA3-BWB-Results,simulator_output_LLAMA3-BWB_bwplacement_bs32_staticreq_statictask,SCRUBBED_TIME+LLAMA3-BWB_BMPD640_2_13_9
32,2,0,0,9,13,640,0.0,,bw,static,static,results,Results,Results_LLAMA31,LLAMA3-BWB-Results,simulator_output_LLAMA3-BWB_bwplacement_bs32_staticreq_statictask,SCRUBBED_TIME+LLAMA3-BWB_BMPD640_2_9_13
32,3,0,0,11,10,640,0.0,,bw,static,static,results,Results,Results_LLAMA31,LLAMA3-BWB-Results,simulator_output_LLAMA3-BWB_bwplacement_bs32_staticreq_statictask,SCRUBBED_TIME+LLAMA3-BWB_BMPD640_3_11_10
32,3,0,0,3,18,640,0.0,,bw,static,static,results,Results,Results_LLAMA31,LLAMA3-BWB-Results,simulator_output_LLAMA3-BWB_bwplacement_bs32_staticreq_statictask,SCRUBBED_TIME+LLAMA3-BWB_BMPD640_3_3_18
32,2,0,0,1,21,640,0.0,,bw,static,static,results,Results,Results_LLAMA31,LLAMA3-BWB-Results,simulator_output_LLAMA3-BWB_bwplacement_bs32_staticreq_statictask,SCRUBBED_TIME+LLAMA3-BWB_BMPD640_2_1_21
32,2,0,0,11,11,640,0.0,,bw,static,static,results,Results,Results_LLAMA31,LLAMA3-BWB-Results,simulator_output_LLAMA3-BWB_bwplacement_bs32_staticreq_statictask,SCRUBBED_TIME+LLAMA3-BWB_BMPD640_2_11_11
32,2,0,0,15,7,640,0.0,,bw,static,static,results,Results,Results_LLAMA31,LLAMA3-BWB-Results,simulator_output_LLAMA3-BWB_bwplacement_bs32_staticreq_statictask,SCRUBBED_TIME+LLAMA3-BWB_BMPD640_2_15_7
32,3,0,0,18,3,640,0.0,,bw,static,static,results,Results,Results_LLAMA31,LLAMA3-BWB-Results,simulator_output_LLAMA3-BWB_bwplacement_bs32_staticreq_statictask,SCRUBBED_TIME+LLAMA3-BWB_BMPD640_3_18_3
32,3,0,0,9,12,640,0.0,,bw,static,static,results,Results,Results_LLAMA31,LLAMA3-BWB-Results,simulator_output_LLAMA3-BWB_bwplacement_bs32_staticreq_statictask,SCRUBBED_TIME+LLAMA3-BWB_BMPD640_3_9_12
32,2,0,0,2,20,640,0.0,,bw,static,static,results,Results,Results_LLAMA31,LLAMA3-BWB-Results,simulator_output_LLAMA3-BWB_bwplacement_bs32_staticreq_statictask,SCRUBBED_TIME+LLAMA3-BWB_BMPD640_2_2_20
32,3,0,0,14,7,640,0.0,,bw,static,static,results,Results,Results_LLAMA31,LLAMA3-BWB-Results,simulator_output_LLAMA3-BWB_bwplacement_bs32_staticreq_statictask,SCRUBBED_TIME+LLAMA3-BWB_BMPD640_3_14_7
32,3,0,0,5,16,640,0.0,,bw,static,static,results,Results,Results_LLAMA31,LLAMA3-BWB-Results,simulator_output_LLAMA3-BWB_bwplacement_bs32_staticreq_statictask,SCRUBBED_TIME+LLAMA3-BWB_BMPD640_3_5_16
32,3,0,0,13,8,640,0.0,,bw,static,static,results,Results,Results_LLAMA31,LLAMA3-BWB-Results,simulator_output_LLAMA3-BWB_bwplacement_bs32_staticreq_statictask,SCRUBBED_TIME+LLAMA3-BWB_BMPD640_3_13_8
32,3,0,0,17,4,640,0.0,,bw,static,static,results,Results,Results_LLAMA31,LLAMA3-BWB-Results,simulator_output_LLAMA3-BWB_bwplacement_bs32_staticreq_statictask,SCRUBBED_TIME+LLAMA3-BWB_BMPD640_3_17_4
32,3,0,0,15,6,640,0.0,,bw,static,static,results,Results,Results_LLAMA31,LLAMA3-BWB-Results,simulator_output_LLAMA3-BWB_bwplacement_bs32_staticreq_statictask,SCRUBBED_TIME+LLAMA3-BWB_BMPD640_3_15_6
32,2,0,0,3,19,640,0.0,,bw,static,static,results,Results,Results_LLAMA31,LLAMA3-BWB-Results,simulator_output_LLAMA3-BWB_bwplacement_bs32_staticreq_statictask,SCRUBBED_TIME+LLAMA3-BWB_BMPD640_2_3_19
32,2,0,0,7,15,640,0.0,,bw,static,static,results,Results,Results_LLAMA31,LLAMA3-BWB-Results,simulator_output_LLAMA3-BWB_bwplacement_bs32_staticreq_statictask,SCRUBBED_TIME+LLAMA3-BWB_BMPD640_2_7_15
32,2,0,0,8,14,640,0.0,,bw,static,static,results,Results,Results_LLAMA31,LLAMA3-BWB-Results,simulator_output_LLAMA3-BWB_bwplacement_bs32_staticreq_statictask,SCRUBBED_TIME+LLAMA3-BWB_BMPD640_2_8_14
32,2,0,0,21,1,640,0.0,,bw,static,static,results,Results,Results_LLAMA31,LLAMA3-BWB-Results,simulator_output_LLAMA3-BWB_bwplacement_bs32_staticreq_statictask,SCRUBBED_TIME+LLAMA3-BWB_BMPD640_2_21_1
32,2,0,0,18,4,640,0.0,,bw,static,static,results,Results,Results_LLAMA31,LLAMA3-BWB-Results,simulator_output_LLAMA3-BWB_bwplacement_bs32_staticreq_statictask,SCRUBBED_TIME+LLAMA3-BWB_BMPD640_2_18_4
32,3,0,0,10,11,640,0.0,,bw,static,static,results,Results,Results_LLAMA31,LLAMA3-BWB-Results,simulator_output_LLAMA3-BWB_bwplacement_bs32_staticreq_statictask,SCRUBBED_TIME+LLAMA3-BWB_BMPD640_3_10_11
32,2,0,0,20,2,640,0.0,,bw,static,static,results,Results,Results_LLAMA31,LLAMA3-BWB-Results,simulator_output_LLAMA3-BWB_bwplacement_bs32_staticreq_statictask,SCRUBBED_TIME+LLAMA3-BWB_BMPD640_2_20_2
32,2,0,0,12,10,640,0.0,,bw,static,static,results,Results,Results_LLAMA31,LLAMA3-BWB-Results,simulator_output_LLAMA3-BWB_bwplacement_bs32_staticreq_statictask,SCRUBBED_TIME+LLAMA3-BWB_BMPD640_2_12_10
32,2,0,0,19,3,640,0.0,,bw,static,static,results,Results,Results_LLAMA31,LLAMA3-BWB-Results,simulator_output_LLAMA3-BWB_bwplacement_bs32_staticreq_statictask,SCRUBBED_TIME+LLAMA3-BWB_BMPD640_2_19_3
32,3,0,0,1,20,640,0.0,,bw,static,static,results,Results,Results_LLAMA31,LLAMA3-BWB-Results,simulator_output_LLAMA3-BWB_bwplacement_bs32_staticreq_statictask,SCRUBBED_TIME+LLAMA3-BWB_BMPD640_3_1_20
32,2,0,0,10,12,640,0.0,,bw,static,static,results,Results,Results_LLAMA31,LLAMA3-BWB-Results,simulator_output_LLAMA3-BWB_bwplacement_bs32_staticreq_statictask,SCRUBBED_TIME+LLAMA3-BWB_BMPD640_2_10_12
32,2,0,0,16,6,640,0.0,,bw,static,static,results,Results,Results_LLAMA31,LLAMA3-BWB-Results,simulator_output_LLAMA3-BWB_bwplacement_bs32_staticreq_statictask,SCRUBBED_TIME+LLAMA3-BWB_BMPD640_2_16_6
32,3,0,0,6,15,640,0.0,,bw,static,static,results,Results,Results_LLAMA31,LLAMA3-BWB-Results,simulator_output_LLAMA3-BWB_bwplacement_bs32_staticreq_statictask,SCRUBBED_TIME+LLAMA3-BWB_BMPD640_3_6_15
32,2,0,0,6,16,640,0.0,,bw,static,static,results,Results,Results_LLAMA31,LLAMA3-BWB-Results,simulator_output_LLAMA3-BWB_bwplacement_bs32_staticreq_statictask,SCRUBBED_TIME+LLAMA3-BWB_BMPD640_2_6_16
32,3,0,0,7,14,640,0.0,,bw,static,static,results,Results,Results_LLAMA31,LLAMA3-BWB-Results,simulator_output_LLAMA3-BWB_bwplacement_bs32_staticreq_statictask,SCRUBBED_TIME+LLAMA3-BWB_BMPD640_3_7_14
32,2,0,0,17,5,640,0.0,,bw,static,static,results,Results,Results_LLAMA31,LLAMA3-BWB-Results,simulator_output_LLAMA3-BWB_bwplacement_bs32_staticreq_statictask,SCRUBBED_TIME+LLAMA3-BWB_BMPD640_2_17_5
32,3,0,0,8,13,640,0.0,,bw,static,static,results,Results,Results_LLAMA31,LLAMA3-BWB-Results,simulator_output_LLAMA3-BWB_bwplacement_bs32_staticreq_statictask,SCRUBBED_TIME+LLAMA3-BWB_BMPD640_3_8_13
32,2,0,0,14,8,640,0.0,,bw,static,static,results,Results,Results_LLAMA31,LLAMA3-BWB-Results,simulator_output_LLAMA3-BWB_bwplacement_bs32_staticreq_statictask,SCRUBBED_TIME+LLAMA3-BWB_BMPD640_2_14_8
32,3,0,0,4,17,640,0.0,,bw,static,static,results,Results,Results_LLAMA31,LLAMA3-BWB-Results,simulator_output_LLAMA3-BWB_bwplacement_bs32_staticreq_statictask,SCRUBBED_TIME+LLAMA3-BWB_BMPD640_3_4_17
32,2,0,0,4,18,640,0.0,,bw,static,static,results,Results,Results_LLAMA31,LLAMA3-BWB-Results,simulator_output_LLAMA3-BWB_bwplacement_bs32_staticreq_statictask,SCRUBBED_TIME+LLAMA3-BWB_BMPD640_2_4_18
32,3,0,0,20,1,640,0.0,,bw,static,static,results,Results,Results_LLAMA31,LLAMA3-BWB-Results,simulator_output_LLAMA3-BWB_bwplacement_bs32_staticreq_statictask,SCRUBBED_TIME+LLAMA3-BWB_BMPD640_3_20_1
32,4,0,0,5,15,640,0.0,,bw,static,static,results,Results,Results_LLAMA31,LLAMA3-BWB-Results,simulator_output_LLAMA3-BWB_bwplacement_bs32_staticreq_statictask,SCRUBBED_TIME+LLAMA3-BWB_BMPD640_4_5_15
32,4,0,0,4,16,640,0.0,,bw,static,static,results,Results,Results_LLAMA31,LLAMA3-BWB-Results,simulator_output_LLAMA3-BWB_bwplacement_bs32_staticreq_statictask,SCRUBBED_TIME+LLAMA3-BWB_BMPD640_4_4_16
32,4,0,0,1,19,640,0.0,,bw,static,static,results,Results,Results_LLAMA31,LLAMA3-BWB-Results,simulator_output_LLAMA3-BWB_bwplacement_bs32_staticreq_statictask,SCRUBBED_TIME+LLAMA3-BWB_BMPD640_4_1_19
32,4,0,0,8,12,640,0.0,,bw,static,static,results,Results,Results_LLAMA31,LLAMA3-BWB-Results,simulator_output_LLAMA3-BWB_bwplacement_bs32_staticreq_statictask,SCRUBBED_TIME+LLAMA3-BWB_BMPD640_4_8_12
32,4,0,0,3,17,640,0.0,,bw,static,static,results,Results,Results_LLAMA31,LLAMA3-BWB-Results,simulator_output_LLAMA3-BWB_bwplacement_bs32_staticreq_statictask,SCRUBBED_TIME+LLAMA3-BWB_BMPD640_4_3_17
32,4,0,0,14,6,640,0.0,,bw,static,static,results,Results,Results_LLAMA31,LLAMA3-BWB-Results,simulator_output_LLAMA3-BWB_bwplacement_bs32_staticreq_statictask,SCRUBBED_TIME+LLAMA3-BWB_BMPD640_4_14_6
32,4,0,0,13,7,640,0.0,,bw,static,static,results,Results,Results_LLAMA31,LLAMA3-BWB-Results,simulator_output_LLAMA3-BWB_bwplacement_bs32_staticreq_statictask,SCRUBBED_TIME+LLAMA3-BWB_BMPD640_4_13_7
32,4,0,0,9,11,640,0.0,,bw,static,static,results,Results,Results_LLAMA31,LLAMA3-BWB-Results,simulator_output_LLAMA3-BWB_bwplacement_bs32_staticreq_statictask,SCRUBBED_TIME+LLAMA3-BWB_BMPD640_4_9_11
32,4,0,0,10,10,640,0.0,,bw,static,static,results,Results,Results_LLAMA31,LLAMA3-BWB-Results,simulator_output_LLAMA3-BWB_bwplacement_bs32_staticreq_statictask,SCRUBBED_TIME+LLAMA3-BWB_BMPD640_4_10_10
32,4,0,0,16,4,640,0.0,,bw,static,static,results,Results,Results_LLAMA31,LLAMA3-BWB-Results,simulator_output_LLAMA3-BWB_bwplacement_bs32_staticreq_statictask,SCRUBBED_TIME+LLAMA3-BWB_BMPD640_4_16_4
32,4,0,0,2,18,640,0.0,,bw,static,static,results,Results,Results_LLAMA31,LLAMA3-BWB-Results,simulator_output_LLAMA3-BWB_bwplacement_bs32_staticreq_statictask,SCRUBBED_TIME+LLAMA3-BWB_BMPD640_4_2_18
32,4,0,0,6,14,640,0.0,,bw,static,static,results,Results,Results_LLAMA31,LLAMA3-BWB-Results,simulator_output_LLAMA3-BWB_bwplacement_bs32_staticreq_statictask,SCRUBBED_TIME+LLAMA3-BWB_BMPD640_4_6_14
32,4,0,0,12,8,640,0.0,,bw,static,static,results,Results,Results_LLAMA31,LLAMA3-BWB-Results,simulator_output_LLAMA3-BWB_bwplacement_bs32_staticreq_statictask,SCRUBBED_TIME+LLAMA3-BWB_BMPD640_4_12_8
32,5,0,0,6,13,640,0.0,,bw,static,static,results,Results,Results_LLAMA31,LLAMA3-BWB-Results,simulator_output_LLAMA3-BWB_bwplacement_bs32_staticreq_statictask,SCRUBBED_TIME+LLAMA3-BWB_BMPD640_5_6_13
32,5,0,0,1,18,640,0.0,,bw,static,static,results,Results,Results_LLAMA31,LLAMA3-BWB-Results,simulator_output_LLAMA3-BWB_bwplacement_bs32_staticreq_statictask,SCRUBBED_TIME+LLAMA3-BWB_BMPD640_5_1_18
32,4,0,0,17,3,640,0.0,,bw,static,static,results,Results,Results_LLAMA31,LLAMA3-BWB-Results,simulator_output_LLAMA3-BWB_bwplacement_bs32_staticreq_statictask,SCRUBBED_TIME+LLAMA3-BWB_BMPD640_4_17_3
32,4,0,0,19,1,640,0.0,,bw,static,static,results,Results,Results_LLAMA31,LLAMA3-BWB-Results,simulator_output_LLAMA3-BWB_bwplacement_bs32_staticreq_statictask,SCRUBBED_TIME+LLAMA3-BWB_BMPD640_4_19_1
32,4,0,0,7,13,640,0.0,,bw,static,static,results,Results,Results_LLAMA31,LLAMA3-BWB-Results,simulator_output_LLAMA3-BWB_bwplacement_bs32_staticreq_statictask,SCRUBBED_TIME+LLAMA3-BWB_BMPD640_4_7_13
32,4,0,0,15,5,640,0.0,,bw,static,static,results,Results,Results_LLAMA31,LLAMA3-BWB-Results,simulator_output_LLAMA3-BWB_bwplacement_bs32_staticreq_statictask,SCRUBBED_TIME+LLAMA3-BWB_BMPD640_4_15_5
32,5,0,0,15,4,640,0.0,,bw,static,static,results,Results,Results_LLAMA31,LLAMA3-BWB-Results,simulator_output_LLAMA3-BWB_bwplacement_bs32_staticreq_statictask,SCRUBBED_TIME+LLAMA3-BWB_BMPD640_5_15_4
32,5,0,0,13,6,640,0.0,,bw,static,static,results,Results,Results_LLAMA31,LLAMA3-BWB-Results,simulator_output_LLAMA3-BWB_bwplacement_bs32_staticreq_statictask,SCRUBBED_TIME+LLAMA3-BWB_BMPD640_5_13_6
32,5,0,0,16,3,640,0.0,,bw,static,static,results,Results,Results_LLAMA31,LLAMA3-BWB-Results,simulator_output_LLAMA3-BWB_bwplacement_bs32_staticreq_statictask,SCRUBBED_TIME+LLAMA3-BWB_BMPD640_5_16_3
32,5,0,0,7,12,640,0.0,,bw,static,static,results,Results,Results_LLAMA31,LLAMA3-BWB-Results,simulator_output_LLAMA3-BWB_bwplacement_bs32_staticreq_statictask,SCRUBBED_TIME+LLAMA3-BWB_BMPD640_5_7_12
32,4,0,0,11,9,640,0.0,,bw,static,static,results,Results,Results_LLAMA31,LLAMA3-BWB-Results,simulator_output_LLAMA3-BWB_bwplacement_bs32_staticreq_statictask,SCRUBBED_TIME+LLAMA3-BWB_BMPD640_4_11_9
32,5,0,0,10,9,640,0.0,,bw,static,static,results,Results,Results_LLAMA31,LLAMA3-BWB-Results,simulator_output_LLAMA3-BWB_bwplacement_bs32_staticreq_statictask,SCRUBBED_TIME+LLAMA3-BWB_BMPD640_5_10_9
32,5,0,0,3,16,640,0.0,,bw,static,static,results,Results,Results_LLAMA31,LLAMA3-BWB-Results,simulator_output_LLAMA3-BWB_bwplacement_bs32_staticreq_statictask,SCRUBBED_TIME+LLAMA3-BWB_BMPD640_5_3_16
32,5,0,0,8,11,640,0.0,,bw,static,static,results,Results,Results_LLAMA31,LLAMA3-BWB-Results,simulator_output_LLAMA3-BWB_bwplacement_bs32_staticreq_statictask,SCRUBBED_TIME+LLAMA3-BWB_BMPD640_5_8_11
32,4,0,0,18,2,640,0.0,,bw,static,static,results,Results,Results_LLAMA31,LLAMA3-BWB-Results,simulator_output_LLAMA3-BWB_bwplacement_bs32_staticreq_statictask,SCRUBBED_TIME+LLAMA3-BWB_BMPD640_4_18_2
32,5,0,0,11,8,640,0.0,,bw,static,static,results,Results,Results_LLAMA31,LLAMA3-BWB-Results,simulator_output_LLAMA3-BWB_bwplacement_bs32_staticreq_statictask,SCRUBBED_TIME+LLAMA3-BWB_BMPD640_5_11_8
32,5,0,0,4,15,640,0.0,,bw,static,static,results,Results,Results_LLAMA31,LLAMA3-BWB-Results,simulator_output_LLAMA3-BWB_bwplacement_bs32_staticreq_statictask,SCRUBBED_TIME+LLAMA3-BWB_BMPD640_5_4_15
32,5,0,0,5,14,640,0.0,,bw,static,static,results,Results,Results_LLAMA31,LLAMA3-BWB-Results,simulator_output_LLAMA3-BWB_bwplacement_bs32_staticreq_statictask,SCRUBBED_TIME+LLAMA3-BWB_BMPD640_5_5_14
32,5,0,0,2,17,640,0.0,,bw,static,static,results,Results,Results_LLAMA31,LLAMA3-BWB-Results,simulator_output_LLAMA3-BWB_bwplacement_bs32_staticreq_statictask,SCRUBBED_TIME+LLAMA3-BWB_BMPD640_5_2_17
32,5,0,0,12,7,640,0.0,,bw,static,static,results,Results,Results_LLAMA31,LLAMA3-BWB-Results,simulator_output_LLAMA3-BWB_bwplacement_bs32_staticreq_statictask,SCRUBBED_TIME+LLAMA3-BWB_BMPD640_5_12_7
32,5,0,0,9,10,640,0.0,,bw,static,static,results,Results,Results_LLAMA31,LLAMA3-BWB-Results,simulator_output_LLAMA3-BWB_bwplacement_bs32_staticreq_statictask,SCRUBBED_TIME+LLAMA3-BWB_BMPD640_5_9_10
32,5,0,0,14,5,640,0.0,,bw,static,static,results,Results,Results_LLAMA31,LLAMA3-BWB-Results,simulator_output_LLAMA3-BWB_bwplacement_bs32_staticreq_statictask,SCRUBBED_TIME+LLAMA3-BWB_BMPD640_5_14_5
32,5,0,0,18,1,640,0.0,,bw,static,static,results,Results,Results_LLAMA31,LLAMA3-BWB-Results,simulator_output_LLAMA3-BWB_bwplacement_bs32_staticreq_statictask,SCRUBBED_TIME+LLAMA3-BWB_BMPD640_5_18_1
32,5,0,0,17,2,640,0.0,,bw,static,static,results,Results,Results_LLAMA31,LLAMA3-BWB-Results,simulator_output_LLAMA3-BWB_bwplacement_bs32_staticreq_statictask,SCRUBBED_TIME+LLAMA3-BWB_BMPD640_5_17_2
32,6,0,0,1,17,640,0.0,,bw,static,static,results,Results,Results_LLAMA31,LLAMA3-BWB-Results,simulator_output_LLAMA3-BWB_bwplacement_bs32_staticreq_statictask,SCRUBBED_TIME+LLAMA3-BWB_BMPD640_6_1_17
32,6,0,0,2,16,640,0.0,,bw,static,static,results,Results,Results_LLAMA31,LLAMA3-BWB-Results,simulator_output_LLAMA3-BWB_bwplacement_bs32_staticreq_statictask,SCRUBBED_TIME+LLAMA3-BWB_BMPD640_6_2_16
32,6,0,0,3,15,640,0.0,,bw,static,static,results,Results,Results_LLAMA31,LLAMA3-BWB-Results,simulator_output_LLAMA3-BWB_bwplacement_bs32_staticreq_statictask,SCRUBBED_TIME+LLAMA3-BWB_BMPD640_6_3_15
32,6,0,0,4,14,640,0.0,,bw,static,static,results,Results,Results_LLAMA31,LLAMA3-BWB-Results,simulator_output_LLAMA3-BWB_bwplacement_bs32_staticreq_statictask,SCRUBBED_TIME+LLAMA3-BWB_BMPD640_6_4_14
32,6,0,0,8,10,640,0.0,,bw,static,static,results,Results,Results_LLAMA31,LLAMA3-BWB-Results,simulator_output_LLAMA3-BWB_bwplacement_bs32_staticreq_statictask,SCRUBBED_TIME+LLAMA3-BWB_BMPD640_6_8_10
32,6,0,0,15,3,640,0.0,,bw,static,static,results,Results,Results_LLAMA31,LLAMA3-BWB-Results,simulator_output_LLAMA3-BWB_bwplacement_bs32_staticreq_statictask,SCRUBBED_TIME+LLAMA3-BWB_BMPD640_6_15_3
32,6,0,0,5,13,640,0.0,,bw,static,static,results,Results,Results_LLAMA31,LLAMA3-BWB-Results,simulator_output_LLAMA3-BWB_bwplacement_bs32_staticreq_statictask,SCRUBBED_TIME+LLAMA3-BWB_BMPD640_6_5_13
32,6,0,0,12,6,640,0.0,,bw,static,static,results,Results,Results_LLAMA31,LLAMA3-BWB-Results,simulator_output_LLAMA3-BWB_bwplacement_bs32_staticreq_statictask,SCRUBBED_TIME+LLAMA3-BWB_BMPD640_6_12_6
32,6,0,0,10,8,640,0.0,,bw,static,static,results,Results,Results_LLAMA31,LLAMA3-BWB-Results,simulator_output_LLAMA3-BWB_bwplacement_bs32_staticreq_statictask,SCRUBBED_TIME+LLAMA3-BWB_BMPD640_6_10_8
32,7,0,0,2,15,640,0.0,,bw,static,static,results,Results,Results_LLAMA31,LLAMA3-BWB-Results,simulator_output_LLAMA3-BWB_bwplacement_bs32_staticreq_statictask,SCRUBBED_TIME+LLAMA3-BWB_BMPD640_7_2_15
32,6,0,0,6,12,640,0.0,,bw,static,static,results,Results,Results_LLAMA31,LLAMA3-BWB-Results,simulator_output_LLAMA3-BWB_bwplacement_bs32_staticreq_statictask,SCRUBBED_TIME+LLAMA3-BWB_BMPD640_6_6_12
32,6,0,0,7,11,640,0.0,,bw,static,static,results,Results,Results_LLAMA31,LLAMA3-BWB-Results,simulator_output_LLAMA3-BWB_bwplacement_bs32_staticreq_statictask,SCRUBBED_TIME+LLAMA3-BWB_BMPD640_6_7_11
32,6,0,0,13,5,640,0.0,,bw,static,static,results,Results,Results_LLAMA31,LLAMA3-BWB-Results,simulator_output_LLAMA3-BWB_bwplacement_bs32_staticreq_statictask,SCRUBBED_TIME+LLAMA3-BWB_BMPD640_6_13_5
32,7,0,0,4,13,640,0.0,,bw,static,static,results,Results,Results_LLAMA31,LLAMA3-BWB-Results,simulator_output_LLAMA3-BWB_bwplacement_bs32_staticreq_statictask,SCRUBBED_TIME+LLAMA3-BWB_BMPD640_7_4_13
32,6,0,0,14,4,640,0.0,,bw,static,static,results,Results,Results_LLAMA31,LLAMA3-BWB-Results,simulator_output_LLAMA3-BWB_bwplacement_bs32_staticreq_statictask,SCRUBBED_TIME+LLAMA3-BWB_BMPD640_6_14_4
32,6,0,0,17,1,640,0.0,,bw,static,static,results,Results,Results_LLAMA31,LLAMA3-BWB-Results,simulator_output_LLAMA3-BWB_bwplacement_bs32_staticreq_statictask,SCRUBBED_TIME+LLAMA3-BWB_BMPD640_6_17_1
32,7,0,0,3,14,640,0.0,,bw,static,static,results,Results,Results_LLAMA31,LLAMA3-BWB-Results,simulator_output_LLAMA3-BWB_bwplacement_bs32_staticreq_statictask,SCRUBBED_TIME+LLAMA3-BWB_BMPD640_7_3_14
32,6,0,0,16,2,640,0.0,,bw,static,static,results,Results,Results_LLAMA31,LLAMA3-BWB-Results,simulator_output_LLAMA3-BWB_bwplacement_bs32_staticreq_statictask,SCRUBBED_TIME+LLAMA3-BWB_BMPD640_6_16_2
32,6,0,0,11,7,640,0.0,,bw,static,static,results,Results,Results_LLAMA31,LLAMA3-BWB-Results,simulator_output_LLAMA3-BWB_bwplacement_bs32_staticreq_statictask,SCRUBBED_TIME+LLAMA3-BWB_BMPD640_6_11_7
32,6,0,0,9,9,640,0.0,,bw,static,static,results,Results,Results_LLAMA31,LLAMA3-BWB-Results,simulator_output_LLAMA3-BWB_bwplacement_bs32_staticreq_statictask,SCRUBBED_TIME+LLAMA3-BWB_BMPD640_6_9_9
32,7,0,0,1,16,640,0.0,,bw,static,static,results,Results,Results_LLAMA31,LLAMA3-BWB-Results,simulator_output_LLAMA3-BWB_bwplacement_bs32_staticreq_statictask,SCRUBBED_TIME+LLAMA3-BWB_BMPD640_7_1_16
32,7,0,0,7,10,640,0.0,,bw,static,static,results,Results,Results_LLAMA31,LLAMA3-BWB-Results,simulator_output_LLAMA3-BWB_bwplacement_bs32_staticreq_statictask,SCRUBBED_TIME+LLAMA3-BWB_BMPD640_7_7_10
32,7,0,0,6,11,640,0.0,,bw,static,static,results,Results,Results_LLAMA31,LLAMA3-BWB-Results,simulator_output_LLAMA3-BWB_bwplacement_bs32_staticreq_statictask,SCRUBBED_TIME+LLAMA3-BWB_BMPD640_7_6_11
32,7,0,0,8,9,640,0.0,,bw,static,static,results,Results,Results_LLAMA31,LLAMA3-BWB-Results,simulator_output_LLAMA3-BWB_bwplacement_bs32_staticreq_statictask,SCRUBBED_TIME+LLAMA3-BWB_BMPD640_7_8_9
32,7,0,0,5,12,640,0.0,,bw,static,static,results,Results,Results_LLAMA31,LLAMA3-BWB-Results,simulator_output_LLAMA3-BWB_bwplacement_bs32_staticreq_statictask,SCRUBBED_TIME+LLAMA3-BWB_BMPD640_7_5_12
32,7,0,0,16,1,640,0.0,,bw,static,static,results,Results,Results_LLAMA31,LLAMA3-BWB-Results,simulator_output_LLAMA3-BWB_bwplacement_bs32_staticreq_statictask,SCRUBBED_TIME+LLAMA3-BWB_BMPD640_7_16_1
32,7,0,0,13,4,640,0.0,,bw,static,static,results,Results,Results_LLAMA31,LLAMA3-BWB-Results,simulator_output_LLAMA3-BWB_bwplacement_bs32_staticreq_statictask,SCRUBBED_TIME+LLAMA3-BWB_BMPD640_7_13_4
32,7,0,0,11,6,640,0.0,,bw,static,static,results,Results,Results_LLAMA31,LLAMA3-BWB-Results,simulator_output_LLAMA3-BWB_bwplacement_bs32_staticreq_statictask,SCRUBBED_TIME+LLAMA3-BWB_BMPD640_7_11_6
32,8,0,0,2,14,640,0.0,,bw,static,static,results,Results,Results_LLAMA31,LLAMA3-BWB-Results,simulator_output_LLAMA3-BWB_bwplacement_bs32_staticreq_statictask,SCRUBBED_TIME+LLAMA3-BWB_BMPD640_8_2_14
32,7,0,0,12,5,640,0.0,,bw,static,static,results,Results,Results_LLAMA31,LLAMA3-BWB-Results,simulator_output_LLAMA3-BWB_bwplacement_bs32_staticreq_statictask,SCRUBBED_TIME+LLAMA3-BWB_BMPD640_7_12_5
32,7,0,0,15,2,640,0.0,,bw,static,static,results,Results,Results_LLAMA31,LLAMA3-BWB-Results,simulator_output_LLAMA3-BWB_bwplacement_bs32_staticreq_statictask,SCRUBBED_TIME+LLAMA3-BWB_BMPD640_7_15_2
32,7,0,0,10,7,640,0.0,,bw,static,static,results,Results,Results_LLAMA31,LLAMA3-BWB-Results,simulator_output_LLAMA3-BWB_bwplacement_bs32_staticreq_statictask,SCRUBBED_TIME+LLAMA3-BWB_BMPD640_7_10_7
32,8,0,0,1,15,640,0.0,,bw,static,static,results,Results,Results_LLAMA31,LLAMA3-BWB-Results,simulator_output_LLAMA3-BWB_bwplacement_bs32_staticreq_statictask,SCRUBBED_TIME+LLAMA3-BWB_BMPD640_8_1_15
32,7,0,0,9,8,640,0.0,,bw,static,static,results,Results,Results_LLAMA31,LLAMA3-BWB-Results,simulator_output_LLAMA3-BWB_bwplacement_bs32_staticreq_statictask,SCRUBBED_TIME+LLAMA3-BWB_BMPD640_7_9_8
32,7,0,0,14,3,640,0.0,,bw,static,static,results,Results,Results_LLAMA31,LLAMA3-BWB-Results,simulator_output_LLAMA3-BWB_bwplacement_bs32_staticreq_statictask,SCRUBBED_TIME+LLAMA3-BWB_BMPD640_7_14_3
32,8,0,0,3,13,640,0.0,,bw,static,static,results,Results,Results_LLAMA31,LLAMA3-BWB-Results,simulator_output_LLAMA3-BWB_bwplacement_bs32_staticreq_statictask,SCRUBBED_TIME+LLAMA3-BWB_BMPD640_8_3_13
32,8,0,0,5,11,640,0.0,,bw,static,static,results,Results,Results_LLAMA31,LLAMA3-BWB-Results,simulator_output_LLAMA3-BWB_bwplacement_bs32_staticreq_statictask,SCRUBBED_TIME+LLAMA3-BWB_BMPD640_8_5_11
32,8,0,0,4,12,640,0.0,,bw,static,static,results,Results,Results_LLAMA31,LLAMA3-BWB-Results,simulator_output_LLAMA3-BWB_bwplacement_bs32_staticreq_statictask,SCRUBBED_TIME+LLAMA3-BWB_BMPD640_8_4_12
32,8,0,0,6,10,640,0.0,,bw,static,static,results,Results,Results_LLAMA31,LLAMA3-BWB-Results,simulator_output_LLAMA3-BWB_bwplacement_bs32_staticreq_statictask,SCRUBBED_TIME+LLAMA3-BWB_BMPD640_8_6_10
32,8,0,0,7,9,640,0.0,,bw,static,static,results,Results,Results_LLAMA31,LLAMA3-BWB-Results,simulator_output_LLAMA3-BWB_bwplacement_bs32_staticreq_statictask,SCRUBBED_TIME+LLAMA3-BWB_BMPD640_8_7_9
32,8,0,0,8,8,640,0.0,,bw,static,static,results,Results,Results_LLAMA31,LLAMA3-BWB-Results,simulator_output_LLAMA3-BWB_bwplacement_bs32_staticreq_statictask,SCRUBBED_TIME+LLAMA3-BWB_BMPD640_8_8_8
32,8,0,0,9,7,640,0.0,,bw,static,static,results,Results,Results_LLAMA31,LLAMA3-BWB-Results,simulator_output_LLAMA3-BWB_bwplacement_bs32_staticreq_statictask,SCRUBBED_TIME+LLAMA3-BWB_BMPD640_8_9_7
32,8,0,0,10,6,640,0.0,,bw,static,static,results,Results,Results_LLAMA31,LLAMA3-BWB-Results,simulator_output_LLAMA3-BWB_bwplacement_bs32_staticreq_statictask,SCRUBBED_TIME+LLAMA3-BWB_BMPD640_8_10_6
32,8,0,0,12,4,640,0.0,,bw,static,static,results,Results,Results_LLAMA31,LLAMA3-BWB-Results,simulator_output_LLAMA3-BWB_bwplacement_bs32_staticreq_statictask,SCRUBBED_TIME+LLAMA3-BWB_BMPD640_8_12_4
32,8,0,0,11,5,640,0.0,,bw,static,static,results,Results,Results_LLAMA31,LLAMA3-BWB-Results,simulator_output_LLAMA3-BWB_bwplacement_bs32_staticreq_statictask,SCRUBBED_TIME+LLAMA3-BWB_BMPD640_8_11_5
32,8,0,0,13,3,640,0.0,,bw,static,static,results,Results,Results_LLAMA31,LLAMA3-BWB-Results,simulator_output_LLAMA3-BWB_bwplacement_bs32_staticreq_statictask,SCRUBBED_TIME+LLAMA3-BWB_BMPD640_8_13_3
32,8,0,0,14,2,640,0.0,,bw,static,static,results,Results,Results_LLAMA31,LLAMA3-BWB-Results,simulator_output_LLAMA3-BWB_bwplacement_bs32_staticreq_statictask,SCRUBBED_TIME+LLAMA3-BWB_BMPD640_8_14_2
32,9,0,0,2,13,640,0.0,,bw,static,static,results,Results,Results_LLAMA31,LLAMA3-BWB-Results,simulator_output_LLAMA3-BWB_bwplacement_bs32_staticreq_statictask,SCRUBBED_TIME+LLAMA3-BWB_BMPD640_9_2_13
32,8,0,0,15,1,640,0.0,,bw,static,static,results,Results,Results_LLAMA31,LLAMA3-BWB-Results,simulator_output_LLAMA3-BWB_bwplacement_bs32_staticreq_statictask,SCRUBBED_TIME+LLAMA3-BWB_BMPD640_8_15_1
32,9,0,0,3,12,640,0.0,,bw,static,static,results,Results,Results_LLAMA31,LLAMA3-BWB-Results,simulator_output_LLAMA3-BWB_bwplacement_bs32_staticreq_statictask,SCRUBBED_TIME+LLAMA3-BWB_BMPD640_9_3_12
32,9,0,0,1,14,640,0.0,,bw,static,static,results,Results,Results_LLAMA31,LLAMA3-BWB-Results,simulator_output_LLAMA3-BWB_bwplacement_bs32_staticreq_statictask,SCRUBBED_TIME+LLAMA3-BWB_BMPD640_9_1_14
32,9,0,0,7,8,640,0.0,,bw,static,static,results,Results,Results_LLAMA31,LLAMA3-BWB-Results,simulator_output_LLAMA3-BWB_bwplacement_bs32_staticreq_statictask,SCRUBBED_TIME+LLAMA3-BWB_BMPD640_9_7_8
32,9,0,0,13,2,640,0.0,,bw,static,static,results,Results,Results_LLAMA31,LLAMA3-BWB-Results,simulator_output_LLAMA3-BWB_bwplacement_bs32_staticreq_statictask,SCRUBBED_TIME+LLAMA3-BWB_BMPD640_9_13_2
32,9,0,0,4,11,640,0.0,,bw,static,static,results,Results,Results_LLAMA31,LLAMA3-BWB-Results,simulator_output_LLAMA3-BWB_bwplacement_bs32_staticreq_statictask,SCRUBBED_TIME+LLAMA3-BWB_BMPD640_9_4_11
32,9,0,0,14,1,640,0.0,,bw,static,static,results,Results,Results_LLAMA31,LLAMA3-BWB-Results,simulator_output_LLAMA3-BWB_bwplacement_bs32_staticreq_statictask,SCRUBBED_TIME+LLAMA3-BWB_BMPD640_9_14_1
32,9,0,0,10,5,640,0.0,,bw,static,static,results,Results,Results_LLAMA31,LLAMA3-BWB-Results,simulator_output_LLAMA3-BWB_bwplacement_bs32_staticreq_statictask,SCRUBBED_TIME+LLAMA3-BWB_BMPD640_9_10_5
32,9,0,0,6,9,640,0.0,,bw,static,static,results,Results,Results_LLAMA31,LLAMA3-BWB-Results,simulator_output_LLAMA3-BWB_bwplacement_bs32_staticreq_statictask,SCRUBBED_TIME+LLAMA3-BWB_BMPD640_9_6_9
32,9,0,0,5,10,640,0.0,,bw,static,static,results,Results,Results_LLAMA31,LLAMA3-BWB-Results,simulator_output_LLAMA3-BWB_bwplacement_bs32_staticreq_statictask,SCRUBBED_TIME+LLAMA3-BWB_BMPD640_9_5_10
32,9,0,0,9,6,640,0.0,,bw,static,static,results,Results,Results_LLAMA31,LLAMA3-BWB-Results,simulator_output_LLAMA3-BWB_bwplacement_bs32_staticreq_statictask,SCRUBBED_TIME+LLAMA3-BWB_BMPD640_9_9_6
32,10,0,0,5,9,640,0.0,,bw,static,static,results,Results,Results_LLAMA31,LLAMA3-BWB-Results,simulator_output_LLAMA3-BWB_bwplacement_bs32_staticreq_statictask,SCRUBBED_TIME+LLAMA3-BWB_BMPD640_10_5_9
32,9,0,0,8,7,640,0.0,,bw,static,static,results,Results,Results_LLAMA31,LLAMA3-BWB-Results,simulator_output_LLAMA3-BWB_bwplacement_bs32_staticreq_statictask,SCRUBBED_TIME+LLAMA3-BWB_BMPD640_9_8_7
32,10,0,0,1,13,640,0.0,,bw,static,static,results,Results,Results_LLAMA31,LLAMA3-BWB-Results,simulator_output_LLAMA3-BWB_bwplacement_bs32_staticreq_statictask,SCRUBBED_TIME+LLAMA3-BWB_BMPD640_10_1_13
32,9,0,0,11,4,640,0.0,,bw,static,static,results,Results,Results_LLAMA31,LLAMA3-BWB-Results,simulator_output_LLAMA3-BWB_bwplacement_bs32_staticreq_statictask,SCRUBBED_TIME+LLAMA3-BWB_BMPD640_9_11_4
32,10,0,0,6,8,640,0.0,,bw,static,static,results,Results,Results_LLAMA31,LLAMA3-BWB-Results,simulator_output_LLAMA3-BWB_bwplacement_bs32_staticreq_statictask,SCRUBBED_TIME+LLAMA3-BWB_BMPD640_10_6_8
32,10,0,0,3,11,640,0.0,,bw,static,static,results,Results,Results_LLAMA31,LLAMA3-BWB-Results,simulator_output_LLAMA3-BWB_bwplacement_bs32_staticreq_statictask,SCRUBBED_TIME+LLAMA3-BWB_BMPD640_10_3_11
32,10,0,0,4,10,640,0.0,,bw,static,static,results,Results,Results_LLAMA31,LLAMA3-BWB-Results,simulator_output_LLAMA3-BWB_bwplacement_bs32_staticreq_statictask,SCRUBBED_TIME+LLAMA3-BWB_BMPD640_10_4_10
32,10,0,0,8,6,640,0.0,,bw,static,static,results,Results,Results_LLAMA31,LLAMA3-BWB-Results,simulator_output_LLAMA3-BWB_bwplacement_bs32_staticreq_statictask,SCRUBBED_TIME+LLAMA3-BWB_BMPD640_10_8_6
32,9,0,0,12,3,640,0.0,,bw,static,static,results,Results,Results_LLAMA31,LLAMA3-BWB-Results,simulator_output_LLAMA3-BWB_bwplacement_bs32_staticreq_statictask,SCRUBBED_TIME+LLAMA3-BWB_BMPD640_9_12_3
32,10,0,0,9,5,640,0.0,,bw,static,static,results,Results,Results_LLAMA31,LLAMA3-BWB-Results,simulator_output_LLAMA3-BWB_bwplacement_bs32_staticreq_statictask,SCRUBBED_TIME+LLAMA3-BWB_BMPD640_10_9_5
32,10,0,0,2,12,640,0.0,,bw,static,static,results,Results,Results_LLAMA31,LLAMA3-BWB-Results,simulator_output_LLAMA3-BWB_bwplacement_bs32_staticreq_statictask,SCRUBBED_TIME+LLAMA3-BWB_BMPD640_10_2_12
32,10,0,0,7,7,640,0.0,,bw,static,static,results,Results,Results_LLAMA31,LLAMA3-BWB-Results,simulator_output_LLAMA3-BWB_bwplacement_bs32_staticreq_statictask,SCRUBBED_TIME+LLAMA3-BWB_BMPD640_10_7_7
32,10,0,0,11,3,640,0.0,,bw,static,static,results,Results,Results_LLAMA31,LLAMA3-BWB-Results,simulator_output_LLAMA3-BWB_bwplacement_bs32_staticreq_statictask,SCRUBBED_TIME+LLAMA3-BWB_BMPD640_10_11_3
32,10,0,0,10,4,640,0.0,,bw,static,static,results,Results,Results_LLAMA31,LLAMA3-BWB-Results,simulator_output_LLAMA3-BWB_bwplacement_bs32_staticreq_statictask,SCRUBBED_TIME+LLAMA3-BWB_BMPD640_10_10_4
32,10,0,0,13,1,640,0.0,,bw,static,static,results,Results,Results_LLAMA31,LLAMA3-BWB-Results,simulator_output_LLAMA3-BWB_bwplacement_bs32_staticreq_statictask,SCRUBBED_TIME+LLAMA3-BWB_BMPD640_10_13_1
32,11,0,0,1,12,640,0.0,,bw,static,static,results,Results,Results_LLAMA31,LLAMA3-BWB-Results,simulator_output_LLAMA3-BWB_bwplacement_bs32_staticreq_statictask,SCRUBBED_TIME+LLAMA3-BWB_BMPD640_11_1_12
32,10,0,0,12,2,640,0.0,,bw,static,static,results,Results,Results_LLAMA31,LLAMA3-BWB-Results,simulator_output_LLAMA3-BWB_bwplacement_bs32_staticreq_statictask,SCRUBBED_TIME+LLAMA3-BWB_BMPD640_10_12_2
32,11,0,0,2,11,640,0.0,,bw,static,static,results,Results,Results_LLAMA31,LLAMA3-BWB-Results,simulator_output_LLAMA3-BWB_bwplacement_bs32_staticreq_statictask,SCRUBBED_TIME+LLAMA3-BWB_BMPD640_11_2_11
32,11,0,0,4,9,640,0.0,,bw,static,static,results,Results,Results_LLAMA31,LLAMA3-BWB-Results,simulator_output_LLAMA3-BWB_bwplacement_bs32_staticreq_statictask,SCRUBBED_TIME+LLAMA3-BWB_BMPD640_11_4_9
32,11,0,0,3,10,640,0.0,,bw,static,static,results,Results,Results_LLAMA31,LLAMA3-BWB-Results,simulator_output_LLAMA3-BWB_bwplacement_bs32_staticreq_statictask,SCRUBBED_TIME+LLAMA3-BWB_BMPD640_11_3_10
32,11,0,0,6,7,640,0.0,,bw,static,static,results,Results,Results_LLAMA31,LLAMA3-BWB-Results,simulator_output_LLAMA3-BWB_bwplacement_bs32_staticreq_statictask,SCRUBBED_TIME+LLAMA3-BWB_BMPD640_11_6_7
32,11,0,0,5,8,640,0.0,,bw,static,static,results,Results,Results_LLAMA31,LLAMA3-BWB-Results,simulator_output_LLAMA3-BWB_bwplacement_bs32_staticreq_statictask,SCRUBBED_TIME+LLAMA3-BWB_BMPD640_11_5_8
32,11,0,0,7,6,640,0.0,,bw,static,static,results,Results,Results_LLAMA31,LLAMA3-BWB-Results,simulator_output_LLAMA3-BWB_bwplacement_bs32_staticreq_statictask,SCRUBBED_TIME+LLAMA3-BWB_BMPD640_11_7_6
32,11,0,0,8,5,640,0.0,,bw,static,static,results,Results,Results_LLAMA31,LLAMA3-BWB-Results,simulator_output_LLAMA3-BWB_bwplacement_bs32_staticreq_statictask,SCRUBBED_TIME+LLAMA3-BWB_BMPD640_11_8_5
32,11,0,0,9,4,640,0.0,,bw,static,static,results,Results,Results_LLAMA31,LLAMA3-BWB-Results,simulator_output_LLAMA3-BWB_bwplacement_bs32_staticreq_statictask,SCRUBBED_TIME+LLAMA3-BWB_BMPD640_11_9_4
32,11,0,0,10,3,640,0.0,,bw,static,static,results,Results,Results_LLAMA31,LLAMA3-BWB-Results,simulator_output_LLAMA3-BWB_bwplacement_bs32_staticreq_statictask,SCRUBBED_TIME+LLAMA3-BWB_BMPD640_11_10_3
32,11,0,0,11,2,640,0.0,,bw,static,static,results,Results,Results_LLAMA31,LLAMA3-BWB-Results,simulator_output_LLAMA3-BWB_bwplacement_bs32_staticreq_statictask,SCRUBBED_TIME+LLAMA3-BWB_BMPD640_11_11_2
32,12,0,0,1,11,640,0.0,,bw,static,static,results,Results,Results_LLAMA31,LLAMA3-BWB-Results,simulator_output_LLAMA3-BWB_bwplacement_bs32_staticreq_statictask,SCRUBBED_TIME+LLAMA3-BWB_BMPD640_12_1_11
32,12,0,0,4,8,640,0.0,,bw,static,static,results,Results,Results_LLAMA31,LLAMA3-BWB-Results,simulator_output_LLAMA3-BWB_bwplacement_bs32_staticreq_statictask,SCRUBBED_TIME+LLAMA3-BWB_BMPD640_12_4_8
32,11,0,0,12,1,640,0.0,,bw,static,static,results,Results,Results_LLAMA31,LLAMA3-BWB-Results,simulator_output_LLAMA3-BWB_bwplacement_bs32_staticreq_statictask,SCRUBBED_TIME+LLAMA3-BWB_BMPD640_11_12_1
32,12,0,0,7,5,640,0.0,,bw,static,static,results,Results,Results_LLAMA31,LLAMA3-BWB-Results,simulator_output_LLAMA3-BWB_bwplacement_bs32_staticreq_statictask,SCRUBBED_TIME+LLAMA3-BWB_BMPD640_12_7_5
32,12,0,0,2,10,640,0.0,,bw,static,static,results,Results,Results_LLAMA31,LLAMA3-BWB-Results,simulator_output_LLAMA3-BWB_bwplacement_bs32_staticreq_statictask,SCRUBBED_TIME+LLAMA3-BWB_BMPD640_12_2_10
32,12,0,0,6,6,640,0.0,,bw,static,static,results,Results,Results_LLAMA31,LLAMA3-BWB-Results,simulator_output_LLAMA3-BWB_bwplacement_bs32_staticreq_statictask,SCRUBBED_TIME+LLAMA3-BWB_BMPD640_12_6_6
32,13,0,0,2,9,640,0.0,,bw,static,static,results,Results,Results_LLAMA31,LLAMA3-BWB-Results,simulator_output_LLAMA3-BWB_bwplacement_bs32_staticreq_statictask,SCRUBBED_TIME+LLAMA3-BWB_BMPD640_13_2_9
32,12,0,0,5,7,640,0.0,,bw,static,static,results,Results,Results_LLAMA31,LLAMA3-BWB-Results,simulator_output_LLAMA3-BWB_bwplacement_bs32_staticreq_statictask,SCRUBBED_TIME+LLAMA3-BWB_BMPD640_12_5_7
32,12,0,0,11,1,640,0.0,,bw,static,static,results,Results,Results_LLAMA31,LLAMA3-BWB-Results,simulator_output_LLAMA3-BWB_bwplacement_bs32_staticreq_statictask,SCRUBBED_TIME+LLAMA3-BWB_BMPD640_12_11_1
32,12,0,0,3,9,640,0.0,,bw,static,static,results,Results,Results_LLAMA31,LLAMA3-BWB-Results,simulator_output_LLAMA3-BWB_bwplacement_bs32_staticreq_statictask,SCRUBBED_TIME+LLAMA3-BWB_BMPD640_12_3_9
32,12,0,0,9,3,640,0.0,,bw,static,static,results,Results,Results_LLAMA31,LLAMA3-BWB-Results,simulator_output_LLAMA3-BWB_bwplacement_bs32_staticreq_statictask,SCRUBBED_TIME+LLAMA3-BWB_BMPD640_12_9_3
32,12,0,0,8,4,640,0.0,,bw,static,static,results,Results,Results_LLAMA31,LLAMA3-BWB-Results,simulator_output_LLAMA3-BWB_bwplacement_bs32_staticreq_statictask,SCRUBBED_TIME+LLAMA3-BWB_BMPD640_12_8_4
32,13,0,0,3,8,640,0.0,,bw,static,static,results,Results,Results_LLAMA31,LLAMA3-BWB-Results,simulator_output_LLAMA3-BWB_bwplacement_bs32_staticreq_statictask,SCRUBBED_TIME+LLAMA3-BWB_BMPD640_13_3_8
32,13,0,0,4,7,640,0.0,,bw,static,static,results,Results,Results_LLAMA31,LLAMA3-BWB-Results,simulator_output_LLAMA3-BWB_bwplacement_bs32_staticreq_statictask,SCRUBBED_TIME+LLAMA3-BWB_BMPD640_13_4_7
32,12,0,0,10,2,640,0.0,,bw,static,static,results,Results,Results_LLAMA31,LLAMA3-BWB-Results,simulator_output_LLAMA3-BWB_bwplacement_bs32_staticreq_statictask,SCRUBBED_TIME+LLAMA3-BWB_BMPD640_12_10_2
32,13,0,0,5,6,640,0.0,,bw,static,static,results,Results,Results_LLAMA31,LLAMA3-BWB-Results,simulator_output_LLAMA3-BWB_bwplacement_bs32_staticreq_statictask,SCRUBBED_TIME+LLAMA3-BWB_BMPD640_13_5_6
32,13,0,0,1,10,640,0.0,,bw,static,static,results,Results,Results_LLAMA31,LLAMA3-BWB-Results,simulator_output_LLAMA3-BWB_bwplacement_bs32_staticreq_statictask,SCRUBBED_TIME+LLAMA3-BWB_BMPD640_13_1_10
32,13,0,0,6,5,640,0.0,,bw,static,static,results,Results,Results_LLAMA31,LLAMA3-BWB-Results,simulator_output_LLAMA3-BWB_bwplacement_bs32_staticreq_statictask,SCRUBBED_TIME+LLAMA3-BWB_BMPD640_13_6_5
32,13,0,0,8,3,640,0.0,,bw,static,static,results,Results,Results_LLAMA31,LLAMA3-BWB-Results,simulator_output_LLAMA3-BWB_bwplacement_bs32_staticreq_statictask,SCRUBBED_TIME+LLAMA3-BWB_BMPD640_13_8_3
32,13,0,0,7,4,640,0.0,,bw,static,static,results,Results,Results_LLAMA31,LLAMA3-BWB-Results,simulator_output_LLAMA3-BWB_bwplacement_bs32_staticreq_statictask,SCRUBBED_TIME+LLAMA3-BWB_BMPD640_13_7_4
32,13,0,0,9,2,640,0.0,,bw,static,static,results,Results,Results_LLAMA31,LLAMA3-BWB-Results,simulator_output_LLAMA3-BWB_bwplacement_bs32_staticreq_statictask,SCRUBBED_TIME+LLAMA3-BWB_BMPD640_13_9_2
32,14,0,0,3,7,640,0.0,,bw,static,static,results,Results,Results_LLAMA31,LLAMA3-BWB-Results,simulator_output_LLAMA3-BWB_bwplacement_bs32_staticreq_statictask,SCRUBBED_TIME+LLAMA3-BWB_BMPD640_14_3_7
32,14,0,0,2,8,640,0.0,,bw,static,static,results,Results,Results_LLAMA31,LLAMA3-BWB-Results,simulator_output_LLAMA3-BWB_bwplacement_bs32_staticreq_statictask,SCRUBBED_TIME+LLAMA3-BWB_BMPD640_14_2_8
32,14,0,0,1,9,640,0.0,,bw,static,static,results,Results,Results_LLAMA31,LLAMA3-BWB-Results,simulator_output_LLAMA3-BWB_bwplacement_bs32_staticreq_statictask,SCRUBBED_TIME+LLAMA3-BWB_BMPD640_14_1_9
32,13,0,0,10,1,640,0.0,,bw,static,static,results,Results,Results_LLAMA31,LLAMA3-BWB-Results,simulator_output_LLAMA3-BWB_bwplacement_bs32_staticreq_statictask,SCRUBBED_TIME+LLAMA3-BWB_BMPD640_13_10_1
32,14,0,0,4,6,640,0.0,,bw,static,static,results,Results,Results_LLAMA31,LLAMA3-BWB-Results,simulator_output_LLAMA3-BWB_bwplacement_bs32_staticreq_statictask,SCRUBBED_TIME+LLAMA3-BWB_BMPD640_14_4_6
32,14,0,0,5,5,640,0.0,,bw,static,static,results,Results,Results_LLAMA31,LLAMA3-BWB-Results,simulator_output_LLAMA3-BWB_bwplacement_bs32_staticreq_statictask,SCRUBBED_TIME+LLAMA3-BWB_BMPD640_14_5_5
32,14,0,0,6,4,640,0.0,,bw,static,static,results,Results,Results_LLAMA31,LLAMA3-BWB-Results,simulator_output_LLAMA3-BWB_bwplacement_bs32_staticreq_statictask,SCRUBBED_TIME+LLAMA3-BWB_BMPD640_14_6_4
32,14,0,0,7,3,640,0.0,,bw,static,static,results,Results,Results_LLAMA31,LLAMA3-BWB-Results,simulator_output_LLAMA3-BWB_bwplacement_bs32_staticreq_statictask,SCRUBBED_TIME+LLAMA3-BWB_BMPD640_14_7_3
32,14,0,0,8,2,640,0.0,,bw,static,static,results,Results,Results_LLAMA31,LLAMA3-BWB-Results,simulator_output_LLAMA3-BWB_bwplacement_bs32_staticreq_statictask,SCRUBBED_TIME+LLAMA3-BWB_BMPD640_14_8_2
32,14,0,0,9,1,640,0.0,,bw,static,static,results,Results,Results_LLAMA31,LLAMA3-BWB-Results,simulator_output_LLAMA3-BWB_bwplacement_bs32_staticreq_statictask,SCRUBBED_TIME+LLAMA3-BWB_BMPD640_14_9_1
32,15,0,0,1,8,640,0.0,,bw,static,static,results,Results,Results_LLAMA31,LLAMA3-BWB-Results,simulator_output_LLAMA3-BWB_bwplacement_bs32_staticreq_statictask,SCRUBBED_TIME+LLAMA3-BWB_BMPD640_15_1_8
32,15,0,0,2,7,640,0.0,,bw,static,static,results,Results,Results_LLAMA31,LLAMA3-BWB-Results,simulator_output_LLAMA3-BWB_bwplacement_bs32_staticreq_statictask,SCRUBBED_TIME+LLAMA3-BWB_BMPD640_15_2_7
32,15,0,0,3,6,640,0.0,,bw,static,static,results,Results,Results_LLAMA31,LLAMA3-BWB-Results,simulator_output_LLAMA3-BWB_bwplacement_bs32_staticreq_statictask,SCRUBBED_TIME+LLAMA3-BWB_BMPD640_15_3_6
32,15,0,0,4,5,640,0.0,,bw,static,static,results,Results,Results_LLAMA31,LLAMA3-BWB-Results,simulator_output_LLAMA3-BWB_bwplacement_bs32_staticreq_statictask,SCRUBBED_TIME+LLAMA3-BWB_BMPD640_15_4_5
32,15,0,0,5,4,640,0.0,,bw,static,static,results,Results,Results_LLAMA31,LLAMA3-BWB-Results,simulator_output_LLAMA3-BWB_bwplacement_bs32_staticreq_statictask,SCRUBBED_TIME+LLAMA3-BWB_BMPD640_15_5_4
32,15,0,0,8,1,640,0.0,,bw,static,static,results,Results,Results_LLAMA31,LLAMA3-BWB-Results,simulator_output_LLAMA3-BWB_bwplacement_bs32_staticreq_statictask,SCRUBBED_TIME+LLAMA3-BWB_BMPD640_15_8_1
32,15,0,0,6,3,640,0.0,,bw,static,static,results,Results,Results_LLAMA31,LLAMA3-BWB-Results,simulator_output_LLAMA3-BWB_bwplacement_bs32_staticreq_statictask,SCRUBBED_TIME+LLAMA3-BWB_BMPD640_15_6_3
32,15,0,0,7,2,640,0.0,,bw,static,static,results,Results,Results_LLAMA31,LLAMA3-BWB-Results,simulator_output_LLAMA3-BWB_bwplacement_bs32_staticreq_statictask,SCRUBBED_TIME+LLAMA3-BWB_BMPD640_15_7_2
32,16,0,0,1,7,640,0.0,,bw,static,static,results,Results,Results_LLAMA31,LLAMA3-BWB-Results,simulator_output_LLAMA3-BWB_bwplacement_bs32_staticreq_statictask,SCRUBBED_TIME+LLAMA3-BWB_BMPD640_16_1_7
32,16,0,0,2,6,640,0.0,,bw,static,static,results,Results,Results_LLAMA31,LLAMA3-BWB-Results,simulator_output_LLAMA3-BWB_bwplacement_bs32_staticreq_statictask,SCRUBBED_TIME+LLAMA3-BWB_BMPD640_16_2_6
32,16,0,0,3,5,640,0.0,,bw,static,static,results,Results,Results_LLAMA31,LLAMA3-BWB-Results,simulator_output_LLAMA3-BWB_bwplacement_bs32_staticreq_statictask,SCRUBBED_TIME+LLAMA3-BWB_BMPD640_16_3_5
32,16,0,0,5,3,640,0.0,,bw,static,static,results,Results,Results_LLAMA31,LLAMA3-BWB-Results,simulator_output_LLAMA3-BWB_bwplacement_bs32_staticreq_statictask,SCRUBBED_TIME+LLAMA3-BWB_BMPD640_16_5_3
32,16,0,0,4,4,640,0.0,,bw,static,static,results,Results,Results_LLAMA31,LLAMA3-BWB-Results,simulator_output_LLAMA3-BWB_bwplacement_bs32_staticreq_statictask,SCRUBBED_TIME+LLAMA3-BWB_BMPD640_16_4_4
32,16,0,0,7,1,640,0.0,,bw,static,static,results,Results,Results_LLAMA31,LLAMA3-BWB-Results,simulator_output_LLAMA3-BWB_bwplacement_bs32_staticreq_statictask,SCRUBBED_TIME+LLAMA3-BWB_BMPD640_16_7_1
32,16,0,0,6,2,640,0.0,,bw,static,static,results,Results,Results_LLAMA31,LLAMA3-BWB-Results,simulator_output_LLAMA3-BWB_bwplacement_bs32_staticreq_statictask,SCRUBBED_TIME+LLAMA3-BWB_BMPD640_16_6_2
64,2,0,0,3,19,256,0.0,,bw,static,static,results,Results,Results_LLAMA31,LLAMA3-BWB-Results,simulator_output_LLAMA3-BWB_bwplacement_bs64_staticreq_statictask,SCRUBBED_TIME+LLAMA3-BWB_BMPD256_2_3_19
64,2,0,0,8,14,256,0.0,,bw,static,static,results,Results,Results_LLAMA31,LLAMA3-BWB-Results,simulator_output_LLAMA3-BWB_bwplacement_bs64_staticreq_statictask,SCRUBBED_TIME+LLAMA3-BWB_BMPD256_2_8_14
64,2,0,0,16,6,256,0.0,,bw,static,static,results,Results,Results_LLAMA31,LLAMA3-BWB-Results,simulator_output_LLAMA3-BWB_bwplacement_bs64_staticreq_statictask,SCRUBBED_TIME+LLAMA3-BWB_BMPD256_2_16_6
64,2,0,0,17,5,256,0.0,,bw,static,static,results,Results,Results_LLAMA31,LLAMA3-BWB-Results,simulator_output_LLAMA3-BWB_bwplacement_bs64_staticreq_statictask,SCRUBBED_TIME+LLAMA3-BWB_BMPD256_2_17_5
64,2,0,0,1,21,256,0.0,,bw,static,static,results,Results,Results_LLAMA31,LLAMA3-BWB-Results,simulator_output_LLAMA3-BWB_bwplacement_bs64_staticreq_statictask,SCRUBBED_TIME+LLAMA3-BWB_BMPD256_2_1_21
64,3,0,0,15,6,256,0.0,,bw,static,static,results,Results,Results_LLAMA31,LLAMA3-BWB-Results,simulator_output_LLAMA3-BWB_bwplacement_bs64_staticreq_statictask,SCRUBBED_TIME+LLAMA3-BWB_BMPD256_3_15_6
64,3,0,0,19,2,256,0.0,,bw,static,static,results,Results,Results_LLAMA31,LLAMA3-BWB-Results,simulator_output_LLAMA3-BWB_bwplacement_bs64_staticreq_statictask,SCRUBBED_TIME+LLAMA3-BWB_BMPD256_3_19_2
64,2,0,0,15,7,256,0.0,,bw,static,static,results,Results,Results_LLAMA31,LLAMA3-BWB-Results,simulator_output_LLAMA3-BWB_bwplacement_bs64_staticreq_statictask,SCRUBBED_TIME+LLAMA3-BWB_BMPD256_2_15_7
64,2,0,0,2,20,256,0.0,,bw,static,static,results,Results,Results_LLAMA31,LLAMA3-BWB-Results,simulator_output_LLAMA3-BWB_bwplacement_bs64_staticreq_statictask,SCRUBBED_TIME+LLAMA3-BWB_BMPD256_2_2_20
64,3,0,0,9,12,256,0.0,,bw,static,static,results,Results,Results_LLAMA31,LLAMA3-BWB-Results,simulator_output_LLAMA3-BWB_bwplacement_bs64_staticreq_statictask,SCRUBBED_TIME+LLAMA3-BWB_BMPD256_3_9_12
64,2,0,0,21,1,256,0.0,,bw,static,static,results,Results,Results_LLAMA31,LLAMA3-BWB-Results,simulator_output_LLAMA3-BWB_bwplacement_bs64_staticreq_statictask,SCRUBBED_TIME+LLAMA3-BWB_BMPD256_2_21_1
64,2,0,0,6,16,256,0.0,,bw,static,static,results,Results,Results_LLAMA31,LLAMA3-BWB-Results,simulator_output_LLAMA3-BWB_bwplacement_bs64_staticreq_statictask,SCRUBBED_TIME+LLAMA3-BWB_BMPD256_2_6_16
64,3,0,0,14,7,256,0.0,,bw,static,static,results,Results,Results_LLAMA31,LLAMA3-BWB-Results,simulator_output_LLAMA3-BWB_bwplacement_bs64_staticreq_statictask,SCRUBBED_TIME+LLAMA3-BWB_BMPD256_3_14_7
64,2,0,0,7,15,256,0.0,,bw,static,static,results,Results,Results_LLAMA31,LLAMA3-BWB-Results,simulator_output_LLAMA3-BWB_bwplacement_bs64_staticreq_statictask,SCRUBBED_TIME+LLAMA3-BWB_BMPD256_2_7_15
64,3,0,0,12,9,256,0.0,,bw,static,static,results,Results,Results_LLAMA31,LLAMA3-BWB-Results,simulator_output_LLAMA3-BWB_bwplacement_bs64_staticreq_statictask,SCRUBBED_TIME+LLAMA3-BWB_BMPD256_3_12_9
64,3,0,0,8,13,256,0.0,,bw,static,static,results,Results,Results_LLAMA31,LLAMA3-BWB-Results,simulator_output_LLAMA3-BWB_bwplacement_bs64_staticreq_statictask,SCRUBBED_TIME+LLAMA3-BWB_BMPD256_3_8_13
64,2,0,0,5,17,256,0.0,,bw,static,static,results,Results,Results_LLAMA31,LLAMA3-BWB-Results,simulator_output_LLAMA3-BWB_bwplacement_bs64_staticreq_statictask,SCRUBBED_TIME+LLAMA3-BWB_BMPD256_2_5_17
64,3,0,0,3,18,256,0.0,,bw,static,static,results,Results,Results_LLAMA31,LLAMA3-BWB-Results,simulator_output_LLAMA3-BWB_bwplacement_bs64_staticreq_statictask,SCRUBBED_TIME+LLAMA3-BWB_BMPD256_3_3_18
64,3,0,0,13,8,256,0.0,,bw,static,static,results,Results,Results_LLAMA31,LLAMA3-BWB-Results,simulator_output_LLAMA3-BWB_bwplacement_bs64_staticreq_statictask,SCRUBBED_TIME+LLAMA3-BWB_BMPD256_3_13_8
64,2,0,0,19,3,256,0.0,,bw,static,static,results,Results,Results_LLAMA31,LLAMA3-BWB-Results,simulator_output_LLAMA3-BWB_bwplacement_bs64_staticreq_statictask,SCRUBBED_TIME+LLAMA3-BWB_BMPD256_2_19_3
64,3,0,0,1,20,256,0.0,,bw,static,static,results,Results,Results_LLAMA31,LLAMA3-BWB-Results,simulator_output_LLAMA3-BWB_bwplacement_bs64_staticreq_statictask,SCRUBBED_TIME+LLAMA3-BWB_BMPD256_3_1_20
64,3,0,0,6,15,256,0.0,,bw,static,static,results,Results,Results_LLAMA31,LLAMA3-BWB-Results,simulator_output_LLAMA3-BWB_bwplacement_bs64_staticreq_statictask,SCRUBBED_TIME+LLAMA3-BWB_BMPD256_3_6_15
64,3,0,0,7,14,256,0.0,,bw,static,static,results,Results,Results_LLAMA31,LLAMA3-BWB-Results,simulator_output_LLAMA3-BWB_bwplacement_bs64_staticreq_statictask,SCRUBBED_TIME+LLAMA3-BWB_BMPD256_3_7_14
64,2,0,0,9,13,256,0.0,,bw,static,static,results,Results,Results_LLAMA31,LLAMA3-BWB-Results,simulator_output_LLAMA3-BWB_bwplacement_bs64_staticreq_statictask,SCRUBBED_TIME+LLAMA3-BWB_BMPD256_2_9_13
64,2,0,0,10,12,256,0.0,,bw,static,static,results,Results,Results_LLAMA31,LLAMA3-BWB-Results,simulator_output_LLAMA3-BWB_bwplacement_bs64_staticreq_statictask,SCRUBBED_TIME+LLAMA3-BWB_BMPD256_2_10_12
64,3,0,0,5,16,256,0.0,,bw,static,static,results,Results,Results_LLAMA31,LLAMA3-BWB-Results,simulator_output_LLAMA3-BWB_bwplacement_bs64_staticreq_statictask,SCRUBBED_TIME+LLAMA3-BWB_BMPD256_3_5_16
64,2,0,0,4,18,256,0.0,,bw,static,static,results,Results,Results_LLAMA31,LLAMA3-BWB-Results,simulator_output_LLAMA3-BWB_bwplacement_bs64_staticreq_statictask,SCRUBBED_TIME+LLAMA3-BWB_BMPD256_2_4_18
64,3,0,0,17,4,256,0.0,,bw,static,static,results,Results,Results_LLAMA31,LLAMA3-BWB-Results,simulator_output_LLAMA3-BWB_bwplacement_bs64_staticreq_statictask,SCRUBBED_TIME+LLAMA3-BWB_BMPD256_3_17_4
64,3,0,0,2,19,256,0.0,,bw,static,static,results,Results,Results_LLAMA31,LLAMA3-BWB-Results,simulator_output_LLAMA3-BWB_bwplacement_bs64_staticreq_statictask,SCRUBBED_TIME+LLAMA3-BWB_BMPD256_3_2_19
64,2,0,0,13,9,256,0.0,,bw,static,static,results,Results,Results_LLAMA31,LLAMA3-BWB-Results,simulator_output_LLAMA3-BWB_bwplacement_bs64_staticreq_statictask,SCRUBBED_TIME+LLAMA3-BWB_BMPD256_2_13_9
64,2,0,0,12,10,256,0.0,,bw,static,static,results,Results,Results_LLAMA31,LLAMA3-BWB-Results,simulator_output_LLAMA3-BWB_bwplacement_bs64_staticreq_statictask,SCRUBBED_TIME+LLAMA3-BWB_BMPD256_2_12_10
64,3,0,0,18,3,256,0.0,,bw,static,static,results,Results,Results_LLAMA31,LLAMA3-BWB-Results,simulator_output_LLAMA3-BWB_bwplacement_bs64_staticreq_statictask,SCRUBBED_TIME+LLAMA3-BWB_BMPD256_3_18_3
64,2,0,0,18,4,256,0.0,,bw,static,static,results,Results,Results_LLAMA31,LLAMA3-BWB-Results,simulator_output_LLAMA3-BWB_bwplacement_bs64_staticreq_statictask,SCRUBBED_TIME+LLAMA3-BWB_BMPD256_2_18_4
64,2,0,0,14,8,256,0.0,,bw,static,static,results,Results,Results_LLAMA31,LLAMA3-BWB-Results,simulator_output_LLAMA3-BWB_bwplacement_bs64_staticreq_statictask,SCRUBBED_TIME+LLAMA3-BWB_BMPD256_2_14_8
64,2,0,0,20,2,256,0.0,,bw,static,static,results,Results,Results_LLAMA31,LLAMA3-BWB-Results,simulator_output_LLAMA3-BWB_bwplacement_bs64_staticreq_statictask,SCRUBBED_TIME+LLAMA3-BWB_BMPD256_2_20_2
64,3,0,0,16,5,256,0.0,,bw,static,static,results,Results,Results_LLAMA31,LLAMA3-BWB-Results,simulator_output_LLAMA3-BWB_bwplacement_bs64_staticreq_statictask,SCRUBBED_TIME+LLAMA3-BWB_BMPD256_3_16_5
64,3,0,0,10,11,256,0.0,,bw,static,static,results,Results,Results_LLAMA31,LLAMA3-BWB-Results,simulator_output_LLAMA3-BWB_bwplacement_bs64_staticreq_statictask,SCRUBBED_TIME+LLAMA3-BWB_BMPD256_3_10_11
64,3,0,0,11,10,256,0.0,,bw,static,static,results,Results,Results_LLAMA31,LLAMA3-BWB-Results,simulator_output_LLAMA3-BWB_bwplacement_bs64_staticreq_statictask,SCRUBBED_TIME+LLAMA3-BWB_BMPD256_3_11_10
64,2,0,0,11,11,256,0.0,,bw,static,static,results,Results,Results_LLAMA31,LLAMA3-BWB-Results,simulator_output_LLAMA3-BWB_bwplacement_bs64_staticreq_statictask,SCRUBBED_TIME+LLAMA3-BWB_BMPD256_2_11_11
64,3,0,0,4,17,256,0.0,,bw,static,static,results,Results,Results_LLAMA31,LLAMA3-BWB-Results,simulator_output_LLAMA3-BWB_bwplacement_bs64_staticreq_statictask,SCRUBBED_TIME+LLAMA3-BWB_BMPD256_3_4_17
64,3,0,0,20,1,256,0.0,,bw,static,static,results,Results,Results_LLAMA31,LLAMA3-BWB-Results,simulator_output_LLAMA3-BWB_bwplacement_bs64_staticreq_statictask,SCRUBBED_TIME+LLAMA3-BWB_BMPD256_3_20_1
64,4,0,0,1,19,256,0.0,,bw,static,static,results,Results,Results_LLAMA31,LLAMA3-BWB-Results,simulator_output_LLAMA3-BWB_bwplacement_bs64_staticreq_statictask,SCRUBBED_TIME+LLAMA3-BWB_BMPD256_4_1_19
64,4,0,0,5,15,256,0.0,,bw,static,static,results,Results,Results_LLAMA31,LLAMA3-BWB-Results,simulator_output_LLAMA3-BWB_bwplacement_bs64_staticreq_statictask,SCRUBBED_TIME+LLAMA3-BWB_BMPD256_4_5_15
64,4,0,0,4,16,256,0.0,,bw,static,static,results,Results,Results_LLAMA31,LLAMA3-BWB-Results,simulator_output_LLAMA3-BWB_bwplacement_bs64_staticreq_statictask,SCRUBBED_TIME+LLAMA3-BWB_BMPD256_4_4_16
64,4,0,0,2,18,256,0.0,,bw,static,static,results,Results,Results_LLAMA31,LLAMA3-BWB-Results,simulator_output_LLAMA3-BWB_bwplacement_bs64_staticreq_statictask,SCRUBBED_TIME+LLAMA3-BWB_BMPD256_4_2_18
64,4,0,0,3,17,256,0.0,,bw,static,static,results,Results,Results_LLAMA31,LLAMA3-BWB-Results,simulator_output_LLAMA3-BWB_bwplacement_bs64_staticreq_statictask,SCRUBBED_TIME+LLAMA3-BWB_BMPD256_4_3_17
64,4,0,0,7,13,256,0.0,,bw,static,static,results,Results,Results_LLAMA31,LLAMA3-BWB-Results,simulator_output_LLAMA3-BWB_bwplacement_bs64_staticreq_statictask,SCRUBBED_TIME+LLAMA3-BWB_BMPD256_4_7_13
64,4,0,0,6,14,256,0.0,,bw,static,static,results,Results,Results_LLAMA31,LLAMA3-BWB-Results,simulator_output_LLAMA3-BWB_bwplacement_bs64_staticreq_statictask,SCRUBBED_TIME+LLAMA3-BWB_BMPD256_4_6_14
64,4,0,0,8,12,256,0.0,,bw,static,static,results,Results,Results_LLAMA31,LLAMA3-BWB-Results,simulator_output_LLAMA3-BWB_bwplacement_bs64_staticreq_statictask,SCRUBBED_TIME+LLAMA3-BWB_BMPD256_4_8_12
64,4,0,0,9,11,256,0.0,,bw,static,static,results,Results,Results_LLAMA31,LLAMA3-BWB-Results,simulator_output_LLAMA3-BWB_bwplacement_bs64_staticreq_statictask,SCRUBBED_TIME+LLAMA3-BWB_BMPD256_4_9_11
64,4,0,0,10,10,256,0.0,,bw,static,static,results,Results,Results_LLAMA31,LLAMA3-BWB-Results,simulator_output_LLAMA3-BWB_bwplacement_bs64_staticreq_statictask,SCRUBBED_TIME+LLAMA3-BWB_BMPD256_4_10_10
64,4,0,0,11,9,256,0.0,,bw,static,static,results,Results,Results_LLAMA31,LLAMA3-BWB-Results,simulator_output_LLAMA3-BWB_bwplacement_bs64_staticreq_statictask,SCRUBBED_TIME+LLAMA3-BWB_BMPD256_4_11_9
64,4,0,0,18,2,256,0.0,,bw,static,static,results,Results,Results_LLAMA31,LLAMA3-BWB-Results,simulator_output_LLAMA3-BWB_bwplacement_bs64_staticreq_statictask,SCRUBBED_TIME+LLAMA3-BWB_BMPD256_4_18_2
64,4,0,0,19,1,256,0.0,,bw,static,static,results,Results,Results_LLAMA31,LLAMA3-BWB-Results,simulator_output_LLAMA3-BWB_bwplacement_bs64_staticreq_statictask,SCRUBBED_TIME+LLAMA3-BWB_BMPD256_4_19_1
64,4,0,0,14,6,256,0.0,,bw,static,static,results,Results,Results_LLAMA31,LLAMA3-BWB-Results,simulator_output_LLAMA3-BWB_bwplacement_bs64_staticreq_statictask,SCRUBBED_TIME+LLAMA3-BWB_BMPD256_4_14_6
64,4,0,0,12,8,256,0.0,,bw,static,static,results,Results,Results_LLAMA31,LLAMA3-BWB-Results,simulator_output_LLAMA3-BWB_bwplacement_bs64_staticreq_statictask,SCRUBBED_TIME+LLAMA3-BWB_BMPD256_4_12_8
64,4,0,0,15,5,256,0.0,,bw,static,static,results,Results,Results_LLAMA31,LLAMA3-BWB-Results,simulator_output_LLAMA3-BWB_bwplacement_bs64_staticreq_statictask,SCRUBBED_TIME+LLAMA3-BWB_BMPD256_4_15_5
64,5,0,0,8,11,256,0.0,,bw,static,static,results,Results,Results_LLAMA31,LLAMA3-BWB-Results,simulator_output_LLAMA3-BWB_bwplacement_bs64_staticreq_statictask,SCRUBBED_TIME+LLAMA3-BWB_BMPD256_5_8_11
64,5,0,0,7,12,256,0.0,,bw,static,static,results,Results,Results_LLAMA31,LLAMA3-BWB-Results,simulator_output_LLAMA3-BWB_bwplacement_bs64_staticreq_statictask,SCRUBBED_TIME+LLAMA3-BWB_BMPD256_5_7_12
64,4,0,0,13,7,256,0.0,,bw,static,static,results,Results,Results_LLAMA31,LLAMA3-BWB-Results,simulator_output_LLAMA3-BWB_bwplacement_bs64_staticreq_statictask,SCRUBBED_TIME+LLAMA3-BWB_BMPD256_4_13_7
64,4,0,0,16,4,256,0.0,,bw,static,static,results,Results,Results_LLAMA31,LLAMA3-BWB-Results,simulator_output_LLAMA3-BWB_bwplacement_bs64_staticreq_statictask,SCRUBBED_TIME+LLAMA3-BWB_BMPD256_4_16_4
64,5,0,0,4,15,256,0.0,,bw,static,static,results,Results,Results_LLAMA31,LLAMA3-BWB-Results,simulator_output_LLAMA3-BWB_bwplacement_bs64_staticreq_statictask,SCRUBBED_TIME+LLAMA3-BWB_BMPD256_5_4_15
64,4,0,0,17,3,256,0.0,,bw,static,static,results,Results,Results_LLAMA31,LLAMA3-BWB-Results,simulator_output_LLAMA3-BWB_bwplacement_bs64_staticreq_statictask,SCRUBBED_TIME+LLAMA3-BWB_BMPD256_4_17_3
64,5,0,0,6,13,256,0.0,,bw,static,static,results,Results,Results_LLAMA31,LLAMA3-BWB-Results,simulator_output_LLAMA3-BWB_bwplacement_bs64_staticreq_statictask,SCRUBBED_TIME+LLAMA3-BWB_BMPD256_5_6_13
64,5,0,0,14,5,256,0.0,,bw,static,static,results,Results,Results_LLAMA31,LLAMA3-BWB-Results,simulator_output_LLAMA3-BWB_bwplacement_bs64_staticreq_statictask,SCRUBBED_TIME+LLAMA3-BWB_BMPD256_5_14_5
64,5,0,0,5,14,256,0.0,,bw,static,static,results,Results,Results_LLAMA31,LLAMA3-BWB-Results,simulator_output_LLAMA3-BWB_bwplacement_bs64_staticreq_statictask,SCRUBBED_TIME+LLAMA3-BWB_BMPD256_5_5_14
64,5,0,0,9,10,256,0.0,,bw,static,static,results,Results,Results_LLAMA31,LLAMA3-BWB-Results,simulator_output_LLAMA3-BWB_bwplacement_bs64_staticreq_statictask,SCRUBBED_TIME+LLAMA3-BWB_BMPD256_5_9_10
64,5,0,0,3,16,256,0.0,,bw,static,static,results,Results,Results_LLAMA31,LLAMA3-BWB-Results,simulator_output_LLAMA3-BWB_bwplacement_bs64_staticreq_statictask,SCRUBBED_TIME+LLAMA3-BWB_BMPD256_5_3_16
64,5,0,0,2,17,256,0.0,,bw,static,static,results,Results,Results_LLAMA31,LLAMA3-BWB-Results,simulator_output_LLAMA3-BWB_bwplacement_bs64_staticreq_statictask,SCRUBBED_TIME+LLAMA3-BWB_BMPD256_5_2_17
64,5,0,0,12,7,256,0.0,,bw,static,static,results,Results,Results_LLAMA31,LLAMA3-BWB-Results,simulator_output_LLAMA3-BWB_bwplacement_bs64_staticreq_statictask,SCRUBBED_TIME+LLAMA3-BWB_BMPD256_5_12_7
64,5,0,0,1,18,256,0.0,,bw,static,static,results,Results,Results_LLAMA31,LLAMA3-BWB-Results,simulator_output_LLAMA3-BWB_bwplacement_bs64_staticreq_statictask,SCRUBBED_TIME+LLAMA3-BWB_BMPD256_5_1_18
64,5,0,0,17,2,256,0.0,,bw,static,static,results,Results,Results_LLAMA31,LLAMA3-BWB-Results,simulator_output_LLAMA3-BWB_bwplacement_bs64_staticreq_statictask,SCRUBBED_TIME+LLAMA3-BWB_BMPD256_5_17_2
64,5,0,0,11,8,256,0.0,,bw,static,static,results,Results,Results_LLAMA31,LLAMA3-BWB-Results,simulator_output_LLAMA3-BWB_bwplacement_bs64_staticreq_statictask,SCRUBBED_TIME+LLAMA3-BWB_BMPD256_5_11_8
64,6,0,0,1,17,256,0.0,,bw,static,static,results,Results,Results_LLAMA31,LLAMA3-BWB-Results,simulator_output_LLAMA3-BWB_bwplacement_bs64_staticreq_statictask,SCRUBBED_TIME+LLAMA3-BWB_BMPD256_6_1_17
64,5,0,0,10,9,256,0.0,,bw,static,static,results,Results,Results_LLAMA31,LLAMA3-BWB-Results,simulator_output_LLAMA3-BWB_bwplacement_bs64_staticreq_statictask,SCRUBBED_TIME+LLAMA3-BWB_BMPD256_5_10_9
64,5,0,0,13,6,256,0.0,,bw,static,static,results,Results,Results_LLAMA31,LLAMA3-BWB-Results,simulator_output_LLAMA3-BWB_bwplacement_bs64_staticreq_statictask,SCRUBBED_TIME+LLAMA3-BWB_BMPD256_5_13_6
64,5,0,0,16,3,256,0.0,,bw,static,static,results,Results,Results_LLAMA31,LLAMA3-BWB-Results,simulator_output_LLAMA3-BWB_bwplacement_bs64_staticreq_statictask,SCRUBBED_TIME+LLAMA3-BWB_BMPD256_5_16_3
64,5,0,0,15,4,256,0.0,,bw,static,static,results,Results,Results_LLAMA31,LLAMA3-BWB-Results,simulator_output_LLAMA3-BWB_bwplacement_bs64_staticreq_statictask,SCRUBBED_TIME+LLAMA3-BWB_BMPD256_5_15_4
64,5,0,0,18,1,256,0.0,,bw,static,static,results,Results,Results_LLAMA31,LLAMA3-BWB-Results,simulator_output_LLAMA3-BWB_bwplacement_bs64_staticreq_statictask,SCRUBBED_TIME+LLAMA3-BWB_BMPD256_5_18_1
64,6,0,0,3,15,256,0.0,,bw,static,static,results,Results,Results_LLAMA31,LLAMA3-BWB-Results,simulator_output_LLAMA3-BWB_bwplacement_bs64_staticreq_statictask,SCRUBBED_TIME+LLAMA3-BWB_BMPD256_6_3_15
64,6,0,0,5,13,256,0.0,,bw,static,static,results,Results,Results_LLAMA31,LLAMA3-BWB-Results,simulator_output_LLAMA3-BWB_bwplacement_bs64_staticreq_statictask,SCRUBBED_TIME+LLAMA3-BWB_BMPD256_6_5_13
64,6,0,0,2,16,256,0.0,,bw,static,static,results,Results,Results_LLAMA31,LLAMA3-BWB-Results,simulator_output_LLAMA3-BWB_bwplacement_bs64_staticreq_statictask,SCRUBBED_TIME+LLAMA3-BWB_BMPD256_6_2_16
64,6,0,0,7,11,256,0.0,,bw,static,static,results,Results,Results_LLAMA31,LLAMA3-BWB-Results,simulator_output_LLAMA3-BWB_bwplacement_bs64_staticreq_statictask,SCRUBBED_TIME+LLAMA3-BWB_BMPD256_6_7_11
64,6,0,0,8,10,256,0.0,,bw,static,static,results,Results,Results_LLAMA31,LLAMA3-BWB-Results,simulator_output_LLAMA3-BWB_bwplacement_bs64_staticreq_statictask,SCRUBBED_TIME+LLAMA3-BWB_BMPD256_6_8_10
64,6,0,0,6,12,256,0.0,,bw,static,static,results,Results,Results_LLAMA31,LLAMA3-BWB-Results,simulator_output_LLAMA3-BWB_bwplacement_bs64_staticreq_statictask,SCRUBBED_TIME+LLAMA3-BWB_BMPD256_6_6_12
64,6,0,0,4,14,256,0.0,,bw,static,static,results,Results,Results_LLAMA31,LLAMA3-BWB-Results,simulator_output_LLAMA3-BWB_bwplacement_bs64_staticreq_statictask,SCRUBBED_TIME+LLAMA3-BWB_BMPD256_6_4_14
64,6,0,0,9,9,256,0.0,,bw,static,static,results,Results,Results_LLAMA31,LLAMA3-BWB-Results,simulator_output_LLAMA3-BWB_bwplacement_bs64_staticreq_statictask,SCRUBBED_TIME+LLAMA3-BWB_BMPD256_6_9_9
64,6,0,0,11,7,256,0.0,,bw,static,static,results,Results,Results_LLAMA31,LLAMA3-BWB-Results,simulator_output_LLAMA3-BWB_bwplacement_bs64_staticreq_statictask,SCRUBBED_TIME+LLAMA3-BWB_BMPD256_6_11_7
64,6,0,0,10,8,256,0.0,,bw,static,static,results,Results,Results_LLAMA31,LLAMA3-BWB-Results,simulator_output_LLAMA3-BWB_bwplacement_bs64_staticreq_statictask,SCRUBBED_TIME+LLAMA3-BWB_BMPD256_6_10_8
64,6,0,0,12,6,256,0.0,,bw,static,static,results,Results,Results_LLAMA31,LLAMA3-BWB-Results,simulator_output_LLAMA3-BWB_bwplacement_bs64_staticreq_statictask,SCRUBBED_TIME+LLAMA3-BWB_BMPD256_6_12_6
64,6,0,0,15,3,256,0.0,,bw,static,static,results,Results,Results_LLAMA31,LLAMA3-BWB-Results,simulator_output_LLAMA3-BWB_bwplacement_bs64_staticreq_statictask,SCRUBBED_TIME+LLAMA3-BWB_BMPD256_6_15_3
64,6,0,0,13,5,256,0.0,,bw,static,static,results,Results,Results_LLAMA31,LLAMA3-BWB-Results,simulator_output_LLAMA3-BWB_bwplacement_bs64_staticreq_statictask,SCRUBBED_TIME+LLAMA3-BWB_BMPD256_6_13_5
64,6,0,0,14,4,256,0.0,,bw,static,static,results,Results,Results_LLAMA31,LLAMA3-BWB-Results,simulator_output_LLAMA3-BWB_bwplacement_bs64_staticreq_statictask,SCRUBBED_TIME+LLAMA3-BWB_BMPD256_6_14_4
64,6,0,0,16,2,256,0.0,,bw,static,static,results,Results,Results_LLAMA31,LLAMA3-BWB-Results,simulator_output_LLAMA3-BWB_bwplacement_bs64_staticreq_statictask,SCRUBBED_TIME+LLAMA3-BWB_BMPD256_6_16_2
64,6,0,0,17,1,256,0.0,,bw,static,static,results,Results,Results_LLAMA31,LLAMA3-BWB-Results,simulator_output_LLAMA3-BWB_bwplacement_bs64_staticreq_statictask,SCRUBBED_TIME+LLAMA3-BWB_BMPD256_6_17_1
64,7,0,0,1,16,256,0.0,,bw,static,static,results,Results,Results_LLAMA31,LLAMA3-BWB-Results,simulator_output_LLAMA3-BWB_bwplacement_bs64_staticreq_statictask,SCRUBBED_TIME+LLAMA3-BWB_BMPD256_7_1_16
64,7,0,0,7,10,256,0.0,,bw,static,static,results,Results,Results_LLAMA31,LLAMA3-BWB-Results,simulator_output_LLAMA3-BWB_bwplacement_bs64_staticreq_statictask,SCRUBBED_TIME+LLAMA3-BWB_BMPD256_7_7_10
64,7,0,0,5,12,256,0.0,,bw,static,static,results,Results,Results_LLAMA31,LLAMA3-BWB-Results,simulator_output_LLAMA3-BWB_bwplacement_bs64_staticreq_statictask,SCRUBBED_TIME+LLAMA3-BWB_BMPD256_7_5_12
64,7,0,0,6,11,256,0.0,,bw,static,static,results,Results,Results_LLAMA31,LLAMA3-BWB-Results,simulator_output_LLAMA3-BWB_bwplacement_bs64_staticreq_statictask,SCRUBBED_TIME+LLAMA3-BWB_BMPD256_7_6_11
64,7,0,0,3,14,256,0.0,,bw,static,static,results,Results,Results_LLAMA31,LLAMA3-BWB-Results,simulator_output_LLAMA3-BWB_bwplacement_bs64_staticreq_statictask,SCRUBBED_TIME+LLAMA3-BWB_BMPD256_7_3_14
64,7,0,0,2,15,256,0.0,,bw,static,static,results,Results,Results_LLAMA31,LLAMA3-BWB-Results,simulator_output_LLAMA3-BWB_bwplacement_bs64_staticreq_statictask,SCRUBBED_TIME+LLAMA3-BWB_BMPD256_7_2_15
64,7,0,0,4,13,256,0.0,,bw,static,static,results,Results,Results_LLAMA31,LLAMA3-BWB-Results,simulator_output_LLAMA3-BWB_bwplacement_bs64_staticreq_statictask,SCRUBBED_TIME+LLAMA3-BWB_BMPD256_7_4_13
64,7,0,0,12,5,256,0.0,,bw,static,static,results,Results,Results_LLAMA31,LLAMA3-BWB-Results,simulator_output_LLAMA3-BWB_bwplacement_bs64_staticreq_statictask,SCRUBBED_TIME+LLAMA3-BWB_BMPD256_7_12_5
64,7,0,0,13,4,256,0.0,,bw,static,static,results,Results,Results_LLAMA31,LLAMA3-BWB-Results,simulator_output_LLAMA3-BWB_bwplacement_bs64_staticreq_statictask,SCRUBBED_TIME+LLAMA3-BWB_BMPD256_7_13_4
64,7,0,0,14,3,256,0.0,,bw,static,static,results,Results,Results_LLAMA31,LLAMA3-BWB-Results,simulator_output_LLAMA3-BWB_bwplacement_bs64_staticreq_statictask,SCRUBBED_TIME+LLAMA3-BWB_BMPD256_7_14_3
64,7,0,0,9,8,256,0.0,,bw,static,static,results,Results,Results_LLAMA31,LLAMA3-BWB-Results,simulator_output_LLAMA3-BWB_bwplacement_bs64_staticreq_statictask,SCRUBBED_TIME+LLAMA3-BWB_BMPD256_7_9_8
64,7,0,0,11,6,256,0.0,,bw,static,static,results,Results,Results_LLAMA31,LLAMA3-BWB-Results,simulator_output_LLAMA3-BWB_bwplacement_bs64_staticreq_statictask,SCRUBBED_TIME+LLAMA3-BWB_BMPD256_7_11_6
64,7,0,0,10,7,256,0.0,,bw,static,static,results,Results,Results_LLAMA31,LLAMA3-BWB-Results,simulator_output_LLAMA3-BWB_bwplacement_bs64_staticreq_statictask,SCRUBBED_TIME+LLAMA3-BWB_BMPD256_7_10_7
64,7,0,0,16,1,256,0.0,,bw,static,static,results,Results,Results_LLAMA31,LLAMA3-BWB-Results,simulator_output_LLAMA3-BWB_bwplacement_bs64_staticreq_statictask,SCRUBBED_TIME+LLAMA3-BWB_BMPD256_7_16_1
64,7,0,0,15,2,256,0.0,,bw,static,static,results,Results,Results_LLAMA31,LLAMA3-BWB-Results,simulator_output_LLAMA3-BWB_bwplacement_bs64_staticreq_statictask,SCRUBBED_TIME+LLAMA3-BWB_BMPD256_7_15_2
64,8,0,0,3,13,256,0.0,,bw,static,static,results,Results,Results_LLAMA31,LLAMA3-BWB-Results,simulator_output_LLAMA3-BWB_bwplacement_bs64_staticreq_statictask,SCRUBBED_TIME+LLAMA3-BWB_BMPD256_8_3_13
64,8,0,0,2,14,256,0.0,,bw,static,static,results,Results,Results_LLAMA31,LLAMA3-BWB-Results,simulator_output_LLAMA3-BWB_bwplacement_bs64_staticreq_statictask,SCRUBBED_TIME+LLAMA3-BWB_BMPD256_8_2_14
64,8,0,0,1,15,256,0.0,,bw,static,static,results,Results,Results_LLAMA31,LLAMA3-BWB-Results,simulator_output_LLAMA3-BWB_bwplacement_bs64_staticreq_statictask,SCRUBBED_TIME+LLAMA3-BWB_BMPD256_8_1_15
64,8,0,0,5,11,256,0.0,,bw,static,static,results,Results,Results_LLAMA31,LLAMA3-BWB-Results,simulator_output_LLAMA3-BWB_bwplacement_bs64_staticreq_statictask,SCRUBBED_TIME+LLAMA3-BWB_BMPD256_8_5_11
64,7,0,0,8,9,256,0.0,,bw,static,static,results,Results,Results_LLAMA31,LLAMA3-BWB-Results,simulator_output_LLAMA3-BWB_bwplacement_bs64_staticreq_statictask,SCRUBBED_TIME+LLAMA3-BWB_BMPD256_7_8_9
64,8,0,0,7,9,256,0.0,,bw,static,static,results,Results,Results_LLAMA31,LLAMA3-BWB-Results,simulator_output_LLAMA3-BWB_bwplacement_bs64_staticreq_statictask,SCRUBBED_TIME+LLAMA3-BWB_BMPD256_8_7_9
64,8,0,0,6,10,256,0.0,,bw,static,static,results,Results,Results_LLAMA31,LLAMA3-BWB-Results,simulator_output_LLAMA3-BWB_bwplacement_bs64_staticreq_statictask,SCRUBBED_TIME+LLAMA3-BWB_BMPD256_8_6_10
64,8,0,0,4,12,256,0.0,,bw,static,static,results,Results,Results_LLAMA31,LLAMA3-BWB-Results,simulator_output_LLAMA3-BWB_bwplacement_bs64_staticreq_statictask,SCRUBBED_TIME+LLAMA3-BWB_BMPD256_8_4_12
64,8,0,0,8,8,256,0.0,,bw,static,static,results,Results,Results_LLAMA31,LLAMA3-BWB-Results,simulator_output_LLAMA3-BWB_bwplacement_bs64_staticreq_statictask,SCRUBBED_TIME+LLAMA3-BWB_BMPD256_8_8_8
64,8,0,0,11,5,256,0.0,,bw,static,static,results,Results,Results_LLAMA31,LLAMA3-BWB-Results,simulator_output_LLAMA3-BWB_bwplacement_bs64_staticreq_statictask,SCRUBBED_TIME+LLAMA3-BWB_BMPD256_8_11_5
64,8,0,0,14,2,256,0.0,,bw,static,static,results,Results,Results_LLAMA31,LLAMA3-BWB-Results,simulator_output_LLAMA3-BWB_bwplacement_bs64_staticreq_statictask,SCRUBBED_TIME+LLAMA3-BWB_BMPD256_8_14_2
64,8,0,0,9,7,256,0.0,,bw,static,static,results,Results,Results_LLAMA31,LLAMA3-BWB-Results,simulator_output_LLAMA3-BWB_bwplacement_bs64_staticreq_statictask,SCRUBBED_TIME+LLAMA3-BWB_BMPD256_8_9_7
64,8,0,0,10,6,256,0.0,,bw,static,static,results,Results,Results_LLAMA31,LLAMA3-BWB-Results,simulator_output_LLAMA3-BWB_bwplacement_bs64_staticreq_statictask,SCRUBBED_TIME+LLAMA3-BWB_BMPD256_8_10_6
64,8,0,0,12,4,256,0.0,,bw,static,static,results,Results,Results_LLAMA31,LLAMA3-BWB-Results,simulator_output_LLAMA3-BWB_bwplacement_bs64_staticreq_statictask,SCRUBBED_TIME+LLAMA3-BWB_BMPD256_8_12_4
64,8,0,0,15,1,256,0.0,,bw,static,static,results,Results,Results_LLAMA31,LLAMA3-BWB-Results,simulator_output_LLAMA3-BWB_bwplacement_bs64_staticreq_statictask,SCRUBBED_TIME+LLAMA3-BWB_BMPD256_8_15_1
64,8,0,0,13,3,256,0.0,,bw,static,static,results,Results,Results_LLAMA31,LLAMA3-BWB-Results,simulator_output_LLAMA3-BWB_bwplacement_bs64_staticreq_statictask,SCRUBBED_TIME+LLAMA3-BWB_BMPD256_8_13_3
64,9,0,0,1,14,256,0.0,,bw,static,static,results,Results,Results_LLAMA31,LLAMA3-BWB-Results,simulator_output_LLAMA3-BWB_bwplacement_bs64_staticreq_statictask,SCRUBBED_TIME+LLAMA3-BWB_BMPD256_9_1_14
64,9,0,0,2,13,256,0.0,,bw,static,static,results,Results,Results_LLAMA31,LLAMA3-BWB-Results,simulator_output_LLAMA3-BWB_bwplacement_bs64_staticreq_statictask,SCRUBBED_TIME+LLAMA3-BWB_BMPD256_9_2_13
64,9,0,0,4,11,256,0.0,,bw,static,static,results,Results,Results_LLAMA31,LLAMA3-BWB-Results,simulator_output_LLAMA3-BWB_bwplacement_bs64_staticreq_statictask,SCRUBBED_TIME+LLAMA3-BWB_BMPD256_9_4_11
64,9,0,0,3,12,256,0.0,,bw,static,static,results,Results,Results_LLAMA31,LLAMA3-BWB-Results,simulator_output_LLAMA3-BWB_bwplacement_bs64_staticreq_statictask,SCRUBBED_TIME+LLAMA3-BWB_BMPD256_9_3_12
64,9,0,0,5,10,256,0.0,,bw,static,static,results,Results,Results_LLAMA31,LLAMA3-BWB-Results,simulator_output_LLAMA3-BWB_bwplacement_bs64_staticreq_statictask,SCRUBBED_TIME+LLAMA3-BWB_BMPD256_9_5_10
64,9,0,0,6,9,256,0.0,,bw,static,static,results,Results,Results_LLAMA31,LLAMA3-BWB-Results,simulator_output_LLAMA3-BWB_bwplacement_bs64_staticreq_statictask,SCRUBBED_TIME+LLAMA3-BWB_BMPD256_9_6_9
64,9,0,0,8,7,256,0.0,,bw,static,static,results,Results,Results_LLAMA31,LLAMA3-BWB-Results,simulator_output_LLAMA3-BWB_bwplacement_bs64_staticreq_statictask,SCRUBBED_TIME+LLAMA3-BWB_BMPD256_9_8_7
64,9,0,0,7,8,256,0.0,,bw,static,static,results,Results,Results_LLAMA31,LLAMA3-BWB-Results,simulator_output_LLAMA3-BWB_bwplacement_bs64_staticreq_statictask,SCRUBBED_TIME+LLAMA3-BWB_BMPD256_9_7_8
64,9,0,0,10,5,256,0.0,,bw,static,static,results,Results,Results_LLAMA31,LLAMA3-BWB-Results,simulator_output_LLAMA3-BWB_bwplacement_bs64_staticreq_statictask,SCRUBBED_TIME+LLAMA3-BWB_BMPD256_9_10_5
64,9,0,0,11,4,256,0.0,,bw,static,static,results,Results,Results_LLAMA31,LLAMA3-BWB-Results,simulator_output_LLAMA3-BWB_bwplacement_bs64_staticreq_statictask,SCRUBBED_TIME+LLAMA3-BWB_BMPD256_9_11_4
64,9,0,0,9,6,256,0.0,,bw,static,static,results,Results,Results_LLAMA31,LLAMA3-BWB-Results,simulator_output_LLAMA3-BWB_bwplacement_bs64_staticreq_statictask,SCRUBBED_TIME+LLAMA3-BWB_BMPD256_9_9_6
64,9,0,0,13,2,256,0.0,,bw,static,static,results,Results,Results_LLAMA31,LLAMA3-BWB-Results,simulator_output_LLAMA3-BWB_bwplacement_bs64_staticreq_statictask,SCRUBBED_TIME+LLAMA3-BWB_BMPD256_9_13_2
64,9,0,0,12,3,256,0.0,,bw,static,static,results,Results,Results_LLAMA31,LLAMA3-BWB-Results,simulator_output_LLAMA3-BWB_bwplacement_bs64_staticreq_statictask,SCRUBBED_TIME+LLAMA3-BWB_BMPD256_9_12_3
64,10,0,0,5,9,256,0.0,,bw,static,static,results,Results,Results_LLAMA31,LLAMA3-BWB-Results,simulator_output_LLAMA3-BWB_bwplacement_bs64_staticreq_statictask,SCRUBBED_TIME+LLAMA3-BWB_BMPD256_10_5_9
64,10,0,0,1,13,256,0.0,,bw,static,static,results,Results,Results_LLAMA31,LLAMA3-BWB-Results,simulator_output_LLAMA3-BWB_bwplacement_bs64_staticreq_statictask,SCRUBBED_TIME+LLAMA3-BWB_BMPD256_10_1_13
64,10,0,0,13,1,256,0.0,,bw,static,static,results,Results,Results_LLAMA31,LLAMA3-BWB-Results,simulator_output_LLAMA3-BWB_bwplacement_bs64_staticreq_statictask,SCRUBBED_TIME+LLAMA3-BWB_BMPD256_10_13_1
64,10,0,0,4,10,256,0.0,,bw,static,static,results,Results,Results_LLAMA31,LLAMA3-BWB-Results,simulator_output_LLAMA3-BWB_bwplacement_bs64_staticreq_statictask,SCRUBBED_TIME+LLAMA3-BWB_BMPD256_10_4_10
64,10,0,0,6,8,256,0.0,,bw,static,static,results,Results,Results_LLAMA31,LLAMA3-BWB-Results,simulator_output_LLAMA3-BWB_bwplacement_bs64_staticreq_statictask,SCRUBBED_TIME+LLAMA3-BWB_BMPD256_10_6_8
64,10,0,0,3,11,256,0.0,,bw,static,static,results,Results,Results_LLAMA31,LLAMA3-BWB-Results,simulator_output_LLAMA3-BWB_bwplacement_bs64_staticreq_statictask,SCRUBBED_TIME+LLAMA3-BWB_BMPD256_10_3_11
64,9,0,0,14,1,256,0.0,,bw,static,static,results,Results,Results_LLAMA31,LLAMA3-BWB-Results,simulator_output_LLAMA3-BWB_bwplacement_bs64_staticreq_statictask,SCRUBBED_TIME+LLAMA3-BWB_BMPD256_9_14_1
64,10,0,0,7,7,256,0.0,,bw,static,static,results,Results,Results_LLAMA31,LLAMA3-BWB-Results,simulator_output_LLAMA3-BWB_bwplacement_bs64_staticreq_statictask,SCRUBBED_TIME+LLAMA3-BWB_BMPD256_10_7_7
64,11,0,0,4,9,256,0.0,,bw,static,static,results,Results,Results_LLAMA31,LLAMA3-BWB-Results,simulator_output_LLAMA3-BWB_bwplacement_bs64_staticreq_statictask,SCRUBBED_TIME+LLAMA3-BWB_BMPD256_11_4_9
64,10,0,0,10,4,256,0.0,,bw,static,static,results,Results,Results_LLAMA31,LLAMA3-BWB-Results,simulator_output_LLAMA3-BWB_bwplacement_bs64_staticreq_statictask,SCRUBBED_TIME+LLAMA3-BWB_BMPD256_10_10_4
64,11,0,0,1,12,256,0.0,,bw,static,static,results,Results,Results_LLAMA31,LLAMA3-BWB-Results,simulator_output_LLAMA3-BWB_bwplacement_bs64_staticreq_statictask,SCRUBBED_TIME+LLAMA3-BWB_BMPD256_11_1_12
64,10,0,0,11,3,256,0.0,,bw,static,static,results,Results,Results_LLAMA31,LLAMA3-BWB-Results,simulator_output_LLAMA3-BWB_bwplacement_bs64_staticreq_statictask,SCRUBBED_TIME+LLAMA3-BWB_BMPD256_10_11_3
64,10,0,0,9,5,256,0.0,,bw,static,static,results,Results,Results_LLAMA31,LLAMA3-BWB-Results,simulator_output_LLAMA3-BWB_bwplacement_bs64_staticreq_statictask,SCRUBBED_TIME+LLAMA3-BWB_BMPD256_10_9_5
64,11,0,0,2,11,256,0.0,,bw,static,static,results,Results,Results_LLAMA31,LLAMA3-BWB-Results,simulator_output_LLAMA3-BWB_bwplacement_bs64_staticreq_statictask,SCRUBBED_TIME+LLAMA3-BWB_BMPD256_11_2_11
64,10,0,0,2,12,256,0.0,,bw,static,static,results,Results,Results_LLAMA31,LLAMA3-BWB-Results,simulator_output_LLAMA3-BWB_bwplacement_bs64_staticreq_statictask,SCRUBBED_TIME+LLAMA3-BWB_BMPD256_10_2_12
64,11,0,0,5,8,256,0.0,,bw,static,static,results,Results,Results_LLAMA31,LLAMA3-BWB-Results,simulator_output_LLAMA3-BWB_bwplacement_bs64_staticreq_statictask,SCRUBBED_TIME+LLAMA3-BWB_BMPD256_11_5_8
64,10,0,0,8,6,256,0.0,,bw,static,static,results,Results,Results_LLAMA31,LLAMA3-BWB-Results,simulator_output_LLAMA3-BWB_bwplacement_bs64_staticreq_statictask,SCRUBBED_TIME+LLAMA3-BWB_BMPD256_10_8_6
64,10,0,0,12,2,256,0.0,,bw,static,static,results,Results,Results_LLAMA31,LLAMA3-BWB-Results,simulator_output_LLAMA3-BWB_bwplacement_bs64_staticreq_statictask,SCRUBBED_TIME+LLAMA3-BWB_BMPD256_10_12_2
64,11,0,0,3,10,256,0.0,,bw,static,static,results,Results,Results_LLAMA31,LLAMA3-BWB-Results,simulator_output_LLAMA3-BWB_bwplacement_bs64_staticreq_statictask,SCRUBBED_TIME+LLAMA3-BWB_BMPD256_11_3_10
64,11,0,0,6,7,256,0.0,,bw,static,static,results,Results,Results_LLAMA31,LLAMA3-BWB-Results,simulator_output_LLAMA3-BWB_bwplacement_bs64_staticreq_statictask,SCRUBBED_TIME+LLAMA3-BWB_BMPD256_11_6_7
64,11,0,0,7,6,256,0.0,,bw,static,static,results,Results,Results_LLAMA31,LLAMA3-BWB-Results,simulator_output_LLAMA3-BWB_bwplacement_bs64_staticreq_statictask,SCRUBBED_TIME+LLAMA3-BWB_BMPD256_11_7_6
64,11,0,0,8,5,256,0.0,,bw,static,static,results,Results,Results_LLAMA31,LLAMA3-BWB-Results,simulator_output_LLAMA3-BWB_bwplacement_bs64_staticreq_statictask,SCRUBBED_TIME+LLAMA3-BWB_BMPD256_11_8_5
64,11,0,0,9,4,256,0.0,,bw,static,static,results,Results,Results_LLAMA31,LLAMA3-BWB-Results,simulator_output_LLAMA3-BWB_bwplacement_bs64_staticreq_statictask,SCRUBBED_TIME+LLAMA3-BWB_BMPD256_11_9_4
64,11,0,0,10,3,256,0.0,,bw,static,static,results,Results,Results_LLAMA31,LLAMA3-BWB-Results,simulator_output_LLAMA3-BWB_bwplacement_bs64_staticreq_statictask,SCRUBBED_TIME+LLAMA3-BWB_BMPD256_11_10_3
64,11,0,0,11,2,256,0.0,,bw,static,static,results,Results,Results_LLAMA31,LLAMA3-BWB-Results,simulator_output_LLAMA3-BWB_bwplacement_bs64_staticreq_statictask,SCRUBBED_TIME+LLAMA3-BWB_BMPD256_11_11_2
64,11,0,0,12,1,256,0.0,,bw,static,static,results,Results,Results_LLAMA31,LLAMA3-BWB-Results,simulator_output_LLAMA3-BWB_bwplacement_bs64_staticreq_statictask,SCRUBBED_TIME+LLAMA3-BWB_BMPD256_11_12_1
64,12,0,0,1,11,256,0.0,,bw,static,static,results,Results,Results_LLAMA31,LLAMA3-BWB-Results,simulator_output_LLAMA3-BWB_bwplacement_bs64_staticreq_statictask,SCRUBBED_TIME+LLAMA3-BWB_BMPD256_12_1_11
64,12,0,0,4,8,256,0.0,,bw,static,static,results,Results,Results_LLAMA31,LLAMA3-BWB-Results,simulator_output_LLAMA3-BWB_bwplacement_bs64_staticreq_statictask,SCRUBBED_TIME+LLAMA3-BWB_BMPD256_12_4_8
64,12,0,0,7,5,256,0.0,,bw,static,static,results,Results,Results_LLAMA31,LLAMA3-BWB-Results,simulator_output_LLAMA3-BWB_bwplacement_bs64_staticreq_statictask,SCRUBBED_TIME+LLAMA3-BWB_BMPD256_12_7_5
64,12,0,0,2,10,256,0.0,,bw,static,static,results,Results,Results_LLAMA31,LLAMA3-BWB-Results,simulator_output_LLAMA3-BWB_bwplacement_bs64_staticreq_statictask,SCRUBBED_TIME+LLAMA3-BWB_BMPD256_12_2_10
64,12,0,0,6,6,256,0.0,,bw,static,static,results,Results,Results_LLAMA31,LLAMA3-BWB-Results,simulator_output_LLAMA3-BWB_bwplacement_bs64_staticreq_statictask,SCRUBBED_TIME+LLAMA3-BWB_BMPD256_12_6_6
64,12,0,0,5,7,256,0.0,,bw,static,static,results,Results,Results_LLAMA31,LLAMA3-BWB-Results,simulator_output_LLAMA3-BWB_bwplacement_bs64_staticreq_statictask,SCRUBBED_TIME+LLAMA3-BWB_BMPD256_12_5_7
64,12,0,0,3,9,256,0.0,,bw,static,static,results,Results,Results_LLAMA31,LLAMA3-BWB-Results,simulator_output_LLAMA3-BWB_bwplacement_bs64_staticreq_statictask,SCRUBBED_TIME+LLAMA3-BWB_BMPD256_12_3_9
64,13,0,0,1,10,256,0.0,,bw,static,static,results,Results,Results_LLAMA31,LLAMA3-BWB-Results,simulator_output_LLAMA3-BWB_bwplacement_bs64_staticreq_statictask,SCRUBBED_TIME+LLAMA3-BWB_BMPD256_13_1_10
64,12,0,0,8,4,256,0.0,,bw,static,static,results,Results,Results_LLAMA31,LLAMA3-BWB-Results,simulator_output_LLAMA3-BWB_bwplacement_bs64_staticreq_statictask,SCRUBBED_TIME+LLAMA3-BWB_BMPD256_12_8_4
64,13,0,0,5,6,256,0.0,,bw,static,static,results,Results,Results_LLAMA31,LLAMA3-BWB-Results,simulator_output_LLAMA3-BWB_bwplacement_bs64_staticreq_statictask,SCRUBBED_TIME+LLAMA3-BWB_BMPD256_13_5_6
64,14,0,0,2,8,256,0.0,,bw,static,static,results,Results,Results_LLAMA31,LLAMA3-BWB-Results,simulator_output_LLAMA3-BWB_bwplacement_bs64_staticreq_statictask,SCRUBBED_TIME+LLAMA3-BWB_BMPD256_14_2_8
64,13,0,0,3,8,256,0.0,,bw,static,static,results,Results,Results_LLAMA31,LLAMA3-BWB-Results,simulator_output_LLAMA3-BWB_bwplacement_bs64_staticreq_statictask,SCRUBBED_TIME+LLAMA3-BWB_BMPD256_13_3_8
64,12,0,0,10,2,256,0.0,,bw,static,static,results,Results,Results_LLAMA31,LLAMA3-BWB-Results,simulator_output_LLAMA3-BWB_bwplacement_bs64_staticreq_statictask,SCRUBBED_TIME+LLAMA3-BWB_BMPD256_12_10_2
64,13,0,0,2,9,256,0.0,,bw,static,static,results,Results,Results_LLAMA31,LLAMA3-BWB-Results,simulator_output_LLAMA3-BWB_bwplacement_bs64_staticreq_statictask,SCRUBBED_TIME+LLAMA3-BWB_BMPD256_13_2_9
64,12,0,0,11,1,256,0.0,,bw,static,static,results,Results,Results_LLAMA31,LLAMA3-BWB-Results,simulator_output_LLAMA3-BWB_bwplacement_bs64_staticreq_statictask,SCRUBBED_TIME+LLAMA3-BWB_BMPD256_12_11_1
64,13,0,0,6,5,256,0.0,,bw,static,static,results,Results,Results_LLAMA31,LLAMA3-BWB-Results,simulator_output_LLAMA3-BWB_bwplacement_bs64_staticreq_statictask,SCRUBBED_TIME+LLAMA3-BWB_BMPD256_13_6_5
64,12,0,0,9,3,256,0.0,,bw,static,static,results,Results,Results_LLAMA31,LLAMA3-BWB-Results,simulator_output_LLAMA3-BWB_bwplacement_bs64_staticreq_statictask,SCRUBBED_TIME+LLAMA3-BWB_BMPD256_12_9_3
64,13,0,0,7,4,256,0.0,,bw,static,static,results,Results,Results_LLAMA31,LLAMA3-BWB-Results,simulator_output_LLAMA3-BWB_bwplacement_bs64_staticreq_statictask,SCRUBBED_TIME+LLAMA3-BWB_BMPD256_13_7_4
64,13,0,0,4,7,256,0.0,,bw,static,static,results,Results,Results_LLAMA31,LLAMA3-BWB-Results,simulator_output_LLAMA3-BWB_bwplacement_bs64_staticreq_statictask,SCRUBBED_TIME+LLAMA3-BWB_BMPD256_13_4_7
64,13,0,0,10,1,256,0.0,,bw,static,static,results,Results,Results_LLAMA31,LLAMA3-BWB-Results,simulator_output_LLAMA3-BWB_bwplacement_bs64_staticreq_statictask,SCRUBBED_TIME+LLAMA3-BWB_BMPD256_13_10_1
64,14,0,0,1,9,256,0.0,,bw,static,static,results,Results,Results_LLAMA31,LLAMA3-BWB-Results,simulator_output_LLAMA3-BWB_bwplacement_bs64_staticreq_statictask,SCRUBBED_TIME+LLAMA3-BWB_BMPD256_14_1_9
64,14,0,0,3,7,256,0.0,,bw,static,static,results,Results,Results_LLAMA31,LLAMA3-BWB-Results,simulator_output_LLAMA3-BWB_bwplacement_bs64_staticreq_statictask,SCRUBBED_TIME+LLAMA3-BWB_BMPD256_14_3_7
64,13,0,0,8,3,256,0.0,,bw,static,static,results,Results,Results_LLAMA31,LLAMA3-BWB-Results,simulator_output_LLAMA3-BWB_bwplacement_bs64_staticreq_statictask,SCRUBBED_TIME+LLAMA3-BWB_BMPD256_13_8_3
64,13,0,0,9,2,256,0.0,,bw,static,static,results,Results,Results_LLAMA31,LLAMA3-BWB-Results,simulator_output_LLAMA3-BWB_bwplacement_bs64_staticreq_statictask,SCRUBBED_TIME+LLAMA3-BWB_BMPD256_13_9_2
64,14,0,0,4,6,256,0.0,,bw,static,static,results,Results,Results_LLAMA31,LLAMA3-BWB-Results,simulator_output_LLAMA3-BWB_bwplacement_bs64_staticreq_statictask,SCRUBBED_TIME+LLAMA3-BWB_BMPD256_14_4_6
64,14,0,0,7,3,256,0.0,,bw,static,static,results,Results,Results_LLAMA31,LLAMA3-BWB-Results,simulator_output_LLAMA3-BWB_bwplacement_bs64_staticreq_statictask,SCRUBBED_TIME+LLAMA3-BWB_BMPD256_14_7_3
64,14,0,0,5,5,256,0.0,,bw,static,static,results,Results,Results_LLAMA31,LLAMA3-BWB-Results,simulator_output_LLAMA3-BWB_bwplacement_bs64_staticreq_statictask,SCRUBBED_TIME+LLAMA3-BWB_BMPD256_14_5_5
64,14,0,0,6,4,256,0.0,,bw,static,static,results,Results,Results_LLAMA31,LLAMA3-BWB-Results,simulator_output_LLAMA3-BWB_bwplacement_bs64_staticreq_statictask,SCRUBBED_TIME+LLAMA3-BWB_BMPD256_14_6_4
64,14,0,0,8,2,256,0.0,,bw,static,static,results,Results,Results_LLAMA31,LLAMA3-BWB-Results,simulator_output_LLAMA3-BWB_bwplacement_bs64_staticreq_statictask,SCRUBBED_TIME+LLAMA3-BWB_BMPD256_14_8_2
64,14,0,0,9,1,256,0.0,,bw,static,static,results,Results,Results_LLAMA31,LLAMA3-BWB-Results,simulator_output_LLAMA3-BWB_bwplacement_bs64_staticreq_statictask,SCRUBBED_TIME+LLAMA3-BWB_BMPD256_14_9_1
64,15,0,0,1,8,256,0.0,,bw,static,static,results,Results,Results_LLAMA31,LLAMA3-BWB-Results,simulator_output_LLAMA3-BWB_bwplacement_bs64_staticreq_statictask,SCRUBBED_TIME+LLAMA3-BWB_BMPD256_15_1_8
64,15,0,0,3,6,256,0.0,,bw,static,static,results,Results,Results_LLAMA31,LLAMA3-BWB-Results,simulator_output_LLAMA3-BWB_bwplacement_bs64_staticreq_statictask,SCRUBBED_TIME+LLAMA3-BWB_BMPD256_15_3_6
64,15,0,0,2,7,256,0.0,,bw,static,static,results,Results,Results_LLAMA31,LLAMA3-BWB-Results,simulator_output_LLAMA3-BWB_bwplacement_bs64_staticreq_statictask,SCRUBBED_TIME+LLAMA3-BWB_BMPD256_15_2_7
64,15,0,0,5,4,256,0.0,,bw,static,static,results,Results,Results_LLAMA31,LLAMA3-BWB-Results,simulator_output_LLAMA3-BWB_bwplacement_bs64_staticreq_statictask,SCRUBBED_TIME+LLAMA3-BWB_BMPD256_15_5_4
64,15,0,0,4,5,256,0.0,,bw,static,static,results,Results,Results_LLAMA31,LLAMA3-BWB-Results,simulator_output_LLAMA3-BWB_bwplacement_bs64_staticreq_statictask,SCRUBBED_TIME+LLAMA3-BWB_BMPD256_15_4_5
64,15,0,0,6,3,256,0.0,,bw,static,static,results,Results,Results_LLAMA31,LLAMA3-BWB-Results,simulator_output_LLAMA3-BWB_bwplacement_bs64_staticreq_statictask,SCRUBBED_TIME+LLAMA3-BWB_BMPD256_15_6_3
64,15,0,0,7,2,256,0.0,,bw,static,static,results,Results,Results_LLAMA31,LLAMA3-BWB-Results,simulator_output_LLAMA3-BWB_bwplacement_bs64_staticreq_statictask,SCRUBBED_TIME+LLAMA3-BWB_BMPD256_15_7_2
64,15,0,0,8,1,256,0.0,,bw,static,static,results,Results,Results_LLAMA31,LLAMA3-BWB-Results,simulator_output_LLAMA3-BWB_bwplacement_bs64_staticreq_statictask,SCRUBBED_TIME+LLAMA3-BWB_BMPD256_15_8_1
64,16,0,0,1,7,256,0.0,,bw,static,static,results,Results,Results_LLAMA31,LLAMA3-BWB-Results,simulator_output_LLAMA3-BWB_bwplacement_bs64_staticreq_statictask,SCRUBBED_TIME+LLAMA3-BWB_BMPD256_16_1_7
64,16,0,0,2,6,256,0.0,,bw,static,static,results,Results,Results_LLAMA31,LLAMA3-BWB-Results,simulator_output_LLAMA3-BWB_bwplacement_bs64_staticreq_statictask,SCRUBBED_TIME+LLAMA3-BWB_BMPD256_16_2_6
64,16,0,0,3,5,256,0.0,,bw,static,static,results,Results,Results_LLAMA31,LLAMA3-BWB-Results,simulator_output_LLAMA3-BWB_bwplacement_bs64_staticreq_statictask,SCRUBBED_TIME+LLAMA3-BWB_BMPD256_16_3_5
64,16,0,0,4,4,256,0.0,,bw,static,static,results,Results,Results_LLAMA31,LLAMA3-BWB-Results,simulator_output_LLAMA3-BWB_bwplacement_bs64_staticreq_statictask,SCRUBBED_TIME+LLAMA3-BWB_BMPD256_16_4_4
64,16,0,0,6,2,256,0.0,,bw,static,static,results,Results,Results_LLAMA31,LLAMA3-BWB-Results,simulator_output_LLAMA3-BWB_bwplacement_bs64_staticreq_statictask,SCRUBBED_TIME+LLAMA3-BWB_BMPD256_16_6_2
64,16,0,0,5,3,256,0.0,,bw,static,static,results,Results,Results_LLAMA31,LLAMA3-BWB-Results,simulator_output_LLAMA3-BWB_bwplacement_bs64_staticreq_statictask,SCRUBBED_TIME+LLAMA3-BWB_BMPD256_16_5_3
64,16,0,0,7,1,256,0.0,,bw,static,static,results,Results,Results_LLAMA31,LLAMA3-BWB-Results,simulator_output_LLAMA3-BWB_bwplacement_bs64_staticreq_statictask,SCRUBBED_TIME+LLAMA3-BWB_BMPD256_16_7_1
64,3,0,0,6,15,384,0.0,,bw,static,static,results,Results,Results_LLAMA31,LLAMA3-BWB-Results,simulator_output_LLAMA3-BWB_bwplacement_bs64_staticreq_statictask,SCRUBBED_TIME+LLAMA3-BWB_BMPD384_3_6_15
64,3,0,0,7,14,384,0.0,,bw,static,static,results,Results,Results_LLAMA31,LLAMA3-BWB-Results,simulator_output_LLAMA3-BWB_bwplacement_bs64_staticreq_statictask,SCRUBBED_TIME+LLAMA3-BWB_BMPD384_3_7_14
64,3,0,0,5,16,384,0.0,,bw,static,static,results,Results,Results_LLAMA31,LLAMA3-BWB-Results,simulator_output_LLAMA3-BWB_bwplacement_bs64_staticreq_statictask,SCRUBBED_TIME+LLAMA3-BWB_BMPD384_3_5_16
64,3,0,0,19,2,384,0.0,,bw,static,static,results,Results,Results_LLAMA31,LLAMA3-BWB-Results,simulator_output_LLAMA3-BWB_bwplacement_bs64_staticreq_statictask,SCRUBBED_TIME+LLAMA3-BWB_BMPD384_3_19_2
64,2,0,0,17,5,384,0.0,,bw,static,static,results,Results,Results_LLAMA31,LLAMA3-BWB-Results,simulator_output_LLAMA3-BWB_bwplacement_bs64_staticreq_statictask,SCRUBBED_TIME+LLAMA3-BWB_BMPD384_2_17_5
64,2,0,0,5,17,384,0.0,,bw,static,static,results,Results,Results_LLAMA31,LLAMA3-BWB-Results,simulator_output_LLAMA3-BWB_bwplacement_bs64_staticreq_statictask,SCRUBBED_TIME+LLAMA3-BWB_BMPD384_2_5_17
64,2,0,0,16,6,384,0.0,,bw,static,static,results,Results,Results_LLAMA31,LLAMA3-BWB-Results,simulator_output_LLAMA3-BWB_bwplacement_bs64_staticreq_statictask,SCRUBBED_TIME+LLAMA3-BWB_BMPD384_2_16_6
64,3,0,0,13,8,384,0.0,,bw,static,static,results,Results,Results_LLAMA31,LLAMA3-BWB-Results,simulator_output_LLAMA3-BWB_bwplacement_bs64_staticreq_statictask,SCRUBBED_TIME+LLAMA3-BWB_BMPD384_3_13_8
64,3,0,0,10,11,384,0.0,,bw,static,static,results,Results,Results_LLAMA31,LLAMA3-BWB-Results,simulator_output_LLAMA3-BWB_bwplacement_bs64_staticreq_statictask,SCRUBBED_TIME+LLAMA3-BWB_BMPD384_3_10_11
64,3,0,0,17,4,384,0.0,,bw,static,static,results,Results,Results_LLAMA31,LLAMA3-BWB-Results,simulator_output_LLAMA3-BWB_bwplacement_bs64_staticreq_statictask,SCRUBBED_TIME+LLAMA3-BWB_BMPD384_3_17_4
64,2,0,0,14,8,384,0.0,,bw,static,static,results,Results,Results_LLAMA31,LLAMA3-BWB-Results,simulator_output_LLAMA3-BWB_bwplacement_bs64_staticreq_statictask,SCRUBBED_TIME+LLAMA3-BWB_BMPD384_2_14_8
64,3,0,0,8,13,384,0.0,,bw,static,static,results,Results,Results_LLAMA31,LLAMA3-BWB-Results,simulator_output_LLAMA3-BWB_bwplacement_bs64_staticreq_statictask,SCRUBBED_TIME+LLAMA3-BWB_BMPD384_3_8_13
64,2,0,0,8,14,384,0.0,,bw,static,static,results,Results,Results_LLAMA31,LLAMA3-BWB-Results,simulator_output_LLAMA3-BWB_bwplacement_bs64_staticreq_statictask,SCRUBBED_TIME+LLAMA3-BWB_BMPD384_2_8_14
64,2,0,0,13,9,384,0.0,,bw,static,static,results,Results,Results_LLAMA31,LLAMA3-BWB-Results,simulator_output_LLAMA3-BWB_bwplacement_bs64_staticreq_statictask,SCRUBBED_TIME+LLAMA3-BWB_BMPD384_2_13_9
64,2,0,0,6,16,384,0.0,,bw,static,static,results,Results,Results_LLAMA31,LLAMA3-BWB-Results,simulator_output_LLAMA3-BWB_bwplacement_bs64_staticreq_statictask,SCRUBBED_TIME+LLAMA3-BWB_BMPD384_2_6_16
64,2,0,0,2,20,384,0.0,,bw,static,static,results,Results,Results_LLAMA31,LLAMA3-BWB-Results,simulator_output_LLAMA3-BWB_bwplacement_bs64_staticreq_statictask,SCRUBBED_TIME+LLAMA3-BWB_BMPD384_2_2_20
64,3,0,0,16,5,384,0.0,,bw,static,static,results,Results,Results_LLAMA31,LLAMA3-BWB-Results,simulator_output_LLAMA3-BWB_bwplacement_bs64_staticreq_statictask,SCRUBBED_TIME+LLAMA3-BWB_BMPD384_3_16_5
64,2,0,0,21,1,384,0.0,,bw,static,static,results,Results,Results_LLAMA31,LLAMA3-BWB-Results,simulator_output_LLAMA3-BWB_bwplacement_bs64_staticreq_statictask,SCRUBBED_TIME+LLAMA3-BWB_BMPD384_2_21_1
64,3,0,0,14,7,384,0.0,,bw,static,static,results,Results,Results_LLAMA31,LLAMA3-BWB-Results,simulator_output_LLAMA3-BWB_bwplacement_bs64_staticreq_statictask,SCRUBBED_TIME+LLAMA3-BWB_BMPD384_3_14_7
64,3,0,0,3,18,384,0.0,,bw,static,static,results,Results,Results_LLAMA31,LLAMA3-BWB-Results,simulator_output_LLAMA3-BWB_bwplacement_bs64_staticreq_statictask,SCRUBBED_TIME+LLAMA3-BWB_BMPD384_3_3_18
64,2,0,0,3,19,384,0.0,,bw,static,static,results,Results,Results_LLAMA31,LLAMA3-BWB-Results,simulator_output_LLAMA3-BWB_bwplacement_bs64_staticreq_statictask,SCRUBBED_TIME+LLAMA3-BWB_BMPD384_2_3_19
64,2,0,0,12,10,384,0.0,,bw,static,static,results,Results,Results_LLAMA31,LLAMA3-BWB-Results,simulator_output_LLAMA3-BWB_bwplacement_bs64_staticreq_statictask,SCRUBBED_TIME+LLAMA3-BWB_BMPD384_2_12_10
64,3,0,0,9,12,384,0.0,,bw,static,static,results,Results,Results_LLAMA31,LLAMA3-BWB-Results,simulator_output_LLAMA3-BWB_bwplacement_bs64_staticreq_statictask,SCRUBBED_TIME+LLAMA3-BWB_BMPD384_3_9_12
64,2,0,0,10,12,384,0.0,,bw,static,static,results,Results,Results_LLAMA31,LLAMA3-BWB-Results,simulator_output_LLAMA3-BWB_bwplacement_bs64_staticreq_statictask,SCRUBBED_TIME+LLAMA3-BWB_BMPD384_2_10_12
64,2,0,0,1,21,384,0.0,,bw,static,static,results,Results,Results_LLAMA31,LLAMA3-BWB-Results,simulator_output_LLAMA3-BWB_bwplacement_bs64_staticreq_statictask,SCRUBBED_TIME+LLAMA3-BWB_BMPD384_2_1_21
64,2,0,0,7,15,384,0.0,,bw,static,static,results,Results,Results_LLAMA31,LLAMA3-BWB-Results,simulator_output_LLAMA3-BWB_bwplacement_bs64_staticreq_statictask,SCRUBBED_TIME+LLAMA3-BWB_BMPD384_2_7_15
64,3,0,0,11,10,384,0.0,,bw,static,static,results,Results,Results_LLAMA31,LLAMA3-BWB-Results,simulator_output_LLAMA3-BWB_bwplacement_bs64_staticreq_statictask,SCRUBBED_TIME+LLAMA3-BWB_BMPD384_3_11_10
64,3,0,0,4,17,384,0.0,,bw,static,static,results,Results,Results_LLAMA31,LLAMA3-BWB-Results,simulator_output_LLAMA3-BWB_bwplacement_bs64_staticreq_statictask,SCRUBBED_TIME+LLAMA3-BWB_BMPD384_3_4_17
64,3,0,0,15,6,384,0.0,,bw,static,static,results,Results,Results_LLAMA31,LLAMA3-BWB-Results,simulator_output_LLAMA3-BWB_bwplacement_bs64_staticreq_statictask,SCRUBBED_TIME+LLAMA3-BWB_BMPD384_3_15_6
64,2,0,0,4,18,384,0.0,,bw,static,static,results,Results,Results_LLAMA31,LLAMA3-BWB-Results,simulator_output_LLAMA3-BWB_bwplacement_bs64_staticreq_statictask,SCRUBBED_TIME+LLAMA3-BWB_BMPD384_2_4_18
64,3,0,0,1,20,384,0.0,,bw,static,static,results,Results,Results_LLAMA31,LLAMA3-BWB-Results,simulator_output_LLAMA3-BWB_bwplacement_bs64_staticreq_statictask,SCRUBBED_TIME+LLAMA3-BWB_BMPD384_3_1_20
64,2,0,0,9,13,384,0.0,,bw,static,static,results,Results,Results_LLAMA31,LLAMA3-BWB-Results,simulator_output_LLAMA3-BWB_bwplacement_bs64_staticreq_statictask,SCRUBBED_TIME+LLAMA3-BWB_BMPD384_2_9_13
64,2,0,0,18,4,384,0.0,,bw,static,static,results,Results,Results_LLAMA31,LLAMA3-BWB-Results,simulator_output_LLAMA3-BWB_bwplacement_bs64_staticreq_statictask,SCRUBBED_TIME+LLAMA3-BWB_BMPD384_2_18_4
64,2,0,0,11,11,384,0.0,,bw,static,static,results,Results,Results_LLAMA31,LLAMA3-BWB-Results,simulator_output_LLAMA3-BWB_bwplacement_bs64_staticreq_statictask,SCRUBBED_TIME+LLAMA3-BWB_BMPD384_2_11_11
64,3,0,0,2,19,384,0.0,,bw,static,static,results,Results,Results_LLAMA31,LLAMA3-BWB-Results,simulator_output_LLAMA3-BWB_bwplacement_bs64_staticreq_statictask,SCRUBBED_TIME+LLAMA3-BWB_BMPD384_3_2_19
64,3,0,0,12,9,384,0.0,,bw,static,static,results,Results,Results_LLAMA31,LLAMA3-BWB-Results,simulator_output_LLAMA3-BWB_bwplacement_bs64_staticreq_statictask,SCRUBBED_TIME+LLAMA3-BWB_BMPD384_3_12_9
64,3,0,0,18,3,384,0.0,,bw,static,static,results,Results,Results_LLAMA31,LLAMA3-BWB-Results,simulator_output_LLAMA3-BWB_bwplacement_bs64_staticreq_statictask,SCRUBBED_TIME+LLAMA3-BWB_BMPD384_3_18_3
64,2,0,0,15,7,384,0.0,,bw,static,static,results,Results,Results_LLAMA31,LLAMA3-BWB-Results,simulator_output_LLAMA3-BWB_bwplacement_bs64_staticreq_statictask,SCRUBBED_TIME+LLAMA3-BWB_BMPD384_2_15_7
64,2,0,0,19,3,384,0.0,,bw,static,static,results,Results,Results_LLAMA31,LLAMA3-BWB-Results,simulator_output_LLAMA3-BWB_bwplacement_bs64_staticreq_statictask,SCRUBBED_TIME+LLAMA3-BWB_BMPD384_2_19_3
64,2,0,0,20,2,384,0.0,,bw,static,static,results,Results,Results_LLAMA31,LLAMA3-BWB-Results,simulator_output_LLAMA3-BWB_bwplacement_bs64_staticreq_statictask,SCRUBBED_TIME+LLAMA3-BWB_BMPD384_2_20_2
64,3,0,0,20,1,384,0.0,,bw,static,static,results,Results,Results_LLAMA31,LLAMA3-BWB-Results,simulator_output_LLAMA3-BWB_bwplacement_bs64_staticreq_statictask,SCRUBBED_TIME+LLAMA3-BWB_BMPD384_3_20_1
64,4,0,0,2,18,384,0.0,,bw,static,static,results,Results,Results_LLAMA31,LLAMA3-BWB-Results,simulator_output_LLAMA3-BWB_bwplacement_bs64_staticreq_statictask,SCRUBBED_TIME+LLAMA3-BWB_BMPD384_4_2_18
64,4,0,0,3,17,384,0.0,,bw,static,static,results,Results,Results_LLAMA31,LLAMA3-BWB-Results,simulator_output_LLAMA3-BWB_bwplacement_bs64_staticreq_statictask,SCRUBBED_TIME+LLAMA3-BWB_BMPD384_4_3_17
64,4,0,0,1,19,384,0.0,,bw,static,static,results,Results,Results_LLAMA31,LLAMA3-BWB-Results,simulator_output_LLAMA3-BWB_bwplacement_bs64_staticreq_statictask,SCRUBBED_TIME+LLAMA3-BWB_BMPD384_4_1_19
64,4,0,0,7,13,384,0.0,,bw,static,static,results,Results,Results_LLAMA31,LLAMA3-BWB-Results,simulator_output_LLAMA3-BWB_bwplacement_bs64_staticreq_statictask,SCRUBBED_TIME+LLAMA3-BWB_BMPD384_4_7_13
64,4,0,0,6,14,384,0.0,,bw,static,static,results,Results,Results_LLAMA31,LLAMA3-BWB-Results,simulator_output_LLAMA3-BWB_bwplacement_bs64_staticreq_statictask,SCRUBBED_TIME+LLAMA3-BWB_BMPD384_4_6_14
64,4,0,0,5,15,384,0.0,,bw,static,static,results,Results,Results_LLAMA31,LLAMA3-BWB-Results,simulator_output_LLAMA3-BWB_bwplacement_bs64_staticreq_statictask,SCRUBBED_TIME+LLAMA3-BWB_BMPD384_4_5_15
64,4,0,0,10,10,384,0.0,,bw,static,static,results,Results,Results_LLAMA31,LLAMA3-BWB-Results,simulator_output_LLAMA3-BWB_bwplacement_bs64_staticreq_statictask,SCRUBBED_TIME+LLAMA3-BWB_BMPD384_4_10_10
64,4,0,0,13,7,384,0.0,,bw,static,static,results,Results,Results_LLAMA31,LLAMA3-BWB-Results,simulator_output_LLAMA3-BWB_bwplacement_bs64_staticreq_statictask,SCRUBBED_TIME+LLAMA3-BWB_BMPD384_4_13_7
64,4,0,0,11,9,384,0.0,,bw,static,static,results,Results,Results_LLAMA31,LLAMA3-BWB-Results,simulator_output_LLAMA3-BWB_bwplacement_bs64_staticreq_statictask,SCRUBBED_TIME+LLAMA3-BWB_BMPD384_4_11_9
64,4,0,0,16,4,384,0.0,,bw,static,static,results,Results,Results_LLAMA31,LLAMA3-BWB-Results,simulator_output_LLAMA3-BWB_bwplacement_bs64_staticreq_statictask,SCRUBBED_TIME+LLAMA3-BWB_BMPD384_4_16_4
64,5,0,0,3,16,384,0.0,,bw,static,static,results,Results,Results_LLAMA31,LLAMA3-BWB-Results,simulator_output_LLAMA3-BWB_bwplacement_bs64_staticreq_statictask,SCRUBBED_TIME+LLAMA3-BWB_BMPD384_5_3_16
64,5,0,0,4,15,384,0.0,,bw,static,static,results,Results,Results_LLAMA31,LLAMA3-BWB-Results,simulator_output_LLAMA3-BWB_bwplacement_bs64_staticreq_statictask,SCRUBBED_TIME+LLAMA3-BWB_BMPD384_5_4_15
64,4,0,0,8,12,384,0.0,,bw,static,static,results,Results,Results_LLAMA31,LLAMA3-BWB-Results,simulator_output_LLAMA3-BWB_bwplacement_bs64_staticreq_statictask,SCRUBBED_TIME+LLAMA3-BWB_BMPD384_4_8_12
64,4,0,0,15,5,384,0.0,,bw,static,static,results,Results,Results_LLAMA31,LLAMA3-BWB-Results,simulator_output_LLAMA3-BWB_bwplacement_bs64_staticreq_statictask,SCRUBBED_TIME+LLAMA3-BWB_BMPD384_4_15_5
64,5,0,0,8,11,384,0.0,,bw,static,static,results,Results,Results_LLAMA31,LLAMA3-BWB-Results,simulator_output_LLAMA3-BWB_bwplacement_bs64_staticreq_statictask,SCRUBBED_TIME+LLAMA3-BWB_BMPD384_5_8_11
64,5,0,0,1,18,384,0.0,,bw,static,static,results,Results,Results_LLAMA31,LLAMA3-BWB-Results,simulator_output_LLAMA3-BWB_bwplacement_bs64_staticreq_statictask,SCRUBBED_TIME+LLAMA3-BWB_BMPD384_5_1_18
64,5,0,0,2,17,384,0.0,,bw,static,static,results,Results,Results_LLAMA31,LLAMA3-BWB-Results,simulator_output_LLAMA3-BWB_bwplacement_bs64_staticreq_statictask,SCRUBBED_TIME+LLAMA3-BWB_BMPD384_5_2_17
64,4,0,0,4,16,384,0.0,,bw,static,static,results,Results,Results_LLAMA31,LLAMA3-BWB-Results,simulator_output_LLAMA3-BWB_bwplacement_bs64_staticreq_statictask,SCRUBBED_TIME+LLAMA3-BWB_BMPD384_4_4_16
64,5,0,0,11,8,384,0.0,,bw,static,static,results,Results,Results_LLAMA31,LLAMA3-BWB-Results,simulator_output_LLAMA3-BWB_bwplacement_bs64_staticreq_statictask,SCRUBBED_TIME+LLAMA3-BWB_BMPD384_5_11_8
64,5,0,0,5,14,384,0.0,,bw,static,static,results,Results,Results_LLAMA31,LLAMA3-BWB-Results,simulator_output_LLAMA3-BWB_bwplacement_bs64_staticreq_statictask,SCRUBBED_TIME+LLAMA3-BWB_BMPD384_5_5_14
64,4,0,0,14,6,384,0.0,,bw,static,static,results,Results,Results_LLAMA31,LLAMA3-BWB-Results,simulator_output_LLAMA3-BWB_bwplacement_bs64_staticreq_statictask,SCRUBBED_TIME+LLAMA3-BWB_BMPD384_4_14_6
64,5,0,0,10,9,384,0.0,,bw,static,static,results,Results,Results_LLAMA31,LLAMA3-BWB-Results,simulator_output_LLAMA3-BWB_bwplacement_bs64_staticreq_statictask,SCRUBBED_TIME+LLAMA3-BWB_BMPD384_5_10_9
64,5,0,0,16,3,384,0.0,,bw,static,static,results,Results,Results_LLAMA31,LLAMA3-BWB-Results,simulator_output_LLAMA3-BWB_bwplacement_bs64_staticreq_statictask,SCRUBBED_TIME+LLAMA3-BWB_BMPD384_5_16_3
64,4,0,0,9,11,384,0.0,,bw,static,static,results,Results,Results_LLAMA31,LLAMA3-BWB-Results,simulator_output_LLAMA3-BWB_bwplacement_bs64_staticreq_statictask,SCRUBBED_TIME+LLAMA3-BWB_BMPD384_4_9_11
64,4,0,0,12,8,384,0.0,,bw,static,static,results,Results,Results_LLAMA31,LLAMA3-BWB-Results,simulator_output_LLAMA3-BWB_bwplacement_bs64_staticreq_statictask,SCRUBBED_TIME+LLAMA3-BWB_BMPD384_4_12_8
64,5,0,0,17,2,384,0.0,,bw,static,static,results,Results,Results_LLAMA31,LLAMA3-BWB-Results,simulator_output_LLAMA3-BWB_bwplacement_bs64_staticreq_statictask,SCRUBBED_TIME+LLAMA3-BWB_BMPD384_5_17_2
64,5,0,0,18,1,384,0.0,,bw,static,static,results,Results,Results_LLAMA31,LLAMA3-BWB-Results,simulator_output_LLAMA3-BWB_bwplacement_bs64_staticreq_statictask,SCRUBBED_TIME+LLAMA3-BWB_BMPD384_5_18_1
64,5,0,0,7,12,384,0.0,,bw,static,static,results,Results,Results_LLAMA31,LLAMA3-BWB-Results,simulator_output_LLAMA3-BWB_bwplacement_bs64_staticreq_statictask,SCRUBBED_TIME+LLAMA3-BWB_BMPD384_5_7_12
64,4,0,0,18,2,384,0.0,,bw,static,static,results,Results,Results_LLAMA31,LLAMA3-BWB-Results,simulator_output_LLAMA3-BWB_bwplacement_bs64_staticreq_statictask,SCRUBBED_TIME+LLAMA3-BWB_BMPD384_4_18_2
64,4,0,0,19,1,384,0.0,,bw,static,static,results,Results,Results_LLAMA31,LLAMA3-BWB-Results,simulator_output_LLAMA3-BWB_bwplacement_bs64_staticreq_statictask,SCRUBBED_TIME+LLAMA3-BWB_BMPD384_4_19_1
64,5,0,0,14,5,384,0.0,,bw,static,static,results,Results,Results_LLAMA31,LLAMA3-BWB-Results,simulator_output_LLAMA3-BWB_bwplacement_bs64_staticreq_statictask,SCRUBBED_TIME+LLAMA3-BWB_BMPD384_5_14_5
64,5,0,0,12,7,384,0.0,,bw,static,static,results,Results,Results_LLAMA31,LLAMA3-BWB-Results,simulator_output_LLAMA3-BWB_bwplacement_bs64_staticreq_statictask,SCRUBBED_TIME+LLAMA3-BWB_BMPD384_5_12_7
64,5,0,0,15,4,384,0.0,,bw,static,static,results,Results,Results_LLAMA31,LLAMA3-BWB-Results,simulator_output_LLAMA3-BWB_bwplacement_bs64_staticreq_statictask,SCRUBBED_TIME+LLAMA3-BWB_BMPD384_5_15_4
64,6,0,0,2,16,384,0.0,,bw,static,static,results,Results,Results_LLAMA31,LLAMA3-BWB-Results,simulator_output_LLAMA3-BWB_bwplacement_bs64_staticreq_statictask,SCRUBBED_TIME+LLAMA3-BWB_BMPD384_6_2_16
64,5,0,0,13,6,384,0.0,,bw,static,static,results,Results,Results_LLAMA31,LLAMA3-BWB-Results,simulator_output_LLAMA3-BWB_bwplacement_bs64_staticreq_statictask,SCRUBBED_TIME+LLAMA3-BWB_BMPD384_5_13_6
64,5,0,0,9,10,384,0.0,,bw,static,static,results,Results,Results_LLAMA31,LLAMA3-BWB-Results,simulator_output_LLAMA3-BWB_bwplacement_bs64_staticreq_statictask,SCRUBBED_TIME+LLAMA3-BWB_BMPD384_5_9_10
64,4,0,0,17,3,384,0.0,,bw,static,static,results,Results,Results_LLAMA31,LLAMA3-BWB-Results,simulator_output_LLAMA3-BWB_bwplacement_bs64_staticreq_statictask,SCRUBBED_TIME+LLAMA3-BWB_BMPD384_4_17_3
64,6,0,0,1,17,384,0.0,,bw,static,static,results,Results,Results_LLAMA31,LLAMA3-BWB-Results,simulator_output_LLAMA3-BWB_bwplacement_bs64_staticreq_statictask,SCRUBBED_TIME+LLAMA3-BWB_BMPD384_6_1_17
64,5,0,0,6,13,384,0.0,,bw,static,static,results,Results,Results_LLAMA31,LLAMA3-BWB-Results,simulator_output_LLAMA3-BWB_bwplacement_bs64_staticreq_statictask,SCRUBBED_TIME+LLAMA3-BWB_BMPD384_5_6_13
64,6,0,0,3,15,384,0.0,,bw,static,static,results,Results,Results_LLAMA31,LLAMA3-BWB-Results,simulator_output_LLAMA3-BWB_bwplacement_bs64_staticreq_statictask,SCRUBBED_TIME+LLAMA3-BWB_BMPD384_6_3_15
64,6,0,0,4,14,384,0.0,,bw,static,static,results,Results,Results_LLAMA31,LLAMA3-BWB-Results,simulator_output_LLAMA3-BWB_bwplacement_bs64_staticreq_statictask,SCRUBBED_TIME+LLAMA3-BWB_BMPD384_6_4_14
64,6,0,0,6,12,384,0.0,,bw,static,static,results,Results,Results_LLAMA31,LLAMA3-BWB-Results,simulator_output_LLAMA3-BWB_bwplacement_bs64_staticreq_statictask,SCRUBBED_TIME+LLAMA3-BWB_BMPD384_6_6_12
64,6,0,0,5,13,384,0.0,,bw,static,static,results,Results,Results_LLAMA31,LLAMA3-BWB-Results,simulator_output_LLAMA3-BWB_bwplacement_bs64_staticreq_statictask,SCRUBBED_TIME+LLAMA3-BWB_BMPD384_6_5_13
64,6,0,0,7,11,384,0.0,,bw,static,static,results,Results,Results_LLAMA31,LLAMA3-BWB-Results,simulator_output_LLAMA3-BWB_bwplacement_bs64_staticreq_statictask,SCRUBBED_TIME+LLAMA3-BWB_BMPD384_6_7_11
64,7,0,0,3,14,384,0.0,,bw,static,static,results,Results,Results_LLAMA31,LLAMA3-BWB-Results,simulator_output_LLAMA3-BWB_bwplacement_bs64_staticreq_statictask,SCRUBBED_TIME+LLAMA3-BWB_BMPD384_7_3_14
64,6,0,0,8,10,384,0.0,,bw,static,static,results,Results,Results_LLAMA31,LLAMA3-BWB-Results,simulator_output_LLAMA3-BWB_bwplacement_bs64_staticreq_statictask,SCRUBBED_TIME+LLAMA3-BWB_BMPD384_6_8_10
64,6,0,0,11,7,384,0.0,,bw,static,static,results,Results,Results_LLAMA31,LLAMA3-BWB-Results,simulator_output_LLAMA3-BWB_bwplacement_bs64_staticreq_statictask,SCRUBBED_TIME+LLAMA3-BWB_BMPD384_6_11_7
64,6,0,0,13,5,384,0.0,,bw,static,static,results,Results,Results_LLAMA31,LLAMA3-BWB-Results,simulator_output_LLAMA3-BWB_bwplacement_bs64_staticreq_statictask,SCRUBBED_TIME+LLAMA3-BWB_BMPD384_6_13_5
64,6,0,0,10,8,384,0.0,,bw,static,static,results,Results,Results_LLAMA31,LLAMA3-BWB-Results,simulator_output_LLAMA3-BWB_bwplacement_bs64_staticreq_statictask,SCRUBBED_TIME+LLAMA3-BWB_BMPD384_6_10_8
64,6,0,0,17,1,384,0.0,,bw,static,static,results,Results,Results_LLAMA31,LLAMA3-BWB-Results,simulator_output_LLAMA3-BWB_bwplacement_bs64_staticreq_statictask,SCRUBBED_TIME+LLAMA3-BWB_BMPD384_6_17_1
64,6,0,0,9,9,384,0.0,,bw,static,static,results,Results,Results_LLAMA31,LLAMA3-BWB-Results,simulator_output_LLAMA3-BWB_bwplacement_bs64_staticreq_statictask,SCRUBBED_TIME+LLAMA3-BWB_BMPD384_6_9_9
64,6,0,0,15,3,384,0.0,,bw,static,static,results,Results,Results_LLAMA31,LLAMA3-BWB-Results,simulator_output_LLAMA3-BWB_bwplacement_bs64_staticreq_statictask,SCRUBBED_TIME+LLAMA3-BWB_BMPD384_6_15_3
64,6,0,0,12,6,384,0.0,,bw,static,static,results,Results,Results_LLAMA31,LLAMA3-BWB-Results,simulator_output_LLAMA3-BWB_bwplacement_bs64_staticreq_statictask,SCRUBBED_TIME+LLAMA3-BWB_BMPD384_6_12_6
64,7,0,0,8,9,384,0.0,,bw,static,static,results,Results,Results_LLAMA31,LLAMA3-BWB-Results,simulator_output_LLAMA3-BWB_bwplacement_bs64_staticreq_statictask,SCRUBBED_TIME+LLAMA3-BWB_BMPD384_7_8_9
64,6,0,0,16,2,384,0.0,,bw,static,static,results,Results,Results_LLAMA31,LLAMA3-BWB-Results,simulator_output_LLAMA3-BWB_bwplacement_bs64_staticreq_statictask,SCRUBBED_TIME+LLAMA3-BWB_BMPD384_6_16_2
64,7,0,0,2,15,384,0.0,,bw,static,static,results,Results,Results_LLAMA31,LLAMA3-BWB-Results,simulator_output_LLAMA3-BWB_bwplacement_bs64_staticreq_statictask,SCRUBBED_TIME+LLAMA3-BWB_BMPD384_7_2_15
64,7,0,0,9,8,384,0.0,,bw,static,static,results,Results,Results_LLAMA31,LLAMA3-BWB-Results,simulator_output_LLAMA3-BWB_bwplacement_bs64_staticreq_statictask,SCRUBBED_TIME+LLAMA3-BWB_BMPD384_7_9_8
64,8,0,0,1,15,384,0.0,,bw,static,static,results,Results,Results_LLAMA31,LLAMA3-BWB-Results,simulator_output_LLAMA3-BWB_bwplacement_bs64_staticreq_statictask,SCRUBBED_TIME+LLAMA3-BWB_BMPD384_8_1_15
64,7,0,0,6,11,384,0.0,,bw,static,static,results,Results,Results_LLAMA31,LLAMA3-BWB-Results,simulator_output_LLAMA3-BWB_bwplacement_bs64_staticreq_statictask,SCRUBBED_TIME+LLAMA3-BWB_BMPD384_7_6_11
64,7,0,0,5,12,384,0.0,,bw,static,static,results,Results,Results_LLAMA31,LLAMA3-BWB-Results,simulator_output_LLAMA3-BWB_bwplacement_bs64_staticreq_statictask,SCRUBBED_TIME+LLAMA3-BWB_BMPD384_7_5_12
64,7,0,0,7,10,384,0.0,,bw,static,static,results,Results,Results_LLAMA31,LLAMA3-BWB-Results,simulator_output_LLAMA3-BWB_bwplacement_bs64_staticreq_statictask,SCRUBBED_TIME+LLAMA3-BWB_BMPD384_7_7_10
64,7,0,0,11,6,384,0.0,,bw,static,static,results,Results,Results_LLAMA31,LLAMA3-BWB-Results,simulator_output_LLAMA3-BWB_bwplacement_bs64_staticreq_statictask,SCRUBBED_TIME+LLAMA3-BWB_BMPD384_7_11_6
64,7,0,0,1,16,384,0.0,,bw,static,static,results,Results,Results_LLAMA31,LLAMA3-BWB-Results,simulator_output_LLAMA3-BWB_bwplacement_bs64_staticreq_statictask,SCRUBBED_TIME+LLAMA3-BWB_BMPD384_7_1_16
64,6,0,0,14,4,384,0.0,,bw,static,static,results,Results,Results_LLAMA31,LLAMA3-BWB-Results,simulator_output_LLAMA3-BWB_bwplacement_bs64_staticreq_statictask,SCRUBBED_TIME+LLAMA3-BWB_BMPD384_6_14_4
64,7,0,0,15,2,384,0.0,,bw,static,static,results,Results,Results_LLAMA31,LLAMA3-BWB-Results,simulator_output_LLAMA3-BWB_bwplacement_bs64_staticreq_statictask,SCRUBBED_TIME+LLAMA3-BWB_BMPD384_7_15_2
64,7,0,0,10,7,384,0.0,,bw,static,static,results,Results,Results_LLAMA31,LLAMA3-BWB-Results,simulator_output_LLAMA3-BWB_bwplacement_bs64_staticreq_statictask,SCRUBBED_TIME+LLAMA3-BWB_BMPD384_7_10_7
64,7,0,0,13,4,384,0.0,,bw,static,static,results,Results,Results_LLAMA31,LLAMA3-BWB-Results,simulator_output_LLAMA3-BWB_bwplacement_bs64_staticreq_statictask,SCRUBBED_TIME+LLAMA3-BWB_BMPD384_7_13_4
64,7,0,0,4,13,384,0.0,,bw,static,static,results,Results,Results_LLAMA31,LLAMA3-BWB-Results,simulator_output_LLAMA3-BWB_bwplacement_bs64_staticreq_statictask,SCRUBBED_TIME+LLAMA3-BWB_BMPD384_7_4_13
64,7,0,0,12,5,384,0.0,,bw,static,static,results,Results,Results_LLAMA31,LLAMA3-BWB-Results,simulator_output_LLAMA3-BWB_bwplacement_bs64_staticreq_statictask,SCRUBBED_TIME+LLAMA3-BWB_BMPD384_7_12_5
64,7,0,0,14,3,384,0.0,,bw,static,static,results,Results,Results_LLAMA31,LLAMA3-BWB-Results,simulator_output_LLAMA3-BWB_bwplacement_bs64_staticreq_statictask,SCRUBBED_TIME+LLAMA3-BWB_BMPD384_7_14_3
64,8,0,0,2,14,384,0.0,,bw,static,static,results,Results,Results_LLAMA31,LLAMA3-BWB-Results,simulator_output_LLAMA3-BWB_bwplacement_bs64_staticreq_statictask,SCRUBBED_TIME+LLAMA3-BWB_BMPD384_8_2_14
64,8,0,0,3,13,384,0.0,,bw,static,static,results,Results,Results_LLAMA31,LLAMA3-BWB-Results,simulator_output_LLAMA3-BWB_bwplacement_bs64_staticreq_statictask,SCRUBBED_TIME+LLAMA3-BWB_BMPD384_8_3_13
64,7,0,0,16,1,384,0.0,,bw,static,static,results,Results,Results_LLAMA31,LLAMA3-BWB-Results,simulator_output_LLAMA3-BWB_bwplacement_bs64_staticreq_statictask,SCRUBBED_TIME+LLAMA3-BWB_BMPD384_7_16_1
64,8,0,0,5,11,384,0.0,,bw,static,static,results,Results,Results_LLAMA31,LLAMA3-BWB-Results,simulator_output_LLAMA3-BWB_bwplacement_bs64_staticreq_statictask,SCRUBBED_TIME+LLAMA3-BWB_BMPD384_8_5_11
64,8,0,0,4,12,384,0.0,,bw,static,static,results,Results,Results_LLAMA31,LLAMA3-BWB-Results,simulator_output_LLAMA3-BWB_bwplacement_bs64_staticreq_statictask,SCRUBBED_TIME+LLAMA3-BWB_BMPD384_8_4_12
64,8,0,0,6,10,384,0.0,,bw,static,static,results,Results,Results_LLAMA31,LLAMA3-BWB-Results,simulator_output_LLAMA3-BWB_bwplacement_bs64_staticreq_statictask,SCRUBBED_TIME+LLAMA3-BWB_BMPD384_8_6_10
64,8,0,0,7,9,384,0.0,,bw,static,static,results,Results,Results_LLAMA31,LLAMA3-BWB-Results,simulator_output_LLAMA3-BWB_bwplacement_bs64_staticreq_statictask,SCRUBBED_TIME+LLAMA3-BWB_BMPD384_8_7_9
64,8,0,0,8,8,384,0.0,,bw,static,static,results,Results,Results_LLAMA31,LLAMA3-BWB-Results,simulator_output_LLAMA3-BWB_bwplacement_bs64_staticreq_statictask,SCRUBBED_TIME+LLAMA3-BWB_BMPD384_8_8_8
64,8,0,0,9,7,384,0.0,,bw,static,static,results,Results,Results_LLAMA31,LLAMA3-BWB-Results,simulator_output_LLAMA3-BWB_bwplacement_bs64_staticreq_statictask,SCRUBBED_TIME+LLAMA3-BWB_BMPD384_8_9_7
64,8,0,0,10,6,384,0.0,,bw,static,static,results,Results,Results_LLAMA31,LLAMA3-BWB-Results,simulator_output_LLAMA3-BWB_bwplacement_bs64_staticreq_statictask,SCRUBBED_TIME+LLAMA3-BWB_BMPD384_8_10_6
64,8,0,0,12,4,384,0.0,,bw,static,static,results,Results,Results_LLAMA31,LLAMA3-BWB-Results,simulator_output_LLAMA3-BWB_bwplacement_bs64_staticreq_statictask,SCRUBBED_TIME+LLAMA3-BWB_BMPD384_8_12_4
64,8,0,0,11,5,384,0.0,,bw,static,static,results,Results,Results_LLAMA31,LLAMA3-BWB-Results,simulator_output_LLAMA3-BWB_bwplacement_bs64_staticreq_statictask,SCRUBBED_TIME+LLAMA3-BWB_BMPD384_8_11_5
64,8,0,0,13,3,384,0.0,,bw,static,static,results,Results,Results_LLAMA31,LLAMA3-BWB-Results,simulator_output_LLAMA3-BWB_bwplacement_bs64_staticreq_statictask,SCRUBBED_TIME+LLAMA3-BWB_BMPD384_8_13_3
64,9,0,0,3,12,384,0.0,,bw,static,static,results,Results,Results_LLAMA31,LLAMA3-BWB-Results,simulator_output_LLAMA3-BWB_bwplacement_bs64_staticreq_statictask,SCRUBBED_TIME+LLAMA3-BWB_BMPD384_9_3_12
64,9,0,0,1,14,384,0.0,,bw,static,static,results,Results,Results_LLAMA31,LLAMA3-BWB-Results,simulator_output_LLAMA3-BWB_bwplacement_bs64_staticreq_statictask,SCRUBBED_TIME+LLAMA3-BWB_BMPD384_9_1_14
64,8,0,0,14,2,384,0.0,,bw,static,static,results,Results,Results_LLAMA31,LLAMA3-BWB-Results,simulator_output_LLAMA3-BWB_bwplacement_bs64_staticreq_statictask,SCRUBBED_TIME+LLAMA3-BWB_BMPD384_8_14_2
64,9,0,0,2,13,384,0.0,,bw,static,static,results,Results,Results_LLAMA31,LLAMA3-BWB-Results,simulator_output_LLAMA3-BWB_bwplacement_bs64_staticreq_statictask,SCRUBBED_TIME+LLAMA3-BWB_BMPD384_9_2_13
64,9,0,0,6,9,384,0.0,,bw,static,static,results,Results,Results_LLAMA31,LLAMA3-BWB-Results,simulator_output_LLAMA3-BWB_bwplacement_bs64_staticreq_statictask,SCRUBBED_TIME+LLAMA3-BWB_BMPD384_9_6_9
64,9,0,0,4,11,384,0.0,,bw,static,static,results,Results,Results_LLAMA31,LLAMA3-BWB-Results,simulator_output_LLAMA3-BWB_bwplacement_bs64_staticreq_statictask,SCRUBBED_TIME+LLAMA3-BWB_BMPD384_9_4_11
64,9,0,0,5,10,384,0.0,,bw,static,static,results,Results,Results_LLAMA31,LLAMA3-BWB-Results,simulator_output_LLAMA3-BWB_bwplacement_bs64_staticreq_statictask,SCRUBBED_TIME+LLAMA3-BWB_BMPD384_9_5_10
64,8,0,0,15,1,384,0.0,,bw,static,static,results,Results,Results_LLAMA31,LLAMA3-BWB-Results,simulator_output_LLAMA3-BWB_bwplacement_bs64_staticreq_statictask,SCRUBBED_TIME+LLAMA3-BWB_BMPD384_8_15_1
64,9,0,0,7,8,384,0.0,,bw,static,static,results,Results,Results_LLAMA31,LLAMA3-BWB-Results,simulator_output_LLAMA3-BWB_bwplacement_bs64_staticreq_statictask,SCRUBBED_TIME+LLAMA3-BWB_BMPD384_9_7_8
64,9,0,0,12,3,384,0.0,,bw,static,static,results,Results,Results_LLAMA31,LLAMA3-BWB-Results,simulator_output_LLAMA3-BWB_bwplacement_bs64_staticreq_statictask,SCRUBBED_TIME+LLAMA3-BWB_BMPD384_9_12_3
64,9,0,0,8,7,384,0.0,,bw,static,static,results,Results,Results_LLAMA31,LLAMA3-BWB-Results,simulator_output_LLAMA3-BWB_bwplacement_bs64_staticreq_statictask,SCRUBBED_TIME+LLAMA3-BWB_BMPD384_9_8_7
64,9,0,0,14,1,384,0.0,,bw,static,static,results,Results,Results_LLAMA31,LLAMA3-BWB-Results,simulator_output_LLAMA3-BWB_bwplacement_bs64_staticreq_statictask,SCRUBBED_TIME+LLAMA3-BWB_BMPD384_9_14_1
64,10,0,0,4,10,384,0.0,,bw,static,static,results,Results,Results_LLAMA31,LLAMA3-BWB-Results,simulator_output_LLAMA3-BWB_bwplacement_bs64_staticreq_statictask,SCRUBBED_TIME+LLAMA3-BWB_BMPD384_10_4_10
64,10,0,0,1,13,384,0.0,,bw,static,static,results,Results,Results_LLAMA31,LLAMA3-BWB-Results,simulator_output_LLAMA3-BWB_bwplacement_bs64_staticreq_statictask,SCRUBBED_TIME+LLAMA3-BWB_BMPD384_10_1_13
64,10,0,0,3,11,384,0.0,,bw,static,static,results,Results,Results_LLAMA31,LLAMA3-BWB-Results,simulator_output_LLAMA3-BWB_bwplacement_bs64_staticreq_statictask,SCRUBBED_TIME+LLAMA3-BWB_BMPD384_10_3_11
64,9,0,0,9,6,384,0.0,,bw,static,static,results,Results,Results_LLAMA31,LLAMA3-BWB-Results,simulator_output_LLAMA3-BWB_bwplacement_bs64_staticreq_statictask,SCRUBBED_TIME+LLAMA3-BWB_BMPD384_9_9_6
64,9,0,0,13,2,384,0.0,,bw,static,static,results,Results,Results_LLAMA31,LLAMA3-BWB-Results,simulator_output_LLAMA3-BWB_bwplacement_bs64_staticreq_statictask,SCRUBBED_TIME+LLAMA3-BWB_BMPD384_9_13_2
64,10,0,0,5,9,384,0.0,,bw,static,static,results,Results,Results_LLAMA31,LLAMA3-BWB-Results,simulator_output_LLAMA3-BWB_bwplacement_bs64_staticreq_statictask,SCRUBBED_TIME+LLAMA3-BWB_BMPD384_10_5_9
64,9,0,0,10,5,384,0.0,,bw,static,static,results,Results,Results_LLAMA31,LLAMA3-BWB-Results,simulator_output_LLAMA3-BWB_bwplacement_bs64_staticreq_statictask,SCRUBBED_TIME+LLAMA3-BWB_BMPD384_9_10_5
64,10,0,0,9,5,384,0.0,,bw,static,static,results,Results,Results_LLAMA31,LLAMA3-BWB-Results,simulator_output_LLAMA3-BWB_bwplacement_bs64_staticreq_statictask,SCRUBBED_TIME+LLAMA3-BWB_BMPD384_10_9_5
64,9,0,0,11,4,384,0.0,,bw,static,static,results,Results,Results_LLAMA31,LLAMA3-BWB-Results,simulator_output_LLAMA3-BWB_bwplacement_bs64_staticreq_statictask,SCRUBBED_TIME+LLAMA3-BWB_BMPD384_9_11_4
64,10,0,0,2,12,384,0.0,,bw,static,static,results,Results,Results_LLAMA31,LLAMA3-BWB-Results,simulator_output_LLAMA3-BWB_bwplacement_bs64_staticreq_statictask,SCRUBBED_TIME+LLAMA3-BWB_BMPD384_10_2_12
64,10,0,0,8,6,384,0.0,,bw,static,static,results,Results,Results_LLAMA31,LLAMA3-BWB-Results,simulator_output_LLAMA3-BWB_bwplacement_bs64_staticreq_statictask,SCRUBBED_TIME+LLAMA3-BWB_BMPD384_10_8_6
64,10,0,0,6,8,384,0.0,,bw,static,static,results,Results,Results_LLAMA31,LLAMA3-BWB-Results,simulator_output_LLAMA3-BWB_bwplacement_bs64_staticreq_statictask,SCRUBBED_TIME+LLAMA3-BWB_BMPD384_10_6_8
64,10,0,0,12,2,384,0.0,,bw,static,static,results,Results,Results_LLAMA31,LLAMA3-BWB-Results,simulator_output_LLAMA3-BWB_bwplacement_bs64_staticreq_statictask,SCRUBBED_TIME+LLAMA3-BWB_BMPD384_10_12_2
64,10,0,0,13,1,384,0.0,,bw,static,static,results,Results,Results_LLAMA31,LLAMA3-BWB-Results,simulator_output_LLAMA3-BWB_bwplacement_bs64_staticreq_statictask,SCRUBBED_TIME+LLAMA3-BWB_BMPD384_10_13_1
64,10,0,0,7,7,384,0.0,,bw,static,static,results,Results,Results_LLAMA31,LLAMA3-BWB-Results,simulator_output_LLAMA3-BWB_bwplacement_bs64_staticreq_statictask,SCRUBBED_TIME+LLAMA3-BWB_BMPD384_10_7_7
64,11,0,0,3,10,384,0.0,,bw,static,static,results,Results,Results_LLAMA31,LLAMA3-BWB-Results,simulator_output_LLAMA3-BWB_bwplacement_bs64_staticreq_statictask,SCRUBBED_TIME+LLAMA3-BWB_BMPD384_11_3_10
64,11,0,0,1,12,384,0.0,,bw,static,static,results,Results,Results_LLAMA31,LLAMA3-BWB-Results,simulator_output_LLAMA3-BWB_bwplacement_bs64_staticreq_statictask,SCRUBBED_TIME+LLAMA3-BWB_BMPD384_11_1_12
64,10,0,0,11,3,384,0.0,,bw,static,static,results,Results,Results_LLAMA31,LLAMA3-BWB-Results,simulator_output_LLAMA3-BWB_bwplacement_bs64_staticreq_statictask,SCRUBBED_TIME+LLAMA3-BWB_BMPD384_10_11_3
64,11,0,0,4,9,384,0.0,,bw,static,static,results,Results,Results_LLAMA31,LLAMA3-BWB-Results,simulator_output_LLAMA3-BWB_bwplacement_bs64_staticreq_statictask,SCRUBBED_TIME+LLAMA3-BWB_BMPD384_11_4_9
64,10,0,0,10,4,384,0.0,,bw,static,static,results,Results,Results_LLAMA31,LLAMA3-BWB-Results,simulator_output_LLAMA3-BWB_bwplacement_bs64_staticreq_statictask,SCRUBBED_TIME+LLAMA3-BWB_BMPD384_10_10_4
64,11,0,0,2,11,384,0.0,,bw,static,static,results,Results,Results_LLAMA31,LLAMA3-BWB-Results,simulator_output_LLAMA3-BWB_bwplacement_bs64_staticreq_statictask,SCRUBBED_TIME+LLAMA3-BWB_BMPD384_11_2_11
64,11,0,0,5,8,384,0.0,,bw,static,static,results,Results,Results_LLAMA31,LLAMA3-BWB-Results,simulator_output_LLAMA3-BWB_bwplacement_bs64_staticreq_statictask,SCRUBBED_TIME+LLAMA3-BWB_BMPD384_11_5_8
64,11,0,0,7,6,384,0.0,,bw,static,static,results,Results,Results_LLAMA31,LLAMA3-BWB-Results,simulator_output_LLAMA3-BWB_bwplacement_bs64_staticreq_statictask,SCRUBBED_TIME+LLAMA3-BWB_BMPD384_11_7_6
64,11,0,0,6,7,384,0.0,,bw,static,static,results,Results,Results_LLAMA31,LLAMA3-BWB-Results,simulator_output_LLAMA3-BWB_bwplacement_bs64_staticreq_statictask,SCRUBBED_TIME+LLAMA3-BWB_BMPD384_11_6_7
64,11,0,0,8,5,384,0.0,,bw,static,static,results,Results,Results_LLAMA31,LLAMA3-BWB-Results,simulator_output_LLAMA3-BWB_bwplacement_bs64_staticreq_statictask,SCRUBBED_TIME+LLAMA3-BWB_BMPD384_11_8_5
64,11,0,0,9,4,384,0.0,,bw,static,static,results,Results,Results_LLAMA31,LLAMA3-BWB-Results,simulator_output_LLAMA3-BWB_bwplacement_bs64_staticreq_statictask,SCRUBBED_TIME+LLAMA3-BWB_BMPD384_11_9_4
64,11,0,0,10,3,384,0.0,,bw,static,static,results,Results,Results_LLAMA31,LLAMA3-BWB-Results,simulator_output_LLAMA3-BWB_bwplacement_bs64_staticreq_statictask,SCRUBBED_TIME+LLAMA3-BWB_BMPD384_11_10_3
64,11,0,0,11,2,384,0.0,,bw,static,static,results,Results,Results_LLAMA31,LLAMA3-BWB-Results,simulator_output_LLAMA3-BWB_bwplacement_bs64_staticreq_statictask,SCRUBBED_TIME+LLAMA3-BWB_BMPD384_11_11_2
64,12,0,0,1,11,384,0.0,,bw,static,static,results,Results,Results_LLAMA31,LLAMA3-BWB-Results,simulator_output_LLAMA3-BWB_bwplacement_bs64_staticreq_statictask,SCRUBBED_TIME+LLAMA3-BWB_BMPD384_12_1_11
64,12,0,0,3,9,384,0.0,,bw,static,static,results,Results,Results_LLAMA31,LLAMA3-BWB-Results,simulator_output_LLAMA3-BWB_bwplacement_bs64_staticreq_statictask,SCRUBBED_TIME+LLAMA3-BWB_BMPD384_12_3_9
64,11,0,0,12,1,384,0.0,,bw,static,static,results,Results,Results_LLAMA31,LLAMA3-BWB-Results,simulator_output_LLAMA3-BWB_bwplacement_bs64_staticreq_statictask,SCRUBBED_TIME+LLAMA3-BWB_BMPD384_11_12_1
64,12,0,0,2,10,384,0.0,,bw,static,static,results,Results,Results_LLAMA31,LLAMA3-BWB-Results,simulator_output_LLAMA3-BWB_bwplacement_bs64_staticreq_statictask,SCRUBBED_TIME+LLAMA3-BWB_BMPD384_12_2_10
64,12,0,0,10,2,384,0.0,,bw,static,static,results,Results,Results_LLAMA31,LLAMA3-BWB-Results,simulator_output_LLAMA3-BWB_bwplacement_bs64_staticreq_statictask,SCRUBBED_TIME+LLAMA3-BWB_BMPD384_12_10_2
64,12,0,0,5,7,384,0.0,,bw,static,static,results,Results,Results_LLAMA31,LLAMA3-BWB-Results,simulator_output_LLAMA3-BWB_bwplacement_bs64_staticreq_statictask,SCRUBBED_TIME+LLAMA3-BWB_BMPD384_12_5_7
64,13,0,0,2,9,384,0.0,,bw,static,static,results,Results,Results_LLAMA31,LLAMA3-BWB-Results,simulator_output_LLAMA3-BWB_bwplacement_bs64_staticreq_statictask,SCRUBBED_TIME+LLAMA3-BWB_BMPD384_13_2_9
64,13,0,0,1,10,384,0.0,,bw,static,static,results,Results,Results_LLAMA31,LLAMA3-BWB-Results,simulator_output_LLAMA3-BWB_bwplacement_bs64_staticreq_statictask,SCRUBBED_TIME+LLAMA3-BWB_BMPD384_13_1_10
64,12,0,0,4,8,384,0.0,,bw,static,static,results,Results,Results_LLAMA31,LLAMA3-BWB-Results,simulator_output_LLAMA3-BWB_bwplacement_bs64_staticreq_statictask,SCRUBBED_TIME+LLAMA3-BWB_BMPD384_12_4_8
64,12,0,0,11,1,384,0.0,,bw,static,static,results,Results,Results_LLAMA31,LLAMA3-BWB-Results,simulator_output_LLAMA3-BWB_bwplacement_bs64_staticreq_statictask,SCRUBBED_TIME+LLAMA3-BWB_BMPD384_12_11_1
64,12,0,0,7,5,384,0.0,,bw,static,static,results,Results,Results_LLAMA31,LLAMA3-BWB-Results,simulator_output_LLAMA3-BWB_bwplacement_bs64_staticreq_statictask,SCRUBBED_TIME+LLAMA3-BWB_BMPD384_12_7_5
64,12,0,0,8,4,384,0.0,,bw,static,static,results,Results,Results_LLAMA31,LLAMA3-BWB-Results,simulator_output_LLAMA3-BWB_bwplacement_bs64_staticreq_statictask,SCRUBBED_TIME+LLAMA3-BWB_BMPD384_12_8_4
64,12,0,0,6,6,384,0.0,,bw,static,static,results,Results,Results_LLAMA31,LLAMA3-BWB-Results,simulator_output_LLAMA3-BWB_bwplacement_bs64_staticreq_statictask,SCRUBBED_TIME+LLAMA3-BWB_BMPD384_12_6_6
64,13,0,0,7,4,384,0.0,,bw,static,static,results,Results,Results_LLAMA31,LLAMA3-BWB-Results,simulator_output_LLAMA3-BWB_bwplacement_bs64_staticreq_statictask,SCRUBBED_TIME+LLAMA3-BWB_BMPD384_13_7_4
64,13,0,0,5,6,384,0.0,,bw,static,static,results,Results,Results_LLAMA31,LLAMA3-BWB-Results,simulator_output_LLAMA3-BWB_bwplacement_bs64_staticreq_statictask,SCRUBBED_TIME+LLAMA3-BWB_BMPD384_13_5_6
64,13,0,0,10,1,384,0.0,,bw,static,static,results,Results,Results_LLAMA31,LLAMA3-BWB-Results,simulator_output_LLAMA3-BWB_bwplacement_bs64_staticreq_statictask,SCRUBBED_TIME+LLAMA3-BWB_BMPD384_13_10_1
64,12,0,0,9,3,384,0.0,,bw,static,static,results,Results,Results_LLAMA31,LLAMA3-BWB-Results,simulator_output_LLAMA3-BWB_bwplacement_bs64_staticreq_statictask,SCRUBBED_TIME+LLAMA3-BWB_BMPD384_12_9_3
64,13,0,0,3,8,384,0.0,,bw,static,static,results,Results,Results_LLAMA31,LLAMA3-BWB-Results,simulator_output_LLAMA3-BWB_bwplacement_bs64_staticreq_statictask,SCRUBBED_TIME+LLAMA3-BWB_BMPD384_13_3_8
64,14,0,0,3,7,384,0.0,,bw,static,static,results,Results,Results_LLAMA31,LLAMA3-BWB-Results,simulator_output_LLAMA3-BWB_bwplacement_bs64_staticreq_statictask,SCRUBBED_TIME+LLAMA3-BWB_BMPD384_14_3_7
64,13,0,0,9,2,384,0.0,,bw,static,static,results,Results,Results_LLAMA31,LLAMA3-BWB-Results,simulator_output_LLAMA3-BWB_bwplacement_bs64_staticreq_statictask,SCRUBBED_TIME+LLAMA3-BWB_BMPD384_13_9_2
64,13,0,0,6,5,384,0.0,,bw,static,static,results,Results,Results_LLAMA31,LLAMA3-BWB-Results,simulator_output_LLAMA3-BWB_bwplacement_bs64_staticreq_statictask,SCRUBBED_TIME+LLAMA3-BWB_BMPD384_13_6_5
64,14,0,0,1,9,384,0.0,,bw,static,static,results,Results,Results_LLAMA31,LLAMA3-BWB-Results,simulator_output_LLAMA3-BWB_bwplacement_bs64_staticreq_statictask,SCRUBBED_TIME+LLAMA3-BWB_BMPD384_14_1_9
64,13,0,0,4,7,384,0.0,,bw,static,static,results,Results,Results_LLAMA31,LLAMA3-BWB-Results,simulator_output_LLAMA3-BWB_bwplacement_bs64_staticreq_statictask,SCRUBBED_TIME+LLAMA3-BWB_BMPD384_13_4_7
64,14,0,0,4,6,384,0.0,,bw,static,static,results,Results,Results_LLAMA31,LLAMA3-BWB-Results,simulator_output_LLAMA3-BWB_bwplacement_bs64_staticreq_statictask,SCRUBBED_TIME+LLAMA3-BWB_BMPD384_14_4_6
64,14,0,0,6,4,384,0.0,,bw,static,static,results,Results,Results_LLAMA31,LLAMA3-BWB-Results,simulator_output_LLAMA3-BWB_bwplacement_bs64_staticreq_statictask,SCRUBBED_TIME+LLAMA3-BWB_BMPD384_14_6_4
64,14,0,0,5,5,384,0.0,,bw,static,static,results,Results,Results_LLAMA31,LLAMA3-BWB-Results,simulator_output_LLAMA3-BWB_bwplacement_bs64_staticreq_statictask,SCRUBBED_TIME+LLAMA3-BWB_BMPD384_14_5_5
64,13,0,0,8,3,384,0.0,,bw,static,static,results,Results,Results_LLAMA31,LLAMA3-BWB-Results,simulator_output_LLAMA3-BWB_bwplacement_bs64_staticreq_statictask,SCRUBBED_TIME+LLAMA3-BWB_BMPD384_13_8_3
64,14,0,0,7,3,384,0.0,,bw,static,static,results,Results,Results_LLAMA31,LLAMA3-BWB-Results,simulator_output_LLAMA3-BWB_bwplacement_bs64_staticreq_statictask,SCRUBBED_TIME+LLAMA3-BWB_BMPD384_14_7_3
64,14,0,0,2,8,384,0.0,,bw,static,static,results,Results,Results_LLAMA31,LLAMA3-BWB-Results,simulator_output_LLAMA3-BWB_bwplacement_bs64_staticreq_statictask,SCRUBBED_TIME+LLAMA3-BWB_BMPD384_14_2_8
64,15,0,0,2,7,384,0.0,,bw,static,static,results,Results,Results_LLAMA31,LLAMA3-BWB-Results,simulator_output_LLAMA3-BWB_bwplacement_bs64_staticreq_statictask,SCRUBBED_TIME+LLAMA3-BWB_BMPD384_15_2_7
64,14,0,0,9,1,384,0.0,,bw,static,static,results,Results,Results_LLAMA31,LLAMA3-BWB-Results,simulator_output_LLAMA3-BWB_bwplacement_bs64_staticreq_statictask,SCRUBBED_TIME+LLAMA3-BWB_BMPD384_14_9_1
64,15,0,0,1,8,384,0.0,,bw,static,static,results,Results,Results_LLAMA31,LLAMA3-BWB-Results,simulator_output_LLAMA3-BWB_bwplacement_bs64_staticreq_statictask,SCRUBBED_TIME+LLAMA3-BWB_BMPD384_15_1_8
64,14,0,0,8,2,384,0.0,,bw,static,static,results,Results,Results_LLAMA31,LLAMA3-BWB-Results,simulator_output_LLAMA3-BWB_bwplacement_bs64_staticreq_statictask,SCRUBBED_TIME+LLAMA3-BWB_BMPD384_14_8_2
64,15,0,0,3,6,384,0.0,,bw,static,static,results,Results,Results_LLAMA31,LLAMA3-BWB-Results,simulator_output_LLAMA3-BWB_bwplacement_bs64_staticreq_statictask,SCRUBBED_TIME+LLAMA3-BWB_BMPD384_15_3_6
64,15,0,0,4,5,384,0.0,,bw,static,static,results,Results,Results_LLAMA31,LLAMA3-BWB-Results,simulator_output_LLAMA3-BWB_bwplacement_bs64_staticreq_statictask,SCRUBBED_TIME+LLAMA3-BWB_BMPD384_15_4_5
64,15,0,0,5,4,384,0.0,,bw,static,static,results,Results,Results_LLAMA31,LLAMA3-BWB-Results,simulator_output_LLAMA3-BWB_bwplacement_bs64_staticreq_statictask,SCRUBBED_TIME+LLAMA3-BWB_BMPD384_15_5_4
64,15,0,0,6,3,384,0.0,,bw,static,static,results,Results,Results_LLAMA31,LLAMA3-BWB-Results,simulator_output_LLAMA3-BWB_bwplacement_bs64_staticreq_statictask,SCRUBBED_TIME+LLAMA3-BWB_BMPD384_15_6_3
64,15,0,0,7,2,384,0.0,,bw,static,static,results,Results,Results_LLAMA31,LLAMA3-BWB-Results,simulator_output_LLAMA3-BWB_bwplacement_bs64_staticreq_statictask,SCRUBBED_TIME+LLAMA3-BWB_BMPD384_15_7_2
64,16,0,0,1,7,384,0.0,,bw,static,static,results,Results,Results_LLAMA31,LLAMA3-BWB-Results,simulator_output_LLAMA3-BWB_bwplacement_bs64_staticreq_statictask,SCRUBBED_TIME+LLAMA3-BWB_BMPD384_16_1_7
64,15,0,0,8,1,384,0.0,,bw,static,static,results,Results,Results_LLAMA31,LLAMA3-BWB-Results,simulator_output_LLAMA3-BWB_bwplacement_bs64_staticreq_statictask,SCRUBBED_TIME+LLAMA3-BWB_BMPD384_15_8_1
64,16,0,0,2,6,384,0.0,,bw,static,static,results,Results,Results_LLAMA31,LLAMA3-BWB-Results,simulator_output_LLAMA3-BWB_bwplacement_bs64_staticreq_statictask,SCRUBBED_TIME+LLAMA3-BWB_BMPD384_16_2_6
64,16,0,0,3,5,384,0.0,,bw,static,static,results,Results,Results_LLAMA31,LLAMA3-BWB-Results,simulator_output_LLAMA3-BWB_bwplacement_bs64_staticreq_statictask,SCRUBBED_TIME+LLAMA3-BWB_BMPD384_16_3_5
64,16,0,0,4,4,384,0.0,,bw,static,static,results,Results,Results_LLAMA31,LLAMA3-BWB-Results,simulator_output_LLAMA3-BWB_bwplacement_bs64_staticreq_statictask,SCRUBBED_TIME+LLAMA3-BWB_BMPD384_16_4_4
64,16,0,0,6,2,384,0.0,,bw,static,static,results,Results,Results_LLAMA31,LLAMA3-BWB-Results,simulator_output_LLAMA3-BWB_bwplacement_bs64_staticreq_statictask,SCRUBBED_TIME+LLAMA3-BWB_BMPD384_16_6_2
64,16,0,0,5,3,384,0.0,,bw,static,static,results,Results,Results_LLAMA31,LLAMA3-BWB-Results,simulator_output_LLAMA3-BWB_bwplacement_bs64_staticreq_statictask,SCRUBBED_TIME+LLAMA3-BWB_BMPD384_16_5_3
64,16,0,0,7,1,384,0.0,,bw,static,static,results,Results,Results_LLAMA31,LLAMA3-BWB-Results,simulator_output_LLAMA3-BWB_bwplacement_bs64_staticreq_statictask,SCRUBBED_TIME+LLAMA3-BWB_BMPD384_16_7_1
64,2,0,0,6,16,512,0.0,,bw,static,static,results,Results,Results_LLAMA31,LLAMA3-BWB-Results,simulator_output_LLAMA3-BWB_bwplacement_bs64_staticreq_statictask,SCRUBBED_TIME+LLAMA3-BWB_BMPD512_2_6_16
64,3,0,0,11,10,512,0.0,,bw,static,static,results,Results,Results_LLAMA31,LLAMA3-BWB-Results,simulator_output_LLAMA3-BWB_bwplacement_bs64_staticreq_statictask,SCRUBBED_TIME+LLAMA3-BWB_BMPD512_3_11_10
64,3,0,0,6,15,512,0.0,,bw,static,static,results,Results,Results_LLAMA31,LLAMA3-BWB-Results,simulator_output_LLAMA3-BWB_bwplacement_bs64_staticreq_statictask,SCRUBBED_TIME+LLAMA3-BWB_BMPD512_3_6_15
64,3,0,0,19,2,512,0.0,,bw,static,static,results,Results,Results_LLAMA31,LLAMA3-BWB-Results,simulator_output_LLAMA3-BWB_bwplacement_bs64_staticreq_statictask,SCRUBBED_TIME+LLAMA3-BWB_BMPD512_3_19_2
64,3,0,0,14,7,512,0.0,,bw,static,static,results,Results,Results_LLAMA31,LLAMA3-BWB-Results,simulator_output_LLAMA3-BWB_bwplacement_bs64_staticreq_statictask,SCRUBBED_TIME+LLAMA3-BWB_BMPD512_3_14_7
64,2,0,0,20,2,512,0.0,,bw,static,static,results,Results,Results_LLAMA31,LLAMA3-BWB-Results,simulator_output_LLAMA3-BWB_bwplacement_bs64_staticreq_statictask,SCRUBBED_TIME+LLAMA3-BWB_BMPD512_2_20_2
64,2,0,0,1,21,512,0.0,,bw,static,static,results,Results,Results_LLAMA31,LLAMA3-BWB-Results,simulator_output_LLAMA3-BWB_bwplacement_bs64_staticreq_statictask,SCRUBBED_TIME+LLAMA3-BWB_BMPD512_2_1_21
64,2,0,0,15,7,512,0.0,,bw,static,static,results,Results,Results_LLAMA31,LLAMA3-BWB-Results,simulator_output_LLAMA3-BWB_bwplacement_bs64_staticreq_statictask,SCRUBBED_TIME+LLAMA3-BWB_BMPD512_2_15_7
64,3,0,0,1,20,512,0.0,,bw,static,static,results,Results,Results_LLAMA31,LLAMA3-BWB-Results,simulator_output_LLAMA3-BWB_bwplacement_bs64_staticreq_statictask,SCRUBBED_TIME+LLAMA3-BWB_BMPD512_3_1_20
64,2,0,0,17,5,512,0.0,,bw,static,static,results,Results,Results_LLAMA31,LLAMA3-BWB-Results,simulator_output_LLAMA3-BWB_bwplacement_bs64_staticreq_statictask,SCRUBBED_TIME+LLAMA3-BWB_BMPD512_2_17_5
64,2,0,0,7,15,512,0.0,,bw,static,static,results,Results,Results_LLAMA31,LLAMA3-BWB-Results,simulator_output_LLAMA3-BWB_bwplacement_bs64_staticreq_statictask,SCRUBBED_TIME+LLAMA3-BWB_BMPD512_2_7_15
64,2,0,0,10,12,512,0.0,,bw,static,static,results,Results,Results_LLAMA31,LLAMA3-BWB-Results,simulator_output_LLAMA3-BWB_bwplacement_bs64_staticreq_statictask,SCRUBBED_TIME+LLAMA3-BWB_BMPD512_2_10_12
64,3,0,0,9,12,512,0.0,,bw,static,static,results,Results,Results_LLAMA31,LLAMA3-BWB-Results,simulator_output_LLAMA3-BWB_bwplacement_bs64_staticreq_statictask,SCRUBBED_TIME+LLAMA3-BWB_BMPD512_3_9_12
64,3,0,0,15,6,512,0.0,,bw,static,static,results,Results,Results_LLAMA31,LLAMA3-BWB-Results,simulator_output_LLAMA3-BWB_bwplacement_bs64_staticreq_statictask,SCRUBBED_TIME+LLAMA3-BWB_BMPD512_3_15_6
64,3,0,0,4,17,512,0.0,,bw,static,static,results,Results,Results_LLAMA31,LLAMA3-BWB-Results,simulator_output_LLAMA3-BWB_bwplacement_bs64_staticreq_statictask,SCRUBBED_TIME+LLAMA3-BWB_BMPD512_3_4_17
64,3,0,0,18,3,512,0.0,,bw,static,static,results,Results,Results_LLAMA31,LLAMA3-BWB-Results,simulator_output_LLAMA3-BWB_bwplacement_bs64_staticreq_statictask,SCRUBBED_TIME+LLAMA3-BWB_BMPD512_3_18_3
64,3,0,0,17,4,512,0.0,,bw,static,static,results,Results,Results_LLAMA31,LLAMA3-BWB-Results,simulator_output_LLAMA3-BWB_bwplacement_bs64_staticreq_statictask,SCRUBBED_TIME+LLAMA3-BWB_BMPD512_3_17_4
64,2,0,0,9,13,512,0.0,,bw,static,static,results,Results,Results_LLAMA31,LLAMA3-BWB-Results,simulator_output_LLAMA3-BWB_bwplacement_bs64_staticreq_statictask,SCRUBBED_TIME+LLAMA3-BWB_BMPD512_2_9_13
64,3,0,0,3,18,512,0.0,,bw,static,static,results,Results,Results_LLAMA31,LLAMA3-BWB-Results,simulator_output_LLAMA3-BWB_bwplacement_bs64_staticreq_statictask,SCRUBBED_TIME+LLAMA3-BWB_BMPD512_3_3_18
64,2,0,0,16,6,512,0.0,,bw,static,static,results,Results,Results_LLAMA31,LLAMA3-BWB-Results,simulator_output_LLAMA3-BWB_bwplacement_bs64_staticreq_statictask,SCRUBBED_TIME+LLAMA3-BWB_BMPD512_2_16_6
64,2,0,0,2,20,512,0.0,,bw,static,static,results,Results,Results_LLAMA31,LLAMA3-BWB-Results,simulator_output_LLAMA3-BWB_bwplacement_bs64_staticreq_statictask,SCRUBBED_TIME+LLAMA3-BWB_BMPD512_2_2_20
64,2,0,0,14,8,512,0.0,,bw,static,static,results,Results,Results_LLAMA31,LLAMA3-BWB-Results,simulator_output_LLAMA3-BWB_bwplacement_bs64_staticreq_statictask,SCRUBBED_TIME+LLAMA3-BWB_BMPD512_2_14_8
64,3,0,0,10,11,512,0.0,,bw,static,static,results,Results,Results_LLAMA31,LLAMA3-BWB-Results,simulator_output_LLAMA3-BWB_bwplacement_bs64_staticreq_statictask,SCRUBBED_TIME+LLAMA3-BWB_BMPD512_3_10_11
64,3,0,0,5,16,512,0.0,,bw,static,static,results,Results,Results_LLAMA31,LLAMA3-BWB-Results,simulator_output_LLAMA3-BWB_bwplacement_bs64_staticreq_statictask,SCRUBBED_TIME+LLAMA3-BWB_BMPD512_3_5_16
64,3,0,0,2,19,512,0.0,,bw,static,static,results,Results,Results_LLAMA31,LLAMA3-BWB-Results,simulator_output_LLAMA3-BWB_bwplacement_bs64_staticreq_statictask,SCRUBBED_TIME+LLAMA3-BWB_BMPD512_3_2_19
64,2,0,0,3,19,512,0.0,,bw,static,static,results,Results,Results_LLAMA31,LLAMA3-BWB-Results,simulator_output_LLAMA3-BWB_bwplacement_bs64_staticreq_statictask,SCRUBBED_TIME+LLAMA3-BWB_BMPD512_2_3_19
64,2,0,0,5,17,512,0.0,,bw,static,static,results,Results,Results_LLAMA31,LLAMA3-BWB-Results,simulator_output_LLAMA3-BWB_bwplacement_bs64_staticreq_statictask,SCRUBBED_TIME+LLAMA3-BWB_BMPD512_2_5_17
64,3,0,0,7,14,512,0.0,,bw,static,static,results,Results,Results_LLAMA31,LLAMA3-BWB-Results,simulator_output_LLAMA3-BWB_bwplacement_bs64_staticreq_statictask,SCRUBBED_TIME+LLAMA3-BWB_BMPD512_3_7_14
64,2,0,0,4,18,512,0.0,,bw,static,static,results,Results,Results_LLAMA31,LLAMA3-BWB-Results,simulator_output_LLAMA3-BWB_bwplacement_bs64_staticreq_statictask,SCRUBBED_TIME+LLAMA3-BWB_BMPD512_2_4_18
64,2,0,0,11,11,512,0.0,,bw,static,static,results,Results,Results_LLAMA31,LLAMA3-BWB-Results,simulator_output_LLAMA3-BWB_bwplacement_bs64_staticreq_statictask,SCRUBBED_TIME+LLAMA3-BWB_BMPD512_2_11_11
64,2,0,0,21,1,512,0.0,,bw,static,static,results,Results,Results_LLAMA31,LLAMA3-BWB-Results,simulator_output_LLAMA3-BWB_bwplacement_bs64_staticreq_statictask,SCRUBBED_TIME+LLAMA3-BWB_BMPD512_2_21_1
64,2,0,0,18,4,512,0.0,,bw,static,static,results,Results,Results_LLAMA31,LLAMA3-BWB-Results,simulator_output_LLAMA3-BWB_bwplacement_bs64_staticreq_statictask,SCRUBBED_TIME+LLAMA3-BWB_BMPD512_2_18_4
64,3,0,0,12,9,512,0.0,,bw,static,static,results,Results,Results_LLAMA31,LLAMA3-BWB-Results,simulator_output_LLAMA3-BWB_bwplacement_bs64_staticreq_statictask,SCRUBBED_TIME+LLAMA3-BWB_BMPD512_3_12_9
64,2,0,0,8,14,512,0.0,,bw,static,static,results,Results,Results_LLAMA31,LLAMA3-BWB-Results,simulator_output_LLAMA3-BWB_bwplacement_bs64_staticreq_statictask,SCRUBBED_TIME+LLAMA3-BWB_BMPD512_2_8_14
64,2,0,0,13,9,512,0.0,,bw,static,static,results,Results,Results_LLAMA31,LLAMA3-BWB-Results,simulator_output_LLAMA3-BWB_bwplacement_bs64_staticreq_statictask,SCRUBBED_TIME+LLAMA3-BWB_BMPD512_2_13_9
64,2,0,0,19,3,512,0.0,,bw,static,static,results,Results,Results_LLAMA31,LLAMA3-BWB-Results,simulator_output_LLAMA3-BWB_bwplacement_bs64_staticreq_statictask,SCRUBBED_TIME+LLAMA3-BWB_BMPD512_2_19_3
64,3,0,0,16,5,512,0.0,,bw,static,static,results,Results,Results_LLAMA31,LLAMA3-BWB-Results,simulator_output_LLAMA3-BWB_bwplacement_bs64_staticreq_statictask,SCRUBBED_TIME+LLAMA3-BWB_BMPD512_3_16_5
64,3,0,0,13,8,512,0.0,,bw,static,static,results,Results,Results_LLAMA31,LLAMA3-BWB-Results,simulator_output_LLAMA3-BWB_bwplacement_bs64_staticreq_statictask,SCRUBBED_TIME+LLAMA3-BWB_BMPD512_3_13_8
64,2,0,0,12,10,512,0.0,,bw,static,static,results,Results,Results_LLAMA31,LLAMA3-BWB-Results,simulator_output_LLAMA3-BWB_bwplacement_bs64_staticreq_statictask,SCRUBBED_TIME+LLAMA3-BWB_BMPD512_2_12_10
64,3,0,0,8,13,512,0.0,,bw,static,static,results,Results,Results_LLAMA31,LLAMA3-BWB-Results,simulator_output_LLAMA3-BWB_bwplacement_bs64_staticreq_statictask,SCRUBBED_TIME+LLAMA3-BWB_BMPD512_3_8_13
64,4,0,0,7,13,512,0.0,,bw,static,static,results,Results,Results_LLAMA31,LLAMA3-BWB-Results,simulator_output_LLAMA3-BWB_bwplacement_bs64_staticreq_statictask,SCRUBBED_TIME+LLAMA3-BWB_BMPD512_4_7_13
64,4,0,0,2,18,512,0.0,,bw,static,static,results,Results,Results_LLAMA31,LLAMA3-BWB-Results,simulator_output_LLAMA3-BWB_bwplacement_bs64_staticreq_statictask,SCRUBBED_TIME+LLAMA3-BWB_BMPD512_4_2_18
64,3,0,0,20,1,512,0.0,,bw,static,static,results,Results,Results_LLAMA31,LLAMA3-BWB-Results,simulator_output_LLAMA3-BWB_bwplacement_bs64_staticreq_statictask,SCRUBBED_TIME+LLAMA3-BWB_BMPD512_3_20_1
64,4,0,0,1,19,512,0.0,,bw,static,static,results,Results,Results_LLAMA31,LLAMA3-BWB-Results,simulator_output_LLAMA3-BWB_bwplacement_bs64_staticreq_statictask,SCRUBBED_TIME+LLAMA3-BWB_BMPD512_4_1_19
64,4,0,0,14,6,512,0.0,,bw,static,static,results,Results,Results_LLAMA31,LLAMA3-BWB-Results,simulator_output_LLAMA3-BWB_bwplacement_bs64_staticreq_statictask,SCRUBBED_TIME+LLAMA3-BWB_BMPD512_4_14_6
64,4,0,0,4,16,512,0.0,,bw,static,static,results,Results,Results_LLAMA31,LLAMA3-BWB-Results,simulator_output_LLAMA3-BWB_bwplacement_bs64_staticreq_statictask,SCRUBBED_TIME+LLAMA3-BWB_BMPD512_4_4_16
64,4,0,0,3,17,512,0.0,,bw,static,static,results,Results,Results_LLAMA31,LLAMA3-BWB-Results,simulator_output_LLAMA3-BWB_bwplacement_bs64_staticreq_statictask,SCRUBBED_TIME+LLAMA3-BWB_BMPD512_4_3_17
64,4,0,0,16,4,512,0.0,,bw,static,static,results,Results,Results_LLAMA31,LLAMA3-BWB-Results,simulator_output_LLAMA3-BWB_bwplacement_bs64_staticreq_statictask,SCRUBBED_TIME+LLAMA3-BWB_BMPD512_4_16_4
64,4,0,0,12,8,512,0.0,,bw,static,static,results,Results,Results_LLAMA31,LLAMA3-BWB-Results,simulator_output_LLAMA3-BWB_bwplacement_bs64_staticreq_statictask,SCRUBBED_TIME+LLAMA3-BWB_BMPD512_4_12_8
64,4,0,0,11,9,512,0.0,,bw,static,static,results,Results,Results_LLAMA31,LLAMA3-BWB-Results,simulator_output_LLAMA3-BWB_bwplacement_bs64_staticreq_statictask,SCRUBBED_TIME+LLAMA3-BWB_BMPD512_4_11_9
64,4,0,0,9,11,512,0.0,,bw,static,static,results,Results,Results_LLAMA31,LLAMA3-BWB-Results,simulator_output_LLAMA3-BWB_bwplacement_bs64_staticreq_statictask,SCRUBBED_TIME+LLAMA3-BWB_BMPD512_4_9_11
64,4,0,0,13,7,512,0.0,,bw,static,static,results,Results,Results_LLAMA31,LLAMA3-BWB-Results,simulator_output_LLAMA3-BWB_bwplacement_bs64_staticreq_statictask,SCRUBBED_TIME+LLAMA3-BWB_BMPD512_4_13_7
64,4,0,0,8,12,512,0.0,,bw,static,static,results,Results,Results_LLAMA31,LLAMA3-BWB-Results,simulator_output_LLAMA3-BWB_bwplacement_bs64_staticreq_statictask,SCRUBBED_TIME+LLAMA3-BWB_BMPD512_4_8_12
64,4,0,0,5,15,512,0.0,,bw,static,static,results,Results,Results_LLAMA31,LLAMA3-BWB-Results,simulator_output_LLAMA3-BWB_bwplacement_bs64_staticreq_statictask,SCRUBBED_TIME+LLAMA3-BWB_BMPD512_4_5_15
64,4,0,0,19,1,512,0.0,,bw,static,static,results,Results,Results_LLAMA31,LLAMA3-BWB-Results,simulator_output_LLAMA3-BWB_bwplacement_bs64_staticreq_statictask,SCRUBBED_TIME+LLAMA3-BWB_BMPD512_4_19_1
64,4,0,0,6,14,512,0.0,,bw,static,static,results,Results,Results_LLAMA31,LLAMA3-BWB-Results,simulator_output_LLAMA3-BWB_bwplacement_bs64_staticreq_statictask,SCRUBBED_TIME+LLAMA3-BWB_BMPD512_4_6_14
64,4,0,0,15,5,512,0.0,,bw,static,static,results,Results,Results_LLAMA31,LLAMA3-BWB-Results,simulator_output_LLAMA3-BWB_bwplacement_bs64_staticreq_statictask,SCRUBBED_TIME+LLAMA3-BWB_BMPD512_4_15_5
64,4,0,0,18,2,512,0.0,,bw,static,static,results,Results,Results_LLAMA31,LLAMA3-BWB-Results,simulator_output_LLAMA3-BWB_bwplacement_bs64_staticreq_statictask,SCRUBBED_TIME+LLAMA3-BWB_BMPD512_4_18_2
64,4,0,0,10,10,512,0.0,,bw,static,static,results,Results,Results_LLAMA31,LLAMA3-BWB-Results,simulator_output_LLAMA3-BWB_bwplacement_bs64_staticreq_statictask,SCRUBBED_TIME+LLAMA3-BWB_BMPD512_4_10_10
64,5,0,0,2,17,512,0.0,,bw,static,static,results,Results,Results_LLAMA31,LLAMA3-BWB-Results,simulator_output_LLAMA3-BWB_bwplacement_bs64_staticreq_statictask,SCRUBBED_TIME+LLAMA3-BWB_BMPD512_5_2_17
64,4,0,0,17,3,512,0.0,,bw,static,static,results,Results,Results_LLAMA31,LLAMA3-BWB-Results,simulator_output_LLAMA3-BWB_bwplacement_bs64_staticreq_statictask,SCRUBBED_TIME+LLAMA3-BWB_BMPD512_4_17_3
64,5,0,0,1,18,512,0.0,,bw,static,static,results,Results,Results_LLAMA31,LLAMA3-BWB-Results,simulator_output_LLAMA3-BWB_bwplacement_bs64_staticreq_statictask,SCRUBBED_TIME+LLAMA3-BWB_BMPD512_5_1_18
64,5,0,0,6,13,512,0.0,,bw,static,static,results,Results,Results_LLAMA31,LLAMA3-BWB-Results,simulator_output_LLAMA3-BWB_bwplacement_bs64_staticreq_statictask,SCRUBBED_TIME+LLAMA3-BWB_BMPD512_5_6_13
64,5,0,0,3,16,512,0.0,,bw,static,static,results,Results,Results_LLAMA31,LLAMA3-BWB-Results,simulator_output_LLAMA3-BWB_bwplacement_bs64_staticreq_statictask,SCRUBBED_TIME+LLAMA3-BWB_BMPD512_5_3_16
64,5,0,0,7,12,512,0.0,,bw,static,static,results,Results,Results_LLAMA31,LLAMA3-BWB-Results,simulator_output_LLAMA3-BWB_bwplacement_bs64_staticreq_statictask,SCRUBBED_TIME+LLAMA3-BWB_BMPD512_5_7_12
64,5,0,0,5,14,512,0.0,,bw,static,static,results,Results,Results_LLAMA31,LLAMA3-BWB-Results,simulator_output_LLAMA3-BWB_bwplacement_bs64_staticreq_statictask,SCRUBBED_TIME+LLAMA3-BWB_BMPD512_5_5_14
64,5,0,0,4,15,512,0.0,,bw,static,static,results,Results,Results_LLAMA31,LLAMA3-BWB-Results,simulator_output_LLAMA3-BWB_bwplacement_bs64_staticreq_statictask,SCRUBBED_TIME+LLAMA3-BWB_BMPD512_5_4_15
64,5,0,0,10,9,512,0.0,,bw,static,static,results,Results,Results_LLAMA31,LLAMA3-BWB-Results,simulator_output_LLAMA3-BWB_bwplacement_bs64_staticreq_statictask,SCRUBBED_TIME+LLAMA3-BWB_BMPD512_5_10_9
64,5,0,0,8,11,512,0.0,,bw,static,static,results,Results,Results_LLAMA31,LLAMA3-BWB-Results,simulator_output_LLAMA3-BWB_bwplacement_bs64_staticreq_statictask,SCRUBBED_TIME+LLAMA3-BWB_BMPD512_5_8_11
64,5,0,0,11,8,512,0.0,,bw,static,static,results,Results,Results_LLAMA31,LLAMA3-BWB-Results,simulator_output_LLAMA3-BWB_bwplacement_bs64_staticreq_statictask,SCRUBBED_TIME+LLAMA3-BWB_BMPD512_5_11_8
64,5,0,0,12,7,512,0.0,,bw,static,static,results,Results,Results_LLAMA31,LLAMA3-BWB-Results,simulator_output_LLAMA3-BWB_bwplacement_bs64_staticreq_statictask,SCRUBBED_TIME+LLAMA3-BWB_BMPD512_5_12_7
64,5,0,0,9,10,512,0.0,,bw,static,static,results,Results,Results_LLAMA31,LLAMA3-BWB-Results,simulator_output_LLAMA3-BWB_bwplacement_bs64_staticreq_statictask,SCRUBBED_TIME+LLAMA3-BWB_BMPD512_5_9_10
64,5,0,0,16,3,512,0.0,,bw,static,static,results,Results,Results_LLAMA31,LLAMA3-BWB-Results,simulator_output_LLAMA3-BWB_bwplacement_bs64_staticreq_statictask,SCRUBBED_TIME+LLAMA3-BWB_BMPD512_5_16_3
64,5,0,0,13,6,512,0.0,,bw,static,static,results,Results,Results_LLAMA31,LLAMA3-BWB-Results,simulator_output_LLAMA3-BWB_bwplacement_bs64_staticreq_statictask,SCRUBBED_TIME+LLAMA3-BWB_BMPD512_5_13_6
64,5,0,0,14,5,512,0.0,,bw,static,static,results,Results,Results_LLAMA31,LLAMA3-BWB-Results,simulator_output_LLAMA3-BWB_bwplacement_bs64_staticreq_statictask,SCRUBBED_TIME+LLAMA3-BWB_BMPD512_5_14_5
64,5,0,0,17,2,512,0.0,,bw,static,static,results,Results,Results_LLAMA31,LLAMA3-BWB-Results,simulator_output_LLAMA3-BWB_bwplacement_bs64_staticreq_statictask,SCRUBBED_TIME+LLAMA3-BWB_BMPD512_5_17_2
64,5,0,0,18,1,512,0.0,,bw,static,static,results,Results,Results_LLAMA31,LLAMA3-BWB-Results,simulator_output_LLAMA3-BWB_bwplacement_bs64_staticreq_statictask,SCRUBBED_TIME+LLAMA3-BWB_BMPD512_5_18_1
64,5,0,0,15,4,512,0.0,,bw,static,static,results,Results,Results_LLAMA31,LLAMA3-BWB-Results,simulator_output_LLAMA3-BWB_bwplacement_bs64_staticreq_statictask,SCRUBBED_TIME+LLAMA3-BWB_BMPD512_5_15_4
64,6,0,0,1,17,512,0.0,,bw,static,static,results,Results,Results_LLAMA31,LLAMA3-BWB-Results,simulator_output_LLAMA3-BWB_bwplacement_bs64_staticreq_statictask,SCRUBBED_TIME+LLAMA3-BWB_BMPD512_6_1_17
64,6,0,0,2,16,512,0.0,,bw,static,static,results,Results,Results_LLAMA31,LLAMA3-BWB-Results,simulator_output_LLAMA3-BWB_bwplacement_bs64_staticreq_statictask,SCRUBBED_TIME+LLAMA3-BWB_BMPD512_6_2_16
64,6,0,0,3,15,512,0.0,,bw,static,static,results,Results,Results_LLAMA31,LLAMA3-BWB-Results,simulator_output_LLAMA3-BWB_bwplacement_bs64_staticreq_statictask,SCRUBBED_TIME+LLAMA3-BWB_BMPD512_6_3_15
64,6,0,0,5,13,512,0.0,,bw,static,static,results,Results,Results_LLAMA31,LLAMA3-BWB-Results,simulator_output_LLAMA3-BWB_bwplacement_bs64_staticreq_statictask,SCRUBBED_TIME+LLAMA3-BWB_BMPD512_6_5_13
64,6,0,0,4,14,512,0.0,,bw,static,static,results,Results,Results_LLAMA31,LLAMA3-BWB-Results,simulator_output_LLAMA3-BWB_bwplacement_bs64_staticreq_statictask,SCRUBBED_TIME+LLAMA3-BWB_BMPD512_6_4_14
64,6,0,0,10,8,512,0.0,,bw,static,static,results,Results,Results_LLAMA31,LLAMA3-BWB-Results,simulator_output_LLAMA3-BWB_bwplacement_bs64_staticreq_statictask,SCRUBBED_TIME+LLAMA3-BWB_BMPD512_6_10_8
64,6,0,0,17,1,512,0.0,,bw,static,static,results,Results,Results_LLAMA31,LLAMA3-BWB-Results,simulator_output_LLAMA3-BWB_bwplacement_bs64_staticreq_statictask,SCRUBBED_TIME+LLAMA3-BWB_BMPD512_6_17_1
64,6,0,0,6,12,512,0.0,,bw,static,static,results,Results,Results_LLAMA31,LLAMA3-BWB-Results,simulator_output_LLAMA3-BWB_bwplacement_bs64_staticreq_statictask,SCRUBBED_TIME+LLAMA3-BWB_BMPD512_6_6_12
64,6,0,0,14,4,512,0.0,,bw,static,static,results,Results,Results_LLAMA31,LLAMA3-BWB-Results,simulator_output_LLAMA3-BWB_bwplacement_bs64_staticreq_statictask,SCRUBBED_TIME+LLAMA3-BWB_BMPD512_6_14_4
64,6,0,0,8,10,512,0.0,,bw,static,static,results,Results,Results_LLAMA31,LLAMA3-BWB-Results,simulator_output_LLAMA3-BWB_bwplacement_bs64_staticreq_statictask,SCRUBBED_TIME+LLAMA3-BWB_BMPD512_6_8_10
64,6,0,0,7,11,512,0.0,,bw,static,static,results,Results,Results_LLAMA31,LLAMA3-BWB-Results,simulator_output_LLAMA3-BWB_bwplacement_bs64_staticreq_statictask,SCRUBBED_TIME+LLAMA3-BWB_BMPD512_6_7_11
64,6,0,0,11,7,512,0.0,,bw,static,static,results,Results,Results_LLAMA31,LLAMA3-BWB-Results,simulator_output_LLAMA3-BWB_bwplacement_bs64_staticreq_statictask,SCRUBBED_TIME+LLAMA3-BWB_BMPD512_6_11_7
64,6,0,0,9,9,512,0.0,,bw,static,static,results,Results,Results_LLAMA31,LLAMA3-BWB-Results,simulator_output_LLAMA3-BWB_bwplacement_bs64_staticreq_statictask,SCRUBBED_TIME+LLAMA3-BWB_BMPD512_6_9_9
64,6,0,0,16,2,512,0.0,,bw,static,static,results,Results,Results_LLAMA31,LLAMA3-BWB-Results,simulator_output_LLAMA3-BWB_bwplacement_bs64_staticreq_statictask,SCRUBBED_TIME+LLAMA3-BWB_BMPD512_6_16_2
64,6,0,0,12,6,512,0.0,,bw,static,static,results,Results,Results_LLAMA31,LLAMA3-BWB-Results,simulator_output_LLAMA3-BWB_bwplacement_bs64_staticreq_statictask,SCRUBBED_TIME+LLAMA3-BWB_BMPD512_6_12_6
64,6,0,0,15,3,512,0.0,,bw,static,static,results,Results,Results_LLAMA31,LLAMA3-BWB-Results,simulator_output_LLAMA3-BWB_bwplacement_bs64_staticreq_statictask,SCRUBBED_TIME+LLAMA3-BWB_BMPD512_6_15_3
64,7,0,0,4,13,512,0.0,,bw,static,static,results,Results,Results_LLAMA31,LLAMA3-BWB-Results,simulator_output_LLAMA3-BWB_bwplacement_bs64_staticreq_statictask,SCRUBBED_TIME+LLAMA3-BWB_BMPD512_7_4_13
64,6,0,0,13,5,512,0.0,,bw,static,static,results,Results,Results_LLAMA31,LLAMA3-BWB-Results,simulator_output_LLAMA3-BWB_bwplacement_bs64_staticreq_statictask,SCRUBBED_TIME+LLAMA3-BWB_BMPD512_6_13_5
64,7,0,0,5,12,512,0.0,,bw,static,static,results,Results,Results_LLAMA31,LLAMA3-BWB-Results,simulator_output_LLAMA3-BWB_bwplacement_bs64_staticreq_statictask,SCRUBBED_TIME+LLAMA3-BWB_BMPD512_7_5_12
64,7,0,0,2,15,512,0.0,,bw,static,static,results,Results,Results_LLAMA31,LLAMA3-BWB-Results,simulator_output_LLAMA3-BWB_bwplacement_bs64_staticreq_statictask,SCRUBBED_TIME+LLAMA3-BWB_BMPD512_7_2_15
64,7,0,0,3,14,512,0.0,,bw,static,static,results,Results,Results_LLAMA31,LLAMA3-BWB-Results,simulator_output_LLAMA3-BWB_bwplacement_bs64_staticreq_statictask,SCRUBBED_TIME+LLAMA3-BWB_BMPD512_7_3_14
64,7,0,0,6,11,512,0.0,,bw,static,static,results,Results,Results_LLAMA31,LLAMA3-BWB-Results,simulator_output_LLAMA3-BWB_bwplacement_bs64_staticreq_statictask,SCRUBBED_TIME+LLAMA3-BWB_BMPD512_7_6_11
64,7,0,0,1,16,512,0.0,,bw,static,static,results,Results,Results_LLAMA31,LLAMA3-BWB-Results,simulator_output_LLAMA3-BWB_bwplacement_bs64_staticreq_statictask,SCRUBBED_TIME+LLAMA3-BWB_BMPD512_7_1_16
64,7,0,0,7,10,512,0.0,,bw,static,static,results,Results,Results_LLAMA31,LLAMA3-BWB-Results,simulator_output_LLAMA3-BWB_bwplacement_bs64_staticreq_statictask,SCRUBBED_TIME+LLAMA3-BWB_BMPD512_7_7_10
64,7,0,0,9,8,512,0.0,,bw,static,static,results,Results,Results_LLAMA31,LLAMA3-BWB-Results,simulator_output_LLAMA3-BWB_bwplacement_bs64_staticreq_statictask,SCRUBBED_TIME+LLAMA3-BWB_BMPD512_7_9_8
64,7,0,0,12,5,512,0.0,,bw,static,static,results,Results,Results_LLAMA31,LLAMA3-BWB-Results,simulator_output_LLAMA3-BWB_bwplacement_bs64_staticreq_statictask,SCRUBBED_TIME+LLAMA3-BWB_BMPD512_7_12_5
64,7,0,0,8,9,512,0.0,,bw,static,static,results,Results,Results_LLAMA31,LLAMA3-BWB-Results,simulator_output_LLAMA3-BWB_bwplacement_bs64_staticreq_statictask,SCRUBBED_TIME+LLAMA3-BWB_BMPD512_7_8_9
64,7,0,0,14,3,512,0.0,,bw,static,static,results,Results,Results_LLAMA31,LLAMA3-BWB-Results,simulator_output_LLAMA3-BWB_bwplacement_bs64_staticreq_statictask,SCRUBBED_TIME+LLAMA3-BWB_BMPD512_7_14_3
64,7,0,0,11,6,512,0.0,,bw,static,static,results,Results,Results_LLAMA31,LLAMA3-BWB-Results,simulator_output_LLAMA3-BWB_bwplacement_bs64_staticreq_statictask,SCRUBBED_TIME+LLAMA3-BWB_BMPD512_7_11_6
64,8,0,0,4,12,512,0.0,,bw,static,static,results,Results,Results_LLAMA31,LLAMA3-BWB-Results,simulator_output_LLAMA3-BWB_bwplacement_bs64_staticreq_statictask,SCRUBBED_TIME+LLAMA3-BWB_BMPD512_8_4_12
64,7,0,0,15,2,512,0.0,,bw,static,static,results,Results,Results_LLAMA31,LLAMA3-BWB-Results,simulator_output_LLAMA3-BWB_bwplacement_bs64_staticreq_statictask,SCRUBBED_TIME+LLAMA3-BWB_BMPD512_7_15_2
64,7,0,0,10,7,512,0.0,,bw,static,static,results,Results,Results_LLAMA31,LLAMA3-BWB-Results,simulator_output_LLAMA3-BWB_bwplacement_bs64_staticreq_statictask,SCRUBBED_TIME+LLAMA3-BWB_BMPD512_7_10_7
64,7,0,0,13,4,512,0.0,,bw,static,static,results,Results,Results_LLAMA31,LLAMA3-BWB-Results,simulator_output_LLAMA3-BWB_bwplacement_bs64_staticreq_statictask,SCRUBBED_TIME+LLAMA3-BWB_BMPD512_7_13_4
64,7,0,0,16,1,512,0.0,,bw,static,static,results,Results,Results_LLAMA31,LLAMA3-BWB-Results,simulator_output_LLAMA3-BWB_bwplacement_bs64_staticreq_statictask,SCRUBBED_TIME+LLAMA3-BWB_BMPD512_7_16_1
64,8,0,0,6,10,512,0.0,,bw,static,static,results,Results,Results_LLAMA31,LLAMA3-BWB-Results,simulator_output_LLAMA3-BWB_bwplacement_bs64_staticreq_statictask,SCRUBBED_TIME+LLAMA3-BWB_BMPD512_8_6_10
64,8,0,0,3,13,512,0.0,,bw,static,static,results,Results,Results_LLAMA31,LLAMA3-BWB-Results,simulator_output_LLAMA3-BWB_bwplacement_bs64_staticreq_statictask,SCRUBBED_TIME+LLAMA3-BWB_BMPD512_8_3_13
64,8,0,0,2,14,512,0.0,,bw,static,static,results,Results,Results_LLAMA31,LLAMA3-BWB-Results,simulator_output_LLAMA3-BWB_bwplacement_bs64_staticreq_statictask,SCRUBBED_TIME+LLAMA3-BWB_BMPD512_8_2_14
64,8,0,0,1,15,512,0.0,,bw,static,static,results,Results,Results_LLAMA31,LLAMA3-BWB-Results,simulator_output_LLAMA3-BWB_bwplacement_bs64_staticreq_statictask,SCRUBBED_TIME+LLAMA3-BWB_BMPD512_8_1_15
64,8,0,0,5,11,512,0.0,,bw,static,static,results,Results,Results_LLAMA31,LLAMA3-BWB-Results,simulator_output_LLAMA3-BWB_bwplacement_bs64_staticreq_statictask,SCRUBBED_TIME+LLAMA3-BWB_BMPD512_8_5_11
64,8,0,0,7,9,512,0.0,,bw,static,static,results,Results,Results_LLAMA31,LLAMA3-BWB-Results,simulator_output_LLAMA3-BWB_bwplacement_bs64_staticreq_statictask,SCRUBBED_TIME+LLAMA3-BWB_BMPD512_8_7_9
64,8,0,0,9,7,512,0.0,,bw,static,static,results,Results,Results_LLAMA31,LLAMA3-BWB-Results,simulator_output_LLAMA3-BWB_bwplacement_bs64_staticreq_statictask,SCRUBBED_TIME+LLAMA3-BWB_BMPD512_8_9_7
64,8,0,0,8,8,512,0.0,,bw,static,static,results,Results,Results_LLAMA31,LLAMA3-BWB-Results,simulator_output_LLAMA3-BWB_bwplacement_bs64_staticreq_statictask,SCRUBBED_TIME+LLAMA3-BWB_BMPD512_8_8_8
64,8,0,0,10,6,512,0.0,,bw,static,static,results,Results,Results_LLAMA31,LLAMA3-BWB-Results,simulator_output_LLAMA3-BWB_bwplacement_bs64_staticreq_statictask,SCRUBBED_TIME+LLAMA3-BWB_BMPD512_8_10_6
64,8,0,0,12,4,512,0.0,,bw,static,static,results,Results,Results_LLAMA31,LLAMA3-BWB-Results,simulator_output_LLAMA3-BWB_bwplacement_bs64_staticreq_statictask,SCRUBBED_TIME+LLAMA3-BWB_BMPD512_8_12_4
64,8,0,0,11,5,512,0.0,,bw,static,static,results,Results,Results_LLAMA31,LLAMA3-BWB-Results,simulator_output_LLAMA3-BWB_bwplacement_bs64_staticreq_statictask,SCRUBBED_TIME+LLAMA3-BWB_BMPD512_8_11_5
64,8,0,0,15,1,512,0.0,,bw,static,static,results,Results,Results_LLAMA31,LLAMA3-BWB-Results,simulator_output_LLAMA3-BWB_bwplacement_bs64_staticreq_statictask,SCRUBBED_TIME+LLAMA3-BWB_BMPD512_8_15_1
64,8,0,0,13,3,512,0.0,,bw,static,static,results,Results,Results_LLAMA31,LLAMA3-BWB-Results,simulator_output_LLAMA3-BWB_bwplacement_bs64_staticreq_statictask,SCRUBBED_TIME+LLAMA3-BWB_BMPD512_8_13_3
64,9,0,0,7,8,512,0.0,,bw,static,static,results,Results,Results_LLAMA31,LLAMA3-BWB-Results,simulator_output_LLAMA3-BWB_bwplacement_bs64_staticreq_statictask,SCRUBBED_TIME+LLAMA3-BWB_BMPD512_9_7_8
64,9,0,0,3,12,512,0.0,,bw,static,static,results,Results,Results_LLAMA31,LLAMA3-BWB-Results,simulator_output_LLAMA3-BWB_bwplacement_bs64_staticreq_statictask,SCRUBBED_TIME+LLAMA3-BWB_BMPD512_9_3_12
64,9,0,0,4,11,512,0.0,,bw,static,static,results,Results,Results_LLAMA31,LLAMA3-BWB-Results,simulator_output_LLAMA3-BWB_bwplacement_bs64_staticreq_statictask,SCRUBBED_TIME+LLAMA3-BWB_BMPD512_9_4_11
64,9,0,0,8,7,512,0.0,,bw,static,static,results,Results,Results_LLAMA31,LLAMA3-BWB-Results,simulator_output_LLAMA3-BWB_bwplacement_bs64_staticreq_statictask,SCRUBBED_TIME+LLAMA3-BWB_BMPD512_9_8_7
64,9,0,0,5,10,512,0.0,,bw,static,static,results,Results,Results_LLAMA31,LLAMA3-BWB-Results,simulator_output_LLAMA3-BWB_bwplacement_bs64_staticreq_statictask,SCRUBBED_TIME+LLAMA3-BWB_BMPD512_9_5_10
64,8,0,0,14,2,512,0.0,,bw,static,static,results,Results,Results_LLAMA31,LLAMA3-BWB-Results,simulator_output_LLAMA3-BWB_bwplacement_bs64_staticreq_statictask,SCRUBBED_TIME+LLAMA3-BWB_BMPD512_8_14_2
64,9,0,0,1,14,512,0.0,,bw,static,static,results,Results,Results_LLAMA31,LLAMA3-BWB-Results,simulator_output_LLAMA3-BWB_bwplacement_bs64_staticreq_statictask,SCRUBBED_TIME+LLAMA3-BWB_BMPD512_9_1_14
64,9,0,0,10,5,512,0.0,,bw,static,static,results,Results,Results_LLAMA31,LLAMA3-BWB-Results,simulator_output_LLAMA3-BWB_bwplacement_bs64_staticreq_statictask,SCRUBBED_TIME+LLAMA3-BWB_BMPD512_9_10_5
64,9,0,0,6,9,512,0.0,,bw,static,static,results,Results,Results_LLAMA31,LLAMA3-BWB-Results,simulator_output_LLAMA3-BWB_bwplacement_bs64_staticreq_statictask,SCRUBBED_TIME+LLAMA3-BWB_BMPD512_9_6_9
64,9,0,0,2,13,512,0.0,,bw,static,static,results,Results,Results_LLAMA31,LLAMA3-BWB-Results,simulator_output_LLAMA3-BWB_bwplacement_bs64_staticreq_statictask,SCRUBBED_TIME+LLAMA3-BWB_BMPD512_9_2_13
64,9,0,0,14,1,512,0.0,,bw,static,static,results,Results,Results_LLAMA31,LLAMA3-BWB-Results,simulator_output_LLAMA3-BWB_bwplacement_bs64_staticreq_statictask,SCRUBBED_TIME+LLAMA3-BWB_BMPD512_9_14_1
64,9,0,0,11,4,512,0.0,,bw,static,static,results,Results,Results_LLAMA31,LLAMA3-BWB-Results,simulator_output_LLAMA3-BWB_bwplacement_bs64_staticreq_statictask,SCRUBBED_TIME+LLAMA3-BWB_BMPD512_9_11_4
64,9,0,0,13,2,512,0.0,,bw,static,static,results,Results,Results_LLAMA31,LLAMA3-BWB-Results,simulator_output_LLAMA3-BWB_bwplacement_bs64_staticreq_statictask,SCRUBBED_TIME+LLAMA3-BWB_BMPD512_9_13_2
64,9,0,0,12,3,512,0.0,,bw,static,static,results,Results,Results_LLAMA31,LLAMA3-BWB-Results,simulator_output_LLAMA3-BWB_bwplacement_bs64_staticreq_statictask,SCRUBBED_TIME+LLAMA3-BWB_BMPD512_9_12_3
64,10,0,0,7,7,512,0.0,,bw,static,static,results,Results,Results_LLAMA31,LLAMA3-BWB-Results,simulator_output_LLAMA3-BWB_bwplacement_bs64_staticreq_statictask,SCRUBBED_TIME+LLAMA3-BWB_BMPD512_10_7_7
64,9,0,0,9,6,512,0.0,,bw,static,static,results,Results,Results_LLAMA31,LLAMA3-BWB-Results,simulator_output_LLAMA3-BWB_bwplacement_bs64_staticreq_statictask,SCRUBBED_TIME+LLAMA3-BWB_BMPD512_9_9_6
64,11,0,0,1,12,512,0.0,,bw,static,static,results,Results,Results_LLAMA31,LLAMA3-BWB-Results,simulator_output_LLAMA3-BWB_bwplacement_bs64_staticreq_statictask,SCRUBBED_TIME+LLAMA3-BWB_BMPD512_11_1_12
64,10,0,0,2,12,512,0.0,,bw,static,static,results,Results,Results_LLAMA31,LLAMA3-BWB-Results,simulator_output_LLAMA3-BWB_bwplacement_bs64_staticreq_statictask,SCRUBBED_TIME+LLAMA3-BWB_BMPD512_10_2_12
64,10,0,0,5,9,512,0.0,,bw,static,static,results,Results,Results_LLAMA31,LLAMA3-BWB-Results,simulator_output_LLAMA3-BWB_bwplacement_bs64_staticreq_statictask,SCRUBBED_TIME+LLAMA3-BWB_BMPD512_10_5_9
64,10,0,0,3,11,512,0.0,,bw,static,static,results,Results,Results_LLAMA31,LLAMA3-BWB-Results,simulator_output_LLAMA3-BWB_bwplacement_bs64_staticreq_statictask,SCRUBBED_TIME+LLAMA3-BWB_BMPD512_10_3_11
64,10,0,0,1,13,512,0.0,,bw,static,static,results,Results,Results_LLAMA31,LLAMA3-BWB-Results,simulator_output_LLAMA3-BWB_bwplacement_bs64_staticreq_statictask,SCRUBBED_TIME+LLAMA3-BWB_BMPD512_10_1_13
64,10,0,0,4,10,512,0.0,,bw,static,static,results,Results,Results_LLAMA31,LLAMA3-BWB-Results,simulator_output_LLAMA3-BWB_bwplacement_bs64_staticreq_statictask,SCRUBBED_TIME+LLAMA3-BWB_BMPD512_10_4_10
64,11,0,0,3,10,512,0.0,,bw,static,static,results,Results,Results_LLAMA31,LLAMA3-BWB-Results,simulator_output_LLAMA3-BWB_bwplacement_bs64_staticreq_statictask,SCRUBBED_TIME+LLAMA3-BWB_BMPD512_11_3_10
64,10,0,0,6,8,512,0.0,,bw,static,static,results,Results,Results_LLAMA31,LLAMA3-BWB-Results,simulator_output_LLAMA3-BWB_bwplacement_bs64_staticreq_statictask,SCRUBBED_TIME+LLAMA3-BWB_BMPD512_10_6_8
64,10,0,0,12,2,512,0.0,,bw,static,static,results,Results,Results_LLAMA31,LLAMA3-BWB-Results,simulator_output_LLAMA3-BWB_bwplacement_bs64_staticreq_statictask,SCRUBBED_TIME+LLAMA3-BWB_BMPD512_10_12_2
64,10,0,0,11,3,512,0.0,,bw,static,static,results,Results,Results_LLAMA31,LLAMA3-BWB-Results,simulator_output_LLAMA3-BWB_bwplacement_bs64_staticreq_statictask,SCRUBBED_TIME+LLAMA3-BWB_BMPD512_10_11_3
64,10,0,0,13,1,512,0.0,,bw,static,static,results,Results,Results_LLAMA31,LLAMA3-BWB-Results,simulator_output_LLAMA3-BWB_bwplacement_bs64_staticreq_statictask,SCRUBBED_TIME+LLAMA3-BWB_BMPD512_10_13_1
64,10,0,0,9,5,512,0.0,,bw,static,static,results,Results,Results_LLAMA31,LLAMA3-BWB-Results,simulator_output_LLAMA3-BWB_bwplacement_bs64_staticreq_statictask,SCRUBBED_TIME+LLAMA3-BWB_BMPD512_10_9_5
64,10,0,0,8,6,512,0.0,,bw,static,static,results,Results,Results_LLAMA31,LLAMA3-BWB-Results,simulator_output_LLAMA3-BWB_bwplacement_bs64_staticreq_statictask,SCRUBBED_TIME+LLAMA3-BWB_BMPD512_10_8_6
64,11,0,0,6,7,512,0.0,,bw,static,static,results,Results,Results_LLAMA31,LLAMA3-BWB-Results,simulator_output_LLAMA3-BWB_bwplacement_bs64_staticreq_statictask,SCRUBBED_TIME+LLAMA3-BWB_BMPD512_11_6_7
64,11,0,0,4,9,512,0.0,,bw,static,static,results,Results,Results_LLAMA31,LLAMA3-BWB-Results,simulator_output_LLAMA3-BWB_bwplacement_bs64_staticreq_statictask,SCRUBBED_TIME+LLAMA3-BWB_BMPD512_11_4_9
64,10,0,0,10,4,512,0.0,,bw,static,static,results,Results,Results_LLAMA31,LLAMA3-BWB-Results,simulator_output_LLAMA3-BWB_bwplacement_bs64_staticreq_statictask,SCRUBBED_TIME+LLAMA3-BWB_BMPD512_10_10_4
64,11,0,0,2,11,512,0.0,,bw,static,static,results,Results,Results_LLAMA31,LLAMA3-BWB-Results,simulator_output_LLAMA3-BWB_bwplacement_bs64_staticreq_statictask,SCRUBBED_TIME+LLAMA3-BWB_BMPD512_11_2_11
64,11,0,0,5,8,512,0.0,,bw,static,static,results,Results,Results_LLAMA31,LLAMA3-BWB-Results,simulator_output_LLAMA3-BWB_bwplacement_bs64_staticreq_statictask,SCRUBBED_TIME+LLAMA3-BWB_BMPD512_11_5_8
64,11,0,0,7,6,512,0.0,,bw,static,static,results,Results,Results_LLAMA31,LLAMA3-BWB-Results,simulator_output_LLAMA3-BWB_bwplacement_bs64_staticreq_statictask,SCRUBBED_TIME+LLAMA3-BWB_BMPD512_11_7_6
64,11,0,0,8,5,512,0.0,,bw,static,static,results,Results,Results_LLAMA31,LLAMA3-BWB-Results,simulator_output_LLAMA3-BWB_bwplacement_bs64_staticreq_statictask,SCRUBBED_TIME+LLAMA3-BWB_BMPD512_11_8_5
64,11,0,0,9,4,512,0.0,,bw,static,static,results,Results,Results_LLAMA31,LLAMA3-BWB-Results,simulator_output_LLAMA3-BWB_bwplacement_bs64_staticreq_statictask,SCRUBBED_TIME+LLAMA3-BWB_BMPD512_11_9_4
64,11,0,0,12,1,512,0.0,,bw,static,static,results,Results,Results_LLAMA31,LLAMA3-BWB-Results,simulator_output_LLAMA3-BWB_bwplacement_bs64_staticreq_statictask,SCRUBBED_TIME+LLAMA3-BWB_BMPD512_11_12_1
64,11,0,0,11,2,512,0.0,,bw,static,static,results,Results,Results_LLAMA31,LLAMA3-BWB-Results,simulator_output_LLAMA3-BWB_bwplacement_bs64_staticreq_statictask,SCRUBBED_TIME+LLAMA3-BWB_BMPD512_11_11_2
64,12,0,0,2,10,512,0.0,,bw,static,static,results,Results,Results_LLAMA31,LLAMA3-BWB-Results,simulator_output_LLAMA3-BWB_bwplacement_bs64_staticreq_statictask,SCRUBBED_TIME+LLAMA3-BWB_BMPD512_12_2_10
64,12,0,0,1,11,512,0.0,,bw,static,static,results,Results,Results_LLAMA31,LLAMA3-BWB-Results,simulator_output_LLAMA3-BWB_bwplacement_bs64_staticreq_statictask,SCRUBBED_TIME+LLAMA3-BWB_BMPD512_12_1_11
64,12,0,0,3,9,512,0.0,,bw,static,static,results,Results,Results_LLAMA31,LLAMA3-BWB-Results,simulator_output_LLAMA3-BWB_bwplacement_bs64_staticreq_statictask,SCRUBBED_TIME+LLAMA3-BWB_BMPD512_12_3_9
64,11,0,0,10,3,512,0.0,,bw,static,static,results,Results,Results_LLAMA31,LLAMA3-BWB-Results,simulator_output_LLAMA3-BWB_bwplacement_bs64_staticreq_statictask,SCRUBBED_TIME+LLAMA3-BWB_BMPD512_11_10_3
64,12,0,0,6,6,512,0.0,,bw,static,static,results,Results,Results_LLAMA31,LLAMA3-BWB-Results,simulator_output_LLAMA3-BWB_bwplacement_bs64_staticreq_statictask,SCRUBBED_TIME+LLAMA3-BWB_BMPD512_12_6_6
64,12,0,0,5,7,512,0.0,,bw,static,static,results,Results,Results_LLAMA31,LLAMA3-BWB-Results,simulator_output_LLAMA3-BWB_bwplacement_bs64_staticreq_statictask,SCRUBBED_TIME+LLAMA3-BWB_BMPD512_12_5_7
64,12,0,0,4,8,512,0.0,,bw,static,static,results,Results,Results_LLAMA31,LLAMA3-BWB-Results,simulator_output_LLAMA3-BWB_bwplacement_bs64_staticreq_statictask,SCRUBBED_TIME+LLAMA3-BWB_BMPD512_12_4_8
64,12,0,0,9,3,512,0.0,,bw,static,static,results,Results,Results_LLAMA31,LLAMA3-BWB-Results,simulator_output_LLAMA3-BWB_bwplacement_bs64_staticreq_statictask,SCRUBBED_TIME+LLAMA3-BWB_BMPD512_12_9_3
64,13,0,0,2,9,512,0.0,,bw,static,static,results,Results,Results_LLAMA31,LLAMA3-BWB-Results,simulator_output_LLAMA3-BWB_bwplacement_bs64_staticreq_statictask,SCRUBBED_TIME+LLAMA3-BWB_BMPD512_13_2_9
64,12,0,0,8,4,512,0.0,,bw,static,static,results,Results,Results_LLAMA31,LLAMA3-BWB-Results,simulator_output_LLAMA3-BWB_bwplacement_bs64_staticreq_statictask,SCRUBBED_TIME+LLAMA3-BWB_BMPD512_12_8_4
64,12,0,0,11,1,512,0.0,,bw,static,static,results,Results,Results_LLAMA31,LLAMA3-BWB-Results,simulator_output_LLAMA3-BWB_bwplacement_bs64_staticreq_statictask,SCRUBBED_TIME+LLAMA3-BWB_BMPD512_12_11_1
64,13,0,0,5,6,512,0.0,,bw,static,static,results,Results,Results_LLAMA31,LLAMA3-BWB-Results,simulator_output_LLAMA3-BWB_bwplacement_bs64_staticreq_statictask,SCRUBBED_TIME+LLAMA3-BWB_BMPD512_13_5_6
64,12,0,0,10,2,512,0.0,,bw,static,static,results,Results,Results_LLAMA31,LLAMA3-BWB-Results,simulator_output_LLAMA3-BWB_bwplacement_bs64_staticreq_statictask,SCRUBBED_TIME+LLAMA3-BWB_BMPD512_12_10_2
64,13,0,0,10,1,512,0.0,,bw,static,static,results,Results,Results_LLAMA31,LLAMA3-BWB-Results,simulator_output_LLAMA3-BWB_bwplacement_bs64_staticreq_statictask,SCRUBBED_TIME+LLAMA3-BWB_BMPD512_13_10_1
64,13,0,0,4,7,512,0.0,,bw,static,static,results,Results,Results_LLAMA31,LLAMA3-BWB-Results,simulator_output_LLAMA3-BWB_bwplacement_bs64_staticreq_statictask,SCRUBBED_TIME+LLAMA3-BWB_BMPD512_13_4_7
64,13,0,0,1,10,512,0.0,,bw,static,static,results,Results,Results_LLAMA31,LLAMA3-BWB-Results,simulator_output_LLAMA3-BWB_bwplacement_bs64_staticreq_statictask,SCRUBBED_TIME+LLAMA3-BWB_BMPD512_13_1_10
64,13,0,0,7,4,512,0.0,,bw,static,static,results,Results,Results_LLAMA31,LLAMA3-BWB-Results,simulator_output_LLAMA3-BWB_bwplacement_bs64_staticreq_statictask,SCRUBBED_TIME+LLAMA3-BWB_BMPD512_13_7_4
64,12,0,0,7,5,512,0.0,,bw,static,static,results,Results,Results_LLAMA31,LLAMA3-BWB-Results,simulator_output_LLAMA3-BWB_bwplacement_bs64_staticreq_statictask,SCRUBBED_TIME+LLAMA3-BWB_BMPD512_12_7_5
64,14,0,0,4,6,512,0.0,,bw,static,static,results,Results,Results_LLAMA31,LLAMA3-BWB-Results,simulator_output_LLAMA3-BWB_bwplacement_bs64_staticreq_statictask,SCRUBBED_TIME+LLAMA3-BWB_BMPD512_14_4_6
64,13,0,0,3,8,512,0.0,,bw,static,static,results,Results,Results_LLAMA31,LLAMA3-BWB-Results,simulator_output_LLAMA3-BWB_bwplacement_bs64_staticreq_statictask,SCRUBBED_TIME+LLAMA3-BWB_BMPD512_13_3_8
64,14,0,0,1,9,512,0.0,,bw,static,static,results,Results,Results_LLAMA31,LLAMA3-BWB-Results,simulator_output_LLAMA3-BWB_bwplacement_bs64_staticreq_statictask,SCRUBBED_TIME+LLAMA3-BWB_BMPD512_14_1_9
64,13,0,0,8,3,512,0.0,,bw,static,static,results,Results,Results_LLAMA31,LLAMA3-BWB-Results,simulator_output_LLAMA3-BWB_bwplacement_bs64_staticreq_statictask,SCRUBBED_TIME+LLAMA3-BWB_BMPD512_13_8_3
64,13,0,0,9,2,512,0.0,,bw,static,static,results,Results,Results_LLAMA31,LLAMA3-BWB-Results,simulator_output_LLAMA3-BWB_bwplacement_bs64_staticreq_statictask,SCRUBBED_TIME+LLAMA3-BWB_BMPD512_13_9_2
64,13,0,0,6,5,512,0.0,,bw,static,static,results,Results,Results_LLAMA31,LLAMA3-BWB-Results,simulator_output_LLAMA3-BWB_bwplacement_bs64_staticreq_statictask,SCRUBBED_TIME+LLAMA3-BWB_BMPD512_13_6_5
64,14,0,0,2,8,512,0.0,,bw,static,static,results,Results,Results_LLAMA31,LLAMA3-BWB-Results,simulator_output_LLAMA3-BWB_bwplacement_bs64_staticreq_statictask,SCRUBBED_TIME+LLAMA3-BWB_BMPD512_14_2_8
64,14,0,0,3,7,512,0.0,,bw,static,static,results,Results,Results_LLAMA31,LLAMA3-BWB-Results,simulator_output_LLAMA3-BWB_bwplacement_bs64_staticreq_statictask,SCRUBBED_TIME+LLAMA3-BWB_BMPD512_14_3_7
64,14,0,0,5,5,512,0.0,,bw,static,static,results,Results,Results_LLAMA31,LLAMA3-BWB-Results,simulator_output_LLAMA3-BWB_bwplacement_bs64_staticreq_statictask,SCRUBBED_TIME+LLAMA3-BWB_BMPD512_14_5_5
64,14,0,0,8,2,512,0.0,,bw,static,static,results,Results,Results_LLAMA31,LLAMA3-BWB-Results,simulator_output_LLAMA3-BWB_bwplacement_bs64_staticreq_statictask,SCRUBBED_TIME+LLAMA3-BWB_BMPD512_14_8_2
64,14,0,0,6,4,512,0.0,,bw,static,static,results,Results,Results_LLAMA31,LLAMA3-BWB-Results,simulator_output_LLAMA3-BWB_bwplacement_bs64_staticreq_statictask,SCRUBBED_TIME+LLAMA3-BWB_BMPD512_14_6_4
64,14,0,0,9,1,512,0.0,,bw,static,static,results,Results,Results_LLAMA31,LLAMA3-BWB-Results,simulator_output_LLAMA3-BWB_bwplacement_bs64_staticreq_statictask,SCRUBBED_TIME+LLAMA3-BWB_BMPD512_14_9_1
64,14,0,0,7,3,512,0.0,,bw,static,static,results,Results,Results_LLAMA31,LLAMA3-BWB-Results,simulator_output_LLAMA3-BWB_bwplacement_bs64_staticreq_statictask,SCRUBBED_TIME+LLAMA3-BWB_BMPD512_14_7_3
64,15,0,0,5,4,512,0.0,,bw,static,static,results,Results,Results_LLAMA31,LLAMA3-BWB-Results,simulator_output_LLAMA3-BWB_bwplacement_bs64_staticreq_statictask,SCRUBBED_TIME+LLAMA3-BWB_BMPD512_15_5_4
64,15,0,0,3,6,512,0.0,,bw,static,static,results,Results,Results_LLAMA31,LLAMA3-BWB-Results,simulator_output_LLAMA3-BWB_bwplacement_bs64_staticreq_statictask,SCRUBBED_TIME+LLAMA3-BWB_BMPD512_15_3_6
64,15,0,0,2,7,512,0.0,,bw,static,static,results,Results,Results_LLAMA31,LLAMA3-BWB-Results,simulator_output_LLAMA3-BWB_bwplacement_bs64_staticreq_statictask,SCRUBBED_TIME+LLAMA3-BWB_BMPD512_15_2_7
64,15,0,0,1,8,512,0.0,,bw,static,static,results,Results,Results_LLAMA31,LLAMA3-BWB-Results,simulator_output_LLAMA3-BWB_bwplacement_bs64_staticreq_statictask,SCRUBBED_TIME+LLAMA3-BWB_BMPD512_15_1_8
64,15,0,0,4,5,512,0.0,,bw,static,static,results,Results,Results_LLAMA31,LLAMA3-BWB-Results,simulator_output_LLAMA3-BWB_bwplacement_bs64_staticreq_statictask,SCRUBBED_TIME+LLAMA3-BWB_BMPD512_15_4_5
64,15,0,0,6,3,512,0.0,,bw,static,static,results,Results,Results_LLAMA31,LLAMA3-BWB-Results,simulator_output_LLAMA3-BWB_bwplacement_bs64_staticreq_statictask,SCRUBBED_TIME+LLAMA3-BWB_BMPD512_15_6_3
64,15,0,0,7,2,512,0.0,,bw,static,static,results,Results,Results_LLAMA31,LLAMA3-BWB-Results,simulator_output_LLAMA3-BWB_bwplacement_bs64_staticreq_statictask,SCRUBBED_TIME+LLAMA3-BWB_BMPD512_15_7_2
64,16,0,0,1,7,512,0.0,,bw,static,static,results,Results,Results_LLAMA31,LLAMA3-BWB-Results,simulator_output_LLAMA3-BWB_bwplacement_bs64_staticreq_statictask,SCRUBBED_TIME+LLAMA3-BWB_BMPD512_16_1_7
64,15,0,0,8,1,512,0.0,,bw,static,static,results,Results,Results_LLAMA31,LLAMA3-BWB-Results,simulator_output_LLAMA3-BWB_bwplacement_bs64_staticreq_statictask,SCRUBBED_TIME+LLAMA3-BWB_BMPD512_15_8_1
64,16,0,0,6,2,512,0.0,,bw,static,static,results,Results,Results_LLAMA31,LLAMA3-BWB-Results,simulator_output_LLAMA3-BWB_bwplacement_bs64_staticreq_statictask,SCRUBBED_TIME+LLAMA3-BWB_BMPD512_16_6_2
64,16,0,0,2,6,512,0.0,,bw,static,static,results,Results,Results_LLAMA31,LLAMA3-BWB-Results,simulator_output_LLAMA3-BWB_bwplacement_bs64_staticreq_statictask,SCRUBBED_TIME+LLAMA3-BWB_BMPD512_16_2_6
64,16,0,0,4,4,512,0.0,,bw,static,static,results,Results,Results_LLAMA31,LLAMA3-BWB-Results,simulator_output_LLAMA3-BWB_bwplacement_bs64_staticreq_statictask,SCRUBBED_TIME+LLAMA3-BWB_BMPD512_16_4_4
64,16,0,0,5,3,512,0.0,,bw,static,static,results,Results,Results_LLAMA31,LLAMA3-BWB-Results,simulator_output_LLAMA3-BWB_bwplacement_bs64_staticreq_statictask,SCRUBBED_TIME+LLAMA3-BWB_BMPD512_16_5_3
64,16,0,0,3,5,512,0.0,,bw,static,static,results,Results,Results_LLAMA31,LLAMA3-BWB-Results,simulator_output_LLAMA3-BWB_bwplacement_bs64_staticreq_statictask,SCRUBBED_TIME+LLAMA3-BWB_BMPD512_16_3_5
64,16,0,0,7,1,512,0.0,,bw,static,static,results,Results,Results_LLAMA31,LLAMA3-BWB-Results,simulator_output_LLAMA3-BWB_bwplacement_bs64_staticreq_statictask,SCRUBBED_TIME+LLAMA3-BWB_BMPD512_16_7_1
64,3,0,0,12,9,640,0.0,,bw,static,static,results,Results,Results_LLAMA31,LLAMA3-BWB-Results,simulator_output_LLAMA3-BWB_bwplacement_bs64_staticreq_statictask,SCRUBBED_TIME+LLAMA3-BWB_BMPD640_3_12_9
64,3,0,0,14,7,640,0.0,,bw,static,static,results,Results,Results_LLAMA31,LLAMA3-BWB-Results,simulator_output_LLAMA3-BWB_bwplacement_bs64_staticreq_statictask,SCRUBBED_TIME+LLAMA3-BWB_BMPD640_3_14_7
64,3,0,0,8,13,640,0.0,,bw,static,static,results,Results,Results_LLAMA31,LLAMA3-BWB-Results,simulator_output_LLAMA3-BWB_bwplacement_bs64_staticreq_statictask,SCRUBBED_TIME+LLAMA3-BWB_BMPD640_3_8_13
64,3,0,0,9,12,640,0.0,,bw,static,static,results,Results,Results_LLAMA31,LLAMA3-BWB-Results,simulator_output_LLAMA3-BWB_bwplacement_bs64_staticreq_statictask,SCRUBBED_TIME+LLAMA3-BWB_BMPD640_3_9_12
64,3,0,0,17,4,640,0.0,,bw,static,static,results,Results,Results_LLAMA31,LLAMA3-BWB-Results,simulator_output_LLAMA3-BWB_bwplacement_bs64_staticreq_statictask,SCRUBBED_TIME+LLAMA3-BWB_BMPD640_3_17_4
64,3,0,0,4,17,640,0.0,,bw,static,static,results,Results,Results_LLAMA31,LLAMA3-BWB-Results,simulator_output_LLAMA3-BWB_bwplacement_bs64_staticreq_statictask,SCRUBBED_TIME+LLAMA3-BWB_BMPD640_3_4_17
64,2,0,0,1,21,640,0.0,,bw,static,static,results,Results,Results_LLAMA31,LLAMA3-BWB-Results,simulator_output_LLAMA3-BWB_bwplacement_bs64_staticreq_statictask,SCRUBBED_TIME+LLAMA3-BWB_BMPD640_2_1_21
64,3,0,0,7,14,640,0.0,,bw,static,static,results,Results,Results_LLAMA31,LLAMA3-BWB-Results,simulator_output_LLAMA3-BWB_bwplacement_bs64_staticreq_statictask,SCRUBBED_TIME+LLAMA3-BWB_BMPD640_3_7_14
64,3,0,0,5,16,640,0.0,,bw,static,static,results,Results,Results_LLAMA31,LLAMA3-BWB-Results,simulator_output_LLAMA3-BWB_bwplacement_bs64_staticreq_statictask,SCRUBBED_TIME+LLAMA3-BWB_BMPD640_3_5_16
64,2,0,0,12,10,640,0.0,,bw,static,static,results,Results,Results_LLAMA31,LLAMA3-BWB-Results,simulator_output_LLAMA3-BWB_bwplacement_bs64_staticreq_statictask,SCRUBBED_TIME+LLAMA3-BWB_BMPD640_2_12_10
64,3,0,0,11,10,640,0.0,,bw,static,static,results,Results,Results_LLAMA31,LLAMA3-BWB-Results,simulator_output_LLAMA3-BWB_bwplacement_bs64_staticreq_statictask,SCRUBBED_TIME+LLAMA3-BWB_BMPD640_3_11_10
64,2,0,0,20,2,640,0.0,,bw,static,static,results,Results,Results_LLAMA31,LLAMA3-BWB-Results,simulator_output_LLAMA3-BWB_bwplacement_bs64_staticreq_statictask,SCRUBBED_TIME+LLAMA3-BWB_BMPD640_2_20_2
64,2,0,0,7,15,640,0.0,,bw,static,static,results,Results,Results_LLAMA31,LLAMA3-BWB-Results,simulator_output_LLAMA3-BWB_bwplacement_bs64_staticreq_statictask,SCRUBBED_TIME+LLAMA3-BWB_BMPD640_2_7_15
64,3,0,0,13,8,640,0.0,,bw,static,static,results,Results,Results_LLAMA31,LLAMA3-BWB-Results,simulator_output_LLAMA3-BWB_bwplacement_bs64_staticreq_statictask,SCRUBBED_TIME+LLAMA3-BWB_BMPD640_3_13_8
64,2,0,0,16,6,640,0.0,,bw,static,static,results,Results,Results_LLAMA31,LLAMA3-BWB-Results,simulator_output_LLAMA3-BWB_bwplacement_bs64_staticreq_statictask,SCRUBBED_TIME+LLAMA3-BWB_BMPD640_2_16_6
64,3,0,0,2,19,640,0.0,,bw,static,static,results,Results,Results_LLAMA31,LLAMA3-BWB-Results,simulator_output_LLAMA3-BWB_bwplacement_bs64_staticreq_statictask,SCRUBBED_TIME+LLAMA3-BWB_BMPD640_3_2_19
64,3,0,0,6,15,640,0.0,,bw,static,static,results,Results,Results_LLAMA31,LLAMA3-BWB-Results,simulator_output_LLAMA3-BWB_bwplacement_bs64_staticreq_statictask,SCRUBBED_TIME+LLAMA3-BWB_BMPD640_3_6_15
64,3,0,0,15,6,640,0.0,,bw,static,static,results,Results,Results_LLAMA31,LLAMA3-BWB-Results,simulator_output_LLAMA3-BWB_bwplacement_bs64_staticreq_statictask,SCRUBBED_TIME+LLAMA3-BWB_BMPD640_3_15_6
64,2,0,0,19,3,640,0.0,,bw,static,static,results,Results,Results_LLAMA31,LLAMA3-BWB-Results,simulator_output_LLAMA3-BWB_bwplacement_bs64_staticreq_statictask,SCRUBBED_TIME+LLAMA3-BWB_BMPD640_2_19_3
64,2,0,0,4,18,640,0.0,,bw,static,static,results,Results,Results_LLAMA31,LLAMA3-BWB-Results,simulator_output_LLAMA3-BWB_bwplacement_bs64_staticreq_statictask,SCRUBBED_TIME+LLAMA3-BWB_BMPD640_2_4_18
64,3,0,0,16,5,640,0.0,,bw,static,static,results,Results,Results_LLAMA31,LLAMA3-BWB-Results,simulator_output_LLAMA3-BWB_bwplacement_bs64_staticreq_statictask,SCRUBBED_TIME+LLAMA3-BWB_BMPD640_3_16_5
64,3,0,0,19,2,640,0.0,,bw,static,static,results,Results,Results_LLAMA31,LLAMA3-BWB-Results,simulator_output_LLAMA3-BWB_bwplacement_bs64_staticreq_statictask,SCRUBBED_TIME+LLAMA3-BWB_BMPD640_3_19_2
64,3,0,0,10,11,640,0.0,,bw,static,static,results,Results,Results_LLAMA31,LLAMA3-BWB-Results,simulator_output_LLAMA3-BWB_bwplacement_bs64_staticreq_statictask,SCRUBBED_TIME+LLAMA3-BWB_BMPD640_3_10_11
64,2,0,0,18,4,640,0.0,,bw,static,static,results,Results,Results_LLAMA31,LLAMA3-BWB-Results,simulator_output_LLAMA3-BWB_bwplacement_bs64_staticreq_statictask,SCRUBBED_TIME+LLAMA3-BWB_BMPD640_2_18_4
64,3,0,0,18,3,640,0.0,,bw,static,static,results,Results,Results_LLAMA31,LLAMA3-BWB-Results,simulator_output_LLAMA3-BWB_bwplacement_bs64_staticreq_statictask,SCRUBBED_TIME+LLAMA3-BWB_BMPD640_3_18_3
64,2,0,0,8,14,640,0.0,,bw,static,static,results,Results,Results_LLAMA31,LLAMA3-BWB-Results,simulator_output_LLAMA3-BWB_bwplacement_bs64_staticreq_statictask,SCRUBBED_TIME+LLAMA3-BWB_BMPD640_2_8_14
64,3,0,0,3,18,640,0.0,,bw,static,static,results,Results,Results_LLAMA31,LLAMA3-BWB-Results,simulator_output_LLAMA3-BWB_bwplacement_bs64_staticreq_statictask,SCRUBBED_TIME+LLAMA3-BWB_BMPD640_3_3_18
64,2,0,0,17,5,640,0.0,,bw,static,static,results,Results,Results_LLAMA31,LLAMA3-BWB-Results,simulator_output_LLAMA3-BWB_bwplacement_bs64_staticreq_statictask,SCRUBBED_TIME+LLAMA3-BWB_BMPD640_2_17_5
64,2,0,0,11,11,640,0.0,,bw,static,static,results,Results,Results_LLAMA31,LLAMA3-BWB-Results,simulator_output_LLAMA3-BWB_bwplacement_bs64_staticreq_statictask,SCRUBBED_TIME+LLAMA3-BWB_BMPD640_2_11_11
64,3,0,0,1,20,640,0.0,,bw,static,static,results,Results,Results_LLAMA31,LLAMA3-BWB-Results,simulator_output_LLAMA3-BWB_bwplacement_bs64_staticreq_statictask,SCRUBBED_TIME+LLAMA3-BWB_BMPD640_3_1_20
64,2,0,0,10,12,640,0.0,,bw,static,static,results,Results,Results_LLAMA31,LLAMA3-BWB-Results,simulator_output_LLAMA3-BWB_bwplacement_bs64_staticreq_statictask,SCRUBBED_TIME+LLAMA3-BWB_BMPD640_2_10_12
64,2,0,0,2,20,640,0.0,,bw,static,static,results,Results,Results_LLAMA31,LLAMA3-BWB-Results,simulator_output_LLAMA3-BWB_bwplacement_bs64_staticreq_statictask,SCRUBBED_TIME+LLAMA3-BWB_BMPD640_2_2_20
64,2,0,0,15,7,640,0.0,,bw,static,static,results,Results,Results_LLAMA31,LLAMA3-BWB-Results,simulator_output_LLAMA3-BWB_bwplacement_bs64_staticreq_statictask,SCRUBBED_TIME+LLAMA3-BWB_BMPD640_2_15_7
64,2,0,0,14,8,640,0.0,,bw,static,static,results,Results,Results_LLAMA31,LLAMA3-BWB-Results,simulator_output_LLAMA3-BWB_bwplacement_bs64_staticreq_statictask,SCRUBBED_TIME+LLAMA3-BWB_BMPD640_2_14_8
64,2,0,0,3,19,640,0.0,,bw,static,static,results,Results,Results_LLAMA31,LLAMA3-BWB-Results,simulator_output_LLAMA3-BWB_bwplacement_bs64_staticreq_statictask,SCRUBBED_TIME+LLAMA3-BWB_BMPD640_2_3_19
64,2,0,0,5,17,640,0.0,,bw,static,static,results,Results,Results_LLAMA31,LLAMA3-BWB-Results,simulator_output_LLAMA3-BWB_bwplacement_bs64_staticreq_statictask,SCRUBBED_TIME+LLAMA3-BWB_BMPD640_2_5_17
64,2,0,0,6,16,640,0.0,,bw,static,static,results,Results,Results_LLAMA31,LLAMA3-BWB-Results,simulator_output_LLAMA3-BWB_bwplacement_bs64_staticreq_statictask,SCRUBBED_TIME+LLAMA3-BWB_BMPD640_2_6_16
64,2,0,0,9,13,640,0.0,,bw,static,static,results,Results,Results_LLAMA31,LLAMA3-BWB-Results,simulator_output_LLAMA3-BWB_bwplacement_bs64_staticreq_statictask,SCRUBBED_TIME+LLAMA3-BWB_BMPD640_2_9_13
64,2,0,0,21,1,640,0.0,,bw,static,static,results,Results,Results_LLAMA31,LLAMA3-BWB-Results,simulator_output_LLAMA3-BWB_bwplacement_bs64_staticreq_statictask,SCRUBBED_TIME+LLAMA3-BWB_BMPD640_2_21_1
64,2,0,0,13,9,640,0.0,,bw,static,static,results,Results,Results_LLAMA31,LLAMA3-BWB-Results,simulator_output_LLAMA3-BWB_bwplacement_bs64_staticreq_statictask,SCRUBBED_TIME+LLAMA3-BWB_BMPD640_2_13_9
64,3,0,0,20,1,640,0.0,,bw,static,static,results,Results,Results_LLAMA31,LLAMA3-BWB-Results,simulator_output_LLAMA3-BWB_bwplacement_bs64_staticreq_statictask,SCRUBBED_TIME+LLAMA3-BWB_BMPD640_3_20_1
64,4,0,0,3,17,640,0.0,,bw,static,static,results,Results,Results_LLAMA31,LLAMA3-BWB-Results,simulator_output_LLAMA3-BWB_bwplacement_bs64_staticreq_statictask,SCRUBBED_TIME+LLAMA3-BWB_BMPD640_4_3_17
64,4,0,0,7,13,640,0.0,,bw,static,static,results,Results,Results_LLAMA31,LLAMA3-BWB-Results,simulator_output_LLAMA3-BWB_bwplacement_bs64_staticreq_statictask,SCRUBBED_TIME+LLAMA3-BWB_BMPD640_4_7_13
64,4,0,0,6,14,640,0.0,,bw,static,static,results,Results,Results_LLAMA31,LLAMA3-BWB-Results,simulator_output_LLAMA3-BWB_bwplacement_bs64_staticreq_statictask,SCRUBBED_TIME+LLAMA3-BWB_BMPD640_4_6_14
64,4,0,0,1,19,640,0.0,,bw,static,static,results,Results,Results_LLAMA31,LLAMA3-BWB-Results,simulator_output_LLAMA3-BWB_bwplacement_bs64_staticreq_statictask,SCRUBBED_TIME+LLAMA3-BWB_BMPD640_4_1_19
64,4,0,0,2,18,640,0.0,,bw,static,static,results,Results,Results_LLAMA31,LLAMA3-BWB-Results,simulator_output_LLAMA3-BWB_bwplacement_bs64_staticreq_statictask,SCRUBBED_TIME+LLAMA3-BWB_BMPD640_4_2_18
64,4,0,0,4,16,640,0.0,,bw,static,static,results,Results,Results_LLAMA31,LLAMA3-BWB-Results,simulator_output_LLAMA3-BWB_bwplacement_bs64_staticreq_statictask,SCRUBBED_TIME+LLAMA3-BWB_BMPD640_4_4_16
64,4,0,0,5,15,640,0.0,,bw,static,static,results,Results,Results_LLAMA31,LLAMA3-BWB-Results,simulator_output_LLAMA3-BWB_bwplacement_bs64_staticreq_statictask,SCRUBBED_TIME+LLAMA3-BWB_BMPD640_4_5_15
64,4,0,0,17,3,640,0.0,,bw,static,static,results,Results,Results_LLAMA31,LLAMA3-BWB-Results,simulator_output_LLAMA3-BWB_bwplacement_bs64_staticreq_statictask,SCRUBBED_TIME+LLAMA3-BWB_BMPD640_4_17_3
64,4,0,0,13,7,640,0.0,,bw,static,static,results,Results,Results_LLAMA31,LLAMA3-BWB-Results,simulator_output_LLAMA3-BWB_bwplacement_bs64_staticreq_statictask,SCRUBBED_TIME+LLAMA3-BWB_BMPD640_4_13_7
64,4,0,0,11,9,640,0.0,,bw,static,static,results,Results,Results_LLAMA31,LLAMA3-BWB-Results,simulator_output_LLAMA3-BWB_bwplacement_bs64_staticreq_statictask,SCRUBBED_TIME+LLAMA3-BWB_BMPD640_4_11_9
64,4,0,0,12,8,640,0.0,,bw,static,static,results,Results,Results_LLAMA31,LLAMA3-BWB-Results,simulator_output_LLAMA3-BWB_bwplacement_bs64_staticreq_statictask,SCRUBBED_TIME+LLAMA3-BWB_BMPD640_4_12_8
64,4,0,0,8,12,640,0.0,,bw,static,static,results,Results,Results_LLAMA31,LLAMA3-BWB-Results,simulator_output_LLAMA3-BWB_bwplacement_bs64_staticreq_statictask,SCRUBBED_TIME+LLAMA3-BWB_BMPD640_4_8_12
64,4,0,0,9,11,640,0.0,,bw,static,static,results,Results,Results_LLAMA31,LLAMA3-BWB-Results,simulator_output_LLAMA3-BWB_bwplacement_bs64_staticreq_statictask,SCRUBBED_TIME+LLAMA3-BWB_BMPD640_4_9_11
64,4,0,0,15,5,640,0.0,,bw,static,static,results,Results,Results_LLAMA31,LLAMA3-BWB-Results,simulator_output_LLAMA3-BWB_bwplacement_bs64_staticreq_statictask,SCRUBBED_TIME+LLAMA3-BWB_BMPD640_4_15_5
64,5,0,0,1,18,640,0.0,,bw,static,static,results,Results,Results_LLAMA31,LLAMA3-BWB-Results,simulator_output_LLAMA3-BWB_bwplacement_bs64_staticreq_statictask,SCRUBBED_TIME+LLAMA3-BWB_BMPD640_5_1_18
64,4,0,0,10,10,640,0.0,,bw,static,static,results,Results,Results_LLAMA31,LLAMA3-BWB-Results,simulator_output_LLAMA3-BWB_bwplacement_bs64_staticreq_statictask,SCRUBBED_TIME+LLAMA3-BWB_BMPD640_4_10_10
64,5,0,0,2,17,640,0.0,,bw,static,static,results,Results,Results_LLAMA31,LLAMA3-BWB-Results,simulator_output_LLAMA3-BWB_bwplacement_bs64_staticreq_statictask,SCRUBBED_TIME+LLAMA3-BWB_BMPD640_5_2_17
64,4,0,0,19,1,640,0.0,,bw,static,static,results,Results,Results_LLAMA31,LLAMA3-BWB-Results,simulator_output_LLAMA3-BWB_bwplacement_bs64_staticreq_statictask,SCRUBBED_TIME+LLAMA3-BWB_BMPD640_4_19_1
64,5,0,0,3,16,640,0.0,,bw,static,static,results,Results,Results_LLAMA31,LLAMA3-BWB-Results,simulator_output_LLAMA3-BWB_bwplacement_bs64_staticreq_statictask,SCRUBBED_TIME+LLAMA3-BWB_BMPD640_5_3_16
64,4,0,0,16,4,640,0.0,,bw,static,static,results,Results,Results_LLAMA31,LLAMA3-BWB-Results,simulator_output_LLAMA3-BWB_bwplacement_bs64_staticreq_statictask,SCRUBBED_TIME+LLAMA3-BWB_BMPD640_4_16_4
64,5,0,0,4,15,640,0.0,,bw,static,static,results,Results,Results_LLAMA31,LLAMA3-BWB-Results,simulator_output_LLAMA3-BWB_bwplacement_bs64_staticreq_statictask,SCRUBBED_TIME+LLAMA3-BWB_BMPD640_5_4_15
64,4,0,0,18,2,640,0.0,,bw,static,static,results,Results,Results_LLAMA31,LLAMA3-BWB-Results,simulator_output_LLAMA3-BWB_bwplacement_bs64_staticreq_statictask,SCRUBBED_TIME+LLAMA3-BWB_BMPD640_4_18_2
64,4,0,0,14,6,640,0.0,,bw,static,static,results,Results,Results_LLAMA31,LLAMA3-BWB-Results,simulator_output_LLAMA3-BWB_bwplacement_bs64_staticreq_statictask,SCRUBBED_TIME+LLAMA3-BWB_BMPD640_4_14_6
64,5,0,0,5,14,640,0.0,,bw,static,static,results,Results,Results_LLAMA31,LLAMA3-BWB-Results,simulator_output_LLAMA3-BWB_bwplacement_bs64_staticreq_statictask,SCRUBBED_TIME+LLAMA3-BWB_BMPD640_5_5_14
64,5,0,0,6,13,640,0.0,,bw,static,static,results,Results,Results_LLAMA31,LLAMA3-BWB-Results,simulator_output_LLAMA3-BWB_bwplacement_bs64_staticreq_statictask,SCRUBBED_TIME+LLAMA3-BWB_BMPD640_5_6_13
64,5,0,0,7,12,640,0.0,,bw,static,static,results,Results,Results_LLAMA31,LLAMA3-BWB-Results,simulator_output_LLAMA3-BWB_bwplacement_bs64_staticreq_statictask,SCRUBBED_TIME+LLAMA3-BWB_BMPD640_5_7_12
64,5,0,0,8,11,640,0.0,,bw,static,static,results,Results,Results_LLAMA31,LLAMA3-BWB-Results,simulator_output_LLAMA3-BWB_bwplacement_bs64_staticreq_statictask,SCRUBBED_TIME+LLAMA3-BWB_BMPD640_5_8_11
64,5,0,0,9,10,640,0.0,,bw,static,static,results,Results,Results_LLAMA31,LLAMA3-BWB-Results,simulator_output_LLAMA3-BWB_bwplacement_bs64_staticreq_statictask,SCRUBBED_TIME+LLAMA3-BWB_BMPD640_5_9_10
64,5,0,0,11,8,640,0.0,,bw,static,static,results,Results,Results_LLAMA31,LLAMA3-BWB-Results,simulator_output_LLAMA3-BWB_bwplacement_bs64_staticreq_statictask,SCRUBBED_TIME+LLAMA3-BWB_BMPD640_5_11_8
64,5,0,0,15,4,640,0.0,,bw,static,static,results,Results,Results_LLAMA31,LLAMA3-BWB-Results,simulator_output_LLAMA3-BWB_bwplacement_bs64_staticreq_statictask,SCRUBBED_TIME+LLAMA3-BWB_BMPD640_5_15_4
64,5,0,0,12,7,640,0.0,,bw,static,static,results,Results,Results_LLAMA31,LLAMA3-BWB-Results,simulator_output_LLAMA3-BWB_bwplacement_bs64_staticreq_statictask,SCRUBBED_TIME+LLAMA3-BWB_BMPD640_5_12_7
64,5,0,0,10,9,640,0.0,,bw,static,static,results,Results,Results_LLAMA31,LLAMA3-BWB-Results,simulator_output_LLAMA3-BWB_bwplacement_bs64_staticreq_statictask,SCRUBBED_TIME+LLAMA3-BWB_BMPD640_5_10_9
64,5,0,0,16,3,640,0.0,,bw,static,static,results,Results,Results_LLAMA31,LLAMA3-BWB-Results,simulator_output_LLAMA3-BWB_bwplacement_bs64_staticreq_statictask,SCRUBBED_TIME+LLAMA3-BWB_BMPD640_5_16_3
64,5,0,0,14,5,640,0.0,,bw,static,static,results,Results,Results_LLAMA31,LLAMA3-BWB-Results,simulator_output_LLAMA3-BWB_bwplacement_bs64_staticreq_statictask,SCRUBBED_TIME+LLAMA3-BWB_BMPD640_5_14_5
64,5,0,0,17,2,640,0.0,,bw,static,static,results,Results,Results_LLAMA31,LLAMA3-BWB-Results,simulator_output_LLAMA3-BWB_bwplacement_bs64_staticreq_statictask,SCRUBBED_TIME+LLAMA3-BWB_BMPD640_5_17_2
64,5,0,0,13,6,640,0.0,,bw,static,static,results,Results,Results_LLAMA31,LLAMA3-BWB-Results,simulator_output_LLAMA3-BWB_bwplacement_bs64_staticreq_statictask,SCRUBBED_TIME+LLAMA3-BWB_BMPD640_5_13_6
64,5,0,0,18,1,640,0.0,,bw,static,static,results,Results,Results_LLAMA31,LLAMA3-BWB-Results,simulator_output_LLAMA3-BWB_bwplacement_bs64_staticreq_statictask,SCRUBBED_TIME+LLAMA3-BWB_BMPD640_5_18_1
64,6,0,0,2,16,640,0.0,,bw,static,static,results,Results,Results_LLAMA31,LLAMA3-BWB-Results,simulator_output_LLAMA3-BWB_bwplacement_bs64_staticreq_statictask,SCRUBBED_TIME+LLAMA3-BWB_BMPD640_6_2_16
64,6,0,0,1,17,640,0.0,,bw,static,static,results,Results,Results_LLAMA31,LLAMA3-BWB-Results,simulator_output_LLAMA3-BWB_bwplacement_bs64_staticreq_statictask,SCRUBBED_TIME+LLAMA3-BWB_BMPD640_6_1_17
64,6,0,0,3,15,640,0.0,,bw,static,static,results,Results,Results_LLAMA31,LLAMA3-BWB-Results,simulator_output_LLAMA3-BWB_bwplacement_bs64_staticreq_statictask,SCRUBBED_TIME+LLAMA3-BWB_BMPD640_6_3_15
64,6,0,0,5,13,640,0.0,,bw,static,static,results,Results,Results_LLAMA31,LLAMA3-BWB-Results,simulator_output_LLAMA3-BWB_bwplacement_bs64_staticreq_statictask,SCRUBBED_TIME+LLAMA3-BWB_BMPD640_6_5_13
64,6,0,0,4,14,640,0.0,,bw,static,static,results,Results,Results_LLAMA31,LLAMA3-BWB-Results,simulator_output_LLAMA3-BWB_bwplacement_bs64_staticreq_statictask,SCRUBBED_TIME+LLAMA3-BWB_BMPD640_6_4_14
64,6,0,0,7,11,640,0.0,,bw,static,static,results,Results,Results_LLAMA31,LLAMA3-BWB-Results,simulator_output_LLAMA3-BWB_bwplacement_bs64_staticreq_statictask,SCRUBBED_TIME+LLAMA3-BWB_BMPD640_6_7_11
64,6,0,0,13,5,640,0.0,,bw,static,static,results,Results,Results_LLAMA31,LLAMA3-BWB-Results,simulator_output_LLAMA3-BWB_bwplacement_bs64_staticreq_statictask,SCRUBBED_TIME+LLAMA3-BWB_BMPD640_6_13_5
64,6,0,0,8,10,640,0.0,,bw,static,static,results,Results,Results_LLAMA31,LLAMA3-BWB-Results,simulator_output_LLAMA3-BWB_bwplacement_bs64_staticreq_statictask,SCRUBBED_TIME+LLAMA3-BWB_BMPD640_6_8_10
64,6,0,0,14,4,640,0.0,,bw,static,static,results,Results,Results_LLAMA31,LLAMA3-BWB-Results,simulator_output_LLAMA3-BWB_bwplacement_bs64_staticreq_statictask,SCRUBBED_TIME+LLAMA3-BWB_BMPD640_6_14_4
64,6,0,0,15,3,640,0.0,,bw,static,static,results,Results,Results_LLAMA31,LLAMA3-BWB-Results,simulator_output_LLAMA3-BWB_bwplacement_bs64_staticreq_statictask,SCRUBBED_TIME+LLAMA3-BWB_BMPD640_6_15_3
64,6,0,0,6,12,640,0.0,,bw,static,static,results,Results,Results_LLAMA31,LLAMA3-BWB-Results,simulator_output_LLAMA3-BWB_bwplacement_bs64_staticreq_statictask,SCRUBBED_TIME+LLAMA3-BWB_BMPD640_6_6_12
64,6,0,0,10,8,640,0.0,,bw,static,static,results,Results,Results_LLAMA31,LLAMA3-BWB-Results,simulator_output_LLAMA3-BWB_bwplacement_bs64_staticreq_statictask,SCRUBBED_TIME+LLAMA3-BWB_BMPD640_6_10_8
64,6,0,0,9,9,640,0.0,,bw,static,static,results,Results,Results_LLAMA31,LLAMA3-BWB-Results,simulator_output_LLAMA3-BWB_bwplacement_bs64_staticreq_statictask,SCRUBBED_TIME+LLAMA3-BWB_BMPD640_6_9_9
64,6,0,0,12,6,640,0.0,,bw,static,static,results,Results,Results_LLAMA31,LLAMA3-BWB-Results,simulator_output_LLAMA3-BWB_bwplacement_bs64_staticreq_statictask,SCRUBBED_TIME+LLAMA3-BWB_BMPD640_6_12_6
64,7,0,0,1,16,640,0.0,,bw,static,static,results,Results,Results_LLAMA31,LLAMA3-BWB-Results,simulator_output_LLAMA3-BWB_bwplacement_bs64_staticreq_statictask,SCRUBBED_TIME+LLAMA3-BWB_BMPD640_7_1_16
64,6,0,0,17,1,640,0.0,,bw,static,static,results,Results,Results_LLAMA31,LLAMA3-BWB-Results,simulator_output_LLAMA3-BWB_bwplacement_bs64_staticreq_statictask,SCRUBBED_TIME+LLAMA3-BWB_BMPD640_6_17_1
64,6,0,0,16,2,640,0.0,,bw,static,static,results,Results,Results_LLAMA31,LLAMA3-BWB-Results,simulator_output_LLAMA3-BWB_bwplacement_bs64_staticreq_statictask,SCRUBBED_TIME+LLAMA3-BWB_BMPD640_6_16_2
64,6,0,0,11,7,640,0.0,,bw,static,static,results,Results,Results_LLAMA31,LLAMA3-BWB-Results,simulator_output_LLAMA3-BWB_bwplacement_bs64_staticreq_statictask,SCRUBBED_TIME+LLAMA3-BWB_BMPD640_6_11_7
64,7,0,0,4,13,640,0.0,,bw,static,static,results,Results,Results_LLAMA31,LLAMA3-BWB-Results,simulator_output_LLAMA3-BWB_bwplacement_bs64_staticreq_statictask,SCRUBBED_TIME+LLAMA3-BWB_BMPD640_7_4_13
64,7,0,0,2,15,640,0.0,,bw,static,static,results,Results,Results_LLAMA31,LLAMA3-BWB-Results,simulator_output_LLAMA3-BWB_bwplacement_bs64_staticreq_statictask,SCRUBBED_TIME+LLAMA3-BWB_BMPD640_7_2_15
64,7,0,0,7,10,640,0.0,,bw,static,static,results,Results,Results_LLAMA31,LLAMA3-BWB-Results,simulator_output_LLAMA3-BWB_bwplacement_bs64_staticreq_statictask,SCRUBBED_TIME+LLAMA3-BWB_BMPD640_7_7_10
64,7,0,0,3,14,640,0.0,,bw,static,static,results,Results,Results_LLAMA31,LLAMA3-BWB-Results,simulator_output_LLAMA3-BWB_bwplacement_bs64_staticreq_statictask,SCRUBBED_TIME+LLAMA3-BWB_BMPD640_7_3_14
64,7,0,0,9,8,640,0.0,,bw,static,static,results,Results,Results_LLAMA31,LLAMA3-BWB-Results,simulator_output_LLAMA3-BWB_bwplacement_bs64_staticreq_statictask,SCRUBBED_TIME+LLAMA3-BWB_BMPD640_7_9_8
64,7,0,0,8,9,640,0.0,,bw,static,static,results,Results,Results_LLAMA31,LLAMA3-BWB-Results,simulator_output_LLAMA3-BWB_bwplacement_bs64_staticreq_statictask,SCRUBBED_TIME+LLAMA3-BWB_BMPD640_7_8_9
64,7,0,0,6,11,640,0.0,,bw,static,static,results,Results,Results_LLAMA31,LLAMA3-BWB-Results,simulator_output_LLAMA3-BWB_bwplacement_bs64_staticreq_statictask,SCRUBBED_TIME+LLAMA3-BWB_BMPD640_7_6_11
64,7,0,0,5,12,640,0.0,,bw,static,static,results,Results,Results_LLAMA31,LLAMA3-BWB-Results,simulator_output_LLAMA3-BWB_bwplacement_bs64_staticreq_statictask,SCRUBBED_TIME+LLAMA3-BWB_BMPD640_7_5_12
64,7,0,0,13,4,640,0.0,,bw,static,static,results,Results,Results_LLAMA31,LLAMA3-BWB-Results,simulator_output_LLAMA3-BWB_bwplacement_bs64_staticreq_statictask,SCRUBBED_TIME+LLAMA3-BWB_BMPD640_7_13_4
64,7,0,0,11,6,640,0.0,,bw,static,static,results,Results,Results_LLAMA31,LLAMA3-BWB-Results,simulator_output_LLAMA3-BWB_bwplacement_bs64_staticreq_statictask,SCRUBBED_TIME+LLAMA3-BWB_BMPD640_7_11_6
64,7,0,0,14,3,640,0.0,,bw,static,static,results,Results,Results_LLAMA31,LLAMA3-BWB-Results,simulator_output_LLAMA3-BWB_bwplacement_bs64_staticreq_statictask,SCRUBBED_TIME+LLAMA3-BWB_BMPD640_7_14_3
64,8,0,0,2,14,640,0.0,,bw,static,static,results,Results,Results_LLAMA31,LLAMA3-BWB-Results,simulator_output_LLAMA3-BWB_bwplacement_bs64_staticreq_statictask,SCRUBBED_TIME+LLAMA3-BWB_BMPD640_8_2_14
64,7,0,0,10,7,640,0.0,,bw,static,static,results,Results,Results_LLAMA31,LLAMA3-BWB-Results,simulator_output_LLAMA3-BWB_bwplacement_bs64_staticreq_statictask,SCRUBBED_TIME+LLAMA3-BWB_BMPD640_7_10_7
64,8,0,0,1,15,640,0.0,,bw,static,static,results,Results,Results_LLAMA31,LLAMA3-BWB-Results,simulator_output_LLAMA3-BWB_bwplacement_bs64_staticreq_statictask,SCRUBBED_TIME+LLAMA3-BWB_BMPD640_8_1_15
64,7,0,0,12,5,640,0.0,,bw,static,static,results,Results,Results_LLAMA31,LLAMA3-BWB-Results,simulator_output_LLAMA3-BWB_bwplacement_bs64_staticreq_statictask,SCRUBBED_TIME+LLAMA3-BWB_BMPD640_7_12_5
64,7,0,0,15,2,640,0.0,,bw,static,static,results,Results,Results_LLAMA31,LLAMA3-BWB-Results,simulator_output_LLAMA3-BWB_bwplacement_bs64_staticreq_statictask,SCRUBBED_TIME+LLAMA3-BWB_BMPD640_7_15_2
64,7,0,0,16,1,640,0.0,,bw,static,static,results,Results,Results_LLAMA31,LLAMA3-BWB-Results,simulator_output_LLAMA3-BWB_bwplacement_bs64_staticreq_statictask,SCRUBBED_TIME+LLAMA3-BWB_BMPD640_7_16_1
64,8,0,0,4,12,640,0.0,,bw,static,static,results,Results,Results_LLAMA31,LLAMA3-BWB-Results,simulator_output_LLAMA3-BWB_bwplacement_bs64_staticreq_statictask,SCRUBBED_TIME+LLAMA3-BWB_BMPD640_8_4_12
64,8,0,0,5,11,640,0.0,,bw,static,static,results,Results,Results_LLAMA31,LLAMA3-BWB-Results,simulator_output_LLAMA3-BWB_bwplacement_bs64_staticreq_statictask,SCRUBBED_TIME+LLAMA3-BWB_BMPD640_8_5_11
64,8,0,0,6,10,640,0.0,,bw,static,static,results,Results,Results_LLAMA31,LLAMA3-BWB-Results,simulator_output_LLAMA3-BWB_bwplacement_bs64_staticreq_statictask,SCRUBBED_TIME+LLAMA3-BWB_BMPD640_8_6_10
64,8,0,0,3,13,640,0.0,,bw,static,static,results,Results,Results_LLAMA31,LLAMA3-BWB-Results,simulator_output_LLAMA3-BWB_bwplacement_bs64_staticreq_statictask,SCRUBBED_TIME+LLAMA3-BWB_BMPD640_8_3_13
64,8,0,0,7,9,640,0.0,,bw,static,static,results,Results,Results_LLAMA31,LLAMA3-BWB-Results,simulator_output_LLAMA3-BWB_bwplacement_bs64_staticreq_statictask,SCRUBBED_TIME+LLAMA3-BWB_BMPD640_8_7_9
64,8,0,0,8,8,640,0.0,,bw,static,static,results,Results,Results_LLAMA31,LLAMA3-BWB-Results,simulator_output_LLAMA3-BWB_bwplacement_bs64_staticreq_statictask,SCRUBBED_TIME+LLAMA3-BWB_BMPD640_8_8_8
64,8,0,0,9,7,640,0.0,,bw,static,static,results,Results,Results_LLAMA31,LLAMA3-BWB-Results,simulator_output_LLAMA3-BWB_bwplacement_bs64_staticreq_statictask,SCRUBBED_TIME+LLAMA3-BWB_BMPD640_8_9_7
64,8,0,0,11,5,640,0.0,,bw,static,static,results,Results,Results_LLAMA31,LLAMA3-BWB-Results,simulator_output_LLAMA3-BWB_bwplacement_bs64_staticreq_statictask,SCRUBBED_TIME+LLAMA3-BWB_BMPD640_8_11_5
64,8,0,0,12,4,640,0.0,,bw,static,static,results,Results,Results_LLAMA31,LLAMA3-BWB-Results,simulator_output_LLAMA3-BWB_bwplacement_bs64_staticreq_statictask,SCRUBBED_TIME+LLAMA3-BWB_BMPD640_8_12_4
64,8,0,0,14,2,640,0.0,,bw,static,static,results,Results,Results_LLAMA31,LLAMA3-BWB-Results,simulator_output_LLAMA3-BWB_bwplacement_bs64_staticreq_statictask,SCRUBBED_TIME+LLAMA3-BWB_BMPD640_8_14_2
64,8,0,0,10,6,640,0.0,,bw,static,static,results,Results,Results_LLAMA31,LLAMA3-BWB-Results,simulator_output_LLAMA3-BWB_bwplacement_bs64_staticreq_statictask,SCRUBBED_TIME+LLAMA3-BWB_BMPD640_8_10_6
64,8,0,0,13,3,640,0.0,,bw,static,static,results,Results,Results_LLAMA31,LLAMA3-BWB-Results,simulator_output_LLAMA3-BWB_bwplacement_bs64_staticreq_statictask,SCRUBBED_TIME+LLAMA3-BWB_BMPD640_8_13_3
64,8,0,0,15,1,640,0.0,,bw,static,static,results,Results,Results_LLAMA31,LLAMA3-BWB-Results,simulator_output_LLAMA3-BWB_bwplacement_bs64_staticreq_statictask,SCRUBBED_TIME+LLAMA3-BWB_BMPD640_8_15_1
64,9,0,0,1,14,640,0.0,,bw,static,static,results,Results,Results_LLAMA31,LLAMA3-BWB-Results,simulator_output_LLAMA3-BWB_bwplacement_bs64_staticreq_statictask,SCRUBBED_TIME+LLAMA3-BWB_BMPD640_9_1_14
64,9,0,0,2,13,640,0.0,,bw,static,static,results,Results,Results_LLAMA31,LLAMA3-BWB-Results,simulator_output_LLAMA3-BWB_bwplacement_bs64_staticreq_statictask,SCRUBBED_TIME+LLAMA3-BWB_BMPD640_9_2_13
64,9,0,0,4,11,640,0.0,,bw,static,static,results,Results,Results_LLAMA31,LLAMA3-BWB-Results,simulator_output_LLAMA3-BWB_bwplacement_bs64_staticreq_statictask,SCRUBBED_TIME+LLAMA3-BWB_BMPD640_9_4_11
64,9,0,0,3,12,640,0.0,,bw,static,static,results,Results,Results_LLAMA31,LLAMA3-BWB-Results,simulator_output_LLAMA3-BWB_bwplacement_bs64_staticreq_statictask,SCRUBBED_TIME+LLAMA3-BWB_BMPD640_9_3_12
64,9,0,0,5,10,640,0.0,,bw,static,static,results,Results,Results_LLAMA31,LLAMA3-BWB-Results,simulator_output_LLAMA3-BWB_bwplacement_bs64_staticreq_statictask,SCRUBBED_TIME+LLAMA3-BWB_BMPD640_9_5_10
64,9,0,0,6,9,640,0.0,,bw,static,static,results,Results,Results_LLAMA31,LLAMA3-BWB-Results,simulator_output_LLAMA3-BWB_bwplacement_bs64_staticreq_statictask,SCRUBBED_TIME+LLAMA3-BWB_BMPD640_9_6_9
64,9,0,0,9,6,640,0.0,,bw,static,static,results,Results,Results_LLAMA31,LLAMA3-BWB-Results,simulator_output_LLAMA3-BWB_bwplacement_bs64_staticreq_statictask,SCRUBBED_TIME+LLAMA3-BWB_BMPD640_9_9_6
64,10,0,0,1,13,640,0.0,,bw,static,static,results,Results,Results_LLAMA31,LLAMA3-BWB-Results,simulator_output_LLAMA3-BWB_bwplacement_bs64_staticreq_statictask,SCRUBBED_TIME+LLAMA3-BWB_BMPD640_10_1_13
64,9,0,0,7,8,640,0.0,,bw,static,static,results,Results,Results_LLAMA31,LLAMA3-BWB-Results,simulator_output_LLAMA3-BWB_bwplacement_bs64_staticreq_statictask,SCRUBBED_TIME+LLAMA3-BWB_BMPD640_9_7_8
64,10,0,0,4,10,640,0.0,,bw,static,static,results,Results,Results_LLAMA31,LLAMA3-BWB-Results,simulator_output_LLAMA3-BWB_bwplacement_bs64_staticreq_statictask,SCRUBBED_TIME+LLAMA3-BWB_BMPD640_10_4_10
64,9,0,0,10,5,640,0.0,,bw,static,static,results,Results,Results_LLAMA31,LLAMA3-BWB-Results,simulator_output_LLAMA3-BWB_bwplacement_bs64_staticreq_statictask,SCRUBBED_TIME+LLAMA3-BWB_BMPD640_9_10_5
64,9,0,0,12,3,640,0.0,,bw,static,static,results,Results,Results_LLAMA31,LLAMA3-BWB-Results,simulator_output_LLAMA3-BWB_bwplacement_bs64_staticreq_statictask,SCRUBBED_TIME+LLAMA3-BWB_BMPD640_9_12_3
64,10,0,0,2,12,640,0.0,,bw,static,static,results,Results,Results_LLAMA31,LLAMA3-BWB-Results,simulator_output_LLAMA3-BWB_bwplacement_bs64_staticreq_statictask,SCRUBBED_TIME+LLAMA3-BWB_BMPD640_10_2_12
64,10,0,0,6,8,640,0.0,,bw,static,static,results,Results,Results_LLAMA31,LLAMA3-BWB-Results,simulator_output_LLAMA3-BWB_bwplacement_bs64_staticreq_statictask,SCRUBBED_TIME+LLAMA3-BWB_BMPD640_10_6_8
64,9,0,0,8,7,640,0.0,,bw,static,static,results,Results,Results_LLAMA31,LLAMA3-BWB-Results,simulator_output_LLAMA3-BWB_bwplacement_bs64_staticreq_statictask,SCRUBBED_TIME+LLAMA3-BWB_BMPD640_9_8_7
64,10,0,0,9,5,640,0.0,,bw,static,static,results,Results,Results_LLAMA31,LLAMA3-BWB-Results,simulator_output_LLAMA3-BWB_bwplacement_bs64_staticreq_statictask,SCRUBBED_TIME+LLAMA3-BWB_BMPD640_10_9_5
64,10,0,0,5,9,640,0.0,,bw,static,static,results,Results,Results_LLAMA31,LLAMA3-BWB-Results,simulator_output_LLAMA3-BWB_bwplacement_bs64_staticreq_statictask,SCRUBBED_TIME+LLAMA3-BWB_BMPD640_10_5_9
64,9,0,0,13,2,640,0.0,,bw,static,static,results,Results,Results_LLAMA31,LLAMA3-BWB-Results,simulator_output_LLAMA3-BWB_bwplacement_bs64_staticreq_statictask,SCRUBBED_TIME+LLAMA3-BWB_BMPD640_9_13_2
64,10,0,0,10,4,640,0.0,,bw,static,static,results,Results,Results_LLAMA31,LLAMA3-BWB-Results,simulator_output_LLAMA3-BWB_bwplacement_bs64_staticreq_statictask,SCRUBBED_TIME+LLAMA3-BWB_BMPD640_10_10_4
64,9,0,0,11,4,640,0.0,,bw,static,static,results,Results,Results_LLAMA31,LLAMA3-BWB-Results,simulator_output_LLAMA3-BWB_bwplacement_bs64_staticreq_statictask,SCRUBBED_TIME+LLAMA3-BWB_BMPD640_9_11_4
64,9,0,0,14,1,640,0.0,,bw,static,static,results,Results,Results_LLAMA31,LLAMA3-BWB-Results,simulator_output_LLAMA3-BWB_bwplacement_bs64_staticreq_statictask,SCRUBBED_TIME+LLAMA3-BWB_BMPD640_9_14_1
64,10,0,0,7,7,640,0.0,,bw,static,static,results,Results,Results_LLAMA31,LLAMA3-BWB-Results,simulator_output_LLAMA3-BWB_bwplacement_bs64_staticreq_statictask,SCRUBBED_TIME+LLAMA3-BWB_BMPD640_10_7_7
64,11,0,0,3,10,640,0.0,,bw,static,static,results,Results,Results_LLAMA31,LLAMA3-BWB-Results,simulator_output_LLAMA3-BWB_bwplacement_bs64_staticreq_statictask,SCRUBBED_TIME+LLAMA3-BWB_BMPD640_11_3_10
64,10,0,0,3,11,640,0.0,,bw,static,static,results,Results,Results_LLAMA31,LLAMA3-BWB-Results,simulator_output_LLAMA3-BWB_bwplacement_bs64_staticreq_statictask,SCRUBBED_TIME+LLAMA3-BWB_BMPD640_10_3_11
64,11,0,0,4,9,640,0.0,,bw,static,static,results,Results,Results_LLAMA31,LLAMA3-BWB-Results,simulator_output_LLAMA3-BWB_bwplacement_bs64_staticreq_statictask,SCRUBBED_TIME+LLAMA3-BWB_BMPD640_11_4_9
64,10,0,0,12,2,640,0.0,,bw,static,static,results,Results,Results_LLAMA31,LLAMA3-BWB-Results,simulator_output_LLAMA3-BWB_bwplacement_bs64_staticreq_statictask,SCRUBBED_TIME+LLAMA3-BWB_BMPD640_10_12_2
64,11,0,0,2,11,640,0.0,,bw,static,static,results,Results,Results_LLAMA31,LLAMA3-BWB-Results,simulator_output_LLAMA3-BWB_bwplacement_bs64_staticreq_statictask,SCRUBBED_TIME+LLAMA3-BWB_BMPD640_11_2_11
64,10,0,0,11,3,640,0.0,,bw,static,static,results,Results,Results_LLAMA31,LLAMA3-BWB-Results,simulator_output_LLAMA3-BWB_bwplacement_bs64_staticreq_statictask,SCRUBBED_TIME+LLAMA3-BWB_BMPD640_10_11_3
64,10,0,0,13,1,640,0.0,,bw,static,static,results,Results,Results_LLAMA31,LLAMA3-BWB-Results,simulator_output_LLAMA3-BWB_bwplacement_bs64_staticreq_statictask,SCRUBBED_TIME+LLAMA3-BWB_BMPD640_10_13_1
64,10,0,0,8,6,640,0.0,,bw,static,static,results,Results,Results_LLAMA31,LLAMA3-BWB-Results,simulator_output_LLAMA3-BWB_bwplacement_bs64_staticreq_statictask,SCRUBBED_TIME+LLAMA3-BWB_BMPD640_10_8_6
64,11,0,0,1,12,640,0.0,,bw,static,static,results,Results,Results_LLAMA31,LLAMA3-BWB-Results,simulator_output_LLAMA3-BWB_bwplacement_bs64_staticreq_statictask,SCRUBBED_TIME+LLAMA3-BWB_BMPD640_11_1_12
64,11,0,0,6,7,640,0.0,,bw,static,static,results,Results,Results_LLAMA31,LLAMA3-BWB-Results,simulator_output_LLAMA3-BWB_bwplacement_bs64_staticreq_statictask,SCRUBBED_TIME+LLAMA3-BWB_BMPD640_11_6_7
64,11,0,0,5,8,640,0.0,,bw,static,static,results,Results,Results_LLAMA31,LLAMA3-BWB-Results,simulator_output_LLAMA3-BWB_bwplacement_bs64_staticreq_statictask,SCRUBBED_TIME+LLAMA3-BWB_BMPD640_11_5_8
64,11,0,0,7,6,640,0.0,,bw,static,static,results,Results,Results_LLAMA31,LLAMA3-BWB-Results,simulator_output_LLAMA3-BWB_bwplacement_bs64_staticreq_statictask,SCRUBBED_TIME+LLAMA3-BWB_BMPD640_11_7_6
64,12,0,0,1,11,640,0.0,,bw,static,static,results,Results,Results_LLAMA31,LLAMA3-BWB-Results,simulator_output_LLAMA3-BWB_bwplacement_bs64_staticreq_statictask,SCRUBBED_TIME+LLAMA3-BWB_BMPD640_12_1_11
64,11,0,0,9,4,640,0.0,,bw,static,static,results,Results,Results_LLAMA31,LLAMA3-BWB-Results,simulator_output_LLAMA3-BWB_bwplacement_bs64_staticreq_statictask,SCRUBBED_TIME+LLAMA3-BWB_BMPD640_11_9_4
64,11,0,0,8,5,640,0.0,,bw,static,static,results,Results,Results_LLAMA31,LLAMA3-BWB-Results,simulator_output_LLAMA3-BWB_bwplacement_bs64_staticreq_statictask,SCRUBBED_TIME+LLAMA3-BWB_BMPD640_11_8_5
64,12,0,0,2,10,640,0.0,,bw,static,static,results,Results,Results_LLAMA31,LLAMA3-BWB-Results,simulator_output_LLAMA3-BWB_bwplacement_bs64_staticreq_statictask,SCRUBBED_TIME+LLAMA3-BWB_BMPD640_12_2_10
64,11,0,0,10,3,640,0.0,,bw,static,static,results,Results,Results_LLAMA31,LLAMA3-BWB-Results,simulator_output_LLAMA3-BWB_bwplacement_bs64_staticreq_statictask,SCRUBBED_TIME+LLAMA3-BWB_BMPD640_11_10_3
64,12,0,0,3,9,640,0.0,,bw,static,static,results,Results,Results_LLAMA31,LLAMA3-BWB-Results,simulator_output_LLAMA3-BWB_bwplacement_bs64_staticreq_statictask,SCRUBBED_TIME+LLAMA3-BWB_BMPD640_12_3_9
64,11,0,0,11,2,640,0.0,,bw,static,static,results,Results,Results_LLAMA31,LLAMA3-BWB-Results,simulator_output_LLAMA3-BWB_bwplacement_bs64_staticreq_statictask,SCRUBBED_TIME+LLAMA3-BWB_BMPD640_11_11_2
64,11,0,0,12,1,640,0.0,,bw,static,static,results,Results,Results_LLAMA31,LLAMA3-BWB-Results,simulator_output_LLAMA3-BWB_bwplacement_bs64_staticreq_statictask,SCRUBBED_TIME+LLAMA3-BWB_BMPD640_11_12_1
64,12,0,0,4,8,640,0.0,,bw,static,static,results,Results,Results_LLAMA31,LLAMA3-BWB-Results,simulator_output_LLAMA3-BWB_bwplacement_bs64_staticreq_statictask,SCRUBBED_TIME+LLAMA3-BWB_BMPD640_12_4_8
64,12,0,0,9,3,640,0.0,,bw,static,static,results,Results,Results_LLAMA31,LLAMA3-BWB-Results,simulator_output_LLAMA3-BWB_bwplacement_bs64_staticreq_statictask,SCRUBBED_TIME+LLAMA3-BWB_BMPD640_12_9_3
64,12,0,0,5,7,640,0.0,,bw,static,static,results,Results,Results_LLAMA31,LLAMA3-BWB-Results,simulator_output_LLAMA3-BWB_bwplacement_bs64_staticreq_statictask,SCRUBBED_TIME+LLAMA3-BWB_BMPD640_12_5_7
64,12,0,0,6,6,640,0.0,,bw,static,static,results,Results,Results_LLAMA31,LLAMA3-BWB-Results,simulator_output_LLAMA3-BWB_bwplacement_bs64_staticreq_statictask,SCRUBBED_TIME+LLAMA3-BWB_BMPD640_12_6_6
64,12,0,0,8,4,640,0.0,,bw,static,static,results,Results,Results_LLAMA31,LLAMA3-BWB-Results,simulator_output_LLAMA3-BWB_bwplacement_bs64_staticreq_statictask,SCRUBBED_TIME+LLAMA3-BWB_BMPD640_12_8_4
64,12,0,0,7,5,640,0.0,,bw,static,static,results,Results,Results_LLAMA31,LLAMA3-BWB-Results,simulator_output_LLAMA3-BWB_bwplacement_bs64_staticreq_statictask,SCRUBBED_TIME+LLAMA3-BWB_BMPD640_12_7_5
64,13,0,0,7,4,640,0.0,,bw,static,static,results,Results,Results_LLAMA31,LLAMA3-BWB-Results,simulator_output_LLAMA3-BWB_bwplacement_bs64_staticreq_statictask,SCRUBBED_TIME+LLAMA3-BWB_BMPD640_13_7_4
64,13,0,0,2,9,640,0.0,,bw,static,static,results,Results,Results_LLAMA31,LLAMA3-BWB-Results,simulator_output_LLAMA3-BWB_bwplacement_bs64_staticreq_statictask,SCRUBBED_TIME+LLAMA3-BWB_BMPD640_13_2_9
64,12,0,0,11,1,640,0.0,,bw,static,static,results,Results,Results_LLAMA31,LLAMA3-BWB-Results,simulator_output_LLAMA3-BWB_bwplacement_bs64_staticreq_statictask,SCRUBBED_TIME+LLAMA3-BWB_BMPD640_12_11_1
64,13,0,0,3,8,640,0.0,,bw,static,static,results,Results,Results_LLAMA31,LLAMA3-BWB-Results,simulator_output_LLAMA3-BWB_bwplacement_bs64_staticreq_statictask,SCRUBBED_TIME+LLAMA3-BWB_BMPD640_13_3_8
64,12,0,0,10,2,640,0.0,,bw,static,static,results,Results,Results_LLAMA31,LLAMA3-BWB-Results,simulator_output_LLAMA3-BWB_bwplacement_bs64_staticreq_statictask,SCRUBBED_TIME+LLAMA3-BWB_BMPD640_12_10_2
64,13,0,0,8,3,640,0.0,,bw,static,static,results,Results,Results_LLAMA31,LLAMA3-BWB-Results,simulator_output_LLAMA3-BWB_bwplacement_bs64_staticreq_statictask,SCRUBBED_TIME+LLAMA3-BWB_BMPD640_13_8_3
64,13,0,0,1,10,640,0.0,,bw,static,static,results,Results,Results_LLAMA31,LLAMA3-BWB-Results,simulator_output_LLAMA3-BWB_bwplacement_bs64_staticreq_statictask,SCRUBBED_TIME+LLAMA3-BWB_BMPD640_13_1_10
64,13,0,0,5,6,640,0.0,,bw,static,static,results,Results,Results_LLAMA31,LLAMA3-BWB-Results,simulator_output_LLAMA3-BWB_bwplacement_bs64_staticreq_statictask,SCRUBBED_TIME+LLAMA3-BWB_BMPD640_13_5_6
64,13,0,0,4,7,640,0.0,,bw,static,static,results,Results,Results_LLAMA31,LLAMA3-BWB-Results,simulator_output_LLAMA3-BWB_bwplacement_bs64_staticreq_statictask,SCRUBBED_TIME+LLAMA3-BWB_BMPD640_13_4_7
64,13,0,0,6,5,640,0.0,,bw,static,static,results,Results,Results_LLAMA31,LLAMA3-BWB-Results,simulator_output_LLAMA3-BWB_bwplacement_bs64_staticreq_statictask,SCRUBBED_TIME+LLAMA3-BWB_BMPD640_13_6_5
64,14,0,0,1,9,640,0.0,,bw,static,static,results,Results,Results_LLAMA31,LLAMA3-BWB-Results,simulator_output_LLAMA3-BWB_bwplacement_bs64_staticreq_statictask,SCRUBBED_TIME+LLAMA3-BWB_BMPD640_14_1_9
64,13,0,0,9,2,640,0.0,,bw,static,static,results,Results,Results_LLAMA31,LLAMA3-BWB-Results,simulator_output_LLAMA3-BWB_bwplacement_bs64_staticreq_statictask,SCRUBBED_TIME+LLAMA3-BWB_BMPD640_13_9_2
64,13,0,0,10,1,640,0.0,,bw,static,static,results,Results,Results_LLAMA31,LLAMA3-BWB-Results,simulator_output_LLAMA3-BWB_bwplacement_bs64_staticreq_statictask,SCRUBBED_TIME+LLAMA3-BWB_BMPD640_13_10_1
64,14,0,0,6,4,640,0.0,,bw,static,static,results,Results,Results_LLAMA31,LLAMA3-BWB-Results,simulator_output_LLAMA3-BWB_bwplacement_bs64_staticreq_statictask,SCRUBBED_TIME+LLAMA3-BWB_BMPD640_14_6_4
64,14,0,0,7,3,640,0.0,,bw,static,static,results,Results,Results_LLAMA31,LLAMA3-BWB-Results,simulator_output_LLAMA3-BWB_bwplacement_bs64_staticreq_statictask,SCRUBBED_TIME+LLAMA3-BWB_BMPD640_14_7_3
64,14,0,0,8,2,640,0.0,,bw,static,static,results,Results,Results_LLAMA31,LLAMA3-BWB-Results,simulator_output_LLAMA3-BWB_bwplacement_bs64_staticreq_statictask,SCRUBBED_TIME+LLAMA3-BWB_BMPD640_14_8_2
64,14,0,0,2,8,640,0.0,,bw,static,static,results,Results,Results_LLAMA31,LLAMA3-BWB-Results,simulator_output_LLAMA3-BWB_bwplacement_bs64_staticreq_statictask,SCRUBBED_TIME+LLAMA3-BWB_BMPD640_14_2_8
64,14,0,0,3,7,640,0.0,,bw,static,static,results,Results,Results_LLAMA31,LLAMA3-BWB-Results,simulator_output_LLAMA3-BWB_bwplacement_bs64_staticreq_statictask,SCRUBBED_TIME+LLAMA3-BWB_BMPD640_14_3_7
64,14,0,0,9,1,640,0.0,,bw,static,static,results,Results,Results_LLAMA31,LLAMA3-BWB-Results,simulator_output_LLAMA3-BWB_bwplacement_bs64_staticreq_statictask,SCRUBBED_TIME+LLAMA3-BWB_BMPD640_14_9_1
64,14,0,0,4,6,640,0.0,,bw,static,static,results,Results,Results_LLAMA31,LLAMA3-BWB-Results,simulator_output_LLAMA3-BWB_bwplacement_bs64_staticreq_statictask,SCRUBBED_TIME+LLAMA3-BWB_BMPD640_14_4_6
64,15,0,0,1,8,640,0.0,,bw,static,static,results,Results,Results_LLAMA31,LLAMA3-BWB-Results,simulator_output_LLAMA3-BWB_bwplacement_bs64_staticreq_statictask,SCRUBBED_TIME+LLAMA3-BWB_BMPD640_15_1_8
64,14,0,0,5,5,640,0.0,,bw,static,static,results,Results,Results_LLAMA31,LLAMA3-BWB-Results,simulator_output_LLAMA3-BWB_bwplacement_bs64_staticreq_statictask,SCRUBBED_TIME+LLAMA3-BWB_BMPD640_14_5_5
64,15,0,0,3,6,640,0.0,,bw,static,static,results,Results,Results_LLAMA31,LLAMA3-BWB-Results,simulator_output_LLAMA3-BWB_bwplacement_bs64_staticreq_statictask,SCRUBBED_TIME+LLAMA3-BWB_BMPD640_15_3_6
64,15,0,0,2,7,640,0.0,,bw,static,static,results,Results,Results_LLAMA31,LLAMA3-BWB-Results,simulator_output_LLAMA3-BWB_bwplacement_bs64_staticreq_statictask,SCRUBBED_TIME+LLAMA3-BWB_BMPD640_15_2_7
64,15,0,0,5,4,640,0.0,,bw,static,static,results,Results,Results_LLAMA31,LLAMA3-BWB-Results,simulator_output_LLAMA3-BWB_bwplacement_bs64_staticreq_statictask,SCRUBBED_TIME+LLAMA3-BWB_BMPD640_15_5_4
64,15,0,0,4,5,640,0.0,,bw,static,static,results,Results,Results_LLAMA31,LLAMA3-BWB-Results,simulator_output_LLAMA3-BWB_bwplacement_bs64_staticreq_statictask,SCRUBBED_TIME+LLAMA3-BWB_BMPD640_15_4_5
64,15,0,0,6,3,640,0.0,,bw,static,static,results,Results,Results_LLAMA31,LLAMA3-BWB-Results,simulator_output_LLAMA3-BWB_bwplacement_bs64_staticreq_statictask,SCRUBBED_TIME+LLAMA3-BWB_BMPD640_15_6_3
64,15,0,0,7,2,640,0.0,,bw,static,static,results,Results,Results_LLAMA31,LLAMA3-BWB-Results,simulator_output_LLAMA3-BWB_bwplacement_bs64_staticreq_statictask,SCRUBBED_TIME+LLAMA3-BWB_BMPD640_15_7_2
64,15,0,0,8,1,640,0.0,,bw,static,static,results,Results,Results_LLAMA31,LLAMA3-BWB-Results,simulator_output_LLAMA3-BWB_bwplacement_bs64_staticreq_statictask,SCRUBBED_TIME+LLAMA3-BWB_BMPD640_15_8_1
64,16,0,0,2,6,640,0.0,,bw,static,static,results,Results,Results_LLAMA31,LLAMA3-BWB-Results,simulator_output_LLAMA3-BWB_bwplacement_bs64_staticreq_statictask,SCRUBBED_TIME+LLAMA3-BWB_BMPD640_16_2_6
64,16,0,0,1,7,640,0.0,,bw,static,static,results,Results,Results_LLAMA31,LLAMA3-BWB-Results,simulator_output_LLAMA3-BWB_bwplacement_bs64_staticreq_statictask,SCRUBBED_TIME+LLAMA3-BWB_BMPD640_16_1_7
64,16,0,0,3,5,640,0.0,,bw,static,static,results,Results,Results_LLAMA31,LLAMA3-BWB-Results,simulator_output_LLAMA3-BWB_bwplacement_bs64_staticreq_statictask,SCRUBBED_TIME+LLAMA3-BWB_BMPD640_16_3_5
64,16,0,0,4,4,640,0.0,,bw,static,static,results,Results,Results_LLAMA31,LLAMA3-BWB-Results,simulator_output_LLAMA3-BWB_bwplacement_bs64_staticreq_statictask,SCRUBBED_TIME+LLAMA3-BWB_BMPD640_16_4_4
64,16,0,0,5,3,640,0.0,,bw,static,static,results,Results,Results_LLAMA31,LLAMA3-BWB-Results,simulator_output_LLAMA3-BWB_bwplacement_bs64_staticreq_statictask,SCRUBBED_TIME+LLAMA3-BWB_BMPD640_16_5_3
64,16,0,0,7,1,640,0.0,,bw,static,static,results,Results,Results_LLAMA31,LLAMA3-BWB-Results,simulator_output_LLAMA3-BWB_bwplacement_bs64_staticreq_statictask,SCRUBBED_TIME+LLAMA3-BWB_BMPD640_16_7_1
64,16,0,0,6,2,640,0.0,,bw,static,static,results,Results,Results_LLAMA31,LLAMA3-BWB-Results,simulator_output_LLAMA3-BWB_bwplacement_bs64_staticreq_statictask,SCRUBBED_TIME+LLAMA3-BWB_BMPD640_16_6_2
