model,dataset,prefilter_rank,batchsize,Num M,Num Mp,Num Md,Num Ap,Num Ad,NoI_bw(GBps),prefilter_throughput,markov_estimated_throughput,markov_realized_fluid_throughput,occupied_states,state_transitions,tokens_per_sec,TTFT(s)
NEMO,ARXIV,137,4,4,11,5,3,1,384,373.901834988,284.104330329,281.408183438,18,96,440.97,10.6567845321
NEMO,ARXIV,143,4,4,9,7,3,1,384,373.123995735,280.985801115,277.592374855,18,88,462.08,12.9959057674
NEMO,ARXIV,165,4,4,9,7,1,3,384,369.280525804,275.936969825,274.263499341,20,74,190.01,53.7903012174
NEMO,ARXIV,218,4,4,11,5,1,3,384,361.399319268,275.325756571,274.628477203,20,54,170.21,46.2747166914
NEMO,ARXIV,144,4,4,13,3,3,1,384,373.045950211,273.461664344,271.230370365,19,88,306.4,12.4500723297
NEMO,ARXIV,83,4,6,11,3,3,1,384,386.982865212,271.437026667,268.030842597,10,78,301.33,9.699519775
NEMO,ARXIV,92,4,6,9,5,3,1,384,384.517353857,270.206875409,269.277916118,10,74,463.89,12.5220250909
NEMO,ARXIV,91,4,6,9,5,1,3,384,384.517353857,269.597049674,268.110714807,15,74,207.55,46.6636415385
NEMO,ARXIV,419,4,4,9,7,3,1,256,337.653219802,269.460390007,266.92993863,19,95,404.83,12.5348163019
NEMO,ARXIV,38,4,6,11,3,3,1,512,402.185555005,266.602026238,261.999556291,9,67,339.2,11.534620578
NEMO,ARXIV,490,4,4,9,7,1,3,256,333.190591502,266.278350638,264.938699909,21,103,239.79,44.294870375
NEMO,ARXIV,82,4,6,11,3,1,3,384,386.982865212,266.040540564,265.483164989,15,50,221.45,36.1373368571
NEMO,ARXIV,325,2,6,9,5,3,1,512,347.327560495,266.028527354,265.310740321,20,107,387.21,5.7928712
NEMO,ARXIV,324,2,6,9,5,1,3,512,347.327560495,265.672637192,264.434040736,21,107,311.63,14.7553663099
NEMO,ARXIV,268,4,4,13,3,1,3,384,353.268372771,264.716061292,264.297693671,17,54,160.67,45.4013061235
NEMO,ARXIV,161,4,4,7,9,3,1,384,370.608506054,263.099256835,261.063241297,19,93,476.01,13.2452284037
NEMO,ARXIV,445,4,4,11,5,3,1,256,335.94459808,262.92832284,260.956059267,18,85,303.9,11.1161844045
NEMO,ARXIV,160,4,4,7,9,1,3,384,370.608506054,261.755554815,259.059407924,19,95,159.59,54.566403
NEMO,ARXIV,159,4,4,15,1,3,1,384,370.652142208,260.933928655,258.981546424,20,78,105.95,12.2965739556
NEMO,ARXIV,418,4,4,7,9,3,1,256,337.897731639,259.303770316,257.67402099,19,92,439.82,11.9829004364
NEMO,ARXIV,44,8,4,11,5,3,1,256,399.93728771,258.997727958,255.206473441,9,30,354.06,37.2157720622
NEMO,ARXIV,417,4,4,7,9,1,3,256,337.897731639,258.241738888,256.083412713,20,106,229.75,44.8750314286
NEMO,ARXIV,605,4,4,11,5,1,3,256,325.19869423,258.201287945,257.643100141,18,85,183.18,40.1732764706
NEMO,ARXIV,342,2,6,7,7,3,1,512,346.776688397,257.921034651,256.595358752,19,95,487.61,5.9880760381
NEMO,ARXIV,247,4,4,11,5,3,1,512,356.766261404,257.738734782,254.764562707,16,85,481.89,13.0865543203
NEMO,ARXIV,346,2,6,11,3,3,1,512,345.912938454,257.095572746,254.733592202,18,109,249.01,5.52646043077
NEMO,ARXIV,341,2,6,7,7,1,3,512,346.776688397,257.091189447,255.071100862,20,111,358.04,15.3999999184
NEMO,ARXIV,80,4,6,13,1,3,1,384,387.22741604,257.042060032,254.007459679,10,71,111.1,10.9255010952
NEMO,ARXIV,654,2,6,7,7,3,1,384,322.367917327,256.623296257,255.50106406,19,107,439.45,5.40433364948
NEMO,ARXIV,653,2,6,7,7,1,3,384,322.367917327,255.934230123,254.292840734,20,111,357.29,12.7138184103
NEMO,ARXIV,7,8,4,13,3,3,1,384,427.232379102,255.913504604,251.544687234,8,23,315.41,42.8267967453
NEMO,ARXIV,37,8,4,13,3,3,1,256,402.460691338,255.312192514,252.162534915,10,31,284.98,29.0649714083
NEMO,ARXIV,54,4,6,9,5,3,1,512,396.495311902,254.749043321,253.635542528,9,66,487.32,15.9321984299
NEMO,ARXIV,708,2,6,9,5,3,1,384,320.499120332,254.359702593,253.764905757,19,113,335.57,5.31725315663
NEMO,ARXIV,707,2,6,9,5,1,3,384,320.499120332,254.33885778,253.240738619,21,116,300.36,11.3931735775
NEMO,ARXIV,360,2,6,11,3,1,3,512,343.875353341,253.620861763,252.7740048,21,116,227.8,11.6448935932
NEMO,ARXIV,48,4,6,11,3,1,3,512,398.692065972,253.38955743,252.721456954,13,31,210.04,37.7643879259
NEMO,ARXIV,27,4,6,13,1,3,1,512,405.556454226,252.540539273,248.45770303,9,63,128.31,11.9025054348
NEMO,ARXIV,492,4,4,13,3,3,1,256,332.890169575,251.52427719,249.924138819,19,84,194.69,10.6252865763
NEMO,ARXIV,355,4,4,15,1,1,3,384,344.875624552,251.474626605,251.335170732,20,60,96.08,28.616406093
NEMO,ARXIV,117,4,6,13,1,1,3,384,377.990604362,250.988596637,250.802804779,13,58,99.3,28.4172472105
NEMO,ARXIV,987,2,4,7,9,3,1,384,302.683709606,250.708088282,249.40269874,24,113,392.42,5.25566566486
NEMO,ARXIV,53,4,6,9,5,1,3,512,396.495311902,250.499425469,248.569744154,14,45,171.35,40.972764
NEMO,ARXIV,986,2,4,7,9,1,3,384,302.683709606,250.338008849,248.406405324,22,127,345.79,12.6754291288
NEMO,ARXIV,106,4,6,7,7,1,3,384,379.724902963,250.264559065,247.787334287,18,77,202.22,45.9511458333
NEMO,ARXIV,1064,2,4,9,7,3,1,384,300.077769398,250.221592588,248.359245106,21,103,384.27,5.0198008984
NEMO,ARXIV,107,4,6,7,7,3,1,384,379.724902963,250.146782295,248.412724951,18,71,564.87,12.1835985039
NEMO,ARXIV,252,4,4,9,7,3,1,512,355.118251481,249.464663793,245.793420137,18,85,469.95,15.5329402396
NEMO,ARXIV,12,8,4,11,5,3,1,384,421.376493719,249.113040181,243.94327296,8,26,393.14,43.0311492288
NEMO,ARXIV,1106,2,4,9,7,1,3,384,298.115830719,248.666574182,247.453096574,23,121,331.3,14.002167329
NEMO,ARXIV,246,4,4,13,3,3,1,512,356.832331647,248.181972261,245.718986011,17,87,342.64,13.0475797696
NEMO,ARXIV,34,8,4,15,1,3,1,256,403.206982428,246.728060743,243.870038108,10,31,122.2,24.669500177
NEMO,ARXIV,755,4,4,13,3,1,3,256,316.998761202,246.156694952,245.82178227,17,80,163.65,34.3220691636
NEMO,ARXIV,55,8,4,9,7,3,1,256,395.572306709,245.842494407,241.176335002,13,34,430.48,38.87549248
NEMO,ARXIV,373,2,6,13,1,3,1,512,342.67851477,245.602273147,243.547272562,19,98,86.52,6.1716249375
NEMO,ARXIV,759,2,6,11,3,3,1,384,316.967073583,245.034657113,243.297679785,18,101,210.44,4.7838247931
NEMO,ARXIV,5,8,4,15,1,3,1,384,431.212711144,244.978100485,241.046164852,9,25,175.51,31.7188557519
NEMO,ARXIV,480,2,6,9,5,3,1,640,333.345041739,244.841840976,244.108597188,18,97,380.07,6.98378905028
NEMO,ARXIV,479,2,6,9,5,1,3,640,333.345041739,244.535821457,243.187283224,21,108,279.62,18.9024699355
NEMO,ARXIV,651,2,6,5,9,1,3,384,322.393923983,244.366687632,242.134241796,20,108,388.27,12.1469588606
NEMO,ARXIV,652,2,6,5,9,3,1,384,322.393923983,243.855228912,242.113390772,19,114,471.03,6.07077320388
NEMO,ARXIV,1171,2,4,11,5,3,1,384,296.355684239,242.631822111,241.186516093,20,105,332.95,4.84978851462
NEMO,ARXIV,395,4,4,11,5,1,3,512,340.739414591,242.601569982,241.904498402,16,35,164.03,47.6327708205
NEMO,ARXIV,758,2,6,11,3,1,3,384,316.967073583,242.601178339,242.096016048,23,114,194.51,8.84536885714
NEMO,ARXIV,465,2,6,13,1,1,3,512,333.84779375,241.826154851,241.489773324,22,95,79.49,11.5739484138
NEMO,ARXIV,956,2,4,5,11,1,3,384,304.044606023,241.407240946,239.000552994,23,124,342.64,15.2308063733
NEMO,ARXIV,957,2,4,5,11,3,1,384,304.044606023,241.310982451,239.546121573,25,118,380.43,5.90046758919
NEMO,ARXIV,481,2,6,11,3,3,1,640,333.268405857,241.161817472,238.574309403,18,91,244.2,6.27047763077
NEMO,ARXIV,359,2,6,5,9,3,1,512,344.098651151,240.165877282,238.092319898,18,98,489.97,7.70225925359
NEMO,ARXIV,1343,2,4,11,5,1,3,384,290.10153059,240.121006667,239.506677622,22,115,295.22,10.6466136712
NEMO,ARXIV,358,2,6,5,9,1,3,512,344.098651151,239.844105908,237.145408541,18,107,353.57,15.5846467714
NEMO,ARXIV,315,4,4,9,7,1,3,512,347.738904385,239.575836039,237.902864247,17,53,178.87,51.525033
NEMO,ARXIV,562,4,4,15,1,3,1,256,328.595826161,239.220990659,237.80691489,20,84,65.98,12.3692514839
NEMO,ARXIV,434,4,4,5,11,1,3,256,336.545546023,238.381280322,235.367066182,21,98,240.03,46.3168584242
NEMO,ARXIV,105,4,6,11,3,3,1,640,380.819141304,238.0858652,233.041059135,8,55,347.01,13.8259734583
NEMO,ARXIV,183,4,4,5,11,1,3,384,366.2424338,238.064579018,234.299270429,20,87,169.36,52.2622215238
NEMO,ARXIV,435,4,4,5,11,3,1,256,336.545546023,237.889915994,235.672367908,21,91,432.44,13.0135043704
NEMO,ARXIV,65,4,6,13,1,1,3,512,390.027075638,237.843477667,237.347315826,14,43,109.24,32.5525028571
NEMO,ARXIV,184,4,4,5,11,3,1,384,366.2424338,237.841892007,235.071449084,21,79,494.35,14.4062781043
NEMO,ARXIV,504,2,6,11,3,1,3,640,331.692914972,237.11499238,236.133938871,22,112,219.03,14.4509795254
NEMO,ARXIV,250,4,4,15,1,3,1,512,355.396765302,236.626203759,234.442046141,19,76,123.55,13.2878153469
NEMO,ARXIV,1331,2,4,9,7,3,1,512,290.756008122,236.424488945,234.445990455,20,103,376.7,5.35513024444
NEMO,ARXIV,508,2,6,7,7,1,3,640,331.37088389,236.091583321,234.069096312,19,104,297.95,20.365490623
NEMO,ARXIV,509,2,6,7,7,3,1,640,331.37088389,235.810081473,234.47324614,18,92,456.78,6.98074814359
NEMO,ARXIV,823,2,6,13,1,3,1,384,311.928728091,235.215651952,233.715535169,19,91,70.24,5.79108288889
NEMO,ARXIV,388,4,4,11,5,3,1,640,340.91686598,234.916507032,231.66474278,17,75,459.74,20.2348766355
NEMO,ARXIV,1265,2,4,7,9,1,3,512,292.638453477,234.839598373,232.948133636,21,119,333.77,16.4576362092
NEMO,ARXIV,1412,2,4,9,7,1,3,512,286.837604127,234.708062662,233.38417213,19,109,314.07,15.0099711781
NEMO,ARXIV,1266,2,4,7,9,3,1,512,292.638453477,234.629226885,233.306593545,23,112,369.85,5.45171970787
NEMO,ARXIV,1295,2,4,13,3,3,1,384,291.6291534,234.287069567,233.151015115,22,108,211.61,4.87420759322
NEMO,ARXIV,580,4,4,9,5,1,5,384,327.089696042,234.214034022,232.958931159,17,70,189.68,53.7902577391
NEMO,ARXIV,581,4,4,9,5,3,3,384,327.089696042,233.888636983,233.191357615,11,67,443.78,14.3889032488
NEMO,ARXIV,582,4,4,9,5,5,1,384,327.089696042,233.879256557,233.181977188,18,68,459.01,11.0133976774
NEMO,ARXIV,474,4,4,13,3,1,3,512,333.499896318,233.61674987,233.198506922,15,35,159.15,47.5286528718
NEMO,ARXIV,885,4,4,15,1,1,3,256,308.582562281,233.563697407,233.452059846,20,76,59.22,30.4142425517
NEMO,ARXIV,906,2,6,13,1,1,3,384,307.174626572,233.113523484,232.836334101,24,86,65.5,11.2100593846
NEMO,ARXIV,515,2,6,13,1,3,1,640,331.288926974,232.654255728,230.351838921,19,101,84.4,7.00411836364
NEMO,ARXIV,1392,2,4,11,5,3,1,512,287.743235691,231.95234821,230.380203655,18,98,369.28,5.09597367391
NEMO,ARXIV,73,4,6,7,7,1,3,512,388.434215692,231.775046563,228.805711114,15,63,177.83,47.3910964
NEMO,ARXIV,74,4,6,7,7,3,1,512,388.434215692,231.348210836,229.269676022,9,63,575.9,14.4915121191
NEMO,ARXIV,287,4,4,7,9,3,1,512,351.802169033,231.251049849,229.215607989,19,81,475.37,15.5266066415
NEMO,ARXIV,1594,2,4,13,3,1,3,384,281.927901019,231.210456371,230.719184019,22,114,194.43,8.90617424561
NEMO,ARXIV,286,4,4,7,9,1,3,512,351.802169033,230.75355282,228.058209377,19,68,179.84,55.8450424
NEMO,ARXIV,86,4,6,13,1,3,1,640,385.601515162,230.696473298,226.170985504,8,51,132.92,13.3076221739
NEMO,ARXIV,104,8,4,11,5,1,3,256,380.880306944,230.5510177,229.651702503,11,14,101.47,44.3652965581
NEMO,ARXIV,378,4,4,13,3,3,1,640,342.182482122,230.211534723,227.470761996,18,75,324.95,14.2523029349
NEMO,ARXIV,586,4,4,11,3,1,5,384,326.691723538,229.886822754,227.004734698,13,70,160.67,45.4013061235
NEMO,ARXIV,17,8,4,9,7,3,1,384,413.622208779,229.872497999,223.610526435,8,30,411.29,50.4585558182
NEMO,ARXIV,587,4,4,11,3,3,3,384,326.691723538,229.805466873,227.248775855,10,67,305.97,12.3427250769
NEMO,ARXIV,588,4,4,11,3,5,1,384,326.691723538,229.556553138,226.999862121,10,67,309.45,9.93533504444
NEMO,ARXIV,658,2,6,13,1,1,3,640,322.351820836,229.549300561,228.995154169,22,108,77.63,13.8063443871
NEMO,ARXIV,709,2,6,3,11,1,3,384,320.370794376,229.157958684,226.236678634,25,93,361.51,14.1704491391
NEMO,ARXIV,961,2,4,3,13,1,3,384,304.010917196,229.049742379,225.979886375,25,125,337.28,15.1826117027
NEMO,ARXIV,116,4,6,11,3,1,3,640,378.208287476,228.886634329,228.184837206,13,33,177.12,42.202495381
NEMO,ARXIV,710,2,6,3,11,3,1,384,320.370794376,228.786415339,226.428760207,21,93,362.58,13.2382215484
NEMO,ARXIV,1648,2,4,11,5,1,3,512,279.409475715,228.747964654,227.822861515,18,109,307.69,15.3569135942
NEMO,ARXIV,962,2,4,3,13,3,1,384,304.010917196,228.638544025,226.394559852,26,111,339.97,15.2592820392
NEMO,ARXIV,14,8,6,11,3,3,1,384,420.48898927,228.289898225,221.504861353,6,24,397.4,35.2300728502
NEMO,ARXIV,630,8,2,11,7,3,1,256,323.397134323,228.22913877,225.840149404,16,44,336.79,24.0464113927
NEMO,ARXIV,149,4,6,5,9,1,3,384,372.492681773,228.208232545,224.740117855,18,73,222.01,49.4851701538
NEMO,ARXIV,1255,2,4,5,11,1,3,512,293.269749749,227.802410836,225.307946489,22,117,323.87,17.5425726471
NEMO,ARXIV,415,4,4,9,7,3,1,640,338.026967369,227.618583064,223.670012186,18,77,442.94,18.6162634372
NEMO,ARXIV,1256,2,4,5,11,3,1,512,293.269749749,227.587806983,225.823187539,25,110,368.33,6.85462537778
NEMO,ARXIV,150,4,6,5,9,3,1,384,372.492681773,227.51479545,224.802048475,18,70,563.62,14.0911593755
NEMO,ARXIV,595,4,4,15,1,1,3,512,326.007787487,227.339375021,227.199960705,19,44,96.49,41.8055201333
NEMO,ARXIV,1595,2,4,9,7,3,1,640,281.590554453,227.083579436,224.951698377,20,97,359.22,6.16138777528
NEMO,ARXIV,1432,2,4,15,1,3,1,384,285.995452752,227.065677666,226.07061481,22,95,69.5,5.878582
NEMO,ARXIV,6,8,6,13,1,3,1,384,428.476054471,226.889377067,220.879772979,6,16,194.96,27.273192315
NEMO,ARXIV,407,2,6,3,11,1,3,512,339.113546976,226.59106382,223.050984977,24,98,337.36,17.4421193529
NEMO,ARXIV,597,4,4,7,7,1,5,384,325.579006649,226.22034747,224.31445053,20,71,158.6,54.566403
NEMO,ARXIV,578,2,6,5,9,1,3,640,327.18223543,226.135678542,223.437806476,18,89,299.95,20.5099029333
NEMO,ARXIV,77,8,4,9,7,1,3,256,387.832250674,225.909255958,223.809484226,17,28,38.19,69.660314
NEMO,ARXIV,598,4,4,7,7,3,3,384,325.579006649,225.81360338,224.512015225,11,68,473.53,14.3792803163
NEMO,ARXIV,599,4,4,7,7,5,1,384,325.579006649,225.797320041,224.495731887,18,69,473.04,12.4872687014
NEMO,ARXIV,579,2,6,5,9,3,1,640,327.18223543,225.700156198,223.627130831,18,86,469.71,8.95144720398
NEMO,ARXIV,659,8,2,13,5,3,1,256,322.32824424,225.644667644,223.720203989,14,38,336.79,24.0464113927
NEMO,ARXIV,408,2,6,3,11,3,1,512,339.113546976,225.48282056,222.66138169,20,80,346.39,17.0236141972
NEMO,ARXIV,1531,2,4,13,3,3,1,512,283.705886486,225.44871822,224.204882976,20,92,246.96,5.55909125373
NEMO,ARXIV,1678,2,4,9,7,1,3,640,278.318202769,225.322169253,223.892520576,22,110,274.73,20.2638469606
NEMO,ARXIV,139,4,6,9,5,3,1,640,373.734045241,224.604735205,223.491910338,9,55,462.44,17.7874336571
NEMO,ARXIV,1560,2,4,7,9,3,1,640,282.458921865,224.561114181,221.902365747,21,98,376.8,6.28541113333
NEMO,ARXIV,1229,4,4,9,5,1,5,256,294.625777899,224.027335407,223.02259736,18,75,216.21,42.4978975758
NEMO,ARXIV,138,4,6,9,5,1,3,640,373.734045241,223.9556215,221.844246212,14,42,135.28,65.9120677778
NEMO,ARXIV,1873,2,4,15,1,1,3,384,273.590142946,223.920085719,223.575564572,25,102,63.87,12.2963948889
NEMO,ARXIV,1231,4,4,9,5,5,1,256,294.625777899,223.872209969,223.314022165,18,73,326.85,10.0567986667
NEMO,ARXIV,1233,4,6,9,5,3,1,256,294.625777899,223.872209969,223.314022165,18,73,308.28,11.4391298095
NEMO,ARXIV,1230,4,4,9,5,3,3,256,294.625777899,223.822665108,223.264477304,12,72,309.21,13.2028867907
NEMO,ARXIV,1200,4,4,7,7,1,5,256,295.720615064,223.814344935,222.288631605,21,72,249.38,42.77617425
NEMO,ARXIV,1203,4,6,7,7,1,3,256,295.720615064,223.657896166,222.169395356,20,77,259.67,37.166345875
NEMO,ARXIV,1232,4,6,9,5,1,3,256,294.625777899,223.541657738,222.648557252,21,80,230.78,37.1087581818
NEMO,ARXIV,631,8,2,9,9,3,1,256,323.350482705,223.525361263,220.545705318,15,45,324.94,33.0930186087
NEMO,ARXIV,1647,2,4,11,5,3,1,640,279.503210313,223.518074874,221.696455484,19,103,362.99,6.60878066667
NEMO,ARXIV,1201,4,4,7,7,3,3,256,295.720615064,223.451523582,222.409573015,12,69,404.43,12.3862384976
NEMO,ARXIV,1202,4,4,7,7,5,1,256,295.720615064,223.419814129,222.377863562,18,70,415.49,10.6783049811
NEMO,ARXIV,1204,4,6,7,7,3,1,256,295.720615064,223.419814129,222.377863562,18,70,405.1,11.63712096
NEMO,ARXIV,1559,2,4,7,9,1,3,640,282.458921865,223.403171173,221.531617,19,109,277.3,21.603805344
NEMO,ARXIV,43,8,4,13,3,3,1,512,400.711022279,223.326871591,218.45124994,8,24,345.11,39.339652915
NEMO,ARXIV,933,2,6,7,9,1,1,384,305.391578403,223.313996103,221.3,21,79,370.7,12.2724665157
NEMO,ARXIV,1112,2,6,7,5,1,5,512,297.724958197,223.25624673,222.147619603,14,93,311.97,14.4496106111
NEMO,ARXIV,953,2,6,9,7,1,1,384,304.487083552,223.24880969,221.3,21,78,354.43,12.4873541053
NEMO,ARXIV,381,4,4,15,1,3,1,640,341.902270765,223.170471669,220.754875368,18,74,129.66,14.8973833469
NEMO,ARXIV,1115,2,8,7,5,1,3,512,297.724958197,223.137019665,222.028392539,14,93,318.99,12.2054099718
NEMO,ARXIV,1113,2,6,7,5,3,3,512,297.724958197,223.066864458,222.337001875,10,89,386.09,6.15219486667
NEMO,ARXIV,932,2,6,5,11,1,1,384,305.391578403,223.059926362,221.3,20,82,366.64,13.1060505455
NEMO,ARXIV,596,4,4,11,5,1,3,640,325.675685747,223.037397618,222.305499314,16,33,150.28,47.2124880588
NEMO,ARXIV,1114,2,6,7,5,5,1,512,297.724958197,222.947637393,222.21777481,10,89,386.53,6.09058391257
NEMO,ARXIV,1116,2,8,7,5,3,1,512,297.724958197,222.947637393,222.21777481,10,89,386.42,5.98743038202
NEMO,ARXIV,1105,2,6,11,5,1,1,384,298.174235147,222.670173017,221.3,25,80,300.38,9.41434680556
NEMO,ARXIV,475,4,4,3,13,1,3,256,333.447567848,222.545278908,218.712389322,24,92,256.5,43.6740655758
NEMO,ARXIV,224,4,4,3,13,1,3,384,359.902843985,222.537888495,217.749903499,23,79,188.17,50.3723222609
NEMO,ARXIV,140,8,4,13,3,1,3,256,373.657032381,222.310327933,221.760974692,10,18,101.47,44.3652965581
NEMO,ARXIV,476,4,4,3,13,3,1,256,333.447567848,222.079724754,219.274377908,23,88,352.66,24.2451495455
NEMO,ARXIV,225,4,4,3,13,3,1,384,359.902843985,221.817265938,218.312395631,22,75,385.81,30.2604595266
NEMO,ARXIV,1917,2,4,13,3,1,3,512,271.818134045,221.761986458,221.210177176,20,90,231.62,13.297235375
NEMO,ARXIV,931,2,6,3,13,1,1,384,305.391578403,221.478089345,217.511177964,21,92,357.7,13.5522203684
NEMO,ARXIV,511,4,6,9,3,3,3,384,331.353197242,221.459319178,221.087735462,9,53,313.18,12.3533674286
NEMO,ARXIV,512,4,6,9,3,5,1,384,331.353197242,221.459319178,221.087735462,9,53,324.88,10.3500875652
NEMO,ARXIV,514,4,8,9,3,3,1,384,331.353197242,221.459319178,221.087735462,9,53,303.85,11.8024689231
NEMO,ARXIV,621,4,4,13,1,3,3,384,324.513180011,221.456470024,219.178690754,11,61,106.79,11.9150356596
NEMO,ARXIV,498,4,4,9,7,1,3,640,332.065912903,221.437195844,219.764859942,19,44,177.57,64.0851551579
NEMO,ARXIV,1293,2,6,13,3,1,1,384,291.65313698,221.315494729,220.389829199,26,79,195.1,8.72688785965
NEMO,ARXIV,71,8,4,7,9,3,1,256,389.298127384,221.275650375,218.720568979,12,36,428.53,42.2230347692
NEMO,ARXIV,510,4,6,9,3,1,5,384,331.353197242,221.27352732,220.530359887,11,57,185.41,46.2496071429
NEMO,ARXIV,513,4,8,9,3,1,3,384,331.353197242,221.27352732,220.530359887,11,57,210.33,40.9637497333
NEMO,ARXIV,622,4,4,13,1,5,1,384,324.513180011,221.128775046,218.850995776,11,61,107.83,11.0609172889
NEMO,ARXIV,620,4,4,13,1,1,5,384,324.513180011,220.912631928,218.588367367,15,65,96.08,28.616406093
NEMO,ARXIV,1145,2,6,9,3,1,5,512,296.950832192,220.779078283,220.210931469,16,101,233.31,13.0484872
NEMO,ARXIV,1148,2,8,9,3,1,3,512,296.950832192,220.779070107,220.210923293,13,102,231.23,9.85310915254
NEMO,ARXIV,1146,2,6,9,3,3,3,512,296.950832192,220.672548711,220.388475304,10,99,252.74,5.91502369697
NEMO,ARXIV,1147,2,6,9,3,5,1,512,296.950832192,220.672548711,220.388475304,10,99,253.33,5.80363480597
NEMO,ARXIV,1149,2,8,9,3,3,1,512,296.950832192,220.672548711,220.388475304,10,99,251.94,5.69627532308
NEMO,ARXIV,789,2,6,7,9,1,1,512,314.729550973,220.374980676,217.706785349,19,41,353.96,16.0497491014
NEMO,ARXIV,162,4,6,13,1,1,3,640,370.398995607,220.366139758,220.143574785,11,27,105.83,33.3515898
NEMO,ARXIV,1921,2,4,11,5,1,3,640,271.318490792,220.349875623,219.420891825,18,104,283.77,19.173596288
NEMO,ARXIV,1784,2,6,7,5,1,5,384,275.562569936,219.715821139,218.797437947,15,89,302.46,11.0904427397
NEMO,ARXIV,1494,2,6,15,1,1,1,384,284.913311542,219.617051996,218.497441855,27,81,65.5,11.2100593846
NEMO,ARXIV,1787,2,8,7,5,1,3,384,275.562569936,219.532291086,218.613907894,19,92,302.4,9.71182017143
NEMO,ARXIV,1785,2,6,7,5,3,3,384,275.562569936,219.419737859,218.804972137,11,89,333.99,5.51363749398
NEMO,ARXIV,1786,2,6,7,5,5,1,384,275.562569936,219.237407646,218.622641924,17,90,333.94,5.5046387619
NEMO,ARXIV,1788,2,8,7,5,3,1,384,275.562569936,219.237407646,218.622641924,17,90,332.71,5.18284476923
NEMO,ARXIV,803,2,6,9,7,1,1,512,313.89517366,219.23375651,216.827790812,21,44,353.69,15.5900082993
NEMO,ARXIV,1493,2,8,7,7,1,1,384,284.916828791,218.923215494,217.639791269,19,87,355.68,10.6561830526
NEMO,ARXIV,1664,2,4,15,1,3,1,512,278.736918149,218.831086904,217.730725356,19,101,83.64,6.30176515152
NEMO,ARXIV,344,4,4,5,11,3,1,512,346.725512665,218.764279688,215.99459625,21,75,431.61,19.276373449
NEMO,ARXIV,343,4,4,5,11,1,3,512,346.725512665,218.713050225,214.948863692,20,82,187.73,55.3490905263
NEMO,ARXIV,1292,2,8,5,9,1,1,384,291.656539158,218.516983294,216.513148203,22,103,366.57,10.7329422857
NEMO,ARXIV,1267,2,4,3,13,1,3,512,292.511218976,218.492413293,215.397535407,26,113,315.63,18.5627276923
NEMO,ARXIV,1772,2,4,13,3,3,1,640,276.31097696,218.479268832,217.017488316,20,99,237.48,6.11595716923
NEMO,ARXIV,1283,4,4,11,3,1,5,256,291.945941182,218.425328136,216.304214482,14,67,163.65,34.3220691636
NEMO,ARXIV,1284,4,4,11,3,3,3,256,291.945941182,218.416021411,216.555395399,11,66,194.88,10.6226933559
NEMO,ARXIV,1680,2,8,9,5,1,1,384,277.947204735,218.36428902,217.032062184,19,75,296.92,10.3692711765
NEMO,ARXIV,1285,4,4,11,3,5,1,256,291.945941182,218.301553331,216.440927318,16,65,197.89,9.81607298361
NEMO,ARXIV,1286,4,6,11,3,3,1,256,291.945941182,218.301553331,216.440927318,16,65,201.72,9.0162544375
NEMO,ARXIV,712,8,2,15,3,3,1,256,320.215716983,218.025080091,216.432420514,16,42,306.86,24.2682294629
NEMO,ARXIV,930,2,6,1,15,1,1,384,305.391578403,217.924358429,214.150169107,25,117,74.13,51.3178305263
NEMO,ARXIV,1587,2,4,5,11,1,3,640,281.977958035,217.725327145,215.297351495,22,114,270.08,21.3058346555
NEMO,ARXIV,13,8,6,11,3,1,3,384,420.48898927,217.674733715,216.802371831,9,9,79.08,77.7114116842
NEMO,ARXIV,1268,2,4,3,13,3,1,512,292.511218976,217.655078755,215.422761337,23,109,326.61,18.2844028369
NEMO,ARXIV,565,4,6,7,5,1,5,384,328.122514869,217.422244467,215.997840219,13,55,200.79,45.9051416667
NEMO,ARXIV,568,4,8,7,5,1,3,384,328.122514869,217.422244467,215.997840219,13,55,238.96,41.6836397333
NEMO,ARXIV,1588,2,4,5,11,3,1,640,281.977958035,217.323850803,215.559489032,22,105,362.67,8.17132634884
NEMO,ARXIV,825,4,4,9,5,1,5,512,311.81817638,217.287104218,216.032375374,17,71,178.61,51.525033
NEMO,ARXIV,990,2,4,1,15,1,3,384,302.408154425,217.215398308,213.346494644,28,107,87.98,55.841044
NEMO,ARXIV,1743,2,8,5,7,1,3,384,276.531092889,217.107710519,215.700324231,22,82,359.91,10.7091422632
NEMO,ARXIV,1740,2,6,5,7,1,5,384,276.531092889,217.042695658,215.648022072,19,81,359.89,13.2616270769
NEMO,ARXIV,826,4,4,9,5,3,3,512,311.81817638,216.996655279,216.299583699,11,68,470.93,15.4215929132
NEMO,ARXIV,566,4,6,7,5,3,3,384,328.122514869,216.988730131,216.059770839,9,53,455.88,12.7175105455
NEMO,ARXIV,567,4,6,7,5,5,1,384,328.122514869,216.988730131,216.059770839,9,53,469.12,11.1060728571
NEMO,ARXIV,569,4,8,7,5,3,1,384,328.122514869,216.988730131,216.059770839,9,53,439.4,11.9251483922
NEMO,ARXIV,827,4,4,9,5,5,1,512,311.81817638,216.952522283,216.255450702,17,69,478.68,13.0573886903
NEMO,ARXIV,1194,2,6,5,7,1,5,512,296.129233167,216.948903165,215.212887986,17,88,358.97,15.4221280563
NEMO,ARXIV,118,4,6,5,9,1,3,512,377.949220512,216.943957599,212.712654584,16,56,171.02,47.9204044444
NEMO,ARXIV,722,4,4,13,3,1,3,640,319.054220824,216.930860008,216.477684353,15,35,159.81,47.2160196111
NEMO,ARXIV,1742,2,6,5,7,5,1,384,276.531092889,216.870849975,215.700324231,17,82,425.32,6.39163537968
NEMO,ARXIV,1744,2,8,5,7,3,1,384,276.531092889,216.870849975,215.700324231,17,82,429.01,5.86858187234
NEMO,ARXIV,1741,2,6,5,7,3,3,384,276.531092889,216.805835114,215.648022072,11,81,429.05,6.18974654737
NEMO,ARXIV,1197,2,8,5,7,1,3,512,296.129233167,216.802956171,215.066940993,20,87,355.4,13.7403745352
NEMO,ARXIV,478,4,4,7,9,3,1,640,333.428930886,216.7278716,211.859400119,18,78,469.12,17.8807573654
NEMO,ARXIV,1195,2,6,5,7,3,3,512,296.129233167,216.712175325,215.354924689,10,84,475.88,7.82501066667
NEMO,ARXIV,1196,2,6,5,7,5,1,512,296.129233167,216.566228332,215.208977696,17,83,473.63,7.55297385222
NEMO,ARXIV,1198,2,8,5,7,3,1,512,296.129233167,216.566228332,215.208977696,17,83,450.53,7.63312510638
NEMO,ARXIV,29,8,4,15,1,3,1,512,405.459613002,216.290158872,211.851160055,8,21,184.86,32.4865821157
NEMO,ARXIV,119,4,6,5,9,3,1,512,377.949220512,216.261549154,213.009588129,10,54,520.7,18.6451394751
NEMO,ARXIV,991,2,4,1,15,3,1,384,302.408154425,216.101008804,213.397738987,24,111,70.25,54.6584348235
NEMO,ARXIV,1315,4,6,11,3,1,3,256,291.068997683,215.877247952,215.54233527,21,69,151.65,23.34260648
NEMO,ARXIV,40,8,4,11,5,1,3,384,401.468763735,215.819578081,214.593538404,10,12,46.07,82.4270295238
NEMO,ARXIV,816,4,4,11,3,1,5,512,312.328834024,215.749337803,212.542808534,13,61,159.15,47.5286528718
NEMO,ARXIV,817,4,4,11,3,3,3,512,312.328834024,215.668005444,212.786776246,10,58,338.61,12.8330761244
NEMO,ARXIV,818,4,4,11,3,5,1,512,312.328834024,215.398961628,212.51773243,10,58,357.82,12.5909612565
NEMO,ARXIV,361,4,6,9,3,1,5,512,343.699216341,215.161711205,214.270910571,14,49,163.41,40.9365903158
NEMO,ARXIV,364,4,8,9,3,1,3,512,343.699216341,215.161711205,214.270910571,11,50,174.44,54.0346470909
NEMO,ARXIV,769,2,6,1,13,1,3,384,316.060180747,214.972458806,211.110745473,28,103,74.15,51.3217515789
NEMO,ARXIV,362,4,6,9,3,3,3,512,343.699216341,214.920446456,214.475046139,8,46,346.43,14.6455263478
NEMO,ARXIV,363,4,6,9,3,5,1,512,343.699216341,214.920446456,214.475046139,8,46,371.73,12.090848
NEMO,ARXIV,365,4,8,9,3,3,1,512,343.699216341,214.920446456,214.475046139,8,46,330.97,13.8948650732
NEMO,ARXIV,1901,2,6,9,3,3,3,384,272.568926044,214.828076093,214.589137475,11,96,214.86,5.26241850847
NEMO,ARXIV,1900,2,6,9,3,1,5,384,272.568926044,214.709650887,214.233851724,13,96,200.45,9.38553115789
NEMO,ARXIV,1902,2,6,9,3,5,1,384,272.568926044,214.346184981,214.107246363,11,92,215.07,5.10172359322
NEMO,ARXIV,1904,2,8,9,3,3,1,384,272.568926044,214.346184981,214.107246363,11,92,214.67,5.00160155932
NEMO,ARXIV,1903,2,8,9,3,1,3,384,272.568926044,214.227759775,213.751960613,13,92,199.7,8.72187643636
NEMO,ARXIV,185,8,4,15,1,1,3,256,366.146225971,214.139360265,213.964379287,13,20,81.24,44.3652965581
NEMO,ARXIV,770,2,6,1,13,3,1,384,316.060180747,214.119068108,211.110745473,20,101,74.13,51.3178305263
NEMO,ARXIV,1466,2,6,7,5,1,5,640,285.240616172,213.91195562,212.780265354,14,76,274.54,19.4321003871
NEMO,ARXIV,1469,2,8,7,5,1,3,640,285.240616172,213.759425416,212.627735149,18,77,278.44,16.9533996
NEMO,ARXIV,1240,2,6,11,1,3,3,512,294.012221089,213.660842264,213.613496696,10,91,86.34,6.1592718125
NEMO,ARXIV,1241,2,6,11,1,5,1,512,294.012221089,213.660842264,213.613496696,10,91,86.49,5.71129
NEMO,ARXIV,1243,2,8,11,1,3,1,512,294.012221089,213.660842264,213.613496696,10,91,87.52,6.16120432258
NEMO,ARXIV,1242,2,8,11,1,1,3,512,294.012221089,213.660834088,213.430794077,14,97,81.07,10.6741154667
NEMO,ARXIV,1239,2,6,11,1,1,5,512,294.012221089,213.649012005,213.459629733,13,94,79.49,11.5739484138
NEMO,ARXIV,1467,2,6,7,5,3,3,640,285.240616172,213.580628288,212.843454117,10,82,376.01,6.99130627933
NEMO,ARXIV,788,2,6,5,11,1,1,512,314.729550973,213.489097905,211.217403621,20,51,362.01,15.278448
NEMO,ARXIV,1468,2,6,7,5,5,1,640,285.240616172,213.262113472,212.552147139,10,77,372.89,6.87300881356
NEMO,ARXIV,1470,2,8,7,5,3,1,640,285.240616172,213.262113472,212.552147139,10,77,382.71,6.85136657471
NEMO,ARXIV,500,4,6,11,1,3,3,384,331.962337469,213.090223111,213.028292492,9,55,110.88,10.9283868095
NEMO,ARXIV,501,4,6,11,1,5,1,384,331.962337469,213.090223111,213.028292492,9,55,113.21,9.63587847619
NEMO,ARXIV,503,4,8,11,1,3,1,384,331.962337469,213.090223111,213.028292492,9,55,110.45,12.0760931163
NEMO,ARXIV,499,4,6,11,1,1,5,384,331.962337469,213.028308163,212.780585685,12,58,99.3,28.4172472105
NEMO,ARXIV,70,8,4,7,9,1,3,256,389.298127384,212.887869723,209.504904154,17,33,79.5,79.266428
NEMO,ARXIV,1214,4,6,5,9,1,3,256,295.06816212,212.85686724,210.735753585,19,78,262.64,37.911794
NEMO,ARXIV,1211,4,4,5,9,1,5,256,295.06816212,212.790442851,210.669329197,19,77,236.29,46.3119220606
NEMO,ARXIV,705,2,6,3,11,1,3,640,320.597501282,212.748473285,209.217505195,23,91,291.64,21.3451076552
NEMO,ARXIV,502,4,8,11,1,1,3,384,331.962337469,212.67222669,212.486434832,13,57,101.24,36.0065670769
NEMO,ARXIV,1213,4,4,5,9,5,1,256,295.06816212,212.663203074,211.033453747,18,76,430.64,12.9638062222
NEMO,ARXIV,1215,4,6,5,9,3,1,256,295.06816212,212.663203074,211.033453747,18,76,433.69,11.9488914074
NEMO,ARXIV,1212,4,4,5,9,3,3,256,295.06816212,212.64159277,210.967029359,12,75,443.36,13.1229513455
NEMO,ARXIV,671,4,4,5,9,1,5,384,322.018976485,212.530689672,209.927513364,19,74,169.36,52.2622215238
NEMO,ARXIV,672,4,4,5,9,3,3,384,322.018976485,212.240154395,210.14831629,11,72,480.61,15.0880566099
NEMO,ARXIV,1434,2,6,9,3,3,3,640,285.83270137,212.146934175,211.847692954,10,87,248.27,6.92031458462
NEMO,ARXIV,1435,2,6,9,3,5,1,640,285.83270137,212.146934175,211.847692954,10,87,252.13,6.38825890909
NEMO,ARXIV,1437,2,8,9,3,3,1,640,285.83270137,212.146934175,211.847692954,10,87,247.87,6.58382
NEMO,ARXIV,673,4,4,5,9,5,1,384,322.018976485,212.142113005,210.106097466,17,71,471.73,15.9723371643
NEMO,ARXIV,706,2,6,3,11,3,1,640,320.597501282,212.066752951,209.217505195,18,91,332.68,19.0497684308
NEMO,ARXIV,477,4,4,7,9,1,3,640,333.428930886,212.018263863,209.323944911,17,54,153.57,67.3395136
NEMO,ARXIV,1909,2,4,15,1,3,1,640,272.114135595,211.641473078,210.427485253,18,82,83.74,7.25189025
NEMO,ARXIV,489,4,6,7,9,1,1,384,333.201595158,211.610826531,209.076802826,5,26,201.56,45.935725
NEMO,ARXIV,497,4,6,9,7,1,1,384,332.41351078,211.554996052,209.076802826,2,24,212.85,46.7239261538
NEMO,ARXIV,506,2,6,1,13,1,3,512,331.620599031,211.290051882,206.629073465,27,98,78.27,47.2544024
NEMO,ARXIV,1433,2,6,9,3,1,5,640,285.83270137,211.259496892,210.676269138,12,87,215.25,16.0941581754
NEMO,ARXIV,1436,2,8,9,3,1,3,640,285.83270137,211.259496892,210.676269138,12,87,216.44,13.4568795862
NEMO,ARXIV,892,2,6,11,5,1,1,512,308.28454757,211.137345841,209.823338246,23,46,312.91,12.9705327092
NEMO,ARXIV,207,4,6,3,11,1,3,384,362.700444971,211.08063916,206.49777332,20,62,189.67,47.8207666087
NEMO,ARXIV,200,4,6,7,7,1,3,640,364.304869693,211.010130558,208.042597578,15,52,137.64,59.0716815556
NEMO,ARXIV,201,4,6,7,7,3,1,640,364.304869693,210.861753909,208.784480823,9,50,486.68,18.4076867411
NEMO,ARXIV,820,4,4,15,1,1,3,640,312.188735446,210.57030008,210.430938755,18,40,95.87,42.9934827429
NEMO,ARXIV,1104,2,8,3,11,1,1,384,298.177527811,210.531302699,207.301796069,22,94,360.79,11.5785345067
NEMO,ARXIV,208,4,6,3,11,3,1,384,362.700444971,210.430832262,206.739395657,12,60,374.5,28.9417319024
NEMO,ARXIV,507,2,6,1,13,3,1,512,331.620599031,210.266852158,206.629073465,20,98,78.24,47.2539624
NEMO,ARXIV,1951,2,8,11,3,1,1,384,270.735698173,210.092300171,209.156588392,21,61,196.33,8.146426
NEMO,ARXIV,320,4,6,11,1,3,3,512,347.453915696,209.749275389,209.675042002,9,48,128.72,11.956226087
NEMO,ARXIV,321,4,6,11,1,5,1,512,347.453915696,209.749275389,209.675042002,9,48,133.54,10.3888877917
NEMO,ARXIV,323,4,8,11,1,3,1,512,347.453915696,209.749275389,209.675042002,9,48,131.16,13.9610964681
NEMO,ARXIV,57,8,4,11,5,3,1,512,394.235263523,209.742671198,204.06657435,7,22,349.27,44.5202408552
NEMO,ARXIV,56,8,4,13,3,1,3,384,395.019065162,209.700856707,208.476391814,6,14,46.07,82.4270295238
NEMO,ARXIV,319,4,6,11,1,1,5,512,347.453915696,209.675066978,209.378133433,12,53,109.24,32.5525028571
NEMO,ARXIV,282,8,4,11,3,1,5,256,351.812751518,209.668044629,205.585155149,11,28,101.47,44.3652965581
NEMO,ARXIV,283,8,4,11,3,3,3,256,351.812751518,209.668035621,205.993435089,8,25,284.56,29.8157406391
NEMO,ARXIV,284,8,4,11,3,5,1,256,351.812751518,209.668035621,205.993435089,8,25,291.37,21.9279856095
NEMO,ARXIV,285,8,6,11,3,3,1,256,351.812751518,209.668035621,205.993435089,8,25,312.55,25.7622168914
NEMO,ARXIV,322,4,8,11,1,1,3,512,347.453915696,208.802905859,208.580205701,13,52,93.58,41.8963290909
NEMO,ARXIV,1383,4,4,13,1,3,3,256,287.823900695,208.543852275,206.906501384,11,52,65.62,12.3692514839
NEMO,ARXIV,1384,4,4,13,1,5,1,256,287.823900695,208.521452423,206.884101533,16,53,67.61,10.5438692258
NEMO,ARXIV,1385,4,6,13,1,3,1,256,287.823900695,208.521452423,206.884101533,16,53,71.93,10.6603415
NEMO,ARXIV,1382,4,4,13,1,1,5,256,287.823900695,208.242365712,206.567802301,20,57,59.22,30.4142425517
NEMO,ARXIV,1169,2,8,7,7,1,1,512,296.395598039,207.20192894,205.596428243,17,47,354.29,13.5313621408
NEMO,ARXIV,877,4,4,7,7,1,5,512,309.465051599,206.971824972,205.066495987,20,71,179.74,55.8450424
NEMO,ARXIV,787,2,6,3,13,1,1,512,314.729550973,206.921769041,202.853494381,21,59,341.29,17.2751064706
NEMO,ARXIV,754,8,2,17,1,3,1,256,317.125407389,206.91222898,206.879048572,17,31,132.23,22.5578303529
NEMO,ARXIV,842,8,2,11,7,3,1,384,311.318210993,206.907166604,204.352534709,15,42,295.66,30.5872160247
NEMO,ARXIV,15,8,6,11,3,3,1,512,415.738400761,206.695539172,197.643179792,3,9,394.72,44.9790146514
NEMO,ARXIV,878,4,4,7,7,3,3,512,309.465051599,206.669765515,205.368565232,11,68,476,15.1615868
NEMO,ARXIV,879,4,4,7,7,5,1,512,309.465051599,206.648853555,205.347653272,17,69,449.7,13.4195676505
NEMO,ARXIV,8,8,6,13,1,3,1,512,426.646501068,206.211208631,198.087296367,4,14,222.33,34.0237487273
NEMO,ARXIV,26,8,4,9,7,1,3,384,407.640268273,205.916925376,203.295634954,13,14,15.53,85.742238
NEMO,ARXIV,848,4,4,13,1,3,3,512,311.104043133,205.810813952,203.254884825,10,58,123.55,13.2878153469
NEMO,ARXIV,849,4,4,13,1,5,1,512,311.104043133,205.810813952,203.254884825,10,58,129.32,11.6508418776
NEMO,ARXIV,75,8,4,15,1,1,3,384,388.271928514,205.681298665,205.462857797,9,9,35.46,80.7600580952
NEMO,ARXIV,847,4,4,13,1,1,5,512,311.104043133,205.532004897,202.929604331,14,61,96.49,41.8055201333
NEMO,ARXIV,307,8,4,9,5,1,5,256,348.769062185,205.427514674,203.852685874,13,28,38.19,69.660314
NEMO,ARXIV,1593,4,6,13,1,1,3,256,281.950146483,205.404941963,205.293304402,19,59,57.07,34.5960505
NEMO,ARXIV,308,8,4,9,5,3,3,256,348.769062185,205.10671171,204.231806822,8,26,386.79,38.42300048
NEMO,ARXIV,309,8,4,9,5,5,1,256,348.769062185,205.10671171,204.231806822,8,26,434.06,24.8989812
NEMO,ARXIV,311,8,6,9,5,3,1,256,348.769062185,205.10671171,204.231806822,8,26,374.14,32.1247146667
NEMO,ARXIV,853,8,2,13,5,3,1,384,310.879911925,205.046833935,202.956680566,15,38,295.66,30.5872160247
NEMO,ARXIV,289,4,4,1,15,1,3,384,351.455666217,204.865145979,198.82205812,26,77,78.37,43.6584506667
NEMO,ARXIV,667,8,2,7,11,3,1,256,322.109624155,204.538025337,200.967702813,15,41,341.29,32.5048161667
NEMO,ARXIV,1344,2,8,9,5,1,1,512,290.085806385,204.427716751,202.659562185,19,50,318.65,12.6044329855
NEMO,ARXIV,145,8,4,11,3,1,5,384,372.869184061,204.347976191,198.741327233,8,22,46.07,82.4270295238
NEMO,ARXIV,563,4,4,1,15,1,3,256,328.435542892,204.184303297,199.346675665,27,80,65.3,57.4481755
NEMO,ARXIV,146,8,4,11,3,3,3,384,372.869184061,204.111325086,199.014371488,5,19,315.33,42.8906035776
NEMO,ARXIV,147,8,4,11,3,5,1,384,372.869184061,204.111325086,199.014371488,5,19,403.93,25.3467784279
NEMO,ARXIV,425,4,6,7,5,1,5,512,337.223704284,203.696137099,201.988769216,12,44,177.83,47.3910964
NEMO,ARXIV,428,4,8,7,5,1,3,512,337.223704284,203.696137099,201.988769216,12,44,174.59,49.3286766
NEMO,ARXIV,58,16,4,13,3,1,3,384,393.685012516,203.488515902,200.915467799,4,24,106.64,29.3110267429
NEMO,ARXIV,290,4,4,1,15,3,1,384,351.455666217,203.344936196,199.105638504,23,73,80.15,40.9888408889
NEMO,ARXIV,426,4,6,7,5,3,3,512,337.223704284,203.324970168,202.211469375,8,40,496.66,14.8403977169
NEMO,ARXIV,427,4,6,7,5,5,1,512,337.223704284,203.324970168,202.211469375,8,40,490.11,14.1623224
NEMO,ARXIV,429,4,8,7,5,3,1,512,337.223704284,203.324970168,202.211469375,8,40,490.34,13.7220905185
NEMO,ARXIV,989,2,6,13,3,1,1,512,302.45431562,203.259508249,201.422075049,26,51,228.05,11.5699800339
NEMO,ARXIV,564,4,4,1,15,3,1,256,328.435542892,202.888671353,199.495525746,24,78,65.22,57.2482255
NEMO,ARXIV,403,4,4,3,13,1,3,512,339.788812735,202.266883189,197.480325006,23,80,176.46,58.0821572
NEMO,ARXIV,32,8,4,7,9,3,1,384,403.946305498,202.262622061,199.07244483,10,29,460.27,47.0253219086
NEMO,ARXIV,2043,2,4,1,15,1,3,256,268.023510041,202.119161741,199.037725923,29,99,102.06,40.3447937143
NEMO,ARXIV,22,8,6,9,5,3,1,384,410.186319591,202.000240604,200.546304132,6,24,439.69,39.0540295
NEMO,ARXIV,952,2,8,1,13,1,1,384,304.490271905,201.857517704,198.762027621,25,113,72.86,45.9931126667
NEMO,ARXIV,2044,2,4,1,15,3,1,256,268.023510041,201.466755023,199.299036394,28,103,101.96,40.3178746667
NEMO,ARXIV,404,4,4,3,13,3,1,512,339.788812735,201.165485055,197.66156004,21,75,313.02,39.1804077714
NEMO,ARXIV,310,8,6,9,5,1,3,256,348.769062185,201.155069224,199.755221403,12,24,115.03,61.5675653333
NEMO,ARXIV,122,8,4,13,1,3,3,384,377.116354864,201.076977735,196.562533119,5,17,175.51,31.7188557519
NEMO,ARXIV,123,8,4,13,1,5,1,384,377.116354864,201.076977735,196.562533119,5,17,186.74,24.3104134015
NEMO,ARXIV,270,8,4,13,1,3,3,256,352.809873008,200.972890714,197.706579131,6,20,121.13,24.669500177
NEMO,ARXIV,271,8,4,13,1,5,1,256,352.809873008,200.972890714,197.706579131,6,20,123.03,19.3217638938
NEMO,ARXIV,272,8,6,13,1,3,1,256,352.809873008,200.972890714,197.706579131,6,20,134.63,22.5578303529
NEMO,ARXIV,1639,2,4,3,13,3,1,640,279.998035018,200.924928328,198.669124159,23,90,306.04,21.3699516364
NEMO,ARXIV,1002,8,2,11,7,1,3,256,302.158563232,200.875750963,200.104195102,13,24,99.49,45.6894171556
NEMO,ARXIV,121,8,4,13,1,1,5,384,377.116354864,200.858564189,196.27130595,9,21,35.46,80.7600580952
NEMO,ARXIV,269,8,4,13,1,1,5,256,352.809873008,200.754175752,197.429537176,10,24,81.24,44.3652965581
NEMO,ARXIV,1075,4,4,11,3,1,5,640,299.288506133,200.712095551,197.228062423,13,63,159.81,47.2160196111
NEMO,ARXIV,1076,4,4,11,3,3,3,640,299.288506133,200.700474672,197.541617969,10,62,333.12,13.1241607749
NEMO,ARXIV,16,8,6,13,1,1,3,384,414.230136303,200.673420893,200.382633598,7,7,73.71,68.2876407368
NEMO,ARXIV,64,16,4,13,3,1,3,256,391.503848628,200.667756162,199.047328393,4,18,123.97,42.8033178868
NEMO,ARXIV,1638,2,4,3,13,1,3,640,279.998035018,200.59097493,197.532067432,25,100,261.56,22.5065387826
NEMO,ARXIV,1809,2,6,3,9,3,3,384,275.212384648,200.532057334,198.755603249,11,81,374.98,13.474936646
NEMO,ARXIV,1810,2,6,3,9,5,1,384,275.212384648,200.489107074,198.760256011,17,84,366.36,12.9613269873
NEMO,ARXIV,1812,2,8,3,9,3,1,384,275.212384648,200.489107074,198.760256011,17,84,367.33,10.6739877975
NEMO,ARXIV,1077,4,4,11,3,5,1,640,299.288506133,200.403701659,197.244844956,10,62,353.07,13.4961270722
NEMO,ARXIV,1515,2,6,11,1,3,3,640,284.162747156,200.323515001,200.266211529,10,93,84.51,7.0053789697
NEMO,ARXIV,1516,2,6,11,1,5,1,640,284.162747156,200.323515001,200.266211529,10,93,86.29,6.476082
NEMO,ARXIV,1518,2,8,11,1,3,1,640,284.162747156,200.323515001,200.266211529,10,93,86.64,7.01994909677
NEMO,ARXIV,1514,2,6,11,1,1,5,640,284.162747156,200.169697459,199.970400719,13,96,77.63,13.8063443871
NEMO,ARXIV,1517,2,8,11,1,1,3,640,284.162747156,199.909374043,199.67458991,14,93,81.6,13.0108309333
NEMO,ARXIV,662,4,6,5,7,1,5,384,322.12298075,199.849999277,197.682427597,17,57,220.9,49.4851778462
NEMO,ARXIV,665,4,8,5,7,1,3,384,322.12298075,199.849999277,197.682427597,17,57,214.57,43.84619904
NEMO,ARXIV,1808,2,6,3,9,1,5,384,275.212384648,199.742522185,197.80816107,17,84,365.54,13.7996142484
NEMO,ARXIV,1811,2,8,3,9,1,3,384,275.212384648,199.742522185,197.80816107,17,84,359.12,12.30521984
NEMO,ARXIV,1118,4,4,9,5,1,5,640,297.56602342,199.70397586,198.449723934,17,67,177.59,64.0851551579
NEMO,ARXIV,1170,2,6,15,1,1,1,512,296.391327034,199.617930266,197.902229743,28,53,79.49,11.5739484138
NEMO,ARXIV,663,4,6,5,7,3,3,384,322.12298075,199.54034618,197.806288835,9,55,544.63,14.0686846207
NEMO,ARXIV,664,4,6,5,7,5,1,384,322.12298075,199.54034618,197.806288835,9,55,535.64,14.5661765322
NEMO,ARXIV,666,4,8,5,7,3,1,384,322.12298075,199.54034618,197.806288835,9,55,531.8,13.0403191034
NEMO,ARXIV,854,8,2,9,9,3,1,384,310.662397942,199.508209265,196.362917532,11,30,314.15,28.3345550617
NEMO,ARXIV,1119,4,4,9,5,3,3,640,297.56602342,199.378799435,198.681992809,11,64,405.94,23.1714457824
NEMO,ARXIV,1183,8,2,13,5,1,3,256,296.158010255,199.30196521,198.729491796,11,24,99.49,45.6894171556
NEMO,ARXIV,1120,4,4,9,5,5,1,640,297.56602342,199.301546742,198.604740116,17,65,487.72,13.5123522172
NEMO,ARXIV,1337,2,4,1,15,1,3,512,290.202902083,199.255599092,195.372599575,28,100,85.45,22.3665358
NEMO,ARXIV,488,4,6,5,11,1,1,384,333.201595158,198.661226925,196.098734143,8,27,220.06,49.4754009231
NEMO,ARXIV,52,16,4,11,5,1,3,256,396.548261738,198.480641654,196.313435257,7,20,125.54,42.8033178868
NEMO,ARXIV,880,8,2,15,3,3,1,384,309.411221322,198.198792443,196.440409451,12,27,296.62,31.3235213671
NEMO,ARXIV,583,4,4,5,11,1,3,640,327.033027882,198.154613069,194.345403517,18,72,165.3,64.7900985263
NEMO,ARXIV,1338,2,4,1,15,3,1,512,290.202902083,198.082177151,195.372599575,25,92,85.45,22.3609158
NEMO,ARXIV,1561,2,6,5,7,1,5,640,282.178149406,198.009447723,196.254123511,17,84,303.6,20.3581103607
NEMO,ARXIV,1564,2,8,5,7,1,3,640,282.178149406,198.002022796,196.298103596,20,83,306.56,17.2700623607
NEMO,ARXIV,1562,2,6,5,7,3,3,640,282.178149406,197.962116634,196.585441133,10,82,441.31,9.26083719149
NEMO,ARXIV,1563,2,6,5,7,5,1,640,282.178149406,197.954691707,196.629421218,16,81,454.48,8.51502094737
NEMO,ARXIV,1565,2,8,5,7,3,1,640,282.178149406,197.954691707,196.629421218,16,81,449.61,8.03883572193
NEMO,ARXIV,1220,4,4,9,9,1,1,384,295.023193141,197.928180087,195.696823517,2,22,189.77,53.7818533913
NEMO,ARXIV,1219,4,4,7,11,1,1,384,295.023193141,197.928180087,195.696823517,5,24,158.66,54.562578
NEMO,ARXIV,195,4,6,3,11,1,3,512,364.985686136,197.906207702,192.412937121,19,50,179.74,49.1649352
NEMO,ARXIV,584,4,4,5,11,3,1,640,327.033027882,197.764633073,194.995756367,19,67,434.91,22.840179746
NEMO,ARXIV,898,8,2,9,9,1,3,256,308.002575359,197.590586069,196.037687662,16,30,114.55,61.5675653333
NEMO,ARXIV,988,2,8,5,9,1,1,512,302.45842109,197.263121305,195.190121057,22,65,352.07,14.1101177714
NEMO,ARXIV,21,8,6,9,5,1,3,384,410.186319591,197.250714794,194.924416437,11,14,18.53,77.845732
NEMO,ARXIV,103,8,4,5,11,3,1,256,381.043777127,197.239276301,193.7622693,12,31,443.5,42.8708193846
NEMO,ARXIV,1218,4,4,5,13,1,1,384,295.023193141,197.193752703,194.59518244,8,27,169.12,52.2566691429
NEMO,ARXIV,298,8,6,11,3,1,3,256,350.195629115,196.982180479,196.457237546,11,18,114.05,53.384710566
NEMO,ARXIV,196,4,6,3,11,3,1,512,364.985686136,196.912557743,192.487170507,12,48,352.92,34.0856328
NEMO,ARXIV,607,4,6,9,3,3,3,640,325.084582511,196.727262414,196.282132467,8,36,340,16.3096987826
NEMO,ARXIV,608,4,6,9,3,5,1,640,325.084582511,196.727262414,196.282132467,8,36,362.17,13.47913875
NEMO,ARXIV,610,4,8,9,3,3,1,640,325.084582511,196.727262414,196.282132467,8,36,320.52,15.9049143
NEMO,ARXIV,102,8,4,5,11,1,3,256,381.043777127,196.620291935,191.895805538,17,35,79.5,79.266428
NEMO,ARXIV,606,4,6,9,3,1,5,640,325.084582511,196.226495017,195.336235123,10,36,125.33,62.6870165
NEMO,ARXIV,609,4,8,9,3,1,3,640,325.084582511,196.226495017,195.336235123,10,36,166.94,52.5540517895
NEMO,ARXIV,85,8,4,9,7,3,1,512,386.025876265,195.970882189,189.130457783,7,14,397.79,50.9922619048
NEMO,ARXIV,1633,4,4,7,5,1,7,384,280.028544489,195.829857699,194.760696001,14,56,153.13,54.5663405
NEMO,ARXIV,1634,4,4,7,5,3,5,384,280.028544489,195.702025356,195.004745988,10,54,441.94,14.5346422911
NEMO,ARXIV,1635,4,4,7,5,5,3,384,280.028544489,195.702025356,195.004745988,10,54,452.89,12.4936866667
NEMO,ARXIV,491,16,2,13,5,1,3,256,333.108391423,195.674034194,194.021570747,4,18,121.63,58.011456303
NEMO,ARXIV,1636,4,4,7,5,7,1,384,280.028544489,195.56223111,194.864951741,10,54,448.94,11.7742191233
NEMO,ARXIV,120,8,4,13,3,3,1,640,377.620036819,195.257161768,189.876221061,5,13,226.13,45.4760953258
NEMO,ARXIV,1287,2,6,3,9,1,5,512,291.931462553,195.158430583,192.801990936,21,85,344.07,17.3198875971
NEMO,ARXIV,1760,4,4,5,13,1,1,256,276.381521136,195.149188276,193.300567926,8,25,232.9,46.2739887273
NEMO,ARXIV,1762,4,4,9,9,1,1,256,276.381521136,195.149188276,193.594467306,2,20,244.34,45.0452232258
NEMO,ARXIV,1290,2,8,3,9,1,3,512,291.931462553,195.087689292,192.690881563,25,84,334.43,15.9308890963
NEMO,ARXIV,1288,2,6,3,9,3,3,512,291.931462553,194.969048311,192.801990936,10,85,354.99,16.9083386857
NEMO,ARXIV,786,2,6,1,15,1,1,512,314.729550973,194.950771858,190.328891403,23,71,78.24,47.2539624
NEMO,ARXIV,1289,2,6,3,9,5,1,512,291.931462553,194.841313853,192.690881563,16,84,346.12,16.5000063529
NEMO,ARXIV,1291,2,8,3,9,3,1,512,291.931462553,194.841313853,192.690881563,16,84,352.68,13.9828851351
NEMO,ARXIV,1269,4,4,3,11,1,5,256,292.483189341,194.770330975,192.016604477,23,69,255.72,44.184932
NEMO,ARXIV,1272,4,6,3,11,1,3,256,292.483189341,194.758928629,192.005202131,25,70,280.09,38.238820875
NEMO,ARXIV,1621,4,4,9,3,3,5,384,280.253954773,194.745867398,194.466955651,10,54,311.84,14.3177161818
NEMO,ARXIV,1622,4,4,9,3,5,3,384,280.253954773,194.745867398,194.466955651,10,54,327.49,11.0347198298
NEMO,ARXIV,1623,4,4,9,3,7,1,384,280.253954773,194.745867398,194.466955651,10,54,327.21,10.745968766
NEMO,ARXIV,1270,4,4,3,11,3,3,256,292.483189341,194.733118455,192.277092118,12,65,363.9,25.1930947556
NEMO,ARXIV,1271,4,4,3,11,5,1,256,292.483189341,194.453626903,192.236078816,20,66,351.31,24.1512747556
NEMO,ARXIV,1273,4,6,3,11,3,1,256,292.483189341,194.453626903,192.236078816,20,66,351.8,20.9200721818
NEMO,ARXIV,804,8,2,7,11,1,3,256,313.696093457,194.424086067,191.94213624,17,37,81.19,72.940196
NEMO,ARXIV,1620,4,4,9,3,1,7,384,280.253954773,194.420479189,193.862655694,12,56,173.46,53.0551333913
NEMO,ARXIV,31,8,4,7,9,1,3,384,403.946305498,194.266745722,190.043555598,16,23,18.2,96.383118
NEMO,ARXIV,1534,2,8,11,3,1,1,512,283.513642016,194.238730758,192.753785575,22,54,230.04,8.62335945763
NEMO,ARXIV,1091,2,6,9,7,1,1,640,298.640512815,194.084438355,191.769479777,21,43,292.16,20.8679118347
NEMO,ARXIV,274,4,6,5,9,1,3,640,352.489261038,193.928280222,189.699545726,15,42,137.62,59.0876815556
NEMO,ARXIV,96,8,4,15,1,3,1,640,383.496473284,193.721851689,188.849918887,5,19,185.85,34.3899036589
NEMO,ARXIV,765,4,4,3,11,1,5,384,316.254753381,193.704208532,190.264296982,21,64,188.17,50.3723222609
NEMO,ARXIV,766,4,4,3,11,3,3,384,316.254753381,193.564752658,190.496723438,12,62,384.83,31.4070227578
NEMO,ARXIV,1079,4,4,13,1,3,3,640,299.225462292,193.40401995,190.570339673,10,48,129.66,14.8973833469
NEMO,ARXIV,1080,4,4,13,1,5,1,640,299.225462292,193.40401995,190.570339673,10,48,131.03,12.9770466122
NEMO,ARXIV,416,16,2,11,7,1,3,256,337.938406544,193.390305413,191.426424405,7,20,121.63,58.011456303
NEMO,ARXIV,767,4,4,3,11,5,1,384,316.254753381,193.308781929,190.538339006,18,61,387.36,29.928304069
NEMO,ARXIV,1078,4,4,13,1,1,5,640,299.225462292,193.16014804,190.280013988,14,52,95.87,42.9934827429
NEMO,ARXIV,1073,2,6,7,9,1,1,640,299.418045715,193.104053342,190.408161583,19,41,308.29,19.7887238095
NEMO,ARXIV,180,8,4,9,5,1,5,384,366.472953459,193.101727757,191.135759941,12,18,15.53,85.742238
NEMO,ARXIV,275,4,6,5,9,3,1,640,352.489261038,193.098223095,189.847922375,10,42,444.52,22.4856396464
NEMO,ARXIV,181,8,4,9,5,3,3,384,366.472953459,192.519218774,191.427014432,6,15,427.56,50.647331
NEMO,ARXIV,182,8,4,9,5,5,1,384,366.472953459,192.519218774,191.427014432,6,15,558.55,28.759378875
NEMO,ARXIV,907,8,2,17,1,3,1,384,306.971005921,192.334225058,190.741727253,10,30,182.87,30.234141931
NEMO,ARXIV,934,4,4,5,9,1,5,512,305.153457165,192.066456052,189.417584047,17,64,187.73,55.3490905263
NEMO,ARXIV,296,4,6,1,13,1,3,384,350.219913456,192.054809493,186.047539406,23,60,129.87,50.3060390769
NEMO,ARXIV,1393,8,2,9,7,1,5,256,287.571966175,192.012625273,188.827306119,15,35,114.55,61.5675653333
NEMO,ARXIV,529,4,6,11,1,1,5,640,330.248522847,191.972473859,191.675720561,11,47,105.83,33.3515898
NEMO,ARXIV,530,4,6,11,1,3,3,640,330.248522847,191.935372111,191.861183787,8,44,132.92,13.3076221739
NEMO,ARXIV,531,4,6,11,1,5,1,640,330.248522847,191.935372111,191.861183787,8,44,133.85,11.5792585
NEMO,ARXIV,533,4,8,11,1,3,1,640,330.248522847,191.935372111,191.861183787,8,44,130.72,15.5954274667
NEMO,ARXIV,1950,2,10,3,9,1,1,384,270.739463727,191.920869157,189.372869397,20,98,346.99,10.1642859444
NEMO,ARXIV,935,4,4,5,9,3,3,512,305.153457165,191.834098858,189.742884118,10,62,443.44,18.9678847677
NEMO,ARXIV,936,4,4,5,9,5,1,512,305.153457165,191.820110929,189.784669068,16,61,490.26,18.5608579286
NEMO,ARXIV,1394,8,2,9,7,3,3,256,287.571966175,191.738881364,189.084448736,9,32,323.32,33.1390055652
NEMO,ARXIV,1395,8,2,9,7,5,1,256,287.571966175,191.719011867,189.064579239,12,33,354.92,21.29986416
NEMO,ARXIV,532,4,8,11,1,1,3,640,330.248522847,191.378997604,191.156432631,12,46,94.99,44.4247417143
NEMO,ARXIV,1761,4,4,7,11,1,1,256,276.381521136,191.034596957,189.479875987,4,21,232.45,44.0730254815
NEMO,ARXIV,1769,4,6,7,9,1,1,256,276.381521136,191.034596957,189.479875987,4,21,268.65,37.103164625
NEMO,ARXIV,1409,8,2,11,5,3,3,256,286.913453401,190.893419866,188.736693356,9,27,332.96,24.0252768377
NEMO,ARXIV,297,4,6,1,13,3,1,384,350.219913456,190.823226458,186.153100223,14,58,92.77,53.8854946667
NEMO,ARXIV,1408,8,2,11,5,1,5,256,286.913453401,190.611070518,187.989818297,16,31,99.49,45.6894171556
NEMO,ARXIV,382,8,6,13,1,1,3,256,341.711381366,190.561887373,190.386906395,9,18,79.5,54.2669007843
NEMO,ARXIV,1410,8,2,11,5,5,1,256,286.913453401,190.445146302,188.288419792,9,27,346.09,19.8490306332
NEMO,ARXIV,1346,8,2,15,3,1,3,256,289.994541263,190.294965414,189.996341743,13,30,114.04,53.384710566
NEMO,ARXIV,718,8,2,5,13,3,1,256,319.588319028,189.905188876,185.711019365,17,42,334.4,33.8048036667
NEMO,ARXIV,1244,4,4,7,7,1,5,640,293.953564517,189.670620706,187.766015929,19,60,153.57,67.3395136
NEMO,ARXIV,366,8,4,7,7,1,5,256,343.593443971,189.21276388,186.821357184,15,26,79.5,79.266428
NEMO,ARXIV,1245,4,4,7,7,3,3,640,293.953564517,189.15962918,187.858923479,10,57,462.61,17.3307706794
NEMO,ARXIV,1246,4,4,7,7,5,1,640,293.953564517,189.150460231,187.84975453,16,58,451.78,14.4684140861
NEMO,ARXIV,891,2,8,3,11,1,1,512,308.288496945,189.049736962,184.942036703,22,74,343.75,14.6375011014
NEMO,ARXIV,1733,2,8,13,1,1,1,512,276.662392558,189.034655041,187.569580808,23,56,80.93,10.7846289655
NEMO,ARXIV,369,8,6,7,7,1,3,256,343.593443971,188.571166961,186.238087259,12,25,81.19,72.940196
NEMO,ARXIV,367,8,4,7,7,3,3,256,343.593443971,188.571166961,186.93801117,8,23,422.92,42.7604921481
NEMO,ARXIV,368,8,4,7,7,5,1,256,343.593443971,188.571166961,186.93801117,8,23,517.34,25.32536
NEMO,ARXIV,370,8,6,7,7,3,1,256,343.593443971,188.571166961,186.93801117,8,23,433.95,34.8200232308
NEMO,ARXIV,1072,2,6,5,11,1,1,640,299.418045715,187.791190668,185.415304156,20,50,301.1,19.9907318689
NEMO,ARXIV,50,8,6,7,7,1,3,384,397.588054442,187.557804976,183.680641049,12,16,58.15,72.9506333333
NEMO,ARXIV,45,8,6,13,1,3,1,640,399.017521315,187.542335059,178.6168095,3,4,198.39,37.4383187087
NEMO,ARXIV,571,4,6,5,7,1,5,512,327.956577644,187.439300243,184.766898339,15,41,171.03,47.9208988889
NEMO,ARXIV,574,4,8,5,7,1,3,512,327.956577644,187.439300243,184.766898339,15,41,173.03,48.0638464
NEMO,ARXIV,1480,8,2,13,3,1,5,256,285.05618074,187.357351597,185.233805494,13,31,114.04,53.384710566
NEMO,ARXIV,1481,8,2,13,3,3,3,256,285.05618074,187.324149013,185.499226581,9,28,304.92,23.8358877486
NEMO,ARXIV,1482,8,2,13,3,5,1,256,285.05618074,187.324149013,185.499226581,9,28,310.29,20.1383370273
NEMO,ARXIV,163,8,4,11,5,3,1,640,370.05569786,187.169478086,180.9159524,5,11,290.81,49.5277130081
NEMO,ARXIV,572,4,6,5,7,3,3,512,327.956577644,187.142366698,185.063831884,8,41,508.21,18.5294477604
NEMO,ARXIV,573,4,6,5,7,5,1,512,327.956577644,187.142366698,185.063831884,8,41,591.58,15.48249608
NEMO,ARXIV,575,4,8,5,7,3,1,512,327.956577644,187.142366698,185.063831884,8,41,543.26,15.6057066897
NEMO,ARXIV,1123,8,2,11,7,3,1,512,297.440910125,186.983243391,184.196805907,12,32,271.16,31.386483375
NEMO,ARXIV,1532,8,2,17,1,1,3,256,283.661430151,186.973477569,186.873936346,16,32,79.62,54.2669007843
NEMO,ARXIV,1675,4,4,11,1,3,5,384,278.365553032,186.826958824,186.780473533,10,46,105.79,11.9173335319
NEMO,ARXIV,1676,4,4,11,1,5,3,384,278.365553032,186.826958824,186.780473533,10,46,107.24,11.1047884
NEMO,ARXIV,1677,4,4,11,1,7,1,384,278.365553032,186.826958824,186.780473533,10,46,108.46,10.9172284
NEMO,ARXIV,1674,4,4,11,1,1,7,384,278.365553032,186.745620601,186.559679436,13,49,96.08,28.616406093
NEMO,ARXIV,1556,2,8,7,7,1,1,640,282.752833372,186.62121796,184.8,17,44,303.96,17.1503412258
NEMO,ARXIV,1117,8,2,13,5,3,1,512,297.671284409,186.576609887,184.254578651,11,26,271.16,31.386483375
NEMO,ARXIV,881,8,2,7,11,3,1,384,308.843387532,186.575148595,182.806019985,14,36,286.33,29.2743923664
NEMO,ARXIV,1253,2,6,11,5,1,1,640,293.556502288,186.472447877,184.8,24,44,286.39,16.8384316066
NEMO,ARXIV,1701,2,8,9,5,1,1,640,277.003711077,186.385559233,184.8,19,44,276.42,16.4822973548
NEMO,ARXIV,1989,2,10,7,5,1,1,512,269.518939698,186.274116923,184.8,9,48,313.72,11.1173470448
NEMO,ARXIV,1221,4,4,11,7,1,1,384,295.023193141,185.801709024,183.739717287,2,22,171.24,46.2599660741
NEMO,ARXIV,833,2,6,1,13,1,3,640,311.414673244,185.595315384,180.989196295,23,77,71.44,59.0105325333
NEMO,ARXIV,63,8,4,5,11,3,1,384,392.325184901,185.429053013,181.087479989,12,21,456.68,48.6324955446
NEMO,ARXIV,51,8,6,7,7,3,1,384,397.588054442,185.328435718,182.614420969,8,18,451.78,38.6998751304
NEMO,ARXIV,1763,4,4,11,7,1,1,256,276.381521136,185.188053801,184.081307084,3,19,190.16,40.4127078431
NEMO,ARXIV,1782,4,6,9,7,1,1,256,275.58282093,185.188053801,184.081307084,3,19,253.15,38.1824793939
NEMO,ARXIV,721,8,2,5,13,1,3,256,319.244856871,185.037540065,181.556887621,19,42,81.19,72.940196
NEMO,ARXIV,521,4,4,1,15,1,3,512,330.884962607,184.979508002,178.938220974,26,66,31.9,80.129866
NEMO,ARXIV,1071,2,6,3,13,1,1,640,299.418045715,184.956328691,181.406657146,21,52,294.42,20.9258210847
NEMO,ARXIV,744,4,6,7,5,1,5,640,317.222143287,184.802934261,183.096602798,12,37,137.64,59.0716815556
NEMO,ARXIV,747,4,8,7,5,1,3,640,317.222143287,184.802934261,183.096602798,12,37,165.26,52.9556176842
NEMO,ARXIV,834,2,6,1,13,3,1,640,311.414673244,184.572734884,180.989196295,14,77,71.44,59.0101325333
NEMO,ARXIV,1732,2,10,5,7,1,1,512,276.667224855,184.568916443,183.032745502,19,77,352.32,11.7163374493
NEMO,ARXIV,614,4,6,9,7,1,1,512,324.895504119,184.469964794,180.555238147,2,24,171.12,40.9630113684
NEMO,ARXIV,745,4,6,7,5,3,3,640,317.222143287,184.469079215,183.356254348,8,37,489.12,16.5436768889
NEMO,ARXIV,746,4,6,7,5,5,1,640,317.222143287,184.469079215,183.356254348,8,37,497.96,15.8662286573
NEMO,ARXIV,748,4,8,7,5,3,1,640,317.222143287,184.469079215,183.356254348,8,37,474.97,15.4178406792
NEMO,ARXIV,62,8,4,5,11,1,3,384,392.325184901,184.364093017,178.466189567,16,23,34.73,83.545418
NEMO,ARXIV,1759,4,4,3,15,1,1,256,276.381521136,184.286036292,181.676380938,12,27,244.29,43.9597110303
NEMO,ARXIV,802,2,8,1,13,1,1,512,313.898975677,184.211779483,180.289927383,23,88,75.04,56.1520305263
NEMO,ARXIV,1438,8,2,13,5,1,3,384,285.780820769,183.531277722,182.959410956,10,20,97.9,61.9022201143
NEMO,ARXIV,522,4,4,1,15,3,1,512,330.884962607,183.264679723,179.02651313,21,64,19.37,84.782412
NEMO,ARXIV,1151,8,2,15,3,3,1,512,296.894417205,182.983708925,181.026568311,10,34,271.16,31.386483375
NEMO,ARXIV,4,16,4,13,3,3,1,256,432.780232741,182.896751609,176.608797397,5,7,246.53,23.8703849905
NEMO,ARXIV,1372,2,6,13,3,1,1,640,288.264195629,182.519428555,180.883408148,23,43,216.58,15.5730019655
NEMO,ARXIV,1217,4,4,3,15,1,1,384,295.023193141,182.473241521,178.53336467,11,30,187.8,50.3638396522
NEMO,ARXIV,1682,4,4,5,7,1,7,384,277.509397879,182.454644444,180.827659251,18,55,169.36,52.2622215238
NEMO,ARXIV,1683,4,4,5,7,3,5,384,277.509397879,182.222217988,180.920629834,10,53,446.61,14.9650832075
NEMO,ARXIV,1684,4,4,5,7,5,3,384,277.509397879,182.222217988,180.920629834,10,53,461.94,16.4415237395
NEMO,ARXIV,108,16,2,15,3,3,1,256,379.647918595,182.155308099,178.989229561,8,15,340.82,32.6677427322
NEMO,ARXIV,2,16,4,15,1,3,1,256,440.506567539,182.090759318,176.440713504,5,4,186.89,25.4328938686
NEMO,ARXIV,1685,4,4,5,7,7,1,384,277.509397879,182.008125718,180.706537564,10,53,461.16,14.4192926667
NEMO,ARXIV,36,8,6,9,5,3,1,512,402.74517637,181.743522933,180.002684591,6,17,417.82,50.0612601818
NEMO,ARXIV,1311,8,2,11,7,1,3,384,291.365949807,181.478459096,180.740707141,14,24,97.9,61.9022201143
NEMO,ARXIV,1405,8,2,7,9,1,5,256,286.937586832,181.297748524,179.174202421,19,40,81.19,72.940196
NEMO,ARXIV,1770,2,4,1,15,1,3,640,276.346552661,181.277358222,177.420552096,27,93,72.29,39.4085725714
NEMO,ARXIV,742,4,8,7,7,1,1,384,317.249179201,181.27092314,179.625189368,5,24,259.9,41.7079130667
NEMO,ARXIV,577,4,6,11,5,1,1,384,327.586247275,181.147061901,179.625189368,2,22,239.38,37.1093988571
NEMO,ARXIV,831,4,8,9,5,1,1,384,311.700680252,181.147061901,179.625189368,2,22,237.39,43.2241784286
NEMO,ARXIV,302,8,4,11,3,1,5,512,349.535356349,180.995953628,174.810463473,8,18,81.43,69.4733874118
NEMO,ARXIV,76,16,6,11,3,3,1,512,387.913217176,180.953183939,144.600845214,3,2,245.53,38.7774782529
NEMO,ARXIV,81,8,6,11,3,3,1,640,387.17812282,180.944745416,170.97597661,3,12,262.24,49.5048012437
NEMO,ARXIV,1406,8,2,7,9,3,3,256,286.937586832,180.932764037,179.439645684,10,37,336.29,32.5814786667
NEMO,ARXIV,1407,8,2,7,9,5,1,256,286.937586832,180.899860226,179.446503043,13,38,360.71,20.972473
NEMO,ARXIV,728,4,4,3,13,1,3,640,318.743133098,180.793504983,176.008766154,22,62,143.52,52.0819106667
NEMO,ARXIV,303,8,4,11,3,3,3,512,349.535356349,180.759441961,175.083345113,5,15,345.35,38.8141298961
NEMO,ARXIV,304,8,4,11,3,5,1,512,349.535356349,180.759441961,175.083345113,5,15,413.7,34.2749317624
NEMO,ARXIV,128,16,2,13,5,3,1,256,376.8833156,180.631310838,176.946203033,7,10,370.48,33.6789547541
NEMO,ARXIV,33,16,6,13,1,3,1,512,403.667029835,180.411948095,150.915263397,1,0,265.4,50.8331383607
NEMO,ARXIV,1771,2,4,1,15,3,1,640,276.346552661,180.335053432,177.62781831,24,93,66.36,46.6164456667
NEMO,ARXIV,729,4,4,3,13,3,1,640,318.743133098,180.312355293,176.809393084,19,62,323.27,40.1316453333
NEMO,ARXIV,1164,8,2,9,9,1,3,384,296.797765943,180.024021784,178.471227855,14,24,94.37,80.187285
NEMO,ARXIV,761,16,2,13,5,1,3,384,316.659111411,179.807301019,178.181581654,4,20,44.3,5.34907422222
NEMO,ARXIV,1371,2,8,5,9,1,1,640,288.266411334,179.776524782,177.959018437,22,55,303.61,17.4923069032
NEMO,ARXIV,1577,8,2,15,1,3,3,256,282.0853589,179.747085434,178.121245449,10,26,132.23,22.5578303529
NEMO,ARXIV,1578,8,2,15,1,5,1,256,282.0853589,179.747085434,178.121245449,10,26,135.11,19.4435127059
NEMO,ARXIV,1576,8,2,15,1,1,5,256,282.0853589,179.423648529,177.764628136,14,30,79.62,54.2669007843
NEMO,ARXIV,157,8,4,3,13,1,3,256,370.734721407,179.413829129,173.406148895,17,36,66.57,65.7549256
NEMO,ARXIV,1789,4,6,7,3,1,7,384,275.554791837,178.977155213,178.357849019,12,45,184.66,48.0295583333
NEMO,ARXIV,1793,4,8,7,3,1,5,384,275.554791837,178.977155213,178.357849019,12,45,208.78,42.8278357241
NEMO,ARXIV,1796,4,10,7,3,1,3,384,275.554791837,178.977155213,178.357849019,12,45,201.39,36.7361664
NEMO,ARXIV,603,4,6,7,9,1,1,512,325.569006144,178.947497151,174.973426211,4,25,177.48,47.3884164
NEMO,ARXIV,1184,8,2,9,9,3,1,512,296.149024837,178.833253708,175.423105106,12,38,300.97,27.6202397778
NEMO,ARXIV,487,4,6,3,13,1,1,384,333.201595158,178.819028138,174.670739812,11,30,189.21,47.8050970435
NEMO,ARXIV,199,8,4,13,3,1,3,512,364.307245326,178.797050701,177.61206845,4,12,81.43,69.4733874118
NEMO,ARXIV,1790,4,6,7,3,3,5,384,275.554791837,178.775892453,178.404308737,8,45,304.98,12.5281811
NEMO,ARXIV,1791,4,6,7,3,5,3,384,275.554791837,178.775892453,178.404308737,8,45,314.5,11.5056261395
NEMO,ARXIV,1792,4,6,7,3,7,1,384,275.554791837,178.775892453,178.404308737,8,45,315.68,11.2492950698
NEMO,ARXIV,1794,4,8,7,3,3,3,384,275.554791837,178.775892453,178.404308737,8,45,304.54,11.903917641
NEMO,ARXIV,1795,4,8,7,3,5,1,384,275.554791837,178.775892453,178.404308737,8,45,308.4,10.6378971282
NEMO,ARXIV,1797,4,10,7,3,3,1,384,275.554791837,178.775892453,178.404308737,8,45,296.24,11.5833271579
NEMO,ARXIV,158,8,4,3,13,3,1,256,370.734721407,178.738313381,174.339380776,14,34,382.22,52.092937
NEMO,ARXIV,808,4,6,3,9,3,3,384,313.196037793,178.112461548,175.325583672,10,49,365.18,30.3455596098
NEMO,ARXIV,809,4,6,3,9,5,1,384,313.196037793,178.038330647,175.325583672,10,49,364.23,29.6821195
NEMO,ARXIV,811,4,8,3,9,3,1,384,313.196037793,178.038330647,175.325583672,10,49,385.28,23.3925795
NEMO,ARXIV,164,8,4,11,5,1,3,512,369.789734641,177.923805032,176.302199947,7,14,81.43,69.4733874118
NEMO,ARXIV,1558,2,6,15,1,1,1,640,282.75052402,177.848593045,176.995344116,26,43,77.63,13.8063443871
NEMO,ARXIV,1738,8,2,11,5,3,3,384,276.560409765,177.620032662,175.264462993,9,29,261.55,34.1232365255
NEMO,ARXIV,1737,8,2,11,5,1,5,384,276.560409765,177.497258202,174.710387044,17,33,97.9,61.9022201143
NEMO,ARXIV,807,4,6,3,9,1,5,384,313.196037793,177.493155353,174.458555,14,50,189.67,47.8204231304
NEMO,ARXIV,810,4,8,3,9,1,3,384,313.196037793,177.493155353,174.458555,14,50,223.74,44.9473830769
NEMO,ARXIV,1739,8,2,11,5,5,1,384,276.560409765,177.36775992,175.012190251,9,29,303.29,24.4795896
NEMO,ARXIV,239,8,4,7,7,1,5,384,357.897684695,177.155544356,174.17018582,14,20,18.2,96.383118
NEMO,ARXIV,130,8,4,7,9,3,1,512,376.076367777,176.96427915,173.775888105,10,17,425.61,53.6383640904
NEMO,ARXIV,1533,2,10,3,9,1,1,512,283.518275467,176.953878334,173.95964239,18,90,337.84,12.6969930149
NEMO,ARXIV,1768,4,6,5,11,1,1,256,276.381521136,176.811535386,175.414690071,10,23,256.56,38.634180875
NEMO,ARXIV,1922,2,6,1,11,1,5,384,271.297062427,176.619012781,173.882129442,19,81,74.15,51.3217515789
NEMO,ARXIV,1925,2,8,1,11,1,3,384,271.297062427,176.619012781,173.882129442,19,81,72.89,45.9982626667
NEMO,ARXIV,1923,2,6,1,11,3,3,384,271.297062427,176.500582509,173.882129442,12,80,74.15,51.3217515789
NEMO,ARXIV,240,8,4,7,7,3,3,384,357.897684695,176.500221751,174.461440311,8,17,464.08,45.0926356154
NEMO,ARXIV,241,8,4,7,7,5,1,384,357.897684695,176.500221751,174.461440311,8,17,536.1,29.5038666256
NEMO,ARXIV,1753,2,6,3,9,3,3,640,276.410563092,176.497630468,174.367731468,10,70,315.18,19.6046707692
NEMO,ARXIV,1754,2,6,3,9,5,1,640,276.410563092,176.352584134,174.279558767,10,69,327.9,19.1108850625
NEMO,ARXIV,1756,2,8,3,9,3,1,640,276.410563092,176.352584134,174.279558767,10,69,320.88,15.9480323284
NEMO,ARXIV,259,8,4,13,1,3,3,512,354.530373094,176.126474751,171.032541682,5,16,184.86,32.4865821157
NEMO,ARXIV,260,8,4,13,1,5,1,512,354.530373094,176.126474751,171.032541682,5,16,210.47,24.744524
NEMO,ARXIV,1924,2,6,1,11,5,1,384,271.297062427,175.929990028,173.564650033,14,81,74.13,51.3178305263
NEMO,ARXIV,1926,2,8,1,11,3,1,384,271.297062427,175.929990028,173.564650033,14,81,72.86,45.9931126667
NEMO,ARXIV,258,8,4,13,1,1,5,512,354.530373094,175.853623636,170.686920095,9,20,80.43,73.6747492093
NEMO,ARXIV,1752,2,6,3,9,1,5,640,276.410563092,175.456346512,173.137123157,15,66,296.28,20.8994791333
NEMO,ARXIV,1755,2,8,3,9,1,3,640,276.410563092,175.456346512,173.137123157,15,66,305.07,17.9305392903
NEMO,ARXIV,1003,8,2,7,11,1,3,384,302.082496412,175.347151513,172.865400532,17,33,121.55,79.4669415
NEMO,ARXIV,602,4,6,5,11,1,1,512,325.569006144,175.324950318,172.122229519,8,27,170.61,47.9109377778
NEMO,ARXIV,1210,8,2,17,1,3,1,512,295.160940657,175.088247179,175.055075304,11,30,202.86,34.0736219823
NEMO,ARXIV,233,8,6,9,3,3,3,384,358.396820751,174.472376722,173.890802133,4,12,362.17,37.6139461667
NEMO,ARXIV,234,8,6,9,3,5,1,384,358.396820751,174.472376722,173.890802133,4,12,417.77,26.0279937778
NEMO,ARXIV,236,8,8,9,3,3,1,384,358.396820751,174.472376722,173.890802133,4,12,348.28,31.3935298182
NEMO,ARXIV,1734,8,2,9,7,1,5,384,276.595434161,174.368896636,170.951661764,14,32,94.37,80.187285
NEMO,ARXIV,101,16,2,17,1,3,1,256,381.086956589,174.260418023,174.208515096,9,13,206.19,35.4704424322
NEMO,ARXIV,175,8,6,11,1,1,5,384,366.770915423,174.216086078,173.828369685,8,20,73.71,68.2876407368
NEMO,ARXIV,176,8,6,11,1,3,3,384,366.770915423,174.167597321,174.070668223,5,18,194.96,27.273192315
NEMO,ARXIV,177,8,6,11,1,5,1,384,366.770915423,174.167597321,174.070668223,5,18,207.84,22.1006380148
NEMO,ARXIV,179,8,8,11,1,3,1,384,366.770915423,174.167597321,174.070668223,5,18,189,28.544138528
NEMO,ARXIV,1735,8,2,9,7,3,3,384,276.595434161,174.120055466,171.233653196,8,29,297.56,30.3490221918
NEMO,ARXIV,1736,8,2,9,7,5,1,384,276.595434161,174.120055466,171.233653196,8,29,303.27,22.7276331081
NEMO,ARXIV,232,8,6,9,3,1,5,384,358.396820751,174.084660329,172.921511151,6,14,18.53,77.845732
NEMO,ARXIV,235,8,8,9,3,1,3,384,358.396820751,174.084660329,172.921511151,6,14,93.63,89.159814
NEMO,ARXIV,305,4,6,1,13,1,3,512,349.487317615,173.334956858,166.134318394,21,47,15.02,73.6373
NEMO,ARXIV,1940,2,8,11,3,1,1,640,271.003621043,173.228532998,171.91180688,13,33,216.88,13.9499010526
NEMO,ARXIV,1387,4,4,1,13,1,5,256,287.753326415,173.112644191,169.503029727,25,59,65.3,57.4481755
NEMO,ARXIV,1927,2,10,1,11,1,1,384,271.297062427,173.051095305,170.764708825,16,77,86.6,41.3074847619
NEMO,ARXIV,1388,4,4,1,13,3,3,256,287.753326415,173.03821915,169.651879808,14,57,65.3,57.249563
NEMO,ARXIV,1390,4,6,1,13,1,3,256,287.753326415,173.029822286,169.420207822,28,58,76,55.0721108
NEMO,ARXIV,1806,8,2,13,3,3,3,384,275.344280807,172.664685408,170.674063153,9,24,261.55,34.1232365255
NEMO,ARXIV,1807,8,2,13,3,5,1,384,275.344280807,172.664685408,170.674063153,9,24,303.29,24.4795896
NEMO,ARXIV,1805,8,2,13,3,1,5,384,275.344280807,172.639862875,170.317470243,13,28,97.9,61.9022201143
NEMO,ARXIV,219,8,4,9,7,3,1,640,360.803639118,172.480964266,165.063991941,7,17,274.42,51.2706957143
NEMO,ARXIV,1389,4,4,1,13,5,1,256,287.753326415,172.452630572,169.647283726,19,56,65.22,57.2482255
NEMO,ARXIV,1391,4,6,1,13,3,1,256,287.753326415,172.452630572,169.647283726,19,56,107.76,42.0335676364
NEMO,ARXIV,1154,8,4,5,13,1,1,256,296.856625256,172.400088057,169.420875393,8,27,79.42,79.266428
NEMO,ARXIV,1156,8,4,9,9,1,1,256,296.856625256,172.400088057,169.881838195,2,22,38.14,69.660314
NEMO,ARXIV,1456,8,2,13,5,3,1,640,285.473167861,172.046785585,169.526322951,9,24,251.86,41.5380364828
NEMO,ARXIV,306,4,6,1,13,3,1,512,349.487317615,171.955831999,166.357018552,14,45,40.2,76.5862062857
NEMO,ARXIV,1632,8,2,15,3,1,3,384,280.035795035,171.951787431,171.653194093,11,17,97.9,61.9022201143
NEMO,ARXIV,49,16,4,11,5,1,3,384,397.768694634,171.448448071,169.102634492,8,21,106.64,29.3110267429
NEMO,ARXIV,148,16,2,11,7,3,1,256,372.761732642,171.020143944,166.556492236,7,12,370.48,33.6789547541
NEMO,ARXIV,1724,4,6,9,1,3,5,384,276.679509015,170.470012043,170.408081424,8,38,135.23,14.3526686154
NEMO,ARXIV,1725,4,6,9,1,5,3,384,276.679509015,170.470012043,170.408081424,8,38,139.88,11.60457776
NEMO,ARXIV,1726,4,6,9,1,7,1,384,276.679509015,170.470012043,170.408081424,8,38,137.13,10.60457744
NEMO,ARXIV,1728,4,8,9,1,3,3,384,276.679509015,170.470012043,170.408081424,8,38,128.93,13.8804897391
NEMO,ARXIV,1729,4,8,9,1,5,1,384,276.679509015,170.470012043,170.408081424,8,38,134.53,11.0490506087
NEMO,ARXIV,1731,4,10,9,1,3,1,384,276.679509015,170.470012043,170.408081424,8,38,125.25,13.4621910909
NEMO,ARXIV,178,8,8,11,1,1,3,384,366.770915423,170.460676614,170.16988932,9,15,89.33,60.4111902703
NEMO,ARXIV,1723,4,6,9,1,1,7,384,276.679509015,170.299722428,170.11393057,10,40,106.52,48.9156138182
NEMO,ARXIV,1727,4,8,9,1,1,5,384,276.679509015,170.299722428,170.11393057,10,40,115.23,37.2369910909
NEMO,ARXIV,1730,4,10,9,1,1,3,384,276.679509015,170.299722428,170.11393057,10,40,103.68,39.7437086667
NEMO,ARXIV,1087,4,4,3,11,1,5,512,298.757443717,170.131936996,166.693050534,21,56,176.46,58.0821572
NEMO,ARXIV,895,4,4,1,13,1,5,384,308.115480822,169.996710008,165.487636759,23,55,78.37,43.6584506667
NEMO,ARXIV,1088,4,4,3,11,3,3,512,298.757443717,169.946051242,166.878936289,12,56,323.94,37.9013022857
NEMO,ARXIV,896,4,4,1,13,3,3,384,308.115480822,169.903739425,165.673577924,14,55,80.17,40.9908742222
NEMO,ARXIV,1498,2,6,1,11,1,5,512,284.868094242,169.686515092,166.388096175,18,74,78.27,47.2544024
NEMO,ARXIV,1501,2,8,1,11,1,3,512,284.868094242,169.686515092,166.388096175,18,74,75.13,56.1532305263
NEMO,ARXIV,1089,4,4,3,11,5,1,512,298.757443717,169.592846847,166.823163409,14,57,327.27,35.4912737778
NEMO,ARXIV,1499,2,6,1,11,3,3,512,284.868094242,169.544478388,166.388096175,12,73,78.27,47.2544024
NEMO,ARXIV,780,8,2,3,15,3,1,256,315.691819139,169.443053747,166.416779274,16,35,297.1,43.438076
NEMO,ARXIV,9,16,4,11,5,3,1,256,423.254877844,169.227985102,161.937603406,5,7,314.34,39.8097674745
NEMO,ARXIV,1500,2,6,1,11,5,1,512,284.868094242,169.197695581,166.344681975,12,73,78.24,47.2539624
NEMO,ARXIV,1502,2,8,1,11,3,1,512,284.868094242,169.197695581,166.344681975,12,73,75.04,56.1520305263
NEMO,ARXIV,1843,8,2,17,1,1,3,384,274.123906361,169.157453141,169.057922028,13,19,81,61.8251229714
NEMO,ARXIV,98,8,6,5,9,1,3,384,382.713972962,169.141276322,163.713246824,12,18,77.71,80.3764872
NEMO,ARXIV,897,4,4,1,13,5,1,384,308.115480822,169.127093217,165.62222291,14,55,80.15,40.9888408889
NEMO,ARXIV,779,8,2,3,15,1,3,256,315.691819139,169.120844216,164.641489155,23,41,81.24,53.178895
NEMO,ARXIV,372,8,4,13,3,1,3,640,342.746503672,169.063339763,167.928735082,4,16,31.89,61.9982138182
NEMO,ARXIV,1758,4,4,1,17,1,1,256,276.381521136,168.85848738,165.933294723,18,25,65.22,57.4481755
NEMO,ARXIV,99,8,6,5,9,3,1,384,382.713972962,168.251535822,164.004034118,10,16,413.38,40.5753299048
NEMO,ARXIV,1764,4,4,13,5,1,1,256,276.381521136,168.00299275,167.536831912,6,14,182.98,40.1536960784
NEMO,ARXIV,1975,4,6,11,5,1,1,256,270.092805964,168.00299275,167.536831912,6,14,226.3,23.1445048
NEMO,ARXIV,928,8,2,5,13,3,1,384,305.786153161,167.930183645,163.504041122,13,35,320.13,26.6813493168
NEMO,ARXIV,110,8,4,3,13,1,3,384,378.734860002,167.908214256,160.408411104,16,31,41.22,74.783068
NEMO,ARXIV,318,8,4,11,5,1,3,640,347.597462117,167.754462294,166.183565123,7,18,31.89,61.9982138182
NEMO,ARXIV,1,16,4,15,1,3,1,384,446.009178085,167.714052285,159.87446122,4,9,195.66,42.6184246415
NEMO,ARXIV,1512,8,2,11,7,3,1,640,284.336063445,167.700503394,164.682581029,8,25,251.86,41.5380364828
NEMO,ARXIV,1767,4,6,3,13,1,1,256,276.381521136,167.68288986,165.639395344,13,21,260.94,38.00131775
NEMO,ARXIV,248,16,4,13,3,1,3,512,355.677334893,167.501934484,165.085559721,4,24,44.66,8.14292155556
NEMO,ARXIV,1024,8,4,9,3,3,5,256,301.068814401,167.455372361,167.105410406,6,22,316.32,40.3877008696
NEMO,ARXIV,1025,8,4,9,3,5,3,256,301.068814401,167.455372361,167.105410406,6,22,333.42,24.6915328333
NEMO,ARXIV,1026,8,4,9,3,7,1,256,301.068814401,167.455372361,167.105410406,6,22,342.36,20.4906745
NEMO,ARXIV,1028,8,6,9,3,3,3,256,301.068814401,167.455372361,167.105410406,6,22,288.33,36.2291858
NEMO,ARXIV,1029,8,6,9,3,5,1,256,301.068814401,167.455372361,167.105410406,6,22,314.69,21.3810446957
NEMO,ARXIV,1031,8,8,9,3,3,1,256,301.068814401,167.455372361,167.105410406,6,22,281.99,27.683388
NEMO,ARXIV,1365,4,4,5,9,1,5,640,288.33837099,167.372951447,164.72508627,17,54,165.3,64.7900985263
NEMO,ARXIV,413,4,6,3,11,1,3,640,338.243839121,167.368860054,161.878924041,19,45,175.64,70.3502337143
NEMO,ARXIV,1453,8,2,15,3,3,1,640,285.56882953,167.306530273,165.150871441,9,24,251.86,41.5380364828
NEMO,ARXIV,375,8,4,9,5,1,5,512,342.564853282,167.299316061,165.334513306,11,24,85.24,60.1380512
NEMO,ARXIV,1366,4,4,5,9,3,3,640,288.33837099,167.094228797,165.00380892,10,52,439.07,19.301991005
NEMO,ARXIV,437,8,4,5,9,1,5,256,336.195721771,167.048506705,163.723868129,13,32,79.5,79.266428
NEMO,ARXIV,440,8,6,5,9,1,3,256,336.195721771,167.048506705,163.723868129,13,32,81.19,72.940196
NEMO,ARXIV,1367,4,4,5,9,5,1,640,288.33837099,166.9875589,164.952767696,12,53,470.96,21.1149351068
NEMO,ARXIV,1023,8,4,9,3,1,7,256,301.068814401,166.755466467,166.055542556,8,24,38.19,69.660314
NEMO,ARXIV,1027,8,6,9,3,1,5,256,301.068814401,166.755466467,166.055542556,8,24,111.6,61.5675653333
NEMO,ARXIV,1030,8,8,9,3,1,3,256,301.068814401,166.755466467,166.055542556,8,24,114.24,65.9625342857
NEMO,ARXIV,316,32,4,11,3,3,3,384,347.599013364,166.726374056,125.726441507,5,4,42.41,7.4759908
NEMO,ARXIV,134,8,4,9,7,1,3,512,375.022828807,166.717152282,163.966859372,11,13,85.24,60.1380512
NEMO,ARXIV,376,8,4,9,5,3,3,512,342.564853282,166.717152282,165.625595196,6,21,397.96,50.9788809524
NEMO,ARXIV,377,8,4,9,5,5,1,512,342.564853282,166.717152282,165.625595196,6,21,598.2,30.1114765882
NEMO,ARXIV,111,8,4,3,13,3,1,384,378.734860002,166.702329771,161.209360956,14,29,358.68,61.242211619
NEMO,ARXIV,438,8,4,5,9,3,3,256,336.195721771,166.640217757,164.015503092,10,30,446.13,42.8663270769
NEMO,ARXIV,439,8,4,5,9,5,1,256,336.195721771,166.570584488,164.015503092,10,30,471.22,31.2125322988
NEMO,ARXIV,441,8,6,5,9,3,1,256,336.195721771,166.570584488,164.015503092,10,30,446.02,34.09253248
NEMO,ARXIV,414,4,6,3,11,3,1,640,338.243839121,166.52481737,162.101489015,12,42,333.86,36.2764865455
NEMO,ARXIV,251,16,6,11,3,3,1,640,355.348033035,166.408836747,128.280308203,3,2,243.16,37.1788304828
NEMO,ARXIV,317,32,4,11,3,5,1,384,347.599013364,166.229178109,125.726441507,3,2,139.44,24.6549960952
NEMO,ARXIV,151,16,6,13,1,3,1,640,372.084023514,165.911103437,134.91675234,1,0,232.74,36.9677932101
NEMO,ARXIV,813,4,8,7,7,1,1,512,312.707535548,165.763151463,163.214223171,4,23,174.32,49.3191316
NEMO,ARXIV,204,32,4,13,1,3,3,384,363.028515918,165.731982163,132.189988812,3,2,40.85,6.9432208
NEMO,ARXIV,205,32,4,13,1,5,1,384,363.028515918,165.731982163,132.355720794,1,0,112.15,24.5088532381
NEMO,ARXIV,129,8,4,7,9,1,3,512,376.076367777,165.334513306,161.113825907,16,17,68.05,69.331913
NEMO,ARXIV,1483,4,6,7,3,1,7,512,285.037852274,164.982589502,164.24025564,11,33,173.8,47.3558964
NEMO,ARXIV,1487,4,8,7,3,1,5,512,285.037852274,164.982589502,164.24025564,11,33,177.97,53.4738470909
NEMO,ARXIV,1490,4,10,7,3,1,3,512,285.037852274,164.982589502,164.24025564,11,33,173.52,44.7499064615
NEMO,ARXIV,1484,4,6,7,3,3,5,512,285.037852274,164.871226935,164.425826618,7,33,355.25,13.8720245957
NEMO,ARXIV,1485,4,6,7,3,5,3,512,285.037852274,164.871226935,164.425826618,7,33,366.85,12.7945563333
NEMO,ARXIV,1486,4,6,7,3,7,1,512,285.037852274,164.871226935,164.425826618,7,33,370.15,12.7201896667
NEMO,ARXIV,1488,4,8,7,3,3,3,512,285.037852274,164.871226935,164.425826618,7,33,332.9,13.3924056
NEMO,ARXIV,1489,4,8,7,3,5,1,512,285.037852274,164.871226935,164.425826618,7,33,347.53,12.0964020444
NEMO,ARXIV,1491,4,10,7,3,3,1,512,285.037852274,164.871226935,164.425826618,7,33,322.15,12.9767792821
NEMO,ARXIV,1889,8,2,15,1,3,3,384,273.023049417,164.696895381,162.905335351,9,24,182.87,30.234141931
NEMO,ARXIV,1890,8,2,15,1,5,1,384,273.023049417,164.696895381,162.905335351,9,24,192.47,25.631448129
NEMO,ARXIV,1070,2,6,1,15,1,1,640,299.418045715,164.694822451,159.924085139,18,59,71.44,59.0101325333
NEMO,ARXIV,1888,8,2,15,1,1,5,384,273.023049417,164.398382369,162.540468264,13,28,81,61.8251229714
NEMO,ARXIV,1503,2,10,1,11,1,1,512,284.868094242,163.747239049,160.715305138,16,81,63.35,48.7442023529
NEMO,ARXIV,30,8,6,13,1,1,3,512,405.066582401,163.742361127,163.339566653,6,8,72.47,81.3860190769
NEMO,ARXIV,1157,8,4,11,7,1,1,256,296.856625256,163.315579181,160.913382148,2,22,101.41,44.3652965581
NEMO,ARXIV,1181,8,6,9,7,1,1,256,296.173572612,163.315579181,160.913382148,2,22,114.85,61.5675653333
NEMO,ARXIV,1495,8,2,5,11,1,5,256,284.906062634,163.015343795,160.228189535,21,35,81.19,72.940196
NEMO,ARXIV,696,16,2,11,7,1,3,384,321.023350473,162.994150794,161.089657454,8,17,44.3,5.34907422222
NEMO,ARXIV,649,4,8,5,9,1,1,384,322.54019445,162.98919012,161.417587249,8,23,213.87,43.84128704
NEMO,ARXIV,1354,4,6,9,1,3,5,512,289.332428327,162.857484809,162.783251423,7,31,152.69,16.2984037037
NEMO,ARXIV,1355,4,6,9,1,5,3,512,289.332428327,162.857484809,162.783251423,7,31,160.08,12.6921106207
NEMO,ARXIV,1356,4,6,9,1,7,1,512,289.332428327,162.857484809,162.783251423,7,31,161.77,12.0679244138
NEMO,ARXIV,1358,4,8,9,1,3,3,512,289.332428327,162.857484809,162.783251423,7,31,143.83,16.6908478261
NEMO,ARXIV,1359,4,8,9,1,5,1,512,289.332428327,162.857484809,162.783251423,7,31,151.19,12.83563632
NEMO,ARXIV,1361,4,10,9,1,3,1,512,289.332428327,162.857484809,162.783251423,7,31,143.1,14.7874173913
NEMO,ARXIV,1353,4,6,9,1,1,7,512,289.332428327,162.838945194,162.616245035,9,31,128.29,46.6668978333
NEMO,ARXIV,1357,4,8,9,1,1,5,512,289.332428327,162.838945194,162.616245035,9,31,108.08,46.1757974737
NEMO,ARXIV,1360,4,10,9,1,1,3,512,289.332428327,162.838945194,162.616245035,9,31,114.58,39.3595606316
NEMO,ARXIV,231,8,4,15,1,1,3,512,358.557097419,162.828807984,162.610496567,8,8,80.43,73.6747492093
NEMO,ARXIV,35,8,6,9,5,1,3,512,402.74517637,162.826412947,160.041071599,11,12,76.53,61.7738088
NEMO,ARXIV,230,16,4,11,5,1,3,512,359.011612034,162.735619275,159.63834234,7,26,44.66,8.14292155556
NEMO,ARXIV,1496,8,2,5,11,3,3,256,284.906062634,162.650359309,160.46045239,12,32,335.39,33.7895245
NEMO,ARXIV,1252,2,8,3,11,1,1,640,293.55862993,162.546219995,159.176330261,13,51,306.36,17.5897505806
NEMO,ARXIV,927,8,2,5,13,1,3,384,305.786153161,162.298791817,158.782025832,19,39,92.48,70.860692
NEMO,ARXIV,1783,4,4,17,1,1,1,256,275.581152183,162.252575814,162.085349048,12,13,59.22,30.4142425517
NEMO,ARXIV,1497,8,2,5,11,5,1,256,284.906062634,162.247549829,160.269886882,12,32,351.77,24.0611021667
NEMO,ARXIV,20,8,6,11,3,1,3,512,411.003528033,161.781909941,160.68278013,8,10,104.93,81.3860190769
NEMO,ARXIV,1216,4,4,1,17,1,1,384,295.023193141,161.773281014,157.382557163,16,31,78.37,43.6530173333
NEMO,ARXIV,993,8,4,11,1,3,5,256,302.402524514,161.516522416,161.458195424,7,14,121.13,24.669500177
NEMO,ARXIV,994,8,4,11,1,5,3,256,302.402524514,161.516522416,161.458195424,7,14,123.03,19.3217638938
NEMO,ARXIV,995,8,4,11,1,7,1,256,302.402524514,161.516522416,161.458195424,7,14,124.38,20.450539438
NEMO,ARXIV,997,8,6,11,1,3,3,256,302.402524514,161.516522416,161.458195424,7,14,134.63,22.5578303529
NEMO,ARXIV,998,8,6,11,1,5,1,256,302.402524514,161.516522416,161.458195424,7,14,138.57,19.2583975798
NEMO,ARXIV,1000,8,8,11,1,3,1,256,302.402524514,161.516522416,161.458195424,7,14,139.13,24.3959773578
NEMO,ARXIV,992,8,4,11,1,1,7,256,302.402524514,161.458204432,161.224896462,10,17,81.24,44.3652965581
NEMO,ARXIV,996,8,6,11,1,1,5,256,302.402524514,161.458204432,161.224896462,10,17,79.5,54.2669007843
NEMO,ARXIV,3,16,4,13,3,3,1,384,435.288149569,161.33651177,152.701599873,3,4,147.63,34.9934762069
NEMO,ARXIV,190,8,6,11,1,1,5,512,364.987467828,161.276619866,160.812396308,7,15,72.47,81.3860190769
NEMO,ARXIV,601,4,6,3,13,1,1,512,325.569006144,161.266224382,155.93935132,11,30,179.26,49.1620052
NEMO,ARXIV,191,8,6,11,1,3,3,512,364.987467828,161.218553105,161.102497216,4,12,222.9,34.8025095664
NEMO,ARXIV,192,8,6,11,1,5,1,512,364.987467828,161.218553105,161.102497216,4,12,235.32,24.6024014305
NEMO,ARXIV,194,8,8,11,1,3,1,512,364.987467828,161.218553105,161.102497216,4,12,211.58,36.7167436312
NEMO,ARXIV,695,4,6,11,5,1,1,512,321.037594235,161.08644813,158.908686769,2,22,221.66,39.1314749545
NEMO,ARXIV,893,4,8,9,5,1,1,512,308.195665356,161.08644813,158.908686769,2,22,171.47,49.8589016
NEMO,ARXIV,1248,8,2,7,11,3,1,512,293.737389056,160.992857843,156.958998122,11,30,300.46,27.9703062162
NEMO,ARXIV,1928,4,6,5,5,1,7,384,271.232073545,160.648026862,159.471345092,8,35,212.92,49.4814586154
NEMO,ARXIV,1932,4,8,5,5,1,5,384,271.232073545,160.648026862,159.471345092,8,35,208.16,43.84620704
NEMO,ARXIV,1935,4,10,5,5,1,3,384,271.232073545,160.648026862,159.471345092,8,35,212.41,38.0588797333
NEMO,ARXIV,1929,4,6,5,5,3,5,384,271.232073545,160.462235003,159.533275712,6,34,439.98,13.8017588679
NEMO,ARXIV,1930,4,6,5,5,5,3,384,271.232073545,160.462235003,159.533275712,6,34,436.51,14.5081872195
NEMO,ARXIV,1931,4,6,5,5,7,1,384,271.232073545,160.462235003,159.533275712,6,34,440.52,13.6344080741
NEMO,ARXIV,1933,4,8,5,5,3,3,384,271.232073545,160.462235003,159.533275712,6,34,418.36,13.6295716667
NEMO,ARXIV,1934,4,8,5,5,5,1,384,271.232073545,160.462235003,159.533275712,6,34,417.97,13.4545154167
NEMO,ARXIV,1936,4,10,5,5,3,1,384,271.232073545,160.462235003,159.533275712,6,34,411.64,12.3937441739
NEMO,ARXIV,1867,4,4,5,13,1,1,512,273.664410048,160.431784684,157.866938367,8,27,187.32,55.3427484211
NEMO,ARXIV,1869,4,4,9,9,1,1,512,273.664410048,160.431784684,158.234059156,2,22,178.31,51.522363
NEMO,ARXIV,1155,8,4,7,11,1,1,256,296.856625256,160.415055198,157.896805335,4,23,79.42,79.266428
NEMO,ARXIV,1163,8,6,7,9,1,1,256,296.856625256,160.415055198,157.896805335,4,23,81.04,72.940196
NEMO,ARXIV,1802,8,2,7,9,1,5,384,275.366219075,160.245091575,158.121761169,18,33,121.55,79.4669415
NEMO,ARXIV,1506,8,2,17,1,3,1,640,284.673335579,160.0116813,159.978517318,10,28,205.3,39.46912
NEMO,ARXIV,999,8,8,11,1,1,3,256,302.402524514,159.854288706,159.679307728,11,18,87.36,58.5054732941
NEMO,ARXIV,1803,8,2,7,9,3,3,384,275.366219075,159.846967124,158.354000432,10,30,323.19,26.268166087
NEMO,ARXIV,1222,4,4,13,5,1,1,384,295.023193141,159.793122363,158.474895286,3,19,169.82,46.2599660741
NEMO,ARXIV,1804,8,2,7,9,5,1,384,275.366219075,159.615264373,158.162001557,10,30,325.23,21.8115597546
NEMO,ARXIV,731,8,4,9,3,3,5,384,318.405224867,159.497243548,159.060361811,5,19,353.96,51.5021783955
NEMO,ARXIV,732,8,4,9,3,5,3,384,318.405224867,159.497243548,159.060361811,5,19,420.86,28.9728011429
NEMO,ARXIV,733,8,4,9,3,7,1,384,318.405224867,159.497243548,159.060361811,5,19,429.23,24.4929437241
NEMO,ARXIV,1153,8,4,3,15,1,1,256,296.856625256,159.140443879,154.380758981,11,30,66.45,65.7549256
NEMO,ARXIV,549,8,4,11,3,1,5,640,329.123545317,159.100739968,152.338206378,7,20,31.89,61.9982138182
NEMO,ARXIV,237,8,4,1,15,1,3,256,358.292637479,159.057708724,151.47519969,20,31,10.66,93.057012
NEMO,ARXIV,730,8,4,9,3,1,7,384,318.405224867,159.042178897,158.168415423,7,21,15.53,85.742238
NEMO,ARXIV,78,8,6,7,7,1,3,512,387.729663746,158.880512704,154.238277125,12,13,105.83,76.2961126667
NEMO,ARXIV,550,8,4,11,3,3,3,640,329.123545317,158.864410277,152.610884591,4,17,226.29,45.447867236
NEMO,ARXIV,551,8,4,11,3,5,1,640,329.123545317,158.864410277,152.610884591,4,17,400.12,33.9449214603
NEMO,ARXIV,1841,8,2,11,7,1,3,512,274.336643385,158.81033588,157.999273761,9,15,84.84,57.619937
NEMO,ARXIV,640,8,4,11,1,3,5,384,323.008958027,158.57670438,158.503890757,6,13,175.51,31.7188557519
NEMO,ARXIV,641,8,4,11,1,5,3,384,323.008958027,158.57670438,158.503890757,6,13,186.74,24.3104134015
NEMO,ARXIV,642,8,4,11,1,7,1,384,323.008958027,158.57670438,158.503890757,6,13,187.35,23.8222309197
NEMO,ARXIV,639,8,4,11,1,1,7,384,323.008958027,158.558521466,158.267266975,9,16,35.46,80.7600580952
NEMO,ARXIV,451,8,4,13,1,3,3,640,335.241119566,158.548732403,152.949645451,5,11,185.85,34.3899036589
NEMO,ARXIV,452,8,4,13,1,5,1,640,335.241119566,158.548732403,152.949645451,5,11,203.68,27.3019763586
NEMO,ARXIV,450,8,4,13,1,1,5,640,335.241119566,158.276072563,152.604270197,9,15,29.22,61.9982138182
NEMO,ARXIV,79,8,6,7,7,3,1,512,387.729663746,158.184177367,154.934612462,8,17,411.78,45.7087345455
NEMO,ARXIV,1996,8,2,13,5,1,3,512,269.378418441,157.903559376,157.291528506,7,13,84.84,57.619937
NEMO,ARXIV,1766,4,6,1,15,1,1,256,276.381521136,157.68907178,154.982981993,18,33,75.88,55.0721108
NEMO,ARXIV,238,8,4,1,15,3,1,256,358.292637479,156.971038878,151.650180668,16,29,58.2,57.767801
NEMO,ARXIV,198,8,4,5,11,3,1,512,364.380212867,156.938889498,152.599680635,12,27,381.72,56.8508432381
NEMO,ARXIV,612,8,6,7,9,1,1,384,324.971562959,156.822591545,153.090621679,5,24,58.15,72.9506333333
NEMO,ARXIV,623,8,6,9,7,1,1,384,324.369422821,156.734351755,153.090621679,2,22,18.53,77.845732
NEMO,ARXIV,220,16,2,15,3,3,1,384,360.656959377,156.242970048,152.766176637,7,10,348.3,50.2882435824
NEMO,ARXIV,864,8,2,1,17,1,3,256,310.315791891,156.21117619,150.670048078,25,40,36.92,61.856488
NEMO,ARXIV,1575,8,2,9,9,3,1,640,282.10376882,156.152695773,152.511187431,9,24,247.17,34.7665938644
NEMO,ARXIV,1090,2,8,1,13,1,1,640,298.642557541,156.095641356,152.214652189,18,69,48.77,57.2348385714
NEMO,ARXIV,486,4,6,1,15,1,1,384,333.201595158,156.078290517,151.173907943,17,28,129.53,50.3005236923
NEMO,ARXIV,1765,4,4,15,3,1,1,256,276.381521136,155.985919972,155.652364904,10,13,163.9,34.6360841509
NEMO,ARXIV,326,8,6,7,5,1,5,384,347.327040676,155.958918969,153.729549711,8,14,58.15,72.9506333333
NEMO,ARXIV,329,8,8,7,5,1,3,384,347.327040676,155.958918969,153.729549711,8,14,100.26,84.6587186667
NEMO,ARXIV,774,4,6,3,9,1,5,512,315.82455647,155.815877707,152.178441782,17,35,179.74,49.1649352
NEMO,ARXIV,777,4,8,3,9,1,3,512,315.82455647,155.815877707,152.178441782,17,35,197.83,51.5406012727
NEMO,ARXIV,1906,4,4,3,9,3,5,384,272.495574533,155.679240311,153.587402205,10,47,369.48,32.3541855385
NEMO,ARXIV,1907,4,4,3,9,5,3,384,272.495574533,155.679240311,153.587402205,10,47,374.6,32.9254618882
NEMO,ARXIV,1908,4,4,3,9,7,1,384,272.495574533,155.623417744,153.587402205,10,47,374.65,31.147444908
NEMO,ARXIV,1974,4,8,3,11,1,1,256,270.094532136,155.603755764,153.622912472,13,28,267.15,31.2915605882
NEMO,ARXIV,775,4,6,3,9,3,3,512,315.82455647,155.444710776,152.104208395,10,33,338.54,34.5976345882
NEMO,ARXIV,1133,8,4,7,5,1,7,256,297.322890131,155.383108192,154.041587363,10,21,79.5,79.266428
NEMO,ARXIV,1137,8,6,7,5,1,5,256,297.322890131,155.383108192,154.041587363,10,21,81.19,72.940196
NEMO,ARXIV,1140,8,8,7,5,1,3,256,297.322890131,155.383108192,154.041587363,10,21,123.1,62.8918851429
NEMO,ARXIV,327,8,6,7,5,3,3,384,347.327040676,155.37734438,153.923407908,6,12,461.64,40.78334096
NEMO,ARXIV,328,8,6,7,5,5,1,384,347.327040676,155.37734438,153.923407908,6,12,570.89,25.498057
NEMO,ARXIV,330,8,8,7,5,3,1,384,347.327040676,155.37734438,153.923407908,6,12,458.39,32.288992
NEMO,ARXIV,776,4,6,3,9,5,1,512,315.82455647,155.356169421,152.104208395,10,33,355.19,32.9871270857
NEMO,ARXIV,778,4,8,3,9,3,1,512,315.82455647,155.356169421,152.104208395,10,33,357.07,29.0533568649
NEMO,ARXIV,10,16,6,13,1,3,1,384,423.05275226,155.31036474,142.287382053,2,2,186.28,35.0020677308
NEMO,ARXIV,1134,8,4,7,5,3,5,256,297.322890131,155.149800222,154.274895333,6,19,386.92,41.9355736296
NEMO,ARXIV,1135,8,4,7,5,5,3,256,297.322890131,155.149800222,154.274895333,6,19,439.98,25.2157945333
NEMO,ARXIV,1136,8,4,7,5,7,1,256,297.322890131,155.149800222,154.274895333,6,19,434.46,24.0186806897
NEMO,ARXIV,1138,8,6,7,5,3,3,256,297.322890131,155.149800222,154.274895333,6,19,383.72,34.1073477037
NEMO,ARXIV,1139,8,6,7,5,5,1,256,297.322890131,155.149800222,154.274895333,6,19,429.07,23.4388772414
NEMO,ARXIV,1141,8,8,7,5,3,1,256,297.322890131,155.149800222,154.274895333,6,19,385.76,26.74918048
NEMO,ARXIV,1905,4,4,3,9,1,7,384,272.495574533,154.935475651,152.657696381,14,48,188.17,50.3723222609
NEMO,ARXIV,197,8,4,5,11,1,3,512,364.380212867,154.928335752,149.033927487,17,18,68.05,69.331913
NEMO,ARXIV,889,4,4,1,15,1,3,640,308.456144316,154.923339738,148.884348983,22,57,19.61,72.384262
NEMO,ARXIV,331,8,4,5,9,1,5,384,347.112839225,154.801762146,150.724199267,13,29,34.73,83.545418
NEMO,ARXIV,650,4,6,13,3,1,1,384,322.534964469,154.670852334,153.928950758,5,17,221.54,36.1295511429
NEMO,ARXIV,919,4,8,11,3,1,1,384,305.875433458,154.670852334,153.928950758,5,17,179.74,42.3288517959
NEMO,ARXIV,1414,4,10,9,3,1,1,384,286.522465968,154.670852334,153.928950758,5,17,209.64,33.0831664
NEMO,ARXIV,865,8,2,1,17,3,1,256,310.315791891,154.615502829,151.064922591,18,36,45.69,59.3184146667
NEMO,ARXIV,910,4,6,5,7,1,5,640,306.604463941,154.311714943,151.640935261,14,33,137.62,59.0876815556
NEMO,ARXIV,913,4,8,5,7,1,3,640,306.604463941,154.311714943,151.640935261,14,33,165.2,52.9697650526
NEMO,ARXIV,332,8,4,5,9,3,3,384,347.112839225,154.219253163,150.942640136,10,27,454,49.7945914256
NEMO,ARXIV,333,8,4,5,9,5,1,384,347.112839225,154.132817367,150.942640136,10,27,545.59,35.7056985316
NEMO,ARXIV,1162,8,6,5,11,1,1,256,296.856625256,153.855300109,150.647831457,8,27,81.04,72.940196
NEMO,ARXIV,911,4,6,5,7,3,3,640,306.604463941,153.792396672,151.715123586,8,31,494.26,20.4505309645
NEMO,ARXIV,912,4,6,5,7,5,1,640,306.604463941,153.792396672,151.715123586,8,31,495.57,19.9841974545
NEMO,ARXIV,914,4,8,5,7,3,1,640,306.604463941,153.792396672,151.715123586,8,31,494.85,18.4643972593
NEMO,ARXIV,1254,4,10,7,5,1,1,384,293.314219276,153.711797483,152.846034668,6,18,220.07,37.5603897333
NEMO,ARXIV,244,16,2,13,5,3,1,384,357.314915039,153.48434078,149.43673054,6,9,348.3,50.2882435824
NEMO,ARXIV,1868,4,4,7,11,1,1,512,273.664410048,153.456489697,151.25876417,4,23,179.12,55.8383274
NEMO,ARXIV,890,4,4,1,15,3,1,640,308.456144316,153.35366557,149.116617859,16,55,35.95,52.419855
NEMO,ARXIV,576,4,8,3,11,1,1,384,327.591242743,153.068090726,149.749503695,13,24,223.15,44.9305023077
NEMO,ARXIV,1870,4,4,11,7,1,1,512,273.664410048,152.891033247,150.543304315,2,22,163.89,47.6302887692
NEMO,ARXIV,1010,8,2,3,15,1,3,384,301.409074136,152.878697199,148.399797124,23,38,111.93,77.0727348571
NEMO,ARXIV,1011,8,2,3,15,3,1,384,301.409074136,152.852589847,149.826409741,16,34,294.62,39.1227144774
NEMO,ARXIV,1294,16,2,13,5,1,3,512,291.633317756,152.775930428,151.191168937,4,20,44.37,1.13986352941
NEMO,ARXIV,1939,2,10,3,9,1,1,640,271.006136373,152.640853501,149.971387556,13,73,296.15,15.3459133333
NEMO,ARXIV,1657,8,2,9,9,1,3,512,279.14813409,152.610604632,151.058081019,13,21,76.82,62.454743
NEMO,ARXIV,300,8,4,7,9,3,1,640,349.864043276,152.543822831,143.61294453,9,25,297.11,53.4985157647
NEMO,ARXIV,1866,4,4,3,15,1,1,512,273.664410048,152.166057343,147.940903749,11,30,176.26,58.0877122
NEMO,ARXIV,193,8,8,11,1,1,3,512,364.987467828,151.820122152,151.471954483,8,14,81.3,71.048340878
NEMO,ARXIV,18,16,4,9,7,3,1,256,411.952477577,151.639939262,142.891481227,7,12,291.35,49.7648435
NEMO,ARXIV,25,16,6,11,3,3,1,384,408.659179398,151.461078978,136.777007688,3,2,107.97,27.8708835
NEMO,ARXIV,206,16,2,17,1,3,1,384,362.746961503,151.355919509,148.190480732,7,8,196.49,39.8014831287
NEMO,ARXIV,142,8,6,9,5,3,1,640,373.368077613,151.038438999,149.251652185,6,17,352.11,55.5342044211
NEMO,ARXIV,11,16,4,11,5,3,1,384,422.949274491,149.861168327,139.97646655,5,5,254.84,46.2123157355
NEMO,ARXIV,1209,16,2,11,7,1,3,512,295.332996611,149.455842296,147.559822543,7,22,44.37,1.13986352941
NEMO,ARXIV,169,16,2,9,9,3,1,256,367.250754171,149.315270708,143.926816133,9,17,299.19,51.9756617778
NEMO,ARXIV,263,8,6,9,3,1,5,512,353.728351372,149.131817988,147.684520508,10,18,76.53,61.7738088
NEMO,ARXIV,795,32,4,11,3,3,3,512,314.389167444,149.053350365,107.732927711,5,4,42.41,8.1567008
NEMO,ARXIV,1339,8,2,5,13,3,1,512,290.143423534,149.046507576,144.355764861,13,32,254.67,32.8680994483
NEMO,ARXIV,266,8,8,9,3,1,3,512,353.728351372,149.015762098,147.623091424,7,17,203.51,62.7470004444
NEMO,ARXIV,1529,8,2,7,11,1,3,512,283.819309282,148.764746321,146.283410213,16,22,41.79,53.342368
NEMO,ARXIV,589,8,4,3,11,1,5,256,326.480562184,148.558850062,144.242652612,17,25,66.57,65.7549256
NEMO,ARXIV,592,8,6,3,11,1,3,256,326.480562184,148.558850062,144.242652612,17,25,81.24,53.178895
NEMO,ARXIV,264,8,6,9,3,3,3,512,353.728351372,148.55153854,147.800576398,4,15,390.29,44.1004436667
NEMO,ARXIV,265,8,6,9,3,5,1,512,353.728351372,148.55153854,147.800576398,4,15,431.5,28.0153208
NEMO,ARXIV,267,8,8,9,3,3,1,512,353.728351372,148.55153854,147.800576398,4,15,374.74,34.8441161739
NEMO,ARXIV,955,4,6,9,7,1,1,640,304.424600203,148.525025633,144.721593329,2,22,126.56,62.6870165
NEMO,ARXIV,796,32,4,11,3,5,1,512,314.389167444,148.461281446,107.732927711,3,2,131.86,51.2383568571
NEMO,ARXIV,202,8,4,1,15,1,3,384,363.150947806,148.175722468,138.7099515,19,34,10.06,95.062116
NEMO,ARXIV,590,8,4,3,11,3,3,256,326.480562184,148.150561114,144.300979605,12,23,386.91,51.577337
NEMO,ARXIV,536,32,4,13,1,5,1,512,329.707873157,148.017229757,114.39370305,1,0,111.94,51.194861619
NEMO,ARXIV,1781,4,8,1,13,1,1,256,275.584489658,147.861165652,145.333908373,18,30,68.98,48.048564
NEMO,ARXIV,756,4,8,5,9,1,1,512,316.983965782,147.858597411,145.249743702,8,27,172.91,48.0711464
NEMO,ARXIV,1014,4,6,1,11,1,5,384,301.170787049,147.828388635,143.555175893,15,40,129.88,50.3060390769
NEMO,ARXIV,1017,4,8,1,11,1,3,384,301.170787049,147.828388635,143.555175893,15,40,84.06,54.5235791111
NEMO,ARXIV,591,8,4,3,11,5,1,256,326.480562184,147.777986606,144.300979605,12,23,391.4,52.1405893333
NEMO,ARXIV,593,8,6,3,11,3,1,256,326.480562184,147.777986606,144.300979605,12,23,394.28,43.4170732174
NEMO,ARXIV,1015,4,6,1,11,3,3,384,301.170787049,147.704527396,143.617106512,12,39,92.94,53.8854946667
NEMO,ARXIV,1043,8,4,7,11,1,1,384,300.796241053,147.378661365,143.365353711,5,24,18.16,96.383118
NEMO,ARXIV,1044,8,4,9,9,1,1,384,300.796241053,147.378661365,143.365353711,2,22,15.53,85.742238
NEMO,ARXIV,1016,4,6,1,11,5,1,384,301.170787049,147.308543117,143.617106512,12,39,92.77,53.8854946667
NEMO,ARXIV,1018,4,8,1,11,3,1,384,301.170787049,147.308543117,143.617106512,12,39,84.42,56.531972
NEMO,ARXIV,1340,4,4,1,13,1,5,512,290.140025558,147.128574851,142.6208453,23,52,31.9,80.129866
NEMO,ARXIV,1341,4,4,1,13,3,3,512,290.140025558,147.035631974,142.806731054,14,50,19.37,84.782412
NEMO,ARXIV,430,16,2,13,3,1,5,256,337.094631234,146.704356903,142.65592861,10,13,117.27,58.011456303
NEMO,ARXIV,431,16,2,13,3,3,3,256,337.094631234,146.600481986,143.019180034,6,9,342.02,32.6859760656
NEMO,ARXIV,432,16,2,13,3,5,1,256,337.094631234,146.600481986,143.019180034,6,9,420.85,29.3442382186
NEMO,ARXIV,189,8,6,3,11,3,1,384,365.583627718,146.425110116,140.644121457,12,18,378.61,55.3892822857
NEMO,ARXIV,1342,4,4,1,13,5,1,512,290.140025558,146.306005349,142.802080334,14,50,19.37,84.782412
NEMO,ARXIV,1223,4,4,15,3,1,1,384,295.023193141,146.217510175,145.760757569,7,16,160.56,45.3880962469
NEMO,ARXIV,211,16,4,9,7,1,3,512,362.159505352,146.166999739,141.367467372,10,25,42.1,0.166164
NEMO,ARXIV,1601,8,2,3,13,3,3,256,281.361622652,146.060155381,143.040738266,14,36,298.38,43.5028896364
NEMO,ARXIV,23,16,4,9,7,3,1,384,409.044775559,145.998181426,134.181986198,7,7,250.94,38.4487102667
NEMO,ARXIV,611,8,6,5,11,1,1,384,324.971562959,145.763985045,141.749917192,8,27,77.69,80.3764872
NEMO,ARXIV,1600,8,2,3,13,1,5,256,281.361622652,145.728351302,142.310769293,19,38,81.24,53.178895
NEMO,ARXIV,1042,8,4,5,13,1,1,384,300.796241053,145.651567677,141.062562127,8,27,34.71,83.545418
NEMO,ARXIV,466,8,4,7,7,1,5,512,333.610413707,145.613715284,142.630125915,14,27,68.05,69.331913
NEMO,ARXIV,1602,8,2,3,13,5,1,256,281.361622652,145.542706976,143.040738266,14,36,307.98,38.8694527273
NEMO,ARXIV,1894,8,2,5,11,1,5,384,272.781639921,145.448132808,142.760792763,22,39,92.48,70.860692
NEMO,ARXIV,203,8,4,1,15,3,1,384,363.150947806,145.42712973,138.782765123,16,32,55.28,67.2416696
NEMO,ARXIV,1544,8,8,7,7,1,1,256,283.360121346,145.292538478,142.598706483,4,23,122.76,62.8918851429
NEMO,ARXIV,1895,8,2,5,11,3,3,384,272.781639921,145.182716507,142.993032026,12,36,308.16,29.1878503846
NEMO,ARXIV,1821,4,6,9,1,1,7,640,274.876646961,145.181301971,144.958736997,8,34,96.73,64.6503245714
NEMO,ARXIV,1825,4,8,9,1,1,5,640,274.876646961,145.181301971,144.958736997,8,34,107.67,49.079701913
NEMO,ARXIV,1828,4,10,9,1,1,3,640,274.876646961,145.181301971,144.958736997,8,34,96.63,54.6079844444
NEMO,ARXIV,1612,4,4,3,11,1,5,640,280.598532647,145.168046981,141.730467628,20,52,143.52,52.0819106667
NEMO,ARXIV,1822,4,6,9,1,3,5,640,274.876646961,145.162751097,145.088562772,6,32,145.58,17.5781689231
NEMO,ARXIV,1823,4,6,9,1,5,3,640,274.876646961,145.162751097,145.088562772,6,32,156.1,13.8638901429
NEMO,ARXIV,1824,4,6,9,1,7,1,640,274.876646961,145.162751097,145.088562772,6,32,158.87,13.4720011034
NEMO,ARXIV,1826,4,8,9,1,3,3,640,274.876646961,145.162751097,145.088562772,6,32,142.41,18.7908203333
NEMO,ARXIV,1827,4,8,9,1,5,1,640,274.876646961,145.162751097,145.088562772,6,32,149.38,13.9331995
NEMO,ARXIV,1829,4,10,9,1,3,1,640,274.876646961,145.162751097,145.088562772,6,32,133.43,17.5278410435
NEMO,ARXIV,600,4,6,1,15,1,1,512,325.569006144,145.069038213,138.420272168,14,33,15.02,73.6373
NEMO,ARXIV,1152,8,4,1,17,1,1,256,296.856625256,145.008352264,139.449048885,15,34,10.66,93.057012
NEMO,ARXIV,1613,4,4,3,11,3,3,640,280.598532647,144.982231881,141.916282728,12,50,323.91,41.1400364848
NEMO,ARXIV,1896,8,2,5,11,5,1,384,272.781639921,144.9298047,142.952236121,12,36,320.36,21.6600949302
NEMO,ARXIV,467,8,4,7,7,3,3,512,333.610413707,144.813240088,142.77566686,8,24,425.83,53.6211381017
NEMO,ARXIV,468,8,4,7,7,5,1,512,333.610413707,144.813240088,142.77566686,8,24,606.95,30.4495171884
NEMO,ARXIV,1614,4,4,3,11,5,1,640,280.598532647,144.680571986,141.911695279,12,50,311.23,42.6686578182
NEMO,ARXIV,42,16,4,13,3,3,1,512,400.903592812,144.351260612,134.705146499,3,3,220,41.1350885517
NEMO,ARXIV,155,8,6,5,9,1,3,512,370.752199075,144.02535885,137.355546344,12,21,105.83,76.2961126667
NEMO,ARXIV,88,16,4,13,1,3,3,256,385.012969251,143.956851448,137.486637693,3,2,194.48,29.8142412288
NEMO,ARXIV,89,16,4,13,1,5,1,256,385.012969251,143.956851448,137.486637693,3,2,208.6,27.6854118703
NEMO,ARXIV,90,16,6,13,1,3,1,256,385.012969251,143.956851448,137.486637693,3,2,208.24,30.9648325988
NEMO,ARXIV,87,16,4,13,1,1,5,256,385.012969251,143.820170774,137.167697478,7,6,92.02,55.1518335294
NEMO,ARXIV,678,4,6,1,13,1,3,640,321.524165972,143.776972865,136.58070539,20,40,67.32,58.1186371429
NEMO,ARXIV,242,8,6,7,7,1,3,640,357.654887845,143.619820352,138.93513563,12,17,43.33,78.541976
NEMO,ARXIV,141,8,6,9,5,1,3,640,373.368077613,143.503904436,140.673874376,11,15,68.36,86.8859648
NEMO,ARXIV,124,16,4,11,3,1,5,256,377.028556734,143.256000312,135.41883999,6,14,123.97,42.8033178868
NEMO,ARXIV,374,16,2,9,9,1,3,256,342.590027404,143.03501656,140.451632213,11,14,64.33,45.392892
NEMO,ARXIV,1665,8,2,7,11,3,1,640,278.71877334,142.915970953,138.617712652,11,32,260.72,34.1802995738
NEMO,ARXIV,156,8,6,5,9,3,1,512,370.752199075,142.905734529,137.819769902,10,19,402.12,49.4741958758
NEMO,ARXIV,1158,8,4,13,5,1,1,256,296.856625256,142.901131783,141.198858662,2,22,101.41,44.3652965581
NEMO,ARXIV,1279,8,6,11,5,1,1,256,292.10206972,142.901131783,141.198858662,2,22,99.37,45.6894171556
NEMO,ARXIV,1666,8,8,9,5,1,1,256,278.656590374,142.901131783,141.198858662,2,22,119.27,65.9625342857
NEMO,ARXIV,125,16,4,11,3,3,3,256,377.028556734,142.800351456,135.601099532,3,11,246.88,23.8694640381
NEMO,ARXIV,126,16,4,11,3,5,1,256,377.028556734,142.800351456,135.601099532,3,11,359.92,31.6278502919
NEMO,ARXIV,127,16,6,11,3,3,1,256,377.028556734,142.800351456,135.601099532,3,11,296.33,33.3999654519
NEMO,ARXIV,843,8,4,7,5,1,7,384,311.285552704,142.641887133,140.967173808,9,24,18.2,96.383118
NEMO,ARXIV,95,8,6,11,3,1,3,640,383.752480906,142.460661189,141.369369874,8,9,104.07,61.2285692222
NEMO,ARXIV,209,32,4,11,3,3,3,256,362.176410811,142.334591929,125.662826182,5,4,35.36,7.0398884
NEMO,ARXIV,679,4,6,1,13,3,1,640,321.524165972,142.325438028,136.729082039,14,38,68.03,47.8804337143
NEMO,ARXIV,1264,4,10,7,5,1,1,512,293.042889824,142.305401412,140.498806983,4,23,187.62,44.8619526154
NEMO,ARXIV,410,16,2,15,1,3,3,256,338.698018407,142.212872509,138.994891045,7,12,206.19,35.4704424322
NEMO,ARXIV,411,16,2,15,1,5,1,256,338.698018407,142.212872509,138.994891045,7,12,214.97,27.9373469071
NEMO,ARXIV,844,8,4,7,5,3,5,384,311.285552704,142.205005396,141.112801053,6,22,438.05,46.80456096
NEMO,ARXIV,845,8,4,7,5,5,3,384,311.285552704,142.205005396,141.112801053,6,22,562.48,26.9255231128
NEMO,ARXIV,846,8,4,7,5,7,1,384,311.285552704,142.205005396,141.112801053,6,22,573.45,25.1559222353
NEMO,ARXIV,154,16,6,9,5,3,1,512,370.771498305,142.164615099,139.188486771,6,14,298.5,54.3061971429
NEMO,ARXIV,1686,4,6,5,5,1,7,512,277.453011208,142.082701254,140.672266915,8,29,170.82,47.8984266667
NEMO,ARXIV,1690,4,8,5,5,1,5,512,277.453011208,142.082701254,140.672266915,8,29,173.03,48.0638464
NEMO,ARXIV,1693,4,10,5,5,1,3,512,277.453011208,142.082701254,140.672266915,8,29,187.51,44.5331274545
NEMO,ARXIV,112,16,4,11,3,1,5,384,378.681176004,142.021577263,131.227937391,6,6,106.64,29.3110267429
NEMO,ARXIV,294,8,4,3,13,1,3,512,350.930853678,141.975191664,134.479833006,17,32,49.87,86.946313
NEMO,ARXIV,1687,4,6,5,5,3,5,512,277.453011208,141.934234481,140.820733688,6,28,481.31,16.2318784151
NEMO,ARXIV,1688,4,6,5,5,5,3,512,277.453011208,141.934234481,140.820733688,6,28,477.8,15.784679311
NEMO,ARXIV,1689,4,6,5,5,7,1,512,277.453011208,141.934234481,140.820733688,6,28,458.12,17.1542953131
NEMO,ARXIV,1691,4,8,5,5,3,3,512,277.453011208,141.934234481,140.820733688,6,28,434.09,17.0980198135
NEMO,ARXIV,1692,4,8,5,5,5,1,512,277.453011208,141.934234481,140.820733688,6,28,434.2,16.8395609946
NEMO,ARXIV,1694,4,10,5,5,3,1,512,277.453011208,141.934234481,140.820733688,6,28,445.79,14.11966432
NEMO,ARXIV,210,32,4,11,3,5,1,256,362.176410811,141.910134895,125.672898769,3,2,172.73,48.6811457297
NEMO,ARXIV,409,16,2,15,1,1,5,256,338.698018407,141.784863288,138.46307597,11,16,74.26,28.0552826667
NEMO,ARXIV,1364,8,2,5,13,1,3,512,288.356218693,141.71472452,138.234954917,19,30,41.79,53.342368
NEMO,ARXIV,131,32,4,13,1,3,3,256,375.566366539,141.485677861,127.077682961,3,2,25.27,7.0236584
NEMO,ARXIV,132,32,4,13,1,5,1,256,375.566366539,141.485677861,127.077682961,1,0,169.97,52.1073052453
NEMO,ARXIV,113,16,4,11,3,3,3,384,378.681176004,141.453490954,131.455171914,3,3,205.8,57.6485680444
NEMO,ARXIV,114,16,4,11,3,5,1,384,378.681176004,141.453490954,131.455171914,3,3,294.85,25.1634942593
NEMO,ARXIV,570,16,2,15,3,1,3,256,328.089519015,141.383572717,140.763049775,4,8,117.27,58.011456303
NEMO,ARXIV,1161,8,6,3,13,1,1,256,296.856625256,141.292384155,137.115969182,11,30,80.99,53.178895
NEMO,ARXIV,1998,4,6,7,3,1,7,640,269.176453712,141.235852081,140.493968836,9,26,137.34,59.0274426667
NEMO,ARXIV,2002,4,8,7,3,1,5,640,269.176453712,141.235852081,140.493968836,9,26,157.22,53.8618591111
NEMO,ARXIV,2005,4,10,7,3,1,3,640,269.176453712,141.235852081,140.493968836,9,26,125.93,52.3846842
NEMO,ARXIV,1999,4,6,7,3,3,5,640,269.176453712,140.957649657,140.51251971,5,24,337.43,16.3679469524
NEMO,ARXIV,2000,4,6,7,3,5,3,640,269.176453712,140.957649657,140.51251971,5,24,363.47,14.2520866667
NEMO,ARXIV,2001,4,6,7,3,7,1,640,269.176453712,140.957649657,140.51251971,5,24,344.18,15.0115980347
NEMO,ARXIV,2003,4,8,7,3,3,3,640,269.176453712,140.957649657,140.51251971,5,24,327.02,15.4625067692
NEMO,ARXIV,2004,4,8,7,3,5,1,640,269.176453712,140.957649657,140.51251971,5,24,339.93,13.1475023415
NEMO,ARXIV,2006,4,10,7,3,3,1,640,269.176453712,140.957649657,140.51251971,5,24,309.99,14.9427916757
NEMO,ARXIV,743,4,6,15,1,1,1,384,317.243697798,140.869354239,140.406978163,9,11,99.3,28.4172472105
NEMO,ARXIV,1066,4,8,13,1,1,1,384,299.752203808,140.869354239,140.406978163,9,11,101.24,36.0065670769
NEMO,ARXIV,1045,8,4,11,7,1,1,384,300.796241053,140.675919316,137.326039678,2,22,45.99,82.4270295238
NEMO,ARXIV,1865,4,4,1,17,1,1,512,273.664410048,140.208945441,135.718915377,14,33,31.85,80.129866
NEMO,ARXIV,295,8,4,3,13,3,1,512,350.930853678,140.115400631,134.625373951,14,28,267.3,67.47393625
NEMO,ARXIV,948,4,6,5,11,1,1,640,305.045230529,140.053571083,136.931819257,8,27,137.43,59.0816648889
NEMO,ARXIV,19,16,4,15,1,3,1,512,411.615992289,139.691183118,130.952938568,2,1,235.02,37.6224463471
NEMO,ARXIV,299,8,4,7,9,1,3,640,349.864043276,139.540881292,135.323387225,14,15,44.42,78.4928213333
NEMO,ARXIV,691,8,4,9,5,3,3,640,321.076984394,139.468165878,138.377434653,6,22,274.47,51.2707028571
NEMO,ARXIV,692,8,4,9,5,5,1,640,321.076984394,139.468165878,138.377434653,6,22,530.26,35.2219862379
NEMO,ARXIV,496,4,8,1,13,1,1,384,332.418287163,139.431154165,135.159004601,18,26,83.92,54.5201346667
NEMO,ARXIV,115,8,6,13,1,1,3,640,378.567690343,139.12365497,138.727859153,6,8,85.85,61.2285692222
NEMO,ARXIV,534,16,4,13,3,1,3,640,329.907063176,139.035586017,136.478985238,4,24,44.43,5.69702988235
NEMO,ARXIV,1065,4,10,5,7,1,1,384,299.758558348,138.910379434,137.698159998,11,20,220.93,38.0890930667
NEMO,ARXIV,681,8,6,11,5,1,1,384,321.415484945,138.608610396,135.546454909,2,22,79.43,77.7114116842
NEMO,ARXIV,832,8,8,9,5,1,1,384,311.46434737,138.608610396,135.546454909,2,22,103.77,89.159814
NEMO,ARXIV,966,8,4,11,1,3,5,512,303.590887675,138.526797453,138.454026981,5,11,184.86,32.4865821157
NEMO,ARXIV,967,8,4,11,1,5,3,512,303.590887675,138.526797453,138.454026981,5,11,210.47,24.7456164138
NEMO,ARXIV,968,8,4,11,1,7,1,512,303.590887675,138.526797453,138.454026981,5,11,211.29,24.2432175425
NEMO,ARXIV,965,8,4,11,1,1,7,512,303.590887675,138.508627729,138.21754584,8,14,80.43,73.6747492093
NEMO,ARXIV,784,8,8,7,7,1,1,384,314.982593171,138.317823101,135.061809418,5,24,100.11,84.6587186667
NEMO,ARXIV,462,16,2,11,5,1,5,256,333.99341644,138.269397107,133.390521984,12,14,121.63,58.011456303
NEMO,ARXIV,67,16,4,13,1,3,3,384,389.635918858,138.237690861,129.261927178,2,1,195.73,42.6313850189
NEMO,ARXIV,68,16,4,13,1,5,1,384,389.635918858,138.237690861,129.261927178,2,1,281.8,34.4785736129
NEMO,ARXIV,61,16,6,9,5,3,1,384,392.528598318,138.172370155,135.870959359,6,8,94.1,53.5380753333
NEMO,ARXIV,66,16,4,13,1,1,5,384,389.635918858,138.152499065,129.06311812,6,5,106.64,29.3110267429
NEMO,ARXIV,463,16,2,11,5,3,3,256,333.99341644,137.906076619,133.753842472,5,10,340.62,30.9200927682
NEMO,ARXIV,464,16,2,11,5,5,1,256,333.99341644,137.906076619,133.753842472,5,10,456.83,30.0372823482
NEMO,ARXIV,1649,4,10,11,1,1,1,384,279.354426539,137.804047151,137.341671074,11,13,95.25,21.4239387222
NEMO,ARXIV,1316,8,4,5,7,1,7,256,291.046411383,137.768356438,135.668584705,12,17,79.5,79.266428
NEMO,ARXIV,1320,8,6,5,7,1,5,256,291.046411383,137.768356438,135.668584705,12,17,81.19,72.940196
NEMO,ARXIV,1323,8,8,5,7,1,3,256,291.046411383,137.768356438,135.668584705,12,17,123.06,62.8918851429
NEMO,ARXIV,420,8,4,15,1,1,3,640,337.649584062,137.589795582,137.371649337,7,7,29.22,61.9982138182
NEMO,ARXIV,72,16,4,11,5,3,1,512,388.779508795,137.542238885,126.534320427,5,5,257.14,52.6215130667
NEMO,ARXIV,1317,8,4,5,7,3,5,256,291.046411383,137.418394482,135.78523869,8,15,430.09,42.8260809231
NEMO,ARXIV,1318,8,4,5,7,5,3,256,291.046411383,137.418394482,135.78523869,8,15,501.87,29.2634374194
NEMO,ARXIV,1319,8,4,5,7,7,1,256,291.046411383,137.418394482,135.78523869,8,15,496.56,28.27006
NEMO,ARXIV,1321,8,6,5,7,3,3,256,291.046411383,137.418394482,135.78523869,8,15,433.42,34.03208448
NEMO,ARXIV,1322,8,6,5,7,5,1,256,291.046411383,137.418394482,135.78523869,8,15,507.03,25.6849178667
NEMO,ARXIV,1324,8,8,5,7,3,1,256,291.046411383,137.418394482,135.78523869,8,15,431.72,28.22921344
NEMO,ARXIV,949,4,6,7,9,1,1,640,305.045230529,137.244233249,133.632569087,4,23,137.45,59.0656648889
NEMO,ARXIV,383,8,6,11,1,1,5,640,341.235322683,137.124327178,136.612615444,7,16,85.85,61.2285692222
NEMO,ARXIV,1205,8,2,1,17,3,1,384,295.62319495,137.12123922,133.57075335,18,41,40.31,42.531562
NEMO,ARXIV,459,8,4,3,11,1,5,384,334.087305173,137.035238175,131.647030085,16,28,41.22,74.783068
NEMO,ARXIV,1041,8,4,3,15,1,1,384,300.796241053,136.994371654,130.7,11,29,41.15,74.783068
NEMO,ARXIV,384,8,6,11,1,3,3,640,341.235322683,136.979420611,136.815456626,4,13,198.39,37.4383187087
NEMO,ARXIV,385,8,6,11,1,5,1,640,341.235322683,136.979420611,136.815456626,4,13,228.03,28.0041091656
NEMO,ARXIV,387,8,8,11,1,3,1,640,341.235322683,136.979420611,136.815456626,4,13,198.52,37.7632160902
NEMO,ARXIV,1040,8,4,1,17,1,1,384,300.796241053,136.973938394,130.7,15,33,10.06,95.062116
NEMO,ARXIV,394,32,4,7,9,3,1,256,340.853948803,136.938052299,130.7,10,28,70.69,70.819796
NEMO,ARXIV,153,16,6,9,5,1,3,512,370.771498305,136.932668604,132.332832743,11,28,42.1,0.166164
NEMO,ARXIV,918,4,10,3,9,1,1,384,305.881475002,136.668676852,134.04425345,13,24,235.13,37.8649497333
NEMO,ARXIV,604,16,2,9,9,1,3,384,325.220475037,136.623509789,133.742342119,11,18,44.3,5.34907422222
NEMO,ARXIV,460,8,4,3,11,3,3,384,334.087305173,136.598356438,131.79265733,12,26,377.19,60.6192314545
NEMO,ARXIV,350,16,6,11,1,1,5,512,344.92261044,136.571844708,135.580247809,5,13,49.33,10.8530943158
NEMO,ARXIV,277,16,6,7,7,3,1,512,352.337098247,136.515732288,131.430773003,8,16,352.03,56.8993613333
NEMO,ARXIV,276,16,6,7,7,1,3,512,352.337098247,136.39143276,128.905005729,12,28,26.22,87.703772
NEMO,ARXIV,273,16,2,11,7,3,1,384,352.699903839,136.321437165,131.495440341,7,10,348.3,50.2882435824
NEMO,ARXIV,1094,8,4,9,3,1,7,512,298.267081448,136.298728513,135.425482844,11,21,85.24,60.1380512
NEMO,ARXIV,351,16,6,11,1,3,3,512,344.92261044,136.211020812,135.760659757,2,10,267.6,50.5631798907
NEMO,ARXIV,352,16,6,11,1,5,1,512,344.92261044,136.211020812,135.760659757,2,10,339.98,35.5660075498
NEMO,ARXIV,354,16,8,11,1,3,1,512,344.92261044,136.211020812,135.760659757,2,10,261.56,32.9583135038
NEMO,ARXIV,461,8,4,3,11,5,1,384,334.087305173,136.134230354,131.79265733,12,26,374.69,61.4172398182
NEMO,ARXIV,243,8,6,7,7,3,1,640,357.654887845,136.08528579,132.791592064,8,15,325.03,55.7990145263
NEMO,ARXIV,1095,8,4,9,3,3,5,512,298.267081448,136.025846873,135.589224038,5,18,356.36,56.5204274783
NEMO,ARXIV,1096,8,4,9,3,5,3,512,298.267081448,136.025846873,135.589224038,5,18,454.77,31.3476314667
NEMO,ARXIV,1097,8,4,9,3,7,1,512,298.267081448,136.025846873,135.589224038,5,18,463.28,27.1111514667
NEMO,ARXIV,947,4,6,3,13,1,1,640,305.045230529,135.945242122,130.7,11,29,174.03,70.3552099048
NEMO,ARXIV,109,16,6,13,1,1,3,512,379.347094594,135.850196915,135.039011965,4,14,49.33,10.8530943158
NEMO,ARXIV,433,32,4,11,5,3,1,256,336.556291076,135.826250747,130.7,2,21,35.95,7.0907884
NEMO,ARXIV,1238,4,4,17,1,1,1,384,294.244679529,135.684622897,135.557470124,8,9,96.08,28.616406093
NEMO,ARXIV,985,8,6,9,7,1,1,512,302.950586604,135.669334807,130.7,2,21,76.53,61.7738088
NEMO,ARXIV,100,16,6,11,3,1,3,512,382.681290695,135.489373019,133.59571638,7,16,49.33,10.8530943158
NEMO,ARXIV,821,16,2,15,3,1,3,384,312.117574262,135.439265703,134.520728704,4,12,44.3,5.34907422222
NEMO,ARXIV,1871,4,4,13,5,1,1,512,273.664410048,135.23188655,133.720643514,2,20,163.93,47.6286015897
NEMO,ARXIV,680,8,8,3,11,1,1,384,321.421550551,135.181334727,129.905193425,11,28,44.13,86.6483653333
NEMO,ARXIV,694,4,8,3,11,1,1,512,321.04291617,134.927680237,130.7,11,25,197.52,51.5377921818
NEMO,ARXIV,135,16,6,7,7,3,1,384,374.754235497,134.548176839,130.182455515,8,14,169.33,79.9271752
NEMO,ARXIV,1937,4,12,5,5,1,1,384,271.232073545,134.451374833,133.672669734,11,22,236.94,30.3759064
NEMO,ARXIV,60,16,6,9,5,1,3,384,392.528598318,134.246160729,130.484471625,11,22,44.68,6.19503733333
NEMO,ARXIV,734,8,8,5,9,1,1,384,318.295858633,134.132493263,130.7,8,26,108.95,74.3797786667
NEMO,ARXIV,1019,4,10,1,11,1,1,384,301.170787049,134.117321173,130.611676427,16,17,54.88,60.0705222222
NEMO,ARXIV,212,16,6,11,1,1,5,384,361.647456061,134.095152675,133.353624666,5,9,44.68,6.19503733333
NEMO,ARXIV,493,16,4,11,5,1,3,640,332.776678056,133.936481395,130.7,7,25,44.43,5.69702988235
NEMO,ARXIV,469,8,6,5,7,1,5,384,333.588705094,133.859084585,130.466566149,12,16,77.71,80.3764872
NEMO,ARXIV,472,8,8,5,7,1,3,384,333.588705094,133.859084585,130.466566149,12,16,109.13,74.3797786667
NEMO,ARXIV,213,16,6,11,1,3,3,384,361.647456061,133.793136565,133.504632721,2,6,191.82,34.3395494615
NEMO,ARXIV,214,16,6,11,1,5,1,384,361.647456061,133.793136565,133.504632721,2,6,256.74,37.8822818158
NEMO,ARXIV,216,16,8,11,1,3,1,384,361.647456061,133.793136565,133.504632721,2,6,287.99,42.2076370769
NEMO,ARXIV,223,16,2,7,11,3,1,256,360.316923891,133.73494284,127.317879543,11,15,347.99,38.9159186667
NEMO,ARXIV,470,8,6,5,7,3,3,384,333.588705094,133.471368192,130.757353443,8,14,413.97,40.5909584762
NEMO,ARXIV,471,8,6,5,7,5,1,384,333.588705094,133.471368192,130.757353443,8,14,569.72,31.324116375
NEMO,ARXIV,473,8,8,5,7,3,1,384,333.588705094,133.471368192,130.757353443,8,14,430.41,33.8062127273
NEMO,ARXIV,97,16,4,15,1,3,1,640,383.273673893,133.451552224,123.819910161,2,1,156.95,54.9247652394
NEMO,ARXIV,1251,32,2,11,7,3,1,256,293.605016565,133.436352783,130.7,2,21,9.05,15.3622365714
NEMO,ARXIV,458,32,4,13,3,3,1,256,334.201344622,133.279508545,130.7,2,21,35.43,6.3211884
NEMO,ARXIV,594,32,6,11,3,3,1,256,326.144266489,133.279508545,130.7,2,21,9.79,6.5166195
NEMO,ARXIV,1121,4,8,5,9,1,1,640,297.463162967,133.22824523,130.7,8,26,164.94,52.9646124211
NEMO,ARXIV,757,4,6,13,3,1,1,512,316.978362508,133.174694905,132.036200952,2,18,209.9,37.774224963
NEMO,ARXIV,970,4,8,11,3,1,1,512,303.428361516,133.174694905,132.036200952,2,18,148.81,44.4452388649
NEMO,ARXIV,1396,4,10,9,3,1,1,512,287.364678077,133.174694905,132.036200952,2,18,202.17,37.593802
NEMO,ARXIV,1249,4,8,7,7,1,1,640,293.692442623,133.168042463,130.7,4,22,165,52.9504650526
NEMO,ARXIV,1380,8,8,5,9,1,1,256,287.837496361,132.974236771,130.93330797,8,25,122.76,62.8918851429
NEMO,ARXIV,1033,4,6,11,5,1,1,640,301.033565022,132.79710084,130.7,2,21,165.65,43.6895610556
NEMO,ARXIV,1347,4,8,9,5,1,1,640,289.707414774,132.79710084,130.7,2,21,156.59,53.7888167059
NEMO,ARXIV,1465,8,2,3,15,3,1,512,285.29979737,132.793968725,129.768374253,16,36,278.72,34.6188057391
NEMO,ARXIV,1698,16,2,11,7,1,3,640,277.372088266,132.792441154,130.7,7,23,46.05,0.947221263158
NEMO,ARXIV,28,16,6,13,1,1,3,384,405.53833068,132.736080181,132.145560228,4,10,44.68,6.19503733333
NEMO,ARXIV,24,16,6,11,3,1,3,384,408.659179398,132.585072126,131.088503844,7,12,44.68,6.19503733333
NEMO,ARXIV,937,8,6,9,1,1,7,384,305.046327164,132.494814871,132.204027577,6,8,18.53,77.845732
NEMO,ARXIV,941,8,8,9,1,1,5,384,305.046327164,132.494814871,132.204027577,6,8,60.86,89.9825711111
NEMO,ARXIV,944,8,10,9,1,1,3,384,305.046327164,132.494814871,132.204027577,6,8,109.36,68.3492377143
NEMO,ARXIV,1846,16,2,13,5,1,3,640,274.104825832,132.481330398,130.7,4,21,46.05,0.947221263158
NEMO,ARXIV,424,8,4,5,11,3,1,640,337.23709299,132.461250566,128.124561145,12,25,233.96,67.356261
NEMO,ARXIV,1773,4,10,7,5,1,1,640,276.270762853,132.426159218,130.7,4,22,131.55,52.3782742
NEMO,ARXIV,938,8,6,9,1,3,5,384,305.046327164,132.373641395,132.276712297,4,6,213.34,44.1219781053
NEMO,ARXIV,939,8,6,9,1,5,3,384,305.046327164,132.373641395,132.276712297,4,6,241.9,26.2097044211
NEMO,ARXIV,940,8,6,9,1,7,1,384,305.046327164,132.373641395,132.276712297,4,6,242.55,22.5314728421
NEMO,ARXIV,942,8,8,9,1,3,3,384,305.046327164,132.373641395,132.276712297,4,6,213,37.1765778824
NEMO,ARXIV,943,8,8,9,1,5,1,384,305.046327164,132.373641395,132.276712297,4,6,232.21,22.6375425882
NEMO,ARXIV,945,8,10,9,1,3,1,384,305.046327164,132.373641395,132.276712297,4,6,218.18,30.312483
NEMO,ARXIV,1069,8,10,7,5,1,1,384,299.478848514,132.211289916,130.7,5,23,90.65,76.412184
NEMO,ARXIV,1046,8,4,13,5,1,1,384,300.796241053,132.156725445,130.7,2,21,45.99,82.4270295238
NEMO,ARXIV,398,8,6,7,5,1,5,512,340.05510771,132.071602233,129.347689969,8,17,105.83,76.2961126667
NEMO,ARXIV,401,8,8,7,5,1,3,512,340.05510771,132.071602233,129.347689969,8,17,116.72,68.172386
NEMO,ARXIV,494,16,6,5,9,1,3,512,332.696725543,132.061546005,121.508115857,12,24,24.86,90.223872
NEMO,ARXIV,735,8,6,13,3,1,1,384,318.289434474,132.017431719,130.7,2,21,79.02,77.7114116842
NEMO,ARXIV,900,8,8,11,3,1,1,384,307.721491886,132.017431719,130.7,2,21,117.01,59.5105953333
NEMO,ARXIV,1225,8,10,9,3,1,1,384,294.916830058,132.017431719,130.7,2,21,133.24,68.3968805714
NEMO,ARXIV,386,8,8,11,1,1,3,640,341.235322683,131.763857998,131.36806218,7,11,37.25,75.8445195789
NEMO,ARXIV,353,16,8,11,1,1,3,512,344.92261044,131.700722109,130.889537158,6,22,75.41,41.8720036471
NEMO,ARXIV,406,16,2,15,3,3,1,512,339.441071371,131.600907976,127.710179697,5,8,178.5,44.7293637612
NEMO,ARXIV,1464,8,2,3,15,1,3,512,285.29979737,131.327452369,126.84924927,22,40,16.45,50.486456
NEMO,ARXIV,1415,32,4,11,3,3,3,640,286.205949873,131.183587063,92.757053906,5,4,42.41,9.380052
NEMO,ARXIV,946,4,6,1,15,1,1,640,305.045230529,131.183203797,125.05129947,15,30,67.31,58.1186371429
NEMO,ARXIV,399,8,6,7,5,3,3,512,340.05510771,131.027099228,129.23163408,6,13,428.33,44.9825874545
NEMO,ARXIV,400,8,6,7,5,5,1,512,340.05510771,131.027099228,129.23163408,6,13,599.91,27.8563866977
NEMO,ARXIV,402,8,8,7,5,3,1,512,340.05510771,131.027099228,129.23163408,6,13,431.75,37.9096556364
NEMO,ARXIV,1260,4,6,3,9,3,3,640,293.173201214,130.942392728,127.603918126,10,35,302.52,39.3196672258
NEMO,ARXIV,1261,4,6,3,9,5,1,640,293.173201214,130.854218846,127.603918126,10,35,338.73,35.6735461176
NEMO,ARXIV,1263,4,8,3,9,3,1,640,293.173201214,130.854218846,127.603918126,10,35,320.18,33.8296907059
NEMO,ARXIV,47,16,4,7,9,3,1,256,398.894650229,130.75544673,126.761511727,10,17,371.91,67.3559803636
NEMO,ARXIV,1048,4,6,1,11,1,5,512,300.75177337,130.72499316,125.602889509,16,40,15.02,73.6373
NEMO,ARXIV,1051,4,8,1,11,1,3,512,300.75177337,130.72499316,125.602889509,16,40,35.38,85.9243016
NEMO,ARXIV,1049,4,6,1,11,3,3,512,300.75177337,130.72499316,125.825589668,12,39,40.2,76.5862062857
NEMO,ARXIV,1416,32,4,11,3,5,1,640,286.205949873,130.662500322,92.757053906,3,2,42.41,7.445832
NEMO,ARXIV,340,16,2,9,9,3,1,384,346.790532248,130.655879308,124.853208154,9,11,348.3,50.2882435824
NEMO,ARXIV,1774,8,2,1,15,1,5,256,276.17534187,130.564904912,126.251451891,22,32,36.92,61.856488
NEMO,ARXIV,981,8,6,1,15,1,1,512,302.950586604,130.494502185,120.6,14,30,28.47,71.774168
NEMO,ARXIV,646,8,4,5,9,1,5,512,322.663539175,130.477457024,126.329540097,12,22,68.05,69.331913
NEMO,ARXIV,215,16,8,11,1,1,3,384,361.647456061,130.470959359,129.880439405,6,18,49.36,2.44272236364
NEMO,ARXIV,1775,8,2,1,15,3,3,256,276.17534187,130.332642057,126.350993115,16,30,45.7,59.3184146667
NEMO,ARXIV,1005,32,4,13,1,5,1,640,301.768991445,130.271685267,99.5311815399,1,0,42.41,7.084232
NEMO,ARXIV,1050,4,6,1,11,5,1,512,300.75177337,130.250976904,125.825589668,12,39,40.2,76.5862062857
NEMO,ARXIV,1052,4,8,1,11,3,1,512,300.75177337,130.250976904,125.825589668,12,39,35.33,85.9243016
NEMO,ARXIV,797,8,4,1,13,1,5,256,314.347099325,130.127520412,124.469802133,19,24,10.66,93.057012
NEMO,ARXIV,800,8,6,1,13,1,3,256,314.347099325,130.127520412,124.469802133,19,24,36.92,61.856488
NEMO,ARXIV,1312,32,2,13,5,3,1,256,291.24310736,130.043903136,127.869534958,2,20,9.05,15.3622365714
NEMO,ARXIV,647,8,4,5,9,3,3,512,322.663539175,130.040834189,126.766162931,10,20,382.09,56.8522670476
NEMO,ARXIV,423,8,4,5,11,1,3,640,337.23709299,130.015161934,124.052497908,16,22,9,97.472164
NEMO,ARXIV,648,8,4,5,9,5,1,512,322.663539175,129.954553976,126.766162931,10,20,545.99,39.0096571034
NEMO,ARXIV,983,8,6,5,11,1,1,512,302.950586604,129.907474907,124.081676685,8,25,105.66,76.2961126667
NEMO,ARXIV,1259,4,6,3,9,1,5,640,293.173201214,129.903756185,126.268528285,12,35,175.65,70.3502337143
NEMO,ARXIV,1262,4,8,3,9,1,3,640,293.173201214,129.903756185,126.268528285,12,35,180.3,58.3394056
NEMO,ARXIV,249,16,6,5,9,3,1,384,355.422763289,129.90196456,123.236084994,10,18,16.29,97.196368
NEMO,ARXIV,557,16,6,9,3,1,5,512,328.932024735,129.896602628,127.461710145,8,17,42.1,0.166164
NEMO,ARXIV,798,8,4,1,13,3,3,256,314.347099325,129.777558456,124.469802133,14,22,58.2,57.767801
NEMO,ARXIV,1431,32,2,13,3,3,3,512,286.101722117,129.750972085,128.104253983,4,20,2.8,9.841838
NEMO,ARXIV,495,16,6,5,9,3,1,512,332.696725543,129.603965841,122.410175598,10,22,163.04,56.3397896
NEMO,ARXIV,560,16,8,9,3,1,3,512,328.932024735,129.535778732,127.100886248,7,26,42.1,0.166164
NEMO,ARXIV,2013,8,2,3,13,3,3,384,268.741599018,129.390446613,126.371336192,14,28,293.98,39.5502058442
NEMO,ARXIV,448,16,2,13,5,3,1,512,335.548746091,129.379684376,124.918315949,5,7,178.5,44.7293637612
NEMO,ARXIV,1776,8,2,1,15,5,1,256,276.17534187,129.377267588,126.350993115,16,30,45.69,59.3184146667
NEMO,ARXIV,2012,8,2,3,13,1,5,384,268.741599018,129.15820735,125.740972478,19,30,111.93,77.0727348571
NEMO,ARXIV,558,16,6,9,3,3,3,512,328.932024735,128.994542888,127.642122093,4,14,295.28,54.3061971429
NEMO,ARXIV,559,16,6,9,3,5,1,512,328.932024735,128.994542888,127.642122093,4,14,406.21,39.4695808
NEMO,ARXIV,561,16,8,9,3,3,1,512,328.932024735,128.994542888,127.642122093,4,14,253.5,44.0929866667
NEMO,ARXIV,2014,8,2,3,13,5,1,384,268.741599018,128.873210535,126.371336192,14,28,298.9,39.4266327671
NEMO,ARXIV,799,8,4,1,13,5,1,256,314.347099325,128.868734738,124.469802133,14,22,58.2,57.767801
NEMO,ARXIV,801,8,6,1,13,3,1,256,314.347099325,128.868734738,124.469802133,14,22,63.5,58.498067
NEMO,ARXIV,1160,8,6,1,15,1,1,256,296.856625256,128.682447484,123.84364655,15,26,36.91,61.856488
NEMO,ARXIV,982,8,6,3,13,1,1,512,302.950586604,128.364561601,120.6,11,27,96.66,84.7682766667
NEMO,ARXIV,335,16,6,9,3,1,5,384,346.95910225,128.356846592,126.407254145,6,12,44.68,6.19503733333
NEMO,ARXIV,336,16,6,9,3,3,3,384,346.95910225,128.356846592,127.313302474,4,10,94.11,53.5380753333
NEMO,ARXIV,337,16,6,9,3,5,1,384,346.95910225,128.356846592,127.313302474,4,10,298.91,35.3582774412
NEMO,ARXIV,338,16,8,9,3,1,3,384,346.95910225,128.356846592,126.407254145,6,12,49.36,2.45072236364
NEMO,ARXIV,339,16,8,9,3,3,1,384,346.95910225,128.356846592,127.313302474,4,10,229.68,60.4193936807
NEMO,ARXIV,1845,8,2,5,13,3,1,640,274.119467953,128.026545561,123.038373319,13,28,272.47,34.7256451707
NEMO,ARXIV,345,8,6,1,13,3,1,384,346.216347934,127.894273747,120.579798134,14,23,23.04,78.466012
NEMO,ARXIV,152,16,4,13,3,3,1,640,371.960717872,127.704242413,117.013734496,3,3,152.13,31.8960046545
NEMO,ARXIV,711,32,4,11,5,3,1,384,320.262401479,127.613626265,123.085979732,2,20,42.41,7.4759908
NEMO,ARXIV,1122,4,6,13,3,1,1,640,297.460162165,127.529729802,126.38668931,2,18,177.14,42.1987001429
NEMO,ARXIV,1455,4,8,11,3,1,1,640,285.489274913,127.529729802,126.38668931,2,18,148.85,50.2479442319
NEMO,ARXIV,1938,4,10,9,3,1,1,640,271.216230055,127.529729802,126.38668931,2,18,156.84,56.7796412632
NEMO,ARXIV,713,16,2,13,3,1,5,384,320.112285392,127.506053129,123.095195817,9,13,44.3,5.34907422222
NEMO,ARXIV,1439,16,4,3,15,1,1,256,285.697339275,127.443225108,120.6,11,27,11.51,94.61128
NEMO,ARXIV,1880,8,4,1,17,1,1,512,273.150912263,127.433073821,120.6,14,30,37.95,81.01818
NEMO,ARXIV,714,16,2,13,3,3,3,384,320.112285392,127.33738188,123.393556518,5,9,347.19,50.086699082
NEMO,ARXIV,715,16,2,13,3,5,1,384,320.112285392,127.33738188,123.393556518,5,9,456.47,33.7655632348
NEMO,ARXIV,280,8,6,3,11,1,3,512,351.870741962,127.313310765,118.670548137,14,21,96.74,84.7622433333
NEMO,ARXIV,1957,8,2,7,11,1,3,640,270.58263623,127.309997319,124.829228348,16,21,43.33,64.642176
NEMO,ARXIV,1012,8,8,3,11,1,1,512,301.302129817,127.279124022,120.6,11,27,102.69,87.5725817143
NEMO,ARXIV,1378,16,6,9,7,1,1,384,287.950430003,126.846766044,120.6,2,19,44.68,6.19503733333
NEMO,ARXIV,1032,4,8,3,11,1,1,640,301.036410728,126.834063767,122.603084761,11,26,180.14,58.3448306
NEMO,ARXIV,446,8,4,1,15,1,3,512,335.721699483,126.766162931,117.306001518,19,28,37.98,81.01818
NEMO,ARXIV,546,16,2,9,7,1,5,256,329.354300877,126.746947348,120.933819542,10,14,64.33,45.392892
NEMO,ARXIV,1881,8,4,3,15,1,1,512,273.150912263,126.725633708,120.6,11,27,49.87,86.946313
NEMO,ARXIV,1278,8,8,3,11,1,1,256,292.104643591,126.48863432,123.143722639,11,22,98.74,76.9027885
NEMO,ARXIV,553,8,6,9,3,3,3,640,329.063716358,126.348348817,125.604805251,4,13,312.36,57.1412433333
NEMO,ARXIV,554,8,6,9,3,5,1,640,329.063716358,126.348348817,125.604805251,4,13,427.56,31.5267872
NEMO,ARXIV,556,8,8,9,3,3,1,640,329.063716358,126.348348817,125.604805251,4,13,349.07,42.1111969524
NEMO,ARXIV,1086,16,2,9,9,1,3,512,298.883423561,126.309609736,123.449665925,11,18,44.37,1.13986352941
NEMO,ARXIV,1628,8,6,5,11,1,1,640,280.049912596,126.239288243,120.6,8,24,39.83,83.4578506667
NEMO,ARXIV,547,16,2,9,7,3,3,256,329.354300877,126.124112226,121.141431249,7,11,299.63,51.9756395556
NEMO,ARXIV,548,16,2,9,7,5,1,256,329.354300877,126.124112226,121.141431249,7,11,448.43,38.7867791429
NEMO,ARXIV,656,16,2,15,1,3,3,384,322.357891338,125.877397899,122.296819611,5,6,196.49,39.8014831287
NEMO,ARXIV,657,16,2,15,1,5,1,384,322.357891338,125.877397899,122.296819611,5,6,282.39,36.5289619152
NEMO,ARXIV,59,16,4,7,9,3,1,384,393.624651801,125.788852391,120.888766566,10,11,37.51,74.072164
NEMO,ARXIV,281,8,6,3,11,3,1,512,351.870741962,125.770397459,118.902659916,12,19,362.82,60.0293352
NEMO,ARXIV,552,8,6,9,3,1,5,640,329.063716358,125.768769235,124.329730171,6,15,68.36,86.8859648
NEMO,ARXIV,555,8,8,9,3,1,3,640,329.063716358,125.768769235,124.329730171,6,15,17.87,77.761398
NEMO,ARXIV,1159,8,4,15,3,1,1,256,296.856625256,125.636341984,124.718551438,2,14,101.41,44.3652965581
NEMO,ARXIV,1381,8,6,13,3,1,1,256,287.834797244,125.636341984,124.718551438,2,14,113.92,53.384710566
NEMO,ARXIV,1864,8,8,11,3,1,1,256,273.709324492,125.636341984,124.718551438,2,14,129.28,56.4193752667
NEMO,ARXIV,1006,8,4,5,7,1,7,384,301.608884665,125.60349939,123.05502259,13,22,34.73,83.545418
NEMO,ARXIV,655,16,2,15,1,1,5,384,322.357891338,125.566209849,121.933739121,9,10,44.3,5.34907422222
NEMO,ARXIV,1745,16,4,9,9,1,1,384,276.42193063,125.472582115,120.6,2,19,106.64,29.3110267429
NEMO,ARXIV,1167,8,8,7,7,1,1,512,296.554940229,125.456416533,120.6,4,20,116.72,68.172386
NEMO,ARXIV,422,16,6,9,5,3,1,640,337.623761606,125.428794198,122.639330686,6,14,103.66,31.860332
NEMO,ARXIV,1007,8,4,5,7,3,5,384,301.608884665,125.239431275,123.200649836,8,20,454.32,48.4078811034
NEMO,ARXIV,1008,8,4,5,7,5,3,384,301.608884665,125.239431275,123.200649836,8,20,534.78,34.2266774857
NEMO,ARXIV,1009,8,4,5,7,7,1,384,301.608884665,125.239431275,123.200649836,8,20,539.36,32.0333695936
NEMO,ARXIV,850,8,4,7,7,1,5,640,311.101675428,125.215944547,122.234612534,14,23,44.42,78.4928213333
NEMO,ARXIV,227,16,4,13,1,3,3,512,359.536494449,124.970743616,114.823477339,2,1,235.02,37.6224463471
NEMO,ARXIV,228,16,4,13,1,5,1,512,359.536494449,124.970743616,114.823477339,2,1,293.24,32.3296265799
NEMO,ARXIV,1630,8,6,9,7,1,1,640,280.049912596,124.957357821,120.6,2,19,68.3,86.8859648
NEMO,ARXIV,226,16,4,13,1,1,5,512,359.536494449,124.88565437,114.624904398,6,5,44.66,8.14292155556
NEMO,ARXIV,1882,8,4,5,13,1,1,512,273.150912263,124.863733205,120.6,8,24,67.99,69.331913
NEMO,ARXIV,1330,64,2,11,3,7,1,256,290.944964939,124.814513174,98.7502388142,3,2,19.99,18.0622465
NEMO,ARXIV,1440,16,4,5,13,1,1,256,285.697339275,124.759071945,120.6,8,24,13.16,94.19768
NEMO,ARXIV,984,8,6,7,9,1,1,512,302.950586604,124.724104108,120.6,4,20,105.66,76.2961126667
NEMO,ARXIV,2047,64,2,11,3,7,1,384,268.003964413,124.716750099,88.9009628801,3,2,2.65,18.647088
NEMO,ARXIV,1379,16,6,11,5,1,1,384,287.950430003,124.581645221,120.6,2,19,44.68,6.19503733333
NEMO,ARXIV,1546,16,8,9,5,1,1,384,283.254070719,124.581645221,120.6,2,19,49.36,2.45072236364
NEMO,ARXIV,1386,16,2,15,3,1,3,512,287.774773617,124.503304933,123.605295056,4,12,44.37,1.13986352941
NEMO,ARXIV,851,8,4,7,7,3,3,640,311.101675428,124.488790397,122.452758779,8,20,297.25,53.4980275294
NEMO,ARXIV,852,8,4,7,7,5,1,640,311.101675428,124.488790397,122.452758779,8,20,563.85,32.6740520159
NEMO,ARXIV,1446,16,6,5,11,1,1,256,285.697339275,124.467492518,120.6,8,24,52.62,84.935752
NEMO,ARXIV,1084,8,8,5,9,1,1,512,299.002861553,124.336792212,120.6,8,24,116.72,68.172386
NEMO,ARXIV,724,32,4,13,3,3,1,384,318.890295553,124.298986622,121.594391893,2,20,42.41,6.9432208
NEMO,ARXIV,1883,8,4,7,11,1,1,512,273.150912263,124.288324296,120.6,4,20,67.99,69.331913
NEMO,ARXIV,1884,8,4,9,9,1,1,512,273.150912263,124.288324296,120.6,2,19,85.24,60.1380512
NEMO,ARXIV,447,8,4,1,15,3,1,512,335.721699483,124.165157433,117.524312935,16,26,45.17,76.7533493333
NEMO,ARXIV,1746,16,4,11,7,1,1,384,276.42193063,124.070049897,120.6,2,19,106.64,29.3110267429
NEMO,ARXIV,1442,16,4,9,9,1,1,256,285.697339275,124.03792124,120.6,2,19,48.98,47.908474
NEMO,ARXIV,1441,16,4,7,11,1,1,256,285.697339275,124.03792124,120.6,4,20,44.93,89.303124
NEMO,ARXIV,1447,16,6,7,9,1,1,256,285.697339275,124.03792124,120.6,4,20,80.27,75.7017293333
NEMO,ARXIV,457,16,6,3,11,3,1,384,334.61486595,123.896679788,115.081650034,12,20,38.38,83.928476
NEMO,ARXIV,1047,8,4,15,3,1,1,384,300.796241053,123.855972441,123.002849554,2,18,45.99,82.4270295238
NEMO,ARXIV,1885,8,4,11,7,1,1,512,273.150912263,123.782573562,120.6,2,19,81.34,69.4733874118
NEMO,ARXIV,1443,16,4,11,7,1,1,256,285.697339275,123.754229277,120.6,2,19,125.56,42.8033178868
NEMO,ARXIV,1471,16,6,9,7,1,1,256,285.180598424,123.754229277,120.6,2,19,64.33,45.392892
NEMO,ARXIV,379,16,2,17,1,3,1,512,342.169656958,123.706595844,123.654719467,7,10,225.56,56.3804993893
NEMO,ARXIV,1695,16,8,7,7,1,1,256,277.4486109,123.663099506,120.6,4,20,35.64,42.229016
NEMO,ARXIV,1013,8,6,11,5,1,1,512,301.296167932,123.599522301,120.6,2,19,112.52,81.3860190769
NEMO,ARXIV,1247,8,8,9,5,1,1,512,293.943468107,123.599522301,120.6,2,19,207.08,62.7470004444
NEMO,ARXIV,1185,8,6,7,3,1,7,384,296.131410171,123.584600178,122.615309196,8,15,58.15,72.9506333333
NEMO,ARXIV,1189,8,8,7,3,1,5,384,296.131410171,123.584600178,122.615309196,8,15,95.49,84.6587186667
NEMO,ARXIV,1192,8,10,7,3,1,3,384,296.131410171,123.584600178,122.615309196,8,15,90.73,76.412184
NEMO,ARXIV,1444,16,4,13,5,1,1,256,285.697339275,123.480839964,120.6,2,19,125.46,42.8033178868
NEMO,ARXIV,1557,16,6,11,5,1,1,256,282.751202392,123.480839964,120.6,2,19,122.75,58.2910848955
NEMO,ARXIV,1831,16,8,9,5,1,1,256,274.543866699,123.480839964,120.6,2,19,70.95,33.777492
NEMO,ARXIV,1656,8,6,11,5,1,1,640,279.153523705,123.450450908,120.6,2,18,103.92,61.2285692222
NEMO,ARXIV,1893,8,8,9,5,1,1,640,272.823136929,123.450450908,120.6,2,18,17.87,77.761398
NEMO,ARXIV,1186,8,6,7,3,3,5,384,296.131410171,123.390741981,122.809167392,4,13,376.83,36.9181925217
NEMO,ARXIV,1187,8,6,7,3,5,3,384,296.131410171,123.390741981,122.809167392,4,13,418.36,25.9652234074
NEMO,ARXIV,1188,8,6,7,3,7,1,384,296.131410171,123.390741981,122.809167392,4,13,429.14,24.5893085926
NEMO,ARXIV,1190,8,8,7,3,3,3,384,296.131410171,123.390741981,122.809167392,4,13,373.1,31.248408
NEMO,ARXIV,1191,8,8,7,3,5,1,384,296.131410171,123.390741981,122.809167392,4,13,404.86,21.1273461667
NEMO,ARXIV,1193,8,10,7,3,3,1,384,296.131410171,123.390741981,122.809167392,4,13,373.25,25.9488489091
NEMO,ARXIV,1898,32,2,11,7,3,1,384,272.643360876,123.20971509,120.6,2,19,7.07,9.1391168
NEMO,ARXIV,1624,16,8,5,9,1,1,256,280.180412429,123.191675721,120.6,8,24,56.97,83.101752
NEMO,ARXIV,1492,8,10,7,5,1,1,512,284.954495495,123.135298743,120.6,4,20,83.23,47.6816706667
NEMO,ARXIV,1053,4,10,1,11,1,1,512,300.75177337,123.05033844,118.808854594,16,24,45.78,85.0742474286
NEMO,ARXIV,719,32,6,11,3,3,1,384,319.562414087,122.880605214,120.6,2,19,87.13,53.9465878
NEMO,ARXIV,1953,32,2,13,5,3,1,384,270.603151803,122.725273222,120.6,2,19,7.07,9.1391168
NEMO,ARXIV,133,16,4,9,7,3,1,512,375.298519481,122.562391086,109.464548728,7,7,156.19,25.180506
NEMO,ARXIV,1085,8,6,13,3,1,1,512,298.996520426,122.555019296,120.6,2,19,104.99,81.3860190769
NEMO,ARXIV,1314,8,8,11,3,1,1,512,291.151487952,122.555019296,120.6,2,19,95.56,71.048340878
NEMO,ARXIV,1599,8,10,9,3,1,1,512,281.493309068,122.555019296,120.6,2,19,82.12,64.25982
NEMO,ARXIV,526,16,6,7,5,3,3,384,330.271939379,122.467532454,119.913907788,6,14,169.59,79.9271752
NEMO,ARXIV,527,16,6,7,5,5,1,384,330.271939379,122.467532454,119.913907788,6,14,507.04,59.9965442857
NEMO,ARXIV,528,16,8,7,5,3,1,384,330.271939379,122.467532454,119.913907788,6,14,166.1,80.2737472
NEMO,ARXIV,963,8,10,5,7,1,1,384,303.740037901,122.421451,120.6,8,20,111.69,77.5249314286
NEMO,ARXIV,838,16,6,7,5,1,5,512,311.350659676,122.319300808,117.899876896,8,20,26.22,87.703772
NEMO,ARXIV,1954,4,4,1,13,1,5,640,270.60203984,122.219882114,117.713865936,21,44,19.61,72.384262
NEMO,ARXIV,1955,4,4,1,13,3,3,640,270.60203984,121.987613239,117.760319711,14,42,35.96,52.419855
NEMO,ARXIV,1886,8,4,13,5,1,1,512,273.150912263,121.89054128,120.6,2,19,81.34,69.4733874118
NEMO,ARXIV,1363,32,2,15,3,3,1,256,288.756647485,121.885869461,120.6,2,19,9.05,15.3622365714
NEMO,ARXIV,279,16,2,5,13,3,1,256,351.925702657,121.684013996,114.238341979,13,15,337.69,50.5519075556
NEMO,ARXIV,1956,4,4,1,13,5,1,640,270.60203984,121.26328192,117.760319711,14,42,35.95,52.419855
NEMO,ARXIV,822,16,6,3,11,3,1,512,311.929503523,121.068491861,111.76587066,12,24,68.78,71.234118
NEMO,ARXIV,1332,8,4,7,5,1,7,512,290.636080112,121.017295611,119.343574746,9,18,68.05,69.331913
NEMO,ARXIV,1658,8,2,1,17,1,3,512,279.133968291,120.911483679,115.371780586,24,37,19.01,85.772364
NEMO,ARXIV,839,16,6,7,5,3,3,512,311.350659676,120.876005223,117.899876896,6,18,352.1,56.8993613333
NEMO,ARXIV,840,16,6,7,5,5,1,512,311.350659676,120.876005223,117.899876896,6,18,507.05,50.3627013333
NEMO,ARXIV,841,16,8,7,5,3,1,512,311.350659676,120.876005223,117.899876896,6,18,83.19,27.717068
NEMO,ARXIV,421,16,6,9,5,1,3,640,337.623761606,120.617372199,116.168797652,11,30,42.1,0.1845
NEMO,ARXIV,1333,8,4,7,5,3,5,512,290.636080112,120.580672776,119.48911569,6,18,415.41,54.6778010378
NEMO,ARXIV,1334,8,4,7,5,5,3,512,290.636080112,120.580672776,119.48911569,6,18,548.89,32.6955697671
NEMO,ARXIV,1335,8,4,7,5,7,1,512,290.636080112,120.580672776,119.48911569,6,18,560.37,27.9230545992
NEMO,ARXIV,1402,8,4,11,1,3,5,640,286.975717809,120.539417961,120.466702546,5,13,185.85,34.3899036589
NEMO,ARXIV,1403,8,4,11,1,5,3,640,286.975717809,120.539417961,120.466702546,5,13,203.68,27.3019763586
NEMO,ARXIV,1404,8,4,11,1,7,1,640,286.975717809,120.539417961,120.466702546,5,13,209.18,26.2655101517
NEMO,ARXIV,1401,8,4,11,1,1,7,640,286.975717809,120.521252887,120.230391227,8,16,29.22,61.9982138182
NEMO,ARXIV,736,16,6,11,1,1,5,640,317.766958819,120.451461095,119.48701972,5,13,42.1,0.1845
NEMO,ARXIV,1629,8,6,7,9,1,1,640,280.049912596,120.445992014,115.81915861,4,19,43.33,78.541976
NEMO,ARXIV,186,16,4,9,5,1,5,384,365.890408189,120.434297519,117.313002883,9,12,106.64,29.3110267429
NEMO,ARXIV,1844,8,2,5,13,1,3,640,274.119467953,120.285762811,116.737216734,18,27,43.33,61.017976
NEMO,ARXIV,301,16,6,13,1,1,3,640,349.68062154,120.119638888,119.155197514,4,16,42.1,0.1845
NEMO,ARXIV,737,16,6,11,1,3,3,640,317.766958819,120.119638888,119.652930824,2,10,220.51,28.8919814757
NEMO,ARXIV,738,16,6,11,1,5,1,640,317.766958819,120.119638888,119.652930824,2,10,308.71,37.4608568241
NEMO,ARXIV,740,16,8,11,1,3,1,640,317.766958819,120.119638888,119.652930824,2,10,236.81,37.3958104615
NEMO,ARXIV,170,16,4,9,5,1,5,256,366.993526967,120.017908658,117.557404836,9,12,48.98,47.908474
NEMO,ARXIV,762,16,2,11,5,1,5,384,316.453746261,119.819641574,114.578505238,12,11,44.3,5.34907422222
NEMO,ARXIV,1659,8,2,1,17,3,1,512,279.133968291,119.817211172,116.267421206,18,37,60.9,80.0293813333
NEMO,ARXIV,396,8,6,5,9,1,3,640,340.10300753,119.625225669,112.969970369,12,17,39.83,83.4578506667
NEMO,ARXIV,288,16,6,11,3,1,3,640,351.68337941,119.455994475,117.496086479,7,18,42.1,0.1845
NEMO,ARXIV,763,16,2,11,5,3,3,384,316.453746261,119.352609623,114.786074994,5,7,347.19,50.086699082
NEMO,ARXIV,764,16,2,11,5,5,1,384,316.453746261,119.352609623,114.786074994,5,7,456.49,33.6273300606
NEMO,ARXIV,187,16,4,9,5,3,3,384,365.890408189,119.298124901,117.540237407,6,9,250.94,38.4485502667
NEMO,ARXIV,188,16,4,9,5,5,1,384,365.890408189,119.298124901,117.540237407,6,9,403.9,40.7656445412
NEMO,ARXIV,2008,8,4,9,1,3,7,384,268.883875014,119.262129484,119.189315862,5,14,220.47,50.5815774545
NEMO,ARXIV,2009,8,4,9,1,5,5,384,268.883875014,119.262129484,119.189315862,5,14,247.44,30.9885638182
NEMO,ARXIV,2010,8,4,9,1,7,3,384,268.883875014,119.262129484,119.189315862,5,14,240.15,25.6182026667
NEMO,ARXIV,2011,8,4,9,1,9,1,384,268.883875014,119.262129484,119.189315862,5,14,244.85,23.3387610909
NEMO,ARXIV,2007,8,4,9,1,1,9,384,268.883875014,119.24394657,119.025505702,7,16,15.53,85.742238
NEMO,ARXIV,171,16,4,9,5,3,3,256,366.993526967,119.106610947,117.739664379,6,9,292.02,49.7648435
NEMO,ARXIV,172,16,4,9,5,5,1,256,366.993526967,119.106610947,117.739664379,6,9,463.49,54.0932928571
NEMO,ARXIV,174,16,6,9,5,3,1,256,366.993526967,119.106610947,117.739664379,6,9,302.17,52.0446208889
NEMO,ARXIV,518,32,4,7,7,3,3,256,331.011325122,118.989455081,114.35404454,9,17,70.69,70.819796
NEMO,ARXIV,643,8,4,3,13,1,3,640,322.922970891,118.962418861,111.472731121,16,26,27.94,70.167952
NEMO,ARXIV,723,16,6,7,7,3,1,640,318.951136498,118.878301332,114.17786441,8,16,30.9,84.330832
NEMO,ARXIV,519,32,4,7,7,5,1,256,331.011325122,118.558303424,114.35404454,8,16,72.05,68.268296
NEMO,ARXIV,698,32,4,11,1,5,3,256,321.008280969,118.42351237,118.032672164,2,8,125.94,48.5681051892
NEMO,ARXIV,699,32,4,11,1,7,1,256,321.008280969,118.42351237,118.032672164,2,8,229.75,30.0598856812
NEMO,ARXIV,701,32,6,11,1,5,1,256,321.008280969,118.42351237,118.032672164,2,8,57.04,64.5639596
NEMO,ARXIV,725,8,4,1,13,1,5,384,318.789383819,118.249323483,111.186402068,18,24,10.06,95.062116
NEMO,ARXIV,397,8,6,5,9,3,1,640,340.10300753,118.241090015,113.201802202,10,15,333.03,54.187664381
NEMO,ARXIV,971,8,6,9,1,1,7,512,303.310567387,117.938789405,117.53599493,6,11,76.53,61.7738088
NEMO,ARXIV,975,8,8,9,1,1,5,512,303.310567387,117.938789405,117.53599493,6,11,136.32,62.1463337778
NEMO,ARXIV,978,8,10,9,1,1,3,512,303.310567387,117.938789405,117.53599493,6,11,82.12,64.25982
NEMO,ARXIV,644,8,4,3,13,3,1,640,322.922970891,117.832334423,112.345316101,14,24,246.21,69.0870868571
NEMO,ARXIV,726,8,4,1,13,3,3,384,318.789383819,117.812441746,111.186402068,14,22,55.28,67.2416696
NEMO,ARXIV,697,32,4,11,1,3,5,256,321.008280969,117.716083981,117.183758097,3,9,87,44.2828013333
NEMO,ARXIV,700,32,6,11,1,3,3,256,321.008280969,117.716083981,117.183758097,3,9,9.79,6.5830945
NEMO,ARXIV,972,8,6,9,1,3,5,512,303.310567387,117.706677626,117.53599493,4,9,226.52,48.7837989474
NEMO,ARXIV,973,8,6,9,1,5,3,512,303.310567387,117.706677626,117.53599493,4,9,256.08,28.9690318
NEMO,ARXIV,974,8,6,9,1,7,1,512,303.310567387,117.706677626,117.53599493,4,9,262.09,24.5052768
NEMO,ARXIV,976,8,8,9,1,3,3,512,303.310567387,117.706677626,117.53599493,4,9,229.16,39.7926018824
NEMO,ARXIV,977,8,8,9,1,5,1,512,303.310567387,117.706677626,117.53599493,4,9,246.98,24.3796342222
NEMO,ARXIV,979,8,10,9,1,3,1,512,303.310567387,117.706677626,117.53599493,4,9,234.53,30.3834254118
NEMO,ARXIV,312,16,4,11,3,1,5,512,348.619691787,117.682592182,105.379135691,6,6,44.66,8.14292155556
NEMO,ARXIV,1566,8,4,3,9,1,7,256,282.113168301,117.470563025,114.612540389,16,21,66.57,65.7549256
NEMO,ARXIV,1570,8,6,3,9,1,5,256,282.113168301,117.470563025,114.612540389,16,21,81.24,53.178895
NEMO,ARXIV,1573,8,8,3,9,1,3,256,282.113168301,117.470563025,114.612540389,16,21,99.15,76.9027885
NEMO,ARXIV,1234,16,2,11,3,1,7,256,294.487831662,117.466208573,112.950653938,7,8,117.27,58.011456303
NEMO,ARXIV,525,16,2,11,7,3,1,512,330.48214457,117.396241276,112.156727194,7,9,178.5,44.7293637612
NEMO,ARXIV,1567,8,4,3,9,3,5,256,282.113168301,117.35390904,114.729194375,10,19,395.46,51.351962
NEMO,ARXIV,1568,8,4,3,9,5,3,256,282.113168301,117.35390904,114.729194375,10,19,399.07,51.26116448
NEMO,ARXIV,1571,8,6,3,9,3,3,256,282.113168301,117.35390904,114.729194375,10,19,400.34,42.6816132174
NEMO,ARXIV,1235,16,2,11,3,3,5,256,294.487831662,117.349409722,113.197175574,4,5,342.02,32.6859760656
NEMO,ARXIV,1236,16,2,11,3,5,3,256,294.487831662,117.349409722,113.197175574,4,5,412.82,30.3308459109
NEMO,ARXIV,1237,16,2,11,3,7,1,256,294.487831662,117.349409722,113.197175574,4,5,420.38,27.9164706073
NEMO,ARXIV,1569,8,4,3,9,7,1,256,282.113168301,117.284275771,114.729194375,10,19,411.39,46.4897780561
NEMO,ARXIV,1572,8,6,3,9,5,1,256,282.113168301,117.284275771,114.729194375,10,19,395.01,43.8142533913
NEMO,ARXIV,1574,8,8,3,9,3,1,256,282.113168301,117.284275771,114.729194375,10,19,392.05,35.585934087
NEMO,ARXIV,405,16,2,7,11,3,1,384,339.564924644,117.258348045,110.47900256,11,15,236.08,69.8254222857
NEMO,ARXIV,613,4,8,1,13,1,1,512,324.900565384,117.245826344,112.018566556,14,21,35.33,85.9243016
NEMO,ARXIV,717,32,6,11,1,5,1,384,319.596878836,117.242358821,116.807540643,2,10,178.29,42.1603241667
NEMO,ARXIV,1618,16,2,9,9,1,3,640,280.502903658,117.227611182,114.39994412,11,18,46.05,0.947221263158
NEMO,ARXIV,871,32,4,11,1,5,3,384,310.098393081,117.172511389,116.77691447,2,10,111.49,24.6549960952
NEMO,ARXIV,872,32,4,11,1,7,1,384,310.098393081,117.172511389,116.77691447,2,10,130.12,32.84577
NEMO,ARXIV,313,16,4,11,3,3,3,512,348.619691787,117.115173704,105.606103082,3,3,254.46,52.621574019
NEMO,ARXIV,314,16,4,11,3,5,1,512,348.619691787,117.115173704,105.606103082,3,3,325.69,21.9892389091
NEMO,ARXIV,1054,16,6,9,1,1,7,384,300.226935139,116.880234426,116.138706417,4,12,44.68,6.19503733333
NEMO,ARXIV,1058,16,8,9,1,1,5,384,300.226935139,116.880234426,116.138706417,4,12,49.36,2.45072236364
NEMO,ARXIV,1061,16,10,9,1,1,3,384,300.226935139,116.880234426,116.138706417,4,12,43.78,0.525077555556
NEMO,ARXIV,1055,16,6,9,1,3,5,384,300.226935139,116.729226371,116.289714472,2,10,126.98,39.2697843509
NEMO,ARXIV,1056,16,6,9,1,5,3,384,300.226935139,116.729226371,116.289714472,2,10,242.58,37.3803612353
NEMO,ARXIV,1057,16,6,9,1,7,1,384,300.226935139,116.729226371,116.289714472,2,10,285.02,37.55064638
NEMO,ARXIV,1059,16,8,9,1,3,3,384,300.226935139,116.729226371,116.289714472,2,10,280.75,52.0960693535
NEMO,ARXIV,1060,16,8,9,1,5,1,384,300.226935139,116.729226371,116.289714472,2,10,354.32,32.9599539187
NEMO,ARXIV,1062,16,10,9,1,3,1,384,300.226935139,116.729226371,116.289714472,2,10,229.04,43.1172064848
NEMO,ARXIV,749,8,6,3,9,3,3,384,317.20858106,116.702634207,112.340824789,10,17,385.01,51.2520133333
NEMO,ARXIV,727,8,4,1,13,5,1,384,318.789383819,116.679370883,111.186402068,14,22,55.28,67.2416696
NEMO,ARXIV,229,16,4,11,5,3,1,640,359.330436532,116.599525682,104.096002788,5,5,152.13,31.8960046545
NEMO,ARXIV,750,8,6,3,9,5,1,384,317.20858106,116.588326493,112.340824789,10,17,381.7,51.5264614
NEMO,ARXIV,752,8,8,3,9,3,1,384,317.20858106,116.588326493,112.340824789,10,17,406.48,45.1345655238
NEMO,ARXIV,815,16,6,1,13,3,1,384,312.405747994,116.532322523,105.56814258,14,22,29.47,78.419128
NEMO,ARXIV,751,8,8,3,9,1,3,384,317.20858106,116.314917814,111.565392004,11,18,44.16,86.6483653333
NEMO,ARXIV,716,32,6,11,1,3,3,384,319.596878836,115.915712611,115.315063657,3,11,87.83,52.7125078
NEMO,ARXIV,1747,16,4,13,5,1,1,384,276.42193063,115.889607046,113.257467254,2,18,106.64,29.3110267429
NEMO,ARXIV,1952,16,2,15,3,1,3,640,270.691997707,115.888756728,115.022165632,4,12,46.05,0.947221263158
NEMO,ARXIV,870,32,4,11,1,3,5,384,310.098393081,115.846655532,115.285326631,3,11,40.64,7.4759908
NEMO,ARXIV,828,16,6,5,7,3,3,384,311.709831903,115.823178042,111.306448663,8,16,16.29,97.196368
NEMO,ARXIV,829,16,6,5,7,5,1,384,311.709831903,115.823178042,111.306448663,8,16,491.91,63.5165335385
NEMO,ARXIV,830,16,8,5,7,3,1,384,311.709831903,115.823178042,111.306448663,8,16,206.4,83.1346053333
NEMO,ARXIV,739,16,8,11,1,1,3,640,317.766958819,115.805950199,114.841508824,6,26,120.2,43.2668817692
NEMO,ARXIV,349,16,4,9,7,3,1,640,345.438377427,115.693018193,100.809913143,7,6,42.1,0.1845
NEMO,ARXIV,1615,8,4,9,3,3,5,640,280.536632798,115.671968248,115.235675758,5,14,277.52,50.4668814286
NEMO,ARXIV,1616,8,4,9,3,5,3,640,280.536632798,115.671968248,115.235675758,5,14,407.08,36.5747263834
NEMO,ARXIV,1617,8,4,9,3,7,1,640,280.536632798,115.671968248,115.235675758,5,14,451.65,26.5425309402
NEMO,ARXIV,1445,16,4,15,3,1,1,256,285.697339275,115.643679641,114.262183229,2,18,123.9,42.8033178868
NEMO,ARXIV,1625,16,6,13,3,1,1,256,280.177159685,115.643679641,114.262183229,2,18,118.42,58.2910848955
NEMO,ARXIV,1920,16,8,11,3,1,1,256,271.449220222,115.643679641,114.262183229,2,18,86.09,26.0749392
NEMO,ARXIV,94,16,4,5,11,3,1,256,384.102664849,115.42987024,109.993633827,12,15,228.06,59.4863011429
NEMO,ARXIV,93,16,4,5,11,1,3,256,384.102664849,115.370290328,107.988778861,17,17,13.16,94.19768
NEMO,ARXIV,1555,16,8,3,11,1,1,256,282.754269788,115.338740469,110.161343526,11,26,28.85,67.420716
NEMO,ARXIV,702,16,2,15,3,3,1,640,320.932422406,115.18509532,110.933248317,4,5,150.9,41.5642253333
NEMO,ARXIV,1092,4,10,5,7,1,1,512,298.390285248,115.13598205,113.800167825,8,15,187.23,44.5157910909
NEMO,ARXIV,625,8,6,5,7,1,5,512,324.052117934,114.7792747,110.546635873,10,15,105.83,76.2961126667
NEMO,ARXIV,628,8,8,5,7,1,3,512,324.052117934,114.7792747,110.546635873,10,15,116.72,68.172386
NEMO,ARXIV,969,4,10,3,9,1,1,512,303.434956382,114.75050715,111.542972327,13,22,170.23,45.7439747826
NEMO,ARXIV,635,16,2,7,9,1,5,256,323.135769035,114.601662467,111.279875149,14,18,80.34,75.7017293333
NEMO,ARXIV,1173,16,2,13,1,3,5,256,296.303289644,114.586822779,110.849812046,5,5,206.19,35.4704424322
NEMO,ARXIV,1174,16,2,13,1,5,3,256,296.303289644,114.586822779,110.849812046,5,5,214.97,27.9373469071
NEMO,ARXIV,1175,16,2,13,1,7,1,256,296.303289644,114.586822779,110.849812046,5,5,217.8,27.1395283279
NEMO,ARXIV,2039,8,2,3,15,3,1,640,268.239773499,114.555439177,111.530471556,16,35,253.47,46.7698116604
NEMO,ARXIV,1172,16,2,13,1,1,7,256,296.303289644,114.470092991,110.681179332,9,9,74.26,28.0552826667
NEMO,ARXIV,1699,8,8,5,9,1,1,640,277.180036535,114.415864775,111.018618646,8,23,55.82,66.854469
NEMO,ARXIV,46,16,4,7,9,1,3,256,398.894650229,114.367862845,109.082336116,16,15,45.09,89.303124
NEMO,ARXIV,632,16,4,11,3,1,5,640,323.192786719,114.333256961,100.243345963,6,5,44.43,5.69702988235
NEMO,ARXIV,874,8,4,3,11,1,5,512,309.715682631,114.249641677,108.864626719,15,22,49.87,86.946313
NEMO,ARXIV,334,16,2,7,11,1,3,256,347.072958153,114.228892163,110.345622466,16,15,80.34,75.7017293333
NEMO,ARXIV,2038,8,2,3,15,1,3,640,268.239773499,114.150426136,109.673288562,22,33,28.09,80.308668
NEMO,ARXIV,626,8,6,5,7,3,3,512,324.052117934,113.966883474,110.662691762,8,13,399.05,49.6602219627
NEMO,ARXIV,627,8,6,5,7,5,1,512,324.052117934,113.966883474,110.662691762,8,13,515,34.042112
NEMO,ARXIV,629,8,8,5,7,3,1,512,324.052117934,113.966883474,110.662691762,8,13,398.9,38.7615264
NEMO,ARXIV,875,8,4,3,11,3,3,512,309.715682631,113.885789315,109.082938136,12,20,269.23,58.8539317143
NEMO,ARXIV,636,16,2,7,9,3,3,256,323.135769035,113.823118564,111.487486857,10,15,348.03,38.9164297778
NEMO,ARXIV,637,16,2,7,9,5,1,256,323.135769035,113.761765822,111.487486857,10,15,424.84,44.7731788571
NEMO,ARXIV,805,32,4,5,9,3,3,256,313.400606366,113.754485001,106.855303613,11,19,70.69,70.819796
NEMO,ARXIV,1417,16,6,9,1,1,7,512,286.165845232,113.6595273,112.848342349,4,16,42.1,0.166164
NEMO,ARXIV,1421,16,8,9,1,1,5,512,286.165845232,113.6595273,112.848342349,4,16,42.1,0.166164
NEMO,ARXIV,1424,16,10,9,1,1,3,512,286.165845232,113.6595273,112.848342349,4,16,42.1,0.166164
NEMO,ARXIV,633,16,4,11,3,3,3,640,323.192786719,113.653376345,100.356659399,3,2,152.13,31.8960046545
NEMO,ARXIV,634,16,4,11,3,5,1,640,323.192786719,113.653376345,100.356659399,3,2,421.58,29.8306775484
NEMO,ARXIV,2045,4,12,7,3,1,1,512,268.01632252,113.502847553,112.90936719,4,11,200.4,36.1911434783
NEMO,ARXIV,876,8,4,3,11,5,1,512,309.715682631,113.422146999,109.082938136,12,20,325.1,55.8167263529
NEMO,ARXIV,1373,8,10,5,7,1,1,512,288.167900043,113.386604026,110.563353369,8,23,83.23,47.6816706667
NEMO,ARXIV,454,16,4,13,1,1,5,640,334.69671155,113.313436037,101.489793759,5,4,44.43,5.69702988235
NEMO,ARXIV,455,16,4,13,1,3,3,640,334.69671155,113.313436037,101.603107195,1,0,156.95,54.9247652394
NEMO,ARXIV,456,16,4,13,1,5,1,640,334.69671155,113.313436037,101.603107195,1,0,264.77,33.5802136993
NEMO,ARXIV,1274,16,6,5,7,1,5,512,292.304173835,113.298703404,106.533924166,10,22,24.86,90.223872
NEMO,ARXIV,1418,16,6,9,1,3,5,512,286.165845232,113.298703404,112.848342349,2,14,215.41,54.3061971429
NEMO,ARXIV,1419,16,6,9,1,5,3,512,286.165845232,113.298703404,112.848342349,2,14,329.84,45.925993
NEMO,ARXIV,1420,16,6,9,1,7,1,512,286.165845232,113.298703404,112.848342349,2,14,368.05,38.6294551429
NEMO,ARXIV,1422,16,8,9,1,3,3,512,286.165845232,113.298703404,112.848342349,2,14,211.1,43.9420366667
NEMO,ARXIV,1423,16,8,9,1,5,1,512,286.165845232,113.298703404,112.848342349,2,14,347.67,42.7827694286
NEMO,ARXIV,1425,16,10,9,1,3,1,512,286.165845232,113.298703404,112.848342349,2,14,300.84,46.9594972
NEMO,ARXIV,516,8,6,1,13,1,3,512,331.140991294,113.270548137,101.958500051,17,19,28.47,71.774168
NEMO,ARXIV,806,32,4,5,9,5,1,256,313.400606366,113.168458419,106.996789291,10,18,72.05,68.268296
NEMO,ARXIV,41,16,4,9,7,1,3,256,401.343231525,113.000916277,109.720244514,12,11,48.98,47.908474
NEMO,ARXIV,1626,8,6,1,15,1,1,640,280.049912596,112.813607972,103.6,15,29,31.92,87.686588
NEMO,ARXIV,535,32,4,13,1,3,3,512,329.707873157,112.641111845,111.877410144,4,12,42.41,7.5980208
NEMO,ARXIV,1813,64,2,11,3,3,5,256,275.163264111,112.619276593,110.070941859,8,23,1.09,20.103496
NEMO,ARXIV,1820,4,12,5,5,1,1,512,274.893860154,112.612046918,111.6914391,11,24,183.8,39.905424
NEMO,ARXIV,1020,16,2,13,3,1,5,512,301.155751625,112.568798991,107.692419547,8,9,44.37,1.13986352941
NEMO,ARXIV,624,16,2,9,9,3,1,512,324.230602673,112.562369817,106.294696586,9,11,178.5,44.7293637612
NEMO,ARXIV,768,16,2,13,5,3,1,640,316.178829937,112.518390201,107.644321685,5,7,150.9,41.5642253333
NEMO,ARXIV,814,4,6,15,1,1,1,512,312.701628022,112.384027001,112.294038365,5,6,109.24,32.5525028571
NEMO,ARXIV,1093,4,8,13,1,1,1,512,298.383300558,112.384027001,112.294038365,5,6,93.58,41.8963290909
NEMO,ARXIV,1603,4,10,11,1,1,1,512,281.323971202,112.384027001,112.294038365,5,6,88.43,35.2287630667
NEMO,ARXIV,1021,16,2,13,3,3,3,512,301.155751625,112.335309368,107.925817319,4,5,178.71,44.7293637612
NEMO,ARXIV,1022,16,2,13,3,5,1,512,301.155751625,112.335309368,107.925817319,4,5,395.94,36.0377608889
NEMO,ARXIV,1036,16,6,9,3,3,3,640,300.864016469,112.321817027,110.859642342,4,16,103.66,31.860332
NEMO,ARXIV,1037,16,6,9,3,5,1,640,300.864016469,112.321817027,110.859642342,4,16,421.75,49.4603850909
NEMO,ARXIV,1039,16,8,9,3,3,1,640,300.864016469,112.321817027,110.859642342,4,16,124.9,46.6731266667
NEMO,ARXIV,1712,4,6,1,11,1,5,640,276.868352885,112.246934956,107.127940566,14,32,67.32,58.1186371429
NEMO,ARXIV,1715,4,8,1,11,1,3,640,276.868352885,112.246934956,107.127940566,14,32,93.28,69.448642
NEMO,ARXIV,1713,4,6,1,11,3,3,640,276.868352885,112.024369983,107.127940566,12,31,68.05,47.8804337143
NEMO,ARXIV,1627,8,6,3,13,1,1,640,280.049912596,111.8794253,104.759159163,11,26,11.49,67.10564
NEMO,ARXIV,1275,16,6,5,7,3,3,512,292.304173835,111.855407819,106.533924166,8,20,163.08,56.3397896
NEMO,ARXIV,835,16,2,9,7,1,5,384,311.355643823,111.620636217,105.393543541,10,16,44.3,5.34907422222
NEMO,ARXIV,1276,16,6,5,7,5,1,512,292.304173835,111.618883451,106.533924166,8,20,463.25,55.2492029091
NEMO,ARXIV,1277,16,8,5,7,3,1,512,292.304173835,111.618883451,106.533924166,8,20,258.59,74.4942348571
NEMO,ARXIV,1714,4,6,1,11,5,1,640,276.868352885,111.551268921,107.127940566,12,31,68.03,47.8804337143
NEMO,ARXIV,1716,4,8,1,11,3,1,640,276.868352885,111.551268921,107.127940566,12,31,64.46,46.6159766667
NEMO,ARXIV,256,16,6,7,7,1,3,256,354.936448012,111.451710166,107.806519319,12,13,80.34,75.7017293333
NEMO,ARXIV,1815,8,8,7,7,1,1,640,275.073310396,111.395195608,107.07747749,4,19,43.33,68.9871093333
NEMO,ARXIV,173,16,6,9,5,1,3,256,366.993526967,111.178320853,108.991206344,11,11,64.33,45.392892
NEMO,ARXIV,1074,16,6,5,9,3,1,640,299.367962776,111.166430742,104.389109308,10,22,30.9,84.025332
NEMO,ARXIV,619,16,2,17,1,3,1,640,324.540564627,111.159411788,111.107559996,6,6,203.29,38.7176165176
NEMO,ARXIV,836,16,2,9,7,3,3,384,311.355643823,110.99792695,105.601113297,7,13,347.19,50.086699082
NEMO,ARXIV,837,16,2,9,7,5,1,384,311.355643823,110.99792695,105.601113297,7,13,456.49,33.6273300606
NEMO,ARXIV,517,8,6,1,13,3,1,512,331.140991294,110.840122289,102.19061183,14,17,28.68,68.905034
NEMO,ARXIV,1035,16,6,9,3,1,5,640,300.864016469,110.662705992,108.205064687,6,18,42.1,0.1845
NEMO,ARXIV,1038,16,8,9,3,1,3,640,300.864016469,110.662705992,108.205064687,6,18,42.1,0.1845
NEMO,ARXIV,790,8,6,7,5,1,5,640,314.612943365,110.583784194,107.86967005,8,13,43.33,78.541976
NEMO,ARXIV,793,8,8,7,5,1,3,640,314.612943365,110.583784194,107.86967005,8,13,43.33,68.9871093333
NEMO,ARXIV,371,32,4,5,11,3,1,256,342.820032219,110.325355614,103.035190311,13,20,70.69,70.819796
NEMO,ARXIV,1872,4,4,15,3,1,1,512,273.664410048,110.27672398,109.873166814,2,10,159.08,47.5302169744
NEMO,ARXIV,136,16,6,11,3,1,3,256,374.670299092,110.267023141,109.4468552,8,7,118.63,58.2910848955
NEMO,ARXIV,1655,8,8,3,11,1,1,640,279.156608656,110.017915296,103.6,11,25,68.94,78.240248
NEMO,ARXIV,84,16,4,15,1,1,3,256,386.190007614,109.968243477,109.694854164,6,6,92.02,55.1518335294
NEMO,ARXIV,166,16,6,13,1,1,3,256,368.40517235,109.968243477,109.694854164,6,6,74.56,29.1500742703
NEMO,ARXIV,703,8,6,3,11,1,3,640,320.774012677,109.888288696,101.262462818,14,16,11.49,67.10564
NEMO,ARXIV,791,8,6,7,5,3,3,640,314.612943365,109.772372779,107.985585966,6,11,326.04,55.6676829474
NEMO,ARXIV,792,8,6,7,5,5,1,640,314.612943365,109.772372779,107.985585966,6,11,502.72,30.1677244615
NEMO,ARXIV,794,8,8,7,5,3,1,640,314.612943365,109.772372779,107.985585966,6,11,398.67,44.3520962
NEMO,ARXIV,1887,8,4,15,3,1,1,512,273.150912263,109.592331443,108.621162596,2,18,81.34,69.4733874118
NEMO,ARXIV,1081,8,4,5,9,1,5,640,299.197857012,109.509414917,105.364636265,12,20,9,97.472164
NEMO,ARXIV,253,16,4,7,7,1,5,256,354.936448012,109.355725429,105.61940481,12,14,45.09,89.303124
NEMO,ARXIV,356,16,4,5,11,1,3,512,344.471128202,109.284798718,100.045402005,17,20,24.86,90.223872
NEMO,ARXIV,1082,8,4,5,9,3,3,640,299.197857012,108.782260768,105.510067095,10,18,234.03,67.3562735
NEMO,ARXIV,380,16,2,3,15,3,1,256,342.041424304,108.750735397,104.013465391,16,25,278.86,69.1828404444
NEMO,ARXIV,1083,8,4,5,9,5,1,640,299.197857012,108.696427615,105.510067095,10,18,496.72,42.8461195385
NEMO,ARXIV,254,16,4,7,7,3,3,256,354.936448012,108.353297946,105.801664353,8,11,368.28,67.3559803636
NEMO,ARXIV,255,16,4,7,7,5,1,256,354.936448012,108.353297946,105.801664353,8,11,538.54,55.755398
NEMO,ARXIV,257,16,6,7,7,3,1,256,354.936448012,108.353297946,105.801664353,8,11,333.56,34.9561455
NEMO,ARXIV,1997,8,12,7,3,1,1,512,269.311271259,108.280144889,106.617453127,4,19,41.79,53.342368
NEMO,ARXIV,39,16,4,9,7,1,3,384,401.631553492,108.163633243,104.019783251,12,13,106.64,29.3110267429
NEMO,ARXIV,1473,16,6,7,3,3,5,384,285.130822831,108.121767247,106.927215074,4,12,169.59,79.9271752
NEMO,ARXIV,1474,16,6,7,3,5,3,384,285.130822831,108.121767247,106.927215074,4,12,431.77,57.4141873846
NEMO,ARXIV,1475,16,6,7,3,7,1,384,285.130822831,108.121767247,106.927215074,4,12,523.4,38.3776616
NEMO,ARXIV,1476,16,8,7,3,3,3,384,285.130822831,108.121767247,106.927215074,4,12,161.46,80.2737472
NEMO,ARXIV,1477,16,8,7,3,5,1,384,285.130822831,108.121767247,106.927215074,4,12,492.17,45.1451728571
NEMO,ARXIV,1478,16,10,7,3,3,1,384,285.130822831,108.121767247,106.927215074,4,12,292.75,66.9180622222
NEMO,ARXIV,704,8,6,3,11,3,1,640,320.774012677,108.047344718,101.262462818,12,14,294.57,63.75388625
NEMO,ARXIV,1308,16,6,3,9,3,3,384,291.38661704,107.970759192,100.886892881,10,18,38.38,83.928476
NEMO,ARXIV,1605,4,10,5,7,1,1,640,281.020719755,107.647258838,106.203578471,8,19,129.83,52.4363842
NEMO,ARXIV,221,16,4,7,9,1,3,512,360.512606087,107.582543286,100.953271569,15,18,26.22,87.703772
NEMO,ARXIV,1309,16,6,3,9,5,1,384,291.38661704,107.552772448,100.886892881,10,18,284.63,75.788485
NEMO,ARXIV,1310,16,8,3,9,3,1,384,291.38661704,107.552772448,100.886892881,10,18,168.63,78.4089552
NEMO,ARXIV,482,16,4,11,1,1,7,384,333.252732289,107.424148126,106.916050512,6,8,106.64,29.3110267429
NEMO,ARXIV,537,16,4,11,1,1,7,256,329.508540358,107.394044184,107.029525099,7,10,92.02,55.1518335294
NEMO,ARXIV,541,16,6,11,1,1,5,256,329.508540358,107.394044184,107.029525099,7,10,74.59,29.1500742703
NEMO,ARXIV,167,16,4,3,13,1,3,256,367.597448267,107.350870463,97.9645040302,16,17,11.51,94.61128
NEMO,ARXIV,1679,32,4,11,5,3,1,512,277.973042041,107.312491574,103.6,2,17,42.41,8.1567008
NEMO,ARXIV,1325,16,2,9,5,1,7,256,290.950851397,107.283349782,105.881970758,11,16,64.33,45.392892
NEMO,ARXIV,483,16,4,11,1,3,5,384,333.252732289,107.282105398,107.11485957,3,5,158.59,48.3840571556
NEMO,ARXIV,484,16,4,11,1,5,3,384,333.252732289,107.282105398,107.11485957,3,5,263.5,36.1284032
NEMO,ARXIV,485,16,4,11,1,7,1,384,333.252732289,107.282105398,107.11485957,3,5,264.36,29.1762150108
NEMO,ARXIV,538,16,4,11,1,3,5,256,329.508540358,107.280124978,107.188995207,4,7,182.41,35.2099235294
NEMO,ARXIV,539,16,4,11,1,5,3,256,329.508540358,107.280124978,107.188995207,4,7,209.4,27.5729070054
NEMO,ARXIV,540,16,4,11,1,7,1,256,329.508540358,107.280124978,107.188995207,4,7,199.94,27.0871902486
NEMO,ARXIV,542,16,6,11,1,3,3,256,329.508540358,107.280124978,107.188995207,4,7,200.1,30.2831273533
NEMO,ARXIV,543,16,6,11,1,5,1,256,329.508540358,107.280124978,107.188995207,4,7,218.14,28.5787906734
NEMO,ARXIV,545,16,8,11,1,3,1,256,329.508540358,107.280124978,107.188995207,4,7,233.1,31.1857107624
NEMO,ARXIV,357,16,4,5,11,3,1,512,344.471128202,107.175527705,100.612820482,12,14,154.09,46.3024
NEMO,ARXIV,959,16,2,15,1,3,3,512,304.029348165,107.130995972,103.136514939,4,3,225.56,56.3804993893
NEMO,ARXIV,960,16,2,15,1,5,1,512,304.029348165,107.130995972,103.136514939,4,3,295.07,39.6279523926
NEMO,ARXIV,2026,32,2,15,3,3,1,384,268.452763498,107.061652824,105.779988406,2,18,7.07,9.1391168
NEMO,ARXIV,1411,16,6,13,3,1,1,384,286.843579435,106.913702808,104.959072493,2,18,44.68,6.19503733333
NEMO,ARXIV,1604,16,8,11,3,1,1,384,281.255709739,106.913702808,104.959072493,2,18,49.36,2.44272236364
NEMO,ARXIV,1842,16,10,9,3,1,1,384,274.268994447,106.913702808,104.959072493,2,18,43.78,0.525077555556
NEMO,ARXIV,958,16,2,15,1,1,5,512,304.029348165,106.897690052,102.799456264,8,7,44.37,1.13986352941
NEMO,ARXIV,920,8,6,3,9,1,5,512,305.799875925,106.887474215,101.146108825,13,14,96.74,84.7622433333
NEMO,ARXIV,923,8,8,3,9,1,3,512,305.799875925,106.887474215,101.146108825,13,14,102.83,87.5725102857
NEMO,ARXIV,1067,8,6,1,13,1,3,640,299.726760151,106.874474871,95.4222223336,16,22,31.92,87.686588
NEMO,ARXIV,222,16,4,7,9,3,1,512,360.512606087,106.868358866,101.974624828,10,12,209.92,56.5060024
NEMO,ARXIV,1326,16,2,9,5,3,5,256,290.950851397,106.868126368,106.089582465,6,13,299.63,51.9756395556
NEMO,ARXIV,1327,16,2,9,5,5,3,256,290.950851397,106.868126368,106.089582465,6,13,448.17,38.8041934286
NEMO,ARXIV,1328,16,2,9,5,7,1,256,290.950851397,106.868126368,106.089582465,6,13,478.91,31.7862272
NEMO,ARXIV,921,8,6,3,9,3,3,512,305.799875925,106.423250657,101.146108825,10,12,353.49,56.721134
NEMO,ARXIV,292,16,4,7,7,3,3,384,351.330984772,106.345757054,103.110845157,8,11,37.51,74.072164
NEMO,ARXIV,293,16,4,7,7,5,1,384,351.330984772,106.345757054,103.110845157,8,11,377.43,63.0446568
NEMO,ARXIV,520,16,2,5,13,3,1,384,331.000709666,106.247868974,98.3880642807,13,21,291.25,66.5266608
NEMO,ARXIV,922,8,6,3,9,5,1,512,305.799875925,106.232073452,101.146108825,10,12,310.77,55.01200075
NEMO,ARXIV,924,8,8,3,9,3,1,512,305.799875925,106.232073452,101.146108825,10,12,384.9,51.7774296842
NEMO,ARXIV,1697,32,4,13,3,3,1,512,277.433024617,106.128353736,103.6,2,17,42.41,7.5980208
NEMO,ARXIV,1280,32,4,7,5,3,5,256,292.008787803,105.972772718,103.459647345,7,15,70.69,70.819796
NEMO,ARXIV,753,16,4,3,11,5,1,384,317.159562145,105.920375142,99.2478582551,12,14,151.43,78.007243
NEMO,ARXIV,1281,32,4,7,5,5,3,256,292.008787803,105.83128704,103.459647345,6,14,72.05,68.268296
NEMO,ARXIV,1282,32,4,7,5,7,1,256,292.008787803,105.83128704,103.459647345,6,14,0.64,90.4785
NEMO,ARXIV,453,16,4,5,9,5,1,384,335.067018951,105.792214313,100.83849992,10,12,388.87,78.8646864615
NEMO,ARXIV,168,16,4,3,13,3,1,256,367.597448267,105.572080022,98.6935421998,14,15,49.61,83.0306426667
NEMO,ARXIV,866,16,2,11,7,3,1,640,310.273345794,105.518398184,99.8147009847,7,9,150.9,41.5642253333
NEMO,ARXIV,1700,8,6,13,3,1,1,640,277.17675178,105.367567958,103.6,2,17,103.92,61.2285692222
NEMO,ARXIV,1959,8,8,11,3,1,1,640,270.414348728,105.367567958,103.6,2,17,37.34,75.8445195789
NEMO,ARXIV,1891,4,4,17,1,1,1,512,272.982523154,105.357937719,105.31146628,5,5,96.49,41.8055201333
NEMO,ARXIV,1611,64,4,11,3,5,1,256,280.628485452,105.351821604,103.6,2,17,24.32,7.586104
NEMO,ARXIV,1748,16,4,15,3,1,1,384,276.42193063,105.323201698,103.6,2,17,106.64,29.3110267429
NEMO,ARXIV,1830,32,6,11,3,3,1,512,274.668773071,105.303983899,103.6,2,17,9.79,8.050823
NEMO,ARXIV,1296,8,6,7,3,1,7,512,291.563287258,105.030579984,103.815394283,7,9,105.83,76.2961126667
NEMO,ARXIV,1300,8,8,7,3,1,5,512,291.563287258,105.030579984,103.815394283,7,9,116.72,68.172386
NEMO,ARXIV,1303,8,10,7,3,1,3,512,291.563287258,105.030579984,103.815394283,7,9,83.23,47.6816706667
NEMO,ARXIV,1107,8,6,5,7,1,5,640,297.973482896,105.019820209,100.798799153,10,12,39.83,83.4578506667
NEMO,ARXIV,1110,8,8,5,7,1,3,640,297.973482896,105.019820209,100.798799153,10,12,55.82,66.854469
NEMO,ARXIV,668,16,4,7,7,1,5,512,322.057342118,104.858934596,100.158885701,11,13,26.22,87.703772
NEMO,ARXIV,915,16,4,5,9,1,5,512,306.548691776,104.858934596,98.3431465734,12,14,24.86,90.223872
NEMO,ARXIV,69,16,4,15,1,1,3,384,389.361014693,104.754946186,104.360465834,5,7,106.64,29.3110267429
NEMO,ARXIV,505,32,4,15,1,3,1,256,331.690831762,104.699401617,104.308561412,2,10,25.15,7.0683784
NEMO,ARXIV,638,32,6,13,1,3,1,256,323.062507694,104.699401617,104.308561412,2,10,9.79,6.0700195
NEMO,ARXIV,291,16,2,5,13,1,3,256,351.396211637,104.683478532,99.2383961218,19,19,52.64,84.935752
NEMO,ARXIV,1297,8,6,7,3,3,5,512,291.563287258,104.682412315,103.931450172,4,7,380.24,40.6397873043
NEMO,ARXIV,1298,8,6,7,3,5,3,512,291.563287258,104.682412315,103.931450172,4,7,457.7,28.2111867143
NEMO,ARXIV,1299,8,6,7,3,7,1,512,291.563287258,104.682412315,103.931450172,4,7,450.55,26.8898367143
NEMO,ARXIV,1301,8,8,7,3,3,3,512,291.563287258,104.682412315,103.931450172,4,7,394.94,35.8741248696
NEMO,ARXIV,1302,8,8,7,3,5,1,512,291.563287258,104.682412315,103.931450172,4,7,433.21,23.857177
NEMO,ARXIV,1304,8,10,7,3,3,1,512,291.563287258,104.682412315,103.931450172,4,7,366.87,30.709711
NEMO,ARXIV,442,16,4,9,5,1,5,512,336.103144683,104.518483509,101.407206351,9,11,42.1,0.166164
NEMO,ARXIV,1350,8,4,3,9,3,5,384,289.333265662,104.487548768,101.21093574,10,14,380.57,59.1007366957
NEMO,ARXIV,1351,8,4,3,9,5,3,384,289.333265662,104.487548768,101.21093574,10,14,366.75,59.0333519053
NEMO,ARXIV,1352,8,4,3,9,7,1,384,289.333265662,104.401112971,101.21093574,10,14,348.73,59.1073009091
NEMO,ARXIV,1108,8,6,5,7,3,3,640,297.973482896,104.208408795,100.914715069,8,10,328.96,56.1263143158
NEMO,ARXIV,1109,8,6,5,7,5,1,640,297.973482896,104.208408795,100.914715069,8,10,483.85,37.14540576
NEMO,ARXIV,1111,8,8,5,7,3,1,640,297.973482896,104.208408795,100.914715069,8,10,400.83,43.7265412
NEMO,ARXIV,819,32,8,11,1,3,1,256,312.303747768,104.133458906,103.7426187,2,10,7.9,6.19468
NEMO,ARXIV,1068,8,6,1,13,3,1,640,299.726760151,104.113058904,95.4222223336,14,20,94.78,51.4641928
NEMO,ARXIV,1349,8,4,3,9,1,7,384,289.333265662,103.905039785,100.337172266,11,15,41.22,74.783068
NEMO,ARXIV,916,16,4,5,9,3,3,512,306.548691776,103.837581337,98.6835976598,10,12,154.09,46.3024
NEMO,ARXIV,917,16,4,5,9,5,1,512,306.548691776,103.577331698,98.6835976598,10,12,209.93,68.6258994286
NEMO,ARXIV,1552,16,6,7,5,3,3,640,282.819888232,103.528528545,100.573153929,6,18,30.9,84.330832
NEMO,ARXIV,1553,16,6,7,5,5,1,640,282.819888232,103.528528545,100.573153929,6,18,422.87,58.0558552
NEMO,ARXIV,1554,16,8,7,5,3,1,640,282.819888232,103.528528545,100.573153929,6,18,30.9,77.172532
NEMO,ARXIV,1519,8,6,5,5,1,7,384,283.991467458,103.520276855,101.650594491,7,15,77.71,80.3764872
NEMO,ARXIV,1523,8,8,5,5,1,5,384,283.991467458,103.520276855,101.650594491,7,15,109.13,74.3797786667
NEMO,ARXIV,1526,8,10,5,5,1,3,384,283.991467458,103.520276855,101.650594491,7,15,111.8,77.5249314286
NEMO,ARXIV,669,16,4,7,7,3,3,512,322.057342118,103.49713025,100.272369396,8,10,210.03,56.5060024
NEMO,ARXIV,670,16,4,7,7,5,1,512,322.057342118,103.49713025,100.272369396,8,10,435.85,60.798911
NEMO,ARXIV,741,32,4,15,1,3,1,384,317.44433848,103.41675687,102.689695987,2,14,40.85,6.8453908
NEMO,ARXIV,645,16,2,17,1,1,3,256,322.87049175,103.327202714,103.171493933,8,8,74.26,28.0552826667
NEMO,ARXIV,720,32,6,13,1,3,1,384,319.275653533,103.312573615,102.71192466,2,14,87.82,52.5992328
NEMO,ARXIV,443,16,4,9,5,3,3,512,336.103144683,103.270162859,101.520690046,6,8,156.19,25.180506
NEMO,ARXIV,444,16,4,9,5,5,1,512,336.103144683,103.270162859,101.520690046,6,8,522.57,56.8367694286
NEMO,ARXIV,1643,16,2,11,3,1,7,384,279.517136469,103.26395454,98.3341728384,7,12,44.3,5.34907422222
NEMO,ARXIV,1520,8,6,5,5,3,5,384,283.991467458,103.22948956,101.74752359,6,14,440.57,39.507009913
NEMO,ARXIV,1521,8,6,5,5,5,3,384,283.991467458,103.22948956,101.74752359,6,14,518.73,30.4795308
NEMO,ARXIV,1522,8,6,5,5,7,1,384,283.991467458,103.22948956,101.74752359,6,14,533.39,29.2917169032
NEMO,ARXIV,1524,8,8,5,5,3,3,384,283.991467458,103.22948956,101.74752359,6,14,446.29,32.4110838261
NEMO,ARXIV,1525,8,8,5,5,5,1,384,283.991467458,103.22948956,101.74752359,6,14,521.95,27.2190974667
NEMO,ARXIV,1527,8,10,5,5,3,1,384,283.991467458,103.22948956,101.74752359,6,14,453.1,26.8842295
NEMO,ARXIV,1644,16,2,11,3,3,5,384,279.517136469,103.095283291,98.5287486616,4,9,347.19,50.086699082
NEMO,ARXIV,1645,16,2,11,3,5,3,384,279.517136469,103.095283291,98.5287486616,4,9,402.44,37.35128601
NEMO,ARXIV,1646,16,2,11,3,7,1,384,279.517136469,103.095283291,98.5287486616,4,9,370.06,36.0513231304
NEMO,ARXIV,1535,8,6,9,1,1,7,640,283.43617176,103.078146908,102.68235109,5,7,54.97,86.8859648
NEMO,ARXIV,1539,8,8,9,1,1,5,640,283.43617176,103.078146908,102.68235109,5,7,17.87,77.761398
NEMO,ARXIV,1542,8,10,9,1,1,3,640,283.43617176,103.078146908,102.68235109,5,7,58.84,53.535786
NEMO,ARXIV,1536,8,6,9,1,3,5,640,283.43617176,103.049156257,102.885192272,3,5,206.84,54.9132136842
NEMO,ARXIV,1537,8,6,9,1,5,3,640,283.43617176,103.049156257,102.885192272,3,5,253.52,32.0284482
NEMO,ARXIV,1538,8,6,9,1,7,1,640,283.43617176,103.049156257,102.885192272,3,5,259.58,27.5411882
NEMO,ARXIV,1540,8,8,9,1,3,3,640,283.43617176,103.049156257,102.885192272,3,5,225.86,46.0141651111
NEMO,ARXIV,1541,8,8,9,1,5,1,640,283.43617176,103.049156257,102.885192272,3,5,244.78,28.3261206667
NEMO,ARXIV,1543,8,10,9,1,3,1,640,283.43617176,103.049156257,102.885192272,3,5,233.08,38.3986209412
NEMO,ARXIV,674,16,4,9,3,1,7,384,321.988219041,102.823621938,101.406586229,6,8,106.64,29.3110267429
NEMO,ARXIV,1976,16,6,7,3,1,7,512,269.848884722,102.654398466,100.580329878,6,18,26.22,87.703772
NEMO,ARXIV,544,16,8,11,1,1,3,256,329.508540358,102.632982084,102.35959277,7,7,74.67,26.3559792
NEMO,ARXIV,908,8,4,1,15,1,3,640,306.921859583,102.601450497,93.1484465533,18,21,14.38,94.245128
NEMO,ARXIV,675,16,4,9,3,3,5,384,321.988219041,102.596387414,101.861055277,4,6,254.05,43.4892521132
NEMO,ARXIV,676,16,4,9,3,5,3,384,321.988219041,102.596387414,101.861055277,4,6,279.69,32.6941166729
NEMO,ARXIV,677,16,4,9,3,7,1,384,321.988219041,102.596387414,101.861055277,4,6,382.46,38.6736525249
NEMO,ARXIV,867,16,4,9,5,1,5,640,310.19716487,102.548659613,99.4501519103,9,11,42.1,0.1845
NEMO,ARXIV,1001,64,2,13,1,7,1,256,302.317141895,102.539540235,102.234592123,2,8,19.99,18.0622465
NEMO,ARXIV,2040,16,10,5,7,1,1,256,268.149610614,102.52099259,100.940610764,8,19,23.1,88.669316
NEMO,ARXIV,781,16,2,5,11,1,5,256,315.294797558,102.248765879,97.8889200239,17,22,52.64,84.935752
NEMO,ARXIV,449,16,4,9,7,1,3,640,335.482439594,102.208719305,98.0342695785,11,14,42.1,0.1845
NEMO,ARXIV,882,16,4,7,5,3,5,384,308.601575528,102.141918367,100.384030873,6,8,37.51,74.072164
NEMO,ARXIV,883,16,4,7,5,5,3,384,308.601575528,102.141918367,100.384030873,6,8,376.69,63.0446568
NEMO,ARXIV,884,16,4,7,5,7,1,384,308.601575528,102.141918367,100.384030873,6,8,530.51,45.4630855
NEMO,ARXIV,1977,16,6,7,3,3,5,512,269.848884722,102.113162622,100.760741827,4,16,343.51,56.8993613333
NEMO,ARXIV,1978,16,6,7,3,5,3,512,269.848884722,102.113162622,100.760741827,4,16,466.26,50.0081596667
NEMO,ARXIV,1979,16,6,7,3,7,1,512,269.848884722,102.113162622,100.760741827,4,16,538.35,41.7356274667
NEMO,ARXIV,1980,16,8,7,3,3,3,512,269.848884722,102.113162622,100.760741827,4,16,83.19,27.717068
NEMO,ARXIV,1981,16,8,7,3,5,1,512,269.848884722,102.113162622,100.760741827,4,16,493.7,46.0659255385
NEMO,ARXIV,1982,16,10,7,3,3,1,512,269.848884722,102.113162622,100.760741827,4,16,400.85,59.657596
NEMO,ARXIV,1607,8,4,5,7,1,7,512,280.68636016,102.096972785,99.4772357788,11,14,68.05,69.331913
NEMO,ARXIV,1257,16,4,5,7,5,3,384,293.183003519,101.914683844,98.6797719461,8,10,387.55,78.8645556923
NEMO,ARXIV,1258,16,4,5,7,7,1,384,293.183003519,101.914683844,98.6797719461,8,10,496.13,53.9894807287
NEMO,ARXIV,278,16,4,15,1,1,3,512,352.139615505,101.908358514,101.520690046,4,6,44.66,8.14292155556
NEMO,ARXIV,824,32,8,11,1,3,1,384,311.861962934,101.820096628,101.219447674,2,14,7.9,7.01956333333
NEMO,ARXIV,1608,8,4,5,7,3,5,512,280.68636016,101.660349951,99.6227767236,8,12,382.12,56.8522718095
NEMO,ARXIV,1609,8,4,5,7,5,3,512,280.68636016,101.660349951,99.6227767236,8,12,529.62,39.1761684292
NEMO,ARXIV,1610,8,4,5,7,7,1,512,280.68636016,101.660349951,99.6227767236,8,12,560.58,36.7918749367
NEMO,ARXIV,782,16,2,5,11,3,3,256,315.294797558,101.522124903,98.0965317313,12,19,338.25,50.5517075556
NEMO,ARXIV,1142,16,2,11,5,1,5,512,296.970733073,101.47019352,95.7119156671,11,13,44.37,1.13986352941
NEMO,ARXIV,901,16,4,11,1,1,7,512,307.4482794,101.454423732,100.953271569,5,7,44.66,8.14292155556
NEMO,ARXIV,1910,16,6,3,9,3,3,512,271.905330654,101.391514829,93.0030280585,10,22,68.81,71.234118
NEMO,ARXIV,1590,16,2,13,1,3,5,384,281.96331705,101.332440441,97.1810453232,4,5,196.49,39.8014831287
NEMO,ARXIV,1591,16,2,13,1,5,3,384,281.96331705,101.332440441,97.1810453232,4,5,282.39,36.5289619152
NEMO,ARXIV,1592,16,2,13,1,7,1,384,281.96331705,101.332440441,97.1810453232,4,5,285.55,33.3943140331
NEMO,ARXIV,868,16,4,9,5,3,3,640,310.19716487,101.302211817,99.5634653464,6,8,42.1,0.1845
NEMO,ARXIV,869,16,4,9,5,5,1,640,310.19716487,101.302211817,99.5634653464,6,8,192.19,55.302968
NEMO,ARXIV,902,16,4,11,1,3,5,512,307.4482794,101.227456341,101.066755264,2,4,187.19,43.1403858286
NEMO,ARXIV,903,16,4,11,1,5,3,512,307.4482794,101.227456341,101.066755264,2,4,283.63,33.681215929
NEMO,ARXIV,904,16,4,11,1,7,1,512,307.4482794,101.227456341,101.066755264,2,4,274.19,33.8809320649
NEMO,ARXIV,1589,16,2,13,1,1,7,384,281.96331705,101.215744922,97.0124573654,8,9,44.3,5.34907422222
NEMO,ARXIV,1457,8,6,1,11,1,5,512,285.375209644,101.200735631,93.0213016973,13,19,28.47,71.774168
NEMO,ARXIV,783,16,2,5,11,5,1,256,315.294797558,101.19180771,98.0965317313,12,19,425.42,50.2449077143
NEMO,ARXIV,683,16,4,9,3,3,5,256,321.180788208,101.154046022,100.607267395,4,7,270.34,49.7648435
NEMO,ARXIV,684,16,4,9,3,5,3,256,321.180788208,101.154046022,100.607267395,4,7,396.6,59.633423
NEMO,ARXIV,685,16,4,9,3,7,1,256,321.180788208,101.154046022,100.607267395,4,7,444.58,39.95075425
NEMO,ARXIV,687,16,6,9,3,3,3,256,321.180788208,101.154046022,100.607267395,4,7,335.33,54.270584
NEMO,ARXIV,688,16,6,9,3,5,1,256,321.180788208,101.154046022,100.607267395,4,7,449.7,37.2214472
NEMO,ARXIV,690,16,8,9,3,3,1,256,321.180788208,101.154046022,100.607267395,4,7,342.4,46.8614578182
NEMO,ARXIV,389,16,4,5,9,1,5,256,340.885359727,101.062916251,95.8685192928,12,13,13.16,94.19768
NEMO,ARXIV,392,16,6,5,9,1,3,256,340.885359727,101.062916251,95.8685192928,12,13,52.64,84.935752
NEMO,ARXIV,1143,16,2,11,5,3,3,512,296.970733073,101.003306127,95.9712975524,5,9,178.71,44.7293637612
NEMO,ARXIV,1144,16,2,11,5,5,1,512,296.970733073,101.003306127,95.9712975524,5,9,395.94,36.0377608889
NEMO,ARXIV,1176,16,4,9,3,1,7,512,296.260889945,101.00048895,99.5914672234,8,9,42.1,0.166164
NEMO,ARXIV,1199,16,4,7,7,5,1,640,295.781230353,100.962271509,97.6943292704,8,12,176.75,73.5317728
NEMO,ARXIV,1458,8,6,1,11,3,3,512,285.375209644,100.852567962,93.0213016973,12,18,28.68,68.905034
NEMO,ARXIV,682,16,4,9,3,1,7,256,321.180788208,100.607267395,99.5137101405,6,9,48.98,47.908474
NEMO,ARXIV,686,16,6,9,3,1,5,256,321.180788208,100.607267395,99.5137101405,6,9,64.33,45.392892
NEMO,ARXIV,689,16,8,9,3,1,3,256,321.180788208,100.607267395,99.5137101405,6,9,70.95,33.777492
NEMO,ARXIV,2048,8,10,5,7,1,1,640,267.833876398,100.499099472,98.0051051404,8,21,42.2,69.3914
NEMO,ARXIV,1177,16,4,9,3,3,5,512,296.260889945,100.433070473,99.7049509188,4,6,156.19,25.180506
NEMO,ARXIV,1178,16,4,9,3,5,3,512,296.260889945,100.433070473,99.7049509188,4,6,471.55,58.0295194286
NEMO,ARXIV,1179,16,4,9,3,7,1,512,296.260889945,100.433070473,99.7049509188,4,6,416.89,45.9661608
NEMO,ARXIV,1911,16,6,3,9,5,1,512,271.905330654,100.196818301,93.0030280585,10,22,247.86,77.9465354286
NEMO,ARXIV,1912,16,8,3,9,3,1,512,271.905330654,100.196818301,93.0030280585,10,22,104.32,80.388404
NEMO,ARXIV,390,16,4,5,9,3,3,256,340.885359727,100.151618539,96.0507788352,10,11,228.61,59.4863011429
NEMO,ARXIV,1718,16,4,9,1,1,9,384,276.853714775,100.096807655,99.7023273023,4,6,106.64,29.3110267429
NEMO,ARXIV,391,16,4,5,9,5,1,256,340.885359727,100.044713838,96.0507788352,10,11,486.69,53.9463048571
NEMO,ARXIV,393,16,6,5,9,3,1,256,340.885359727,100.044713838,96.0507788352,10,11,348.4,51.6510964444
NEMO,ARXIV,1702,8,6,5,5,1,7,512,276.949759818,100.040176736,97.7795931662,7,11,105.83,76.2961126667
NEMO,ARXIV,1706,8,8,5,5,1,5,512,276.949759818,100.040176736,97.7795931662,7,11,116.72,68.172386
NEMO,ARXIV,1709,8,10,5,5,1,3,512,276.949759818,100.040176736,97.7795931662,7,11,83.23,47.6816706667
NEMO,ARXIV,1459,8,6,1,11,5,1,512,285.375209644,100.005989993,93.0213016973,12,18,28.68,68.905034
NEMO,ARXIV,1460,8,8,1,11,3,1,512,285.375209644,100.005989993,93.0213016973,12,18,31.52,75.740176
NEMO,ARXIV,1719,16,4,9,1,3,7,384,276.853714775,99.9831903928,99.8159445642,2,4,174.04,36.7448136
NEMO,ARXIV,1720,16,4,9,1,5,5,384,276.853714775,99.9831903928,99.8159445642,2,4,281.57,35.1513010323
NEMO,ARXIV,1721,16,4,9,1,7,3,384,276.853714775,99.9831903928,99.8159445642,2,4,253.09,29.4416327527
NEMO,ARXIV,1722,16,4,9,1,9,1,384,276.853714775,99.9831903928,99.8159445642,2,4,251.64,28.6598408172
NEMO,ARXIV,909,8,4,1,15,3,1,640,306.921859583,99.9312246067,93.2938773832,16,19,65.36,76.1855472
NEMO,ARXIV,1703,8,6,5,5,3,5,512,276.949759818,99.9241208462,98.1277608346,6,10,409.42,46.4963605455
NEMO,ARXIV,1704,8,6,5,5,5,3,512,276.949759818,99.9241208462,98.1277608346,6,10,515.83,33.3706374815
NEMO,ARXIV,1705,8,6,5,5,7,1,512,276.949759818,99.9241208462,98.1277608346,6,10,521.41,33.075756
NEMO,ARXIV,1707,8,8,5,5,3,3,512,276.949759818,99.9241208462,98.1277608346,6,10,444.58,36.1108133913
NEMO,ARXIV,1708,8,8,5,5,5,1,512,276.949759818,99.9241208462,98.1277608346,6,10,496.52,28.9817573846
NEMO,ARXIV,1710,8,10,5,5,3,1,512,276.949759818,99.9241208462,98.1277608346,6,10,416.21,31.5501992381
NEMO,ARXIV,1348,16,4,3,11,5,1,512,289.639811209,99.7990875005,93.0900216898,12,18,194.53,69.8508584
NEMO,ARXIV,1547,16,4,7,5,1,7,512,283.22800591,99.638684605,96.9484673351,8,12,26.22,87.703772
NEMO,ARXIV,1504,32,6,11,1,3,3,512,284.684859315,99.5278160056,98.7240455376,4,12,9.79,8.050823
NEMO,ARXIV,1427,16,4,11,1,1,7,640,286.111587948,99.4891968401,98.9968981662,5,7,44.43,5.69702988235
NEMO,ARXIV,1596,32,4,11,1,3,5,512,281.531166866,99.4675783967,98.7038766953,4,12,42.41,8.1567008
NEMO,ARXIV,1100,8,6,1,11,3,3,384,298.213078839,99.4492547313,93.0239047535,12,18,23.04,78.466012
NEMO,ARXIV,1505,32,6,11,1,5,1,512,284.684859315,99.3797091365,98.8721524066,2,10,91.1,59.6721416
NEMO,ARXIV,1941,8,6,7,3,1,7,640,270.802987846,99.3399403084,98.0882884095,6,10,43.33,78.541976
NEMO,ARXIV,1945,8,8,7,3,1,5,640,270.802987846,99.3399403084,98.0882884095,6,10,43.33,68.9871093333
NEMO,ARXIV,1948,8,10,7,3,1,3,640,270.802987846,99.3399403084,98.0882884095,6,10,67.33,75.4012096
NEMO,ARXIV,2024,8,10,5,7,1,1,256,268.502178335,99.3308683375,98.4130777916,8,15,146.07,72.1554764444
NEMO,ARXIV,1597,32,4,11,1,5,3,512,281.531166866,99.319561167,98.8518939251,2,10,111.94,51.2383568571
NEMO,ARXIV,1598,32,4,11,1,7,1,512,281.531166866,99.319561167,98.8518939251,2,10,99.68,36.8009008633
NEMO,ARXIV,1428,16,4,11,1,3,5,640,286.111587948,99.262569968,99.1102116022,2,4,156.95,54.9247652394
NEMO,ARXIV,1429,16,4,11,1,5,3,640,286.111587948,99.262569968,99.1102116022,2,4,266.42,33.2388790588
NEMO,ARXIV,1430,16,4,11,1,7,1,640,286.111587948,99.262569968,99.1102116022,2,4,251.39,31.5826926486
NEMO,ARXIV,954,4,8,1,13,1,1,640,304.427302533,99.1478331738,94.2060154688,17,22,93.08,69.448642
NEMO,ARXIV,1913,8,4,7,5,1,7,640,271.847132939,99.0383951643,97.3659406205,8,12,44.42,78.4928213333
NEMO,ARXIV,1993,16,6,1,11,3,3,384,269.407099315,98.910275903,88.3532243317,12,24,29.47,78.419128
NEMO,ARXIV,1942,8,6,7,3,3,5,640,270.802987846,98.876276643,98.0882884095,4,8,301.74,58.5486852
NEMO,ARXIV,1943,8,6,7,3,5,3,640,270.802987846,98.876276643,98.0882884095,4,8,427.97,30.2743216
NEMO,ARXIV,1944,8,6,7,3,7,1,640,270.802987846,98.876276643,98.0882884095,4,8,443.18,28.9570715556
NEMO,ARXIV,1946,8,8,7,3,3,3,640,270.802987846,98.876276643,98.0882884095,4,8,352.17,42.2701462
NEMO,ARXIV,1947,8,8,7,3,5,1,640,270.802987846,98.876276643,98.0882884095,4,8,429.62,26.6004881667
NEMO,ARXIV,1949,8,10,7,3,3,1,640,270.802987846,98.876276643,98.0882884095,4,8,358.85,35.4714512
NEMO,ARXIV,1101,8,6,1,11,5,1,384,298.213078839,98.8329229098,93.0239047535,12,18,23.04,78.466012
NEMO,ARXIV,1102,8,8,1,11,3,1,384,298.213078839,98.8329229098,93.0239047535,12,18,45.1,75.4337066667
NEMO,ARXIV,1548,16,4,7,5,3,5,512,283.22800591,98.7308150414,96.9484673351,6,10,210.03,56.5060024
NEMO,ARXIV,1549,16,4,7,5,5,3,512,283.22800591,98.7308150414,96.9484673351,6,10,435.85,60.798911
NEMO,ARXIV,1550,16,4,7,5,7,1,512,283.22800591,98.7308150414,96.9484673351,6,10,491.01,47.3699649461
NEMO,ARXIV,585,16,4,15,1,1,3,640,326.858246474,98.6960027878,98.2608964506,4,8,44.43,5.69702988235
NEMO,ARXIV,1914,8,4,7,5,3,5,640,271.847132939,98.6021026746,97.5113714504,6,10,297.2,53.4980392941
NEMO,ARXIV,1915,8,4,7,5,5,3,640,271.847132939,98.6021026746,97.5113714504,6,10,553.82,34.0672196744
NEMO,ARXIV,1916,8,4,7,5,7,1,640,271.847132939,98.6021026746,97.5113714504,6,10,506.22,31.2076495372
NEMO,ARXIV,1960,8,4,1,11,1,7,256,270.388416289,98.5726174342,94.5480549472,13,24,10.66,93.057012
NEMO,ARXIV,1964,8,6,1,11,1,5,256,270.388416289,98.5726174342,94.5480549472,13,24,36.92,61.856488
NEMO,ARXIV,1967,8,8,1,11,1,3,256,270.388416289,98.5726174342,94.5480549472,13,24,59.93,80.653655
NEMO,ARXIV,1961,8,4,1,11,3,5,256,270.388416289,98.455963449,94.6063819398,12,23,58.2,57.767801
NEMO,ARXIV,1962,8,4,1,11,5,3,256,270.388416289,98.455963449,94.6063819398,12,23,58.2,57.767801
NEMO,ARXIV,1965,8,6,1,11,3,3,256,270.388416289,98.455963449,94.6063819398,12,23,63.55,58.498067
NEMO,ARXIV,1818,32,4,5,7,5,3,256,275.052604592,98.3325461137,94.1215926059,8,16,72.05,68.268296
NEMO,ARXIV,1226,8,4,1,13,1,5,512,294.758248061,98.1673672755,91.1086314521,17,19,37.98,81.01818
NEMO,ARXIV,1963,8,4,1,11,7,1,256,270.388416289,98.0833889408,94.6063819398,12,23,58.2,57.767801
NEMO,ARXIV,1966,8,6,1,11,5,1,256,270.388416289,98.0833889408,94.6063819398,12,23,63.5,58.498067
NEMO,ARXIV,1968,8,8,1,11,3,1,256,270.388416289,98.0833889408,94.6063819398,12,23,42.36,59.64
NEMO,ARXIV,1651,8,6,3,9,3,3,640,279.231087518,97.9489493122,92.5243244249,10,16,307.71,61.8442487059
NEMO,ARXIV,1652,8,6,3,9,5,1,640,279.231087518,97.7239728215,92.5243244249,10,16,319.12,42.15819525
NEMO,ARXIV,1654,8,8,3,9,3,1,640,279.231087518,97.7239728215,92.5243244249,10,16,336.73,49.1879018824
NEMO,ARXIV,1336,64,2,13,1,5,3,256,290.431113285,97.68633384,97.0080621597,4,12,19.99,15.7715715
NEMO,ARXIV,1227,8,4,1,13,3,3,512,294.758248061,97.6579739686,91.0358609797,14,17,45.19,76.7533493333
NEMO,ARXIV,1650,8,6,3,9,1,5,640,279.231087518,97.4852856468,91.5969970942,11,17,11.49,67.10564
NEMO,ARXIV,1653,8,8,3,9,1,3,640,279.231087518,97.4852856468,91.5969970942,11,17,68.98,78.240248
NEMO,ARXIV,1994,16,6,1,11,5,1,384,269.407099315,97.4702701957,88.3532243317,12,24,29.46,78.445628
NEMO,ARXIV,1995,16,8,1,11,3,1,384,269.407099315,97.4702701957,88.3532243317,12,24,25.98,95.909328
NEMO,ARXIV,1329,64,2,11,3,5,3,256,290.944964939,97.1885690816,95.3903266948,6,14,19.99,15.7715715
NEMO,ARXIV,1454,4,10,3,9,1,1,640,285.492825269,96.8759662291,93.9092621708,13,18,158.51,56.9842623158
NEMO,ARXIV,1228,8,4,1,13,5,1,512,294.758248061,96.5258876598,91.0358609797,14,17,45.17,76.7533493333
NEMO,ARXIV,1817,32,4,5,7,3,5,256,275.052604592,96.4932323015,92.2822787937,8,16,70.69,70.819796
NEMO,ARXIV,1717,4,10,1,11,1,1,640,276.868352885,96.4168507249,92.128742383,16,24,39.65,70.5357353333
NEMO,ARXIV,1779,16,4,3,9,5,3,384,275.817664134,96.2338207531,90.9638839073,10,16,151.55,78.007243
NEMO,ARXIV,1838,16,4,9,3,3,5,640,274.355022279,96.203107195,95.4280605497,4,8,42.1,0.1845
NEMO,ARXIV,1839,16,4,9,3,5,3,640,274.355022279,96.203107195,95.4280605497,4,8,192.19,55.302968
NEMO,ARXIV,1840,16,4,9,3,7,1,640,274.355022279,96.203107195,95.4280605497,4,8,378.74,50.536442
NEMO,ARXIV,950,16,2,7,9,3,3,384,304.790674514,96.1566894051,93.8215296516,10,17,236.45,69.825608
NEMO,ARXIV,1671,64,4,11,1,3,5,256,278.401824236,96.1407333763,95.0481902328,6,14,22.61,11.657974
NEMO,ARXIV,951,16,2,7,9,5,1,384,304.790674514,96.0955149562,93.8215296516,10,17,444.55,38.304812511
NEMO,ARXIV,1780,16,4,3,9,7,1,384,275.817664134,96.0211297971,90.9638839073,10,16,278.99,73.6219025
NEMO,ARXIV,1004,32,4,13,1,3,3,640,301.768991445,95.8799603562,95.2322159261,4,12,42.41,8.893892
NEMO,ARXIV,1837,16,4,9,3,1,7,640,274.355022279,95.8631668869,94.4082396254,6,10,42.1,0.1845
NEMO,ARXIV,1673,64,4,11,1,7,1,256,278.401824236,95.8528868692,95.3360367399,2,10,1.53,9.610924
NEMO,ARXIV,760,16,2,7,11,3,1,512,316.783326748,95.8488080112,88.5529756335,11,15,379.29,40.700396
NEMO,ARXIV,1637,16,4,5,9,5,1,640,280.011884286,95.7922178952,90.8955231082,10,16,149.66,58.74461
NEMO,ARXIV,1250,4,6,15,1,1,1,640,293.689273691,95.5151542525,95.2599282931,4,9,105.83,33.3515898
NEMO,ARXIV,1606,4,8,13,1,1,1,640,281.016952237,95.5151542525,95.2599282931,4,9,95.35,44.4051245714
NEMO,ARXIV,1672,64,4,11,1,5,3,256,278.401824236,94.9893473479,94.328573965,3,11,22.67,8.690584
NEMO,ARXIV,855,16,4,7,5,1,7,256,310.46902131,94.9572215809,92.8612368435,8,9,45.09,89.303124
NEMO,ARXIV,859,16,6,7,5,1,5,256,310.46902131,94.9572215809,92.8612368435,8,9,80.34,75.7017293333
NEMO,ARXIV,862,16,8,7,5,1,3,256,310.46902131,94.9572215809,92.8612368435,8,9,35.64,42.229016
NEMO,ARXIV,615,16,4,3,11,1,5,256,324.867785916,94.7749620386,88.0313589704,14,15,11.51,94.61128
NEMO,ARXIV,856,16,4,7,5,3,5,256,310.46902131,94.4104429538,93.0434963859,6,7,345.44,67.3561076364
NEMO,ARXIV,857,16,4,7,5,5,3,256,310.46902131,94.4104429538,93.0434963859,6,7,494.54,55.88227925
NEMO,ARXIV,858,16,4,7,5,7,1,256,310.46902131,94.4104429538,93.0434963859,6,7,557.4,39.3217910588
NEMO,ARXIV,860,16,6,7,5,3,3,256,310.46902131,94.4104429538,93.0434963859,6,7,334.32,34.9561455
NEMO,ARXIV,861,16,6,7,5,5,1,256,310.46902131,94.4104429538,93.0434963859,6,7,480.4,45.1037468571
NEMO,ARXIV,863,16,8,7,5,3,1,256,310.46902131,94.4104429538,93.0434963859,6,7,299.79,47.1229735
NEMO,ARXIV,1461,8,4,3,11,1,5,640,285.365767697,94.2391777775,88.8582370711,14,17,27.94,70.167952
NEMO,ARXIV,616,16,4,3,11,3,3,256,324.867785916,94.045923869,88.0313589704,12,13,49.61,83.0306426667
NEMO,ARXIV,1369,16,2,15,1,3,3,640,288.309771236,94.0216613063,89.6142589252,4,9,203.29,38.7176165176
NEMO,ARXIV,1370,16,2,15,1,5,1,640,288.309771236,94.0216613063,89.6142589252,4,9,278.43,35.1165000268
NEMO,ARXIV,2027,16,4,5,7,1,7,512,268.443691656,93.9644998325,89.6855108263,10,16,24.86,90.223872
NEMO,ARXIV,1462,8,4,3,11,3,3,640,285.365767697,93.7301698729,88.930952486,12,15,283.32,70.33816425
NEMO,ARXIV,1368,16,2,15,1,1,5,640,288.309771236,93.6718651613,89.1607591948,8,13,46.05,0.947221263158
NEMO,ARXIV,617,16,4,3,11,5,1,256,324.867785916,93.4675953833,88.0313589704,12,13,314.93,76.069504
NEMO,ARXIV,618,16,6,3,11,3,1,256,324.867785916,93.4675953833,88.0313589704,12,13,299.88,69.1786404444
NEMO,ARXIV,1662,64,2,13,1,7,1,384,278.905428477,93.3821329258,93.0043056052,2,10,1.98,18.647088
NEMO,ARXIV,1463,8,4,3,11,5,1,640,285.365767697,93.2676419071,88.930952486,12,15,348.69,57.979672
NEMO,ARXIV,2028,16,4,5,7,3,5,512,268.443691656,93.0566302689,89.6855108263,8,16,154.09,46.3024
NEMO,ARXIV,2029,16,4,5,7,5,3,512,268.443691656,93.0566302689,89.6855108263,8,16,209.93,68.6258994286
NEMO,ARXIV,2030,16,4,5,7,7,1,512,268.443691656,93.0566302689,89.6855108263,8,16,482.6,58.3951408571
NEMO,ARXIV,1832,8,4,1,11,1,7,384,274.415817699,92.5461146226,87.5219746471,13,16,10.06,95.062116
NEMO,ARXIV,1833,8,4,1,11,3,5,384,274.415817699,92.400487377,87.5947882699,12,15,55.28,67.2416696
NEMO,ARXIV,1834,8,4,1,11,5,3,384,274.415817699,92.400487377,87.5947882699,12,15,55.28,67.2416696
NEMO,ARXIV,1835,8,4,1,11,7,1,384,274.415817699,91.9363612931,87.5947882699,12,15,55.28,67.2416696
NEMO,ARXIV,1509,16,2,13,3,1,5,640,284.55872753,91.5561952899,86.2154606398,8,9,46.05,0.947221263158
NEMO,ARXIV,1448,16,2,7,7,1,7,256,285.639475466,91.3491512418,89.2211312413,14,16,80.34,75.7017293333
NEMO,ARXIV,1510,16,2,13,3,3,3,640,284.55872753,91.3358025646,86.461734049,4,5,150.96,41.5642253333
NEMO,ARXIV,1511,16,2,13,3,5,1,640,284.55872753,91.3358025646,86.461734049,4,5,386.64,34.094199011
NEMO,ARXIV,2031,8,4,3,9,1,7,512,268.406321216,90.9630905073,87.3973373594,14,15,49.87,86.946313
NEMO,ARXIV,1449,16,2,7,7,3,5,256,285.639475466,90.8301219734,89.3768400219,8,13,348.03,38.9164297778
NEMO,ARXIV,1450,16,2,7,7,5,3,256,285.639475466,90.8301219734,89.3768400219,8,13,425.68,44.7742431429
NEMO,ARXIV,1451,16,2,7,7,7,1,256,285.639475466,90.8301219734,89.3768400219,8,13,469.74,33.5840872
NEMO,ARXIV,2032,8,4,3,9,3,5,512,268.406321216,90.6720086177,87.3973373594,10,13,269.23,58.8539317143
NEMO,ARXIV,2033,8,4,3,9,5,3,512,268.406321216,90.6720086177,87.3973373594,10,13,311.36,56.21626875
NEMO,ARXIV,2034,8,4,3,9,7,1,512,268.406321216,90.5857284043,87.3973373594,10,13,298.75,57.9525573333
NEMO,ARXIV,1897,64,2,13,1,3,5,256,272.650801275,90.0954212741,89.1682672146,6,14,1.09,20.103496
NEMO,ARXIV,1305,16,2,9,7,1,5,512,291.460916967,89.4348740434,82.6909450262,10,11,44.37,1.13986352941
NEMO,ARXIV,348,32,2,11,5,5,1,256,345.656712303,89.0114169293,81.0149284756,5,5,130.89,65.2193521667
NEMO,ARXIV,1619,64,4,13,1,5,1,256,280.38929249,88.9445706985,88.4277205692,2,14,22.71,7.434594
NEMO,ARXIV,1306,16,2,9,7,3,3,512,291.460916967,88.7604811417,82.8465741574,7,8,178.71,44.7293637612
NEMO,ARXIV,1307,16,2,9,7,5,1,512,291.460916967,88.7604811417,82.8465741574,7,8,395.94,36.0377608889
NEMO,ARXIV,1103,8,10,1,11,1,1,384,298.213078839,88.655367601,83.0410958685,15,22,10.09,97.846984
NEMO,ARXIV,2042,64,2,13,1,5,3,384,268.067787228,88.4083841681,87.7818694097,4,12,15.96,20.360488
NEMO,ARXIV,2018,8,8,3,7,1,5,384,268.665356508,88.399337539,85.4634350956,9,12,44.16,86.6483653333
NEMO,ARXIV,2021,8,10,3,7,1,3,384,268.665356508,88.399337539,85.4634350956,9,12,103.61,76.542664
NEMO,ARXIV,980,16,2,9,9,3,1,640,303.209480164,88.3461626373,81.6147217402,9,10,150.9,41.5642253333
NEMO,ARXIV,2015,8,6,3,7,3,5,384,268.665356508,88.2054793426,85.4634350956,8,11,380.31,55.3154299048
NEMO,ARXIV,2016,8,6,3,7,5,3,384,268.665356508,88.2054793426,85.4634350956,8,11,355.39,53.3386062222
NEMO,ARXIV,2017,8,6,3,7,7,1,384,268.665356508,88.2054793426,85.4634350956,8,11,384.1,52.5294055652
NEMO,ARXIV,2019,8,8,3,7,3,3,384,268.665356508,88.2054793426,85.4634350956,8,11,424.19,43.8778103636
NEMO,ARXIV,2020,8,8,3,7,5,1,384,268.665356508,88.2054793426,85.4634350956,8,11,409.35,44.1522750476
NEMO,ARXIV,2022,8,10,3,7,3,1,384,268.665356508,88.2054793426,85.4634350956,8,11,396.46,38.4273314
NEMO,ARXIV,693,16,2,3,15,3,1,384,321.075006083,87.9205560085,83.1835796635,16,21,163.47,74.8248986667
NEMO,ARXIV,1847,16,4,9,1,1,9,256,273.9868039,87.711859418,87.4384701044,5,5,48.98,47.908474
NEMO,ARXIV,1852,16,6,9,1,1,7,256,273.9868039,87.711859418,87.4384701044,5,5,64.33,45.392892
NEMO,ARXIV,1856,16,8,9,1,1,5,256,273.9868039,87.711859418,87.4384701044,5,5,70.95,33.777492
NEMO,ARXIV,1859,16,10,9,1,1,3,256,273.9868039,87.711859418,87.4384701044,5,5,105.04,42.3739906667
NEMO,ARXIV,1986,8,4,1,13,1,5,640,269.605645998,87.6947904319,80.6413951815,17,19,14.38,94.245128
NEMO,ARXIV,899,8,10,3,9,1,1,384,307.729204399,87.6065261373,83.816528654,11,14,103.46,76.542664
NEMO,ARXIV,1848,16,4,9,1,3,7,256,273.9868039,87.4840489734,87.3929192022,3,3,185.3,54.6617862222
NEMO,ARXIV,1849,16,4,9,1,5,5,256,273.9868039,87.4840489734,87.3929192022,3,3,234.07,59.29620425
NEMO,ARXIV,1850,16,4,9,1,7,3,256,273.9868039,87.4840489734,87.3929192022,3,3,285.55,40.20149175
NEMO,ARXIV,1851,16,4,9,1,9,1,256,273.9868039,87.4840489734,87.3929192022,3,3,258.84,35.515723
NEMO,ARXIV,1853,16,6,9,1,3,5,256,273.9868039,87.4840489734,87.3929192022,3,3,212.37,54.270584
NEMO,ARXIV,1854,16,6,9,1,5,3,256,273.9868039,87.4840489734,87.3929192022,3,3,283.9,37.4301505714
NEMO,ARXIV,1855,16,6,9,1,7,1,256,273.9868039,87.4840489734,87.3929192022,3,3,296.57,31.1326077143
NEMO,ARXIV,1857,16,8,9,1,3,3,256,273.9868039,87.4840489734,87.3929192022,3,3,229.11,46.8496305455
NEMO,ARXIV,1858,16,8,9,1,5,1,256,273.9868039,87.4840489734,87.3929192022,3,3,278.09,33.8176483077
NEMO,ARXIV,1860,16,10,9,1,3,1,256,273.9868039,87.4840489734,87.3929192022,3,3,250.68,42.3311396667
NEMO,ARXIV,2046,64,2,11,3,5,3,384,268.003964413,87.4136344166,85.6680261876,6,14,15.96,20.360488
NEMO,ARXIV,1987,8,4,1,13,3,3,640,269.605645998,87.2584979422,80.6413951815,14,17,65.36,76.1855472
NEMO,ARXIV,1861,64,6,11,1,5,1,256,273.816668223,87.2174916558,86.7006415265,2,14,19.99,6.8406965
NEMO,ARXIV,1798,16,2,9,5,1,7,384,275.449697881,86.2452335625,84.8441377104,11,14,44.3,5.34907422222
NEMO,ARXIV,1988,8,4,1,13,5,1,640,269.605645998,86.1284135038,80.6413951815,14,17,65.36,76.1855472
NEMO,ARXIV,1313,8,10,3,9,1,1,512,291.159210803,86.0383486816,81.5317686383,11,18,110.43,61.9107
NEMO,ARXIV,1799,16,2,9,5,3,5,384,275.449697881,85.8300940508,85.0517074663,6,11,347.19,50.086699082
NEMO,ARXIV,1800,16,2,9,5,5,3,384,275.449697881,85.8300940508,85.0517074663,6,11,402.44,37.35128601
NEMO,ARXIV,1801,16,2,9,5,7,1,384,275.449697881,85.8300940508,85.0517074663,6,11,370.06,36.0513231304
NEMO,ARXIV,2023,8,12,3,7,1,1,384,268.665356508,85.3945354954,82.6533794758,11,18,105.74,76.97968
NEMO,ARXIV,1180,8,8,1,13,1,1,256,296.176029756,85.1818173075,81.3661546276,16,15,59.62,80.653655
NEMO,ARXIV,1528,8,12,5,5,1,1,384,283.991467458,85.1037482009,84.1073159485,9,16,107.64,76.0858326667
NEMO,ARXIV,1124,16,4,5,7,1,7,256,297.411883216,84.8418169787,81.5611452159,10,10,13.16,94.19768
NEMO,ARXIV,1128,16,6,5,7,1,5,256,297.411883216,84.8418169787,81.5611452159,10,10,52.64,84.935752
NEMO,ARXIV,1131,16,8,5,7,1,3,256,297.411883216,84.8418169787,81.5611452159,10,10,57,83.101752
NEMO,ARXIV,1661,8,12,7,3,1,1,384,279.081300775,84.8129609063,84.398103243,5,8,107.04,76.0858326667
NEMO,ARXIV,925,16,2,3,13,3,3,256,305.786786161,84.6536736792,79.9305073366,14,18,278.49,69.1816626667
NEMO,ARXIV,785,8,6,15,1,1,1,384,314.975777701,84.61910271,84.398103243,2,6,73.71,68.2876407368
NEMO,ARXIV,964,8,8,13,1,1,1,384,303.731808408,84.61910271,84.398103243,2,6,89.33,60.4111902703
NEMO,ARXIV,1345,8,10,11,1,1,1,384,290.020960245,84.61910271,84.398103243,2,6,77.43,64.6231431515
NEMO,ARXIV,1892,8,12,9,1,1,1,384,272.93136969,84.61910271,84.398103243,2,6,65.28,62.2552826667
NEMO,ARXIV,1579,16,4,3,9,1,7,256,282.047186783,84.5684276652,80.0352826054,13,14,11.51,94.61128
NEMO,ARXIV,1585,16,8,3,9,1,3,256,282.047186783,84.5684276652,80.0352826054,13,14,28.85,67.420716
NEMO,ARXIV,1580,16,4,3,9,3,5,256,282.047186783,84.2950383516,80.1264123766,10,12,49.61,83.0306426667
NEMO,ARXIV,1581,16,4,3,9,5,3,256,282.047186783,84.2950383516,80.1264123766,10,12,318.7,76.3342585455
NEMO,ARXIV,1583,16,6,3,9,3,3,256,282.047186783,84.2950383516,80.1264123766,10,12,300.66,69.1786404444
NEMO,ARXIV,1582,16,4,3,9,7,1,256,282.047186783,84.1881336511,80.1264123766,10,12,335.85,67.5985116
NEMO,ARXIV,1584,16,6,3,9,5,1,256,282.047186783,84.1881336511,80.1264123766,10,12,384.72,66.089069
NEMO,ARXIV,1586,16,8,3,9,3,1,256,282.047186783,84.1881336511,80.1264123766,10,12,181.77,80.7920131429
NEMO,ARXIV,894,16,2,5,13,3,1,512,308.129391649,84.1153784031,75.7395105008,13,14,374.46,51.164583
NEMO,ARXIV,1125,16,4,5,7,3,5,256,297.411883216,84.1127788092,81.5611452159,8,8,228.57,59.4863011429
NEMO,ARXIV,1126,16,4,5,7,5,3,256,297.411883216,84.1127788092,81.5611452159,8,8,493.63,57.8923210667
NEMO,ARXIV,1127,16,4,5,7,7,1,256,297.411883216,84.1127788092,81.5611452159,8,8,545.38,50.2021105
NEMO,ARXIV,1129,16,6,5,7,3,3,256,297.411883216,84.1127788092,81.5611452159,8,8,349.51,51.6510964444
NEMO,ARXIV,1130,16,6,5,7,5,1,256,297.411883216,84.1127788092,81.5611452159,8,8,501.81,50.275372
NEMO,ARXIV,1132,16,8,5,7,3,1,256,297.411883216,84.1127788092,81.5611452159,8,8,345.42,59.8097848
NEMO,ARXIV,1969,8,10,1,11,1,1,256,270.388416289,84.0849107253,80.782884702,16,15,74.96,69.58465
NEMO,ARXIV,1836,32,6,13,1,3,1,512,274.407038268,83.9765947547,83.3209311558,2,14,9.79,7.5092855
NEMO,ARXIV,2037,32,8,11,1,3,1,512,268.248558868,83.9765947547,83.3209311558,2,14,7.9,7.758196
NEMO,ARXIV,1711,32,4,15,1,3,1,512,276.878403753,83.9257692722,83.3100848006,2,14,42.41,7.5499708
NEMO,ARXIV,926,16,2,3,13,5,1,256,305.786786161,83.8467803286,79.9305073366,14,18,337.14,64.0300116667
NEMO,ARXIV,1863,8,10,3,9,1,1,256,273.71245942,83.6296010612,81.4244816202,12,11,167.91,72.3510498182
NEMO,ARXIV,262,32,2,13,3,5,1,256,354.34292029,83.4381067949,82.953471131,4,5,130.89,65.2087743889
NEMO,ARXIV,1862,8,12,5,5,1,1,512,273.714659238,82.9799609814,81.7638804173,9,24,41.79,53.342368
NEMO,ARXIV,1168,8,6,15,1,1,1,512,296.548182489,82.399681534,82.1120480858,2,10,72.47,81.3860190769
NEMO,ARXIV,1374,8,8,13,1,1,1,512,288.159614401,82.399681534,82.1120480858,2,10,81.3,71.048340878
NEMO,ARXIV,1681,8,10,11,1,1,1,512,277.754532256,82.399681534,82.1120480858,2,10,85.5,36.903064
NEMO,ARXIV,1397,32,2,9,7,5,1,512,287.188755344,82.3854120017,71.1693764794,7,6,153.28,76.108992
NEMO,ARXIV,1479,16,6,15,1,1,1,384,285.107188049,82.1483818187,81.4068538103,2,14,44.68,6.19503733333
NEMO,ARXIV,1660,16,8,13,1,1,1,384,279.103226953,82.1483818187,81.4068538103,2,14,49.36,2.44272236364
NEMO,ARXIV,1918,16,10,11,1,1,1,384,271.530727545,82.1483818187,81.4068538103,2,14,43.78,0.525077555556
NEMO,ARXIV,1182,8,4,17,1,1,1,256,296.171115398,81.9916721885,81.9333451959,4,4,81.24,44.3652965581
NEMO,ARXIV,1545,8,6,15,1,1,1,256,283.357287614,81.9916721885,81.9333451959,4,4,79.5,54.2669007843
NEMO,ARXIV,2025,8,8,13,1,1,1,256,268.498874418,81.9916721885,81.9333451959,4,4,87.36,58.5054732941
NEMO,ARXIV,1640,16,2,11,5,1,5,640,279.517696484,81.7184253257,75.4443584066,10,10,46.05,0.947221263158
NEMO,ARXIV,905,16,2,17,1,1,3,384,307.38771086,81.5568397339,81.401162417,7,7,44.3,5.34907422222
NEMO,ARXIV,661,32,2,11,5,5,1,384,322.153450463,81.5477144437,72.7470205087,5,4,180.39,48.7490089275
NEMO,ARXIV,1631,8,8,1,13,1,1,640,280.049912596,81.509455217,73.7459459769,15,26,108.96,75.6655376
NEMO,ARXIV,1150,32,2,11,5,5,1,512,296.93047631,81.4978120683,71.7342128007,5,4,199.15,76.5436052245
NEMO,ARXIV,1814,32,2,11,5,5,1,640,275.087038042,81.4213141981,70.699497576,5,4,121.23,81.4354971515
NEMO,ARXIV,217,32,2,15,1,5,1,256,361.60491677,81.4126248523,81.3318522417,3,3,131.5,59.8343896667
NEMO,ARXIV,886,32,2,11,3,3,5,256,308.525426916,81.3380189182,72.8568948006,5,4,9.05,15.3622365714
NEMO,ARXIV,1375,32,2,11,3,3,5,384,287.973314273,81.3054935098,71.9396173954,5,4,7.07,9.1391168
NEMO,ARXIV,1165,16,2,5,11,3,3,384,296.730839904,81.2635594217,77.8386584499,12,16,311.32,64.2140581118
NEMO,ARXIV,1641,16,2,11,5,3,3,640,279.517696484,81.1999073985,75.6517655775,5,6,150.96,41.5642253333
NEMO,ARXIV,1642,16,2,11,5,5,1,640,279.517696484,81.1999073985,75.6517655775,5,6,386.64,34.094199011
NEMO,ARXIV,887,32,2,11,3,5,3,256,308.525426916,81.0149284756,72.8568948006,3,2,130.95,65.2081868889
NEMO,ARXIV,888,32,2,11,3,7,1,256,308.525426916,81.0149284756,72.8568948006,3,2,299.93,36.9252097941
NEMO,ARXIV,1376,32,2,11,3,5,3,384,287.973314273,80.9825322644,72.0203577068,3,2,180.39,48.7490089275
NEMO,ARXIV,1377,32,2,11,3,7,1,384,287.973314273,80.9825322644,72.0203577068,3,2,166.49,52.2038524264
NEMO,ARXIV,1166,16,2,5,11,5,1,384,296.730839904,80.9336407679,77.8386584499,12,16,414.02,44.03878091
NEMO,ARXIV,772,32,2,13,1,5,3,256,315.992305339,80.8936632376,73.543355669,2,1,131.5,59.8343896667
NEMO,ARXIV,773,32,2,13,1,7,1,256,315.992305339,80.8936632376,73.543355669,2,1,243.88,43.7809778571
NEMO,ARXIV,771,32,2,13,1,3,5,256,315.992305339,80.8331369406,73.4020567614,5,4,9.05,15.3020651429
NEMO,ARXIV,1206,32,2,13,1,3,5,384,295.60083568,80.7403113304,72.5047995747,3,2,7.07,9.1391168
NEMO,ARXIV,1207,32,2,13,1,5,3,384,295.60083568,80.7403113304,72.5855398861,1,0,153.44,44.9864433623
NEMO,ARXIV,1208,32,2,13,1,7,1,384,295.60083568,80.7403113304,72.5855398861,1,0,175.56,48.6694241939
NEMO,ARXIV,1874,32,2,13,1,3,5,512,273.542963339,80.6909030379,71.4921400916,4,3,2.8,9.841838
NEMO,ARXIV,1875,32,2,13,1,5,3,512,273.542963339,80.6909030379,71.4921400916,1,0,169.59,76.5436052245
NEMO,ARXIV,1876,32,2,13,1,7,1,512,273.542963339,80.6909030379,71.4921400916,1,0,237.88,39.5047175385
NEMO,ARXIV,347,32,2,11,5,3,3,256,345.656712303,80.5302928117,78.5109775456,8,9,9.05,15.3622365714
NEMO,ARXIV,261,32,2,13,3,3,3,256,354.34292029,80.0456571479,79.3187036521,8,7,9.05,15.3622365714
NEMO,ARXIV,1224,16,2,7,11,3,1,640,294.980694391,79.9368800602,72.0739918799,11,12,322.56,50.9873271864
NEMO,ARXIV,1667,16,2,5,9,1,7,256,278.498642882,78.9962546535,76.0377878235,12,14,52.64,84.935752
NEMO,ARXIV,245,32,2,15,1,3,3,256,357.261761168,78.8907666929,78.648448861,5,5,9.05,15.3020651429
NEMO,ARXIV,873,16,2,1,17,3,1,384,309.764408186,78.8819896183,73.3240162598,18,20,55.17,88.613428
NEMO,ARXIV,1668,16,2,5,9,3,5,256,278.498642882,78.5291283119,76.193496604,10,12,338.25,50.5517075556
NEMO,ARXIV,1669,16,2,5,9,5,3,256,278.498642882,78.5291283119,76.193496604,10,12,458.57,45.7226852116
NEMO,ARXIV,1670,16,2,5,9,7,1,256,278.498642882,78.4677755691,76.193496604,10,12,457.89,39.2242405333
NEMO,ARXIV,1958,8,10,3,9,1,1,640,270.418364398,77.5546033773,72.8186186461,11,22,23.53,92.47321
NEMO,ARXIV,1877,16,2,9,7,1,5,640,273.178510393,77.3110229445,69.9999201711,10,11,46.05,0.947221263158
NEMO,ARXIV,1878,16,2,9,7,3,3,640,273.178510393,76.6369496392,70.1554755493,7,8,150.96,41.5642253333
NEMO,ARXIV,1879,16,2,9,7,5,1,640,273.178510393,76.6369496392,70.1554755493,7,8,386.64,34.094199011
NEMO,ARXIV,1919,16,10,3,9,1,1,256,271.453141906,76.4421030999,72.8726412377,11,16,31.68,87.901588
NEMO,ARXIV,1507,16,2,7,9,3,3,512,284.612745251,76.3101506484,73.9757136809,10,12,379.45,40.6971596364
NEMO,ARXIV,1508,16,2,7,9,5,1,512,284.612745251,76.2489058778,73.9757136809,10,12,417.2,32.815133
NEMO,ARXIV,1983,16,2,7,7,3,5,384,269.725969526,76.126207964,74.673219673,8,10,236.45,69.825608
NEMO,ARXIV,1984,16,2,7,7,5,3,384,269.725969526,76.126207964,74.673219673,8,10,412.71,41.2986407656
NEMO,ARXIV,1985,16,2,7,7,7,1,384,269.725969526,76.126207964,74.673219673,8,10,449.34,32.7791942857
NEMO,ARXIV,1399,16,2,3,13,3,3,384,287.147424451,75.4516062575,70.7293943115,14,16,163.62,74.8248986667
NEMO,ARXIV,1034,32,2,7,9,5,1,384,301.012339961,75.3642626433,71.8588770841,10,10,62.43,89.74622
NEMO,ARXIV,1099,16,2,3,15,3,1,512,298.257738732,75.183273156,70.4481200412,16,18,359.92,57.3349667565
NEMO,ARXIV,1452,16,2,5,13,3,1,640,285.580400514,75.0016675954,66.0073321317,13,14,340.58,56.1422967273
NEMO,ARXIV,1816,8,6,15,1,1,1,640,275.069805779,74.9975978757,74.441441475,2,14,85.85,61.2285692222
NEMO,ARXIV,660,32,2,11,5,3,3,384,322.153450463,74.6847879807,72.6662801974,8,8,7.07,9.1391168
NEMO,ARXIV,1400,16,2,3,13,5,1,384,287.147424451,74.645373643,70.7293943115,14,16,338.59,55.2449883636
NEMO,ARXIV,1757,32,2,7,9,5,1,512,276.398094114,74.2366971081,70.7659219642,10,10,149.21,76.108992
NEMO,ARXIV,523,32,2,13,3,3,3,384,330.874812955,73.9581251787,73.069981754,7,6,7.07,9.1391168
NEMO,ARXIV,1472,16,4,17,1,1,1,256,285.177700774,73.7239848935,73.4194198648,2,10,92.02,55.1518335294
NEMO,ARXIV,1696,16,6,15,1,1,1,256,277.445155486,73.7239848935,73.4194198648,2,10,74.58,29.1500742703
NEMO,ARXIV,2041,16,8,13,1,1,1,256,268.145419407,73.7239848935,73.4194198648,2,10,74.62,26.3559792
NEMO,ARXIV,436,32,2,15,1,3,3,384,336.502911194,73.7159042447,73.4736833107,4,4,7.07,9.1391168
NEMO,ARXIV,524,32,2,13,3,5,1,384,330.874812955,73.6351639334,73.1507220654,4,4,180.39,48.7490089275
NEMO,ARXIV,412,32,2,15,1,5,1,384,338.318048296,73.6351639334,73.554423622,2,2,153.44,44.9864433623
NEMO,ARXIV,1362,32,2,11,5,3,3,512,289.151628938,73.3480308615,71.5728309946,9,8,2.8,9.841838
NEMO,ARXIV,2035,32,2,7,7,5,3,384,268.405919503,73.312202688,71.0514739708,8,8,62.43,89.74622
NEMO,ARXIV,2036,32,2,7,7,7,1,384,268.405919503,73.312202688,71.0514739708,8,8,0.32,88.58172
NEMO,ARXIV,1749,16,4,17,1,1,1,384,276.42193063,73.0558993439,72.557887494,2,14,106.64,29.3110267429
NEMO,ARXIV,1663,32,2,9,5,7,1,384,278.893560377,72.9085011314,71.6973964614,6,6,0.64,81.892812
NEMO,ARXIV,812,32,2,15,1,5,1,512,313.120558071,72.7025036372,72.6218127341,2,2,169.59,76.5436052245
NEMO,ARXIV,929,32,2,13,3,5,1,512,305.587043756,72.7025036372,72.2183582189,4,4,199.15,76.5436052245
NEMO,ARXIV,1970,32,2,11,1,3,7,256,270.371054159,72.6145769687,72.3722591367,4,4,9.05,15.3020651429
NEMO,ARXIV,1971,32,2,11,1,5,5,256,270.371054159,72.4530317474,72.3722591367,2,2,131.5,59.8343896667
NEMO,ARXIV,1972,32,2,11,1,7,3,256,270.371054159,72.4530317474,72.3722591367,2,2,243.88,43.7809778571
NEMO,ARXIV,1973,32,2,11,1,9,1,256,270.371054159,72.4530317474,72.3722591367,2,2,133.54,42.00580106
NEMO,ARXIV,1990,16,2,3,11,3,5,256,269.470990727,72.1969712372,68.7713780656,12,14,278.49,69.1816626667
NEMO,ARXIV,1991,16,2,3,11,5,3,256,269.470990727,72.1969712372,68.7713780656,12,14,332.48,64.13357
NEMO,ARXIV,1551,32,2,15,1,3,3,512,282.873356109,71.8955946068,71.6472313941,4,6,2.8,9.841838
NEMO,ARXIV,1992,16,2,3,11,7,1,256,269.470990727,71.8666540441,68.7713780656,12,14,342.29,63.7810676923
NEMO,ARXIV,1413,32,2,15,1,5,1,640,286.62833735,71.828109852,71.7474946894,2,2,113.85,81.4354971515
NEMO,ARXIV,1513,32,2,13,3,5,1,640,284.194356873,71.6668795269,71.263803714,5,4,121.23,81.4354971515
NEMO,ARXIV,1750,16,2,5,11,3,3,512,276.412474228,71.226265697,67.8024248113,12,14,359.91,52.0295027571
NEMO,ARXIV,1426,32,2,17,1,3,1,256,286.135518243,70.9183521451,70.8258146214,2,4,9.05,15.3020651429
NEMO,ARXIV,1098,16,2,3,15,1,3,512,298.257738732,70.9150074347,63.9116965322,21,21,59.56,76.75671
NEMO,ARXIV,1751,16,2,5,11,5,1,512,276.412474228,70.8962706476,67.8024248113,12,14,409.88,37.504358
NEMO,ARXIV,1777,16,2,1,15,3,3,384,276.010972391,70.1585774829,63.9314848069,16,17,55.18,88.613428
NEMO,ARXIV,1063,8,4,17,1,1,1,384,300.16877349,69.8276905261,69.6938551907,3,5,35.46,80.7600580952
NEMO,ARXIV,1398,16,2,1,17,3,1,512,287.157173805,69.5712560405,64.0154492863,18,19,124.79,46.873984
NEMO,ARXIV,1778,16,2,1,15,5,1,384,276.010972391,68.6684611519,63.9314848069,16,17,55.17,88.613428
NEMO,ARXIV,1819,16,2,3,15,3,1,640,275.001960803,67.1109029456,62.3777066414,16,17,282.69,63.132431
NEMO,ARXIV,1899,8,4,17,1,1,1,512,272.618152673,63.6013928827,63.4708369799,2,4,80.43,73.6747492093
NEMO,ARXIV,1530,16,2,17,1,1,3,512,283.746907096,61.076213353,60.9205842218,7,7,44.37,1.13986352941
NEMO,BWB,17,8,6,7,7,3,1,512,1049.57056615,770.240191091,766.986588454,12,23,5.12,97.517596
NEMO,BWB,13,8,6,5,9,3,1,512,1058.61154562,759.364908831,754.311996159,13,25,132.48,88.4664413333
NEMO,BWB,19,8,6,9,5,3,1,512,1035.33627855,755.388779665,753.645778253,12,20,159.68,86.3705173333
NEMO,BWB,40,8,6,5,9,3,1,384,953.482376904,735.26444815,731.000332076,13,26,425.75,74.2805864
NEMO,BWB,26,8,6,11,3,3,1,512,1016.51803101,732.855587803,724.372980928,11,14,202.11,79.483423234
NEMO,BWB,46,8,6,7,7,3,1,384,939.543282094,731.705163937,728.987776902,13,22,474.04,71.7114624
NEMO,BWB,24,8,6,7,7,1,3,640,1017.90444352,730.860936633,726.218538749,17,27,158.24,59.7721
NEMO,BWB,25,8,6,7,7,3,1,640,1017.90444352,730.541783465,727.292104946,11,23,240.38,78.9832
NEMO,BWB,29,8,6,9,5,3,1,640,1007.39194948,717.507608944,715.766709738,13,21,18.16,94.402432
NEMO,BWB,33,8,6,7,9,1,1,640,982.745537341,717.436171527,716.554113447,5,4,158.24,59.7721
NEMO,BWB,145,4,6,3,11,1,3,512,802.700064124,714.601891551,709.104071487,25,33,270.24,79.6845897143
NEMO,BWB,146,4,6,3,11,3,1,512,802.700064124,714.107739187,709.661295478,17,31,862.93,54.6735307368
NEMO,BWB,166,4,6,5,9,1,3,512,788.777142515,707.352455282,703.191942801,21,31,389.76,68.1899148571
NEMO,BWB,30,8,6,13,1,3,1,512,993.633430681,707.268216957,699.715210836,10,9,69.25,79.6590664167
NEMO,BWB,167,4,6,5,9,3,1,512,788.777142515,706.866689102,703.603339127,15,29,1091.61,40.3158528889
NEMO,BWB,52,8,6,9,5,3,1,384,921.593798204,705.353034594,703.897291539,13,22,273.76,83.269372
NEMO,BWB,31,8,6,11,3,3,1,640,991.891776293,694.726606293,685.441810525,12,17,227.74,79.5073105
NEMO,BWB,84,8,4,5,11,3,1,384,872.783096386,694.713315548,690.349306757,18,30,193.04,88.1953992
NEMO,BWB,95,8,4,7,9,3,1,384,858.91200214,692.805304478,689.602642723,16,28,450.56,77.3245833333
NEMO,BWB,21,8,6,5,9,3,1,640,1022.7604693,689.140761387,684.126966707,12,19,146.29,64.0792
NEMO,BWB,168,4,6,3,11,1,3,640,784.173223834,688.106914676,682.612431943,25,33,251.35,75.5156672
NEMO,BWB,169,4,6,3,11,3,1,640,784.173223834,687.650801343,683.206430076,17,31,923.05,54.8378427368
NEMO,BWB,188,4,6,7,7,3,1,512,771.840293835,687.369544158,685.289287917,14,25,1069.65,41.2761751111
NEMO,BWB,187,4,6,7,7,1,3,512,771.840293835,687.332384227,684.360589598,20,29,365.12,67.1493433333
NEMO,BWB,184,4,6,5,9,1,3,640,772.898756689,683.943355487,679.85961832,22,31,152.4,56.745684
NEMO,BWB,185,4,6,5,9,3,1,640,772.898756689,683.789548587,680.52786622,15,29,984.24,47.8083528889
NEMO,BWB,107,8,4,9,7,3,1,384,842.543950546,679.037252268,673.05911631,14,21,263.92,73.8922093333
NEMO,BWB,66,8,6,11,3,3,1,384,900.168349127,670.546227883,664.238007981,12,15,218.05,81.9468784444
NEMO,BWB,9,8,6,3,11,3,1,512,1061.73686002,670.144655189,663.292432483,14,23,33.36,91.973648
NEMO,BWB,39,8,6,3,11,3,1,384,962.761185056,669.702669445,663.891824332,15,24,195.52,80.2916546667
NEMO,BWB,200,4,6,7,7,1,3,640,758.196790512,666.580765324,663.610774658,20,31,195.35,71.598145
NEMO,BWB,201,4,6,7,7,3,1,640,758.196790512,666.56221427,664.483220803,14,27,1002.29,46.8652528889
NEMO,BWB,221,4,6,9,5,3,1,512,752.360354502,662.728135656,661.61371267,14,23,819.61,42.5600528889
NEMO,BWB,220,4,6,9,5,1,3,512,752.360354502,662.375266289,660.592189511,19,27,365.55,71.4261708571
NEMO,BWB,108,8,4,7,9,3,1,512,840.877877839,661.682478998,658.481614233,15,24,144.96,82.147466
NEMO,BWB,72,8,4,3,13,3,1,384,883.758558357,660.857724954,655.332369126,19,32,321.68,83.6965786667
NEMO,BWB,34,8,6,13,1,3,1,640,971.971278909,660.041003641,651.684687449,10,11,83.95,79.5073105
NEMO,BWB,131,4,6,1,13,1,3,512,813.014347729,658.769762381,651.563160405,28,38,186.02,69.9265786667
NEMO,BWB,132,4,6,1,13,3,1,512,813.014347729,657.489877312,651.860339868,19,36,169.28,72.6395453333
NEMO,BWB,120,8,4,11,5,3,1,384,824.0076411,656.830212044,651.945637541,14,19,279.56,83.2057046667
NEMO,BWB,103,8,4,5,11,3,1,512,853.013003412,655.870423497,651.508798972,17,28,199.92,83.5204893333
NEMO,BWB,119,8,4,9,7,3,1,512,826.136196053,648.215551488,641.730932011,14,24,57.84,92.20183
NEMO,BWB,77,8,6,13,1,3,1,384,875.710440985,646.886256876,641.257383732,12,11,78.79,81.9468645556
NEMO,BWB,3,16,4,11,5,3,1,384,1123.68953805,644.310796661,634.97874291,10,13,14.96,53.398964
NEMO,BWB,241,4,6,9,5,3,1,640,740.617407054,642.571902457,641.458155957,14,25,722.36,48.7480917778
NEMO,BWB,240,4,6,9,5,1,3,640,740.617407054,642.274918574,640.492924174,19,29,113.56,81.6485253333
NEMO,BWB,253,4,6,11,3,3,1,512,730.714942877,640.575517669,636.266415457,13,20,373.96,27.85946
NEMO,BWB,322,4,6,3,11,1,3,384,702.766754856,640.214756768,635.628095436,26,33,420.56,68.296714
NEMO,BWB,323,4,6,3,11,3,1,384,702.766754856,639.830484863,636.121474626,18,31,815.62,49.7659002222
NEMO,BWB,4,16,4,13,3,3,1,384,1106.74881842,639.449361628,631.369168746,10,13,14.96,53.398964
NEMO,BWB,68,8,6,7,5,3,3,512,893.020274567,636.166211521,634.423210109,9,15,5.12,97.517596
NEMO,BWB,69,8,6,7,5,5,1,512,893.020274567,636.166211521,634.423210109,9,15,855.63,70.3232257778
NEMO,BWB,70,8,8,7,5,3,1,512,893.020274567,636.166211521,634.423210109,9,15,57.12,94.7866613333
NEMO,BWB,252,4,6,11,3,1,3,512,730.714942877,635.876436151,635.20778236,18,24,279.31,73.0059725
NEMO,BWB,144,8,4,13,3,3,1,384,803.576505126,633.845711965,629.76308253,14,15,172.35,83.1647152727
NEMO,BWB,359,4,6,5,9,1,3,384,687.445370805,630.158724593,626.749719549,23,31,242.7,74.9528846667
NEMO,BWB,360,4,6,5,9,3,1,384,687.445370805,629.750866474,627.028614617,16,29,959.41,37.6787724444
NEMO,BWB,61,8,6,5,7,3,3,512,904.73063839,629.597759566,626.34415693,9,15,133.44,88.4664413333
NEMO,BWB,62,8,6,5,7,5,1,512,904.73063839,629.44441054,626.190807903,9,15,956.77,72.9024676
NEMO,BWB,63,8,8,5,7,3,1,512,904.73063839,629.44441054,626.190807903,9,15,113.44,90.1183173333
NEMO,BWB,137,8,4,11,5,3,1,512,809.117860148,627.736589516,622.344883433,14,21,481.96,75.2874084255
NEMO,BWB,125,8,4,7,9,3,1,640,822.083804088,626.018701159,617.505055699,14,22,312.81,79.996351
NEMO,BWB,286,4,6,11,3,3,1,640,720.598954769,619.695382694,615.017647394,13,18,349.95,31.87288975
NEMO,BWB,150,8,4,11,5,1,3,512,797.228397407,617.586209769,616.493296374,19,23,4.39,90.961264
NEMO,BWB,37,16,4,11,5,3,1,256,969.514274079,617.214647287,610.368588817,12,15,6.65,85.88305
NEMO,BWB,285,4,6,11,3,1,3,640,720.598954769,614.627877873,613.959629973,18,22,145.4,86.2662144211
NEMO,BWB,314,4,6,13,1,3,1,512,707.210440864,613.575203437,609.786165285,14,18,123.51,27.8587620833
NEMO,BWB,7,16,4,15,1,3,1,384,1086.26511452,613.320952856,606.037398708,10,9,14.96,53.398964
NEMO,BWB,158,4,6,1,13,1,3,640,791.320353422,612.483671565,605.429943732,29,34,307.8,69.754576
NEMO,BWB,159,4,6,1,13,3,1,640,791.320353422,611.502502498,605.875442332,19,34,376.15,62.3972833333
NEMO,BWB,242,8,4,5,11,3,1,256,737.497757248,611.41428581,607.919298826,18,29,214.08,87.3309151111
NEMO,BWB,170,8,4,15,1,3,1,384,781.479853305,610.447394904,606.802190051,14,15,61.02,83.1647152727
NEMO,BWB,324,4,6,13,1,1,3,512,702.2411945,608.393292778,608.170408181,17,22,102.07,73.0059725
NEMO,BWB,78,8,6,9,3,3,3,512,875.676544245,607.982051874,607.284851309,9,15,160.56,86.3705173333
NEMO,BWB,79,8,6,9,3,5,1,512,875.676544245,607.982051874,607.284851309,9,15,495.36,79.0214596
NEMO,BWB,80,8,8,9,3,3,1,512,875.676544245,607.982051874,607.284851309,9,15,388.46,74.412718
NEMO,BWB,157,8,4,11,5,3,1,640,794.489654735,605.373788182,599.476521044,13,20,205.29,87.0083699487
NEMO,BWB,407,4,6,7,7,3,1,384,669.970503866,605.218953332,603.483459855,15,27,982.23,36.2257835556
NEMO,BWB,406,4,6,7,7,1,3,384,669.970503866,605.094989513,602.615713117,20,31,198.65,80.095366
NEMO,BWB,22,8,6,3,11,1,3,640,1021.1660744,602.93207064,594.343634554,20,25,23.68,94.1309
NEMO,BWB,94,8,4,3,13,3,1,512,862.144695674,602.250590735,596.728206449,18,29,219.21,85.479836
NEMO,BWB,23,8,6,3,11,3,1,640,1021.1660744,601.725062084,594.947151243,12,23,1.76,99.3643
NEMO,BWB,160,8,4,13,3,3,1,512,790.099353263,600.972352166,596.382115906,14,17,223.14,75.925372
NEMO,BWB,364,4,6,3,9,3,3,512,685.313092985,600.782819647,597.439550689,11,25,975.46,55.1762412632
NEMO,BWB,365,4,6,3,9,5,1,512,685.313092985,600.681508639,597.418158665,13,26,849.04,57.1381084444
NEMO,BWB,367,4,8,3,9,3,1,512,685.313092985,600.681508639,597.418158665,13,26,908.95,51.122576
NEMO,BWB,282,8,4,7,9,3,1,256,722.640271112,599.574498602,597.009412579,16,27,85.76,85.9462626667
NEMO,BWB,224,8,4,3,13,3,1,256,750.364782979,599.571605671,595.146717725,20,31,196.96,80.5518936
NEMO,BWB,140,4,6,5,11,1,1,512,806.148562355,598.63938892,597.456295186,19,18,387.36,68.1899148571
NEMO,BWB,363,4,6,3,9,1,5,512,685.313092985,598.349694039,594.709245618,17,26,270.24,79.6845897143
NEMO,BWB,366,4,8,3,9,1,3,512,685.313092985,598.349694039,594.709245618,17,26,343.73,74.1878868571
NEMO,BWB,139,4,6,3,13,1,1,512,806.148562355,597.591057469,594.041776266,21,21,269.5,79.6845897143
NEMO,BWB,141,4,6,7,9,1,1,512,806.148562355,596.568147029,595.976600161,15,14,363.84,67.1493433333
NEMO,BWB,294,4,6,1,13,1,3,384,715.469717718,595.294390079,589.344126729,30,36,142.83,47.032086
NEMO,BWB,396,4,6,5,7,1,5,512,670.334528285,595.293431141,592.693110841,19,25,389.76,68.1899148571
NEMO,BWB,399,4,8,5,7,1,3,512,670.334528285,595.253484148,592.653163847,21,26,343.1,68.4088393333
NEMO,BWB,397,4,6,5,7,3,3,512,670.334528285,595.237716241,593.157460001,11,23,1093.38,40.3158584444
NEMO,BWB,398,4,6,5,7,5,1,512,670.334528285,595.197769248,593.117513007,13,24,1106.88,35.706164
NEMO,BWB,400,4,8,5,7,3,1,512,670.334528285,595.197769248,593.117513007,13,24,1075.77,38.84918225
NEMO,BWB,38,8,6,1,13,3,1,384,966.58136618,594.392163367,587.034589215,16,25,89.68,73.57524
NEMO,BWB,295,4,6,1,13,3,1,384,715.469717718,594.280394718,589.584626101,20,34,152.51,71.544964
NEMO,BWB,14,8,6,1,13,3,1,512,1058.08367193,594.15054463,585.499011889,14,23,122.88,69.426532
NEMO,BWB,43,16,4,13,3,3,1,256,950.012940396,594.016148163,588.174178269,12,13,6.65,85.88305
NEMO,BWB,331,4,6,13,1,3,1,640,698.495047096,594.01577102,589.857784086,14,18,117,31.8728251667
NEMO,BWB,149,4,6,9,7,1,1,512,797.460437438,593.519649687,592.999585627,13,14,391.55,71.4261708571
NEMO,BWB,71,8,4,1,15,3,1,384,891.35006999,592.687275697,586.000572831,20,31,117.92,64.921844
NEMO,BWB,186,8,4,13,3,1,3,512,772.205840765,591.683123163,591.027375126,14,16,4.39,90.961264
NEMO,BWB,222,4,8,5,9,1,1,512,751.462648539,591.454728883,590.271635149,19,20,340.66,68.4088393333
NEMO,BWB,133,8,6,5,7,3,3,384,812.74329898,591.292252358,588.574865323,9,15,429.79,74.2805864
NEMO,BWB,134,8,6,5,7,5,1,384,812.74329898,591.292252358,588.574865323,9,15,903.84,76.9277082667
NEMO,BWB,135,8,8,5,7,3,1,384,812.74329898,591.292252358,588.574865323,9,15,224.64,77.9767733333
NEMO,BWB,151,8,6,7,5,3,3,384,796.734466145,590.835145388,589.379402334,10,14,476.46,71.7114624
NEMO,BWB,180,4,6,11,5,1,1,512,774.630909904,590.727627992,590.356153663,15,16,385.15,73.0060058333
NEMO,BWB,152,8,6,7,5,5,1,384,796.734466145,590.322017706,588.866274652,10,14,814.56,74.73036825
NEMO,BWB,153,8,8,7,5,3,1,384,796.734466145,590.322017706,588.866274652,10,14,360.64,78.5635624
NEMO,BWB,194,8,4,5,9,3,3,384,759.621755239,589.060289433,585.779605066,12,20,195.6,88.1953992
NEMO,BWB,195,8,4,5,9,5,1,384,759.621755239,588.961474699,585.758812945,14,21,866.1,74.3278570667
NEMO,BWB,90,8,6,7,5,1,5,640,867.783549264,588.555742784,585.886364001,13,17,158.24,59.7721
NEMO,BWB,349,4,6,13,1,1,3,640,693.270769603,588.410012328,588.187263028,17,22,60.8,86.2662144211
NEMO,BWB,6,16,4,11,5,3,1,512,1088.94699421,588.26574346,577.921614586,10,15,0.04,98.263856
NEMO,BWB,223,4,6,13,3,1,1,512,751.431184677,588.186909482,587.964024885,17,18,279.83,73.0059725
NEMO,BWB,91,8,6,7,5,3,3,640,867.783549264,588.120482924,586.379583717,9,15,240.68,78.9832
NEMO,BWB,92,8,6,7,5,5,1,640,867.783549264,588.120482924,586.379583717,9,15,493.66,78.0288766667
NEMO,BWB,93,8,8,7,5,3,1,640,867.783549264,588.120482924,586.379583717,9,15,191.79,75.990606
NEMO,BWB,235,8,4,7,7,3,3,384,744.640841729,587.882744525,585.841429808,12,20,457.2,77.3245833333
NEMO,BWB,236,8,4,7,7,5,1,384,744.640841729,587.843746897,585.802432179,13,21,817.54,75.2835322857
NEMO,BWB,138,4,6,1,15,1,1,512,806.148562355,587.608325233,582.355886236,25,27,185.86,69.9265786667
NEMO,BWB,318,8,4,9,7,3,1,256,706.091050131,585.486119979,581.047760526,14,21,291.28,64.498451
NEMO,BWB,8,16,4,13,3,3,1,512,1074.65159927,585.185687504,576.205619581,9,10,0.04,98.263856
NEMO,BWB,263,4,8,7,7,1,1,512,727.884163948,583.501462727,582.981398667,15,16,322.58,69.1778726667
NEMO,BWB,264,4,6,15,1,1,1,512,727.852183606,581.543300378,581.469005513,19,20,102.07,73.0059725
NEMO,BWB,445,4,6,9,5,3,1,384,650.703168116,579.939785885,579.010057237,15,24,706.35,38.9425446667
NEMO,BWB,444,4,6,9,5,1,3,384,650.703168116,579.603829717,578.11626388,20,28,290.85,77.534737
NEMO,BWB,67,8,8,11,3,1,1,512,897.065521834,579.488234475,579.139634192,8,8,0.77,97.761156
NEMO,BWB,96,8,6,9,3,3,3,640,853.887294462,578.291750931,577.595391248,9,13,18.16,94.402432
NEMO,BWB,97,8,6,9,3,5,1,640,853.887294462,578.291750931,577.595391248,9,13,404.32,80.4454508571
NEMO,BWB,98,8,8,9,3,3,1,640,853.887294462,578.291750931,577.595391248,9,13,315.3,79.251814
NEMO,BWB,175,8,4,13,3,3,1,640,777.191067045,577.716806995,572.693209062,13,18,149.1,87.007726359
NEMO,BWB,191,8,4,15,1,3,1,512,769.314131158,576.803210814,572.723000805,13,14,71.6,75.925372
NEMO,BWB,163,4,6,3,13,1,1,640,788.782791824,576.396632349,572.848565649,23,23,248.6,75.5156672
NEMO,BWB,164,4,6,5,11,1,1,640,788.782791824,576.147985696,574.373952346,19,18,152.38,56.745684
NEMO,BWB,492,4,4,3,13,1,3,384,628.136190783,576.054090747,571.26214038,27,36,267.78,77.7885285714
NEMO,BWB,493,4,4,3,13,3,1,384,628.136190783,575.044606487,571.520485957,22,34,812.99,52.6917254
NEMO,BWB,165,4,6,7,9,1,1,640,788.782791824,574.158986272,573.567641822,15,14,195.15,71.598145
NEMO,BWB,179,4,8,3,11,1,1,512,774.661869698,573.62163537,570.289614646,21,24,341.49,77.3695935
NEMO,BWB,199,4,6,11,5,1,1,640,758.392242668,572.627688913,572.256440079,15,16,194.72,86.2662144211
NEMO,BWB,49,16,4,15,1,3,1,256,927.975054239,571.982128031,566.687842815,12,11,4.36,85.88305
NEMO,BWB,172,4,6,9,7,1,1,640,780.270730255,571.88420136,571.364452993,13,14,113.44,81.6485253333
NEMO,BWB,321,4,8,9,5,1,1,512,703.917038916,571.865334009,571.49385968,13,14,307.82,70.4325226667
NEMO,BWB,402,4,6,3,9,3,3,640,670.038177185,571.833902343,568.492662843,11,25,993.21,55.0620712432
NEMO,BWB,403,4,6,3,9,5,1,640,670.038177185,571.733125288,568.471442922,14,26,931.81,55.1639216842
NEMO,BWB,405,4,8,3,9,3,1,640,670.038177185,571.733125288,568.471442922,14,26,994.59,47.1597611765
NEMO,BWB,176,8,6,9,3,3,3,384,776.421400331,571.692972819,571.110675597,10,14,261.76,83.269372
NEMO,BWB,177,8,6,9,3,5,1,384,776.421400331,571.692972819,571.110675597,10,14,475.76,75.5921251429
NEMO,BWB,178,8,8,9,3,3,1,384,776.421400331,571.692972819,571.110675597,10,14,211.84,85.7101904
NEMO,BWB,401,4,6,3,9,1,5,640,670.038177185,570.534539018,566.896300451,17,26,251.35,75.5156672
NEMO,BWB,404,4,8,3,9,1,3,640,670.038177185,570.534539018,566.896300451,17,26,126.4,84.702506
NEMO,BWB,423,4,6,5,7,1,5,640,657.561415072,568.969129515,566.444637448,19,25,152.4,56.745684
NEMO,BWB,424,4,6,5,7,3,3,640,657.561415072,568.950563277,566.871569811,11,23,986.42,47.8086862222
NEMO,BWB,426,4,8,5,7,1,3,640,657.561415072,568.92935854,566.404866473,21,26,169.64,83.189052
NEMO,BWB,425,4,6,5,7,5,1,640,657.561415072,568.910792302,566.831798836,13,24,1121.03,37.2857417778
NEMO,BWB,427,4,8,5,7,3,1,640,657.561415072,568.910792302,566.831798836,13,24,1008.44,43.60564525
NEMO,BWB,243,4,8,5,9,1,1,640,736.15044224,568.906147471,567.203710205,18,20,168.65,83.189052
NEMO,BWB,274,8,4,9,5,3,3,384,727.001126014,568.787520002,567.693958546,12,20,266.08,73.8922093333
NEMO,BWB,275,8,4,9,5,5,1,384,727.001126014,568.626979609,567.533418153,13,21,590.32,80.0531402667
NEMO,BWB,244,4,6,13,3,1,1,640,736.132079475,568.119664043,567.896914743,17,18,144.65,86.2662144211
NEMO,BWB,439,4,6,7,5,1,5,512,652.080004592,567.606583042,565.89780113,15,23,364.58,67.1493433333
NEMO,BWB,440,4,6,7,5,3,3,512,652.080004592,567.179368817,566.064945831,11,21,832.07,41.2759473333
NEMO,BWB,442,4,8,7,5,1,3,512,652.080004592,567.012938709,565.304156797,17,24,325.1,69.1778726667
NEMO,BWB,441,4,6,7,5,5,1,512,652.080004592,566.70272841,565.588305424,13,22,901.08,28.1747195556
NEMO,BWB,443,4,8,7,5,3,1,512,652.080004592,566.70272841,565.588305424,13,22,853.58,37.29165725
NEMO,BWB,516,4,4,5,11,1,3,384,614.628114174,566.419919456,562.698016258,25,36,210.72,79.5321246667
NEMO,BWB,517,4,4,5,11,3,1,384,614.628114174,566.237889401,563.454253675,20,32,977.26,38.8696704
NEMO,BWB,99,8,6,11,1,3,3,512,853.443902659,566.198905647,566.082705553,9,11,69.25,79.6590664167
NEMO,BWB,100,8,6,11,1,5,1,512,853.443902659,566.198905647,566.082705553,9,11,131.56,60.2174038
NEMO,BWB,102,8,8,11,1,3,1,512,853.443902659,566.198905647,566.082705553,9,11,83,78.6944934815
NEMO,BWB,162,4,6,1,15,1,1,640,788.782791824,566.043312077,560.347309511,24,27,302.2,70.1830953333
NEMO,BWB,101,8,8,11,1,1,3,512,853.443902659,565.676121818,565.327521536,13,15,0.77,97.761156
NEMO,BWB,234,8,4,15,1,1,3,512,746.849884801,565.018947033,564.800364354,16,18,4.39,90.961264
NEMO,BWB,304,4,8,7,7,1,1,640,713.498852498,563.348652016,562.82890365,15,16,168.65,83.189052
NEMO,BWB,109,8,4,3,13,3,1,640,837.90810665,563.209212061,557.689861643,18,29,115.36,85.569746
NEMO,BWB,507,4,4,3,13,3,1,512,619.454098548,562.405467144,558.882300991,22,34,811.73,59.6976132
NEMO,BWB,506,4,4,3,13,1,3,512,619.454098548,562.22035115,557.429828777,27,36,239.04,76.8309424
NEMO,BWB,81,8,6,5,7,3,3,640,875.547687055,562.194383793,558.944705274,8,16,146.29,64.0792
NEMO,BWB,82,8,6,5,7,5,1,640,875.547687055,562.194383793,558.944705274,8,16,430.17,77.2125736
NEMO,BWB,83,8,8,5,7,3,1,640,875.547687055,562.194383793,558.944705274,8,16,17.36,97.465844
NEMO,BWB,305,4,6,15,1,1,1,640,713.480165151,561.737266609,561.663016842,19,20,60.8,86.2662144211
NEMO,BWB,189,8,4,3,11,3,3,384,771.464176332,560.851218607,556.039548202,12,23,322.4,83.6965786667
NEMO,BWB,358,8,4,11,5,3,1,256,688.091891354,560.42841054,556.866043084,14,19,200.82,77.6356069756
NEMO,BWB,190,8,4,3,11,5,1,384,771.464176332,560.328093638,555.964084847,15,24,607.68,76.226739
NEMO,BWB,121,8,6,3,9,3,3,384,823.644973234,558.034837531,553.667608368,10,21,195.68,80.2916546667
NEMO,BWB,122,8,6,3,9,5,1,384,823.644973234,557.258670118,552.994554044,10,21,681.01,74.0348925
NEMO,BWB,123,8,8,3,9,3,1,384,823.644973234,557.258670118,552.994554044,10,21,606.41,74.1211634286
NEMO,BWB,481,4,6,11,3,3,1,384,629.927953461,556.779382195,553.556322881,14,18,323.7,24.6877763333
NEMO,BWB,538,4,4,5,11,1,3,512,606.837462947,555.763104468,551.995800466,24,36,385.33,74.5609865
NEMO,BWB,539,4,4,5,11,3,1,512,606.837462947,555.659580429,552.876710351,20,32,1018.27,43.9373032
NEMO,BWB,237,8,4,5,9,3,3,512,742.876394475,554.742079733,551.463339548,11,21,200.08,83.5204893333
NEMO,BWB,238,8,4,5,9,5,1,512,742.876394475,554.588836156,551.387971391,13,22,830.31,71.9558733333
NEMO,BWB,351,4,8,9,5,1,1,640,690.445087006,554.201992778,553.830743945,13,14,209.49,79.4945424
NEMO,BWB,55,8,6,3,9,3,3,512,909.903949759,554.158249097,548.929244859,10,20,33.36,91.973648
NEMO,BWB,198,4,8,3,11,1,1,640,758.410289235,554.113308347,550.782683581,23,26,125.68,84.702506
NEMO,BWB,56,8,6,3,9,5,1,512,909.903949759,553.98215753,548.929244859,10,20,423.04,78.7698008
NEMO,BWB,57,8,8,3,9,3,1,512,909.903949759,553.98215753,548.929244859,10,20,109.28,90.754556
NEMO,BWB,468,4,4,1,15,1,3,384,640.14515374,553.910295472,547.908726566,31,40,170.68,61.3428706667
NEMO,BWB,15,16,4,15,1,3,1,512,1056.73417577,553.800728476,545.616362774,9,8,0.04,98.263856
NEMO,BWB,480,4,6,11,3,1,3,384,629.927953461,553.133890541,552.576053352,19,22,185.49,68.48244925
NEMO,BWB,469,4,4,1,15,3,1,384,640.14515374,551.725313275,547.460707942,23,38,172.52,70.598891
NEMO,BWB,32,8,6,3,13,1,1,640,982.745537341,551.56381145,546.271462967,15,15,23.68,94.1309
NEMO,BWB,460,4,6,7,5,1,5,640,641.367035478,551.104749892,549.397005259,15,23,195.35,71.598145
NEMO,BWB,461,4,6,7,5,3,3,640,641.367035478,550.993367651,549.879621151,11,21,772.31,46.8651973333
NEMO,BWB,85,8,8,13,1,1,1,512,869.291336622,550.9385671,550.822367006,11,13,0.77,97.761156
NEMO,BWB,261,8,4,7,7,3,3,512,729.584489035,550.57718088,548.537075876,11,17,145.04,82.147466
NEMO,BWB,262,8,4,7,7,5,1,512,729.584489035,550.538258452,548.498153448,12,18,866.07,73.7156185455
NEMO,BWB,463,4,8,7,5,1,3,640,641.367035478,550.52219141,548.814446777,17,24,169.64,83.189052
NEMO,BWB,462,4,6,7,5,5,1,640,641.367035478,550.416086169,549.302339669,13,22,894.96,31.3248362222
NEMO,BWB,464,4,8,7,5,3,1,640,641.367035478,550.416086169,549.302339669,13,22,783.07,43.73248275
NEMO,BWB,148,4,8,1,13,1,1,512,797.49090518,549.049236969,544.162648182,25,30,31.04,92.147808
NEMO,BWB,578,4,4,7,9,3,1,384,599.872580626,548.755955101,546.712804178,18,28,953.35,40.0384104
NEMO,BWB,577,4,4,7,9,1,3,384,599.872580626,548.562131457,545.770704059,22,32,230.94,80.5320445714
NEMO,BWB,202,8,4,15,1,3,1,640,757.928769112,548.10604635,543.592088787,13,16,53.48,86.8112725128
NEMO,BWB,379,4,8,11,3,1,1,512,679.551584745,547.469677447,547.24679285,15,16,239.03,71.21190088
NEMO,BWB,527,4,4,3,13,1,3,640,609.490716379,546.792878284,542.004176774,26,36,160.87,81.9121272
NEMO,BWB,528,4,4,3,13,3,1,640,609.490716379,546.502709553,542.980513975,21,34,840.46,58.7572056
NEMO,BWB,339,4,6,1,11,3,3,512,696.265658562,545.844378528,540.94091739,12,26,174.16,78.741291
NEMO,BWB,338,4,6,1,11,1,5,512,696.265658562,545.770083662,540.643737927,19,27,186.02,69.9265786667
NEMO,BWB,341,4,8,1,11,1,3,512,696.265658562,545.770083662,540.643737927,19,27,31.04,92.147808
NEMO,BWB,340,4,6,1,11,5,1,512,696.265658562,544.934170275,540.487726566,15,27,169.28,72.6395453333
NEMO,BWB,342,4,8,1,11,3,1,512,696.265658562,544.934170275,540.487726566,15,27,31.04,92.147808
NEMO,BWB,315,8,4,11,3,3,3,384,707.089282111,544.205462,539.466695692,11,16,172.58,83.1647152727
NEMO,BWB,16,16,4,11,5,3,1,640,1055.6879993,543.315779525,531.965659093,8,11,13.36,73.286116
NEMO,BWB,89,8,4,1,15,3,1,512,867.791197634,543.120290289,536.437146242,19,28,151.51,58.36554
NEMO,BWB,584,4,4,5,11,1,3,640,598.252978793,542.117910046,538.398530231,24,36,171.76,67.94018
NEMO,BWB,585,4,4,5,11,3,1,640,598.252978793,542.040697821,539.25863979,19,32,938.75,50.2801274
NEMO,BWB,408,8,4,13,3,3,1,256,668.84060778,541.414680597,538.436307806,14,15,124.92,77.6355399024
NEMO,BWB,316,8,4,11,3,5,1,384,707.089282111,540.889360944,536.150594636,12,17,360.33,56.8338972889
NEMO,BWB,113,8,6,11,1,3,3,640,834.675294458,540.519962271,540.403902324,9,13,83.95,79.5073105
NEMO,BWB,114,8,6,11,1,5,1,640,834.675294458,540.519962271,540.403902324,9,13,123.54,66.736767
NEMO,BWB,115,8,8,11,1,3,1,640,834.675294458,540.519962271,540.403902324,9,13,115.95,78.7333081333
NEMO,BWB,193,8,4,1,15,3,1,256,760.86789242,540.035720969,534.680932062,21,32,39.6,79.802968
NEMO,BWB,474,4,6,9,3,3,3,512,631.124146212,539.455110827,539.009341632,12,19,524.64,42.5598973333
NEMO,BWB,741,2,6,3,11,1,3,512,563.610453775,538.821336074,535.31631354,27,37,721.27,31.1865646222
NEMO,BWB,742,2,6,3,11,3,1,512,563.610453775,538.327634169,535.493922701,18,33,655.67,24.9159452632
NEMO,BWB,593,4,4,7,9,3,1,512,592.887269009,538.197017949,536.154443947,18,30,1034.32,43.5258482
NEMO,BWB,473,4,6,9,3,1,5,512,631.124146212,538.117928224,537.226389835,14,21,260.64,71.4261708571
NEMO,BWB,428,4,10,5,7,1,1,512,654.811395679,538.031023133,537.065189879,18,20,353.07,79.196752
NEMO,BWB,592,4,4,7,9,1,3,512,592.887269009,537.875321003,535.177745298,23,34,368.6,74.768587
NEMO,BWB,429,4,8,13,1,1,1,512,654.777787993,537.289340043,537.215045177,17,18,82.83,73.8443386087
NEMO,BWB,2,16,6,11,3,3,1,640,1232.03779927,536.636233209,519.851444206,5,6,8.07,83.163724
NEMO,BWB,663,2,6,1,13,1,3,512,577.048395365,536.503223888,531.908802458,29,36,426.45,65.7157890667
NEMO,BWB,217,8,6,11,1,3,3,384,752.44709822,536.488398984,536.391349448,10,14,78.79,81.9468645556
NEMO,BWB,218,8,6,11,1,5,1,384,752.44709822,536.488398984,536.391349448,10,14,132.23,58.1562258636
NEMO,BWB,219,8,8,11,1,3,1,384,752.44709822,536.488398984,536.391349448,10,14,97.13,76.7150193714
NEMO,BWB,302,8,4,9,5,3,3,512,713.508946947,536.392426925,535.29951353,12,16,57.84,92.20183
NEMO,BWB,303,8,4,9,5,5,1,512,713.508946947,536.095524102,535.002610707,13,17,611.65,81.0059728
NEMO,BWB,664,2,6,1,13,3,1,512,577.048395365,535.733083137,532.145628305,20,34,394.67,62.738496
NEMO,BWB,534,4,6,13,1,3,1,384,607.872232236,531.700742081,528.911556136,14,16,107.15,24.6877763333
NEMO,BWB,580,4,6,3,9,3,3,384,599.281393408,531.383589793,528.594403848,12,23,978.11,49.7659613333
NEMO,BWB,581,4,6,3,9,5,1,384,599.281393408,531.298680217,528.57642836,14,24,810.22,50.3357724444
NEMO,BWB,583,4,8,3,9,3,1,384,599.281393408,531.298680217,528.57642836,14,24,871.04,44.29267225
NEMO,BWB,475,4,6,9,3,5,1,512,631.124146212,531.072204604,530.62643541,13,18,556,29.9018973333
NEMO,BWB,477,4,8,9,3,3,1,512,631.124146212,531.072204604,530.62643541,13,18,517.4,39.0908135
NEMO,BWB,627,4,4,9,7,3,1,384,584.067904143,530.832290509,527.622149001,16,24,874.21,42.6522904
NEMO,BWB,413,4,8,11,3,1,1,640,666.978338966,530.615058731,530.392309431,15,16,223.94,77.8650382703
NEMO,BWB,579,4,6,3,9,1,5,384,599.281393408,530.469360543,527.432246958,18,24,420.56,68.2966015
NEMO,BWB,582,4,8,3,9,1,3,384,599.281393408,530.469360543,527.432246958,18,24,410.55,77.8367749091
NEMO,BWB,476,4,8,9,3,1,3,512,631.124146212,529.756364033,528.864825645,15,20,267.86,70.4325226667
NEMO,BWB,18,16,4,13,3,3,1,640,1044.64797051,529.56017913,519.685574354,8,9,13.36,73.286116
NEMO,BWB,615,4,4,7,9,3,1,640,585.464200087,529.233128199,524.587641846,16,26,960.77,49.2894574
NEMO,BWB,775,2,6,3,11,1,3,640,556.350579854,528.797169261,525.293218612,27,38,684.58,35.7525896364
NEMO,BWB,27,8,6,1,13,3,1,640,1012.17142561,528.606649994,520.064622992,14,24,112.8,85.108672
NEMO,BWB,1,16,6,13,1,3,1,640,1236.28627948,528.522366825,513.399438119,6,5,8.07,83.163724
NEMO,BWB,628,4,4,9,7,1,3,384,583.718893549,528.366547314,526.691690875,22,28,212.17,66.505589
NEMO,BWB,478,4,4,1,15,1,3,512,630.476160977,528.304317503,522.25802713,31,39,83.26,56.070908
NEMO,BWB,776,2,6,3,11,3,1,640,556.350579854,528.232802807,525.399754009,19,35,656.41,25.256032381
NEMO,BWB,550,4,6,13,1,1,3,384,605.765061048,528.167835953,527.981890224,17,20,79.94,68.48244925
NEMO,BWB,35,16,4,11,3,3,3,384,971.852942221,526.980292955,517.648239203,8,9,14.96,53.398964
NEMO,BWB,36,16,4,11,3,5,1,384,971.852942221,526.980292955,517.648239203,8,9,50.03,69.8861566667
NEMO,BWB,479,4,4,1,15,3,1,512,630.476160977,526.843910003,522.580447773,26,38,79.97,60.589208
NEMO,BWB,614,4,4,7,9,1,3,640,585.464200087,526.412464056,523.715913691,20,30,171.76,67.94018
NEMO,BWB,378,4,10,3,9,1,1,512,679.584636203,526.092376681,523.2747959,19,24,302.67,79.9221608889
NEMO,BWB,501,4,6,9,3,3,3,640,622.124270591,525.49960055,525.05410195,11,19,448.68,48.7479084444
NEMO,BWB,500,4,6,9,3,1,5,640,622.124270591,524.385929966,523.494932766,13,21,113.56,81.6485253333
NEMO,BWB,485,4,10,7,5,1,1,512,629.619474821,524.35706334,523.985589011,10,12,364.68,76.935332
NEMO,BWB,300,8,4,7,7,3,3,640,714.141336167,523.739455435,521.700893955,11,21,313.6,79.996351
NEMO,BWB,710,2,6,1,13,1,3,640,568.34917149,522.938960969,518.440645946,29,40,284.23,61.4104068
NEMO,BWB,711,2,6,1,13,3,1,640,568.34917149,522.311413667,518.724750053,19,38,300.09,62.8841069091
NEMO,BWB,171,4,8,1,13,1,1,640,780.28846872,521.685382885,516.503821319,24,30,329.79,56.6489768
NEMO,BWB,658,4,4,9,7,3,1,512,577.81051188,521.045616312,517.557371866,16,26,1031.48,44.2901182
NEMO,BWB,831,2,6,5,9,1,3,512,548.629428633,520.92517821,518.272728725,22,33,685.01,34.7549812308
NEMO,BWB,832,2,6,5,9,3,1,512,548.629428633,520.743461523,518.663493417,17,33,695.65,16.3300294737
NEMO,BWB,345,8,4,11,3,3,3,512,695.039494588,520.310661317,514.991816128,11,14,224.76,75.925436
NEMO,BWB,344,8,4,11,3,1,5,512,695.039494588,520.165000658,514.336129217,14,17,4.39,90.961264
NEMO,BWB,465,8,4,5,9,3,3,256,640.852718212,519.110160818,516.482184826,12,20,220.8,87.3309595556
NEMO,BWB,466,8,4,5,9,5,1,256,640.852718212,518.986626132,516.421540109,14,21,556.48,76.7913935556
NEMO,BWB,467,8,6,5,9,3,1,256,640.852718212,518.986626132,516.421540109,14,21,256.24,81.840156
NEMO,BWB,276,8,4,5,9,5,1,640,725.04148009,518.898049102,515.699224642,13,24,321.12,83.355228
NEMO,BWB,215,8,4,3,11,3,3,512,752.905486622,518.478114625,513.669295686,12,25,220.43,85.479836
NEMO,BWB,457,4,8,13,1,1,1,640,643.087410899,518.436944733,518.362694966,17,18,86.54,77.8650382703
NEMO,BWB,676,4,4,9,7,1,3,512,576.186096914,518.301550274,516.62719294,22,30,487.54,59.4299622857
NEMO,BWB,380,4,6,1,11,1,5,640,677.916727779,518.263371346,513.214387213,20,27,307.8,69.754576
NEMO,BWB,381,4,6,1,11,3,3,640,677.916727779,518.263371346,513.362886746,12,26,376.48,62.3972833333
NEMO,BWB,383,4,8,1,11,1,3,640,677.916727779,518.263371346,513.214387213,20,27,330.83,56.6489768
NEMO,BWB,449,8,4,15,1,3,1,256,648.500594472,518.108774765,515.480798773,14,13,43.69,77.6354642927
NEMO,BWB,630,4,6,5,7,3,3,384,583.202704557,517.957817004,516.222323527,12,21,950.15,37.6789835556
NEMO,BWB,629,4,6,5,7,1,5,384,583.202704557,517.942317606,515.834932669,20,23,242.7,74.9528846667
NEMO,BWB,631,4,6,5,7,5,1,384,583.202704557,517.924357802,516.188864325,13,22,1011.34,31.1954335556
NEMO,BWB,633,4,8,5,7,3,1,384,583.202704557,517.924357802,516.188864325,13,22,982.06,33.78150975
NEMO,BWB,632,4,8,5,7,1,3,384,583.202704557,517.908858403,515.801473467,21,24,308.68,79.977484
NEMO,BWB,41,16,4,13,1,3,3,384,951.858766633,517.771788845,509.350179362,8,7,14.96,53.398964
NEMO,BWB,42,16,4,13,1,5,1,384,951.858766633,517.771788845,509.350179362,8,7,30.51,69.8861566667
NEMO,BWB,301,8,4,7,7,5,1,640,714.141336167,517.698110541,515.659549061,12,22,614.09,72.224336
NEMO,BWB,216,8,4,3,11,5,1,512,752.905486622,517.602178123,513.240553598,15,26,477.07,75.0407664
NEMO,BWB,346,8,4,11,3,5,1,512,695.039494588,517.278428524,511.959583335,12,15,377.91,58.6591574146
NEMO,BWB,382,4,6,1,11,5,1,640,677.916727779,517.17568136,512.731310094,15,27,376.15,62.3972833333
NEMO,BWB,384,4,8,1,11,3,1,640,677.916727779,517.17568136,512.731310094,15,27,390.51,47.2249568
NEMO,BWB,456,4,10,5,7,1,1,640,643.107125063,517.024305282,515.687809482,17,20,324.92,74.8385177143
NEMO,BWB,368,8,4,13,1,3,3,384,685.220471255,516.943856994,512.715419365,11,12,61.02,83.1647152727
NEMO,BWB,369,8,4,13,1,5,1,384,685.220471255,516.904914079,512.67647645,13,13,125.47,56.7988361778
NEMO,BWB,510,4,10,7,5,1,1,640,618.780772229,515.860597564,515.489348731,10,12,323.72,74.8385177143
NEMO,BWB,502,4,6,9,3,5,1,640,622.124270591,515.530646602,515.085148002,11,19,536.68,33.1200417778
NEMO,BWB,504,4,8,9,3,3,1,640,622.124270591,515.530646602,515.085148002,11,19,475.2,44.98912025
NEMO,BWB,503,4,8,9,3,1,3,640,622.124270591,514.480544682,513.589547482,13,21,197.4,79.4945424
NEMO,BWB,20,16,4,15,1,3,1,640,1029.72082488,513.952021893,504.985426752,9,8,13.36,73.286116
NEMO,BWB,567,4,10,9,3,1,1,512,603.998169308,513.410537495,513.187652897,9,11,264.23,79.743752
NEMO,BWB,722,4,4,11,5,3,1,384,567.372478312,511.741546964,509.182738516,16,22,495.95,25.1143124
NEMO,BWB,867,2,6,5,9,1,3,640,542.531270387,511.66571441,509.061426765,23,34,655.45,37.1201531707
NEMO,BWB,530,4,6,11,1,3,3,512,607.914610646,511.656358001,511.582063136,11,15,123.75,27.8587620833
NEMO,BWB,531,4,6,11,1,5,1,512,607.914610646,511.656358001,511.582063136,11,15,132.59,19.5862475
NEMO,BWB,533,4,8,11,1,3,1,512,607.914610646,511.656358001,511.582063136,11,15,132.75,28.3583886087
NEMO,BWB,868,2,6,5,9,3,1,640,542.531270387,511.567016907,509.487582925,16,30,675.89,18.6776176842
NEMO,BWB,689,4,4,9,7,3,1,640,571.37391749,511.473940723,507.708068661,16,26,941.31,50.6089574
NEMO,BWB,529,4,6,11,1,1,5,512,607.914610646,511.359228531,511.062049068,14,18,102.07,73.0059725
NEMO,BWB,532,4,8,11,1,1,3,512,607.914610646,511.210638799,510.987754202,15,17,82.83,73.8443386087
NEMO,BWB,297,4,6,3,13,1,1,384,715.249083161,510.719819669,507.759544529,23,25,411.4,68.2966015
NEMO,BWB,412,4,10,3,9,1,1,640,666.997701555,510.383547438,507.567363671,15,19,205.79,79.141038
NEMO,BWB,106,8,10,5,7,1,1,640,843.456412499,508.806808123,506.717729075,10,12,119.52,71.0655
NEMO,BWB,700,4,4,9,7,1,3,640,570.177785357,508.417088832,506.743367916,22,30,224.65,77.5452792
NEMO,BWB,343,4,10,1,11,1,1,512,696.265658562,508.253770728,504.030211616,16,23,122.32,80.5070573333
NEMO,BWB,508,4,4,1,15,1,3,640,618.859728682,508.204890167,502.253882464,30,37,266.27,70.307564
NEMO,BWB,312,4,8,1,13,1,1,384,707.33223053,508.142355665,504.066406147,25,30,230.96,57.358531
NEMO,BWB,518,4,6,1,11,1,5,384,612.449879397,508.127697333,503.85094555,20,28,142.83,47.032086
NEMO,BWB,521,4,8,1,11,1,3,384,612.449879397,508.127697333,503.85094555,20,28,231.59,57.358531
NEMO,BWB,519,4,6,1,11,3,3,384,612.449879397,508.003733514,503.91292746,12,27,152.51,71.544964
NEMO,BWB,738,4,4,11,5,1,3,384,564.283620888,507.984823827,507.286966977,21,24,288.81,65.5631584
NEMO,BWB,520,4,6,1,11,5,1,384,612.449879397,507.619461608,503.910451371,15,28,152.51,71.544964
NEMO,BWB,522,4,8,1,11,3,1,384,612.449879397,507.619461608,503.910451371,15,28,201.4,61.579181
NEMO,BWB,430,8,4,3,11,3,3,256,654.318455193,507.549763245,503.695398457,12,24,198.24,80.5518936
NEMO,BWB,509,4,4,1,15,3,1,640,618.859728682,506.888153572,502.625820445,22,35,358.41,64.868088
NEMO,BWB,431,8,4,3,11,5,1,256,654.318455193,506.851352496,503.356365512,16,25,516.16,76.9581673333
NEMO,BWB,432,8,6,3,11,3,1,256,654.318455193,506.851352496,503.356365512,16,25,219.68,81.7127726667
NEMO,BWB,325,8,4,9,5,5,1,640,700.124862498,505.6240302,504.531943693,12,18,427.28,83.1807828571
NEMO,BWB,74,8,6,3,9,3,3,640,876.187149675,504.280470186,499.057772566,10,18,1.76,99.3643
NEMO,BWB,497,8,4,7,7,3,3,256,625.240745545,504.170693345,502.535508284,12,18,85.76,85.9462626667
NEMO,BWB,75,8,6,3,9,5,1,640,876.187149675,504.071567245,499.057772566,10,18,411.62,74.166139
NEMO,BWB,76,8,8,3,9,3,1,640,876.187149675,504.071567245,499.057772566,10,18,96.72,87.815746
NEMO,BWB,498,8,4,7,7,5,1,256,625.240745545,503.258919575,501.623734513,13,19,578,73.0570064444
NEMO,BWB,499,8,6,7,7,3,1,256,625.240745545,503.258919575,501.623734513,13,19,115.12,81.381768
NEMO,BWB,745,4,4,11,5,3,1,512,561.773454435,502.774005954,499.983410397,16,24,574.73,27.33242832
NEMO,BWB,912,2,6,7,7,3,1,512,532.395945232,502.389553751,501.063329008,16,31,702.24,13.7772084211
NEMO,BWB,73,8,6,3,9,1,5,640,876.187149675,502.307451085,496.620513676,14,19,23.68,94.1309
NEMO,BWB,911,2,6,7,7,1,3,512,532.395945232,502.223779748,500.329172972,22,35,582.6,34.1634804
NEMO,BWB,589,4,10,9,3,1,1,640,594.006610136,501.478836734,501.256087434,9,15,120.92,86.4046632
NEMO,BWB,111,16,4,11,3,3,3,256,835.113301275,501.357115158,494.602337468,9,10,6.65,85.88305
NEMO,BWB,112,16,4,11,3,5,1,256,835.113301275,501.357115158,494.602337468,9,10,53.58,55.7722944
NEMO,BWB,774,4,4,11,5,1,3,512,557.235084032,498.716100632,498.018451743,21,26,354.65,71.45931632
NEMO,BWB,570,4,6,11,1,3,3,640,600.350815292,497.778370816,497.704121049,11,17,117,31.8728251667
NEMO,BWB,571,4,6,11,1,5,1,640,600.350815292,497.778370816,497.704121049,11,17,131.33,22.2652751667
NEMO,BWB,573,4,8,11,1,3,1,640,600.350815292,497.778370816,497.704121049,11,17,128.15,31.9153093913
NEMO,BWB,569,4,6,11,1,1,5,640,600.350815292,497.481402116,497.184403049,14,20,60.8,86.2662144211
NEMO,BWB,572,4,8,11,1,1,3,640,600.350815292,497.332902582,497.110153282,15,21,86.54,77.8650382703
NEMO,BWB,388,8,4,13,1,3,3,512,674.496350055,496.633445605,491.89748756,11,14,71.6,75.925372
NEMO,BWB,389,8,4,13,1,5,1,512,674.496350055,496.594584303,491.858626258,13,15,127.84,58.1554305854
NEMO,BWB,387,8,4,13,1,1,5,512,674.496350055,495.938927955,491.130109017,17,19,4.39,90.961264
NEMO,BWB,657,4,10,11,1,1,1,512,577.936406785,495.554526856,495.48023199,11,15,132.35,72.8288674545
NEMO,BWB,587,4,8,11,3,1,1,384,597.159873047,494.585603763,494.399658033,15,16,192.29,67.7607575652
NEMO,BWB,723,4,6,7,5,1,5,384,564.796565535,494.350601912,492.925017984,16,21,196.3,80.095366
NEMO,BWB,726,4,8,7,5,1,3,384,564.796565535,494.301658995,492.876075068,17,22,195.74,85.77336
NEMO,BWB,724,4,6,7,5,3,3,384,564.796565535,494.257621205,493.327892556,12,19,738.76,36.225478
NEMO,BWB,725,4,6,7,5,5,1,384,564.796565535,494.2551608,493.325432151,13,20,786.76,25.3111557778
NEMO,BWB,727,4,8,7,5,3,1,384,564.796565535,494.2551608,493.325432151,13,20,741.76,33.841716
NEMO,BWB,952,2,6,7,7,1,3,640,527.248050085,494.025206916,492.131179538,22,36,549.38,38.9931356
NEMO,BWB,953,2,6,7,7,3,1,640,527.248050085,493.93050069,492.604681526,16,30,687.04,16.0033457778
NEMO,BWB,376,8,4,11,3,3,3,640,683.437642133,493.744576999,487.920115628,10,11,150.06,87.007726359
NEMO,BWB,777,4,4,11,5,3,1,640,556.180864118,493.432031579,490.41003548,16,24,547.81,31.7118984
NEMO,BWB,834,4,4,3,11,1,5,384,547.188492226,492.475798136,489.033037678,25,29,267.78,77.7885285714
NEMO,BWB,835,4,4,3,11,3,3,384,547.188492226,492.452540659,489.381970521,14,27,863.22,52.7679804
NEMO,BWB,836,4,4,3,11,5,1,384,547.188492226,492.152025173,489.368389447,18,28,751.95,52.8967641905
NEMO,BWB,830,4,4,13,3,3,1,384,549.914339944,492.092517939,489.998947391,16,20,302.49,25.1140244
NEMO,BWB,173,8,4,1,13,3,3,384,779.565639608,491.08199773,484.447724898,14,24,117.92,64.921844
NEMO,BWB,296,4,6,1,15,1,1,384,715.249083161,490.540725015,486.159818126,25,29,142.71,47.032086
NEMO,BWB,174,8,4,1,13,5,1,384,779.565639608,489.022351161,483.496995333,16,25,117.92,64.921844
NEMO,BWB,807,4,4,11,5,1,3,640,551.608781882,488.910712582,488.213328867,21,26,200.82,78.1865167273
NEMO,BWB,228,8,6,5,5,3,5,512,749.693261538,488.322695276,486.579693864,7,11,133.44,88.4664413333
NEMO,BWB,229,8,6,5,5,5,3,512,749.693261538,488.322695276,486.579693864,7,11,880.84,72.9024476
NEMO,BWB,230,8,6,5,5,7,1,512,749.693261538,488.322695276,486.579693864,7,11,729.52,73.9805284444
NEMO,BWB,231,8,8,5,5,3,3,512,749.693261538,488.322695276,486.579693864,7,11,113.6,90.1183173333
NEMO,BWB,232,8,8,5,5,5,1,512,749.693261538,488.322695276,486.579693864,7,11,723.6,80.5297027692
NEMO,BWB,233,8,10,5,5,3,1,512,749.693261538,488.322695276,486.579693864,7,11,271.97,84.80628
NEMO,BWB,385,4,10,1,11,1,1,640,677.916727779,488.124646276,483.754524776,15,23,268.12,59.5189256
NEMO,BWB,844,4,4,13,3,1,3,384,544.723869275,487.765929186,487.347215076,17,20,184.85,65.5631624
NEMO,BWB,44,16,4,11,3,3,3,512,943.277206162,487.346707006,476.888906386,8,9,0.04,98.263856
NEMO,BWB,45,16,4,11,3,5,1,512,943.277206162,487.346707006,476.888906386,8,9,77.95,69.1878005714
NEMO,BWB,535,8,4,9,5,3,3,256,607.839186427,486.850863609,485.974871612,13,17,292.08,64.498451
NEMO,BWB,536,8,4,9,5,5,1,256,607.839186427,486.482812635,485.606820638,14,18,467.2,74.4148544444
NEMO,BWB,537,8,6,9,5,3,1,256,607.839186427,486.482812635,485.606820638,14,18,385.36,71.7246337143
NEMO,BWB,225,8,4,11,7,1,1,512,749.887539151,486.396850556,485.886824305,3,3,4.39,90.961264
NEMO,BWB,377,8,4,11,3,5,1,640,683.437642133,483.932790795,478.108329424,10,11,334.86,67.405802878
NEMO,BWB,843,4,4,13,3,3,1,512,544.911176567,483.804736909,481.479240612,16,20,349.48,27.33196832
NEMO,BWB,1000,2,6,9,5,3,1,512,515.131957977,483.439445205,482.728967664,16,33,522.86,15.4066073333
NEMO,BWB,999,2,6,9,5,1,3,512,515.131957977,483.107905379,481.971141314,20,33,423.07,38.1241684444
NEMO,BWB,245,8,6,7,3,3,5,512,734.520150898,483.035317523,482.338116958,8,12,5.12,97.517596
NEMO,BWB,246,8,6,7,3,5,3,512,734.520150898,483.035317523,482.338116958,8,12,579.36,70.3232257778
NEMO,BWB,247,8,6,7,3,7,1,512,734.520150898,483.035317523,482.338116958,8,12,513.68,70.8458284444
NEMO,BWB,248,8,8,7,3,3,3,512,734.520150898,483.035317523,482.338116958,8,12,57.2,94.7866613333
NEMO,BWB,249,8,8,7,3,5,1,512,734.520150898,483.035317523,482.338116958,8,12,631.28,75.8403436923
NEMO,BWB,907,4,4,5,9,1,5,384,533.303927544,482.155350132,479.596541684,22,27,210.72,79.5321246667
NEMO,BWB,678,4,10,5,7,1,1,384,574.299518429,481.964828908,480.84915453,17,20,341.68,80.2756458182
NEMO,BWB,450,8,4,5,7,3,5,384,646.055295403,481.944323974,479.903009256,10,18,195.6,88.1953992
NEMO,BWB,451,8,4,5,7,5,3,384,646.055295403,481.944323974,479.903009256,10,18,861.66,74.3279570667
NEMO,BWB,452,8,4,5,7,7,1,384,646.055295403,481.905326345,479.864011628,12,19,913.44,70.617656
NEMO,BWB,908,4,4,5,9,3,3,384,533.303927544,481.899456032,479.805885483,14,25,1068.07,38.3327404
NEMO,BWB,679,4,8,13,1,1,1,384,574.276213388,481.888252501,481.826270591,17,18,71.32,67.7607575652
NEMO,BWB,909,4,4,5,9,5,1,384,533.303927544,481.800564698,479.757413775,16,26,1009.6,33.3429854
NEMO,BWB,895,4,4,3,11,1,5,512,539.765552178,481.666806679,478.225072159,25,29,239.04,76.8309424
NEMO,BWB,896,4,4,3,11,3,3,512,539.765552178,481.585406962,478.515751849,14,27,831.46,59.6630332
NEMO,BWB,897,4,4,3,11,5,1,512,539.765552178,481.285060627,478.502190549,18,28,816.66,59.3566532
NEMO,BWB,706,4,10,11,1,1,1,640,568.772158735,480.534891173,480.460641406,11,17,66.87,80.7711184706
NEMO,BWB,586,4,10,3,9,1,1,384,597.182881563,480.12735661,477.776996212,21,26,343.76,80.2756458182
NEMO,BWB,712,4,6,3,7,1,7,512,567.670082227,479.328044338,477.099198366,16,20,270.24,79.6845897143
NEMO,BWB,716,4,8,3,7,1,5,512,567.670082227,479.328044338,477.099198366,16,20,343.77,74.1878868571
NEMO,BWB,719,4,10,3,7,1,3,512,567.670082227,479.328044338,477.099198366,16,20,306.63,79.9221608889
NEMO,BWB,713,4,6,3,7,3,5,512,567.670082227,479.272329437,477.192073197,9,17,846.67,55.1753991579
NEMO,BWB,714,4,6,3,7,5,3,512,567.670082227,479.272329437,477.192073197,9,17,840.1,57.1150806667
NEMO,BWB,715,4,6,3,7,7,1,512,567.670082227,479.272329437,477.192073197,9,17,835.68,57.0617973333
NEMO,BWB,717,4,8,3,7,3,3,512,567.670082227,479.272329437,477.192073197,9,17,915.14,51.12261975
NEMO,BWB,718,4,8,3,7,5,1,512,567.670082227,479.272329437,477.192073197,9,17,887.52,51.88176975
NEMO,BWB,720,4,10,3,7,3,1,512,567.670082227,479.272329437,477.192073197,9,17,986.85,43.7252931429
NEMO,BWB,987,4,4,3,13,1,3,256,519.282611403,478.881841845,475.045777891,27,34,238.8,74.4827888889
NEMO,BWB,721,4,12,3,7,1,1,512,567.670082227,478.733685412,476.727724037,12,19,488.39,69.5667972
NEMO,BWB,898,4,4,13,3,1,3,512,538.146613748,478.514411616,478.095822282,17,20,241.87,71.45928432
NEMO,BWB,129,16,4,13,1,3,3,256,813.423968734,477.975060914,471.950529461,9,8,4.36,85.88305
NEMO,BWB,130,16,4,13,1,5,1,256,813.423968734,477.975060914,471.950529461,9,8,20.82,55.7722944
NEMO,BWB,765,4,4,1,13,1,5,384,559.425564971,476.775799619,472.309515782,29,33,170.68,61.3428706667
NEMO,BWB,766,4,4,1,13,3,3,384,559.425564971,476.729275829,472.495610942,14,31,172.72,70.598891
NEMO,BWB,767,4,4,1,13,5,1,384,559.425564971,475.90480431,472.38068378,20,32,172.52,70.598891
NEMO,BWB,1013,2,6,9,5,3,1,640,510.770211183,475.89932455,475.189064283,16,30,511.76,17.4566124444
NEMO,BWB,1012,2,6,9,5,1,3,640,510.770211183,475.603391272,474.466974845,20,30,414.18,40.9954597895
NEMO,BWB,298,4,6,5,11,1,1,384,715.249083161,475.322312688,473.842175119,19,18,239.77,74.9528846667
NEMO,BWB,116,8,6,1,11,3,3,384,828.423614804,475.154532965,468.749263526,12,20,89.68,73.57524
NEMO,BWB,894,4,4,13,3,3,1,640,540.045271994,474.971662441,472.414588818,16,22,337.65,31.7110624
NEMO,BWB,299,4,6,7,9,1,1,384,715.249083161,474.870412254,474.377033064,15,14,197.67,80.095366
NEMO,BWB,988,4,4,3,13,3,1,256,519.282611403,474.579221416,471.758459156,22,32,580.24,45.4139012
NEMO,BWB,117,8,6,1,11,5,1,384,828.423614804,474.560108639,468.749263526,12,20,89.68,73.57524
NEMO,BWB,118,8,8,1,11,3,1,384,828.423614804,474.560108639,468.749263526,12,20,37.04,88.56354
NEMO,BWB,362,4,6,11,5,1,1,384,685.824391059,474.390666234,474.080756685,15,16,281.91,68.4825325833
NEMO,BWB,390,8,6,5,5,3,5,384,671.102344353,473.640109473,472.184366418,8,14,429.79,74.2805864
NEMO,BWB,391,8,6,5,5,5,3,384,671.102344353,473.640109473,472.184366418,8,14,735.2,76.9276349333
NEMO,BWB,392,8,6,5,5,7,1,384,671.102344353,473.640109473,472.184366418,8,14,787.84,66.1230113333
NEMO,BWB,393,8,8,5,5,3,3,384,671.102344353,473.640109473,472.184366418,8,14,224.96,77.9767733333
NEMO,BWB,394,8,8,5,5,5,1,384,671.102344353,473.640109473,472.184366418,8,14,675.28,76.9884613333
NEMO,BWB,395,8,10,5,5,3,1,384,671.102344353,473.640109473,472.184366418,8,14,384.77,70.235445
NEMO,BWB,313,4,6,9,7,1,1,384,707.310622772,473.114996142,472.681122773,13,14,299.33,77.534737
NEMO,BWB,419,4,6,13,3,1,1,384,664.069051863,472.96374934,472.77780361,17,18,185.4,68.48244925
NEMO,BWB,954,4,4,5,9,1,5,512,526.747015989,472.570006592,469.965450739,22,27,385.33,74.5609865
NEMO,BWB,917,4,4,15,1,3,1,384,531.798109053,472.303891035,470.489463226,16,18,99.53,25.1140084
NEMO,BWB,955,4,4,5,9,3,3,512,526.747015989,472.302557375,470.209610707,14,25,1084.51,43.9381882
NEMO,BWB,1108,2,6,1,13,1,3,384,495.549927764,472.286373396,468.495035679,31,43,411.93,66.6382376842
NEMO,BWB,956,4,4,5,9,5,1,512,526.747015989,472.238623409,470.196049407,16,26,1101.91,37.5809632
NEMO,BWB,418,4,8,5,9,1,1,384,664.091204269,471.78634582,470.365714071,18,20,300.2,79.977484
NEMO,BWB,1109,2,6,1,13,3,1,384,495.549927764,471.772340103,468.757297354,20,39,368.08,67.3551348889
NEMO,BWB,28,16,6,11,1,5,1,384,1012.01293426,471.551319554,471.400061268,7,7,23.56,64.230931
NEMO,BWB,58,8,6,1,11,3,3,512,907.432314873,471.075181765,463.40597555,12,17,122.88,69.426532
NEMO,BWB,59,8,6,1,11,5,1,512,907.432314873,470.258198256,463.40597555,12,17,122.88,69.426532
NEMO,BWB,60,8,8,1,11,3,1,512,907.432314873,470.258198256,463.40597555,12,17,227.91,71.37485
NEMO,BWB,930,4,4,1,15,1,3,256,530.952776398,469.86034743,465.018713313,31,38,301.68,63.8151545
NEMO,BWB,846,4,6,9,3,3,3,384,544.499873768,469.813564066,469.441672606,12,17,441.88,38.9424113333
NEMO,BWB,416,8,4,13,1,3,3,640,664.444174744,469.691177749,464.449162515,11,10,53.48,86.8112725128
NEMO,BWB,458,4,8,7,7,1,1,384,642.061950094,469.444663917,469.010790548,15,16,210.82,85.7733155556
NEMO,BWB,910,4,4,13,3,1,3,640,532.892669695,469.311345884,468.892915655,17,22,166.23,78.7508852174
NEMO,BWB,845,4,6,9,3,1,5,384,544.499873768,469.302256441,468.558473522,14,19,231.44,77.534737
NEMO,BWB,482,8,4,7,5,3,5,384,629.697853631,469.211411292,468.117849836,10,16,452.49,77.3245833333
NEMO,BWB,483,8,4,7,5,5,3,384,629.697853631,469.211411292,468.117849836,10,16,711.68,75.0643251429
NEMO,BWB,484,8,4,7,5,7,1,384,629.697853631,468.49385257,467.400291114,10,16,685.44,66.707616
NEMO,BWB,609,8,4,11,3,3,3,256,588.929816214,468.406688558,464.961120036,12,15,124.84,77.6354642927
NEMO,BWB,610,8,4,11,3,5,1,256,588.929816214,468.389859224,464.944290702,13,16,221.11,51.5449004889
NEMO,BWB,611,8,6,11,3,3,1,256,588.929816214,468.389859224,464.944290702,13,16,155.86,79.5200776818
NEMO,BWB,417,8,4,13,1,5,1,640,664.444174744,468.376345365,463.134330131,11,10,111.35,67.405598
NEMO,BWB,1046,4,4,5,11,1,3,256,506.645230856,468.303389147,465.323921998,25,34,230.2,75.4378848889
NEMO,BWB,459,4,6,15,1,1,1,384,642.039517611,468.104512595,468.042530685,19,20,79.94,68.48244925
NEMO,BWB,808,4,6,5,5,1,7,512,551.314495597,467.560452223,466.148849774,12,18,389.76,68.1899148571
NEMO,BWB,812,4,8,5,5,1,5,512,551.314495597,467.560452223,466.148849774,12,18,343.14,68.4088393333
NEMO,BWB,815,4,10,5,5,1,3,512,551.314495597,467.560452223,466.148849774,12,18,330.27,79.196752
NEMO,BWB,660,2,6,3,13,1,1,512,577.322767234,467.517849148,465.256619059,21,23,575.24,35.75324
NEMO,BWB,1047,4,4,5,11,3,1,256,506.645230856,467.506249271,465.278136597,20,30,623.6,35.6838062
NEMO,BWB,809,4,6,5,5,3,5,512,551.314495597,467.374702561,466.260279575,10,17,824.28,40.3157695556
NEMO,BWB,810,4,6,5,5,5,3,512,551.314495597,467.374702561,466.260279575,10,17,830.32,35.6852473333
NEMO,BWB,813,4,8,5,5,3,3,512,551.314495597,467.374702561,466.260279575,10,17,824.82,38.84915725
NEMO,BWB,811,4,6,5,5,7,1,512,551.314495597,467.360767248,466.246344262,10,17,827.6,35.7054584444
NEMO,BWB,814,4,8,5,5,5,1,512,551.314495597,467.360767248,466.246344262,10,17,892.32,31.465226
NEMO,BWB,816,4,10,5,5,3,1,512,551.314495597,467.360767248,466.246344262,10,17,841.32,34.8875931429
NEMO,BWB,931,4,4,1,15,3,1,256,530.952776398,467.211831916,463.79842007,25,37,299.32,63.8151545
NEMO,BWB,250,8,4,3,11,3,3,640,732.274753766,467.194607736,462.389427105,12,23,115.44,85.569746
NEMO,BWB,957,4,4,15,1,1,3,384,525.038438973,466.732890313,466.593318943,19,22,64.35,65.5630664
NEMO,BWB,927,4,4,3,11,1,5,640,531.324414542,466.57213302,463.131706692,25,31,160.87,81.9121272
NEMO,BWB,928,4,4,3,11,3,3,640,531.324414542,466.525640772,463.457152425,14,29,877.4,58.2273312099
NEMO,BWB,817,4,12,5,5,1,1,512,551.314495597,466.373591961,465.70493817,15,19,479.68,69.5667972
NEMO,BWB,420,8,4,3,9,3,5,384,658.995695979,466.221700636,462.941016269,10,22,322.4,83.6965786667
NEMO,BWB,421,8,4,3,9,5,3,384,658.995695979,466.221700636,462.941016269,10,22,618.75,76.226739
NEMO,BWB,929,4,4,3,11,5,1,640,531.324414542,466.096912743,463.314854713,18,30,893.57,55.8547692093
NEMO,BWB,251,8,4,3,11,5,1,640,732.274753766,465.867896795,461.508809356,15,24,399.17,80.6850666667
NEMO,BWB,422,8,4,3,9,7,1,384,658.995695979,465.526896863,462.324235108,12,23,607.68,76.226739
NEMO,BWB,1092,2,6,11,3,3,1,512,497.009901613,465.235344212,463.056546421,15,31,255.59,10.4526028571
NEMO,BWB,951,4,4,15,1,3,1,512,527.334558309,464.730788694,462.684351952,16,18,117.31,27.33166632
NEMO,BWB,990,4,4,7,7,1,5,384,518.079342675,463.960271284,462.099319685,24,26,230.9,80.5320445714
NEMO,BWB,991,4,4,7,7,3,3,384,518.079342675,463.832324234,462.529658115,14,23,944.12,40.0383104
NEMO,BWB,992,4,4,7,7,5,1,384,518.079342675,463.807118839,462.50445272,15,24,1045.68,26.7737604
NEMO,BWB,505,4,8,9,5,1,1,384,619.753289577,463.731143513,463.421233963,13,14,194.98,85.645752
NEMO,BWB,1167,2,6,3,11,1,3,384,482.509984005,463.724014973,460.801525483,27,37,719.07,24.9806676735
NEMO,BWB,1168,2,6,3,11,3,1,384,482.509984005,462.927164739,460.564577012,19,37,561.54,24.4285015556
NEMO,BWB,1091,2,6,11,3,1,3,512,497.009901613,462.772379943,462.346093419,20,33,227.36,24.836685
NEMO,BWB,361,4,8,3,11,1,1,384,685.846268599,462.651155113,459.871873525,23,26,388.74,77.8367749091
NEMO,BWB,818,4,10,7,5,1,1,384,551.120288927,462.425418511,462.115508962,15,16,340.2,78.5341196364
NEMO,BWB,984,4,4,5,9,1,5,640,519.618225138,461.955418502,459.398344879,22,29,171.76,67.94018
NEMO,BWB,985,4,4,5,9,3,3,640,519.618225138,461.908926254,459.816775108,14,27,982.96,48.7256304762
NEMO,BWB,986,4,4,5,9,5,1,640,519.618225138,461.845201833,459.803281351,16,28,1092.58,39.7234374
NEMO,BWB,782,4,6,3,7,1,7,640,555.610846923,460.959386824,458.731893824,15,20,251.35,75.5156672
NEMO,BWB,786,4,8,3,7,1,5,640,555.610846923,460.959386824,458.731893824,15,20,126.4,84.702506
NEMO,BWB,789,4,10,3,7,1,3,640,555.610846923,460.959386824,458.731893824,15,20,206.91,79.141038
NEMO,BWB,783,4,6,3,7,3,5,640,555.610846923,460.86657082,458.787577353,9,19,935.03,52.6578024
NEMO,BWB,784,4,6,3,7,5,3,640,555.610846923,460.86657082,458.787577353,9,19,940.81,54.9007953684
NEMO,BWB,785,4,6,3,7,7,1,640,555.610846923,460.86657082,458.787577353,9,19,920.55,55.2599953684
NEMO,BWB,787,4,8,3,7,3,3,640,555.610846923,460.86657082,458.787577353,9,19,1007.68,45.7984666667
NEMO,BWB,788,4,8,3,7,5,1,640,555.610846923,460.86657082,458.787577353,9,19,964.02,50.666764
NEMO,BWB,790,4,10,3,7,3,1,640,555.610846923,460.86657082,458.787577353,9,19,974.98,44.2031381333
NEMO,BWB,847,4,6,9,3,5,1,384,544.499873768,460.554198896,460.182307436,13,18,483.08,26.1882224444
NEMO,BWB,849,4,8,9,3,3,1,384,544.499873768,460.554198896,460.182307436,13,18,433.44,36.71435975
NEMO,BWB,791,4,12,3,7,1,1,640,555.610846923,460.42107222,458.41632852,12,21,220.53,66.095125
NEMO,BWB,698,2,6,5,11,1,1,640,570.250876172,460.366726754,459.236304529,20,22,569.67,36.482727619
NEMO,BWB,414,8,4,1,13,3,3,256,665.179794177,460.304594856,454.990243406,14,23,39.6,79.802968
NEMO,BWB,848,4,8,9,3,1,3,384,544.499873768,460.04289127,459.299108352,15,20,156.29,85.645552
NEMO,BWB,415,8,4,1,13,5,1,256,665.179794177,459.354486634,454.929598688,17,24,39.6,79.802968
NEMO,BWB,697,2,6,3,13,1,1,640,570.250876172,459.295886062,457.035041613,23,25,560.35,39.2320597895
NEMO,BWB,433,8,6,7,3,3,5,384,652.438631823,459.181994978,458.599697756,8,10,396.88,71.7114624
NEMO,BWB,434,8,6,7,3,5,3,384,652.438631823,459.181994978,458.599697756,8,10,524.56,74.73036825
NEMO,BWB,435,8,6,7,3,7,1,384,652.438631823,459.181994978,458.599697756,8,10,497.52,64.1813891111
NEMO,BWB,436,8,8,7,3,3,3,384,652.438631823,459.181994978,458.599697756,8,10,280.88,78.5635624
NEMO,BWB,437,8,8,7,3,5,1,384,652.438631823,459.181994978,458.599697756,8,10,504.96,71.5371981333
NEMO,BWB,438,8,10,7,3,3,1,384,652.438631823,459.181994978,458.599697756,8,10,275.76,76.976752
NEMO,BWB,819,4,4,1,13,1,5,512,551.029828114,458.913439355,454.401976537,27,33,83.26,56.070908
NEMO,BWB,820,4,4,1,13,3,3,512,551.029828114,458.913439355,454.681036093,14,31,79.97,60.589208
NEMO,BWB,1126,2,6,11,3,3,1,640,493.304812126,458.649437131,456.281902909,14,22,253.03,11.752194
NEMO,BWB,989,4,4,15,1,1,3,512,518.919185088,457.963903053,457.824373275,19,22,85.3,71.45928432
NEMO,BWB,821,4,4,1,13,5,1,512,551.029828114,457.906928356,454.383762202,19,32,79.97,60.589208
NEMO,BWB,740,2,6,9,7,1,1,640,563.838384234,457.807176691,457.4757219,14,20,537.32,39.4350256
NEMO,BWB,1120,2,6,1,11,3,3,512,493.711016244,457.725153546,454.599052367,13,35,426.45,65.7157890667
NEMO,BWB,1119,2,6,1,11,1,5,512,493.711016244,457.642266545,454.374069857,21,36,429.61,65.3041482667
NEMO,BWB,1122,2,8,1,11,1,3,512,493.711016244,457.642266545,454.374069857,21,36,406.59,51.8543178462
NEMO,BWB,1121,2,6,1,11,5,1,512,493.711016244,457.430714162,454.597002694,17,36,394.67,62.738496
NEMO,BWB,1123,2,8,1,11,3,1,512,493.711016244,457.430714162,454.597002694,17,36,402.76,60.0005162857
NEMO,BWB,470,8,4,5,7,3,5,512,632.318411505,457.288022187,455.247917183,10,19,200.08,83.5204893333
NEMO,BWB,471,8,4,5,7,5,3,512,632.318411505,457.288022187,455.247917183,10,19,831.09,71.9558733333
NEMO,BWB,472,8,4,5,7,7,1,512,632.318411505,457.249099758,455.208994754,12,20,689.6,77.1536193333
NEMO,BWB,659,2,6,1,15,1,1,512,577.322767234,457.192001834,453.845472196,25,29,394.67,62.738496
NEMO,BWB,968,4,4,15,1,3,1,640,523.097764987,456.755343372,454.477223236,16,20,117.61,31.7109404
NEMO,BWB,50,16,4,13,1,3,3,512,925.861379263,456.723479988,447.288725081,8,7,0.04,98.263856
NEMO,BWB,51,16,4,13,1,5,1,512,925.861379263,456.723479988,447.288725081,8,7,27.93,69.1878005714
NEMO,BWB,1125,2,6,11,3,1,3,640,493.304812126,455.962296717,455.536140557,19,30,222.03,28.1495154286
NEMO,BWB,699,2,6,7,9,1,1,640,570.250876172,455.919835563,455.543028155,16,18,547.02,39.0202806
NEMO,BWB,306,8,6,9,1,3,5,512,713.223894355,455.891129004,455.77492891,8,11,92.16,86.3705173333
NEMO,BWB,307,8,6,9,1,5,3,512,713.223894355,455.891129004,455.77492891,8,11,214.08,79.0212396
NEMO,BWB,308,8,6,9,1,7,1,512,713.223894355,455.891129004,455.77492891,8,11,193.12,72.6886084706
NEMO,BWB,309,8,8,9,1,3,3,512,713.223894355,455.891129004,455.77492891,8,11,168.64,74.412718
NEMO,BWB,310,8,8,9,1,5,1,512,713.223894355,455.891129004,455.77492891,8,11,222.08,75.511274
NEMO,BWB,311,8,10,9,1,3,1,512,713.223894355,455.891129004,455.77492891,8,11,153.17,84.970736
NEMO,BWB,196,8,4,1,13,3,3,512,759.075913004,455.81774664,449.187405377,14,25,151.51,58.36554
NEMO,BWB,1008,4,4,7,7,1,5,512,512.293680077,455.205423059,453.298516095,23,26,368.6,74.768587
NEMO,BWB,1010,4,4,7,7,5,1,512,512.293680077,455.04070205,453.738424123,15,24,1196.59,29.3273532
NEMO,BWB,1009,4,4,7,7,3,3,512,512.293680077,455.031003489,453.728725563,14,23,1033.02,43.5243332
NEMO,BWB,226,8,4,13,5,1,1,512,749.887539151,454.84387414,454.479569675,6,6,4.39,90.961264
NEMO,BWB,1128,4,4,7,9,3,1,256,493.211314379,454.686284163,453.050821075,18,28,610.96,36.7887112
NEMO,BWB,1127,4,4,7,9,1,3,256,493.211314379,454.456759295,452.296645612,23,32,357.18,64.9545608
NEMO,BWB,197,8,4,1,13,5,1,512,759.075913004,454.060408371,448.538024085,16,26,151.51,58.36554
NEMO,BWB,1175,2,6,3,9,3,3,512,479.997520995,452.9262789,450.794846278,13,33,768.27,20.38204368
NEMO,BWB,1176,2,6,3,9,5,1,512,479.997520995,452.860921373,450.780953267,15,34,655.72,24.9162452632
NEMO,BWB,1178,2,8,3,9,3,1,512,479.997520995,452.860921373,450.780953267,15,34,642.95,20.6532193684
NEMO,BWB,272,8,10,5,5,1,3,640,727.074602513,452.834643167,450.745564119,10,14,119.52,71.0655
NEMO,BWB,842,2,6,11,5,1,1,640,545.992918104,452.758872304,452.522118882,16,22,365.66,26.806662
NEMO,BWB,267,8,6,5,5,3,5,640,727.074602513,452.71858322,450.977684014,7,13,146.29,64.0792
NEMO,BWB,268,8,6,5,5,5,3,640,727.074602513,452.71858322,450.977684014,7,13,430.29,77.2125736
NEMO,BWB,269,8,6,5,5,7,1,640,727.074602513,452.71858322,450.977684014,7,13,513.76,79.0655858667
NEMO,BWB,270,8,8,5,5,3,3,640,727.074602513,452.71858322,450.977684014,7,13,17.36,97.465844
NEMO,BWB,271,8,8,5,5,5,1,640,727.074602513,452.71858322,450.977684014,7,13,377.28,85.9821525
NEMO,BWB,273,8,10,5,5,3,1,640,727.074602513,452.71858322,450.977684014,7,13,114.64,72.2567
NEMO,BWB,878,4,6,5,5,3,5,640,541.56913608,452.507284892,451.393538392,9,17,759.09,47.8081473333
NEMO,BWB,879,4,6,5,5,5,3,640,541.56913608,452.507284892,451.393538392,9,17,860,37.3963528889
NEMO,BWB,880,4,6,5,5,7,1,640,541.56913608,452.507284892,451.393538392,9,17,853.88,37.2842195556
NEMO,BWB,882,4,8,5,5,3,3,640,541.56913608,452.507284892,451.393538392,9,17,788.8,43.605814
NEMO,BWB,883,4,8,5,5,5,1,640,541.56913608,452.507284892,451.393538392,9,17,876.86,34.18930775
NEMO,BWB,885,4,10,5,5,3,1,640,541.56913608,452.507284892,451.393538392,9,17,819.88,38.7450268571
NEMO,BWB,877,4,6,5,5,1,7,640,541.56913608,452.470152417,451.133656617,12,18,152.4,56.745684
NEMO,BWB,881,4,8,5,5,1,5,640,541.56913608,452.470152417,451.133656617,12,18,169.26,83.189052
NEMO,BWB,884,4,10,5,5,1,3,640,541.56913608,452.470152417,451.133656617,12,18,326.2,74.8385177143
NEMO,BWB,5,16,6,11,1,5,1,512,1104.82934426,452.450958925,452.270248021,6,6,36.69,60.6717865
NEMO,BWB,1174,2,6,3,9,1,5,512,479.997520995,451.730314508,449.409421208,19,34,684.51,32.9278859048
NEMO,BWB,1177,2,8,3,9,1,3,512,479.997520995,451.730314508,449.409421208,19,34,669.42,30.6006991111
NEMO,BWB,886,4,12,5,5,1,1,640,541.56913608,451.542037926,450.651040726,13,19,267.55,76.112296
NEMO,BWB,370,8,6,3,7,3,5,384,684.138642115,451.474445947,448.757058912,8,17,195.68,80.2916546667
NEMO,BWB,371,8,6,3,7,5,3,384,684.138642115,451.474445947,448.757058912,8,17,715.71,75.9415813333
NEMO,BWB,372,8,6,3,7,7,1,384,684.138642115,451.474445947,448.757058912,8,17,679.03,74.0348925
NEMO,BWB,373,8,8,3,7,3,3,384,684.138642115,451.474445947,448.757058912,8,17,617.55,74.1211634286
NEMO,BWB,374,8,8,3,7,5,1,384,684.138642115,451.474445947,448.757058912,8,17,677.12,80.5696810909
NEMO,BWB,375,8,10,3,7,3,1,384,684.138642115,451.474445947,448.757058912,8,17,379.52,85.491908
NEMO,BWB,524,8,4,9,3,3,5,384,610.510253578,450.95377687,450.516352288,10,12,266.08,73.8922093333
NEMO,BWB,525,8,4,9,3,5,3,384,610.510253578,450.95377687,450.516352288,10,12,378.08,80.0531469333
NEMO,BWB,526,8,4,9,3,7,1,384,610.510253578,450.95377687,450.516352288,10,12,425.52,68.161316
NEMO,BWB,523,4,10,1,11,1,1,384,612.449879397,450.283190223,446.760125715,21,28,115.32,77.8054893333
NEMO,BWB,707,8,4,13,1,3,3,256,568.738205062,450.166717724,447.129945467,12,12,43.2,77.6354642927
NEMO,BWB,708,8,4,13,1,5,1,256,568.738205062,450.135295288,447.098523031,13,13,75.45,51.5448571556
NEMO,BWB,709,8,6,13,1,3,1,256,568.738205062,450.135295288,447.098523031,13,13,52.11,79.5200776818
NEMO,BWB,841,2,8,3,11,1,1,640,546.000275295,450.053837948,447.931049417,24,32,579.07,33.5081216471
NEMO,BWB,53,16,4,11,3,3,3,640,916.433887642,449.979837396,438.516215759,7,8,13.36,73.286116
NEMO,BWB,54,16,4,11,3,5,1,640,916.433887642,449.979837396,438.516215759,7,8,63.4,80.1542255
NEMO,BWB,1001,4,4,15,1,1,3,640,514.027693691,449.444638343,449.3051616,19,24,54.62,81.075884875
NEMO,BWB,1232,2,6,5,9,1,3,384,468.4227468,448.171154634,445.999034067,24,35,655.51,27.5454392727
NEMO,BWB,1233,2,6,5,9,3,1,384,468.4227468,448.147906376,446.413709095,17,35,605,15.7256626667
NEMO,BWB,203,8,6,3,7,3,5,512,757.583130459,448.067563119,444.813960483,8,15,33.36,91.973648
NEMO,BWB,204,8,6,3,7,5,3,512,757.583130459,448.067563119,444.813960483,8,15,426.24,78.7698008
NEMO,BWB,205,8,6,3,7,7,1,512,757.583130459,448.067563119,444.813960483,8,15,423.04,78.7698008
NEMO,BWB,206,8,8,3,7,3,3,512,757.583130459,448.067563119,444.813960483,8,15,109.84,90.754556
NEMO,BWB,207,8,8,3,7,5,1,512,757.583130459,448.067563119,444.813960483,8,15,383.7,83.6289206667
NEMO,BWB,208,8,10,3,7,3,1,512,757.583130459,448.067563119,444.813960483,8,15,4.48,97.827532
NEMO,BWB,747,4,4,3,15,1,1,384,560.754588231,447.90067683,445.679222419,21,23,264.08,77.7887714286
NEMO,BWB,748,4,4,5,13,1,1,384,560.754588231,447.564603842,446.453876636,16,17,209.28,79.5321246667
NEMO,BWB,1197,2,6,13,1,3,1,512,478.165771878,447.208721504,445.314114728,15,28,86.03,10.4521742857
NEMO,BWB,513,8,4,7,5,3,5,512,617.587381797,447.148316165,446.05540277,10,15,145.04,82.147466
NEMO,BWB,514,8,4,7,5,5,3,512,617.587381797,447.148316165,446.05540277,10,15,823.17,73.7156185455
NEMO,BWB,515,8,4,7,5,7,1,512,617.587381797,446.665359569,445.572446174,10,15,678.56,70.3982252632
NEMO,BWB,970,4,6,11,1,3,3,384,522.646616326,446.624424945,446.562443035,12,15,107.15,24.6877763333
NEMO,BWB,1079,4,4,9,5,1,5,384,501.75017903,446.567597471,445.311455142,20,24,212.17,66.505589
NEMO,BWB,1080,4,4,9,5,3,3,384,501.75017903,446.486165374,445.788308525,14,21,662.1,42.6508504
NEMO,BWB,1081,4,4,9,5,5,1,384,501.75017903,446.484226293,445.786369443,15,22,765.16,27.9359704
NEMO,BWB,969,4,6,11,1,1,5,384,522.646616326,446.376528674,446.128601034,15,18,79.94,68.48244925
NEMO,BWB,942,2,8,5,9,1,1,640,527.979276654,446.332416837,445.247347229,19,26,563.66,35.5821981176
NEMO,BWB,943,2,6,13,3,1,1,640,527.971846888,446.322317357,446.180265304,18,24,222.9,28.1493761429
NEMO,BWB,287,8,6,7,3,1,7,640,715.540412727,446.143175882,444.982576411,11,11,158.24,59.7721
NEMO,BWB,288,8,6,7,3,3,5,640,715.540412727,446.085122536,445.388762853,7,9,240.68,78.9832
NEMO,BWB,289,8,6,7,3,5,3,640,715.540412727,446.085122536,445.388762853,7,9,407.16,78.0288766667
NEMO,BWB,290,8,6,7,3,7,1,640,715.540412727,446.085122536,445.388762853,7,9,500.16,77.07982975
NEMO,BWB,291,8,8,7,3,3,3,640,715.540412727,446.085122536,445.388762853,7,9,191.95,75.990606
NEMO,BWB,292,8,8,7,3,5,1,640,715.540412727,446.085122536,445.388762853,7,9,429.48,81.970064
NEMO,BWB,293,8,10,7,3,3,1,640,715.540412727,446.085122536,445.388762853,7,9,151.04,87.078204
NEMO,BWB,1049,4,4,7,7,1,5,640,506.247261863,445.854583023,443.948400868,23,28,171.76,67.94018
NEMO,BWB,1050,4,4,7,7,3,3,640,506.247261863,445.715100327,444.413317392,14,25,956.57,49.2900474
NEMO,BWB,1212,2,6,3,9,3,3,640,474.043464041,445.686585814,443.555805013,13,33,752.81,23.5660233913
NEMO,BWB,1051,4,4,7,7,5,1,640,506.247261863,445.655120274,444.35333734,15,26,1117.62,34.2736924
NEMO,BWB,696,2,6,1,15,1,1,640,570.250876172,445.624660573,441.994642409,24,29,300.09,62.8841069091
NEMO,BWB,1213,2,6,3,9,5,1,640,474.043464041,445.585890243,443.506456262,15,32,656.29,25.2899514286
NEMO,BWB,1215,2,8,3,9,3,1,640,474.043464041,445.585890243,443.506456262,15,32,654.15,21.4957056
NEMO,BWB,1211,2,6,3,9,1,5,640,474.043464041,444.988164432,442.667980894,19,34,655.16,33.5686798298
NEMO,BWB,1214,2,8,3,9,1,3,640,474.043464041,444.988164432,442.667980894,19,34,678.5,31.0789956
NEMO,BWB,1153,2,6,1,11,3,3,640,486.368216829,444.907031067,441.781885893,12,33,284.23,61.4104068
NEMO,BWB,1152,2,6,1,11,1,5,640,486.368216829,444.907031067,441.687184524,22,34,284.25,61.4104068
NEMO,BWB,1155,2,8,1,11,1,3,640,486.368216829,444.907031067,441.687184524,22,34,330.26,66.4059612308
NEMO,BWB,1154,2,6,1,11,5,1,640,486.368216829,444.612936623,441.779887826,16,34,300.09,62.8841069091
NEMO,BWB,1156,2,8,1,11,3,1,640,486.368216829,444.612936623,441.779887826,16,34,277.41,65.3965007273
NEMO,BWB,1203,2,6,13,1,1,3,512,476.373046357,444.532634422,444.390538914,18,30,77.56,24.836685
NEMO,BWB,971,4,6,11,1,5,1,384,522.646616326,444.383177804,444.321195894,14,16,115.26,17.57941175
NEMO,BWB,973,4,8,11,1,3,1,384,522.646616326,444.383177804,444.321195894,14,16,116.03,24.8263401739
NEMO,BWB,972,4,8,11,1,1,3,384,522.646616326,443.897979534,443.712033804,18,20,71.32,67.7607575652
NEMO,BWB,944,4,10,9,3,1,1,384,527.639417695,443.162369805,442.976424075,9,11,261.04,74.5987007273
NEMO,BWB,749,4,4,7,11,1,1,384,560.754588231,442.781239627,442.410997225,13,14,228.28,80.5320445714
NEMO,BWB,1181,4,4,9,7,3,1,256,479.113613939,442.211555614,439.827981895,16,23,575.24,38.3041912
NEMO,BWB,646,4,6,1,9,1,7,512,579.48136939,442.054451101,438.636887278,18,23,186.02,69.9265786667
NEMO,BWB,650,4,8,1,9,1,5,512,579.48136939,442.054451101,438.636887278,18,23,31.04,92.147808
NEMO,BWB,653,4,10,1,9,1,3,512,579.48136939,442.054451101,438.636887278,18,23,122.44,80.5070573333
NEMO,BWB,647,4,6,1,9,3,5,512,579.48136939,442.054451101,438.711182144,10,22,174.16,78.741291
NEMO,BWB,648,4,6,1,9,5,3,512,579.48136939,442.054451101,438.711182144,10,22,174.16,78.741291
NEMO,BWB,651,4,8,1,9,3,3,512,579.48136939,442.054451101,438.711182144,10,22,31.04,92.147808
NEMO,BWB,649,4,6,1,9,7,1,512,579.48136939,441.515717177,438.252367202,10,22,169.28,72.6395453333
NEMO,BWB,652,4,8,1,9,5,1,512,579.48136939,441.515717177,438.252367202,10,22,31.04,92.147808
NEMO,BWB,654,4,10,1,9,3,1,512,579.48136939,441.515717177,438.252367202,10,22,122.32,80.5070573333
NEMO,BWB,655,4,12,1,9,1,1,512,579.48136939,441.358691269,438.095341294,12,24,180.48,82.5566496
NEMO,BWB,919,4,6,7,3,3,5,512,531.388206285,441.117961888,440.672192693,10,15,520.28,41.2755751111
NEMO,BWB,920,4,6,7,3,5,3,512,531.388206285,441.117961888,440.672192693,10,15,552.16,28.1744584444
NEMO,BWB,921,4,6,7,3,7,1,512,531.388206285,441.117961888,440.672192693,10,15,570.56,25.9783973333
NEMO,BWB,923,4,8,7,3,3,3,512,531.388206285,441.117961888,440.672192693,10,15,535.36,37.2916385
NEMO,BWB,924,4,8,7,3,5,1,512,531.388206285,441.117961888,440.672192693,10,15,567.88,26.124526
NEMO,BWB,926,4,10,7,3,3,1,512,531.388206285,441.117961888,440.672192693,10,15,540.16,34.4656002857
NEMO,BWB,746,4,4,1,17,1,1,384,560.754588231,441.093916813,437.761735197,25,27,170.52,61.3428706667
NEMO,BWB,918,4,6,7,3,1,7,512,531.388206285,441.080826953,440.337878296,14,17,309.98,71.7542731429
NEMO,BWB,922,4,8,7,3,1,5,512,531.388206285,441.080826953,440.337878296,14,17,281.74,69.1778726667
NEMO,BWB,925,4,10,7,3,1,3,512,531.388206285,441.080826953,440.337878296,14,17,281.31,76.935332
NEMO,BWB,1196,4,4,9,7,1,3,256,478.466369879,440.368017512,439.027257295,22,27,254.6,71.6673186667
NEMO,BWB,1209,2,6,13,1,3,1,640,475.013673514,440.156544461,438.073114345,14,24,84.74,11.7517725714
NEMO,BWB,1019,2,8,7,7,1,1,640,509.780069174,439.391513221,439.06005843,16,22,559.89,33.3566545263
NEMO,BWB,750,4,4,9,9,1,1,384,560.754588231,438.647187539,438.276945137,10,12,211.73,66.505589
NEMO,BWB,1020,2,6,15,1,1,1,640,509.772565754,438.362108758,438.314758073,20,26,76.86,28.1493761429
NEMO,BWB,1254,2,6,5,7,1,5,512,464.574543318,437.504863203,435.847082275,21,34,582.62,34.2103004
NEMO,BWB,739,2,8,1,13,1,1,640,563.845669908,437.499172129,434.196612621,24,36,277.41,65.3965007273
NEMO,BWB,1257,2,8,5,7,1,3,512,464.574543318,437.479135035,435.821354107,22,35,587.87,30.9419573333
NEMO,BWB,1255,2,6,5,7,3,3,512,464.574543318,437.350916178,436.024691436,13,32,704.1,16.0101854
NEMO,BWB,1223,2,6,13,1,1,3,640,473.106642352,437.327366565,437.185314512,18,30,76.86,28.1493761429
NEMO,BWB,1256,2,6,5,7,5,1,512,464.574543318,437.32518801,435.998963267,14,33,688.57,17.1018517778
NEMO,BWB,1258,2,8,5,7,3,1,512,464.574543318,437.32518801,435.998963267,14,33,661.81,14.2033154
NEMO,BWB,1094,4,4,9,5,1,5,512,496.651876617,437.154791177,435.899023177,20,24,478.89,59.4299622857
NEMO,BWB,1095,4,4,9,5,3,3,512,496.651876617,437.073381663,436.375732774,14,21,816.48,44.2888482
NEMO,BWB,1096,4,4,9,5,5,1,512,496.651876617,437.036580094,436.338931205,15,22,883.08,31.0557532
NEMO,BWB,958,4,12,7,3,1,1,512,524.481894928,436.660544901,436.437660304,12,15,414.86,69.4688698182
NEMO,BWB,892,4,4,1,13,3,3,640,540.978031069,434.563039052,430.332244513,14,31,385.15,62.8706933333
NEMO,BWB,891,4,4,1,13,1,5,640,540.978031069,434.563039052,430.146275522,29,33,266.27,70.307564
NEMO,BWB,824,4,4,5,13,1,1,512,549.976407035,434.041187988,433.300891912,16,17,380.3,74.5609865
NEMO,BWB,893,4,4,1,13,5,1,640,540.978031069,433.569844665,430.047649087,20,32,358.41,64.868088
NEMO,BWB,823,4,4,3,15,1,1,512,549.976407035,433.075202617,430.85431439,19,21,238.27,76.8309424
NEMO,BWB,453,8,4,3,9,3,5,512,643.48661473,432.939426237,429.660686052,10,19,220.43,85.479836
NEMO,BWB,454,8,4,3,9,5,3,512,643.48661473,432.939426237,429.660686052,10,19,479.23,75.0407664
NEMO,BWB,455,8,4,3,9,7,1,512,643.48661473,432.593874589,429.393009824,12,20,532.62,69.7482264
NEMO,BWB,227,8,4,15,3,1,1,512,749.887539151,432.32609893,432.107516251,9,9,4.39,90.961264
NEMO,BWB,1358,2,6,7,7,3,1,384,453.493759788,432.006123351,430.900316517,16,27,618.73,12.6640515556
NEMO,BWB,1357,2,6,7,7,1,3,384,453.493759788,431.956755707,430.377031658,21,33,543.01,28.3050524
NEMO,BWB,1048,8,2,5,13,3,1,256,506.454677971,431.417648303,427.339490045,23,30,239.36,81.8401988571
NEMO,BWB,1138,2,8,9,5,1,1,640,491.399996271,431.253406513,431.01665309,14,20,447.95,33.720868
NEMO,BWB,1164,4,4,11,3,3,3,384,484.49977356,430.570593174,428.151356095,13,17,301.89,25.1143044
NEMO,BWB,993,8,2,3,15,3,1,256,516.930587735,430.471441613,427.425855061,25,32,207.36,81.7127726667
NEMO,BWB,1163,4,4,11,3,1,5,384,484.49977356,430.442672634,427.697769026,16,20,184.85,65.5631624
NEMO,BWB,860,8,4,5,7,3,5,256,543.930961545,430.094059239,428.458874178,11,18,214.8,87.3309595556
NEMO,BWB,861,8,4,5,7,5,3,256,543.930961545,430.094059239,428.458874178,11,18,549.44,76.7851935556
NEMO,BWB,863,8,6,5,7,3,3,256,543.930961545,430.094059239,428.458874178,11,18,258.32,81.840156
NEMO,BWB,862,8,4,5,7,7,1,256,543.930961545,430.062618765,428.427433703,12,19,726.4,64.0905952
NEMO,BWB,864,8,6,5,7,5,1,256,543.930961545,430.062618765,428.427433703,12,19,523.04,77.8773824444
NEMO,BWB,865,8,8,5,7,3,1,256,543.930961545,430.062618765,428.427433703,12,19,271.36,82.9019295
NEMO,BWB,1316,2,8,5,7,1,3,640,459.706330162,429.582994497,427.973071225,21,32,569.71,35.5821981176
NEMO,BWB,1313,2,6,5,7,1,5,640,459.706330162,429.573153678,427.963230407,20,31,573.93,36.4479704762
NEMO,BWB,1314,2,6,5,7,3,3,640,459.706330162,429.466608567,428.140789403,12,29,682.79,18.6550808421
NEMO,BWB,1315,2,6,5,7,5,1,640,459.706330162,429.440937586,428.115118422,13,30,680.04,18.3421902222
NEMO,BWB,1317,2,8,5,7,3,1,640,459.706330162,429.440937586,428.115118422,13,30,654.26,16.0759018947
NEMO,BWB,239,8,4,17,1,1,1,512,741.866072015,429.245463324,429.172602431,11,11,4.39,90.961264
NEMO,BWB,959,4,6,7,3,1,7,640,523.486608982,428.795648841,428.053151174,13,15,195.35,71.598145
NEMO,BWB,963,4,8,7,3,1,5,640,523.486608982,428.795648841,428.053151174,13,15,158.82,83.189052
NEMO,BWB,966,4,10,7,3,1,3,640,523.486608982,428.795648841,428.053151174,13,15,263.91,74.616832
NEMO,BWB,1165,4,4,11,3,5,1,384,484.49977356,428.793880823,426.374643745,14,18,326.61,17.2351244
NEMO,BWB,960,4,6,7,3,3,5,640,523.486608982,428.665700362,428.220201762,10,15,479.48,46.8650584444
NEMO,BWB,961,4,6,7,3,5,3,640,523.486608982,428.665700362,428.220201762,10,15,562.28,31.3225917778
NEMO,BWB,962,4,6,7,3,7,1,640,523.486608982,428.665700362,428.220201762,10,15,545.48,29.4281251111
NEMO,BWB,964,4,8,7,3,3,3,640,523.486608982,428.665700362,428.220201762,10,15,494.48,43.73233275
NEMO,BWB,965,4,8,7,3,5,1,640,523.486608982,428.665700362,428.220201762,10,15,551.8,29.71380775
NEMO,BWB,967,4,10,7,3,3,1,640,523.486608982,428.665700362,428.220201762,10,15,507.72,39.0646554286
NEMO,BWB,1135,4,4,9,5,1,5,640,491.507420789,428.626303097,427.371012409,20,24,224.65,77.5452792
NEMO,BWB,1136,4,4,9,5,3,3,640,491.507420789,428.544931245,427.84754753,14,21,740.08,50.6084624
NEMO,BWB,1137,4,4,9,5,5,1,640,491.507420789,428.354345163,427.656961448,15,22,857.48,34.1038024
NEMO,BWB,1086,2,6,3,13,1,1,384,498.152345348,428.251129667,426.365958327,23,25,543.2,30.6259626667
NEMO,BWB,825,4,4,7,11,1,1,512,549.976407035,427.772219395,427.402071358,13,14,365.57,74.768587
NEMO,BWB,1067,4,10,11,1,1,1,384,503.850978072,427.643951114,427.581969204,11,13,77.79,67.5611140909
NEMO,BWB,1259,4,4,11,5,3,1,256,464.456934524,427.508303049,425.646136081,16,20,303.63,23.419056
NEMO,BWB,695,2,6,9,7,1,1,512,570.832464495,427.366579073,427.035022888,14,20,566.4,36.5215189474
NEMO,BWB,554,8,4,7,5,3,5,640,605.411255596,427.34257777,426.250491263,10,15,313.6,79.996351
NEMO,BWB,555,8,4,7,5,5,3,640,605.411255596,427.34257777,426.250491263,10,15,612.58,72.224336
NEMO,BWB,1114,8,2,7,11,3,1,256,495.247846588,427.337546296,423.887898131,21,30,115.12,81.381768
NEMO,BWB,556,8,4,7,5,7,1,640,605.411255596,426.942519726,425.850433219,10,15,367.12,78.2639743529
NEMO,BWB,574,8,4,9,3,3,5,512,599.882349604,426.423326681,425.986161323,10,14,57.84,92.20183
NEMO,BWB,575,8,4,9,3,5,3,512,599.882349604,426.423326681,425.986161323,10,14,480.03,81.0060728
NEMO,BWB,576,8,4,9,3,7,1,512,599.882349604,426.423326681,425.986161323,10,14,324.56,74.340796
NEMO,BWB,822,4,4,1,17,1,1,512,549.976407035,426.17738139,422.84604905,25,27,83.26,56.070908
NEMO,BWB,1098,4,6,3,7,1,7,384,495.611207468,426.137742159,424.278284862,16,20,420.52,68.296639
NEMO,BWB,1102,4,8,3,7,1,5,384,495.611207468,426.137742159,424.278284862,16,20,395.05,77.8367749091
NEMO,BWB,1105,4,10,3,7,1,3,384,495.611207468,426.137742159,424.278284862,16,20,350.24,80.2756458182
NEMO,BWB,1099,4,6,3,7,3,5,384,495.611207468,426.12224276,424.386749283,10,19,809.76,49.7804057778
NEMO,BWB,1100,4,6,3,7,5,3,384,495.611207468,426.12224276,424.386749283,10,19,806.35,50.100328
NEMO,BWB,1103,4,8,3,7,3,3,384,495.611207468,426.12224276,424.386749283,10,19,867.84,44.292741
NEMO,BWB,661,2,6,5,11,1,1,512,577.322767234,425.456477186,424.702733823,20,22,578.7,34.2100954
NEMO,BWB,751,4,4,11,7,1,1,384,560.754588231,425.163547834,424.837881304,13,15,382.75,65.5637244
NEMO,BWB,1291,4,4,11,5,1,3,256,462.169596369,424.770939196,424.212289106,21,22,223.67,59.405912
NEMO,BWB,994,4,12,7,3,1,1,640,516.891729259,424.433630678,424.210881378,12,15,243.23,76.112296
NEMO,BWB,1101,4,6,3,7,7,1,384,495.611207468,424.400998287,422.66550481,12,20,799.01,50.3357724444
NEMO,BWB,1104,4,8,3,7,5,1,384,495.611207468,424.400998287,422.66550481,12,20,870.4,43.63745975
NEMO,BWB,1106,4,10,3,7,3,1,384,495.611207468,424.400998287,422.66550481,12,20,867.06,40.3592982857
NEMO,BWB,826,4,4,9,9,1,1,512,549.976407035,424.144305003,423.774156965,10,12,485.75,59.4299622857
NEMO,BWB,768,8,4,3,9,3,5,256,558.151062601,423.746528835,421.118552843,10,20,198.32,80.5518936
NEMO,BWB,769,8,4,3,9,5,3,256,558.151062601,423.746528835,421.118552843,10,20,538.56,76.9581673333
NEMO,BWB,771,8,6,3,9,3,3,256,558.151062601,423.746528835,421.118552843,10,20,221.92,81.7127726667
NEMO,BWB,770,8,4,3,9,7,1,256,558.151062601,423.622994148,421.057908125,12,21,486.08,77.1560173333
NEMO,BWB,772,8,6,3,9,5,1,256,558.151062601,423.622994148,421.057908125,12,21,482.64,78.5816852308
NEMO,BWB,773,8,8,3,9,3,1,256,558.151062601,423.622994148,421.057908125,12,21,291.6,83.7337213333
NEMO,BWB,511,8,4,5,7,5,3,640,617.923771339,423.236345998,421.197784518,9,15,321.12,83.355228
NEMO,BWB,512,8,4,5,7,7,1,640,617.923771339,423.236345998,421.197784518,9,15,255.52,83.8576684706
NEMO,BWB,796,2,6,11,5,1,1,512,552.552417227,423.040184243,422.803358396,16,21,374.87,23.660284
NEMO,BWB,86,8,6,1,11,3,3,640,868.482952067,422.922447263,415.262490754,12,19,112.96,85.108672
NEMO,BWB,662,2,6,7,9,1,1,512,577.322767234,422.585871652,422.208999971,16,17,578.68,35.5202505263
NEMO,BWB,606,8,4,11,1,3,5,384,588.952258267,422.325582517,422.25267842,11,11,61.02,83.1647152727
NEMO,BWB,607,8,4,11,1,5,3,384,588.952258267,422.325582517,422.25267842,11,11,125.47,56.7988361778
NEMO,BWB,608,8,4,11,1,7,1,384,588.952258267,422.325582517,422.25267842,11,11,134.43,48.5886872889
NEMO,BWB,871,4,4,5,13,1,1,640,541.838067192,422.235184628,421.124978307,16,16,171.66,67.94018
NEMO,BWB,87,8,6,1,11,5,1,640,868.482952067,422.040401594,415.262490754,12,19,112.8,85.108672
NEMO,BWB,88,8,8,1,11,3,1,640,868.482952067,422.040401594,415.262490754,12,19,110.88,85.484002
NEMO,BWB,332,8,6,9,1,3,5,640,697.346203322,420.703890177,420.58783023,8,10,18.16,94.402432
NEMO,BWB,333,8,6,9,1,5,3,640,697.346203322,420.703890177,420.58783023,8,10,154.72,80.4454508571
NEMO,BWB,334,8,6,9,1,7,1,640,697.346203322,420.703890177,420.58783023,8,10,194,77.5149037333
NEMO,BWB,335,8,8,9,1,3,3,640,697.346203322,420.703890177,420.58783023,8,10,168.96,79.251814
NEMO,BWB,336,8,8,9,1,5,1,640,697.346203322,420.703890177,420.58783023,8,10,201.68,78.3805365
NEMO,BWB,337,8,10,9,1,3,1,640,697.346203322,420.703890177,420.58783023,8,10,167.44,76.907294
NEMO,BWB,870,4,4,3,15,1,1,640,541.838067192,420.401574482,418.181161839,21,22,160.35,81.9121272
NEMO,BWB,795,2,8,3,11,1,1,512,552.565099484,420.024548842,417.901314914,22,28,584.85,31.5739503529
NEMO,BWB,1172,4,4,11,3,3,3,512,480.014601706,419.453008231,416.755432526,13,16,349.95,27.33185032
NEMO,BWB,1171,4,4,11,3,1,5,512,480.014601706,419.255367986,416.232222799,16,19,241.87,71.45928432
NEMO,BWB,1540,2,4,1,15,1,3,384,435.163677994,418.903369686,415.080867898,32,37,330.03,71.4383508235
NEMO,BWB,1422,2,6,7,5,1,5,512,447.804438887,418.862681427,417.773282532,16,30,430.38,37.0666406667
NEMO,BWB,1425,2,8,7,5,1,3,512,447.804438887,418.860639933,417.771241038,17,31,431.2,34.20835075
NEMO,BWB,1423,2,6,7,5,3,3,512,447.804438887,418.827151415,418.116673875,12,28,532.24,14.115524
NEMO,BWB,1424,2,6,7,5,5,1,512,447.804438887,418.825109922,418.114632381,13,29,530.52,13.0279406667
NEMO,BWB,1426,2,8,7,5,3,1,512,447.804438887,418.825109922,418.114632381,13,29,534.84,13.09317575
NEMO,BWB,902,2,6,13,3,1,1,512,534.10667997,418.761169915,418.619074407,18,22,226.99,24.8367635714
NEMO,BWB,1107,4,12,3,7,1,1,384,495.611207468,418.57654515,416.903033582,12,19,464.56,73.2470093333
NEMO,BWB,1225,2,8,11,3,1,1,640,472.836348294,418.50305915,418.361007096,16,20,244.84,26.5881346154
NEMO,BWB,486,8,6,9,1,3,5,384,629.161348524,418.471326312,418.374276775,8,8,139.04,83.269372
NEMO,BWB,487,8,6,9,1,5,3,384,629.161348524,418.471326312,418.374276775,8,8,195.92,75.5921251429
NEMO,BWB,488,8,6,9,1,7,1,384,629.161348524,418.471326312,418.374276775,8,8,181.12,66.3913391111
NEMO,BWB,489,8,8,9,1,3,3,384,629.161348524,418.471326312,418.374276775,8,8,140.72,85.7101904
NEMO,BWB,490,8,8,9,1,5,1,384,629.161348524,418.471326312,418.374276775,8,8,188.4,73.3202048
NEMO,BWB,491,8,10,9,1,3,1,384,629.161348524,418.471326312,418.374276775,8,8,160.8,80.680804
NEMO,BWB,1541,2,4,1,15,3,1,384,435.163677994,418.208818616,415.493428183,25,36,303.1,74.8350267368
NEMO,BWB,1173,4,4,11,3,5,1,512,480.014601706,417.199339633,414.501763928,14,17,375.84,19.26481232
NEMO,BWB,1085,2,6,1,15,1,1,384,498.152345348,417.13310376,414.343090265,25,28,368.54,66.5123293333
NEMO,BWB,1365,4,4,3,11,1,5,256,452.068335834,416.77069816,414.014691047,25,26,239,74.4827888889
NEMO,BWB,1368,4,6,3,11,1,3,256,452.068335834,416.769076238,414.013069125,26,27,208.16,75.1324565
NEMO,BWB,1366,4,4,3,11,3,3,256,452.068335834,416.686899927,414.228839529,14,24,768.88,45.3868712
NEMO,BWB,1367,4,4,3,11,5,1,256,452.068335834,416.49257362,414.264460946,18,25,596.36,44.5812912
NEMO,BWB,1369,4,6,3,11,3,1,256,452.068335834,416.49257362,414.264460946,18,25,559.48,43.265402
NEMO,BWB,901,2,8,5,9,1,1,512,534.119477438,416.469769372,415.716026009,20,24,581.38,30.9527295556
NEMO,BWB,694,2,8,1,13,1,1,512,570.845033089,416.435080786,413.321277648,25,31,402.76,60.0005162857
NEMO,BWB,945,8,4,7,5,3,5,256,527.389539287,416.074173663,415.198181666,11,17,85.76,85.9462626667
NEMO,BWB,946,8,4,7,5,5,3,256,527.389539287,416.074173663,415.198181666,11,17,491.68,73.0560064444
NEMO,BWB,948,8,6,7,5,3,3,256,527.389539287,416.074173663,415.198181666,11,17,115.44,81.381768
NEMO,BWB,64,16,4,13,1,3,3,640,902.045066931,416.073501126,405.744891533,7,6,13.36,73.286116
NEMO,BWB,65,16,4,13,1,5,1,640,902.045066931,416.073501126,405.744891533,7,6,24.42,71.8325885714
NEMO,BWB,1082,8,2,5,13,3,1,384,501.624467679,415.915152414,411.63793767,23,29,147.68,84.9148426667
NEMO,BWB,1497,2,6,9,5,3,1,384,437.878082191,415.692973932,415.100577414,16,23,450.8,12.9858571111
NEMO,BWB,947,8,4,7,5,7,1,256,527.389539287,415.579966409,414.703974411,12,18,479.2,61.0678502
NEMO,BWB,949,8,6,7,5,5,1,256,527.389539287,415.579966409,414.703974411,12,18,564.16,70.6227642353
NEMO,BWB,950,8,8,7,5,3,1,256,527.389539287,415.579966409,414.703974411,12,18,174.96,84.9255513333
NEMO,BWB,1496,2,6,9,5,1,3,384,437.878082191,415.475769478,414.527935049,21,27,387.7,32.3202404444
NEMO,BWB,1224,2,10,3,9,1,1,640,472.844002316,414.953799129,413.158469254,22,30,567.71,29.4930275294
NEMO,BWB,1139,8,2,7,11,3,1,384,490.878131473,413.857083249,410.208368476,21,27,236.64,84.415556
NEMO,BWB,1011,8,2,3,15,3,1,384,511.59266666,413.536622849,410.491130782,25,32,279.92,81.0551993333
NEMO,BWB,1239,4,4,3,9,3,5,384,466.164279,413.164024761,411.070454212,12,22,865.07,52.8305854
NEMO,BWB,1240,4,4,3,9,5,3,384,466.164279,413.164024761,411.070454212,12,22,811.07,52.7508022857
NEMO,BWB,1038,4,6,9,1,3,5,512,508.605230478,412.818024921,412.743730055,10,12,183.28,42.5598973333
NEMO,BWB,1039,4,6,9,1,5,3,512,508.605230478,412.818024921,412.743730055,10,12,192.16,29.9014195556
NEMO,BWB,1040,4,6,9,1,7,1,512,508.605230478,412.818024921,412.743730055,10,12,192.4,23.7019251111
NEMO,BWB,1042,4,8,9,1,3,3,512,508.605230478,412.818024921,412.743730055,10,12,177.48,39.0908135
NEMO,BWB,1043,4,8,9,1,5,1,512,508.605230478,412.818024921,412.743730055,10,12,189.48,26.94250725
NEMO,BWB,1045,4,10,9,1,3,1,512,508.605230478,412.818024921,412.743730055,10,12,184.84,34.7850074286
NEMO,BWB,1241,4,4,3,9,7,1,384,466.164279,412.76108633,410.717935407,14,23,751.87,52.8965975238
NEMO,BWB,1037,4,6,9,1,1,7,512,508.605230478,412.613745285,412.390860688,12,14,98.32,71.4261708571
NEMO,BWB,1041,4,8,9,1,1,5,512,508.605230478,412.613745285,412.390860688,12,14,142.9,70.0838366667
NEMO,BWB,1044,4,10,9,1,1,3,512,508.605230478,412.613745285,412.390860688,12,14,140.23,79.743752
NEMO,BWB,1236,4,4,13,1,3,3,384,466.473016852,412.596314548,410.502743999,13,14,100.73,25.1140084
NEMO,BWB,1237,4,4,13,1,5,1,384,466.473016852,412.571126826,410.477556278,14,15,108.1,17.3415084
NEMO,BWB,1238,4,4,3,9,1,7,384,466.164279,412.373129168,410.09346346,18,23,267.78,77.7885285714
NEMO,BWB,1166,8,2,9,9,3,1,256,483.419645692,412.329124188,409.474764481,18,26,341.12,71.7254908571
NEMO,BWB,1458,2,6,7,5,1,5,640,443.800021866,412.204911406,411.115845663,17,28,414.27,42.3147124444
NEMO,BWB,1461,2,8,7,5,1,3,640,443.800021866,412.202918196,411.113852453,18,31,426.84,36.1476745882
NEMO,BWB,1459,2,6,7,5,3,3,640,443.800021866,412.133882951,411.423622684,12,24,519.74,16.0030124444
NEMO,BWB,1460,2,6,7,5,5,1,640,443.800021866,412.13188974,411.421629474,13,25,526.94,14.3110346667
NEMO,BWB,1462,2,8,7,5,3,1,640,443.800021866,412.13188974,411.421629474,13,25,525.82,14.75412325
NEMO,BWB,1235,4,4,13,1,1,5,384,466.473016852,412.107845681,409.921227553,16,17,64.35,65.5630664
NEMO,BWB,1187,4,6,5,5,3,5,384,478.550359904,411.936701445,411.006972796,10,16,704.68,37.6788891111
NEMO,BWB,1188,4,6,5,5,5,3,384,478.550359904,411.936701445,411.006972796,10,16,743.52,31.2283502222
NEMO,BWB,1191,4,8,5,5,3,3,384,478.550359904,411.936701445,411.006972796,10,16,734.8,33.7815035
NEMO,BWB,1186,4,6,5,5,1,7,384,478.550359904,411.905702647,410.790028269,13,17,242.32,74.9528846667
NEMO,BWB,1190,4,8,5,5,1,5,384,478.550359904,411.905702647,410.790028269,13,17,258.88,79.977484
NEMO,BWB,1193,4,10,5,5,1,3,384,478.550359904,411.905702647,410.790028269,13,17,296.88,80.2756730909
NEMO,BWB,1574,2,4,1,15,1,3,512,431.624485584,411.76007171,407.908511552,31,41,412.47,51.9562230345
NEMO,BWB,1207,4,4,11,3,3,3,640,475.628396941,411.549148276,408.620136673,13,16,337.4,31.7110364
NEMO,BWB,1421,4,4,13,3,3,1,256,449.325120692,411.501553758,409.974576844,16,17,182.76,23.419176
NEMO,BWB,1206,4,4,11,3,1,5,640,475.628396941,411.386440292,408.131982955,16,19,166.23,78.7508852174
NEMO,BWB,1189,4,6,5,5,7,1,384,478.550359904,411.294535725,410.364807076,10,16,748.64,30.9596002222
NEMO,BWB,1192,4,8,5,5,5,1,384,478.550359904,411.294535725,410.364807076,10,16,749.64,28.88132225
NEMO,BWB,1194,4,10,5,5,3,1,384,478.550359904,411.294535725,410.364807076,10,16,735.36,31.3458054286
NEMO,BWB,126,16,4,11,1,3,5,384,817.433133433,411.217015635,411.103210101,8,8,14.96,53.398964
NEMO,BWB,127,16,4,11,1,5,3,384,817.433133433,411.217015635,411.103210101,8,8,30.51,69.8861566667
NEMO,BWB,128,16,4,11,1,7,1,384,817.433133433,411.217015635,411.103210101,8,8,20.9,65.9920664615
NEMO,BWB,872,4,4,7,11,1,1,640,541.838067192,411.116360888,410.746292114,13,13,171.66,67.94018
NEMO,BWB,10,16,6,11,1,3,3,640,1059.5403601,410.853831351,410.687645321,6,6,8.07,83.163724
NEMO,BWB,11,16,6,11,1,5,1,640,1059.5403601,410.853831351,410.687645321,6,6,28.36,69.2508746667
NEMO,BWB,12,16,8,11,1,3,1,640,1059.5403601,410.853831351,410.687645321,6,6,13.61,79.086502
NEMO,BWB,1575,2,4,1,15,3,1,512,431.624485584,410.840713004,408.125685649,25,40,383.48,59.7485270769
NEMO,BWB,1195,4,12,5,5,1,1,384,478.550359904,410.483850086,409.740067167,14,18,380.41,75.229926
NEMO,BWB,643,8,4,11,1,3,5,512,579.669161402,410.395679529,410.322818636,10,10,71.6,75.925372
NEMO,BWB,644,8,4,11,1,5,3,512,579.669161402,410.395679529,410.322818636,10,10,127.84,58.1554305854
NEMO,BWB,645,8,4,11,1,7,1,512,579.669161402,410.395679529,410.322818636,10,10,140.59,53.2396183556
NEMO,BWB,604,8,4,9,3,5,3,640,589.576023651,410.333738964,409.896904361,10,14,346.72,83.1807828571
NEMO,BWB,605,8,4,9,3,7,1,640,589.576023651,410.333738964,409.896904361,10,14,177.2,82.46342
NEMO,BWB,642,8,4,11,1,1,7,512,579.669161402,410.104297083,409.812853511,13,13,4.39,90.961264
NEMO,BWB,997,2,8,7,7,1,1,512,515.505904009,409.878871032,409.547314847,16,17,573.11,32.712168
NEMO,BWB,1208,4,4,11,3,5,1,640,475.628396941,409.305583081,406.376571477,14,17,369.8,21.8791464
NEMO,BWB,998,2,6,15,1,1,1,512,515.492989751,408.858087712,408.810722542,20,21,77.56,24.836685
NEMO,BWB,1659,2,4,3,13,1,3,384,424.351853347,408.812386181,405.760311109,28,35,582.76,32.964228
NEMO,BWB,568,16,2,11,5,5,1,256,603.368921124,408.739431483,404.840261462,13,16,56.18,60.3839
NEMO,BWB,1449,4,4,13,3,1,3,256,445.794622541,408.04728081,407.712090756,17,17,151.84,59.405874
NEMO,BWB,729,4,6,1,9,3,5,640,564.47215893,407.85396831,404.51272881,10,18,376.48,62.3972833333
NEMO,BWB,730,4,6,1,9,5,3,640,564.47215893,407.85396831,404.51272881,10,18,376.48,62.3972833333
NEMO,BWB,733,4,8,1,9,3,3,640,564.47215893,407.85396831,404.51272881,10,18,390.55,47.2249568
NEMO,BWB,728,4,6,1,9,1,7,640,564.47215893,407.779718544,404.438479044,18,19,307.8,69.754576
NEMO,BWB,732,4,8,1,9,1,5,640,564.47215893,407.779718544,404.438479044,18,19,330.83,56.6489768
NEMO,BWB,735,4,10,1,9,1,3,640,564.47215893,407.779718544,404.438479044,18,19,268.24,59.5189256
NEMO,BWB,731,4,6,1,9,7,1,640,564.47215893,407.774411177,404.51272881,10,18,376.15,62.3972833333
NEMO,BWB,734,4,8,1,9,5,1,640,564.47215893,407.774411177,404.51272881,10,18,390.51,47.2249568
NEMO,BWB,736,4,10,1,9,3,1,640,564.47215893,407.774411177,404.51272881,10,18,332.59,54.8705848
NEMO,BWB,737,4,12,1,9,1,1,640,564.47215893,407.774411177,404.51272881,11,20,305.81,50.513471
NEMO,BWB,1260,4,4,1,13,1,5,256,463.886207091,407.516619265,403.904015347,28,30,301.76,63.8151545
NEMO,BWB,1261,4,4,1,13,3,3,256,463.886207091,407.516619265,404.127475383,14,28,301.68,63.8151545
NEMO,BWB,1263,4,6,1,13,1,3,256,463.886207091,407.514997343,403.902393425,29,31,265.56,63.6868605714
NEMO,BWB,1021,4,6,1,9,1,7,384,509.403820796,407.345111841,404.493943986,18,22,142.83,47.032086
NEMO,BWB,1022,4,6,1,9,3,5,384,509.403820796,407.345111841,404.555925896,10,21,152.51,71.544964
NEMO,BWB,1023,4,6,1,9,5,3,384,509.403820796,407.345111841,404.555925896,10,21,152.51,71.544964
NEMO,BWB,1025,4,8,1,9,1,5,384,509.403820796,407.345111841,404.493943986,18,22,231.59,57.358531
NEMO,BWB,1026,4,8,1,9,3,3,384,509.403820796,407.345111841,404.555925896,10,21,201.91,61.579181
NEMO,BWB,1028,4,10,1,9,1,3,384,509.403820796,407.345111841,404.493943986,18,22,115.6,77.8054893333
NEMO,BWB,1262,4,4,1,13,5,1,256,463.886207091,406.946615722,404.125853462,20,29,299.32,63.8151545
NEMO,BWB,1264,4,6,1,13,3,1,256,463.886207091,406.946615722,404.125853462,20,29,261.28,63.6868605714
NEMO,BWB,1180,8,2,9,9,3,1,384,479.467997899,405.99181051,402.971595707,18,24,178.4,86.8786753333
NEMO,BWB,1024,4,6,1,9,7,1,384,509.403820796,405.951232967,403.22898111,10,21,152.51,71.544964
NEMO,BWB,1027,4,8,1,9,5,1,384,509.403820796,405.951232967,403.22898111,10,21,201.4,61.579181
NEMO,BWB,1029,4,10,1,9,3,1,384,509.403820796,405.951232967,403.22898111,10,21,115.32,77.8054893333
NEMO,BWB,1030,4,12,1,9,1,1,384,509.403820796,405.891727147,403.16947529,12,23,209.39,74.2706336
NEMO,BWB,873,4,4,9,9,1,1,640,541.838067192,405.606190782,405.236122008,10,11,222.91,77.5452792
NEMO,BWB,1356,2,8,13,1,1,1,640,454.086361195,405.571476189,405.524125504,18,22,84.31,26.5881346154
NEMO,BWB,1355,2,10,5,7,1,1,640,454.094092239,405.53004142,404.6777291,18,24,571.22,29.2079745882
NEMO,BWB,1090,4,12,9,1,1,1,512,497.029051349,404.962099001,404.887804135,10,12,149.44,63.0644828
NEMO,BWB,1093,2,8,9,5,1,1,512,496.722074853,404.478598005,404.241772158,14,15,436.82,33.65790075
NEMO,BWB,1661,2,6,1,11,1,5,384,423.865255687,404.290877219,401.565853235,21,29,413.38,68.3199404444
NEMO,BWB,1664,2,8,1,11,1,3,384,423.865255687,404.290877219,401.565853235,21,29,439.99,57.4226985882
NEMO,BWB,869,4,4,1,17,1,1,640,541.838067192,404.243060314,400.542372575,24,26,265.15,70.307564
NEMO,BWB,1662,2,6,1,11,3,3,384,423.865255687,404.211891017,401.605346336,12,30,412.85,64.7984886667
NEMO,BWB,1663,2,6,1,11,5,1,384,423.865255687,403.966184477,401.603596749,16,29,368.08,67.3551348889
NEMO,BWB,1665,2,8,1,11,3,1,384,423.865255687,403.966184477,401.603596749,16,29,432.31,54.4799809412
NEMO,BWB,1490,4,4,5,9,1,5,256,439.189849193,403.547977003,401.499593338,22,24,229.64,75.4378848889
NEMO,BWB,1491,4,4,5,9,3,3,256,439.189849193,403.538665449,401.862715177,14,22,740.32,35.6908312
NEMO,BWB,1493,4,6,5,9,1,3,256,439.189849193,403.537043527,401.488659862,23,25,200.48,80.7412896
NEMO,BWB,1492,4,4,5,9,5,1,256,439.189849193,403.459313004,401.823849916,16,23,656.88,29.9425562
NEMO,BWB,1494,4,6,5,9,3,1,256,439.189849193,403.459313004,401.823849916,16,23,616.96,34.3661797778
NEMO,BWB,1695,2,4,3,13,1,3,512,421.21493776,403.300030435,400.248409695,28,37,596.68,38.047304093
NEMO,BWB,1622,2,4,1,15,1,3,640,427.305119819,403.031775587,399.240195713,32,37,317.61,65.1172723333
NEMO,BWB,254,8,6,3,7,1,7,640,730.67577098,402.844076413,399.362278,13,16,23.68,94.1309
NEMO,BWB,255,8,6,3,7,3,5,640,730.67577098,402.844076413,399.594397894,8,15,1.76,99.3643
NEMO,BWB,256,8,6,3,7,5,3,640,730.67577098,402.844076413,399.594397894,8,15,413.84,79.0866896
NEMO,BWB,257,8,6,3,7,7,1,640,730.67577098,402.844076413,399.594397894,8,15,376.65,80.1807816
NEMO,BWB,258,8,8,3,7,3,3,640,730.67577098,402.844076413,399.594397894,8,15,96.72,87.815746
NEMO,BWB,259,8,8,3,7,5,1,640,730.67577098,402.844076413,399.594397894,8,15,265.21,77.0019733333
NEMO,BWB,260,8,10,3,7,3,1,640,730.67577098,402.844076413,399.594397894,8,15,178.16,85.10706
NEMO,BWB,409,8,4,1,11,3,5,384,667.757855975,402.503519814,397.691849409,12,21,117.92,64.921844
NEMO,BWB,410,8,4,1,11,5,3,384,667.757855975,402.503519814,397.691849409,12,21,117.92,64.921844
NEMO,BWB,1230,8,2,11,7,3,1,256,471.058775935,402.173075038,399.880782153,17,24,209.98,79.5311708636
NEMO,BWB,1623,2,4,1,15,3,1,640,427.305119819,401.918041025,399.203373478,25,36,305.87,66.041352
NEMO,BWB,411,8,4,1,11,7,1,384,667.757855975,401.666850995,397.302842204,12,21,117.92,64.921844
NEMO,BWB,1371,4,4,5,7,3,5,384,451.807120851,401.4825151,400.179848981,12,20,967.09,38.3333354
NEMO,BWB,1372,4,4,5,7,5,3,384,451.807120851,401.4825151,400.179848981,12,20,996.06,33.3876404
NEMO,BWB,1373,4,4,5,7,7,1,384,451.807120851,401.457309705,400.154643586,13,21,990.62,33.1737254
NEMO,BWB,1370,4,4,5,7,1,7,384,451.807120851,401.43599131,399.854182451,20,22,210.72,79.5321246667
NEMO,BWB,1660,2,4,3,13,3,1,384,424.351853347,401.429937721,399.185972319,25,34,565.68,25.5800374
NEMO,BWB,1071,4,6,9,1,3,5,640,502.191436264,400.684786235,400.610536468,9,11,154,48.7478473333
NEMO,BWB,1072,4,6,9,1,5,3,640,502.191436264,400.684786235,400.610536468,9,11,182.84,33.1199084444
NEMO,BWB,1073,4,6,9,1,7,1,640,502.191436264,400.684786235,400.610536468,9,11,191.32,26.7450917778
NEMO,BWB,1075,4,8,9,1,3,3,640,502.191436264,400.684786235,400.610536468,9,11,164.68,44.98912025
NEMO,BWB,1076,4,8,9,1,5,1,640,502.191436264,400.684786235,400.610536468,9,11,183.44,30.72300775
NEMO,BWB,1078,4,10,9,1,3,1,640,502.191436264,400.684786235,400.610536468,9,11,169.56,40.2078554286
NEMO,BWB,1070,4,6,9,1,1,7,640,502.191436264,400.666235181,400.443485881,11,13,68.56,81.6485253333
NEMO,BWB,1074,4,8,9,1,1,5,640,502.191436264,400.666235181,400.443485881,11,13,83.2,79.4945424
NEMO,BWB,1077,4,10,9,1,1,3,640,502.191436264,400.666235181,400.443485881,11,13,51.56,86.4046632
NEMO,BWB,1286,4,4,13,1,3,3,512,462.535209567,400.332599071,397.960592848,13,14,117.31,27.33166632
NEMO,BWB,1287,4,4,13,1,5,1,512,462.535209567,400.307437229,397.935431006,14,15,125.17,19.26162632
NEMO,BWB,1600,2,6,9,3,3,3,512,429.953911328,399.912564702,399.628373686,13,26,317.92,15.4067517778
NEMO,BWB,1601,2,6,9,3,5,1,512,429.953911328,399.884811399,399.600620383,14,27,320.76,11.2737462222
NEMO,BWB,1603,2,8,9,3,3,1,512,429.953911328,399.884811399,399.600620383,14,27,324.46,13.0036195
NEMO,BWB,1285,4,4,13,1,1,5,512,462.535209567,399.819117294,397.400601145,18,19,85.3,71.45928432
NEMO,BWB,1308,4,4,3,9,3,5,512,459.995501086,399.73943007,397.646483403,12,22,831.46,59.6630332
NEMO,BWB,1309,4,4,3,9,5,3,512,459.995501086,399.73943007,397.646483403,12,22,851.7,59.151862321
NEMO,BWB,1694,2,6,11,3,3,1,384,421.694891748,399.478575006,397.859357855,15,17,220.17,9.10002042857
NEMO,BWB,1310,4,4,3,9,7,1,512,459.995501086,399.296947632,397.25437363,14,23,817.23,59.4065382
NEMO,BWB,1599,2,6,9,3,1,5,512,429.953911328,399.20212806,398.633746027,14,24,261.38,38.1240517778
NEMO,BWB,1602,2,8,9,3,1,3,512,429.953911328,399.118868152,398.55048612,15,27,270.44,33.65790075
NEMO,BWB,1158,8,2,7,11,3,1,512,485.521654492,399.071347408,395.19076828,19,25,184.8,86.077651
NEMO,BWB,1707,2,4,3,13,1,3,640,417.563848064,398.432220278,395.381183349,28,37,533.09,43.7789371429
NEMO,BWB,827,4,4,11,7,1,1,512,549.976407035,398.157662022,397.832092541,13,14,409.92,70.120282902
NEMO,BWB,1307,4,4,3,9,1,7,512,459.995501086,398.053462398,395.774476027,18,23,239.04,76.8309424
NEMO,BWB,1062,8,2,3,15,3,1,512,505.073809874,397.889333387,394.844434247,25,34,204.24,86.917668
NEMO,BWB,1693,2,6,11,3,1,3,384,421.694891748,397.68165157,397.326213659,20,21,199.74,22.480724
NEMO,BWB,1183,4,4,1,11,3,5,384,478.695342877,397.638832879,394.568262741,12,23,172.72,70.598891
NEMO,BWB,1184,4,4,1,11,5,3,384,478.695342877,397.638832879,394.568262741,12,23,172.72,70.598891
NEMO,BWB,1182,4,4,1,11,1,7,384,478.695342877,397.638832879,394.428691371,20,24,170.68,61.3428706667
NEMO,BWB,1185,4,4,1,11,7,1,384,478.695342877,397.256902969,394.473267243,15,24,172.52,70.598891
NEMO,BWB,1743,2,4,5,11,1,3,384,412.968803202,396.89902292,394.528479175,26,33,583.83,33.4883024
NEMO,BWB,1157,2,10,1,11,1,1,640,486.368216829,396.830070135,394.044372022,20,32,332.22,66.5769746667
NEMO,BWB,1097,8,2,5,13,3,1,512,495.713884502,396.418902452,391.876737817,21,27,314,77.3253008
NEMO,BWB,1199,2,8,11,3,1,1,512,477.765643282,396.016641536,395.874546028,15,16,239.63,24.6820964615
NEMO,BWB,1744,2,4,5,11,3,1,384,412.968803202,395.791048168,394.018507797,22,30,596.92,16.9347424
NEMO,BWB,1696,2,4,3,13,3,1,512,421.21493776,395.724914672,393.481252456,25,34,633.93,27.1137177143
NEMO,BWB,1544,4,4,15,1,3,1,256,433.786047027,395.559970954,394.256454077,16,15,61.44,23.418928
NEMO,BWB,1234,8,2,11,7,3,1,384,467.487051275,394.203274865,391.745123509,17,22,171.78,82.9639730492
NEMO,BWB,1198,2,10,3,9,1,1,512,477.778795882,394.025584005,392.229806915,19,24,591.19,24.8659713333
NEMO,BWB,612,16,2,13,3,5,1,256,587.161039499,393.789205525,390.461913773,13,14,48.2,60.3833875
NEMO,BWB,1629,2,6,9,3,3,3,640,426.646497957,393.652887451,393.368783344,12,22,312.78,17.4563457778
NEMO,BWB,1140,4,12,9,1,1,1,640,490.197151942,393.445851524,393.371601758,9,11,106.92,84.1556496
NEMO,BWB,1628,2,6,9,3,1,5,640,426.646497957,392.978163268,392.409955055,14,24,272.04,42.7982902222
NEMO,BWB,1031,8,4,9,3,3,5,256,508.958880112,392.914433355,392.564036557,11,15,267.76,64.498451
NEMO,BWB,1032,8,4,9,3,5,3,256,508.958880112,392.914433355,392.564036557,11,15,307.6,74.4144988889
NEMO,BWB,1034,8,6,9,3,3,3,256,508.958880112,392.914433355,392.564036557,11,15,292.16,71.7246337143
NEMO,BWB,1630,2,6,9,3,5,1,640,426.646497957,392.81728322,392.533179113,13,23,316.66,12.6830513333
NEMO,BWB,1632,2,8,9,3,3,1,640,426.646497957,392.81728322,392.533179113,13,23,318.7,15.08242325
NEMO,BWB,1780,2,4,5,11,1,3,512,410.185893268,392.351167131,389.951348879,25,35,600.19,38.138579619
NEMO,BWB,1631,2,8,9,3,1,3,640,426.646497957,392.136589121,391.568380908,15,25,292.32,36.666317
NEMO,BWB,1124,2,10,1,11,1,1,512,493.711016244,392.070251101,389.378635141,21,28,433.97,56.152424
NEMO,BWB,1210,8,2,9,9,3,1,512,474.616558271,391.902787815,388.650581103,17,23,247.76,82.3545768
NEMO,BWB,1328,4,4,13,1,3,3,640,458.791217627,391.717320339,389.113754469,13,14,117.61,31.7109404
NEMO,BWB,1542,2,10,7,5,1,1,640,435.15502439,391.715712075,391.478958653,16,20,440.99,30.42283575
NEMO,BWB,1329,4,4,13,1,5,1,640,458.791217627,391.692219891,389.088654021,14,15,123.72,21.9022644
NEMO,BWB,1708,2,4,3,13,3,1,640,417.563848064,391.471564431,389.228211747,25,34,621.86,28.7205023256
NEMO,BWB,1781,2,4,5,11,3,1,512,410.185893268,391.244873992,389.472576913,23,32,685.11,18.7642804
NEMO,BWB,1327,4,4,13,1,1,5,640,458.791217627,391.169204429,388.472654064,18,19,54.62,81.075884875
NEMO,BWB,1607,4,4,15,1,1,3,256,429.340884175,390.997741045,390.886011027,19,19,53.34,59.405874
NEMO,BWB,1318,4,6,7,3,1,7,384,458.971558093,390.901570929,390.28175183,14,14,177.42,80.095366
NEMO,BWB,1322,4,8,7,3,1,5,384,458.971558093,390.901570929,390.28175183,14,14,155.64,85.7733155556
NEMO,BWB,1325,4,10,7,3,1,3,384,458.971558093,390.901570929,390.28175183,14,14,254.16,78.5341196364
NEMO,BWB,1319,4,6,7,3,3,5,384,458.971558093,390.839573335,390.467681876,10,12,461.56,36.225428
NEMO,BWB,1320,4,6,7,3,5,3,384,458.971558093,390.839573335,390.467681876,10,12,479.44,25.3103557778
NEMO,BWB,1321,4,6,7,3,7,1,384,458.971558093,390.839573335,390.467681876,10,12,490.08,23.2532002222
NEMO,BWB,1323,4,8,7,3,3,3,384,458.971558093,390.839573335,390.467681876,10,12,462.84,33.841716
NEMO,BWB,1324,4,8,7,3,5,1,384,458.971558093,390.839573335,390.467681876,10,12,485.04,23.50337225
NEMO,BWB,1326,4,10,7,3,3,1,384,458.971558093,390.839573335,390.467681876,10,12,471.32,31.1188125714
NEMO,BWB,1766,2,6,3,9,3,3,384,410.637678308,390.238820613,388.461631058,13,22,687.75,21.9470518095
NEMO,BWB,1767,2,6,3,9,5,1,384,410.637678308,390.184204209,388.450006929,15,23,561.48,24.4105071111
NEMO,BWB,1769,2,8,3,9,3,1,384,410.637678308,390.184204209,388.450006929,15,23,570.77,21.42245025
NEMO,BWB,1330,2,10,5,7,1,1,512,458.647493575,390.014260472,389.39851327,18,20,578.11,26.3447150588
NEMO,BWB,1765,2,6,3,9,1,5,384,410.637678308,389.863643753,387.928481793,19,23,664.82,29.4930797895
NEMO,BWB,1768,2,8,3,9,1,3,384,410.637678308,389.863643753,387.928481793,19,23,650.56,24.5698624
NEMO,BWB,1007,8,10,7,5,1,1,256,512.912836215,389.72862786,389.436630527,10,10,28.48,86.485484
NEMO,BWB,1331,2,8,13,1,1,1,512,458.634219279,389.414829995,389.367464826,17,18,82.33,24.6820964615
NEMO,BWB,1635,4,4,7,7,1,5,256,425.458534729,389.012361206,387.485384292,23,23,338.6,64.9545608
NEMO,BWB,1033,8,4,9,3,7,1,256,508.958880112,388.969678538,388.619281739,11,15,284.32,63.4836352
NEMO,BWB,1035,8,6,9,3,5,1,256,508.958880112,388.969678538,388.619281739,11,15,321.52,74.3448465882
NEMO,BWB,1036,8,8,9,3,3,1,256,508.958880112,388.969678538,388.619281739,11,15,48.96,94.3344872
NEMO,BWB,1636,4,4,7,7,3,3,256,425.458534729,388.928560094,387.885746592,14,20,587.28,36.7869462
NEMO,BWB,1637,4,4,7,7,5,1,256,425.458534729,388.908317942,387.86550444,15,21,647.84,24.6435362
NEMO,BWB,1639,4,6,7,7,3,1,256,425.458534729,388.908317942,387.86550444,15,21,598.84,34.1873186667
NEMO,BWB,1638,4,6,7,7,1,3,256,425.458534729,388.805899478,387.316165904,21,25,293.44,70.7547304
NEMO,BWB,1333,8,2,13,5,3,1,256,458.237822099,388.433304348,386.606114368,17,22,209.59,79.5373083636
NEMO,BWB,1338,4,12,7,3,1,1,384,455.351777338,387.911081013,387.725135283,12,12,314.96,70.578851
NEMO,BWB,1445,4,4,5,7,1,7,512,446.471670529,387.875088565,386.247241156,20,22,384.57,74.5609865
NEMO,BWB,1446,4,4,5,7,3,5,512,446.471670529,387.875088565,386.572810638,12,20,1014.71,43.9366782
NEMO,BWB,1447,4,4,5,7,5,3,512,446.471670529,387.875088565,386.572810638,12,20,1089.86,37.5376782
NEMO,BWB,1448,4,4,5,7,7,1,512,446.471670529,387.84990713,386.547629203,13,21,1088.72,37.5938982
NEMO,BWB,1143,8,2,5,13,3,1,640,489.108652394,387.53319978,382.726406254,21,29,284.26,74.0152213333
NEMO,BWB,1821,2,4,5,11,1,3,640,407.080024851,387.337971716,384.968234295,26,37,542.44,43.3357564651
NEMO,BWB,978,8,2,1,17,1,3,384,520.6405287,386.263922793,380.749691374,30,37,49.2,84.841984
NEMO,BWB,979,8,2,1,17,3,1,384,520.6405287,386.014520343,382.44018309,27,36,82.96,75.48334
NEMO,BWB,1822,2,4,5,11,3,1,640,407.080024851,385.643848536,383.871810714,20,29,669.01,20.9804456
NEMO,BWB,1362,4,4,3,9,3,5,640,453.062803877,385.466255139,383.374103994,11,21,877.4,58.2273312099
NEMO,BWB,1363,4,4,3,9,5,3,640,453.062803877,385.466255139,383.374103994,11,21,882,57.3468593882
NEMO,BWB,1244,4,4,5,13,1,1,256,465.663940028,385.356156056,384.467181677,16,16,223,75.4378848889
NEMO,BWB,1364,4,4,3,9,7,1,640,453.062803877,385.328409663,383.28648918,13,22,893.57,55.8547692093
NEMO,BWB,588,16,2,11,5,5,1,384,595.304449403,385.296668266,381.03443714,12,15,50.03,57.876183
NEMO,BWB,900,8,10,5,7,1,1,256,534.207391529,385.084665979,384.033475583,11,13,28.48,86.485484
NEMO,BWB,1179,8,2,7,11,3,1,640,479.73386075,384.961736545,380.816393817,19,27,295.24,77.66951
NEMO,BWB,1534,4,4,7,5,1,7,384,436.007549995,384.671454937,383.601407768,16,20,225.14,80.5320445714
NEMO,BWB,1243,4,4,3,15,1,1,256,465.663940028,384.619792858,382.8418441,19,20,226,74.4827888889
NEMO,BWB,1361,4,4,3,9,1,7,640,453.062803877,384.606151534,382.328031398,17,22,160.87,81.9121272
NEMO,BWB,1535,4,4,7,5,3,5,384,436.007549995,384.601664834,383.903807984,12,18,714,40.0375354
NEMO,BWB,1536,4,4,7,5,5,3,384,436.007549995,384.601664834,383.903807984,12,18,775,26.7766054
NEMO,BWB,494,8,4,3,9,3,5,640,626.438671759,384.487256265,381.210996744,10,19,115.44,85.569746
NEMO,BWB,495,8,4,3,9,5,3,640,626.438671759,384.487256265,381.210996744,10,19,403.41,80.6850666667
NEMO,BWB,1537,4,4,7,5,7,1,384,436.007549995,384.396122218,383.698265369,13,19,787.8,24.9609804
NEMO,BWB,1896,2,4,7,9,1,3,384,401.118197289,384.25967921,382.481771401,23,31,598.9,31.1797518095
NEMO,BWB,496,8,4,3,9,7,1,640,626.438671759,384.150580682,380.951756223,10,19,466.85,80.8233388571
NEMO,BWB,691,8,4,11,1,3,5,640,570.949148294,384.023710459,383.950904692,10,12,53.48,86.8112725128
NEMO,BWB,692,8,4,11,1,5,3,640,570.949148294,384.023710459,383.950904692,10,12,111.35,67.405598
NEMO,BWB,693,8,4,11,1,7,1,640,570.949148294,384.023710459,383.950904692,10,12,126.03,55.6787236098
NEMO,BWB,1897,2,4,7,9,3,1,384,401.118197289,383.45175184,382.150636499,19,27,616.1,13.9093374
NEMO,BWB,793,8,10,3,9,1,1,256,555.208663764,382.517032952,380.302343728,13,17,28.48,86.485484
NEMO,BWB,1839,2,6,13,1,3,1,384,405.03729606,382.010251109,380.588499465,15,15,73.71,9.09921328571
NEMO,BWB,1226,4,4,1,11,1,7,512,471.572240586,381.799982128,378.590797238,20,26,83.26,56.070908
NEMO,BWB,1227,4,4,1,11,3,5,512,471.572240586,381.753472202,378.68381709,12,25,79.97,60.589208
NEMO,BWB,1228,4,4,1,11,5,3,512,471.572240586,381.753472202,378.68381709,12,25,79.97,60.589208
NEMO,BWB,1489,2,10,7,5,1,1,512,439.338766186,381.684597525,381.447771678,15,16,451.08,30.2089314286
NEMO,BWB,1229,4,4,1,11,7,1,512,471.572240586,381.464755798,378.68188572,15,26,79.97,60.589208
NEMO,BWB,326,16,4,11,1,3,5,256,698.85927471,381.249450068,381.158169288,8,8,4.36,85.88305
NEMO,BWB,327,16,4,11,1,5,3,256,698.85927471,381.249450068,381.158169288,8,8,20.82,55.7722944
NEMO,BWB,328,16,4,11,1,7,1,256,698.85927471,381.249450068,381.158169288,8,8,31.02,77.4830984828
NEMO,BWB,329,16,6,11,1,5,1,256,698.85927471,381.249450068,381.158169288,8,8,20.81,60.35775
NEMO,BWB,330,16,8,11,1,3,1,256,698.85927471,381.249450068,381.158169288,8,8,11.65,61.1833813333
NEMO,BWB,1750,2,6,11,1,3,3,512,411.223620221,380.915050088,380.867684919,13,20,86.03,10.4521742857
NEMO,BWB,1749,2,6,11,1,1,5,512,411.223620221,380.690083938,380.500623261,16,23,77.56,24.836685
NEMO,BWB,1752,2,8,11,1,1,3,512,411.223620221,380.498598126,380.356502618,18,19,82.33,24.6820964615
NEMO,BWB,1245,4,4,7,11,1,1,256,465.663940028,380.376062803,380.07973801,13,13,336.2,64.9545608
NEMO,BWB,1339,8,2,13,5,3,1,384,455.011683746,380.354826454,378.394949022,17,22,171.78,82.9639730492
NEMO,BWB,1902,2,4,7,9,1,3,512,398.64800807,380.298673304,378.580284926,24,33,597.87,36.8761294545
NEMO,BWB,1771,2,6,1,9,3,5,512,410.357984953,380.247579779,378.116147156,10,32,433.44,62.000821
NEMO,BWB,1772,2,6,1,9,5,3,512,410.357984953,380.247579779,378.116147156,10,32,424.74,63.608366
NEMO,BWB,1775,2,8,1,9,3,3,512,410.357984953,380.247579779,378.116147156,10,32,416.31,54.9171622857
NEMO,BWB,1770,2,6,1,9,1,7,512,410.357984953,380.247579779,378.068781987,19,33,433.41,64.3245416
NEMO,BWB,1774,2,8,1,9,1,5,512,410.357984953,380.247579779,378.068781987,19,33,410.72,53.4747003333
NEMO,BWB,1777,2,10,1,9,1,3,512,410.357984953,380.247579779,378.068781987,19,33,472.37,55.7321373333
NEMO,BWB,1903,2,4,7,9,3,1,512,398.64800807,380.228837229,378.927905289,19,29,705.16,15.7621654
NEMO,BWB,1852,2,6,13,1,1,3,384,404.300215701,380.154095624,380.035616321,18,19,68.43,22.480724
NEMO,BWB,1751,2,6,11,1,5,1,512,411.223620221,380.13760406,380.090238891,15,21,87.39,8.09605285714
NEMO,BWB,1753,2,8,11,1,3,1,512,411.223620221,380.13760406,380.090238891,15,21,89.81,10.2039003077
NEMO,BWB,1773,2,6,1,9,7,1,512,410.357984953,380.108201978,378.028233873,12,30,393.62,65.0423738667
NEMO,BWB,1776,2,8,1,9,5,1,512,410.357984953,380.108201978,378.028233873,12,30,400.77,57.1198550769
NEMO,BWB,1778,2,10,1,9,3,1,512,410.357984953,380.108201978,378.028233873,12,30,439.01,53.80262575
NEMO,BWB,752,4,4,13,5,1,1,384,560.754588231,379.019231024,378.786612074,16,16,287.18,65.5630684
NEMO,BWB,1470,4,4,5,7,1,7,640,440.769058257,378.176173871,376.59543745,19,21,171.76,67.94018
NEMO,BWB,1471,4,4,5,7,3,5,640,440.769058257,378.036691175,376.73490824,11,19,935.36,50.2815474
NEMO,BWB,1472,4,4,5,7,5,3,640,440.769058257,378.036691175,376.73490824,11,19,1079.41,39.7442924
NEMO,BWB,1473,4,4,5,7,7,1,640,440.769058257,377.976711123,376.674928188,12,20,1075.87,39.2099524
NEMO,BWB,1265,8,2,11,7,3,1,512,463.096224454,377.72607722,375.069029831,16,21,305.38,76.5106251429
NEMO,BWB,753,4,4,15,3,1,1,384,560.754588231,376.959002728,376.819431359,18,18,184.7,65.5630864
NEMO,BWB,1334,8,2,3,13,3,3,256,457.802574409,376.665643505,373.642474628,15,29,207.76,81.7135226667
NEMO,BWB,1242,4,4,1,17,1,1,256,465.663940028,376.654257129,373.987333992,25,26,299.32,63.8151545
NEMO,BWB,1958,2,4,7,9,3,1,640,395.992472478,376.544715514,373.999880409,17,27,686.98,18.0429406
NEMO,BWB,1335,8,2,3,13,5,1,256,457.802574409,375.965285433,373.448544067,21,30,296.4,80.8018618462
NEMO,BWB,913,8,4,5,5,3,7,384,531.886315521,375.757714774,374.664153318,8,12,195.6,88.1953992
NEMO,BWB,914,8,4,5,5,5,5,384,531.886315521,375.757714774,374.664153318,8,12,750.23,74.3278770667
NEMO,BWB,915,8,4,5,5,7,3,384,531.886315521,375.757714774,374.664153318,8,12,738.88,70.910711
NEMO,BWB,916,8,4,5,5,9,1,384,531.886315521,375.757714774,374.664153318,8,12,845.44,69.446891
NEMO,BWB,794,4,4,17,1,1,1,384,554.411648309,375.615082211,375.568558421,21,22,64.35,65.5630664
NEMO,BWB,702,8,4,1,11,3,5,256,569.475122464,375.391770583,371.537405795,12,22,39.6,79.802968
NEMO,BWB,703,8,4,1,11,5,3,256,569.475122464,375.391770583,371.537405795,12,22,39.6,79.802968
NEMO,BWB,1087,2,6,5,11,1,1,384,498.152345348,375.382798081,374.440212412,19,19,533,31.742846
NEMO,BWB,1957,2,4,7,9,1,3,640,395.992472478,375.140317493,373.422257863,21,33,551.96,41.8347
NEMO,BWB,1452,8,2,15,3,3,1,256,445.016754147,374.867819578,373.372845958,17,20,157.87,79.5209333636
NEMO,BWB,1815,2,6,11,1,3,3,640,408.485277362,374.781228161,374.733877477,13,23,84.86,11.7517725714
NEMO,BWB,1429,8,2,5,11,3,3,256,447.133722193,374.772105966,372.579477989,15,27,240.56,81.8403417143
NEMO,BWB,1947,2,6,5,7,1,5,384,396.252663999,374.616868886,373.274103444,21,22,531.89,31.7427626667
NEMO,BWB,1950,2,8,5,7,1,3,384,396.252663999,374.595375283,373.252609841,22,23,545.11,27.22960025
NEMO,BWB,1814,2,6,11,1,1,5,640,408.485277362,374.591835138,374.4024324,15,24,76.86,28.1493761429
NEMO,BWB,874,4,4,11,7,1,1,640,541.838067192,374.52636363,374.200917896,13,14,201.01,78.1865167273
NEMO,BWB,1948,2,6,5,7,3,3,384,396.252663999,374.498384514,373.39257768,13,20,604.24,15.7260904444
NEMO,BWB,1949,2,6,5,7,5,1,384,396.252663999,374.476890911,373.371084077,14,21,605.59,15.1657848889
NEMO,BWB,1951,2,8,5,7,3,1,384,396.252663999,374.476890911,373.371084077,14,21,599.07,13.80536275
NEMO,BWB,1430,8,2,5,11,5,1,256,447.133722193,374.453932575,372.466036395,19,28,328.32,77.8947102222
NEMO,BWB,704,8,4,1,11,7,1,256,569.475122464,374.015293945,370.52030696,14,23,39.6,79.802968
NEMO,BWB,705,8,8,1,11,3,1,256,569.475122464,374.015293945,370.52030696,14,23,7.12,95.52538
NEMO,BWB,1758,4,4,9,5,1,5,256,411.031229753,373.787733555,372.782163392,20,23,219.58,71.6673186667
NEMO,BWB,1759,4,4,9,5,3,3,256,411.031229753,373.722552674,373.163902583,14,20,422,38.3038912
NEMO,BWB,1760,4,4,9,5,5,1,256,411.031229753,373.72093363,373.16228354,15,21,459.8,25.7986862
NEMO,BWB,1762,4,6,9,5,3,1,256,411.031229753,373.72093363,373.16228354,15,21,436.32,35.7417408889
NEMO,BWB,1089,8,2,3,15,3,1,640,497.511836384,373.71023171,370.66596624,25,34,237.12,78.544885
NEMO,BWB,701,16,2,15,1,5,1,256,569.897541862,373.578207358,370.562849208,13,12,20.68,60.3852625
NEMO,BWB,1716,2,10,9,3,1,1,640,416.023921788,373.497095697,373.355043644,13,18,272.96,34.1909397143
NEMO,BWB,1761,4,6,9,5,1,3,256,411.031229753,373.488167797,372.594327652,20,25,237.56,68.1280004444
NEMO,BWB,1246,4,4,9,9,1,1,256,465.663940028,372.918770469,372.622445676,10,11,248.82,71.6673186667
NEMO,BWB,1134,2,6,9,7,1,1,384,492.455067592,372.832197982,372.555746274,13,16,520.5,32.3204626667
NEMO,BWB,2010,2,4,9,7,3,1,384,388.88005016,372.14629918,370.398023168,17,23,601.02,14.6529874
NEMO,BWB,1577,4,4,7,5,1,7,512,431.400274069,371.835993837,370.76626554,16,20,367.8,74.768587
NEMO,BWB,1578,4,4,7,5,3,5,512,431.400274069,371.673194402,370.975545512,12,18,810.01,43.5243082
NEMO,BWB,1579,4,4,7,5,5,3,512,431.400274069,371.673194402,370.975545512,12,18,893.92,29.3280982
NEMO,BWB,1580,4,4,7,5,7,1,512,431.400274069,371.671272828,370.973623939,13,19,896.32,28.2436832
NEMO,BWB,2011,2,4,9,7,1,3,384,388.758319683,370.849914489,369.783169804,23,27,516.34,34.9323074
NEMO,BWB,209,8,6,1,9,3,5,512,756.716849816,370.678300402,365.449296165,10,14,122.88,69.426532
NEMO,BWB,210,8,6,1,9,5,3,512,756.716849816,370.678300402,365.449296165,10,14,122.88,69.426532
NEMO,BWB,212,8,8,1,9,3,3,512,756.716849816,370.678300402,365.449296165,10,14,228.47,71.37485
NEMO,BWB,1501,4,6,9,1,3,5,384,437.411753369,370.640955499,370.578973589,10,10,156.72,38.9423891111
NEMO,BWB,1502,4,6,9,1,5,3,384,437.411753369,370.640955499,370.578973589,10,10,164.6,26.1877168889
NEMO,BWB,1503,4,6,9,1,7,1,384,437.411753369,370.640955499,370.578973589,10,10,163.16,21.5032946667
NEMO,BWB,1505,4,8,9,1,3,3,384,437.411753369,370.640955499,370.578973589,10,10,153.12,36.71435975
NEMO,BWB,1506,4,8,9,1,5,1,384,437.411753369,370.640955499,370.578973589,10,10,164.64,24.01223475
NEMO,BWB,1508,4,10,9,1,3,1,384,437.411753369,370.640955499,370.578973589,10,10,155.2,31.8449268571
NEMO,BWB,1500,4,6,9,1,1,7,384,437.411753369,370.625471784,370.439526055,12,12,92.6,77.534737
NEMO,BWB,1504,4,8,9,1,1,5,384,437.411753369,370.625471784,370.439526055,12,12,87.68,85.645552
NEMO,BWB,1507,4,10,9,1,1,3,384,437.411753369,370.625471784,370.439526055,12,12,108.52,74.5987007273
NEMO,BWB,211,8,6,1,9,7,1,512,756.716849816,370.502208836,365.449296165,10,14,122.88,69.426532
NEMO,BWB,213,8,8,1,9,5,1,512,756.716849816,370.502208836,365.449296165,10,14,227.91,71.37485
NEMO,BWB,214,8,10,1,9,3,1,512,756.716849816,370.502208836,365.449296165,10,14,78.64,80.384668
NEMO,BWB,446,8,4,1,11,3,5,512,650.336741908,370.206197359,365.397378421,12,21,151.51,58.36554
NEMO,BWB,447,8,4,1,11,5,3,512,650.336741908,370.206197359,365.397378421,12,21,151.51,58.36554
NEMO,BWB,1088,2,6,7,9,1,1,384,498.152345348,370.19619866,369.882003437,15,15,543.04,29.3580189474
NEMO,BWB,837,8,4,3,7,3,7,384,546.261391107,370.061196627,368.019881909,8,14,322.4,83.6965786667
NEMO,BWB,838,8,4,3,7,5,5,384,546.261391107,370.061196627,368.019881909,8,14,622.28,76.226739
NEMO,BWB,839,8,4,3,7,7,3,384,546.261391107,370.061196627,368.019881909,8,14,608.88,76.226739
NEMO,BWB,840,8,4,3,7,9,1,384,546.261391107,370.061196627,368.019881909,8,14,606.24,76.226739
NEMO,BWB,352,8,6,1,9,3,5,384,690.21314156,369.855785362,365.488556198,10,15,89.68,73.57524
NEMO,BWB,353,8,6,1,9,5,3,384,690.21314156,369.855785362,365.488556198,10,15,89.68,73.57524
NEMO,BWB,355,8,8,1,9,3,3,384,690.21314156,369.855785362,365.488556198,10,15,37.04,88.56354
NEMO,BWB,354,8,6,1,9,7,1,384,690.21314156,369.752672272,365.488556198,10,15,89.68,73.57524
NEMO,BWB,356,8,8,1,9,5,1,384,690.21314156,369.752672272,365.488556198,10,15,37.04,88.56354
NEMO,BWB,357,8,10,1,9,3,1,384,690.21314156,369.752672272,365.488556198,10,15,88.08,86.716772
NEMO,BWB,1699,2,10,9,3,1,1,512,419.850134038,369.661042644,369.518947136,13,14,277.94,30.7023385714
NEMO,BWB,448,8,4,1,11,7,1,512,650.336741908,369.538363743,365.176739217,12,21,151.51,58.36554
NEMO,BWB,1332,8,2,11,7,3,1,640,458.620895983,369.520234687,366.664588367,16,21,201.36,77.3343921538
NEMO,BWB,1937,2,6,3,7,1,7,512,396.276154548,369.515757557,368.094802476,16,25,579.26,35.7531715789
NEMO,BWB,1941,2,8,3,7,1,5,512,396.276154548,369.515757557,368.094802476,16,25,591.79,31.5739032941
NEMO,BWB,1944,2,10,3,7,1,3,512,396.276154548,369.515757557,368.094802476,16,25,603.33,23.5611862
NEMO,BWB,1938,2,6,3,7,3,5,512,396.276154548,369.45654905,368.130324308,10,24,662.67,25.0794873684
NEMO,BWB,1939,2,6,3,7,5,3,512,396.276154548,369.45654905,368.130324308,10,24,662.72,25.0231557895
NEMO,BWB,1942,2,8,3,7,3,3,512,396.276154548,369.45654905,368.130324308,10,24,664.83,19.3903891429
NEMO,BWB,1144,8,4,11,1,3,5,256,488.970097171,369.37503789,369.316638423,11,13,43.14,77.6354642927
NEMO,BWB,1145,8,4,11,1,5,3,256,488.970097171,369.37503789,369.316638423,11,13,75.36,51.5448571556
NEMO,BWB,1146,8,4,11,1,7,1,256,488.970097171,369.37503789,369.316638423,11,13,82.82,43.5540938222
NEMO,BWB,1147,8,6,11,1,3,3,256,488.970097171,369.37503789,369.316638423,11,13,52.11,79.5200776818
NEMO,BWB,1148,8,6,11,1,5,1,256,488.970097171,369.37503789,369.316638423,11,13,85.86,51.3576935909
NEMO,BWB,1149,8,8,11,1,3,1,256,488.970097171,369.37503789,369.316638423,11,13,57.74,75.6806105641
NEMO,BWB,1002,8,4,7,3,3,7,384,513.778560625,369.329187284,368.891762702,9,13,386.24,77.3245833333
NEMO,BWB,1003,8,4,7,3,5,5,384,513.778560625,369.329187284,368.891762702,9,13,480.24,75.0644537143
NEMO,BWB,1004,8,4,7,3,7,3,384,513.778560625,369.329187284,368.891762702,9,13,458.24,66.707521
NEMO,BWB,1005,8,4,7,3,9,1,384,513.778560625,369.329187284,368.891762702,9,13,538.96,59.510161
NEMO,BWB,2017,2,4,9,7,3,1,512,386.687064925,369.157204788,367.290679481,17,23,693.53,16.5876354
NEMO,BWB,1816,2,6,11,1,5,1,640,408.485277362,368.918040077,368.870689392,14,19,86.21,9.06120828571
NEMO,BWB,1818,2,8,11,1,3,1,640,408.485277362,368.918040077,368.870689392,14,19,88.66,11.6325076923
NEMO,BWB,1817,2,8,11,1,1,3,640,408.485277362,368.588583353,368.4465313,18,23,84.49,26.5881346154
NEMO,BWB,154,16,4,11,1,3,5,512,794.968747333,368.251564147,368.137892401,7,7,0.04,98.263856
NEMO,BWB,155,16,4,11,1,5,3,512,794.968747333,368.251564147,368.137892401,7,7,27.93,69.1878005714
NEMO,BWB,156,16,4,11,1,7,1,512,794.968747333,368.251564147,368.137892401,7,7,12.03,35.5864628
NEMO,BWB,1701,4,4,9,3,3,5,384,419.048795976,368.244094537,367.964951797,12,14,422.76,42.6507654
NEMO,BWB,1702,4,4,9,3,5,3,384,419.048795976,368.244094537,367.964951797,12,14,472.68,27.9346804
NEMO,BWB,1700,4,4,9,3,1,7,384,419.048795976,367.790516304,367.232230824,14,16,201.09,66.505589
NEMO,BWB,1841,2,6,1,9,3,5,640,404.368622235,367.772766102,365.641985302,10,29,284.25,61.4104068
NEMO,BWB,1842,2,6,1,9,5,3,640,404.368622235,367.772766102,365.641985302,10,29,284.23,61.4104068
NEMO,BWB,1845,2,8,1,9,3,3,640,404.368622235,367.772766102,365.641985302,10,29,325.66,66.7821886154
NEMO,BWB,2018,2,4,9,7,1,3,512,386.114062335,367.720284577,366.653698687,23,27,544.86,38.9255700952
NEMO,BWB,1840,2,6,1,9,1,7,640,404.368622235,367.630714049,365.499933249,20,28,284.25,61.4104068
NEMO,BWB,1844,2,8,1,9,1,5,640,404.368622235,367.630714049,365.499933249,20,28,368.46,60.4856076667
NEMO,BWB,1847,2,10,1,9,1,3,640,404.368622235,367.630714049,365.499933249,20,28,363.78,66.8221413333
NEMO,BWB,1538,8,2,7,9,3,3,256,435.683392378,367.545108137,366.050134516,15,25,115.44,81.381768
NEMO,BWB,1843,2,6,1,9,7,1,640,404.368622235,367.535788293,365.456354312,12,28,300.09,62.8841069091
NEMO,BWB,1846,2,8,1,9,5,1,640,404.368622235,367.535788293,365.456354312,12,28,277.41,65.3965007273
NEMO,BWB,1848,2,10,1,9,3,1,640,404.368622235,367.535788293,365.456354312,12,28,332.3,66.5126013333
NEMO,BWB,1539,8,2,7,9,5,1,256,435.683392378,367.524434731,366.065383737,17,26,442.8,70.6538289412
NEMO,BWB,1374,8,2,13,5,3,1,512,451.041232679,367.3897971,365.230946096,17,20,305.38,76.5106251429
NEMO,BWB,1205,2,6,11,5,1,1,384,476.157461675,367.360973028,367.163507522,15,16,326.04,22.4809382857
NEMO,BWB,828,4,4,13,5,1,1,512,549.976407035,367.353111808,367.120562178,16,16,353.16,71.45940832
NEMO,BWB,1133,2,8,1,13,1,1,384,492.463404115,366.414422896,363.818375734,25,30,418.41,54.1329115556
NEMO,BWB,1467,8,2,15,3,3,1,384,442.105238132,366.365059685,364.704146607,17,20,171.78,82.9639730492
NEMO,BWB,829,4,4,15,3,1,1,512,549.976407035,365.829084255,365.689554478,18,18,240.6,71.45928432
NEMO,BWB,1359,8,2,3,13,3,3,384,453.145781497,365.748797633,362.725935831,15,27,280.08,81.0558826667
NEMO,BWB,1465,8,2,5,11,3,3,384,442.97241668,365.615174487,363.422769224,15,27,148,84.9148426667
NEMO,BWB,1596,4,12,9,1,1,1,384,430.603817059,365.543315909,365.481333999,10,10,138.24,64.9504426667
NEMO,BWB,1204,2,8,3,11,1,1,384,476.16585495,365.522207141,363.752015932,23,26,536.35,28.6498315
NEMO,BWB,1466,8,2,5,11,5,1,384,442.97241668,365.207204173,363.219402477,19,28,397.6,73.2329818667
NEMO,BWB,1360,8,2,3,13,5,1,384,453.145781497,365.141604428,362.624957546,21,28,376.4,75.1528666667
NEMO,BWB,2038,2,4,9,7,3,1,640,384.407438859,364.690323709,362.676046901,17,29,685.44,17.8228156
NEMO,BWB,1266,4,4,1,11,1,7,640,463.083044859,364.638698543,361.477225701,21,24,266.27,70.307564
NEMO,BWB,1267,4,4,1,11,3,5,640,463.083044859,364.592206295,361.523717949,12,23,385.15,62.8706933333
NEMO,BWB,1268,4,4,1,11,5,3,640,463.083044859,364.592206295,361.523717949,12,23,385.15,62.8706933333
NEMO,BWB,1269,4,4,1,11,7,1,640,463.083044859,364.303906772,361.521848741,15,24,358.41,64.868088
NEMO,BWB,1703,4,4,9,3,7,1,384,419.048795976,364.080130358,363.800987618,13,15,473.24,22.5460754
NEMO,BWB,866,4,4,17,1,1,1,512,543.826483496,363.978316442,363.931806516,21,22,85.3,71.45928432
NEMO,BWB,641,16,2,13,3,5,1,384,579.895273818,363.330316704,359.63984829,12,13,50.03,57.876183
NEMO,BWB,1940,2,6,3,7,7,1,512,396.276154548,363.232661919,361.906437177,12,23,652.49,25.0031294737
NEMO,BWB,1943,2,8,3,7,5,1,512,396.276154548,363.232661919,361.906437177,12,23,637.04,21.8023562353
NEMO,BWB,1945,2,10,3,7,3,1,512,396.276154548,363.232661919,361.906437177,12,23,606.49,17.9781295556
NEMO,BWB,2047,2,4,9,7,1,3,640,383.981170746,363.105566561,362.039184721,23,31,513.21,40.5782673913
NEMO,BWB,1311,2,8,5,9,1,1,384,459.757168704,362.856179368,361.951337213,18,20,544.76,27.229594
NEMO,BWB,1312,2,6,13,3,1,1,384,459.748718096,362.847874086,362.729394782,17,18,199.84,22.480724
NEMO,BWB,1576,8,2,17,1,3,1,256,431.445553596,362.796886564,361.468021124,17,16,51.7,79.5200776818
NEMO,BWB,1900,2,10,11,1,1,1,512,400.179071028,362.254553432,362.207188262,14,16,88.25,22.1759726667
NEMO,BWB,1992,2,6,3,7,1,7,640,391.608818619,362.230734908,360.810214374,16,25,568.02,39.2312176842
NEMO,BWB,1996,2,8,3,7,1,5,640,391.608818619,362.230734908,360.810214374,16,25,588.04,31.0933018947
NEMO,BWB,1999,2,10,3,7,1,3,640,391.608818619,362.230734908,360.810214374,16,25,578.24,28.3857902222
NEMO,BWB,1993,2,6,3,7,3,5,640,391.608818619,362.171545338,360.845726173,10,24,660.8,25.2560371429
NEMO,BWB,1994,2,6,3,7,5,3,640,391.608818619,362.171545338,360.845726173,10,24,661.34,25.1901419048
NEMO,BWB,1997,2,8,3,7,3,3,640,391.608818619,362.171545338,360.845726173,10,24,664.92,21.4826356
NEMO,BWB,1006,8,2,1,17,3,1,512,513.453731842,360.687592657,357.113960379,25,32,229.84,76.724528
NEMO,BWB,1624,4,4,7,5,1,7,640,426.685180726,360.285479131,359.216157434,15,19,171.76,67.94018
NEMO,BWB,1625,4,4,7,5,3,5,640,426.685180726,360.25060548,359.553221765,11,17,770.15,49.2888124
NEMO,BWB,1626,4,4,7,5,5,3,640,426.685180726,360.25060548,359.553221765,11,17,841.64,34.2736274
NEMO,BWB,1627,4,4,7,5,7,1,640,426.685180726,360.213874528,359.516490813,12,18,845.12,31.8763424
NEMO,BWB,1946,2,12,3,7,1,1,512,396.276154548,359.725862494,358.447002921,15,22,508.67,22.728296
NEMO,BWB,1931,2,10,11,1,1,1,640,396.697848816,359.70639227,359.659041585,14,20,86.52,25.5328871667
NEMO,BWB,1953,4,4,11,3,3,3,256,396.028535795,358.916919068,357.166482118,13,16,182.94,23.419026
NEMO,BWB,1954,4,4,11,3,5,1,256,396.028535795,358.905991349,357.155554399,14,17,195.98,15.750418
NEMO,BWB,1956,4,6,11,3,3,1,256,396.028535795,358.905991349,357.155554399,14,17,196.61,22.21391225
NEMO,BWB,1952,4,4,11,3,1,5,256,396.028535795,358.786574576,356.775434251,16,19,151.84,59.405874
NEMO,BWB,613,16,2,11,5,5,1,512,585.518796894,358.654867267,353.926294342,12,15,40.63,53.05326
NEMO,BWB,875,4,4,13,5,1,1,640,541.838067192,358.482055027,358.249593788,16,16,199.66,78.1865167273
NEMO,BWB,1251,4,6,3,13,1,1,256,465.663940028,358.382031746,356.604082988,21,22,202.4,75.1324565
NEMO,BWB,1572,8,2,7,9,3,3,384,431.966188813,358.345738053,356.850916283,15,25,236.64,84.4163893333
NEMO,BWB,1573,8,2,7,9,5,1,384,431.966188813,358.308549293,356.849592784,17,26,425.76,69.7080414286
NEMO,BWB,1779,2,12,1,9,1,1,512,410.357984953,358.128686988,356.048718882,15,24,478.13,40.35138825
NEMO,BWB,1463,2,8,7,7,1,1,384,443.236204681,358.100327964,357.823876255,15,16,537.39,25.3135293333
NEMO,BWB,1672,8,2,9,7,3,3,256,423.579753786,357.774978798,355.250134461,14,19,341.04,71.7249765714
NEMO,BWB,1673,8,2,9,7,5,1,256,423.579753786,357.757028586,355.232184249,15,20,378.32,74.3563936471
NEMO,BWB,1431,8,2,13,5,3,1,640,447.096185319,357.653721945,355.296153471,16,19,201.36,77.3343921538
NEMO,BWB,594,8,6,5,3,3,7,512,592.787307216,357.531522004,356.834321439,6,8,133.44,88.4664413333
NEMO,BWB,595,8,6,5,3,5,5,512,592.787307216,357.531522004,356.834321439,6,8,597.68,72.9024476
NEMO,BWB,596,8,6,5,3,7,3,512,592.787307216,357.531522004,356.834321439,6,8,461.68,72.2936496471
NEMO,BWB,597,8,6,5,3,9,1,512,592.787307216,357.531522004,356.834321439,6,8,531.44,73.7272728889
NEMO,BWB,598,8,8,5,3,3,5,512,592.787307216,357.531522004,356.834321439,6,8,113.6,90.1183173333
NEMO,BWB,599,8,8,5,3,5,3,512,592.787307216,357.531522004,356.834321439,6,8,466,80.5297335385
NEMO,BWB,600,8,8,5,3,7,1,512,592.787307216,357.531522004,356.834321439,6,8,663.68,66.8797685
NEMO,BWB,601,8,10,5,3,3,3,512,592.787307216,357.531522004,356.834321439,6,8,273.17,84.80628
NEMO,BWB,602,8,10,5,3,5,1,512,592.787307216,357.531522004,356.834321439,6,8,578.96,77.8806307692
NEMO,BWB,603,8,12,5,3,3,1,512,592.787307216,357.531522004,356.834321439,6,8,399.76,77.3253008
NEMO,BWB,876,4,4,15,3,1,1,640,541.838067192,357.371208339,357.231731596,18,18,166,78.7510808696
NEMO,BWB,1247,4,4,11,7,1,1,256,465.663940028,357.235567032,356.974863657,13,14,284.89,59.406088
NEMO,BWB,1464,2,6,15,1,1,1,384,443.227696149,357.208771898,357.169278797,19,20,68.43,22.480724
NEMO,BWB,1955,4,6,11,3,1,3,256,396.028535795,356.960034783,356.624844729,19,21,154.19,57.8811893333
NEMO,BWB,1995,2,6,3,7,7,1,640,391.608818619,356.507675079,355.181855915,12,23,649.32,25.3053371429
NEMO,BWB,1998,2,8,3,7,5,1,640,391.608818619,356.507675079,355.181855915,12,23,647.75,22.1223808421
NEMO,BWB,2000,2,10,3,7,3,1,640,391.608818619,356.507675079,355.181855915,12,23,593.75,20.0491861053
NEMO,BWB,1495,8,2,15,3,3,1,512,438.518679529,356.350974332,354.524254252,17,18,305.38,76.5106251429
NEMO,BWB,1420,4,14,3,5,1,1,512,449.608091406,355.775382673,354.660959687,9,16,448.97,67.0517923636
NEMO,BWB,1406,4,6,3,5,1,9,512,449.608091406,355.738222743,354.623799757,14,15,269.86,79.6845897143
NEMO,BWB,1411,4,8,3,5,1,7,512,449.608091406,355.738222743,354.623799757,14,15,335.93,77.369606
NEMO,BWB,1415,4,10,3,5,1,5,512,449.608091406,355.738222743,354.623799757,14,15,291.43,79.9221608889
NEMO,BWB,1418,4,12,3,5,1,3,512,449.608091406,355.738222743,354.623799757,14,15,481.89,69.5667972
NEMO,BWB,1407,4,6,3,5,3,7,512,449.608091406,355.738222743,354.623799757,8,14,645.41,57.4713417778
NEMO,BWB,1408,4,6,3,5,5,5,512,449.608091406,355.738222743,354.623799757,8,14,640.21,57.1150806667
NEMO,BWB,1409,4,6,3,5,7,3,512,449.608091406,355.738222743,354.623799757,8,14,640.35,57.1150806667
NEMO,BWB,1410,4,6,3,5,9,1,512,449.608091406,355.738222743,354.623799757,8,14,642.13,57.0617973333
NEMO,BWB,1412,4,8,3,5,3,5,512,449.608091406,355.738222743,354.623799757,8,14,695.71,51.12256975
NEMO,BWB,1413,4,8,3,5,5,3,512,449.608091406,355.738222743,354.623799757,8,14,675.84,51.5092135
NEMO,BWB,1414,4,8,3,5,7,1,512,449.608091406,355.738222743,354.623799757,8,14,670.4,51.914601
NEMO,BWB,1416,4,10,3,5,3,3,512,449.608091406,355.738222743,354.623799757,8,14,767.86,43.7628502857
NEMO,BWB,1417,4,10,3,5,5,1,512,449.608091406,355.738222743,354.623799757,8,14,739.2,44.9893502857
NEMO,BWB,1419,4,12,3,5,3,1,512,449.608091406,355.738222743,354.623799757,8,14,784.61,38.7962723333
NEMO,BWB,2001,2,12,3,7,1,1,640,391.608818619,355.394626685,354.116158205,15,26,503.04,25.3947536552
NEMO,BWB,1718,4,4,9,3,3,5,512,415.078529212,355.192181905,354.913122349,12,16,510.4,44.2885782
NEMO,BWB,1719,4,4,9,3,5,3,512,415.078529212,355.192181905,354.913122349,12,16,551.4,31.0530382
NEMO,BWB,899,4,4,17,1,1,1,640,535.782564695,355.17516232,355.128670072,21,22,54.62,81.075884875
NEMO,BWB,1717,4,4,9,3,1,7,512,415.078529212,354.215532238,353.657413127,14,18,355.04,59.4299622857
NEMO,BWB,743,16,2,15,1,5,1,384,563.365990894,353.20638543,349.879766014,13,12,34.78,57.875333
NEMO,BWB,1619,8,2,17,1,3,1,384,428.820680173,352.906570632,351.444967123,17,18,78.32,82.961643541
NEMO,BWB,974,8,4,5,5,3,7,512,521.131777882,352.457677915,351.36476452,8,12,200.08,83.5204893333
NEMO,BWB,975,8,4,5,5,5,5,512,521.131777882,352.457677915,351.36476452,8,12,803.89,74.3372208
NEMO,BWB,976,8,4,5,5,7,3,512,521.131777882,352.457677915,351.36476452,8,12,568.32,77.0777637778
NEMO,BWB,977,8,4,5,5,9,1,512,521.131777882,352.457677915,351.36476452,8,12,736.32,77.3012621053
NEMO,BWB,1633,2,8,9,5,1,1,384,426.601806518,352.344440186,352.14697468,13,14,396.16,28.425994
NEMO,BWB,1849,2,12,1,9,1,1,640,404.368622235,351.064201092,348.984767111,14,25,402.99,52.6062535385
NEMO,BWB,1720,4,4,9,3,7,1,512,415.078529212,350.687305391,350.408245835,13,17,542.08,24.7423532
NEMO,BWB,1498,8,2,5,11,3,3,512,437.877434845,350.082497054,347.890432958,14,24,314,77.3253008
NEMO,BWB,1499,8,2,5,11,5,1,512,437.877434845,349.795915323,347.80848246,18,25,401.44,72.257745
NEMO,BWB,1893,4,4,11,1,3,5,384,401.14449108,349.513899318,349.467375528,12,12,100.73,25.1140084
NEMO,BWB,1894,4,4,11,1,5,3,384,401.14449108,349.513899318,349.467375528,12,12,107.72,17.2339324
NEMO,BWB,1892,4,4,11,1,1,7,384,401.14449108,349.292931198,349.106836039,15,15,64.35,65.5630664
NEMO,BWB,2030,4,4,3,9,3,5,256,384.804842473,348.959845562,347.283895291,12,22,682.44,45.7698662
NEMO,BWB,2031,4,4,3,9,5,3,256,384.804842473,348.959845562,347.283895291,12,22,708.64,44.2911362
NEMO,BWB,2034,4,6,3,9,3,3,256,384.804842473,348.959845562,347.283895291,12,22,677,43.3365797778
NEMO,BWB,2032,4,4,3,9,7,1,256,384.804842473,348.908424903,347.272961815,14,23,606.28,43.5397112
NEMO,BWB,2035,4,6,3,9,5,1,256,384.804842473,348.908424903,347.272961815,14,23,551.16,44.3539797778
NEMO,BWB,2037,4,8,3,9,3,1,256,384.804842473,348.908424903,347.272961815,14,23,569.76,40.105089
NEMO,BWB,2029,4,4,3,9,1,7,256,384.804842473,348.075316972,346.250393344,18,23,238.68,74.4827888889
NEMO,BWB,2033,4,6,3,9,1,5,256,384.804842473,348.075316972,346.250393344,18,23,208.16,75.1324565
NEMO,BWB,2036,4,8,3,9,1,3,256,384.804842473,348.075316972,346.250393344,18,23,245.96,80.057343
NEMO,BWB,1697,8,2,9,7,3,3,384,420.261085322,347.196360523,344.472463075,14,21,178.32,86.8778253333
NEMO,BWB,1698,8,2,9,7,5,1,384,420.261085322,347.178441297,344.454543849,15,22,413.04,70.0074348571
NEMO,BWB,1895,4,4,11,1,7,1,384,401.14449108,346.969939478,346.923415688,13,13,108.24,16.2050384
NEMO,BWB,1620,8,2,7,9,3,3,512,427.406393383,346.60683501,345.112245854,15,23,184.88,86.077651
NEMO,BWB,1621,8,2,7,9,5,1,512,427.406393383,346.406069058,344.947369334,17,24,460.48,68.5540533333
NEMO,BWB,1922,4,4,1,11,3,5,256,396.812706456,344.687105767,342.229045369,12,24,299.72,64.0514735
NEMO,BWB,1923,4,4,1,11,5,3,256,396.812706456,344.687105767,342.229045369,12,24,301.48,63.8151545
NEMO,BWB,1926,4,6,1,11,3,3,256,396.812706456,344.687105767,342.229045369,12,24,265.56,63.6868605714
NEMO,BWB,1921,4,4,1,11,1,7,256,396.812706456,344.687105767,342.117315351,21,25,299.72,64.0514735
NEMO,BWB,1925,4,6,1,11,1,5,256,396.812706456,344.687105767,342.117315351,21,25,265.48,63.6868605714
NEMO,BWB,1928,4,8,1,11,1,3,256,396.812706456,344.687105767,342.117315351,21,25,151.64,70.8909744
NEMO,BWB,1783,2,8,11,3,1,1,384,409.85280192,344.580168633,344.46168933,15,16,208.31,21.6262230769
NEMO,BWB,850,8,6,3,5,3,7,384,543.988713676,344.525856215,343.07011316,6,12,195.68,80.2916546667
NEMO,BWB,851,8,6,3,5,5,5,384,543.988713676,344.525856215,343.07011316,6,12,631.04,73.524755
NEMO,BWB,852,8,6,3,5,7,3,384,543.988713676,344.525856215,343.07011316,6,12,630.88,73.5234675
NEMO,BWB,853,8,6,3,5,9,1,384,543.988713676,344.525856215,343.07011316,6,12,626.4,78.6116552
NEMO,BWB,854,8,8,3,5,3,5,384,543.988713676,344.525856215,343.07011316,6,12,596.63,74.1211634286
NEMO,BWB,855,8,8,3,5,5,3,384,543.988713676,344.525856215,343.07011316,6,12,575.28,80.7418092
NEMO,BWB,856,8,8,3,5,7,1,384,543.988713676,344.525856215,343.07011316,6,12,652.24,78.4798949091
NEMO,BWB,857,8,10,3,5,3,3,384,543.988713676,344.525856215,343.07011316,6,12,359.76,85.412358
NEMO,BWB,858,8,10,3,5,5,1,384,543.988713676,344.525856215,343.07011316,6,12,700.68,76.6535463333
NEMO,BWB,859,8,12,3,5,3,1,384,543.988713676,344.525856215,343.07011316,6,12,435.76,78.1688026667
NEMO,BWB,1063,8,4,7,3,3,7,512,504.563661036,344.520371136,344.083205778,8,12,145.04,82.147466
NEMO,BWB,1064,8,4,7,3,5,5,512,504.563661036,344.520371136,344.083205778,8,12,560.08,73.7156185455
NEMO,BWB,1065,8,4,7,3,7,3,512,504.563661036,344.520371136,344.083205778,8,12,435.2,70.4748515789
NEMO,BWB,1066,8,4,7,3,9,1,512,504.563661036,344.520371136,344.083205778,8,12,550.16,66.7413224
NEMO,BWB,1924,4,4,1,11,7,1,256,396.812706456,344.199150735,341.971038061,16,25,298.96,63.8151545
NEMO,BWB,1927,4,6,1,11,5,1,256,396.812706456,344.199150735,341.971038061,16,25,261.48,63.6868605714
NEMO,BWB,1929,4,8,1,11,3,1,256,396.812706456,344.199150735,341.971038061,16,25,149.68,70.8909744
NEMO,BWB,1543,8,2,15,3,3,1,640,435.037552407,343.249396443,341.223879867,16,17,201.36,77.3343921538
NEMO,BWB,1763,8,2,11,5,3,3,256,410.924400402,343.246488447,341.219968651,14,17,210.17,79.5306754091
NEMO,BWB,1782,2,10,3,9,1,1,384,409.861428069,343.179711215,341.682472542,21,26,524.65,24.37515025
NEMO,BWB,1764,8,2,11,5,5,1,256,410.924400402,343.063837915,341.037318118,15,18,367.47,51.3957901818
NEMO,BWB,1755,4,4,9,3,3,5,640,411.166585182,342.999082407,342.720128921,12,16,469.32,50.6085424
NEMO,BWB,1756,4,4,9,3,5,3,640,411.166585182,342.999082407,342.720128921,12,16,542.92,34.0974974
NEMO,BWB,1634,8,2,17,1,3,1,512,425.584885373,342.931594947,341.270940329,17,18,123.71,76.5106251429
NEMO,BWB,1666,2,10,1,11,1,1,384,423.865255687,342.730908339,340.486799915,21,28,399.24,44.5501691765
NEMO,BWB,1754,4,4,9,3,1,7,640,411.166585182,342.197125365,341.639218393,14,18,204.38,77.5452792
NEMO,BWB,1427,8,2,3,13,3,3,512,447.456509443,342.028425144,339.006033739,14,26,204.24,86.917408
NEMO,BWB,1250,4,6,1,15,1,1,256,465.663940028,341.600540484,338.969238765,25,28,261.48,63.6868605714
NEMO,BWB,1428,8,2,3,13,5,1,512,447.456509443,341.520861571,339.004695569,20,27,464.72,75.1363429091
NEMO,BWB,1581,4,6,5,3,1,9,512,431.383288137,341.202015807,340.607656881,10,11,326.72,74.4014146667
NEMO,BWB,1586,4,8,5,3,1,7,512,431.383288137,341.202015807,340.607656881,10,11,288.79,68.4088393333
NEMO,BWB,1590,4,10,5,3,1,5,512,431.383288137,341.202015807,340.607656881,10,11,268.47,79.196752
NEMO,BWB,1593,4,12,5,3,1,3,512,431.383288137,341.202015807,340.607656881,10,11,388.74,65.9612417778
NEMO,BWB,1582,4,6,5,3,3,7,512,431.383288137,341.109140976,340.663371782,8,10,511.8,40.3028751111
NEMO,BWB,1583,4,6,5,3,5,5,512,431.383288137,341.109140976,340.663371782,8,10,511.12,35.7054584444
NEMO,BWB,1584,4,6,5,3,7,3,512,431.383288137,341.109140976,340.663371782,8,10,511.08,35.7054584444
NEMO,BWB,1585,4,6,5,3,9,1,512,431.383288137,341.109140976,340.663371782,8,10,511.08,35.7054584444
NEMO,BWB,1587,4,8,5,3,3,5,512,431.383288137,341.109140976,340.663371782,8,10,507.24,38.84916975
NEMO,BWB,1588,4,8,5,3,5,3,512,431.383288137,341.109140976,340.663371782,8,10,547.36,31.434451
NEMO,BWB,1589,4,8,5,3,7,1,512,431.383288137,341.109140976,340.663371782,8,10,547,31.46789475
NEMO,BWB,1591,4,10,5,3,3,3,512,431.383288137,341.109140976,340.663371782,8,10,517.04,34.8783002857
NEMO,BWB,1592,4,10,5,3,5,1,512,431.383288137,341.109140976,340.663371782,8,10,552.28,28.6551217143
NEMO,BWB,1594,4,12,5,3,3,1,512,431.383288137,341.109140976,340.663371782,8,10,552.92,30.5600556667
NEMO,BWB,110,32,2,11,5,5,1,256,837.574025596,341.06885971,333.541444117,7,10,6.49,88.6906773333
NEMO,BWB,1595,4,14,5,3,1,1,512,431.383288137,340.811961513,340.440487184,11,12,332.75,70.873812
NEMO,BWB,1129,8,4,9,1,3,7,384,492.669742689,340.664855481,340.591951384,9,11,121.6,73.8922093333
NEMO,BWB,1130,8,4,9,1,5,5,384,492.669742689,340.664855481,340.591951384,9,11,138.8,80.0530202667
NEMO,BWB,1131,8,4,9,1,7,3,384,492.669742689,340.664855481,340.591951384,9,11,142.4,68.161366
NEMO,BWB,1132,8,4,9,1,9,1,384,492.669742689,340.664855481,340.591951384,9,11,155.92,63.191931
NEMO,BWB,1475,4,6,3,5,3,7,640,440.706236333,340.618549878,339.504803378,7,13,738.54,56.9452417778
NEMO,BWB,1476,4,6,3,5,5,5,640,440.706236333,340.618549878,339.504803378,7,13,738.23,54.6699637895
NEMO,BWB,1477,4,6,3,5,7,3,640,440.706236333,340.618549878,339.504803378,7,13,738.45,54.7876585263
NEMO,BWB,1478,4,6,3,5,9,1,640,440.706236333,340.618549878,339.504803378,7,13,735.52,55.3501637895
NEMO,BWB,1480,4,8,3,5,3,5,640,440.706236333,340.618549878,339.504803378,7,13,779.73,49.87223275
NEMO,BWB,1481,4,8,3,5,5,3,640,440.706236333,340.618549878,339.504803378,7,13,767.4,50.394539
NEMO,BWB,1482,4,8,3,5,7,1,640,440.706236333,340.618549878,339.504803378,7,13,765.53,50.35754525
NEMO,BWB,1484,4,10,3,5,3,3,640,440.706236333,340.618549878,339.504803378,7,13,783.51,43.8905981333
NEMO,BWB,1485,4,10,3,5,5,1,640,440.706236333,340.618549878,339.504803378,7,13,789.7,44.8967982857
NEMO,BWB,1487,4,12,3,5,3,1,640,440.706236333,340.618549878,339.504803378,7,13,773.9,41.5446386667
NEMO,BWB,932,8,6,5,3,3,7,384,528.021471181,340.263905618,339.681608396,7,11,351.2,74.2805864
NEMO,BWB,933,8,6,5,3,5,5,384,528.021471181,340.263905618,339.681608396,7,11,470.24,76.9276149333
NEMO,BWB,934,8,6,5,3,7,3,384,528.021471181,340.263905618,339.681608396,7,11,485.52,66.075328
NEMO,BWB,935,8,6,5,3,9,1,384,528.021471181,340.263905618,339.681608396,7,11,568.24,65.4967224444
NEMO,BWB,936,8,8,5,3,3,5,384,528.021471181,340.263905618,339.681608396,7,11,224.96,77.9767733333
NEMO,BWB,937,8,8,5,3,5,3,384,528.021471181,340.263905618,339.681608396,7,11,454.56,76.9884613333
NEMO,BWB,938,8,8,5,3,7,1,384,528.021471181,340.263905618,339.681608396,7,11,613.04,60.4524825
NEMO,BWB,939,8,10,5,3,3,3,384,528.021471181,340.263905618,339.681608396,7,11,382.29,70.235445
NEMO,BWB,940,8,10,5,3,5,1,384,528.021471181,340.263905618,339.681608396,7,11,591.52,69.8316531429
NEMO,BWB,941,8,12,5,3,3,1,384,528.021471181,340.263905618,339.681608396,7,11,325.28,80.9860914286
NEMO,BWB,680,8,6,7,1,3,7,512,572.949781896,340.006758325,339.89055823,6,8,5.12,97.517596
NEMO,BWB,681,8,6,7,1,5,5,512,572.949781896,340.006758325,339.89055823,6,8,222.32,70.3232257778
NEMO,BWB,682,8,6,7,1,7,3,512,572.949781896,340.006758325,339.89055823,6,8,185.6,70.7135284444
NEMO,BWB,683,8,6,7,1,9,1,512,572.949781896,340.006758325,339.89055823,6,8,217.76,62.2691728889
NEMO,BWB,684,8,8,7,1,3,5,512,572.949781896,340.006758325,339.89055823,6,8,34.4,94.7866613333
NEMO,BWB,685,8,8,7,1,5,3,512,572.949781896,340.006758325,339.89055823,6,8,224.88,75.8403436923
NEMO,BWB,686,8,8,7,1,7,1,512,572.949781896,340.006758325,339.89055823,6,8,238.32,65.2246185
NEMO,BWB,687,8,10,7,1,5,1,512,572.949781896,340.006758325,339.89055823,6,8,212.48,74.6848756667
NEMO,BWB,688,8,12,7,1,3,1,512,572.949781896,340.006758325,339.89055823,6,8,108.56,86.077651
NEMO,BWB,690,16,2,13,3,5,1,512,571.060760751,339.617793692,335.512768845,12,13,40.63,53.05326
NEMO,BWB,1270,4,6,1,7,1,9,512,462.636279857,339.378946661,337.29869042,8,15,186.02,69.9265786667
NEMO,BWB,1271,4,6,1,7,3,7,512,462.636279857,339.378946661,337.29869042,8,15,174.16,78.741291
NEMO,BWB,1272,4,6,1,7,5,5,512,462.636279857,339.378946661,337.29869042,8,15,174.16,78.741291
NEMO,BWB,1273,4,6,1,7,7,3,512,462.636279857,339.378946661,337.29869042,8,15,174.16,78.741291
NEMO,BWB,1274,4,6,1,7,9,1,512,462.636279857,339.378946661,337.29869042,8,15,169.28,72.6395453333
NEMO,BWB,1275,4,8,1,7,1,7,512,462.636279857,339.378946661,337.29869042,8,15,31.04,92.147808
NEMO,BWB,1276,4,8,1,7,3,5,512,462.636279857,339.378946661,337.29869042,8,15,31.04,92.147808
NEMO,BWB,1277,4,8,1,7,5,3,512,462.636279857,339.378946661,337.29869042,8,15,31.04,92.147808
NEMO,BWB,1278,4,8,1,7,7,1,512,462.636279857,339.378946661,337.29869042,8,15,31.04,92.147808
NEMO,BWB,1279,4,10,1,7,1,5,512,462.636279857,339.378946661,337.29869042,8,15,122.44,80.5070573333
NEMO,BWB,1280,4,10,1,7,3,3,512,462.636279857,339.378946661,337.29869042,8,15,122.44,80.5070573333
NEMO,BWB,1281,4,10,1,7,5,1,512,462.636279857,339.378946661,337.29869042,8,15,122.32,80.5070573333
NEMO,BWB,1282,4,12,1,7,1,3,512,462.636279857,339.378946661,337.29869042,8,15,181.16,82.5566496
NEMO,BWB,1283,4,12,1,7,3,1,512,462.636279857,339.378946661,337.29869042,8,15,229.54,76.8605632
NEMO,BWB,1284,4,14,1,7,1,1,512,462.636279857,339.378946661,337.29869042,8,15,198.02,73.569351
NEMO,BWB,1570,8,2,5,11,3,3,640,432.245315042,338.545190418,336.353647893,14,24,284.19,74.0152213333
NEMO,BWB,1571,8,2,5,11,5,1,640,432.245315042,338.264607823,336.277602431,18,25,340.32,75.9400624
NEMO,BWB,1474,4,6,3,5,1,9,640,440.706236333,338.242572528,337.128826028,7,13,251.35,75.5156672
NEMO,BWB,1479,4,8,3,5,1,7,640,440.706236333,338.242572528,337.128826028,7,13,126.4,84.702506
NEMO,BWB,1483,4,10,3,5,1,5,640,440.706236333,338.242572528,337.128826028,7,13,206.91,79.141038
NEMO,BWB,1486,4,12,3,5,1,3,640,440.706236333,338.242572528,337.128826028,7,13,221.22,66.095125
NEMO,BWB,1488,4,14,3,5,1,1,640,440.706236333,338.242572528,337.128826028,7,13,305.66,70.5101326667
NEMO,BWB,1918,4,4,11,1,3,5,512,397.732123293,338.211141172,338.164631246,12,14,117.31,27.33166632
NEMO,BWB,1919,4,4,11,1,5,3,512,397.732123293,338.211141172,338.164631246,12,14,126.54,19.26209232
NEMO,BWB,1920,4,4,11,1,7,1,512,397.732123293,338.18597933,338.139469404,14,15,126.56,18.16904232
NEMO,BWB,1917,4,4,11,1,1,7,512,397.732123293,337.990241065,337.804201361,15,17,85.3,71.45928432
NEMO,BWB,1968,2,10,5,7,1,1,384,392.996688273,337.964694521,337.253818699,17,20,529.07,22.7212750588
NEMO,BWB,1969,2,8,13,1,1,1,384,392.988002384,337.778137063,337.738643962,17,18,71.42,21.6262230769
NEMO,BWB,2024,4,4,3,7,1,9,384,385.024212068,336.771634671,335.375920972,16,17,267.78,77.7885285714
NEMO,BWB,2025,4,4,3,7,3,7,384,385.024212068,336.713477724,335.410811605,10,16,800.59,52.8511954
NEMO,BWB,2026,4,4,3,7,5,5,384,385.024212068,336.713477724,335.410811605,10,16,743.31,52.9218832381
NEMO,BWB,2027,4,4,3,7,7,3,384,385.024212068,336.713477724,335.410811605,10,16,746.23,52.8442165714
NEMO,BWB,1715,8,2,9,7,5,1,512,416.183612153,336.661444585,333.705479365,15,22,485.2,65.4363407273
NEMO,BWB,1714,8,2,9,7,3,3,512,416.183612153,336.654472088,333.698506868,14,21,247.6,82.3549568
NEMO,BWB,1301,8,10,3,7,1,3,256,461.799711318,335.271048486,333.519064492,15,18,28.48,86.485484
NEMO,BWB,1292,8,4,3,7,3,7,256,461.799711318,335.21264902,333.577463958,9,17,198.24,80.5518936
NEMO,BWB,1293,8,4,3,7,5,5,256,461.799711318,335.21264902,333.577463958,9,17,466.88,71.095336
NEMO,BWB,1294,8,4,3,7,7,3,256,461.799711318,335.21264902,333.577463958,9,17,454.8,75.429334
NEMO,BWB,1295,8,4,3,7,9,1,256,461.799711318,335.21264902,333.577463958,9,17,452.48,77.1560173333
NEMO,BWB,1296,8,6,3,7,3,5,256,461.799711318,335.21264902,333.577463958,9,17,221.84,81.7127726667
NEMO,BWB,1297,8,6,3,7,5,3,256,461.799711318,335.21264902,333.577463958,9,17,481.36,78.5816852308
NEMO,BWB,1298,8,6,3,7,7,1,256,461.799711318,335.21264902,333.577463958,9,17,475.36,77.438807
NEMO,BWB,1299,8,8,3,7,3,3,256,461.799711318,335.21264902,333.577463958,9,17,292.24,83.733788
NEMO,BWB,1300,8,8,3,7,5,1,256,461.799711318,335.21264902,333.577463958,9,17,536.64,77.1703105714
NEMO,BWB,1302,8,10,3,7,3,1,256,461.799711318,335.21264902,333.577463958,9,17,390.32,77.6160595556
NEMO,BWB,1441,8,10,5,5,1,3,256,446.600532532,335.033824834,333.982634437,12,14,28.48,86.485484
NEMO,BWB,1432,8,4,5,5,3,7,256,446.600532532,335.004620591,334.128628594,9,13,190.08,87.3309595556
NEMO,BWB,1433,8,4,5,5,5,5,256,446.600532532,335.004620591,334.128628594,9,13,314.8,76.9030713333
NEMO,BWB,1434,8,4,5,5,7,3,256,446.600532532,335.004620591,334.128628594,9,13,492.72,64.2691452
NEMO,BWB,1435,8,4,5,5,9,1,256,446.600532532,335.004620591,334.128628594,9,13,458.8,63.6809702
NEMO,BWB,1436,8,6,5,5,3,5,256,446.600532532,335.004620591,334.128628594,9,13,256.32,81.840156
NEMO,BWB,1437,8,6,5,5,5,3,256,446.600532532,335.004620591,334.128628594,9,13,410.16,77.8777324444
NEMO,BWB,1438,8,6,5,5,7,1,256,446.600532532,335.004620591,334.128628594,9,13,586.64,59.8285102222
NEMO,BWB,1439,8,8,5,5,3,3,256,446.600532532,335.004620591,334.128628594,9,13,249.36,82.9019295
NEMO,BWB,1440,8,8,5,5,5,1,256,446.600532532,335.004620591,334.128628594,9,13,472,70.80944425
NEMO,BWB,1442,8,10,5,5,3,1,256,446.600532532,335.004620591,334.128628594,9,13,402.08,74.9481453333
NEMO,BWB,1757,4,4,9,3,7,1,640,411.166585182,334.919751072,334.640797585,13,15,541.92,27.8429224
NEMO,BWB,1303,8,12,3,7,1,1,256,461.799711318,334.818454876,333.241669281,12,19,28.48,86.485484
NEMO,BWB,2028,4,4,3,7,9,1,384,385.024212068,334.571019182,333.268353062,11,17,741.03,52.8500260952
NEMO,BWB,1016,8,4,5,5,5,5,640,510.100954405,334.539243889,333.447157382,8,14,321.12,83.355228
NEMO,BWB,1017,8,4,5,5,7,3,640,510.100954405,334.539243889,333.447157382,8,14,250.8,83.10849225
NEMO,BWB,1018,8,4,5,5,9,1,640,510.100954405,334.539243889,333.447157382,8,14,554.24,78.9465538667
NEMO,BWB,1443,8,12,5,5,1,1,256,446.600532532,334.406032824,333.705239226,13,15,28.48,86.485484
NEMO,BWB,903,8,4,3,7,3,7,512,533.792839422,334.140055322,332.099950318,8,14,220.43,85.479836
NEMO,BWB,904,8,4,3,7,5,5,512,533.792839422,334.140055322,332.099950318,8,14,479.33,75.0036864
NEMO,BWB,905,8,4,3,7,7,3,512,533.792839422,334.140055322,332.099950318,8,14,534.26,63.344966
NEMO,BWB,906,8,4,3,7,9,1,512,533.792839422,334.140055322,332.099950318,8,14,549.94,69.7482264
NEMO,BWB,1674,8,2,7,9,3,3,640,422.546575454,333.353639385,329.435426992,13,20,297.37,77.667235
NEMO,BWB,1819,8,2,11,5,3,3,384,407.963815975,333.289920901,331.064297376,14,19,172.28,82.9641451803
NEMO,BWB,1675,8,2,7,9,5,1,640,422.546575454,333.17447663,329.292122424,15,21,396.8,72.7035824
NEMO,BWB,1820,8,2,11,5,5,1,384,407.963815975,333.096174235,330.87055071,15,20,385.63,58.9542494588
NEMO,BWB,995,16,2,11,3,5,3,256,516.886864116,332.426643829,328.579462742,10,11,48.17,60.3814125
NEMO,BWB,1288,8,2,1,15,1,5,384,462.31570709,332.249052134,327.963896392,29,32,49.2,84.841984
NEMO,BWB,1289,8,2,1,15,3,3,384,462.31570709,332.249052134,328.262860746,16,30,82.96,75.48334
NEMO,BWB,1676,8,2,17,1,3,1,640,422.511341401,331.921709831,330.095424393,16,15,106.66,77.3330075385
NEMO,BWB,1290,8,2,1,15,5,1,384,462.31570709,331.273811052,328.228318985,22,31,82.96,75.48334
NEMO,BWB,677,16,2,11,5,5,1,640,575.867530978,330.410486706,325.216715229,11,14,5.51,88.03108
NEMO,BWB,1468,8,2,3,13,3,3,640,440.904878787,330.192407098,327.170734829,14,26,236.88,78.544885
NEMO,BWB,124,32,2,13,3,5,1,256,822.180755103,330.088100938,323.531964776,7,8,6.49,88.6906773333
NEMO,BWB,792,16,2,15,1,5,1,512,555.410470151,329.83428762,326.092999152,12,11,26.76,53.05326
NEMO,BWB,1469,8,2,3,13,5,1,640,440.904878787,329.618633382,327.102997951,20,27,294.4,79.07067
NEMO,BWB,1978,4,6,3,5,3,7,384,391.64029195,329.274622391,328.344893743,8,14,613.2,49.7443668889
NEMO,BWB,1979,4,6,3,5,5,5,384,391.64029195,329.274622391,328.344893743,8,14,607.84,50.3204835556
NEMO,BWB,1980,4,6,3,5,7,3,384,391.64029195,329.274622391,328.344893743,8,14,607.88,50.3357891111
NEMO,BWB,1981,4,6,3,5,9,1,384,391.64029195,329.274622391,328.344893743,8,14,607.36,50.3357724444
NEMO,BWB,1983,4,8,3,5,3,5,384,391.64029195,329.274622391,328.344893743,8,14,645.36,44.29267225
NEMO,BWB,1984,4,8,3,5,5,3,384,391.64029195,329.274622391,328.344893743,8,14,659.21,43.8822285
NEMO,BWB,1985,4,8,3,5,7,1,384,391.64029195,329.274622391,328.344893743,8,14,658.62,43.78498475
NEMO,BWB,1987,4,10,3,5,3,3,384,391.64029195,329.274622391,328.344893743,8,14,655.08,40.3592982857
NEMO,BWB,1988,4,10,3,5,5,1,384,391.64029195,329.274622391,328.344893743,8,14,678.84,39.3260482857
NEMO,BWB,1990,4,12,3,5,3,1,384,391.64029195,329.274622391,328.344893743,8,14,694.56,35.1248176667
NEMO,BWB,1977,4,6,3,5,1,9,384,391.64029195,329.274622391,328.344893743,14,15,377.4,71.6495488889
NEMO,BWB,1982,4,8,3,5,1,7,384,391.64029195,329.274622391,328.344893743,14,15,357.64,77.8367749091
NEMO,BWB,1986,4,10,3,5,1,5,384,391.64029195,329.274622391,328.344893743,14,15,296.84,80.2756458182
NEMO,BWB,1989,4,12,3,5,1,3,384,391.64029195,329.274622391,328.344893743,14,15,379.92,73.2470093333
NEMO,BWB,1915,8,2,13,3,3,3,256,397.798899558,329.265899752,327.571596316,14,15,156.06,79.5206174545
NEMO,BWB,1991,4,14,3,5,1,1,384,391.64029195,329.104160376,328.174431727,9,16,497.17,59.2253536
NEMO,BWB,142,32,2,15,1,5,1,256,804.418327158,328.944726585,322.955170092,8,7,2.52,88.6906773333
NEMO,BWB,996,16,2,11,3,7,1,256,516.886864116,328.286917992,324.439736904,10,11,86.67,74.0813666
NEMO,BWB,1916,8,2,13,3,5,1,256,397.798899558,328.144645572,326.450342136,15,16,242.95,51.3892651818
NEMO,BWB,557,8,6,3,5,3,7,512,604.450798956,327.568065465,325.825064053,6,9,33.36,91.973648
NEMO,BWB,558,8,6,3,5,5,5,512,604.450798956,327.568065465,325.825064053,6,9,426.24,78.7698008
NEMO,BWB,559,8,6,3,5,7,3,512,604.450798956,327.568065465,325.825064053,6,9,426.24,78.7698008
NEMO,BWB,560,8,6,3,5,9,1,512,604.450798956,327.568065465,325.825064053,6,9,423.04,78.7698008
NEMO,BWB,561,8,8,3,5,3,5,512,604.450798956,327.568065465,325.825064053,6,9,109.84,90.754556
NEMO,BWB,562,8,8,3,5,5,3,512,604.450798956,327.568065465,325.825064053,6,9,385.22,83.6289206667
NEMO,BWB,563,8,8,3,5,7,1,512,604.450798956,327.568065465,325.825064053,6,9,438.8,83.2268194286
NEMO,BWB,564,8,10,3,5,3,3,512,604.450798956,327.568065465,325.825064053,6,9,4.48,97.827532
NEMO,BWB,565,8,10,3,5,5,1,512,604.450798956,327.568065465,325.825064053,6,9,383.91,87.8969613333
NEMO,BWB,566,8,12,3,5,3,1,512,604.450798956,327.568065465,325.825064053,6,9,263.6,86.917028
NEMO,BWB,1252,4,6,5,11,1,1,256,465.663940028,326.90589237,326.016917991,19,18,194.64,80.7412896
NEMO,BWB,1965,4,4,11,1,3,5,640,394.480440162,326.758674935,326.712182687,12,14,117.61,31.7109404
NEMO,BWB,1966,4,4,11,1,5,3,640,394.480440162,326.758674935,326.712182687,12,14,122.66,21.8772344
NEMO,BWB,1967,4,4,11,1,7,1,640,394.480440162,326.733574486,326.687082239,14,15,125.18,20.4213404
NEMO,BWB,1248,4,4,13,5,1,1,256,465.663940028,326.688876842,326.502660145,16,16,223.92,59.405874
NEMO,BWB,1964,4,4,11,1,1,7,640,394.480440162,326.537850153,326.351881162,15,17,54.62,81.075884875
NEMO,BWB,1748,8,2,9,7,5,1,640,411.978043417,325.054255047,321.833351639,14,19,408.8,70.9125324
NEMO,BWB,1911,4,4,1,9,3,7,384,397.948443897,325.015196735,322.921626186,10,20,172.72,70.598891
NEMO,BWB,1912,4,4,1,9,5,5,384,397.948443897,325.015196735,322.921626186,10,20,172.72,70.598891
NEMO,BWB,1913,4,4,1,9,7,3,384,397.948443897,325.015196735,322.921626186,10,20,172.72,70.598891
NEMO,BWB,1910,4,4,1,9,1,9,384,397.948443897,325.015196735,322.875102396,19,21,170.68,61.3428706667
NEMO,BWB,1305,4,6,9,7,1,1,256,460.351282287,324.842938305,324.58223493,13,14,276.56,68.1280004444
NEMO,BWB,1253,4,6,7,9,1,1,256,465.663940028,324.780529867,324.484205074,15,14,288.76,70.7547304
NEMO,BWB,1249,4,4,15,3,1,1,256,465.663940028,324.34680232,324.235072302,18,18,151.1,59.405874
NEMO,BWB,1914,4,4,1,9,9,1,384,397.948443897,324.31738961,322.274238688,12,21,172.52,70.598891
NEMO,BWB,1159,8,4,9,1,3,7,512,484.826742911,324.285993075,324.213132182,8,10,52.32,92.20183
NEMO,BWB,1160,8,4,9,1,5,5,512,484.826742911,324.285993075,324.213132182,8,10,194.4,81.0058828
NEMO,BWB,1161,8,4,9,1,7,3,512,484.826742911,324.285993075,324.213132182,8,10,111.52,74.3690275789
NEMO,BWB,1162,8,4,9,1,9,1,512,484.826742911,324.285993075,324.213132182,8,10,145.2,69.1379324
NEMO,BWB,1644,4,6,5,3,1,9,640,424.546456198,324.110219205,323.590470838,10,12,152.4,56.745684
NEMO,BWB,1649,4,8,5,3,1,7,640,424.546456198,324.110219205,323.590470838,10,12,158.82,83.189052
NEMO,BWB,1653,4,10,5,3,1,5,640,424.546456198,324.110219205,323.590470838,10,12,263.91,74.616832
NEMO,BWB,1656,4,12,5,3,1,3,640,424.546456198,324.110219205,323.590470838,10,12,243.43,76.112296
NEMO,BWB,1645,4,6,5,3,3,7,640,424.546456198,324.091652967,323.646154367,7,11,479.6,47.8080251111
NEMO,BWB,1646,4,6,5,3,5,5,640,424.546456198,324.091652967,323.646154367,7,11,535.6,37.2144417778
NEMO,BWB,1647,4,6,5,3,7,3,640,424.546456198,324.091652967,323.646154367,7,11,528.8,37.3072195556
NEMO,BWB,1648,4,6,5,3,9,1,640,424.546456198,324.091652967,323.646154367,7,11,528.84,37.2322917778
NEMO,BWB,1650,4,8,5,3,3,5,640,424.546456198,324.091652967,323.646154367,7,11,500.56,43.6056265
NEMO,BWB,1651,4,8,5,3,5,3,640,424.546456198,324.091652967,323.646154367,7,11,541.52,34.18933275
NEMO,BWB,1652,4,8,5,3,7,1,640,424.546456198,324.091652967,323.646154367,7,11,545.16,34.24447025
NEMO,BWB,1654,4,10,5,3,3,3,640,424.546456198,324.091652967,323.646154367,7,11,520,38.7450482857
NEMO,BWB,1655,4,10,5,3,5,1,640,424.546456198,324.091652967,323.646154367,7,11,545.64,31.094884
NEMO,BWB,1657,4,12,5,3,3,1,640,424.546456198,324.091652967,323.646154367,7,11,504.52,36.715022
NEMO,BWB,1658,4,14,5,3,1,1,640,424.546456198,323.868903667,323.423405067,9,13,268.79,76.0733425
NEMO,BWB,1306,4,4,17,1,1,1,256,460.346629605,323.818882835,323.781639496,21,22,53.34,59.405874
NEMO,BWB,1959,8,2,13,3,3,3,384,395.160418303,323.509596967,321.649374319,14,15,172.28,82.9641451803
NEMO,BWB,1960,8,2,13,3,5,1,384,395.160418303,323.475108823,321.614886176,15,16,385.63,58.9542494588
NEMO,BWB,1850,8,2,11,5,3,3,512,404.321388217,323.388164246,320.930395411,14,19,306.02,76.5111394286
NEMO,BWB,1451,4,6,11,5,1,1,256,445.245684528,323.380595421,323.194378725,15,16,235.53,57.8811893333
NEMO,BWB,1851,8,2,11,5,5,1,512,404.321388217,323.326621126,320.868852291,15,20,423.1,63.9581143614
NEMO,BWB,744,16,2,13,3,5,1,640,562.568615267,322.548655057,318.030073872,12,13,5.51,88.03108
NEMO,BWB,1784,4,6,7,1,1,9,512,409.271710977,322.504021591,322.35543186,9,10,121.36,71.7542731429
NEMO,BWB,1789,4,8,7,1,1,7,512,409.271710977,322.504021591,322.35543186,9,10,143.26,74.804202
NEMO,BWB,1793,4,10,7,1,1,5,512,409.271710977,322.504021591,322.35543186,9,10,149.47,73.4715568889
NEMO,BWB,1796,4,12,7,1,1,3,512,409.271710977,322.504021591,322.35543186,9,10,168.92,68.2447516364
NEMO,BWB,1785,4,6,7,1,3,7,512,409.271710977,322.429726725,322.35543186,8,9,178.88,41.2753306667
NEMO,BWB,1786,4,6,7,1,5,5,512,409.271710977,322.429726725,322.35543186,8,9,186.64,28.1744584444
NEMO,BWB,1787,4,6,7,1,7,3,512,409.271710977,322.429726725,322.35543186,8,9,192.56,25.9585862222
NEMO,BWB,1788,4,6,7,1,9,1,512,409.271710977,322.429726725,322.35543186,8,9,192.36,25.9488584444
NEMO,BWB,1790,4,8,7,1,3,5,512,409.271710977,322.429726725,322.35543186,8,9,183.88,37.2916385
NEMO,BWB,1791,4,8,7,1,5,3,512,409.271710977,322.429726725,322.35543186,8,9,194.28,26.1244635
NEMO,BWB,1792,4,8,7,1,7,1,512,409.271710977,322.429726725,322.35543186,8,9,194.24,24.101326
NEMO,BWB,1794,4,10,7,1,3,3,512,409.271710977,322.429726725,322.35543186,8,9,188.64,34.4656002857
NEMO,BWB,1795,4,10,7,1,5,1,512,409.271710977,322.429726725,322.35543186,8,9,194.48,23.9070288571
NEMO,BWB,1797,4,12,7,1,3,1,512,409.271710977,322.429726725,322.35543186,8,9,188.24,31.0277806667
NEMO,BWB,1798,4,14,7,1,1,1,512,409.271710977,322.299716959,322.225422094,10,11,146.84,70.681462
NEMO,BWB,1110,8,4,7,3,3,7,640,495.534606842,322.26401249,321.827177887,8,10,310.57,79.996351
NEMO,BWB,1111,8,4,7,3,5,5,640,495.534606842,322.26401249,321.827177887,8,10,536.59,72.224336
NEMO,BWB,1112,8,4,7,3,7,3,640,495.534606842,322.26401249,321.827177887,8,10,242.24,78.2639743529
NEMO,BWB,1113,8,4,7,3,9,1,640,495.534606842,322.26401249,321.827177887,8,10,433.12,70.9689717778
NEMO,BWB,277,8,6,1,9,3,5,640,724.724409055,322.182413173,316.959715553,10,13,112.96,85.108672
NEMO,BWB,278,8,6,1,9,5,3,640,724.724409055,322.182413173,316.959715553,10,13,112.96,85.108672
NEMO,BWB,280,8,8,1,9,3,3,640,724.724409055,322.182413173,316.959715553,10,13,111.04,85.484002
NEMO,BWB,1904,8,2,3,11,3,5,256,398.641036252,322.015341759,319.822713782,13,23,207.76,81.7135226667
NEMO,BWB,1905,8,2,3,11,5,3,256,398.641036252,322.015341759,319.822713782,13,23,293.84,80.833504
NEMO,BWB,279,8,6,1,9,7,1,640,724.724409055,321.973510233,316.959715553,10,13,112.8,85.108672
NEMO,BWB,281,8,8,1,9,5,1,640,724.724409055,321.973510233,316.959715553,10,13,110.88,85.484002
NEMO,BWB,1906,8,2,3,11,7,1,256,398.641036252,321.776037831,319.788141651,17,24,296.4,80.8018618462
NEMO,BWB,672,8,10,5,3,1,5,640,576.566531312,321.277117102,320.464697472,9,9,119.52,71.0655
NEMO,BWB,665,8,6,5,3,3,7,640,576.566531312,321.248090429,320.551730746,6,8,146.29,64.0792
NEMO,BWB,666,8,6,5,3,5,5,640,576.566531312,321.248090429,320.551730746,6,8,420.58,77.2125736
NEMO,BWB,667,8,6,5,3,7,3,640,576.566531312,321.248090429,320.551730746,6,8,320.4,79.0655858667
NEMO,BWB,668,8,6,5,3,9,1,640,576.566531312,321.248090429,320.551730746,6,8,460.24,78.163961
NEMO,BWB,669,8,8,5,3,3,5,640,576.566531312,321.248090429,320.551730746,6,8,17.36,97.465844
NEMO,BWB,670,8,8,5,3,5,3,640,576.566531312,321.248090429,320.551730746,6,8,274.96,85.9821525
NEMO,BWB,671,8,8,5,3,7,1,640,576.566531312,321.248090429,320.551730746,6,8,419.04,71.5710861538
NEMO,BWB,673,8,10,5,3,3,3,640,576.566531312,321.248090429,320.551730746,6,8,114.64,72.2567
NEMO,BWB,674,8,10,5,3,5,1,640,576.566531312,321.248090429,320.551730746,6,8,485.49,81.294636
NEMO,BWB,675,8,12,5,3,3,1,640,576.566531312,321.248090429,320.551730746,6,8,309.74,74.0152213333
NEMO,BWB,1597,4,8,5,9,1,1,256,430.032982624,320.433748671,319.580395709,18,20,229.08,80.057343
NEMO,BWB,1598,4,6,13,3,1,1,256,430.02826081,320.310022658,320.19829264,17,18,154.32,57.8811893333
NEMO,BWB,181,16,4,11,1,3,5,640,774.348020002,320.207349222,320.093848017,7,7,13.36,73.286116
NEMO,BWB,182,16,4,11,1,5,3,640,774.348020002,320.207349222,320.093848017,7,7,24.42,71.8325885714
NEMO,BWB,183,16,4,11,1,7,1,640,774.348020002,320.207349222,320.093848017,7,7,10.11,45.1082036
NEMO,BWB,2014,8,2,5,9,3,5,256,387.735876795,318.917736397,317.422762776,13,21,240.56,81.8403417143
NEMO,BWB,2015,8,2,5,9,5,3,256,387.735876795,318.917736397,317.422762776,13,21,328.4,77.8862991111
NEMO,BWB,2016,8,2,5,9,7,1,256,387.735876795,318.677079248,317.218028254,15,22,506.96,60.1975046667
NEMO,BWB,2039,8,2,15,1,3,3,256,384.269494846,317.502272422,316.007298802,14,13,51.7,79.5200776818
NEMO,BWB,2040,8,2,15,1,5,1,256,384.269494846,317.484366618,315.989392997,15,14,86.64,51.3657413182
NEMO,BWB,1450,4,8,3,11,1,1,256,445.25037158,316.936863051,315.267400467,21,24,228.72,80.057343
NEMO,BWB,1721,4,8,7,7,1,1,256,414.702521721,316.324195977,316.063492601,15,16,245.28,77.228765
NEMO,BWB,1617,8,10,7,3,1,3,256,428.887606065,315.363811169,314.779816504,13,13,28.48,86.485484
NEMO,BWB,1722,4,6,15,1,1,1,256,414.697764757,315.355839995,315.318596656,19,20,53.43,57.8811893333
NEMO,BWB,1608,8,4,7,3,3,7,256,428.887606065,315.261605338,314.911208539,9,11,85.76,85.9462626667
NEMO,BWB,1609,8,4,7,3,5,5,256,428.887606065,315.261605338,314.911208539,9,11,336.96,73.0571175556
NEMO,BWB,1610,8,4,7,3,7,3,256,428.887606065,315.261605338,314.911208539,9,11,312.96,61.6942552
NEMO,BWB,1611,8,4,7,3,9,1,256,428.887606065,315.261605338,314.911208539,9,11,340.24,54.4786952
NEMO,BWB,1612,8,6,7,3,3,5,256,428.887606065,315.261605338,314.911208539,9,11,115.44,81.381768
NEMO,BWB,1613,8,6,7,3,5,3,256,428.887606065,315.261605338,314.911208539,9,11,380.56,70.6224877647
NEMO,BWB,1614,8,6,7,3,7,1,256,428.887606065,315.261605338,314.911208539,9,11,397.84,58.1241046667
NEMO,BWB,1615,8,8,7,3,3,3,256,428.887606065,315.261605338,314.911208539,9,11,126.48,84.9255513333
NEMO,BWB,1616,8,8,7,3,5,1,256,428.887606065,315.261605338,314.911208539,9,11,365.36,63.8423010667
NEMO,BWB,1618,8,10,7,3,3,1,256,428.887606065,315.261605338,314.911208539,9,11,234.08,82.739484
NEMO,BWB,1083,16,2,13,1,5,3,256,499.767437821,315.027197485,311.543938933,10,9,20.68,60.3852625
NEMO,BWB,1084,16,2,13,1,7,1,256,499.767437821,315.027197485,311.543938933,10,9,34.55,79.6179119286
NEMO,BWB,1898,8,2,11,5,3,3,640,400.674187195,314.788709965,312.099089594,13,16,203.16,77.3342075385
NEMO,BWB,1899,8,2,11,5,5,1,640,400.674187195,314.787412612,312.09779224,14,17,334.78,66.6340173333
NEMO,BWB,778,8,4,1,9,3,7,384,555.913326815,314.36246648,311.081782113,10,17,117.92,64.921844
NEMO,BWB,779,8,4,1,9,5,5,384,555.913326815,314.36246648,311.081782113,10,17,117.92,64.921844
NEMO,BWB,780,8,4,1,9,7,3,384,555.913326815,314.36246648,311.081782113,10,17,117.92,64.921844
NEMO,BWB,781,8,4,1,9,9,1,384,555.913326815,314.284443867,311.081782113,10,17,117.92,64.921844
NEMO,BWB,1052,8,6,7,1,3,7,384,505.835751165,314.257138603,314.160089066,7,9,169.12,71.7114624
NEMO,BWB,1053,8,6,7,1,5,5,384,505.835751165,314.257138603,314.160089066,7,9,182.72,74.73036825
NEMO,BWB,1054,8,6,7,1,7,3,384,505.835751165,314.257138603,314.160089066,7,9,170.64,64.1811224444
NEMO,BWB,1055,8,6,7,1,9,1,384,505.835751165,314.257138603,314.160089066,7,9,199.2,56.2452668889
NEMO,BWB,1056,8,8,7,1,3,5,384,505.835751165,314.257138603,314.160089066,7,9,107.36,78.5635624
NEMO,BWB,1057,8,8,7,1,5,3,384,505.835751165,314.257138603,314.160089066,7,9,175.12,71.5371981333
NEMO,BWB,1058,8,8,7,1,7,1,384,505.835751165,314.257138603,314.160089066,7,9,189.04,60.059595
NEMO,BWB,1059,8,10,7,1,3,3,384,505.835751165,314.257138603,314.160089066,7,9,116.24,76.976752
NEMO,BWB,1060,8,10,7,1,5,1,384,505.835751165,314.257138603,314.160089066,7,9,194.96,71.495346
NEMO,BWB,1061,8,12,7,1,3,1,384,505.835751165,314.257138603,314.160089066,7,9,156.32,78.750227
NEMO,BWB,1336,8,2,1,15,3,3,512,455.966201023,312.900543142,308.914972059,16,30,231.04,76.724528
NEMO,BWB,1823,4,6,1,7,1,9,384,406.313082505,312.698735429,310.963241952,8,14,142.83,47.032086
NEMO,BWB,1824,4,6,1,7,3,7,384,406.313082505,312.698735429,310.963241952,8,14,152.51,71.544964
NEMO,BWB,1825,4,6,1,7,5,5,384,406.313082505,312.698735429,310.963241952,8,14,152.51,71.544964
NEMO,BWB,1826,4,6,1,7,7,3,384,406.313082505,312.698735429,310.963241952,8,14,152.51,71.544964
NEMO,BWB,1827,4,6,1,7,9,1,384,406.313082505,312.698735429,310.963241952,8,14,152.51,71.544964
NEMO,BWB,1828,4,8,1,7,1,7,384,406.313082505,312.698735429,310.963241952,8,14,231.59,57.358531
NEMO,BWB,1829,4,8,1,7,3,5,384,406.313082505,312.698735429,310.963241952,8,14,201.91,61.579181
NEMO,BWB,1830,4,8,1,7,5,3,384,406.313082505,312.698735429,310.963241952,8,14,201.91,61.579181
NEMO,BWB,1831,4,8,1,7,7,1,384,406.313082505,312.698735429,310.963241952,8,14,201.4,61.579181
NEMO,BWB,1832,4,10,1,7,1,5,384,406.313082505,312.698735429,310.963241952,8,14,115.6,77.8054893333
NEMO,BWB,1833,4,10,1,7,3,3,384,406.313082505,312.698735429,310.963241952,8,14,115.6,77.8054893333
NEMO,BWB,1834,4,10,1,7,5,1,384,406.313082505,312.698735429,310.963241952,8,14,115.32,77.8054893333
NEMO,BWB,1835,4,12,1,7,1,3,384,406.313082505,312.698735429,310.963241952,8,14,209.79,74.2706336
NEMO,BWB,1836,4,12,1,7,3,1,384,406.313082505,312.698735429,310.963241952,8,14,136.56,80.301575
NEMO,BWB,1837,4,14,1,7,1,1,384,406.313082505,312.698735429,310.963241952,8,14,286.92,81.1601808889
NEMO,BWB,1337,8,2,1,15,5,1,512,455.966201023,311.991746122,308.946846982,22,31,229.84,76.724528
NEMO,BWB,1375,4,6,1,7,1,9,640,450.957722692,311.403521408,309.324527941,8,15,307.8,69.754576
NEMO,BWB,1376,4,6,1,7,3,7,640,450.957722692,311.403521408,309.324527941,8,15,376.48,62.3972833333
NEMO,BWB,1377,4,6,1,7,5,5,640,450.957722692,311.403521408,309.324527941,8,15,376.48,62.3972833333
NEMO,BWB,1378,4,6,1,7,7,3,640,450.957722692,311.403521408,309.324527941,8,15,376.48,62.3972833333
NEMO,BWB,1379,4,6,1,7,9,1,640,450.957722692,311.403521408,309.324527941,8,15,376.15,62.3972833333
NEMO,BWB,1380,4,8,1,7,1,7,640,450.957722692,311.403521408,309.324527941,8,15,330.83,56.6489768
NEMO,BWB,1381,4,8,1,7,3,5,640,450.957722692,311.403521408,309.324527941,8,15,390.55,47.2249568
NEMO,BWB,1382,4,8,1,7,5,3,640,450.957722692,311.403521408,309.324527941,8,15,390.55,47.2249568
NEMO,BWB,1383,4,8,1,7,7,1,640,450.957722692,311.403521408,309.324527941,8,15,390.51,47.2249568
NEMO,BWB,1384,4,10,1,7,1,5,640,450.957722692,311.403521408,309.324527941,8,15,268.24,59.5189256
NEMO,BWB,1385,4,10,1,7,3,3,640,450.957722692,311.403521408,309.324527941,8,15,333.17,54.8705848
NEMO,BWB,1386,4,10,1,7,5,1,640,450.957722692,311.403521408,309.324527941,8,15,332.59,54.8705848
NEMO,BWB,1387,4,12,1,7,1,3,640,450.957722692,311.403521408,309.324527941,8,15,306.12,50.513471
NEMO,BWB,1388,4,12,1,7,3,1,640,450.957722692,311.403521408,309.324527941,8,15,334.09,57.5452608
NEMO,BWB,1389,4,14,1,7,1,1,640,450.957722692,311.403521408,309.324527941,8,15,252.61,61.284229
NEMO,BWB,1975,8,2,13,3,3,3,512,391.910712542,311.308714313,309.216289494,14,17,306.02,76.5111394286
NEMO,BWB,1976,8,2,13,3,5,1,512,391.910712542,311.274222197,309.181797379,15,18,423.1,63.9581143614
NEMO,BWB,1901,4,8,9,5,1,1,256,399.257723911,310.81938745,310.633170753,13,14,172.64,80.612034
NEMO,BWB,833,16,2,15,1,5,1,640,547.940512957,310.799118058,306.696038592,12,11,5.51,88.03108
NEMO,BWB,1304,4,8,1,13,1,1,256,460.355934959,310.742125512,308.293796646,25,30,149.68,70.8909744
NEMO,BWB,1640,8,12,7,3,1,1,256,424.689399662,310.487622576,310.312424176,11,11,28.48,86.485484
NEMO,BWB,2044,8,2,5,9,3,5,384,384.238399911,310.2554269,308.760605129,13,21,148,84.9148426667
NEMO,BWB,2045,8,2,5,9,5,3,384,384.238399911,310.2554269,308.760605129,13,21,398.24,73.1761085333
NEMO,BWB,2046,8,2,5,9,7,1,384,384.238399911,310.185019878,308.726063368,15,22,513.04,58.9434685333
NEMO,BWB,1014,16,2,11,3,5,3,384,510.384440306,310.003437714,305.741206588,10,11,50.03,57.876183
NEMO,BWB,1961,8,2,3,11,3,5,384,394.663308684,309.361160551,307.168755288,13,25,280.08,81.0558826667
NEMO,BWB,1962,8,2,3,11,5,3,384,394.663308684,309.361160551,307.168755288,13,25,376.16,75.1528666667
NEMO,BWB,1015,16,2,11,3,7,1,384,510.384440306,309.236798507,304.974567381,10,11,20.47,86.2668806486
NEMO,BWB,1963,8,2,3,11,7,1,384,394.663308684,309.155233484,307.167431789,17,26,355.84,78.9158058462
NEMO,BWB,1200,8,4,9,1,5,5,640,477.437229358,308.093586814,308.020781047,8,10,136.64,83.1807828571
NEMO,BWB,1201,8,4,9,1,7,3,640,477.437229358,308.093586814,308.020781047,8,10,58.96,82.46384
NEMO,BWB,1202,8,4,9,1,9,1,640,477.437229358,308.093586814,308.020781047,8,10,112.64,76.3946884444
NEMO,BWB,754,8,6,7,1,1,9,640,559.958339808,305.355401494,305.1232816,7,7,158.24,59.7721
NEMO,BWB,755,8,6,7,1,3,7,640,559.958339808,305.326374821,305.210314874,6,6,184.95,78.9832
NEMO,BWB,756,8,6,7,1,5,5,640,559.958339808,305.326374821,305.210314874,6,6,194.4,78.0288766667
NEMO,BWB,757,8,6,7,1,7,3,640,559.958339808,305.326374821,305.210314874,6,6,179.12,77.07977975
NEMO,BWB,758,8,6,7,1,9,1,640,559.958339808,305.326374821,305.210314874,6,6,154.88,68.777776
NEMO,BWB,759,8,8,7,1,3,5,640,559.958339808,305.326374821,305.210314874,6,6,162.07,75.990606
NEMO,BWB,760,8,8,7,1,5,3,640,559.958339808,305.326374821,305.210314874,6,6,213.44,81.970064
NEMO,BWB,761,8,8,7,1,7,1,640,559.958339808,305.326374821,305.210314874,6,6,154,73.3599109333
NEMO,BWB,762,8,10,7,1,3,3,640,559.958339808,305.326374821,305.210314874,6,6,96.56,87.078204
NEMO,BWB,763,8,10,7,1,5,1,640,559.958339808,305.326374821,305.210314874,6,6,166.56,81.832756
NEMO,BWB,764,8,12,7,1,3,1,640,559.958339808,305.326374821,305.210314874,6,6,170.72,77.666635
NEMO,BWB,1970,4,4,1,9,1,9,512,392.096991284,304.779544754,302.640088161,18,20,83.26,56.070908
NEMO,BWB,1971,4,4,1,9,3,7,512,392.096991284,304.733034828,302.640088161,10,19,79.97,60.589208
NEMO,BWB,1972,4,4,1,9,5,5,512,392.096991284,304.733034828,302.640088161,10,19,79.97,60.589208
NEMO,BWB,1973,4,4,1,9,7,3,512,392.096991284,304.733034828,302.640088161,10,19,79.97,60.589208
NEMO,BWB,1974,4,4,1,9,9,1,512,392.096991284,303.694114951,301.651540949,10,19,79.97,60.589208
NEMO,BWB,980,8,4,3,7,3,7,640,520.292752011,303.67285474,301.63429326,8,15,115.44,85.569746
NEMO,BWB,981,8,4,3,7,5,5,640,520.292752011,303.67285474,301.63429326,8,15,403.41,80.6850666667
NEMO,BWB,982,8,4,3,7,7,3,640,520.292752011,303.67285474,301.63429326,8,15,468.85,80.8233388571
NEMO,BWB,983,8,4,3,7,9,1,640,520.292752011,303.67285474,301.63429326,8,15,466.77,80.8233388571
NEMO,BWB,1853,4,6,7,1,1,9,640,404.005060348,302.440383412,302.291883879,8,8,120.07,76.6223184
NEMO,BWB,1858,4,8,7,1,1,7,640,404.005060348,302.440383412,302.291883879,8,8,85.16,83.189052
NEMO,BWB,1862,4,10,7,1,1,5,640,404.005060348,302.440383412,302.291883879,8,8,122.88,74.616832
NEMO,BWB,1865,4,12,7,1,1,3,640,404.005060348,302.440383412,302.291883879,8,8,116.88,76.112296
NEMO,BWB,1854,4,6,7,1,3,7,640,404.005060348,302.366133646,302.291883879,7,7,167.12,46.8648695556
NEMO,BWB,1855,4,6,7,1,5,5,640,404.005060348,302.366133646,302.291883879,7,7,191.32,31.3219917778
NEMO,BWB,1856,4,6,7,1,7,3,640,404.005060348,302.366133646,302.291883879,7,7,183.64,29.2704028889
NEMO,BWB,1857,4,6,7,1,9,1,640,404.005060348,302.366133646,302.291883879,7,7,183.68,28.8472362222
NEMO,BWB,1859,4,8,7,1,3,5,640,404.005060348,302.366133646,302.291883879,7,7,172.64,43.73233275
NEMO,BWB,1860,4,8,7,1,5,3,640,404.005060348,302.366133646,302.291883879,7,7,186.32,29.7137765
NEMO,BWB,1861,4,8,7,1,7,1,640,404.005060348,302.366133646,302.291883879,7,7,188.8,26.72257025
NEMO,BWB,1863,4,10,7,1,3,3,640,404.005060348,302.366133646,302.291883879,7,7,171.76,39.0646554286
NEMO,BWB,1864,4,10,7,1,5,1,640,404.005060348,302.366133646,302.291883879,7,7,192,27.0940911429
NEMO,BWB,1866,4,12,7,1,3,1,640,404.005060348,302.366133646,302.291883879,7,7,185.24,35.8425303333
NEMO,BWB,1799,8,4,9,1,3,7,256,409.192718735,302.102279856,302.043880389,9,9,116.4,64.498451
NEMO,BWB,1800,8,4,9,1,5,5,256,409.192718735,302.102279856,302.043880389,9,9,124.56,74.4146377778
NEMO,BWB,1801,8,4,9,1,7,3,256,409.192718735,302.102279856,302.043880389,9,9,113.84,63.5547102
NEMO,BWB,1802,8,4,9,1,9,1,256,409.192718735,302.102279856,302.043880389,9,9,99.68,59.7667352
NEMO,BWB,1803,8,6,9,1,3,5,256,409.192718735,302.102279856,302.043880389,9,9,126.56,71.7246337143
NEMO,BWB,1804,8,6,9,1,5,3,256,409.192718735,302.102279856,302.043880389,9,9,118.96,74.3448465882
NEMO,BWB,1805,8,6,9,1,7,1,256,409.192718735,302.102279856,302.043880389,9,9,141.04,60.4586824444
NEMO,BWB,1806,8,8,9,1,3,3,256,409.192718735,302.102279856,302.043880389,9,9,34.32,94.3344872
NEMO,BWB,1807,8,8,9,1,5,1,256,409.192718735,302.102279856,302.043880389,9,9,123.2,71.57138175
NEMO,BWB,1808,8,10,9,1,3,1,256,409.192718735,302.102279856,302.043880389,9,9,129.36,76.5752715
NEMO,BWB,1867,4,14,7,1,1,1,640,404.005060348,302.069149762,301.994899996,9,9,125.64,78.6949066667
NEMO,BWB,2012,8,2,13,3,3,3,640,388.743115381,301.202106323,298.910948228,14,17,203.16,77.3342075385
NEMO,BWB,2013,8,2,13,3,5,1,640,388.743115381,301.19252953,298.901371436,15,18,334.78,66.6340173333
NEMO,BWB,617,8,6,3,5,3,7,640,584.279191016,301.175562746,299.434663539,6,11,1.76,99.3643
NEMO,BWB,618,8,6,3,5,5,5,640,584.279191016,301.175562746,299.434663539,6,11,413.84,79.0866896
NEMO,BWB,619,8,6,3,5,7,3,640,584.279191016,301.175562746,299.434663539,6,11,399.57,79.1923816
NEMO,BWB,620,8,6,3,5,9,1,640,584.279191016,301.175562746,299.434663539,6,11,376.65,80.1807816
NEMO,BWB,621,8,8,3,5,3,5,640,584.279191016,301.175562746,299.434663539,6,11,96.72,87.815746
NEMO,BWB,622,8,8,3,5,5,3,640,584.279191016,301.175562746,299.434663539,6,11,265.69,77.0019733333
NEMO,BWB,623,8,8,3,5,7,1,640,584.279191016,301.175562746,299.434663539,6,11,272.32,86.0627472
NEMO,BWB,624,8,10,3,5,3,3,640,584.279191016,301.175562746,299.434663539,6,11,178.32,85.10706
NEMO,BWB,625,8,10,3,5,5,1,640,584.279191016,301.175562746,299.434663539,6,11,294,89.0705137143
NEMO,BWB,626,8,12,3,5,3,1,640,584.279191016,301.175562746,299.434663539,6,11,345.52,78.544885
NEMO,BWB,1216,8,4,1,9,3,7,256,473.744421567,298.771670551,296.143694559,10,18,39.6,79.802968
NEMO,BWB,1217,8,4,1,9,5,5,256,473.744421567,298.771670551,296.143694559,10,18,39.6,79.802968
NEMO,BWB,1218,8,4,1,9,7,3,256,473.744421567,298.771670551,296.143694559,10,18,39.6,79.802968
NEMO,BWB,1220,8,8,1,9,3,3,256,473.744421567,298.771670551,296.143694559,10,18,7.12,95.52538
NEMO,BWB,1219,8,4,1,9,9,1,256,473.744421567,298.708780582,296.143694559,10,18,39.6,79.802968
NEMO,BWB,1221,8,8,1,9,5,1,256,473.744421567,298.708780582,296.143694559,10,18,7.12,95.52538
NEMO,BWB,1222,8,10,1,9,3,1,256,473.744421567,298.708780582,296.143694559,10,18,65.6,67.72788
NEMO,BWB,616,8,6,3,5,1,9,640,584.279191016,297.925884227,296.18498502,6,11,23.68,94.1309
NEMO,BWB,1117,16,2,13,1,5,3,384,494.008233823,296.782730031,292.936326332,10,9,34.78,57.875333
NEMO,BWB,1118,16,2,13,1,7,1,384,494.008233823,296.782730031,292.936326332,10,9,25.46,84.0544265946
NEMO,BWB,1887,8,12,9,1,1,1,256,401.832230991,296.729763443,296.671363976,9,9,44.64,78.730416
NEMO,BWB,1068,16,2,11,3,5,3,512,502.481334394,295.188271447,290.407736182,9,10,40.63,53.05326
NEMO,BWB,1069,16,2,11,3,7,1,512,502.481334394,295.188271447,290.407736182,9,10,10.66,26.56306
NEMO,BWB,2020,4,4,1,9,3,7,640,385.167223633,293.738020833,291.645869688,10,19,385.15,62.8706933333
NEMO,BWB,2021,4,4,1,9,5,5,640,385.167223633,293.738020833,291.645869688,10,19,385.15,62.8706933333
NEMO,BWB,2022,4,4,1,9,7,3,640,385.167223633,293.738020833,291.645869688,10,19,385.15,62.8706933333
NEMO,BWB,2019,4,4,1,9,1,9,640,385.167223633,293.738020833,291.645869688,19,20,266.27,70.307564
NEMO,BWB,2023,4,4,1,9,9,1,640,385.167223633,292.881923784,290.840003301,10,19,358.41,64.868088
NEMO,BWB,2007,8,2,3,11,3,5,512,389.801271511,292.4244499,290.232385804,13,24,204.24,86.917408
NEMO,BWB,2008,8,2,3,11,5,3,512,389.801271511,292.4244499,290.232385804,13,24,464.24,75.1368883636
NEMO,BWB,2009,8,2,3,11,7,1,512,389.801271511,292.185267405,290.197834542,17,25,408.32,74.9757883636
NEMO,BWB,1930,4,10,1,11,1,1,256,396.812706456,283.66808245,281.551699794,21,28,171.6,72.5026
NEMO,BWB,887,8,4,1,9,3,7,512,541.559955818,282.845986646,279.567246461,10,15,151.51,58.36554
NEMO,BWB,888,8,4,1,9,5,5,512,541.559955818,282.845986646,279.567246461,10,15,151.51,58.36554
NEMO,BWB,889,8,4,1,9,7,3,512,541.559955818,282.845986646,279.567246461,10,15,151.51,58.36554
NEMO,BWB,890,8,4,1,9,9,1,512,541.559955818,282.768111226,279.567246461,10,15,151.51,58.36554
NEMO,BWB,2041,8,2,3,11,3,5,640,384.253398449,282.044881928,279.853339403,12,24,236.88,78.544885
NEMO,BWB,2042,8,2,3,11,5,3,640,384.253398449,282.044881928,279.853339403,12,24,294.24,79.07067
NEMO,BWB,2043,8,2,3,11,7,1,640,384.253398449,281.805813107,279.818807715,16,25,277.36,81.8101542222
NEMO,BWB,1868,8,2,1,13,1,7,384,403.986056085,281.557984992,278.369031882,27,26,49.2,84.841984
NEMO,BWB,1869,8,2,1,13,3,5,384,403.986056085,281.52476673,278.501904928,14,24,82.96,75.48334
NEMO,BWB,1870,8,2,1,13,5,3,384,403.986056085,281.52476673,278.501904928,14,24,82.96,75.48334
NEMO,BWB,1871,8,2,1,13,7,1,384,403.986056085,280.984010048,278.467363167,18,25,82.96,75.48334
NEMO,BWB,1150,16,2,13,1,5,3,512,486.994235378,276.268215133,271.955340926,9,8,26.76,53.05326
NEMO,BWB,1151,16,2,13,1,7,1,512,486.994235378,276.268215133,271.955340926,9,8,10.66,26.56306
NEMO,BWB,1709,8,4,5,3,3,9,384,416.764294268,276.05935136,275.621926777,7,9,170.4,88.1953992
NEMO,BWB,1710,8,4,5,3,5,7,384,416.764294268,276.05935136,275.621926777,7,9,526.64,74.3277970667
NEMO,BWB,1711,8,4,5,3,7,5,384,416.764294268,276.05935136,275.621926777,7,9,436.16,70.617316
NEMO,BWB,1712,8,4,5,3,9,3,384,416.764294268,276.05935136,275.621926777,7,9,542.72,69.542366
NEMO,BWB,1713,8,4,5,3,11,1,384,416.764294268,276.05935136,275.621926777,7,9,542,69.470546
NEMO,BWB,283,32,2,11,3,5,3,256,722.476573118,274.283642141,266.675286595,6,7,6.5,88.6906773333
NEMO,BWB,284,32,2,11,3,7,1,256,722.476573118,274.283642141,266.675286595,6,7,14.28,81.6636048
NEMO,BWB,540,8,6,1,7,3,7,512,605.891204569,274.116022147,270.86241951,8,11,122.88,69.426532
NEMO,BWB,541,8,6,1,7,5,5,512,605.891204569,274.116022147,270.86241951,8,11,122.88,69.426532
NEMO,BWB,542,8,6,1,7,7,3,512,605.891204569,274.116022147,270.86241951,8,11,122.88,69.426532
NEMO,BWB,543,8,6,1,7,9,1,512,605.891204569,274.116022147,270.86241951,8,11,122.88,69.426532
NEMO,BWB,544,8,8,1,7,3,5,512,605.891204569,274.116022147,270.86241951,8,11,228.47,71.37485
NEMO,BWB,545,8,8,1,7,5,3,512,605.891204569,274.116022147,270.86241951,8,11,228.47,71.37485
NEMO,BWB,546,8,8,1,7,7,1,512,605.891204569,274.116022147,270.86241951,8,11,227.91,71.37485
NEMO,BWB,547,8,10,1,7,3,3,512,605.891204569,274.116022147,270.86241951,8,11,78.64,80.384668
NEMO,BWB,548,8,10,1,7,5,1,512,605.891204569,274.116022147,270.86241951,8,11,78.64,80.384668
NEMO,BWB,549,8,12,1,7,3,1,512,605.891204569,274.116022147,270.86241951,8,11,126.08,84.043724
NEMO,BWB,1545,8,4,3,5,3,9,384,433.091371992,273.299090196,272.20552874,7,12,320.8,83.6965786667
NEMO,BWB,1546,8,4,3,5,5,7,384,433.091371992,273.299090196,272.20552874,7,12,578.48,76.226739
NEMO,BWB,1547,8,4,3,5,7,5,384,433.091371992,273.299090196,272.20552874,7,12,578.4,76.226739
NEMO,BWB,1548,8,4,3,5,9,3,384,433.091371992,273.299090196,272.20552874,7,12,578.64,76.226739
NEMO,BWB,1549,8,4,3,5,11,1,384,433.091371992,273.299090196,272.20552874,7,12,572.16,76.226739
NEMO,BWB,1115,16,2,11,3,5,3,640,494.844083027,269.082419257,263.836710066,9,10,5.51,88.03108
NEMO,BWB,1116,16,2,11,3,7,1,640,494.844083027,269.082419257,263.836710066,9,10,7.99,30.464252
NEMO,BWB,1444,16,2,9,3,9,1,256,446.554418609,268.246460161,267.934526559,9,11,0.16,97.305444
NEMO,BWB,797,8,6,1,7,3,7,384,551.912339297,267.177375256,264.459988221,8,11,89.68,73.57524
NEMO,BWB,798,8,6,1,7,5,5,384,551.912339297,267.177375256,264.459988221,8,11,89.68,73.57524
NEMO,BWB,799,8,6,1,7,7,3,384,551.912339297,267.177375256,264.459988221,8,11,89.68,73.57524
NEMO,BWB,800,8,6,1,7,9,1,384,551.912339297,267.177375256,264.459988221,8,11,89.68,73.57524
NEMO,BWB,801,8,8,1,7,3,5,384,551.912339297,267.177375256,264.459988221,8,11,37.04,88.56354
NEMO,BWB,802,8,8,1,7,5,3,384,551.912339297,267.177375256,264.459988221,8,11,37.04,88.56354
NEMO,BWB,803,8,8,1,7,7,1,384,551.912339297,267.177375256,264.459988221,8,11,37.04,88.56354
NEMO,BWB,804,8,10,1,7,3,3,384,551.912339297,267.177375256,264.459988221,8,11,88.16,86.716772
NEMO,BWB,805,8,10,1,7,5,1,384,551.912339297,267.177375256,264.459988221,8,11,88.08,86.716772
NEMO,BWB,806,8,14,1,7,1,1,384,551.912339297,267.177375256,264.459988221,8,11,46.72,86.119804
NEMO,BWB,1907,8,2,1,13,3,5,512,398.473550543,266.501853113,263.479461708,14,24,231.04,76.724528
NEMO,BWB,1908,8,2,1,13,5,3,512,398.473550543,266.501853113,263.479461708,14,24,231.04,76.724528
NEMO,BWB,1909,8,2,1,13,7,1,512,398.473550543,265.655973758,263.139807757,18,25,229.84,76.724528
NEMO,BWB,47,32,4,11,1,7,1,256,929.391237098,264.496368954,264.354590151,5,5,0.12,85.702852
NEMO,BWB,48,32,6,11,1,5,1,256,929.391237098,264.496368954,264.354590151,5,5,2.52,88.6906773333
NEMO,BWB,1169,16,2,13,1,5,3,640,480.39773977,263.642548149,258.864278391,9,8,5.51,88.03108
NEMO,BWB,1170,16,2,13,1,7,1,640,480.39773977,263.642548149,258.864278391,9,8,7.99,30.464252
NEMO,BWB,319,32,2,13,1,5,3,256,705.040333192,261.075481763,254.195585791,6,5,2.52,88.6906773333
NEMO,BWB,320,32,2,13,1,7,1,256,705.040333192,261.075481763,254.195585791,6,5,7.89,81.6636048
NEMO,BWB,1932,8,4,7,1,3,9,384,396.361755949,260.954005282,260.881101184,7,7,169.12,77.3245833333
NEMO,BWB,1933,8,4,7,1,5,7,384,396.361755949,260.954005282,260.881101184,7,7,195.52,75.0642394286
NEMO,BWB,1934,8,4,7,1,7,5,384,396.361755949,260.954005282,260.881101184,7,7,153.68,66.707556
NEMO,BWB,1935,8,4,7,1,9,3,384,396.361755949,260.954005282,260.881101184,7,7,181.28,59.515841
NEMO,BWB,1936,8,4,7,1,11,1,384,396.361755949,260.954005282,260.881101184,7,7,180.24,59.831681
NEMO,BWB,386,16,6,7,1,9,1,384,677.893045074,257.362437796,257.211179511,4,4,18.4,96.23412
NEMO,BWB,1604,16,2,11,1,5,5,256,429.631770753,256.52488512,256.472896187,10,10,20.68,60.3852625
NEMO,BWB,1605,16,2,11,1,7,3,256,429.631770753,256.52488512,256.472896187,10,10,34.55,79.6179119286
NEMO,BWB,1606,16,2,11,1,9,1,256,429.631770753,256.52488512,256.472896187,10,10,29.84,83.3392063889
NEMO,BWB,1809,8,4,5,3,3,9,512,408.94660628,255.131669428,254.69450407,7,10,200.08,83.5204893333
NEMO,BWB,1810,8,4,5,3,5,7,512,408.94660628,255.131669428,254.69450407,7,10,595.37,71.9557622222
NEMO,BWB,1811,8,4,5,3,7,5,512,408.94660628,255.131669428,254.69450407,7,10,435.76,77.1947193333
NEMO,BWB,1812,8,4,5,3,9,3,512,408.94660628,255.131669428,254.69450407,7,10,532.08,77.1198042105
NEMO,BWB,1813,8,4,5,3,11,1,512,408.94660628,255.131669428,254.69450407,7,10,486.88,77.1868621053
NEMO,BWB,1667,8,4,3,5,3,9,512,423.64715508,251.151406499,250.058493104,7,12,220.43,85.479836
NEMO,BWB,1668,8,4,3,5,5,7,512,423.64715508,251.151406499,250.058493104,7,12,479.23,75.0407664
NEMO,BWB,1669,8,4,3,5,7,5,512,423.64715508,251.151406499,250.058493104,7,12,534.26,63.344966
NEMO,BWB,1670,8,4,3,5,9,3,512,423.64715508,251.151406499,250.058493104,7,12,534.26,63.344966
NEMO,BWB,1671,8,4,3,5,11,1,512,423.64715508,251.151406499,250.058493104,7,12,549.94,69.7482264
NEMO,BWB,317,32,2,11,3,7,1,384,706.481947864,248.091425206,239.677036223,5,6,0.01,76.280916
NEMO,BWB,1888,8,4,5,3,5,7,640,401.160716129,244.840993497,244.404158894,6,8,274.16,83.355228
NEMO,BWB,1889,8,4,5,3,7,5,640,401.160716129,244.840993497,244.404158894,6,8,191.92,83.22586725
NEMO,BWB,1890,8,4,5,3,9,3,640,401.160716129,244.840993497,244.404158894,6,8,419.04,78.8650314667
NEMO,BWB,1891,8,4,5,3,11,1,640,401.160716129,244.840993497,244.404158894,6,8,419.04,78.9216781333
NEMO,BWB,1453,8,4,1,7,3,9,384,444.005999819,238.396397354,236.355082637,8,14,117.92,64.921844
NEMO,BWB,1454,8,4,1,7,5,7,384,444.005999819,238.396397354,236.355082637,8,14,117.92,64.921844
NEMO,BWB,1455,8,4,1,7,7,5,384,444.005999819,238.396397354,236.355082637,8,14,117.92,64.921844
NEMO,BWB,1456,8,4,1,7,9,3,384,444.005999819,238.396397354,236.355082637,8,14,117.92,64.921844
NEMO,BWB,1457,8,4,1,7,11,1,384,444.005999819,238.396397354,236.355082637,8,14,117.92,64.921844
NEMO,BWB,1641,16,2,11,1,5,5,384,424.644553258,237.608667421,237.556688993,9,9,34.78,57.875333
NEMO,BWB,1642,16,2,11,1,7,3,384,424.644553258,237.608667421,237.556688993,9,9,25.46,84.0544265946
NEMO,BWB,1643,16,2,11,1,9,1,384,424.644553258,237.608667421,237.556688993,9,9,28.07,83.5440238919
NEMO,BWB,1838,8,2,1,19,1,1,384,405.346558529,235.575922666,233.19611933,16,15,49.2,84.841984
NEMO,BWB,2002,8,4,7,1,3,9,512,389.957218987,235.553589541,235.480728648,7,7,95.68,82.147466
NEMO,BWB,2003,8,4,7,1,5,7,512,389.957218987,235.553589541,235.480728648,7,7,209.28,73.7156185455
NEMO,BWB,2004,8,4,7,1,7,5,512,389.957218987,235.553589541,235.480728648,7,7,147.68,70.3973147368
NEMO,BWB,2005,8,4,7,1,9,3,512,389.957218987,235.553589541,235.480728648,7,7,181.92,66.7430674
NEMO,BWB,2006,8,4,7,1,11,1,512,389.957218987,235.553589541,235.480728648,7,7,185.2,66.7412574
NEMO,BWB,1723,8,4,3,5,3,9,640,413.63830544,234.288958656,233.196872149,6,12,115.44,85.569746
NEMO,BWB,1724,8,4,3,5,5,7,640,413.63830544,234.288958656,233.196872149,6,12,403.41,80.6850666667
NEMO,BWB,1725,8,4,3,5,7,5,640,413.63830544,234.288958656,233.196872149,6,12,469.09,80.8233388571
NEMO,BWB,1726,8,4,3,5,9,3,640,413.63830544,234.288958656,233.196872149,6,12,469.09,80.8233388571
NEMO,BWB,1727,8,4,3,5,11,1,640,413.63830544,234.288958656,233.196872149,6,12,466.61,80.8233388571
NEMO,BWB,350,32,2,13,1,7,1,384,690.60029995,233.05493919,225.44962607,6,5,0.01,76.280916
NEMO,BWB,1872,8,6,3,3,3,9,384,402.661406612,229.690719116,229.108421894,5,7,195.68,80.2916546667
NEMO,BWB,1873,8,6,3,3,5,7,384,402.661406612,229.690719116,229.108421894,5,7,464.96,73.5234675
NEMO,BWB,1874,8,6,3,3,7,5,384,402.661406612,229.690719116,229.108421894,5,7,465.04,73.5234675
NEMO,BWB,1875,8,6,3,3,9,3,384,402.661406612,229.690719116,229.108421894,5,7,464.96,73.5234675
NEMO,BWB,1876,8,6,3,3,11,1,384,402.661406612,229.690719116,229.108421894,5,7,464.8,73.5234675
NEMO,BWB,1877,8,8,3,3,3,7,384,402.661406612,229.690719116,229.108421894,5,7,468.88,74.1211634286
NEMO,BWB,1878,8,8,3,3,5,5,384,402.661406612,229.690719116,229.108421894,5,7,443.76,80.5696810909
NEMO,BWB,1879,8,8,3,3,7,3,384,402.661406612,229.690719116,229.108421894,5,7,465.6,78.4798949091
NEMO,BWB,1880,8,8,3,3,9,1,384,402.661406612,229.690719116,229.108421894,5,7,465.6,78.4798949091
NEMO,BWB,1881,8,10,3,3,3,5,384,402.661406612,229.690719116,229.108421894,5,7,286.24,85.412358
NEMO,BWB,1882,8,10,3,3,5,3,384,402.661406612,229.690719116,229.108421894,5,7,487.76,76.653563
NEMO,BWB,1883,8,10,3,3,7,1,384,402.661406612,229.690719116,229.108421894,5,7,520.24,76.8750387692
NEMO,BWB,1884,8,12,3,3,3,3,384,402.661406612,229.690719116,229.108421894,5,7,329.68,78.1688026667
NEMO,BWB,1885,8,12,3,3,5,1,384,402.661406612,229.690719116,229.108421894,5,7,571.36,67.5021607273
NEMO,BWB,1886,8,14,3,3,3,1,384,402.661406612,229.690719116,229.108421894,5,7,357.2,76.7199811429
NEMO,BWB,1704,16,2,11,1,5,5,512,418.571669605,226.917291506,226.865329166,9,9,26.76,53.05326
NEMO,BWB,1705,16,2,11,1,7,3,512,418.571669605,226.917291506,226.865329166,9,9,10.66,26.56306
NEMO,BWB,1706,16,2,11,1,9,1,512,418.571669605,226.917291506,226.865329166,9,9,16.93,25.07126
NEMO,BWB,1555,8,6,5,1,3,9,512,432.565024146,225.225627839,225.109427744,4,4,75.36,88.4664413333
NEMO,BWB,1556,8,6,5,1,5,7,512,432.565024146,225.225627839,225.109427744,4,4,217.6,72.9024476
NEMO,BWB,1557,8,6,5,1,7,5,512,432.565024146,225.225627839,225.109427744,4,4,157.2,72.2936908235
NEMO,BWB,1558,8,6,5,1,9,3,512,432.565024146,225.225627839,225.109427744,4,4,188,73.7271451111
NEMO,BWB,1559,8,6,5,1,11,1,512,432.565024146,225.225627839,225.109427744,4,4,199.68,71.9264261176
NEMO,BWB,1560,8,8,5,1,3,7,512,432.565024146,225.225627839,225.109427744,4,4,72.56,90.1183173333
NEMO,BWB,1561,8,8,5,1,5,5,512,432.565024146,225.225627839,225.109427744,4,4,170.8,80.5297027692
NEMO,BWB,1562,8,8,5,1,7,3,512,432.565024146,225.225627839,225.109427744,4,4,228.88,66.879731
NEMO,BWB,1563,8,8,5,1,9,1,512,432.565024146,225.225627839,225.109427744,4,4,241.44,63.8775818667
NEMO,BWB,1564,8,10,5,1,3,5,512,432.565024146,225.225627839,225.109427744,4,4,194.63,84.80628
NEMO,BWB,1565,8,10,5,1,5,3,512,432.565024146,225.225627839,225.109427744,4,4,228.56,77.8806307692
NEMO,BWB,1566,8,10,5,1,7,1,512,432.565024146,225.225627839,225.109427744,4,4,237.76,63.0312334286
NEMO,BWB,1567,8,12,5,1,3,3,512,432.565024146,225.225627839,225.109427744,4,4,172.88,77.3253008
NEMO,BWB,1568,8,12,5,1,5,1,512,432.565024146,225.225627839,225.109427744,4,4,190.64,72.243995
NEMO,BWB,1569,8,14,5,1,3,1,512,432.565024146,225.225627839,225.109427744,4,4,187.6,77.5407784
NEMO,BWB,2048,8,4,7,1,3,9,640,383.895235497,222.444656696,222.371850929,7,8,163.04,79.996351
NEMO,BWB,1390,8,6,3,3,3,9,512,449.815956923,222.058379959,221.361179394,4,8,33.36,91.973648
NEMO,BWB,1391,8,6,3,3,5,7,512,449.815956923,222.058379959,221.361179394,4,8,383.2,78.7698008
NEMO,BWB,1392,8,6,3,3,7,5,512,449.815956923,222.058379959,221.361179394,4,8,383.2,78.7698008
NEMO,BWB,1393,8,6,3,3,9,3,512,449.815956923,222.058379959,221.361179394,4,8,383.2,78.7698008
NEMO,BWB,1394,8,6,3,3,11,1,512,449.815956923,222.058379959,221.361179394,4,8,382.96,78.7698008
NEMO,BWB,1395,8,8,3,3,3,7,512,449.815956923,222.058379959,221.361179394,4,8,109.84,90.754556
NEMO,BWB,1396,8,8,3,3,5,5,512,449.815956923,222.058379959,221.361179394,4,8,338.15,83.6289206667
NEMO,BWB,1397,8,8,3,3,7,3,512,449.815956923,222.058379959,221.361179394,4,8,337.2,83.2268194286
NEMO,BWB,1398,8,8,3,3,9,1,512,449.815956923,222.058379959,221.361179394,4,8,336.96,83.2268194286
NEMO,BWB,1399,8,10,3,3,3,5,512,449.815956923,222.058379959,221.361179394,4,8,4.48,97.827532
NEMO,BWB,1400,8,10,3,3,5,3,512,449.815956923,222.058379959,221.361179394,4,8,308.4,86.6908755
NEMO,BWB,1401,8,10,3,3,7,1,512,449.815956923,222.058379959,221.361179394,4,8,336.4,85.2309284444
NEMO,BWB,1402,8,12,3,3,3,3,512,449.815956923,222.058379959,221.361179394,4,8,241.36,86.917028
NEMO,BWB,1403,8,12,3,3,5,1,512,449.815956923,222.058379959,221.361179394,4,8,597.22,74.6352974545
NEMO,BWB,1404,8,14,3,3,3,1,512,449.815956923,222.058379959,221.361179394,4,8,409.67,80.9377606667
NEMO,BWB,1405,8,16,3,3,1,1,512,449.815956923,222.058379959,221.361179394,4,8,6.32,97.943664
NEMO,BWB,1141,16,6,5,3,9,1,256,489.109290851,220.531730254,219.984045577,5,7,21.92,94.492344
NEMO,BWB,1142,16,8,5,3,7,1,256,489.109290851,220.531730254,219.984045577,5,7,6.24,98.226544
NEMO,BWB,634,8,6,1,7,3,7,640,580.845460708,218.889060246,215.639381727,8,13,112.96,85.108672
NEMO,BWB,635,8,6,1,7,5,5,640,580.845460708,218.889060246,215.639381727,8,13,112.96,85.108672
NEMO,BWB,636,8,6,1,7,7,3,640,580.845460708,218.889060246,215.639381727,8,13,112.96,85.108672
NEMO,BWB,637,8,6,1,7,9,1,640,580.845460708,218.889060246,215.639381727,8,13,112.8,85.108672
NEMO,BWB,638,8,8,1,7,3,5,640,580.845460708,218.889060246,215.639381727,8,13,111.04,85.484002
NEMO,BWB,639,8,8,1,7,5,3,640,580.845460708,218.889060246,215.639381727,8,13,111.04,85.484002
NEMO,BWB,640,8,8,1,7,7,1,640,580.845460708,218.889060246,215.639381727,8,13,110.88,85.484002
NEMO,BWB,1231,16,6,7,1,9,1,256,469.646723029,210.046678818,209.955398038,5,5,15.2,96.092744
NEMO,BWB,551,32,2,11,1,5,5,256,605.649563152,207.594157811,207.513217858,6,6,2.52,88.6906773333
NEMO,BWB,552,32,2,11,1,7,3,256,605.649563152,207.594157811,207.513217858,6,6,7.89,81.6636048
NEMO,BWB,553,32,2,11,1,9,1,256,605.649563152,207.594157811,207.513217858,6,6,3.97,71.30721
NEMO,BWB,1745,16,2,11,1,5,5,640,412.847926301,206.086972067,206.035034352,8,8,5.51,88.03108
NEMO,BWB,1746,16,2,11,1,7,3,640,412.847926301,206.086972067,206.035034352,8,8,7.99,30.464252
NEMO,BWB,1747,16,2,11,1,9,1,640,412.847926301,206.086972067,206.035034352,8,8,14.7,27.483202
NEMO,BWB,1550,8,4,1,7,3,9,512,432.718812595,198.181628974,196.14152397,8,12,151.51,58.36554
NEMO,BWB,1551,8,4,1,7,5,7,512,432.718812595,198.181628974,196.14152397,8,12,151.51,58.36554
NEMO,BWB,1552,8,4,1,7,7,5,512,432.718812595,198.181628974,196.14152397,8,12,151.51,58.36554
NEMO,BWB,1553,8,4,1,7,9,3,512,432.718812595,198.181628974,196.14152397,8,12,151.51,58.36554
NEMO,BWB,1554,8,4,1,7,11,1,512,432.718812595,198.181628974,196.14152397,8,12,151.51,58.36554
NEMO,BWB,1677,8,6,5,1,3,9,640,422.450264224,196.998274187,196.88221424,5,5,146.29,64.0792
NEMO,BWB,1678,8,6,5,1,5,7,640,422.450264224,196.998274187,196.88221424,5,5,215.44,77.2125736
NEMO,BWB,1679,8,6,5,1,7,5,640,422.450264224,196.998274187,196.88221424,5,5,110.24,79.0655458667
NEMO,BWB,1680,8,6,5,1,9,3,640,422.450264224,196.998274187,196.88221424,5,5,172.64,76.1083432
NEMO,BWB,1681,8,6,5,1,11,1,640,422.450264224,196.998274187,196.88221424,5,5,175.52,76.3084650667
NEMO,BWB,1682,8,8,5,1,3,7,640,422.450264224,196.998274187,196.88221424,5,5,12.24,97.465844
NEMO,BWB,1683,8,8,5,1,5,5,640,422.450264224,196.998274187,196.88221424,5,5,111.52,85.9821525
NEMO,BWB,1684,8,8,5,1,7,3,640,422.450264224,196.998274187,196.88221424,5,5,140.72,71.57104
NEMO,BWB,1685,8,8,5,1,9,1,640,422.450264224,196.998274187,196.88221424,5,5,226.88,70.5743109333
NEMO,BWB,1686,8,10,5,1,1,7,640,422.450264224,196.998274187,196.88221424,5,5,119.52,71.0655
NEMO,BWB,1687,8,10,5,1,3,5,640,422.450264224,196.998274187,196.88221424,5,5,114.64,72.2567
NEMO,BWB,1688,8,10,5,1,5,3,640,422.450264224,196.998274187,196.88221424,5,5,230.16,81.294636
NEMO,BWB,1689,8,10,5,1,7,1,640,422.450264224,196.998274187,196.88221424,5,5,215.52,69.1345584615
NEMO,BWB,1690,8,12,5,1,3,3,640,422.450264224,196.998274187,196.88221424,5,5,176.08,74.0152213333
NEMO,BWB,1691,8,12,5,1,5,1,640,422.450264224,196.998274187,196.88221424,5,5,190.4,75.9400624
NEMO,BWB,1692,8,14,5,1,3,1,640,422.450264224,196.998274187,196.88221424,5,5,148.08,81.514626
NEMO,BWB,1518,8,6,3,3,1,11,640,436.244761508,187.43681458,186.740454897,4,6,23.68,94.1309
NEMO,BWB,1519,8,6,3,3,3,9,640,436.244761508,187.43681458,186.740454897,4,6,1.76,99.3643
NEMO,BWB,1520,8,6,3,3,5,7,640,436.244761508,187.43681458,186.740454897,4,6,375.6,79.0866896
NEMO,BWB,1521,8,6,3,3,7,5,640,436.244761508,187.43681458,186.740454897,4,6,363.54,79.1923816
NEMO,BWB,1522,8,6,3,3,9,3,640,436.244761508,187.43681458,186.740454897,4,6,363.46,79.1923816
NEMO,BWB,1523,8,6,3,3,11,1,640,436.244761508,187.43681458,186.740454897,4,6,356.7,80.1807816
NEMO,BWB,1524,8,8,3,3,3,7,640,436.244761508,187.43681458,186.740454897,4,6,96.72,87.815746
NEMO,BWB,1525,8,8,3,3,5,5,640,436.244761508,187.43681458,186.740454897,4,6,265.69,77.0019733333
NEMO,BWB,1526,8,8,3,3,7,3,640,436.244761508,187.43681458,186.740454897,4,6,244.56,86.0627472
NEMO,BWB,1527,8,8,3,3,9,1,640,436.244761508,187.43681458,186.740454897,4,6,244.4,86.0627472
NEMO,BWB,1528,8,10,3,3,3,5,640,436.244761508,187.43681458,186.740454897,4,6,178.32,85.10706
NEMO,BWB,1529,8,10,3,3,5,3,640,436.244761508,187.43681458,186.740454897,4,6,242.96,89.0705137143
NEMO,BWB,1530,8,10,3,3,7,1,640,436.244761508,187.43681458,186.740454897,4,6,263.6,86.4862553333
NEMO,BWB,1531,8,12,3,3,3,3,640,436.244761508,187.43681458,186.740454897,4,6,308.16,78.544885
NEMO,BWB,1532,8,12,3,3,5,1,640,436.244761508,187.43681458,186.740454897,4,6,370.32,81.5615706667
NEMO,BWB,1533,8,14,3,3,3,1,640,436.244761508,187.43681458,186.740454897,4,6,374.77,75.512026
NEMO,BWB,590,32,2,11,1,7,3,384,593.164238316,186.047889742,185.966982156,6,6,0.01,76.280916
NEMO,BWB,591,32,2,11,1,9,1,384,593.164238316,186.047889742,185.966982156,6,6,0.15,82.583332
NEMO,BWB,1728,8,6,1,5,3,9,384,413.436675985,177.891801251,176.436058197,6,8,89.68,73.57524
NEMO,BWB,1729,8,6,1,5,5,7,384,413.436675985,177.891801251,176.436058197,6,8,89.68,73.57524
NEMO,BWB,1730,8,6,1,5,7,5,384,413.436675985,177.891801251,176.436058197,6,8,89.68,73.57524
NEMO,BWB,1731,8,6,1,5,9,3,384,413.436675985,177.891801251,176.436058197,6,8,89.68,73.57524
NEMO,BWB,1732,8,6,1,5,11,1,384,413.436675985,177.891801251,176.436058197,6,8,89.68,73.57524
NEMO,BWB,1733,8,8,1,5,3,7,384,413.436675985,177.891801251,176.436058197,6,8,37.04,88.56354
NEMO,BWB,1734,8,8,1,5,5,5,384,413.436675985,177.891801251,176.436058197,6,8,37.04,88.56354
NEMO,BWB,1735,8,8,1,5,7,3,384,413.436675985,177.891801251,176.436058197,6,8,37.04,88.56354
NEMO,BWB,1736,8,8,1,5,9,1,384,413.436675985,177.891801251,176.436058197,6,8,37.04,88.56354
NEMO,BWB,1737,8,10,1,5,3,5,384,413.436675985,177.891801251,176.436058197,6,8,88.16,86.716772
NEMO,BWB,1738,8,10,1,5,5,3,384,413.436675985,177.891801251,176.436058197,6,8,88.16,86.716772
NEMO,BWB,1739,8,10,1,5,7,1,384,413.436675985,177.891801251,176.436058197,6,8,88.08,86.716772
NEMO,BWB,1740,8,14,1,5,1,3,384,413.436675985,177.891801251,176.436058197,6,8,46.72,86.119804
NEMO,BWB,1741,8,14,1,5,3,1,384,413.436675985,177.891801251,176.436058197,6,8,80.72,76.938488
NEMO,BWB,1742,8,16,1,5,1,1,384,413.436675985,177.891801251,176.436058197,6,8,28.88,91.190904
NEMO,BWB,1340,8,6,1,5,3,9,512,454.851252367,170.930338524,169.187337111,6,8,122.88,69.426532
NEMO,BWB,1341,8,6,1,5,5,7,512,454.851252367,170.930338524,169.187337111,6,8,122.88,69.426532
NEMO,BWB,1342,8,6,1,5,7,5,512,454.851252367,170.930338524,169.187337111,6,8,122.88,69.426532
NEMO,BWB,1343,8,6,1,5,9,3,512,454.851252367,170.930338524,169.187337111,6,8,122.88,69.426532
NEMO,BWB,1344,8,6,1,5,11,1,512,454.851252367,170.930338524,169.187337111,6,8,122.88,69.426532
NEMO,BWB,1345,8,8,1,5,3,7,512,454.851252367,170.930338524,169.187337111,6,8,228.47,71.37485
NEMO,BWB,1346,8,8,1,5,5,5,512,454.851252367,170.930338524,169.187337111,6,8,228.47,71.37485
NEMO,BWB,1347,8,8,1,5,7,3,512,454.851252367,170.930338524,169.187337111,6,8,228.47,71.37485
NEMO,BWB,1348,8,8,1,5,9,1,512,454.851252367,170.930338524,169.187337111,6,8,227.91,71.37485
NEMO,BWB,1349,8,10,1,5,3,5,512,454.851252367,170.930338524,169.187337111,6,8,78.64,80.384668
NEMO,BWB,1350,8,10,1,5,5,3,512,454.851252367,170.930338524,169.187337111,6,8,78.64,80.384668
NEMO,BWB,1351,8,10,1,5,7,1,512,454.851252367,170.930338524,169.187337111,6,8,78.64,80.384668
NEMO,BWB,1352,8,12,1,5,3,3,512,454.851252367,170.930338524,169.187337111,6,8,126.24,84.043724
NEMO,BWB,1353,8,12,1,5,5,1,512,454.851252367,170.930338524,169.187337111,6,8,126.08,84.043724
NEMO,BWB,1354,8,14,1,5,3,1,512,454.851252367,170.930338524,169.187337111,6,8,274.92,63.213058
NEMO,BWB,656,32,2,11,1,9,1,512,578.265025688,154.462978689,154.382120613,5,5,0.01,95.855252
NEMO,BWB,1509,8,6,1,5,3,9,640,436.73237816,148.208552457,146.467653251,6,8,112.96,85.108672
NEMO,BWB,1510,8,6,1,5,5,7,640,436.73237816,148.208552457,146.467653251,6,8,112.96,85.108672
NEMO,BWB,1511,8,6,1,5,7,5,640,436.73237816,148.208552457,146.467653251,6,8,112.96,85.108672
NEMO,BWB,1512,8,6,1,5,9,3,640,436.73237816,148.208552457,146.467653251,6,8,112.96,85.108672
NEMO,BWB,1513,8,6,1,5,11,1,640,436.73237816,148.208552457,146.467653251,6,8,112.8,85.108672
NEMO,BWB,1514,8,8,1,5,3,7,640,436.73237816,148.208552457,146.467653251,6,8,111.04,85.484002
NEMO,BWB,1515,8,8,1,5,5,5,640,436.73237816,148.208552457,146.467653251,6,8,111.04,85.484002
NEMO,BWB,1516,8,8,1,5,7,3,640,436.73237816,148.208552457,146.467653251,6,8,111.04,85.484002
NEMO,BWB,1517,8,8,1,5,9,1,640,436.73237816,148.208552457,146.467653251,6,8,110.88,85.484002
NEMO,BWB,104,64,2,13,1,7,1,512,849.017380136,133.825961506,118.148041957,2,1,0.02,26.837362
NEMO,BWB,105,64,2,11,3,7,1,512,848.022427597,132.391320638,115.31980824,3,3,0.02,26.837362
NEMO,BWB,161,64,2,11,1,9,1,256,788.856391884,131.885531799,131.760781169,3,3,0.04,21.713898
NEMO,BWB,136,64,2,13,1,7,1,640,811.737068235,112.278816646,97.0303928995,2,1,0.01,29.833884
NEMO,BWB,192,64,2,11,1,9,1,384,762.286693569,109.690694504,109.566041588,3,3,0.04,23.801896
NEMO,BWB,147,64,2,11,3,7,1,640,798.810826419,107.250658298,90.6718351641,3,3,0.01,29.833884
NEMO,BWB,143,64,4,11,1,7,1,512,803.768660097,98.8897340642,98.7732561678,2,2,0.01,27.060236
NEMO,BWB,265,64,2,11,1,7,3,512,727.774024451,98.5966940541,98.4805613167,2,2,0.02,26.837362
NEMO,BWB,266,64,2,11,1,9,1,512,727.774024451,98.5966940541,98.4805613167,2,2,0.02,26.782862
NEMO,BWB,347,64,2,11,1,7,3,640,694.926407933,85.2478992005,85.1455607861,2,2,0.01,29.833884
NEMO,BWB,348,64,2,11,1,9,1,640,694.926407933,85.2478992005,85.1455607861,2,2,0.02,30.135016
NEMO,CHAT,34,32,4,3,13,1,3,384,2468.21519996,3507.19388263,3507.19388263,7,58,3783.91,2.95115344378
NEMO,CHAT,35,32,4,3,13,3,1,384,2468.21519996,3506.60197826,3506.60197826,8,57,3787.06,2.377938727
NEMO,CHAT,21,32,4,5,11,1,3,384,2504.4688107,3480.92502222,3480.92502222,7,63,3630.29,2.34564974656
NEMO,CHAT,22,32,4,5,11,3,1,384,2504.4688107,3480.10971456,3480.10971456,8,64,3745.24,1.77767462359
NEMO,CHAT,19,32,4,7,9,1,3,384,2529.26405971,3380.74434501,3380.74434501,6,65,3642.19,2.03931205485
NEMO,CHAT,20,32,4,7,9,3,1,384,2529.26405971,3380.20980369,3380.20980369,7,62,3557.24,1.99932652577
NEMO,CHAT,23,64,4,5,11,1,3,256,2495.75897226,3366.64918293,3366.64918293,7,35,5255.73,6.02622345455
NEMO,CHAT,24,64,4,5,11,3,1,256,2495.75897226,3366.10268244,3366.10268244,7,36,4753.73,5.04988615385
NEMO,CHAT,10,64,4,7,9,3,1,256,2558.50619279,3352.33567216,3352.33567216,7,36,4726.61,5.0435374359
NEMO,CHAT,9,64,4,7,9,1,3,256,2558.50619279,3352.0910493,3352.0910493,6,35,4791.33,6.0903594
NEMO,CHAT,8,64,4,9,7,3,1,256,2615.05471977,3331.99059169,3331.99059169,9,36,4034.92,2.74175714038
NEMO,CHAT,7,64,4,9,7,1,3,256,2615.05471977,3331.72430159,3331.72430159,8,37,4039.48,3.20198710543
NEMO,CHAT,55,64,2,3,15,1,3,256,2440.02964771,3321.28060044,3321.28060044,7,34,2737.89,4.16450947316
NEMO,CHAT,56,64,2,3,15,3,1,256,2440.02964771,3320.7682577,3320.7682577,8,39,2613.62,2.56746654545
NEMO,CHAT,61,64,4,3,13,1,3,256,2426.05755411,3312.91276683,3312.91276683,8,43,5342.54,10.0278044651
NEMO,CHAT,62,64,4,3,13,3,1,256,2426.05755411,3311.82440594,3311.82440594,9,48,4796.24,6.13149285714
NEMO,CHAT,6,64,4,11,5,3,1,256,2666.05444456,3311.12531805,3311.12531805,11,36,2899.31,4.70629384615
NEMO,CHAT,5,64,4,11,5,1,3,256,2666.05444456,3310.05707098,3310.05707098,10,39,2878.62,5.15044769231
NEMO,CHAT,42,64,2,5,13,1,3,256,2457.70247864,3304.70370256,3304.70370256,7,33,2642.29,2.69432563636
NEMO,CHAT,43,64,2,5,13,3,1,256,2457.70247864,3303.13539698,3303.13539698,8,38,2744.7,3.2087904278
NEMO,CHAT,4,64,4,13,3,3,1,256,2712.0674773,3290.52014099,3290.52014099,13,36,2431.34,5.4290358
NEMO,CHAT,3,64,4,13,3,1,3,256,2712.0674773,3288.91003354,3288.91003354,12,35,2424.78,5.7966108
NEMO,CHAT,16,32,4,9,7,3,1,384,2543.59607365,3282.80049648,3282.80049648,9,60,3258.55,1.46663040179
NEMO,CHAT,15,32,4,9,7,1,3,384,2543.59607365,3282.77350515,3282.77350515,8,59,3306.63,1.93769302712
NEMO,CHAT,2,64,4,15,1,3,1,256,2753.58248359,3268.35438446,3268.35438446,15,38,1173.62,5.4286808
NEMO,CHAT,1,64,4,15,1,1,3,256,2753.58248359,3265.68222345,3265.68222345,14,41,1174.16,5.7966108
NEMO,CHAT,66,32,4,1,15,1,3,384,2419.37777794,3250.99334677,3246.78185181,9,71,2925.35,16.6406954414
NEMO,CHAT,67,32,4,1,15,3,1,384,2419.37777794,3246.06846061,3243.85270167,13,66,2876.29,19.0090281153
NEMO,CHAT,108,64,2,5,13,1,3,384,2362.84249861,3240.15576715,3240.15576715,15,41,1839.42,3.31830809174
NEMO,CHAT,109,64,2,5,13,3,1,384,2362.84249861,3239.48523254,3239.48523254,9,39,1788.6,2.56729616313
NEMO,CHAT,126,64,2,3,15,1,3,384,2341.00714639,3217.5598543,3217.5598543,8,46,1905.71,2.67746296084
NEMO,CHAT,127,64,2,3,15,3,1,384,2341.00714639,3216.66805131,3216.66805131,8,43,1667.44,4.78802839216
NEMO,CHAT,37,64,2,7,11,1,3,256,2465.21588405,3206.81645894,3206.81645894,6,38,2642.29,2.69432563636
NEMO,CHAT,38,64,2,7,11,3,1,256,2465.21588405,3206.65489639,3206.65489639,7,37,2744.7,3.2087904278
NEMO,CHAT,12,32,4,11,5,3,1,384,2548.34798926,3188.74223859,3188.74223859,11,55,2593.01,3.12369605263
NEMO,CHAT,11,32,4,11,5,1,3,384,2548.34798926,3188.37711788,3188.37711788,10,52,2592.72,1.35254542837
NEMO,CHAT,140,32,4,3,13,1,3,256,2322.21499868,3157.25006191,3157.25006191,7,47,3311.49,4.59083578947
NEMO,CHAT,141,32,4,3,13,3,1,256,2322.21499868,3157.02265267,3157.02265267,8,44,2923.19,3.99813322449
NEMO,CHAT,98,64,2,7,11,1,3,384,2374.77271084,3150.1220803,3150.1220803,11,39,1900.09,3.41491247364
NEMO,CHAT,99,64,2,7,11,3,1,384,2374.77271084,3149.23027731,3149.23027731,7,37,1554.81,3.130976525
NEMO,CHAT,175,32,4,5,11,1,3,512,2276.88783243,3130.83446569,3130.83446569,7,52,2629.37,2.42521949163
NEMO,CHAT,176,32,4,5,11,3,1,512,2276.88783243,3130.55432664,3130.55432664,7,55,2706.08,1.92969482995
NEMO,CHAT,219,32,4,3,13,1,3,512,2226.80826043,3117.83406344,3117.83406344,8,54,3406.62,3.51732696559
NEMO,CHAT,220,32,4,3,13,3,1,512,2226.80826043,3116.49502451,3116.49502451,8,55,3245.06,2.33707500119
NEMO,CHAT,40,64,2,9,9,3,1,256,2463.4012582,3104.12449598,3104.12449598,9,40,2744.7,3.2087904278
NEMO,CHAT,39,64,2,9,9,1,3,256,2463.4012582,3103.81754667,3103.81754667,8,41,2642.29,2.69432563636
NEMO,CHAT,14,32,4,13,3,3,1,384,2544.30627615,3090.43931824,3090.43931824,13,51,1711.01,1.616790158
NEMO,CHAT,13,32,4,13,3,1,3,384,2544.30627615,3089.51266487,3089.51266487,12,48,1783.92,2.43476342857
NEMO,CHAT,172,32,6,5,9,3,1,384,2281.92769098,3089.17991878,3089.17991878,7,43,3915.71,2.48159610764
NEMO,CHAT,171,32,6,5,9,1,3,384,2281.92769098,3088.90556232,3088.90556232,6,44,4463.71,1.8132665533
NEMO,CHAT,143,32,4,7,9,1,3,512,2319.15611938,3085.90581622,3085.90581622,6,52,2837.27,2.54436340026
NEMO,CHAT,144,32,4,7,9,3,1,512,2319.15611938,3085.82055625,3085.82055625,7,55,2826.17,2.16655761591
NEMO,CHAT,69,64,2,1,17,1,3,256,2411.26417043,3084.68210936,3080.69975852,10,47,2570.68,9.71399194816
NEMO,CHAT,241,32,6,3,11,1,3,384,2212.78251652,3080.27526272,3080.27526272,6,49,4507.17,4.91195876496
NEMO,CHAT,70,64,2,1,17,3,1,256,2411.26417043,3080.09975403,3078.03528152,10,44,2583.68,11.0423853651
NEMO,CHAT,242,32,6,3,11,3,1,384,2212.78251652,3079.18069801,3079.18069801,7,50,4063.14,3.60764459598
NEMO,CHAT,124,32,6,7,7,1,3,384,2343.20007437,3071.12348267,3071.12348267,6,49,3547.03,2.21443542413
NEMO,CHAT,125,32,6,7,7,3,1,384,2343.20007437,3070.88363482,3070.88363482,8,48,3547.7,2.63109470426
NEMO,CHAT,301,32,4,3,11,1,5,384,2167.37734238,3068.77538975,3068.77538975,6,49,3783.91,2.95115344378
NEMO,CHAT,302,32,4,3,11,3,3,384,2167.37734238,3068.77538975,3068.77538975,6,49,3827.16,3.14672855534
NEMO,CHAT,303,32,4,3,11,5,1,384,2167.37734238,3067.67931577,3067.67931577,7,50,3822.72,2.44692822604
NEMO,CHAT,134,32,4,5,11,1,3,256,2332.0170329,3065.97671756,3065.97671756,6,35,3334.41,1.41449705216
NEMO,CHAT,135,32,4,5,11,3,1,256,2332.0170329,3065.56943169,3065.56943169,7,38,2936.6,2.97000808163
NEMO,CHAT,90,32,6,9,5,3,1,384,2397.54548626,3051.64922358,3051.64922358,10,45,2659.35,1.83225665289
NEMO,CHAT,89,32,6,9,5,1,3,384,2397.54548626,3049.71309648,3049.71309648,8,44,2688.07,3.06873966714
NEMO,CHAT,94,64,2,9,9,1,3,384,2377.54148951,3048.47781465,3048.47781465,7,30,1900.09,3.41491247364
NEMO,CHAT,95,64,2,9,9,3,1,384,2377.54148951,3048.288229,3048.288229,8,33,1554.81,3.130976525
NEMO,CHAT,117,64,4,1,15,1,3,256,2348.51845939,3046.06819121,3042.00423827,9,45,1424.29,51.7277893333
NEMO,CHAT,118,64,4,1,15,3,1,256,2348.51845939,3040.35545659,3038.19265513,12,44,1413.73,46.283544
NEMO,CHAT,115,32,4,9,7,3,1,512,2354.37998393,3038.68960255,3038.68960255,9,57,2328.29,2.97710214585
NEMO,CHAT,114,32,4,9,7,1,3,512,2354.37998393,3038.49616836,3038.49616836,8,56,2464.98,2.53840569602
NEMO,CHAT,51,32,6,11,3,3,1,384,2445.76407492,3031.06972272,3031.06972272,11,47,1792.06,2.36433575
NEMO,CHAT,50,32,6,11,3,1,3,384,2445.76407492,3030.72387162,3030.72387162,10,52,1795.12,2.565288875
NEMO,CHAT,332,16,6,3,11,1,3,512,2147.9730638,3025.52149864,3025.52149864,8,88,2712.92,1.30915089521
NEMO,CHAT,333,16,6,3,11,3,1,512,2147.9730638,3024.75475386,3024.75475386,9,85,2319.99,1.60492892599
NEMO,CHAT,191,64,4,5,11,1,3,384,2254.34399588,3021.66385959,3021.66385959,7,32,4558.74,6.77830176346
NEMO,CHAT,192,64,4,5,11,3,1,384,2254.34399588,3021.21154667,3021.21154667,8,31,4646.13,3.73424594379
NEMO,CHAT,154,64,4,7,9,3,1,384,2309.91175979,3010.93844261,3010.93844261,6,29,4610.96,5.11468578896
NEMO,CHAT,153,64,4,7,9,1,3,384,2309.91175979,3010.91151065,3010.91151065,5,32,5216.53,3.6218901085
NEMO,CHAT,28,32,6,13,1,3,1,384,2488.53732209,3009.41415016,3009.41415016,13,48,863.11,2.61610688889
NEMO,CHAT,259,32,4,5,9,1,5,384,2200.26219964,3008.70841004,3008.70841004,6,49,3472.34,2.38103425127
NEMO,CHAT,260,32,4,5,9,3,3,384,2200.26219964,3008.70841004,3008.70841004,6,49,3576.11,1.68220952351
NEMO,CHAT,27,32,6,13,1,1,3,384,2488.53732209,3008.50643166,3008.50643166,12,47,861.75,2.94887355556
NEMO,CHAT,261,32,4,5,9,5,1,384,2200.26219964,3008.397272,3008.397272,7,46,3732.6,1.4674298003
NEMO,CHAT,47,64,2,11,7,3,1,256,2453.00168828,2999.66480456,2999.66480456,11,39,2744.7,3.2087904278
NEMO,CHAT,46,64,2,11,7,1,3,256,2453.00168828,2999.24012357,2999.24012357,10,36,2642.29,2.69432563636
NEMO,CHAT,18,32,4,15,1,3,1,384,2532.17361091,2993.25341432,2993.25341432,15,50,906.93,2.3763134
NEMO,CHAT,111,64,4,9,7,3,1,384,2359.89125082,2992.75411068,2992.75411068,8,25,4564.92,2.22879961797
NEMO,CHAT,110,64,4,9,7,1,3,384,2359.89125082,2992.70592711,2992.70592711,7,22,4655.72,3.28428110762
NEMO,CHAT,277,64,2,5,13,1,3,512,2184.40407493,2992.27634586,2992.27634586,14,43,1837.04,2.70313003976
NEMO,CHAT,93,32,4,11,5,3,1,512,2383.22908861,2991.78146628,2991.78146628,11,61,2800.43,3.79208529309
NEMO,CHAT,17,32,4,15,1,1,3,384,2532.17361091,2991.31842171,2991.31842171,14,49,904.7,2.7130184
NEMO,CHAT,92,32,4,11,5,1,3,512,2383.22908861,2991.30933795,2991.30933795,10,60,2891.17,1.59999194517
NEMO,CHAT,278,64,2,5,13,3,1,512,2184.40407493,2991.00724002,2991.00724002,9,45,1835.69,2.66517407716
NEMO,CHAT,156,64,2,1,17,1,3,384,2308.44021224,2984.89184214,2977.16745139,10,46,2185.29,10.7136146224
NEMO,CHAT,157,64,2,1,17,3,1,384,2308.44021224,2980.10978114,2976.2756484,11,49,2145.97,11.86809629
NEMO,CHAT,161,32,4,1,15,1,3,256,2299.65968026,2974.32188482,2970.72652434,8,62,1882.41,24.8737334194
NEMO,CHAT,88,64,4,11,5,3,1,384,2404.86165926,2973.39823106,2973.39823106,10,27,3530.99,4.10330794165
NEMO,CHAT,87,64,4,11,5,1,3,384,2404.86165926,2972.62586727,2972.62586727,9,30,3771.41,3.86067362093
NEMO,CHAT,265,64,4,3,13,1,3,384,2192.51589504,2972.52468671,2972.52468671,8,44,4884.58,3.54276883784
NEMO,CHAT,266,64,4,3,13,3,1,384,2192.51589504,2971.5825031,2971.5825031,9,45,5031.96,4.10075011723
NEMO,CHAT,162,32,4,1,15,3,1,256,2299.65968026,2971.4221923,2969.19288049,10,65,2349.79,17.2018123333
NEMO,CHAT,305,16,6,5,9,1,3,512,2166.91889346,2958.78085767,2958.78085767,7,77,2180.34,1.46353404503
NEMO,CHAT,306,16,6,5,9,3,1,512,2166.91889346,2958.70154581,2958.70154581,8,76,2176.25,1.66123314818
NEMO,CHAT,136,32,4,7,9,1,3,256,2330.3610068,2957.74181682,2957.74181682,7,39,2920.1,3.09220057143
NEMO,CHAT,137,32,4,7,9,3,1,256,2330.3610068,2957.63418053,2957.63418053,8,38,2910.64,2.92366575
NEMO,CHAT,53,64,4,13,3,3,1,384,2445.32480889,2953.33942283,2953.33942283,12,31,2580.83,6.0189442
NEMO,CHAT,52,64,4,13,3,1,3,384,2445.32480889,2951.84287881,2951.84287881,11,30,2484.95,4.95415239138
NEMO,CHAT,286,64,2,3,13,1,5,256,2172.58542801,2948.61171543,2948.61171543,7,38,2740.21,4.18207551561
NEMO,CHAT,287,64,2,3,13,3,3,256,2172.58542801,2948.61171543,2948.61171543,7,38,2801.1,1.93641295135
NEMO,CHAT,288,64,2,3,13,5,1,256,2172.58542801,2948.09937269,2948.09937269,8,39,2613.62,2.56746654545
NEMO,CHAT,102,64,2,11,7,3,1,384,2371.81990607,2946.58508172,2946.58508172,10,35,1554.81,3.130976525
NEMO,CHAT,101,64,2,11,7,1,3,384,2371.81990607,2945.95614086,2945.95614086,9,34,1900.09,3.41491247364
NEMO,CHAT,86,32,4,13,3,3,1,512,2406.29082298,2944.65051257,2944.65051257,13,66,1856.47,2.28775803561
NEMO,CHAT,85,32,4,13,3,1,3,512,2406.29082298,2943.23123779,2943.23123779,12,61,1841.22,2.88818672828
NEMO,CHAT,320,64,2,3,15,1,3,512,2153.81006037,2942.85610347,2942.85610347,9,47,1822.96,2.97875480237
NEMO,CHAT,321,64,2,3,15,3,1,512,2153.81006037,2942.1887224,2942.1887224,9,46,1834.74,3.09217854941
NEMO,CHAT,249,64,2,7,11,1,3,512,2207.1262651,2934.15659498,2934.15659498,11,36,1667.26,3.26271312169
NEMO,CHAT,250,64,2,7,11,3,1,512,2207.1262651,2933.44600493,2933.44600493,7,38,1567.25,4.92478491759
NEMO,CHAT,31,64,4,15,1,3,1,384,2481.71765749,2933.28061459,2933.28061459,14,35,1096.98,6.0187842
NEMO,CHAT,30,64,4,15,1,1,3,384,2481.71765749,2930.82558082,2930.82558082,13,34,1097.56,6.3278692
NEMO,CHAT,255,64,4,5,9,5,1,256,2204.0596297,2920.87886942,2920.87886942,7,31,4727.83,5.05168871795
NEMO,CHAT,257,64,6,5,9,3,1,256,2204.0596297,2920.87886942,2920.87886942,7,31,4529.47,3.5530521
NEMO,CHAT,253,64,4,5,9,1,5,256,2204.0596297,2920.60174571,2920.60174571,6,32,4810.85,6.56023307317
NEMO,CHAT,254,64,4,5,9,3,3,256,2204.0596297,2920.60174571,2920.60174571,6,32,4768.88,4.10254236918
NEMO,CHAT,256,64,6,5,9,1,3,256,2204.0596297,2920.60174571,2920.60174571,6,32,4689.5,4.75474458537
NEMO,CHAT,224,32,4,7,7,1,5,384,2220.47030013,2910.13682112,2910.13682112,7,46,3281.82,1.9653291502
NEMO,CHAT,225,32,4,7,7,3,3,384,2220.47030013,2910.13682112,2910.13682112,7,46,3287.09,1.97221346838
NEMO,CHAT,226,32,4,7,7,5,1,384,2220.47030013,2909.94040917,2909.94040917,9,43,3346.85,1.6017751729
NEMO,CHAT,183,64,4,7,7,1,5,256,2264.07337424,2905.68610276,2905.68610276,6,30,4044,1.88312313766
NEMO,CHAT,184,64,4,7,7,3,3,256,2264.07337424,2905.68610276,2905.68610276,6,30,4135.31,5.2254092973
NEMO,CHAT,186,64,6,7,7,1,3,256,2264.07337424,2905.68610276,2905.68610276,6,30,3998.92,4.69590047059
NEMO,CHAT,185,64,4,7,7,5,1,256,2264.07337424,2905.4321997,2905.4321997,8,31,4157.95,5.2201092973
NEMO,CHAT,187,64,6,7,7,3,1,256,2264.07337424,2905.4321997,2905.4321997,8,31,4036.18,3.65151811765
NEMO,CHAT,271,64,2,5,11,1,5,256,2187.645159,2902.21186853,2902.21186853,6,42,2599.57,3.06965887207
NEMO,CHAT,272,64,2,5,11,3,3,256,2187.645159,2902.21186853,2902.21186853,6,42,2806.93,1.89386851411
NEMO,CHAT,273,64,2,5,11,5,1,256,2187.645159,2901.69952579,2901.69952579,7,41,2744.7,3.2087904278
NEMO,CHAT,350,64,4,3,11,1,5,256,2136.41846913,2900.70921834,2900.70921834,6,40,5270.44,9.51928936364
NEMO,CHAT,351,64,4,3,11,3,3,256,2136.41846913,2900.70921834,2900.70921834,6,40,5090.43,5.9926284942
NEMO,CHAT,353,64,6,3,11,1,3,256,2136.41846913,2900.70921834,2900.70921834,6,40,5049.71,11.2004184186
NEMO,CHAT,58,64,2,13,5,3,1,256,2434.68337561,2900.11603571,2900.11603571,13,41,2741.56,3.21221858838
NEMO,CHAT,352,64,4,3,11,5,1,256,2136.41846913,2899.87012042,2899.87012042,8,43,4783.57,6.11465
NEMO,CHAT,354,64,6,3,11,3,1,256,2136.41846913,2899.87012042,2899.87012042,8,43,4534.42,5.06914968421
NEMO,CHAT,57,64,2,13,5,1,3,256,2434.68337561,2899.04745277,2899.04745277,12,42,2629.2,2.83401669565
NEMO,CHAT,65,32,4,15,1,3,1,512,2424.08256191,2896.85110656,2896.85110656,15,59,926.39,2.6650594
NEMO,CHAT,64,32,4,15,1,1,3,512,2424.08256191,2894.48468531,2894.48468531,14,60,923.32,3.1209794
NEMO,CHAT,299,32,4,1,15,1,3,512,2168.03504103,2890.21126404,2886.44992715,9,66,2615.5,14.8618973013
NEMO,CHAT,148,64,4,9,5,3,3,256,2317.38517769,2888.44051402,2888.44051402,8,30,2885.44,4.70618615385
NEMO,CHAT,149,64,4,9,5,5,1,256,2317.38517769,2888.20827819,2888.20827819,10,33,2876.92,4.70608230769
NEMO,CHAT,151,64,6,9,5,3,1,256,2317.38517769,2888.20827819,2888.20827819,10,33,2798.62,2.19153492308
NEMO,CHAT,147,64,4,9,5,1,5,256,2317.38517769,2888.18041744,2888.18041744,8,30,2868.32,4.85221712
NEMO,CHAT,150,64,6,9,5,1,3,256,2317.38517769,2888.18041744,2888.18041744,8,30,2750.04,3.25297822222
NEMO,CHAT,300,32,4,1,15,3,1,512,2168.03504103,2885.41105172,2883.46232699,13,67,2452.38,16.4723868215
NEMO,CHAT,441,64,2,3,13,1,5,384,2085.23785363,2870.83967889,2870.83967889,8,42,1905.71,2.67746296084
NEMO,CHAT,442,64,2,3,13,3,3,384,2085.23785363,2870.83967889,2870.83967889,8,42,1519.68,4.47116409674
NEMO,CHAT,104,64,4,11,3,3,3,256,2364.77661149,2870.41463554,2870.41463554,10,32,2428.77,5.4288008
NEMO,CHAT,105,64,4,11,3,5,1,256,2364.77661149,2870.20406694,2870.20406694,12,31,2430.7,5.4280058
NEMO,CHAT,107,64,6,11,3,3,1,256,2364.77661149,2870.20406694,2870.20406694,12,31,2298.07,2.21336711111
NEMO,CHAT,443,64,2,3,13,5,1,384,2085.23785363,2870.18194835,2870.18194835,9,41,1667.44,4.78802839216
NEMO,CHAT,103,64,4,11,3,1,5,256,2364.77661149,2869.37424922,2869.37424922,10,32,2424.78,5.7966108
NEMO,CHAT,106,64,6,11,3,1,3,256,2364.77661149,2869.37424922,2869.37424922,10,32,2295.96,2.443656
NEMO,CHAT,221,64,2,9,9,1,3,512,2222.59194478,2863.91054443,2863.91054443,12,34,1667.26,3.26271312169
NEMO,CHAT,222,64,2,9,9,3,1,512,2222.59194478,2863.46123667,2863.46123667,8,32,1567.25,4.92478491759
NEMO,CHAT,396,16,6,1,13,1,3,512,2113.52993447,2861.10046057,2857.52477262,8,104,2189.35,11.5414296217
NEMO,CHAT,397,16,6,1,13,3,1,512,2113.52993447,2858.31858456,2856.12861015,11,109,2223.24,7.83445696838
NEMO,CHAT,359,32,6,1,13,1,3,384,2134.63832898,2852.03890182,2848.38676375,8,60,2180.5,22.5399752727
NEMO,CHAT,145,32,4,9,7,1,3,256,2318.37249675,2851.12421282,2851.12421282,9,38,2440.9,2.3858182
NEMO,CHAT,146,32,4,9,7,3,1,256,2318.37249675,2850.95676247,2850.95676247,10,41,2423.16,1.51918871733
NEMO,CHAT,82,64,4,13,1,5,1,256,2406.91226666,2850.6392762,2850.6392762,13,29,1173.62,5.4278108
NEMO,CHAT,84,64,6,13,1,3,1,256,2406.91226666,2850.6392762,2850.6392762,13,29,1161.79,2.21336711111
NEMO,CHAT,81,64,4,13,1,3,3,256,2406.91226666,2850.568081,2850.568081,12,30,1173.62,5.4286808
NEMO,CHAT,382,32,4,1,13,1,5,384,2120.39605263,2850.33979242,2846.68983012,8,60,2925.35,16.6406954414
NEMO,CHAT,383,32,4,1,13,3,3,384,2120.39605263,2850.33979242,2846.68983012,8,60,2685.79,24.0270477
NEMO,CHAT,80,64,4,13,1,1,5,256,2406.91226666,2849.52769468,2849.52769468,12,34,1174.16,5.7966108
NEMO,CHAT,83,64,6,13,1,1,3,256,2406.91226666,2849.52769468,2849.52769468,12,34,1162.55,2.443656
NEMO,CHAT,360,32,6,1,13,3,1,384,2134.63832898,2848.75396899,2846.4892451,12,61,2365.25,24.2003972222
NEMO,CHAT,384,32,4,1,13,5,1,384,2120.39605263,2847.38027058,2845.16451163,12,59,2876.29,19.0090281153
NEMO,CHAT,113,64,2,13,5,3,1,384,2358.21505318,2846.63384253,2846.63384253,13,37,1554.81,3.130976525
NEMO,CHAT,411,64,2,5,11,1,5,384,2104.53175587,2845.43908836,2845.43908836,6,34,1839.42,3.31830809174
NEMO,CHAT,412,64,2,5,11,3,3,384,2104.53175587,2845.43908836,2845.43908836,6,34,1727.21,3.20767086964
NEMO,CHAT,112,64,2,13,5,1,3,384,2358.21505318,2845.36156597,2845.36156597,12,34,1900.09,3.41491247364
NEMO,CHAT,413,64,2,5,11,5,1,384,2104.53175587,2844.78135782,2844.78135782,8,37,1788.6,2.56729616313
NEMO,CHAT,290,16,6,7,7,3,1,512,2171.85277589,2841.53104146,2841.53104146,10,74,2444.63,1.1033377825
NEMO,CHAT,289,16,6,7,7,1,3,512,2171.85277589,2841.47262749,2841.47262749,7,77,2363.37,1.28219917253
NEMO,CHAT,213,32,4,9,5,3,3,384,2229.23687421,2816.63404701,2816.63404701,9,38,2681.53,2.10386713492
NEMO,CHAT,214,32,4,9,5,5,1,384,2229.23687421,2816.55236114,2816.55236114,11,39,2721.53,2.15867241201
NEMO,CHAT,212,32,4,9,5,1,5,384,2229.23687421,2816.41064372,2816.41064372,9,38,2498.69,2.16810177122
NEMO,CHAT,267,64,2,7,9,1,5,256,2191.57694352,2803.19892938,2803.19892938,6,31,2600.63,3.07625163831
NEMO,CHAT,268,64,2,7,9,3,3,256,2191.57694352,2803.19892938,2803.19892938,6,31,2806.93,1.89386851411
NEMO,CHAT,269,64,2,7,9,5,1,256,2191.57694352,2802.80431832,2802.80431832,7,32,2744.7,3.2087904278
NEMO,CHAT,486,32,4,5,11,1,3,640,2050.01627864,2796.74651685,2796.74651685,6,49,2578.57,3.55854356305
NEMO,CHAT,78,64,2,15,3,3,1,256,2409.04532895,2796.53329475,2796.53329475,15,34,2281.79,2.21485044444
NEMO,CHAT,487,32,4,5,11,3,1,640,2050.01627864,2795.85312786,2795.85312786,8,56,2185.3,3.65359684749
NEMO,CHAT,91,64,2,15,3,1,3,256,2389.21484265,2794.64541976,2794.64541976,14,33,2282.11,2.34418377778
NEMO,CHAT,408,32,4,7,9,1,3,640,2107.38766947,2791.88382489,2791.88382489,6,49,2929.88,2.21695923684
NEMO,CHAT,409,32,4,7,9,3,1,640,2107.38766947,2791.44830839,2791.44830839,7,48,2514.78,2.46481857277
NEMO,CHAT,207,64,2,11,7,3,1,512,2231.35392705,2789.37019927,2789.37019927,10,33,1567.25,4.92478491759
NEMO,CHAT,206,64,2,11,7,1,3,512,2231.35392705,2788.85876742,2788.85876742,9,30,1667.26,3.26271312169
NEMO,CHAT,313,32,4,9,7,1,3,640,2159.64527037,2784.07381279,2784.07381279,8,43,2632.4,2.82935829014
NEMO,CHAT,314,32,4,9,7,3,1,640,2159.64527037,2783.42996794,2783.42996794,9,46,2334.82,2.61628183209
NEMO,CHAT,248,32,4,11,5,3,1,640,2207.36287868,2775.84477051,2775.84477051,11,50,2534.99,2.52421117586
NEMO,CHAT,247,32,4,11,5,1,3,640,2207.36287868,2775.39751465,2775.39751465,10,51,2693.19,2.01576204838
NEMO,CHAT,197,32,4,13,3,3,1,640,2251.03154218,2767.82643006,2767.82643006,13,56,1702.6,2.66893210048
NEMO,CHAT,196,32,4,13,3,1,3,640,2251.03154218,2766.28807349,2766.28807349,12,49,1695.32,3.34219785741
NEMO,CHAT,670,16,6,3,11,1,3,640,1963.62084677,2762.51965122,2762.51965122,8,91,2521.07,1.73111199035
NEMO,CHAT,671,16,6,3,11,3,1,640,1963.62084677,2762.3270712,2762.3270712,9,90,2448.13,1.68214029703
NEMO,CHAT,168,32,4,15,1,3,1,640,2291.07395699,2758.94180356,2758.94180356,15,56,855.42,2.9399244
NEMO,CHAT,167,32,4,15,1,1,3,640,2291.07395699,2756.31234627,2756.31234627,14,55,855.1,3.2815844
NEMO,CHAT,621,32,4,3,13,1,3,640,1986.85635342,2752.18558163,2752.18558163,8,55,3054.29,4.98555894926
NEMO,CHAT,622,32,4,3,13,3,1,640,1986.85635342,2751.52937204,2751.52937204,9,54,2528.8,4.24743456064
NEMO,CHAT,531,32,6,5,9,1,3,512,2035.52504647,2750.58348173,2750.58348173,6,40,3821.1,1.85948589705
NEMO,CHAT,532,32,6,5,9,3,1,512,2035.52504647,2750.31300183,2750.31300183,7,41,3563.6,2.57565657773
NEMO,CHAT,400,64,2,7,9,3,3,384,2112.95129029,2749.77748407,2749.77748407,6,34,1780.91,4.17351060424
NEMO,CHAT,399,64,2,7,9,1,5,384,2112.95129029,2749.60229326,2749.60229326,6,32,1900.09,3.41491247364
NEMO,CHAT,401,64,2,7,9,5,1,384,2112.95129029,2749.41270761,2749.41270761,7,37,1554.81,3.130976525
NEMO,CHAT,164,32,4,11,5,3,1,256,2297.03432637,2744.27934441,2744.27934441,12,44,1875.85,1.99292651429
NEMO,CHAT,648,32,6,3,11,1,3,512,1975.00061285,2744.14484657,2744.14484657,6,44,3575.77,3.36029354225
NEMO,CHAT,163,32,4,11,5,1,3,256,2297.03432637,2743.96741337,2743.96741337,11,45,1874.36,2.21932651429
NEMO,CHAT,649,32,6,3,11,3,1,512,1975.00061285,2743.60014088,2743.60014088,7,43,3533.09,3.67525547095
NEMO,CHAT,131,64,2,15,3,3,1,384,2337.27749169,2743.52916877,2743.52916877,15,37,1843.32,3.16417269594
NEMO,CHAT,130,64,2,15,3,1,3,384,2337.27749169,2741.6135565,2741.6135565,14,38,2016.17,3.13502274257
NEMO,CHAT,376,64,4,1,15,1,3,384,2123.64312651,2740.82647883,2733.7233539,10,49,1336.85,48.264119
NEMO,CHAT,682,32,4,3,11,1,5,512,1958.45952869,2739.31940989,2739.31940989,6,44,3406.62,3.51732696559
NEMO,CHAT,683,32,4,3,11,3,3,512,1958.45952869,2739.31940989,2739.31940989,6,44,3290.02,2.83054300757
NEMO,CHAT,684,32,4,3,11,5,1,512,1958.45952869,2738.73263834,2738.73263834,7,41,3211.71,2.87751147995
NEMO,CHAT,339,64,2,1,15,1,5,256,2145.2499868,2738.2175863,2734.70374732,9,42,2572.54,10.158015418
NEMO,CHAT,340,64,2,1,15,3,3,256,2145.2499868,2738.2175863,2734.70374732,9,42,2555.21,11.5305609662
NEMO,CHAT,597,16,6,5,9,1,3,640,2000.03189133,2737.93100022,2737.93100022,7,75,2401.31,1.44219443581
NEMO,CHAT,598,16,6,5,9,3,1,640,2000.03189133,2737.69118101,2737.69118101,8,74,2346.8,1.42579229477
NEMO,CHAT,377,64,4,1,15,3,1,384,2123.64312651,2737.02018664,2733.02610564,11,48,1302.2,51.616556
NEMO,CHAT,540,32,4,3,11,5,1,256,2034.67431941,2736.3567867,2736.3567867,7,42,2919.99,3.99033526531
NEMO,CHAT,542,32,6,3,11,3,1,256,2034.67431941,2736.3567867,2736.3567867,7,42,2906.02,3.71874481633
NEMO,CHAT,538,32,4,3,11,1,5,256,2034.67431941,2736.10481454,2736.10481454,6,41,3209.96,4.64835621429
NEMO,CHAT,539,32,4,3,11,3,3,256,2034.67431941,2736.10481454,2736.10481454,6,41,3252.73,3.63247253988
NEMO,CHAT,541,32,6,3,11,1,3,256,2034.67431941,2736.10481454,2736.10481454,6,41,3373.05,4.57447149091
NEMO,CHAT,341,64,2,1,15,5,1,256,2145.2499868,2735.27502249,2733.21054998,10,39,2583.68,11.0423853651
NEMO,CHAT,434,32,6,7,7,1,3,512,2089.01181156,2732.48777238,2732.48777238,6,37,3792.14,3.78962713764
NEMO,CHAT,435,32,6,7,7,3,1,512,2089.01181156,2732.47985919,2732.47985919,7,36,3767.79,2.37906910555
NEMO,CHAT,391,64,2,1,17,1,3,512,2114.65731682,2729.84168901,2722.6452698,11,49,1805.63,11.5182628018
NEMO,CHAT,392,64,2,1,17,3,1,512,2114.65731682,2724.87496584,2721.49853313,12,46,1944.9,11.4447384096
NEMO,CHAT,308,16,6,9,5,1,3,512,2164.07612034,2724.57199254,2724.57199254,9,69,1784.36,1.36240466445
NEMO,CHAT,309,16,6,9,5,3,1,512,2164.07612034,2724.56194233,2724.56194233,11,70,1802.01,1.61069061966
NEMO,CHAT,584,32,4,5,9,1,5,512,2006.23348262,2720.67871942,2720.67871942,6,43,2724.04,2.30774596106
NEMO,CHAT,585,32,4,5,9,3,3,512,2006.23348262,2720.67871942,2720.67871942,6,43,2566.27,2.77306577843
NEMO,CHAT,586,32,4,5,9,5,1,512,2006.23348262,2720.37064202,2720.37064202,7,44,3233.74,1.84202405815
NEMO,CHAT,204,64,2,13,5,3,1,512,2233.91026329,2714.57970454,2714.57970454,12,35,1567.25,4.92478491759
NEMO,CHAT,217,32,4,11,3,3,3,384,2227.6417187,2713.9717381,2713.9717381,11,35,1659.62,2.30956012791
NEMO,CHAT,218,32,4,11,3,5,1,384,2227.6417187,2713.78137503,2713.78137503,13,34,1668.56,2.53226575387
NEMO,CHAT,216,32,4,11,3,1,5,384,2227.6417187,2713.30152824,2713.30152824,11,39,1786.16,2.40411771429
NEMO,CHAT,203,64,2,13,5,1,3,512,2233.91026329,2713.10753308,2713.10753308,15,35,1667.26,3.26271312169
NEMO,CHAT,357,32,6,9,5,3,1,512,2136.29693242,2711.57752942,2711.57752942,10,42,2858,1.9695947434
NEMO,CHAT,356,32,6,9,5,1,3,512,2136.29693242,2711.56212447,2711.56212447,8,39,2862.81,2.96369145695
NEMO,CHAT,274,64,2,9,7,1,5,256,2185.389784,2697.39377564,2697.39377564,8,31,2600.63,3.07625163831
NEMO,CHAT,275,64,2,9,7,3,3,256,2185.389784,2697.39377564,2697.39377564,8,31,2806.93,1.89386851411
NEMO,CHAT,276,64,2,9,7,5,1,256,2185.389784,2697.29228636,2697.29228636,9,32,2744.7,3.2087904278
NEMO,CHAT,281,32,6,11,3,3,1,512,2178.08905889,2690.43595107,2690.43595107,12,44,1959.36,2.534498
NEMO,CHAT,97,64,2,17,1,3,1,256,2376.6276274,2689.96892224,2689.96892224,17,34,1146.66,2.21240044444
NEMO,CHAT,280,32,6,11,3,1,3,512,2178.08905889,2689.67948223,2689.67948223,10,41,1920.68,3.82381507486
NEMO,CHAT,138,64,2,17,1,1,3,256,2328.12924873,2686.56019483,2686.56019483,16,29,1148.17,2.29851155556
NEMO,CHAT,574,64,4,5,11,1,3,512,2010.80402209,2678.47204869,2678.47204869,7,34,3480.96,2.7788080088
NEMO,CHAT,575,64,4,5,11,3,1,512,2010.80402209,2678.02138851,2678.02138851,8,35,4009.49,2.34331649615
NEMO,CHAT,491,32,4,7,7,1,5,512,2045.40407916,2673.07557129,2673.07557129,6,41,3152.52,2.03401267956
NEMO,CHAT,492,32,4,7,7,3,3,512,2045.40407916,2673.07557129,2673.07557129,6,41,2883.83,2.10943094789
NEMO,CHAT,493,32,4,7,7,5,1,512,2045.40407916,2673.04618804,2673.04618804,7,42,2610.49,2.34085406813
NEMO,CHAT,479,64,4,7,9,3,1,512,2059.32645885,2670.57407309,2670.57407309,7,33,3110.66,5.37177243306
NEMO,CHAT,549,16,6,7,7,1,3,640,2024.69592971,2669.75724397,2669.75724397,7,66,2314.19,1.64571580629
NEMO,CHAT,550,16,6,7,7,3,1,640,2024.69592971,2669.56466394,2669.56466394,10,67,2393.96,1.58655205224
NEMO,CHAT,239,32,6,13,1,3,1,512,2214.99283426,2668.81587554,2668.81587554,13,44,890.53,2.93439777778
NEMO,CHAT,478,64,4,7,9,1,3,512,2059.32645885,2667.69124948,2667.69124948,10,31,3728.96,4.56503809193
NEMO,CHAT,238,32,6,13,1,1,3,512,2214.99283426,2667.55759141,2667.55759141,12,43,891.11,3.32104777778
NEMO,CHAT,587,16,6,3,11,1,3,384,2006.05505752,2662.48608936,2662.48608936,6,70,2760.83,2.14123761648
NEMO,CHAT,588,16,6,3,11,3,1,384,2006.05505752,2662.38492708,2662.38492708,8,71,2554.15,1.77829029669
NEMO,CHAT,471,64,4,1,13,1,5,256,2060.04579642,2656.74149987,2653.21940732,8,44,1424.29,51.7277893333
NEMO,CHAT,472,64,4,1,13,3,3,256,2060.04579642,2656.74149987,2653.21940732,8,44,1417.87,46.3249856667
NEMO,CHAT,474,64,6,1,13,1,3,256,2060.04579642,2656.74149987,2653.21940732,8,44,2432.61,23.8074282222
NEMO,CHAT,655,64,2,5,13,1,3,640,1968.74356486,2654.38592917,2654.38592917,15,45,1623.45,2.87326037752
NEMO,CHAT,656,64,2,5,13,3,1,640,1968.74356486,2653.97874005,2653.97874005,10,49,1607.36,3.42750750249
NEMO,CHAT,416,64,4,9,7,1,3,512,2102.85323448,2653.39245533,2653.39245533,11,29,3400.44,3.30469498943
NEMO,CHAT,417,64,4,9,7,3,1,512,2102.85323448,2653.38961675,2653.38961675,8,33,3280.11,4.49622452193
NEMO,CHAT,473,64,4,1,13,5,1,256,2060.04579642,2653.19620682,2651.03340535,11,45,1413.73,46.283544
NEMO,CHAT,475,64,6,1,13,3,1,256,2060.04579642,2653.19620682,2651.03340535,11,45,2681.75,23.7123207619
NEMO,CHAT,483,64,2,1,15,1,5,384,2054.05063089,2647.59344624,2640.80534528,9,46,2185.29,10.7136146224
NEMO,CHAT,484,64,2,1,15,3,3,384,2054.05063089,2647.59344624,2640.80534528,9,46,2118.2,11.0002978575
NEMO,CHAT,403,64,2,9,7,3,3,384,2111.40224385,2646.37985623,2646.37985623,8,35,1780.91,4.17351060424
NEMO,CHAT,402,64,2,9,7,1,5,384,2111.40224385,2646.37985623,2646.37985623,8,35,1900.09,3.41491247364
NEMO,CHAT,404,64,2,9,7,5,1,384,2111.40224385,2646.30803385,2646.30803385,9,34,1554.81,3.130976525
NEMO,CHAT,485,64,2,1,15,5,1,384,2054.05063089,2643.74767503,2639.91354229,10,45,2145.97,11.86809629
NEMO,CHAT,209,64,2,15,3,3,1,512,2230.71086018,2642.76190343,2642.76190343,14,33,1552.67,4.6172302435
NEMO,CHAT,505,32,4,5,9,1,5,256,2041.09426278,2641.59354589,2641.59354589,5,39,2902.76,3.21465771429
NEMO,CHAT,506,32,4,5,9,3,3,256,2041.09426278,2641.59354589,2641.59354589,5,39,2933.32,2.87343322449
NEMO,CHAT,508,32,6,5,9,1,3,256,2041.09426278,2641.59354589,2641.59354589,5,39,2960.92,3.21875502041
NEMO,CHAT,507,32,4,5,9,5,1,256,2041.09426278,2641.48590959,2641.48590959,7,38,2906.22,2.86063929544
NEMO,CHAT,509,32,6,5,9,3,1,256,2041.09426278,2641.48590959,2641.48590959,7,38,2948.91,2.95370604082
NEMO,CHAT,208,64,2,15,3,1,3,512,2230.71086018,2640.32899236,2640.32899236,13,30,1667.26,3.26271312169
NEMO,CHAT,579,64,2,7,11,1,3,640,2008.46591502,2639.57196503,2639.57196503,13,49,1624.23,2.8875112789
NEMO,CHAT,580,64,2,7,11,3,1,640,2008.46591502,2639.21794072,2639.21794072,8,41,1554.81,4.73466787251
NEMO,CHAT,155,64,2,17,1,3,1,384,2309.50768122,2638.84777773,2638.84777773,17,38,1095.45,2.501412
NEMO,CHAT,749,32,6,3,9,1,5,384,1912.17000855,2637.49026664,2637.49026664,6,35,4275.34,2.94515727972
NEMO,CHAT,750,32,6,3,9,3,3,384,1912.17000855,2637.49026664,2637.49026664,6,35,4469.04,2.04684152298
NEMO,CHAT,752,32,8,3,9,1,3,384,1912.17000855,2637.49026664,2637.49026664,6,35,4102.62,5.14122481159
NEMO,CHAT,180,32,4,13,3,3,1,256,2267.20850201,2637.24246271,2637.24246271,14,44,1231.53,2.07768285714
NEMO,CHAT,751,32,6,3,9,5,1,384,1912.17000855,2637.22658725,2637.22658725,7,34,4194.34,2.7710454127
NEMO,CHAT,753,32,8,3,9,3,1,384,1912.17000855,2637.22658725,2637.22658725,7,34,4163.48,2.89332442403
NEMO,CHAT,179,32,4,13,3,1,3,256,2267.20850201,2636.99034573,2636.99034573,13,43,1232.26,2.40859238095
NEMO,CHAT,173,64,2,17,1,1,3,384,2280.31047493,2635.23768489,2635.23768489,16,41,1095.28,2.617852
NEMO,CHAT,346,64,4,11,5,3,1,512,2141.89612809,2635.15306801,2635.15306801,11,37,3542.82,3.46105864714
NEMO,CHAT,698,64,2,5,11,5,1,512,1948.72899341,2634.72579383,2634.72579383,8,33,1835.69,2.66517407716
NEMO,CHAT,345,64,4,11,5,1,3,512,2141.89612809,2634.7184637,2634.7184637,14,35,3534.24,3.1003109851
NEMO,CHAT,696,64,2,5,11,1,5,512,1948.72899341,2634.47564427,2634.47564427,7,34,1837.04,2.70313003976
NEMO,CHAT,697,64,2,5,11,3,3,512,1948.72899341,2634.47564427,2634.47564427,7,34,1689.68,3.22640958904
NEMO,CHAT,685,64,4,3,13,1,3,512,1956.69318051,2625.52187053,2625.52187053,8,44,3573.74,3.89901745707
NEMO,CHAT,458,32,4,9,5,5,1,512,2076.91671362,2625.02396458,2625.02396458,10,43,2871.51,2.49648185507
NEMO,CHAT,456,32,4,9,5,1,5,512,2076.91671362,2624.99747113,2624.99747113,8,40,2891.17,1.60001165796
NEMO,CHAT,457,32,4,9,5,3,3,512,2076.91671362,2624.99747113,2624.99747113,8,40,2843.69,2.12318069846
NEMO,CHAT,635,32,6,5,7,1,5,384,1978.59142297,2624.81083061,2624.81083061,6,41,3567.07,2.05367212096
NEMO,CHAT,636,32,6,5,7,3,3,384,1978.59142297,2624.81083061,2624.81083061,6,41,3558.71,1.95662720916
NEMO,CHAT,638,32,8,5,7,1,3,384,1978.59142297,2624.81083061,2624.81083061,6,41,3580.59,2.77263668966
NEMO,CHAT,686,64,4,3,13,3,1,512,1956.69318051,2624.64414617,2624.64414617,8,43,3475.69,3.56666213747
NEMO,CHAT,637,32,6,5,7,5,1,384,1978.59142297,2624.29004907,2624.29004907,9,44,3496.55,2.22907072797
NEMO,CHAT,639,32,8,5,7,3,1,384,1978.59142297,2624.29004907,2624.29004907,9,44,3541.82,3.11336639357
NEMO,CHAT,746,16,6,1,13,1,3,640,1913.99482062,2623.80038457,2620.51209719,8,89,1834.81,14.7666317961
NEMO,CHAT,726,64,2,3,13,1,5,512,1920.1569831,2621.63411849,2621.63411849,8,44,1822.96,2.97875480237
NEMO,CHAT,727,64,2,3,13,3,3,512,1920.1569831,2621.63411849,2621.63411849,8,44,1562.85,4.89542478415
NEMO,CHAT,608,64,6,5,9,1,3,384,1991.0930746,2621.13953676,2621.13953676,6,35,5851.24,3.09544277673
NEMO,CHAT,747,16,6,1,13,3,1,640,1913.99482062,2621.10036677,2619.1109185,13,86,2101.88,10.929051813
NEMO,CHAT,728,64,2,3,13,5,1,512,1920.1569831,2620.96673742,2620.96673742,8,45,1834.74,3.09217854941
NEMO,CHAT,609,64,6,5,9,3,1,384,1991.0930746,2620.93116337,2620.93116337,7,36,5518.4,3.0988906455
NEMO,CHAT,613,64,4,5,9,1,5,384,1990.51230502,2619.43448472,2619.43448472,6,35,5143.24,2.72883207761
NEMO,CHAT,614,64,4,5,9,3,3,384,1990.51230502,2619.43448472,2619.43448472,6,35,5254.19,2.68114820423
NEMO,CHAT,615,64,4,5,9,5,1,384,1990.51230502,2619.22710714,2619.22710714,7,36,4631.78,4.032594543
NEMO,CHAT,343,16,6,11,3,3,1,512,2144.73401181,2618.3147235,2618.3147235,14,68,1123.82,1.60624951923
NEMO,CHAT,342,16,6,11,3,1,3,512,2144.73401181,2617.77466787,2617.77466787,11,69,1102.71,1.68478584076
NEMO,CHAT,283,64,4,13,3,3,1,512,2176.89932168,2616.70817654,2616.70817654,12,35,2558.86,6.7390098
NEMO,CHAT,867,32,4,3,9,1,7,384,1865.8810113,2616.52676004,2616.52676004,6,35,3547.48,3.6263500777
NEMO,CHAT,868,32,4,3,9,3,5,384,1865.8810113,2616.52676004,2616.52676004,6,35,3695.82,2.99515558684
NEMO,CHAT,869,32,4,3,9,5,3,384,1865.8810113,2616.52676004,2616.52676004,6,35,3579.63,3.79481823231
NEMO,CHAT,870,32,4,3,9,7,1,384,1865.8810113,2616.27298505,2616.27298505,7,34,3758.48,2.54371186451
NEMO,CHAT,282,64,4,13,3,1,3,512,2176.89932168,2615.21110112,2615.21110112,15,33,2555.35,7.117506175
NEMO,CHAT,228,32,4,13,1,3,3,384,2216.63289968,2612.20304234,2612.20304234,13,43,906.93,2.3763134
NEMO,CHAT,229,32,4,13,1,5,1,384,2216.63289968,2612.12740536,2612.12740536,14,44,906.99,2.3734134
NEMO,CHAT,227,32,4,13,1,1,5,384,2216.63289968,2611.0860259,2611.0860259,13,43,904.7,2.7130184
NEMO,CHAT,502,64,2,9,9,3,1,640,2043.03928463,2609.95410336,2609.95410336,8,43,1554.81,4.73466787251
NEMO,CHAT,567,32,4,1,13,1,5,256,2014.00882119,2609.75233153,2606.63635244,7,51,1922.58,23.4140948966
NEMO,CHAT,568,32,4,1,13,3,3,256,2014.00882119,2609.75233153,2606.63635244,7,51,2546.2,16.4083499
NEMO,CHAT,570,32,6,1,13,1,3,256,2014.00882119,2609.75233153,2606.63635244,7,51,2144.35,22.6770161111
NEMO,CHAT,501,64,2,9,9,1,3,640,2043.03928463,2609.628054,2609.628054,13,45,1624.23,2.8875112789
NEMO,CHAT,569,32,4,1,13,5,1,256,2014.00882119,2608.5304739,2606.30116209,9,48,2376.94,16.8588858378
NEMO,CHAT,571,32,6,1,13,3,1,256,2014.00882119,2608.5304739,2606.30116209,9,48,2435.01,14.6661813684
NEMO,CHAT,495,64,6,7,7,3,1,384,2044.2546709,2605.0863029,2605.0863029,8,28,4914.95,3.18777952083
NEMO,CHAT,494,64,6,7,7,1,3,384,2044.2546709,2605.03902888,2605.03902888,6,29,4817.32,3.26936124783
NEMO,CHAT,515,32,6,7,5,1,5,384,2036.30494449,2604.21941397,2604.21941397,7,41,2695.28,2.61423244444
NEMO,CHAT,516,32,6,7,5,3,3,384,2036.30494449,2604.21941397,2604.21941397,7,41,2725.79,2.18449028731
NEMO,CHAT,518,32,8,7,5,1,3,384,2036.30494449,2604.21941397,2604.21941397,7,41,2673.3,2.18592684892
NEMO,CHAT,500,64,4,7,7,5,1,384,2043.61662887,2604.03458648,2604.03458648,9,30,4284.74,2.87022033251
NEMO,CHAT,517,32,6,7,5,5,1,384,2036.30494449,2604.00339768,2604.00339768,10,40,2710.9,2.32340417391
NEMO,CHAT,519,32,8,7,5,3,1,384,2036.30494449,2604.00339768,2604.00339768,10,40,2662.45,2.38279404878
NEMO,CHAT,498,64,4,7,7,1,5,384,2043.61662887,2603.98640291,2603.98640291,6,29,4543.65,4.24946503349
NEMO,CHAT,499,64,4,7,7,3,3,384,2043.61662887,2603.98640291,2603.98640291,6,29,4760.97,2.97809227554
NEMO,CHAT,610,16,6,1,13,1,3,384,1990.55114149,2601.07362573,2598.08071043,7,68,2308.44,9.43408705556
NEMO,CHAT,512,16,6,9,5,1,3,640,2038.87127555,2600.37502723,2600.37502723,9,74,1728.4,1.61621672767
NEMO,CHAT,513,16,6,9,5,3,1,640,2038.87127555,2600.27692555,2600.27692555,12,73,1789.63,1.26096900851
NEMO,CHAT,611,16,6,1,13,3,1,384,1990.55114149,2599.6764028,2597.53293556,10,67,2241.11,6.78157177778
NEMO,CHAT,713,64,6,3,11,1,3,384,1931.06179161,2598.77056777,2598.77056777,7,39,4709.15,13.7792986204
NEMO,CHAT,714,64,6,3,11,3,1,384,1931.06179161,2598.08270382,2598.08270382,8,38,5558.93,2.52763962891
NEMO,CHAT,246,64,4,15,1,3,1,512,2208.25020389,2597.63825685,2597.63825685,14,37,980.28,6.7381048
NEMO,CHAT,716,64,4,3,11,1,5,384,1930.5380477,2597.6052259,2597.6052259,7,39,4884.58,3.54276883784
NEMO,CHAT,717,64,4,3,11,3,3,384,1930.5380477,2597.6052259,2597.6052259,7,39,5012,3.66886982038
NEMO,CHAT,926,16,6,3,9,5,1,512,1846.37223032,2597.29540436,2597.29540436,7,69,2419.17,1.39429180892
NEMO,CHAT,928,16,8,3,9,3,1,512,1846.37223032,2597.29540436,2597.29540436,7,69,3005.6,1.59916148837
NEMO,CHAT,924,16,6,3,9,1,5,512,1846.37223032,2597.23699039,2597.23699039,6,70,2607.59,1.32698868285
NEMO,CHAT,925,16,6,3,9,3,3,512,1846.37223032,2597.23699039,2597.23699039,6,70,2508.69,1.48920491918
NEMO,CHAT,927,16,8,3,9,1,3,512,1846.37223032,2597.23699039,2597.23699039,6,70,3041.17,1.80439910345
NEMO,CHAT,718,64,4,3,11,5,1,384,1930.5380477,2597.15291298,2597.15291298,8,38,5031.96,4.10075011723
NEMO,CHAT,245,64,4,15,1,1,3,512,2208.25020389,2594.87036758,2594.87036758,13,34,979.74,7.1229148
NEMO,CHAT,294,64,2,11,5,3,3,256,2169.97427616,2593.8686931,2593.8686931,10,33,2805.94,1.90619956517
NEMO,CHAT,295,64,2,11,5,5,1,256,2169.97427616,2593.7095454,2593.7095454,12,32,2741.56,3.21221858838
NEMO,CHAT,293,64,2,11,5,1,5,256,2169.97427616,2593.16713273,2593.16713273,10,35,2629.07,2.67473472727
NEMO,CHAT,581,16,6,5,9,1,3,384,2007.95824634,2587.31975266,2587.31975266,6,67,2501.04,1.41950163651
NEMO,CHAT,582,16,6,5,9,3,1,384,2007.95824634,2587.21859037,2587.21859037,8,66,2591.15,1.16895161446
NEMO,CHAT,431,64,4,9,5,1,5,384,2090.67492976,2586.48374799,2586.48374799,8,31,3606.36,2.71875520416
NEMO,CHAT,432,64,4,9,5,3,3,384,2090.67492976,2586.48374799,2586.48374799,8,31,3559.04,2.37644195813
NEMO,CHAT,433,64,4,9,5,5,1,384,2090.67492976,2586.31887363,2586.31887363,11,32,3457.13,2.26794858841
NEMO,CHAT,429,64,6,9,5,1,3,384,2091.37041087,2586.18061972,2586.18061972,8,31,3828.8,4.67731806061
NEMO,CHAT,430,64,6,9,5,3,1,384,2091.37041087,2586.01465204,2586.01465204,11,32,3872.09,3.073796625
NEMO,CHAT,436,32,6,9,3,1,5,384,2086.49548948,2583.88509948,2583.88509948,9,40,1789.73,2.58338575
NEMO,CHAT,437,32,6,9,3,3,3,384,2086.49548948,2583.88509948,2583.88509948,9,40,1789.17,2.36426075
NEMO,CHAT,439,32,8,9,3,1,3,384,2086.49548948,2583.88509948,2583.88509948,9,40,1770.74,2.5668704
NEMO,CHAT,438,32,6,9,3,5,1,384,2086.49548948,2583.69291474,2583.69291474,12,41,1792.29,2.30976969697
NEMO,CHAT,440,32,8,9,3,3,1,384,2086.49548948,2583.69291474,2583.69291474,12,41,1766.46,2.41387706667
NEMO,CHAT,420,32,4,11,3,5,1,512,2101.58316045,2583.01781194,2583.01781194,12,41,1822,3.18706338964
NEMO,CHAT,419,32,4,11,3,3,3,512,2101.58316045,2582.93544177,2582.93544177,10,44,1748.44,3.11331795581
NEMO,CHAT,418,32,4,11,3,1,5,512,2101.58316045,2582.4898069,2582.4898069,10,40,1841.22,2.88818672828
NEMO,CHAT,724,64,2,3,15,1,3,640,1923.31934584,2580.08003603,2577.19747976,8,44,1672.05,3.64341707366
NEMO,CHAT,460,64,2,11,7,3,1,640,2072.94731816,2579.95426034,2579.95426034,10,37,1554.81,4.73466787251
NEMO,CHAT,459,64,2,11,7,1,3,640,2072.94731816,2579.24387015,2579.24387015,14,39,1624.23,2.8875112789
NEMO,CHAT,725,64,2,3,15,3,1,640,1923.31934584,2577.76373765,2576.23150099,10,47,1718.36,3.44781470393
NEMO,CHAT,780,64,2,3,11,1,7,256,1904.70394926,2569.93609989,2569.93609989,6,37,2740.21,4.18207551561
NEMO,CHAT,781,64,2,3,11,3,5,256,1904.70394926,2569.93609989,2569.93609989,6,37,2607.57,2.54667563636
NEMO,CHAT,782,64,2,3,11,5,3,256,1904.70394926,2569.93609989,2569.93609989,6,37,2801.1,1.93641295135
NEMO,CHAT,783,64,2,3,11,7,1,256,1904.70394926,2569.42375715,2569.42375715,7,36,2613.62,2.56746654545
NEMO,CHAT,364,64,6,11,3,3,1,384,2133.13746038,2568.5841131,2568.5841131,13,30,2402.46,2.45063311111
NEMO,CHAT,363,64,6,11,3,1,3,384,2133.13746038,2568.02554425,2568.02554425,10,29,2402.88,2.60210533333
NEMO,CHAT,366,64,4,11,3,3,3,384,2132.38443393,2567.3409263,2567.3409263,10,33,2540.08,3.88150943317
NEMO,CHAT,367,64,4,11,3,5,1,384,2132.38443393,2567.19730355,2567.19730355,13,32,2582.67,6.0188992
NEMO,CHAT,657,64,2,7,9,1,5,512,1968.66795589,2566.6411829,2566.6411829,10,33,1667.26,3.26271312169
NEMO,CHAT,365,64,4,11,3,1,5,384,2132.38443393,2566.63799769,2566.63799769,10,29,2484.95,4.95415239138
NEMO,CHAT,223,64,2,17,1,3,1,512,2222.16315993,2566.04790107,2566.04790107,16,35,976.69,2.87987533333
NEMO,CHAT,658,64,2,7,9,3,3,512,1968.66795589,2565.8985166,2565.8985166,6,34,1594.37,4.70579619227
NEMO,CHAT,659,64,2,7,9,5,1,512,1968.66795589,2565.62407317,2565.62407317,7,33,1567.25,4.92478491759
NEMO,CHAT,370,32,6,11,1,3,3,384,2130.14232084,2565.43391047,2565.43391047,11,42,863.11,2.61610688889
NEMO,CHAT,371,32,6,11,1,5,1,384,2130.14232084,2565.26555727,2565.26555727,14,41,863.08,2.61288466667
NEMO,CHAT,373,32,8,11,1,3,1,384,2130.14232084,2565.26555727,2565.26555727,14,41,830.01,2.7913375
NEMO,CHAT,369,32,6,11,1,1,5,384,2130.14232084,2564.62685669,2564.62685669,11,42,861.75,2.94887355556
NEMO,CHAT,372,32,8,11,1,1,3,384,2130.14232084,2564.62685669,2564.62685669,11,42,830,3.04223125
NEMO,CHAT,264,64,2,17,1,1,3,512,2193.61725254,2562.47938606,2562.47938606,15,38,976.79,2.956717
NEMO,CHAT,428,64,2,13,5,3,1,640,2098.61492727,2548.7332756,2548.7332756,12,33,1554.81,4.73466787251
NEMO,CHAT,292,64,6,13,1,3,1,384,2170.14976318,2548.34023943,2548.34023943,15,30,1095.88,2.45049422222
NEMO,CHAT,427,64,2,13,5,1,3,640,2098.61492727,2547.28964693,2547.28964693,16,35,1624.23,2.8875112789
NEMO,CHAT,732,32,4,1,15,1,3,640,1917.10898178,2547.23963444,2540.83953486,9,60,2218.37,32.3259695354
NEMO,CHAT,297,64,4,13,1,3,3,384,2169.33913071,2547.02655692,2547.02655692,12,29,1096.98,6.0187842
NEMO,CHAT,298,64,4,13,1,5,1,384,2169.33913071,2546.90418577,2546.90418577,15,30,1096.98,6.0187842
NEMO,CHAT,291,64,6,13,1,1,3,384,2170.14976318,2546.58824492,2546.58824492,12,29,1096.94,2.60198311111
NEMO,CHAT,296,64,4,13,1,1,5,384,2169.33913071,2545.38639015,2545.38639015,12,29,1097.56,6.3278692
NEMO,CHAT,733,32,4,1,15,3,1,640,1917.10898178,2543.49309624,2539.95851061,11,59,2039.04,36.3176957419
NEMO,CHAT,424,64,2,11,5,3,3,384,2100.69252377,2540.70474786,2540.70474786,10,29,1780.91,4.17351060424
NEMO,CHAT,425,64,2,11,5,5,1,384,2100.69252377,2540.57549795,2540.57549795,12,28,1554.81,3.130976525
NEMO,CHAT,423,64,2,11,5,1,5,384,2100.69252377,2540.00398462,2540.00398462,10,27,1900.09,3.41491247364
NEMO,CHAT,777,32,6,1,13,1,3,512,1906.44514713,2539.18542093,2535.92362148,8,55,3090.48,18.9784599174
NEMO,CHAT,533,32,4,7,7,1,5,256,2034.89459116,2538.93004193,2538.93004193,7,37,2444.3,2.3361157
NEMO,CHAT,534,32,4,7,7,3,3,256,2034.89459116,2538.93004193,2538.93004193,7,37,2434.67,2.1581515122
NEMO,CHAT,536,32,6,7,7,1,3,256,2034.89459116,2538.93004193,2538.93004193,7,37,2398.08,2.3546082
NEMO,CHAT,535,32,4,7,7,5,1,256,2034.89459116,2538.76259157,2538.76259157,10,38,2442.49,2.1569124878
NEMO,CHAT,537,32,6,7,7,3,1,256,2034.89459116,2538.76259157,2538.76259157,10,38,2405.05,2.1184632
NEMO,CHAT,794,32,4,1,13,1,5,512,1900.97452818,2538.15013141,2534.8903061,8,57,2615.5,14.8618973013
NEMO,CHAT,795,32,4,1,13,3,3,512,1900.97452818,2538.15013141,2534.8903061,8,57,2705.84,14.414539229
NEMO,CHAT,386,32,4,13,1,3,3,512,2120.10437473,2536.6398811,2536.6398811,13,38,926.39,2.6650594
NEMO,CHAT,387,32,4,13,1,5,1,512,2120.10437473,2536.55531054,2536.55531054,14,39,926.39,2.6650594
NEMO,CHAT,778,32,6,1,13,3,1,512,1906.44514713,2536.07666787,2534.08897892,12,52,2370.6,18.1851283447
NEMO,CHAT,385,32,4,13,1,1,5,512,2120.10437473,2535.52579392,2535.52579392,13,40,923.32,3.1209794
NEMO,CHAT,796,32,4,1,13,5,1,512,1900.97452818,2534.85445385,2532.90572912,12,50,2452.38,16.4723868215
NEMO,CHAT,73,32,4,3,15,1,1,384,2410.32248234,2534.57591584,2534.57591584,12,70,3668.72,4.01982482766
NEMO,CHAT,327,64,2,7,13,1,1,256,2148.26071163,2534.41739626,2534.41739626,7,94,2589.19,2.76253029294
NEMO,CHAT,211,32,4,15,1,3,1,256,2229.65422414,2533.8002174,2533.8002174,17,40,658.8,2.1437042
NEMO,CHAT,815,32,4,5,7,1,7,384,1894.4126476,2533.19811158,2533.19811158,6,44,3037.3,2.65683897904
NEMO,CHAT,816,32,4,5,7,3,5,384,1894.4126476,2533.19811158,2533.19811158,6,44,3327.31,1.95750165287
NEMO,CHAT,817,32,4,5,7,5,3,384,1894.4126476,2533.19811158,2533.19811158,6,44,2885.88,3.52028378763
NEMO,CHAT,818,32,4,5,7,7,1,384,1894.4126476,2533.00169963,2533.00169963,9,45,3365.27,1.86940145233
NEMO,CHAT,210,32,4,15,1,1,3,256,2229.65422414,2532.70925539,2532.70925539,15,43,659.9,2.4907242
NEMO,CHAT,497,16,6,11,3,3,1,640,2043.64272114,2530.98918717,2530.98918717,13,71,1119.86,1.74913356386
NEMO,CHAT,496,16,6,11,3,1,3,640,2043.64272114,2530.78710449,2530.78710449,11,74,1084.17,1.80084870669
NEMO,CHAT,381,64,2,15,3,3,1,640,2120.41694364,2518.55898377,2518.55898377,14,37,1554.81,4.73466787251
NEMO,CHAT,380,64,2,15,3,1,3,640,2120.41694364,2515.50987254,2515.50987254,18,37,1624.23,2.8875112789
NEMO,CHAT,884,16,6,5,7,1,5,512,1860.51341439,2513.49159601,2513.49159601,6,60,2395.18,1.20287246791
NEMO,CHAT,885,16,6,5,7,3,3,512,1860.51341439,2513.49159601,2513.49159601,6,60,2425.15,1.24982236364
NEMO,CHAT,887,16,8,5,7,1,3,512,1860.51341439,2513.49159601,2513.49159601,6,60,2441.8,1.63374693441
NEMO,CHAT,886,16,6,5,7,5,1,512,1860.51341439,2513.34381998,2513.34381998,9,61,2421.78,1.5401236435
NEMO,CHAT,888,16,8,5,7,3,1,512,1860.51341439,2513.34381998,2513.34381998,9,61,2489.29,1.22040028133
NEMO,CHAT,1033,16,6,1,11,1,5,512,1814.5989224,2511.23314795,2508.20756584,7,79,2211.61,4.71596416183
NEMO,CHAT,1034,16,6,1,11,3,3,512,1814.5989224,2511.23314795,2508.20756584,7,79,2125.63,9.18812906343
NEMO,CHAT,1036,16,8,1,11,1,3,512,1814.5989224,2511.23314795,2508.20756584,7,79,1896.23,15.2056180044
NEMO,CHAT,390,16,6,13,1,3,1,512,2114.83799864,2510.62417464,2510.62417464,17,67,485.57,1.61054266667
NEMO,CHAT,389,16,6,13,1,1,3,512,2114.83799864,2510.15258319,2510.15258319,13,64,485.09,1.75564266667
NEMO,CHAT,1035,16,6,1,11,5,1,512,1814.5989224,2509.53058573,2507.34061132,11,78,2250.66,7.94458481149
NEMO,CHAT,1037,16,8,1,11,3,1,512,1814.5989224,2509.53058573,2507.34061132,11,78,2289.67,9.30275883333
NEMO,CHAT,976,64,2,3,11,1,7,384,1829.04478642,2503.1373022,2503.1373022,7,37,1905.71,2.67746296084
NEMO,CHAT,977,64,2,3,11,3,5,384,1829.04478642,2503.1373022,2503.1373022,7,37,1519.68,4.47116409674
NEMO,CHAT,978,64,2,3,11,5,3,384,1829.04478642,2503.1373022,2503.1373022,7,37,1519.68,4.47116409674
NEMO,CHAT,979,64,2,3,11,7,1,384,1829.04478642,2502.7136441,2502.7136441,8,36,1667.44,4.78802839216
NEMO,CHAT,600,16,6,7,7,1,3,384,1997.8710367,2493.78579817,2493.78579817,7,58,2151.05,1.23183350725
NEMO,CHAT,601,16,6,7,7,3,1,384,1997.8710367,2493.6272507,2493.6272507,11,59,2138.75,1.55180978288
NEMO,CHAT,738,64,2,5,9,1,7,256,1916.48771459,2492.69597883,2492.69597883,5,27,2599.57,3.06965887207
NEMO,CHAT,739,64,2,5,9,3,5,256,1916.48771459,2492.69597883,2492.69597883,5,27,2618.16,2.42606017391
NEMO,CHAT,740,64,2,5,9,5,3,256,1916.48771459,2492.69597883,2492.69597883,5,27,2806.93,1.89386851411
NEMO,CHAT,741,64,2,5,9,7,1,256,1916.48771459,2492.41789202,2492.41789202,7,30,2744.7,3.2087904278
NEMO,CHAT,631,64,2,9,7,1,5,512,1980.7220729,2491.06481289,2491.06481289,13,37,1667.26,3.26271312169
NEMO,CHAT,632,64,2,9,7,3,3,512,1980.7220729,2491.06481289,2491.06481289,8,38,1594.37,4.70579619227
NEMO,CHAT,633,64,2,9,7,5,1,512,1980.7220729,2491.05165175,2491.05165175,9,39,1567.25,4.92478491759
NEMO,CHAT,337,64,2,13,3,3,3,256,2146.11948276,2488.58970963,2488.58970963,12,33,2282.25,2.21501711111
NEMO,CHAT,338,64,2,13,3,5,1,256,2146.11948276,2488.54829361,2488.54829361,14,36,2281.79,2.21485044444
NEMO,CHAT,336,64,2,13,3,1,5,256,2146.11948276,2487.53736908,2487.53736908,12,33,2282.11,2.34418377778
NEMO,CHAT,349,64,2,17,1,3,1,640,2138.68528577,2486.98910139,2486.98910139,16,41,859.42,3.17706333333
NEMO,CHAT,326,64,2,5,15,1,1,256,2148.26071163,2486.73382537,2486.73382537,4,73,2589.64,2.76253029294
NEMO,CHAT,379,64,2,17,1,1,3,640,2120.85698575,2482.68340523,2482.68340523,20,39,859.88,3.32908833333
NEMO,CHAT,755,64,4,5,7,1,7,256,1911.37333234,2476.72183986,2476.72183986,5,33,4142.42,6.10596335135
NEMO,CHAT,756,64,4,5,7,3,5,256,1911.37333234,2476.72183986,2476.72183986,5,33,4151.1,5.22260659459
NEMO,CHAT,757,64,4,5,7,5,3,256,1911.37333234,2476.72183986,2476.72183986,5,33,4141.9,5.22449578378
NEMO,CHAT,759,64,6,5,7,1,5,256,1911.37333234,2476.72183986,2476.72183986,5,33,3935.29,5.19229752941
NEMO,CHAT,760,64,6,5,7,3,3,256,1911.37333234,2476.72183986,2476.72183986,5,33,4045.47,3.66023282353
NEMO,CHAT,762,64,8,5,7,1,3,256,1911.37333234,2476.72183986,2476.72183986,5,33,3764.98,4.62373260606
NEMO,CHAT,758,64,4,5,7,7,1,256,1911.37333234,2476.1970066,2476.1970066,8,34,4067.32,3.26733065496
NEMO,CHAT,761,64,6,5,7,5,1,256,1911.37333234,2476.1970066,2476.1970066,8,34,4040.11,3.64325341176
NEMO,CHAT,763,64,8,5,7,3,1,256,1911.37333234,2476.1970066,2476.1970066,8,34,3789.61,3.74651745455
NEMO,CHAT,930,64,4,3,9,1,7,256,1846.372093,2475.59879243,2475.59879243,5,27,4920.97,4.31832813783
NEMO,CHAT,931,64,4,3,9,3,5,256,1846.372093,2475.59879243,2475.59879243,5,27,4873.31,5.94455
NEMO,CHAT,932,64,4,3,9,5,3,256,1846.372093,2475.59879243,2475.59879243,5,27,4839.93,5.83544282927
NEMO,CHAT,934,64,6,3,9,1,5,256,1846.372093,2475.59879243,2475.59879243,5,27,4603.21,8.5916146
NEMO,CHAT,935,64,6,3,9,3,3,256,1846.372093,2475.59879243,2475.59879243,5,27,4717.8,6.2705621
NEMO,CHAT,937,64,8,3,9,1,3,256,1846.372093,2475.59879243,2475.59879243,5,27,4539.04,7.31450673171
NEMO,CHAT,933,64,4,3,9,7,1,256,1846.372093,2475.32322213,2475.32322213,6,26,4745.45,6.05317453659
NEMO,CHAT,936,64,6,3,9,5,1,256,1846.372093,2475.32322213,2475.32322213,6,26,4548.71,5.00180687179
NEMO,CHAT,938,64,8,3,9,3,1,256,1846.372093,2475.32322213,2475.32322213,6,26,4521,4.1341246
NEMO,CHAT,325,64,2,3,17,1,1,256,2148.26071163,2461.58132964,2461.58132964,9,76,2719.33,2.4372635225
NEMO,CHAT,962,32,6,1,11,1,5,384,1835.59315374,2460.13639315,2457.04612247,7,49,2190.1,24.2243930909
NEMO,CHAT,963,32,6,1,11,3,3,384,1835.59315374,2460.13639315,2457.04612247,7,49,2285.79,24.8105418889
NEMO,CHAT,965,32,8,1,11,1,3,384,1835.59315374,2460.13639315,2457.04612247,7,49,2509.67,19.8964020541
NEMO,CHAT,999,32,4,1,11,1,7,384,1821.33254457,2459.23229332,2456.14386368,7,49,2925.35,16.6406954414
NEMO,CHAT,1000,32,4,1,11,3,5,384,1821.33254457,2459.23229332,2456.14386368,7,49,2685.79,24.0270477
NEMO,CHAT,1001,32,4,1,11,5,3,384,1821.33254457,2459.23229332,2456.14386368,7,49,2685.79,24.0270477
NEMO,CHAT,660,64,4,7,5,1,7,256,1967.94286886,2458.50086649,2458.50086649,6,33,2865.4,5.09277461538
NEMO,CHAT,661,64,4,7,5,3,5,256,1967.94286886,2458.50086649,2458.50086649,6,33,2897.34,4.70792461538
NEMO,CHAT,662,64,4,7,5,5,3,256,1967.94286886,2458.50086649,2458.50086649,6,33,2888.98,4.70630153846
NEMO,CHAT,664,64,6,7,5,1,5,256,1967.94286886,2458.50086649,2458.50086649,6,33,2740.19,3.16076892308
NEMO,CHAT,665,64,6,7,5,3,3,256,1967.94286886,2458.50086649,2458.50086649,6,33,2799.37,2.47219703704
NEMO,CHAT,667,64,8,7,5,1,3,256,1967.94286886,2458.50086649,2458.50086649,6,33,2888.05,3.15018592593
NEMO,CHAT,964,32,6,1,11,5,1,384,1835.59315374,2458.27338311,2456.00865922,11,50,2289.51,25.3834401176
NEMO,CHAT,966,32,8,1,11,3,1,384,1835.59315374,2458.27338311,2456.00865922,11,50,2502.88,20.3462345946
NEMO,CHAT,663,64,4,7,5,7,1,256,1967.94286886,2458.26863065,2458.26863065,10,30,2886.48,4.70671692308
NEMO,CHAT,666,64,6,7,5,5,1,256,1967.94286886,2458.26863065,2458.26863065,10,30,2795,2.191208
NEMO,CHAT,668,64,8,7,5,3,1,256,1967.94286886,2458.26863065,2458.26863065,10,30,2920.35,2.47143037037
NEMO,CHAT,1002,32,4,1,11,7,1,384,1821.33254457,2457.67660313,2455.46084419,10,48,2876.29,19.0090281153
NEMO,CHAT,511,16,6,13,1,3,1,640,2039.95045138,2456.55879858,2456.55879858,16,64,484.97,1.77732422222
NEMO,CHAT,510,16,6,13,1,1,3,640,2039.95045138,2455.64511952,2455.64511952,13,63,485.19,2.00277977778
NEMO,CHAT,1041,32,6,5,9,1,3,640,1812.8737578,2442.97807454,2442.97807454,6,41,3618.96,2.23658192524
NEMO,CHAT,1042,32,6,5,9,3,1,640,1812.8737578,2442.78378444,2442.78378444,7,46,3625.26,2.45867622678
NEMO,CHAT,771,32,4,7,5,1,7,384,1908.77323711,2442.65694326,2442.65694326,7,34,2459.34,2.56232069014
NEMO,CHAT,772,32,4,7,5,3,5,384,1908.77323711,2442.65694326,2442.65694326,7,34,2674.92,1.58064871916
NEMO,CHAT,773,32,4,7,5,5,3,384,1908.77323711,2442.65694326,2442.65694326,7,34,2681.6,2.28567813153
NEMO,CHAT,774,32,4,7,5,7,1,384,1908.77323711,2442.57525739,2442.57525739,10,33,2574.81,2.24808509972
NEMO,CHAT,1044,32,4,5,9,1,5,640,1812.24149001,2441.8177091,2441.8177091,6,43,2578.57,3.55854356305
NEMO,CHAT,1045,32,4,5,9,3,3,640,1812.24149001,2441.8177091,2441.8177091,6,43,2606.19,2.50906603796
NEMO,CHAT,1046,32,4,5,9,5,1,640,1812.24149001,2441.60288569,2441.60288569,7,46,1903.19,3.79629845463
NEMO,CHAT,559,64,4,9,3,3,5,256,2017.23913672,2440.21489143,2440.21489143,8,31,2428.77,5.4288008
NEMO,CHAT,560,64,4,9,3,5,3,256,2017.23913672,2440.21489143,2440.21489143,8,31,2428.77,5.4279308
NEMO,CHAT,563,64,6,9,3,3,3,256,2017.23913672,2440.21489143,2440.21489143,8,31,2296.02,2.21336711111
NEMO,CHAT,561,64,4,9,3,7,1,256,2017.23913672,2440.00432282,2440.00432282,12,32,2430.7,5.4279408
NEMO,CHAT,564,64,6,9,3,5,1,256,2017.23913672,2440.00432282,2440.00432282,12,32,2298.66,2.212406
NEMO,CHAT,566,64,8,9,3,3,1,256,2017.23913672,2440.00432282,2440.00432282,12,32,2095.54,2.37906075
NEMO,CHAT,558,64,4,9,3,1,7,256,2017.23913672,2439.95479485,2439.95479485,8,29,2424.78,5.7966108
NEMO,CHAT,562,64,6,9,3,1,5,256,2017.23913672,2439.95479485,2439.95479485,8,29,2295.96,2.44368377778
NEMO,CHAT,565,64,8,9,3,1,3,256,2017.23913672,2439.95479485,2439.95479485,8,29,2095.42,2.5429545
NEMO,CHAT,943,64,2,5,9,7,1,384,1845.14555613,2439.13669668,2439.13669668,7,36,1788.6,2.56729616313
NEMO,CHAT,940,64,2,5,9,1,7,384,1845.14555613,2439.03332825,2439.03332825,6,33,1839.42,3.31830809174
NEMO,CHAT,941,64,2,5,9,3,5,384,1845.14555613,2439.03332825,2439.03332825,6,33,1727.21,3.20767086964
NEMO,CHAT,942,64,2,5,9,5,3,384,1845.14555613,2439.03332825,2439.03332825,6,33,1727.21,3.20767086964
NEMO,CHAT,863,32,6,7,7,3,1,640,1868.05279526,2437.94826405,2437.94826405,8,40,3528.3,2.17387334043
NEMO,CHAT,862,32,6,7,7,1,3,640,1868.05279526,2437.92174344,2437.92174344,6,41,3535.54,3.35935935265
NEMO,CHAT,524,64,2,7,13,1,1,384,2036.22817824,2437.48434915,2437.48434915,6,91,1656.12,3.04493679606
NEMO,CHAT,454,64,2,13,3,3,3,384,2081.54503088,2437.30712002,2437.30712002,12,33,1889.41,4.72501896588
NEMO,CHAT,455,64,2,13,3,5,1,384,2081.54503088,2437.29563338,2437.29563338,14,34,1843.32,3.16417269594
NEMO,CHAT,866,32,4,7,7,5,1,640,1867.35298729,2436.91554947,2436.91554947,8,40,2279.01,2.87793648027
NEMO,CHAT,864,32,4,7,7,1,5,640,1867.35298729,2436.90967978,2436.90967978,6,41,2499.9,2.49229406667
NEMO,CHAT,865,32,4,7,7,3,3,640,1867.35298729,2436.90967978,2436.90967978,6,41,2623.32,2.14415859377
NEMO,CHAT,453,64,2,13,3,1,5,384,2081.54503088,2435.90559354,2435.90559354,12,35,2016.17,3.13502274257
NEMO,CHAT,553,32,4,9,5,1,5,256,2017.46287427,2434.46921976,2434.46921976,9,34,1867.15,2.26745423529
NEMO,CHAT,554,32,4,9,5,3,3,256,2017.46287427,2434.46921976,2434.46921976,9,34,1874.39,1.99131794286
NEMO,CHAT,556,32,6,9,5,1,3,256,2017.46287427,2434.46921976,2434.46921976,9,34,1855.22,2.31490763636
NEMO,CHAT,555,32,4,9,5,5,1,256,2017.46287427,2434.42168716,2434.42168717,12,37,1874.66,2.04414247059
NEMO,CHAT,557,32,6,9,5,3,1,256,2017.46287427,2434.42168716,2434.42168717,12,37,1853.37,2.086844
NEMO,CHAT,1158,32,6,3,11,1,3,640,1751.36668731,2432.72912016,2432.72912016,7,45,3373.35,5.77553683916
NEMO,CHAT,1159,32,6,3,11,3,1,640,1751.36668731,2432.31401935,2432.31401935,8,42,3711.44,3.57007863184
NEMO,CHAT,729,32,6,9,5,1,3,640,1917.72622276,2431.69594841,2431.69594841,8,39,2758.61,2.76043326459
NEMO,CHAT,1163,32,4,3,11,1,5,640,1750.80135832,2431.64292524,2431.64292524,7,45,3054.29,4.98555894926
NEMO,CHAT,1164,32,4,3,11,3,3,640,1750.80135832,2431.64292524,2431.64292524,7,45,2526.98,3.94848862124
NEMO,CHAT,730,32,6,9,5,3,1,640,1917.72622276,2431.51392276,2431.51392276,10,40,2807.99,1.60507361418
NEMO,CHAT,1165,32,4,3,11,5,1,640,1750.80135832,2430.9784725,2430.9784725,8,40,3246.2,2.81501966201
NEMO,CHAT,734,32,4,9,5,1,5,640,1916.95839191,2430.39909676,2430.39909676,8,39,2693.19,2.01576204838
NEMO,CHAT,735,32,4,9,5,3,3,640,1916.95839191,2430.39909676,2430.39909676,8,39,2694.33,2.51664567624
NEMO,CHAT,736,32,4,9,5,5,1,640,1916.95839191,2430.19663808,2430.19663808,10,40,2534.99,2.52421927005
NEMO,CHAT,675,32,6,11,3,3,1,640,1962.57986599,2424.86285891,2424.86285891,12,42,1680.47,2.8608698999
NEMO,CHAT,674,32,6,11,3,1,3,640,1962.57986599,2424.8199857,2424.8199857,10,41,1786.3,3.05658566301
NEMO,CHAT,679,32,4,11,3,3,3,640,1961.74362208,2423.88851373,2423.88851373,10,41,1713.05,1.99257706744
NEMO,CHAT,680,32,4,11,3,5,1,640,1961.74362208,2423.69429821,2423.69429821,12,42,1705.6,2.59885538126
NEMO,CHAT,678,32,4,11,3,1,5,640,1961.74362208,2423.45537071,2423.45537071,10,41,1695.32,3.34219785741
NEMO,CHAT,808,64,4,1,15,1,3,512,1896.30355545,2421.68386068,2415.34093872,10,40,1913.37,26.2527854383
NEMO,CHAT,463,64,4,11,1,3,5,256,2060.21765289,2421.14862662,2421.14862662,10,35,1173.62,5.4286808
NEMO,CHAT,464,64,4,11,1,5,3,256,2060.21765289,2421.14862662,2421.14862662,10,35,1173.62,5.4278108
NEMO,CHAT,467,64,6,11,1,3,3,256,2060.21765289,2421.14862662,2421.14862662,10,35,1161.79,2.21336711111
NEMO,CHAT,465,64,4,11,1,7,1,256,2060.21765289,2420.95972525,2420.95972525,14,34,1173.62,5.4278108
NEMO,CHAT,468,64,6,11,1,5,1,256,2060.21765289,2420.95972525,2420.95972525,14,34,1161.79,2.21240044444
NEMO,CHAT,470,64,8,11,1,3,1,256,2060.21765289,2420.95972525,2420.95972525,14,34,1145.87,2.37906075
NEMO,CHAT,462,64,4,11,1,1,7,256,2060.21765289,2419.32795056,2419.32795056,10,33,1174.16,5.7966108
NEMO,CHAT,466,64,6,11,1,1,5,256,2060.21765289,2419.32795056,2419.32795056,10,33,1162.55,2.443656
NEMO,CHAT,469,64,8,11,1,1,3,256,2060.21765289,2419.32795056,2419.32795056,10,33,1147.39,2.5429545
NEMO,CHAT,591,32,6,13,1,3,1,640,2003.19018221,2418.42851762,2418.42851762,14,46,838.07,3.23725288889
NEMO,CHAT,809,64,4,1,15,3,1,512,1896.30355545,2417.92594422,2414.45283564,11,41,1607.15,44.0620698462
NEMO,CHAT,593,32,4,13,1,3,3,640,2002.28520787,2417.1613592,2417.1613592,12,43,855.42,2.9399244
NEMO,CHAT,590,32,6,13,1,1,3,640,2003.19018221,2417.07713275,2417.07713275,12,45,837.21,3.56646955556
NEMO,CHAT,594,32,4,13,1,5,1,640,2002.28520787,2416.97538683,2416.97538683,14,46,854.27,2.9396544
NEMO,CHAT,592,32,4,13,1,1,5,640,2002.28520787,2415.86193013,2415.86193013,12,45,855.1,3.2815844
NEMO,CHAT,624,64,2,11,5,3,3,512,1985.55551493,2415.66330722,2415.66330722,10,36,1594.37,4.70579619227
NEMO,CHAT,625,64,2,11,5,5,1,512,1985.55551493,2415.56169971,2415.56169971,11,37,1567.25,4.92478491759
NEMO,CHAT,623,64,2,11,5,1,5,512,1985.55551493,2415.31357856,2415.31357856,10,38,1667.26,3.26271312169
NEMO,CHAT,832,64,2,1,15,1,5,512,1882.10596679,2415.16190332,2408.83777735,10,40,1805.63,11.5182628018
NEMO,CHAT,833,64,2,1,15,3,3,512,1882.10596679,2415.16190332,2408.83777735,10,40,1923.52,11.8289054362
NEMO,CHAT,1403,16,6,3,9,1,5,640,1691.91531122,2414.31382521,2414.31382521,6,59,2451.48,1.88806558177
NEMO,CHAT,1404,16,6,3,9,3,3,640,1691.91531122,2414.31382521,2414.31382521,6,59,2212.51,1.83343059798
NEMO,CHAT,1406,16,8,3,9,1,3,640,1691.91531122,2414.31382521,2414.31382521,6,59,3023.82,2.16544172196
NEMO,CHAT,1405,16,6,3,9,5,1,640,1691.91531122,2414.02676683,2414.02676683,7,58,2292.54,1.8120783867
NEMO,CHAT,1407,16,8,3,9,3,1,640,1691.91531122,2414.02676683,2414.02676683,7,58,2980.42,1.59503358127
NEMO,CHAT,834,64,2,1,15,5,1,512,1882.10596679,2411.06747339,2407.69104068,11,41,1944.9,11.4447384096
NEMO,CHAT,890,16,6,7,5,1,5,512,1858.95802988,2406.83319337,2406.83319337,7,57,1806.75,1.20624617071
NEMO,CHAT,891,16,6,7,5,3,3,512,1858.95802988,2406.83319337,2406.83319337,7,57,1776.44,1.20721371306
NEMO,CHAT,893,16,8,7,5,1,3,512,1858.95802988,2406.83319337,2406.83319337,7,57,1843.61,1.25204718418
NEMO,CHAT,892,16,6,7,5,5,1,512,1858.95802988,2406.82314316,2406.82314316,11,56,1787.42,1.32471743522
NEMO,CHAT,894,16,8,7,5,3,1,512,1858.95802988,2406.82314316,2406.82314316,11,56,1839.77,1.28739153942
NEMO,CHAT,821,16,4,3,13,1,3,384,1885.69104836,2399.42977138,2399.42977138,6,53,2277.36,1.74847836615
NEMO,CHAT,822,16,4,3,13,3,1,384,1885.69104836,2399.00891503,2399.00891503,7,58,2299.48,1.58966381097
NEMO,CHAT,642,16,6,9,5,1,3,384,1977.15919191,2396.85654855,2396.85654855,9,57,1560.94,1.30213716491
NEMO,CHAT,643,16,6,9,5,3,1,384,1977.15919191,2396.81322711,2396.81322711,12,56,1577.36,1.31351830769
NEMO,CHAT,742,64,2,7,7,1,7,256,1915.97875638,2391.68884569,2391.68884569,6,34,2600.63,3.07625163831
NEMO,CHAT,743,64,2,7,7,3,5,256,1915.97875638,2391.68884569,2391.68884569,6,34,2618.16,2.42606017391
NEMO,CHAT,744,64,2,7,7,5,3,256,1915.97875638,2391.68884569,2391.68884569,6,34,2806.93,1.89386851411
NEMO,CHAT,745,64,2,7,7,7,1,256,1915.97875638,2391.58735641,2391.58735641,9,31,2744.7,3.2087904278
NEMO,CHAT,523,64,2,5,15,1,1,384,2036.22817824,2390.02226474,2390.02226474,4,81,1700.78,5.04442843985
NEMO,CHAT,841,64,2,1,13,1,7,256,1879.1819796,2388.47348018,2385.42815307,8,33,2572.54,10.158015418
NEMO,CHAT,842,64,2,1,13,3,5,256,1879.1819796,2388.47348018,2385.42815307,8,33,2604.65,10.2399680029
NEMO,CHAT,843,64,2,1,13,5,3,256,1879.1819796,2388.47348018,2385.42815307,8,33,2555.21,11.5305609662
NEMO,CHAT,844,64,2,1,13,7,1,256,1879.1819796,2386.70219604,2384.63772353,9,34,2583.68,11.0423853651
NEMO,CHAT,394,64,2,15,1,3,3,256,2114.52700185,2386.29235773,2386.29235773,14,32,1146.66,2.21240044444
NEMO,CHAT,395,64,2,15,1,5,1,256,2114.52700185,2386.1932833,2386.1932833,17,33,1146.66,2.21240044444
NEMO,CHAT,393,64,2,15,1,1,5,256,2114.52700185,2384.01228653,2384.01228653,14,30,1148.17,2.29851155556
NEMO,CHAT,849,64,2,1,17,1,3,640,1871.5582737,2382.91318686,2376.57156306,11,38,1843.34,17.6126695295
NEMO,CHAT,824,16,4,1,15,1,3,384,1884.45030974,2380.20092641,2377.60264289,7,67,2095.56,10.612437791
NEMO,CHAT,850,64,2,1,17,3,1,640,1871.5582737,2378.86222804,2375.7977547,12,41,1830.76,18.7565091059
NEMO,CHAT,825,16,4,1,15,3,1,384,1884.45030974,2378.75314102,2377.13857855,9,66,2097.78,11.1619251515
NEMO,CHAT,873,64,6,1,13,1,3,384,1863.18019208,2378.17131835,2372.04516864,8,37,2476.54,33.6601508
NEMO,CHAT,876,64,4,1,13,1,5,384,1862.71312017,2377.34243105,2371.2190475,8,37,1336.85,48.264119
NEMO,CHAT,877,64,4,1,13,3,3,384,1862.71312017,2377.34243105,2371.2190475,8,37,1306.46,51.652131
NEMO,CHAT,874,64,6,1,13,3,1,384,1863.18019208,2375.34078427,2371.34670326,9,40,2231.97,38.0260024444
NEMO,CHAT,328,64,2,9,11,1,1,256,2148.26071163,2375.27683219,2375.27683219,11,65,2589.19,2.76253029294
NEMO,CHAT,878,64,4,1,13,5,1,384,1862.71312017,2374.76081558,2370.76673458,9,40,1302.2,51.616556
NEMO,CHAT,75,32,4,7,11,1,1,384,2410.32248234,2370.91265318,2370.91265318,10,37,3862.46,2.14572201766
NEMO,CHAT,994,16,4,3,13,1,3,512,1821.6432056,2366.7645529,2366.7645529,7,66,2122.18,1.88698978154
NEMO,CHAT,995,16,4,3,13,3,1,512,1821.6432056,2366.25649631,2366.25649631,8,65,2269.47,1.62560374306
NEMO,CHAT,960,64,4,7,9,3,1,640,1837.995662,2365.08997622,2365.08997622,7,37,3403.05,2.70389947967
NEMO,CHAT,959,64,4,7,9,1,3,640,1837.995662,2365.07083039,2365.07083039,12,37,3556.61,2.97043958908
NEMO,CHAT,1070,64,4,5,11,1,3,640,1788.20911613,2364.86931941,2364.86931941,7,36,3206.39,3.92037738856
NEMO,CHAT,1071,64,4,5,11,3,1,640,1788.20911613,2364.70351128,2364.70351128,8,37,2730.71,6.55564625798
NEMO,CHAT,826,64,4,9,7,1,3,640,1883.32454546,2358.67476049,2358.67476049,12,35,3247.69,3.37948801859
NEMO,CHAT,827,64,4,9,7,3,1,640,1883.32454546,2358.51272412,2358.51272412,9,37,3230.04,4.44949313208
NEMO,CHAT,1379,32,6,3,9,1,5,512,1706.43669408,2358.27505111,2358.27505111,6,32,3902.8,2.86992398431
NEMO,CHAT,1380,32,6,3,9,3,3,512,1706.43669408,2358.27505111,2358.27505111,6,32,3525.3,3.11525685745
NEMO,CHAT,1382,32,8,3,9,1,3,512,1706.43669408,2358.27505111,2358.27505111,6,32,4578.82,4.27593074496
NEMO,CHAT,1381,32,6,3,9,5,1,512,1706.43669408,2358.26713792,2358.26713792,7,31,4190.88,5.70682967537
NEMO,CHAT,1383,32,8,3,9,3,1,512,1706.43669408,2358.26713792,2358.26713792,7,31,4245.51,3.90856433318
NEMO,CHAT,116,16,6,5,11,1,1,512,2353.91683785,2357.15776252,2357.15776252,13,77,2164.6,1.50495660838
NEMO,CHAT,1285,16,6,5,7,1,5,640,1724.27967616,2355.2357661,2355.2357661,6,63,2396.57,1.32481367154
NEMO,CHAT,1286,16,6,5,7,3,3,640,1724.27967616,2355.2357661,2355.2357661,6,63,2331.82,1.35213462985
NEMO,CHAT,1288,16,8,5,7,1,3,640,1724.27967616,2355.2357661,2355.2357661,6,63,2491.26,1.42996369399
NEMO,CHAT,1287,16,6,5,7,5,1,640,1724.27967616,2355.04318607,2355.04318607,9,62,2369.19,1.69069308696
NEMO,CHAT,1289,16,8,5,7,3,1,640,1724.27967616,2355.04318607,2355.04318607,9,62,2468.21,1.36955854836
NEMO,CHAT,158,16,6,7,9,1,1,512,2306.87101248,2353.30947147,2353.30947147,15,87,2458.09,1.41937044268
NEMO,CHAT,768,32,4,9,3,7,1,384,1910.53544349,2352.76166197,2352.76166197,13,40,1668.56,2.53226575387
NEMO,CHAT,74,32,4,5,13,1,1,384,2410.32248234,2352.72954477,2352.72954477,7,29,3657.92,2.20611257834
NEMO,CHAT,765,32,4,9,3,1,7,384,1910.53544349,2352.72862175,2352.72862175,9,39,1783.92,2.43476342857
NEMO,CHAT,766,32,4,9,3,3,5,384,1910.53544349,2352.72862175,2352.72862175,9,39,1659.62,2.30956012791
NEMO,CHAT,767,32,4,9,3,5,3,384,1910.53544349,2352.72862175,2352.72862175,9,39,1761.72,2.4913708051
NEMO,CHAT,723,64,4,11,5,3,1,640,1924.6946732,2352.10911071,2352.10911071,11,39,3063.76,3.74627544157
NEMO,CHAT,722,64,4,11,5,1,3,640,1924.6946732,2351.69742641,2351.69742641,15,39,3332.54,4.08010023761
NEMO,CHAT,1409,32,4,3,9,1,7,512,1689.65749236,2350.4609981,2350.4609981,6,32,3122.5,4.19318227267
NEMO,CHAT,1410,32,4,3,9,3,5,512,1689.65749236,2350.4609981,2350.4609981,6,32,3320.71,2.89849293717
NEMO,CHAT,1411,32,4,3,9,5,3,512,1689.65749236,2350.4609981,2350.4609981,6,32,3416.7,2.99870535211
NEMO,CHAT,1412,32,4,3,9,7,1,512,1689.65749236,2350.43161485,2350.43161485,7,31,3211.71,2.87751147995
NEMO,CHAT,522,64,2,3,17,1,1,384,2036.22817824,2348.29917688,2348.29917688,12,87,1524.76,6.17821548624
NEMO,CHAT,1124,32,6,5,7,1,5,512,1764.52738604,2347.05830449,2347.05830449,5,32,3675.37,2.64289218571
NEMO,CHAT,1125,32,6,5,7,3,3,512,1764.52738604,2347.05830449,2347.05830449,5,32,3750.94,2.64556399597
NEMO,CHAT,1127,32,8,5,7,1,3,512,1764.52738604,2347.05830449,2347.05830449,5,32,3938.6,1.83241876406
NEMO,CHAT,1126,32,6,5,7,5,1,512,1764.52738604,2347.05039131,2347.05039131,7,33,3723.22,1.96265831804
NEMO,CHAT,1128,32,8,5,7,3,1,512,1764.52738604,2347.05039131,2347.05039131,7,33,3925.6,2.49694536114
NEMO,CHAT,189,16,6,9,7,1,1,512,2258.44502352,2345.18481717,2345.18481717,17,85,2410.42,1.35650384937
NEMO,CHAT,918,64,2,7,7,1,7,384,1849.19893628,2344.8764727,2344.8764727,6,30,1900.09,3.41491247364
NEMO,CHAT,919,64,2,7,7,3,5,384,1849.19893628,2344.8764727,2344.8764727,6,30,1780.91,4.17351060424
NEMO,CHAT,920,64,2,7,7,5,3,384,1849.19893628,2344.8764727,2344.8764727,6,30,1780.91,4.17351060424
NEMO,CHAT,921,64,2,7,7,7,1,384,1849.19893628,2344.80465032,2344.80465032,9,31,1554.81,3.130976525
NEMO,CHAT,677,64,4,13,3,3,1,640,1962.53317858,2344.76186869,2344.76186869,13,37,2158.88,5.70856429238
NEMO,CHAT,1133,64,2,5,11,1,5,640,1761.54828584,2344.18748909,2344.18748909,7,37,1623.45,2.87326037752
NEMO,CHAT,1134,64,2,5,11,3,3,640,1761.54828584,2344.18748909,2344.18748909,7,37,1615.88,3.2884084765
NEMO,CHAT,1135,64,2,5,11,5,1,640,1761.54828584,2344.0079136,2344.0079136,8,38,1607.36,3.42750750249
NEMO,CHAT,676,64,4,13,3,1,3,640,1962.53317858,2343.21028655,2343.21028655,11,35,2447.09,7.8073892
NEMO,CHAT,627,64,2,13,3,3,3,512,1983.75989553,2341.31098753,2341.31098753,12,36,1594.37,4.70579619227
NEMO,CHAT,628,64,2,13,3,5,1,512,1983.75989553,2341.29579797,2341.29579797,13,37,1552.67,4.6172302435
NEMO,CHAT,626,64,2,13,3,1,5,512,1983.75989553,2339.73720855,2339.73720855,12,36,1667.26,3.26271312169
NEMO,CHAT,481,64,2,15,1,3,3,384,2054.60855332,2339.16521646,2339.16521646,14,32,1095.45,2.501412
NEMO,CHAT,482,64,2,15,1,5,1,384,2054.60855332,2339.09630229,2339.09630229,16,35,1095.45,2.501412
NEMO,CHAT,604,64,4,15,1,3,1,640,1997.20788037,2338.16952956,2338.16952956,14,36,862.94,7.4689092
NEMO,CHAT,617,32,4,11,3,3,3,256,1989.99044988,2337.37740221,2337.37740221,11,31,1232.13,2.07766380952
NEMO,CHAT,480,64,2,15,1,1,5,384,2054.60855332,2337.06292675,2337.06292675,14,32,1095.28,2.617852
NEMO,CHAT,616,32,4,11,3,1,5,256,1989.99044988,2336.83820675,2336.83820675,11,29,1236.28,2.40825904762
NEMO,CHAT,619,32,6,11,3,1,3,256,1989.99044988,2336.83820675,2336.83820675,11,29,1141.71,2.4849392
NEMO,CHAT,96,16,6,3,13,1,1,512,2377.19138472,2336.08620556,2336.08620556,14,59,2453.89,1.52343810056
NEMO,CHAT,1161,16,4,3,13,1,3,640,1751.26877461,2335.85141889,2335.85141889,8,69,1927.15,2.3604808998
NEMO,CHAT,603,64,4,15,1,1,3,640,1997.20788037,2335.6667753,2335.6667753,13,35,862.89,7.8031192
NEMO,CHAT,1162,16,4,3,13,3,1,640,1751.26877461,2335.55985718,2335.55985718,8,66,2088.2,1.76801167324
NEMO,CHAT,1186,32,4,3,9,1,7,256,1746.46867064,2335.32864241,2335.32864241,6,29,2837.74,4.48490970213
NEMO,CHAT,1187,32,4,3,9,3,5,256,1746.46867064,2335.32864241,2335.32864241,6,29,2888.03,3.94661485714
NEMO,CHAT,1188,32,4,3,9,5,3,256,1746.46867064,2335.32864241,2335.32864241,6,29,2895.94,3.9790345
NEMO,CHAT,1190,32,6,3,9,1,5,256,1746.46867064,2335.32864241,2335.32864241,6,29,2866.84,4.32702825
NEMO,CHAT,1191,32,6,3,9,3,3,256,1746.46867064,2335.32864241,2335.32864241,6,29,2915.58,3.69927338776
NEMO,CHAT,1193,32,8,3,9,1,3,256,1746.46867064,2335.32864241,2335.32864241,6,29,2769.21,3.4534733913
NEMO,CHAT,72,32,4,1,17,1,1,384,2410.32248234,2335.03268515,2332.81692621,16,36,2481.86,23.8132304211
NEMO,CHAT,1189,32,4,3,9,7,1,256,1746.46867064,2335.00573352,2335.00573352,8,30,2881.62,3.6559267234
NEMO,CHAT,1192,32,6,3,9,5,1,256,1746.46867064,2335.00573352,2335.00573352,8,30,2879.56,3.77187616667
NEMO,CHAT,1194,32,8,3,9,3,1,256,1746.46867064,2335.00573352,2335.00573352,8,30,2790.59,2.64682773913
NEMO,CHAT,618,32,4,11,3,5,1,256,1989.99044988,2333.87238608,2333.87238608,13,30,1230.99,2.07768285714
NEMO,CHAT,620,32,6,11,3,3,1,256,1989.99044988,2333.87238608,2333.87238608,13,30,1142.87,2.1437142
NEMO,CHAT,120,32,4,3,15,1,1,256,2347.34991191,2332.26781664,2332.26781664,10,29,2863.06,4.60601182979
NEMO,CHAT,244,16,6,11,5,1,1,512,2208.57723292,2331.97805712,2331.97805712,19,91,1810.56,1.58143362015
NEMO,CHAT,846,16,4,5,11,1,3,384,1877.89087698,2329.34253917,2329.34253917,5,49,2314.36,1.60135054309
NEMO,CHAT,847,16,4,5,11,3,1,384,1877.89087698,2329.05169373,2329.05169373,6,46,2207.94,1.21080283598
NEMO,CHAT,525,64,2,9,11,1,1,384,2036.22817824,2329.01588881,2329.01588881,9,82,1656.12,3.04493679606
NEMO,CHAT,1027,32,6,7,5,1,5,512,1814.82893631,2328.28589384,2328.28589384,7,38,2885.34,3.10120314437
NEMO,CHAT,1028,32,6,7,5,3,3,512,1814.82893631,2328.28589384,2328.28589384,7,38,2848.78,3.12238802761
NEMO,CHAT,1030,32,8,7,5,1,3,512,1814.82893631,2328.28589384,2328.28589384,7,38,2914.46,2.9310113913
NEMO,CHAT,1029,32,6,7,5,5,1,512,1814.82893631,2328.0620502,2328.0620502,11,39,2899.35,2.66040867792
NEMO,CHAT,1031,32,8,7,5,3,1,512,1814.82893631,2328.0620502,2328.0620502,11,39,2927.12,2.5563827234
NEMO,CHAT,1019,16,4,1,15,1,3,512,1815.97850209,2327.05536288,2324.46013385,8,63,1864.89,5.20949569295
NEMO,CHAT,1020,16,4,1,15,3,1,512,1815.97850209,2325.43376799,2323.82235167,10,62,1963.8,10.9287854971
NEMO,CHAT,1083,64,6,5,9,1,3,512,1775.84188948,2323.79869759,2323.79869759,6,34,4802.33,3.2177236892
NEMO,CHAT,317,16,8,5,9,1,1,512,2157.50421873,2323.2003588,2323.2003588,13,79,2984.21,1.63895544681
NEMO,CHAT,1084,64,6,5,9,3,1,512,1775.84188948,2322.94005938,2322.94005938,7,35,4757.91,2.20226327359
NEMO,CHAT,1060,64,2,7,9,3,3,640,1799.28475354,2322.9377588,2322.9377588,6,35,1698.88,2.48946961479
NEMO,CHAT,1089,64,4,5,9,1,5,512,1775.14952089,2322.75063287,2322.75063287,6,34,3480.96,2.7788080088
NEMO,CHAT,1090,64,4,5,9,3,3,512,1775.14952089,2322.75063287,2322.75063287,6,34,3130.08,5.18853209079
NEMO,CHAT,1059,64,2,7,9,1,5,640,1799.28475354,2322.58886116,2322.58886116,12,36,1624.23,2.8875112789
NEMO,CHAT,1061,64,2,7,9,5,1,640,1799.28475354,2322.56601289,2322.56601289,7,36,1554.81,4.73466787251
NEMO,CHAT,1091,64,4,5,9,5,1,512,1775.14952089,2322.51869413,2322.51869413,7,35,4009.49,2.34331649615
NEMO,CHAT,1238,64,4,3,13,1,3,640,1733.37849131,2319.59460406,2317.09213685,7,35,3569.4,3.14439150982
NEMO,CHAT,318,16,6,13,3,1,1,512,2157.20227683,2318.80950194,2318.80950194,20,89,1116.2,1.68544359236
NEMO,CHAT,1239,64,4,3,13,3,1,640,1733.37849131,2318.48168261,2316.9187852,10,38,3828.24,2.4756778466
NEMO,CHAT,1323,64,2,3,13,1,5,640,1717.59884219,2315.84571087,2313.34749544,7,35,1672.05,3.64341707366
NEMO,CHAT,1324,64,2,3,13,3,3,640,1717.59884219,2315.84571087,2313.34749544,7,35,1704.13,3.16379356156
NEMO,CHAT,122,16,6,1,15,1,1,512,2347.16797766,2315.63210432,2313.44212991,17,65,2262.76,8.962443777
NEMO,CHAT,25,64,4,1,17,1,1,256,2495.71479307,2314.16459425,2312.00179279,19,58,1416.95,51.7277893333
NEMO,CHAT,1325,64,2,3,13,5,1,640,1717.59884219,2314.08820215,2312.55596548,10,38,1718.36,3.44781470393
NEMO,CHAT,1234,32,4,5,7,1,7,512,1734.46501432,2313.89386246,2313.89386246,5,36,2808.16,2.21668710436
NEMO,CHAT,1235,32,4,5,7,3,5,512,1734.46501432,2313.89386246,2313.89386246,5,36,2886.84,2.00988873604
NEMO,CHAT,1236,32,4,5,7,5,3,512,1734.46501432,2313.89386246,2313.89386246,5,36,2909.44,1.86900593722
NEMO,CHAT,1237,32,4,5,7,7,1,512,1734.46501432,2313.86447921,2313.86447921,7,37,2238.98,2.95768442948
NEMO,CHAT,334,16,8,3,11,1,1,512,2147.9730638,2313.59514457,2313.59514457,14,79,2988.09,1.7830723498
NEMO,CHAT,967,32,10,1,11,1,1,384,1835.59315374,2311.5506391,2309.28591521,11,56,2431.72,17.2783563333
NEMO,CHAT,990,64,6,7,7,1,3,512,1822.23027886,2310.73454965,2310.73454965,6,30,4929.11,6.08494981009
NEMO,CHAT,991,64,6,7,7,3,1,512,1822.23027886,2310.73062468,2310.73062468,8,29,4637.57,3.50467176313
NEMO,CHAT,324,64,2,1,19,1,1,256,2148.26071163,2310.18310489,2308.11863238,15,59,2431.38,11.2023460743
NEMO,CHAT,996,64,4,7,7,1,5,512,1821.47051734,2309.21025306,2309.21025306,6,30,3633.57,4.82347979231
NEMO,CHAT,997,64,4,7,7,3,3,512,1821.47051734,2309.21025306,2309.21025306,6,30,4103.68,2.25845200562
NEMO,CHAT,998,64,4,7,7,5,1,512,1821.47051734,2309.20741448,2309.20741448,8,29,3758.46,2.49112951266
NEMO,CHAT,899,32,6,9,3,1,5,512,1858.38971964,2309.03498601,2309.03498601,9,36,1920.68,3.82381507486
NEMO,CHAT,900,32,6,9,3,3,3,512,1858.38971964,2309.03498601,2309.03498601,9,36,1956.27,2.534598
NEMO,CHAT,902,32,8,9,3,1,3,512,1858.38971964,2309.03498601,2309.03498601,9,36,1931.9,2.63147142857
NEMO,CHAT,901,32,6,9,3,5,1,512,1858.38971964,2308.83446051,2308.83446051,12,37,1959.36,2.534498
NEMO,CHAT,903,32,8,9,3,3,1,512,1858.38971964,2308.83446051,2308.83446051,12,37,1931.09,2.53435388235
NEMO,CHAT,1055,64,2,1,13,1,7,384,1799.60936482,2307.95432587,2302.1025147,8,37,2185.29,10.7136146224
NEMO,CHAT,1056,64,2,1,13,3,5,384,1799.60936482,2307.95432587,2302.1025147,8,37,2118.2,11.0002978575
NEMO,CHAT,1057,64,2,1,13,5,3,384,1799.60936482,2307.95432587,2302.1025147,8,37,2118.2,11.0002978575
NEMO,CHAT,410,16,8,7,7,1,1,512,2104.56205803,2305.79634522,2305.79634522,13,83,2529.77,1.50343022359
NEMO,CHAT,1058,64,2,1,13,7,1,384,1799.60936482,2305.2789169,2301.44478415,9,40,2145.97,11.86809629
NEMO,CHAT,59,32,6,1,15,1,1,384,2433.62976911,2304.37245844,2302.10773454,16,44,2269.41,23.331926
NEMO,CHAT,1293,64,6,3,11,1,3,512,1723.31799233,2303.2111992,2303.2111992,7,36,5019.67,6.00828393072
NEMO,CHAT,1294,64,6,3,11,3,1,512,1723.31799233,2302.98842046,2302.98842046,8,35,4732.07,3.18439914342
NEMO,CHAT,1550,16,6,1,11,1,5,640,1644.57876025,2302.560002,2299.77760498,7,73,1899.95,15.9277752912
NEMO,CHAT,1551,16,6,1,11,3,3,640,1644.57876025,2302.560002,2299.77760498,7,73,2120.2,11.4942823156
NEMO,CHAT,1553,16,8,1,11,1,3,640,1644.57876025,2302.560002,2299.77760498,7,73,1891.61,14.1993264546
NEMO,CHAT,1013,16,4,5,11,1,3,512,1818.26053985,2302.54930863,2302.54930863,6,63,1814.86,1.62356265936
NEMO,CHAT,1014,16,4,5,11,3,1,512,1818.26053985,2302.38728257,2302.38728257,7,64,1719.34,1.42609015207
NEMO,CHAT,60,32,6,9,7,1,1,384,2433.02384608,2302.30542339,2302.30542339,15,31,3527.78,2.00996939853
NEMO,CHAT,1296,64,4,3,11,1,5,512,1722.69279021,2302.25387758,2302.25387758,7,36,3573.74,3.89901745707
NEMO,CHAT,1297,64,4,3,11,3,3,512,1722.69279021,2302.25387758,2302.25387758,7,36,4214.54,2.62266309627
NEMO,CHAT,1298,64,4,3,11,5,1,512,1722.69279021,2302.03231755,2302.03231755,8,33,3475.69,3.56666213747
NEMO,CHAT,54,32,6,7,9,1,1,384,2440.33392565,2301.18754398,2301.18754398,13,27,4230.66,2.00942116505
NEMO,CHAT,1552,16,6,1,11,5,1,640,1644.57876025,2300.87176493,2298.88231666,11,72,2106.87,10.8357245517
NEMO,CHAT,1554,16,8,1,11,3,1,640,1644.57876025,2300.87176493,2298.88231666,11,72,2058.46,12.25233125
NEMO,CHAT,128,32,4,7,11,1,1,256,2340.41832396,2298.92262708,2298.92262708,11,31,2934.02,3.08385363265
NEMO,CHAT,63,32,6,11,5,1,1,384,2425.678305,2297.40424876,2297.40424876,17,31,2689.01,2.56963911111
NEMO,CHAT,414,16,6,15,1,1,1,512,2104.25077978,2295.63396909,2295.63396909,21,86,485.09,1.75564266667
NEMO,CHAT,195,32,4,11,7,1,1,256,2251.63036149,2295.42948497,2295.42948497,16,47,2438.58,2.40871492683
NEMO,CHAT,68,32,6,13,3,1,1,384,2418.29704372,2295.35626804,2295.35626804,18,33,1792.65,2.57159825
NEMO,CHAT,784,64,2,9,5,1,7,256,1904.42664256,2295.35475691,2295.35475691,8,28,2629.07,2.67473472727
NEMO,CHAT,785,64,2,9,5,3,5,256,1904.42664256,2295.35475691,2295.35475691,8,32,2625.32,2.522262
NEMO,CHAT,786,64,2,9,5,5,3,256,1904.42664256,2295.35475691,2295.35475691,8,32,2805.94,1.90619956517
NEMO,CHAT,787,64,2,9,5,7,1,256,1904.42664256,2295.19560921,2295.19560921,12,33,2741.56,3.21221858838
NEMO,CHAT,1417,64,2,3,11,7,1,512,1686.16620517,2293.70827813,2293.70827813,8,33,1834.74,3.09217854941
NEMO,CHAT,1414,64,2,3,11,1,7,512,1686.16620517,2293.6782303,2293.6782303,7,34,1822.96,2.97875480237
NEMO,CHAT,1415,64,2,3,11,3,5,512,1686.16620517,2293.6782303,2293.6782303,7,34,1562.85,4.89542478415
NEMO,CHAT,1416,64,2,3,11,5,3,512,1686.16620517,2293.6782303,2293.6782303,7,34,1726.88,2.56999651046
NEMO,CHAT,972,64,2,9,7,3,3,640,1831.47389741,2293.49670544,2293.49670544,7,37,1698.88,2.48946961479
NEMO,CHAT,973,64,2,9,7,5,1,640,1831.47389741,2293.33485155,2293.33485155,9,36,1554.81,4.73466787251
NEMO,CHAT,971,64,2,9,7,1,5,640,1831.47389741,2293.32225662,2293.32225662,12,36,1624.23,2.8875112789
NEMO,CHAT,252,32,4,13,5,1,1,256,2205.53726232,2293.15078873,2293.15078873,18,51,1871.32,2.21487794286
NEMO,CHAT,71,32,6,15,1,1,1,384,2410.87980108,2292.9916063,2292.9916063,20,33,861.75,2.94887355556
NEMO,CHAT,871,64,6,9,5,1,3,512,1863.21030916,2292.53474014,2292.53474014,8,28,3821.42,4.64217634511
NEMO,CHAT,872,64,6,9,5,3,1,512,1863.21030916,2292.34301417,2292.34301417,11,29,3820.35,3.462505625
NEMO,CHAT,704,16,6,11,3,1,3,384,1946.98864009,2292.33240462,2292.33240462,11,52,999.56,1.56378388889
NEMO,CHAT,243,32,8,3,11,1,1,384,2212.78251652,2292.11634389,2292.11634389,13,35,3976.42,5.181294375
NEMO,CHAT,880,64,4,9,5,3,3,512,1862.38301862,2291.36963238,2291.36963238,8,28,3443.97,4.37507957543
NEMO,CHAT,881,64,4,9,5,5,1,512,1862.38301862,2291.17920848,2291.17920848,11,29,3446.53,7.9091330649
NEMO,CHAT,879,64,4,9,5,1,5,512,1862.38301862,2291.16128964,2291.16128964,8,28,3481.91,3.83836114617
NEMO,CHAT,166,32,4,9,9,1,1,256,2296.57662352,2291.07968452,2291.07968452,13,33,2905.57,3.16504342857
NEMO,CHAT,812,32,6,11,1,5,1,512,1896.07804871,2290.32461657,2290.32461657,14,39,890.53,2.93439777778
NEMO,CHAT,814,32,8,11,1,3,1,512,1896.07804871,2290.32461657,2290.32461657,14,39,855.53,3.1311025
NEMO,CHAT,811,32,6,11,1,3,3,512,1896.07804871,2290.26257536,2290.26257536,11,40,890.53,2.93439777778
NEMO,CHAT,488,16,8,9,5,1,1,512,2049.97009651,2290.14158633,2290.14158633,15,82,1815.13,1.19010193467
NEMO,CHAT,705,16,6,11,3,3,1,384,1946.98864009,2289.95854806,2289.95854806,15,53,999.32,1.49198944444
NEMO,CHAT,810,32,6,11,1,1,5,512,1896.07804871,2289.54482961,2289.54482961,11,38,891.11,3.32104777778
NEMO,CHAT,813,32,8,11,1,1,3,512,1896.07804871,2289.54482961,2289.54482961,11,38,856.23,3.4447025
NEMO,CHAT,315,32,6,7,9,1,1,256,2158.36854308,2287.3398431,2287.3398431,12,45,2938.43,3.204104
NEMO,CHAT,190,32,8,7,7,1,1,384,2258.02800563,2287.09456922,2287.09456922,12,23,3586.55,3.48726434483
NEMO,CHAT,945,16,6,9,3,1,5,512,1843.36833332,2287.04589834,2287.04589834,9,52,1102.39,1.70037004348
NEMO,CHAT,946,16,6,9,3,3,3,512,1843.36833332,2287.04589834,2287.04589834,9,52,1099.09,1.4338775808
NEMO,CHAT,948,16,8,9,3,1,3,512,1843.36833332,2287.04589834,2287.04589834,9,52,1144.71,1.660376
NEMO,CHAT,26,64,4,3,15,1,1,256,2490.0025301,2286.95580131,2286.95580131,17,45,4760.3,9.61855258537
NEMO,CHAT,947,16,6,9,3,5,1,512,1843.36833332,2286.02521128,2286.02521128,13,53,1123.82,1.60624951923
NEMO,CHAT,949,16,8,9,3,3,1,512,1843.36833332,2286.02521128,2286.02521128,13,53,1143.06,1.56742984615
NEMO,CHAT,121,32,4,5,13,1,1,256,2347.34991191,2286.02283585,2286.02283585,9,27,2938.87,3.22021893878
NEMO,CHAT,45,32,6,3,13,1,1,384,2454.84872245,2285.62759135,2285.62759135,16,27,4089.57,2.98052008407
NEMO,CHAT,198,32,8,9,5,1,1,384,2249.80787297,2284.92743076,2284.92743076,14,25,2651.53,2.61739160976
NEMO,CHAT,202,32,8,11,3,1,1,384,2241.54544542,2284.5189215,2284.5189215,16,29,1768.4,2.5643604
NEMO,CHAT,1304,16,6,3,9,1,5,384,1720.91858792,2284.4380428,2284.4380428,5,52,2587.77,2.23747515106
NEMO,CHAT,1305,16,6,3,9,3,3,384,1720.91858792,2284.4380428,2284.4380428,5,52,2662.92,1.46292572276
NEMO,CHAT,1307,16,8,3,9,1,3,384,1720.91858792,2284.4380428,2284.4380428,5,52,2641.19,1.62428372582
NEMO,CHAT,1306,16,6,3,9,5,1,384,1720.91858792,2284.13455595,2284.13455595,7,49,2508.24,1.5927190637
NEMO,CHAT,1308,16,8,3,9,3,1,384,1720.91858792,2284.13455595,2284.13455595,7,49,2552.94,1.38469002469
NEMO,CHAT,503,32,10,9,3,1,1,384,2042.9957764,2283.40636747,2283.40636747,13,39,1694.32,2.53654373333
NEMO,CHAT,29,64,4,5,13,1,1,256,2484.26537939,2283.18791187,2283.18791187,9,33,4753.7,6.37827589744
NEMO,CHAT,361,32,8,1,13,1,1,384,2134.63832898,2279.2729214,2277.00819751,14,40,2555.94,20.0114246316
NEMO,CHAT,406,32,6,9,7,1,1,256,2109.8491075,2279.15536949,2279.15536949,14,43,2399.5,1.56177645191
NEMO,CHAT,316,32,4,15,3,1,1,256,2158.25286518,2279.10835999,2279.10835999,20,51,1230.03,2.40850190476
NEMO,CHAT,49,32,6,5,11,1,1,384,2447.60879987,2278.34122592,2278.34122592,9,15,4060.63,2.43047053158
NEMO,CHAT,544,32,10,11,1,1,1,384,2033.63343043,2278.2789327,2278.2789327,15,37,775.62,3.398184
NEMO,CHAT,1106,64,4,1,11,1,7,256,1771.52091401,2277.98108616,2275.00085401,7,25,1423.85,51.7277893333
NEMO,CHAT,1107,64,4,1,11,3,5,256,1771.52091401,2277.98108616,2275.00085401,7,25,2512.87,50.2211888
NEMO,CHAT,1108,64,4,1,11,5,3,256,1771.52091401,2277.98108616,2275.00085401,7,25,1417.87,46.3249856667
NEMO,CHAT,1110,64,6,1,11,1,5,256,1771.52091401,2277.98108616,2275.00085401,7,25,2574.71,25.9982884211
NEMO,CHAT,1111,64,6,1,11,3,3,256,1771.52091401,2277.98108616,2275.00085401,7,25,2636.72,22.6809342
NEMO,CHAT,1113,64,8,1,11,1,3,256,1771.52091401,2277.98108616,2275.00085401,7,25,2537.44,19.0854357895
NEMO,CHAT,251,32,6,5,11,1,1,256,2205.65000749,2277.87088992,2277.87088992,10,37,2948.43,3.2267795102
NEMO,CHAT,205,32,8,13,1,1,1,384,2233.24039571,2277.4909674,2277.4909674,18,31,830,3.04223125
NEMO,CHAT,640,32,10,5,7,1,1,384,1978.59142297,2277.39050687,2277.39050687,9,31,3542.38,2.80119037891
NEMO,CHAT,398,16,8,1,13,1,1,512,2113.52993447,2277.19475019,2275.00477578,15,74,2198.55,9.61135765714
NEMO,CHAT,1109,64,4,1,11,7,1,256,1771.52091401,2276.60323468,2274.44043321,9,24,1413.73,46.283544
NEMO,CHAT,1112,64,6,1,11,5,1,256,1771.52091401,2276.60323468,2274.44043321,9,24,2697.61,24.0234708
NEMO,CHAT,1114,64,8,1,11,3,1,256,1771.52091401,2276.60323468,2274.44043321,9,24,2460.9,19.4506444211
NEMO,CHAT,801,64,6,11,3,3,1,512,1899.39859195,2275.62342645,2275.62342645,13,29,2399.99,2.73980288889
NEMO,CHAT,800,64,6,11,3,1,3,512,1899.39859195,2275.16894203,2275.16894203,10,30,2400.18,2.92036955556
NEMO,CHAT,181,32,8,5,9,1,1,384,2266.20616733,2274.89318837,2274.89318837,10,15,4083.74,2.03507994988
NEMO,CHAT,194,32,6,3,13,1,1,256,2251.74028405,2274.69944157,2274.69944157,13,37,2866.75,4.31976575
NEMO,CHAT,804,64,4,11,3,3,3,512,1898.50370364,2274.36238265,2274.36238265,10,28,2251.06,6.57008223071
NEMO,CHAT,805,64,4,11,3,5,1,512,1898.50370364,2274.19271617,2274.19271617,13,29,2559.56,6.7378348
NEMO,CHAT,1201,16,6,7,5,1,5,640,1743.57119835,2274.12529814,2274.12529814,7,58,1748.65,1.1520610053
NEMO,CHAT,1202,16,6,7,5,3,3,640,1743.57119835,2274.12529814,2274.12529814,7,58,1760.37,1.61327728172
NEMO,CHAT,1204,16,8,7,5,1,3,640,1743.57119835,2274.12529814,2274.12529814,7,58,1792.22,1.9235175898
NEMO,CHAT,1149,16,4,5,11,1,3,640,1755.13016161,2274.04978928,2274.04978928,7,60,2078.29,1.21319016556
NEMO,CHAT,1203,16,6,7,5,5,1,640,1743.57119835,2274.02719646,2274.02719646,11,55,1794.21,1.26096368936
NEMO,CHAT,1205,16,8,7,5,3,1,640,1743.57119835,2274.02719646,2274.02719646,11,55,1782.77,1.36306637244
NEMO,CHAT,803,64,4,11,3,1,5,512,1898.50370364,2273.94569717,2273.94569717,10,30,2555.35,7.117506175
NEMO,CHAT,1150,16,4,5,11,3,1,640,1755.13016161,2273.75822756,2273.75822756,8,61,1730.88,1.62289105106
NEMO,CHAT,123,64,6,1,15,1,1,256,2344.99523832,2273.50031096,2271.3375095,18,50,2420.39,26.9514448889
NEMO,CHAT,520,32,10,7,5,1,1,384,2036.30494449,2272.4336991,2272.4336991,11,33,2582.82,2.57043307317
NEMO,CHAT,647,64,2,15,1,5,1,512,1975.86391605,2272.10096182,2272.10096182,16,31,976.69,2.87987533333
NEMO,CHAT,646,64,2,15,1,3,3,512,1975.86391605,2272.02973341,2272.02973341,14,30,976.69,2.87987533333
NEMO,CHAT,407,32,4,17,1,1,1,256,2109.73038093,2270.65861903,2270.65861903,22,53,659.9,2.4907242
NEMO,CHAT,1119,32,4,7,5,7,1,512,1769.71053751,2270.07578706,2270.07578706,11,37,2787.02,2.75559813921
NEMO,CHAT,1116,32,4,7,5,1,7,512,1769.71053751,2270.04929361,2270.04929361,7,38,2804.94,2.71212031958
NEMO,CHAT,1117,32,4,7,5,3,5,512,1769.71053751,2270.04929361,2270.04929361,7,38,2775.46,2.41316649966
NEMO,CHAT,1118,32,4,7,5,5,3,512,1769.71053751,2270.04929361,2270.04929361,7,38,2723.95,2.21939916111
NEMO,CHAT,133,64,6,5,11,1,1,256,2332.19162297,2269.88609462,2269.88609462,9,33,4519.85,5.37093915789
NEMO,CHAT,645,64,2,15,1,1,5,512,1975.86391605,2269.75649712,2269.75649712,14,32,976.79,2.956717
NEMO,CHAT,76,32,4,9,9,1,1,384,2410.32248234,2267.53970707,2267.53970707,14,29,3889.78,1.71285886098
NEMO,CHAT,1212,16,4,1,15,1,3,640,1737.51053793,2267.24572904,2264.65439363,8,74,1674.7,14.4500146741
NEMO,CHAT,1366,64,2,5,9,7,1,512,1712.20026149,2266.89372,2266.89372,7,31,1835.69,2.66517407716
NEMO,CHAT,1373,16,6,1,11,1,5,384,1707.77744032,2266.78800841,2264.25554161,6,58,2258.19,9.70528467606
NEMO,CHAT,1374,16,6,1,11,3,3,384,1707.77744032,2266.78800841,2264.25554161,6,58,2347.53,8.69035788889
NEMO,CHAT,1376,16,8,1,11,1,3,384,1707.77744032,2266.78800841,2264.25554161,6,58,2462,6.90372752
NEMO,CHAT,1363,64,2,5,9,1,7,512,1712.20026149,2266.64559885,2266.64559885,6,30,1837.04,2.70313003976
NEMO,CHAT,1364,64,2,5,9,3,5,512,1712.20026149,2266.64559885,2266.64559885,6,30,1689.68,3.22640958904
NEMO,CHAT,1365,64,2,5,9,5,3,512,1712.20026149,2266.64559885,2266.64559885,6,30,1808.06,2.64427318824
NEMO,CHAT,1375,16,6,1,11,5,1,384,1707.77744032,2266.08145824,2263.937991,9,61,2091.31,9.74691
NEMO,CHAT,1377,16,8,1,11,3,1,384,1707.77744032,2266.08145824,2263.937991,9,61,2066.22,7.95225569231
NEMO,CHAT,79,32,4,13,5,1,1,384,2408.34174524,2265.39091955,2265.39091955,19,39,2602.22,2.31120710864
NEMO,CHAT,754,32,10,3,9,1,1,384,1912.17000855,2265.37988691,2265.37988691,10,35,3841.09,4.74523455738
NEMO,CHAT,897,64,2,11,5,3,3,640,1858.68955866,2265.0314586,2265.0314586,9,37,1698.88,2.48946961479
NEMO,CHAT,1213,16,4,1,15,3,1,640,1737.51053793,2264.98899835,2263.38024742,11,79,1587.83,14.2325259808
NEMO,CHAT,477,32,6,11,5,1,1,256,2060.04243508,2264.9492299,2264.9492299,16,43,1852.58,2.32128945455
NEMO,CHAT,898,64,2,11,5,5,1,640,1858.68955866,2264.73059908,2264.73059908,10,36,1554.81,4.73466787251
NEMO,CHAT,896,64,2,11,5,1,5,640,1858.68955866,2264.50811214,2264.50811214,9,35,1624.23,2.8875112789
NEMO,CHAT,543,32,8,3,11,1,1,256,2034.67431941,2263.10191298,2263.10191298,11,43,2740.88,3.44962563636
NEMO,CHAT,199,16,6,3,13,1,1,384,2248.16609547,2262.94426494,2262.94426494,13,68,2558.98,1.53097524058
NEMO,CHAT,258,16,6,5,11,1,1,384,2200.35105221,2262.63391639,2262.63391639,11,74,2526.86,1.44175006542
NEMO,CHAT,606,16,8,11,3,1,1,512,1993.64999614,2262.30245946,2262.30245946,16,76,1143.13,1.66682984615
NEMO,CHAT,100,32,4,15,3,1,1,384,2372.06216717,2262.17473162,2262.17473162,20,39,1783.24,2.42788342857
NEMO,CHAT,119,32,4,1,17,1,1,256,2347.34991191,2261.85729213,2259.62798031,15,26,1823.82,23.506551
NEMO,CHAT,1252,32,4,1,11,1,7,256,1728.2740076,2261.72143647,2259.08483878,6,34,2618.5,15.2361965413
NEMO,CHAT,1253,32,4,1,11,3,5,256,1728.2740076,2261.72143647,2259.08483878,6,34,2410.09,18.3155107581
NEMO,CHAT,1254,32,4,1,11,5,3,256,1728.2740076,2261.72143647,2259.08483878,6,34,2389.33,17.0833271697
NEMO,CHAT,1256,32,6,1,11,1,5,256,1728.2740076,2261.72143647,2259.08483878,6,34,1991.86,22.0083152
NEMO,CHAT,1257,32,6,1,11,3,3,256,1728.2740076,2261.72143647,2259.08483878,6,34,2397.95,17.1416776216
NEMO,CHAT,1259,32,8,1,11,1,3,256,1728.2740076,2261.72143647,2259.08483878,6,34,2436.1,16.1497496842
NEMO,CHAT,1255,32,4,1,11,7,1,256,1728.2740076,2261.45834164,2259.22902983,9,35,2445.16,14.7424556896
NEMO,CHAT,1258,32,6,1,11,5,1,256,1728.2740076,2261.45834164,2259.22902983,9,35,2249.46,16.5033556571
NEMO,CHAT,1260,32,8,1,11,3,1,256,1728.2740076,2261.45834164,2259.22902983,9,35,2355,14.842576
NEMO,CHAT,687,32,8,7,7,1,1,256,1956.48551416,2261.06267414,2261.06267414,11,47,2387.21,2.2752607
NEMO,CHAT,577,32,8,5,9,1,1,256,2009.02179968,2258.22126035,2258.22126035,10,37,2800.47,2.33227773913
NEMO,CHAT,712,64,6,13,1,3,1,512,1931.32143675,2257.86132449,2257.86132449,15,31,978.86,2.73938622222
NEMO,CHAT,132,32,4,17,1,1,1,384,2334.91001514,2257.66010018,2257.66010018,22,43,904.7,2.7130184
NEMO,CHAT,1423,32,4,1,13,5,1,640,1682.03762787,2257.25415967,2253.71957404,11,50,2039.04,36.3176957419
NEMO,CHAT,77,32,4,11,7,1,1,384,2410.32248234,2256.92782604,2256.92782604,16,31,3312.87,3.14600654952
NEMO,CHAT,1418,32,6,1,13,1,3,640,1682.53677327,2256.90625766,2251.38598994,9,51,2225.78,31.3000968335
NEMO,CHAT,721,64,4,13,1,5,1,512,1930.35893207,2256.3728529,2256.3728529,15,31,980.28,6.7359298
NEMO,CHAT,711,64,6,13,1,1,3,512,1931.32143675,2256.34362397,2256.34362397,12,30,979.01,2.92017511111
NEMO,CHAT,791,32,4,11,1,3,5,384,1901.0475252,2256.3216049,2256.3216049,11,35,906.93,2.3763134
NEMO,CHAT,792,32,4,11,1,5,3,384,1901.0475252,2256.3216049,2256.3216049,11,35,906.99,2.3734134
NEMO,CHAT,720,64,4,13,1,3,3,512,1930.35893207,2256.31341923,2256.31341923,12,28,980.28,6.7381048
NEMO,CHAT,1421,32,4,1,13,1,5,640,1682.03762787,2256.14544991,2250.62812269,9,51,2218.37,32.3259695354
NEMO,CHAT,1422,32,4,1,13,3,3,640,1682.03762787,2256.14544991,2250.62812269,9,51,2394.21,31.4821949887
NEMO,CHAT,790,32,4,11,1,1,7,384,1901.0475252,2255.87479832,2255.87479832,11,37,904.7,2.7130184
NEMO,CHAT,323,16,6,7,9,1,1,384,2151.3799476,2255.65544923,2255.65544923,14,76,2532.95,1.39753265846
NEMO,CHAT,578,32,6,13,3,1,1,256,2008.89661091,2255.62849029,2255.62849029,18,47,1144.03,2.40264952381
NEMO,CHAT,521,64,2,1,19,1,1,384,2036.22817824,2254.67563543,2250.84150268,16,74,2240.25,9.87973910057
NEMO,CHAT,719,64,4,13,1,1,5,512,1930.35893207,2254.64667733,2254.64667733,12,30,979.74,7.1229148
NEMO,CHAT,1419,32,6,1,13,3,1,640,1682.53677327,2254.32382654,2250.74599027,11,50,2529.32,26.9245409188
NEMO,CHAT,793,32,4,11,1,7,1,384,1901.0475252,2253.96984322,2253.96984322,14,36,906.99,2.3734134
NEMO,CHAT,165,32,6,1,15,1,1,256,2296.68382816,2253.81164708,2251.58233526,14,34,2129.41,19.5048275556
NEMO,CHAT,951,64,2,9,5,1,7,384,1842.33166653,2251.81510263,2251.81510263,8,28,1900.09,3.41491247364
NEMO,CHAT,952,64,2,9,5,3,5,384,1842.33166653,2251.81510263,2251.81510263,8,28,1780.91,4.17351060424
NEMO,CHAT,953,64,2,9,5,5,3,384,1842.33166653,2251.81510263,2251.81510263,8,28,1780.91,4.17351060424
NEMO,CHAT,954,64,2,9,5,7,1,384,1842.33166653,2251.68585272,2251.68585272,11,29,1554.81,3.130976525
NEMO,CHAT,310,64,8,5,9,1,1,256,2161.52194,2251.65800588,2251.65800588,9,33,4395.1,4.64774102564
NEMO,CHAT,929,16,10,3,9,1,1,512,1846.37223032,2250.78187669,2250.78187669,11,70,2870.59,1.89996435165
NEMO,CHAT,882,16,4,7,9,1,3,384,1862.15692938,2248.25352054,2248.25352054,7,54,2236.5,1.72763319763
NEMO,CHAT,883,16,4,7,9,3,1,384,1862.15692938,2248.17923098,2248.17923098,8,53,2224.66,1.20046853147
NEMO,CHAT,572,32,8,1,13,1,1,256,2014.00882119,2243.80471035,2241.57539854,12,42,2303.56,15.203376
NEMO,CHAT,422,16,6,9,7,1,1,384,2101.21034213,2243.74041926,2243.74041926,15,80,2138.9,1.42235363873
NEMO,CHAT,889,16,10,5,7,1,1,512,1860.51341439,2242.95595046,2242.95595046,10,68,2473.68,1.33900721053
NEMO,CHAT,177,16,6,1,15,1,1,384,2273.24428236,2242.868537,2240.72506976,13,62,2214.54,8.11098288889
NEMO,CHAT,688,32,6,15,1,1,1,256,1956.35689038,2242.22701466,2242.22701466,19,43,634.91,2.73878822222
NEMO,CHAT,329,64,2,11,9,1,1,256,2148.26071163,2240.34301052,2240.34301052,15,43,2589.19,2.76253029294
NEMO,CHAT,129,64,6,3,13,1,1,256,2338.6081463,2238.16354247,2238.16354247,17,41,4391.83,9.5744196
NEMO,CHAT,1273,64,6,5,7,1,5,384,1726.30982132,2237.33454422,2237.33454422,5,28,4847.25,4.06006952223
NEMO,CHAT,1274,64,6,5,7,3,3,384,1726.30982132,2237.33454422,2237.33454422,5,28,4838.29,2.28615473652
NEMO,CHAT,1276,64,8,5,7,1,3,384,1726.30982132,2237.33454422,2237.33454422,5,28,4891.59,3.90088664109
NEMO,CHAT,1275,64,6,5,7,5,1,384,1726.30982132,2237.14737367,2237.14737367,8,27,4840.16,3.46436786367
NEMO,CHAT,1277,64,8,5,7,3,1,384,1726.30982132,2237.14737367,2237.14737367,8,27,4920.11,2.87544146349
NEMO,CHAT,710,16,8,13,1,1,1,512,1935.51837945,2236.80346093,2236.80346093,17,80,442.41,1.82775576471
NEMO,CHAT,1279,64,4,5,7,1,7,384,1725.7915857,2236.49341447,2236.49341447,5,28,4391.47,5.88830241674
NEMO,CHAT,1280,64,4,5,7,3,5,384,1725.7915857,2236.49341447,2236.49341447,5,28,4716.49,3.29193156864
NEMO,CHAT,1281,64,4,5,7,5,3,384,1725.7915857,2236.49341447,2236.49341447,5,28,4395.55,3.66643548408
NEMO,CHAT,1282,64,4,5,7,7,1,384,1725.7915857,2236.3072885,2236.3072885,8,27,4342.4,3.95285802272
NEMO,CHAT,836,64,2,13,3,3,3,640,1881.4290689,2235.69396766,2235.69396766,11,35,1698.88,2.48946961479
NEMO,CHAT,837,64,2,13,3,5,1,640,1881.4290689,2235.60300016,2235.60300016,12,36,1554.81,4.73466787251
NEMO,CHAT,789,32,8,9,5,1,1,256,1902.49770584,2235.33061366,2235.33061366,13,33,1799.36,2.36449213333
NEMO,CHAT,489,16,6,11,5,1,1,384,2049.79769321,2234.75617091,2234.75617091,17,80,1582.17,1.36582023077
NEMO,CHAT,835,64,2,13,3,1,5,640,1881.4290689,2234.64727475,2234.64727475,11,33,1624.23,2.8875112789
NEMO,CHAT,355,64,8,3,11,1,1,256,2136.41846913,2234.56566416,2234.56566416,14,37,4341.03,7.42247308108
NEMO,CHAT,1174,32,4,5,7,1,7,256,1748.53728372,2234.28460746,2234.28460746,5,31,2434.56,2.50177834146
NEMO,CHAT,1175,32,4,5,7,3,5,256,1748.53728372,2234.28460746,2234.28460746,5,31,2448.57,2.1638515122
NEMO,CHAT,1176,32,4,5,7,5,3,256,1748.53728372,2234.28460746,2234.28460746,5,31,2441.02,2.16810273171
NEMO,CHAT,1178,32,6,5,7,1,5,256,1748.53728372,2234.28460746,2234.28460746,5,31,2403.25,2.4090457
NEMO,CHAT,1179,32,6,5,7,3,3,256,1748.53728372,2234.28460746,2234.28460746,5,31,2410.27,2.1208707
NEMO,CHAT,1181,32,8,5,7,1,3,256,1748.53728372,2234.28460746,2234.28460746,5,31,2385.24,2.1471414359
NEMO,CHAT,1177,32,4,5,7,7,1,256,1748.53728372,2233.94970674,2233.94970674,8,32,2448.56,2.16522956098
NEMO,CHAT,1180,32,6,5,7,5,1,256,1748.53728372,2233.94970674,2233.94970674,8,32,2401.64,2.1215657
NEMO,CHAT,1182,32,8,5,7,3,1,256,1748.53728372,2233.94970674,2233.94970674,8,32,2389.71,2.0188875
NEMO,CHAT,1489,64,6,3,9,5,1,384,1668.65508261,2232.87151143,2232.87151143,7,25,5287.99,5.04887747361
NEMO,CHAT,1491,64,8,3,9,3,1,384,1668.65508261,2232.87151143,2232.87151143,7,25,5496.58,4.57634021438
NEMO,CHAT,1487,64,6,3,9,1,5,384,1668.65508261,2232.83483884,2232.83483884,6,26,5803.71,4.73704056295
NEMO,CHAT,1488,64,6,3,9,3,3,384,1668.65508261,2232.83483884,2232.83483884,6,26,5653.36,3.76695363323
NEMO,CHAT,1490,64,8,3,9,1,3,384,1668.65508261,2232.83483884,2232.83483884,6,26,5951.43,3.08420376858
NEMO,CHAT,1496,64,4,3,9,7,1,384,1668.19396386,2232.08832973,2232.08832973,7,25,4245.47,6.52225551377
NEMO,CHAT,1493,64,4,3,9,1,7,384,1668.19396386,2232.05077196,2232.05077196,6,26,4357.28,7.63839931263
NEMO,CHAT,1494,64,4,3,9,3,5,384,1668.19396386,2232.05077196,2232.05077196,6,26,4477.5,6.44375792981
NEMO,CHAT,1495,64,4,3,9,5,3,384,1668.19396386,2232.05077196,2232.05077196,6,26,4684.39,6.64839520944
NEMO,CHAT,691,32,4,13,1,3,3,256,1953.50592854,2230.58006639,2230.58006639,13,35,658.8,2.1437042
NEMO,CHAT,692,32,4,13,1,5,1,256,1953.50592854,2230.41290567,2230.41290567,16,36,658.8,2.1437042
NEMO,CHAT,694,32,6,13,1,3,1,256,1953.50592854,2230.41290567,2230.41290567,16,36,635.21,2.35963822222
NEMO,CHAT,690,32,4,13,1,1,5,256,1953.50592854,2229.86113911,2229.86113911,13,35,659.9,2.4907242
NEMO,CHAT,693,32,6,13,1,1,3,256,1953.50592854,2229.86113911,2229.86113911,13,35,634.91,2.73878822222
NEMO,CHAT,1195,32,10,3,9,1,1,256,1746.46867064,2227.00732413,2227.00732413,8,45,2670.45,2.91138078049
NEMO,CHAT,1062,32,4,9,3,1,7,512,1796.58714612,2226.65035963,2226.65035963,9,34,1841.03,2.86499042514
NEMO,CHAT,1063,32,4,9,3,3,5,512,1796.58714612,2226.65035963,2226.65035963,9,34,1748.44,3.11331795581
NEMO,CHAT,1064,32,4,9,3,5,3,512,1796.58714612,2226.65035963,2226.65035963,9,34,1748.44,3.1133169952
NEMO,CHAT,1065,32,4,9,3,7,1,512,1796.58714612,2226.50991235,2226.50991235,12,35,1822,3.18706338964
NEMO,CHAT,895,16,10,7,5,1,1,512,1858.95802988,2224.72359612,2224.72359612,11,72,1880.78,1.41810488136
NEMO,CHAT,526,64,2,11,9,1,1,384,2036.22817824,2223.87260452,2223.87260452,13,64,1656.12,3.04493679606
NEMO,CHAT,1075,64,6,7,5,1,5,384,1776.36540076,2221.38488264,2221.38488264,6,36,3849.18,4.62156654545
NEMO,CHAT,1076,64,6,7,5,3,3,384,1776.36540076,2221.38488264,2221.38488264,6,36,3825.58,3.74664507655
NEMO,CHAT,1078,64,8,7,5,1,3,384,1776.36540076,2221.38488264,2221.38488264,6,36,3720.58,2.74260212269
NEMO,CHAT,1077,64,6,7,5,5,1,384,1776.36540076,2221.21891495,2221.21891495,10,33,3865.35,4.15008593939
NEMO,CHAT,1079,64,8,7,5,3,1,384,1776.36540076,2221.21891495,2221.21891495,10,33,3619.12,2.5747298543
NEMO,CHAT,1049,16,4,7,9,1,3,512,1806.87157603,2221.07295781,2221.07295781,7,52,2087.86,1.1882293012
NEMO,CHAT,1050,16,4,7,9,3,1,512,1806.87157603,2220.99751112,2220.99751112,8,55,2065.46,1.35106815074
NEMO,CHAT,1085,64,4,7,5,1,7,384,1775.78980177,2220.72655855,2220.72655855,6,38,3394.54,6.59705716657
NEMO,CHAT,1086,64,4,7,5,3,5,384,1775.78980177,2220.72655855,2220.72655855,6,38,3461.44,4.58557713022
NEMO,CHAT,1087,64,4,7,5,5,3,384,1775.78980177,2220.72655855,2220.72655855,6,38,3461.44,4.58557713022
NEMO,CHAT,1088,64,4,7,5,7,1,384,1775.78980177,2220.56168419,2220.56168419,10,31,3536.51,2.98121292917
NEMO,CHAT,330,64,2,13,7,1,1,256,2148.26071163,2220.46803017,2220.46803017,15,45,2589.19,2.76253029294
NEMO,CHAT,1038,16,10,1,11,1,1,512,1814.5989224,2219.45085772,2217.26088331,12,78,2067.89,8.66428311111
NEMO,CHAT,602,16,8,5,9,1,1,384,1997.30623523,2217.22550045,2217.22550045,10,74,2565.49,1.22901718519
NEMO,CHAT,589,16,8,3,11,1,1,384,2006.05505752,2215.23725294,2215.23725294,11,68,2555.58,1.48681471605
NEMO,CHAT,923,32,8,11,3,1,1,256,1846.99737597,2214.22910908,2214.22910908,14,37,1091.99,2.33482095238
NEMO,CHAT,1183,32,10,5,7,1,1,256,1748.53728372,2211.41970959,2211.41970959,7,27,2348.66,2.15161286486
NEMO,CHAT,1674,32,6,3,7,7,1,384,1610.90925276,2210.83515712,2210.83515712,8,26,3555.52,2.41647187288
NEMO,CHAT,1677,32,8,3,7,5,1,384,1610.90925276,2210.83515712,2210.83515712,8,26,3578.08,3.90612986207
NEMO,CHAT,1679,32,10,3,7,3,1,384,1610.90925276,2210.83515712,2210.83515712,8,26,3506.93,3.70078848276
NEMO,CHAT,1671,32,6,3,7,1,7,384,1610.90925276,2210.80598703,2210.80598703,5,25,3576.95,2.7063885611
NEMO,CHAT,1672,32,6,3,7,3,5,384,1610.90925276,2210.80598703,2210.80598703,5,25,3554.76,2.35610364767
NEMO,CHAT,1673,32,6,3,7,5,3,384,1610.90925276,2210.80598703,2210.80598703,5,25,3546.56,1.9872904587
NEMO,CHAT,1675,32,8,3,7,1,5,384,1610.90925276,2210.80598703,2210.80598703,5,25,3509.86,5.41285572881
NEMO,CHAT,1676,32,8,3,7,3,3,384,1610.90925276,2210.80598703,2210.80598703,5,25,3585.3,3.71785744828
NEMO,CHAT,1678,32,10,3,7,1,3,384,1610.90925276,2210.80598703,2210.80598703,5,25,3456.35,4.52680917241
NEMO,CHAT,527,64,2,13,7,1,1,384,2036.22817824,2210.48699052,2210.48699052,15,66,1656.12,3.04493679606
NEMO,CHAT,605,16,6,13,3,1,1,384,1997.09522335,2208.53139288,2208.53139288,18,80,998.17,1.55053111111
NEMO,CHAT,799,64,2,15,1,5,1,640,1900.12559001,2208.04544061,2208.04544061,15,38,859.42,3.17706333333
NEMO,CHAT,798,64,2,15,1,3,3,640,1900.12559001,2207.92651609,2207.92651609,14,37,859.42,3.17706333333
NEMO,CHAT,1067,32,8,13,1,1,1,256,1789.92005935,2207.37597944,2207.37597944,15,31,621.3,2.8547805
NEMO,CHAT,797,64,2,15,1,1,5,640,1900.12559001,2205.48423263,2205.48423263,14,39,859.88,3.32908833333
NEMO,CHAT,1003,64,6,9,3,1,5,384,1819.85406913,2205.10536365,2205.10536365,8,32,2402.88,2.60210533333
NEMO,CHAT,1004,64,6,9,3,3,3,384,1819.85406913,2205.10536365,2205.10536365,8,32,2402.16,2.45071644444
NEMO,CHAT,1006,64,8,9,3,1,3,384,1819.85406913,2205.10536365,2205.10536365,8,32,2271.61,2.534204
NEMO,CHAT,1005,64,6,9,3,5,1,384,1819.85406913,2204.96059882,2204.96059882,12,33,2402.41,2.450772
NEMO,CHAT,1007,64,8,9,3,3,1,384,1819.85406913,2204.96059882,2204.96059882,12,33,2269,2.40391452632
NEMO,CHAT,1008,64,4,9,3,1,7,384,1819.22095526,2203.92683225,2203.92683225,8,32,2484.95,4.95415239138
NEMO,CHAT,1009,64,4,9,3,3,5,384,1819.22095526,2203.92683225,2203.92683225,8,32,2540.08,3.88150943317
NEMO,CHAT,1010,64,4,9,3,5,3,384,1819.22095526,2203.92683225,2203.92683225,8,32,2540.08,3.88150943317
NEMO,CHAT,1011,64,4,9,3,7,1,384,1819.22095526,2203.78320949,2203.78320949,12,33,2582.67,6.0188992
NEMO,CHAT,1568,32,6,1,11,1,5,512,1639.27919736,2203.47098484,2200.71100069,8,49,2895.98,18.2595639805
NEMO,CHAT,1569,32,6,1,11,3,3,512,1639.27919736,2203.47098484,2200.71100069,8,49,2810.48,19.2556438516
NEMO,CHAT,1571,32,8,1,11,1,3,512,1639.27919736,2203.47098484,2200.71100069,8,49,1522.36,31.1674420234
NEMO,CHAT,707,16,8,7,7,1,1,384,1943.270185,2203.04010426,2203.04010426,11,66,2134.12,1.23322915942
NEMO,CHAT,1594,32,4,1,11,1,7,512,1633.85678927,2202.38812528,2199.62981157,8,49,2615.5,14.8618973013
NEMO,CHAT,1595,32,4,1,11,3,5,512,1633.85678927,2202.38812528,2199.62981157,8,49,2705.84,14.414539229
NEMO,CHAT,1596,32,4,1,11,5,3,512,1633.85678927,2202.38812528,2199.62981157,8,49,2705.84,14.414539229
NEMO,CHAT,1570,32,6,1,11,5,1,512,1639.27919736,2201.86767768,2199.87998873,11,48,3132.17,11.6820699619
NEMO,CHAT,1572,32,8,1,11,3,1,512,1639.27919736,2201.86767768,2199.87998873,11,48,2492.03,22.0250501622
NEMO,CHAT,1680,32,12,3,7,1,1,384,1610.90925276,2201.65937761,2201.65937761,4,11,3354.5,4.05385781818
NEMO,CHAT,1597,32,4,1,11,7,1,512,1633.85678927,2201.09849406,2199.14976933,11,48,2452.38,16.4723868215
NEMO,CHAT,32,64,4,7,11,1,1,256,2478.50317792,2198.28580285,2198.28580285,12,17,4745.24,6.36331948718
NEMO,CHAT,33,64,4,9,9,1,1,256,2472.71576127,2198.20850394,2198.20850394,14,19,4748.51,6.33789128205
NEMO,CHAT,1248,64,2,7,7,1,7,512,1728.68262372,2198.16705962,2198.16705962,6,34,1667.26,3.26271312169
NEMO,CHAT,1249,64,2,7,7,3,5,512,1728.68262372,2198.16705962,2198.16705962,6,34,1594.37,4.70579619227
NEMO,CHAT,1250,64,2,7,7,5,3,512,1728.68262372,2198.16705962,2198.16705962,6,34,1881.68,2.57091789364
NEMO,CHAT,1251,64,2,7,7,7,1,512,1728.68262372,2198.15389848,2198.15389848,8,31,1567.25,4.92478491759
NEMO,CHAT,829,64,2,11,3,3,5,256,1882.91713176,2197.26676721,2197.26676721,10,30,2282.25,2.21501711111
NEMO,CHAT,830,64,2,11,3,5,3,256,1882.91713176,2197.26676721,2197.26676721,10,30,2282.25,2.21501711111
NEMO,CHAT,831,64,2,11,3,7,1,256,1882.91713176,2197.22535119,2197.22535119,14,31,2281.79,2.21485044444
NEMO,CHAT,828,64,2,11,3,1,7,256,1882.91713176,2196.56520684,2196.56520684,10,30,2282.11,2.34418377778
NEMO,CHAT,36,64,4,11,7,1,1,256,2466.90296355,2196.07506068,2196.07506068,16,21,4087.12,3.92811896599
NEMO,CHAT,139,64,6,7,9,1,1,256,2325.74546443,2195.36291527,2195.36291527,12,17,4508.48,5.15938126316
NEMO,CHAT,1442,32,6,5,5,1,7,384,1673.71433884,2195.04315123,2195.04315123,5,27,2684.22,2.53825906977
NEMO,CHAT,1443,32,6,5,5,3,5,384,1673.71433884,2195.04315123,2195.04315123,5,27,2706.51,2.32678895652
NEMO,CHAT,1444,32,6,5,5,5,3,384,1673.71433884,2195.04315123,2195.04315123,5,27,2707.94,2.37558355556
NEMO,CHAT,1446,32,8,5,5,1,5,384,1673.71433884,2195.04315123,2195.04315123,5,27,2714.98,3.04778269893
NEMO,CHAT,1447,32,8,5,5,3,3,384,1673.71433884,2195.04315123,2195.04315123,5,27,2552.98,2.46422707138
NEMO,CHAT,1449,32,10,5,5,1,3,384,1673.71433884,2195.04315123,2195.04315123,5,27,2587.99,2.57213795122
NEMO,CHAT,1166,16,4,7,9,1,3,640,1750.24462728,2194.62518412,2194.62518412,7,60,1946.06,1.44215840559
NEMO,CHAT,1445,32,6,5,5,7,1,384,1673.71433884,2194.61111864,2194.61111864,8,28,2715.63,1.75857973482
NEMO,CHAT,1448,32,8,5,5,5,1,384,1673.71433884,2194.61111864,2194.61111864,8,28,2659.95,2.38366965854
NEMO,CHAT,1450,32,10,5,5,3,1,384,1673.71433884,2194.61111864,2194.61111864,8,28,2595.68,2.38275746341
NEMO,CHAT,1167,16,4,7,9,3,1,640,1750.24462728,2194.54958856,2194.54958856,8,57,2095.04,1.01646922244
NEMO,CHAT,41,64,4,13,5,1,1,256,2461.06461744,2192.34273219,2192.34273219,18,23,2884.54,2.85341190166
NEMO,CHAT,855,64,2,7,13,1,1,512,1870.60419846,2192.00057878,2192.00057878,5,88,1818.34,2.69038902393
NEMO,CHAT,612,16,8,1,13,1,1,384,1990.55114149,2191.62876648,2189.48529924,12,66,2036.32,8.7540344918
NEMO,CHAT,142,64,6,9,7,1,1,256,2319.2694649,2191.13322565,2191.13322565,14,19,3962.68,4.98596811765
NEMO,CHAT,905,64,6,11,1,3,3,384,1857.62921628,2188.5914001,2188.5914001,10,34,1095.88,2.45049422222
NEMO,CHAT,906,64,6,11,1,5,1,384,1857.62921628,2188.46783813,2188.46783813,14,33,1095.88,2.45049422222
NEMO,CHAT,908,64,8,11,1,3,1,384,1857.62921628,2188.46783813,2188.46783813,14,33,1095.54,2.6354165
NEMO,CHAT,904,64,6,11,1,1,5,384,1857.62921628,2188.12251098,2188.12251098,10,34,1096.94,2.60198311111
NEMO,CHAT,907,64,8,11,1,1,3,384,1857.62921628,2188.12251098,2188.12251098,10,34,1095.07,2.78736025
NEMO,CHAT,910,64,4,11,1,3,5,384,1856.93850437,2188.0643441,2188.0643441,10,34,1096.98,6.0187842
NEMO,CHAT,911,64,4,11,1,5,3,384,1856.93850437,2188.0643441,2188.0643441,10,34,1096.98,6.0187842
NEMO,CHAT,708,16,6,15,1,1,1,384,1943.05377817,2187.97978036,2187.97978036,19,80,446.19,1.54352688889
NEMO,CHAT,912,64,4,11,1,7,1,384,1856.93850437,2187.94197295,2187.94197295,14,33,1096.98,6.0187842
NEMO,CHAT,44,64,4,15,3,1,1,256,2455.20055414,2187.52668292,2187.52668292,20,27,2428.46,5.7966108
NEMO,CHAT,1312,16,6,5,7,1,5,384,1718.68201458,2187.22824635,2187.22824635,5,52,2150.99,1.29894510145
NEMO,CHAT,1313,16,6,5,7,3,3,384,1718.68201458,2187.22824635,2187.22824635,5,52,2130.5,1.03486790028
NEMO,CHAT,1315,16,8,5,7,1,3,384,1718.68201458,2187.22824635,2187.22824635,5,52,2130.92,1.25982481159
NEMO,CHAT,1314,16,6,5,7,5,1,384,1718.68201458,2187.08376263,2187.08376263,10,53,2141.6,1.3162397484
NEMO,CHAT,1316,16,8,5,7,3,1,384,1718.68201458,2187.08376263,2187.08376263,10,53,2134.8,1.19425234783
NEMO,CHAT,152,64,6,11,5,1,1,256,2312.7634167,2186.880704,2186.880704,16,21,2726.45,3.25598448
NEMO,CHAT,1153,16,6,9,3,1,5,640,1751.38099204,2186.43524667,2186.43524667,9,58,1088.32,1.76170641068
NEMO,CHAT,1154,16,6,9,3,3,3,640,1751.38099204,2186.43524667,2186.43524667,9,58,1113.07,1.5444566464
NEMO,CHAT,1156,16,8,9,3,1,3,640,1751.38099204,2186.43524667,2186.43524667,9,58,1140.09,1.869912
NEMO,CHAT,1155,16,6,9,3,5,1,640,1751.38099204,2186.42800001,2186.42800001,13,59,1121.42,1.8294312459
NEMO,CHAT,1157,16,8,9,3,3,1,640,1751.38099204,2186.42800001,2186.42800001,13,59,1141.48,1.72967097436
NEMO,CHAT,909,64,4,11,1,1,7,384,1856.93850437,2185.72124871,2185.72124871,10,32,1097.56,6.3278692
NEMO,CHAT,1451,32,12,5,5,1,1,384,1673.71433884,2185.30149455,2185.30149455,7,19,2581.29,2.49431843902
NEMO,CHAT,476,64,8,1,13,1,1,256,2060.04579642,2184.3780869,2182.21528544,15,40,2432.61,18.5866226667
NEMO,CHAT,1589,64,2,3,9,1,9,256,1636.180878,2183.77003354,2183.77003354,5,28,2740.21,4.18207551561
NEMO,CHAT,1590,64,2,3,9,3,7,256,1636.180878,2183.77003354,2183.77003354,5,28,2607.57,2.54667563636
NEMO,CHAT,1591,64,2,3,9,5,5,256,1636.180878,2183.77003354,2183.77003354,5,28,2607.57,2.54667563636
NEMO,CHAT,1592,64,2,3,9,7,3,256,1636.180878,2183.77003354,2183.77003354,5,28,2801.1,1.93641295135
NEMO,CHAT,1593,64,2,3,9,9,1,256,1636.180878,2183.72620266,2183.72620266,6,27,2613.62,2.56746654545
NEMO,CHAT,1016,32,4,11,1,3,5,512,1816.09736291,2183.47424308,2183.47424308,11,36,926.39,2.6650594
NEMO,CHAT,1017,32,4,11,1,5,3,512,1816.09736291,2183.47424308,2183.47424308,11,36,926.39,2.6650594
NEMO,CHAT,1018,32,4,11,1,7,1,512,1816.09736291,2183.38967252,2183.38967252,14,35,926.39,2.6650594
NEMO,CHAT,776,16,6,13,1,3,1,384,1908.36073369,2182.81705432,2182.81705432,18,53,443.61,1.43651022222
NEMO,CHAT,1015,32,4,11,1,1,7,512,1816.09736291,2182.80579077,2182.80579077,11,36,923.32,3.1209794
NEMO,CHAT,775,16,6,13,1,1,3,384,1908.36073369,2182.62992367,2182.62992367,13,54,446.19,1.54352688889
NEMO,CHAT,764,64,10,5,7,1,1,256,1911.37333234,2181.56056765,2181.56056765,10,29,3641.23,4.119378375
NEMO,CHAT,159,64,6,13,3,1,1,256,2306.22711018,2181.54446157,2181.54446157,17,25,2297.32,2.443656
NEMO,CHAT,1261,32,10,1,11,1,1,256,1728.2740076,2181.15785092,2178.9285391,9,36,2206.91,14.2597893714
NEMO,CHAT,820,16,8,9,5,1,1,384,1887.84368483,2180.43302422,2180.43302422,13,68,1562.6,1.41534666667
NEMO,CHAT,48,64,4,17,1,1,1,256,2449.31060333,2179.54614023,2179.54614023,23,31,1174.16,5.7966108
NEMO,CHAT,854,64,2,5,15,1,1,512,1870.60419846,2175.09018852,2175.09018852,6,80,1904.15,2.63481309565
NEMO,CHAT,1263,32,6,7,3,1,7,384,1726.80540775,2174.70883674,2174.70883674,7,27,1789.73,2.58338575
NEMO,CHAT,1264,32,6,7,3,3,5,384,1726.80540775,2174.70883674,2174.70883674,7,27,1789.17,2.36426075
NEMO,CHAT,1265,32,6,7,3,5,3,384,1726.80540775,2174.70883674,2174.70883674,7,27,1797.45,2.30963939394
NEMO,CHAT,1267,32,8,7,3,1,5,384,1726.80540775,2174.70883674,2174.70883674,7,27,1770.84,2.55844373333
NEMO,CHAT,1268,32,8,7,3,3,3,384,1726.80540775,2174.70883674,2174.70883674,7,27,1767.96,2.41391373333
NEMO,CHAT,1270,32,10,7,3,1,3,384,1726.80540775,2174.70883674,2174.70883674,7,27,1695.43,2.5373904
NEMO,CHAT,1266,32,6,7,3,7,1,384,1726.80540775,2174.516652,2174.516652,10,28,1792.29,2.30976969697
NEMO,CHAT,1269,32,8,7,3,5,1,384,1726.80540775,2174.516652,2174.516652,10,28,1771.37,2.4120604
NEMO,CHAT,1271,32,10,7,3,3,1,384,1726.80540775,2174.516652,2174.516652,10,28,1699.67,2.4138504
NEMO,CHAT,1846,32,4,3,7,1,9,384,1563.36034894,2172.6160304,2172.6160304,5,23,3446.55,3.1735369787
NEMO,CHAT,1847,32,4,3,7,3,7,384,1563.36034894,2172.6160304,2172.6160304,5,23,3423.39,2.97994604997
NEMO,CHAT,1848,32,4,3,7,5,5,384,1563.36034894,2172.6160304,2172.6160304,5,23,3433.58,3.00345480686
NEMO,CHAT,1849,32,4,3,7,7,3,384,1563.36034894,2172.6160304,2172.6160304,5,23,3427.25,3.11337128
NEMO,CHAT,1850,32,4,3,7,9,1,384,1563.36034894,2172.41961845,2172.41961845,8,24,3526.41,2.46644191083
NEMO,CHAT,681,64,10,7,5,1,1,256,1960.38611604,2171.55521666,2171.55521666,11,35,2865.09,3.37533316667
NEMO,CHAT,319,64,8,7,7,1,1,256,2154.26240818,2170.73420912,2170.73420912,11,11,3750.82,4.46648475
NEMO,CHAT,939,64,10,3,9,1,1,256,1846.372093,2170.24807503,2170.24807503,11,29,4038.37,7.72269455556
NEMO,CHAT,1039,16,10,9,3,1,1,512,1813.82446177,2170.07466685,2170.07466685,12,55,1118.38,1.70862410811
NEMO,CHAT,160,64,6,15,1,1,1,256,2299.66033378,2169.544764,2169.544764,20,29,1162.55,2.443656
NEMO,CHAT,215,16,6,3,13,1,1,640,2228.4054838,2168.86795228,2168.86795228,17,76,2458.84,1.56543343673
NEMO,CHAT,956,16,4,9,7,1,3,384,1839.42265873,2165.60591875,2165.60591875,9,52,2133.27,0.903229095541
NEMO,CHAT,335,64,8,9,5,1,1,256,2146.96720524,2165.57148416,2165.57148416,14,15,2892.57,3.12872296296
NEMO,CHAT,957,16,4,9,7,3,1,384,1839.42265873,2165.35853927,2165.35853927,10,51,2050.38,1.09643543073
NEMO,CHAT,695,64,10,9,3,1,1,256,1952.105835,2163.94807946,2163.94807946,13,35,1889.97,2.38474826667
NEMO,CHAT,262,16,6,5,11,1,1,640,2197.32243938,2163.8182871,2163.8182871,13,74,2425.8,1.2406438123
NEMO,CHAT,307,16,6,7,9,1,1,640,2165.57991042,2161.47889512,2161.47889512,15,86,2173.11,1.88915322787
NEMO,CHAT,985,64,2,11,3,3,5,384,1825.534229,2160.15525904,2160.15525904,10,30,1889.41,4.72501896588
NEMO,CHAT,986,64,2,11,3,5,3,384,1825.534229,2160.15525904,2160.15525904,10,30,1889.41,4.72501896588
NEMO,CHAT,987,64,2,11,3,7,1,384,1825.534229,2160.1437724,2160.1437724,13,29,1843.32,3.16417269594
NEMO,CHAT,984,64,2,11,3,1,7,384,1825.534229,2159.62968661,2159.62968661,10,32,2016.17,3.13502274257
NEMO,CHAT,1022,16,6,11,1,3,3,512,1815.17987473,2159.42338307,2159.42338307,11,52,485.57,1.61054266667
NEMO,CHAT,1023,16,6,11,1,5,1,512,1815.17987473,2159.2764045,2159.2764045,16,51,485.57,1.60976488889
NEMO,CHAT,1025,16,8,11,1,3,1,512,1815.17987473,2159.2764045,2159.2764045,16,51,442.81,1.77314975
NEMO,CHAT,1021,16,6,11,1,1,5,512,1815.17987473,2158.80481306,2158.80481306,11,48,485.09,1.75564266667
NEMO,CHAT,1024,16,8,11,1,1,3,512,1815.17987473,2158.80481306,2158.80481306,11,48,442.41,1.82775576471
NEMO,CHAT,362,16,6,9,7,1,1,640,2133.15668361,2158.32036883,2158.32036883,17,86,2383.93,1.41268329934
NEMO,CHAT,348,64,8,11,3,1,1,256,2139.63606759,2156.56303198,2156.56303198,15,17,2096.34,2.5429545
NEMO,CHAT,706,64,10,11,1,1,1,256,1943.78208988,2155.12721809,2155.12721809,15,37,1116.58,2.53066857143
NEMO,CHAT,1096,32,6,9,1,1,7,384,1771.70643578,2154.9125581,2154.9125581,9,25,861.75,2.94887355556
NEMO,CHAT,1097,32,6,9,1,3,5,384,1771.70643578,2154.9125581,2154.9125581,9,27,863.11,2.61610688889
NEMO,CHAT,1098,32,6,9,1,5,3,384,1771.70643578,2154.9125581,2154.9125581,9,27,863.08,2.61288466667
NEMO,CHAT,1100,32,8,9,1,1,5,384,1771.70643578,2154.9125581,2154.9125581,9,25,830,3.04223125
NEMO,CHAT,1101,32,8,9,1,3,3,384,1771.70643578,2154.9125581,2154.9125581,9,27,830.01,2.7913375
NEMO,CHAT,1103,32,10,9,1,1,3,384,1771.70643578,2154.9125581,2154.9125581,9,25,774.48,3.398184
NEMO,CHAT,1099,32,6,9,1,7,1,384,1771.70643578,2154.7442049,2154.7442049,12,28,863.08,2.61288466667
NEMO,CHAT,1102,32,8,9,1,5,1,384,1771.70643578,2154.7442049,2154.7442049,12,28,829.6,2.7877125
NEMO,CHAT,1104,32,10,9,1,3,1,384,1771.70643578,2154.7442049,2154.7442049,12,28,775.79,3.136184
NEMO,CHAT,1121,32,2,3,15,1,3,256,1768.34730883,2153.95615057,2153.95615057,6,15,1755.43,3.8729255
NEMO,CHAT,1272,32,12,7,3,1,1,384,1726.80540775,2153.95410574,2153.95410574,8,19,1669.9,2.52954706667
NEMO,CHAT,1122,32,2,3,15,3,1,256,1768.34730883,2153.36142428,2153.36142428,9,17,1759.79,3.162591125
NEMO,CHAT,368,64,8,13,1,1,1,256,2132.26872908,2151.47467873,2151.47467873,17,21,1147.39,2.5429545
NEMO,CHAT,1923,16,6,3,7,1,7,512,1543.64337425,2149.89858811,2149.89858811,5,43,2505.06,2.12415724611
NEMO,CHAT,1924,16,6,3,7,3,5,512,1543.64337425,2149.89858811,2149.89858811,5,43,2483.1,1.66733434334
NEMO,CHAT,1925,16,6,3,7,5,3,512,1543.64337425,2149.89858811,2149.89858811,5,43,2462.9,1.80346165024
NEMO,CHAT,1927,16,8,3,7,1,5,512,1543.64337425,2149.89858811,2149.89858811,5,43,2477.7,1.76704258228
NEMO,CHAT,1928,16,8,3,7,3,3,512,1543.64337425,2149.89858811,2149.89858811,5,43,2489.75,1.56098268354
NEMO,CHAT,1930,16,10,3,7,1,3,512,1543.64337425,2149.89858811,2149.89858811,5,43,2474.55,1.531523
NEMO,CHAT,1926,16,6,3,7,7,1,512,1543.64337425,2149.75081207,2149.75081207,9,44,2461.35,1.42950206919
NEMO,CHAT,1929,16,8,3,7,5,1,512,1543.64337425,2149.75081207,2149.75081207,9,44,2491.23,1.60258394937
NEMO,CHAT,1931,16,10,3,7,3,1,512,1543.64337425,2149.75081207,2149.75081207,9,44,2470.01,1.48485911688
NEMO,CHAT,974,16,8,11,3,1,1,384,1830.97236686,2148.52169396,2148.52169396,14,72,990.45,1.603494
NEMO,CHAT,426,16,6,11,5,1,1,640,2100.03062594,2147.57554613,2147.57554613,19,84,1797.14,1.3173234766
NEMO,CHAT,1309,16,10,3,9,1,1,384,1720.91858792,2147.53679767,2147.53679767,8,60,2499.6,1.46741353846
NEMO,CHAT,1458,64,4,1,15,1,3,640,1672.80979425,2144.99939195,2139.4169651,10,33,1034.22,59.6309768889
NEMO,CHAT,1825,64,2,3,9,1,9,384,1572.22870134,2141.99620557,2141.99620557,5,22,1905.71,2.67746296084
NEMO,CHAT,1826,64,2,3,9,3,7,384,1572.22870134,2141.99620557,2141.99620557,5,22,1519.68,4.47116409674
NEMO,CHAT,1827,64,2,3,9,5,5,384,1572.22870134,2141.99620557,2141.99620557,5,22,1519.68,4.47116409674
NEMO,CHAT,1828,64,2,3,9,7,3,384,1572.22870134,2141.99620557,2141.99620557,5,22,1519.68,4.47116409674
NEMO,CHAT,1829,64,2,3,9,9,1,384,1572.22870134,2141.92438319,2141.92438319,6,21,1667.44,4.78802839216
NEMO,CHAT,1459,64,4,1,15,3,1,640,1672.80979425,2141.7956876,2138.66989278,11,34,883.35,59.137348
NEMO,CHAT,1499,64,2,1,15,1,5,640,1666.65983311,2141.54714148,2135.97419935,10,33,1843.34,17.6126695295
NEMO,CHAT,1500,64,2,1,15,3,3,640,1666.65983311,2141.54714148,2135.97419935,10,33,1828.93,18.8626848027
NEMO,CHAT,461,16,6,13,3,1,1,640,2066.17863436,2140.48523195,2140.48523195,21,88,1123.57,2.00798709968
NEMO,CHAT,1093,32,2,1,17,1,3,256,1773.27741824,2139.57977456,2137.25354943,7,42,1411.58,19.2730783962
NEMO,CHAT,1068,16,4,9,7,1,3,512,1788.36355893,2139.42316131,2139.42316131,9,50,1821.53,1.49355530802
NEMO,CHAT,1069,16,4,9,7,3,1,512,1788.36355893,2139.3045684,2139.3045684,11,51,1685.21,1.46870503571
NEMO,CHAT,1501,64,2,1,15,5,1,640,1666.65983311,2138.26486433,2135.200391,11,34,1830.76,18.7565091059
NEMO,CHAT,856,64,2,9,11,1,1,512,1870.60419846,2137.29322569,2137.29322569,8,78,2025.66,2.04742855096
NEMO,CHAT,1300,32,2,3,15,1,3,384,1722.22256715,2137.18876419,2137.18876419,7,25,1562.35,3.68102627144
NEMO,CHAT,174,64,4,5,13,1,1,384,2277.05252879,2136.72211088,2136.72211088,11,43,5010.43,3.34433688935
NEMO,CHAT,1301,32,2,3,15,3,1,384,1722.22256715,2136.5604929,2136.5604929,11,25,1358.98,3.48769154687
NEMO,CHAT,1231,64,2,9,5,3,5,512,1736.5421208,2135.35578573,2135.35578573,8,30,1594.37,4.70579619227
NEMO,CHAT,1232,64,2,9,5,5,3,512,1736.5421208,2135.35578573,2135.35578573,8,30,1881.68,2.57091789364
NEMO,CHAT,1233,64,2,9,5,7,1,512,1736.5421208,2135.25417821,2135.25417821,11,33,1567.25,4.92478491759
NEMO,CHAT,1230,64,2,9,5,1,7,512,1736.5421208,2135.1809214,2135.1809214,8,30,1667.26,3.26271312169
NEMO,CHAT,1105,32,12,9,1,1,1,384,1771.70643578,2133.47790111,2133.47790111,11,21,702.64,3.61629066667
NEMO,CHAT,1504,64,6,1,13,1,3,512,1663.79497008,2133.38656978,2127.91522548,9,37,4309.44,16.0468259327
NEMO,CHAT,1507,64,4,1,13,1,5,512,1663.23658654,2132.53410781,2127.06607163,9,37,1913.37,26.2527854383
NEMO,CHAT,1508,64,4,1,13,3,3,512,1663.23658654,2132.53410781,2127.06607163,9,37,2163.05,37.8479525
NEMO,CHAT,599,16,8,5,9,1,1,640,2000.03189133,2132.04939769,2132.04939769,13,76,2888.83,1.20845629917
NEMO,CHAT,853,64,2,3,17,1,1,512,1870.60419846,2131.53641664,2131.53641664,12,82,1847.22,2.86958238085
NEMO,CHAT,1505,64,6,1,13,3,1,512,1663.79497008,2130.93635062,2127.46324205,10,36,2247.37,21.3867155294
NEMO,CHAT,1094,32,2,1,17,3,1,256,1773.27741824,2130.61250338,2129.33625898,9,43,1584.1,15.9226688517
NEMO,CHAT,1509,64,4,1,13,5,1,512,1663.23658654,2130.08852002,2126.61541145,10,36,1607.15,44.0620698462
NEMO,CHAT,1221,32,4,7,5,1,7,256,1736.58056067,2130.00351712,2130.00351712,7,33,1857.66,2.46378394281
NEMO,CHAT,1222,32,4,7,5,3,5,256,1736.58056067,2130.00351712,2130.00351712,7,33,1868.34,2.04287188235
NEMO,CHAT,1223,32,4,7,5,5,3,256,1736.58056067,2130.00351712,2130.00351712,7,33,1865.39,2.04105423529
NEMO,CHAT,1225,32,6,7,5,1,5,256,1736.58056067,2130.00351712,2130.00351712,7,33,1850.56,2.30021672727
NEMO,CHAT,1226,32,6,7,5,3,3,256,1736.58056067,2130.00351712,2130.00351712,7,33,1855.69,2.08698945455
NEMO,CHAT,1228,32,8,7,5,1,3,256,1736.58056067,2130.00351712,2130.00351712,7,33,1806.39,2.36886213333
NEMO,CHAT,1317,16,10,5,7,1,1,384,1718.68201458,2125.15564626,2125.15564626,7,58,2107.48,1.17234811765
NEMO,CHAT,629,16,8,7,7,1,1,640,1983.46463481,2123.03140801,2123.03140801,13,82,2428.56,1.34249219344
NEMO,CHAT,1095,16,8,13,1,1,1,384,1772.59899136,2120.72728218,2120.72728218,15,60,412.83,1.67982225
NEMO,CHAT,358,64,6,5,11,1,1,384,2136.15852565,2120.70542221,2120.70542221,11,45,5597.45,3.43810842345
NEMO,CHAT,233,32,4,7,11,1,1,512,2215.14355647,2120.2141825,2120.2141825,9,37,3026.41,2.06451790926
NEMO,CHAT,1540,64,2,1,13,1,7,512,1649.51325673,2118.14605571,2112.69422297,9,37,1805.63,11.5182628018
NEMO,CHAT,1541,64,2,1,13,3,5,512,1649.51325673,2118.14605571,2112.69422297,9,37,1923.52,11.8289054362
NEMO,CHAT,1542,64,2,1,13,5,3,512,1649.51325673,2118.14605571,2112.69422297,9,37,1923.52,11.8289054362
NEMO,CHAT,1224,32,4,7,5,7,1,256,1736.58056067,2116.80726943,2116.80726943,7,29,1867.11,2.04286894118
NEMO,CHAT,1227,32,6,7,5,5,1,256,1736.58056067,2116.80726943,2116.80726943,7,29,1858.71,2.08681369697
NEMO,CHAT,1229,32,8,7,5,3,1,256,1736.58056067,2116.80726943,2116.80726943,7,29,1804.12,2.17908546667
NEMO,CHAT,1242,32,10,7,5,1,1,256,1731.34144558,2116.80726943,2116.80726943,7,29,1748.73,2.29564619355
NEMO,CHAT,672,16,8,3,11,1,1,640,1963.62084677,2116.44690737,2116.44690737,14,78,2895.14,2.34665439337
NEMO,CHAT,1543,64,2,1,13,7,1,512,1649.51325673,2115.57813894,2112.20170623,10,36,1944.9,11.4447384096
NEMO,CHAT,857,64,2,11,9,1,1,512,1870.60419846,2114.88635245,2114.88635245,10,79,2025.66,2.04742855096
NEMO,CHAT,311,16,6,1,15,1,1,640,2160.2663278,2114.67102182,2112.68157355,17,66,2054.12,12.0472954369
NEMO,CHAT,1497,32,2,3,15,1,3,512,1667.82288852,2114.22631027,2114.22631027,6,21,1484.96,4.0494339005
NEMO,CHAT,1168,16,10,11,1,1,1,512,1749.71364964,2114.20059483,2114.20059483,13,52,420.13,1.91176225
NEMO,CHAT,1498,32,2,3,15,3,1,512,1667.82288852,2113.79096889,2113.79096889,7,18,1530.25,2.58463608612
NEMO,CHAT,1378,16,10,1,11,1,1,384,1707.77744032,2113.47953541,2111.33606817,9,64,2010.03,6.903058
NEMO,CHAT,1210,16,4,9,7,1,3,640,1737.59059351,2112.99744865,2112.99744865,9,57,1920.23,1.52631750254
NEMO,CHAT,1211,16,4,9,7,3,1,640,1737.59059351,2112.87872876,2112.87872876,11,58,2010.81,1.16539440462
NEMO,CHAT,1115,64,10,1,11,1,1,256,1771.52091401,2112.6896904,2110.52688894,11,18,2464.81,15.2945181053
NEMO,CHAT,545,16,6,15,1,1,1,640,2031.57658203,2111.8294237,2111.8294237,22,80,485.19,2.00277977778
NEMO,CHAT,231,32,4,3,15,1,1,512,2215.14355647,2106.01522088,2106.01522088,14,41,2994.59,4.44779708141
NEMO,CHAT,1932,16,12,3,7,1,1,512,1543.64337425,2104.7824102,2104.7824102,7,47,2406.79,1.56733556757
NEMO,CHAT,1291,32,2,1,17,1,3,384,1723.94065848,2104.11834069,2101.79304577,7,44,1313.27,18.0909572344
NEMO,CHAT,1813,32,6,5,7,5,1,640,1574.2143275,2102.02829595,2102.02829595,8,33,3730.28,2.25273875996
NEMO,CHAT,1815,32,8,5,7,3,1,640,1574.2143275,2102.02829595,2102.02829595,8,33,3743.14,2.36926123829
NEMO,CHAT,1811,32,6,5,7,1,5,640,1574.2143275,2101.99359905,2101.99359905,6,34,3507.23,2.79539157774
NEMO,CHAT,1812,32,6,5,7,3,3,640,1574.2143275,2101.99359905,2101.99359905,6,34,3615.37,2.42748442604
NEMO,CHAT,1814,32,8,5,7,1,3,640,1574.2143275,2101.99359905,2101.99359905,6,34,3777.06,4.51330806324
NEMO,CHAT,2037,16,6,1,9,1,7,512,1515.52617555,2101.95440489,2099.47892862,6,65,2147.6,4.88832829014
NEMO,CHAT,2038,16,6,1,9,3,5,512,1515.52617555,2101.95440489,2099.47892862,6,65,1926.08,13.0294168997
NEMO,CHAT,2039,16,6,1,9,5,3,512,1515.52617555,2101.95440489,2099.47892862,6,65,2300.76,7.95046296245
NEMO,CHAT,2041,16,8,1,9,1,5,512,1515.52617555,2101.95440489,2099.47892862,6,65,2138.03,11.7286779731
NEMO,CHAT,2042,16,8,1,9,3,3,512,1515.52617555,2101.95440489,2099.47892862,6,65,2353.31,9.43976577778
NEMO,CHAT,2044,16,10,1,9,1,3,512,1515.52617555,2101.95440489,2099.47892862,6,65,2090.27,9.02275710769
NEMO,CHAT,2040,16,6,1,9,7,1,512,1515.52617555,2101.56441362,2099.37443921,11,66,2274.57,9.03821094558
NEMO,CHAT,2043,16,8,1,9,5,1,512,1515.52617555,2101.56441362,2099.37443921,11,66,2177.36,10.3476053333
NEMO,CHAT,2045,16,10,1,9,3,1,512,1515.52617555,2101.56441362,2099.37443921,11,66,2050.76,8.49879025806
NEMO,CHAT,1556,64,2,5,7,1,9,256,1643.73752605,2101.41824382,2101.41824382,5,29,2599.57,3.06965887207
NEMO,CHAT,1557,64,2,5,7,3,7,256,1643.73752605,2101.41824382,2101.41824382,5,29,2618.16,2.42606017391
NEMO,CHAT,1558,64,2,5,7,5,5,256,1643.73752605,2101.41824382,2101.41824382,5,29,2618.16,2.42606017391
NEMO,CHAT,1559,64,2,5,7,7,3,256,1643.73752605,2101.41824382,2101.41824382,5,29,2806.93,1.89386851411
NEMO,CHAT,1560,64,2,5,7,9,1,256,1643.73752605,2101.31675453,2101.31675453,8,28,2744.7,3.2087904278
NEMO,CHAT,1823,32,4,5,7,7,1,640,1573.64831841,2101.22970657,2101.22970657,8,33,1964.8,3.08787887524
NEMO,CHAT,1820,32,4,5,7,1,7,640,1573.64831841,2101.21559373,2101.21559373,6,34,2683.35,2.66491987519
NEMO,CHAT,1821,32,4,5,7,3,5,640,1573.64831841,2101.21559373,2101.21559373,6,34,2753.45,2.07159331738
NEMO,CHAT,1822,32,4,5,7,5,3,640,1573.64831841,2101.21559373,2101.21559373,6,34,2203.46,3.26095399492
NEMO,CHAT,1170,16,6,11,1,3,3,640,1749.05202966,2101.2136673,2101.2136673,11,55,484.97,1.77732422222
NEMO,CHAT,1171,16,6,11,1,5,1,640,1749.05202966,2101.09881631,2101.09881631,15,56,483.9,1.77525755556
NEMO,CHAT,1173,16,8,11,1,3,1,640,1749.05202966,2101.09881631,2101.09881631,15,56,443.29,1.84951952941
NEMO,CHAT,1169,16,6,11,1,1,5,640,1749.05202966,2100.59654927,2100.59654927,11,53,485.19,2.00310755556
NEMO,CHAT,1172,16,8,11,1,1,3,640,1749.05202966,2100.59654927,2100.59654927,11,53,444.11,2.08314894118
NEMO,CHAT,1292,32,2,1,17,3,1,384,1723.94065848,2098.9287172,2097.65295104,9,45,1521.94,14.2369979577
NEMO,CHAT,703,16,8,9,5,1,1,640,1946.99491605,2098.62701882,2098.62701882,15,84,1819,1.27580950583
NEMO,CHAT,232,32,4,5,13,1,1,512,2215.14355647,2097.61102683,2097.61102683,7,31,2667.05,2.73771761954
NEMO,CHAT,915,64,2,13,1,3,5,256,1852.39816419,2096.19714595,2096.19714595,12,31,1146.66,2.21240044444
NEMO,CHAT,916,64,2,13,1,5,3,256,1852.39816419,2096.19714595,2096.19714595,12,31,1146.66,2.21240044444
NEMO,CHAT,1608,32,6,7,5,1,5,640,1626.55826392,2095.55925776,2095.55925776,7,40,2709.05,2.26856558242
NEMO,CHAT,1609,32,6,7,5,3,3,640,1626.55826392,2095.55925776,2095.55925776,7,40,2858.2,2.44012254102
NEMO,CHAT,1611,32,8,7,5,1,3,640,1626.55826392,2095.55925776,2095.55925776,7,40,2774.45,3.01717126542
NEMO,CHAT,1610,32,6,7,5,5,1,640,1626.55826392,2095.3772321,2095.3772321,10,35,2859.98,2.43896159186
NEMO,CHAT,1612,32,8,7,5,3,1,640,1626.55826392,2095.3772321,2095.3772321,10,35,2785.76,2.87376869565
NEMO,CHAT,914,64,2,13,1,1,7,256,1852.39816419,2095.32019549,2095.32019549,12,29,1148.17,2.29851155556
NEMO,CHAT,1147,32,2,5,13,1,3,256,1757.10607671,2095.00121453,2095.00121453,5,17,1653.53,1.83008390139
NEMO,CHAT,1148,32,2,5,13,3,1,256,1757.10607671,2094.90873097,2094.90873097,6,18,1651.5,1.70428700965
NEMO,CHAT,1614,32,4,7,5,1,7,640,1625.92446183,2094.49668235,2094.49668235,7,40,2776.49,3.0029080543
NEMO,CHAT,1615,32,4,7,5,3,5,640,1625.92446183,2094.49668235,2094.49668235,7,40,2692.92,2.23455044101
NEMO,CHAT,1616,32,4,7,5,5,3,640,1625.92446183,2094.49668235,2094.49668235,7,40,2692.92,2.23454714045
NEMO,CHAT,1617,32,4,7,5,7,1,640,1625.92446183,2094.29422368,2094.29422368,10,37,2657.84,2.91764730447
NEMO,CHAT,1688,32,2,3,15,1,3,640,1607.2158565,2092.11633319,2092.11633319,7,21,1531.41,3.58434965947
NEMO,CHAT,1689,32,2,3,15,3,1,640,1607.2158565,2091.510333,2091.510333,7,18,1473.58,2.92662056716
NEMO,CHAT,641,64,8,5,9,1,1,384,1977.6706297,2091.00682594,2091.00682594,10,47,5490.94,4.23274643316
NEMO,CHAT,770,16,8,11,3,1,1,640,1909.68594573,2089.46651857,2089.46651857,17,90,1140.75,1.83689917949
NEMO,CHAT,331,64,2,15,5,1,1,256,2148.26071163,2089.18885347,2089.18885347,20,25,2604.8,2.59457316667
NEMO,CHAT,375,64,6,1,15,1,1,384,2124.17289187,2088.76856622,2084.77448522,17,53,2351.24,37.3781388889
NEMO,CHAT,1453,32,6,9,3,1,5,640,1672.95868416,2088.68329505,2088.68329505,9,33,1786.3,3.05658566301
NEMO,CHAT,1454,32,6,9,3,3,3,640,1672.95868416,2088.68329505,2088.68329505,9,33,1855.85,2.24341833526
NEMO,CHAT,1456,32,8,9,3,1,3,640,1672.95868416,2088.68329505,2088.68329505,9,33,1828.12,3.19612193548
NEMO,CHAT,1455,32,6,9,3,5,1,640,1672.95868416,2088.50944569,2088.50944569,12,34,1680.47,2.8608698999
NEMO,CHAT,1457,32,8,9,3,3,1,640,1672.95868416,2088.50944569,2088.50944569,12,34,1834.4,2.98280903226
NEMO,CHAT,347,64,2,17,3,1,1,256,2141.68492463,2088.33058686,2088.33058686,21,27,2277.69,2.33545044444
NEMO,CHAT,1460,32,4,9,3,1,7,640,1672.25659131,2087.98609933,2087.98609933,9,33,1696.47,3.23366709654
NEMO,CHAT,1461,32,4,9,3,3,5,640,1672.25659131,2087.98609933,2087.98609933,9,33,1713.29,1.99247003468
NEMO,CHAT,1462,32,4,9,3,5,3,640,1672.25659131,2087.98609933,2087.98609933,9,33,1718.27,1.99219171098
NEMO,CHAT,1463,32,4,9,3,7,1,640,1672.25659131,2087.57531229,2087.57531229,12,34,1705.6,2.59885538126
NEMO,CHAT,1973,32,6,1,9,1,7,384,1536.46306834,2085.93270745,2083.40430417,6,33,1954.29,23.6605626667
NEMO,CHAT,1974,32,6,1,9,3,5,384,1536.46306834,2085.93270745,2083.40430417,6,33,2496.95,22.3265565405
NEMO,CHAT,1975,32,6,1,9,5,3,384,1536.46306834,2085.93270745,2083.40430417,6,33,2330.46,24.3271262857
NEMO,CHAT,1977,32,8,1,9,1,5,384,1536.46306834,2085.93270745,2083.40430417,6,33,2477.6,21.9294588108
NEMO,CHAT,1978,32,8,1,9,3,3,384,1536.46306834,2085.93270745,2083.40430417,6,33,2491.19,19.4513646486
NEMO,CHAT,1980,32,10,1,9,1,3,384,1536.46306834,2085.93270745,2083.40430417,6,33,2458.83,17.5452565405
NEMO,CHAT,1976,32,6,1,9,7,1,384,1536.46306834,2085.40534867,2083.14062478,10,34,2349.84,24.4917548571
NEMO,CHAT,1979,32,8,1,9,5,1,384,1536.46306834,2085.40534867,2083.14062478,10,34,2476.73,19.3383393684
NEMO,CHAT,1981,32,10,1,9,3,1,384,1536.46306834,2085.40534867,2083.14062478,10,34,2496.32,16.6659268108
NEMO,CHAT,2022,32,4,1,9,1,9,384,1522.13945685,2084.97077409,2082.44387711,6,33,2985.62,17.8407275068
NEMO,CHAT,2023,32,4,1,9,3,7,384,1522.13945685,2084.97077409,2082.44387711,6,33,2666.29,24.9977977
NEMO,CHAT,2024,32,4,1,9,5,5,384,1522.13945685,2084.97077409,2082.44387711,6,33,2665.57,24.9977977
NEMO,CHAT,2025,32,4,1,9,7,3,384,1522.13945685,2084.97077409,2082.44387711,6,33,2665.88,24.9892677
NEMO,CHAT,1747,32,4,5,5,1,9,384,1586.05021438,2084.09466636,2084.09466636,5,31,2634.9,2.83909007544
NEMO,CHAT,1748,32,4,5,5,3,7,384,1586.05021438,2084.09466636,2084.09466636,5,31,2636.88,1.96932069638
NEMO,CHAT,1749,32,4,5,5,5,5,384,1586.05021438,2084.09466636,2084.09466636,5,31,2614.54,1.46283641339
NEMO,CHAT,1750,32,4,5,5,7,3,384,1586.05021438,2084.09466636,2084.09466636,5,31,2615.72,1.46269434643
NEMO,CHAT,1982,32,12,1,9,1,1,384,1536.46306834,2083.98342587,2081.71870198,6,25,2278.74,16.3060371765
NEMO,CHAT,1048,16,4,11,5,3,1,384,1810.48060972,2082.92749335,2082.92749335,12,41,1539.2,1.00830250059
NEMO,CHAT,2026,32,4,1,9,9,1,384,1522.13945685,2082.73810972,2080.52235078,10,34,2493.47,26.5010835676
NEMO,CHAT,1047,16,4,11,5,1,3,384,1810.48060972,2082.56867117,2082.56867117,11,42,1485.34,1.51624244632
NEMO,CHAT,528,64,2,15,5,1,1,384,2036.22817824,2081.95366751,2081.95366751,17,47,1656.12,3.04493679606
NEMO,CHAT,1329,32,6,11,1,5,1,640,1714.24768725,2081.20821416,2081.20821416,14,36,838.07,3.23695288889
NEMO,CHAT,1331,32,8,11,1,3,1,640,1714.24768725,2081.20821416,2081.20821416,14,36,815.67,3.454788
NEMO,CHAT,1328,32,6,11,1,3,3,640,1714.24768725,2081.15716466,2081.15716466,11,37,838.07,3.23725288889
NEMO,CHAT,1327,32,6,11,1,1,5,640,1714.24768725,2080.9404421,2080.9404421,11,37,837.21,3.56646955556
NEMO,CHAT,1330,32,8,11,1,1,3,640,1714.24768725,2080.9404421,2080.9404421,11,37,818.31,3.7857755
NEMO,CHAT,1350,32,4,11,1,3,5,640,1713.47691339,2080.17608723,2080.17608723,11,37,855.42,2.9399244
NEMO,CHAT,1351,32,4,11,1,5,3,640,1713.47691339,2080.17608723,2080.17608723,11,37,854.27,2.9396544
NEMO,CHAT,1352,32,4,11,1,7,1,640,1713.47691339,2079.99011487,2079.99011487,14,36,854.27,2.9396544
NEMO,CHAT,1385,16,6,7,5,1,5,384,1703.14409677,2079.94232268,2079.94232268,7,50,1577.96,1.376701
NEMO,CHAT,1386,16,6,7,5,3,3,384,1703.14409677,2079.94232268,2079.94232268,7,50,1581.98,1.31374330769
NEMO,CHAT,1388,16,8,7,5,1,3,384,1703.14409677,2079.94232268,2079.94232268,7,50,1560.25,1.39873328
NEMO,CHAT,1349,32,4,11,1,1,7,640,1713.47691339,2079.74294421,2079.74294421,11,37,855.1,3.2815844
NEMO,CHAT,1332,32,2,5,13,1,3,384,1714.12273076,2079.55444398,2079.55444398,5,17,1305.83,1.89503925035
NEMO,CHAT,1333,32,2,5,13,3,1,384,1714.12273076,2079.15452142,2079.15452142,6,18,1332.67,2.0323689267
NEMO,CHAT,1547,16,4,3,11,1,5,384,1649.14749054,2077.67121185,2077.67121185,5,40,2277.36,1.74847836615
NEMO,CHAT,1548,16,4,3,11,3,3,384,1649.14749054,2077.67121185,2077.67121185,5,40,2225.38,1.90029088307
NEMO,CHAT,1549,16,4,3,11,5,1,384,1649.14749054,2077.38036641,2077.38036641,6,45,2280.58,1.59450654576
NEMO,CHAT,1544,16,4,1,13,1,5,384,1649.25737197,2075.16244075,2072.91059503,6,52,2095.56,10.612437791
NEMO,CHAT,1545,16,4,1,13,3,3,384,1649.25737197,2075.16244075,2072.91059503,6,52,2174.34,8.11938278261
NEMO,CHAT,1546,16,4,1,13,5,1,384,1649.25737197,2074.58074988,2072.9661874,8,55,2097.78,11.1619251515
NEMO,CHAT,748,16,8,1,13,1,1,640,1913.99482062,2071.28961545,2069.30016717,15,74,2038.01,12.5115141639
NEMO,CHAT,421,64,2,19,1,1,1,256,2101.36487608,2070.18383511,2070.18383511,24,37,1148.17,2.29851155556
NEMO,CHAT,702,64,8,13,1,1,1,384,1948.28872217,2068.54634039,2068.54634039,17,41,1095.07,2.78736025
NEMO,CHAT,1751,32,4,5,5,9,1,384,1586.05021438,2068.29284603,2068.29284603,5,29,2590.91,2.34446032254
NEMO,CHAT,851,16,8,13,1,1,1,640,1871.50841701,2067.16355909,2067.16355909,18,86,444.11,2.08314894118
NEMO,CHAT,1764,64,2,5,7,1,9,384,1584.19760406,2066.2612954,2066.2612954,5,23,1839.42,3.31830809174
NEMO,CHAT,1765,64,2,5,7,3,7,384,1584.19760406,2066.2612954,2066.2612954,5,23,1727.21,3.20767086964
NEMO,CHAT,1766,64,2,5,7,5,5,384,1584.19760406,2066.2612954,2066.2612954,5,23,1727.21,3.20767086964
NEMO,CHAT,1767,64,2,5,7,7,3,384,1584.19760406,2066.2612954,2066.2612954,5,23,1727.21,3.20767086964
NEMO,CHAT,1768,64,2,5,7,9,1,384,1584.19760406,2066.18947302,2066.18947302,8,24,1788.6,2.56729616313
NEMO,CHAT,1510,32,2,5,13,1,3,512,1663.23339355,2063.09234043,2063.09234043,5,21,1366.68,3.2683133863
NEMO,CHAT,1511,32,2,5,13,3,1,512,1663.23339355,2062.86228585,2062.86228585,6,24,1266.7,3.77003868188
NEMO,CHAT,279,32,6,7,9,1,1,512,2181.69803054,2062.30442638,2062.30442638,12,38,3744.83,2.28651486536
NEMO,CHAT,1692,64,6,1,11,1,5,384,1602.14062946,2061.57190121,2056.42593545,8,28,2442.78,32.1203833684
NEMO,CHAT,1693,64,6,1,11,3,3,384,1602.14062946,2061.57190121,2056.42593545,8,28,2181.79,33.216772
NEMO,CHAT,1695,64,8,1,11,1,3,384,1602.14062946,2061.57190121,2056.42593545,8,28,2519.18,24.0320751579
NEMO,CHAT,284,32,6,9,7,1,1,512,2174.5034854,2061.27093674,2061.27093674,14,40,3776.17,1.72292811825
NEMO,CHAT,1700,64,4,1,11,1,7,384,1601.73624844,2061.13090432,2055.98726213,8,28,1336.85,48.264119
NEMO,CHAT,1701,64,4,1,11,3,5,384,1601.73624844,2061.13090432,2055.98726213,8,28,1306.46,51.652131
NEMO,CHAT,1702,64,4,1,11,5,3,384,1601.73624844,2061.13090432,2055.98726213,8,28,1306.46,51.652131
NEMO,CHAT,1051,64,2,13,1,1,7,384,1799.68084103,2060.78701982,2060.78701982,12,29,1095.28,2.617852
NEMO,CHAT,1216,64,2,11,3,3,5,512,1736.59093407,2060.47887304,2060.47887304,10,30,1594.37,4.70579619227
NEMO,CHAT,1217,64,2,11,3,5,3,512,1736.59093407,2060.47887304,2060.47887304,10,30,1881.68,2.57091789364
NEMO,CHAT,1218,64,2,11,3,7,1,512,1736.59093407,2060.46368349,2060.46368349,12,31,1552.67,4.6172302435
NEMO,CHAT,1052,64,2,13,1,3,5,384,1799.68084103,2060.4366382,2060.4366382,12,31,1095.45,2.501412
NEMO,CHAT,1053,64,2,13,1,5,3,384,1799.68084103,2060.4366382,2060.4366382,12,31,1095.45,2.501412
NEMO,CHAT,1054,64,2,13,1,7,1,384,1799.68084103,2060.36772402,2060.36772402,16,32,1095.45,2.501412
NEMO,CHAT,1215,64,2,11,3,1,7,512,1736.59093407,2060.30400871,2060.30400871,10,30,1667.26,3.26271312169
NEMO,CHAT,1694,64,6,1,11,5,1,384,1602.14062946,2059.83156886,2055.83748786,10,29,2231.97,38.0260024444
NEMO,CHAT,1696,64,8,1,11,3,1,384,1602.14062946,2059.83156886,2055.83748786,10,29,2534.42,23.9387886316
NEMO,CHAT,1862,64,4,3,7,1,9,256,1555.69703824,2059.75487975,2059.75487975,5,21,3987.68,8.4741425641
NEMO,CHAT,1863,64,4,3,7,3,7,256,1555.69703824,2059.75487975,2059.75487975,5,21,4106.93,5.94019308108
NEMO,CHAT,1864,64,4,3,7,5,5,256,1555.69703824,2059.75487975,2059.75487975,5,21,4108.37,5.94344443243
NEMO,CHAT,1865,64,4,3,7,7,3,256,1555.69703824,2059.75487975,2059.75487975,5,21,4134.12,5.62008227027
NEMO,CHAT,1866,64,4,3,7,9,1,256,1555.69703824,2059.75487975,2059.75487975,5,21,4118.69,5.69226335135
NEMO,CHAT,1867,64,6,3,7,1,7,256,1555.69703824,2059.75487975,2059.75487975,5,21,3604.84,11.1750269412
NEMO,CHAT,1868,64,6,3,7,3,5,256,1555.69703824,2059.75487975,2059.75487975,5,21,3990.45,4.697974
NEMO,CHAT,1869,64,6,3,7,5,3,256,1555.69703824,2059.75487975,2059.75487975,5,21,4014.05,4.45238576471
NEMO,CHAT,1870,64,6,3,7,7,1,256,1555.69703824,2059.75487975,2059.75487975,5,21,3977.36,5.133424
NEMO,CHAT,1871,64,8,3,7,1,5,256,1555.69703824,2059.75487975,2059.75487975,5,21,3683.9,7.45986283871
NEMO,CHAT,1872,64,8,3,7,3,3,256,1555.69703824,2059.75487975,2059.75487975,5,21,3801.88,4.26458715152
NEMO,CHAT,1873,64,8,3,7,5,1,256,1555.69703824,2059.75487975,2059.75487975,5,21,3775.95,4.17562654545
NEMO,CHAT,1874,64,10,3,7,1,3,256,1555.69703824,2059.75487975,2059.75487975,5,21,3630.25,5.55132722581
NEMO,CHAT,1875,64,10,3,7,3,1,256,1555.69703824,2059.75487975,2059.75487975,5,21,3657.87,4.39501793548
NEMO,CHAT,1876,64,12,3,7,1,1,256,1555.69703824,2059.75487975,2059.75487975,5,21,3479.02,5.761964
NEMO,CHAT,1703,64,4,1,11,7,1,384,1601.73624844,2059.15183282,2055.15775182,10,29,1302.2,51.616556
NEMO,CHAT,1502,32,2,1,17,1,3,512,1665.99482212,2059.08727223,2056.76340025,8,48,1216.92,16.777873832
NEMO,CHAT,1785,64,6,5,9,1,3,640,1581.27034599,2058.36084185,2058.36084185,6,30,4639.88,2.75629826037
NEMO,CHAT,1786,64,6,5,9,3,1,640,1581.27034599,2058.19408243,2058.19408243,7,29,4566.38,3.11609924036
NEMO,CHAT,1290,16,10,5,7,1,1,640,1724.27967616,2057.89758698,2057.89758698,10,70,2463.93,1.49152705263
NEMO,CHAT,312,32,6,13,3,1,1,512,2159.99952362,2057.53284631,2057.53284631,18,44,1901.93,2.82195614729
NEMO,CHAT,1790,64,4,5,9,5,1,640,1580.71947329,2057.42946992,2057.42946992,7,29,3090.09,6.30809490643
NEMO,CHAT,1387,16,6,7,5,5,1,384,1703.14409677,2057.40843027,2057.40843027,7,52,1576.55,1.33681333333
NEMO,CHAT,1389,16,8,7,5,3,1,384,1703.14409677,2057.40843027,2057.40843027,7,52,1559.55,1.33092728
NEMO,CHAT,1390,16,10,7,5,1,1,384,1703.14409677,2057.40843027,2057.40843027,7,52,1543.93,1.40612930612
NEMO,CHAT,1788,64,4,5,9,1,5,640,1580.71947329,2057.39900882,2057.39900882,6,30,3206.39,3.92037738856
NEMO,CHAT,1789,64,4,5,9,3,3,640,1580.71947329,2057.39900882,2057.39900882,6,30,2945.69,4.61007127941
NEMO,CHAT,1131,16,4,11,5,3,1,512,1763.49730616,2056.96299776,2056.96299776,12,49,1759.67,0.975124881789
NEMO,CHAT,1130,16,4,11,5,1,3,512,1763.49730616,2056.73556013,2056.73556013,11,50,1749.04,1.38552028725
NEMO,CHAT,1603,64,6,7,7,1,3,640,1629.14577034,2056.03615143,2056.03615143,6,28,4229.8,4.52556282703
NEMO,CHAT,1503,32,2,1,17,3,1,512,1665.99482212,2055.90865448,2054.63502719,10,49,1141.96,21.9845421777
NEMO,CHAT,1604,64,6,7,7,3,1,640,1629.14577034,2055.87313489,2055.87313488,9,25,4382.82,3.13588758683
NEMO,CHAT,1605,64,4,7,7,1,5,640,1628.5362463,2055.01507397,2055.01507397,6,28,3269.6,3.99846752788
NEMO,CHAT,1606,64,4,7,7,3,3,640,1628.5362463,2055.01507397,2055.01507397,6,28,3218.41,5.02813863086
NEMO,CHAT,1607,64,4,7,7,5,1,640,1628.5362463,2054.85303759,2054.85303759,9,25,3463.2,2.52439512896
NEMO,CHAT,1408,16,10,3,9,1,1,640,1691.91531122,2053.5170027,2053.5170027,11,72,2823.63,1.96249886364
NEMO,CHAT,2046,16,12,1,9,1,1,512,1515.52617555,2050.48679362,2048.29681922,9,53,2024.07,7.63524255738
NEMO,CHAT,1465,64,6,9,5,3,1,640,1672.22120064,2050.47230128,2050.47230128,11,27,3465.53,3.21993927205
NEMO,CHAT,1464,64,6,9,5,1,3,640,1672.22120064,2050.43897499,2050.43897499,8,26,3545.95,3.933378463
NEMO,CHAT,1644,64,4,5,5,1,9,256,1617.19526731,2049.62904197,2049.62904197,5,25,2890.42,4.88942192593
NEMO,CHAT,1645,64,4,5,5,3,7,256,1617.19526731,2049.62904197,2049.62904197,5,25,2882.79,4.70768615385
NEMO,CHAT,1646,64,4,5,5,5,5,256,1617.19526731,2049.62904197,2049.62904197,5,25,2878.75,4.70560923077
NEMO,CHAT,1647,64,4,5,5,7,3,256,1617.19526731,2049.62904197,2049.62904197,5,25,2870.01,4.70655538462
NEMO,CHAT,1649,64,6,5,5,1,7,256,1617.19526731,2049.62904197,2049.62904197,5,25,2750.68,2.81759930435
NEMO,CHAT,1650,64,6,5,5,3,5,256,1617.19526731,2049.62904197,2049.62904197,5,25,2797.03,2.19198876923
NEMO,CHAT,1651,64,6,5,5,5,3,256,1617.19526731,2049.62904197,2049.62904197,5,25,2800.95,2.19094261538
NEMO,CHAT,1653,64,8,5,5,1,5,256,1617.19526731,2049.62904197,2049.62904197,5,25,2881.6,3.30806
NEMO,CHAT,1654,64,8,5,5,3,3,256,1617.19526731,2049.62904197,2049.62904197,5,25,2919.06,2.47158962963
NEMO,CHAT,1656,64,10,5,5,1,3,256,1617.19526731,2049.62904197,2049.62904197,5,25,2876.99,3.184779
NEMO,CHAT,1658,64,12,5,5,1,1,256,1617.19526731,2049.62904197,2049.62904197,4,23,2698.3,2.65672563636
NEMO,CHAT,1467,64,4,9,5,3,3,640,1671.5526163,2049.54754566,2049.54754566,8,26,2982.35,4.32337285169
NEMO,CHAT,1648,64,4,5,5,9,1,256,1617.19526731,2049.39680614,2049.39680614,5,25,2903.23,4.70598230769
NEMO,CHAT,1652,64,6,5,5,7,1,256,1617.19526731,2049.39680614,2049.39680614,5,25,2803.48,2.19139261538
NEMO,CHAT,1655,64,8,5,5,5,1,256,1617.19526731,2049.39680614,2049.39680614,5,25,2920.68,2.47133037037
NEMO,CHAT,1657,64,10,5,5,3,1,256,1617.19526731,2049.39680614,2049.39680614,5,25,2899.63,2.67389983333
NEMO,CHAT,1468,64,4,9,5,5,1,640,1671.5526163,2049.3930528,2049.3930528,11,27,3063.76,3.74627544157
NEMO,CHAT,1466,64,4,9,5,1,5,640,1671.5526163,2049.35881994,2049.35881994,8,26,3332.54,4.08010023761
NEMO,CHAT,715,64,8,3,11,1,1,384,1931.06179161,2048.12055577,2048.12055577,13,41,5345.55,3.71827861571
NEMO,CHAT,1573,32,10,1,11,1,1,512,1639.27919736,2047.85078423,2045.86309528,13,54,2133.7,17.819374625
NEMO,CHAT,263,32,6,3,13,1,1,512,2195.97375763,2047.81482522,2047.81482522,17,40,3563.71,3.66331954155
NEMO,CHAT,1710,16,4,3,11,1,5,512,1593.93666883,2047.76280932,2047.76280932,6,46,2122.18,1.88698978154
NEMO,CHAT,1711,16,4,3,11,3,3,512,1593.93666883,2047.76280932,2047.76280932,6,46,1838.03,2.09284608386
NEMO,CHAT,1712,16,4,3,11,5,1,512,1593.93666883,2047.55763705,2047.55763705,7,47,2269.47,1.62560374306
NEMO,CHAT,1666,64,2,1,11,1,9,256,1613.03385037,2046.92833168,2044.35151644,7,30,2572.54,10.158015418
NEMO,CHAT,1667,64,2,1,11,3,7,256,1613.03385037,2046.92833168,2044.35151644,7,30,2604.65,10.2399680029
NEMO,CHAT,1668,64,2,1,11,5,5,256,1613.03385037,2046.92833168,2044.35151644,7,30,2604.65,10.2399680029
NEMO,CHAT,1669,64,2,1,11,7,3,256,1613.03385037,2046.92833168,2044.35151644,7,30,2555.21,11.5305609662
NEMO,CHAT,1207,32,2,7,11,1,3,256,1740.31756957,2044.96199932,2044.96199932,7,37,1708.77,2.70421346185
NEMO,CHAT,1208,32,2,7,11,3,1,256,1740.31756957,2044.63050171,2044.63050171,8,36,1810.06,2.07926460098
NEMO,CHAT,1368,64,6,11,3,3,1,640,1711.09309045,2043.37175384,2043.37175384,13,29,2356.51,3.02223622222
NEMO,CHAT,1367,64,6,11,3,1,3,640,1711.09309045,2043.14208471,2043.14208471,10,28,2355.77,3.14656955556
NEMO,CHAT,1370,64,4,11,3,3,3,640,1710.36511629,2042.38148586,2042.38148586,10,30,2444.65,3.16004104762
NEMO,CHAT,1371,64,4,11,3,5,1,640,1710.36511629,2042.2345365,2042.2345365,13,29,2158.88,5.70856413686
NEMO,CHAT,1369,64,4,11,3,1,5,640,1710.36511629,2041.81530869,2041.81530869,10,28,2447.09,7.8073892
NEMO,CHAT,1686,32,2,5,13,1,3,640,1608.4486574,2041.34568933,2041.34568933,6,29,1392.04,2.74107560664
NEMO,CHAT,1687,32,2,5,13,3,1,640,1608.4486574,2040.87625918,2040.87625918,7,30,1425.35,2.48665442663
NEMO,CHAT,2007,64,6,3,11,1,3,640,1527.88002825,2039.87458854,2037.7559889,8,32,4322.35,4.63747711121
NEMO,CHAT,1206,16,10,7,5,1,1,640,1743.57119835,2039.76631527,2039.76631527,11,76,1876.61,1.57842813559
NEMO,CHAT,2008,64,6,3,11,3,1,640,1527.88002825,2038.95578405,2037.39288664,10,33,4808.68,4.21781115457
NEMO,CHAT,270,32,6,5,11,1,1,512,2188.85468845,2038.84989086,2038.84989086,10,28,3560.29,2.47451155652
NEMO,CHAT,2010,64,4,3,11,1,5,640,1527.38729594,2038.78632131,2036.66884906,8,32,3569.4,3.14439150982
NEMO,CHAT,2011,64,4,3,11,3,3,640,1527.38729594,2038.78632131,2036.66884906,8,32,4027.61,1.93396156063
NEMO,CHAT,2012,64,4,3,11,5,1,640,1527.38729594,2038.06216658,2036.49926917,10,33,3828.24,2.4756778466
NEMO,CHAT,1886,16,6,5,5,1,7,512,1551.32341135,2036.7221327,2036.7221327,5,48,1820.88,1.57115547162
NEMO,CHAT,1887,16,6,5,5,3,5,512,1551.32341135,2036.7221327,2036.7221327,5,48,1789.01,1.32587058693
NEMO,CHAT,1888,16,6,5,5,5,3,512,1551.32341135,2036.7221327,2036.7221327,5,48,1793.09,1.34817690533
NEMO,CHAT,1890,16,8,5,5,1,5,512,1551.32341135,2036.7221327,2036.7221327,5,48,1807.84,1.43172718289
NEMO,CHAT,1891,16,8,5,5,3,3,512,1551.32341135,2036.7221327,2036.7221327,5,48,1812.14,1.27587506224
NEMO,CHAT,1893,16,10,5,5,1,3,512,1551.32341135,2036.7221327,2036.7221327,5,48,1884.81,1.4338540339
NEMO,CHAT,1197,64,6,13,1,3,1,640,1746.26300229,2036.4600635,2036.4600635,15,31,862.56,3.02159733333
NEMO,CHAT,1670,64,2,1,11,9,1,256,1613.03385037,2035.96582783,2033.90135532,10,31,2583.68,11.0423853651
NEMO,CHAT,178,64,4,7,11,1,1,384,2271.23105522,2035.58796766,2035.58796766,12,17,5075.31,2.22258145192
NEMO,CHAT,304,32,6,11,5,1,1,512,2167.27075139,2035.29501928,2035.29501928,16,34,2883.64,3.07633162119
NEMO,CHAT,1196,64,6,13,1,1,3,640,1746.26300229,2035.27862315,2035.27862315,12,30,861.83,3.14656955556
NEMO,CHAT,1199,64,4,13,1,3,3,640,1745.47537118,2035.21542605,2035.21542605,12,30,862.94,7.4689092
NEMO,CHAT,1200,64,4,13,1,5,1,640,1745.47537118,2035.07602021,2035.07602021,15,33,862.94,7.4689092
NEMO,CHAT,1198,64,4,13,1,1,5,640,1745.47537118,2033.894346,2033.894346,12,30,862.89,7.8031192
NEMO,CHAT,182,64,4,9,9,1,1,384,2265.38234542,2033.26152725,2033.26152725,14,19,4807.01,4.4029706745
NEMO,CHAT,1879,64,2,5,9,1,7,640,1553.73933499,2032.93405457,2032.93405457,6,30,1623.45,2.87326037752
NEMO,CHAT,1880,64,2,5,9,3,5,640,1553.73933499,2032.93405457,2032.93405457,6,30,1615.88,3.2884084765
NEMO,CHAT,1881,64,2,5,9,5,3,640,1553.73933499,2032.93405457,2032.93405457,6,30,1615.88,3.2884084765
NEMO,CHAT,1472,64,4,7,3,1,9,256,1669.2947203,2032.90364639,2032.90364639,6,21,2424.78,5.7966108
NEMO,CHAT,1473,64,4,7,3,3,7,256,1669.2947203,2032.90364639,2032.90364639,6,21,2428.77,5.4288008
NEMO,CHAT,1474,64,4,7,3,5,5,256,1669.2947203,2032.90364639,2032.90364639,6,21,2428.77,5.4279308
NEMO,CHAT,1475,64,4,7,3,7,3,256,1669.2947203,2032.90364639,2032.90364639,6,21,2428.77,5.4279308
NEMO,CHAT,1476,64,4,7,3,9,1,256,1669.2947203,2032.90364639,2032.90364639,6,21,2430.7,5.4279408
NEMO,CHAT,1477,64,6,7,3,1,7,256,1669.2947203,2032.90364639,2032.90364639,6,21,2295.96,2.443656
NEMO,CHAT,1478,64,6,7,3,3,5,256,1669.2947203,2032.90364639,2032.90364639,6,21,2296.02,2.21336711111
NEMO,CHAT,1479,64,6,7,3,5,3,256,1669.2947203,2032.90364639,2032.90364639,6,21,2298.74,2.21240044444
NEMO,CHAT,1480,64,6,7,3,7,1,256,1669.2947203,2032.90364639,2032.90364639,6,21,2298.07,2.21240044444
NEMO,CHAT,1481,64,8,7,3,1,5,256,1669.2947203,2032.90364639,2032.90364639,6,21,2094.85,2.5429545
NEMO,CHAT,1482,64,8,7,3,3,3,256,1669.2947203,2032.90364639,2032.90364639,6,21,2096.44,2.37906075
NEMO,CHAT,1483,64,8,7,3,5,1,256,1669.2947203,2032.90364639,2032.90364639,6,21,2095.85,2.37906075
NEMO,CHAT,1484,64,10,7,3,1,3,256,1669.2947203,2032.90364639,2032.90364639,6,21,1884.63,2.38474826667
NEMO,CHAT,1485,64,10,7,3,3,1,256,1669.2947203,2032.90364639,2032.90364639,6,21,1891.1,2.25745493333
NEMO,CHAT,1486,64,12,7,3,1,1,256,1669.2947203,2032.90364639,2032.90364639,6,21,1751.22,2.40366447059
NEMO,CHAT,1889,16,6,5,5,7,1,512,1551.32341135,2032.86317398,2032.86317398,5,46,1797.48,1.61257384188
NEMO,CHAT,1892,16,8,5,5,5,1,512,1551.32341135,2032.86317398,2032.86317398,5,46,1836.44,1.57575732515
NEMO,CHAT,1894,16,10,5,5,3,1,512,1551.32341135,2032.86317398,2032.86317398,5,46,1884.86,1.37169979661
NEMO,CHAT,1895,16,12,5,5,1,1,512,1551.32341135,2032.86317398,2032.86317398,5,46,1857.88,1.45227480702
NEMO,CHAT,1882,64,2,5,9,7,1,640,1553.73933499,2032.77220068,2032.77220068,7,29,1607.36,3.42750750249
NEMO,CHAT,1321,16,4,11,5,3,1,640,1718.00580064,2032.63286659,2032.63286659,13,52,1783.6,1.06628322293
NEMO,CHAT,1320,16,4,11,5,1,3,640,1718.00580064,2032.27652986,2032.27652986,11,53,1725.55,1.19405700546
NEMO,CHAT,322,32,6,15,1,1,1,512,2152.68949397,2030.50403964,2030.50403964,20,40,891.11,3.32104777778
NEMO,CHAT,374,64,6,7,9,1,1,384,2129.67492166,2029.75806291,2029.75806291,12,17,5211.57,3.65390586667
NEMO,CHAT,1353,32,4,9,3,1,7,256,1712.34952456,2027.34001315,2027.34001315,9,32,1234.71,2.40826857143
NEMO,CHAT,1354,32,4,9,3,3,5,256,1712.34952456,2027.34001315,2027.34001315,9,32,1232.13,2.07766380952
NEMO,CHAT,1355,32,4,9,3,5,3,256,1712.34952456,2027.34001315,2027.34001315,9,32,1232.13,2.07766380952
NEMO,CHAT,1356,32,4,9,3,7,1,256,1712.34952456,2027.34001315,2027.34001315,9,32,1230.99,2.07768285714
NEMO,CHAT,1357,32,6,9,3,1,5,256,1712.34952456,2027.34001315,2027.34001315,9,32,1139.01,2.40264952381
NEMO,CHAT,1358,32,6,9,3,3,3,256,1712.34952456,2027.34001315,2027.34001315,9,32,1146.72,2.07766380952
NEMO,CHAT,1359,32,6,9,3,5,1,256,1712.34952456,2027.34001315,2027.34001315,9,32,1148.06,2.07766380952
NEMO,CHAT,1360,32,8,9,3,1,3,256,1712.34952456,2027.34001315,2027.34001315,9,32,1098.98,2.19308504348
NEMO,CHAT,1361,32,8,9,3,3,1,256,1712.34952456,2027.34001315,2027.34001315,9,32,1098.22,2.07766380952
NEMO,CHAT,1469,32,10,9,3,1,1,256,1670.90586146,2027.34001315,2027.34001315,9,32,1085.62,2.24236380952
NEMO,CHAT,201,64,4,17,1,1,1,384,2241.71128512,2026.71999409,2026.71999409,22,27,1097.56,6.3278692
NEMO,CHAT,779,32,8,1,13,1,1,512,1906.44514713,2026.5875353,2024.59984635,15,46,2624.74,21.3426329672
NEMO,CHAT,1391,32,2,7,11,1,3,384,1700.37700632,2026.52294799,2026.52294799,7,31,1289.31,2.9588838637
NEMO,CHAT,1392,32,2,7,11,3,1,384,1700.37700632,2026.19163358,2026.19163358,8,32,1213.81,2.67970904721
NEMO,CHAT,1734,16,4,1,13,1,5,512,1589.6196466,2025.48974968,2023.24055119,7,59,1864.89,5.20949569295
NEMO,CHAT,1735,16,4,1,13,3,3,512,1589.6196466,2025.48974968,2023.24055119,7,59,1987.33,4.627450664
NEMO,CHAT,1736,16,4,1,13,5,1,512,1589.6196466,2024.56021586,2022.94879955,9,58,1963.8,10.9287854971
NEMO,CHAT,1214,16,10,9,3,1,1,640,1736.68419075,2024.48960692,2024.48960692,13,76,1117.63,1.89975762162
NEMO,CHAT,917,64,2,13,1,7,1,256,1852.39816419,2023.36543853,2023.36543853,12,27,1146.66,2.21240044444
NEMO,CHAT,188,64,4,11,7,1,1,384,2259.50620782,2023.34014828,2023.34014828,16,23,4101.59,4.85680998157
NEMO,CHAT,552,32,8,7,7,1,1,512,2017.97566802,2020.94265058,2020.94265058,12,28,3838.23,2.36373496397
NEMO,CHAT,1989,16,4,3,11,5,1,640,1533.77636429,2020.79605434,2020.79605434,7,50,2088.2,1.76801167324
NEMO,CHAT,1129,32,10,5,7,1,1,512,1764.52738604,2020.7332017,2020.7332017,10,38,3896.37,3.86873803175
NEMO,CHAT,1987,16,4,3,11,1,5,640,1533.77636429,2020.69889421,2020.69889421,6,51,1927.15,2.3604808998
NEMO,CHAT,1988,16,4,3,11,3,3,640,1533.77636429,2020.69889421,2020.69889421,6,51,1859.24,2.33808095661
NEMO,CHAT,1032,32,10,7,5,1,1,512,1814.82893631,2019.18299636,2019.18299636,11,40,2912.22,2.7946113913
NEMO,CHAT,415,64,6,15,1,1,1,384,2103.41830144,2019.14491852,2019.14491852,19,25,1096.94,2.60198311111
NEMO,CHAT,576,32,8,9,5,1,1,512,2009.8869852,2019.12671965,2019.12671965,14,30,2906.88,2.3367599465
NEMO,CHAT,170,64,4,3,15,1,1,384,2282.84695595,2018.65504707,2018.65504707,19,21,4580.63,5.2114689153
NEMO,CHAT,193,64,4,13,5,1,1,384,2253.60244901,2017.4747046,2017.4747046,19,27,3460.71,3.69401155862
NEMO,CHAT,234,32,4,9,9,1,1,512,2215.14355647,2017.47293492,2017.47293492,14,30,3003.37,2.41303017278
NEMO,CHAT,596,32,8,11,3,1,1,512,2001.7527666,2015.37946246,2015.37946246,16,34,1929.4,2.70948329412
NEMO,CHAT,378,64,6,9,7,1,1,384,2123.15933564,2014.09632313,2014.09632313,13,21,4861.11,3.28663759588
NEMO,CHAT,1335,64,4,9,1,3,7,256,1713.48361785,2013.83738159,2013.83738159,8,21,1173.62,5.4286808
NEMO,CHAT,1336,64,4,9,1,5,5,256,1713.48361785,2013.83738159,2013.83738159,8,21,1173.62,5.4278108
NEMO,CHAT,1337,64,4,9,1,7,3,256,1713.48361785,2013.83738159,2013.83738159,8,21,1173.62,5.4278108
NEMO,CHAT,1338,64,4,9,1,9,1,256,1713.48361785,2013.83738159,2013.83738159,8,21,1173.62,5.4278108
NEMO,CHAT,1340,64,6,9,1,3,5,256,1713.48361785,2013.83738159,2013.83738159,8,21,1161.79,2.21336711111
NEMO,CHAT,1341,64,6,9,1,5,3,256,1713.48361785,2013.83738159,2013.83738159,8,21,1161.79,2.21240044444
NEMO,CHAT,1342,64,6,9,1,7,1,256,1713.48361785,2013.83738159,2013.83738159,8,21,1161.79,2.21240044444
NEMO,CHAT,1344,64,8,9,1,3,3,256,1713.48361785,2013.83738159,2013.83738159,8,21,1145.87,2.37906075
NEMO,CHAT,1345,64,8,9,1,5,1,256,1713.48361785,2013.83738159,2013.83738159,8,21,1145.87,2.37906075
NEMO,CHAT,1347,64,10,9,1,3,1,256,1713.48361785,2013.83738159,2013.83738159,8,21,1115.44,2.39428285714
NEMO,CHAT,235,32,4,11,7,1,1,512,2215.14355647,2013.81928112,2013.81928112,16,30,2571.45,3.32334934144
NEMO,CHAT,1334,64,4,9,1,1,9,256,1713.48361785,2013.57728501,2013.57728501,8,21,1174.16,5.7966108
NEMO,CHAT,1339,64,6,9,1,1,7,256,1713.48361785,2013.57728501,2013.57728501,8,21,1162.55,2.443656
NEMO,CHAT,1343,64,8,9,1,1,5,256,1713.48361785,2013.57728501,2013.57728501,8,21,1147.39,2.5429545
NEMO,CHAT,1346,64,10,9,1,1,3,256,1713.48361785,2013.57728501,2013.57728501,8,21,1116.58,2.53066857143
NEMO,CHAT,1348,64,12,9,1,1,1,256,1713.48361785,2013.57728501,2013.57728501,8,21,1063.93,2.450454
NEMO,CHAT,989,32,10,9,3,1,1,512,1824.10456021,2013.50967176,2013.50967176,13,44,1892.74,2.689498
NEMO,CHAT,1555,16,10,1,11,1,1,640,1644.57876025,2013.07447375,2011.08502548,12,76,2014.18,10.4732123333
NEMO,CHAT,240,32,4,17,1,1,1,512,2213.85283359,2012.80657778,2012.80657778,22,43,923.32,3.1209794
NEMO,CHAT,607,32,8,13,1,1,1,512,1993.5726266,2011.52352777,2011.52352777,18,38,856.23,3.4447025
NEMO,CHAT,236,32,4,13,5,1,1,512,2215.14355647,2011.18630885,2011.18630885,17,29,2881.09,2.85644713514
NEMO,CHAT,285,32,6,1,15,1,1,512,2173.56322575,2010.74454039,2008.75685144,18,38,1968.16,16.427900164
NEMO,CHAT,200,64,4,15,3,1,1,384,2247.6708738,2010.67202277,2010.67202277,20,31,2579.59,6.3280592
NEMO,CHAT,1706,32,2,1,17,1,3,640,1598.91596952,2009.90127744,2005.39446612,9,45,1076.73,22.2744216153
NEMO,CHAT,1026,32,10,11,1,1,1,512,1814.88918024,2009.74141955,2009.74141955,15,46,802.81,3.86855485714
NEMO,CHAT,388,64,6,11,5,1,1,384,2116.61153038,2009.62493142,2009.62493142,17,27,3829.85,4.68009684848
NEMO,CHAT,852,64,2,1,19,1,1,512,1870.60419846,2009.4363302,2006.05989749,16,65,1794.53,10.2013687386
NEMO,CHAT,1737,64,2,7,7,1,7,640,1589.03055471,2007.92398956,2007.92398956,6,30,1624.23,2.8875112789
NEMO,CHAT,1738,64,2,7,7,3,5,640,1589.03055471,2007.92398956,2007.92398956,6,30,1698.88,2.48946961479
NEMO,CHAT,1739,64,2,7,7,5,3,640,1589.03055471,2007.92398956,2007.92398956,6,30,1698.88,2.48946961479
NEMO,CHAT,1740,64,2,7,7,7,1,640,1589.03055471,2007.76213566,2007.76213566,9,27,1554.81,4.73466787251
NEMO,CHAT,1384,32,10,3,9,1,1,512,1706.43669408,2007.7368597,2007.7368597,11,36,3965.53,5.761347875
NEMO,CHAT,1707,32,2,1,17,3,1,640,1598.91596952,2007.70735671,2005.16391603,12,48,1155.88,21.5769431475
NEMO,CHAT,547,32,8,5,9,1,1,512,2026.01919633,2007.63024951,2007.63024951,10,22,4496.76,2.35539009597
NEMO,CHAT,169,64,4,1,17,1,1,384,2288.61452475,2006.15342961,2002.15934861,20,25,1366.01,47.974219
NEMO,CHAT,237,32,4,15,3,1,1,512,2215.14355647,2004.67811698,2004.67811698,19,33,1825.38,3.46215361272
NEMO,CHAT,650,32,8,3,11,1,1,512,1975.00061285,2004.67802046,2004.67802046,14,30,3969.22,6.68348624242
NEMO,CHAT,405,64,6,13,3,1,1,384,2110.0312663,2004.17335575,2004.17335575,18,29,2402.34,2.60198311111
NEMO,CHAT,1574,16,4,5,9,1,5,384,1638.98924096,2003.16631723,2003.16631723,5,44,2287.22,1.24114147243
NEMO,CHAT,1575,16,4,5,9,3,3,384,1638.98924096,2003.16631723,2003.16631723,5,44,2296.78,1.58253030293
NEMO,CHAT,1576,16,4,5,9,5,1,384,1638.98924096,2003.09202766,2003.09202766,7,47,2235.36,1.21959649481
NEMO,CHAT,1529,32,2,7,11,1,3,512,1652.92380928,2002.59477276,2002.59477276,7,38,1506.08,2.45399836213
NEMO,CHAT,1530,32,2,7,11,3,1,512,1652.92380928,2002.26231406,2002.26231406,8,33,1109.09,3.12585941254
NEMO,CHAT,1082,16,4,13,3,3,1,384,1776.00804011,1999.97691971,1999.97691971,15,47,1016.33,1.43385494737
NEMO,CHAT,1081,16,4,13,3,1,3,384,1776.00804011,1999.79118745,1999.79118745,13,46,1014.72,1.53113652632
NEMO,CHAT,1245,64,2,13,1,3,5,512,1729.54235139,1999.41624245,1999.41624245,12,29,976.69,2.87987533333
NEMO,CHAT,1246,64,2,13,1,5,3,512,1729.54235139,1999.41624245,1999.41624245,12,29,976.69,2.87987533333
NEMO,CHAT,1247,64,2,13,1,7,1,512,1729.54235139,1999.31260653,1999.31260653,15,30,976.69,2.87987533333
NEMO,CHAT,1244,64,2,13,1,1,7,512,1729.54235139,1997.84246348,1997.84246348,12,27,976.79,2.956717
NEMO,CHAT,875,64,8,1,13,1,1,384,1863.18019208,1997.83871144,1993.84463044,14,37,2906,23.3458686957
NEMO,CHAT,230,32,4,1,17,1,1,512,2215.14355647,1996.2180448,1994.26932007,19,32,2682.28,20.6794252312
NEMO,CHAT,344,64,6,3,13,1,1,384,2142.61038252,1993.90838727,1993.90838727,15,17,4983.71,10.6938114696
NEMO,CHAT,1582,64,2,7,5,1,9,256,1637.57917934,1992.98223871,1992.98223871,6,21,2629.07,2.67473472727
NEMO,CHAT,1583,64,2,7,5,3,7,256,1637.57917934,1992.98223871,1992.98223871,6,21,2625.32,2.522262
NEMO,CHAT,1584,64,2,7,5,5,5,256,1637.57917934,1992.98223871,1992.98223871,6,21,2625.32,2.522262
NEMO,CHAT,1585,64,2,7,5,7,3,256,1637.57917934,1992.98223871,1992.98223871,6,21,2805.94,1.90619956517
NEMO,CHAT,1586,64,2,7,5,9,1,256,1637.57917934,1992.98223871,1992.98223871,6,21,2741.56,3.21221858838
NEMO,CHAT,653,64,8,7,7,1,1,384,1970.38263836,1991.43819551,1991.43819551,11,11,5054.39,2.66975787691
NEMO,CHAT,1949,64,6,5,7,1,5,512,1539.31843342,1990.93406558,1990.93406558,5,27,4579.12,6.01960005602
NEMO,CHAT,1950,64,6,5,7,3,3,512,1539.31843342,1990.93406558,1990.93406558,5,27,4820.56,2.65593175256
NEMO,CHAT,1952,64,8,5,7,1,3,512,1539.31843342,1990.93406558,1990.93406558,5,27,4897.25,4.11606025877
NEMO,CHAT,1951,64,6,5,7,5,1,512,1539.31843342,1990.93014061,1990.93014061,7,26,4699.71,3.90750081829
NEMO,CHAT,1953,64,8,5,7,3,1,512,1539.31843342,1990.93014061,1990.93014061,7,26,4848.49,3.64559722746
NEMO,CHAT,1898,64,2,1,11,1,9,384,1545.09110698,1990.7861604,1985.87063901,7,28,2185.29,10.7136146224
NEMO,CHAT,1899,64,2,1,11,3,7,384,1545.09110698,1990.7861604,1985.87063901,7,28,2118.2,11.0002978575
NEMO,CHAT,1900,64,2,1,11,5,5,384,1545.09110698,1990.7861604,1985.87063901,7,28,2118.2,11.0002978575
NEMO,CHAT,1901,64,2,1,11,7,3,384,1545.09110698,1990.7861604,1985.87063901,7,28,2118.2,11.0002978575
NEMO,CHAT,1278,64,10,5,7,1,1,384,1726.30982132,1990.54022919,1990.54022919,10,31,4839.89,5.5259472
NEMO,CHAT,1958,64,4,5,7,1,7,512,1538.70092435,1989.86311993,1989.86311993,5,27,3621.11,3.3929892093
NEMO,CHAT,1959,64,4,5,7,3,5,512,1538.70092435,1989.86311993,1989.86311993,5,27,3482.93,4.03492445991
NEMO,CHAT,1960,64,4,5,7,5,3,512,1538.70092435,1989.86311993,1989.86311993,5,27,3647.7,4.12631143265
NEMO,CHAT,1961,64,4,5,7,7,1,512,1538.70092435,1989.86028135,1989.86028135,7,26,3226.32,3.84906110617
NEMO,CHAT,1902,64,2,1,11,9,1,384,1545.09110698,1989.51518611,1985.68105336,9,31,2145.97,11.86809629
NEMO,CHAT,1535,16,4,1,15,1,3,256,1651.59830978,1986.9074961,1984.82347314,6,40,1928.69,5.9410023871
NEMO,CHAT,1721,32,4,7,3,1,9,384,1592.7045744,1986.12382649,1986.12382649,7,32,1785.17,2.42564628571
NEMO,CHAT,1722,32,4,7,3,3,7,384,1592.7045744,1986.12382649,1986.12382649,7,32,1646.96,2.24229710526
NEMO,CHAT,1723,32,4,7,3,5,5,384,1592.7045744,1986.12382649,1986.12382649,7,32,1761.72,2.4913708051
NEMO,CHAT,1724,32,4,7,3,7,3,384,1592.7045744,1986.12382649,1986.12382649,7,32,1761.72,2.4913708051
NEMO,CHAT,1725,32,4,7,3,9,1,384,1592.7045744,1986.12382649,1986.12382649,7,32,1668.02,2.53322263628
NEMO,CHAT,673,64,8,9,5,1,1,384,1963.0565238,1985.66979017,1985.66979017,14,15,3719.51,5.209452875
NEMO,CHAT,1536,16,4,1,15,3,1,256,1651.59830978,1985.4701491,1984.17426707,8,41,1605.41,5.29508859259
NEMO,CHAT,1080,64,10,7,5,1,1,384,1776.36540076,1980.47823009,1980.47823009,11,35,3528.43,3.40323070968
NEMO,CHAT,1092,64,10,11,1,1,1,384,1774.00575825,1979.82187759,1979.82187759,15,31,1094.47,2.78435914286
NEMO,CHAT,1319,32,2,9,9,3,1,256,1718.62714863,1979.48433214,1979.48433214,10,31,1810.06,2.07926460098
NEMO,CHAT,1318,32,2,9,9,1,3,256,1718.62714863,1979.23454365,1979.23454365,9,28,1708.77,2.70421346185
NEMO,CHAT,1690,32,2,7,11,1,3,640,1603.39188469,1979.13742214,1979.13742214,7,40,1220.78,3.50991017126
NEMO,CHAT,689,64,8,11,3,1,1,384,1955.69198609,1979.01088062,1979.01088062,15,19,2268.68,2.53226715789
NEMO,CHAT,1691,32,2,7,11,3,1,640,1603.39188469,1978.90687205,1978.90687205,8,39,1131.87,3.58137463973
NEMO,CHAT,1492,64,10,3,9,1,1,384,1668.65508261,1978.24840254,1978.24840254,11,31,5372.32,3.49385921855
NEMO,CHAT,1639,64,2,9,5,3,5,640,1618.3193857,1978.06315216,1978.06315216,8,26,1698.88,2.48946961479
NEMO,CHAT,1640,64,2,9,5,5,3,640,1618.3193857,1978.06315216,1978.06315216,8,26,1698.88,2.48946961479
NEMO,CHAT,1641,64,2,9,5,7,1,640,1618.3193857,1977.93674146,1977.93674146,11,27,1554.81,4.73466787251
NEMO,CHAT,1638,64,2,9,5,1,7,640,1618.3193857,1977.88870334,1977.88870334,8,26,1624.23,2.8875112789
NEMO,CHAT,1741,16,4,5,9,1,5,512,1588.18020405,1977.57803614,1977.57803614,5,48,2111.55,1.07474997757
NEMO,CHAT,1742,16,4,5,9,3,3,512,1588.18020405,1977.57803614,1977.57803614,5,48,2001.14,1.27222946479
NEMO,CHAT,1743,16,4,5,9,5,1,512,1588.18020405,1977.50258945,1977.50258945,7,45,1848.07,1.35403938332
NEMO,CHAT,1770,64,6,7,5,1,5,512,1582.92922517,1974.98489932,1974.98489932,6,31,3834.25,4.70830696233
NEMO,CHAT,1771,64,6,7,5,3,3,512,1582.92922517,1974.98489932,1974.98489932,6,31,3714.61,3.9767052639
NEMO,CHAT,1773,64,8,7,5,1,3,512,1582.92922517,1974.98489932,1974.98489932,6,31,3557.86,9.60285025669
NEMO,CHAT,1772,64,6,7,5,5,1,512,1582.92922517,1974.79317334,1974.79317334,10,28,3827.95,3.3503310303
NEMO,CHAT,1774,64,8,7,5,3,1,512,1582.92922517,1974.79317334,1974.79317334,10,28,3573.14,2.86368453097
NEMO,CHAT,1241,16,4,13,3,3,1,512,1732.92895242,1974.62142713,1974.62142713,15,49,1054.73,1.39034481494
NEMO,CHAT,1240,16,4,13,3,1,3,512,1732.92895242,1974.17768454,1974.17768454,13,48,1083.64,1.14017762776
NEMO,CHAT,1781,64,4,7,5,1,7,512,1582.2442466,1973.8553005,1973.8553005,6,31,3489.92,3.33868123517
NEMO,CHAT,1782,64,4,7,5,3,5,512,1582.2442466,1973.8553005,1973.8553005,6,31,3477.59,3.07080350831
NEMO,CHAT,1783,64,4,7,5,5,3,512,1582.2442466,1973.8553005,1973.8553005,6,31,3481.69,2.94024546107
NEMO,CHAT,1784,64,4,7,5,7,1,512,1582.2442466,1973.24819113,1973.24819113,10,28,3416.69,3.84889293018
NEMO,CHAT,1437,16,6,9,3,1,5,384,1676.02349428,1972.82901024,1972.82901024,9,40,999.56,1.56378388889
NEMO,CHAT,1438,16,6,9,3,3,3,384,1676.02349428,1972.82901024,1972.82901024,9,40,1001.85,1.49198388889
NEMO,CHAT,1439,16,6,9,3,5,1,384,1676.02349428,1972.82901024,1972.82901024,9,40,999.99,1.49197277778
NEMO,CHAT,1440,16,8,9,3,1,3,384,1676.02349428,1972.82901024,1972.82901024,9,40,990.44,1.608944
NEMO,CHAT,1441,16,8,9,3,3,1,384,1676.02349428,1972.82901024,1972.82901024,9,40,990.96,1.54671458824
NEMO,CHAT,1537,16,10,9,3,1,1,384,1651.34831082,1972.82901024,1972.82901024,9,40,975.17,1.60956164706
NEMO,CHAT,1074,64,10,9,3,1,1,384,1782.34994422,1972.35381885,1972.35381885,13,37,2272.15,3.06432945455
NEMO,CHAT,2031,16,4,1,13,1,5,640,1521.49299138,1971.31522509,1969.06940106,7,54,1674.7,14.4500146741
NEMO,CHAT,2032,16,4,1,13,3,3,640,1521.49299138,1971.31522509,1969.06940106,7,54,1699.77,12.9584870586
NEMO,CHAT,2033,16,4,1,13,5,1,640,1521.49299138,1970.26778425,1968.65903333,10,53,1587.83,14.2325259808
NEMO,CHAT,858,64,2,13,7,1,1,512,1870.60419846,1970.07120576,1970.07120576,15,56,2025.66,2.04742855096
NEMO,CHAT,1565,16,4,3,13,1,3,256,1641.55150732,1968.93288593,1968.93288593,5,30,2050.27,1.73914113433
NEMO,CHAT,1566,16,4,3,13,3,1,256,1641.55150732,1968.56154959,1968.56154959,6,31,1686.66,1.73500571429
NEMO,CHAT,1776,64,2,7,5,1,9,384,1582.67470232,1963.62622064,1963.62622064,6,25,1900.09,3.41491247364
NEMO,CHAT,1777,64,2,7,5,3,7,384,1582.67470232,1963.62622064,1963.62622064,6,25,1780.91,4.17351060424
NEMO,CHAT,1778,64,2,7,5,5,5,384,1582.67470232,1963.62622064,1963.62622064,6,25,1780.91,4.17351060424
NEMO,CHAT,1779,64,2,7,5,7,3,384,1582.67470232,1963.62622064,1963.62622064,6,25,1780.91,4.17351060424
NEMO,CHAT,1780,64,2,7,5,9,1,384,1582.67470232,1963.36772081,1963.36772081,8,26,1554.81,3.130976525
NEMO,CHAT,1426,32,2,9,9,3,1,384,1681.61230604,1960.62395423,1960.62395423,10,35,1213.81,2.67970904721
NEMO,CHAT,1425,32,2,9,9,1,3,384,1681.61230604,1960.57922655,1960.57922655,9,34,1336.61,2.49682051132
NEMO,CHAT,1621,64,6,9,3,1,5,512,1620.6605011,1956.57658696,1956.57658696,8,25,2400.18,2.92036955556
NEMO,CHAT,1622,64,6,9,3,3,3,512,1620.6605011,1956.57658696,1956.57658696,8,25,2400.41,2.74075844444
NEMO,CHAT,1624,64,8,9,3,1,3,512,1620.6605011,1956.57658696,1956.57658696,8,25,2278.18,2.85446147368
NEMO,CHAT,1623,64,6,9,3,5,1,512,1620.6605011,1956.40556283,1956.40556283,12,28,2399.99,2.73980288889
NEMO,CHAT,1625,64,8,9,3,3,1,512,1620.6605011,1956.40556283,1956.40556283,12,28,2276.26,2.68776673684
NEMO,CHAT,1983,16,4,5,9,1,5,640,1535.04339827,1956.26194361,1956.26194361,5,45,2078.29,1.21319016556
NEMO,CHAT,1984,16,4,5,9,3,3,640,1535.04339827,1956.26194361,1956.26194361,5,45,1863.38,1.46793701344
NEMO,CHAT,1985,16,4,5,9,5,1,640,1535.04339827,1956.18634804,1956.18634804,7,44,2043.75,1.24139626846
NEMO,CHAT,1630,64,4,9,3,3,5,512,1619.90794218,1955.38965161,1955.38965161,8,25,2251.06,6.57008223071
NEMO,CHAT,1631,64,4,9,3,5,3,512,1619.90794218,1955.38965161,1955.38965161,8,25,2251.06,6.57008223071
NEMO,CHAT,1629,64,4,9,3,1,7,512,1619.90794218,1955.18130887,1955.18130887,8,25,2555.35,7.117506175
NEMO,CHAT,1398,16,10,11,1,1,1,640,1694.34694146,1955.01751432,1955.01751432,14,56,417.17,2.151342
NEMO,CHAT,1632,64,4,9,3,7,1,512,1619.90794218,1955.01164239,1955.01164239,12,26,2559.56,6.7378348
NEMO,CHAT,1402,16,4,13,3,3,1,640,1692.21171479,1953.81200206,1953.81200206,16,52,1074.04,1.54751553548
NEMO,CHAT,1401,16,4,13,3,1,3,640,1692.21171479,1953.11015393,1953.11015393,13,53,1083.47,1.27366471661
NEMO,CHAT,859,64,2,15,5,1,1,512,1870.60419846,1949.5095851,1949.50958509,16,58,2025.66,2.04742855096
NEMO,CHAT,1562,64,2,11,3,3,5,640,1642.29672709,1949.07455886,1949.07455886,10,31,1698.88,2.48946961479
NEMO,CHAT,1563,64,2,11,3,5,3,640,1642.29672709,1949.07455886,1949.07455886,10,31,1698.88,2.48946961479
NEMO,CHAT,1564,64,2,11,3,7,1,640,1642.29672709,1948.98359136,1948.98359136,13,32,1554.81,4.73466787251
NEMO,CHAT,1561,64,2,11,3,1,7,640,1642.29672709,1948.5512124,1948.5512124,10,31,1624.23,2.8875112789
NEMO,CHAT,700,16,4,3,15,1,1,384,1948.5563194,1947.27000375,1947.27000375,4,74,2296.95,1.86919473808
NEMO,CHAT,529,64,2,17,3,1,1,384,2036.22817824,1945.66263724,1945.66263724,22,27,1989.04,2.57388570258
NEMO,CHAT,530,64,2,19,1,1,1,384,2036.22817824,1940.81428357,1940.81428357,23,29,1095.28,2.617852
NEMO,CHAT,1524,64,6,11,1,1,5,512,1653.26798431,1939.21078885,1939.21078885,10,31,979.01,2.92017511111
NEMO,CHAT,1527,64,8,11,1,1,3,512,1653.26798431,1939.21078885,1939.21078885,10,31,978.66,3.1307645
NEMO,CHAT,1532,64,4,11,1,3,5,512,1652.44780981,1938.38240188,1938.38240188,10,31,980.28,6.7381048
NEMO,CHAT,1533,64,4,11,1,5,3,512,1652.44780981,1938.38240188,1938.38240188,10,31,980.28,6.7359298
NEMO,CHAT,1587,32,2,9,9,1,3,512,1637.49407123,1938.30729532,1938.30729532,9,31,1550.24,2.31126555583
NEMO,CHAT,1588,32,2,9,9,3,1,512,1637.49407123,1938.24823332,1938.24823332,10,32,1401.07,2.51807768758
NEMO,CHAT,1534,64,4,11,1,7,1,512,1652.44780981,1938.23349282,1938.23349282,14,30,980.28,6.7359298
NEMO,CHAT,1531,64,4,11,1,1,7,512,1652.44780981,1938.17405914,1938.17405914,10,31,979.74,7.1229148
NEMO,CHAT,1525,64,6,11,1,3,3,512,1653.26798431,1937.95977175,1937.95977175,10,29,978.86,2.73938622222
NEMO,CHAT,1526,64,6,11,1,5,1,512,1653.26798431,1937.80944946,1937.80944946,14,28,978.86,2.73938622222
NEMO,CHAT,1528,64,8,11,1,3,1,512,1653.26798431,1937.80944946,1937.80944946,14,28,978.35,2.94570825
NEMO,CHAT,1843,8,6,1,13,1,3,512,1564.7110997,1937.61148572,1935.54146946,8,89,1547.78,3.4173824793
NEMO,CHAT,1844,8,6,1,13,3,1,512,1564.7110997,1937.11743961,1935.63282776,10,88,1403.91,3.29506840382
NEMO,CHAT,1854,8,6,3,11,1,3,512,1560.10066437,1932.39655523,1932.39655523,8,72,1691.12,0.865112821223
NEMO,CHAT,1855,8,6,3,11,3,1,512,1560.10066437,1932.01021747,1932.01021747,9,73,1529.97,0.937133963542
NEMO,CHAT,1962,32,6,7,3,1,7,512,1538.3121218,1931.50072138,1931.50072138,7,23,1920.68,3.82381507486
NEMO,CHAT,1963,32,6,7,3,3,5,512,1538.3121218,1931.50072138,1931.50072138,7,23,1956.27,2.534598
NEMO,CHAT,1964,32,6,7,3,5,3,512,1538.3121218,1931.50072138,1931.50072138,7,23,1956.27,2.534598
NEMO,CHAT,1966,32,8,7,3,1,5,512,1538.3121218,1931.50072138,1931.50072138,7,23,1931.9,2.63147142857
NEMO,CHAT,1967,32,8,7,3,3,3,512,1538.3121218,1931.50072138,1931.50072138,7,23,1934.21,2.53445976471
NEMO,CHAT,1969,32,10,7,3,1,3,512,1538.3121218,1931.50072138,1931.50072138,7,23,1898.73,2.68427447059
NEMO,CHAT,1965,32,6,7,3,7,1,512,1538.3121218,1931.30019588,1931.30019588,10,24,1959.36,2.534498
NEMO,CHAT,1968,32,8,7,3,5,1,512,1538.3121218,1931.30019588,1931.30019588,10,24,1931.09,2.53435388235
NEMO,CHAT,1970,32,10,7,3,3,1,512,1538.3121218,1931.30019588,1931.30019588,10,24,1896.71,2.53431270588
NEMO,CHAT,1626,16,4,7,7,1,5,384,1620.16078711,1922.59682633,1922.59682633,7,37,2140.77,0.969946316364
NEMO,CHAT,1627,16,4,7,7,3,3,384,1620.16078711,1922.59682633,1922.59682633,7,37,2099.19,1.2112489685
NEMO,CHAT,1628,16,4,7,7,5,1,384,1620.16078711,1922.47932878,1922.47932878,10,36,1983.73,1.38757969139
NEMO,CHAT,1515,64,2,13,1,3,5,640,1661.55136231,1922.00490256,1922.00490256,12,29,859.42,3.17706333333
NEMO,CHAT,1516,64,2,13,1,5,3,640,1661.55136231,1922.00490256,1922.00490256,12,29,859.42,3.17706333333
NEMO,CHAT,1517,64,2,13,1,7,1,640,1661.55136231,1921.94937826,1921.94937826,14,30,859.42,3.17706333333
NEMO,CHAT,1514,64,2,13,1,1,7,640,1661.55136231,1920.4348632,1920.4348632,12,31,859.88,3.32908833333
NEMO,CHAT,1220,16,4,15,1,3,1,384,1736.58714774,1918.71481116,1918.71481116,18,42,463.21,1.3089736
NEMO,CHAT,1219,16,4,15,1,1,3,384,1736.58714774,1917.66311338,1917.66311338,15,41,462.54,1.4371986
NEMO,CHAT,1719,32,2,9,9,1,3,640,1592.71303092,1916.65366459,1916.65366459,9,35,1437.15,2.73788382609
NEMO,CHAT,1720,32,2,9,9,3,1,640,1592.71303092,1916.59394456,1916.59394456,10,38,1131.87,3.58137463973
NEMO,CHAT,1428,32,4,11,1,3,5,256,1677.31536366,1916.04938184,1916.04938184,11,32,658.8,2.1437042
NEMO,CHAT,1429,32,4,11,1,5,3,256,1677.31536366,1916.04938184,1916.04938184,11,32,658.8,2.1437042
NEMO,CHAT,1430,32,4,11,1,7,1,256,1677.31536366,1916.04938184,1916.04938184,11,32,658.8,2.1437042
NEMO,CHAT,1432,32,6,11,1,3,3,256,1677.31536366,1916.04938184,1916.04938184,11,32,635.21,2.35963822222
NEMO,CHAT,1433,32,6,11,1,5,1,256,1677.31536366,1916.04938184,1916.04938184,11,32,635.21,2.35963822222
NEMO,CHAT,1435,32,8,11,1,3,1,256,1677.31536366,1916.04938184,1916.04938184,11,32,621.35,2.51726175
NEMO,CHAT,1427,32,4,11,1,1,7,256,1677.31536366,1915.6899182,1915.6899182,11,32,659.9,2.4907242
NEMO,CHAT,1431,32,6,11,1,1,5,256,1677.31536366,1915.6899182,1915.6899182,11,32,634.91,2.73878822222
NEMO,CHAT,1434,32,8,11,1,1,3,256,1677.31536366,1915.6899182,1915.6899182,11,32,621.3,2.8547805
NEMO,CHAT,1685,32,10,11,1,1,1,256,1608.67667671,1915.6899182,1915.6899182,11,32,592.88,3.07509171429
NEMO,CHAT,1938,16,6,7,3,1,7,512,1541.1912235,1915.07912761,1915.07912761,7,51,1101.87,1.4114455098
NEMO,CHAT,1939,16,6,7,3,3,5,512,1541.1912235,1915.07912761,1915.07912761,7,51,1101.72,1.4340747008
NEMO,CHAT,1940,16,6,7,3,5,3,512,1541.1912235,1915.07912761,1915.07912761,7,51,1101.72,1.4340747008
NEMO,CHAT,1941,16,6,7,3,7,1,512,1541.1912235,1915.07912761,1915.07912761,7,51,1123.82,1.60624951923
NEMO,CHAT,1942,16,8,7,3,1,5,512,1541.1912235,1915.07912761,1915.07912761,7,51,1141.43,1.69406830769
NEMO,CHAT,1943,16,8,7,3,3,3,512,1541.1912235,1915.07912761,1915.07912761,7,51,1140.23,1.56801702564
NEMO,CHAT,1944,16,8,7,3,5,1,512,1541.1912235,1915.07912761,1915.07912761,7,51,1142.46,1.56724266667
NEMO,CHAT,1945,16,10,7,3,1,3,512,1541.1912235,1915.07912761,1915.07912761,7,51,1119.13,1.69954843243
NEMO,CHAT,1946,16,10,7,3,3,1,512,1541.1912235,1915.07912761,1915.07912761,7,51,1116.55,1.63419167568
NEMO,CHAT,1947,16,12,7,3,1,1,512,1541.1912235,1915.07912761,1915.07912761,7,51,1097.07,1.69644843243
NEMO,CHAT,1793,32,6,9,1,1,7,512,1577.12652012,1913.92455364,1913.92455364,9,21,891.11,3.32104777778
NEMO,CHAT,1794,32,6,9,1,3,5,512,1577.12652012,1913.92455364,1913.92455364,9,21,890.53,2.93439777778
NEMO,CHAT,1795,32,6,9,1,5,3,512,1577.12652012,1913.92455364,1913.92455364,9,21,890.53,2.93439777778
NEMO,CHAT,1797,32,8,9,1,1,5,512,1577.12652012,1913.92455364,1913.92455364,9,21,856.23,3.4447025
NEMO,CHAT,1798,32,8,9,1,3,3,512,1577.12652012,1913.92455364,1913.92455364,9,21,856.82,3.1311025
NEMO,CHAT,1800,32,10,9,1,1,3,512,1577.12652012,1913.92455364,1913.92455364,9,21,802.81,3.86855485714
NEMO,CHAT,1796,32,6,9,1,7,1,512,1577.12652012,1913.74734627,1913.74734627,12,22,890.53,2.93439777778
NEMO,CHAT,1799,32,8,9,1,5,1,512,1577.12652012,1913.74734627,1913.74734627,12,22,855.53,3.1311025
NEMO,CHAT,1801,32,10,9,1,3,1,512,1577.12652012,1913.74734627,1913.74734627,12,22,800.24,3.51797628571
NEMO,CHAT,1400,32,2,11,7,3,1,256,1692.58380523,1913.51786242,1913.51786242,12,33,1810.06,2.07926460098
NEMO,CHAT,1971,32,12,7,3,1,1,512,1538.3121218,1913.51287965,1913.51287965,9,19,1880.71,2.87792193548
NEMO,CHAT,1830,32,2,3,13,1,5,256,1570.3959643,1913.43760433,1913.43760433,5,28,1754.26,3.871959875
NEMO,CHAT,1831,32,2,3,13,3,3,256,1570.3959643,1913.43760433,1913.43760433,5,28,1764.53,3.09032278788
NEMO,CHAT,1399,32,2,11,7,1,3,256,1692.58380523,1913.40455046,1913.40455046,11,32,1708.77,2.70421346185
NEMO,CHAT,1832,32,2,3,13,5,1,256,1570.3959643,1913.10610672,1913.10610672,6,27,1758.08,3.23909551515
NEMO,CHAT,839,16,4,3,15,1,1,512,1879.58679642,1910.38493534,1910.38493534,10,67,2095.42,2.21337661918
NEMO,CHAT,1618,16,4,5,11,1,3,256,1624.70718277,1907.01593572,1907.01593572,5,27,1931.15,1.26284833013
NEMO,CHAT,1619,16,4,5,11,3,1,256,1624.70718277,1906.78353424,1906.78353424,6,26,1693.5,1.18462714286
NEMO,CHAT,1697,64,10,1,11,1,1,384,1602.14062946,1905.8693429,1901.8752619,8,17,3109.07,17.0971543333
NEMO,CHAT,1805,32,2,1,15,1,5,256,1576.15162518,1905.45205684,1903.39950526,7,35,1407.35,19.2662552269
NEMO,CHAT,1806,32,2,1,15,3,3,256,1576.15162518,1905.45205684,1903.39950526,7,35,1581.87,15.165728211
NEMO,CHAT,1807,32,2,1,15,5,1,256,1576.15162518,1904.17311602,1902.89687162,9,36,1584.1,15.9226688517
NEMO,CHAT,1140,64,2,7,13,1,1,640,1759.53921226,1903.52128104,1903.52128104,6,65,1609.48,3.9569437541
NEMO,CHAT,1817,16,4,7,7,1,5,512,1573.65006198,1899.17137925,1899.17137925,7,45,1922.1,1.35852527891
NEMO,CHAT,1818,16,4,7,7,3,3,512,1573.65006198,1899.17137925,1899.17137925,7,45,1813.35,1.22593900214
NEMO,CHAT,1819,16,4,7,7,5,1,512,1573.65006198,1899.05278634,1899.05278634,10,44,2156.77,1.02479904425
NEMO,CHAT,1521,32,2,11,7,3,1,384,1658.36603947,1895.67114275,1895.67114275,12,34,1213.81,2.67970904721
NEMO,CHAT,1394,16,4,15,1,3,1,512,1697.22735532,1895.65272168,1895.65272168,18,48,508.43,1.46686
NEMO,CHAT,1520,32,2,11,7,1,3,384,1658.36603947,1895.45532894,1895.45532894,11,35,1336.61,2.49682051132
NEMO,CHAT,1393,16,4,15,1,1,3,512,1697.22735532,1894.86294856,1894.86294856,15,49,509.67,1.59977
NEMO,CHAT,2002,32,2,3,13,1,5,384,1529.92543007,1894.50656864,1894.50656864,6,31,1562.35,3.68102627144
NEMO,CHAT,2003,32,2,3,13,3,3,384,1529.92543007,1894.50656864,1894.50656864,6,31,1389.65,2.94576045302
NEMO,CHAT,2004,32,2,3,13,5,1,384,1529.92543007,1894.07277625,1894.07277625,7,32,1296.91,2.09197988338
NEMO,CHAT,1802,32,12,9,1,1,1,512,1577.12652012,1893.87299955,1893.87299955,11,19,726.69,3.83411630769
NEMO,CHAT,1139,64,2,5,15,1,1,640,1759.53921226,1891.75596653,1891.75596653,10,60,1699.5,3.04830243692
NEMO,CHAT,860,64,2,17,3,1,1,512,1870.60419846,1886.51029308,1886.51029308,18,45,2025.66,2.04742855096
NEMO,CHAT,1634,64,2,9,3,3,7,256,1619.29202887,1886.4755246,1886.4755246,9,23,2282.25,2.21501711111
NEMO,CHAT,1635,64,2,9,3,5,5,256,1619.29202887,1886.4755246,1886.4755246,9,23,2282.25,2.21501711111
NEMO,CHAT,1636,64,2,9,3,7,3,256,1619.29202887,1886.4755246,1886.4755246,9,23,2282.25,2.21501711111
NEMO,CHAT,1633,64,2,9,3,1,9,256,1619.29202887,1886.30013451,1886.30013451,9,23,2282.11,2.34418377778
NEMO,CHAT,699,16,4,1,17,1,1,384,1948.5563194,1886.10336926,1884.48880678,13,78,2137.58,9.33522939456
NEMO,CHAT,1637,64,2,9,3,9,1,256,1619.29202887,1885.97853237,1885.97853237,9,23,2281.79,2.21485044444
NEMO,CHAT,1752,32,4,9,1,1,9,384,1585.39011388,1883.68492087,1883.68492087,9,24,904.7,2.7130184
NEMO,CHAT,1753,32,4,9,1,3,7,384,1585.39011388,1883.68492087,1883.68492087,9,24,906.93,2.3763134
NEMO,CHAT,1754,32,4,9,1,5,5,384,1585.39011388,1883.68492087,1883.68492087,9,24,906.99,2.3734134
NEMO,CHAT,1755,32,4,9,1,7,3,384,1585.39011388,1883.68492087,1883.68492087,9,24,906.99,2.3734134
NEMO,CHAT,1756,32,4,9,1,9,1,384,1585.39011388,1883.68492087,1883.68492087,9,24,906.99,2.3734134
NEMO,CHAT,2014,16,4,7,7,1,5,640,1526.72916377,1879.16829151,1879.16829151,7,45,1901.47,1.41447336724
NEMO,CHAT,2015,16,4,7,7,3,3,640,1526.72916377,1879.16829151,1879.16829151,7,45,1788.24,1.47820466523
NEMO,CHAT,2016,16,4,7,7,5,1,640,1526.72916377,1879.04957162,1879.04957162,10,44,1913.71,1.40975264706
NEMO,CHAT,1519,16,4,15,1,3,1,640,1660.83302428,1875.8979542,1875.8979542,18,50,507.33,1.6188722
NEMO,CHAT,1643,32,2,11,7,3,1,512,1617.4630522,1875.66781036,1875.66781036,12,34,1401.07,2.51807768758
NEMO,CHAT,1642,32,2,11,7,1,3,512,1617.4630522,1875.55587978,1875.55587978,11,33,1550.24,2.31126555583
NEMO,CHAT,1518,16,4,15,1,1,3,640,1660.83302428,1874.85059469,1874.85059469,15,49,507.99,1.8258922
NEMO,CHAT,1990,32,2,1,15,1,5,384,1532.47638941,1872.68310488,1870.63137407,7,38,1313.27,18.0909572344
NEMO,CHAT,1991,32,2,1,15,3,3,384,1532.47638941,1872.68310488,1870.63137407,7,38,1419.11,14.9053516805
NEMO,CHAT,1577,16,6,11,1,1,5,384,1638.75500334,1870.20358989,1870.20358989,11,34,446.19,1.54352688889
NEMO,CHAT,1578,16,6,11,1,3,3,384,1638.75500334,1870.20358989,1870.20358989,11,34,443.61,1.43651022222
NEMO,CHAT,1579,16,6,11,1,5,1,384,1638.75500334,1870.20358989,1870.20358989,11,34,443.61,1.43651022222
NEMO,CHAT,1580,16,8,11,1,1,3,384,1638.75500334,1870.20358989,1870.20358989,11,34,412.83,1.67982225
NEMO,CHAT,1581,16,8,11,1,3,1,384,1638.75500334,1870.20358989,1870.20358989,11,34,412.24,1.58153475
NEMO,CHAT,1744,16,10,11,1,1,1,384,1588.10045955,1870.20358989,1870.20358989,11,34,381.51,1.87704485714
NEMO,CHAT,1992,32,2,1,15,5,1,384,1532.47638941,1869.48979094,1868.21402477,10,39,1521.94,14.2369979577
NEMO,CHAT,1896,8,6,5,9,1,3,512,1546.52001267,1869.48509964,1869.48509964,7,70,1482.79,0.757517765161
NEMO,CHAT,1897,8,6,5,9,3,1,512,1546.52001267,1869.41722592,1869.41722592,9,71,1624.3,0.549397143541
NEMO,CHAT,981,16,4,3,15,1,1,640,1828.73017497,1867.80180681,1867.80180681,12,73,2068.16,2.26258495743
NEMO,CHAT,861,64,2,19,1,1,1,512,1870.60419846,1865.76075046,1865.76075046,21,53,976.79,2.956717
NEMO,CHAT,1835,64,2,9,3,1,9,384,1569.0984963,1860.05340198,1860.05340198,8,25,2016.17,3.13502274257
NEMO,CHAT,1836,64,2,9,3,3,7,384,1569.0984963,1860.05340198,1860.05340198,8,25,1889.41,4.72501896588
NEMO,CHAT,1837,64,2,9,3,5,5,384,1569.0984963,1860.05340198,1860.05340198,8,25,1889.41,4.72501896588
NEMO,CHAT,1838,64,2,9,3,7,3,384,1569.0984963,1860.05340198,1860.05340198,8,25,1889.41,4.72501896588
NEMO,CHAT,1803,32,2,11,7,1,3,640,1576.98836394,1856.31841737,1856.31841737,11,36,1437.15,2.73788382609
NEMO,CHAT,1804,32,2,11,7,3,1,640,1576.98836394,1856.22490737,1856.22490737,12,33,1131.87,3.58137463973
NEMO,CHAT,1138,64,2,3,17,1,1,640,1759.53921226,1853.86378112,1852.33154445,15,63,1609.17,3.84632580984
NEMO,CHAT,807,64,6,1,15,1,1,512,1896.93695249,1853.74142675,1850.26831818,18,55,2207.65,39.6578387368
NEMO,CHAT,1123,64,8,5,9,1,1,512,1768.05786861,1853.04089938,1853.04089938,12,51,5137.72,3.90246872741
NEMO,CHAT,1839,64,2,9,3,9,1,384,1569.0984963,1852.22818903,1852.22818903,8,25,1843.32,3.16417269594
NEMO,CHAT,1857,32,2,5,11,1,5,256,1557.70943381,1850.34578755,1850.34578755,5,30,1654.21,1.8025014791
NEMO,CHAT,1858,32,2,5,11,3,3,256,1557.70943381,1850.34578755,1850.34578755,5,30,1644.09,1.70260780279
NEMO,CHAT,1859,32,2,5,11,5,1,256,1557.70943381,1850.21936497,1850.21936497,6,33,1651.5,1.70428700965
NEMO,CHAT,1513,32,2,13,5,3,1,256,1662.65750173,1847.44885517,1847.44885517,14,35,1805.05,2.07371064976
NEMO,CHAT,1512,32,2,13,5,1,3,256,1662.65750173,1847.06186967,1847.06186967,13,32,1709.83,2.7705042249
NEMO,CHAT,644,32,6,7,9,1,1,640,1976.58926709,1844.78563858,1844.78563858,12,30,3505.13,2.77541922319
NEMO,CHAT,651,32,6,9,7,1,1,640,1973.9854196,1843.54754333,1843.54754333,14,34,3636.63,2.60968280793
NEMO,CHAT,652,32,6,11,5,1,1,640,1971.37626415,1843.16550574,1843.16550574,16,36,2765.88,2.38201457278
NEMO,CHAT,1713,16,4,9,5,1,5,384,1593.79928543,1842.80662702,1842.80662702,9,34,1570.86,1.08200047585
NEMO,CHAT,1714,16,4,9,5,3,3,384,1593.79928543,1842.80662702,1842.80662702,9,34,1554.62,1.00282629748
NEMO,CHAT,1715,16,4,9,5,5,1,384,1593.79928543,1842.7758034,1842.7758034,12,35,1515.36,1.45985908985
NEMO,CHAT,1698,16,4,7,9,1,3,256,1602.0172594,1841.27804223,1841.27804223,8,26,1687.27,1.22782178571
NEMO,CHAT,1699,16,4,7,9,3,1,256,1602.0172594,1841.11512951,1841.11512951,9,27,1677.04,1.15640928571
NEMO,CHAT,1141,64,2,9,11,1,1,640,1759.53921226,1840.3405204,1840.3405204,10,52,1609.48,3.9569437541
NEMO,CHAT,654,32,6,13,3,1,1,640,1968.7617845,1838.73513332,1838.73513332,18,36,1754.25,3.38782256805
NEMO,CHAT,669,32,6,15,1,1,1,640,1966.14196433,1838.28569363,1838.28569363,20,38,838.06,3.56646955556
NEMO,CHAT,1142,64,2,11,9,1,1,640,1759.53921226,1835.3484591,1835.3484591,12,56,1609.48,3.9569437541
NEMO,CHAT,2034,32,2,5,11,1,5,384,1520.35756256,1832.12222031,1832.12222031,5,32,1305.83,1.89503925035
NEMO,CHAT,2035,32,2,5,11,3,3,384,1520.35756256,1832.12222031,1832.12222031,5,32,1320.97,1.74225774415
NEMO,CHAT,2036,32,2,5,11,5,1,384,1520.35756256,1831.89338388,1831.89338388,6,31,1395.48,2.06132215906
NEMO,CHAT,1143,64,2,13,7,1,1,640,1759.53921226,1829.33089224,1829.33089224,14,56,1609.48,3.9569437541
NEMO,CHAT,1600,32,2,13,5,3,1,384,1631.1015357,1829.28363956,1829.28363956,14,35,1213.81,2.67970904721
NEMO,CHAT,1599,32,2,13,5,1,3,384,1631.1015357,1828.79426164,1828.79426164,13,34,1336.61,2.49682051132
NEMO,CHAT,634,32,6,5,11,1,1,640,1979.18782281,1824.83416899,1824.83416899,14,27,3711.17,2.31858568781
NEMO,CHAT,1145,64,2,17,3,1,1,640,1759.53921226,1823.73792915,1823.73792915,18,60,1609.48,3.9569437541
NEMO,CHAT,1883,16,4,9,5,1,5,512,1551.43164997,1822.0619782,1822.0619782,9,41,1733.17,1.54378642544
NEMO,CHAT,1884,16,4,9,5,3,3,512,1551.43164997,1822.0619782,1822.0619782,9,41,1770.7,1.07410667519
NEMO,CHAT,1885,16,4,9,5,5,1,512,1551.43164997,1822.02996466,1822.02996466,12,42,1711.39,0.91689448079
NEMO,CHAT,1144,64,2,15,5,1,1,640,1759.53921226,1820.81218632,1820.81218632,16,58,1609.48,3.9569437541
NEMO,CHAT,983,32,8,7,7,1,1,640,1827.92461713,1815.72749381,1815.72749381,12,22,3676.86,2.55227040041
NEMO,CHAT,630,32,6,3,13,1,1,640,1981.78110287,1814.30499919,1814.30499919,16,26,3341.82,8.45536921495
NEMO,CHAT,988,32,8,9,5,1,1,640,1825.00905216,1813.58714684,1813.58714684,14,24,2773.84,2.99661222176
NEMO,CHAT,447,32,4,7,11,1,1,640,2084.41480653,1813.04886651,1813.04886651,11,20,2765.71,2.60196475808
NEMO,CHAT,1717,32,2,13,5,3,1,512,1593.28180629,1812.16575025,1812.16575025,14,34,1401.07,2.51807768758
NEMO,CHAT,992,32,8,11,3,1,1,640,1822.08719754,1811.8638924,1811.8638924,16,26,1740.27,2.4690321672
NEMO,CHAT,448,32,4,9,9,1,1,640,2084.41480653,1811.75406039,1811.75406039,13,20,2428.24,3.07938231008
NEMO,CHAT,1716,32,2,13,5,1,3,512,1593.28180629,1811.47321059,1811.47321059,13,35,1550.24,2.31126555583
NEMO,CHAT,1295,64,8,3,11,1,1,512,1723.31799233,1811.34588005,1811.34588005,15,45,5179.48,3.52335080071
NEMO,CHAT,449,32,4,11,7,1,1,640,2084.41480653,1810.82774013,1810.82774013,15,22,2384.47,2.50265352846
NEMO,CHAT,838,16,4,1,17,1,1,512,1879.58679642,1809.53582947,1807.92441315,13,69,1921.21,13.1187063727
NEMO,CHAT,1903,64,6,9,1,1,7,384,1545.07296418,1808.7912111,1808.7912111,8,21,1096.94,2.60198311111
NEMO,CHAT,1904,64,6,9,1,3,5,384,1545.07296418,1808.7912111,1808.7912111,8,21,1095.88,2.45049422222
NEMO,CHAT,1905,64,6,9,1,5,3,384,1545.07296418,1808.7912111,1808.7912111,8,21,1095.88,2.45049422222
NEMO,CHAT,1906,64,6,9,1,7,1,384,1545.07296418,1808.7912111,1808.7912111,8,21,1095.88,2.45049422222
NEMO,CHAT,1907,64,8,9,1,1,5,384,1545.07296418,1808.7912111,1808.7912111,8,21,1095.07,2.78736025
NEMO,CHAT,1908,64,8,9,1,3,3,384,1545.07296418,1808.7912111,1808.7912111,8,21,1095.39,2.6354165
NEMO,CHAT,1909,64,8,9,1,5,1,384,1545.07296418,1808.7912111,1808.7912111,8,21,1095.54,2.6354165
NEMO,CHAT,1910,64,10,9,1,1,3,384,1545.07296418,1808.7912111,1808.7912111,8,21,1094.47,2.78435914286
NEMO,CHAT,1911,64,10,9,1,3,1,384,1545.07296418,1808.7912111,1808.7912111,8,21,1094.69,2.65310914286
NEMO,CHAT,1912,64,12,9,1,1,1,384,1545.07296418,1808.7912111,1808.7912111,8,21,1093.04,2.67661133333
NEMO,CHAT,1012,32,8,13,1,1,1,640,1819.15903289,1808.65827695,1808.65827695,19,32,818.24,3.7857755
NEMO,CHAT,450,32,4,13,5,1,1,640,2084.41480653,1808.621564,1808.621564,17,26,2628.33,4.40684851211
NEMO,CHAT,451,32,4,15,3,1,1,640,2084.41480653,1808.12560397,1808.12560397,19,26,1709.99,2.68116462547
NEMO,CHAT,1043,32,8,5,9,1,1,640,1812.8737578,1808.06275938,1808.06275938,11,22,4068.71,2.9323883675
NEMO,CHAT,1919,64,4,9,1,3,7,384,1544.5021726,1807.77996328,1807.77996328,8,21,1096.98,6.0187842
NEMO,CHAT,1920,64,4,9,1,5,5,384,1544.5021726,1807.77996328,1807.77996328,8,21,1096.98,6.0187842
NEMO,CHAT,1921,64,4,9,1,7,3,384,1544.5021726,1807.77996328,1807.77996328,8,21,1096.98,6.0187842
NEMO,CHAT,1922,64,4,9,1,9,1,384,1544.5021726,1807.77996328,1807.77996328,8,21,1096.98,6.0187842
NEMO,CHAT,1918,64,4,9,1,1,9,384,1544.5021726,1807.07703466,1807.07703466,8,23,1097.56,6.3278692
NEMO,CHAT,452,32,4,17,1,1,1,640,2084.41480653,1806.31372856,1806.31372856,21,28,855.1,3.2815844
NEMO,CHAT,2047,16,6,9,1,1,7,512,1515.44067583,1801.27134274,1801.27134274,9,33,486,1.75814822222
NEMO,CHAT,2048,16,6,9,1,3,5,512,1515.44067583,1801.27134274,1801.27134274,9,33,485.57,1.61054266667
NEMO,CHAT,445,32,4,3,15,1,1,640,2084.41480653,1798.71804854,1798.71804854,18,24,2807.55,5.57053481402
NEMO,CHAT,1816,32,10,5,7,1,1,640,1574.2143275,1798.3420309,1798.3420309,9,24,3693.63,4.34490866667
NEMO,CHAT,1137,64,2,1,19,1,1,640,1759.53921226,1798.33414021,1795.26966688,19,57,1844.59,17.820644
NEMO,CHAT,1613,32,10,7,5,1,1,640,1626.55826392,1797.01961771,1797.01961771,11,26,2700.2,2.06507752803
NEMO,CHAT,731,32,6,1,15,1,1,640,1917.67473983,1796.7537674,1793.17593113,17,29,2401.57,29.8714315676
NEMO,CHAT,1861,32,2,13,5,3,1,640,1556.71799637,1795.85587018,1795.85587018,14,34,1131.87,3.58137463973
NEMO,CHAT,1860,32,2,13,5,1,3,640,1556.71799637,1795.16469002,1795.16469002,13,31,1437.15,2.73788382609
NEMO,CHAT,1522,32,10,9,3,1,1,640,1657.62130583,1794.64011233,1794.64011233,13,28,1782.92,3.01244327273
NEMO,CHAT,2017,8,6,7,7,1,3,512,1525.24651531,1793.87587568,1793.87587568,8,64,1411.44,0.512341806094
NEMO,CHAT,2018,8,6,7,7,3,1,512,1525.24651531,1793.76827384,1793.76827384,12,67,1380.65,0.702783036011
NEMO,CHAT,1160,32,8,3,11,1,1,640,1751.36668731,1793.66430448,1793.66430448,13,22,4095.05,3.41275211509
NEMO,CHAT,1420,32,8,1,13,1,1,640,1682.53677327,1792.72889992,1789.15106365,15,28,1712.94,25.4045813846
NEMO,CHAT,446,32,4,5,13,1,1,640,2084.41480653,1791.15902689,1791.15902689,11,16,2638.99,3.42035311561
NEMO,CHAT,444,32,4,1,17,1,1,640,2084.41480653,1790.9650967,1787.43051107,19,26,2390.94,28.1352581232
NEMO,CHAT,1523,32,10,11,1,1,1,640,1654.32697488,1787.69785998,1787.69785998,15,28,773.97,4.24043885714
NEMO,CHAT,1955,32,2,7,9,1,5,256,1539.01937958,1787.48938242,1787.48938242,7,29,1714.16,2.73368494779
NEMO,CHAT,1956,32,2,7,9,3,3,256,1539.01937958,1787.48938242,1787.48938242,7,29,1804.32,2.05417972293
NEMO,CHAT,1957,32,2,7,9,5,1,256,1539.01937958,1787.43155835,1787.43155835,8,28,1810.06,2.07926460098
NEMO,CHAT,1729,64,2,11,1,3,7,256,1590.22674658,1786.45824389,1786.45824389,11,21,1146.66,2.21240044444
NEMO,CHAT,1730,64,2,11,1,5,5,256,1590.22674658,1786.45824389,1786.45824389,11,21,1146.66,2.21240044444
NEMO,CHAT,1731,64,2,11,1,7,3,256,1590.22674658,1786.45824389,1786.45824389,11,21,1146.66,2.21240044444
NEMO,CHAT,1732,64,2,11,1,9,1,256,1590.22674658,1786.45824389,1786.45824389,11,21,1146.66,2.21240044444
NEMO,CHAT,1728,64,2,11,1,1,9,256,1590.22674658,1786.1074637,1786.1074637,11,21,1148.17,2.29851155556
NEMO,CHAT,1602,32,2,15,3,3,1,256,1629.25289807,1784.04582343,1784.04582343,16,35,1107.41,2.14709938872
NEMO,CHAT,1620,32,2,15,3,1,3,256,1621.30180605,1783.18008935,1783.18008935,15,34,1091.27,2.23010727704
NEMO,CHAT,1809,16,4,9,7,1,3,256,1574.26384467,1777.10300608,1777.10300608,10,32,1331.5,1.22163991304
NEMO,CHAT,1810,16,4,9,7,3,1,256,1574.26384467,1777.0095821,1777.0095821,11,33,1302.13,1.02969978336
NEMO,CHAT,546,64,4,7,11,1,1,512,2030.92855619,1776.32616478,1776.32616478,13,23,3465.81,7.02480206713
NEMO,CHAT,548,64,4,9,9,1,1,512,2025.18049614,1774.20559824,1774.20559824,15,23,3494.79,4.49379896714
NEMO,CHAT,551,64,4,11,7,1,1,512,2019.40298828,1773.08806913,1773.08806913,17,25,3507.55,4.96458381789
NEMO,CHAT,1661,32,2,5,15,1,1,256,1616.86847675,1772.68912337,1772.68912337,4,106,1551.06,2.33475924122
NEMO,CHAT,788,64,6,7,9,1,1,512,1903.95769704,1769.90490477,1769.90490477,12,23,4885.57,4.73490317454
NEMO,CHAT,573,64,4,13,5,1,1,512,2013.59580571,1769.44202338,1769.44202338,18,29,3408.32,9.60350273451
NEMO,CHAT,806,64,6,9,7,1,1,512,1897.5588063,1768.97820291,1768.97820291,15,25,4614.42,5.36547558995
NEMO,CHAT,1705,32,2,15,3,3,1,384,1600.22038283,1766.17543172,1766.17543172,16,32,1515.67,2.10431738737
NEMO,CHAT,1852,16,4,11,3,3,3,384,1560.85136106,1766.00371211,1766.00371211,11,23,1016.78,1.43344705263
NEMO,CHAT,1851,16,4,11,3,1,5,384,1560.85136106,1765.87383018,1765.87383018,11,23,1015.79,1.50951547368
NEMO,CHAT,819,64,6,11,5,1,1,512,1891.12536654,1765.21480147,1765.21480147,17,27,3785.04,6.85579348638
NEMO,CHAT,1704,32,2,15,3,1,3,384,1600.22038283,1765.20753373,1765.20753373,15,31,1330.6,3.07981875159
NEMO,CHAT,1853,16,4,11,3,5,1,384,1560.85136106,1764.56074908,1764.56074908,14,24,1016.25,1.43327863158
NEMO,CHAT,583,64,4,15,3,1,1,512,2007.75871924,1764.13480543,1764.13480543,20,31,2363.78,2.30992081653
NEMO,CHAT,504,64,4,3,15,1,1,512,2042.33722884,1763.21390842,1763.21390842,19,23,3980.97,6.0067739382
NEMO,CHAT,1506,64,8,1,13,1,1,512,1663.79497008,1762.90948753,1759.43637896,16,41,3039.75,21.32632
NEMO,CHAT,490,64,4,1,17,1,1,512,2047.99828378,1759.03383638,1755.56072781,21,25,2294.06,35.338928
NEMO,CHAT,980,16,4,1,17,1,1,640,1828.73017497,1758.49173514,1756.88298422,13,59,1540.04,18.9090272
NEMO,CHAT,1954,64,10,5,7,1,1,512,1539.31843342,1757.28832876,1757.28832876,10,31,4851.04,4.39583192909
NEMO,CHAT,823,64,6,13,3,1,1,512,1884.65709722,1756.6446865,1756.6446865,17,27,2400.07,2.914414
NEMO,CHAT,595,64,4,17,1,1,1,512,2001.89149729,1754.11305704,1754.11305704,21,31,979.74,7.1229148
NEMO,CHAT,1914,64,2,11,1,3,7,384,1544.71000691,1753.15195794,1753.15195794,10,21,1095.45,2.501412
NEMO,CHAT,1915,64,2,11,1,5,5,384,1544.71000691,1753.15195794,1753.15195794,10,21,1095.45,2.501412
NEMO,CHAT,1916,64,2,11,1,7,3,384,1544.71000691,1753.15195794,1753.15195794,10,21,1095.45,2.501412
NEMO,CHAT,1917,64,2,11,1,9,1,384,1544.71000691,1753.15195794,1753.15195794,10,21,1095.45,2.501412
NEMO,CHAT,514,64,4,5,13,1,1,512,2036.647393,1753.07341813,1753.07341813,13,15,3275.6,5.6151076226
NEMO,CHAT,1913,64,2,11,1,1,9,384,1544.71000691,1752.80157632,1752.80157632,10,21,1095.28,2.617852
NEMO,CHAT,845,64,6,15,1,1,1,512,1878.15371471,1750.65197059,1750.65197059,19,31,979.01,2.92017511111
NEMO,CHAT,769,64,6,5,11,1,1,512,1910.32231633,1749.99435482,1749.99435482,13,15,4849.2,5.19694746177
NEMO,CHAT,1775,64,10,7,5,1,1,512,1582.92922517,1749.92194862,1749.92194862,11,35,3553.73,3.42867714286
NEMO,CHAT,737,64,6,3,13,1,1,512,1916.65293877,1748.86754878,1748.86754878,17,19,4747.28,10.5757246853
NEMO,CHAT,1842,32,2,15,3,3,1,512,1565.34429848,1747.74205301,1747.74205301,16,34,1401.07,2.51807768758
NEMO,CHAT,1841,32,2,15,3,1,3,512,1565.34429848,1746.67371252,1746.67371252,15,35,1550.24,2.31126555583
NEMO,CHAT,2020,16,4,11,3,3,3,512,1522.43842904,1745.86065624,1745.86065624,11,39,1065.04,1.3551435584
NEMO,CHAT,2019,16,4,11,3,1,5,512,1522.43842904,1745.60120507,1745.60120507,11,37,1083.64,1.14017762776
NEMO,CHAT,1136,64,8,7,7,1,1,512,1760.90517786,1745.56700918,1745.56700918,11,11,4917.03,3.28152663245
NEMO,CHAT,1146,64,2,19,1,1,1,640,1759.53921226,1745.25717663,1745.25717663,21,55,859.88,3.32908833333
NEMO,CHAT,2021,16,4,11,3,5,1,512,1522.43842904,1744.0156344,1744.0156344,15,40,1073.96,1.86678850161
NEMO,CHAT,1151,64,8,9,5,1,1,512,1753.71164732,1741.69229728,1741.69229728,14,15,3694.8,3.30473232641
NEMO,CHAT,1727,64,10,9,3,1,1,512,1591.38332239,1740.02695467,1740.02695467,13,37,2248.4,3.3007788
NEMO,CHAT,1759,32,2,5,15,1,1,384,1584.48447948,1734.21074001,1734.21074001,4,102,1213.12,3.44519006186
NEMO,CHAT,1185,64,8,11,3,1,1,512,1746.47692623,1733.19415046,1733.19415046,15,19,2272.01,2.85516673684
NEMO,CHAT,2001,32,2,15,3,3,1,640,1532.33806338,1732.51984254,1732.51984254,16,38,1131.87,3.58137463973
NEMO,CHAT,2000,32,2,15,3,1,3,640,1532.33806338,1731.35090227,1731.35090227,15,37,1437.15,2.73788382609
NEMO,CHAT,1769,64,10,11,1,1,1,512,1583.18773791,1729.83280056,1729.83280056,15,41,977.17,3.09082457143
NEMO,CHAT,1209,64,8,13,1,1,1,512,1739.20065978,1727.02349616,1727.02349616,17,21,978.66,3.1307645
NEMO,CHAT,1660,32,2,3,17,1,1,256,1616.86847675,1726.42437406,1726.42437406,3,100,1765.22,3.86355006061
NEMO,CHAT,1718,32,2,17,1,3,1,256,1592.72031345,1720.64279169,1720.64279169,18,28,634.02,2.35963822222
NEMO,CHAT,1824,32,2,17,1,1,3,256,1573.52859021,1719.1957715,1719.1957715,17,31,635.57,2.74812155556
NEMO,CHAT,1936,16,4,11,5,1,3,256,1542.09548083,1713.1363509,1713.1363509,12,31,1026.46,1.38345894737
NEMO,CHAT,1937,16,4,11,5,3,1,256,1542.09548083,1713.11241568,1713.11241568,13,32,1027.28,1.29932473684
NEMO,CHAT,840,16,4,5,13,1,1,512,1879.58679642,1709.07502413,1709.07502413,10,39,1909.55,1.86039130294
NEMO,CHAT,1662,32,2,7,13,1,1,256,1616.86847675,1705.0376213,1705.0376213,8,105,1768.31,2.10581452314
NEMO,CHAT,1758,32,2,3,17,1,1,384,1584.48447948,1704.34677022,1704.34677022,7,98,1369.55,4.15093025
NEMO,CHAT,1840,32,2,17,1,3,1,384,1566.07238052,1704.29695963,1704.29695963,18,32,802.79,2.97023893333
NEMO,CHAT,1878,32,2,17,1,1,3,384,1554.2824733,1702.7480636,1702.7480636,17,35,801.41,3.23929893333
NEMO,CHAT,1311,8,6,5,11,1,1,512,1719.46463885,1699.95702895,1699.95702895,13,116,1564.19,0.657721882647
NEMO,CHAT,1132,8,6,3,13,1,1,512,1761.78538434,1699.4105202,1699.4105202,12,112,1525.42,0.976775934919
NEMO,CHAT,2028,16,4,13,1,3,3,384,1522.11140812,1692.83749126,1692.83749126,14,29,463.21,1.3089736
NEMO,CHAT,2029,16,4,13,1,5,1,384,1522.11140812,1692.72025167,1692.72025167,18,30,463.21,1.3083586
NEMO,CHAT,2027,16,4,13,1,1,5,384,1522.11140812,1692.5777274,1692.5777274,14,29,462.54,1.4371986
NEMO,CHAT,982,16,4,5,13,1,1,640,1828.73017497,1692.29654382,1692.29654382,10,42,1806.65,1.49369144943
NEMO,CHAT,1995,32,2,5,15,1,1,512,1532.47603172,1686.77337974,1686.77337974,4,95,1448.92,2.60158778462
NEMO,CHAT,1986,32,2,17,1,3,1,512,1533.99615973,1684.13758878,1684.13758878,18,30,720.99,3.493224
NEMO,CHAT,1436,8,6,7,9,1,1,512,1676.36774477,1682.8106719,1682.8106719,14,116,1605.81,0.587767001255
NEMO,CHAT,701,16,4,5,13,1,1,384,1948.5563194,1682.41255238,1682.41255238,9,30,2270.32,1.52784937552
NEMO,CHAT,2030,32,2,17,1,1,3,512,1521.91228448,1682.28383096,1682.28383096,17,31,724.16,3.85756246154
NEMO,CHAT,709,16,4,7,11,1,1,384,1940.76736662,1680.19384467,1680.19384467,11,32,2323.3,1.09190217057
NEMO,CHAT,913,16,4,11,7,1,1,384,1856.73967773,1679.14337211,1679.14337211,16,50,2082.81,1.49360358672
NEMO,CHAT,1072,8,6,1,15,1,1,512,1788.1911934,1678.97153419,1677.48692234,13,68,1445.22,3.23141630387
NEMO,CHAT,1396,16,4,3,15,1,1,256,1696.29392943,1678.37964091,1678.37964091,4,85,1689.85,1.83325347368
NEMO,CHAT,1760,32,2,7,13,1,1,384,1584.48447948,1676.76374689,1676.76374689,8,100,1252.97,1.78548989503
NEMO,CHAT,848,16,4,7,11,1,1,512,1872.58242331,1675.84924979,1675.84924979,12,31,2099.39,1.02748746154
NEMO,CHAT,1302,8,6,3,13,1,1,640,1722.15382742,1674.76734409,1674.76734409,12,105,1511.76,1.04610248477
NEMO,CHAT,802,16,4,9,9,1,1,384,1899.15907217,1674.48143305,1674.48143305,13,36,2362.96,1.1467238209
NEMO,CHAT,1994,32,2,3,17,1,1,512,1532.47603172,1672.76035646,1672.76035646,11,95,1472.66,3.90248983784
NEMO,CHAT,1040,16,4,13,5,1,1,384,1813.48523282,1672.65524422,1672.65524422,18,52,1582.49,0.980668192714
NEMO,CHAT,1066,16,4,11,7,1,1,512,1794.13959518,1672.16375084,1672.16375084,17,47,1996.28,1.23556050522
NEMO,CHAT,1424,8,6,5,11,1,1,640,1681.65804554,1671.86098674,1671.86098674,13,106,1540.67,0.723996791878
NEMO,CHAT,969,16,4,9,9,1,1,512,1833.76852005,1670.15102852,1670.15102852,14,35,1936.88,1.25929269809
NEMO,CHAT,1303,8,6,1,15,1,1,640,1721.31609294,1670.10280047,1668.62015923,13,66,1507.4,3.74820908901
NEMO,CHAT,1598,8,6,9,7,1,1,512,1632.47315303,1668.26325496,1668.26325496,15,113,1413.42,0.612385594366
NEMO,CHAT,1152,16,4,13,5,1,1,512,1753.66970535,1667.78317216,1667.78317216,19,49,1698.35,1.74953613084
NEMO,CHAT,1120,16,4,15,3,1,1,384,1769.37083465,1666.47877767,1666.47877767,20,56,994.41,1.25465854733
NEMO,CHAT,1659,32,2,1,19,1,1,256,1616.86847675,1666.24899629,1664.97275189,11,91,1406.65,19.8083879101
NEMO,CHAT,1452,64,6,1,15,1,1,640,1673.30312762,1664.71205788,1661.58626306,18,56,2139.5,48.8943084706
NEMO,CHAT,1362,16,4,15,3,1,1,512,1712.33179432,1662.08972076,1662.08972076,21,49,1090.45,1.32871979048
NEMO,CHAT,1284,16,4,17,1,1,1,384,1724.37058029,1660.44538468,1660.44538468,22,54,462.54,1.4371986
NEMO,CHAT,1567,8,6,7,9,1,1,640,1640.37712154,1660.38680462,1660.38680462,14,108,1595.79,0.630885669951
NEMO,CHAT,1470,16,4,17,1,1,1,512,1670.09763262,1655.02967873,1655.02967873,23,53,509.67,1.59977
NEMO,CHAT,993,16,4,7,11,1,1,640,1821.71987548,1650.79191908,1650.79191908,12,31,1836.69,1.50993277034
NEMO,CHAT,1745,8,6,11,5,1,1,512,1587.75850938,1650.67503821,1650.67503821,16,113,1029.03,0.687077121157
NEMO,CHAT,1845,8,8,1,13,1,1,512,1564.7110997,1650.65800947,1649.17339762,9,101,1536.73,4.34529405195
NEMO,CHAT,1184,16,4,11,7,1,1,640,1747.31916617,1648.14134678,1648.14134678,17,45,1900.16,1.26417199178
NEMO,CHAT,1856,8,8,3,11,1,1,512,1560.10066437,1647.48405613,1647.48405613,7,101,1750.75,0.943815804767
NEMO,CHAT,1708,8,6,9,7,1,1,640,1598.28799813,1646.91422514,1646.91422514,14,105,1414.6,0.789321866667
NEMO,CHAT,1073,16,4,9,9,1,1,640,1784.92594246,1645.83514489,1645.83514489,14,31,1972.9,1.31604012551
NEMO,CHAT,1372,16,4,13,5,1,1,640,1708.87231004,1644.66271147,1644.66271147,19,47,1749.86,1.10171206174
NEMO,CHAT,1471,16,4,15,3,1,1,640,1669.5569069,1640.65123236,1640.65123236,21,47,1070.21,1.50297809934
NEMO,CHAT,1996,32,2,7,13,1,1,512,1532.47603172,1638.64102878,1638.64102878,8,81,1341.9,2.59566355665
NEMO,CHAT,1934,8,8,5,9,1,1,512,1542.3235805,1635.26674147,1635.26674147,10,103,1689.6,0.712701445221
NEMO,CHAT,1601,16,4,17,1,1,1,640,1629.34318867,1634.95706715,1634.95706715,23,51,507.99,1.8258922
NEMO,CHAT,1395,16,4,1,17,1,1,256,1696.29392943,1634.77496955,1633.47908752,7,76,1609.58,5.48643170909
NEMO,CHAT,1757,32,2,1,19,1,1,384,1584.48447948,1634.38616501,1633.11039885,13,82,1243.06,21.4834258495
NEMO,CHAT,1877,8,6,11,5,1,1,640,1555.36670623,1632.56313289,1632.56313289,16,109,1013.3,0.714097817518
NEMO,CHAT,1935,8,6,13,3,1,1,512,1542.20061647,1632.28321523,1632.28321523,18,113,646.62,1.09471634043
NEMO,CHAT,2009,64,8,3,11,1,1,640,1527.88002825,1627.05176993,1625.48887252,13,44,4909.98,5.89846384633
NEMO,CHAT,955,64,4,7,11,1,1,640,1840.67328964,1604.11540719,1604.11540719,12,22,3254.25,4.06079895385
NEMO,CHAT,958,64,4,9,9,1,1,640,1838.50948194,1603.71140435,1603.71140435,12,22,3296.84,4.90944512975
NEMO,CHAT,1283,64,6,7,9,1,1,640,1724.88480545,1598.81453845,1598.81453845,11,22,4667.06,3.86329773893
NEMO,CHAT,950,64,4,5,13,1,1,640,1842.83269003,1597.49941489,1597.49941489,14,20,3265.9,3.65006619015
NEMO,CHAT,961,64,4,11,7,1,1,640,1836.34125345,1597.36149414,1597.36149414,15,28,3492.52,2.62103802448
NEMO,CHAT,968,64,4,13,5,1,1,640,1834.16859059,1595.98534393,1595.98534393,17,30,3172.55,2.61594013704
NEMO,CHAT,970,64,4,15,3,1,1,640,1831.99147974,1594.02792953,1594.02792953,19,32,2446.29,7.8163692
NEMO,CHAT,944,64,4,3,15,1,1,640,1844.98769658,1593.75986444,1592.19696703,19,30,3716.76,3.96196500423
NEMO,CHAT,1299,64,6,9,7,1,1,640,1722.49653786,1593.27458877,1593.27458877,13,26,4403.3,2.13553833893
NEMO,CHAT,1310,64,6,11,5,1,1,640,1720.10316333,1591.52639421,1591.52639421,15,28,3442.78,3.62092513204
NEMO,CHAT,975,64,4,17,1,1,1,640,1829.80990725,1591.30052522,1591.30052522,21,34,862.89,7.8031192
NEMO,CHAT,1322,64,6,13,3,1,1,640,1717.70466549,1589.19665688,1589.19665688,17,30,2357.82,3.14738622222
NEMO,CHAT,1262,64,6,5,11,1,1,640,1727.26798245,1587.78740413,1587.78740413,14,20,4310.66,4.61754191484
NEMO,CHAT,1326,64,6,15,1,1,1,640,1715.30102785,1586.09651968,1586.09651968,18,32,861.83,3.14656955556
NEMO,CHAT,1993,32,2,1,19,1,1,512,1532.47603172,1580.1254236,1578.85179631,13,74,1135.75,20.1908045643
NEMO,CHAT,1663,32,2,9,11,1,1,256,1616.86847675,1577.91045946,1577.91045946,11,71,1768.31,2.10581452314
NEMO,CHAT,922,64,4,1,17,1,1,640,1847.13832268,1572.71221092,1569.5864161,21,26,1012.81,63.6394132
NEMO,CHAT,1709,64,8,7,7,1,1,640,1594.9897783,1564.56446904,1564.56446904,10,12,4462,4.43809903817
NEMO,CHAT,1243,64,6,3,13,1,1,640,1729.64608511,1562.23110141,1560.66820401,16,20,4360.31,8.92058162687
NEMO,CHAT,1664,32,2,11,9,1,1,256,1616.86847675,1561.97799968,1561.97799968,13,73,1768.31,2.10581452314
NEMO,CHAT,1726,64,8,9,5,1,1,640,1592.31582316,1561.73147322,1561.73147322,12,16,3373.32,4.98821611117
NEMO,CHAT,1733,64,8,11,3,1,1,640,1589.63581731,1559.40926515,1559.40926515,14,18,2164.52,3.13434733333
NEMO,CHAT,1746,64,8,13,1,1,1,640,1586.94974018,1556.34998351,1556.34998351,16,20,861.24,3.37458125
NEMO,CHAT,1787,64,8,5,9,1,1,640,1581.27034599,1556.11415154,1556.11415154,9,10,4831.51,4.87040607533
NEMO,CHAT,1761,32,2,9,11,1,1,384,1584.48447948,1546.67477912,1546.67477912,11,71,1252.97,1.78548989503
NEMO,CHAT,1762,32,2,11,9,1,1,384,1584.48447948,1532.74933622,1532.74933622,13,73,1252.97,1.78548989503
NEMO,CHAT,1997,32,2,9,11,1,1,512,1532.47603172,1507.17362945,1507.17362945,11,61,1410.62,2.91514402054
NEMO,CHAT,1791,8,6,3,13,1,1,384,1580.16963765,1502.08207684,1502.08207684,7,97,1472.71,0.978145046481
NEMO,CHAT,1998,32,2,11,9,1,1,512,1532.47603172,1494.00702563,1494.00702563,13,63,1410.62,2.91514402054
NEMO,CHAT,1948,8,6,5,11,1,1,384,1539.4863329,1485.54113716,1485.54113716,10,100,1488.28,0.71079707888
NEMO,CHAT,1682,8,6,1,15,1,1,384,1610.81726814,1483.04881914,1481.80818172,6,63,1414.73,3.82391573913
NEMO,CHAT,1397,16,4,5,13,1,1,256,1696.29392943,1466.34126164,1466.34126164,7,50,1694.49,1.30298071429
NEMO,CHAT,1683,16,6,3,13,1,1,256,1610.42376759,1462.85500676,1462.85500676,7,86,1671.77,1.67403170909
NEMO,CHAT,1413,16,4,7,11,1,1,256,1689.42469054,1460.91519141,1460.91519141,9,52,1697.24,1.20615698246
NEMO,CHAT,1538,16,6,1,15,1,1,256,1650.25667071,1460.55801877,1459.26213674,8,56,1450.46,8.09941310638
NEMO,CHAT,1684,16,4,11,7,1,1,256,1610.37450017,1455.17397127,1455.17397127,14,88,1332.45,1.2259173617
NEMO,CHAT,1539,16,4,9,9,1,1,256,1650.20816956,1451.19710785,1451.19710785,11,56,1675.84,1.21786107143
NEMO,CHAT,1834,16,4,13,5,1,1,256,1569.9089988,1445.90075477,1445.90075477,16,90,1023.69,1.38829052632
NEMO,CHAT,1833,16,6,5,11,1,1,256,1569.95905078,1444.58910867,1444.58910867,8,86,1678.07,1.28153170909
NEMO,CHAT,2005,16,6,7,9,1,1,256,1528.84736775,1436.39064584,1436.39064584,10,86,1670.48,1.20469534545
NEMO,CHAT,2006,16,4,15,3,1,1,256,1528.79651232,1433.40754833,1433.40754833,18,96,615.5,1.8320488
NEMO,CHAT,1665,32,2,13,7,1,1,256,1616.86847675,1373.03229402,1373.03229402,16,38,1768.31,2.10581452314
NEMO,CHAT,1681,32,2,15,5,1,1,256,1610.82128082,1367.33212151,1367.33212151,18,42,1767.92,2.11864993561
NEMO,CHAT,1972,32,2,19,1,1,1,256,1537.4889714,1356.06922847,1356.06922847,22,60,635.57,2.74812155556
NEMO,CHAT,1808,32,2,17,3,1,1,256,1574.46920828,1354.51584992,1354.51584992,19,42,1071.9,2.49417529705
NEMO,CHAT,1763,32,2,13,7,1,1,384,1584.48447948,1333.85092139,1333.85092139,16,34,1252.97,1.78548989503
NEMO,CHAT,1792,32,2,15,5,1,1,384,1578.32656025,1330.23478301,1330.23478301,18,36,1252.97,1.78548989503
NEMO,CHAT,1933,32,2,17,3,1,1,384,1543.369035,1323.37731323,1323.37731323,20,36,1479.62,2.19020822688
NEMO,CHAT,1999,32,2,13,7,1,1,512,1532.47603172,1317.46572185,1317.46572185,17,31,1410.62,2.91514402054
NEMO,CHAT,2013,32,2,15,5,1,1,512,1526.99390793,1315.81195127,1315.81195127,19,29,1410.62,2.91514402054
NEMO,LW,19,32,4,3,13,1,3,384,3021.74481877,2943.99231511,2934.32256241,7,12,7014.61,30.189294
NEMO,LW,20,32,4,3,13,3,1,384,3021.74481877,2940.16458546,2933.70619529,12,13,6830.38,22.3742031579
NEMO,LW,10,32,4,1,15,1,3,384,3079.64434261,2897.1419935,2881.37609236,7,16,4504.84,28.6713651429
NEMO,LW,11,32,4,1,15,3,1,384,3079.64434261,2890.78636704,2881.09878177,14,17,4406.52,42.9618595556
NEMO,LW,25,32,4,5,11,1,3,384,2959.96467034,2867.30906729,2862.89461497,7,14,7166.95,37.2382586667
NEMO,LW,26,32,4,5,11,3,1,384,2959.96467034,2865.59333928,2862.36414419,10,13,7056.11,14.5784189474
NEMO,LW,68,16,6,1,13,1,3,512,2793.29943897,2788.23355035,2776.23223205,6,10,6014.94,41.049168
NEMO,LW,69,16,6,1,13,3,1,512,2793.29943897,2784.63387767,2776.17780107,12,11,4623.73,43.5902402222
NEMO,LW,36,32,4,7,9,1,3,384,2895.00713172,2782.71241301,2778.92859673,9,11,5594.99,21.5337084513
NEMO,LW,37,32,4,7,9,3,1,384,2895.00713172,2781.12552951,2777.89633442,11,13,5392.25,11.0863514927
NEMO,LW,119,16,6,3,11,1,3,512,2713.58285679,2697.96968401,2691.42351039,6,10,8150.14,13.9378735556
NEMO,LW,55,32,4,9,7,3,1,384,2827.41519939,2697.9627638,2696.49127969,11,13,4898.94,10.5183892072
NEMO,LW,54,32,4,9,7,1,3,384,2827.41519939,2697.65238652,2694.70941831,11,13,4939.37,28.1859274256
NEMO,LW,120,16,6,3,11,3,1,512,2713.58285679,2696.27883378,2691.20518782,10,9,5637.8,13.5769291111
NEMO,LW,97,32,4,3,13,1,3,512,2744.32256698,2633.50639216,2624.87021953,7,12,2866.11,41.1743453333
NEMO,LW,98,32,4,3,13,3,1,512,2744.32256698,2629.86110256,2624.18279049,12,13,4800.14,33.9148227368
NEMO,LW,82,32,4,11,5,1,3,384,2757.61481166,2611.29719747,2610.24613739,12,13,3649.93,21.2096105026
NEMO,LW,83,32,4,11,5,3,1,384,2757.61481166,2610.47967602,2609.42861595,13,15,3631.89,10.5150183632
NEMO,LW,114,32,4,5,11,1,3,512,2720.37739956,2598.15683036,2592.52454386,8,12,5074.83,49.3587577778
NEMO,LW,115,32,4,5,11,3,1,512,2720.37739956,2596.30450943,2592.04577538,12,13,5129.42,16.9368580797
NEMO,LW,164,16,6,5,9,1,3,512,2629.18429291,2589.14535647,2585.43585809,7,10,7551.82,8.53530688889
NEMO,LW,165,16,6,5,9,3,1,512,2629.18429291,2588.21850144,2584.8360708,9,9,5788.67,8.57743466667
NEMO,LW,105,32,6,3,11,1,3,384,2723.36787841,2584.2707771,2576.27795878,7,12,7541.53,35.8685562857
NEMO,LW,106,32,6,3,11,3,1,384,2723.36787841,2582.41217993,2575.81496726,11,13,6653.51,24.1163691765
NEMO,LW,23,16,6,5,11,1,1,512,2997.20701063,2580.6101909,2577.22776027,11,13,5764.41,8.34018466667
NEMO,LW,112,32,6,5,9,1,3,384,2721.93023376,2567.54204205,2563.96630754,7,12,7753.95,34.55598575
NEMO,LW,113,32,6,5,9,3,1,384,2721.93023376,2566.81976524,2563.5211589,9,11,7139.79,13.6428632941
NEMO,LW,135,32,4,7,9,1,3,512,2694.19501403,2562.99501144,2559.61563955,9,11,5294.99,13.6208204172
NEMO,LW,136,32,4,7,9,3,1,512,2694.19501403,2562.30967752,2559.47052148,11,13,6010.13,10.4049416151
NEMO,LW,77,32,4,1,15,1,3,512,2765.53371565,2558.37226789,2544.29155166,7,18,2749.13,31.3684088
NEMO,LW,191,16,6,1,13,1,3,640,2572.54508343,2558.30630802,2545.66427355,7,12,4507.39,53.9536266667
NEMO,LW,192,16,6,1,13,3,1,640,2572.54508343,2554.61011662,2545.39424691,13,13,3527.16,55.4174711111
NEMO,LW,152,32,4,1,15,1,3,256,2665.90599848,2552.79514927,2541.13035597,6,12,4724.91,25.248286
NEMO,LW,78,32,4,1,15,3,1,512,2765.53371565,2552.53891183,2544.02144373,14,17,2925.87,54.5233902222
NEMO,LW,35,16,6,7,9,1,1,512,2917.5359679,2551.35353767,2549.66232235,14,24,4393.49,6.8433038209
NEMO,LW,117,32,6,7,7,1,3,384,2718.24768411,2549.12168698,2546.17696445,9,11,5820.34,31.6177729649
NEMO,LW,153,32,4,1,15,3,1,256,2665.90599848,2548.92258101,2540.78402519,12,13,4654.27,37.3504192
NEMO,LW,118,32,6,7,7,3,1,384,2718.24768411,2548.26478513,2545.53039992,10,13,7110.87,10.4894574118
NEMO,LW,109,32,6,1,13,1,3,384,2721.98489463,2544.24027346,2530.98902204,7,16,1874.09,33.0638066667
NEMO,LW,138,32,4,1,13,1,5,384,2691.19862475,2543.1449599,2529.90160295,7,16,4504.84,28.6713651429
NEMO,LW,139,32,4,1,13,3,3,384,2691.19862475,2543.1449599,2529.90160295,7,16,4618.31,34.954425
NEMO,LW,22,16,6,3,13,1,1,512,2997.20701063,2541.07534912,2536.00170316,11,13,5699.16,13.3298124444
NEMO,LW,110,32,6,1,13,3,1,384,2721.98489463,2540.8514456,2530.95562661,13,17,3269,61.0795544
NEMO,LW,140,32,4,1,13,5,1,384,2691.19862475,2539.52208964,2529.83450437,13,17,4406.52,42.9618595556
NEMO,LW,160,32,4,3,11,1,5,384,2632.7052861,2536.44760057,2528.45954399,7,12,7014.61,30.189294
NEMO,LW,161,32,4,3,11,3,3,384,2632.7052861,2536.44760057,2528.45954399,7,12,7405.21,22.7217873684
NEMO,LW,162,32,4,3,11,5,1,384,2632.7052861,2534.38746339,2527.92907321,11,13,6781.64,22.7625084211
NEMO,LW,123,32,6,9,5,3,1,384,2712.74925149,2530.26510471,2529.21341809,11,13,4012.04,10.5508157326
NEMO,LW,122,32,6,9,5,1,3,384,2712.74925149,2529.86890405,2527.76553081,11,13,4188.68,30.7608250952
NEMO,LW,144,32,4,13,3,1,3,384,2685.94477951,2524.7317964,2524.10116035,14,15,2279.57,21.2095669128
NEMO,LW,185,32,4,3,13,1,3,256,2596.75854848,2523.90842854,2517.44792763,6,12,5591.89,49.0984569412
NEMO,LW,145,32,4,13,3,3,1,384,2685.94477951,2523.83290746,2523.20227141,15,17,2259.25,10.507653913
NEMO,LW,186,32,4,3,13,3,1,256,2596.75854848,2521.62581363,2516.74268014,10,11,6355.44,25.0790873684
NEMO,LW,151,32,4,9,7,3,1,512,2666.15871984,2521.59869617,2520.28449599,11,13,4536.51,11.2797896978
NEMO,LW,150,32,4,9,7,1,3,512,2666.15871984,2521.32649312,2518.69809276,11,13,4805.21,16.0567580556
NEMO,LW,125,32,6,11,3,1,3,384,2705.76118481,2511.43070611,2510.79969414,12,13,2599.07,30.7569210476
NEMO,LW,126,32,6,11,3,3,1,384,2705.76118481,2510.2245011,2509.59348912,13,15,2472.84,10.5313087918
NEMO,LW,232,16,6,3,11,1,3,640,2523.70246615,2500.3208728,2492.69551868,7,10,7477.65,15.5714044444
NEMO,LW,233,16,6,3,11,3,1,640,2523.70246615,2498.82083592,2492.67692279,11,11,5158.09,15.2101877778
NEMO,LW,133,32,6,13,1,3,1,384,2697.53599536,2491.40131425,2491.19097692,14,15,837.67,10.4604308878
NEMO,LW,132,32,6,13,1,1,3,384,2697.53599536,2491.37225962,2491.1619223,14,17,907.98,30.6935898483
NEMO,LW,59,16,6,9,7,1,1,512,2821.10186527,2485.64304204,2484.11560153,13,24,3906.02,6.64194703825
NEMO,LW,219,16,6,7,7,1,3,512,2541.0382097,2481.68394522,2478.6290642,9,11,4311.43,6.84239287562
NEMO,LW,220,16,6,7,7,3,1,512,2541.0382097,2480.04807585,2477.21140062,10,11,5827.37,6.22857355556
NEMO,LW,159,32,4,11,5,3,1,512,2636.56899241,2478.6374115,2477.69869708,13,15,3475.06,11.205594494
NEMO,LW,158,32,4,11,5,1,3,512,2636.56899241,2478.32467875,2476.44724992,14,15,3711.97,16.0543066667
NEMO,LW,52,16,6,5,11,1,1,640,2828.35232078,2455.91843175,2452.84647518,12,16,5293.57,9.77396
NEMO,LW,194,32,4,5,9,1,5,384,2569.96179194,2451.90295216,2448.3293479,7,12,7124.31,37.2286531111
NEMO,LW,195,32,4,5,9,3,3,384,2569.96179194,2451.90295216,2448.3293479,7,12,7858.35,14.0490136842
NEMO,LW,196,32,4,5,9,5,1,384,2569.96179194,2451.11396855,2447.88477346,9,11,7059.33,14.2776136842
NEMO,LW,42,64,4,5,11,1,3,256,2834.49209854,2446.31551583,2440.57231932,7,17,3418.15,17.488676
NEMO,LW,43,64,4,5,11,3,1,256,2834.49209854,2444.60299853,2440.14419,11,18,6628.28,31.2903418358
NEMO,LW,13,32,6,7,9,1,1,384,3070.18279661,2443.26361617,2441.61431301,14,20,5503.65,34.5784111737
NEMO,LW,30,32,4,7,11,1,1,384,2942.07352455,2439.27003885,2437.6554413,12,14,5078.6,28.2488905026
NEMO,LW,171,32,4,15,1,3,1,384,2612.67798059,2438.23267012,2438.02245811,16,17,765.95,10.4203840305
NEMO,LW,170,32,4,15,1,1,3,384,2612.67798059,2437.6646038,2437.45439179,16,17,793.88,24.8955228804
NEMO,LW,230,32,4,5,11,1,3,256,2524.61440272,2437.44452772,2433.67590219,7,12,8349.97,25.8580084211
NEMO,LW,231,32,4,5,11,3,1,256,2524.61440272,2436.58499374,2433.32957141,9,13,6974.17,12.7860031579
NEMO,LW,184,32,4,13,3,3,1,512,2605.66470198,2435.67612683,2435.11289818,15,19,2164.08,11.6691195288
NEMO,LW,183,32,4,13,3,1,3,512,2605.66470198,2435.53021929,2434.40376199,16,17,2127.63,31.9889809008
NEMO,LW,15,32,6,9,7,1,1,384,3054.76027666,2435.47769717,2434.0053359,15,22,5700.93,26.7452683246
NEMO,LW,104,16,6,11,5,1,1,512,2724.2487629,2435.16748505,2434.07645611,15,24,2833.44,6.37978911475
NEMO,LW,46,64,4,7,9,1,3,256,2832.73557852,2433.64722175,2430.20130384,8,16,5715.93,19.7516697143
NEMO,LW,47,64,4,7,9,3,1,256,2832.73557852,2432.73805848,2429.76551946,10,18,6720.47,28.529983532
NEMO,LW,24,16,6,1,15,1,1,512,2991.49907911,2430.86740393,2422.41132734,11,13,4621.59,43.6808291111
NEMO,LW,17,32,6,11,5,1,1,384,3039.3260052,2427.37462344,2426.32293682,15,22,4271.98,26.7427821671
NEMO,LW,291,16,6,5,9,1,3,640,2470.65436156,2427.12427298,2423.71293035,7,10,7082.89,9.36953777778
NEMO,LW,292,16,6,5,9,3,1,640,2470.65436156,2426.18847769,2423.11652112,9,9,5385.9,8.49944333333
NEMO,LW,51,64,4,9,7,3,1,256,2829.39370212,2418.48329836,2417.14321918,10,18,5887.5,24.0148628898
NEMO,LW,50,64,4,9,7,1,3,256,2829.39370212,2418.33710804,2415.65694967,10,18,5727.89,26.467599
NEMO,LW,44,64,4,3,13,1,3,256,2834.32813673,2416.27108342,2407.46484878,6,19,2720.41,33.770541
NEMO,LW,121,16,8,3,11,1,1,512,2713.58285679,2415.22462074,2410.15097478,12,16,5525.71,13.4332255
NEMO,LW,45,64,4,3,13,3,1,256,2834.32813673,2412.98179749,2407.03671945,11,20,3630.71,44.440453288
NEMO,LW,18,32,6,13,3,1,1,384,3023.87996877,2412.15312972,2411.52211775,17,22,2645.87,26.7426828831
NEMO,LW,166,16,8,5,9,1,1,512,2627.53838733,2406.80973035,2403.42729971,11,16,5707.43,8.32443175
NEMO,LW,57,64,4,11,5,3,1,256,2824.72790808,2403.18849477,2402.23129535,12,20,4270.67,26.1528594398
NEMO,LW,56,64,4,11,5,1,3,256,2824.72790808,2403.012365,2401.09796616,13,20,3708.23,8.007647
NEMO,LW,70,16,8,1,13,1,1,512,2793.29943897,2402.51229611,2394.05621951,13,18,4312.31,44.8438505
NEMO,LW,80,16,6,7,9,1,1,640,2762.64967823,2401.96835007,2398.8963935,13,22,5335.8,8.33718777778
NEMO,LW,21,32,6,15,1,1,1,384,3008.42215394,2401.2166266,2401.00628928,19,24,907.98,30.6935898483
NEMO,LW,9,32,6,5,11,1,1,384,3085.59357845,2398.54456169,2395.24595536,12,16,6657.06,34.06993575
NEMO,LW,157,16,6,3,13,1,1,384,2645.69951609,2397.43390485,2392.44828333,12,16,5561.79,13.0496728889
NEMO,LW,190,32,4,15,1,3,1,512,2573.63813213,2394.07036153,2393.88261864,16,17,754.89,11.605105985
NEMO,LW,40,16,6,3,13,1,1,640,2842.81927514,2394.00860566,2387.86469252,13,14,5158.09,15.2101877778
NEMO,LW,189,32,4,15,1,1,3,512,2573.63813213,2393.06941026,2392.69392449,18,19,754.75,32.2483966383
NEMO,LW,31,32,4,9,9,1,1,384,2942.07352455,2391.65341933,2390.03882179,14,15,5088.52,28.1859484513
NEMO,LW,60,64,4,13,3,1,3,256,2818.94514576,2385.69592831,2384.54728901,15,22,3234.37,7.932022
NEMO,LW,61,64,4,13,3,3,1,256,2818.94514576,2385.68827325,2385.1139536,14,22,2627.21,26.0997914938
NEMO,LW,167,16,6,13,3,1,1,512,2626.97392407,2383.90454675,2383.24992939,17,26,1750.71,6.3782180765
NEMO,LW,32,32,4,11,7,1,1,384,2942.07352455,2379.10948981,2377.63800571,14,16,4909.69,21.2101751179
NEMO,LW,168,64,2,5,13,1,3,256,2624.68812834,2378.73988501,2372.78095742,7,19,2051.75,2.453788
NEMO,LW,34,32,4,15,3,1,1,384,2928.54803944,2376.7985431,2376.16790705,19,23,2274.25,21.2096881949
NEMO,LW,169,64,2,5,13,3,1,256,2624.68812834,2376.51813012,2372.25671475,11,20,4115.19,22.553658118
NEMO,LW,319,16,6,9,5,1,3,512,2449.84590629,2375.25829973,2374.1672708,10,11,2871.94,6.64068037158
NEMO,LW,134,16,6,9,7,1,1,640,2696.73630231,2375.0418803,2373.63720981,15,22,3657.18,7.17182913661
NEMO,LW,320,16,6,9,5,3,1,512,2449.84590629,2374.00452773,2372.9134988,11,11,2837.94,5.64631753005
NEMO,LW,29,32,4,5,13,1,1,384,2942.07352455,2372.55101625,2369.32182116,9,9,6791.11,32.1364189474
NEMO,LW,64,64,4,15,1,3,1,256,2812.21136805,2369.29841576,2369.10697587,15,22,936.36,26.0995448133
NEMO,LW,63,64,4,15,1,1,3,256,2812.21136805,2368.01192197,2367.6290422,17,24,1129.57,7.932022
NEMO,LW,240,32,4,7,7,1,5,384,2503.82256446,2367.13903403,2364.19606582,9,11,5037.34,21.5414581949
NEMO,LW,241,32,4,7,7,3,3,384,2503.82256446,2366.50839799,2363.77564179,9,12,5188.74,11.085688078
NEMO,LW,224,16,8,7,7,1,1,512,2529.84151734,2366.26084279,2364.73340228,13,16,5754.85,7.0889505
NEMO,LW,242,32,4,7,7,5,1,384,2503.82256446,2366.1497199,2363.4169637,10,13,5184.32,11.0310563707
NEMO,LW,141,64,2,3,15,1,3,256,2689.17490194,2365.463244,2356.52485262,7,19,2539.93,17.9446866667
NEMO,LW,388,16,6,1,11,1,5,512,2388.74015049,2361.64123614,2351.82197571,6,10,5912.24,43.9038624444
NEMO,LW,389,16,6,1,11,3,3,512,2388.74015049,2361.64123614,2351.82197571,6,10,5980.17,43.1421068889
NEMO,LW,391,16,8,1,11,1,3,512,2388.74015049,2361.64123614,2351.82197571,6,10,5772.18,45.00144425
NEMO,LW,225,16,6,15,1,1,1,512,2529.27458815,2360.20246911,2359.98426332,19,22,595.14,6.56210930435
NEMO,LW,53,16,6,1,15,1,1,640,2828.25388721,2360.16908895,2350.95321924,14,15,3527.16,55.4174711111
NEMO,LW,390,16,6,1,11,5,1,512,2388.74015049,2360.05984652,2351.76754474,10,11,4623.73,43.5902402222
NEMO,LW,392,16,8,1,11,3,1,512,2388.74015049,2360.05984652,2351.76754474,10,11,4312.31,44.8438505
NEMO,LW,142,64,2,3,15,3,1,256,2689.17490194,2356.39698083,2350.71509366,11,18,4328.67,34.982156
NEMO,LW,318,32,4,7,9,3,1,256,2450.0285227,2352.11452941,2350.49940418,9,13,7069.37,9.81209789474
NEMO,LW,317,32,4,7,9,1,3,256,2450.0285227,2352.10194347,2348.87169302,9,13,6896.29,31.9085533333
NEMO,LW,364,16,6,7,7,1,3,640,2414.28972414,2351.59461843,2348.98594465,10,9,5678.31,8.34109333333
NEMO,LW,365,16,6,7,7,3,1,640,2414.28972414,2351.48778309,2348.87910931,10,11,5368.17,6.72936
NEMO,LW,181,64,2,5,13,1,3,384,2607.90492548,2350.99476194,2345.04050178,7,19,2146.95,6.42614437113
NEMO,LW,198,16,6,5,11,1,1,384,2563.07738118,2349.9783623,2346.65461461,11,18,5771.93,7.69116177778
NEMO,LW,398,16,6,1,13,1,3,384,2379.45751247,2345.85615949,2335.81083959,6,12,5277.2,41.3942951111
NEMO,LW,399,16,6,1,13,3,1,384,2379.45751247,2343.75492445,2335.46364945,10,13,4354.32,42.1351784444
NEMO,LW,313,32,4,3,13,1,3,640,2456.71784302,2330.90554553,2323.30474958,7,12,3150.55,56.248657
NEMO,LW,314,32,4,3,13,3,1,640,2456.71784302,2327.91672839,2322.76814265,12,13,4248.03,36.6521802105
NEMO,LW,302,32,4,5,11,1,3,640,2463.59490189,2326.05262055,2321.09557971,8,12,4577.52,49.8436068235
NEMO,LW,303,32,4,5,11,3,1,640,2463.59490189,2324.75088147,2320.88944217,12,13,4902.03,20.8270328421
NEMO,LW,294,32,4,7,9,1,3,640,2468.78480522,2321.3618444,2318.55285459,10,11,4430.19,25.4175506484
NEMO,LW,182,64,2,5,13,3,1,384,2607.90492548,2320.94878267,2316.99261083,11,20,1968.29,16.0302544609
NEMO,LW,295,32,4,7,9,3,1,640,2468.78480522,2320.92100993,2318.34671706,11,13,3969,13.4805374681
NEMO,LW,163,16,6,11,5,1,1,640,2630.61117754,2318.16052267,2317.1571866,15,22,2676.21,7.2561608306
NEMO,LW,289,32,4,9,7,3,1,640,2472.59460691,2316.12520376,2313.97715273,12,15,3669.27,13.9109159337
NEMO,LW,288,32,4,9,7,1,3,640,2472.59460691,2316.00395776,2313.69067204,11,13,3620.65,16.7061175956
NEMO,LW,33,32,4,13,5,1,1,384,2942.07352455,2314.12104646,2313.06998638,16,17,3652.08,21.2096146051
NEMO,LW,28,32,4,3,15,1,1,384,2942.07352455,2312.55054536,2306.09215519,10,11,6189.75,34.394744
NEMO,LW,103,16,6,1,15,1,1,384,2724.40616816,2312.25607739,2303.94670818,12,13,4354.32,42.1351784444
NEMO,LW,2,32,6,3,13,1,1,384,3100.99263558,2310.45671187,2303.85949921,14,16,6187.7,36.0438205714
NEMO,LW,279,32,4,11,5,3,1,640,2475.26111275,2310.29321404,2309.46704057,13,15,2829.19,13.8921739448
NEMO,LW,278,32,4,11,5,1,3,640,2475.26111275,2309.97200222,2308.31965528,14,15,2813.16,16.7894466814
NEMO,LW,257,16,6,7,9,1,1,384,2480.18278722,2307.82098923,2306.17720961,11,18,4708.97,6.42957683843
NEMO,LW,204,64,2,7,11,1,3,256,2557.86904229,2306.17968766,2302.5381208,8,16,4881.26,12.690896
NEMO,LW,205,64,2,7,11,3,1,256,2557.86904229,2305.0194943,2302.17855072,11,20,4968.2,19.989526
NEMO,LW,86,64,2,1,17,1,3,256,2750.86170564,2304.44971974,2290.04897806,8,25,840.96,15.598184
NEMO,LW,148,64,2,3,15,1,3,384,2670.74481827,2304.13328563,2295.20189539,6,18,2309.34,39.1743545
NEMO,LW,38,32,4,17,1,1,1,384,2853.67388264,2303.82008936,2303.60987735,21,24,793.88,24.8955228804
NEMO,LW,277,32,4,13,3,3,1,640,2476.96988287,2302.50618071,2302.01047663,15,17,1772.45,13.8854954917
NEMO,LW,276,32,4,13,3,1,3,640,2476.96988287,2302.02282006,2301.03141189,16,17,1761.76,16.7882765983
NEMO,LW,149,64,2,3,15,3,1,384,2670.74481827,2299.45533723,2294.18044145,16,20,2339.86,31.4633885275
NEMO,LW,270,32,4,15,1,3,1,640,2477.86838246,2295.20867975,2295.04344505,16,17,620.79,13.882645768
NEMO,LW,269,32,4,15,1,1,3,640,2477.86838246,2294.07363789,2293.7431685,18,19,634.24,16.4189637686
NEMO,LW,340,32,6,3,11,1,3,512,2430.24973334,2292.87880389,2285.74025384,7,12,3076.93,57.2911475556
NEMO,LW,341,32,6,3,11,3,1,512,2430.24973334,2291.08885754,2285.30013855,11,13,5071.59,33.5584988235
NEMO,LW,48,64,4,1,15,1,3,256,2831.80695217,2287.13228879,2272.77429752,8,23,808.96,18.586984
NEMO,LW,49,64,4,1,15,3,1,256,2831.80695217,2281.26378526,2272.3461682,14,24,808.96,18.586984
NEMO,LW,332,32,4,9,5,3,3,384,2434.92738617,2280.74089681,2279.68983673,10,12,3625.06,10.5038022506
NEMO,LW,333,32,4,9,5,5,1,384,2434.92738617,2280.46811506,2279.41705499,11,13,3627.58,10.5015104348
NEMO,LW,331,32,4,9,5,1,5,384,2434.92738617,2280.07184144,2277.96972128,11,13,3713.72,28.1861358872
NEMO,LW,215,64,2,7,11,1,3,384,2542.55478021,2279.44390831,2275.80519377,8,18,2467.37,4.66667466667
NEMO,LW,216,64,2,7,11,3,1,384,2542.55478021,2277.61121611,2274.97376821,11,20,2247.46,14.2702208606
NEMO,LW,419,16,6,9,5,3,1,640,2355.26345711,2277.53927794,2276.53594187,11,11,2687.34,6.22367995628
NEMO,LW,418,16,6,9,5,1,3,640,2355.26345711,2277.16982702,2275.16315488,11,11,2689.55,7.17214935519
NEMO,LW,384,32,4,3,11,1,5,512,2396.97730846,2275.87092359,2268.73669403,7,12,2866.11,41.1743453333
NEMO,LW,385,32,4,3,11,3,3,512,2396.97730846,2275.87092359,2268.73669403,7,12,5049.45,33.760228
NEMO,LW,343,32,6,5,9,1,3,512,2427.52529765,2275.30230652,2270.79374859,8,12,5165.14,49.085668
NEMO,LW,344,32,6,5,9,3,1,512,2427.52529765,2274.58044733,2270.37109177,10,13,6036.12,17.8091929412
NEMO,LW,386,32,4,3,11,5,1,512,2396.97730846,2273.93623761,2268.25792554,11,13,4800.14,33.9148227368
NEMO,LW,197,16,6,13,3,1,1,640,2564.27328189,2273.26162322,2272.65962158,17,24,1611.85,7.12422148634
NEMO,LW,87,64,2,1,17,3,1,256,2750.86170564,2271.95763992,2263.43480918,14,26,1485.09,61.333241
NEMO,LW,481,16,6,3,9,1,5,512,2308.18357659,2267.61039397,2262.37345508,6,10,7367.02,13.937818
NEMO,LW,482,16,6,3,9,3,3,512,2308.18357659,2267.61039397,2262.37345508,6,10,7345.79,13.4730957778
NEMO,LW,484,16,8,3,9,1,3,512,2308.18357659,2267.61039397,2262.37345508,6,10,7282.64,13.3582755
NEMO,LW,483,16,6,3,9,5,1,512,2308.18357659,2267.01068946,2262.10081831,8,11,5634,13.6398735556
NEMO,LW,485,16,8,3,9,3,1,512,2308.18357659,2267.01068946,2262.10081831,8,11,5575.35,13.06264425
NEMO,LW,401,32,4,9,7,1,3,256,2373.4268052,2265.45847587,2264.20226736,10,13,6058.61,24.9952617561
NEMO,LW,487,16,6,3,11,1,3,384,2307.15156953,2265.40847176,2259.92920636,6,10,7026.19,12.9664784444
NEMO,LW,402,32,4,9,7,3,1,256,2373.4268052,2264.84312019,2263.58691168,11,15,5954.69,8.32446845561
NEMO,LW,488,16,6,3,11,3,1,384,2307.15156953,2264.41260708,2259.44507977,8,11,5598.9,12.2599228889
NEMO,LW,416,16,6,11,3,1,3,512,2356.14397108,2264.03434119,2263.37972383,12,13,1748.54,6.37949949727
NEMO,LW,417,16,6,11,3,3,1,512,2356.14397108,2262.56267972,2261.90806236,13,15,1744.7,5.63808310383
NEMO,LW,352,32,6,7,7,1,3,512,2422.79536238,2258.45104775,2255.82105563,9,11,5278.87,16.8224050858
NEMO,LW,353,32,6,7,7,3,1,512,2422.79536238,2257.48227967,2255.04014413,10,13,6168.47,12.5137223529
NEMO,LW,336,32,6,1,13,1,3,512,2430.45850178,2250.1461184,2238.31115384,7,18,840.77,64.5388026667
NEMO,LW,130,32,4,7,11,1,1,256,2704.91963667,2249.42624336,2247.7985322,13,13,6488.16,31.9056033333
NEMO,LW,357,32,4,1,13,1,5,512,2418.60690565,2248.97199655,2237.14419492,7,18,2749.13,31.3684088
NEMO,LW,358,32,4,1,13,3,3,512,2418.60690565,2248.97199655,2237.14419492,7,18,2994.39,42.9156594286
NEMO,LW,337,32,6,1,13,3,1,512,2430.45850178,2247.12641601,2238.44333752,13,17,2859.06,52.1024015
NEMO,LW,335,16,8,9,5,1,1,512,2431.7173817,2246.2860184,2245.19498946,13,16,3174.82,6.55447958011
NEMO,LW,322,32,4,1,15,1,3,640,2447.7481913,2246.20044048,2232.32072612,8,15,1266.52,16.258798
NEMO,LW,359,32,4,1,13,5,1,512,2418.60690565,2245.57929798,2237.06182987,13,17,2925.87,54.5233902222
NEMO,LW,323,32,4,1,15,3,1,640,2447.7481913,2241.46125473,2232.45122969,15,16,1529.64,45.856096
NEMO,LW,129,32,4,5,13,1,1,256,2704.91963667,2241.02384176,2237.76841943,10,10,6854.01,25.8506873684
NEMO,LW,361,32,6,9,5,3,1,512,2416.44088304,2239.88832382,2238.94904092,11,13,3756.19,11.7450995204
NEMO,LW,360,32,6,9,5,1,3,512,2416.44088304,2239.55955432,2237.68098852,11,13,3660.82,27.0729902426
NEMO,LW,403,32,4,5,9,1,5,512,2372.35372869,2234.01517854,2229.50934935,8,12,5074.83,49.3587577778
NEMO,LW,404,32,4,5,9,3,3,512,2372.35372869,2234.01517854,2229.50934935,8,12,5476.97,16.6425281992
NEMO,LW,405,32,4,5,9,5,1,512,2372.35372869,2233.22577243,2229.07241621,10,13,5142.59,16.7586138566
NEMO,LW,248,64,2,9,9,1,3,256,2489.08664803,2232.28504612,2229.30558232,10,18,4521.06,9.1209344
NEMO,LW,249,64,2,9,9,3,1,256,2489.08664803,2232.27045694,2230.84998515,10,18,4950.55,19.675286
NEMO,LW,293,16,8,5,9,1,1,640,2470.65436156,2229.25725435,2226.18529778,11,14,5261.13,8.87633125
NEMO,LW,188,32,4,11,7,1,1,256,2585.22184277,2224.14580201,2222.8895935,15,18,5351.95,21.3562883876
NEMO,LW,383,16,6,9,7,1,1,384,2397.01438427,2223.67994607,2222.40145081,13,20,3374.83,5.83736970492
NEMO,LW,368,32,6,11,3,3,1,512,2408.75207461,2221.19341621,2220.62984646,13,15,2326.62,11.1534237762
NEMO,LW,367,32,6,11,3,1,3,512,2408.75207461,2220.84389076,2219.71675128,14,15,2361.15,28.2991671784
NEMO,LW,101,64,2,1,17,1,3,384,2730.57995978,2218.6234939,2204.23403184,9,25,759.21,69.836764
NEMO,LW,246,16,6,15,1,1,1,640,2497.72158677,2215.92326223,2215.72259501,19,26,551.43,7.06696754348
NEMO,LW,449,32,4,1,13,1,5,256,2328.44562771,2212.18318489,2202.31297518,6,12,4726.16,25.248286
NEMO,LW,450,32,4,1,13,3,3,256,2328.44562771,2212.18318489,2202.31297518,6,12,4898.75,37.3504192
NEMO,LW,452,32,6,1,13,1,3,256,2328.44562771,2212.18318489,2202.31297518,6,12,4436.51,20.5017394286
NEMO,LW,234,16,8,3,11,1,1,640,2523.70246615,2212.17659982,2206.03268668,13,16,4990.51,15.745225
NEMO,LW,451,32,4,1,13,5,1,256,2328.44562771,2210.09261428,2201.9666444,10,13,4773.58,44.5922026667
NEMO,LW,453,32,6,1,13,3,1,256,2328.44562771,2210.09261428,2201.9666444,10,13,4429.98,28.872276
NEMO,LW,102,64,2,1,17,3,1,384,2730.57995978,2205.69879204,2197.78644837,16,27,996.62,60.875004
NEMO,LW,510,16,6,11,3,1,3,640,2294.068684,2205.192905,2204.59090336,12,11,1619.96,7.25394771585
NEMO,LW,410,32,4,11,3,1,5,384,2363.76481676,2204.25427445,2203.62363841,12,13,2283.23,21.2095858872
NEMO,LW,511,16,6,11,3,3,1,640,2294.068684,2204.1311102,2203.52910856,13,13,1622.59,6.21446684153
NEMO,LW,411,32,4,11,3,3,3,384,2363.76481676,2203.70953475,2203.07889871,12,14,2261.14,10.4954998878
NEMO,LW,382,32,6,13,1,3,1,512,2399.95391023,2202.32811048,2202.1402539,14,15,809.13,11.715212798
NEMO,LW,369,16,8,7,7,1,1,640,2407.23026536,2202.0981312,2199.48945742,12,16,5287.74,7.64250625
NEMO,LW,412,32,4,11,3,5,1,384,2363.76481676,2201.85001093,2201.21937489,13,13,2248.16,10.5097406138
NEMO,LW,381,32,6,13,1,1,3,512,2399.95391023,2201.61160111,2201.23588795,16,17,823.3,34.5609359786
NEMO,LW,155,32,4,9,9,1,1,256,2665.21125198,2196.40839528,2194.79327005,12,13,6407.38,32.3783809809
NEMO,LW,280,64,2,9,9,1,3,384,2475.08601643,2195.73695393,2192.75982385,10,20,2766.21,7.9435016
NEMO,LW,131,32,8,7,7,1,1,384,2703.41839235,2195.46702603,2193.99466476,13,16,6284,32.8496248571
NEMO,LW,281,64,2,9,9,3,1,384,2475.08601643,2195.14421885,2192.50677096,12,22,2265.07,13.7761554561
NEMO,LW,422,32,4,7,7,1,5,512,2345.33964851,2192.84765202,2190.21925166,9,11,4853.61,13.8925911655
NEMO,LW,423,32,4,7,7,3,3,512,2345.33964851,2192.11759816,2189.67694068,9,12,4845.01,14.8951877957
NEMO,LW,424,32,4,7,7,5,1,512,2345.33964851,2191.88932557,2189.44866809,10,13,5945.45,10.3861958738
NEMO,LW,201,64,4,5,11,1,3,384,2559.85898959,2188.90685778,2183.71470193,7,17,2422.13,13.7978413333
NEMO,LW,202,64,4,5,11,3,1,384,2559.85898959,2187.30730294,2183.19064048,11,18,4950.08,35.5584552981
NEMO,LW,143,32,8,9,5,1,1,384,2687.71519559,2186.79985084,2185.74816422,15,18,5146.67,29.5160248571
NEMO,LW,545,32,4,3,11,1,5,256,2258.83884523,2182.61994434,2177.23619359,6,10,5515.89,45.8522989333
NEMO,LW,546,32,4,3,11,3,3,256,2258.83884523,2182.61994434,2177.23619359,6,10,7594.17,24.9966452632
NEMO,LW,548,32,6,3,11,1,3,256,2258.83884523,2182.61994434,2177.23619359,6,10,4973.23,50.7176511429
NEMO,LW,508,32,4,11,5,1,3,256,2295.14154063,2182.40341645,2181.50612466,12,13,2871.36,21.5912320718
NEMO,LW,509,32,4,11,5,3,1,256,2295.14154063,2182.01241083,2181.11511903,13,15,3961.97,8.22849762637
NEMO,LW,547,32,4,3,11,5,1,256,2258.83884523,2181.89497702,2177.02442947,8,11,6344.87,25.4709505263
NEMO,LW,549,32,6,3,11,3,1,256,2258.83884523,2181.89497702,2177.02442947,8,11,6309.07,23.2847734118
NEMO,LW,606,16,6,5,9,1,3,384,2231.7463378,2179.01831617,2175.91339911,7,10,6498.09,7.70806177778
NEMO,LW,607,16,6,5,9,3,1,384,2231.7463378,2178.89947394,2175.79455688,8,11,5787.23,7.46998955556
NEMO,LW,206,64,4,7,9,1,3,384,2557.1344108,2176.84727947,2173.73198596,8,16,3404.9,8.377618
NEMO,LW,430,32,6,3,9,1,5,384,2334.21203346,2176.28532967,2169.97520995,7,12,7259.38,35.9540565714
NEMO,LW,431,32,6,3,9,3,3,384,2334.21203346,2176.28532967,2169.97520995,7,12,8258.7,23.4729574118
NEMO,LW,433,32,8,3,9,1,3,384,2334.21203346,2176.28532967,2169.97520995,7,12,7184.51,36.4498462857
NEMO,LW,432,32,6,3,9,5,1,384,2334.21203346,2175.76446874,2169.73147719,9,13,6653.18,24.1063927059
NEMO,LW,434,32,8,3,9,3,1,384,2334.21203346,2175.76446874,2169.73147719,9,13,6696.84,20.6943901333
NEMO,LW,207,64,4,7,9,3,1,384,2557.1344108,2175.61373065,2172.86928901,10,18,5141.1,25.9579987715
NEMO,LW,309,64,2,5,13,1,3,512,2459.81542655,2174.94867086,2169.40139164,7,21,2216.71,15.579126
NEMO,LW,147,32,8,11,3,1,1,384,2671.999925,2173.84410292,2173.21309094,15,18,3213.57,29.0640748571
NEMO,LW,650,16,6,1,11,1,5,640,2201.71096706,2167.20590843,2156.97188053,7,12,4514.19,55.6497544444
NEMO,LW,651,16,6,1,11,3,3,640,2201.71096706,2167.20590843,2156.97188053,7,12,4503.98,53.9537988889
NEMO,LW,653,16,8,1,11,1,3,640,2201.71096706,2167.20590843,2156.97188053,7,12,4485.96,55.33610625
NEMO,LW,652,16,6,1,11,5,1,640,2201.71096706,2165.25377359,2156.50118668,11,13,3527.16,55.4174711111
NEMO,LW,654,16,8,1,11,3,1,640,2201.71096706,2165.25377359,2156.50118668,11,13,3575.54,52.626775
NEMO,LW,116,32,8,5,9,1,1,384,2719.10952917,2164.82260974,2161.52400341,11,14,6254.31,34.4575962857
NEMO,LW,90,32,4,5,13,1,1,512,2745.26863129,2164.55428961,2160.29555556,12,12,4830.11,49.3237688889
NEMO,LW,209,64,4,9,7,3,1,384,2552.98123671,2161.63791181,2159.3879776,11,20,4588,18.3098840062
NEMO,LW,208,64,4,9,7,1,3,384,2552.98123671,2161.49971867,2159.07671261,10,20,4760.33,17.5737170265
NEMO,LW,91,32,4,7,11,1,1,512,2745.26863129,2160.47308971,2159.05351169,12,12,5100,26.4248863421
NEMO,LW,443,32,6,5,7,1,5,384,2331.97823461,2159.95942641,2157.22504119,7,12,6608.41,36.408117
NEMO,LW,444,32,6,5,7,3,3,384,2331.97823461,2159.95942641,2157.22504119,7,12,7198.62,13.4427338824
NEMO,LW,446,32,8,5,7,1,3,384,2331.97823461,2159.95942641,2157.22504119,7,12,6793.91,35.0851968
NEMO,LW,445,32,6,5,7,5,1,384,2331.97823461,2159.73353653,2156.99915131,8,13,7063.31,13.1983927059
NEMO,LW,447,32,8,5,7,3,1,384,2331.97823461,2159.73353653,2156.99915131,8,13,6879.36,13.7864968
NEMO,LW,1,32,6,1,15,1,1,384,3110.61508942,2158.63945998,2148.74364099,15,18,1836.07,33.0638066667
NEMO,LW,624,16,6,5,7,1,5,512,2222.45788208,2158.29534066,2155.45866543,7,10,6039.84,8.50724577778
NEMO,LW,625,16,6,5,7,3,3,512,2222.45788208,2158.29534066,2155.45866543,7,10,6084.44,8.73030133333
NEMO,LW,627,16,8,5,7,1,3,512,2222.45788208,2158.29534066,2155.45866543,7,10,6097.65,8.23511925
NEMO,LW,356,64,2,11,7,3,1,256,2418.63600724,2158.03254085,2156.87386048,12,20,4950.55,19.675286
NEMO,LW,626,16,6,5,7,5,1,512,2222.45788208,2157.96838969,2155.13171446,8,11,5764.59,8.56612911111
NEMO,LW,628,16,8,5,7,3,1,512,2222.45788208,2157.96838969,2155.13171446,8,11,5666.67,8.443788
NEMO,LW,355,64,2,11,7,1,3,256,2418.63600724,2157.82627352,2155.50891279,13,20,4521.06,9.1209344
NEMO,LW,199,64,4,3,13,1,3,384,2560.85567854,2157.80603226,2149.84472662,6,19,2549.37,57.4796971429
NEMO,LW,442,16,8,11,3,1,1,512,2333.16317137,2156.97160744,2156.31699008,15,18,1945.19,6.6482000221
NEMO,LW,193,16,8,1,13,1,1,640,2572.54508343,2155.65426571,2146.438396,14,18,3361.01,55.1250875
NEMO,LW,200,64,4,3,13,3,1,384,2560.85567854,2154.80204023,2149.31315696,11,20,2568.7,55.5821183039
NEMO,LW,243,64,2,3,15,1,3,512,2502.95943061,2154.73739842,2144.72147762,7,23,1414.35,16.78722
NEMO,LW,156,32,8,13,1,1,1,384,2656.27256664,2154.62153708,2154.41119975,17,20,1087.31,29.0640748571
NEMO,LW,27,32,4,1,17,1,1,384,2942.07352455,2152.53794628,2142.85036101,12,13,4377.58,28.6713651429
NEMO,LW,238,32,4,13,5,1,1,256,2504.94184178,2152.18281606,2151.28552426,17,20,4343.34,30.6464643636
NEMO,LW,543,16,6,13,1,1,3,512,2260.34995588,2152.1560816,2151.93787582,14,15,600.06,6.58654571739
NEMO,LW,544,16,6,13,1,3,1,512,2260.34995588,2151.99333854,2151.77513275,14,13,590.98,5.63508747541
NEMO,LW,469,32,4,9,5,3,3,512,2316.38657328,2151.84643454,2150.90772013,10,12,3479.37,11.2096760476
NEMO,LW,470,32,4,9,5,5,1,512,2316.38657328,2151.6599973,2150.72128289,11,13,3475.28,11.2485966523
NEMO,LW,468,32,4,9,5,1,5,512,2316.38657328,2151.1791337,2149.30170487,11,13,3704.24,16.0536460185
NEMO,LW,244,64,2,3,15,3,1,512,2502.95943061,2149.85182423,2144.04727617,19,25,1928.82,34.8888573735
NEMO,LW,128,32,4,3,15,1,1,256,2704.91963667,2148.74280863,2143.85967514,10,10,4883.09,48.9577247059
NEMO,LW,475,16,6,11,5,1,1,384,2313.57081345,2147.52756008,2146.61434918,15,22,2470.38,5.83654292896
NEMO,LW,212,64,4,11,5,3,1,384,2547.63341237,2147.15571031,2146.290351,12,20,3746.2,18.1788234598
NEMO,LW,211,64,4,11,5,1,3,384,2547.63341237,2146.50096395,2144.77024533,13,20,3158.62,6.21530146154
NEMO,LW,310,64,2,5,13,3,1,512,2459.81542655,2146.01774525,2142.53501642,11,22,1865.7,23.3262978017
NEMO,LW,237,32,6,5,11,1,1,256,2505.13609284,2143.36203445,2140.10661213,11,14,6840.01,24.6790734118
NEMO,LW,455,32,6,7,5,1,5,384,2327.34692561,2142.74756667,2140.64419342,9,13,4388.69,31.6174657049
NEMO,LW,458,32,8,7,5,1,3,384,2327.34692561,2142.74756667,2140.64419342,9,13,5135.64,32.8496248571
NEMO,LW,456,32,6,7,5,3,3,384,2327.34692561,2142.51938647,2140.62635055,9,14,5287.41,10.5788515294
NEMO,LW,457,32,6,7,5,5,1,384,2327.34692561,2142.51275535,2140.61971943,10,13,5290.63,10.5041750588
NEMO,LW,459,32,8,7,5,3,1,384,2327.34692561,2142.51275535,2140.61971943,10,13,5267.02,10.7171368
NEMO,LW,427,16,8,9,5,1,1,640,2340.17106529,2137.97611159,2136.97277552,15,18,2966.16,7.12959845304
NEMO,LW,436,32,6,1,11,1,5,384,2333.33605928,2137.02721382,2126.30001029,7,14,1874.09,33.0638066667
NEMO,LW,437,32,6,1,11,3,3,384,2333.33605928,2137.02721382,2126.30001029,7,14,3593.89,42.5587548571
NEMO,LW,439,32,8,1,11,1,3,384,2333.33605928,2137.02721382,2126.30001029,7,14,3096.96,32.6065576
NEMO,LW,92,32,4,9,9,1,1,512,2745.26863129,2136.84386305,2135.42428503,14,14,4525.01,27.8744887729
NEMO,LW,490,32,4,1,11,1,7,384,2302.72493725,2135.75407444,2125.03326167,7,14,4504.84,28.6713651429
NEMO,LW,491,32,4,1,11,3,5,384,2302.72493725,2135.75407444,2125.03326167,7,14,4618.31,34.954425
NEMO,LW,492,32,4,1,11,5,3,384,2302.72493725,2135.75407444,2125.03326167,7,14,4618.31,34.954425
NEMO,LW,438,32,6,1,11,5,1,384,2333.33605928,2135.38787541,2126.05627753,11,15,3269,61.0795544
NEMO,LW,440,32,8,1,11,3,1,384,2333.33605928,2135.38787541,2126.05627753,11,15,4444.44,47.865936
NEMO,LW,493,32,4,1,11,7,1,384,2302.72493725,2133.94709745,2124.75595108,11,15,4406.52,42.9618595556
NEMO,LW,218,64,4,13,3,3,1,384,2541.27644607,2130.33309314,2129.81387755,14,22,2350.13,18.1777405575
NEMO,LW,217,64,4,13,3,1,3,384,2541.27644607,2129.84391042,2128.80547925,15,22,2073.83,6.20065328736
NEMO,LW,463,32,6,9,3,5,1,384,2320.82828228,2128.54139269,2127.91038072,11,13,2469.58,10.5566486375
NEMO,LW,465,32,8,9,3,3,1,384,2320.82828228,2128.54139269,2127.91038072,11,13,3231.33,9.6755968
NEMO,LW,462,32,6,9,3,3,3,384,2320.82828228,2128.53018094,2127.89916897,10,14,2478.23,10.5491247301
NEMO,LW,461,32,6,9,3,1,5,384,2320.82828228,2128.32876505,2127.06674111,11,11,2603.74,30.760812
NEMO,LW,464,32,8,9,3,1,3,384,2320.82828228,2128.32876505,2127.06674111,11,11,3211.81,29.5160248571
NEMO,LW,608,16,6,13,1,1,3,640,2231.08379821,2127.95638568,2127.75571846,14,13,549.7,7.06684145652
NEMO,LW,609,16,6,13,1,3,1,640,2231.08379821,2127.82297511,2127.6223079,14,13,555.43,6.15575878919
NEMO,LW,489,16,8,3,11,1,1,384,2307.15156953,2127.63608931,2122.66856201,10,14,5445.44,12.65379375
NEMO,LW,570,32,4,3,9,1,7,384,2243.46861843,2127.39751145,2121.09115099,7,12,7021.04,29.8882262857
NEMO,LW,571,32,4,3,9,3,5,384,2243.46861843,2127.39751145,2121.09115099,7,12,7448.48,22.4642926316
NEMO,LW,572,32,4,3,9,5,3,384,2243.46861843,2127.39751145,2121.09115099,7,12,7470.97,22.6642978947
NEMO,LW,573,32,4,3,9,7,1,384,2243.46861843,2126.94305553,2120.98110424,9,13,6815.82,22.2347031579
NEMO,LW,362,64,2,7,11,1,3,512,2414.55294983,2125.48480987,2120.55389501,9,20,1811.9,12.8014484378
NEMO,LW,347,32,6,7,9,1,1,256,2424.56462129,2122.08238077,2120.46725554,13,16,6627.34,27.15632175
NEMO,LW,513,32,4,13,1,3,3,384,2290.71438013,2121.03415023,2120.82393822,13,12,765.95,10.4203852995
NEMO,LW,512,32,4,13,1,1,5,384,2290.71438013,2120.86688639,2120.65667437,14,13,793.88,24.8955228804
NEMO,LW,514,32,4,13,1,5,1,384,2290.71438013,2120.76589734,2120.55568532,14,13,765.95,10.4198916447
NEMO,LW,100,32,6,7,9,1,1,512,2738.30167167,2118.79631821,2117.34913847,14,16,5972.86,12.5556109189
NEMO,LW,348,32,4,15,3,1,1,256,2424.36966262,2117.75717685,2117.21880178,19,22,2536.97,23.8096660917
NEMO,LW,363,64,2,7,11,3,1,512,2414.55294983,2117.72233104,2115.40051182,11,20,1790.9,15.5936391825
NEMO,LW,93,32,4,11,7,1,1,512,2745.26863129,2116.92322563,2115.60902545,13,14,4441.14,27.8745237971
NEMO,LW,371,64,2,11,7,3,1,384,2405.81282829,2114.41917462,2113.26140181,12,20,2265.07,13.7761554561
NEMO,LW,223,64,4,15,1,3,1,384,2534.05932804,2114.3458024,2114.17273054,15,24,813.57,17.8734682219
NEMO,LW,370,64,2,11,7,1,3,384,2405.81282829,2114.21320008,2111.89765446,13,20,2766.21,7.9435016
NEMO,LW,400,16,8,1,13,1,1,384,2379.45751247,2113.44048767,2105.14921268,11,16,4089.26,42.34408125
NEMO,LW,222,64,4,15,1,1,3,384,2534.05932804,2113.02129324,2112.67514952,17,24,771.81,6.30509065649
NEMO,LW,476,32,6,11,1,1,5,384,2312.79731789,2111.30047833,2111.09014101,12,11,907.98,30.6935898483
NEMO,LW,479,32,8,11,1,1,3,384,2312.79731789,2111.30047833,2111.09014101,12,11,1087.91,29.0640748571
NEMO,LW,477,32,6,11,1,3,3,384,2312.79731789,2110.28447745,2110.07414013,12,12,835.13,10.4605051224
NEMO,LW,108,32,6,9,7,1,1,512,2723.19751373,2110.27703383,2108.96203777,15,18,4872.26,28.2994769081
NEMO,LW,478,32,6,11,1,5,1,384,2312.79731789,2109.9107003,2109.70036298,13,13,835.35,10.4602194082
NEMO,LW,480,32,8,11,1,3,1,384,2312.79731789,2109.9107003,2109.70036298,13,13,1088.51,9.5405368
NEMO,LW,84,32,6,5,11,1,1,512,2753.39328675,2109.89720596,2105.55566672,14,16,4676.77,47.5309525333
NEMO,LW,259,64,4,5,9,1,5,256,2479.80774219,2109.57333182,2104.97877462,7,15,3418.15,17.488676
NEMO,LW,260,64,4,5,9,3,3,256,2479.80774219,2109.57333182,2104.97877462,7,15,7005.12,36.0398247051
NEMO,LW,262,64,6,5,9,1,3,256,2479.80774219,2109.57333182,2104.97877462,7,15,2051.75,2.453788
NEMO,LW,261,64,4,5,9,5,1,256,2479.80774219,2109.05470338,2104.74208518,9,16,6371.71,43.2934279815
NEMO,LW,263,64,6,5,9,3,1,256,2479.80774219,2109.05470338,2104.74208518,9,16,6283.92,43.571427
NEMO,LW,517,32,4,11,3,3,3,512,2285.83903898,2108.84331453,2108.28008588,12,14,2146.06,11.7029659188
NEMO,LW,518,32,4,11,3,5,1,512,2285.83903898,2108.53188742,2107.96865877,13,15,2152.17,11.6489182757
NEMO,LW,516,32,4,11,3,1,5,512,2285.83903898,2108.53058178,2107.40412448,13,14,2127.63,31.9889809008
NEMO,LW,613,16,8,5,9,1,1,384,2230.18231841,2108.30772355,2105.2028065,10,14,5676.57,7.423475
NEMO,LW,394,64,2,3,13,1,5,256,2379.80553579,2107.95485661,2100.34067135,6,19,2539.93,17.9446866667
NEMO,LW,395,64,2,3,13,3,3,256,2379.80553579,2107.95485661,2100.34067135,6,19,4330.24,34.736516
NEMO,LW,722,16,6,3,9,1,5,640,2152.11008204,2105.67728833,2099.65727192,7,12,6726.54,15.5511433333
NEMO,LW,723,16,6,3,9,3,3,640,2152.11008204,2105.67728833,2099.65727192,7,12,6705.83,15.8341266667
NEMO,LW,725,16,8,3,9,1,3,640,2152.11008204,2105.67728833,2099.65727192,7,12,6778.09,15.0383875
NEMO,LW,396,64,2,3,13,5,1,256,2379.80553579,2105.66384161,2099.98195445,11,20,4329.69,34.791776
NEMO,LW,663,32,4,5,9,1,5,256,2185.95338184,2104.76830991,2101.71751781,7,10,7373,24.1952189474
NEMO,LW,664,32,4,5,9,3,3,256,2185.95338184,2104.76830991,2101.71751781,7,10,7576.26,12.7906663158
NEMO,LW,666,32,6,5,9,1,3,256,2185.95338184,2104.76830991,2101.71751781,7,10,7447.86,27.7152969412
NEMO,LW,724,16,6,3,9,5,1,640,2152.11008204,2104.74149304,2099.0608627,9,11,5157.85,15.2715544444
NEMO,LW,726,16,8,3,9,3,1,640,2152.11008204,2104.74149304,2099.0608627,9,11,4972.69,16.084475
NEMO,LW,665,32,4,5,9,5,1,256,2185.95338184,2104.64632918,2101.59553709,8,11,7006.83,13.3096347368
NEMO,LW,667,32,6,5,9,3,1,256,2185.95338184,2104.64632918,2101.59553709,8,11,6941.1,13.1782734118
NEMO,LW,614,16,6,13,3,1,1,384,2229.85070689,2103.75957112,2103.21164458,17,20,1506.75,5.8360183388
NEMO,LW,643,32,4,13,3,1,3,256,2215.43579036,2103.25079023,2102.71241516,14,15,2704.65,27.8200311111
NEMO,LW,644,32,4,13,3,3,1,256,2215.43579036,2103.08413466,2102.54575959,15,15,2391.62,8.16365637106
NEMO,LW,124,32,6,11,5,1,1,512,2708.08079728,2102.88613405,2101.94685115,15,18,3740.9,28.2993471784
NEMO,LW,94,32,4,13,5,1,1,512,2745.26863129,2101.40250204,2100.46378763,16,17,3530.03,27.8744880483
NEMO,LW,251,64,4,3,11,1,5,256,2480.22686167,2097.72277225,2090.44805667,6,17,2720.41,33.770541
NEMO,LW,252,64,4,3,11,3,3,256,2480.22686167,2097.72277225,2090.44805667,6,17,3732.04,44.440453288
NEMO,LW,254,64,6,3,11,1,3,256,2480.22686167,2097.72277225,2090.44805667,6,17,1828.89,12.977188
NEMO,LW,253,64,4,3,11,5,1,256,2480.22686167,2096.36319526,2090.41811723,10,20,3593.88,44.7184106576
NEMO,LW,255,64,6,3,11,3,1,256,2480.22686167,2096.36319526,2090.41811723,10,20,3255.96,59.8422182222
NEMO,LW,271,64,4,7,7,1,5,256,2477.33937638,2094.87581305,2092.19565468,8,14,5704.57,19.7516697143
NEMO,LW,274,64,6,7,7,1,3,256,2477.33937638,2094.87581305,2092.19565468,8,14,2860.76,8.593968
NEMO,LW,272,64,4,7,7,3,3,256,2477.33937638,2094.11770857,2091.62899009,8,15,6384.33,30.0202986745
NEMO,LW,273,64,4,7,7,5,1,256,2477.33937638,2093.89632924,2091.40761076,9,16,6382.45,32.1715109602
NEMO,LW,275,64,6,7,7,3,1,256,2477.33937638,2093.89632924,2091.40761076,9,16,6834.63,30.9815895
NEMO,LW,137,32,6,13,3,1,1,512,2692.95150666,2092.90888833,2092.34531859,17,20,2298.73,27.0728177358
NEMO,LW,717,16,6,7,7,1,3,384,2153.87686984,2092.30858195,2091.03008669,8,9,4177.5,6.5164519476
NEMO,LW,718,16,6,7,7,3,1,384,2153.87686984,2091.5507632,2090.27226795,9,11,3936.95,5.16615134579
NEMO,LW,486,16,10,3,9,1,1,512,2308.18357659,2083.91005394,2079.00018279,10,14,5312.47,13.8392997143
NEMO,LW,471,64,2,5,11,1,5,256,2314.70103917,2082.60128069,2077.6355077,8,18,2051.75,2.453788
NEMO,LW,472,64,2,5,11,3,3,256,2314.70103917,2082.60128069,2077.6355077,8,18,4093.76,22.5063596309
NEMO,LW,473,64,2,5,11,5,1,256,2314.70103917,2081.6621372,2077.40072183,11,19,4091.26,22.4939694644
NEMO,LW,421,64,2,13,5,3,1,256,2346.75587663,2080.99888194,2080.17125311,15,23,4949.87,19.675286
NEMO,LW,420,64,2,13,5,1,3,256,2346.75587663,2080.91654565,2079.26128798,16,23,4521.06,9.1209344
NEMO,LW,146,32,6,15,1,1,1,512,2677.80962616,2079.79334414,2079.60548756,19,22,823.3,34.5609359786
NEMO,LW,284,64,4,9,5,3,3,256,2473.21571323,2079.74948417,2078.79228475,9,15,4620.63,22.8983364015
NEMO,LW,285,64,4,9,5,5,1,256,2473.21571323,2079.72719978,2078.77000036,10,16,5071.54,23.0232247351
NEMO,LW,287,64,6,9,5,3,1,256,2473.21571323,2079.72719978,2078.77000036,10,16,5356.25,25.8078395
NEMO,LW,283,64,4,9,5,1,5,256,2473.21571323,2079.19812969,2077.28373085,10,16,4783.84,21.2243011429
NEMO,LW,286,64,6,9,5,1,3,256,2473.21571323,2079.19812969,2077.28373085,10,16,4544.04,23.013784
NEMO,LW,95,32,4,15,3,1,1,512,2745.26863129,2070.61157951,2070.04835086,18,19,2183.24,21.3933207347
NEMO,LW,559,32,4,13,1,1,5,512,2253.96451942,2070.03174248,2069.65625671,15,14,754.75,32.2483966383
NEMO,LW,406,64,2,9,9,1,3,512,2367.50044764,2068.34362677,2065.56998716,10,20,2082.6,11.3123716028
NEMO,LW,407,64,2,9,9,3,1,512,2367.50044764,2067.7283926,2065.40657337,12,22,1794.61,15.4377625401
NEMO,LW,560,32,4,13,1,3,3,512,2253.96451942,2065.86111219,2065.67336931,13,14,754.89,11.6050950125
NEMO,LW,107,32,8,3,11,1,1,384,2723.36787841,2065.63361172,2059.03639906,13,16,6065.26,31.5178283333
NEMO,LW,561,32,4,13,1,5,1,512,2253.96451942,2065.59152043,2065.40377754,14,15,753.84,11.5980049875
NEMO,LW,297,64,4,11,3,3,3,256,2467.73580527,2065.35829459,2064.78397494,12,18,2675.95,26.0015245851
NEMO,LW,298,64,4,11,3,5,1,256,2467.73580527,2065.35132032,2064.77700067,13,19,2658.81,24.1408706432
NEMO,LW,300,64,6,11,3,3,1,256,2467.73580527,2065.35132032,2064.77700067,13,19,3379.53,24.541752
NEMO,LW,296,64,4,11,3,1,5,256,2467.73580527,2064.81459517,2063.66595587,13,18,3228.62,8.007647
NEMO,LW,299,64,6,11,3,1,3,256,2467.73580527,2064.8076209,2063.65898159,14,19,3325.06,15.7657606667
NEMO,LW,187,32,6,3,13,1,1,256,2585.41539005,2063.48998356,2058.60685007,12,14,4260.37,50.7176511429
NEMO,LW,629,16,10,5,7,1,1,512,2222.45788208,2056.39593587,2053.55926063,10,14,5597.98,7.552764
NEMO,LW,305,64,4,13,1,3,3,256,2461.13075943,2054.09910213,2053.90766225,13,18,927.49,26.0993466805
NEMO,LW,413,64,2,3,13,1,5,384,2363.71080885,2054.00040998,2046.39218866,6,19,2309.34,39.1743545
NEMO,LW,414,64,2,3,13,3,3,384,2363.71080885,2054.00040998,2046.39218866,6,19,2368.09,30.71146599
NEMO,LW,306,64,4,13,1,5,1,256,2461.13075943,2053.92365314,2053.73221326,14,19,944.8,24.125566805
NEMO,LW,308,64,6,13,1,3,1,256,2461.13075943,2053.92365314,2053.73221326,14,19,920.7,22.338260262
NEMO,LW,304,64,4,13,1,1,5,256,2461.13075943,2053.36396282,2052.98108306,15,22,1129.57,7.932022
NEMO,LW,307,64,6,13,1,1,3,256,2461.13075943,2053.18851384,2052.80563407,16,21,1146.13,7.913497
NEMO,LW,531,16,8,11,3,1,1,640,2272.8945664,2052.86591164,2052.26391,15,18,1799.11,7.18244320442
NEMO,LW,888,16,4,1,15,1,3,384,2077.03382361,2051.65860032,2042.72639609,6,12,4092.17,50.6788868
NEMO,LW,415,64,2,3,13,5,1,384,2363.71080885,2051.16645112,2045.89155534,11,20,2339.86,31.4633885275
NEMO,LW,597,16,8,13,1,1,1,512,2234.17605262,2050.8816532,2050.66344742,17,20,671.27,6.63167350276
NEMO,LW,671,32,4,5,7,1,7,384,2179.52201695,2049.71068057,2046.97792437,7,10,6706.12,37.2323086667
NEMO,LW,672,32,4,5,7,3,5,384,2179.52201695,2049.71068057,2046.97792437,7,10,7073.58,14.0354294737
NEMO,LW,673,32,4,5,7,5,3,384,2179.52201695,2049.71068057,2046.97792437,7,10,7081.71,14.0354347368
NEMO,LW,674,32,4,5,7,7,1,384,2179.52201695,2049.51926632,2046.78651013,8,11,6925.26,14.4318663158
NEMO,LW,759,16,6,7,5,1,5,512,2132.72173765,2048.54387578,2046.3618179,9,11,3153.47,6.84188342289
NEMO,LW,762,16,8,7,5,1,3,512,2132.72173765,2048.54387578,2046.3618179,9,11,4501.11,7.0680755
NEMO,LW,889,16,4,1,15,3,1,384,2077.03382361,2048.49306764,2042.19880732,12,13,3967.05,49.7294868
NEMO,LW,127,32,4,1,17,1,1,256,2704.91963667,2048.24957848,2040.11102267,11,12,4590.69,25.248286
NEMO,LW,760,16,6,7,5,3,3,512,2132.72173765,2047.5621079,2045.59825581,9,12,4494.75,6.23999577778
NEMO,LW,761,16,6,7,5,5,1,512,2132.72173765,2047.34441798,2045.3805659,10,13,4497.24,6.25039022222
NEMO,LW,763,16,8,7,5,3,1,512,2132.72173765,2047.34441798,2045.3805659,10,13,4498.95,6.1298005
NEMO,LW,425,32,6,9,7,1,1,256,2343.69937746,2045.06315061,2043.8069421,13,16,6085.42,24.37993425
NEMO,LW,494,64,2,5,11,1,5,384,2300.20665319,2039.02891883,2034.06703536,7,17,2146.95,6.42614437113
NEMO,LW,495,64,2,5,11,3,3,384,2300.20665319,2039.02891883,2034.06703536,7,17,1971.42,16.0135009933
NEMO,LW,429,64,2,13,5,3,1,384,2334.9902092,2037.8514745,2037.02449392,14,22,2265.07,13.7761554561
NEMO,LW,496,64,2,5,11,5,1,384,2300.20665319,2037.81176021,2033.85558837,11,18,1970.1,15.7504605011
NEMO,LW,428,64,2,13,5,1,3,384,2334.9902092,2037.52170974,2035.86774858,15,22,2766.21,7.9435016
NEMO,LW,426,32,4,17,1,1,1,256,2343.5037073,2036.89768045,2036.7182221,21,24,867.47,23.8096660917
NEMO,LW,912,16,4,1,15,1,3,512,2064.76611753,2034.83472538,2025.91302169,6,12,4446.01,47.1674062
NEMO,LW,852,16,6,5,7,1,5,640,2097.88302048,2031.99111463,2029.38244085,7,10,5670.12,9.39563222222
NEMO,LW,853,16,6,5,7,3,3,640,2097.88302048,2031.99111463,2029.38244085,7,10,5722.23,8.74528222222
NEMO,LW,855,16,8,5,7,1,3,640,2097.88302048,2031.99111463,2029.38244085,7,10,5657.13,9.337625
NEMO,LW,913,16,4,1,15,3,1,512,2064.76611753,2031.92248387,2025.65640974,12,13,4226.99,46.2474962
NEMO,LW,854,16,6,5,7,5,1,640,2097.88302048,2031.63284854,2029.02417476,8,11,5346.65,8.47774888889
NEMO,LW,856,16,8,5,7,3,1,640,2097.88302048,2031.63284854,2029.02417476,8,11,5240.5,8.89003125
NEMO,LW,96,32,4,17,1,1,1,512,2745.26863129,2030.58289819,2030.39515531,20,21,754.75,32.2483966383
NEMO,LW,926,16,4,1,15,1,3,640,2049.65830398,2028.35558964,2018.07676064,7,12,3259.94,65.5194628
NEMO,LW,828,32,4,7,7,1,5,256,2110.46238377,2027.90342537,2025.39100836,9,11,5980.56,31.9054366667
NEMO,LW,831,32,6,7,7,1,3,256,2110.46238377,2027.90342537,2025.39100836,9,11,6067.86,27.14694675
NEMO,LW,829,32,4,7,7,3,3,256,2110.46238377,2027.90342537,2026.64721686,8,10,6084.37,9.80411894737
NEMO,LW,830,32,4,7,7,5,1,256,2110.46238377,2027.87122804,2026.61501953,9,11,6079.47,10.0662926316
NEMO,LW,832,32,6,7,7,3,1,256,2110.46238377,2027.87122804,2026.61501953,9,11,6220.19,9.56705576471
NEMO,LW,393,16,10,1,11,1,1,512,2388.74015049,2027.66568351,2019.37338172,11,16,3793.96,46.7226068571
NEMO,LW,753,32,4,15,1,3,1,256,2134.52052304,2026.75751678,2026.75751678,16,15,696.79,8.93154431304
NEMO,LW,752,32,4,15,1,1,3,256,2134.52052304,2025.71296396,2025.53350561,16,15,867.47,23.8096660917
NEMO,LW,927,16,4,1,15,3,1,640,2049.65830398,2025.03430706,2017.54355553,13,13,3101.88,63.4255178
NEMO,LW,203,64,4,1,15,3,1,384,2559.73530234,2023.29665688,2015.06333197,14,24,56.32,93.673996
NEMO,LW,213,64,2,1,17,1,3,512,2543.57092536,2014.12462796,1999.02370121,9,27,1380.37,48.123837
NEMO,LW,719,32,6,3,11,1,3,640,2152.1980504,2011.43079437,2005.14852958,7,12,3685.48,51.3796047273
NEMO,LW,467,64,2,11,7,3,1,512,2318.92180721,2010.69888286,2009.62024523,12,22,1794.61,15.4377625401
NEMO,LW,466,64,2,11,7,1,3,512,2318.92180721,2010.35873584,2008.20146059,13,22,2082.6,11.3123716028
NEMO,LW,728,32,4,3,11,1,5,640,2151.05803911,2010.32723505,2004.04831665,7,12,3150.55,56.248657
NEMO,LW,729,32,4,3,11,3,3,640,2151.05803911,2010.32723505,2004.04831665,7,12,4369.43,37.6529223158
NEMO,LW,732,16,8,7,7,1,1,384,2146.18540086,2010.02926214,2008.75076688,11,14,5201.63,6.6299125
NEMO,LW,720,32,6,3,11,3,1,640,2152.1980504,2010.00455313,2004.79470356,11,13,4446.7,37.4548056471
NEMO,LW,730,32,4,3,11,5,1,640,2151.05803911,2008.82861601,2003.68003028,11,13,4249.45,36.748796
NEMO,LW,326,64,2,1,15,1,5,256,2441.86567939,2005.6757114,1993.26127892,7,21,840.96,15.598184
NEMO,LW,327,64,2,1,15,3,3,256,2441.86567939,2005.6757114,1993.26127892,7,21,1495.85,61.333241
NEMO,LW,708,32,6,5,9,1,3,640,2158.61841524,2005.16829799,2001.2005518,8,12,5018.98,48.8107755
NEMO,LW,111,32,8,1,13,1,1,384,2721.98489463,2004.98209127,1995.08627228,14,14,3081.08,32.1682376
NEMO,LW,709,32,6,5,9,3,1,640,2158.61841524,2004.77729346,2001.01510937,10,13,5380.61,19.6439409412
NEMO,LW,733,16,6,15,1,1,1,384,2145.85268763,2004.73481027,2004.55216809,19,22,511,5.78540823913
NEMO,LW,965,16,6,1,11,1,5,384,2034.48835239,2004.49792513,1996.27902703,6,10,5218.67,43.2875895556
NEMO,LW,966,16,6,1,11,3,3,384,2034.48835239,2004.49792513,1996.27902703,6,10,5264.99,42.1957062222
NEMO,LW,968,16,8,1,11,1,3,384,2034.48835239,2004.49792513,1996.27902703,6,10,5077.15,42.87675
NEMO,LW,711,32,4,5,9,1,5,640,2157.42135565,2004.01497054,2000.04933786,8,12,4577.52,49.8436068235
NEMO,LW,712,32,4,5,9,3,3,640,2157.42135565,2004.01497054,2000.04933786,8,12,5071.87,20.5824907368
NEMO,LW,967,16,6,1,11,5,1,384,2034.48835239,2003.6389969,1995.9318369,8,11,4353.8,42.1351784444
NEMO,LW,969,16,8,1,11,3,1,384,2034.48835239,2003.6389969,1995.9318369,8,11,4105.52,41.1936
NEMO,LW,713,32,4,5,9,5,1,640,2157.42135565,2003.58030778,1999.84937204,10,13,4895.07,20.4170170526
NEMO,LW,890,16,6,9,5,1,3,384,2074.01581206,2002.67729581,2001.76408491,10,9,2461.39,5.83697735519
NEMO,LW,564,64,2,7,9,1,5,256,2247.11062181,2002.64084396,1999.66138016,9,17,4881.26,12.690896
NEMO,LW,214,64,2,1,17,3,1,512,2543.57092536,2002.32449844,1994.19813117,17,27,1374.75,32.816152
NEMO,LW,565,64,2,7,9,3,3,256,2247.11062181,2002.14426666,1999.33032863,9,18,4968.82,19.994686
NEMO,LW,566,64,2,7,9,5,1,256,2247.11062181,2002.00574645,1999.26106852,10,19,4968.2,19.989526
NEMO,LW,328,64,2,1,15,5,1,256,2441.86567939,2001.54932379,1993.02649304,13,22,1485.09,61.333241
NEMO,LW,891,16,6,9,5,3,1,384,2074.01581206,2001.05233338,2000.13912248,11,11,2466.46,5.02968281967
NEMO,LW,702,32,6,7,7,1,3,640,2163.24344567,1999.39258738,1997.24339153,10,11,4090.97,39.5566284667
NEMO,LW,703,32,6,7,7,3,1,640,2163.24344567,1998.72035917,1996.57116332,10,13,5478.85,13.1169468235
NEMO,LW,705,32,4,7,7,1,5,640,2161.9902758,1998.18915254,1996.0411015,10,11,4157.45,25.4181058995
NEMO,LW,706,32,4,7,7,3,3,640,2161.9902758,1997.85868315,1995.71063211,9,12,3834.13,13.4941584787
NEMO,LW,530,64,2,15,3,3,1,256,2273.64152682,1997.64474042,1997.14816312,17,25,3224.91,19.666636
NEMO,LW,532,64,2,15,3,1,3,256,2271.27820727,1997.56240412,1996.56924952,18,25,3273.75,9.1227544
NEMO,LW,707,32,4,7,7,5,1,640,2161.9902758,1997.50274021,1995.35468918,10,13,3853.55,13.4806324149
NEMO,LW,646,16,8,13,1,1,1,640,2205.39971079,1994.56666412,1994.36599691,17,20,604.5,7.14065575824
NEMO,LW,693,32,6,9,5,1,3,640,2166.4325388,1992.13815445,1990.48492687,11,13,3113.71,41.2470409485
NEMO,LW,694,32,6,9,5,3,1,640,2166.4325388,1991.46898707,1989.98108225,12,15,3429.75,13.060843404
NEMO,LW,699,32,4,9,5,1,5,640,2165.12401477,1990.88547986,1989.23313291,11,13,2816.82,16.7063785374
NEMO,LW,700,32,4,9,5,3,3,640,2165.12401477,1990.55192461,1989.06481236,11,14,2806.75,13.9309214737
NEMO,LW,701,32,4,9,5,5,1,640,2165.12401477,1990.20215339,1988.71504113,12,15,2822,13.9004891381
NEMO,LW,999,16,4,3,13,1,3,384,2019.58094914,1986.33486605,1981.3877991,6,10,5570.17,14.2560268
NEMO,LW,686,32,6,11,3,3,1,640,2168.45516502,1985.36263095,1984.86666267,13,15,2103.9,13.0027429468
NEMO,LW,685,32,6,11,3,1,3,640,2168.45516502,1984.87890599,1983.88696945,14,15,1995.08,16.1636989767
NEMO,LW,1000,16,4,3,13,3,1,384,2019.58094914,1984.63676651,1980.86021032,10,11,5454.12,13.8469268
NEMO,LW,691,32,4,11,3,3,3,640,2167.09190516,1984.22731666,1983.73161258,12,14,1763.09,13.9236932188
NEMO,LW,692,32,4,11,3,5,1,640,2167.09190516,1984.045866,1983.55016191,13,15,1769.72,13.8891985304
NEMO,LW,690,32,4,11,3,1,5,640,2167.09190516,1983.90610485,1982.91469668,13,14,1761.76,16.7882765983
NEMO,LW,684,32,6,13,1,3,1,640,2169.51733846,1978.2765816,1978.11125884,14,15,731.56,13.0253255176
NEMO,LW,154,32,6,1,15,1,1,256,2665.40409931,1977.96289042,1969.8243346,12,13,4361.48,20.5017394286
NEMO,LW,688,32,4,13,1,3,3,640,2168.09985488,1977.24794166,1977.08270696,13,14,620.79,13.882645768
NEMO,LW,689,32,4,13,1,5,1,640,2168.09985488,1977.07266271,1976.90742801,14,15,621.25,13.8778206298
NEMO,LW,683,32,6,13,1,1,3,640,2169.51733846,1976.97848618,1976.64784066,16,17,729.54,35.676640262
NEMO,LW,598,64,2,7,9,1,5,384,2234.02471994,1976.87584711,1973.89871703,8,18,2467.37,4.66667466667
NEMO,LW,599,64,2,7,9,3,3,384,2234.02471994,1976.6272392,1973.81550524,8,19,2236.33,14.2809279174
NEMO,LW,600,64,2,7,9,5,1,384,2234.02471994,1976.40690225,1973.76945436,10,18,2246.8,14.1806859208
NEMO,LW,687,32,4,13,1,1,5,640,2168.09985488,1975.95075097,1975.62028158,15,16,634.24,16.4189637686
NEMO,LW,1007,16,4,3,13,1,3,512,2008.56091357,1975.45221483,1970.51096356,6,10,6328.91,15.5076262
NEMO,LW,540,32,6,11,5,1,1,256,2262.53875173,1975.22765525,1974.33036346,15,18,4470.32,26.35997175
NEMO,LW,824,32,4,7,5,1,7,384,2111.94380236,1974.98259299,1972.88047283,9,11,3796.48,21.5414079385
NEMO,LW,825,32,4,7,5,3,5,384,2111.94380236,1974.68648463,1972.79457649,9,12,3849.88,11.0769022244
NEMO,LW,826,32,4,7,5,5,3,384,2111.94380236,1974.68648463,1972.79457649,9,12,3845.75,11.0759197854
NEMO,LW,827,32,4,7,5,7,1,384,2111.94380236,1974.58096672,1972.68905859,10,13,3862.2,11.0713449073
NEMO,LW,1008,16,4,3,13,3,1,512,2008.56091357,1973.73948213,1969.97983765,10,11,5548.55,14.6008112
NEMO,LW,539,64,2,15,3,3,1,384,2262.82726787,1972.42489406,1971.92870572,16,24,2265.07,13.7761554561
NEMO,LW,538,64,2,15,3,1,3,384,2262.82726787,1971.97133909,1970.97896239,17,24,2766.21,7.9435016
NEMO,LW,1041,16,4,3,13,1,3,640,1995.52120434,1970.2142404,1963.90989195,7,12,5817.54,17.8530078
NEMO,LW,1042,16,4,3,13,3,1,640,1995.52120434,1968.37052119,1963.37668684,11,13,5029.04,18.5677478
NEMO,LW,735,32,6,1,13,1,3,640,2143.49210017,1967.17549493,1955.60290188,8,18,1413.43,35.925032
NEMO,LW,737,32,4,1,13,1,5,640,2142.41032047,1966.12763287,1954.56120424,8,18,1266.52,16.258798
NEMO,LW,738,32,4,1,13,3,3,640,2142.41032047,1966.12763287,1954.56120424,8,18,1532.4,46.656671
NEMO,LW,736,32,6,1,13,3,1,640,2143.49210017,1964.05884759,1955.08681394,14,17,1422.17,50.60424
NEMO,LW,739,32,4,1,13,5,1,640,2142.41032047,1962.9102905,1954.03076903,14,17,1529.64,45.856096
NEMO,LW,89,32,4,3,15,1,1,512,2745.26863129,1960.96446272,1955.28615065,10,11,2816.3,41.1743453333
NEMO,LW,264,64,4,1,13,1,5,256,2478.06700475,1956.70704978,1944.64633712,7,21,808.96,18.586984
NEMO,LW,265,64,4,1,13,3,3,256,2478.06700475,1956.70704978,1944.64633712,7,21,808.96,18.586984
NEMO,LW,937,16,6,7,5,1,5,640,2040.12560204,1956.29826879,1954.49226387,10,11,4146.32,8.33836555556
NEMO,LW,940,16,8,7,5,1,3,640,2040.12560204,1956.29826879,1954.49226387,10,11,4164.67,8.0531875
NEMO,LW,938,16,6,7,5,3,3,640,2040.12560204,1955.40736048,1953.60135556,9,12,4166.38,6.60367666667
NEMO,LW,939,16,6,7,5,5,1,640,2040.12560204,1955.12404623,1953.31804131,10,13,3327.26,6.30630722467
NEMO,LW,941,16,8,7,5,3,1,640,2040.12560204,1955.12404623,1953.31804131,10,13,4184.3,6.58970625
NEMO,LW,266,64,4,1,13,5,1,256,2478.06700475,1953.51870462,1944.60108756,13,22,808.96,18.586984
NEMO,LW,267,64,6,1,13,3,1,256,2478.06700475,1953.51870462,1944.60108756,13,22,483.05,74.327206
NEMO,LW,944,16,6,9,3,3,3,512,2039.81159748,1950.56951326,1949.9148959,10,12,1748.54,5.64609348634
NEMO,LW,945,16,6,9,3,5,1,512,2039.81159748,1950.4610844,1949.80646704,11,13,1746.13,5.64295086339
NEMO,LW,947,16,8,9,3,3,1,512,2039.81159748,1950.4610844,1949.80646704,11,13,1952.1,5.69982543646
NEMO,LW,943,16,6,9,3,1,5,512,2039.81159748,1950.29699327,1949.64237591,10,11,1773.99,6.6407486776
NEMO,LW,946,16,8,9,3,1,3,512,2039.81159748,1950.29699327,1949.64237591,10,11,1959.74,6.55366632044
NEMO,LW,534,64,2,13,5,3,1,512,2269.03147527,1949.0790252,1948.30856975,14,24,1794.61,15.4377625401
NEMO,LW,533,64,2,13,5,1,3,512,2269.03147527,1948.49175912,1946.95084823,15,24,2082.6,11.3123716028
NEMO,LW,1074,16,6,1,9,1,7,512,1984.13271681,1946.61382866,1938.97662611,6,12,5608.56,44.4145068889
NEMO,LW,1075,16,6,1,9,3,5,512,1984.13271681,1946.61382866,1938.97662611,6,12,5596.61,44.7348068889
NEMO,LW,1076,16,6,1,9,5,3,512,1984.13271681,1946.61382866,1938.97662611,6,12,5684.98,42.2777735556
NEMO,LW,1078,16,8,1,9,1,5,512,1984.13271681,1946.61382866,1938.97662611,6,12,5223.62,44.498088
NEMO,LW,1079,16,8,1,9,3,3,512,1984.13271681,1946.61382866,1938.97662611,6,12,5254.27,44.56020675
NEMO,LW,1081,16,10,1,9,1,3,512,1984.13271681,1946.61382866,1938.97662611,6,12,4644.45,47.1045997143
NEMO,LW,1077,16,6,1,9,7,1,512,1984.13271681,1945.90526219,1938.59512738,8,13,4611.71,44.1419346667
NEMO,LW,1080,16,8,1,9,5,1,512,1984.13271681,1945.90526219,1938.59512738,8,13,4314.05,44.84386925
NEMO,LW,1082,16,10,1,9,3,1,512,1984.13271681,1945.90526219,1938.59512738,8,13,3791.27,46.7226068571
NEMO,LW,976,32,4,9,5,1,5,256,2032.86652883,1943.00932438,1942.11203259,10,11,2876.79,21.5912902769
NEMO,LW,979,32,6,9,5,1,3,256,2032.86652883,1943.00932438,1942.11203259,10,11,4467.97,24.37993425
NEMO,LW,977,32,4,9,5,3,3,256,2032.86652883,1942.42616604,1941.52887424,10,12,4322.71,8.40072528836
NEMO,LW,978,32,4,9,5,5,1,256,2032.86652883,1942.21461877,1941.31732698,11,13,3949.69,8.46465826568
NEMO,LW,980,32,6,9,5,3,1,256,2032.86652883,1942.21461877,1941.31732698,11,13,4505.81,8.50106752941
NEMO,LW,349,64,2,1,15,1,5,384,2423.94617509,1939.43485086,1927.03014219,8,25,759.21,69.836764
NEMO,LW,350,64,2,1,15,3,3,384,2423.94617509,1939.43485086,1927.03014219,8,25,1009.11,60.875004
NEMO,LW,76,32,6,3,13,1,1,512,2768.47237458,1936.66375248,1930.87503349,14,16,2840.63,57.2911475556
NEMO,LW,351,64,2,1,15,5,1,384,2423.94617509,1934.44185254,1926.52950887,14,24,996.62,60.875004
NEMO,LW,914,16,8,9,5,1,1,384,2061.90918999,1931.01628135,1930.10307045,13,16,3364.06,6.45431431858
NEMO,LW,872,32,6,3,9,1,5,512,2082.67017087,1929.70455737,1924.06885996,7,12,3074.84,57.2911475556
NEMO,LW,873,32,6,3,9,3,3,512,2082.67017087,1929.70455737,1924.06885996,7,12,6080.68,32.3185164706
NEMO,LW,875,32,8,3,9,1,3,512,2082.67017087,1929.70455737,1924.06885996,7,12,2578.43,54.8246577143
NEMO,LW,523,64,4,5,11,1,3,512,2283.00168019,1929.32179075,1924.68531881,7,17,1644.69,3.17507
NEMO,LW,874,32,6,3,9,5,1,512,2082.67017087,1929.16182553,1923.82533049,9,13,5071.48,33.3589517647
NEMO,LW,876,32,8,3,9,3,1,512,2082.67017087,1929.16182553,1923.82533049,9,13,5166.53,30.7445264
NEMO,LW,524,64,4,5,11,3,1,512,2283.00168019,1927.91276119,1924.33306142,11,18,3333.82,52.6992974255
NEMO,LW,676,64,2,9,7,3,3,256,2177.46400653,1923.91289217,1922.75421181,10,16,4951.52,19.677696
NEMO,LW,677,64,2,9,7,5,1,256,2177.46400653,1923.67895947,1922.52027911,11,17,4950.55,19.675286
NEMO,LW,675,64,2,9,7,1,5,256,2177.46400653,1923.54109908,1921.22373835,11,17,4522.32,9.1209344
NEMO,LW,764,16,10,7,5,1,1,512,2132.72173765,1922.32652436,1921.23549543,13,16,4227.95,6.60634490995
NEMO,LW,1059,32,4,1,11,1,7,256,1990.96355354,1921.99901924,1913.92339311,6,14,4736.1,25.248286
NEMO,LW,1060,32,4,1,11,3,5,256,1990.96355354,1921.99901924,1913.92339311,6,14,5296.12,49.8235951429
NEMO,LW,1061,32,4,1,11,5,3,256,1990.96355354,1921.99901924,1913.92339311,6,14,5145.17,51.0380594286
NEMO,LW,1063,32,6,1,11,1,5,256,1990.96355354,1921.99901924,1913.92339311,6,14,4440.23,20.5017394286
NEMO,LW,1064,32,6,1,11,3,3,256,1990.96355354,1921.99901924,1913.92339311,6,14,4524.49,28.872276
NEMO,LW,1066,32,8,1,11,1,3,256,1990.96355354,1921.99901924,1913.92339311,6,14,4124.56,14.1508533333
NEMO,LW,602,64,2,5,13,1,3,640,2232.39327547,1921.38265954,1915.13640932,8,21,1893.57,20.4961064
NEMO,LW,1062,32,4,1,11,7,1,256,1990.96355354,1921.1520712,1913.58964827,9,15,4659.03,37.3504192
NEMO,LW,1065,32,6,1,11,5,1,256,1990.96355354,1921.1520712,1913.58964827,9,15,4442.22,28.872276
NEMO,LW,1067,32,8,1,11,3,1,256,1990.96355354,1921.1520712,1913.58964827,9,15,5020.76,44.4893387692
NEMO,LW,1132,16,4,5,11,1,3,384,1960.46648919,1920.52837627,1917.64258721,7,8,5816.86,8.4412468
NEMO,LW,1133,16,4,5,11,3,1,384,1960.46648919,1919.49538636,1916.97768223,9,9,5677.83,8.7357468
NEMO,LW,603,64,2,5,13,3,1,640,2232.39327547,1918.90979735,1914.6961521,13,22,1569.18,24.7831783261
NEMO,LW,656,64,2,17,1,3,1,256,2199.45421164,1918.29798664,1918.13246088,18,23,1142.24,19.655156
NEMO,LW,525,64,4,7,9,1,3,512,2279.37686952,1917.20746375,1913.18918807,9,18,3277.72,10.0483997396
NEMO,LW,658,64,2,17,1,1,3,256,2193.83629814,1917.05867632,1916.72762479,20,25,1141.77,9.1249744
NEMO,LW,526,64,4,7,9,3,1,512,2279.37686952,1916.76888783,1914.38242132,10,18,3548.5,15.1954141202
NEMO,LW,1126,16,6,3,9,1,5,384,1961.6251248,1913.95469327,1909.57128095,6,8,6259.96,13.0184284444
NEMO,LW,1127,16,6,3,9,3,3,384,1961.6251248,1913.95469327,1909.57128095,6,8,6298.48,12.3152617778
NEMO,LW,1129,16,8,3,9,1,3,384,1961.6251248,1913.95469327,1909.57128095,6,8,6185.23,12.66725625
NEMO,LW,1128,16,6,3,9,5,1,384,1961.6251248,1913.6989146,1909.31550228,7,9,5603.52,12.4206284444
NEMO,LW,1130,16,8,3,9,3,1,384,1961.6251248,1913.6989146,1909.31550228,7,9,5497.39,11.90835
NEMO,LW,881,32,6,5,7,1,5,512,2079.23478589,1912.30718734,1908.92576889,8,12,4755.72,47.3901658667
NEMO,LW,882,32,6,5,7,3,3,512,2079.23478589,1912.30718734,1908.92576889,8,12,6097.27,17.2339988235
NEMO,LW,884,32,8,5,7,1,3,512,2079.23478589,1912.30718734,1908.92576889,8,12,4794.59,45.8724931429
NEMO,LW,883,32,6,5,7,5,1,512,2079.23478589,1912.08111634,1908.69969789,9,13,5953.89,17.7404458824
NEMO,LW,885,32,8,5,7,3,1,512,2079.23478589,1912.08111634,1908.69969789,9,13,5586.61,15.4756113831
NEMO,LW,928,32,4,3,9,1,7,512,2049.49318694,1912.0629222,1906.4306357,7,12,2866.11,41.1743453333
NEMO,LW,929,32,4,3,9,3,5,512,2049.49318694,1912.0629222,1906.4306357,7,12,5049.45,33.760228
NEMO,LW,930,32,4,3,9,5,3,512,2049.49318694,1912.0629222,1906.4306357,7,12,5070.75,34.1144858947
NEMO,LW,1147,16,4,5,11,1,3,512,1950.54113376,1911.87841536,1908.99601879,7,10,6644.92,10.0645162
NEMO,LW,931,32,4,3,9,7,1,512,2049.49318694,1911.44034129,1906.16052777,9,13,4800.14,33.9148227368
NEMO,LW,1148,16,4,5,11,3,1,512,1950.54113376,1911.24583649,1908.73940684,9,11,5700.29,10.1517412
NEMO,LW,1050,16,6,11,3,1,3,384,1992.52220145,1908.39017038,1907.84224384,12,11,1505.54,5.83602380328
NEMO,LW,1051,16,6,11,3,3,1,384,1992.52220145,1906.5827465,1906.03481996,13,13,1500.4,5.02045713661
NEMO,LW,934,32,4,9,3,3,5,384,2041.49632779,1906.31442305,1905.68378701,10,12,2249.4,10.4879414694
NEMO,LW,935,32,4,9,3,5,3,384,2041.49632779,1906.31442305,1905.68378701,10,12,2241.61,10.4865562653
NEMO,LW,936,32,4,9,3,7,1,384,2041.49632779,1906.2948015,1905.66416545,11,13,2271.55,10.4936063427
NEMO,LW,933,32,4,9,3,1,7,384,2041.49632779,1905.97989537,1904.71862327,11,13,2332.89,28.1861410154
NEMO,LW,632,64,2,7,11,1,3,640,2218.97286258,1903.66313932,1899.45370982,10,20,1770.67,10.1451145497
NEMO,LW,529,64,4,9,7,3,1,512,2274.47557704,1903.09326109,1901.08412325,11,22,3443.36,15.1337750644
NEMO,LW,528,64,4,9,7,1,3,512,2274.47557704,1903.00387215,1900.84018524,10,18,3080.39,9.95750861538
NEMO,LW,633,64,2,7,11,3,1,640,2218.97286258,1902.80096697,1899.64073303,13,22,1587.14,17.1586512154
NEMO,LW,1189,16,4,5,11,1,3,640,1939.19211766,1902.5797656,1899.70169348,7,10,6078.31,10.9654628
NEMO,LW,1190,16,4,5,11,3,1,640,1939.19211766,1901.73396524,1899.23704806,9,11,5270.37,10.7118528
NEMO,LW,175,32,4,7,11,1,1,640,2611.43821894,1899.18393536,1896.60964249,12,13,3450.81,45.0507825159
NEMO,LW,696,64,2,9,7,1,5,384,2165.62164285,1896.75880907,1894.44326345,10,18,2766.21,7.9435016
NEMO,LW,892,32,6,7,5,1,5,512,2073.65629777,1896.53069263,1894.65212683,9,13,3928.71,16.8210436009
NEMO,LW,895,32,8,7,5,1,3,512,2073.65629777,1896.53069263,1894.65212683,9,13,4294.98,14.1911542342
NEMO,LW,894,32,6,7,5,5,1,512,2073.65629777,1896.47501974,1894.78431052,10,13,4642.29,12.5639870588
NEMO,LW,896,32,8,7,5,3,1,512,2073.65629777,1896.47501974,1894.78431052,10,13,4654.47,13.8218391746
NEMO,LW,669,32,8,5,9,1,1,256,2181.27822581,1896.41463038,1893.36383828,10,14,6655.38,25.7316866667
NEMO,LW,893,32,6,7,5,3,3,512,2073.65629777,1896.32537758,1894.63466835,9,14,4648.23,12.5903752941
NEMO,LW,521,64,4,3,13,1,3,512,2285.0847308,1896.27329032,1887.77309177,7,23,1937.89,21.484024
NEMO,LW,697,64,2,9,7,3,3,384,2165.62164285,1896.26262072,1894.11247122,10,19,2267.8,13.8433719793
NEMO,LW,698,64,2,9,7,5,1,384,2165.62164285,1896.0522012,1893.9020517,11,20,2276.35,13.5862595869
NEMO,LW,176,32,4,9,9,1,1,640,2611.43821894,1894.10083966,1892.81369323,15,15,3755.09,16.8585497285
NEMO,LW,522,64,4,3,13,3,1,512,2285.0847308,1893.54154972,1887.57538344,13,24,2754.12,47.3783388571
NEMO,LW,670,32,6,13,3,1,1,256,2181.08112268,1891.41605102,1890.87767594,17,20,2738.09,26.35978425
NEMO,LW,177,32,4,11,7,1,1,640,2611.43821894,1891.30017111,1890.14352824,14,15,3623.66,16.7908159335
NEMO,LW,799,16,4,5,13,1,1,384,2122.23980288,1890.91099332,1888.39328919,11,13,5636.01,8.8089468
NEMO,LW,659,64,2,17,1,3,1,384,2189.49710495,1890.57582043,1890.41042432,17,24,875.54,13.723262685
NEMO,LW,583,64,6,5,9,1,3,384,2240.22400821,1890.09806488,1885.94246381,7,15,2349.24,15.663856
NEMO,LW,584,64,6,5,9,3,1,384,2240.22400821,1889.54716712,1885.59067517,9,16,5655.38,38.710314
NEMO,LW,866,32,6,1,11,1,5,512,2083.33088171,1889.27362771,1879.69294212,7,14,840.77,64.5388026667
NEMO,LW,867,32,6,1,11,3,3,512,2083.33088171,1889.27362771,1879.69294212,7,14,2953.36,53.5724265
NEMO,LW,869,32,8,1,11,1,3,512,2083.33088171,1889.27362771,1879.69294212,7,14,1308.35,58.583703
NEMO,LW,587,64,4,5,9,1,5,384,2239.1837202,1889.20316243,1885.04943775,7,15,2422.13,13.7978413333
NEMO,LW,588,64,4,5,9,3,3,384,2239.1837202,1889.20316243,1885.04943775,7,15,4977.15,39.9401289066
NEMO,LW,662,64,2,17,1,1,3,384,2185.97247103,1889.09033781,1888.75954558,19,26,1007.31,7.9638016
NEMO,LW,635,64,2,15,3,3,1,512,2218.00551864,1889.0654414,1888.60316813,16,24,1794.61,15.4377625401
NEMO,LW,536,64,4,11,5,3,1,512,2268.50552311,1889.05155218,1888.27880686,12,20,2871.58,15.1343609013
NEMO,LW,589,64,4,5,9,5,1,384,2239.1837202,1888.65439283,1884.69844817,9,16,4968.64,38.198747702
NEMO,LW,535,64,4,11,5,1,3,512,2268.50552311,1888.61723946,1887.07174882,13,22,2546.01,9.9567479645
NEMO,LW,857,16,10,5,7,1,1,640,2097.88302048,1888.57809339,1885.96941961,10,14,5129.86,8.76871771429
NEMO,LW,634,64,2,15,3,1,3,512,2218.00551864,1888.35461579,1887.43006926,17,24,2082.6,11.3123716028
NEMO,LW,898,32,4,1,11,1,7,512,2071.66037835,1888.13017525,1878.55528821,7,14,2749.13,31.3684088
NEMO,LW,899,32,4,1,11,3,5,512,2071.66037835,1888.13017525,1878.55528821,7,14,2994.39,42.9156594286
NEMO,LW,900,32,4,1,11,5,3,512,2071.66037835,1888.13017525,1878.55528821,7,14,2994.39,42.9156594286
NEMO,LW,727,16,10,3,9,1,1,640,2152.11008204,1888.01634793,1882.33571758,11,16,4888.86,14.6731177143
NEMO,LW,868,32,6,1,11,5,1,512,2083.33088171,1887.68026718,1879.44941264,11,15,2859.06,52.1024015
NEMO,LW,870,32,8,1,11,3,1,512,2083.33088171,1887.68026718,1879.44941264,11,15,2504.37,46.95648
NEMO,LW,178,32,4,13,5,1,1,640,2611.43821894,1887.66098564,1886.83481217,16,17,2817.45,16.7889693961
NEMO,LW,678,64,2,5,11,1,5,512,2174.11694403,1886.78500172,1882.16226904,7,17,2216.71,15.579126
NEMO,LW,679,64,2,5,11,3,3,512,2174.11694403,1886.78500172,1882.16226904,7,17,1859.66,23.3262978017
NEMO,LW,901,32,4,1,11,7,1,512,2071.66037835,1886.59189272,1878.47292317,11,15,2925.87,54.5233902222
NEMO,LW,448,32,10,5,7,1,1,384,2331.97823461,1885.47269889,1882.73831368,9,10,6152.87,29.452106
NEMO,LW,680,64,2,5,11,5,1,512,2174.11694403,1885.14143706,1881.65870823,11,18,1871.31,23.3899149445
NEMO,LW,907,32,6,9,3,1,5,512,2066.38811762,1883.9086562,1882.78151672,11,13,2359.04,28.2991671784
NEMO,LW,910,32,8,9,3,1,3,512,2066.38811762,1883.9086562,1882.78151672,11,13,2532.22,30.3514915556
NEMO,LW,179,32,4,15,3,1,1,640,2611.43821894,1883.34851797,1882.85281388,18,19,1769.03,16.7882896177
NEMO,LW,636,64,2,3,13,1,5,512,2217.82131897,1883.23319896,1874.75818905,7,23,1414.35,16.78722
NEMO,LW,637,64,2,3,13,3,3,512,2217.82131897,1883.23319896,1874.75818905,7,23,1927.62,34.8965012596
NEMO,LW,908,32,6,9,3,3,3,512,2066.38811762,1883.19214683,1882.62857709,10,14,2328.78,11.7273535369
NEMO,LW,909,32,6,9,3,5,1,512,2066.38811762,1883.18012012,1882.61655038,11,13,2332.36,11.1647994453
NEMO,LW,911,32,8,9,3,3,1,512,2066.38811762,1883.18012012,1882.61655038,11,13,2511.58,10.1875112701
NEMO,LW,1097,16,6,9,3,3,3,640,1979.61287899,1880.40475574,1879.8027541,10,12,1631.14,6.22332203279
NEMO,LW,638,64,2,3,13,5,1,512,2217.82131897,1880.21326738,1874.40871933,13,24,1926.99,34.7816696013
NEMO,LW,1098,16,6,9,3,5,1,640,1979.61287899,1880.19639333,1879.59439169,11,13,1631.44,6.22181984699
NEMO,LW,1100,16,8,9,3,3,1,640,1979.61287899,1880.19639333,1879.59439169,11,13,1804.31,6.29030453039
NEMO,LW,647,64,2,9,9,1,3,640,2204.2441862,1879.82689405,1877.38270918,10,20,1789.46,11.7849619181
NEMO,LW,1096,16,6,9,3,1,5,640,1979.61287899,1879.58879927,1878.38479599,11,13,1636.22,7.17152312568
NEMO,LW,1099,16,8,9,3,1,3,640,1979.61287899,1879.58879927,1878.38479599,11,13,1794.73,7.12896861878
NEMO,LW,648,64,2,9,9,3,1,640,2204.2441862,1878.92600866,1876.81918603,12,22,1600.38,16.9982320256
NEMO,LW,180,32,4,17,1,1,1,640,2611.43821894,1878.36276808,1878.19753339,20,21,634.24,16.4189637686
NEMO,LW,460,32,10,7,5,1,1,384,2327.34692561,1877.77397838,1876.72229176,12,12,5129.93,28.813206
NEMO,LW,575,64,6,3,11,1,3,384,2241.70344867,1876.22265361,1869.64295191,6,17,3392.03,46.4403828571
NEMO,LW,989,32,4,5,7,1,7,512,2024.02250932,1876.04605955,1872.66668765,8,14,4908.05,49.3587577778
NEMO,LW,990,32,4,5,7,3,5,512,2024.02250932,1876.04605955,1872.66668765,8,14,5139.19,16.6423242151
NEMO,LW,991,32,4,5,7,5,3,512,2024.02250932,1876.04605955,1872.66668765,8,14,5124.62,16.7387801912
NEMO,LW,992,32,4,5,7,7,1,512,2024.02250932,1875.98461217,1872.60524028,9,13,5069.17,16.7572688367
NEMO,LW,580,64,4,3,11,1,5,384,2240.70475515,1875.89449416,1869.31776342,6,17,2549.37,57.4796971429
NEMO,LW,581,64,4,3,11,3,3,384,2240.70475515,1875.89449416,1869.31776342,6,17,2606.89,55.7435405261
NEMO,LW,592,64,6,7,7,1,3,384,2236.89890594,1875.67298528,1873.24888465,8,14,4582.58,16.4670313333
NEMO,LW,568,64,2,3,15,1,3,640,2244.24683833,1875.55307152,1866.72684839,7,23,1837.07,13.551284
NEMO,LW,576,64,6,3,11,3,1,384,2241.70344867,1875.29949668,1869.81061341,10,18,3470.88,49.477847
NEMO,LW,594,64,4,7,7,1,5,384,2235.81791355,1874.74348559,1872.32047952,8,14,3404.9,8.377618
NEMO,LW,593,64,6,7,7,3,1,384,2236.89890594,1874.65106944,1872.40011886,9,16,6035.45,30.2145192
NEMO,LW,582,64,4,3,11,5,1,384,2240.70475515,1874.44814889,1868.95926562,10,18,2564.93,55.5821183039
NEMO,LW,595,64,4,7,7,3,3,384,2235.81791355,1874.05870636,1871.80877215,8,15,5433.63,33.1510657306
NEMO,LW,596,64,4,7,7,5,1,384,2235.81791355,1873.72273321,1871.47279901,9,16,4988.52,25.4548356265
NEMO,LW,542,64,4,13,3,3,1,512,2261.63167756,1873.51568795,1873.05204076,14,22,1870.64,15.1337233476
NEMO,LW,541,64,4,13,3,1,3,512,2261.63167756,1872.49251346,1871.56521907,15,22,1722.7,9.95779323077
NEMO,LW,569,64,2,3,15,3,1,640,2244.24683833,1871.98605612,1866.71899956,13,24,1635.54,38.5843365695
NEMO,LW,366,32,8,7,7,1,1,512,2410.45867486,1870.3168142,1869.00181814,13,16,6078.14,16.0950188933
NEMO,LW,917,32,6,11,1,3,3,512,2057.76417956,1866.09192682,1865.90407024,12,12,807.65,11.717437798
NEMO,LW,916,32,6,11,1,1,5,512,2057.76417956,1865.92152872,1865.54581556,13,12,823.3,34.5609552299
NEMO,LW,918,32,6,11,1,5,1,512,2057.76417956,1865.91823125,1865.73037467,13,13,807.19,11.7012840101
NEMO,LW,920,32,8,11,1,3,1,512,2057.76417956,1865.91823125,1865.73037467,13,13,971.09,10.7070064
NEMO,LW,919,32,8,11,1,1,3,512,2057.76417956,1865.74783314,1865.37211998,14,13,909.48,29.8037970617
NEMO,LW,474,32,10,9,3,1,1,384,2313.9582344,1864.43163447,1863.8006225,14,14,3217.65,24.6793726667
NEMO,LW,387,32,8,9,5,1,1,512,2395.08075531,1863.11145801,1862.17217511,15,18,4022.64,29.173864913
NEMO,LW,800,16,4,7,11,1,1,384,2122.23980288,1862.50359018,1861.24473812,10,13,3186.15,6.17610924138
NEMO,LW,604,64,6,9,5,1,3,384,2232.08042516,1860.52534153,1858.79384108,10,16,3494.26,6.93334896498
NEMO,LW,550,32,8,3,11,1,1,256,2258.83884523,1859.90587354,1855.03532599,10,14,3812.42,52.9418575385
NEMO,LW,610,64,4,9,5,1,5,384,2230.95945417,1859.56148843,1857.83076981,10,16,3864.66,17.5737170265
NEMO,LW,605,64,6,9,5,3,1,384,2232.08042516,1859.51840767,1857.96005727,11,18,3901.4,17.9049388527
NEMO,LW,611,64,4,9,5,3,3,384,2230.95945417,1858.8767092,1857.31906244,10,17,3573.37,17.932922102
NEMO,LW,612,64,4,9,5,5,1,384,2230.95945417,1858.55575248,1856.99810573,11,18,3571.74,18.2036321543
NEMO,LW,1245,32,4,3,9,1,7,256,1920.76712854,1858.01772626,1853.71072566,6,10,5108.8,47.73317925
NEMO,LW,1246,32,4,3,9,3,5,256,1920.76712854,1858.01772626,1853.71072566,6,10,6804.3,25.0752557895
NEMO,LW,1247,32,4,3,9,5,3,256,1920.76712854,1858.01772626,1853.71072566,6,10,6802.31,24.9132189474
NEMO,LW,1249,32,6,3,9,1,5,256,1920.76712854,1858.01772626,1853.71072566,6,10,4489.79,50.7176511429
NEMO,LW,1250,32,6,3,9,3,3,256,1920.76712854,1858.01772626,1853.71072566,6,10,6840.59,23.5271910588
NEMO,LW,1252,32,8,3,9,1,3,256,1920.76712854,1858.01772626,1853.71072566,6,10,4031.75,52.9001036923
NEMO,LW,798,16,4,3,15,1,1,384,2122.23980288,1857.93812965,1854.16157346,10,12,5432.07,14.9361168
NEMO,LW,1248,32,4,3,9,7,1,256,1920.76712854,1857.89574553,1853.58874493,7,11,6336.03,25.0725189474
NEMO,LW,1251,32,6,3,9,5,1,256,1920.76712854,1857.89574553,1853.58874493,7,11,6302.27,23.2771322353
NEMO,LW,1253,32,8,3,9,3,1,256,1920.76712854,1857.89574553,1853.58874493,7,11,6127.26,23.2480533333
NEMO,LW,1138,32,4,11,3,1,5,256,1953.54593704,1857.80119837,1857.26282329,12,13,1752.12,21.5921756615
NEMO,LW,1141,32,6,11,3,1,3,256,1953.54593704,1857.80119837,1857.26282329,12,13,2737.91,26.35978425
NEMO,LW,558,64,4,15,1,3,1,512,2253.9867195,1857.54551101,1857.39096195,15,22,665.06,15.1295499571
NEMO,LW,1139,32,4,11,3,3,3,256,1953.54593704,1857.35260668,1856.81423161,12,14,2412.6,7.93413602952
NEMO,LW,1140,32,4,11,3,5,1,256,1953.54593704,1857.23084281,1856.69246774,13,15,2425.52,8.14879917064
NEMO,LW,1142,32,6,11,3,3,1,256,1953.54593704,1857.23084281,1856.69246774,13,15,2658.65,11.7184473182
NEMO,LW,660,64,2,11,7,1,3,640,2188.4118985,1857.11685355,1855.21582087,13,22,1789.46,11.7849619181
NEMO,LW,661,64,2,11,7,3,1,640,2188.4118985,1856.57370136,1854.80845673,13,24,1600.38,16.9982320256
NEMO,LW,174,32,4,5,13,1,1,640,2611.43821894,1856.19772981,1852.33629051,13,13,4557.64,50.124148
NEMO,LW,557,64,4,15,1,1,3,512,2253.9867195,1855.92614112,1855.61704299,17,24,630.54,9.95620269822
NEMO,LW,397,32,8,11,3,1,1,512,2379.6899342,1855.06951742,1854.50594768,15,18,2725.64,15.7407622081
NEMO,LW,1329,16,4,7,9,1,3,384,1900.00222917,1852.21458674,1850.97782,8,7,3242.09,6.18384429885
NEMO,LW,1330,16,4,7,9,3,1,384,1900.00222917,1850.86279378,1849.62602704,9,9,3203.95,5.40195809195
NEMO,LW,844,16,4,5,13,1,1,512,2106.81269517,1848.67504141,1846.16861176,11,13,5728.1,9.8658712
NEMO,LW,954,16,10,9,3,1,1,512,2035.47111986,1846.34218945,1845.68757209,13,16,2382.69,6.65466540206
NEMO,LW,507,32,10,11,1,1,1,384,2297.95422035,1845.6530548,1845.44271748,14,14,1087.19,24.6793726667
NEMO,LW,1335,16,4,7,9,1,3,512,1891.04327178,1845.5601592,1843.08953356,9,11,3818.17,6.8647692809
NEMO,LW,1336,16,4,7,9,3,1,512,1891.04327178,1844.65171886,1842.31835021,10,13,3579.37,5.98846759551
NEMO,LW,1131,16,10,3,9,1,1,384,1961.6251248,1844.61346516,1840.23005284,9,14,5295.06,12.5245022857
NEMO,LW,618,64,6,11,3,3,1,384,2226.03655786,1844.57387793,1844.0544278,12,18,2456.49,17.8058315659
NEMO,LW,617,64,6,11,3,1,3,384,2226.03655786,1844.08439177,1843.0454915,13,18,2590.87,21.3786188122
NEMO,LW,620,64,4,11,3,3,3,384,2224.87620784,1843.88280034,1843.36358475,11,17,2279.13,17.7580319938
NEMO,LW,1314,16,6,3,7,1,7,512,1902.45686303,1843.79411433,1839.86641016,6,10,5996.65,13.9177957778
NEMO,LW,1315,16,6,3,7,3,5,512,1902.45686303,1843.79411433,1839.86641016,6,10,5958.54,13.4785013333
NEMO,LW,1316,16,6,3,7,5,3,512,1902.45686303,1843.79411433,1839.86641016,6,10,5958.5,13.4788402222
NEMO,LW,1318,16,8,3,7,1,5,512,1902.45686303,1843.79411433,1839.86641016,6,10,5878.28,13.43926925
NEMO,LW,1319,16,8,3,7,3,3,512,1902.45686303,1843.79411433,1839.86641016,6,10,5949.79,12.95280675
NEMO,LW,1321,16,10,3,7,1,3,512,1902.45686303,1843.79411433,1839.86641016,6,10,5730.34,13.8392997143
NEMO,LW,1317,16,6,3,7,7,1,512,1902.45686303,1843.63073862,1839.70303445,8,11,5600.63,13.9232791111
NEMO,LW,1320,16,8,3,7,5,1,512,1902.45686303,1843.63073862,1839.70303445,8,11,5557.56,13.0770755
NEMO,LW,1322,16,10,3,7,3,1,512,1902.45686303,1843.63073862,1839.70303445,8,11,5317.91,13.5212211429
NEMO,LW,621,64,4,11,3,5,1,384,2224.87620784,1843.57686005,1843.05764447,12,18,2356.69,17.9225207299
NEMO,LW,619,64,4,11,3,1,5,384,2224.87620784,1843.39361762,1842.35518645,12,17,2232.85,6.21530146154
NEMO,LW,1173,16,6,11,1,1,5,512,1944.34642546,1843.32599147,1843.10778569,12,11,589.22,6.56923267391
NEMO,LW,1176,16,8,11,1,1,3,512,1944.34642546,1843.32599147,1843.10778569,12,11,671.47,6.63189946961
NEMO,LW,409,32,8,13,1,1,1,512,2364.2861953,1842.80786946,1842.62001288,17,20,909.48,29.8037970617
NEMO,LW,1102,16,8,11,3,1,1,384,1977.35229049,1842.34788812,1841.79996158,15,18,2064.49,6.45431431858
NEMO,LW,1174,16,6,11,1,3,3,512,1944.34642546,1841.47203309,1841.2538273,12,12,590.25,5.63624594536
NEMO,LW,1175,16,6,11,1,5,1,512,1944.34642546,1841.30929003,1841.09108424,13,13,591.64,5.63376288525
NEMO,LW,1177,16,8,11,1,3,1,512,1944.34642546,1841.30929003,1841.09108424,13,13,724.56,5.64826304082
NEMO,LW,848,64,2,11,5,3,3,256,2106.09726823,1840.47556117,1839.64793234,12,18,4950.93,19.677696
NEMO,LW,849,64,2,11,5,5,1,256,2106.09726823,1840.32481794,1839.49718911,13,19,4949.87,19.675286
NEMO,LW,847,64,2,11,5,1,5,256,2106.09726823,1840.14536281,1838.49010515,13,18,4522.32,9.1209344
NEMO,LW,1114,32,4,11,1,1,7,384,1968.74252191,1838.86004818,1838.64983617,12,13,793.88,24.8955228804
NEMO,LW,797,16,4,1,17,1,1,384,2122.23980288,1838.30169369,1832.00743336,11,12,3967.05,49.7294868
NEMO,LW,324,32,6,7,9,1,1,640,2446.27167436,1838.03531897,1835.43039419,13,16,4096.03,39.5070710857
NEMO,LW,1115,32,4,11,1,3,5,384,1968.74252191,1837.81351696,1837.60330494,12,14,770.69,10.4216845381
NEMO,LW,1116,32,4,11,1,5,3,384,1968.74252191,1837.81351696,1837.60330494,12,14,760.78,10.4240360609
NEMO,LW,1037,32,4,7,5,1,7,512,1995.9958919,1837.71456162,1835.83713279,9,11,3745.41,13.8908424127
NEMO,LW,1117,32,4,11,1,7,1,384,1968.74252191,1837.71252791,1837.50231589,13,15,770.25,10.4250429137
NEMO,LW,766,64,2,7,9,3,3,512,2128.15189724,1837.07215575,1834.45260723,8,17,1776.97,15.6071068224
NEMO,LW,765,64,2,7,9,1,5,512,2128.15189724,1836.82503669,1832.81866837,9,18,1811.9,12.8014484378
NEMO,LW,1038,32,4,7,5,3,5,512,1995.9958919,1836.81768255,1835.1279966,9,12,3802.25,14.8918167319
NEMO,LW,1039,32,4,7,5,5,3,512,1995.9958919,1836.81768255,1835.1279966,9,12,3806.22,14.8665341787
NEMO,LW,345,32,8,5,9,1,1,512,2425.82370907,1836.61818355,1832.408828,12,16,4675.8,46.2885645714
NEMO,LW,767,64,2,7,9,5,1,512,2128.15189724,1836.42495673,1834.10313751,10,18,1792.27,15.364643562
NEMO,LW,1040,32,4,7,5,7,1,512,1995.9958919,1836.29759488,1834.60790893,10,11,4576.27,10.3744305741
NEMO,LW,695,64,2,17,1,3,1,512,2165.98984268,1835.87816318,1835.72407209,17,24,846.41,15.4060740611
NEMO,LW,1004,16,4,11,7,1,1,384,2015.4270721,1835.63295948,1834.67102979,15,22,2848.1,6.24495406897
NEMO,LW,329,32,6,9,7,1,1,640,2440.94929158,1834.93413729,1833.77687798,15,18,4048,38.591194419
NEMO,LW,704,64,2,17,1,1,3,512,2162.34661391,1834.14832979,1833.84014761,19,26,816.96,13.1985668242
NEMO,LW,1349,16,4,7,9,1,3,640,1881.09798969,1833.57478027,1831.24491236,10,11,3421.54,7.69239672941
NEMO,LW,843,16,4,3,15,1,1,512,2106.81269517,1833.21411277,1829.45446829,10,12,5555.98,15.4289462
NEMO,LW,1350,16,4,7,9,3,1,640,1881.09798969,1832.69905001,1830.36918211,10,13,3198.8,6.70549025882
NEMO,LW,330,32,6,11,5,1,1,640,2435.62522837,1831.59633665,1830.76972286,15,18,3123.48,41.2476620825
NEMO,LW,682,64,2,13,5,3,1,640,2171.640082,1831.46880178,1830.78986154,14,24,1600.38,16.9982320256
NEMO,LW,681,64,2,13,5,1,3,640,2171.640082,1830.74172834,1829.38384786,15,24,1789.46,11.7849619181
NEMO,LW,942,16,10,7,5,1,1,640,2040.12560204,1829.85766254,1828.05165761,12,16,4139.11,7.94000342857
NEMO,LW,631,64,6,13,1,3,1,384,2218.97479244,1828.6204119,1828.44726185,13,18,874.82,17.918258034
NEMO,LW,640,64,4,13,1,3,3,384,2217.77556434,1827.88049317,1827.70742131,12,17,813.57,17.8737414114
NEMO,LW,641,64,4,13,1,5,1,384,2217.77556434,1827.58956932,1827.41649746,13,18,813.6,17.7817600555
NEMO,LW,339,32,6,13,3,1,1,640,2430.29948394,1827.27447581,1826.77850754,17,20,1937.08,33.668174084
NEMO,LW,630,64,6,13,1,1,3,384,2218.97479244,1827.12948043,1826.78318034,15,20,844.67,8.30563382822
NEMO,LW,845,16,4,7,11,1,1,512,2106.81269517,1826.44508836,1825.19187353,13,15,3566.88,6.86118220225
NEMO,LW,639,64,4,13,1,1,5,384,2217.77556434,1826.39042037,1826.04427664,14,19,771.81,6.30509065649
NEMO,LW,1153,32,6,3,7,1,7,384,1944.85931538,1824.89774687,1820.27032574,7,12,6548.7,40.726392
NEMO,LW,1154,32,6,3,7,3,5,384,1944.85931538,1824.89774687,1820.27032574,7,12,6801.05,23.0267221176
NEMO,LW,1155,32,6,3,7,5,3,384,1944.85931538,1824.89774687,1820.27032574,7,12,6801.67,23.6879691765
NEMO,LW,1157,32,8,3,7,1,5,384,1944.85931538,1824.89774687,1820.27032574,7,12,6488.55,31.5433616667
NEMO,LW,1158,32,8,3,7,3,3,384,1944.85931538,1824.89774687,1820.27032574,7,12,6877.14,20.6653234667
NEMO,LW,1160,32,10,3,7,1,3,384,1944.85931538,1824.89774687,1820.27032574,7,12,3935.4,51.4586072
NEMO,LW,1156,32,6,3,7,7,1,384,1944.85931538,1824.67185699,1820.04443586,8,13,6587.29,23.9509162353
NEMO,LW,1159,32,8,3,7,5,1,384,1944.85931538,1824.67185699,1820.04443586,8,13,6660.93,20.4963301333
NEMO,LW,1161,32,10,3,7,3,1,384,1944.85931538,1824.67185699,1820.04443586,8,13,6185.5,23.4628058462
NEMO,LW,1343,16,6,5,7,1,5,384,1885.34573142,1821.95014324,1819.5757949,7,8,5179.3,7.70759511111
NEMO,LW,1344,16,6,5,7,3,3,384,1885.34573142,1821.95014324,1819.5757949,7,8,5206.5,7.39952288889
NEMO,LW,1346,16,8,5,7,1,3,384,1885.34573142,1821.95014324,1819.5757949,7,8,5172.94,7.39045625
NEMO,LW,1163,32,6,1,9,1,7,384,1944.65805704,1821.94190218,1813.73874653,7,16,1874.09,33.0638066667
NEMO,LW,1164,32,6,1,9,3,5,384,1944.65805704,1821.94190218,1813.73874653,7,16,3448.94,56.406728
NEMO,LW,1165,32,6,1,9,5,3,384,1944.65805704,1821.94190218,1813.73874653,7,16,3593.29,42.5587548571
NEMO,LW,1167,32,8,1,9,1,5,384,1944.65805704,1821.94190218,1813.73874653,7,16,3092.41,16.113017
NEMO,LW,1168,32,8,1,9,3,3,384,1944.65805704,1821.94190218,1813.73874653,7,16,4358.58,39.5784345
NEMO,LW,1170,32,10,1,9,1,3,384,1944.65805704,1821.94190218,1813.73874653,7,16,613.06,36.301244
NEMO,LW,435,32,10,3,9,1,1,384,2334.21203346,1821.93395363,1815.90096208,10,12,3744.54,49.4141426667
NEMO,LW,1345,16,6,5,7,5,1,384,1885.34573142,1821.78577602,1819.41142768,8,9,5198.55,7.37652288889
NEMO,LW,1347,16,8,5,7,3,1,384,1885.34573142,1821.78577602,1819.41142768,8,9,5170.69,7.26670625
NEMO,LW,346,32,6,15,1,1,1,640,2424.9720575,1821.67041937,1821.50509661,19,22,729.54,35.676640262
NEMO,LW,1166,32,6,1,9,7,1,384,1944.65805704,1821.63137857,1813.7053511,10,17,3269,61.0795544
NEMO,LW,1169,32,8,1,9,5,1,384,1944.65805704,1821.63137857,1813.7053511,10,17,4438.6,47.865936
NEMO,LW,1171,32,10,1,9,3,1,384,1944.65805704,1821.63137857,1813.7053511,10,17,2013.21,62.4122446667
NEMO,LW,1286,32,4,1,9,1,9,384,1914.20746731,1821.48711172,1813.28884313,7,16,4504.84,28.6713651429
NEMO,LW,1287,32,4,1,9,3,7,384,1914.20746731,1821.48711172,1813.28884313,7,16,4618.31,34.954425
NEMO,LW,1288,32,4,1,9,5,5,384,1914.20746731,1821.48711172,1813.28884313,7,16,4618.31,34.954425
NEMO,LW,1289,32,4,1,9,7,3,384,1914.20746731,1821.48711172,1813.28884313,7,16,4618.31,34.954425
NEMO,LW,1290,32,4,1,9,9,1,384,1914.20746731,1821.07560397,1813.22174455,10,17,4406.52,42.9618595556
NEMO,LW,859,64,2,11,5,3,3,384,2095.35581531,1816.14661015,1815.31962958,11,19,2267.8,13.8433719793
NEMO,LW,860,64,2,11,5,5,1,384,2095.35581531,1815.89561221,1815.06863163,12,20,2276.35,13.5862595869
NEMO,LW,858,64,2,11,5,1,5,384,2095.35581531,1815.81684539,1814.16288424,12,19,2766.21,7.9435016
NEMO,LW,1295,16,6,13,1,1,3,384,1909.67366577,1813.55529914,1813.37265696,14,13,511,5.78540823913
NEMO,LW,1296,16,6,13,1,3,1,384,1909.67366577,1813.3912934,1813.20865122,14,13,510.35,4.9879691087
NEMO,LW,454,32,8,1,13,1,1,256,2328.44562771,1812.85530327,1804.72933339,11,12,4080.11,14.1508533333
NEMO,LW,1276,16,6,11,1,3,3,640,1916.90850135,1812.63333142,1812.43266421,12,14,561.6,6.1580723027
NEMO,LW,1275,16,6,11,1,1,5,640,1916.90850135,1812.50761605,1812.30694883,12,13,553.64,7.08946156522
NEMO,LW,1278,16,8,11,1,1,3,640,1916.90850135,1812.50761605,1812.30694883,12,13,605.39,7.14119476923
NEMO,LW,1277,16,6,11,1,5,1,640,1916.90850135,1812.49992085,1812.29925364,13,15,561.7,6.15314527568
NEMO,LW,1279,16,8,11,1,3,1,640,1916.90850135,1812.49992085,1812.29925364,13,15,610.38,6.2206368306
NEMO,LW,970,16,10,1,11,1,1,384,2034.48835239,1810.4797998,1802.77263979,9,12,3467.87,47.2966022857
NEMO,LW,862,16,4,3,15,1,1,640,2094.55964894,1809.91276386,1804.91892952,12,14,4899.96,19.9927128
NEMO,LW,902,64,2,3,11,1,7,256,2070.3283095,1809.51275297,1803.22277385,7,18,2539.93,17.9446866667
NEMO,LW,903,64,2,3,11,3,5,256,2070.3283095,1809.51275297,1803.22277385,7,18,4330.97,34.730386
NEMO,LW,904,64,2,3,11,5,3,256,2070.3283095,1809.51275297,1803.22277385,7,18,4330.88,34.686086
NEMO,LW,863,16,4,5,13,1,1,640,2094.55964894,1808.99435767,1806.4974405,11,13,5169.02,11.5544728
NEMO,LW,887,16,4,9,9,1,1,384,2078.96248207,1808.74744549,1807.51067875,12,15,3185.59,6.2460057931
NEMO,LW,716,64,2,15,3,3,1,640,2154.06182786,1808.66838843,1808.26102429,16,24,1600.38,16.9982320256
NEMO,LW,905,64,2,3,11,7,1,256,2070.3283095,1808.53201474,1802.94639324,11,19,4329.69,34.791776
NEMO,LW,1178,32,6,5,5,1,7,384,1941.60548865,1808.16901183,1806.27597591,7,10,5206.23,36.07758575
NEMO,LW,1179,32,6,5,5,3,5,384,1941.60548865,1808.16901183,1806.27597591,7,10,5285.11,13.1980221176
NEMO,LW,1180,32,6,5,5,5,3,384,1941.60548865,1808.16901183,1806.27597591,7,10,5280.73,13.6221691765
NEMO,LW,1182,32,8,5,5,1,5,384,1941.60548865,1808.16901183,1806.27597591,7,10,5140.19,35.0851968
NEMO,LW,1183,32,8,5,5,3,3,384,1941.60548865,1808.16901183,1806.27597591,7,10,5259.25,13.0051434667
NEMO,LW,1185,32,10,5,5,1,3,384,1941.60548865,1808.16901183,1806.27597591,7,10,5138.31,29.471631
NEMO,LW,1181,32,6,5,5,7,1,384,1941.60548865,1807.96096482,1806.0679289,8,11,5275.63,13.3242632941
NEMO,LW,1184,32,8,5,5,5,1,384,1941.60548865,1807.96096482,1806.0679289,8,11,5250.62,13.3122034667
NEMO,LW,1186,32,10,5,5,3,1,384,1941.60548865,1807.96096482,1806.0679289,8,11,5265.09,13.3153443077
NEMO,LW,715,64,2,15,3,1,3,640,2154.06182786,1807.32498536,1806.51025708,17,24,1789.46,11.7849619181
NEMO,LW,1013,16,4,11,7,1,1,512,2004.36310287,1802.8265397,1801.86574084,15,22,3425.14,6.57183164045
NEMO,LW,316,32,6,5,11,1,1,640,2451.59237753,1800.68915453,1796.78176735,14,16,5004.02,45.75858175
NEMO,LW,864,16,4,7,11,1,1,640,2094.55964894,1800.38696554,1797.89004836,12,15,3192.68,7.51258202353
NEMO,LW,88,32,4,1,17,1,1,512,2745.26863129,1800.35946141,1791.8419933,12,13,2729.43,31.3684088
NEMO,LW,1122,32,4,9,3,3,5,512,1965.95115117,1797.04699457,1796.48376592,10,12,2136.16,11.7228727716
NEMO,LW,1123,32,4,9,3,5,3,512,1965.95115117,1797.04699457,1796.48376592,10,12,2147.85,11.7138907919
NEMO,LW,1124,32,4,9,3,7,1,512,1965.95115117,1796.90239267,1796.33916402,11,13,2171.29,11.687143589
NEMO,LW,1121,32,4,9,3,1,7,512,1965.95115117,1796.71334414,1795.58688684,11,13,2015.89,34.6984554316
NEMO,LW,655,16,10,1,11,1,1,640,2201.71096706,1796.05447131,1787.3018844,12,18,2994.33,55.2469248571
NEMO,LW,850,32,8,7,7,1,1,256,2099.52268344,1792.34686407,1791.09065556,13,16,6008.07,25.2447857143
NEMO,LW,842,16,4,1,17,1,1,512,2106.81269517,1792.12215176,1785.85607763,11,12,4226.92,46.5065162
NEMO,LW,861,16,4,1,17,1,1,640,2094.55964894,1791.29754119,1783.80678967,13,14,3088.06,64.9029428
NEMO,LW,1195,32,6,7,3,1,7,384,1935.79802486,1789.34582498,1788.08380104,9,11,2780.46,31.6174507166
NEMO,LW,1199,32,8,7,3,1,5,384,1935.79802486,1789.34582498,1788.08380104,9,11,3211.77,29.516932
NEMO,LW,1202,32,10,7,3,1,3,384,1935.79802486,1789.34582498,1788.08380104,9,11,3215,28.813206
NEMO,LW,851,32,6,15,1,1,1,256,2099.32485703,1788.41615932,1788.23670096,19,22,928.45,26.35978425
NEMO,LW,1196,32,6,7,3,3,5,384,1935.79802486,1788.31198123,1787.26029461,9,12,3230.01,10.7464338824
NEMO,LW,1197,32,6,7,3,5,3,384,1935.79802486,1788.31198123,1787.26029461,9,12,3229.75,10.9233868235
NEMO,LW,1200,32,8,7,3,3,3,384,1935.79802486,1788.31198123,1787.26029461,9,12,3231.75,10.6173301333
NEMO,LW,1198,32,6,7,3,7,1,384,1935.79802486,1788.1217771,1787.07009047,11,13,3231.11,10.7875397647
NEMO,LW,1201,32,8,7,3,5,1,384,1935.79802486,1788.1217771,1787.07009047,11,13,3230.33,10.4927368
NEMO,LW,1203,32,10,7,3,3,1,384,1935.79802486,1788.1217771,1787.07009047,11,13,3231.31,11.2176443077
NEMO,LW,1449,16,6,1,9,1,7,640,1830.83296858,1787.34287282,1779.51685148,7,14,4317.86,52.68821
NEMO,LW,1450,16,6,1,9,3,5,640,1830.83296858,1787.34287282,1779.51685148,7,14,4319.07,52.7177766667
NEMO,LW,1451,16,6,1,9,5,3,640,1830.83296858,1787.34287282,1779.51685148,7,14,4282.65,54.19711
NEMO,LW,1453,16,8,1,9,1,5,640,1830.83296858,1787.34287282,1779.51685148,7,14,4007.89,56.03760625
NEMO,LW,1454,16,8,1,9,3,3,640,1830.83296858,1787.34287282,1779.51685148,7,14,4252.86,53.42454375
NEMO,LW,1456,16,10,1,9,1,3,640,1830.83296858,1787.34287282,1779.51685148,7,14,3744.31,55.246932
NEMO,LW,878,64,2,9,7,1,5,512,2080.3093454,1787.09742525,1784.94015,10,18,2082.6,11.3123716028
NEMO,LW,1452,16,6,1,9,7,1,640,1830.83296858,1786.93412733,1779.44749205,9,15,3554.46,53.8930655556
NEMO,LW,1455,16,8,1,9,5,1,640,1830.83296858,1786.93412733,1779.44749205,9,15,3575.1,52.626775
NEMO,LW,1457,16,10,1,9,3,1,640,1830.83296858,1786.93412733,1779.44749205,9,15,2993.65,55.2469177143
NEMO,LW,879,64,2,9,7,3,3,512,2080.3093454,1786.88227104,1784.87908688,10,19,1780.34,15.3782053625
NEMO,LW,880,64,2,9,7,5,1,512,2080.3093454,1786.59386444,1784.59068028,11,20,1803.14,15.2721299367
NEMO,LW,751,64,2,17,1,3,1,640,2135.78622296,1784.03150831,1783.89572026,17,22,756.7,16.9629147548
NEMO,LW,1480,16,4,1,13,1,5,384,1813.8691271,1783.00538105,1775.44736209,6,10,4092.17,50.6788868
NEMO,LW,1481,16,4,1,13,3,3,384,1813.8691271,1783.00538105,1775.44736209,6,10,4105.17,48.9230268
NEMO,LW,74,32,6,1,15,1,1,512,2777.56952665,1782.5777994,1773.89472092,15,18,837,64.5388026667
NEMO,LW,754,64,2,17,1,1,3,640,2133.40729612,1781.93598757,1781.66441147,19,24,745.49,11.7967592865
NEMO,LW,1438,16,4,9,7,1,3,384,1838.42654045,1781.70251009,1780.7405804,10,9,2842.44,6.24841556322
NEMO,LW,922,64,2,3,11,1,7,384,2056.56096375,1781.3433723,1775.05831991,6,17,2309.34,39.1743545
NEMO,LW,923,64,2,3,11,3,5,384,2056.56096375,1781.3433723,1775.05831991,6,17,2368.09,30.71146599
NEMO,LW,924,64,2,3,11,5,3,384,2056.56096375,1781.3433723,1775.05831991,6,17,2368.09,30.71146599
NEMO,LW,1482,16,4,1,13,5,1,384,1813.8691271,1781.19194832,1774.91977332,10,11,3967.05,49.7294868
NEMO,LW,1495,16,4,1,13,1,5,512,1803.21784722,1780.63479881,1773.08566492,6,10,4446.01,47.1674062
NEMO,LW,1496,16,4,1,13,3,3,512,1803.21784722,1780.63479881,1773.08566492,6,10,4448.05,47.0652812
NEMO,LW,925,64,2,3,11,7,1,384,2056.56096375,1780.37037661,1775.09548083,10,20,2339.86,31.4633885275
NEMO,LW,1439,16,4,9,7,3,1,384,1838.42654045,1780.21340092,1779.25147124,11,11,2840.35,5.22376441379
NEMO,LW,1459,16,4,9,7,1,3,512,1830.32546586,1779.58487476,1778.6240759,10,9,3403.42,6.56863725843
NEMO,LW,1497,16,4,1,13,5,1,512,1803.21784722,1778.80271113,1772.55453901,10,11,4226.99,46.2474962
NEMO,LW,1460,16,4,9,7,3,1,512,1830.32546586,1778.09340526,1777.1326064,11,11,3394.53,5.7457687191
NEMO,LW,906,16,4,9,9,1,1,512,2067.27550943,1777.5906661,1776.35535328,12,15,3587.83,6.5716698427
NEMO,LW,1043,16,4,11,7,1,1,640,1994.80049248,1776.52881227,1775.5694549,15,22,3073.32,7.46747143529
NEMO,LW,1143,16,4,13,5,1,1,384,1951.73240742,1775.55058566,1774.86349302,17,24,2092.02,6.244392
NEMO,LW,1412,32,4,5,7,1,7,256,1846.95725853,1771.15012546,1768.8171668,7,10,5981.27,24.2218821053
NEMO,LW,1413,32,4,5,7,3,5,256,1846.95725853,1771.15012546,1768.8171668,7,10,6073.25,12.4449610526
NEMO,LW,1414,32,4,5,7,5,3,256,1846.95725853,1771.15012546,1768.8171668,7,10,6094.85,12.4187557895
NEMO,LW,1416,32,6,5,7,1,5,256,1846.95725853,1771.15012546,1768.8171668,7,10,6003.76,27.7476381176
NEMO,LW,1417,32,6,5,7,3,3,256,1846.95725853,1771.15012546,1768.8171668,7,10,6086.4,13.1900322353
NEMO,LW,1419,32,8,5,7,1,3,256,1846.95725853,1771.15012546,1768.8171668,7,10,6021.41,23.02314
NEMO,LW,1415,32,4,5,7,7,1,256,1846.95725853,1771.11792812,1768.78496946,8,11,6077.57,12.7044452632
NEMO,LW,1418,32,6,5,7,5,1,256,1846.95725853,1771.11792812,1768.78496946,8,11,6078.86,13.1674263529
NEMO,LW,1420,32,8,5,7,3,1,256,1846.95725853,1771.11792812,1768.78496946,8,11,6103.45,11.5798133333
NEMO,LW,1009,64,2,5,9,1,7,256,2004.46953736,1770.30919431,1766.33657592,8,18,2051.75,2.453788
NEMO,LW,1010,64,2,5,9,3,5,256,2004.46953736,1770.30919431,1766.33657592,8,18,4092.76,22.5093030499
NEMO,LW,1011,64,2,5,9,5,3,256,2004.46953736,1770.30919431,1766.33657592,8,18,4100.73,22.5568193888
NEMO,LW,1223,32,6,9,1,3,5,384,1928.0498729,1770.29445794,1770.08412061,10,12,836.13,10.4711757857
NEMO,LW,1224,32,6,9,1,5,3,384,1928.0498729,1770.29445794,1770.08412061,10,12,845.16,10.4674342041
NEMO,LW,1227,32,8,9,1,3,3,384,1928.0498729,1770.29445794,1770.08412061,10,12,1088.63,9.68545013333
NEMO,LW,1225,32,6,9,1,7,1,384,1928.0498729,1770.12209667,1769.91175935,12,13,845.16,10.4674342041
NEMO,LW,1228,32,8,9,1,5,1,384,1928.0498729,1770.12209667,1769.91175935,12,13,1088.63,9.68545013333
NEMO,LW,1230,32,10,9,1,3,1,384,1928.0498729,1770.12209667,1769.91175935,12,13,1087.83,10.7402289231
NEMO,LW,1012,64,2,5,9,7,1,256,2004.46953736,1770.04674307,1766.14338478,9,17,4091.26,22.4939694644
NEMO,LW,1222,32,6,9,1,1,7,384,1928.0498729,1769.2873785,1768.86670385,11,13,911.68,30.6941033555
NEMO,LW,1226,32,8,9,1,1,5,384,1928.0498729,1769.2873785,1768.86670385,11,13,1087.13,29.5160248571
NEMO,LW,1229,32,10,9,1,1,3,384,1928.0498729,1769.2873785,1768.86670385,11,13,1087.19,24.6793726667
NEMO,LW,1468,16,4,9,7,3,1,640,1821.56164788,1768.3188374,1767.35948003,11,13,3066.23,6.53521202353
NEMO,LW,1467,16,4,9,7,1,3,640,1821.56164788,1768.1325074,1766.21379265,11,13,3059.52,7.46401084706
NEMO,LW,974,64,2,13,3,3,3,256,2033.27702622,1767.44843686,1766.95185956,14,20,3225.63,19.666796
NEMO,LW,973,64,2,13,3,1,5,256,2033.27702622,1767.36610056,1766.37294596,15,20,3273.75,9.1227544
NEMO,LW,519,64,4,1,15,1,3,512,2285.2817653,1767.2685539,1754.28643247,8,23,1280.35,22.609338
NEMO,LW,975,64,2,13,3,5,1,256,2033.27702622,1767.25695206,1766.76037476,15,21,3224.91,19.666636
NEMO,LW,1353,32,4,13,1,3,3,256,1872.79439658,1766.53757255,1766.35811419,13,14,701.46,8.93201387826
NEMO,LW,1352,32,4,13,1,1,5,256,1872.79439658,1766.40300589,1766.22354753,14,15,881.53,24.2298743188
NEMO,LW,1355,32,6,13,1,1,3,256,1872.79439658,1766.40300589,1766.22354753,14,15,885.51,19.0860323763
NEMO,LW,1354,32,4,13,1,5,1,256,1872.79439658,1766.23645875,1766.05700039,14,13,701.83,8.9189027913
NEMO,LW,1356,32,6,13,1,3,1,256,1872.79439658,1766.23645875,1766.05700039,14,13,930.01,8.15529694118
NEMO,LW,1211,32,4,11,1,3,5,512,1934.28510464,1764.88751329,1764.69977041,12,14,754.89,11.6065511222
NEMO,LW,1212,32,4,11,1,5,3,512,1934.28510464,1764.88751329,1764.69977041,12,14,751.3,11.5983850374
NEMO,LW,1213,32,4,11,1,7,1,512,1934.28510464,1764.78474673,1764.59700385,13,15,753.84,11.5974583541
NEMO,LW,1210,32,4,11,1,1,7,512,1934.28510464,1764.40795533,1764.03246956,13,14,754.75,32.2483966383
NEMO,LW,1395,32,4,3,7,1,9,384,1853.93490287,1763.6759236,1759.05125927,7,12,6466.7,35.16454225
NEMO,LW,1396,32,4,3,7,3,7,384,1853.93490287,1763.6759236,1759.05125927,7,12,6663.69,22.8304452632
NEMO,LW,1397,32,4,3,7,5,5,384,1853.93490287,1763.6759236,1759.05125927,7,12,6712.51,22.5679294737
NEMO,LW,1398,32,4,3,7,7,3,384,1853.93490287,1763.6759236,1759.05125927,7,12,6725.54,22.6544136842
NEMO,LW,1399,32,4,3,7,9,1,384,1853.93490287,1763.48450935,1758.85984502,8,13,6709.41,22.3622031579
NEMO,LW,520,64,4,1,15,3,1,512,2285.2817653,1762.28680787,1753.93417508,15,24,1262.37,22.609338
NEMO,LW,551,64,2,1,15,1,5,512,2258.76998097,1761.26115045,1748.31749895,8,23,1380.37,48.123837
NEMO,LW,552,64,2,1,15,3,3,512,2258.76998097,1761.26115045,1748.31749895,8,23,1380.37,48.123837
NEMO,LW,1559,8,6,1,13,1,3,512,1773.9394516,1760.58876487,1753.22702274,7,12,2876.69,11.4270506667
NEMO,LW,1506,16,4,1,13,1,5,640,1790.14088828,1760.42078033,1751.78656397,7,14,3259.94,65.5194628
NEMO,LW,1507,16,4,1,13,3,3,640,1790.14088828,1760.42078033,1751.78656397,7,14,3263.96,64.0295828
NEMO,LW,778,64,4,5,7,1,7,256,2124.85983083,1759.5910487,1756.14513079,8,16,3418.15,17.488676
NEMO,LW,779,64,4,5,7,3,5,256,2124.85983083,1759.5910487,1756.14513079,8,16,6555.54,34.0849512991
NEMO,LW,780,64,4,5,7,5,3,256,2124.85983083,1759.5910487,1756.14513079,8,16,6394.12,40.5485102202
NEMO,LW,782,64,6,5,7,1,5,256,2124.85983083,1759.5910487,1756.14513079,8,16,2051.75,2.453788
NEMO,LW,783,64,6,5,7,3,3,256,2124.85983083,1759.5910487,1756.14513079,8,16,6215.13,43.6166645
NEMO,LW,785,64,8,5,7,1,3,256,2124.85983083,1759.5910487,1756.14513079,8,16,2051.75,2.453788
NEMO,LW,781,64,4,5,7,7,1,256,2124.85983083,1759.5534542,1756.10753629,10,17,6465,40.9878430601
NEMO,LW,784,64,6,5,7,5,1,256,2124.85983083,1759.5534542,1756.10753629,10,17,6433.15,39.4444645
NEMO,LW,786,64,8,5,7,3,1,256,2124.85983083,1759.5534542,1756.10753629,10,17,6780.19,32.8488253333
NEMO,LW,1560,8,6,1,13,3,1,512,1773.9394516,1759.13329086,1753.01618413,11,13,3153.69,25.1224538824
NEMO,LW,1508,16,4,1,13,5,1,640,1790.14088828,1758.98821428,1751.66451203,11,15,3101.88,63.4255178
NEMO,LW,553,64,2,1,15,5,1,512,2258.76998097,1756.06386495,1747.93749767,15,24,1374.75,32.816152
NEMO,LW,1640,8,6,1,13,1,3,640,1763.49119391,1754.95861433,1747.60575108,7,12,329.87,3.888152
NEMO,LW,1641,8,6,1,13,3,1,640,1763.49119391,1753.39325807,1747.29265829,11,13,2507.57,39.25154
NEMO,LW,768,64,4,3,9,1,7,256,2126.00601548,1752.05149191,1746.30829541,7,16,2720.41,33.770541
NEMO,LW,769,64,4,3,9,3,5,256,2126.00601548,1752.05149191,1746.30829541,7,16,3727.22,44.440453288
NEMO,LW,770,64,4,3,9,5,3,256,2126.00601548,1752.05149191,1746.30829541,7,16,3735.4,44.383346712
NEMO,LW,772,64,6,3,9,1,5,256,2126.00601548,1752.05149191,1746.30829541,7,16,1828.89,12.977188
NEMO,LW,773,64,6,3,9,3,3,256,2126.00601548,1752.05149191,1746.30829541,7,16,3314.9,59.8422182222
NEMO,LW,775,64,8,3,9,1,3,256,2126.00601548,1752.05149191,1746.30829541,7,16,1828.89,12.977188
NEMO,LW,771,64,4,3,9,7,1,256,2126.00601548,1751.73195841,1746.2707009,10,17,3636.92,44.383346712
NEMO,LW,774,64,6,3,9,5,1,256,2126.00601548,1751.73195841,1746.2707009,10,17,3298.27,58.8234884444
NEMO,LW,776,64,8,3,9,3,1,256,2126.00601548,1751.73195841,1746.2707009,10,17,4858.98,51.9220492308
NEMO,LW,921,16,4,9,9,1,1,640,2057.17310893,1751.22836893,1749.99490945,14,17,3193.71,7.45535143529
NEMO,LW,1323,16,12,3,7,1,1,512,1902.45686303,1749.57496435,1745.64726017,8,10,5124.27,13.4846393333
NEMO,LW,801,64,4,7,5,1,7,256,2121.52637199,1748.01787198,1746.10347314,9,17,4823.5,19.7516697143
NEMO,LW,805,64,6,7,5,1,5,256,2121.52637199,1748.01787198,1746.10347314,9,17,4256.59,17.6501064
NEMO,LW,808,64,8,7,5,1,3,256,2121.52637199,1748.01787198,1746.10347314,9,17,3774,8.877347
NEMO,LW,802,64,4,7,5,3,5,256,2121.52637199,1747.62733716,1745.9043782,9,18,5069.72,28.728628468
NEMO,LW,803,64,4,7,5,5,3,256,2121.52637199,1747.62733716,1745.9043782,9,18,5124.54,31.5627422276
NEMO,LW,806,64,6,7,5,3,3,256,2121.52637199,1747.62733716,1745.9043782,9,18,5155.83,31.550652
NEMO,LW,804,64,4,7,5,7,1,256,2121.52637199,1747.60505277,1745.88209382,11,19,4855.15,31.4601053173
NEMO,LW,807,64,6,7,5,5,1,256,2121.52637199,1747.60505277,1745.88209382,11,19,5193.05,30.3704645
NEMO,LW,809,64,8,7,5,3,1,256,2121.52637199,1747.60505277,1745.88209382,11,19,5309.05,27.2940986667
NEMO,LW,1205,16,10,11,1,1,1,512,1935.1705879,1747.41709101,1747.19888523,14,14,809.84,6.67712022564
NEMO,LW,1188,16,4,13,5,1,1,512,1941.27584727,1744.90235858,1744.21607368,17,24,2489.96,6.56678894382
NEMO,LW,1348,16,10,5,7,1,1,384,1885.34573142,1743.72856196,1741.35421362,9,10,5151.16,6.961888
NEMO,LW,1469,16,6,5,5,1,7,512,1815.02729264,1740.2041951,1738.24034302,7,8,4445.44,8.53915133333
NEMO,LW,1470,16,6,5,5,3,5,512,1815.02729264,1740.2041951,1738.24034302,7,8,4442.97,8.75399022222
NEMO,LW,1471,16,6,5,5,5,3,512,1815.02729264,1740.2041951,1738.24034302,7,8,4443.53,8.75399022222
NEMO,LW,1473,16,8,5,5,1,5,512,1815.02729264,1740.2041951,1738.24034302,7,8,4463.01,8.32676925
NEMO,LW,1474,16,8,5,5,3,3,512,1815.02729264,1740.2041951,1738.24034302,7,8,4472.69,7.70950675
NEMO,LW,1476,16,10,5,5,1,3,512,1815.02729264,1740.2041951,1738.24034302,7,8,4466.12,7.59762114286
NEMO,LW,1334,16,8,13,1,1,1,384,1892.51329774,1740.16548287,1739.98284069,16,16,699.27,6.22185182456
NEMO,LW,1055,64,2,5,9,1,7,384,1992.24505388,1739.60852118,1735.6390144,7,15,2146.95,6.42614437113
NEMO,LW,1056,64,2,5,9,3,5,384,1992.24505388,1739.60852118,1735.6390144,7,15,1971.42,16.0135009933
NEMO,LW,1057,64,2,5,9,5,3,384,1992.24505388,1739.60852118,1735.6390144,7,15,1955.01,15.7620374586
NEMO,LW,1058,64,2,5,9,7,1,384,1992.24505388,1739.14060379,1735.34538309,9,16,1970.1,15.7504605011
NEMO,LW,985,64,2,11,5,3,3,512,2030.89049406,1738.01957629,1737.24912085,11,19,1780.34,15.3782053625
NEMO,LW,984,64,2,11,5,1,5,512,2030.89049406,1737.8029888,1736.26207791,12,19,2082.6,11.3123716028
NEMO,LW,986,64,2,11,5,5,1,512,2030.89049406,1737.79223282,1737.02177737,12,20,1803.14,15.2721299367
NEMO,LW,585,64,4,1,13,3,3,384,2239.90869325,1735.04541378,1724.14188649,7,23,56.32,93.673996
NEMO,LW,994,64,2,13,3,3,3,384,2023.51246122,1735.03925036,1734.54306202,13,19,2267.8,13.8433719793
NEMO,LW,993,64,2,13,3,1,5,384,2023.51246122,1734.83327582,1733.84089913,14,19,2766.21,7.9435016
NEMO,LW,995,64,2,13,3,5,1,384,2023.51246122,1734.74767399,1734.25148565,14,20,2276.35,13.5862595869
NEMO,LW,342,32,8,3,11,1,1,512,2430.24973334,1734.34467517,1728.55595618,13,16,2500.41,54.7870862857
NEMO,LW,555,64,2,1,17,1,3,640,2254.20200958,1733.06285995,1719.75563122,9,26,395.52,46.778796
NEMO,LW,816,64,4,9,3,3,5,256,2116.47370767,1732.70775827,1732.13343862,10,20,2773.33,23.9215839917
NEMO,LW,817,64,4,9,3,5,3,256,2116.47370767,1732.70775827,1732.13343862,10,20,2766.85,23.1200599792
NEMO,LW,820,64,6,9,3,3,3,256,2116.47370767,1732.70775827,1732.13343862,10,20,3396.41,25.7367645
NEMO,LW,1342,16,4,15,3,1,1,384,1887.87788852,1732.62586656,1732.21361098,19,26,1272.93,6.24359889655
NEMO,LW,818,64,4,9,3,7,1,256,2116.47370767,1732.51699917,1731.94267952,12,17,2758.61,23.1636852391
NEMO,LW,821,64,6,9,3,5,1,256,2116.47370767,1732.51699917,1731.94267952,12,17,3399.19,24.8454895
NEMO,LW,823,64,8,9,3,3,1,256,2116.47370767,1732.51699917,1731.94267952,12,17,3398.09,24.9369453333
NEMO,LW,586,64,4,1,13,5,1,384,2239.90869325,1732.36285732,1724.12953242,13,22,56.32,93.673996
NEMO,LW,815,64,4,9,3,1,7,256,2116.47370767,1731.97261896,1730.82397966,11,17,3233.95,10.8067984
NEMO,LW,819,64,6,9,3,1,5,256,2116.47370767,1731.97261896,1730.82397966,11,17,3249.16,27.7965377778
NEMO,LW,822,64,8,9,3,1,3,256,2116.47370767,1731.97261896,1730.82397966,11,17,3344.4,6.332347
NEMO,LW,1101,16,10,9,3,1,1,640,1977.37512581,1731.71826464,1731.116263,15,18,2208.21,7.47241797938
NEMO,LW,1489,16,6,7,5,1,5,384,1806.43552708,1731.13231552,1730.21910462,8,7,3033.96,6.51622137991
NEMO,LW,1492,16,8,7,5,1,3,384,1806.43552708,1731.13231552,1730.21910462,8,7,3782.68,6.6300625
NEMO,LW,1003,32,8,9,5,1,1,256,2017.46686316,1730.4508967,1729.55360491,13,16,4483.17,25.1265857143
NEMO,LW,1490,16,6,7,5,3,3,384,1806.43552708,1730.12805464,1729.21484374,8,8,3259.03,6.13958331429
NEMO,LW,556,64,2,1,17,3,1,640,2254.20200958,1726.82504124,1719.45116205,15,25,395.52,46.778796
NEMO,LW,1218,16,4,13,5,1,1,640,1932.24148623,1720.38685601,1719.70160075,17,24,2248.02,7.44915084706
NEMO,LW,1666,32,2,1,17,1,3,256,1757.46031568,1719.84148827,1712.15767867,6,12,3682.76,21.1605965714
NEMO,LW,755,64,2,1,13,1,7,256,2132.85474051,1719.81271283,1709.38458955,7,19,840.96,15.598184
NEMO,LW,756,64,2,1,13,3,5,256,2132.85474051,1719.81271283,1709.38458955,7,19,1495.85,61.333241
NEMO,LW,757,64,2,1,13,5,3,256,2132.85474051,1719.81271283,1709.38458955,7,19,1495.85,61.333241
NEMO,LW,834,64,4,11,1,3,5,256,2110.04524559,1718.3165687,1718.12512881,12,18,917.39,26.0534743776
NEMO,LW,835,64,4,11,1,5,3,256,2110.04524559,1718.3165687,1718.12512881,12,18,930.56,24.1828657676
NEMO,LW,838,64,6,11,1,3,3,256,2110.04524559,1718.3165687,1718.12512881,12,18,923.06,22.3500903627
NEMO,LW,836,64,4,11,1,7,1,256,2110.04524559,1718.14111971,1717.94967983,15,19,940.53,24.1327503112
NEMO,LW,839,64,6,11,1,5,1,256,2110.04524559,1718.14111971,1717.94967983,15,19,925.69,22.2534687003
NEMO,LW,841,64,8,11,1,3,1,256,2110.04524559,1718.14111971,1717.94967983,15,19,1178.76,24.1888386667
NEMO,LW,1534,16,6,3,7,1,7,640,1780.22510174,1718.05092947,1713.63625077,7,12,5448.77,15.5715266667
NEMO,LW,1535,16,6,3,7,3,5,640,1780.22510174,1718.05092947,1713.63625077,7,12,5441.77,15.8334877778
NEMO,LW,1536,16,6,3,7,5,3,640,1780.22510174,1718.05092947,1713.63625077,7,12,5440.68,15.8335766667
NEMO,LW,1538,16,8,3,7,1,5,640,1780.22510174,1718.05092947,1713.63625077,7,12,5463.95,14.99296875
NEMO,LW,1539,16,8,3,7,3,3,640,1780.22510174,1718.05092947,1713.63625077,7,12,5448.41,15.1629125
NEMO,LW,1541,16,10,3,7,1,3,640,1780.22510174,1718.05092947,1713.63625077,7,12,5365.03,14.7108391429
NEMO,LW,1537,16,6,3,7,7,1,640,1780.22510174,1717.85585467,1713.44117597,8,13,5135.49,15.0154322222
NEMO,LW,1540,16,8,3,7,5,1,640,1780.22510174,1717.85585467,1713.44117597,8,13,4963.85,16.17648125
NEMO,LW,1542,16,10,3,7,3,1,640,1780.22510174,1717.85585467,1713.44117597,8,13,4835.26,15.6232462857
NEMO,LW,833,64,4,11,1,1,7,256,2110.04524559,1717.77286927,1717.38998951,13,18,1127.81,8.007647
NEMO,LW,837,64,6,11,1,1,5,256,2110.04524559,1717.77286927,1717.38998951,13,18,1147.22,11.774572
NEMO,LW,840,64,8,11,1,1,3,256,2110.04524559,1717.59742029,1717.21454052,16,19,1055.69,16.1954821433
NEMO,LW,758,64,2,1,13,7,1,256,2132.85474051,1717.57636877,1709.14980368,12,20,1485.09,61.333241
NEMO,LW,1667,32,2,1,17,3,1,256,1757.46031568,1716.28193023,1711.57281417,14,14,3687.56,43.7250672727
NEMO,LW,1668,16,4,3,11,1,5,384,1756.1612981,1714.89807745,1710.77552165,6,8,5570.17,14.2560268
NEMO,LW,1669,16,4,3,11,3,3,384,1756.1612981,1714.89807745,1710.77552165,6,8,5548.7,14.0319718
NEMO,LW,1670,16,4,3,11,5,1,384,1756.1612981,1714.07116417,1710.3166933,8,9,5454.12,13.8469268
NEMO,LW,1682,16,4,3,11,1,5,512,1746.73447623,1712.8763118,1708.75860241,6,8,6328.91,15.5076262
NEMO,LW,1683,16,4,3,11,3,3,512,1746.73447623,1712.8763118,1708.75860241,6,8,6381.72,14.5802612
NEMO,LW,1684,16,4,3,11,5,1,512,1746.73447623,1712.03790437,1708.29616189,8,9,5548.55,14.6008112
NEMO,LW,1553,16,4,11,5,1,3,384,1775.92478699,1710.77828018,1710.09118755,12,11,2098.88,6.24479257471
NEMO,LW,1554,16,4,11,5,3,1,384,1775.92478699,1709.15185481,1708.46476218,13,13,2075.77,5.1688328046
NEMO,LW,1622,16,4,11,5,1,3,512,1768.58905125,1708.73827643,1708.05199153,12,11,2498.29,6.56763388764
NEMO,LW,1623,16,4,11,5,3,1,512,1768.58905125,1707.10966377,1706.42337887,13,13,2454.04,5.7050181573
NEMO,LW,1351,16,4,15,3,1,1,512,1878.01301267,1705.14520598,1704.73343504,19,26,1552.79,6.56715860674
NEMO,LW,1705,16,4,3,11,1,5,640,1735.6664146,1704.74491524,1699.53697521,7,12,5817.54,17.8530078
NEMO,LW,1706,16,4,3,11,3,3,640,1735.6664146,1704.74491524,1699.53697521,7,12,5842.2,18.3828428
NEMO,LW,1707,16,4,3,11,5,1,640,1735.6664146,1704.00188608,1699.175101,9,13,5029.04,18.5677478
NEMO,LW,1643,16,4,11,5,1,3,640,1760.83171643,1703.71794661,1703.03269135,12,13,2243.32,7.44888967059
NEMO,LW,1675,32,2,1,17,1,3,384,1750.61077658,1702.97300627,1694.06335136,7,16,699,27.263644
NEMO,LW,1644,16,4,11,5,3,1,640,1760.83171643,1702.80807317,1702.1228179,13,15,2226.81,6.50869555294
NEMO,LW,1676,32,2,1,17,3,1,384,1750.61077658,1699.43496623,1693.793153,15,18,1891.01,60.5837371429
NEMO,LW,1422,32,6,3,9,1,5,640,1846.28187939,1697.66051927,1692.70083654,7,12,3672.33,51.3796774545
NEMO,LW,1423,32,6,3,9,3,3,640,1846.28187939,1697.66051927,1692.70083654,7,12,4935.78,37.7586468235
NEMO,LW,1425,32,8,3,9,1,3,640,1846.28187939,1697.66051927,1692.70083654,7,12,2387.92,65.7515188
NEMO,LW,1424,32,6,3,9,5,1,640,1846.28187939,1697.43177667,1692.67765604,9,13,4444.57,37.4545527059
NEMO,LW,1426,32,8,3,9,3,1,640,1846.28187939,1697.43177667,1692.67765604,9,13,4633.18,33.2337178667
NEMO,LW,1429,32,4,3,9,1,7,640,1845.29241647,1697.0456222,1692.08858136,7,12,3150.55,56.248657
NEMO,LW,1430,32,4,3,9,3,5,640,1845.29241647,1697.0456222,1692.08858136,7,12,4369.43,37.6529223158
NEMO,LW,1431,32,4,3,9,5,3,640,1845.29241647,1697.0456222,1692.08858136,7,12,4366.93,36.7275170526
NEMO,LW,1432,32,4,3,9,7,1,640,1845.29241647,1696.77310828,1692.05076438,9,13,4249.45,36.748796
NEMO,LW,1789,8,6,3,11,1,3,512,1716.67732911,1696.76431621,1692.74882051,7,10,4100.82,17.7783774118
NEMO,LW,1790,8,6,3,11,3,1,512,1716.67732911,1696.26582932,1692.6049516,9,11,3479.07,7.69827152941
NEMO,LW,1401,32,6,5,7,1,5,640,1852.06339938,1693.50742795,1690.5316183,8,14,4832.94,48.595438
NEMO,LW,1402,32,6,5,7,3,3,640,1852.06339938,1693.50742795,1690.5316183,8,14,5269.91,19.727188
NEMO,LW,1404,32,8,5,7,1,3,640,1852.06339938,1693.50742795,1690.5316183,8,14,4893.08,43.8008271429
NEMO,LW,1403,32,6,5,7,5,1,640,1852.06339938,1693.4903691,1690.51455946,9,13,5231.09,19.6353821176
NEMO,LW,1405,32,8,5,7,3,1,640,1852.06339938,1693.4903691,1690.51455946,9,13,5324.73,17.8805445333
NEMO,LW,1407,32,4,5,7,1,7,640,1851.01722117,1692.84129256,1689.86706806,8,14,4525.61,49.8436068235
NEMO,LW,1408,32,4,5,7,3,5,640,1851.01722117,1692.84129256,1689.86706806,8,14,4813.97,20.5816223158
NEMO,LW,1409,32,4,5,7,5,3,640,1851.01722117,1692.84129256,1689.86706806,8,14,4795.53,20.8785802105
NEMO,LW,1410,32,4,5,7,7,1,640,1851.01722117,1692.8096473,1689.83542279,9,13,4817.15,20.4168854737
NEMO,LW,1846,8,6,3,11,1,3,640,1707.85322911,1691.32927639,1687.31862371,7,10,1048.36,53.2596373333
NEMO,LW,1191,64,2,7,7,1,7,256,1935.9562818,1690.92255215,1688.60519142,9,17,4881.26,12.690896
NEMO,LW,1847,8,6,3,11,3,1,640,1707.85322911,1690.82455269,1687.1726549,9,11,3288.15,12.2361694118
NEMO,LW,1194,64,2,7,7,7,1,256,1935.9562818,1690.43990421,1688.28806925,11,21,4968.2,19.989526
NEMO,LW,1192,64,2,7,7,3,5,256,1935.9562818,1690.42597485,1688.27413989,9,18,4968.72,19.991326
NEMO,LW,1193,64,2,7,7,5,3,256,1935.9562818,1690.42597485,1688.27413989,9,18,4968.82,19.994686
NEMO,LW,1380,32,6,7,5,1,5,640,1855.93653595,1689.19207469,1687.70416987,10,13,3118.9,41.325644299
NEMO,LW,1383,32,8,7,5,1,3,640,1855.93653595,1689.19207469,1687.70416987,10,13,3479.59,41.4449680311
NEMO,LW,1382,32,6,7,5,5,1,640,1855.93653595,1689.01275392,1687.5248491,10,13,4104.69,13.2482703529
NEMO,LW,1384,32,8,7,5,3,1,640,1855.93653595,1689.01275392,1687.5248491,10,13,4131.77,12.8137645333
NEMO,LW,1381,32,6,7,5,3,3,640,1855.93653595,1688.53690532,1687.0490005,9,14,4086.79,13.4511821176
NEMO,LW,1509,32,4,5,5,1,9,384,1788.4446889,1688.33078652,1686.43887838,7,10,5145.94,37.2362475556
NEMO,LW,1510,32,4,5,5,3,7,384,1788.4446889,1688.33078652,1686.43887838,7,10,5267.93,13.9187663158
NEMO,LW,1511,32,4,5,5,5,5,384,1788.4446889,1688.33078652,1686.43887838,7,10,5268.45,13.9691926316
NEMO,LW,1512,32,4,5,5,7,3,384,1788.4446889,1688.33078652,1686.43887838,7,10,5267.35,13.88684
NEMO,LW,1394,32,4,7,5,7,1,640,1854.83464279,1688.28101999,1686.79390773,10,13,2949.21,13.4675874681
NEMO,LW,1513,32,4,5,5,9,1,384,1788.4446889,1688.22526862,1686.33336048,9,11,5243.41,13.3581136842
NEMO,LW,1391,32,4,7,5,1,7,640,1854.83464279,1688.15051642,1686.66340416,10,13,3295.11,25.4158965388
NEMO,LW,1083,16,12,1,9,1,1,512,1984.13271681,1688.10504354,1680.79490873,6,9,3569.8,45.9372976667
NEMO,LW,1392,32,4,7,5,3,5,640,1854.83464279,1687.49574935,1686.0086371,9,14,2955.33,13.4847542234
NEMO,LW,1393,32,4,7,5,5,3,640,1854.83464279,1687.49574935,1686.0086371,9,14,2946.38,13.4785005
NEMO,LW,1135,64,2,15,1,3,3,256,1959.2175055,1686.65525227,1686.4897265,15,20,1142.24,19.655156
NEMO,LW,1136,64,2,15,1,5,1,256,1959.2175055,1686.54695694,1686.38143117,17,21,1142.24,19.655156
NEMO,LW,1472,16,6,5,5,7,1,512,1815.02729264,1686.52245663,1684.55860454,7,8,4459.29,8.50679577778
NEMO,LW,1475,16,8,5,5,5,1,512,1815.02729264,1686.52245663,1684.55860454,7,8,4442.28,8.34991925
NEMO,LW,1477,16,10,5,5,3,1,512,1815.02729264,1686.52245663,1684.55860454,7,8,4462.87,7.57579971429
NEMO,LW,1478,16,12,5,5,1,1,512,1815.02729264,1686.52245663,1684.55860454,7,8,4437.37,7.26819766667
NEMO,LW,1134,64,2,15,1,1,5,256,1959.2175055,1685.91166607,1685.58061454,17,22,1141.77,9.1249744
NEMO,LW,1302,16,10,11,1,1,1,640,1908.91691722,1685.48235492,1685.28168771,15,18,743.65,7.36810639594
NEMO,LW,987,64,4,5,11,1,3,640,2027.52093896,1685.2640924,1680.09536474,8,19,2481.71,30.2785408
NEMO,LW,988,64,4,5,11,3,1,640,2027.52093896,1684.10472112,1679.80908282,12,20,3324.65,44.585896
NEMO,LW,1371,32,6,9,3,1,5,640,1858.32574577,1682.74895139,1681.75701485,11,11,1989.06,16.1640555659
NEMO,LW,1374,32,8,9,3,1,3,640,1858.32574577,1682.74895139,1681.75701485,11,11,2332.91,35.6390074093
NEMO,LW,981,64,4,7,9,1,3,640,2031.54583783,1682.36342174,1678.96294302,10,18,3012.38,12.758469092
NEMO,LW,1372,32,6,9,3,3,3,640,1858.32574577,1681.92845926,1681.10184548,11,12,2125.81,13.0136756373
NEMO,LW,1373,32,6,9,3,5,1,640,1858.32574577,1681.76138182,1680.93476803,12,13,2110.08,13.0337634532
NEMO,LW,1375,32,8,9,3,3,1,640,1858.32574577,1681.76138182,1680.93476803,12,13,2267.71,13.015857598
NEMO,LW,1376,32,4,9,3,1,7,640,1857.1689221,1681.65758792,1680.66617975,11,11,1775.31,16.7060447424
NEMO,LW,1597,32,4,7,5,3,5,256,1770.36623987,1681.50140801,1680.60411622,8,10,4489.57,9.73146631579
NEMO,LW,1598,32,4,7,5,5,3,256,1770.36623987,1681.50140801,1680.60411622,8,10,4478.51,9.52566105263
NEMO,LW,1601,32,6,7,5,3,3,256,1770.36623987,1681.50140801,1680.60411622,8,10,4514.07,9.73814988235
NEMO,LW,982,64,4,7,9,3,1,640,2031.54583783,1681.37122198,1678.27126879,11,20,3215.99,16.9591424068
NEMO,LW,1596,32,4,7,5,1,7,256,1770.36623987,1681.09770803,1679.30312444,9,11,4443.74,31.9051033333
NEMO,LW,1600,32,6,7,5,1,5,256,1770.36623987,1681.09770803,1679.30312444,9,11,4469.95,27.156053
NEMO,LW,1603,32,8,7,5,1,3,256,1770.36623987,1681.09770803,1679.30312444,9,11,4452.3,25.7206071429
NEMO,LW,1377,32,4,9,3,3,5,640,1857.1689221,1680.83758616,1680.01141269,11,12,1760.68,13.9193051302
NEMO,LW,1378,32,4,9,3,5,3,640,1857.1689221,1680.83758616,1680.01141269,11,12,1754.79,13.9181563767
NEMO,LW,1379,32,4,9,3,7,1,640,1857.1689221,1680.65613549,1679.82996202,12,13,1778.75,13.8868877569
NEMO,LW,1357,16,4,15,3,1,1,640,1869.49525347,1679.51298295,1679.10182979,19,26,1363.85,7.46109437647
NEMO,LW,1094,64,2,13,3,3,3,512,1980.13539,1676.95645315,1676.49417988,13,21,1780.34,15.3782053625
NEMO,LW,971,64,4,9,7,1,3,640,2034.43630799,1676.91046629,1675.00619821,10,18,2887.1,11.277790931
NEMO,LW,1095,64,2,13,3,5,1,512,1980.13539,1676.7901728,1676.32789953,14,22,1803.14,15.2721299367
NEMO,LW,1093,64,2,13,3,1,5,512,1980.13539,1676.24562754,1675.32108101,14,21,2082.6,11.3123716028
NEMO,LW,972,64,4,9,7,3,1,640,2034.43630799,1676.22412232,1674.45587339,11,20,3113.83,16.8135066017
NEMO,LW,1363,32,6,11,1,3,3,640,1859.53829852,1675.65371956,1675.4883968,12,12,731.15,13.0269855678
NEMO,LW,1362,32,6,11,1,1,5,640,1859.53829852,1675.49451846,1675.16387294,13,12,729.54,35.676640262
NEMO,LW,1364,32,6,11,1,5,1,640,1859.53829852,1675.49276377,1675.32744101,13,13,730.9,12.9559518995
NEMO,LW,1366,32,8,11,1,3,1,640,1859.53829852,1675.49276377,1675.32744101,13,13,783.58,13.0174801515
NEMO,LW,1365,32,8,11,1,1,3,640,1859.53829852,1675.17130074,1674.84065523,14,13,802.83,41.4249920205
NEMO,LW,1368,32,4,11,1,3,5,640,1858.32717079,1674.51297822,1674.34774352,12,12,620.79,13.882645768
NEMO,LW,1369,32,4,11,1,5,3,640,1858.32717079,1674.51297822,1674.34774352,12,12,621.25,13.8778206298
NEMO,LW,1367,32,4,11,1,1,7,640,1858.32717079,1674.35391524,1674.02344585,13,12,634.24,16.4189637686
NEMO,LW,1370,32,4,11,1,7,1,640,1858.32717079,1674.33769927,1674.17246457,13,13,624.7,13.876835547
NEMO,LW,1494,16,10,7,5,1,1,384,1806.43552708,1671.26347537,1670.35026447,10,10,3774.88,6.468038
NEMO,LW,338,32,8,1,13,1,1,512,2430.45850178,1670.92708031,1662.24400182,14,14,1292.56,58.583703
NEMO,LW,1254,32,10,3,9,1,1,256,1920.76712854,1670.84808507,1666.54108446,8,10,3143.87,33.5692013333
NEMO,LW,952,64,4,11,5,1,3,640,2036.38666505,1670.5097891,1669.14959761,13,20,2391.94,11.2763205287
NEMO,LW,953,64,4,11,5,3,1,640,2036.38666505,1670.23242054,1669.0082482,13,22,2632.44,16.7119760932
NEMO,LW,1461,16,4,17,1,1,1,384,1823.86291285,1669.47308373,1669.33566521,21,28,449.5,6.0752740565
NEMO,LW,1206,32,8,11,3,1,1,256,1935.10910761,1668.74773233,1668.20935725,14,14,2738.53,25.1265857143
NEMO,LW,1031,64,6,5,9,1,3,512,1997.87518302,1667.8110277,1664.09960612,7,15,2098.57,15.8975106667
NEMO,LW,1032,64,6,5,9,3,1,512,1997.87518302,1667.51734934,1664.04838487,9,16,4169.7,45.6879658462
NEMO,LW,1087,64,2,5,11,1,5,640,1980.7593902,1667.3866222,1662.22667637,8,19,1893.57,20.4961064
NEMO,LW,1088,64,2,5,11,3,3,640,1980.7593902,1667.3866222,1662.22667637,8,19,1563.8,24.7756811832
NEMO,LW,1033,64,4,5,9,1,5,512,1996.63527291,1666.75732333,1663.04814578,7,15,1644.69,3.17507
NEMO,LW,1034,64,4,5,9,3,3,512,1996.63527291,1666.75732333,1663.04814578,7,15,3564.42,48.5058665164
NEMO,LW,1035,64,4,5,9,5,1,512,1996.63527291,1666.46596286,1662.9976529,9,16,3455.85,52.2297941867
NEMO,LW,1089,64,2,5,11,5,1,640,1980.7593902,1666.01258652,1661.79894127,12,20,1569.28,24.7831966454
NEMO,LW,811,64,2,1,13,1,7,384,2117.29643397,1665.53888352,1655.11892824,7,23,759.21,69.836764
NEMO,LW,812,64,2,1,13,3,5,384,2117.29643397,1665.53888352,1655.11892824,7,23,1009.11,60.875004
NEMO,LW,813,64,2,1,13,5,3,384,2117.29643397,1665.53888352,1655.11892824,7,23,1009.11,60.875004
NEMO,LW,951,64,4,13,3,3,1,640,2037.54924275,1664.91548424,1664.50742679,14,24,1714.45,16.7075434661
NEMO,LW,950,64,4,13,3,1,3,640,2037.54924275,1664.11802526,1663.30191037,15,22,1582.96,11.2763205287
NEMO,LW,814,64,2,1,13,7,1,384,2117.29643397,1663.02682694,1655.11448326,13,22,996.62,60.875004
NEMO,LW,1689,32,2,1,17,1,3,512,1741.96011792,1661.29906591,1652.39486318,7,16,1424.55,60.0313093333
NEMO,LW,949,64,4,15,1,3,1,640,2038.04514961,1658.92644759,1658.79042844,15,22,622.02,16.5666032412
NEMO,LW,1232,64,2,7,7,1,7,384,1925.06690167,1657.84368681,1655.52814119,9,16,2467.37,4.66667466667
NEMO,LW,1491,16,6,7,5,5,1,384,1806.43552708,1657.75594417,1656.84273327,8,8,2866.17,5.13157097196
NEMO,LW,1493,16,8,7,5,3,1,384,1806.43552708,1657.75594417,1656.84273327,8,8,3816.18,5.1436625
NEMO,LW,948,64,4,15,1,1,3,640,2038.04514961,1657.19284535,1656.92080705,17,24,612.5,9.84357411765
NEMO,LW,1233,64,2,7,7,3,5,384,1925.06690167,1657.09991802,1654.94976852,8,15,2236.33,14.2809279174
NEMO,LW,1234,64,2,7,7,5,3,384,1925.06690167,1657.09991802,1654.94976852,8,15,2245.6,14.1864249914
NEMO,LW,1235,64,2,7,7,7,1,384,1925.06690167,1656.76570829,1654.61555878,9,16,2246.8,14.1806859208
NEMO,LW,173,32,4,3,15,1,1,640,2611.43821894,1653.53433476,1648.38574903,13,13,3110.54,56.7990236667
NEMO,LW,1045,64,6,7,7,1,3,512,1993.72454132,1653.21962846,1650.12677714,9,16,3375.65,10.0309551548
NEMO,LW,1046,64,6,7,7,3,1,512,1993.72454132,1653.18303518,1651.17268182,9,16,3974.93,15.3411579011
NEMO,LW,1053,64,4,7,7,3,3,512,1992.43769472,1652.42118352,1650.41204568,8,15,3404.35,15.2177709871
NEMO,LW,1440,32,6,1,11,1,5,640,1837.9885782,1652.23564134,1642.97756691,8,16,1413.43,35.925032
NEMO,LW,1441,32,6,1,11,3,3,640,1837.9885782,1652.23564134,1642.97756691,8,16,1445.04,50.60424
NEMO,LW,1052,64,4,7,7,1,5,512,1992.43769472,1652.12675263,1649.03577134,9,16,3086.63,10.0483997396
NEMO,LW,1054,64,4,7,7,5,1,512,1992.43769472,1652.09092699,1650.08178915,9,16,3442.78,15.13280103
NEMO,LW,1150,64,2,15,1,3,3,384,1950.32140102,1651.99285297,1651.82745685,14,19,875.54,13.723262685
NEMO,LW,1021,64,6,3,11,1,3,512,2000.37787101,1651.87731655,1644.91840109,7,19,1869.27,24.410124
NEMO,LW,1028,64,4,3,11,1,5,512,1999.18597764,1651.80600457,1644.85129667,7,19,1937.89,21.484024
NEMO,LW,1029,64,4,3,11,3,3,512,1999.18597764,1651.80600457,1644.85129667,7,19,2767.87,47.3783388571
NEMO,LW,1151,64,2,15,1,5,1,384,1950.32140102,1651.78448839,1651.61909228,15,20,877.58,13.5425914286
NEMO,LW,1445,32,4,1,11,1,7,640,1837.05713389,1651.68600876,1642.43286585,8,16,1266.52,16.258798
NEMO,LW,1446,32,4,1,11,3,5,640,1837.05713389,1651.68600876,1642.43286585,8,16,1532.4,46.656671
NEMO,LW,1447,32,4,1,11,5,3,640,1837.05713389,1651.68600876,1642.43286585,8,16,1532.4,46.656671
NEMO,LW,1442,32,6,1,11,5,1,640,1837.9885782,1651.14310644,1642.95744723,12,17,1422.17,50.60424
NEMO,LW,1443,32,8,1,11,3,1,640,1837.9885782,1651.14310644,1642.95744723,12,17,120.96,89.72996
NEMO,LW,1744,16,6,5,5,1,7,640,1724.4926601,1651.05559879,1649.24959386,7,8,4139.82,9.35826
NEMO,LW,1745,16,6,5,5,3,5,640,1724.4926601,1651.05559879,1649.24959386,7,8,4163.84,8.72802666667
NEMO,LW,1746,16,6,5,5,5,3,640,1724.4926601,1651.05559879,1649.24959386,7,8,4164.6,8.81885444444
NEMO,LW,1748,16,8,5,5,1,5,640,1724.4926601,1651.05559879,1649.24959386,7,8,4129.24,9.63935
NEMO,LW,1749,16,8,5,5,3,3,640,1724.4926601,1651.05559879,1649.24959386,7,8,4089.2,8.03985056
NEMO,LW,1751,16,10,5,5,1,3,640,1724.4926601,1651.05559879,1649.24959386,7,8,4150.12,8.484082
NEMO,LW,1747,16,6,5,5,7,1,640,1724.4926601,1650.93547583,1649.12947091,8,9,4181.11,8.73408222222
NEMO,LW,1750,16,8,5,5,5,1,640,1724.4926601,1650.93547583,1649.12947091,8,9,4144.23,8.816475
NEMO,LW,1752,16,10,5,5,3,1,640,1724.4926601,1650.93547583,1649.12947091,8,9,4170.67,7.90351057143
NEMO,LW,1022,64,6,3,11,3,1,512,2000.37787101,1650.89188135,1645.03645037,11,20,3271.77,49.654688
NEMO,LW,1149,64,2,15,1,1,5,384,1950.32140102,1650.878741,1650.54794877,16,21,1007.31,7.9638016
NEMO,LW,1030,64,4,3,11,5,1,512,1999.18597764,1650.6702475,1644.81547102,11,20,2754.12,47.3783388571
NEMO,LW,1937,16,4,1,15,1,3,256,1684.58818382,1650.54769997,1643.38338608,6,10,3329.36,44.2633102
NEMO,LW,1448,32,4,1,11,7,1,640,1837.05713389,1650.52094497,1642.39813472,12,17,1529.64,45.856096
NEMO,LW,1938,16,4,1,15,3,1,256,1684.58818382,1647.81653377,1642.74449136,12,11,2753.86,43.2643602
NEMO,LW,441,32,10,1,11,1,1,384,2333.33605928,1647.57710727,1638.24550939,7,9,613.06,36.301244
NEMO,LW,1690,32,2,1,17,3,1,512,1741.96011792,1646.22441993,1640.60502751,15,18,1467.94,60.9148176
NEMO,LW,1885,16,4,5,9,1,5,384,1696.63668812,1645.69132331,1643.35520836,7,8,5821.48,8.4412468
NEMO,LW,1886,16,4,5,9,3,3,384,1696.63668812,1645.69132331,1643.35520836,7,8,5793.39,8.8123268
NEMO,LW,1887,16,4,5,9,5,1,384,1696.63668812,1645.30125538,1642.96514043,8,9,5679.48,8.7357468
NEMO,LW,1118,64,2,7,9,1,5,640,1966.82391806,1645.20174813,1641.80704693,10,18,1770.67,10.1451145497
NEMO,LW,997,64,4,3,13,1,3,640,2022.10978127,1645.10136,1637.62030681,7,21,1742.95,20.8360506667
NEMO,LW,788,64,4,1,11,1,7,256,2124.30998347,1645.04291936,1635.2794853,7,19,808.96,18.586984
NEMO,LW,789,64,4,1,11,3,5,256,2124.30998347,1645.04291936,1635.2794853,7,19,808.96,18.586984
NEMO,LW,790,64,4,1,11,5,3,256,2124.30998347,1645.04291936,1635.2794853,7,19,808.96,18.586984
NEMO,LW,792,64,6,1,11,3,3,256,2124.30998347,1645.04291936,1635.2794853,7,19,484.91,74.327206
NEMO,LW,794,64,8,1,11,1,3,256,2124.30998347,1645.04291936,1635.2794853,7,19,2221.35,42.775003
NEMO,LW,1187,32,12,5,5,1,1,384,1941.60548865,1644.8827486,1642.98971269,6,7,5219.91,13.5995486667
NEMO,LW,1119,64,2,7,9,3,3,640,1966.82391806,1644.78186187,1641.52294871,9,19,1573.75,17.1406111301
NEMO,LW,1162,32,12,3,7,1,1,384,1944.85931538,1644.34529179,1639.71787066,6,9,6120.69,20.8262486667
NEMO,LW,1120,64,2,7,9,5,1,640,1966.82391806,1644.1650747,1641.10773573,11,20,1594.3,16.9607742431
NEMO,LW,1933,16,4,5,9,1,5,512,1688.26590797,1643.74514118,1641.41177252,7,8,6644.92,10.0645162
NEMO,LW,1934,16,4,5,9,3,3,512,1688.26590797,1643.74514118,1641.41177252,7,8,6623,10.0359062
NEMO,LW,791,64,4,1,11,7,1,256,2124.30998347,1643.66803226,1635.23423574,12,20,808.96,18.586984
NEMO,LW,793,64,6,1,11,5,1,256,2124.30998347,1643.66803226,1635.23423574,12,20,483.05,74.327206
NEMO,LW,795,64,8,1,11,3,1,256,2124.30998347,1643.66803226,1635.23423574,12,20,2194.44,42.775003
NEMO,LW,1935,16,4,5,9,5,1,512,1688.26590797,1643.35138606,1641.01801741,8,9,5700.29,10.1517412
NEMO,LW,998,64,4,3,13,3,1,640,2022.10978127,1642.57021874,1637.20067087,13,22,1592.73,52.4162592
NEMO,LW,1479,16,4,17,1,1,1,512,1814.57386509,1640.18246245,1640.04520547,21,28,536.9,6.88530022346
NEMO,LW,1214,64,2,3,11,1,7,512,1932.58554469,1639.9219357,1632.98783669,7,19,1414.35,16.78722
NEMO,LW,1215,64,2,3,11,3,5,512,1932.58554469,1639.9219357,1632.98783669,7,19,1927.62,34.8965012596
NEMO,LW,1216,64,2,3,11,5,3,512,1932.58554469,1639.9219357,1632.98783669,7,19,1926.8,34.7992724489
NEMO,LW,1047,64,2,3,13,1,5,640,1993.02908776,1639.58905472,1632.12071206,7,21,1837.07,13.551284
NEMO,LW,1048,64,2,3,13,3,3,640,1993.02908776,1639.58905472,1632.12071206,7,21,1637.45,38.6255029012
NEMO,LW,1172,32,12,1,9,1,1,384,1944.65805704,1639.56786058,1631.64183312,7,13,3190.88,61.8968684
NEMO,LW,1829,16,4,13,3,1,3,384,1712.64328365,1639.44189702,1639.02964144,14,13,1283.35,6.24367073563
NEMO,LW,1918,16,6,1,9,1,7,384,1689.48711253,1639.2135652,1632.8210889,6,10,4759.37,43.6759284444
NEMO,LW,1919,16,6,1,9,3,5,384,1689.48711253,1639.2135652,1632.8210889,6,10,4762.71,43.0948173333
NEMO,LW,1920,16,6,1,9,5,3,384,1689.48711253,1639.2135652,1632.8210889,6,10,4827.03,42.1860506667
NEMO,LW,1921,16,6,1,9,7,1,384,1689.48711253,1639.2135652,1632.8210889,6,10,4357.26,42.161184
NEMO,LW,1922,16,8,1,9,1,5,384,1689.48711253,1639.2135652,1632.8210889,6,10,4535.6,42.19776875
NEMO,LW,1923,16,8,1,9,3,3,384,1689.48711253,1639.2135652,1632.8210889,6,10,4546.04,41.344475
NEMO,LW,1924,16,8,1,9,5,1,384,1689.48711253,1639.2135652,1632.8210889,6,10,4078.38,42.9116875
NEMO,LW,1925,16,10,1,9,1,3,384,1689.48711253,1639.2135652,1632.8210889,6,10,3990.31,44.9505594286
NEMO,LW,1926,16,10,1,9,3,1,384,1689.48711253,1639.2135652,1632.8210889,6,10,3465.09,47.2953522857
NEMO,LW,1927,16,12,1,9,1,1,384,1689.48711253,1639.2135652,1632.8210889,6,10,3387.19,45.2298616667
NEMO,LW,1069,64,6,9,5,1,3,512,1988.23847314,1639.20291558,1637.65648992,10,16,2708.53,9.9191884881
NEMO,LW,1070,64,6,9,5,3,1,512,1988.23847314,1638.56969398,1637.17791089,11,18,3098.3,15.1687944602
NEMO,LW,1071,64,4,9,5,1,5,512,1986.90557224,1638.21759192,1636.67210128,10,16,2537.57,9.95764115976
NEMO,LW,1217,64,2,3,11,7,1,512,1932.58554469,1638.20655194,1632.48427588,11,20,1926.99,34.7816696013
NEMO,LW,1072,64,4,9,5,3,3,512,1986.90557224,1637.75394473,1636.36300315,10,17,2858.16,15.1333360086
NEMO,LW,1830,16,4,13,3,3,1,384,1712.64328365,1637.67815544,1637.26589986,15,15,1265.84,5.15616383908
NEMO,LW,1857,16,4,13,3,1,3,512,1705.99336979,1637.48002098,1637.06825004,14,13,1547.83,6.56705804494
NEMO,LW,1073,64,4,9,5,5,1,512,1986.90557224,1637.43835544,1636.04741386,11,18,2861.87,15.0629984549
NEMO,LW,1734,16,6,9,3,1,5,384,1725.45627027,1637.39293588,1636.84500934,10,9,1500.57,5.83679374863
NEMO,LW,1737,16,8,9,3,1,3,384,1725.45627027,1637.39293588,1636.84500934,10,9,2062.78,6.35494301322
NEMO,LW,1951,16,4,5,9,1,5,640,1678.79967794,1637.11044044,1634.78057253,7,10,6078.31,10.9654628
NEMO,LW,1952,16,4,5,9,3,3,640,1678.79967794,1637.11044044,1634.78057253,7,10,6124.77,10.6639978
NEMO,LW,1049,64,2,3,13,5,1,640,1993.02908776,1637.08329946,1631.81624289,13,22,1635.54,38.5843365695
NEMO,LW,1953,16,4,5,9,5,1,640,1678.79967794,1636.91989713,1634.59002922,8,11,5270.37,10.7118528
NEMO,LW,1735,16,6,9,3,3,3,384,1725.45627027,1636.1148021,1635.56687556,10,10,1504.28,5.02582380328
NEMO,LW,1736,16,6,9,3,5,1,384,1725.45627027,1636.1148021,1635.56687556,10,10,1502.63,5.0319172459
NEMO,LW,1738,16,8,9,3,3,1,384,1725.45627027,1636.1148021,1635.56687556,10,10,1966.1,4.69626427778
NEMO,LW,1778,16,10,9,3,1,1,384,1722.32166749,1635.74951774,1635.2015912,10,10,2314.37,6.46694514286
NEMO,LW,1858,16,4,13,3,3,1,512,1705.99336979,1635.71426516,1635.30249422,15,15,1511.82,5.6979945618
NEMO,LW,1875,16,4,13,3,1,3,640,1699.10277766,1635.15825763,1634.74710447,14,13,1360.98,7.46167261176
NEMO,LW,1718,32,2,1,17,1,3,640,1731.02925195,1634.07466506,1624.05405826,8,16,1002.03,69.932856
NEMO,LW,1876,16,4,13,3,3,1,640,1699.10277766,1632.67260453,1632.26145137,15,15,1350.47,6.51118790588
NEMO,LW,1978,8,6,5,9,1,3,512,1657.8218134,1632.37080421,1630.09535664,8,12,3893.43,5.10643035294
NEMO,LW,1979,8,6,5,9,3,1,512,1657.8218134,1632.293905,1630.01845743,9,13,3578.29,4.61038917647
NEMO,LW,1719,32,2,1,17,3,1,640,1731.02925195,1630.0940671,1623.56067323,17,18,1116.07,65.018385
NEMO,LW,1204,32,12,7,3,1,1,384,1935.79802486,1629.56949691,1628.93848494,9,9,3219.31,12.789807
NEMO,LW,1764,16,6,7,3,1,7,512,1723.31473441,1629.47127866,1628.16204394,9,9,1941.81,6.84217795025
NEMO,LW,1768,16,8,7,3,1,5,512,1723.31473441,1629.47127866,1628.16204394,9,9,2754.32,7.06806925
NEMO,LW,1771,16,10,7,3,1,3,512,1723.31473441,1629.47127866,1628.16204394,9,9,2757.15,6.78597114286
NEMO,LW,1144,64,2,9,7,1,5,640,1951.52266502,1628.21987756,1626.31884488,10,18,1789.46,11.7849619181
NEMO,LW,1145,64,2,9,7,3,3,640,1951.52266502,1627.93577934,1626.17053471,10,19,1586,16.9983544136
NEMO,LW,1765,16,6,7,3,3,5,512,1723.31473441,1627.83520974,1626.7441808,9,10,2754.56,6.27352355556
NEMO,LW,1766,16,6,7,3,5,3,512,1723.31473441,1627.83520974,1626.7441808,9,10,2754.32,6.252568
NEMO,LW,1767,16,6,7,3,7,1,512,1723.31473441,1627.83520974,1626.7441808,9,10,2754.63,6.19556244444
NEMO,LW,1769,16,8,7,3,3,3,512,1723.31473441,1627.83520974,1626.7441808,9,10,2754.48,6.0444505
NEMO,LW,1770,16,8,7,3,5,1,512,1723.31473441,1627.83520974,1626.7441808,9,10,2750.55,6.1971005
NEMO,LW,1772,16,10,7,3,3,1,512,1723.31473441,1627.83520974,1626.7441808,9,10,2756.88,5.88257828571
NEMO,LW,1146,64,2,9,7,5,1,640,1951.52266502,1627.66887654,1625.90363191,11,20,1600.28,16.7818049467
NEMO,LW,1773,16,12,7,3,1,1,512,1723.31473441,1627.18059238,1626.52597502,10,10,2748.94,6.78324766667
NEMO,LW,2000,8,6,5,9,1,3,640,1650.28861158,1627.03138864,1624.75868545,8,10,3217.11,43.2460047059
NEMO,LW,2001,8,6,5,9,3,1,640,1650.28861158,1626.95229097,1624.67958778,9,11,3505.37,5.05631647059
NEMO,LW,1421,32,10,5,7,1,1,256,1846.95725853,1624.79651162,1622.46355296,6,7,5936.01,22.5778172308
NEMO,LW,1086,64,6,11,3,3,1,512,1981.65517843,1623.97829474,1623.51436704,12,18,1977.4,15.1647959656
NEMO,LW,1085,64,6,11,3,1,3,512,1981.65517843,1623.69095156,1622.76309617,13,18,1827.47,9.92232985714
NEMO,LW,1708,32,6,3,7,1,7,512,1734.91492019,1623.31367855,1619.18083378,7,12,2947.81,57.2911475556
NEMO,LW,1709,32,6,3,7,3,5,512,1734.91492019,1623.31367855,1619.18083378,7,12,5211.99,32.4683105882
NEMO,LW,1710,32,6,3,7,5,3,512,1734.91492019,1623.31367855,1619.18083378,7,12,5213.38,32.4942576471
NEMO,LW,1712,32,8,3,7,1,5,512,1734.91492019,1623.31367855,1619.18083378,7,12,2576.05,54.8246434286
NEMO,LW,1713,32,8,3,7,3,3,512,1734.91492019,1623.31367855,1619.18083378,7,12,5235.42,30.7534997333
NEMO,LW,1715,32,10,3,7,1,3,512,1734.91492019,1623.31367855,1619.18083378,7,12,2255.72,53.8483086667
NEMO,LW,1711,32,6,3,7,7,1,512,1734.91492019,1623.26673489,1619.13389013,8,13,4989.73,33.3673870588
NEMO,LW,1714,32,8,3,7,5,1,512,1734.91492019,1623.26673489,1619.13389013,8,13,5128.9,30.7452330667
NEMO,LW,1716,32,10,3,7,3,1,512,1734.91492019,1623.26673489,1619.13389013,8,13,5114.29,28.676388
NEMO,LW,1091,64,4,11,3,3,3,512,1980.27695293,1623.1087068,1622.6450596,11,17,1865.29,15.1310898712
NEMO,LW,312,32,6,3,13,1,1,640,2456.91140186,1622.94262051,1617.73277094,14,16,3393.85,49.8627932
NEMO,LW,1092,64,4,11,3,5,1,512,1980.27695293,1622.80778474,1622.34413755,12,18,1864.22,15.0546658369
NEMO,LW,1090,64,4,11,3,1,5,512,1980.27695293,1622.67439408,1621.74709969,12,17,1722.7,9.95779323077
NEMO,LW,1338,64,2,5,9,1,7,512,1888.1961328,1618.71337201,1615.01518587,7,15,2216.71,15.579126
NEMO,LW,1339,64,2,5,9,3,5,512,1888.1961328,1618.71337201,1615.01518587,7,15,1859.66,23.3262978017
NEMO,LW,1340,64,2,5,9,5,3,512,1888.1961328,1618.71337201,1615.01518587,7,15,1864.93,23.3899149445
NEMO,LW,1341,64,2,5,9,7,1,512,1888.1961328,1618.31329205,1614.9128352,9,16,1871.31,23.3899149445
NEMO,LW,1220,64,2,15,1,3,3,512,1928.23769394,1617.90081401,1617.74672292,14,21,846.41,15.4060740611
NEMO,LW,1221,64,2,15,1,5,1,512,1928.23769394,1617.54847773,1617.39438664,15,22,848.76,15.3840932751
NEMO,LW,1695,32,6,1,9,1,7,512,1736.17729047,1617.44515607,1610.11874944,7,16,840.77,64.5388026667
NEMO,LW,1696,32,6,1,9,3,5,512,1736.17729047,1617.44515607,1610.11874944,7,16,2374.87,61.8073515
NEMO,LW,1697,32,6,1,9,5,3,512,1736.17729047,1617.44515607,1610.11874944,7,16,2953.36,53.5724265
NEMO,LW,1699,32,8,1,9,1,5,512,1736.17729047,1617.44515607,1610.11874944,7,16,1308.35,58.583703
NEMO,LW,1700,32,8,1,9,3,3,512,1736.17729047,1617.44515607,1610.11874944,7,16,2830.04,49.3034262857
NEMO,LW,1702,32,10,1,9,1,3,512,1736.17729047,1617.44515607,1610.11874944,7,16,809.41,52.444522
NEMO,LW,1698,32,6,1,9,7,1,512,1736.17729047,1617.27813739,1610.25093312,10,15,2859.06,52.1024015
NEMO,LW,1701,32,8,1,9,5,1,512,1736.17729047,1617.27813739,1610.25093312,10,15,2504.37,46.95648
NEMO,LW,1703,32,10,1,9,3,1,512,1736.17729047,1617.27813739,1610.25093312,10,15,1829.41,61.6370993333
NEMO,LW,1739,32,4,1,9,1,9,512,1724.68298874,1617.02945207,1609.70747963,7,16,2749.13,31.3684088
NEMO,LW,1740,32,4,1,9,3,7,512,1724.68298874,1617.02945207,1609.70747963,7,16,2994.39,42.9156594286
NEMO,LW,1741,32,4,1,9,5,5,512,1724.68298874,1617.02945207,1609.70747963,7,16,2994.39,42.9156594286
NEMO,LW,1742,32,4,1,9,7,3,512,1724.68298874,1617.02945207,1609.70747963,7,16,2994.39,42.9156594286
NEMO,LW,1743,32,4,1,9,9,1,512,1724.68298874,1616.59461404,1609.62511458,10,15,2925.87,54.5233902222
NEMO,LW,1219,64,2,15,1,1,5,512,1928.23769394,1616.41809968,1616.1099175,16,23,816.96,13.1985668242
NEMO,LW,1400,32,8,13,1,1,1,256,1852.4477472,1616.10558525,1615.92612689,13,13,927.17,25.1265857143
NEMO,LW,1599,32,4,7,5,7,1,256,1770.36623987,1615.75997394,1614.86268215,8,10,4497.43,9.63404526316
NEMO,LW,1602,32,6,7,5,5,1,256,1770.36623987,1615.75997394,1614.86268215,8,10,4522.19,9.38006164706
NEMO,LW,1604,32,8,7,5,3,1,256,1770.36623987,1615.75997394,1614.86268215,8,10,4516.91,9.35810666667
NEMO,LW,1208,64,2,11,5,3,3,640,1935.08766867,1615.46465954,1614.24256711,12,21,1586,16.9983544136
NEMO,LW,1209,64,2,11,5,5,1,640,1935.08766867,1615.34606691,1614.12397447,13,22,1600.28,16.7818049467
NEMO,LW,1207,64,2,11,5,1,5,640,1935.08766867,1615.26821618,1613.91033569,12,19,1789.46,11.7849619181
NEMO,LW,1359,64,2,9,5,3,5,256,1865.29422398,1614.673221,1613.84559217,10,20,4950.36,19.674136
NEMO,LW,1360,64,2,9,5,5,3,256,1865.29422398,1614.673221,1613.84559217,10,20,4950.93,19.677696
NEMO,LW,1361,64,2,9,5,7,1,256,1865.29422398,1614.6464088,1613.81877997,12,19,4949.87,19.675286
NEMO,LW,1358,64,2,9,5,1,7,256,1865.29422398,1614.54928997,1612.89403231,11,19,4522.32,9.1209344
NEMO,LW,1068,32,10,1,11,1,1,256,1990.96355354,1613.5352729,1605.97284997,6,8,1069.53,55.522896
NEMO,LW,1488,16,4,17,1,1,1,640,1806.56095242,1613.29256048,1613.15550943,21,28,468.88,7.21913237209
NEMO,LW,714,32,8,7,7,1,1,640,2156.37133368,1612.52754654,1610.37835069,12,16,4217.01,41.4988462694
NEMO,LW,1823,32,2,3,15,1,3,256,1713.25755831,1612.07313385,1607.77020048,5,7,3494.06,39.98636
NEMO,LW,1849,32,2,3,15,1,3,384,1707.06945988,1610.54439625,1605.01426562,6,9,2665.8,43.7748812
NEMO,LW,1824,32,2,3,15,3,1,256,1713.25755831,1609.92396074,1607.0984911,9,8,3706.77,25.7201028235
NEMO,LW,1873,32,2,3,15,1,3,512,1699.25023699,1609.55057064,1604.02382412,6,9,2338.55,26.3530506667
NEMO,LW,731,32,8,9,5,1,1,640,2150.95703518,1609.11046114,1608.28384735,15,18,3754.39,35.6389939378
NEMO,LW,1104,64,6,13,1,3,1,512,1974.15938605,1608.63562463,1608.48098206,13,18,704.84,15.1821721983
NEMO,LW,1231,32,12,9,1,1,1,384,1928.0498729,1608.33824084,1608.12790352,11,11,1087.43,12.7810153333
NEMO,LW,1850,32,2,3,15,3,1,384,1707.06945988,1608.10290316,1604.34169433,11,10,2813.27,22.9069977143
NEMO,LW,1110,64,4,13,1,3,3,512,1972.73644637,1607.56550895,1607.41095989,12,17,667.79,15.1295499571
NEMO,LW,1111,64,4,13,1,5,1,512,1972.73644637,1607.42646958,1607.27192052,13,18,672.58,15.0532177682
NEMO,LW,1103,64,6,13,1,1,3,512,1974.15938605,1607.16233881,1606.85305368,15,20,666.3,13.115647119
NEMO,LW,1874,32,2,3,15,3,1,512,1699.25023699,1607.09477297,1603.34851136,11,10,2325.37,22.8850256667
NEMO,LW,734,32,8,11,3,1,1,640,2145.54101254,1606.9713515,1606.47538322,15,18,2217,41.0941958966
NEMO,LW,1109,64,4,13,1,1,5,512,1972.73644637,1606.24056995,1605.93147182,14,19,630.54,9.95620269822
NEMO,LW,1720,32,6,5,5,1,7,512,1730.56811599,1605.37892649,1603.12464753,8,12,4139.18,49.459818
NEMO,LW,1721,32,6,5,5,3,5,512,1730.56811599,1605.37892649,1603.12464753,8,12,4576.39,17.4758223529
NEMO,LW,1722,32,6,5,5,5,3,512,1730.56811599,1605.37892649,1603.12464753,8,12,4576.27,17.2311576471
NEMO,LW,1724,32,8,5,5,1,5,512,1730.56811599,1605.37892649,1603.12464753,8,12,4152,45.9363574286
NEMO,LW,1725,32,8,5,5,3,3,512,1730.56811599,1605.37892649,1603.12464753,8,12,4629.37,15.6950664
NEMO,LW,1727,32,10,5,5,1,3,512,1730.56811599,1605.37892649,1603.12464753,8,12,4139.3,43.119421
NEMO,LW,1723,32,6,5,5,7,1,512,1730.56811599,1605.34944131,1603.09516235,9,13,4571.73,17.7365929412
NEMO,LW,1726,32,8,5,5,5,1,512,1730.56811599,1605.34944131,1603.09516235,9,13,4278.37,15.4368643952
NEMO,LW,1728,32,10,5,5,3,1,512,1730.56811599,1605.34944131,1603.09516235,9,13,4591.31,16.2517264615
NEMO,LW,1780,32,4,7,3,1,9,384,1719.07936336,1601.89422997,1600.63295788,9,11,2342.16,21.4323633231
NEMO,LW,750,32,8,13,1,1,1,640,2140.12326493,1601.8055074,1601.64018464,17,20,801.26,41.4249920205
NEMO,LW,1863,32,4,3,7,1,9,512,1701.79986102,1601.1385128,1597.00816937,7,12,2866.11,41.1743453333
NEMO,LW,1864,32,4,3,7,3,7,512,1701.79986102,1601.1385128,1597.00816937,7,12,4797.01,33.7586490526
NEMO,LW,1865,32,4,3,7,5,5,512,1701.79986102,1601.1385128,1597.00816937,7,12,4807.51,34.3594806316
NEMO,LW,1866,32,4,3,7,7,3,512,1701.79986102,1601.1385128,1597.00816937,7,12,4808.21,34.3594490526
NEMO,LW,1867,32,4,3,7,9,1,512,1701.79986102,1601.07706542,1596.94672199,8,13,4778.91,33.9525490526
NEMO,LW,1273,64,2,13,3,3,3,640,1917.70122145,1600.93558537,1600.52822122,13,21,1586,16.9983544136
NEMO,LW,1781,32,4,7,3,3,7,384,1719.07936336,1600.92906624,1599.87800616,9,12,2390.7,11.048998322
NEMO,LW,1782,32,4,7,3,5,5,384,1719.07936336,1600.92906624,1599.87800616,9,12,2398.18,11.0466178341
NEMO,LW,1783,32,4,7,3,7,3,384,1719.07936336,1600.92906624,1599.87800616,9,12,2398.18,11.0466178341
NEMO,LW,1274,64,2,13,3,5,1,640,1917.70122145,1600.59550512,1600.18814098,14,22,1600.28,16.7818049467
NEMO,LW,172,32,4,1,17,1,1,640,2611.43821894,1600.58512813,1591.5751031,16,17,1233.81,16.258798
NEMO,LW,1272,64,2,13,3,1,5,640,1917.70122145,1600.20851193,1599.39378364,14,21,1789.46,11.7849619181
NEMO,LW,886,32,10,5,7,1,1,512,2079.23478589,1596.98999121,1593.60857277,10,12,4958.98,39.296421
NEMO,LW,2032,16,4,3,13,1,3,256,1636.19251426,1595.94435324,1591.97642555,6,8,4735.04,11.9074952
NEMO,LW,2033,16,4,3,13,3,1,256,1636.19251426,1594.43588328,1591.39265784,10,9,3737.73,11.8763102
NEMO,LW,897,32,10,7,5,1,1,512,2073.65629777,1592.48704518,1591.54776227,12,12,4647.83,31.4335126667
NEMO,LW,1899,32,4,9,3,1,7,256,1691.58898723,1591.62834052,1591.08996544,10,11,1763.54,21.5912320718
NEMO,LW,1903,32,6,9,3,1,5,256,1691.58898723,1591.62834052,1591.08996544,10,11,2739.43,24.37993425
NEMO,LW,1906,32,8,9,3,1,3,256,1691.58898723,1591.62834052,1591.08996544,10,11,2739.89,25.1265857143
NEMO,LW,1900,32,4,9,3,3,5,256,1691.58898723,1590.91061551,1590.37224044,10,12,2417.24,8.51155476015
NEMO,LW,1901,32,4,9,3,5,3,256,1691.58898723,1590.91061551,1590.37224044,10,12,2410.11,8.45489498155
NEMO,LW,1902,32,4,9,3,7,1,256,1691.58898723,1590.91061551,1590.37224044,10,12,2623.75,8.42991648714
NEMO,LW,1904,32,6,9,3,3,3,256,1691.58898723,1590.91061551,1590.37224044,10,12,2748.79,8.50763811765
NEMO,LW,1905,32,6,9,3,5,1,256,1691.58898723,1590.91061551,1590.37224044,10,12,2748.49,8.46982047059
NEMO,LW,1907,32,8,9,3,3,1,256,1691.58898723,1590.91061551,1590.37224044,10,12,2748.85,8.75657333333
NEMO,LW,1936,32,10,9,3,1,1,256,1686.40897306,1590.28256547,1589.74419039,10,12,2736.01,24.7405936667
NEMO,LW,1754,32,6,7,3,1,7,512,1723.93688274,1588.70679507,1587.57965559,9,11,2875.11,24.8573976861
NEMO,LW,1758,32,8,7,3,1,5,512,1723.93688274,1588.70679507,1587.57965559,9,11,2563.03,29.6923191978
NEMO,LW,1761,32,10,7,3,1,3,512,1723.93688274,1588.70679507,1587.57965559,9,11,2877.67,31.497846
NEMO,LW,915,32,10,9,3,1,1,512,2060.98845174,1587.99069408,1587.42712434,14,14,2878.61,31.3609793333
NEMO,LW,1755,32,6,7,3,3,5,512,1723.93688274,1587.6058433,1586.6665604,9,12,2741.37,11.8802928097
NEMO,LW,1756,32,6,7,3,5,3,512,1723.93688274,1587.6058433,1586.6665604,9,12,2741.93,11.8692936194
NEMO,LW,1759,32,8,7,3,3,3,512,1723.93688274,1587.6058433,1586.6665604,9,12,2879.79,12.0451397333
NEMO,LW,1757,32,6,7,3,7,1,512,1723.93688274,1587.59381659,1586.65453369,10,13,2526.05,11.0304945012
NEMO,LW,1760,32,8,7,3,5,1,512,1723.93688274,1587.59381659,1586.65453369,10,13,2878.93,13.609020127
NEMO,LW,1762,32,10,7,3,3,1,512,1723.93688274,1587.59381659,1586.65453369,10,13,2882.25,12.6850803077
NEMO,LW,1916,32,2,3,15,1,3,640,1689.73093538,1585.82716232,1580.30560348,6,11,2017.23,27.2384633333
NEMO,LW,1784,32,4,7,3,9,1,384,1719.07936336,1584.42733833,1583.37627825,9,12,2394.65,11.0126773463
NEMO,LW,1917,32,2,3,15,3,1,640,1689.73093538,1583.51514737,1579.78177945,11,12,2074.27,22.5927716667
NEMO,LW,932,32,10,11,1,1,1,512,2045.31600249,1579.84313537,1579.65527879,14,14,970.35,31.360271
NEMO,LW,1387,64,2,9,5,1,7,384,1855.56465936,1578.96455096,1577.3105898,11,17,2766.21,7.9435016
NEMO,LW,1388,64,2,9,5,3,5,384,1855.56465936,1578.59215283,1577.10358779,11,18,2267.8,13.8433719793
NEMO,LW,1389,64,2,9,5,5,3,384,1855.56465936,1578.59215283,1577.10358779,11,18,2274.87,13.6134458176
NEMO,LW,1390,64,2,9,5,7,1,384,1855.56465936,1578.58873532,1577.10017028,12,19,2277.69,13.5857150086
NEMO,LW,1984,32,4,1,9,1,9,256,1653.44752565,1578.33626277,1572.05522022,6,12,4736.38,25.248286
NEMO,LW,1985,32,4,1,9,3,7,256,1653.44752565,1578.33626277,1572.05522022,6,12,4994.96,41.0290403636
NEMO,LW,1986,32,4,1,9,5,5,256,1653.44752565,1578.33626277,1572.05522022,6,12,4999.96,35.9482712
NEMO,LW,1987,32,4,1,9,7,3,256,1653.44752565,1578.33626277,1572.05522022,6,12,4905.97,37.3504192
NEMO,LW,1988,32,4,1,9,9,1,256,1653.44752565,1578.33626277,1572.05522022,6,12,4699.01,37.3504192
NEMO,LW,1989,32,6,1,9,1,7,256,1653.44752565,1578.33626277,1572.05522022,6,12,4439.6,20.5017394286
NEMO,LW,1990,32,6,1,9,3,5,256,1653.44752565,1578.33626277,1572.05522022,6,12,4526.05,28.872276
NEMO,LW,1991,32,6,1,9,5,3,256,1653.44752565,1578.33626277,1572.05522022,6,12,4525.45,28.872276
NEMO,LW,1992,32,6,1,9,7,1,256,1653.44752565,1578.33626277,1572.05522022,6,12,4430.58,28.872276
NEMO,LW,1993,32,8,1,9,1,5,256,1653.44752565,1578.33626277,1572.05522022,6,12,4128.21,14.1508533333
NEMO,LW,1994,32,8,1,9,3,3,256,1653.44752565,1578.33626277,1572.05522022,6,12,5381.43,44.6742156923
NEMO,LW,1995,32,8,1,9,5,1,256,1653.44752565,1578.33626277,1572.05522022,6,12,5019.3,44.4893387692
NEMO,LW,1996,32,10,1,9,1,3,256,1653.44752565,1578.33626277,1572.05522022,6,12,1074.33,55.522896
NEMO,LW,1997,32,10,1,9,3,1,256,1653.44752565,1578.33626277,1572.05522022,6,12,3658.47,52.7264276
NEMO,LW,1998,32,12,1,9,1,1,256,1653.44752565,1578.33626277,1572.05522022,6,12,3904.58,55.7210113333
NEMO,LW,2034,16,4,7,7,1,5,384,1635.67308989,1577.37753378,1576.4156041,8,7,2853.45,6.1763103908
NEMO,LW,2035,16,4,7,7,3,3,384,1635.67308989,1576.62188538,1575.65995569,8,8,2855.12,5.39667648276
NEMO,LW,2036,16,4,7,7,5,1,384,1635.67308989,1576.30057787,1575.33864819,9,9,2848.45,5.42878222989
NEMO,LW,321,32,6,1,15,1,1,640,2448.98029855,1576.19568364,1567.0784469,17,20,1391.13,35.925032
NEMO,LW,1332,64,2,15,1,3,3,640,1899.5085232,1575.90386322,1575.76807518,14,21,756.7,16.9629147548
NEMO,LW,1333,64,2,15,1,5,1,640,1899.5085232,1575.58882723,1575.45303918,15,22,756.49,16.7252492964
NEMO,LW,1961,16,6,7,3,1,7,640,1665.01600299,1574.38360519,1573.38026912,10,9,2552.04,8.33778777778
NEMO,LW,1965,16,8,7,3,1,5,640,1665.01600299,1574.38360519,1573.38026912,10,9,2554.63,8.0489875
NEMO,LW,1968,16,10,7,3,1,3,640,1665.01600299,1574.38360519,1573.38026912,10,9,2552.07,7.93919628571
NEMO,LW,1331,64,2,15,1,1,5,640,1899.5085232,1574.30140618,1574.02983009,16,23,745.49,11.7967592865
NEMO,LW,710,32,8,5,9,1,1,640,2158.61841524,1573.22994469,1569.4677606,12,16,4778.8,43.5917914286
NEMO,LW,1962,16,6,7,3,3,5,640,1665.01600299,1573.003123,1571.99978693,9,10,2551.23,6.63979333333
NEMO,LW,1963,16,6,7,3,5,3,640,1665.01600299,1573.003123,1571.99978693,9,10,2551.02,6.63560444444
NEMO,LW,1966,16,8,7,3,3,3,640,1665.01600299,1573.003123,1571.99978693,9,10,2559.04,6.4565375
NEMO,LW,1793,32,6,9,1,3,5,512,1715.56657965,1569.99442898,1569.8065724,10,12,814.87,11.7360486566
NEMO,LW,1794,32,6,9,1,5,3,512,1715.56657965,1569.99442898,1569.8065724,10,12,814.87,11.7322345152
NEMO,LW,1797,32,8,9,1,3,3,512,1715.56657965,1569.99442898,1569.8065724,10,12,971.85,10.8971530667
NEMO,LW,1795,32,6,9,1,7,1,512,1715.56657965,1569.8207334,1569.63287682,12,13,815.73,11.7322345152
NEMO,LW,1798,32,8,9,1,5,1,512,1715.56657965,1569.8207334,1569.63287682,12,13,971.71,10.8971530667
NEMO,LW,1800,32,10,9,1,3,1,512,1715.56657965,1569.8207334,1569.63287682,12,13,970.87,12.0531187692
NEMO,LW,1543,16,12,3,7,1,1,640,1780.22510174,1569.78900288,1565.37432418,9,12,4767.5,13.5845223333
NEMO,LW,1792,32,6,9,1,1,7,512,1715.56657965,1569.09879226,1568.7230791,11,13,821.51,34.5602121818
NEMO,LW,1796,32,8,9,1,1,5,512,1715.56657965,1569.09879226,1568.7230791,11,13,909.48,29.8037970617
NEMO,LW,1799,32,10,9,1,1,3,512,1715.56657965,1569.09879226,1568.7230791,11,13,970.35,31.360271
NEMO,LW,2004,16,4,15,1,3,1,384,1648.69906442,1568.81479414,1568.81479414,16,15,439.77,5.09201021469
NEMO,LW,1112,8,6,3,13,1,1,512,1971.16042794,1568.60292992,1564.91858641,12,16,3407.07,17.7780127059
NEMO,LW,2003,16,4,15,1,1,3,384,1648.69906442,1567.6933606,1567.55594207,16,15,449.5,6.0752740565
NEMO,LW,2028,16,4,15,1,3,1,512,1642.6661758,1566.92606626,1566.92606626,16,15,518.07,5.64608665193
NEMO,LW,2027,16,4,15,1,1,3,512,1642.6661758,1565.81010841,1565.67285143,16,15,536.9,6.88530022346
NEMO,LW,1606,32,10,7,5,1,1,256,1769.6818579,1563.44122828,1562.54393649,9,9,4459.21,24.9347686667
NEMO,LW,2031,16,4,15,1,3,1,640,1636.52929865,1563.188043,1563.05099195,16,15,462.98,6.47513539181
NEMO,LW,2030,16,4,15,1,1,3,640,1636.52929865,1563.00157634,1562.86452529,16,15,468.88,7.21913237209
NEMO,LW,1434,64,2,7,7,3,5,512,1841.38923706,1561.01545439,1559.01227023,8,15,1776.97,15.6071068224
NEMO,LW,1435,64,2,7,7,5,3,512,1841.38923706,1561.01545439,1559.01227023,8,15,1778.16,15.3812107153
NEMO,LW,1436,64,2,7,7,7,1,512,1841.38923706,1560.85060732,1558.84742316,9,16,1792.27,15.364643562
NEMO,LW,1433,64,2,7,7,1,7,512,1841.38923706,1560.76833534,1557.68651355,9,16,1811.9,12.8014484378
NEMO,LW,1959,32,2,5,13,1,3,256,1668.09155022,1560.38065593,1557.81938606,6,7,3120.84,26.7285852442
NEMO,LW,1975,32,2,5,13,1,3,384,1662.48503013,1559.71530524,1557.15505958,6,7,2506.99,20.5933884861
NEMO,LW,1960,32,2,5,13,3,1,256,1668.09155022,1559.08268337,1557.19903694,9,8,3884.56,12.9447564495
NEMO,LW,1954,32,4,5,5,1,9,512,1675.24260608,1558.94911733,1556.69620273,8,12,4296.07,49.4847188889
NEMO,LW,1955,32,4,5,5,3,7,512,1675.24260608,1558.94911733,1556.69620273,8,12,4128.63,16.6509507092
NEMO,LW,1956,32,4,5,5,5,5,512,1675.24260608,1558.94911733,1556.69620273,8,12,4135.62,16.6637560876
NEMO,LW,1957,32,4,5,5,7,3,512,1675.24260608,1558.94911733,1556.69620273,8,12,4133.77,16.5747333785
NEMO,LW,1958,32,4,5,5,9,1,512,1675.24260608,1558.9295053,1556.6765907,9,13,4126.98,16.6875102709
NEMO,LW,1262,64,6,5,7,1,5,384,1919.177457,1558.87294931,1555.7562485,8,16,2349.24,15.663856
NEMO,LW,1263,64,6,5,7,3,3,384,1919.177457,1558.87294931,1555.7562485,8,16,5564.7,38.3805425714
NEMO,LW,1265,64,8,5,7,1,3,384,1919.177457,1558.87294931,1555.7562485,8,16,2905.42,21.099921
NEMO,LW,1264,64,6,5,7,5,1,384,1919.177457,1558.86746076,1555.75075995,10,17,5512.74,40.0093858667
NEMO,LW,1266,64,8,5,7,3,1,384,1919.177457,1558.86746076,1555.75075995,10,17,5943.41,32.9043645714
NEMO,LW,1976,32,2,5,13,3,1,384,1662.48503013,1558.41446018,1556.53385577,9,8,2614.11,11.5580897114
NEMO,LW,1268,64,4,5,7,1,7,384,1918.27116051,1558.12573068,1555.01043717,8,16,2422.13,13.7978413333
NEMO,LW,1269,64,4,5,7,3,5,384,1918.27116051,1558.12573068,1555.01043717,8,16,4982.17,34.5934314511
NEMO,LW,1270,64,4,5,7,5,3,384,1918.27116051,1558.12573068,1555.01043717,8,16,4912.68,37.5583618552
NEMO,LW,1271,64,4,5,7,7,1,384,1918.27116051,1558.12088482,1555.00559131,10,17,4938.2,38.1219655278
NEMO,LW,1125,8,6,3,13,1,1,640,1963.46342806,1558.07378061,1554.40072763,12,16,1048.27,59.8230771429
NEMO,LW,1982,32,2,5,13,1,3,512,1655.40105385,1557.76421288,1554.07971519,7,9,2159.26,21.9220624699
NEMO,LW,1983,32,2,5,13,3,1,512,1655.40105385,1556.26545137,1553.45575516,11,10,2440.36,8.00981097143
NEMO,LW,1303,8,6,5,11,1,1,512,1908.63392172,1555.91341039,1553.45718138,11,16,3556.91,4.84345976471
NEMO,LW,1236,64,6,3,9,1,5,384,1921.31140326,1555.38396905,1550.18946771,6,15,3392.67,46.4403828571
NEMO,LW,1237,64,6,3,9,3,3,384,1921.31140326,1555.38396905,1550.18946771,6,15,3514.49,49.477847
NEMO,LW,1239,64,8,3,9,1,3,384,1921.31140326,1555.38396905,1550.18946771,6,15,3795.91,40.3478542857
NEMO,LW,1238,64,6,3,9,5,1,384,1921.31140326,1555.00622133,1550.01082912,9,16,3592.2,48.635858
NEMO,LW,1240,64,8,3,9,3,1,384,1921.31140326,1555.00622133,1550.01082912,9,16,4018.13,57.6642863333
NEMO,LW,2010,32,2,5,13,1,3,640,1647.05347402,1554.77449236,1551.09345313,7,11,2136.02,11.2248893218
NEMO,LW,1255,64,4,3,9,1,7,384,1920.44638635,1554.67350168,1549.48134583,6,15,2549.37,57.4796971429
NEMO,LW,1256,64,4,3,9,3,5,384,1920.44638635,1554.67350168,1549.48134583,6,15,2612.31,56.1726249705
NEMO,LW,1257,64,4,3,9,5,3,384,1920.44638635,1554.67350168,1549.48134583,6,15,2596.99,49.1169982706
NEMO,LW,983,8,6,1,15,1,1,512,2031.3781099,1554.33239627,1548.19182375,12,14,2675.01,11.4884004444
NEMO,LW,1258,64,4,3,9,7,1,384,1920.44638635,1554.29780394,1549.3034281,9,16,2564.93,55.5821183039
NEMO,LW,2011,32,2,5,13,3,1,640,1647.05347402,1553.34435622,1550.54433028,11,12,1999.71,15.0837716667
NEMO,LW,1280,64,6,7,5,1,5,384,1915.07214176,1549.91461843,1548.18311798,9,16,4368.06,16.4670313333
NEMO,LW,1283,64,8,7,5,1,3,384,1915.07214176,1549.91461843,1548.18311798,9,16,4367.13,22.5768634286
NEMO,LW,1281,64,6,7,5,3,3,384,1915.07214176,1549.39516829,1547.83681789,9,17,4596.41,30.4890592
NEMO,LW,1291,64,4,7,5,1,7,384,1914.12551951,1549.12965412,1547.3989355,9,16,3404.9,8.377618
NEMO,LW,1282,64,6,7,5,5,1,384,1915.07214176,1548.90768457,1547.34933417,11,16,4625.4,28.8530925333
NEMO,LW,1284,64,8,7,5,3,1,384,1915.07214176,1548.90768457,1547.34933417,11,16,4707.83,25.9896645714
NEMO,LW,1292,64,4,7,5,3,5,384,1914.12551951,1548.61043853,1547.05279178,9,17,4546.39,33.1487373137
NEMO,LW,1293,64,4,7,5,5,3,384,1914.12551951,1548.61043853,1547.05279178,9,17,4553.41,31.8000561927
NEMO,LW,1294,64,4,7,5,7,1,384,1914.12551951,1548.12391817,1546.56627141,11,16,3996.89,25.4325869779
NEMO,LW,1328,8,6,5,11,1,1,640,1901.36218112,1546.79990751,1544.35120552,11,16,3404.32,11.68801125
NEMO,LW,1001,8,6,1,15,1,1,640,2019.30545002,1543.32653452,1537.20477956,12,14,329.87,3.888152
NEMO,LW,2022,16,6,11,1,1,5,384,1642.82041006,1543.10581044,1542.92316826,12,11,511,5.78540823913
NEMO,LW,2025,16,8,11,1,1,3,384,1642.82041006,1543.10581044,1542.92316826,12,11,699.27,6.22185182456
NEMO,LW,2023,16,6,11,1,3,3,384,1642.82041006,1541.55380376,1541.37116158,12,12,511.1,4.98921095652
NEMO,LW,2024,16,6,11,1,5,1,384,1642.82041006,1541.55380376,1541.37116158,12,12,508.9,4.98806802174
NEMO,LW,2026,16,8,11,1,3,1,384,1642.82041006,1541.55380376,1541.37116158,12,12,661.04,4.65278464815
NEMO,LW,2029,16,10,11,1,1,1,384,1636.62900821,1541.55380376,1541.37116158,12,12,778.7,6.46694514286
NEMO,LW,1776,16,4,5,13,1,1,256,1722.88697377,1541.44126513,1539.41244817,11,13,3824.57,7.5807402
NEMO,LW,1499,64,2,11,3,3,5,256,1792.86827071,1540.77857946,1540.28200216,12,18,3225.63,19.666796
NEMO,LW,1500,64,2,11,3,5,3,256,1792.86827071,1540.77857946,1540.28200216,12,18,3225.63,19.666796
NEMO,LW,1501,64,2,11,3,7,1,256,1792.86827071,1540.7110257,1540.2144484,14,21,3224.91,19.666636
NEMO,LW,1498,64,2,11,3,1,7,256,1792.86827071,1540.4483811,1539.4552265,13,18,3273.75,9.1227544
NEMO,LW,1428,8,6,7,9,1,1,512,1845.96642343,1537.3017055,1536.09705679,11,16,3060.98,3.27201282759
NEMO,LW,1297,64,6,9,3,1,5,384,1909.41445399,1533.77302036,1532.73412009,10,18,2656.67,6.93334896498
NEMO,LW,1300,64,8,9,3,1,3,384,1909.41445399,1533.77302036,1532.73412009,10,18,2820.71,18.8681604098
NEMO,LW,1298,64,6,9,3,3,3,384,1909.41445399,1533.41922928,1532.55347906,10,17,2466.47,17.8332242791
NEMO,LW,1299,64,6,9,3,5,1,384,1909.41445399,1533.27804565,1532.41229543,13,18,2465.06,17.8124351318
NEMO,LW,1301,64,8,9,3,3,1,384,1909.41445399,1533.27804565,1532.41229543,13,18,2656.24,18.0090384334
NEMO,LW,1304,64,4,9,3,1,7,384,1908.42826341,1532.95427509,1531.91584392,10,18,2556.51,17.5737170265
NEMO,LW,1305,64,4,9,3,3,5,384,1908.42826341,1532.60062315,1531.73526384,10,17,2270.64,17.8830145286
NEMO,LW,1306,64,4,9,3,5,3,384,1908.42826341,1532.60062315,1531.73526384,10,17,2273.14,17.8769112828
NEMO,LW,1307,64,4,9,3,7,1,384,1908.42826341,1532.46024651,1531.5948872,13,18,2292.61,18.2236744383
NEMO,LW,1645,64,2,3,9,1,9,256,1760.69655396,1531.75198525,1526.78621225,7,18,2539.93,17.9446866667
NEMO,LW,1646,64,2,3,9,3,7,256,1760.69655396,1531.75198525,1526.78621225,7,18,4330.97,34.730386
NEMO,LW,1647,64,2,3,9,5,5,256,1760.69655396,1531.75198525,1526.78621225,7,18,4331.64,34.683846
NEMO,LW,1648,64,2,3,9,7,3,256,1760.69655396,1531.75198525,1526.78621225,7,18,4330.88,34.686086
NEMO,LW,1649,64,2,3,9,9,1,256,1760.69655396,1531.65505977,1526.75854688,10,19,4329.69,34.791776
NEMO,LW,1458,16,12,1,9,1,1,640,1830.83296858,1531.58583891,1524.09920364,7,11,2772.58,55.0058056667
NEMO,LW,877,32,10,3,9,1,1,512,2082.67017087,1530.64857734,1525.3120823,10,12,2211.51,53.8483086667
NEMO,LW,1437,8,6,7,9,1,1,640,1839.1102085,1530.56014215,1529.35694634,11,16,3519.86,4.18836352941
NEMO,LW,1964,16,6,7,3,7,1,640,1665.01600299,1528.28371853,1527.28038246,9,10,2016.7,6.30201427313
NEMO,LW,1967,16,8,7,3,5,1,640,1665.01600299,1528.28371853,1527.28038246,9,10,2555.87,6.43625625
NEMO,LW,1969,16,10,7,3,3,1,640,1665.01600299,1528.28371853,1527.28038246,9,10,2560.71,6.43482485714
NEMO,LW,1970,16,12,7,3,1,1,640,1665.01600299,1528.08305132,1527.07971525,9,10,2551.61,7.548589
NEMO,LW,2017,32,4,7,3,1,9,512,1645.95888881,1527.45745306,1526.33099577,9,11,2104.03,29.4935639677
NEMO,LW,2018,32,4,7,3,3,7,512,1645.95888881,1527.06104963,1526.12233521,9,12,2365.33,12.4877809294
NEMO,LW,2019,32,4,7,3,5,5,512,1645.95888881,1527.06104963,1526.12233521,9,12,2361,12.4609586059
NEMO,LW,2020,32,4,7,3,7,3,512,1645.95888881,1527.06104963,1526.12233521,9,12,2359.48,12.4616365103
NEMO,LW,2021,32,4,7,3,9,1,512,1645.95888881,1526.91644773,1525.97773331,11,13,2355.81,12.463009631
NEMO,LW,1753,16,12,5,5,1,1,640,1724.4926601,1524.29903236,1522.49302743,9,10,4124.49,8.29799733333
NEMO,LW,1310,64,6,11,1,3,3,384,1902.51250736,1522.93251197,1522.75936193,11,17,871.12,17.918800847
NEMO,LW,1311,64,6,11,1,5,1,384,1902.51250736,1522.80631032,1522.63316028,14,18,879.13,17.8026663802
NEMO,LW,1313,64,8,11,1,3,1,384,1902.51250736,1522.80631032,1522.63316028,14,18,928.8,17.9760104
NEMO,LW,1325,64,4,11,1,3,5,384,1901.4873599,1522.57362363,1522.40055177,11,17,820.87,17.8762330909
NEMO,LW,1326,64,4,11,1,5,3,384,1901.4873599,1522.57362363,1522.40055177,11,17,813.05,17.7750102866
NEMO,LW,1327,64,4,11,1,7,1,384,1901.4873599,1522.44826343,1522.27519157,14,18,813.05,17.7750102866
NEMO,LW,1309,64,6,11,1,1,5,384,1902.51250736,1522.27736675,1521.93106666,12,17,891.88,8.53323623385
NEMO,LW,1312,64,8,11,1,1,3,384,1902.51250736,1522.15116511,1521.80486502,15,18,1006.36,14.7153703377
NEMO,LW,1324,64,4,11,1,1,7,384,1901.4873599,1521.91887727,1521.57273355,12,17,771.81,6.30537080916
NEMO,LW,2039,16,6,9,1,1,7,512,1628.3280215,1519.61055272,1519.39234693,10,9,602.58,6.47687234783
NEMO,LW,2043,16,8,9,1,1,5,512,1628.3280215,1519.61055272,1519.39234693,10,9,673.26,6.55351272928
NEMO,LW,2046,16,10,9,1,1,3,512,1628.3280215,1519.61055272,1519.39234693,10,9,812.6,6.67712022564
NEMO,LW,2040,16,6,9,1,3,5,512,1628.3280215,1518.08374485,1517.86553907,10,10,592.03,5.64250222951
NEMO,LW,2041,16,6,9,1,5,3,512,1628.3280215,1518.08374485,1517.86553907,10,10,597.69,5.64030933333
NEMO,LW,2042,16,6,9,1,7,1,512,1628.3280215,1518.08374485,1517.86553907,10,10,597.69,5.64030933333
NEMO,LW,2044,16,8,9,1,3,3,512,1628.3280215,1518.08374485,1517.86553907,10,10,723.53,5.6504487551
NEMO,LW,2045,16,8,9,1,5,1,512,1628.3280215,1518.08374485,1517.86553907,10,10,725.4,5.64246508163
NEMO,LW,2047,16,10,9,1,3,1,512,1628.3280215,1518.08374485,1517.86553907,10,10,811.46,5.64903238776
NEMO,LW,2048,16,12,9,1,1,1,512,1628.3280215,1518.08374485,1517.86553907,10,10,923.42,6.78311433333
NEMO,LW,2013,32,4,9,1,3,7,384,1646.75725555,1515.66335659,1515.45314457,10,12,762.57,10.4331132183
NEMO,LW,2014,32,4,9,1,5,5,384,1646.75725555,1515.66335659,1515.45314457,10,12,768.02,10.448739868
NEMO,LW,2015,32,4,9,1,7,3,384,1646.75725555,1515.66335659,1515.45314457,10,12,768.02,10.448739868
NEMO,LW,2016,32,4,9,1,9,1,384,1646.75725555,1515.66335659,1515.45314457,10,12,768.02,10.448739868
NEMO,LW,2012,32,4,9,1,1,9,384,1646.75725555,1514.99430122,1514.57387719,11,13,798.77,25.0784442545
NEMO,LW,1525,8,6,9,7,1,1,512,1783.15745565,1514.98297865,1514.04602966,13,18,2724.29,8.25611989744
NEMO,LW,1775,16,4,3,15,1,1,256,1722.88697377,1514.89477552,1511.85155008,10,12,3748.97,12.0692852
NEMO,LW,1018,64,6,1,13,1,3,512,2000.81430673,1511.94036597,1501.11538636,8,21,969.65,43.056834
NEMO,LW,1777,16,4,7,11,1,1,256,1722.88697377,1511.30522864,1510.29082016,10,13,3874.53,6.2665502
NEMO,LW,1024,64,4,1,13,1,5,512,1999.67177238,1511.02620476,1500.20777024,8,21,1280.35,22.609338
NEMO,LW,1025,64,4,1,13,3,3,512,1999.67177238,1511.02620476,1500.20777024,8,21,1280.35,22.609338
NEMO,LW,1019,64,6,1,13,3,1,512,2000.81430673,1509.00409146,1500.76219396,14,22,1385.05,43.1322186667
NEMO,LW,1026,64,4,1,13,5,1,512,1999.67177238,1508.09675584,1499.85551285,14,22,1262.37,22.609338
NEMO,LW,1015,64,2,1,15,1,5,640,2003.23821813,1507.79048788,1496.38429183,8,23,395.52,46.778796
NEMO,LW,1016,64,2,1,15,3,3,640,2003.23821813,1507.79048788,1496.38429183,8,23,395.52,46.778796
NEMO,LW,1549,8,6,9,7,1,1,640,1776.70696079,1507.09923995,1506.16342099,13,18,2199.76,2.81299817021
NEMO,LW,1105,64,2,1,13,1,7,512,1973.95560534,1505.77812443,1494.99174818,8,21,1380.37,48.123837
NEMO,LW,1106,64,2,1,13,3,5,512,1973.95560534,1505.77812443,1494.99174818,8,21,1380.37,48.123837
NEMO,LW,1107,64,2,1,13,5,3,512,1973.95560534,1505.77812443,1494.99174818,8,21,1380.37,48.123837
NEMO,LW,1017,64,2,1,15,5,1,640,2003.23821813,1503.3179138,1495.94403461,15,24,395.52,46.778796
NEMO,LW,1108,64,2,1,13,7,1,512,1973.95560534,1502.96402436,1494.91992908,14,22,1374.75,32.816152
NEMO,LW,1561,8,8,1,13,1,1,512,1773.9394516,1501.35672376,1495.23961703,11,18,998.1,42.3858112
NEMO,LW,1517,64,2,11,3,3,5,384,1784.14952613,1501.19952707,1500.70333872,12,19,2267.8,13.8433719793
NEMO,LW,1518,64,2,11,3,5,3,384,1784.14952613,1501.19952707,1500.70333872,12,19,2274.87,13.6134458176
NEMO,LW,1519,64,2,11,3,7,1,384,1784.14952613,1501.03174092,1500.53555257,14,20,2277.69,13.5857150086
NEMO,LW,1516,64,2,11,3,1,7,384,1784.14952613,1500.86976231,1499.87738562,13,21,2766.21,7.9435016
NEMO,LW,1502,64,2,9,5,1,7,512,1792.61672595,1500.29104499,1498.7501341,10,16,2082.6,11.3123716028
NEMO,LW,1503,64,2,9,5,3,5,512,1792.61672595,1499.70521219,1498.31839239,10,17,1780.34,15.3782053625
NEMO,LW,1504,64,2,9,5,5,3,512,1792.61672595,1499.70521219,1498.31839239,10,17,1783.72,15.2667963601
NEMO,LW,1505,64,2,9,5,7,1,512,1792.61672595,1499.60142825,1498.21460844,11,18,1803.14,15.2721299367
NEMO,LW,1642,8,8,1,13,1,1,640,1763.49119391,1491.51788588,1485.4172861,11,18,329.36,4.196852
NEMO,LW,1779,8,6,11,5,1,1,512,1720.20653879,1490.41193987,1489.74269058,15,20,1953.21,2.9658368
NEMO,LW,2038,16,4,11,7,1,1,256,1632.40773867,1489.14117202,1488.36963052,15,22,3176.3,6.2407302
NEMO,LW,1791,8,8,3,11,1,1,512,1716.67732911,1486.32971367,1482.66883595,10,16,2991.02,35.2703493333
NEMO,LW,4,64,4,3,15,1,1,256,3091.86127127,1486.26950967,1480.32443164,5,4,2698.36,33.770541
NEMO,LW,62,64,6,3,13,1,1,256,2817.97569014,1486.26950967,1480.32443164,5,4,1808.76,12.977188
NEMO,LW,3,64,4,1,17,1,1,256,3091.86127127,1486.26950967,1477.35189262,8,7,808.96,18.586984
NEMO,LW,5,64,4,5,13,1,1,256,3091.86127127,1486.26950967,1481.81070115,4,3,3379.28,17.488676
NEMO,LW,66,64,6,5,11,1,1,256,2804.81602916,1486.26950967,1481.81070115,4,3,2022.39,2.453788
NEMO,LW,256,64,8,3,11,1,1,256,2480.22686167,1486.12331935,1480.17824131,5,5,1808.76,12.977188
NEMO,LW,290,64,8,5,9,1,1,256,2472.53582706,1485.63949882,1481.32688061,4,5,2022.39,2.453788
NEMO,LW,1774,16,4,1,17,1,1,256,1722.88697377,1484.49957489,1479.42753248,11,14,2751.38,43.4799802
NEMO,LW,268,64,8,1,13,1,1,256,2478.06700475,1483.78427415,1474.86665709,7,9,2194.44,42.775003
NEMO,LW,1818,8,6,11,5,1,1,640,1714.15188591,1483.56788856,1482.89944645,15,20,1604.54,2.78350029787
NEMO,LW,6,64,4,7,11,1,1,256,3091.86127127,1483.29697066,1481.81070115,4,3,5594.5,19.7516697143
NEMO,LW,7,64,4,9,9,1,1,256,3091.86127127,1483.29697066,1481.81070115,4,3,3778.35,6.381372
NEMO,LW,71,64,6,7,9,1,1,256,2791.64667764,1483.29697066,1481.81070115,4,3,5602.37,19.3474554286
NEMO,LW,8,64,4,11,7,1,1,256,3091.86127127,1483.00459001,1481.66451082,3,3,3676.47,8.007647
NEMO,LW,73,64,6,9,7,1,1,256,2778.46762488,1482.6669598,1481.32688061,5,5,3721,8.731672
NEMO,LW,311,64,8,7,7,1,1,256,2459.12060785,1482.6669598,1481.32688061,5,5,3738.31,8.877347
NEMO,LW,787,64,10,5,7,1,1,256,2124.85983083,1482.0613152,1478.6153973,5,9,2022.39,2.453788
NEMO,LW,12,64,4,13,5,1,1,256,3079.25771639,1481.73204477,1480.77484535,5,5,3682.25,7.932022
NEMO,LW,79,64,6,11,5,1,1,256,2765.27886014,1481.73204477,1480.77484535,5,5,5044.92,13.138134
NEMO,LW,325,64,8,9,5,1,1,256,2445.69541441,1481.01153479,1480.05433537,7,7,3848.39,6.332347
NEMO,LW,14,64,4,15,3,1,1,256,3066.28972018,1479.66311977,1479.08880012,7,7,3231.22,7.932022
NEMO,LW,85,64,6,13,3,1,1,256,2752.08037269,1479.66311977,1479.08880012,7,7,3289.51,11.359932
NEMO,LW,334,64,8,11,3,1,1,256,2432.26023559,1479.66311977,1479.08880012,7,7,3277.23,8.532997
NEMO,LW,810,64,10,7,5,1,1,256,2120.3559631,1479.55803085,1478.60083143,7,9,4991.38,13.3468406667
NEMO,LW,777,64,10,3,9,1,1,256,2126.00601548,1479.21756617,1473.75630867,5,9,1840.18,11.456238
NEMO,LW,1848,8,8,3,11,1,1,640,1707.85322911,1478.43811345,1474.78621566,10,16,1396.3,37.073092
NEMO,LW,1677,64,2,3,9,1,9,384,1749.2450402,1477.82711568,1472.86523221,7,17,2309.34,39.1743545
NEMO,LW,1678,64,2,3,9,3,7,384,1749.2450402,1477.82711568,1472.86523221,7,17,2368.09,30.71146599
NEMO,LW,1679,64,2,3,9,5,5,384,1749.2450402,1477.82711568,1472.86523221,7,17,2368.09,30.71146599
NEMO,LW,1680,64,2,3,9,7,3,384,1749.2450402,1477.82711568,1472.86523221,7,17,2368.09,30.71146599
NEMO,LW,846,64,10,9,3,1,1,256,2106.67766839,1477.32205616,1476.74773651,9,11,3345.69,6.218147
NEMO,LW,1681,64,2,3,9,9,1,384,1749.2450402,1477.31861987,1472.53102247,9,16,2339.86,31.4633885275
NEMO,LW,1889,64,2,5,7,1,9,256,1693.89658032,1475.69338491,1472.71392112,8,16,2051.75,2.453788
NEMO,LW,1890,64,2,5,7,3,7,256,1693.89658032,1475.69338491,1472.71392112,8,16,4092.76,22.5093030499
NEMO,LW,1891,64,2,5,7,5,5,256,1693.89658032,1475.69338491,1472.71392112,8,16,4098.06,22.571081416
NEMO,LW,1892,64,2,5,7,7,3,256,1693.89658032,1475.69338491,1472.71392112,8,16,4100.73,22.5568193888
NEMO,LW,1893,64,2,5,7,9,1,256,1693.89658032,1475.58338324,1472.60391945,11,17,4091.26,22.4939694644
NEMO,LW,1786,64,2,13,1,3,5,256,1718.97657933,1474.60925664,1474.44373087,13,18,1142.24,19.655156
NEMO,LW,1787,64,2,13,1,5,3,256,1718.97657933,1474.60925664,1474.44373087,13,18,1142.24,19.655156
NEMO,LW,1788,64,2,13,1,7,1,256,1718.97657933,1474.50096131,1474.33543555,16,17,1142.24,19.655156
NEMO,LW,1785,64,2,13,1,1,7,256,1718.97657933,1474.11353251,1473.78248098,15,18,1141.77,9.1249744
NEMO,LW,16,64,4,17,1,1,1,256,3053.3122444,1468.54533416,1468.35389427,9,9,1129.57,7.932022
NEMO,LW,99,64,6,15,1,1,1,256,2738.87215178,1468.54533416,1468.35389427,9,9,1144.86,11.354672
NEMO,LW,354,64,8,13,1,1,1,256,2418.81506025,1468.54533416,1468.35389427,9,9,1145.99,10.139792
NEMO,LW,865,64,10,11,1,1,1,256,2092.98910455,1467.4426252,1467.25118531,9,11,1174.53,6.217647
NEMO,LW,1980,8,8,5,9,1,1,512,1657.28208845,1467.03352204,1464.75807447,10,16,3482.49,4.47248933333
NEMO,LW,1940,16,4,9,9,1,1,256,1684.35923448,1466.314717,1465.32273508,12,15,3852.65,6.1144402
NEMO,LW,721,32,8,3,11,1,1,640,2152.1980504,1465.04383771,1459.83398814,13,16,2615.51,63.4262341818
NEMO,LW,1981,8,6,13,3,1,1,512,1657.1131911,1463.83158732,1463.43003775,17,22,1180.88,2.96576723478
NEMO,LW,796,64,10,1,11,1,1,256,2124.30998347,1462.41959619,1453.98579966,7,13,1419.48,50.0987093333
NEMO,LW,1259,64,4,1,11,3,5,384,1920.06677691,1460.0342255,1451.20756055,7,19,56.32,93.673996
NEMO,LW,1260,64,4,1,11,5,3,384,1920.06677691,1460.0342255,1451.20756055,7,19,56.32,93.673996
NEMO,LW,1242,64,8,1,11,1,3,384,1920.88928992,1460.00117665,1451.17052437,7,19,311.68,66.596376
NEMO,LW,1550,64,6,5,9,1,3,640,1776.44887957,1459.5147982,1455.43205115,8,19,1433.63,3.824656
NEMO,LW,2002,8,8,5,9,1,1,640,1650.28861158,1459.35659412,1457.08389093,10,16,3353.71,11.7996016
NEMO,LW,1551,64,6,5,9,3,1,640,1776.44887957,1459.0646993,1455.14768977,10,20,3722.28,47.9031067692
NEMO,LW,1261,64,4,1,11,7,1,384,1920.06677691,1458.93402395,1451.19520648,12,20,56.32,93.673996
NEMO,LW,1243,64,8,1,11,3,1,384,1920.88928992,1458.89737868,1451.15754483,12,20,311.68,66.596376
NEMO,LW,1555,64,4,5,9,1,5,640,1775.46513992,1458.69941702,1454.61884254,8,19,2481.71,30.2785408
NEMO,LW,1556,64,4,5,9,3,3,640,1775.46513992,1458.69941702,1454.61884254,8,19,3322.49,44.5889126667
NEMO,LW,1557,64,4,5,9,5,1,640,1775.46513992,1458.25129384,1454.33522576,10,20,3192.72,49.3270832081
NEMO,LW,1999,8,6,13,3,1,1,640,1651.44442911,1456.70220863,1456.30114336,17,22,962.74,2.80240561702
NEMO,LW,1544,64,6,7,7,1,3,640,1780.009205,1454.65478481,1452.06904502,10,18,3071.25,14.9900168547
NEMO,LW,1545,64,6,7,7,3,1,640,1780.009205,1453.8313466,1451.38169838,10,18,3672.15,16.7705873236
NEMO,LW,1546,64,4,7,7,1,5,640,1778.97964494,1453.79853356,1451.21416972,10,18,2849.56,12.7583587471
NEMO,LW,1547,64,4,7,7,3,3,640,1778.97964494,1453.25445696,1450.80611228,9,17,3096.61,16.9342253277
NEMO,LW,1548,64,4,7,7,5,1,640,1778.97964494,1452.97617044,1450.52782575,10,18,3116.51,16.7959025763
NEMO,LW,1529,64,6,9,5,1,3,640,1782.3889916,1449.24247099,1447.88155531,10,16,2588.52,9.72325474644
NEMO,LW,1530,64,6,9,5,3,1,640,1782.3889916,1448.56041379,1447.33558968,11,18,2858.46,16.5980249019
NEMO,LW,1531,64,4,9,5,1,5,640,1781.3142342,1448.34557811,1446.98538662,10,16,2387,11.2766389195
NEMO,LW,1532,64,4,9,5,3,3,640,1781.3142342,1447.80416664,1446.5799943,10,17,2644.73,16.641211042
NEMO,LW,1533,64,4,9,5,5,1,640,1781.3142342,1447.6645644,1446.44039206,11,18,2631.06,16.5372400763
NEMO,LW,1462,64,2,1,11,1,9,256,1823.82180028,1447.35730135,1438.91548726,7,19,840.96,15.598184
NEMO,LW,1463,64,2,1,11,3,7,256,1823.82180028,1447.35730135,1438.91548726,7,19,1495.85,61.333241
NEMO,LW,1464,64,2,1,11,5,5,256,1823.82180028,1447.35730135,1438.91548726,7,19,1495.85,61.333241
NEMO,LW,1465,64,2,1,11,7,3,256,1823.82180028,1447.35730135,1438.91548726,7,19,1495.85,61.333241
NEMO,LW,1466,64,2,1,11,9,1,256,1823.82180028,1446.34889775,1438.61144129,11,18,1485.09,61.333241
NEMO,LW,871,32,10,1,11,1,1,512,2083.33088171,1445.63521946,1437.40436493,7,9,807.38,52.444522
NEMO,LW,2037,16,6,3,13,1,1,256,1632.47155282,1443.35327473,1440.31004929,12,18,3718.8,11.5543644444
NEMO,LW,1562,64,4,3,7,1,9,256,1771.6052644,1443.31286245,1439.10118501,7,16,2720.41,33.770541
NEMO,LW,1563,64,4,3,7,3,7,256,1771.6052644,1443.31286245,1439.10118501,7,16,3671.33,50.9500738455
NEMO,LW,1564,64,4,3,7,5,5,256,1771.6052644,1443.31286245,1439.10118501,7,16,3739.51,44.2132024943
NEMO,LW,1565,64,4,3,7,7,3,256,1771.6052644,1443.31286245,1439.10118501,7,16,3725.02,44.383346712
NEMO,LW,1567,64,6,3,7,1,7,256,1771.6052644,1443.31286245,1439.10118501,7,16,1828.89,12.977188
NEMO,LW,1568,64,6,3,7,3,5,256,1771.6052644,1443.31286245,1439.10118501,7,16,3298.44,59.8431515556
NEMO,LW,1569,64,6,3,7,5,3,256,1771.6052644,1443.31286245,1439.10118501,7,16,3322.91,58.8234884444
NEMO,LW,1571,64,8,3,7,1,5,256,1771.6052644,1443.31286245,1439.10118501,7,16,1828.89,12.977188
NEMO,LW,1572,64,8,3,7,3,3,256,1771.6052644,1443.31286245,1439.10118501,7,16,4866.71,52.6834030769
NEMO,LW,1574,64,10,3,7,1,3,256,1771.6052644,1443.31286245,1439.10118501,7,16,1861.53,11.456238
NEMO,LW,1566,64,4,3,7,9,1,256,1771.6052644,1443.28292301,1439.07124557,10,17,3575.28,44.383346712
NEMO,LW,1570,64,6,3,7,7,1,256,1771.6052644,1443.28292301,1439.07124557,10,17,3269.66,65.3547450909
NEMO,LW,1573,64,8,3,7,5,1,256,1771.6052644,1443.28292301,1439.07124557,10,17,4709.51,56.4345645714
NEMO,LW,1575,64,10,3,7,3,1,256,1771.6052644,1443.28292301,1439.07124557,10,17,4370.78,57.9045713846
NEMO,LW,1717,32,12,3,7,1,1,512,1734.91492019,1442.98438944,1438.85154468,6,9,5055.7,26.697109
NEMO,LW,1520,64,6,11,3,1,3,640,1783.80941505,1442.88649572,1442.06994632,13,18,1697.61,9.61382825071
NEMO,LW,1526,64,4,11,3,1,5,640,1782.68997005,1442.08450316,1441.26838826,12,17,1582.96,11.2763205287
NEMO,LW,1521,64,6,11,3,3,1,640,1783.80941505,1441.94178892,1441.26133108,13,20,1824.78,16.5907021461
NEMO,LW,1729,32,12,5,5,1,1,512,1730.56811599,1441.45534909,1439.20107013,7,9,4574.63,15.9901423333
NEMO,LW,1527,64,4,11,3,3,3,640,1782.68997005,1441.14036451,1440.46026876,12,19,1714.43,16.6513045294
NEMO,LW,1686,64,2,11,3,3,5,512,1742.22445726,1441.08131476,1440.61904149,11,17,1780.34,15.3782053625
NEMO,LW,1687,64,2,11,3,5,3,512,1742.22445726,1441.08131476,1440.61904149,11,17,1783.72,15.2667963601
NEMO,LW,1528,64,4,11,3,5,1,640,1782.68997005,1441.00609252,1440.32599678,13,20,1718.01,16.5296582966
NEMO,LW,1688,64,2,11,3,7,1,512,1742.22445726,1440.91503441,1440.45276114,12,18,1803.14,15.2721299367
NEMO,LW,1685,64,2,11,3,1,7,512,1742.22445726,1440.86472727,1439.94018073,12,17,2082.6,11.3123716028
NEMO,LW,1763,32,12,7,3,1,1,512,1723.93688274,1439.70353521,1439.13996546,9,9,2880.03,14.339484
NEMO,LW,1730,64,2,5,9,1,7,640,1728.96182928,1438.34704667,1434.27340522,8,19,1893.57,20.4961064
NEMO,LW,1731,64,2,5,9,3,5,640,1728.96182928,1438.34704667,1434.27340522,8,19,1563.8,24.7756811832
NEMO,LW,1732,64,2,5,9,5,3,640,1728.96182928,1438.34704667,1434.27340522,8,19,1563.01,24.7763879059
NEMO,LW,1704,32,12,1,9,1,1,512,1736.17729047,1438.11443096,1431.0872267,7,13,2654.89,64.2840476
NEMO,LW,1733,64,2,5,9,7,1,640,1728.96182928,1437.97679136,1434.1047241,10,20,1569.28,24.7831966454
NEMO,LW,1577,64,6,3,11,1,3,640,1771.41319226,1437.4766035,1431.35248293,7,19,2038.79,42.0445032
NEMO,LW,1515,64,6,13,1,3,1,640,1784.4396485,1437.06855192,1436.93246035,13,18,641.98,16.8124678047
NEMO,LW,1593,64,4,3,11,1,5,640,1770.47604566,1436.70669802,1430.58583632,7,19,1742.95,20.8360506667
NEMO,LW,1594,64,4,3,11,3,3,640,1770.47604566,1436.70669802,1430.58583632,7,19,1612,52.4162592
NEMO,LW,1523,64,4,13,1,3,3,640,1783.27593818,1436.48753316,1436.35151402,12,17,618.9,16.5666073649
NEMO,LW,1578,64,6,3,11,3,1,640,1771.41319226,1436.45249239,1431.20421312,11,20,1591.24,41.732314
NEMO,LW,1524,64,4,13,1,5,1,640,1783.27593818,1436.09188341,1435.95586426,13,18,626.48,16.3324716948
NEMO,LW,1941,64,2,5,7,1,9,384,1683.91518283,1435.926348,1432.94921792,8,17,2146.95,6.42614437113
NEMO,LW,1942,64,2,5,7,3,7,384,1683.91518283,1435.926348,1432.94921792,8,17,1971.42,16.0135009933
NEMO,LW,1943,64,2,5,7,5,5,384,1683.91518283,1435.926348,1432.94921792,8,17,1955.01,15.7620374586
NEMO,LW,1944,64,2,5,7,7,3,384,1683.91518283,1435.926348,1432.94921792,8,17,1955.01,15.7620374586
NEMO,LW,1514,64,6,13,1,1,3,640,1784.4396485,1435.86753031,1435.59534718,15,20,625.94,10.7438082874
NEMO,LW,1595,64,4,3,11,5,1,640,1770.47604566,1435.68601102,1430.43823868,11,20,1592.73,52.4162592
NEMO,LW,1945,64,2,5,7,9,1,384,1683.91518283,1435.59213827,1432.61500819,11,18,1970.1,15.7504605011
NEMO,LW,1522,64,4,13,1,1,5,640,1783.27593818,1435.15399298,1434.88195469,14,19,613.8,9.84359540616
NEMO,LW,1833,64,2,13,1,3,5,384,1711.14109937,1432.38900484,1432.22360872,13,19,875.54,13.723262685
NEMO,LW,1834,64,2,13,1,5,3,384,1711.14109937,1432.38900484,1432.22360872,13,19,877.58,13.5425914286
NEMO,LW,1835,64,2,13,1,7,1,384,1711.14109937,1432.05685004,1431.89145393,15,18,877.58,13.5425914286
NEMO,LW,1607,64,4,5,5,1,9,256,1769.52812598,1432.03051443,1429.73323583,8,16,3418.15,17.488676
NEMO,LW,1608,64,4,5,5,3,7,256,1769.52812598,1432.03051443,1429.73323583,8,16,5242.37,35.3004842476
NEMO,LW,1609,64,4,5,5,5,5,256,1769.52812598,1432.03051443,1429.73323583,8,16,5128.93,36.4384593432
NEMO,LW,1610,64,4,5,5,7,3,256,1769.52812598,1432.03051443,1429.73323583,8,16,5243.96,35.9721937896
NEMO,LW,1612,64,6,5,5,1,7,256,1769.52812598,1432.03051443,1429.73323583,8,16,2051.75,2.453788
NEMO,LW,1613,64,6,5,5,3,5,256,1769.52812598,1432.03051443,1429.73323583,8,16,5028.84,37.9826437333
NEMO,LW,1614,64,6,5,5,5,3,256,1769.52812598,1432.03051443,1429.73323583,8,16,5046.8,39.9395395
NEMO,LW,1616,64,8,5,5,1,5,256,1769.52812598,1432.03051443,1429.73323583,8,16,2051.75,2.453788
NEMO,LW,1617,64,8,5,5,3,3,256,1769.52812598,1432.03051443,1429.73323583,8,16,5271.94,32.8487853333
NEMO,LW,1619,64,10,5,5,1,3,256,1769.52812598,1432.03051443,1429.73323583,8,16,2051.75,2.453788
NEMO,LW,1611,64,4,5,5,9,1,256,1769.52812598,1432.00823004,1429.71095144,11,17,5213.63,40.9736964366
NEMO,LW,1615,64,6,5,5,7,1,256,1769.52812598,1432.00823004,1429.71095144,11,17,5041.9,39.675852
NEMO,LW,1618,64,8,5,5,5,1,256,1769.52812598,1432.00823004,1429.71095144,11,17,5275.18,32.6564053333
NEMO,LW,1620,64,10,5,5,3,1,256,1769.52812598,1432.00823004,1429.71095144,11,17,5023.36,33.8344483077
NEMO,LW,1691,64,2,3,11,1,7,640,1741.7383804,1431.8939962,1425.78353402,7,19,1837.07,13.551284
NEMO,LW,1692,64,2,3,11,3,5,640,1741.7383804,1431.8939962,1425.78353402,7,19,1637.45,38.6255029012
NEMO,LW,1693,64,2,3,11,5,3,640,1741.7383804,1431.8939962,1425.78353402,7,19,1637.45,38.6254993836
NEMO,LW,1832,64,2,13,1,1,7,384,1711.14109937,1431.27489287,1430.94410064,14,19,1007.31,7.9638016
NEMO,LW,1801,32,12,9,1,1,1,512,1715.56657965,1431.15327974,1430.96542316,11,11,970.81,14.3260423333
NEMO,LW,1694,64,2,3,11,7,1,640,1741.7383804,1430.51996052,1425.35579893,11,20,1635.54,38.5843365695
NEMO,LW,1625,64,4,7,3,1,9,256,1765.12304548,1420.64112254,1419.49248324,9,15,3222.71,19.7516697143
NEMO,LW,1630,64,6,7,3,1,7,256,1765.12304548,1420.64112254,1419.49248324,9,15,3190.57,13.897537
NEMO,LW,1634,64,8,7,3,1,5,256,1765.12304548,1420.64112254,1419.49248324,9,15,3284.87,8.877347
NEMO,LW,1637,64,10,7,3,1,3,256,1765.12304548,1420.64112254,1419.49248324,9,15,3311.37,13.3468406667
NEMO,LW,372,64,2,1,19,1,1,256,2400.77840714,1420.4717914,1411.94896065,7,6,840.96,15.598184
NEMO,LW,373,64,2,3,17,1,1,256,2400.77840714,1420.4717914,1414.78990423,5,4,2519.8,17.9446866667
NEMO,LW,374,64,2,5,15,1,1,256,2400.77840714,1420.4717914,1416.21037602,4,3,2022.39,2.453788
NEMO,LW,1626,64,4,7,3,3,7,256,1765.12304548,1420.06680289,1419.10960347,9,16,3338.06,29.2521220767
NEMO,LW,1627,64,4,7,3,5,5,256,1765.12304548,1420.06680289,1419.10960347,9,16,3328.12,31.3561689621
NEMO,LW,1628,64,4,7,3,7,3,256,1765.12304548,1420.06680289,1419.10960347,9,16,3341.35,31.4487862609
NEMO,LW,1631,64,6,7,3,3,5,256,1765.12304548,1420.06680289,1419.10960347,9,16,3348.03,30.3960895
NEMO,LW,1632,64,6,7,3,5,3,256,1765.12304548,1420.06680289,1419.10960347,9,16,3347.13,30.572102
NEMO,LW,1635,64,8,7,3,3,3,256,1765.12304548,1420.06680289,1419.10960347,9,16,3363.78,27.3281453333
NEMO,LW,1629,64,4,7,3,9,1,256,1765.12304548,1420.05982861,1419.1026292,12,17,3342.88,31.0661192858
NEMO,LW,1633,64,6,7,3,7,1,256,1765.12304548,1420.05982861,1419.1026292,12,17,3361.92,30.51519575
NEMO,LW,1636,64,8,7,3,5,1,256,1765.12304548,1420.05982861,1419.1026292,12,17,3361.54,27.3281453333
NEMO,LW,1638,64,10,7,3,3,1,256,1765.12304548,1420.05982861,1419.1026292,12,17,3362.47,28.1900175385
NEMO,LW,375,64,2,7,13,1,1,256,2400.77840714,1417.63084781,1416.21037602,4,3,4843.2,12.6896626667
NEMO,LW,376,64,2,9,11,1,1,256,2400.77840714,1417.63084781,1416.21037602,4,3,4447.4,9.1221344
NEMO,LW,377,64,2,11,9,1,1,256,2400.77840714,1417.63084781,1416.21037602,2,2,4447.4,9.1221344
NEMO,LW,379,64,2,15,5,1,1,256,2400.77840714,1415.31310038,1414.48547154,7,7,4447.4,9.1221344
NEMO,LW,1808,64,2,7,7,1,7,640,1714.41214482,1413.93360946,1411.35363654,10,16,1770.67,10.1451145497
NEMO,LW,1809,64,2,7,7,3,5,640,1714.41214482,1413.39045726,1410.94627239,9,17,1573.75,17.1406111301
NEMO,LW,1810,64,2,7,7,5,3,640,1714.41214482,1413.39045726,1410.94627239,9,17,1580.92,16.9684160341
NEMO,LW,1811,64,2,7,7,7,1,640,1714.41214482,1413.12355446,1410.67936959,10,18,1594.3,16.9607742431
NEMO,LW,1576,64,12,3,7,1,1,256,1771.6052644,1411.25297526,1407.04129782,6,13,1726.02,17.055538
NEMO,LW,1483,64,2,1,11,1,9,384,1810.62314478,1408.18252773,1399.74732584,7,19,759.21,69.836764
NEMO,LW,1484,64,2,1,11,3,7,384,1810.62314478,1408.18252773,1399.74732584,7,19,1009.11,60.875004
NEMO,LW,1485,64,2,1,11,5,5,384,1810.62314478,1408.18252773,1399.74732584,7,19,1009.11,60.875004
NEMO,LW,1486,64,2,1,11,7,3,384,1810.62314478,1408.18252773,1399.74732584,7,19,1009.11,60.875004
NEMO,LW,1487,64,2,1,11,9,1,384,1810.62314478,1407.16792615,1399.74288086,12,20,996.62,60.875004
NEMO,LW,1621,64,12,5,5,1,1,256,1769.52812598,1407.12600622,1404.82872762,7,13,2022.39,2.453788
NEMO,LW,1652,64,4,9,1,3,7,256,1758.95176503,1404.96343918,1404.77199929,10,16,952.21,25.1634972087
NEMO,LW,1653,64,4,9,1,5,5,256,1758.95176503,1404.96343918,1404.77199929,10,16,942.06,24.6185344881
NEMO,LW,1654,64,4,9,1,7,3,256,1758.95176503,1404.96343918,1404.77199929,10,16,959.22,24.5177961703
NEMO,LW,1657,64,6,9,1,3,5,256,1758.95176503,1404.96343918,1404.77199929,10,16,1177.34,26.259302
NEMO,LW,1658,64,6,9,1,5,3,256,1758.95176503,1404.96343918,1404.77199929,10,16,1175.77,24.856152
NEMO,LW,1661,64,8,9,1,3,3,256,1758.95176503,1404.96343918,1404.77199929,10,16,1178.29,24.7722653333
NEMO,LW,1655,64,4,9,1,9,1,256,1758.95176503,1404.78799019,1404.59655031,14,17,949.07,24.5177961703
NEMO,LW,1659,64,6,9,1,7,1,256,1758.95176503,1404.78799019,1404.59655031,14,17,1177.21,24.83835825
NEMO,LW,1662,64,8,9,1,5,1,256,1758.95176503,1404.78799019,1404.59655031,14,17,1179.19,24.4122386667
NEMO,LW,1664,64,10,9,1,3,1,256,1758.95176503,1404.78799019,1404.59655031,14,17,1177.96,25.4894790769
NEMO,LW,1651,64,4,9,1,1,9,256,1758.95176503,1404.22829987,1403.8454201,11,17,1145.36,26.7206615
NEMO,LW,1656,64,6,9,1,1,7,256,1758.95176503,1404.22829987,1403.8454201,11,17,1176.1,28.3619266667
NEMO,LW,1660,64,8,9,1,1,5,256,1758.95176503,1404.22829987,1403.8454201,11,17,1173.85,6.332347
NEMO,LW,1663,64,10,9,1,1,3,256,1758.95176503,1404.22829987,1403.8454201,11,17,1174.45,6.218147
NEMO,LW,378,64,2,13,7,1,1,256,2400.77840714,1403.1096886,1401.95100823,4,4,4447.4,9.1221344
NEMO,LW,1639,64,12,7,3,1,1,256,1765.12304548,1400.76102015,1400.1867005,9,13,3307.18,12.2138906667
NEMO,LW,408,64,2,19,1,1,1,256,2365.40390251,1393.97089642,1393.80537065,12,12,1141.77,9.1249744
NEMO,LW,1939,16,6,1,15,1,1,256,1684.42292836,1392.25864406,1387.18660165,12,15,2800.1,39.2106088889
NEMO,LW,1881,64,2,9,5,1,7,640,1698.4407131,1392.02110184,1390.66322135,10,16,1789.46,11.7849619181
NEMO,LW,1882,64,2,9,5,3,5,640,1698.4407131,1391.49047176,1390.26837933,10,17,1586,16.9983544136
NEMO,LW,1883,64,2,9,5,5,3,640,1698.4407131,1391.49047176,1390.26837933,10,17,1591.34,16.7794987633
NEMO,LW,1884,64,2,9,5,7,1,640,1698.4407131,1391.24861321,1390.02652077,11,18,1600.28,16.7818049467
NEMO,LW,1665,64,12,9,1,1,1,256,1758.95176503,1387.85614018,1387.6647003,11,15,1174.73,9.1224744
NEMO,LW,1977,8,6,3,13,1,1,384,1660.58763024,1384.96576935,1381.87882735,12,16,2275.78,49.8175491765
NEMO,LW,1915,64,2,13,1,7,1,512,1690.48164403,1381.54977981,1381.39568872,14,20,848.76,15.3840932751
NEMO,LW,1913,64,2,13,1,3,5,512,1690.48164403,1381.53143751,1381.37734642,12,17,846.41,15.4060740611
NEMO,LW,1914,64,2,13,1,5,3,512,1690.48164403,1381.53143751,1381.37734642,12,17,848.76,15.3840932751
NEMO,LW,1912,64,2,13,1,1,7,512,1690.48164403,1380.66652081,1380.35833864,14,21,816.96,13.1985668242
NEMO,LW,1406,32,10,5,7,1,1,640,1852.06339938,1378.26823185,1375.29242221,10,12,3418.49,54.321216
NEMO,LW,1385,32,10,7,5,1,1,640,1855.93653595,1376.6965302,1375.20862538,11,12,3993.84,41.4959993333
NEMO,LW,1386,32,10,9,3,1,1,640,1855.93449998,1375.12572565,1374.62975737,14,14,2529.75,41.4286076667
NEMO,LW,1836,64,6,5,7,1,5,512,1711.13664939,1373.11142561,1370.32785943,7,15,2098.57,15.8975106667
NEMO,LW,1837,64,6,5,7,3,3,512,1711.13664939,1373.11142561,1370.32785943,7,15,4129.06,47.6053504615
NEMO,LW,1839,64,8,5,7,1,3,512,1711.13664939,1373.11142561,1370.32785943,7,15,2141.95,14.3502773333
NEMO,LW,1838,64,6,5,7,5,1,512,1711.13664939,1372.92750375,1370.14393756,9,16,4060.42,45.1859658462
NEMO,LW,1840,64,8,5,7,3,1,512,1711.13664939,1372.92750375,1370.14393756,9,16,4571.99,41.6290488571
NEMO,LW,1411,32,10,11,1,1,1,640,1850.42411462,1372.38442208,1372.21909932,14,14,853.29,41.4280743333
NEMO,LW,1842,64,4,5,7,1,7,512,1710.05700452,1372.23352317,1369.45164001,7,15,1644.69,3.17507
NEMO,LW,1843,64,4,5,7,3,5,512,1710.05700452,1372.23352317,1369.45164001,7,15,3553.87,48.5058665164
NEMO,LW,1844,64,4,5,7,5,3,512,1710.05700452,1372.23352317,1369.45164001,7,15,3683.09,50.964505914
NEMO,LW,39,64,4,3,15,1,1,384,2847.59550413,1372.22081751,1366.73193424,5,4,2530.11,57.4796971429
NEMO,LW,41,64,4,5,13,1,1,384,2834.86060065,1372.22081751,1368.10415505,4,3,2400.91,13.7978413333
NEMO,LW,210,64,6,3,13,1,1,384,2552.65361095,1372.22081751,1366.73193424,5,4,3379.21,45.7957542857
NEMO,LW,221,64,6,5,11,1,1,384,2539.72026779,1372.22081751,1368.10415505,4,3,2322.47,15.663856
NEMO,LW,577,64,8,3,11,1,1,384,2241.70344867,1372.060647,1366.57176373,5,5,3735.65,40.3478542857
NEMO,LW,1845,64,4,5,7,7,1,512,1710.05700452,1372.05048208,1369.26859892,9,16,3423.46,52.8149082475
NEMO,LW,590,64,8,5,9,1,1,384,2237.95400286,1371.56715595,1367.610664,4,5,2886.13,21.099921
NEMO,LW,58,64,4,7,11,1,1,384,2822.11588635,1369.47637587,1368.10415505,4,3,3378.05,8.374918
NEMO,LW,65,64,4,9,9,1,1,384,2809.3613499,1369.47637587,1368.10415505,4,3,4799.67,17.568448
NEMO,LW,229,64,6,7,9,1,1,384,2526.77689509,1369.47637587,1368.10415505,4,3,4524.52,16.4670313333
NEMO,LW,67,64,4,11,7,1,1,384,2796.59697992,1369.1549403,1367.94343727,3,3,3392.82,6.21191876923
NEMO,LW,236,64,6,9,7,1,1,384,2513.82348118,1368.82271431,1367.610664,5,5,3449.03,6.93334896498
NEMO,LW,622,64,8,7,7,1,1,384,2224.77551282,1368.82271431,1367.610664,5,5,4881.72,22.5768634286
NEMO,LW,1812,64,6,3,9,1,5,512,1714.22347063,1368.5585569,1363.14606709,7,17,1869.27,24.410124
NEMO,LW,1813,64,6,3,9,3,3,512,1714.22347063,1368.5585569,1363.14606709,7,17,3337.97,45.8184
NEMO,LW,1815,64,8,3,9,1,3,512,1714.22347063,1368.5585569,1363.14606709,7,17,2039.84,17.998524
NEMO,LW,579,64,8,1,13,1,1,384,2240.86468435,1368.37672539,1360.14340049,7,9,311.68,66.596376
NEMO,LW,1814,64,6,3,9,5,1,512,1714.22347063,1368.27219252,1363.10215982,10,18,3264.79,49.654688
NEMO,LW,1816,64,8,3,9,3,1,512,1714.22347063,1368.27219252,1363.10215982,10,18,3818.62,50.1557869091
NEMO,LW,1825,64,4,3,9,1,7,512,1713.19146047,1367.72336601,1362.31414874,7,17,1937.89,21.484024
NEMO,LW,1826,64,4,3,9,3,5,512,1713.19146047,1367.72336601,1362.31414874,7,17,2767.87,47.3783388571
NEMO,LW,1827,64,4,3,9,5,3,512,1713.19146047,1367.72336601,1362.31414874,7,17,2772.33,47.3783388571
NEMO,LW,1828,64,4,3,9,7,1,512,1713.19146047,1367.43933916,1362.27098948,10,18,2754.12,47.3783388571
NEMO,LW,1831,8,6,1,15,1,1,384,1712.41863028,1367.35022147,1363.23429881,10,12,686.04,64.3331213333
NEMO,LW,1947,64,2,11,3,1,7,640,1681.31182665,1366.98937969,1366.17465141,12,17,1789.46,11.7849619181
NEMO,LW,1267,64,10,5,7,1,1,384,1919.177457,1366.81837499,1363.70167418,5,9,4109.47,33.7184211429
NEMO,LW,1948,64,2,11,3,3,5,640,1681.31182665,1366.07642972,1365.39748948,12,19,1586,16.9983544136
NEMO,LW,1949,64,2,11,3,5,3,640,1681.31182665,1366.07642972,1365.39748948,12,19,1591.34,16.7794987633
NEMO,LW,1950,64,2,11,3,7,1,640,1681.31182665,1365.73634948,1365.05740924,13,20,1600.28,16.7818049467
NEMO,LW,1852,64,6,7,5,3,3,512,1706.28852257,1364.41316962,1363.02138653,8,15,3048,15.3160596983
NEMO,LW,1853,64,6,7,5,5,1,512,1706.28852257,1364.24387573,1362.85209263,10,16,3088.91,15.1700538151
NEMO,LW,1855,64,8,7,5,3,1,512,1706.28852257,1364.24387573,1362.85209263,10,16,3865.37,22.7980373182
NEMO,LW,1851,64,6,7,5,1,5,512,1706.28852257,1364.11851246,1361.95351654,9,16,2713.61,10.0304980119
NEMO,LW,1854,64,8,7,5,1,3,512,1706.28852257,1364.11851246,1361.95351654,9,16,3432.06,24.4221210512
NEMO,LW,1860,64,4,7,5,3,5,512,1705.16240128,1363.49157028,1362.1006287,8,15,2862.08,15.1823681974
NEMO,LW,1861,64,4,7,5,5,3,512,1705.16240128,1363.49157028,1362.1006287,8,15,2875.23,15.1207066094
NEMO,LW,1862,64,4,7,5,7,1,512,1705.16240128,1363.32319643,1361.93225485,10,16,2875.61,15.124636867
NEMO,LW,1859,64,4,7,5,1,7,512,1705.16240128,1363.19713939,1361.03345249,9,16,2549.52,10.0483997396
NEMO,LW,1241,64,10,3,9,1,1,384,1921.31140326,1363.03918057,1358.04378836,5,9,2743.99,39.7289136
NEMO,LW,245,64,6,11,5,1,1,384,2500.86001438,1358.51099407,1357.64524385,5,5,3904.45,21.3786168472
NEMO,LW,645,64,8,9,5,1,1,384,2211.58670667,1357.84086687,1356.97511664,7,7,4140.31,18.8681604098
NEMO,LW,72,64,4,13,5,1,1,384,2783.82276505,1357.83607023,1356.97071092,5,5,3025.6,6.19732225287
NEMO,LW,380,64,2,17,3,1,1,256,2400.77840714,1357.02874751,1356.53217021,9,9,3273.89,9.1227744
NEMO,LW,2005,64,2,3,9,1,9,512,1647.20970168,1355.93922457,1350.54603645,7,17,1414.35,16.78722
NEMO,LW,2006,64,2,3,9,3,7,512,1647.20970168,1355.93922457,1350.54603645,7,17,1927.62,34.8965012596
NEMO,LW,2007,64,2,3,9,5,5,512,1647.20970168,1355.93922457,1350.54603645,7,17,1926.8,34.7992724489
NEMO,LW,2008,64,2,3,9,7,3,512,1647.20970168,1355.93922457,1350.54603645,7,17,1926.8,34.7992724489
NEMO,LW,2009,64,2,3,9,9,1,512,1647.20970168,1355.44611664,1350.35065782,10,18,1926.99,34.7816696013
NEMO,LW,1285,64,10,7,5,1,1,384,1915.07214176,1355.19032203,1354.32457181,7,9,3948.41,14.4404464
NEMO,LW,1868,64,6,9,3,1,5,512,1700.05114508,1349.07049951,1348.14264411,10,16,1821.74,9.91914235714
NEMO,LW,1871,64,8,9,3,1,3,512,1700.05114508,1349.07049951,1348.14264411,10,16,2356.67,15.7787431677
NEMO,LW,1869,64,6,9,3,3,3,512,1700.05114508,1348.75390039,1347.98068756,10,17,1976,15.1876146552
NEMO,LW,1870,64,6,9,3,5,1,512,1700.05114508,1348.59923446,1347.82602163,12,18,1985.49,15.0928344602
NEMO,LW,1872,64,8,9,3,3,1,512,1700.05114508,1348.59923446,1347.82602163,12,18,2474.14,20.4283748836
NEMO,LW,1877,64,4,9,3,1,7,512,1698.87946871,1348.11025512,1347.18296074,10,16,1721.97,9.9587423432
NEMO,LW,1878,64,4,9,3,3,5,512,1698.87946871,1347.79382337,1347.02107805,10,17,1865.17,15.1369877253
NEMO,LW,1879,64,4,9,3,5,3,512,1698.87946871,1347.79382337,1347.02107805,10,17,1870.05,15.0586119742
NEMO,LW,1880,64,4,9,3,7,1,512,1698.87946871,1347.64011677,1346.86737144,12,18,1862.21,15.0601143348
NEMO,LW,1244,64,10,1,11,1,1,384,1920.88928992,1343.61987941,1335.88004556,7,13,162.73,82.784796
NEMO,LW,250,64,6,13,3,1,1,384,2487.88648297,1341.73672376,1341.21727363,7,7,2197.82,6.27151749813
NEMO,LW,657,64,8,11,3,1,1,384,2198.38757231,1341.73672376,1341.21727363,7,7,2771.63,18.5666296104
NEMO,LW,1972,64,2,13,1,3,5,640,1663.2280935,1341.57533765,1341.43954961,12,17,756.7,16.9629147548
NEMO,LW,1973,64,2,13,1,5,3,640,1663.2280935,1341.57533765,1341.43954961,12,17,756.49,16.7252492964
NEMO,LW,1974,64,2,13,1,7,1,640,1663.2280935,1341.26030166,1341.12451361,13,18,756.49,16.7252492964
NEMO,LW,75,64,4,15,3,1,1,384,2771.03869389,1341.02846949,1340.5092539,7,7,2083.63,6.19727321073
NEMO,LW,1895,64,6,11,1,3,3,512,1692.69867541,1340.48300217,1340.32835961,11,17,706.83,15.1827366379
NEMO,LW,1896,64,6,11,1,5,1,512,1692.69867541,1340.34296422,1340.18832165,14,18,708.12,15.1150142241
NEMO,LW,1898,64,8,11,1,3,1,512,1692.69867541,1340.34296422,1340.18832165,14,18,862.65,19.9700585172
NEMO,LW,1971,64,2,13,1,1,7,640,1663.2280935,1340.34267839,1340.0711023,14,19,745.49,11.7967592865
NEMO,LW,1909,64,4,11,1,3,5,512,1691.48218881,1340.21492681,1340.06037775,11,17,667.79,15.129569485
NEMO,LW,1910,64,4,11,1,5,3,512,1691.48218881,1340.21492681,1340.06037775,11,17,672.58,15.0533297854
NEMO,LW,1911,64,4,11,1,7,1,512,1691.48218881,1340.07588744,1339.92133838,14,18,672.58,15.0533297854
NEMO,LW,1894,64,6,11,1,1,5,512,1692.69867541,1339.90100183,1339.5917167,12,17,674.67,13.1156515833
NEMO,LW,1897,64,8,11,1,1,3,512,1692.69867541,1339.76096387,1339.45167874,15,18,939.13,13.684361
NEMO,LW,1908,64,4,11,1,1,7,512,1691.48218881,1339.63339865,1339.32430052,12,17,630.54,9.95620269822
NEMO,LW,1308,64,10,9,3,1,1,384,1903.83135159,1338.41605172,1337.89660159,9,11,2997.21,7.518343
NEMO,LW,282,64,6,15,1,1,1,384,2474.90287523,1324.29981725,1324.1266672,9,9,868.04,8.58824644103
NEMO,LW,668,64,8,13,1,1,1,384,2185.17809759,1324.29981725,1324.1266672,9,9,998.59,8.92672998442
NEMO,LW,81,64,4,17,1,1,1,384,2758.24475502,1323.55861417,1323.38554231,9,9,771.81,6.30509065649
NEMO,LW,1337,64,10,11,1,1,1,384,1890.39006433,1322.14624957,1321.97309952,9,11,1060.64,8.80616066667
NEMO,LW,498,64,2,3,17,1,1,384,2298.89593139,1318.72394588,1313.44905009,5,4,2301.68,39.174542
NEMO,LW,497,64,2,1,19,1,1,384,2298.89593139,1318.72394588,1310.8116022,8,7,754.23,69.836764
NEMO,LW,499,64,2,5,15,1,1,384,2298.89593139,1318.72394588,1314.76777404,4,3,2157.03,6.42825519588
NEMO,LW,500,64,2,7,13,1,1,384,2298.89593139,1316.08649799,1314.76777404,4,3,2445.67,4.66667466667
NEMO,LW,501,64,2,9,11,1,1,384,2298.89593139,1316.08649799,1314.76777404,4,3,2765.65,7.9435016
NEMO,LW,502,64,2,11,9,1,1,384,2298.89593139,1316.08649799,1314.76777404,2,2,2765.65,7.9435016
NEMO,LW,504,64,2,15,5,1,1,384,2298.89593139,1314.37052246,1313.54354188,6,6,2765.65,7.9435016
NEMO,LW,505,64,2,17,3,1,1,384,2298.89593139,1312.10580779,1311.60961944,9,9,2765.65,7.9435016
NEMO,LW,1580,64,4,1,9,1,9,256,1770.52625147,1311.74608209,1304.27992664,7,19,808.96,18.586984
NEMO,LW,1581,64,4,1,9,3,7,256,1770.52625147,1311.74608209,1304.27992664,7,19,808.96,18.586984
NEMO,LW,1582,64,4,1,9,5,5,256,1770.52625147,1311.74608209,1304.27992664,7,19,808.96,18.586984
NEMO,LW,1583,64,4,1,9,7,3,256,1770.52625147,1311.74608209,1304.27992664,7,19,808.96,18.586984
NEMO,LW,1585,64,6,1,9,3,5,256,1770.52625147,1311.74608209,1304.27992664,7,19,484.91,74.327206
NEMO,LW,1586,64,6,1,9,5,3,256,1770.52625147,1311.74608209,1304.27992664,7,19,484.91,74.327206
NEMO,LW,1588,64,8,1,9,1,5,256,1770.52625147,1311.74608209,1304.27992664,7,19,2221.35,42.775003
NEMO,LW,1589,64,8,1,9,3,3,256,1770.52625147,1311.74608209,1304.27992664,7,19,2221.35,42.775003
NEMO,LW,1591,64,10,1,9,1,3,256,1770.52625147,1311.74608209,1304.27992664,7,19,1435.13,50.0987093333
NEMO,LW,1584,64,4,1,9,9,1,256,1770.52625147,1311.41889353,1304.23467708,11,18,808.96,18.586984
NEMO,LW,1587,64,6,1,9,7,1,256,1770.52625147,1311.41889353,1304.23467708,11,18,483.05,74.327206
NEMO,LW,1590,64,8,1,9,5,1,256,1770.52625147,1311.41889353,1304.23467708,11,18,2194.44,42.775003
NEMO,LW,1592,64,10,1,9,3,1,256,1770.52625147,1311.41889353,1304.23467708,11,18,1419.48,50.0987093333
NEMO,LW,1427,32,10,3,9,1,1,640,1846.28187939,1308.86059978,1304.10647915,10,12,2025.6,68.9898912
NEMO,LW,1444,32,10,1,11,1,1,640,1837.9885782,1299.95806496,1291.77240575,8,11,79.61,89.073892
NEMO,LW,1671,64,2,1,13,1,7,640,1752.26422236,1295.82534455,1286.32018117,8,20,395.52,46.778796
NEMO,LW,1672,64,2,1,13,3,5,640,1752.26422236,1295.82534455,1286.32018117,8,20,395.52,46.778796
NEMO,LW,1673,64,2,1,13,5,3,640,1752.26422236,1295.82534455,1286.32018117,8,20,395.52,46.778796
NEMO,LW,1674,64,2,1,13,7,1,640,1752.26422236,1293.69406036,1286.42307615,13,21,395.52,46.778796
NEMO,LW,503,64,2,13,7,1,1,384,2298.89593139,1278.7523211,1277.59454829,3,3,2765.65,7.9435016
NEMO,LW,1819,64,4,1,11,1,7,512,1714.04816427,1273.32974338,1264.67499576,8,21,1280.35,22.609338
NEMO,LW,1820,64,4,1,11,3,5,512,1714.04816427,1273.32974338,1264.67499576,8,21,1280.35,22.609338
NEMO,LW,1821,64,4,1,11,5,3,512,1714.04816427,1273.32974338,1264.67499576,8,21,1280.35,22.609338
NEMO,LW,1802,64,6,1,11,1,5,512,1715.03105578,1273.01760179,1264.3576181,8,21,969.65,43.056834
NEMO,LW,1803,64,6,1,11,3,3,512,1715.03105578,1273.01760179,1264.3576181,8,21,1390.11,43.1322186667
NEMO,LW,1805,64,8,1,11,1,3,512,1715.03105578,1273.01760179,1264.3576181,8,21,1405.27,42.9691186667
NEMO,LW,1822,64,4,1,11,7,1,512,1714.04816427,1272.18665269,1264.6318365,13,22,1262.37,22.609338
NEMO,LW,1804,64,6,1,11,5,1,512,1715.03105578,1271.87021004,1264.31371083,13,22,1385.05,43.1322186667
NEMO,LW,1806,64,8,1,11,3,1,512,1715.03105578,1271.87021004,1264.31371083,13,22,1392.29,42.9691186667
NEMO,LW,1928,64,2,1,11,1,9,512,1689.12140571,1270.94330437,1262.31420337,8,21,1380.37,48.123837
NEMO,LW,1929,64,2,1,11,3,7,512,1689.12140571,1270.94330437,1262.31420337,8,21,1380.37,48.123837
NEMO,LW,1930,64,2,1,11,5,5,512,1689.12140571,1270.94330437,1262.31420337,8,21,1380.37,48.123837
NEMO,LW,1931,64,2,1,11,7,3,512,1689.12140571,1270.94330437,1262.31420337,8,21,1380.37,48.123837
NEMO,LW,506,64,2,19,1,1,1,384,2298.89593139,1270.26439665,1270.09900053,11,11,1007.31,7.9638016
NEMO,LW,1932,64,2,1,11,9,1,512,1689.12140571,1269.65966232,1262.24238427,13,22,1374.75,32.816152
NEMO,LW,226,64,4,1,17,1,1,512,2527.65664302,1193.2332561,1184.88062331,8,7,1262.37,22.609338
NEMO,LW,227,64,4,3,15,1,1,512,2527.65664302,1193.2332561,1187.26708982,6,5,1924.83,21.484024
NEMO,LW,228,64,4,5,13,1,1,512,2527.65664302,1193.2332561,1189.65355633,4,3,1624.81,3.17507
NEMO,LW,515,64,6,1,15,1,1,512,2286.58393373,1193.2332561,1184.88062331,8,7,954.15,43.056834
NEMO,LW,527,64,6,3,13,1,1,512,2278.92039852,1193.2332561,1187.26708982,6,5,1851.84,24.410124
NEMO,LW,537,64,6,5,11,1,1,512,2266.28280065,1193.2332561,1189.65355633,4,3,3024.3,35.9486033333
NEMO,LW,1023,64,8,3,11,1,1,512,2000.37787101,1192.74640765,1186.89097666,6,7,2014.92,17.998524
NEMO,LW,1036,64,8,5,9,1,1,512,1996.56161107,1192.74640765,1189.27744318,4,5,2123.33,14.3502773333
NEMO,LW,239,64,4,9,9,1,1,512,2504.79028195,1190.84678959,1189.65355633,4,3,3213.49,9.95425447337
NEMO,LW,247,64,4,11,7,1,1,512,2492.30920401,1190.62400998,1189.54216653,3,3,3112.5,9.95314885207
NEMO,LW,578,64,6,9,7,1,1,512,2240.97558023,1190.35994114,1189.27744318,5,5,3348.17,13.0833761306
NEMO,LW,235,64,4,7,11,1,1,512,2517.26088631,1189.65355633,1188.46032308,5,4,3228.23,10.0486725207
NEMO,LW,616,64,6,11,5,1,1,512,2228.30593063,1189.60869363,1188.8354808,5,5,2683.76,13.0842814718
NEMO,LW,258,64,4,13,5,1,1,512,2479.81763929,1189.60648419,1188.83373887,5,5,2562.44,9.95250506509
NEMO,LW,562,64,6,7,9,1,1,512,2253.63453239,1189.54282104,1188.34958778,6,5,3557.27,10.1336268724
NEMO,LW,1020,64,8,1,13,1,1,512,2000.81430673,1189.0921429,1180.8502454,8,11,1392.29,42.9691186667
NEMO,LW,1113,64,8,9,5,1,1,512,1970.7964805,1189.03403063,1188.2608178,7,7,3213.64,15.7787431677
NEMO,LW,1084,64,8,7,7,1,1,512,1983.68453338,1188.74668745,1187.66418949,7,7,4080.8,24.4221210512
NEMO,LW,1841,64,10,5,7,1,1,512,1711.13664939,1188.18720826,1185.40364208,5,9,2145.09,13.5141106667
NEMO,LW,642,64,6,13,3,1,1,512,2215.62557002,1187.94424205,1187.48031435,7,7,1795.64,13.0842859228
NEMO,LW,1137,64,8,11,3,1,1,512,1957.89743841,1187.94424205,1187.48031435,7,7,2236.33,18.9646173913
NEMO,LW,301,64,4,15,3,1,1,512,2467.31557457,1187.94142767,1187.47778047,7,7,1723.01,9.95270772781
NEMO,LW,1817,64,10,3,9,1,1,512,1714.22347063,1184.42220822,1179.25217552,6,11,1489.17,11.39267
NEMO,LW,1856,64,10,7,5,1,1,512,1706.28852257,1184.22813673,1183.4549239,9,11,2148.93,14.2246373333
NEMO,LW,1888,64,10,9,3,1,1,512,1695.70432093,1183.98048678,1183.51655909,9,11,2374.23,4.946624
NEMO,LW,649,64,6,15,1,1,1,512,2202.9344848,1178.41424883,1178.25960627,9,9,666.3,13.115647119
NEMO,LW,1152,64,8,13,1,1,1,512,1944.98739303,1178.41424883,1178.25960627,9,9,939.13,13.684361
NEMO,LW,315,64,4,17,1,1,1,512,2454.80299661,1177.53452622,1177.37997716,9,9,630.54,9.95620269822
NEMO,LW,1946,64,10,11,1,1,1,512,1682.56959952,1175.32034863,1175.16570606,9,11,944,19.3305428571
NEMO,LW,1807,64,10,1,11,1,1,512,1715.03105578,1167.49905041,1159.9425512,8,15,1262.37,22.609338
NEMO,LW,742,64,2,5,15,1,1,512,2142.0961947,1160.90961061,1157.42688178,4,3,2213.51,15.579601
NEMO,LW,740,64,2,1,19,1,1,512,2142.0961947,1160.90961061,1152.78324334,8,7,1374.75,32.816152
NEMO,LW,741,64,2,3,17,1,1,512,2142.0961947,1160.90961061,1155.10506256,6,5,1397.57,16.78722
NEMO,LW,744,64,2,9,11,1,1,512,2142.0961947,1158.58779139,1157.42688178,4,3,2081.05,11.312485078
NEMO,LW,745,64,2,11,9,1,1,512,2142.0961947,1158.58779139,1157.42688178,2,2,2081.05,11.312485078
NEMO,LW,746,64,2,13,7,1,1,512,2142.0961947,1158.42324742,1157.34460979,3,3,2081.05,11.312485078
NEMO,LW,743,64,2,7,13,1,1,512,2142.0961947,1157.42688178,1156.26597217,5,4,1815.61,12.8011190846
NEMO,LW,748,64,2,17,3,1,1,512,2142.0961947,1155.55072991,1155.08845664,8,8,2081.05,11.312485078
NEMO,LW,747,64,2,15,5,1,1,512,2142.0961947,1137.7397257,1136.96927025,5,5,2081.05,11.312485078
NEMO,LW,749,64,2,19,1,1,1,512,2142.0961947,1134.84555708,1134.69146599,10,10,816.96,13.1985668242
NEMO,LW,563,64,4,5,13,1,1,640,2251.19435842,1073.90957364,1069.61393535,5,4,2470.29,30.2785408
NEMO,LW,554,64,4,3,15,1,1,640,2255.74945989,1073.90957364,1068.54002578,6,5,1733.63,20.8360506667
NEMO,LW,996,64,6,3,13,1,1,640,2022.39450818,1073.90957364,1068.54002578,6,5,2016.81,42.0445032
NEMO,LW,1002,64,6,5,11,1,1,640,2017.79742821,1073.78830505,1069.49266675,5,5,1428.23,3.824656
NEMO,LW,1579,64,8,3,11,1,1,640,1771.41319226,1073.40967629,1068.16139701,6,7,2089.49,27.106612
NEMO,LW,1552,64,8,5,9,1,1,640,1776.44887957,1072.75886439,1068.84185486,5,7,1956.23,11.119784
NEMO,LW,567,64,4,7,11,1,1,640,2246.63775122,1071.7617545,1069.61393535,5,4,2979.44,9.31834390698
NEMO,LW,574,64,4,9,9,1,1,640,2242.07963754,1071.7617545,1070.68784492,4,3,2910.92,13.9436811163
NEMO,LW,1005,64,6,7,9,1,1,640,2013.1988275,1071.6404859,1069.49266675,5,5,3217.22,14.9871120114
NEMO,LW,591,64,4,11,7,1,1,640,2237.52001664,1071.51820344,1070.56606939,3,3,2814.49,13.9431869302
NEMO,LW,1006,64,6,9,7,1,1,640,2008.5987053,1071.26185714,1070.30921616,5,5,3261.78,9.7229142906
NEMO,LW,1558,64,8,7,7,1,1,640,1774.49423465,1070.61104524,1068.84185486,6,7,3321.15,12.9391163793
NEMO,LW,1014,64,6,11,5,1,1,640,2003.99706085,1070.5882881,1069.90783026,5,5,2612.02,9.61160374929
NEMO,LW,601,64,4,13,5,1,1,640,2232.95888777,1070.58656124,1069.90646549,5,5,2325.29,13.9435694884
NEMO,LW,1605,64,8,9,5,1,1,640,1769.81478905,1070.0587448,1069.37828696,7,7,2774.77,9.78925258621
NEMO,LW,1027,64,6,13,3,1,1,640,1999.3938934,1069.10241373,1068.69413903,7,7,1703.52,9.60310488889
NEMO,LW,1624,64,8,11,3,1,1,640,1765.13378164,1069.10241373,1068.69413903,7,7,1817.82,9.73668304598
NEMO,LW,615,64,4,15,3,1,1,640,2228.39625017,1069.10018192,1068.69212447,7,7,1578.74,13.9431023372
NEMO,LW,1044,64,6,15,1,1,1,640,1994.78920219,1063.40840587,1063.2723143,9,9,619.84,10.7431404713
NEMO,LW,1650,64,8,13,1,1,1,640,1760.45121166,1063.40840587,1063.2723143,9,9,659.64,10.7849621272
NEMO,LW,623,64,4,17,1,1,1,640,2223.8321031,1062.69089028,1062.55487113,9,9,612.5,9.84357411765
NEMO,LW,955,64,2,1,19,1,1,640,2035.30389817,1053.41131307,1046.03743388,8,7,395.52,46.778796
NEMO,LW,956,64,2,3,17,1,1,640,2035.30389817,1053.41131307,1048.1442565,6,5,1823.41,13.546384
NEMO,LW,957,64,2,5,15,1,1,640,2035.30389817,1053.41131307,1049.19766782,5,4,1892.31,20.4961064
NEMO,LW,959,64,2,9,11,1,1,640,2035.30389817,1051.30449044,1050.25107913,4,3,1789.6,11.7661923275
NEMO,LW,958,64,2,7,13,1,1,640,2035.30389817,1051.30449044,1049.19766782,5,4,1768.18,10.1451145497
NEMO,LW,960,64,2,11,9,1,1,640,2035.30389817,1051.30449044,1050.25107913,2,2,1789.6,11.7661923275
NEMO,LW,961,64,2,13,7,1,1,640,2035.30389817,1051.09870049,1050.14818415,3,3,1789.6,11.7661923275
NEMO,LW,964,64,2,19,1,1,1,640,2035.30389817,1046.49732699,1046.36153894,10,10,745.49,11.7967592865
NEMO,LW,962,64,2,15,5,1,1,640,2035.30389817,1045.53115031,1044.85221007,5,5,1789.6,11.7661923275
NEMO,LW,963,64,2,17,3,1,1,640,2035.30389817,1019.18106935,1018.77370521,7,7,1789.6,11.7661923275
