model,dataset,candidate_rank,selection_sources,batchsize,Num M,Num Mp,Num Md,Num Ap,Num Ad,NoI_bw(GBps),static_mapper_throughput,static_mapper_ttft_s,estimated_throughput,estimated_prefill_service_s,throughput_per_prefill_s,stage_balance,prefill_pressure,bandwidth_pressure
LLAMA3,ARXIV,1,bstar+mt,8,6,0,0,11,7,256,396.255717485,3.521899698,472.245135472,5.03128528286,93.8617289464,0.983537269664,1.01673828826,1.85158635394
LLAMA3,ARXIV,2,mt,8,6,0,0,11,7,384,443.360577609,3.872362899,429.505199637,5.53194699857,77.640873954,0.835017083309,1.19758028906,2.38854193099
LLAMA3,ARXIV,3,mt,8,7,0,0,11,6,384,420.054385173,3.872362899,429.505199637,5.53194699857,77.640873954,0.71572892855,1.3971770039,1.82538953404
LLAMA3,ARXIV,4,mt,8,8,0,0,11,5,384,399.076100532,3.872362899,429.505199637,5.53194699857,77.640873954,0.752497726944,1.32890766868,1.4585082666
LLAMA3,ARXIV,5,mt,8,9,0,0,11,4,384,380.093533926,3.872362899,429.505199637,5.53194699857,77.640873954,0.859997402222,1.16279421009,1.20398007541
LLAMA3,ARXIV,6,bstar+mt,8,5,0,0,11,8,256,428.639134278,3.521899698,428.639134278,5.03128528286,85.1947584326,0.907662360249,0.907662360249,2.50194671475
LLAMA3,ARXIV,7,mt,8,5,0,0,11,8,384,428.639134278,3.872362899,428.639134278,5.53194699857,77.484316894,0.997983574218,0.997983574218,3.30174505288
LLAMA3,ARXIV,8,bstar+mt,4,6,0,0,11,7,384,347.475908458,1.936181445,400.604110999,2.76597349286,144.832953763,0.932710734136,0.932710734136,1.73798852107
LLAMA3,ARXIV,9,mt,8,7,0,0,11,6,256,366.046779325,3.521899698,400.1247589,5.03128528286,79.5273446853,0.847281906885,0.847281906885,1.49063102884
LLAMA3,ARXIV,10,bstar+mt,4,5,0,0,11,8,384,378.563413468,1.936181445,398.022053258,2.76597349286,143.899445995,0.926699031048,0.926699031048,2.32068123907
LLAMA3,ARXIV,11,bstar+mt,4,5,0,0,11,8,512,347.86995921,2.212778796,375.817050264,3.16111256571,118.887588611,0.944211626435,1.05908460773,2.18549206414
LLAMA3,ARXIV,12,bstar+mt,4,6,0,0,11,7,512,344.42989864,2.212778796,375.817050264,3.16111256571,118.887588611,0.786843022029,1.27090152928,1.79270727895
LLAMA3,ARXIV,13,bstar+mt,4,7,0,0,11,6,512,321.388768264,2.212778796,375.817050264,3.16111256571,118.887588611,0.938706808541,1.06529535197,1.39291134525
LLAMA3,ARXIV,14,mt,8,5,0,0,11,8,512,421.926611843,4.425557598,375.817049755,6.32222514,59.4437941441,0.876767937644,1.14055265603,3.17538221745
LLAMA3,ARXIV,15,mt,8,6,0,0,11,7,512,416.486572377,4.425557598,375.817049755,6.32222514,59.4437941441,0.730639948037,1.36866318723,2.53601814612
LLAMA3,ARXIV,16,mt,8,7,0,0,11,6,512,398.609066948,4.425557598,375.817049755,6.32222514,59.4437941441,0.626262812603,1.59677371844,1.91581866838
LLAMA3,ARXIV,17,mt,8,8,0,0,11,5,512,382.203162034,4.425557598,375.817049755,6.32222514,59.4437941441,0.566582629799,1.76496762768,1.51514685286
LLAMA3,ARXIV,18,mt,8,9,0,0,11,4,512,367.094336667,4.425557598,375.817049755,6.32222514,59.4437941441,0.647523005484,1.54434667422,1.23933421456
LLAMA3,ARXIV,19,mt,8,10,0,0,11,3,512,328.175180677,4.425557598,375.817049755,6.32222514,59.4437941441,0.890344132541,1.12316121761,0.930759841027
LLAMA3,ARXIV,20,mt,8,10,0,0,11,3,384,332.627913805,3.872362899,363.219024977,5.53194699857,65.6584426912,0.845668516433,0.845668516433,1.03202996072
LLAMA3,ARXIV,21,mt,4,5,0,0,8,11,256,310.214284585,2.347933124,354.183852811,3.35419017714,105.594445784,0.889859870605,1.12377244219,1.89708266952
LLAMA3,ARXIV,22,mt,8,8,0,0,8,8,256,355.941783684,4.695866264,354.183851604,6.70838037714,52.7972225324,0.605199058931,1.65234890115,1.63074748432
LLAMA3,ARXIV,23,mt,8,9,0,0,8,7,256,331.376382898,4.695866264,354.183851604,6.70838037714,52.7972225324,0.737652952248,1.35565105102,1.5206803192
LLAMA3,ARXIV,24,mt,8,10,0,0,8,6,256,309.982848192,4.695866264,354.183851604,6.70838037714,52.7972225324,0.885183542697,1.12970920918,1.47302629622
LLAMA3,ARXIV,25,mt,8,5,0,0,16,3,640,360.31142967,3.226969088,352.802162042,4.60995584,76.5304862535,0.684512789256,0.684512789256,2.0254996133
LLAMA3,ARXIV,26,bstar+mt,4,5,0,0,11,8,640,327.92627078,2.420226816,343.604159124,3.45746688,99.3803183224,0.863279198503,1.15837379348,2.10430334509
LLAMA3,ARXIV,27,bstar+mt,4,6,0,0,11,7,640,324.862098275,2.420226816,343.604159124,3.45746688,99.3803183224,0.719399332086,1.39004855217,1.72501115699
LLAMA3,ARXIV,28,bstar+mt,4,7,0,0,11,6,640,304.281595663,2.420226816,343.604159124,3.45746688,99.3803183224,0.858461661967,1.16487438438,1.33492215958
LLAMA3,ARXIV,29,mt,8,6,0,0,11,7,640,386.575140733,4.840453632,343.604159124,6.91493376,49.6901591612,0.668013665508,1.49697536388,2.43672569437
LLAMA3,ARXIV,30,mt,8,7,0,0,11,6,640,370.818448211,4.840453632,343.604159124,6.91493376,49.6901591612,0.572583141864,1.74647125786,1.83594887677
LLAMA3,ARXIV,31,mt,8,8,0,0,11,5,640,356.295927777,4.840453632,343.604159124,6.91493376,49.6901591612,0.52875715009,1.89122738072,1.44853455031
LLAMA3,ARXIV,32,mt,8,9,0,0,11,4,640,342.868041014,4.840453632,343.604159124,6.91493376,49.6901591612,0.604293885817,1.65482395813,1.18230578903
LLAMA3,ARXIV,33,mt,8,10,0,0,11,3,640,308.04027856,4.840453632,343.604159124,6.91493376,49.6901591612,0.830904092999,1.20350833318,0.883184207177
LLAMA3,ARXIV,34,bstar+mt,4,8,0,0,11,5,512,301.237083026,2.212778796,343.162420146,3.16111256571,108.557481903,0.913110301688,0.913110301688,1.12898811844
LLAMA3,ARXIV,35,bstar+mt,4,8,0,0,11,5,640,286.153350455,2.420226816,343.076299998,3.45746688,99.2276461077,0.998463758043,0.998463758043,1.07827011955
LLAMA3,ARXIV,36,mt,8,11,0,0,8,5,256,291.184111423,4.695866264,342.964079057,6.70838037714,51.1247215834,0.968322179297,0.968322179297,1.46612520687
LLAMA3,ARXIV,37,mt,8,4,0,0,8,12,256,342.911307423,4.695866264,342.911307423,6.70838037714,51.1168550595,0.968173184266,0.968173184266,3.36656547747
LLAMA3,ARXIV,38,mt,8,4,0,0,11,9,384,342.911307423,3.872362899,342.911307423,5.53194699857,61.9874535152,0.798386859374,0.798386859374,3.4389509255
LLAMA3,ARXIV,39,mt,8,4,0,0,11,9,512,342.911307423,4.425557598,342.911307423,6.32222514,54.2390218363,0.912442124822,0.912442124822,3.28158227416
LLAMA3,ARXIV,40,mt,8,4,0,0,11,9,640,342.911307423,4.840453632,342.911307423,6.91493376,49.5899627277,0.997983575919,0.997983575919,3.18695998923
LLAMA3,ARXIV,41,bstar+mt,4,7,0,0,11,6,384,319.742123004,1.936181445,333.836759166,2.76597349286,120.694128135,0.777258945114,0.777258945114,1.36988453915
LLAMA3,ARXIV,42,mt,2,5,0,0,8,11,384,271.096885849,1.290787624,322.128901973,1.84398232,174.691968833,0.976485446997,1.02408080231,1.87215735844
LLAMA3,ARXIV,43,mt,4,8,0,0,8,8,384,315.304719414,2.58157526,322.128900476,3.68796465714,87.3459836043,0.643286260188,1.55451789023,1.29214580023
LLAMA3,ARXIV,44,mt,4,9,0,0,8,7,384,292.29867685,2.58157526,322.128900476,3.68796465714,87.3459836043,0.804107825235,1.24361431218,1.00878415259
LLAMA3,ARXIV,45,bstar+mt,4,10,0,0,8,6,384,272.421579942,2.58157526,322.128900476,3.68796465714,87.3459836043,0.964929390282,1.03634526015,0.919678350555
LLAMA3,ARXIV,46,mt,8,11,0,0,8,5,384,327.971165677,5.163150532,322.128899727,7.37592933143,43.6729915991,0.564373295208,1.77187689157,1.2518678495
LLAMA3,ARXIV,47,mt,8,12,0,0,8,4,384,315.04078888,5.163150532,322.128899727,7.37592933143,43.6729915991,0.644998051666,1.55039228013,1.24782487678
LLAMA3,ARXIV,48,mt,8,13,0,0,8,3,384,281.720056484,5.163150532,322.128899727,7.37592933143,43.6729915991,0.886872321041,1.12755802191,1.13557710556
LLAMA3,ARXIV,49,mt,4,4,0,0,8,12,256,310.214284585,2.347933124,318.417642607,3.35419017714,94.9313025769,0.899017953755,0.899017953755,2.37135333691
LLAMA3,ARXIV,50,mt,4,4,0,0,8,12,384,315.345336518,2.58157526,318.417642607,3.68796465714,86.3396675969,0.988478966452,0.988478966452,2.58493525594
LLAMA3,ARXIV,51,bstar+mt,4,4,0,0,11,9,512,313.123074394,2.212778796,318.417642607,3.16111256571,100.729612118,0.847267686186,0.847267686186,2.36000640856
LLAMA3,ARXIV,52,bstar+mt,4,4,0,0,11,9,640,296.871482851,2.420226816,318.417642607,3.45746688,92.0956450657,0.926699034782,0.926699034782,2.25865565734
LLAMA3,ARXIV,53,mt,4,6,0,0,8,10,256,274.777159032,2.347933124,300.672664886,3.35419017714,89.6409115186,0.848916918431,0.848916918431,1.3710641415
LLAMA3,ARXIV,54,bstar+mt,4,7,0,0,8,9,256,274.777159032,2.347933124,300.672664886,3.35419017714,89.6409115186,0.848916918431,0.848916918431,1.20503684311
LLAMA3,ARXIV,55,bstar+mt,4,8,0,0,8,8,256,274.777159032,2.347933124,300.672664886,3.35419017714,89.6409115186,0.848916918431,0.848916918431,1.20503684311
LLAMA3,ARXIV,56,bstar+mt,4,9,0,0,11,4,512,283.463390871,2.212778796,300.267117628,3.16111256571,94.9877966652,0.798971513977,0.798971513977,0.943672121735
LLAMA3,ARXIV,57,bstar+mt,4,9,0,0,11,4,640,270.063710976,2.420226816,300.191762498,3.45746688,86.8241903442,0.873655788287,0.873655788287,0.898604481769
LLAMA3,ARXIV,58,mt,8,12,0,0,8,4,256,274.535084494,4.695866264,300.093569175,6.70838037714,44.7341313855,0.847281906885,0.847281906885,1.49063102884
LLAMA3,ARXIV,59,mt,8,11,0,0,11,2,512,278.894718847,4.425557598,290.195905452,6.32222514,45.9009128947,0.77217333711,0.77217333711,0.706265800875
LLAMA3,ARXIV,60,mt,4,11,0,0,8,5,384,255.075742758,2.58157526,286.145793571,3.68796465714,77.5890823728,0.888295937273,0.888295937273,0.918415683124
LLAMA3,ARXIV,61,mt,8,11,0,0,11,2,640,263.440749711,4.840453632,284.302197315,6.91493376,41.1142329315,0.827411979063,0.827411979063,0.665856095197
LLAMA3,ARXIV,62,mt,4,9,0,0,7,8,256,241.931209822,2.934916405,283.347082248,4.19273772143,67.580445302,0.94237726052,1.06114614804,1.14633202787
LLAMA3,ARXIV,63,mt,8,13,0,0,7,4,256,241.743529987,5.86983283,283.347081283,8.38547547143,33.7902224207,0.944195778877,1.05910238361,1.4500850325
LLAMA3,ARXIV,64,mt,2,5,0,0,8,11,512,250.041514468,1.47518586,281.862788462,2.10740837143,133.748537912,0.854527925586,1.17023677057,1.7564252541
LLAMA3,ARXIV,65,mt,2,6,0,0,8,10,512,241.200296878,1.47518586,281.862788462,2.10740837143,133.748537912,0.937167840261,1.06704472458,1.39409119043
LLAMA3,ARXIV,66,bstar+mt,2,7,0,0,8,9,512,241.200296878,1.47518586,281.862788462,2.10740837143,133.748537912,0.937167840261,1.06704472458,1.19493530608
LLAMA3,ARXIV,67,bstar+mt,2,8,0,0,8,8,512,241.200296878,1.47518586,281.862788462,2.10740837143,133.748537912,0.937167840261,1.06704472458,1.04556839282
LLAMA3,ARXIV,68,mt,4,10,0,0,8,6,512,267.926572762,2.950371728,281.862787698,4.21481675429,66.8742685934,0.704030106406,1.42039380263,0.857011488371
LLAMA3,ARXIV,69,mt,4,11,0,0,8,5,512,253.774007414,2.950371728,281.862787698,4.21481675429,66.8742685934,0.821368457473,1.21748040225,0.713785492226
LLAMA3,ARXIV,70,mt,4,12,0,0,8,4,512,241.041576198,2.950371728,281.862787698,4.21481675429,66.8742685934,0.938706808541,1.06529535197,0.714139117438
LLAMA3,ARXIV,71,mt,8,12,0,0,8,4,512,298.956800211,5.900743464,281.862787316,8.42963352,33.437134206,0.485642254113,2.05912889896,0.982231250877
LLAMA3,ARXIV,72,mt,8,13,0,0,8,3,512,272.626461864,5.900743464,281.862787316,8.42963352,33.437134206,0.667758099405,1.49754829015,0.874819441216
LLAMA3,ARXIV,73,mt,8,14,0,0,8,2,512,237.730045752,5.900743464,281.862787316,8.42963352,33.437134206,0.971284508226,1.02956444948,0.781987955575
LLAMA3,ARXIV,74,mt,2,6,0,0,7,11,384,237.414005595,1.61348453,257.703121579,2.3049779,111.802860053,0.770917599687,1.29715549419,1.4164904079
LLAMA3,ARXIV,75,mt,4,12,0,0,7,5,384,224.031152544,3.226969075,257.703120381,4.60995582143,55.9014295068,0.900600764264,1.11036992159,0.889569561424
LLAMA3,ARXIV,76,mt,8,14,0,0,7,3,384,244.326505426,6.453938165,257.703119782,9.21991166429,27.9507146235,0.709497856833,1.40944752739,1.13171053877
LLAMA3,ARXIV,77,mt,2,5,0,0,8,11,640,236.277144753,1.613484544,257.703119343,2.30497792,111.802858113,0.781363073534,1.27981476713,1.68695714135
LLAMA3,ARXIV,78,mt,2,6,0,0,8,10,640,228.364415778,1.613484544,257.703119343,2.30497792,111.802858113,0.856946367625,1.16693417205,1.33619228233
LLAMA3,ARXIV,79,mt,2,7,0,0,8,9,640,228.364415778,1.613484544,257.703119343,2.30497792,111.802858113,0.856946367625,1.16693417205,1.14530767057
LLAMA3,ARXIV,80,bstar+mt,2,8,0,0,8,8,640,228.364415778,1.613484544,257.703119343,2.30497792,111.802858113,0.856946367625,1.16693417205,1.00214421175
LLAMA3,ARXIV,81,mt,4,10,0,0,8,6,640,252.174663126,3.226969088,257.703119343,4.60995584,55.9014290564,0.643846246475,1.55316584584,0.826535611892
LLAMA3,ARXIV,82,mt,4,11,0,0,8,5,640,239.595235699,3.226969088,257.703119343,4.60995584,55.9014290564,0.751153954221,1.33128501072,0.686096541661
LLAMA3,ARXIV,83,mt,4,12,0,0,8,4,640,228.211196747,3.226969088,257.703119343,4.60995584,55.9014290564,0.858461661967,1.16487438438,0.584028444816
LLAMA3,ARXIV,84,mt,8,12,0,0,8,4,640,278.113836158,6.453938176,257.703119343,9.21991168,27.9507145282,0.453220414363,2.20643194417,0.803227633585
LLAMA3,ARXIV,85,mt,8,13,0,0,8,3,640,254.750803398,6.453938176,257.703119343,9.21991168,27.9507145282,0.623178069749,1.60467777758,0.667314338651
LLAMA3,ARXIV,86,mt,8,14,0,0,8,2,640,223.463889585,6.453938176,257.703119343,9.21991168,27.9507145282,0.906440828726,1.10321597208,0.59272467646
LLAMA3,ARXIV,87,mt,8,3,0,0,7,14,256,257.183480567,5.873286365,257.183480567,8.39040909286,30.6520787867,0.908196386314,0.908196386314,3.87982720666
LLAMA3,ARXIV,88,mt,8,3,0,0,7,14,384,257.183480567,6.4573917,257.183480567,9.22484528571,27.8794356546,0.998517600283,0.998517600283,3.7798411874
LLAMA3,ARXIV,89,mt,8,3,0,0,8,13,512,257.183480567,5.900743464,257.183480567,8.42963352,30.5094497829,0.912442124822,0.912442124822,3.87358711468
LLAMA3,ARXIV,90,mt,8,3,0,0,8,13,640,257.183480567,6.453938176,257.183480567,9.21991168,27.8943540343,0.997983575919,0.997983575919,3.77902726305
LLAMA3,ARXIV,91,mt,2,4,0,0,7,13,384,212.304064092,1.61348453,250.7621288,2.3049779,108.791554487,0.973065934412,0.973065934412,1.82497156418
LLAMA3,ARXIV,92,bstar+mt,2,4,0,0,8,12,512,223.334807806,1.47518586,250.73911623,2.10740837143,118.979842554,0.88957864072,0.88957864072,1.91160227836
LLAMA3,ARXIV,93,bstar+mt,2,4,0,0,8,12,640,212.288784377,1.613484544,250.719502292,2.30497792,108.773060304,0.972900533495,0.972900533495,1.82481856209
LLAMA3,ARXIV,94,mt,2,7,0,0,7,10,384,212.285653362,1.61348453,250.710765019,2.3049779,108.769270638,0.972866620641,0.972866620641,1.04273554886
LLAMA3,ARXIV,95,mt,2,8,0,0,7,9,384,212.285653362,1.61348453,250.710765019,2.3049779,108.769270638,0.972866620641,0.972866620641,0.912393605249
LLAMA3,ARXIV,96,mt,2,9,0,0,7,8,384,212.285653362,1.61348453,250.710765019,2.3049779,108.769270638,0.972866620641,0.972866620641,0.811016537999
LLAMA3,ARXIV,97,mt,4,13,0,0,7,4,384,212.166117104,3.226969075,250.377569375,4.60995582143,54.312357661,0.971573681392,0.971573681392,0.906614996974
LLAMA3,ARXIV,98,mt,8,15,0,0,7,2,384,211.927179363,6.453938165,249.713079671,9.21991166429,27.0841076101,0.968995175079,0.968995175079,1.02759038009
LLAMA3,ARXIV,99,bstar+mt,2,9,0,0,8,7,512,219.223950868,1.47518586,240.608161188,2.10740837143,114.17253744,0.853635779667,0.853635779667,0.833440218611
LLAMA3,ARXIV,100,bstar+mt,2,9,0,0,8,7,640,208.566604386,1.613484544,240.578060965,2.30497792,104.373260532,0.933547337644,0.933547337644,0.794852950433
LLAMA3,ARXIV,101,mt,4,10,0,0,7,7,256,219.821727225,2.934916405,240.538131909,4.19273772143,57.3701833719,0.848916918431,0.848916918431,1.10174797084
LLAMA3,ARXIV,102,mt,4,3,0,0,7,14,256,238.813231955,2.936643165,238.813231955,4.19520452143,56.9252895146,0.843325210838,0.843325210838,2.68477094268
LLAMA3,ARXIV,103,mt,4,3,0,0,7,14,384,238.813231955,3.228695835,238.813231955,4.61242262143,51.7760950277,0.927194910241,0.927194910241,2.57740682741
LLAMA3,ARXIV,104,mt,4,3,0,0,8,13,512,238.813231955,2.950371728,238.813231955,4.21481675429,56.6604068166,0.847267686186,0.847267686186,2.67895152412
LLAMA3,ARXIV,105,mt,4,3,0,0,8,13,640,238.813231955,3.226969088,238.813231955,4.60995584,51.8038003494,0.926699034782,0.926699034782,2.57761784997
LLAMA3,ARXIV,106,mt,4,11,0,0,6,7,256,198.285444588,3.521899686,236.12256854,5.03128526571,46.930864793,0.981642979709,1.01870030212,1.07954350338
LLAMA3,ARXIV,107,mt,8,14,0,0,6,4,256,215.949650986,7.043799396,236.122567736,10.0625705657,23.4654322366,0.786829815731,1.27092286033,1.46598440317
LLAMA3,ARXIV,108,mt,2,10,0,0,7,7,512,192.960237502,1.843982325,225.49023077,2.63426046429,85.5990642638,0.937167840261,1.06704472458,0.669163771408
LLAMA3,ARXIV,109,mt,4,13,0,0,7,4,512,209.664204965,3.68796466,225.490230159,5.26852094286,42.7995318998,0.750965446833,1.33161918996,0.703617809951
LLAMA3,ARXIV,110,mt,8,15,0,0,7,2,512,207.154221813,7.37592933,225.490229853,10.5370419,21.3997658919,0.777027606581,1.28695556185,0.783253637284
LLAMA3,ARXIV,111,mt,4,14,0,0,7,3,512,185.392022364,3.68796466,218.376085548,5.26852094286,41.449220363,0.968450319972,0.968450319972,0.653425902484
LLAMA3,ARXIV,112,mt,4,13,0,0,8,3,640,199.740070411,3.226969088,218.321281817,4.60995584,47.3586492787,0.84718137046,0.84718137046,0.509648411819
LLAMA3,ARXIV,113,mt,8,15,0,0,6,3,256,190.276340143,7.043799396,218.249868491,10.0625705657,21.6892758233,0.924307534784,0.924307534784,1.38025375899
LLAMA3,ARXIV,114,mt,2,10,0,0,6,8,384,190.33499066,1.936181436,214.752601316,2.76597348,77.6408750367,0.856575110764,1.16743994477,0.74581705778
LLAMA3,ARXIV,115,mt,4,14,0,0,6,4,384,190.238891114,3.87236289,214.752600317,5.53194698571,38.8204371575,0.857715013584,1.16588841767,0.912971887103
LLAMA3,ARXIV,116,mt,8,16,0,0,6,2,384,190.046766963,7.744725798,214.752599818,11.0638939971,19.4102184885,0.859997402222,1.16279421009,1.05818561315
LLAMA3,ARXIV,117,mt,2,10,0,0,7,7,640,182.691532623,2.01685568,206.162495474,2.8812224,71.5538291921,0.856946367625,1.16693417205,0.641372295518
LLAMA3,ARXIV,118,mt,4,14,0,0,7,3,640,175.88346803,4.03371136,206.162495474,5.7624448,35.7769145961,0.944307828163,1.05897671308,0.499913934356
LLAMA3,ARXIV,119,mt,8,15,0,0,7,2,640,194.021351092,8.06742272,206.162495474,11.5248896,17.888457298,0.725152662981,1.37901996511,0.595956692703
LLAMA3,ARXIV,120,mt,4,12,0,0,5,7,256,180.592510428,4.108882967,202.390773035,5.86983281,34.4798190316,0.841408268322,1.1884836858,1.08674319725
LLAMA3,ARXIV,121,mt,8,16,0,0,5,3,256,173.924905674,8.217765962,202.390772345,11.73966566,17.2399093983,0.927335139969,1.07835879058,1.43750946764
LLAMA3,ARXIV,122,mt,2,3,0,0,5,16,256,187.924265961,2.055650198,202.27176803,2.93664314,68.8785658954,0.967985454569,1.03307337448,2.25401243999
LLAMA3,ARXIV,123,mt,2,4,0,0,5,15,256,168.048722369,2.054441473,200.642094832,2.93491639,68.3638196698,0.991359886609,0.991359886609,1.44655613068
LLAMA3,ARXIV,124,mt,2,5,0,0,5,14,256,168.048722369,2.054441473,200.642094832,2.93491639,68.3638196698,0.991359886609,0.991359886609,1.15724490454
LLAMA3,ARXIV,125,mt,2,6,0,0,5,13,256,168.048722369,2.054441473,200.642094832,2.93491639,68.3638196698,0.991359886609,0.991359886609,0.964370753787
LLAMA3,ARXIV,126,mt,2,7,0,0,5,12,256,168.048722369,2.054441473,200.642094832,2.93491639,68.3638196698,0.991359886609,0.991359886609,0.84759148282
LLAMA3,ARXIV,127,mt,2,8,0,0,5,11,256,168.048722369,2.054441473,200.642094832,2.93491639,68.3638196698,0.991359886609,0.991359886609,0.84759148282
LLAMA3,ARXIV,128,mt,2,11,0,0,6,7,384,173.838150766,1.936181436,200.568612015,2.76597348,72.5128470917,0.933951955815,0.933951955815,0.716664023371
LLAMA3,ARXIV,129,mt,2,11,0,0,7,6,512,178.634322256,1.843982325,200.50680099,2.63426046429,76.11502496,0.889203937153,0.889203937153,0.555992205819
LLAMA3,ARXIV,130,mt,2,11,0,0,7,6,640,169.797364072,2.01685568,200.481717471,2.8812224,69.5821736881,0.972445143379,0.972445143379,0.530733775315
LLAMA3,ARXIV,131,mt,4,13,0,0,5,6,256,167.980760668,4.108882967,200.448443257,5.86983281,34.1489186738,0.990403071502,0.990403071502,1.07823446814
LLAMA3,ARXIV,132,mt,2,12,0,0,6,6,512,160.800197919,2.21277879,187.908525642,3.16111255714,59.4437946276,0.937167840261,1.06704472458,0.544566871263
LLAMA3,ARXIV,133,mt,4,15,0,0,6,3,512,166.255328034,4.425557592,187.908525132,6.32222513143,29.7218971526,0.860481241162,1.16214038397,0.664556669442
LLAMA3,ARXIV,134,mt,8,16,0,0,6,2,512,183.547168334,8.851115196,187.908524877,12.64445028,14.860948536,0.647523005484,1.54434667422,0.816943940261
LLAMA3,ARXIV,135,mt,2,12,0,0,5,7,384,158.837613849,2.258878342,184.073658271,3.22696906,57.0422755372,0.917759047247,1.08961061512,0.719035950516
LLAMA3,ARXIV,136,mt,4,15,0,0,5,4,384,172.419455915,4.517756705,184.073657415,6.45393815,28.5211375034,0.735184297358,1.36020315395,0.947504787599
LLAMA3,ARXIV,137,mt,2,3,0,0,5,16,384,176.506043664,2.260087067,183.975213199,3.22869581,56.9812778984,0.880426033315,1.13581375625,2.1664074019
LLAMA3,ARXIV,138,mt,4,16,0,0,5,3,384,152.702564126,4.517756705,182.092777727,6.45393815,28.2142117719,0.989238657417,0.989238657417,0.898403509029
LLAMA3,ARXIV,139,mt,2,3,0,0,6,15,512,153.458922255,2.21277879,179.13538515,3.16111255714,56.668461471,0.953311642132,0.953311642132,1.75651387386
LLAMA3,ARXIV,140,mt,2,3,0,0,7,14,640,161.636513249,2.01685568,179.12537379,2.8812224,62.1699226654,0.868855285138,0.868855285138,1.84382159163
LLAMA3,ARXIV,141,mt,2,9,0,0,4,11,256,155.165084594,2.347933112,177.09192731,3.35419016,52.7972234318,0.882625988623,1.13298272755,0.847346314127
LLAMA3,ARXIV,142,mt,4,14,0,0,4,6,256,155.107142293,4.695866248,177.091926405,6.70838035429,26.3986114461,0.883478681738,1.13188922457,1.11157187667
LLAMA3,ARXIV,143,mt,2,13,0,0,6,5,512,150.727001891,2.21277879,171.862972277,3.16111255714,54.3678749714,0.914609763929,0.914609763929,0.55026282592
LLAMA3,ARXIV,144,mt,2,12,0,0,7,5,640,158.603315536,2.01685568,171.841472118,2.8812224,59.6418631612,0.833524408611,0.833524408611,0.452240994829
LLAMA3,ARXIV,145,mt,4,15,0,0,4,5,256,145.711190718,4.695866248,171.812951363,6.70838035429,25.6116890053,0.970190763921,0.970190763921,1.1414021473
LLAMA3,ARXIV,146,mt,2,13,0,0,6,5,640,143.182075776,2.420226816,171.802079562,3.45746688,49.6901591612,0.999770762229,1.00022929033,0.420476381148
LLAMA3,ARXIV,147,mt,4,15,0,0,6,3,640,157.11761651,4.840453632,171.802079562,6.91493376,24.8450795806,0.786923190136,1.27077205569,0.510497468807
LLAMA3,ARXIV,148,mt,8,16,0,0,6,2,640,171.434020507,9.680907264,171.802079562,13.82986752,12.4225397903,0.604293885817,1.65482395813,0.623481568435
LLAMA3,ARXIV,149,mt,8,2,0,0,4,18,256,171.455653711,9.426728416,171.455653711,13.46675488,12.7317720742,0.971780833889,0.971780833889,5.00961075719
LLAMA3,ARXIV,150,mt,8,2,0,0,5,17,384,171.455653711,9.066134833,171.455653711,12.95162119,13.2381615549,0.934608029357,0.934608029357,5.05053941386
LLAMA3,ARXIV,151,mt,8,2,0,0,6,16,512,171.455653711,8.87242848,171.455653711,12.6748978286,13.5271823119,0.914639264698,0.914639264698,5.0732868375
LLAMA3,ARXIV,152,mt,8,2,0,0,6,16,640,171.455653711,9.698520324,171.455653711,13.8550290343,12.3749761395,0.999799267788,0.999799267788,4.97959421646
LLAMA3,ARXIV,153,mt,2,13,0,0,5,6,384,147.181752942,2.258878342,167.140510013,3.22696906,51.7948907798,0.908008845931,0.908008845931,0.716232763891
LLAMA3,ARXIV,154,mt,2,14,0,0,4,6,384,136.284691422,2.581575248,161.064450987,3.68796464,43.6729922082,0.963646999609,1.03772439535,0.736240972957
LLAMA3,ARXIV,155,mt,2,14,0,0,5,5,512,137.828741073,2.581575255,161.06445055,3.68796465,43.6729919713,0.937167840261,1.06704472458,0.560125924727
LLAMA3,ARXIV,156,mt,4,16,0,0,5,3,512,150.699676755,5.163150524,161.064450113,7.37592932,21.8364958672,0.737555349568,1.35583044796,0.698229020991
LLAMA3,ARXIV,157,mt,4,2,0,0,4,18,256,159.208821303,4.713364184,159.208821303,6.73337740571,23.6447196868,0.902367912588,0.902367912588,3.25499135112
LLAMA3,ARXIV,158,mt,4,2,0,0,4,18,384,159.208821303,5.180648456,159.208821303,7.40092636571,21.5120126098,0.991828925285,0.991828925285,3.15503430892
LLAMA3,ARXIV,159,mt,4,2,0,0,5,17,512,159.208821303,5.175583266,159.208821303,7.39369038,21.5330657792,0.990859200742,0.990859200742,3.1558559607
LLAMA3,ARXIV,160,mt,4,2,0,0,6,16,640,159.208821303,4.849260156,159.208821303,6.92751450857,22.9820985732,0.928385033225,0.928385033225,3.22361681184
LLAMA3,ARXIV,161,mt,2,10,0,0,4,10,256,137.449197377,2.347933112,150.481571124,3.35419016,44.8637566583,0.849737045665,0.849737045665,0.78731191479
LLAMA3,ARXIV,162,mt,2,11,0,0,4,9,256,137.449197377,2.347933112,150.481571124,3.35419016,44.8637566583,0.849737045665,0.849737045665,0.847874369774
LLAMA3,ARXIV,163,mt,2,12,0,0,4,8,256,137.449197377,2.347933112,150.481571124,3.35419016,44.8637566583,0.849737045665,0.849737045665,0.918530567256
LLAMA3,ARXIV,164,mt,2,15,0,0,5,4,512,130.36119732,2.581575255,150.380100743,3.68796465,40.7759062286,0.933664134011,0.933664134011,0.58220285775
LLAMA3,ARXIV,165,mt,2,14,0,0,6,4,640,135.139154261,2.420226816,150.361288103,3.45746688,43.488858555,0.875200629041,0.875200629041,0.433612954305
LLAMA3,ARXIV,166,mt,4,16,0,0,4,4,256,137.388579516,4.695866248,150.336332443,6.70838035429,22.4102278797,0.848916918431,0.848916918431,1.20503684311
LLAMA3,ARXIV,167,mt,4,16,0,0,6,2,640,135.031855488,4.840453632,150.095881249,6.91493376,21.706047586,0.873655788287,0.873655788287,0.473873457183
LLAMA3,ARXIV,168,mt,2,15,0,0,5,4,640,123.779902955,2.823597952,147.258925339,4.03371136,36.5070557103,0.979367277286,1.02106740055,0.445088123894
LLAMA3,ARXIV,169,mt,2,15,0,0,4,5,384,127.613463497,2.581575248,143.263294296,3.68796464,38.8461680849,0.889478053157,0.889478053157,0.75853195381
LLAMA3,ARXIV,170,mt,2,16,0,0,4,4,512,120.600148439,2.95037172,140.931394231,4.21481674286,33.437134478,0.937167840261,1.06704472458,0.61263773017
LLAMA3,ARXIV,171,mt,2,2,0,0,4,18,256,139.30771864,2.35668208,139.30771864,3.36668868571,41.3782596626,0.789571919494,0.789571919494,2.49422647325
LLAMA3,ARXIV,172,mt,2,2,0,0,4,18,384,137.282112758,2.590324216,139.30771864,3.70046316571,37.6460222415,0.867850305604,0.867850305604,2.37998985248
LLAMA3,ARXIV,173,mt,2,2,0,0,4,18,512,126.542504613,2.957476144,139.30771864,4.22496592,32.9725070636,0.990859198062,0.990859198062,2.23689549395
LLAMA3,ARXIV,174,mt,2,2,0,0,5,17,640,130.109204894,2.828735091,139.30771864,4.04105013,34.4731478598,0.947726388084,0.947726388084,2.28278355683
LLAMA3,ARXIV,175,mt,2,16,0,0,4,4,640,114.182207889,3.226969088,128.851559671,4.60995584,27.9507145282,0.856946367625,1.16693417205,0.469755099256
LLAMA3,ARXIV,176,mt,2,13,0,0,3,8,256,114.185278848,3.228408029,128.794128953,4.61201147,27.9258041292,0.855879746544,1.16838843779,0.854292442976
LLAMA3,ARXIV,177,mt,2,16,0,0,4,4,384,119.979657073,2.581575248,125.355382509,3.68796464,33.9903970743,0.778293296512,0.778293296512,0.803133871915
LLAMA3,ARXIV,178,mt,2,14,0,0,3,7,256,104.293091057,3.228408029,120.385256899,4.61201147,26.1025493285,0.934710750232,0.934710750232,0.838452012983
LLAMA3,ARXIV,179,mt,2,15,0,0,3,6,256,95.9782304311,3.228408029,100.321047416,4.61201147,21.7521244404,0.778925625193,0.778925625193,0.856598774211
LLAMA3,ARXIV,180,mt,2,16,0,0,2,6,256,77.5825422969,4.695866224,88.5459636552,6.70838032,13.199305858,0.882625988623,1.13298272755,0.794387169494
LLAMA3,ARXIV,181,mt,8,6,0,0,12,6,384,420.054385173,3.872362899,429.505199637,5.53194699857,77.640873954,0.835017083309,1.19758028906,2.12962112304
LLAMA3,ARXIV,182,mt,8,6,0,0,13,5,384,399.076100532,3.872362899,429.505199637,5.53194699857,77.640873954,0.835017083309,1.19758028906,1.9446776888
LLAMA3,ARXIV,183,mt,8,6,0,0,14,4,384,380.093533926,3.872362899,429.505199637,5.53194699857,77.640873954,0.859997402222,1.16279421009,1.80597011311
LLAMA3,ARXIV,184,mt,8,7,0,0,12,5,384,399.076100532,3.872362899,429.505199637,5.53194699857,77.640873954,0.752497726944,1.32890766868,1.6668665904
LLAMA3,ARXIV,185,mt,8,7,0,0,13,4,384,380.093533926,3.872362899,429.505199637,5.53194699857,77.640873954,0.859997402222,1.16279421009,1.54797438267
LLAMA3,ARXIV,186,mt,8,8,0,0,12,4,384,380.093533926,3.872362899,429.505199637,5.53194699857,77.640873954,0.859997402222,1.16279421009,1.35447758483
LLAMA3,ARXIV,187,mt,8,5,0,0,12,7,256,396.255717485,3.521899698,428.639134278,5.03128528286,85.1947584326,0.907662360249,0.907662360249,2.22190362472
LLAMA3,ARXIV,188,mt,8,5,0,0,12,7,384,428.639134278,3.872362899,428.639134278,5.53194699857,77.484316894,0.997983574218,0.997983574218,2.8418001423
LLAMA3,ARXIV,189,mt,8,5,0,0,13,6,384,418.301027185,3.872362899,428.639134278,5.53194699857,77.484316894,0.997983574218,0.997983574218,2.53517020191
LLAMA3,ARXIV,190,mt,8,5,0,0,14,5,384,397.230569658,3.872362899,428.639134278,5.53194699857,77.484316894,0.997983574218,0.997983574218,2.31614881592
LLAMA3,ARXIV,191,mt,8,5,0,0,15,4,384,378.181017883,3.872362899,428.639134278,5.53194699857,77.484316894,0.997983574218,0.997983574218,2.15188277643
LLAMA3,ARXIV,192,mt,8,5,0,0,13,6,256,366.046779325,3.521899698,400.1247589,5.03128528286,79.5273446853,0.847281906885,0.847281906885,2.03520823137
LLAMA3,ARXIV,193,bstar,2,5,0,0,11,8,384,273.921394183,0.968090718,247.414518284,1.38298674,178.898691598,0.576045451297,0.576045451297,1.94366752258
LLAMA3,ARXIV,194,bstar,2,5,0,0,11,8,512,257.482942955,1.106389395,247.384649486,1.58055627857,156.517457075,0.658258183446,0.658258183446,1.78942475507
LLAMA3,ARXIV,195,bstar,2,6,0,0,11,7,512,253.763573323,1.106389395,240.608161188,1.58055627857,152.23004992,0.64022683475,0.64022683475,1.47497262053
LLAMA3,ARXIV,196,bstar,2,6,0,0,11,7,384,242.559790508,0.968090718,200.568612015,1.38298674,145.025694183,0.466975977907,0.466975977907,1.50763078264
LLAMA3,ARXIV,197,bstar,2,5,0,0,11,8,640,246.391597543,1.210113408,247.359193253,1.72873344,143.08694882,0.719895806511,0.719895806511,1.69685745526
LLAMA3,ARXIV,198,bstar,2,6,0,0,11,7,640,242.98056722,1.210113408,240.578060965,1.72873344,139.164347376,0.700160503233,0.700160503233,1.39782209196
LLAMA3,ARXIV,199,bstar,2,4,0,0,8,12,384,239.982838076,1.290787624,250.7621288,1.84398232,135.989443109,0.77845274753,0.77845274753,2.05620706578
LLAMA3,ARXIV,200,bstar,2,7,0,0,8,9,384,239.959314147,1.290787624,250.710765019,1.84398232,135.961588297,0.778293296512,0.778293296512,1.1748701212
LLAMA3,ARXIV,201,bstar,2,8,0,0,8,8,384,239.959314147,1.290787624,250.710765019,1.84398232,135.961588297,0.778293296512,0.778293296512,1.02801135605
LLAMA3,ARXIV,202,bstar,2,4,0,0,8,12,256,223.795045176,1.173966556,200.642094832,1.67709508,119.636684422,0.566491363777,0.566491363777,1.99136829914
LLAMA3,ARXIV,203,bstar,2,5,0,0,8,11,256,223.795045176,1.173966556,200.642094832,1.67709508,119.636684422,0.566491363777,0.566491363777,1.59309463931
LLAMA3,ARXIV,204,bstar,4,4,0,0,11,9,256,317.942882828,1.760949843,300.672664886,2.51564263286,119.521215358,0.636687688823,0.636687688823,2.42737115833
LLAMA3,ARXIV,205,bstar,4,5,0,0,11,8,256,317.942882828,1.760949843,300.672664886,2.51564263286,119.521215358,0.636687688823,0.636687688823,1.94189692666
LLAMA3,ARXIV,206,bstar,2,7,0,0,11,6,640,220.691069563,1.210113408,200.481717471,1.72873344,115.97028948,0.583467086027,0.583467086027,1.11589730358
LLAMA3,ARXIV,207,bstar,4,4,0,0,11,9,384,318.417642607,1.936181445,318.417642607,2.76597349286,115.119556796,0.741359224839,0.741359224839,2.52883370894
LLAMA3,ARXIV,208,bstar,2,9,0,0,8,7,384,214.318368534,1.290787624,200.568612015,1.84398232,108.769270638,0.62263463721,0.62263463721,0.833801631684
LLAMA3,ARXIV,209,bstar,2,3,0,0,8,13,256,208.961577961,1.174657256,179.153485449,1.67808179429,106.760877842,0.506118185715,0.506118185715,2.55132586911
LLAMA3,ARXIV,210,bstar,4,8,0,0,11,5,384,296.108246844,1.936181445,286.145793571,2.76597349286,103.45210983,0.666221952954,0.666221952954,1.12376152959
LLAMA3,ARXIV,211,bstar,8,5,0,0,16,3,384,402.9989852,2.581575266,358.455251432,3.68796466571,97.1959560146,0.556384807038,0.556384807038,2.33929422374
LLAMA3,ARXIV,212,bstar,2,3,0,0,8,13,384,201.401434454,1.291478324,179.147130672,1.84496903429,97.1003455033,0.55643250618,0.55643250618,2.39806647069
LLAMA3,ARXIV,213,bstar,2,6,0,0,7,11,256,201.512640865,1.467458195,200.642094832,2.09636885,95.7093475377,0.708114204721,0.708114204721,1.15808174702
LLAMA3,ARXIV,214,bstar,4,6,0,0,11,7,256,280.82366042,1.760949843,240.538131909,2.51564263286,95.6169722865,0.509350151058,0.509350151058,1.49234458902
LLAMA3,ARXIV,215,bstar,2,10,0,0,8,6,512,200.917837737,1.47518586,200.50680099,2.10740837143,95.1437812,0.711363149722,0.711363149722,0.692523851744
LLAMA3,ARXIV,216,bstar,4,3,0,0,11,10,256,238.813231955,1.761985899,238.813231955,2.51712271286,94.8754825243,0.505995126503,0.505995126503,3.10054519778
LLAMA3,ARXIV,217,bstar,8,4,0,0,16,4,384,342.911307423,2.581575266,342.911307423,3.68796466571,92.9811802729,0.53225790625,0.53225790625,2.97200108771
LLAMA3,ARXIV,218,bstar,2,10,0,0,8,6,384,193.628156724,1.290787624,167.140510013,1.84398232,90.6410588647,0.518862197675,0.518862197675,0.783961745868
LLAMA3,ARXIV,219,bstar,4,9,0,0,11,4,384,275.727714562,1.936181445,250.377569375,2.76597349286,90.5205961016,0.582944208835,0.582944208835,0.948974175961
LLAMA3,ARXIV,220,bstar,2,2,0,0,11,11,256,139.30771864,0.88375578,114.020340088,1.26250825714,90.312549992,0.242342796034,0.242342796034,4.19583579527
LLAMA3,ARXIV,221,bstar,2,7,0,0,8,9,256,188.713403356,1.173966556,150.481571124,1.67709508,89.7275133166,0.424868522833,0.424868522833,1.06132811873
LLAMA3,ARXIV,222,bstar,2,8,0,0,8,8,256,188.713403356,1.173966556,150.481571124,1.67709508,89.7275133166,0.424868522833,0.424868522833,1.06132811873
LLAMA3,ARXIV,223,bstar,8,4,0,0,16,4,256,342.911307423,2.347933132,300.093569175,3.35419018857,89.468262771,0.423640953443,0.423640953443,2.94088077749
LLAMA3,ARXIV,224,bstar,2,10,0,0,8,6,640,191.927640658,1.613484544,200.481717471,2.30497792,86.9777171101,0.777956114703,0.777956114703,0.657802512718
LLAMA3,ARXIV,225,bstar,4,3,0,0,11,10,384,238.813231955,1.937217501,238.813231955,2.76745357286,86.2934917129,0.556316946145,0.556316946145,2.92170017948
LLAMA3,ARXIV,226,bstar,8,5,0,0,16,3,512,379.17754915,2.950371732,358.282194521,4.21481676,85.0054023515,0.635561362912,0.635561362912,2.15101164458
LLAMA3,ARXIV,227,bstar,2,3,0,0,8,13,512,189.585575985,1.47518586,179.13538515,2.10740837143,85.0026922065,0.635541094755,0.635541094755,2.2061384591
LLAMA3,ARXIV,228,bstar,2,2,0,0,11,11,384,139.30771864,0.971371581,114.020340088,1.38767368714,82.1665360847,0.266368730202,0.266368730202,3.89120480656
LLAMA3,ARXIV,229,bstar,2,11,0,0,8,5,512,185.433378188,1.47518586,171.862972277,2.10740837143,81.5518124571,0.609739842619,0.609739842619,0.592182498334
LLAMA3,ARXIV,230,bstar_fill,2,5,0,0,12,7,384,240.621340885,0.968090718,197.931614627,1.38298674,143.118953279,0.460836361037,0.460836361037,1.80158521978
LLAMA3,ARXIV,231,bstar_fill,4,5,0,0,12,7,384,345.481486031,1.936181445,395.34168888,2.76597349286,142.930396803,0.920458444498,0.920458444498,2.07236479175
LLAMA3,ARXIV,232,bstar_fill,2,4,0,0,9,11,384,239.982838076,1.290787624,250.7621288,1.84398232,135.989443109,0.77845274753,0.77845274753,2.05620706578
LLAMA3,ARXIV,233,bstar_fill,2,4,0,0,11,9,384,233.190228573,0.968090718,188.0715966,1.38298674,135.989443109,0.437879670485,0.437879670485,2.21659217902
LLAMA3,ARXIV,234,bstar_fill,2,4,0,0,12,8,384,233.190228573,0.968090718,188.0715966,1.38298674,135.989443109,0.437879670485,0.437879670485,2.21659217902
LLAMA3,ARXIV,235,bstar_fill,2,6,0,0,8,10,384,239.959314147,1.290787624,250.710765019,1.84398232,135.961588297,0.778293296512,0.778293296512,1.37068180807
LLAMA3,ARXIV,236,bstar_fill,2,6,0,0,9,9,384,239.959314147,1.290787624,250.710765019,1.84398232,135.961588297,0.778293296512,0.778293296512,1.37068180807
LLAMA3,ARXIV,237,bstar_fill,2,6,0,0,10,8,384,239.959314147,1.290787624,250.710765019,1.84398232,135.961588297,0.778293296512,0.778293296512,1.37068180807
LLAMA3,ARXIV,238,bstar_fill,2,7,0,0,9,8,384,239.959314147,1.290787624,250.710765019,1.84398232,135.961588297,0.778293296512,0.778293296512,1.1748701212
LLAMA3,ARXIV,239,mt_fill,8,6,0,0,12,6,256,366.046779325,3.521899698,400.1247589,5.03128528286,79.5273446853,0.847281906885,0.847281906885,1.69600685948
LLAMA3,ARXIV,240,bstar_fill,2,5,0,0,9,10,384,238.439093494,1.290787624,247.414518284,1.84398232,134.174018699,0.768060601729,0.768060601729,1.63535352044
LLAMA3,ARXIV,241,bstar_fill,2,5,0,0,10,9,384,238.439093494,1.290787624,247.414518284,1.84398232,134.174018699,0.768060601729,0.768060601729,1.63535352044
LLAMA3,ARXIV,242,mt_fill,4,5,0,0,12,7,512,319.729415386,2.212778796,375.817050264,3.16111256571,118.887588611,0.950844383905,1.05169680436,1.9372359766
LLAMA3,ARXIV,243,bstar_fill,2,6,0,0,9,9,512,241.200296878,1.47518586,281.862788462,2.10740837143,133.748537912,0.937167840261,1.06704472458,1.39409119043
LLAMA3,ARXIV,244,bstar_fill,2,6,0,0,10,8,512,241.200296878,1.47518586,281.862788462,2.10740837143,133.748537912,0.937167840261,1.06704472458,1.39409119043
LLAMA3,ARXIV,245,mt_fill,4,6,0,0,12,6,512,321.388768264,2.212778796,375.817050264,3.16111256571,118.887588611,0.938706808541,1.06529535197,1.62506323613
LLAMA3,ARXIV,246,bstar_fill,2,7,0,0,9,8,512,241.200296878,1.47518586,281.862788462,2.10740837143,133.748537912,0.937167840261,1.06704472458,1.19493530608
LLAMA3,ARXIV,247,mt_fill,8,5,0,0,12,7,512,400.48885004,4.425557598,375.817049755,6.32222514,59.4437941441,0.876767937644,1.14055265603,2.71565936148
LLAMA3,ARXIV,248,bstar_fill,2,6,0,0,12,6,512,229.553160062,1.106389395,200.50680099,1.58055627857,126.858374933,0.533522362292,0.533522362292,1.37901871219
LLAMA3,ARXIV,249,mt_fill,8,5,0,0,13,6,512,381.124225631,4.425557598,375.817049755,6.32222514,59.4437941441,0.876767937644,1.14055265603,2.40917745751
LLAMA3,ARXIV,250,bstar_fill,2,7,0,0,11,6,512,229.553160062,1.106389395,200.50680099,1.58055627857,126.858374933,0.533522362292,0.533522362292,1.18201603902
LLAMA3,ARXIV,251,mt_fill,8,5,0,0,14,5,512,363.545884777,4.425557598,375.817049755,6.32222514,59.4437941441,0.876767937644,1.14055265603,2.19026181182
LLAMA3,ARXIV,252,bstar_fill,2,5,0,0,12,7,512,227.840339225,1.106389395,197.907719589,1.58055627857,125.21396566,0.526606546757,0.526606546757,1.64735960497
LLAMA3,ARXIV,253,mt_fill,8,5,0,0,15,4,512,347.517561872,4.425557598,375.817049755,6.32222514,59.4437941441,0.876767937644,1.14055265603,2.02607507754
LLAMA3,ARXIV,254,bstar_fill,2,6,0,0,12,6,384,216.390388089,0.968090718,167.140510013,1.38298674,120.854745153,0.389146648256,0.389146648256,1.42764454228
LLAMA3,ARXIV,255,bstar_fill,2,7,0,0,11,6,384,216.390388089,0.968090718,167.140510013,1.38298674,120.854745153,0.389146648256,0.389146648256,1.22369532195
LLAMA3,ARXIV,256,mt_fill,8,6,0,0,12,6,512,398.609066948,4.425557598,375.817049755,6.32222514,59.4437941441,0.730639948037,1.36866318723,2.23512177977
LLAMA3,BWB,1,mt,8,11,0,0,7,6,512,863.152006888,5.4377545,803.510053317,7.76822071429,103.435533421,0.368206904219,0.368206904219,3.4591060765
LLAMA3,BWB,2,bstar+mt,8,10,0,0,8,6,512,784.683642625,4.3502036,784.683642625,6.21457657143,126.265021214,0.287663790788,0.287663790788,4.50027276574
LLAMA3,BWB,3,mt,8,9,0,0,7,8,384,706.215278363,4.7580352,706.215278363,6.79719314286,103.898074326,0.283169044801,0.283169044801,4.99222338224
LLAMA3,BWB,4,mt,8,9,0,0,8,7,512,706.215278363,4.3502036,706.215278363,6.21457657143,113.638519092,0.258897411709,0.258897411709,5.22785693033
LLAMA3,BWB,5,mt,8,10,0,0,6,8,384,784.683642625,5.70964224,703.076543792,8.15663177143,86.196920922,0.338292618856,0.338292618856,4.4233059443
LLAMA3,BWB,6,mt,8,12,0,0,7,5,512,941.62037115,5.4377545,688.722902843,7.76822071429,88.6590286469,0.315605917902,0.315605917902,3.57298052892
LLAMA3,BWB,7,mt,8,13,0,0,6,5,512,900.163151805,6.5253054,688.722902843,9.32186485714,73.8825238724,0.378727101482,0.378727101482,3.40400710996
LLAMA3,BWB,8,mt,8,9,0,0,10,5,640,706.215278363,4.7580352,677.033631307,6.79719314286,99.6048835273,0.271468166364,0.271468166364,4.49013827503
LLAMA3,BWB,9,mt,8,10,0,0,9,5,640,784.683642625,4.7580352,677.033631307,6.79719314286,99.6048835273,0.271468166364,0.271468166364,4.04112444752
LLAMA3,BWB,10,mt,8,11,0,0,8,5,640,863.152006888,4.7580352,677.033631307,6.79719314286,99.6048835273,0.271468166364,0.271468166364,3.67374949775
LLAMA3,BWB,11,mt,8,12,0,0,7,5,640,917.968580019,5.947544,677.033631307,8.49649142857,79.6839068219,0.339335207955,0.339335207955,2.83788478835
LLAMA3,BWB,12,mt,4,9,0,0,4,11,384,655.771329908,3.80642816,655.771329908,5.43775451429,120.595979128,0.420708295133,0.420708295133,3.42857998521
LLAMA3,BWB,13,mt,4,9,0,0,4,11,512,655.771329908,4.350203592,655.771329908,6.21457656,105.521482208,0.480809478005,0.480809478005,3.34098090557
LLAMA3,BWB,14,mt,4,9,0,0,4,11,640,655.771329908,4.7580352,655.771329908,6.79719314286,96.4767833024,0.525885368916,0.525885368916,3.16238320704
LLAMA3,BWB,15,mt,8,11,0,0,6,7,384,863.152006888,5.70964224,652.856790664,8.15663177143,80.039997999,0.314128860366,0.314128860366,4.4475295899
LLAMA3,BWB,16,mt,8,8,0,0,7,9,384,627.7469141,4.7580352,627.7469141,6.79719314286,92.353843845,0.251705817601,0.251705817601,5.61625130502
LLAMA3,BWB,17,mt,8,8,0,0,8,8,512,627.7469141,4.3502036,627.7469141,6.21457657143,101.012016971,0.230131032631,0.230131032631,6.26533618079
LLAMA3,BWB,18,mt,8,8,0,0,10,6,640,627.7469141,4.7580352,627.7469141,6.79719314286,92.353843845,0.251705817601,0.251705817601,5.23115783858
LLAMA3,BWB,19,mt,4,10,0,0,4,10,512,728.634811009,4.350203592,620.271976856,6.21457656,99.8092099869,0.454781463921,0.454781463921,2.72312293627
LLAMA3,BWB,20,mt,4,11,0,0,4,9,512,757.957147886,4.350203592,620.271976856,6.21457656,99.8092099869,0.454781463921,0.454781463921,2.4755663057
LLAMA3,BWB,21,mt,4,12,0,0,4,8,512,757.957147886,4.350203592,620.271976856,6.21457656,99.8092099869,0.454781463921,0.454781463921,2.65929974245
LLAMA3,BWB,22,mt,4,13,0,0,3,8,512,661.463167497,5.981529939,620.271976856,8.54504277,72.5885163541,0.625324512892,0.625324512892,2.3571948346
LLAMA3,BWB,23,mt,4,10,0,0,4,10,640,728.634811009,4.7580352,620.11119834,6.79719314286,91.2304807745,0.497288294616,0.497288294616,2.56245855999
LLAMA3,BWB,24,mt,4,11,0,0,4,9,640,731.175424677,4.7580352,620.11119834,6.79719314286,91.2304807745,0.497288294616,0.497288294616,2.32950778181
LLAMA3,BWB,25,mt,4,12,0,0,4,8,640,731.175424677,4.7580352,620.11119834,6.79719314286,91.2304807745,0.497288294616,0.497288294616,2.13538213333
LLAMA3,BWB,26,mt,8,12,0,0,6,6,384,903.955556304,5.70964224,602.637037536,8.15663177143,73.883075076,0.289965101876,0.289965101876,4.58991269174
LLAMA3,BWB,27,mt,8,14,0,0,6,4,512,823.30184586,6.5253054,602.632539988,9.32186485714,64.6472083883,0.331386213797,0.331386213797,3.61583735193
LLAMA3,BWB,28,mt,8,13,0,0,7,4,640,836.915223192,5.947544,592.404427394,8.49649142857,69.7234184691,0.296918306961,0.296918306961,2.81046339078
LLAMA3,BWB,29,mt,8,14,0,0,6,4,640,790.492972092,7.1370528,592.404427394,10.1957897143,58.1028487243,0.356301968353,0.356301968353,2.69422054142
LLAMA3,BWB,30,mt,4,8,0,0,4,12,384,582.907848807,3.80642816,582.907848807,5.43775451429,107.196425892,0.373962929007,0.373962929007,3.85715248336
LLAMA3,BWB,31,mt,4,8,0,0,4,12,512,582.907848807,4.350203592,582.907848807,6.21457656,93.796873074,0.427386202671,0.427386202671,3.75860351876
LLAMA3,BWB,32,mt,4,8,0,0,5,11,640,582.907848807,4.1632808,582.907848807,5.947544,98.0081608152,0.409021953601,0.409021953601,3.86328817595
LLAMA3,BWB,33,mt,8,13,0,0,6,5,384,843.883328748,5.70964224,552.417284408,8.15663177143,67.726152153,0.265801343387,0.265801343387,4.82932473075
LLAMA3,BWB,34,mt,8,7,0,0,6,11,384,549.278549838,5.70964224,549.278549838,8.15663177143,67.3413444703,0.264291108481,0.264291108481,6.28787329275
LLAMA3,BWB,35,mt,8,7,0,0,6,11,512,549.278549838,6.5253054,549.278549838,9.32186485714,58.9236765664,0.302046980328,0.302046980328,6.23643569647
LLAMA3,BWB,36,mt,8,7,0,0,7,10,640,549.278549838,5.947544,549.278549838,8.49649142857,64.6476906915,0.275303238001,0.275303238001,5.78938564433
LLAMA3,BWB,37,mt,8,7,0,0,6,11,256,549.278549838,5.193087522,535.677366699,7.41869646,72.2064003544,0.234428255311,0.234428255311,5.80867209463
LLAMA3,BWB,38,mt,8,8,0,0,6,10,256,602.637037536,5.193087522,535.677366699,7.41869646,72.2064003544,0.234428255311,0.234428255311,5.42292842186
LLAMA3,BWB,39,mt,4,10,0,0,4,10,384,706.323891666,3.80642816,517.224614099,5.43775451429,95.1173159325,0.331824030228,0.331824030228,3.17980341414
LLAMA3,BWB,40,mt,4,11,0,0,4,9,384,706.323891666,3.80642816,517.224614099,5.43775451429,95.1173159325,0.331824030228,0.331824030228,3.42440367677
LLAMA3,BWB,41,mt,4,12,0,0,3,9,384,631.238518136,5.23383872,517.224614099,7.47691245714,69.1762297691,0.456258041564,0.456258041564,2.95009398924
LLAMA3,BWB,42,mt,4,13,0,0,3,8,384,631.238518136,5.23383872,512.95890695,7.47691245714,68.6057125706,0.452495144099,0.452495144099,3.2182843519
LLAMA3,BWB,43,mt,4,7,0,0,4,13,384,510.044367706,3.80642816,510.044367706,5.43775451429,93.7968726551,0.327217562881,0.327217562881,4.4081742667
LLAMA3,BWB,44,mt,4,7,0,0,5,12,512,510.044367706,3.806428143,510.044367706,5.43775449,93.796873074,0.32721756142,0.32721756142,4.67755571533
LLAMA3,BWB,45,mt,4,7,0,0,5,12,640,510.044367706,4.1632808,510.044367706,5.947544,85.7571407133,0.357894209401,0.357894209401,4.4151864868
LLAMA3,BWB,46,mt,8,9,0,0,6,9,256,602.637037536,5.193087522,502.19753128,7.41869646,67.6935003323,0.219776489354,0.219776489354,5.78445698332
LLAMA3,BWB,47,mt,8,14,0,0,6,4,384,765.598705549,5.70964224,502.19753128,8.15663177143,61.56922923,0.241637584897,0.241637584897,5.16552868413
LLAMA3,BWB,48,mt,4,14,0,0,3,7,512,583.660605254,5.981529939,496.217581485,8.54504277,58.0708130833,0.500259610313,0.500259610313,2.39339565332
LLAMA3,BWB,49,mt,4,13,0,0,4,7,640,637.252129602,4.7580352,496.088958672,6.79719314286,72.9843846196,0.397830635693,0.397830635693,2.03884667402
LLAMA3,BWB,50,mt,4,14,0,0,3,7,640,561.878155533,6.5422984,496.088958672,9.34614057143,53.0795524506,0.547017124078,0.547017124078,1.80515758493
LLAMA3,BWB,51,mt,8,6,0,0,4,14,256,470.810185575,6.924116696,470.810185575,9.89159528,47.5969924211,0.274720611692,0.274720611692,5.39562409954
LLAMA3,BWB,52,mt,8,6,0,0,5,13,384,470.810185575,6.66124928,470.810185575,9.5160704,49.4752734884,0.264291108481,0.264291108481,6.70523441545
LLAMA3,BWB,53,mt,8,6,0,0,6,12,512,470.810185575,6.5253054,470.810185575,9.32186485714,50.5060084854,0.258897411709,0.258897411709,7.27584164588
LLAMA3,BWB,54,mt,8,6,0,0,6,12,640,470.810185575,7.1370528,470.810185575,10.1957897143,46.1769219225,0.283169044801,0.283169044801,6.88683533062
LLAMA3,BWB,55,mt,8,10,0,0,6,8,256,602.637037536,5.193087522,468.717695861,7.41869646,63.1806003101,0.205124723397,0.205124723397,6.19763248212
LLAMA3,BWB,56,mt,8,15,0,0,5,4,384,734.051254282,6.66124928,451.977778152,9.5160704,47.4962625489,0.253719464142,0.253719464142,5.0825828163
LLAMA3,BWB,57,mt,8,15,0,0,6,3,512,655.412695159,6.5253054,438.2782109,9.32186485714,47.0161515552,0.241008155489,0.241008155489,3.74487182036
LLAMA3,BWB,58,mt,8,16,0,0,5,3,512,628.96604337,7.6128563,438.2782109,10.875509,40.2995584758,0.281176181403,0.281176181403,3.72800864278
LLAMA3,BWB,59,mt,4,6,0,0,4,14,384,437.180886605,3.80642816,437.180886605,5.43775451429,80.3973194187,0.280472196755,0.280472196755,5.14286997781
LLAMA3,BWB,60,mt,4,6,0,0,5,13,512,437.180886605,3.806428143,437.180886605,5.43775449,80.3973197777,0.280472195503,0.280472195503,5.45714833455
LLAMA3,BWB,61,mt,4,6,0,0,5,13,640,437.180886605,4.1632808,437.180886605,5.947544,73.5061206114,0.306766465201,0.306766465201,5.15105090127
LLAMA3,BWB,62,mt,8,11,0,0,6,7,256,602.637037536,5.193087522,435.237860443,7.41869646,58.667700288,0.19047295744,0.19047295744,6.38951657624
LLAMA3,BWB,63,mt,8,15,0,0,6,3,640,632.295050952,7.1370528,430.839583559,10.1957897143,42.256617254,0.259128704257,0.259128704257,2.77910122808
LLAMA3,BWB,64,mt,8,16,0,0,5,3,640,605.43338977,8.3265616,430.839583559,11.895088,36.2199576463,0.302316821633,0.302316821633,2.77176639191
LLAMA3,BWB,65,mt,2,7,0,0,3,14,512,446.288821743,2.990764942,414.216060896,4.27252134571,96.9488569816,0.417590127871,0.417590127871,3.15073140775
LLAMA3,BWB,66,mt,2,8,0,0,3,13,512,510.044367706,2.990764942,414.216060896,4.27252134571,96.9488569816,0.417590127871,0.417590127871,2.75688998178
LLAMA3,BWB,67,mt,2,9,0,0,2,13,512,447.712729386,4.350203552,414.216060896,6.21457650286,66.6523391748,0.607403822358,0.607403822358,1.91035435112
LLAMA3,BWB,68,mt,2,10,0,0,2,12,512,447.712729386,4.350203552,414.216060896,6.21457650286,66.6523391748,0.607403822358,0.607403822358,1.71931891601
LLAMA3,BWB,69,mt,2,11,0,0,2,11,512,447.712729386,4.350203552,414.216060896,6.21457650286,66.6523391748,0.607403822358,0.607403822358,1.56301719637
LLAMA3,BWB,70,mt,2,7,0,0,3,14,640,446.288821743,3.2711492,414.162536431,4.67307028571,88.6274999323,0.456680189347,0.456680189347,2.96010314289
LLAMA3,BWB,71,mt,2,8,0,0,3,13,640,505.27582784,3.2711492,414.162536431,4.67307028571,88.6274999323,0.456680189347,0.456680189347,2.59009025003
LLAMA3,BWB,72,mt,2,9,0,0,3,12,640,505.27582784,3.2711492,414.162536431,4.67307028571,88.6274999323,0.456680189347,0.456680189347,2.30230244447
LLAMA3,BWB,73,mt,2,10,0,0,2,12,640,429.191329417,4.7580352,414.162536431,6.79719314286,60.9314062035,0.664262093595,0.664262093595,1.62755282834
LLAMA3,BWB,74,mt,2,11,0,0,2,11,640,429.191329417,4.7580352,414.162536431,6.79719314286,60.9314062035,0.664262093595,0.664262093595,1.47959348031
LLAMA3,BWB,75,mt,4,6,0,0,4,14,256,437.180886605,3.462058336,414.09204935,4.94579762286,83.7260399488,0.241625232812,0.241625232812,4.86725354353
LLAMA3,BWB,76,mt,4,7,0,0,4,13,256,510.044367706,3.462058336,414.09204935,4.94579762286,83.7260399488,0.241625232812,0.241625232812,4.27785955974
LLAMA3,BWB,77,mt,4,8,0,0,4,12,256,559.591534855,3.462058336,414.09204935,4.94579762286,83.7260399488,0.241625232812,0.241625232812,4.27785955974
LLAMA3,BWB,78,mt,4,9,0,0,4,11,256,559.591534855,3.462058336,414.09204935,4.94579762286,83.7260399488,0.241625232812,0.241625232812,4.56305019706
LLAMA3,BWB,79,mt,4,10,0,0,3,11,256,559.591534855,4.760330212,414.09204935,6.80047173143,60.8916654173,0.332234695117,0.332234695117,3.81510048644
LLAMA3,BWB,80,mt,4,14,0,0,3,7,384,547.686598141,5.23383872,413.779691279,7.47691245714,55.3409838153,0.365006433251,0.365006433251,3.31828329245
LLAMA3,BWB,81,mt,4,15,0,0,3,6,512,522.234397137,5.981529939,413.514651238,8.54504277,48.392344236,0.416883008595,0.416883008595,2.51153690017
LLAMA3,BWB,82,mt,4,15,0,0,3,6,640,504.713509762,6.5422984,413.40746556,9.34614057143,44.2329603755,0.455847603398,0.455847603398,1.88752801395
LLAMA3,BWB,83,mt,8,12,0,0,6,6,256,602.637037536,5.193087522,401.758025024,7.41869646,54.1548002658,0.175821191483,0.175821191483,6.71624633212
LLAMA3,BWB,84,mt,8,16,0,0,4,4,384,705.000814818,7.61285632,401.758025024,10.8755090286,36.941537538,0.257746757223,0.257746757223,5.16365177821
LLAMA3,BWB,85,mt,8,5,0,0,4,15,256,392.341821313,6.924116696,392.341821313,9.89159528,39.6641603509,0.228933843077,0.228933843077,6.47474891945
LLAMA3,BWB,86,mt,8,5,0,0,4,15,384,392.341821313,7.61285632,392.341821313,10.8755090286,36.075720252,0.251705817601,0.251705817601,7.43275701346
LLAMA3,BWB,87,mt,8,5,0,0,5,14,512,392.341821313,7.6128563,392.341821313,10.875509,36.0757203467,0.25170581694,0.25170581694,7.43103188651
LLAMA3,BWB,88,mt,8,5,0,0,5,14,640,392.341821313,8.3265616,392.341821313,11.895088,32.9835156589,0.275303238001,0.275303238001,7.0465254978
LLAMA3,BWB,89,mt,2,6,0,0,3,15,512,382.53327578,2.990764942,382.53327578,4.27252134571,89.5333796667,0.38564926527,0.38564926527,3.67585330904
LLAMA3,BWB,90,mt,2,6,0,0,3,15,640,382.53327578,3.2711492,382.53327578,4.67307028571,81.8590888627,0.421803889652,0.421803889652,3.4534536667
LLAMA3,BWB,91,mt,4,5,0,0,4,15,256,364.317405504,3.462058336,364.317405504,4.94579762286,73.6620123356,0.212581424978,0.212581424978,5.84070425223
LLAMA3,BWB,92,mt,4,5,0,0,4,15,384,364.317405504,3.80642816,364.317405504,5.43775451429,66.9977661822,0.233726830629,0.233726830629,6.14658315514
LLAMA3,BWB,93,mt,4,5,0,0,4,15,512,364.317405504,4.350203592,364.317405504,6.21457656,58.6230456713,0.267116376669,0.267116376669,5.61130178414
LLAMA3,BWB,94,mt,4,5,0,0,5,14,640,364.317405504,4.1632808,364.317405504,5.947544,61.2551005095,0.255638721001,0.255638721001,5.77898736463
LLAMA3,BWB,95,mt,4,16,0,0,3,5,512,472.506394488,5.981529939,354.441129632,8.54504277,41.4791522023,0.357328293081,0.357328293081,2.70671790273
LLAMA3,BWB,96,mt,4,16,0,0,3,5,640,458.10644327,6.5422984,354.349256194,9.34614057143,37.9139660362,0.390726517198,0.390726517198,2.02848475464
LLAMA3,BWB,97,mt,8,13,0,0,6,5,256,582.121961063,5.193087522,354.229979741,7.41869646,47.7482778343,0.155021513493,0.155021513493,7.16650512168
LLAMA3,BWB,98,mt,2,6,0,0,3,15,384,382.53327578,2.61691936,345.290394401,3.73845622857,92.3617593172,0.304590142901,0.304590142901,3.86610393748
LLAMA3,BWB,99,mt,2,7,0,0,2,15,384,426.21700816,3.80642816,345.290394401,5.43775451429,63.4987095305,0.443040207856,0.443040207856,2.5200187827
LLAMA3,BWB,100,mt,2,8,0,0,2,14,384,426.21700816,3.80642816,345.290394401,5.43775451429,63.4987095305,0.443040207856,0.443040207856,2.20501643486
LLAMA3,BWB,101,mt,2,9,0,0,2,13,384,426.21700816,3.80642816,345.290394401,5.43775451429,63.4987095305,0.443040207856,0.443040207856,1.96001460876
LLAMA3,BWB,102,mt,2,10,0,0,2,12,384,426.21700816,3.80642816,345.290394401,5.43775451429,63.4987095305,0.443040207856,0.443040207856,1.96876467398
LLAMA3,BWB,103,mt,2,11,0,0,2,11,384,426.21700816,3.80642816,345.290394401,5.43775451429,63.4987095305,0.443040207856,0.443040207856,2.12020811044
LLAMA3,BWB,104,mt,4,15,0,0,3,6,384,483.667461357,5.23383872,344.816409399,7.47691245714,46.1174865127,0.304172027709,0.304172027709,3.52266329187
LLAMA3,BWB,105,mt,4,16,0,0,2,6,384,425.855718576,7.61285632,344.816409399,10.8755090286,31.7057719775,0.442432040304,0.442432040304,3.01340037763
LLAMA3,BWB,106,mt,8,14,0,0,5,5,256,565.319932069,6.058602109,334.798354187,8.65514587,38.6820001899,0.170937269498,0.170937269498,6.90813908447
LLAMA3,BWB,107,mt,2,5,0,0,3,16,384,318.777729816,2.61691936,318.777729816,3.73845622857,85.2698842319,0.281202593101,0.281202593101,5.15955192438
LLAMA3,BWB,108,mt,2,5,0,0,3,16,512,318.777729816,2.990764942,318.777729816,4.27252134571,74.6111497222,0.321374387725,0.321374387725,4.71483265242
LLAMA3,BWB,109,mt,2,5,0,0,3,16,640,318.777729816,3.2711492,318.777729816,4.67307028571,68.2159073855,0.351503241376,0.351503241376,4.44795058324
LLAMA3,BWB,110,mt,8,4,0,0,4,16,256,313.87345705,6.924116696,313.87345705,9.89159528,31.7313282808,0.183147074462,0.183147074462,9.41010788569
LLAMA3,BWB,111,mt,8,4,0,0,4,16,384,313.87345705,7.61285632,313.87345705,10.8755090286,28.8605762016,0.201364654081,0.201364654081,9.90034419104
LLAMA3,BWB,112,mt,8,4,0,0,5,15,512,313.87345705,7.6128563,313.87345705,10.875509,28.8605762774,0.201364653552,0.201364653552,8.25435341193
LLAMA3,BWB,113,mt,8,4,0,0,5,15,640,313.87345705,8.3265616,313.87345705,11.895088,26.3868125272,0.220242590401,0.220242590401,7.82762535509
LLAMA3,BWB,114,mt,2,5,0,0,2,17,256,318.777729816,3.462058336,310.87896052,4.94579762286,62.8571939708,0.362799533728,0.362799533728,3.6632673376
LLAMA3,BWB,115,mt,2,6,0,0,2,16,256,382.53327578,3.462058336,310.87896052,4.94579762286,62.8571939708,0.362799533728,0.362799533728,3.05272278134
LLAMA3,BWB,116,mt,2,12,0,0,2,10,512,379.371076981,4.350203552,310.662045672,6.21457650286,49.9892543811,0.455552866768,0.455552866768,1.52040563983
LLAMA3,BWB,117,mt,2,13,0,0,2,9,512,379.371076981,4.350203552,310.662045672,6.21457650286,49.9892543811,0.455552866768,0.455552866768,1.65862433436
LLAMA3,BWB,118,mt,2,14,0,0,2,8,512,379.371076981,4.350203552,310.662045672,6.21457650286,49.9892543811,0.455552866768,0.455552866768,1.82448676779
LLAMA3,BWB,119,mt,2,12,0,0,2,10,640,365.981079003,4.7580352,310.621902323,6.79719314286,45.6985546526,0.498196570196,0.498196570196,1.22095856307
LLAMA3,BWB,120,mt,2,13,0,0,2,9,640,365.981079003,4.7580352,310.621902323,6.79719314286,45.6985546526,0.498196570196,0.498196570196,1.24870762132
LLAMA3,BWB,121,mt,2,14,0,0,2,8,640,365.981079003,4.7580352,310.621902323,6.79719314286,45.6985546526,0.498196570196,0.498196570196,1.37357838345
LLAMA3,BWB,122,mt,4,11,0,0,3,10,256,460.495769028,4.760330212,310.569037012,6.80047173143,45.668749063,0.249176021338,0.249176021338,3.85241942601
LLAMA3,BWB,123,mt,4,12,0,0,3,9,256,460.495769028,4.760330212,310.569037012,6.80047173143,45.668749063,0.249176021338,0.249176021338,4.17345437817
LLAMA3,BWB,124,mt,4,13,0,0,3,8,256,460.495769028,4.760330212,310.569037012,6.80047173143,45.668749063,0.249176021338,0.249176021338,4.55285932164
LLAMA3,BWB,125,mt,8,15,0,0,4,5,256,549.460620959,6.924116696,301.318518768,9.89159528,30.4620751495,0.175821191483,0.175821191483,6.8631963027
LLAMA3,BWB,126,mt,4,4,0,0,3,17,256,291.453924404,4.760330212,291.453924404,6.80047173143,42.8578980862,0.233839567475,0.233839567475,6.40760697111
LLAMA3,BWB,127,mt,4,4,0,0,4,16,384,291.453924404,3.80642816,291.453924404,5.43775451429,53.5982129458,0.186981464504,0.186981464504,8.01120297034
LLAMA3,BWB,128,mt,4,4,0,0,4,16,512,291.453924404,4.350203592,291.453924404,6.21457656,46.898436537,0.213693101335,0.213693101335,7.34217914778
LLAMA3,BWB,129,mt,4,4,0,0,4,16,640,291.453924404,4.7580352,291.453924404,6.79719314286,42.8785703566,0.233726830629,0.233726830629,6.9406380844
LLAMA3,BWB,130,mt,8,16,0,0,4,4,256,494.65494056,6.924116696,267.838683349,9.89159528,27.0774001329,0.156285503541,0.156285503541,7.55577712364
LLAMA3,BWB,131,mt,2,12,0,0,2,10,384,353.49327218,3.80642816,258.967795801,5.43775451429,47.6240321479,0.332280155892,0.332280155892,2.12059495957
LLAMA3,BWB,132,mt,2,13,0,0,2,9,384,353.49327218,3.80642816,258.967795801,5.43775451429,47.6240321479,0.332280155892,0.332280155892,2.31337631953
LLAMA3,BWB,133,mt,2,14,0,0,2,8,384,353.49327218,3.80642816,258.967795801,5.43775451429,47.6240321479,0.332280155892,0.332280155892,2.54471395148
LLAMA3,BWB,134,mt,2,4,0,0,3,17,256,255.022183853,2.380165106,255.022183853,3.40023586571,75.0013216508,0.204609621541,0.204609621541,6.10638282808
LLAMA3,BWB,135,mt,2,4,0,0,3,17,384,255.022183853,2.61691936,255.022183853,3.73845622857,68.2159073855,0.224962074481,0.224962074481,5.96872352329
LLAMA3,BWB,136,mt,2,4,0,0,3,17,512,255.022183853,2.990764942,255.022183853,4.27252134571,59.6889197778,0.25709951018,0.25709951018,5.41292994143
LLAMA3,BWB,137,mt,2,4,0,0,3,17,640,255.022183853,3.2711492,255.022183853,4.67307028571,54.5727259084,0.281202593101,0.281202593101,5.07941726869
LLAMA3,BWB,138,mt,2,15,0,0,2,7,512,329.130545769,4.350203552,248.529636538,6.21457650286,39.9914035049,0.364442293415,0.364442293415,1.9003141285
LLAMA3,BWB,139,mt,2,15,0,0,2,7,640,318.999597631,4.7580352,248.497521858,6.79719314286,36.5588437221,0.398557256157,0.398557256157,1.42469660842
LLAMA3,BWB,140,mt,4,14,0,0,3,7,256,388.491391305,4.760330212,248.45522961,6.80047173143,36.5349992504,0.19934081707,0.19934081707,4.80834799749
LLAMA3,BWB,141,mt,4,15,0,0,2,7,256,353.438877456,6.924116672,248.45522961,9.89159524571,25.1178119846,0.289950279375,0.289950279375,3.95053979853
LLAMA3,BWB,142,mt,8,3,0,0,2,19,256,235.405092788,13.857046336,235.405092788,19.79578048,11.8916803015,0.274895442467,0.274895442467,8.34109035459
LLAMA3,BWB,143,mt,8,3,0,0,3,18,384,235.405092788,10.473736339,235.405092788,14.9624804843,15.7330258866,0.207777495678,0.207777495678,9.51550749483
LLAMA3,BWB,144,mt,8,3,0,0,3,18,512,235.405092788,11.9630599,235.405092788,17.0900855714,13.7743659506,0.2373226274,0.2373226274,8.91506483319
LLAMA3,BWB,145,mt,8,3,0,0,3,18,640,235.405092788,13.0845968,235.405092788,18.6922811429,12.5937059789,0.259571624401,0.259571624401,8.55280822022
LLAMA3,BWB,146,mt,4,3,0,0,2,19,256,218.590443303,6.92852312,218.590443303,9.89789017143,22.0845492844,0.255260051951,0.255260051951,6.45493722843
LLAMA3,BWB,147,mt,4,3,0,0,3,18,384,218.590443303,5.236868153,218.590443303,7.48124021857,29.2184767387,0.192936245379,0.192936245379,7.72024155007
LLAMA3,BWB,148,mt,4,3,0,0,3,18,512,218.590443303,5.981529939,218.590443303,8.54504277,25.5809653838,0.220371010752,0.220371010752,7.07463808734
LLAMA3,BWB,149,mt,4,3,0,0,3,18,640,218.590443303,6.5422984,218.590443303,9.34614057143,23.3883111036,0.241030794087,0.241030794087,6.6853896408
LLAMA3,BWB,150,mt,2,7,0,0,2,15,256,309.652836356,3.462058336,207.252640347,4.94579762286,41.9047959805,0.241866355818,0.241866355818,2.44496589597
LLAMA3,BWB,151,mt,2,8,0,0,2,14,256,309.652836356,3.462058336,207.252640347,4.94579762286,41.9047959805,0.241866355818,0.241866355818,2.44496589597
LLAMA3,BWB,152,mt,2,9,0,0,2,13,256,309.652836356,3.462058336,207.252640347,4.94579762286,41.9047959805,0.241866355818,0.241866355818,2.60796362237
LLAMA3,BWB,153,mt,2,10,0,0,2,12,256,309.652836356,3.462058336,207.252640347,4.94579762286,41.9047959805,0.241866355818,0.241866355818,2.79424673825
LLAMA3,BWB,154,mt,2,11,0,0,2,11,256,309.652836356,3.462058336,207.252640347,4.94579762286,41.9047959805,0.241866355818,0.241866355818,3.00918879504
LLAMA3,BWB,155,mt,2,15,0,0,2,7,384,301.969415492,3.80642816,207.174236641,5.43775451429,38.0992257183,0.265824124714,0.265824124714,2.68642221802
LLAMA3,BWB,156,mt,2,16,0,0,1,7,384,237.54324372,7.61285632,207.174236641,10.8755090286,19.0496128592,0.531648249427,0.531648249427,1.82844738578
LLAMA3,BWB,157,mt,2,16,0,0,2,6,512,290.640679243,4.350203552,207.108030448,6.21457650286,33.3261695874,0.303701911179,0.303701911179,2.04268335112
LLAMA3,BWB,158,mt,2,16,0,0,2,6,640,282.707993762,4.7580352,207.081268215,6.79719314286,30.4657031017,0.332131046797,0.332131046797,1.52665748791
LLAMA3,BWB,159,mt,4,16,0,0,2,6,256,309.422165472,6.924116672,207.046024675,9.89159524571,20.9315099872,0.241625232812,0.241625232812,4.27785955974
LLAMA3,BWB,160,mt,2,3,0,0,2,19,256,191.26663789,3.464261536,191.26663789,4.94894505143,38.6479615155,0.223352543909,0.223352543909,5.92852384356
LLAMA3,BWB,161,mt,2,3,0,0,3,18,384,191.26663789,2.61843406,191.26663789,3.74062008571,51.1323346149,0.168819213643,0.168819213643,7.3747402226
LLAMA3,BWB,162,mt,2,3,0,0,3,18,512,191.26663789,2.990764942,191.26663789,4.27252134571,44.7666898333,0.192824632635,0.192824632635,6.63720497151
LLAMA3,BWB,163,mt,2,3,0,0,3,18,640,191.26663789,3.2711492,191.26663789,4.67307028571,40.9295444313,0.210901944826,0.210901944826,6.19260175687
LLAMA3,BWB,164,mt,8,2,0,0,2,20,256,156.936728525,13.904048736,156.936728525,19.8629267657,7.90098711917,0.183885249265,0.183885249265,9.92996553133
LLAMA3,BWB,165,mt,8,2,0,0,2,20,384,156.936728525,15.281527984,156.936728525,21.8307542629,7.18879094306,0.202102828884,0.202102828884,9.4397676939
LLAMA3,BWB,166,mt,8,2,0,0,2,20,512,156.936728525,17.44613816,156.936728525,24.9230545143,6.29684970737,0.230730453063,0.230730453063,8.82513913939
LLAMA3,BWB,167,mt,8,2,0,0,2,20,640,156.936728525,19.069595824,156.936728525,27.2422797486,5.76077809836,0.25220117162,0.25220117162,8.45550627768
LLAMA3,BWB,168,mt,2,12,0,0,2,10,256,247.917829467,3.462058336,155.43948026,4.94579762286,31.4285969854,0.181399766864,0.181399766864,3.10122703726
LLAMA3,BWB,169,mt,2,13,0,0,2,9,256,247.917829467,3.462058336,155.43948026,4.94579762286,31.4285969854,0.181399766864,0.181399766864,3.38315676792
LLAMA3,BWB,170,mt,2,14,0,0,2,8,256,247.917829467,3.462058336,155.43948026,4.94579762286,31.4285969854,0.181399766864,0.181399766864,3.72147244471
LLAMA3,BWB,171,mt,2,15,0,0,1,8,256,206.16418318,6.924116672,155.43948026,9.89159524571,15.7142984927,0.362799533728,0.362799533728,2.38493967292
LLAMA3,BWB,172,mt,4,2,0,0,2,20,256,145.726962202,6.95202432,145.726962202,9.93146331429,14.6732618941,0.170750587424,0.170750587424,8.27912786
LLAMA3,BWB,173,mt,4,2,0,0,2,20,384,145.726962202,7.640763968,145.726962202,10.9153770971,13.3506117933,0.187666911946,0.187666911946,7.75122247292
LLAMA3,BWB,174,mt,4,2,0,0,2,20,512,145.726962202,8.72306904,145.726962202,12.4615272,11.6941495102,0.214249705433,0.214249705433,7.08989120008
LLAMA3,BWB,175,mt,4,2,0,0,2,20,640,145.726962202,9.534797888,145.726962202,13.62113984,10.6985879239,0.234186801629,0.234186801629,6.69235696082
LLAMA3,BWB,176,mt,2,2,0,0,2,20,256,127.511091927,3.47601216,127.511091927,4.96573165714,25.6782083146,0.149406763996,0.149406763996,8.07863762626
LLAMA3,BWB,177,mt,2,2,0,0,2,20,384,127.511091927,3.820381984,127.511091927,5.45768854857,23.3635706383,0.164208547953,0.164208547953,7.47531718388
LLAMA3,BWB,178,mt,2,2,0,0,2,20,512,127.511091927,4.361534496,127.511091927,6.23076356571,20.4647617554,0.187468491222,0.187468491222,6.71967513267
LLAMA3,BWB,179,mt,2,2,0,0,2,20,640,127.511091927,4.767398944,127.511091927,6.81056992,18.7225288668,0.204913451426,0.204913451426,6.26550359722
LLAMA3,BWB,180,mt,2,16,0,0,1,7,256,176.844837058,6.924116672,124.351584208,9.89159524571,12.5714387942,0.290239626982,0.290239626982,2.5402023904
LLAMA3,BWB,181,bstar+mt,8,9,0,0,8,7,384,706.215278363,3.80642816,706.215278363,5.43775451429,129.872592907,0.226535235841,0.226535235841,5.58293545954
LLAMA3,BWB,182,mt,8,9,0,0,9,6,512,706.215278363,4.3502036,706.215278363,6.21457657143,113.638519092,0.258897411709,0.258897411709,5.00030307305
LLAMA3,BWB,183,mt,8,10,0,0,7,7,384,784.683642625,4.7580352,703.076543792,6.79719314286,103.436305106,0.281910515713,0.281910515713,4.72105305437
LLAMA3,BWB,184,mt,8,9,0,0,10,5,512,706.215278363,4.3502036,688.722902843,6.21457657143,110.823785809,0.252484734321,0.252484734321,4.83776460356
LLAMA3,BWB,185,mt,8,10,0,0,9,5,512,784.683642625,4.3502036,688.722902843,6.21457657143,110.823785809,0.252484734321,0.252484734321,4.35398814321
LLAMA3,BWB,186,mt,8,11,0,0,8,5,512,863.152006888,4.3502036,688.722902843,6.21457657143,110.823785809,0.252484734321,0.252484734321,3.95817103928
LLAMA3,BWB,187,mt,8,9,0,0,9,6,384,706.215278363,3.80642816,687.742536704,5.43775451429,126.475466095,0.22060966751,0.22060966751,5.38816693562
LLAMA3,BWB,188,bstar+mt,8,10,0,0,8,6,384,784.683642625,3.80642816,687.742536704,5.43775451429,126.475466095,0.22060966751,0.22060966751,5.41222125229
LLAMA3,BWB,189,mt,8,11,0,0,7,6,384,863.152006888,4.7580352,652.856790664,6.79719314286,96.0479975989,0.261774050305,0.261774050305,4.87352387642
LLAMA3,BWB,190,mt,8,8,0,0,8,8,384,627.7469141,3.80642816,627.7469141,5.43775451429,115.442304806,0.201364654081,0.201364654081,6.60947427611
LLAMA3,BWB,191,mt,8,8,0,0,9,7,384,627.7469141,3.80642816,627.7469141,5.43775451429,115.442304806,0.201364654081,0.201364654081,6.28080239199
LLAMA3,BWB,192,mt,8,8,0,0,10,6,384,627.7469141,3.80642816,627.7469141,5.43775451429,115.442304806,0.201364654081,0.201364654081,6.06168780257
LLAMA3,BWB,193,bstar,2,5,0,0,11,8,384,318.777729816,0.71370528,255.563620008,1.01957897143,250.656032705,0.0614835518692,0.0614835518692,13.8409333781
LLAMA3,BWB,194,bstar,2,5,0,0,11,8,512,318.777729816,0.815663166,255.531751353,1.16523309429,219.296682017,0.0702581532132,0.0702581532132,12.2109291997
LLAMA3,BWB,195,bstar,2,6,0,0,11,7,512,382.53327578,0.815663166,248.529636538,1.16523309429,213.287485359,0.0683329300153,0.0683329300153,10.157469743
LLAMA3,BWB,196,bstar,2,6,0,0,7,11,384,382.53327578,1.1895088,345.290394401,1.69929828571,203.195870498,0.138450064955,0.138450064955,7.42225891092
LLAMA3,BWB,197,bstar,4,6,0,0,11,7,384,437.180886605,1.42741056,413.779691279,2.03915794286,202.916940656,0.0995472090685,0.0995472090685,10.4542479603
LLAMA3,BWB,198,bstar,2,5,0,0,11,8,640,318.777729816,0.8921316,255.504590906,1.27447371429,200.478509712,0.0768366882939,0.0768366882939,11.2329012243
LLAMA3,BWB,199,bstar,2,7,0,0,8,9,512,446.288821743,1.087550888,310.662045672,1.55364412571,199.957017525,0.113888216692,0.113888216692,6.80824233333
LLAMA3,BWB,200,bstar,2,8,0,0,8,8,512,510.044367706,1.087550888,310.662045672,1.55364412571,199.957017525,0.113888216692,0.113888216692,5.95721204167
LLAMA3,BWB,201,bstar,2,6,0,0,11,7,640,382.53327578,0.8921316,248.497521858,1.27447371429,194.980499851,0.0747294855294,0.0747294855294,9.34243347905
LLAMA3,BWB,202,bstar,2,4,0,0,11,9,384,255.022183853,0.71370528,194.266949209,1.01957897143,190.536441661,0.0467367853366,0.0467367853366,17.0608085315
LLAMA3,BWB,203,bstar,2,7,0,0,8,9,384,446.288821743,0.95160704,258.967795801,1.35943862857,190.496128592,0.083070038973,0.083070038973,7.56557392186
LLAMA3,BWB,204,bstar,2,8,0,0,8,8,384,463.976076537,0.95160704,258.967795801,1.35943862857,190.496128592,0.083070038973,0.083070038973,6.61987718163
LLAMA3,BWB,205,bstar,4,8,0,0,8,8,384,582.907848807,1.90321408,517.224614099,2.71887725714,190.234631865,0.165912015114,0.165912015114,6.2354416691
LLAMA3,BWB,206,bstar,4,6,0,0,11,7,512,437.180886605,1.631326347,437.180886605,2.33046621,187.593746148,0.120202369501,0.120202369501,9.45434307071
LLAMA3,BWB,207,bstar,4,8,0,0,8,8,512,582.907848807,2.175101796,582.907848807,3.10728828,187.593746148,0.213693101335,0.213693101335,5.74370779539
LLAMA3,BWB,208,bstar,4,7,0,0,8,9,384,510.044367706,1.90321408,510.044367706,2.71887725714,187.59374531,0.163608781441,0.163608781441,7.1262190504
LLAMA3,BWB,209,bstar,2,7,0,0,8,9,640,446.288821743,1.1895088,310.621902323,1.69929828571,182.79421861,0.124549142549,0.124549142549,6.28425446967
LLAMA3,BWB,210,bstar,2,8,0,0,8,8,640,510.044367706,1.1895088,310.621902323,1.69929828571,182.79421861,0.124549142549,0.124549142549,5.49872266096
LLAMA3,BWB,211,bstar,4,5,0,0,11,8,384,364.317405504,1.42741056,364.317405504,2.03915794286,178.660709819,0.087647561486,0.087647561486,12.8103936918
LLAMA3,BWB,212,bstar,4,7,0,0,11,6,512,510.044367706,1.631326347,413.514651238,2.33046621,177.438595532,0.11369536598,0.11369536598,7.9415741299
LLAMA3,BWB,213,bstar,4,6,0,0,11,7,640,437.180886605,1.7842632,437.180886605,2.54894742857,171.514281427,0.131471342229,0.131471342229,8.74096566522
LLAMA3,BWB,214,bstar,4,8,0,0,8,8,640,582.907848807,2.3790176,582.907848807,3.39859657143,171.514281427,0.233726830629,0.233726830629,5.3423226762
LLAMA3,BWB,215,bstar,2,4,0,0,11,9,256,255.022183853,0.649135938,155.43948026,0.927337054286,167.619183922,0.034012456287,0.034012456287,18.5298177956
LLAMA3,BWB,216,bstar,2,5,0,0,11,8,256,296.748554392,0.649135938,155.43948026,0.927337054286,167.619183922,0.034012456287,0.034012456287,14.8238542365
LLAMA3,BWB,217,bstar,4,5,0,0,11,8,256,364.317405504,1.298271876,310.569037012,1.85467410857,167.452079898,0.0679570967285,0.0679570967285,13.3966812556
LLAMA3,BWB,218,bstar,2,4,0,0,11,9,512,255.022183853,0.815663166,194.248534006,1.16523309429,166.703584853,0.0534084049884,0.0534084049884,15.0233560626
LLAMA3,BWB,219,bstar,4,7,0,0,11,6,640,510.044367706,1.7842632,413.40746556,2.54894742857,162.187521377,0.124322073654,0.124322073654,7.33014981228
LLAMA3,BWB,220,bstar,2,9,0,0,7,8,512,518.070393233,1.35943861,310.662045672,1.94205515714,159.96561402,0.142360270865,0.142360270865,4.34452203462
LLAMA3,BWB,221,bstar,4,9,0,0,7,8,512,655.771329908,2.718877245,620.271976856,3.88411035,159.694735979,0.284238414951,0.284238414951,4.27358768477
LLAMA3,BWB,222,bstar,4,4,0,0,11,9,256,291.453924404,1.298271876,291.453924404,1.85467410857,157.145626316,0.0637744274933,0.0637744274933,16.7458515694
LLAMA3,BWB,223,bstar,4,5,0,0,12,7,512,364.317405504,1.631326347,364.317405504,2.33046621,156.32812179,0.100168641251,0.100168641251,11.1037333773
LLAMA3,BWB,224,bstar,2,4,0,0,11,9,640,255.022183853,0.8921316,194.232838558,1.27447371429,152.40238883,0.0584107237359,0.0584107237359,13.8008660502
LLAMA3,BWB,225,bstar,2,9,0,0,7,8,384,452.198355348,1.1895088,258.967795801,1.69929828571,152.396902873,0.103837548716,0.103837548716,4.79773236401
LLAMA3,BWB,226,bstar,4,9,0,0,7,8,384,655.771329908,2.3790176,517.224614099,3.39859657143,152.187705492,0.207390018893,0.207390018893,4.59183727199
LLAMA3,BWB,227,bstar,2,3,0,0,8,13,256,191.26663789,0.866065384,185.056468131,1.23723626286,149.572457328,0.0540251470145,0.0540251470145,18.8764386304
LLAMA3,BWB,228,bstar,2,9,0,0,7,8,640,510.068717242,1.486886,310.621902323,2.12412285714,146.235374888,0.155686428186,0.155686428186,4.01847114957
LLAMA3,BWB,229,bstar,4,9,0,0,8,7,640,655.771329908,2.3790176,496.088958672,3.39859657143,145.968769239,0.198915317846,0.198915317846,4.55960705017
LLAMA3,BWB,230,bstar,8,8,0,0,11,5,384,627.7469141,2.85482112,589.493602889,4.07831588571,144.543389823,0.141820500542,0.141820500542,7.56054900005
LLAMA3,BWB,231,bstar,4,5,0,0,11,8,640,364.317405504,1.7842632,364.317405504,2.54894742857,142.928567855,0.109559451858,0.109559451858,10.5278771022
LLAMA3,BWB,232,bstar,4,4,0,0,16,4,384,291.453924404,0.95160704,194.041226775,1.35943862857,142.736290331,0.0311216539893,0.0311216539893,22.058264582
LLAMA3,BWB,233,bstar,8,5,0,0,16,3,384,392.341821313,1.90321408,370.213578064,2.71887725714,136.164138006,0.0593773759842,0.0593773759842,16.8351671182
LLAMA3,BWB,234,bstar,2,3,0,0,8,13,384,191.26663789,0.95215784,185.049687692,1.36022548571,136.043391066,0.0593934170178,0.0593934170178,17.2571109291
LLAMA3,BWB,235,bstar,8,8,0,0,11,5,512,627.7469141,3.2626527,627.7469141,4.66093242857,134.682689295,0.172598274473,0.172598274473,6.890935349
LLAMA3,BWB,236,bstar,8,7,0,0,11,6,384,549.278549838,2.85482112,549.278549838,4.07831588571,134.682688941,0.13214555424,0.13214555424,8.81949648122
LLAMA3,BWB,237,bstar,2,6,0,0,7,11,256,374.840915466,1.08189323,207.252640347,1.54556175714,134.095347138,0.0755832361932,0.0755832361932,7.70991152747
LLAMA3,BWB,238,bstar,4,6,0,0,7,11,256,437.180886605,2.16378646,414.09204935,3.09112351429,133.961663918,0.151015770508,0.151015770508,7.21929347389
LLAMA3,BWB,239,bstar,2,10,0,0,8,6,512,374.417140495,1.087550888,207.108030448,1.55364412571,133.30467835,0.0759254777947,0.0759254777947,4.60334609251
LLAMA3,BWB,240,bstar,4,10,0,0,6,8,512,728.634811009,3.262652694,620.271976856,4.66093242,133.078946649,0.341086097941,0.341086097941,3.34707070295
LLAMA3,BWB,241,bstar,8,9,0,0,11,4,512,706.215278363,3.2626527,602.632539988,4.66093242857,129.294416777,0.165693106898,0.165693106898,6.00337201366
LLAMA3,BWB,242,bstar,4,3,0,0,16,5,256,218.590443303,0.86606539,158.469564335,1.23723627143,128.083509993,0.0231317004381,0.0231317004381,32.065548608
LLAMA3,BWB,243,bstar,2,10,0,0,6,8,384,441.003770718,1.42741056,258.967795801,2.03915794286,126.997419061,0.12460505846,0.12460505846,4.0915149358
LLAMA3,BWB,244,bstar,8,6,0,0,11,7,256,470.810185575,2.596543761,470.810185575,3.70934823,126.925313123,0.103020229385,0.103020229385,10.7601688141
LLAMA3,BWB,245,bstar,4,10,0,0,6,8,384,728.634811009,2.85482112,517.224614099,4.07831588571,126.82308791,0.248868022671,0.248868022671,3.9756551538
LLAMA3,BWB,246,bstar,2,7,0,0,8,9,256,292.319612195,0.865514584,155.43948026,1.23644940571,125.714387942,0.0453499417159,0.0453499417159,8.23227054949
LLAMA3,BWB,247,bstar,2,8,0,0,8,8,256,292.319612195,0.865514584,155.43948026,1.23644940571,125.714387942,0.0453499417159,0.0453499417159,8.23227054949
LLAMA3,BWB,248,bstar,4,7,0,0,8,9,256,510.044367706,1.731029168,310.569037012,2.47289881143,125.589059923,0.0906094623047,0.0906094623047,7.51510840948
LLAMA3,BWB,249,bstar,4,8,0,0,8,8,256,551.214699477,1.731029168,310.569037012,2.47289881143,125.589059923,0.0906094623047,0.0906094623047,7.51510840948
LLAMA3,BWB,250,bstar,8,4,0,0,16,4,256,313.87345705,1.731029174,309.951232273,2.47289882,125.339229315,0.045214608102,0.045214608102,22.8278745085
LLAMA3,BWB,251,bstar,4,4,0,0,16,4,512,291.453924404,1.087550898,194.004184282,1.55364414,124.87041227,0.0355608145405,0.0355608145405,19.3840757248
LLAMA3,BWB,252,bstar,8,8,0,0,11,5,640,627.7469141,3.5685264,627.7469141,5.09789485714,123.13845846,0.188779363201,0.188779363201,6.3757028542
LLAMA3,BWB,253,bstar,2,10,0,0,8,6,640,371.031641778,1.1895088,207.081268215,1.69929828571,121.862812407,0.0830327616994,0.0830327616994,4.23657557611
LLAMA3,BWB,254,bstar_fill,2,5,0,0,8,11,384,318.777729816,0.95160704,318.777729816,1.35943862857,234.492181638,0.1022554884,0.1022554884,10.8483574776
LLAMA3,BWB,255,bstar_fill,2,5,0,0,8,11,512,318.777729816,1.087550888,318.777729816,1.55364412571,205.180661736,0.116863413718,0.116863413718,9.62579602717
LLAMA3,BWB,256,bstar_fill,2,6,0,0,11,7,384,382.53327578,0.71370528,207.174236641,1.01957897143,203.195870498,0.0498420233838,0.0498420233838,11.4076139613
LLAMA3,CHAT,1,mt,64,5,0,0,8,11,256,3868.81918354,0.547861088,4152.5835688,0.782658697143,5305.74001663,0.819066442977,0.819066442977,1.13656476283
LLAMA3,CHAT,2,mt,64,6,0,0,7,11,256,3413.03618046,0.68482636,4055.91864192,0.978323371429,4145.78528978,0.97672173834,1.02383305372,0.843002865043
LLAMA3,CHAT,3,mt,64,5,0,0,8,11,384,3581.48192891,0.590566732,3834.89437502,0.84366676,4545.50843632,0.815366157339,0.815366157339,1.05223159267
LLAMA3,CHAT,4,mt,32,5,0,0,8,11,384,3562.45969182,0.295283356,3791.53837641,0.421833365714,8988.23726281,0.806147880321,0.806147880321,1.05768114918
LLAMA3,CHAT,5,mt,32,6,0,0,7,11,384,3146.82202214,0.369104195,3762.62318016,0.527291707143,7135.75261888,0.991379718131,1.00869523727,0.78419532533
LLAMA3,CHAT,6,mt,64,6,0,0,7,11,384,3160.33536737,0.738208415,3762.62305273,1.05458345,3567.87606778,0.981154286083,1.01920769667,0.780255495388
LLAMA3,CHAT,7,mt,32,4,0,0,7,13,256,3258.11962001,0.34241317,3721.9490079,0.489161671429,7608.83205962,0.917658668184,0.917658668184,1.21051809869
LLAMA3,CHAT,8,mt,32,5,0,0,7,12,256,3258.11962001,0.34241317,3721.9490079,0.489161671429,7608.83205962,0.917658668184,0.917658668184,0.968414478948
LLAMA3,CHAT,9,mt,32,6,0,0,7,11,256,3258.11962001,0.34241317,3721.9490079,0.489161671429,7608.83205962,0.917658668184,0.917658668184,0.80701206579
LLAMA3,CHAT,10,mt,32,4,0,0,7,13,384,3114.45602502,0.369104195,3702.52609471,0.527291707143,7021.77949047,0.984027875615,0.984027875615,1.16184776803
LLAMA3,CHAT,11,mt,32,7,0,0,6,11,256,2928.74688029,0.410895804,3379.93230031,0.586994005714,5758.03546102,0.908108169438,1.10119040182,0.647642641056
LLAMA3,CHAT,12,mt,64,7,0,0,6,11,256,3053.32589664,0.821791632,3379.9322016,1.17398804571,2879.01756235,0.81393478195,1.22859966447,0.679904214992
LLAMA3,CHAT,13,mt,32,6,0,0,7,11,512,2798.99303912,0.411347615,3334.69222041,0.58763945,5674.72490217,0.987699950768,0.987699950768,0.696307421
LLAMA3,CHAT,14,mt,64,5,0,0,7,12,512,2798.99192754,0.822695235,3334.68909287,1.17527890714,2837.35977273,0.987699030425,0.987699030425,0.827042303919
LLAMA3,CHAT,15,mt,64,6,0,0,7,11,512,2798.99192754,0.822695235,3334.68909287,1.17527890714,2837.35977273,0.987699030425,0.987699030425,0.689201919933
LLAMA3,CHAT,16,mt,32,5,0,0,7,12,512,2797.35759289,0.411347615,3330.0532309,0.58763945,5666.83062361,0.986325931995,0.986325931995,0.83499130929
LLAMA3,CHAT,17,mt,32,3,0,0,6,15,256,2797.37760964,0.411198576,3328.44468021,0.587426537143,5666.14626639,0.985492304721,0.985492304721,1.39157232226
LLAMA3,CHAT,18,mt,32,3,0,0,7,14,384,2971.23234721,0.369356505,3324.62074908,0.52765215,6300.78120421,0.884195204732,0.884195204732,1.47017596396
LLAMA3,CHAT,19,mt,32,4,0,0,7,13,512,2772.76707198,0.411347615,3261.19369065,0.58763945,5549.65070955,0.965930477176,0.965930477176,1.03302209664
LLAMA3,CHAT,20,bstar+mt,16,6,0,0,7,11,512,2748.09390046,0.2056738,3193.74281907,0.293819714286,10869.7363172,0.945952220364,0.945952220364,0.695594772608
LLAMA3,CHAT,21,mt,32,3,0,0,7,14,512,2732.73020261,0.411347615,3152.54660745,0.58763945,5364.76338926,0.933750380292,0.933750380292,1.35481689743
LLAMA3,CHAT,22,mt,32,7,0,0,6,11,384,2816.98865543,0.442925034,3135.5193168,0.632750048571,4955.38376311,0.826149765109,1.21043428472,0.616395943022
LLAMA3,CHAT,23,mt,64,7,0,0,6,11,384,2827.81278215,0.885850098,3135.51921061,1.26550014,2477.69171374,0.817628571736,1.22304923601,0.61358804452
LLAMA3,CHAT,24,mt,16,6,0,0,6,12,384,2607.82290931,0.221462508,3120.84293968,0.316375011429,9864.37874972,0.995319274907,0.995319274907,0.662392327032
LLAMA3,CHAT,25,mt,16,7,0,0,6,11,384,2607.82290931,0.221462508,3120.84293968,0.316375011429,9864.37874972,0.995319274907,0.995319274907,0.567764851741
LLAMA3,CHAT,26,mt,64,8,0,0,6,10,256,2719.99769063,0.821791632,3114.4376766,1.17398804571,2652.87000832,0.921449748349,0.921449748349,0.586198501072
LLAMA3,CHAT,27,mt,64,9,0,0,6,9,256,2719.99769063,0.821791632,3114.4376766,1.17398804571,2652.87000832,0.921449748349,0.921449748349,0.625278401143
LLAMA3,CHAT,28,mt,64,10,0,0,6,8,256,2719.99769063,0.821791632,3114.4376766,1.17398804571,2652.87000832,0.921449748349,0.921449748349,0.669941144082
LLAMA3,CHAT,29,mt,16,5,0,0,6,13,384,2593.56995131,0.221462508,3080.32683808,0.316375011429,9736.31521709,0.982397619557,0.982397619557,0.789723222044
LLAMA3,CHAT,30,mt,16,5,0,0,7,12,512,2702.87283995,0.2056738,3074.19413843,0.293819714286,10462.8586475,0.910543188925,0.910543188925,0.81952506818
LLAMA3,CHAT,31,mt,32,5,0,0,7,12,640,2564.75750935,0.44303018,3001.22018358,0.632900257143,4742.01131965,0.957395678392,0.957395678392,0.763986596726
LLAMA3,CHAT,32,mt,32,6,0,0,7,11,640,2564.75750935,0.44303018,3001.22018358,0.632900257143,4742.01131965,0.957395678392,0.957395678392,0.636655497271
LLAMA3,CHAT,33,mt,64,5,0,0,7,12,640,2564.75688438,0.886060365,3001.21849471,1.26580052143,2371.00431221,0.957395145041,0.957395145041,0.756190604812
LLAMA3,CHAT,34,mt,64,6,0,0,7,11,640,2564.75688438,0.886060365,3001.21849471,1.26580052143,2371.00431221,0.957395145041,0.957395145041,0.630158837344
LLAMA3,CHAT,35,mt,32,4,0,0,7,13,640,2549.80179956,0.44303018,2960.57969631,0.632900257143,4677.79822001,0.944431275748,0.944431275748,0.948658113255
LLAMA3,CHAT,36,mt,16,6,0,0,7,11,640,2528.92339502,0.221515085,2904.88780052,0.316450121429,9179.60716024,0.926665420577,0.926665420577,0.63944928366
LLAMA3,CHAT,37,mt,32,8,0,0,5,11,256,2659.8544933,0.479378438,2897.08482883,0.68482634,4230.39339993,0.778378430946,1.28472213546,0.603610278632
LLAMA3,CHAT,38,mt,64,11,0,0,5,8,256,2486.54265319,0.958756904,2897.08474423,1.36965272,2115.19657642,0.930211179371,1.07502470641,0.667834399682
LLAMA3,CHAT,39,mt,64,8,0,0,6,10,384,2518.31594734,0.885850098,2876.17078127,1.26550014,2272.75421816,0.917286927006,0.917286927006,0.463044757449
LLAMA3,CHAT,40,mt,64,9,0,0,6,9,384,2518.31594734,0.885850098,2876.17078127,1.26550014,2272.75421816,0.917286927006,0.917286927006,0.411595339955
LLAMA3,CHAT,41,mt,64,10,0,0,6,8,384,2518.31594734,0.885850098,2876.17078127,1.26550014,2272.75421816,0.917286927006,0.917286927006,0.413432819151
LLAMA3,CHAT,42,mt,32,3,0,0,7,14,640,2515.90562128,0.44303018,2870.76360518,0.632900257143,4535.88629927,0.915779749956,0.915779749956,1.24623929932
LLAMA3,CHAT,43,mt,32,8,0,0,6,10,384,2506.87821552,0.442925034,2846.50506109,0.632750048571,4498.6248006,0.907825713539,0.907825713539,0.465509892425
LLAMA3,CHAT,44,mt,32,9,0,0,6,9,384,2506.87821552,0.442925034,2846.50506109,0.632750048571,4498.6248006,0.907825713539,0.907825713539,0.413786571044
LLAMA3,CHAT,45,mt,32,10,0,0,6,8,384,2506.87821552,0.442925034,2846.50506109,0.632750048571,4498.6248006,0.907825713539,0.907825713539,0.415633832522
LLAMA3,CHAT,46,mt,16,5,0,0,7,12,640,2506.40427349,0.221515085,2846.14150375,0.316450121429,8993.96559212,0.907925226275,0.907925226275,0.759875423842
LLAMA3,CHAT,47,mt,16,7,0,0,6,11,512,2466.97292743,0.24680856,2813.51667868,0.352583657143,7979.71381168,0.880946537673,1.13514266444,0.5451587662
LLAMA3,CHAT,48,mt,32,7,0,0,6,11,512,2507.9134973,0.493617138,2813.51657608,0.70516734,3989.85661486,0.843711020422,1.18523994092,0.546790915997
LLAMA3,CHAT,49,mt,64,7,0,0,6,11,512,2507.91260331,0.987234282,2813.51655898,1.41033468857,1994.92828318,0.843711806596,1.18523883651,0.541211140039
LLAMA3,CHAT,50,mt,32,9,0,0,5,10,256,2376.76575576,0.479378438,2791.46175593,0.68482634,4076.16003194,0.963541601594,0.963541601594,0.553340002783
LLAMA3,CHAT,51,mt,32,10,0,0,5,9,256,2376.76575576,0.479378438,2791.46175593,0.68482634,4076.16003194,0.963541601594,0.963541601594,0.592864288696
LLAMA3,CHAT,52,mt,32,11,0,0,5,8,256,2376.76575576,0.479378438,2791.46175593,0.68482634,4076.16003194,0.963541601594,0.963541601594,0.638469233981
LLAMA3,CHAT,53,mt,16,8,0,0,5,11,384,2377.16191913,0.258372926,2687.58809505,0.36910418,7281.38081516,0.86117377484,1.16120582072,0.461225698746
LLAMA3,CHAT,54,mt,32,11,0,0,5,8,384,2292.99637462,0.516745873,2687.58798583,0.73820839,3640.69011167,0.944171160125,1.05912999913,0.414089152158
LLAMA3,CHAT,55,mt,64,11,0,0,5,8,384,2302.56194444,1.033491781,2687.58789481,1.47641683,1820.34493254,0.934432653413,1.07016808151,0.41206083643
LLAMA3,CHAT,56,mt,16,7,0,0,6,11,640,2272.28580958,0.265818102,2612.31268591,0.379740145714,6879.21125906,0.899281784805,1.11199850469,0.500685913634
LLAMA3,CHAT,57,mt,32,7,0,0,6,11,640,2301.17445054,0.531636216,2612.31262695,0.759480308571,3439.60547425,0.870416852865,1.14887481407,0.499239510083
LLAMA3,CHAT,58,mt,64,7,0,0,6,11,640,2301.17394609,1.063272438,2612.31261221,1.51896062571,1719.80271772,0.870417337762,1.14887417405,0.494145079403
LLAMA3,CHAT,59,mt,16,4,0,0,4,16,256,2207.00121121,0.27393052,2534.94937329,0.391329314286,6477.79065036,0.897188928054,1.11459244395,0.851296057675
LLAMA3,CHAT,60,mt,32,12,0,0,4,8,256,2196.56016022,0.547861072,2534.94922523,0.782658674286,3238.89494682,0.908108169438,1.10119040182,0.647642641056
LLAMA3,CHAT,61,mt,64,12,0,0,4,8,256,2289.99442248,1.095722176,2534.9491512,1.56531739429,1619.44737882,0.81393478195,1.22859966447,0.679904214992
LLAMA3,CHAT,62,mt,16,3,0,0,4,17,256,2107.69208516,0.27413236,2523.85675599,0.391617657143,6444.69601907,0.996357731596,0.996357731596,1.07080691196
LLAMA3,CHAT,63,mt,16,3,0,0,5,16,384,2179.553881,0.258549536,2523.02417246,0.36935648,6830.86478533,0.939410612194,0.939410612194,1.10295834184
LLAMA3,CHAT,64,mt,32,8,0,0,6,10,512,2228.5738524,0.493617138,2501.01916531,0.70516734,3546.70306386,0.888929955691,0.888929955691,0.413567181439
LLAMA3,CHAT,65,mt,32,9,0,0,6,9,512,2228.5738524,0.493617138,2501.01916531,0.70516734,3546.70306386,0.888929955691,0.888929955691,0.36761527239
LLAMA3,CHAT,66,mt,32,10,0,0,6,8,512,2228.5738524,0.493617138,2501.01916531,0.70516734,3546.70306386,0.888929955691,0.888929955691,0.330853745151
LLAMA3,CHAT,67,mt,64,8,0,0,6,10,512,2228.57291367,0.987234282,2501.01681965,1.41033468857,1773.34985796,0.888929127383,0.888929127383,0.40934692617
LLAMA3,CHAT,68,mt,64,9,0,0,6,9,512,2228.57291367,0.987234282,2501.01681965,1.41033468857,1773.34985796,0.888929127383,0.888929127383,0.363863934373
LLAMA3,CHAT,69,mt,64,10,0,0,6,8,512,2228.57291367,0.987234282,2501.01681965,1.41033468857,1773.34985796,0.888929127383,0.888929127383,0.327477540936
LLAMA3,CHAT,70,mt,64,13,0,0,4,7,256,2097.23651478,1.095722176,2491.55014128,1.56531739429,1591.72200499,0.982879731572,0.982879731572,0.659934156934
LLAMA3,CHAT,71,mt,16,3,0,0,5,16,512,2046.62019243,0.28794332,2411.58572458,0.4113476,5862.64688205,0.956651941083,1.04531225732,1.04444534341
LLAMA3,CHAT,72,mt,16,8,0,0,5,11,512,2238.02983202,0.28794332,2411.58572458,0.4113476,5862.64688205,0.755097032291,1.32433310851,0.445098092547
LLAMA3,CHAT,73,mt,32,11,0,0,5,8,512,2040.05045773,0.575886661,2411.58563664,0.82269523,2931.32322724,0.964241166197,1.03708494831,0.278028851824
LLAMA3,CHAT,74,mt,64,11,0,0,5,8,512,2040.04967005,1.151773329,2411.58562198,1.64539047,1465.66159581,0.964242064681,1.03708398195,0.275191690505
LLAMA3,CHAT,75,mt,16,9,0,0,5,10,512,2003.9801308,0.28794332,2395.3071143,0.4113476,5823.07302705,0.993249831382,0.993249831382,0.33928649887
LLAMA3,CHAT,76,mt,16,10,0,0,5,9,512,2003.9801308,0.28794332,2395.3071143,0.4113476,5823.07302705,0.993249831382,0.993249831382,0.305357848983
LLAMA3,CHAT,77,mt,16,11,0,0,5,8,512,2003.9801308,0.28794332,2395.3071143,0.4113476,5823.07302705,0.993249831382,0.993249831382,0.27759804453
LLAMA3,CHAT,78,mt,16,4,0,0,4,16,384,2274.81189851,0.295283344,2351.63958317,0.421833348571,5574.80718661,0.667546406546,1.49802319388,0.932936069096
LLAMA3,CHAT,79,mt,16,9,0,0,4,11,384,2183.98889385,0.295283344,2351.63958317,0.421833348571,5574.80718661,0.753527052985,1.32709236654,0.386266034533
LLAMA3,CHAT,80,mt,32,12,0,0,4,8,384,2112.74149157,0.590566712,2351.6394876,0.843666731429,2787.40336675,0.826149765109,1.21043428472,0.421364414175
LLAMA3,CHAT,81,mt,64,12,0,0,4,8,384,2120.85958661,1.181133464,2351.63940796,1.68733352,1393.70158898,0.817628571736,1.22304923601,0.419444952308
LLAMA3,CHAT,82,mt,16,4,0,0,5,15,512,1986.14684996,0.28794332,2344.97378319,0.4113476,5700.71098797,0.972378364697,0.972378364697,0.755401060797
LLAMA3,CHAT,83,mt,16,4,0,0,6,14,640,2077.01743111,0.265818102,2341.94437004,0.379740145714,6167.2288181,0.896502314852,0.896502314852,0.786797900754
LLAMA3,CHAT,84,mt,16,10,0,0,4,10,384,1955.86718198,0.295283344,2340.63220476,0.421833348571,5548.71304672,0.995319274907,0.995319274907,0.332674717817
LLAMA3,CHAT,85,mt,16,11,0,0,4,9,384,1955.86718198,0.295283344,2340.63220476,0.421833348571,5548.71304672,0.995319274907,0.995319274907,0.358265080726
LLAMA3,CHAT,86,mt,16,12,0,0,4,8,384,1955.86718198,0.295283344,2340.63220476,0.421833348571,5548.71304672,0.995319274907,0.995319274907,0.38812050412
LLAMA3,CHAT,87,mt,64,13,0,0,4,7,384,1941.87013322,1.181133464,2300.93662501,1.68733352,1363.6525309,0.978439388806,0.978439388806,0.407227596946
LLAMA3,CHAT,88,mt,32,13,0,0,4,7,384,1933.36774364,0.590566712,2277.20404887,0.843666731429,2699.17488036,0.968347427775,0.968347427775,0.409327162473
LLAMA3,CHAT,89,mt,32,8,0,0,6,10,640,2040.42624109,0.531636216,2250.91513769,0.759480308571,2963.75707478,0.861656110553,0.861656110553,0.378447243031
LLAMA3,CHAT,90,mt,32,9,0,0,6,9,640,2040.42624109,0.531636216,2250.91513769,0.759480308571,2963.75707478,0.861656110553,0.861656110553,0.336397549361
LLAMA3,CHAT,91,mt,32,10,0,0,6,8,640,2040.42624109,0.531636216,2250.91513769,0.759480308571,2963.75707478,0.861656110553,0.861656110553,0.302757794425
LLAMA3,CHAT,92,mt,64,8,0,0,6,10,640,2040.42571438,1.063272438,2250.91387103,1.51896062571,1481.87769513,0.861655630537,0.861655630537,0.374585437771
LLAMA3,CHAT,93,mt,64,9,0,0,6,9,640,2040.42571438,1.063272438,2250.91387103,1.51896062571,1481.87769513,0.861655630537,0.861655630537,0.332964833574
LLAMA3,CHAT,94,mt,64,10,0,0,6,8,640,2040.42571438,1.063272438,2250.91387103,1.51896062571,1481.87769513,0.861655630537,0.861655630537,0.299668350217
LLAMA3,CHAT,95,mt,16,3,0,0,5,16,640,1956.36916917,0.310121119,2239.12515935,0.44303017,5054.11439441,0.889061997742,1.12478095177,1.00743242928
LLAMA3,CHAT,96,mt,16,8,0,0,5,11,640,2062.93697546,0.310121119,2239.12515935,0.44303017,5054.11439441,0.770812958404,1.29733158881,0.408466754205
LLAMA3,CHAT,97,mt,32,11,0,0,5,8,640,1870.01881514,0.620242252,2239.12510881,0.88606036,2527.05708312,0.99476211756,1.00526546231,0.254113812266
LLAMA3,CHAT,98,mt,64,11,0,0,5,8,640,1870.01837185,1.240484511,2239.12509618,1.77212073,1263.5285273,0.994762671728,1.00526490229,0.251520742519
LLAMA3,CHAT,99,mt,32,13,0,0,4,7,256,1999.85327286,0.547861072,2233.16940474,0.782658674286,2853.31202236,0.880952321457,0.880952321457,0.632464822077
LLAMA3,CHAT,100,mt,16,9,0,0,5,10,640,1844.60887294,0.310121119,2178.66585039,0.44303017,4917.64669299,0.972998691606,0.972998691606,0.311822396437
LLAMA3,CHAT,101,mt,16,10,0,0,5,9,640,1844.60887294,0.310121119,2178.66585039,0.44303017,4917.64669299,0.972998691606,0.972998691606,0.280640156793
LLAMA3,CHAT,102,mt,16,11,0,0,5,8,640,1844.60887294,0.310121119,2178.66585039,0.44303017,4917.64669299,0.972998691606,0.972998691606,0.255127415266
LLAMA3,CHAT,103,mt,16,12,0,0,4,8,512,1850.22969557,0.32907808,2110.13750901,0.470111542857,4488.58901907,0.880946537673,1.13514266444,0.279500343999
LLAMA3,CHAT,104,mt,32,12,0,0,4,8,512,1880.93512298,0.658156184,2110.13743206,0.94022312,2244.29434586,0.843711020422,1.18523994092,0.280337139549
LLAMA3,CHAT,105,mt,64,12,0,0,4,8,512,1880.93445248,1.316312376,2110.13741924,1.88044625143,1122.14715929,0.843711806596,1.18523883651,0.277476414571
LLAMA3,CHAT,106,mt,64,14,0,0,4,6,256,1934.40959177,1.095722176,2076.2917844,1.56531739429,1326.43500416,0.819066442977,0.819066442977,0.665955915718
LLAMA3,CHAT,107,mt,32,13,0,0,4,7,512,1719.30587351,0.658156184,2000.81533225,0.94022312,2128.02183831,0.948191952737,0.948191952737,0.272647684592
LLAMA3,CHAT,108,mt,64,13,0,0,4,7,512,1719.30517474,1.316312376,2000.81345572,1.88044625143,1064.00991477,0.948191069208,0.948191069208,0.269865441334
LLAMA3,CHAT,109,mt,16,12,0,0,4,8,640,1704.21435718,0.354424136,1959.23451443,0.506320194286,3869.55633322,0.899281784805,1.11199850469,0.219050087215
LLAMA3,CHAT,110,mt,32,12,0,0,4,8,640,1725.88083791,0.708848288,1959.23447021,1.01264041143,1934.77807927,0.870416852865,1.14887481407,0.218417285661
LLAMA3,CHAT,111,mt,64,12,0,0,4,8,640,1725.88045957,1.417696584,1959.23445916,2.02528083429,967.389028715,0.870417337762,1.14887417405,0.216188472239
LLAMA3,CHAT,112,mt,64,14,0,0,4,6,384,1790.74096446,1.181133464,1917.44718751,1.68733352,1136.37710908,0.815366157339,0.815366157339,0.411027965888
LLAMA3,CHAT,113,mt,16,13,0,0,4,7,512,1687.31145528,0.32907808,1916.24569144,0.470111542857,4076.15111893,0.908114131549,0.908114131549,0.272488612098
LLAMA3,CHAT,114,mt,32,14,0,0,4,6,384,1782.06844929,0.590566712,1897.67004072,0.843666731429,2249.3124003,0.806956189812,0.806956189812,0.413341599861
LLAMA3,CHAT,115,mt,8,6,0,0,4,14,512,1675.04881129,0.164539024,1884.9031042,0.235055748571,8018.96195118,0.893260705932,0.893260705932,0.439893917709
LLAMA3,CHAT,116,mt,8,7,0,0,4,13,512,1675.04881129,0.164539024,1884.9031042,0.235055748571,8018.96195118,0.893260705932,0.893260705932,0.377051929464
LLAMA3,CHAT,117,mt,8,8,0,0,4,12,512,1675.04881129,0.164539024,1884.9031042,0.235055748571,8018.96195118,0.893260705932,0.893260705932,0.329920438281
LLAMA3,CHAT,118,mt,8,9,0,0,4,11,512,1675.04881129,0.164539024,1884.9031042,0.235055748571,8018.96195118,0.893260705932,0.893260705932,0.293262611806
LLAMA3,CHAT,119,mt,16,5,0,0,4,15,256,1846.43069851,0.27393052,1883.6236115,0.391329314286,4813.3976749,0.743061629297,0.743061629297,0.56137966351
LLAMA3,CHAT,120,mt,16,6,0,0,4,14,256,1846.43069851,0.27393052,1883.6236115,0.391329314286,4813.3976749,0.743061629297,0.743061629297,0.467816386259
LLAMA3,CHAT,121,mt,16,7,0,0,4,13,256,1846.43069851,0.27393052,1883.6236115,0.391329314286,4813.3976749,0.743061629297,0.743061629297,0.411166745735
LLAMA3,CHAT,122,mt,16,8,0,0,4,12,256,1846.43069851,0.27393052,1883.6236115,0.391329314286,4813.3976749,0.743061629297,0.743061629297,0.411166745735
LLAMA3,CHAT,123,mt,16,9,0,0,4,11,256,1846.43069851,0.27393052,1883.6236115,0.391329314286,4813.3976749,0.743061629297,0.743061629297,0.438577862117
LLAMA3,CHAT,124,mt,8,6,0,0,4,14,640,1605.59095776,0.177212064,1882.94662317,0.253160091429,7437.77035529,0.961062377575,0.961062377575,0.423062544151
LLAMA3,CHAT,125,mt,8,7,0,0,4,13,640,1605.59095776,0.177212064,1882.94662317,0.253160091429,7437.77035529,0.961062377575,0.961062377575,0.362625037844
LLAMA3,CHAT,126,mt,8,8,0,0,4,12,640,1605.59095776,0.177212064,1882.94662317,0.253160091429,7437.77035529,0.961062377575,0.961062377575,0.317296908114
LLAMA3,CHAT,127,mt,8,9,0,0,4,11,640,1605.59095776,0.177212064,1882.94662317,0.253160091429,7437.77035529,0.961062377575,0.961062377575,0.282041696101
LLAMA3,CHAT,128,mt,16,13,0,0,4,7,384,1770.89400178,0.295283344,1872.50576381,0.421833348571,4438.97043737,0.796255419925,0.796255419925,0.381163092067
LLAMA3,CHAT,129,mt,32,14,0,0,4,6,256,1835.48176536,0.547861072,1860.97450395,0.782658674286,2377.76001863,0.734126934547,0.734126934547,0.64140472763
LLAMA3,CHAT,130,mt,16,10,0,0,3,11,256,1550.0564051,0.376654465,1843.59954421,0.538077807143,3426.2694349,0.978751557877,1.02170974028,0.396381422777
LLAMA3,CHAT,131,mt,32,15,0,0,3,6,256,1542.33288729,0.753308974,1843.59943653,1.07615567714,1713.13451733,0.990663457568,1.009424535,0.600589542511
LLAMA3,CHAT,132,mt,64,15,0,0,3,6,256,1611.58803539,1.506617992,1843.59938269,2.15231141714,856.567208632,0.887928853036,1.12621635909,0.629012341352
LLAMA3,CHAT,133,mt,32,13,0,0,4,7,640,1574.93398824,0.708848288,1800.73211015,1.01264041143,1778.25424487,0.919099851257,0.919099851257,0.199495589671
LLAMA3,CHAT,134,mt,64,13,0,0,4,7,640,1574.93359567,1.417696584,1800.73109683,2.02528083429,889.12661708,0.91909933924,0.91909933924,0.197459866591
LLAMA3,CHAT,135,mt,64,16,0,0,3,5,256,1513.67997047,1.506617992,1779.67867234,2.15231141714,826.868574021,0.965328307794,0.965328307794,0.65409276178
LLAMA3,CHAT,136,mt,8,4,0,0,4,16,384,1724.91519816,0.147641664,1772.5844991,0.210916662857,8404.19374691,0.753765337063,0.753765337063,0.681177450086
LLAMA3,CHAT,137,mt,8,4,0,0,4,16,512,1628.85443114,0.164539024,1771.8150296,0.235055748571,7537.85023496,0.839667959904,0.839667959904,0.641162685859
LLAMA3,CHAT,138,mt,8,4,0,0,4,16,640,1563.51839503,0.177212064,1771.16072132,0.253160091429,6996.20825434,0.904006472066,0.904006472066,0.616130698874
LLAMA3,CHAT,139,mt,16,13,0,0,4,7,640,1552.4208888,0.354424136,1742.93268031,0.506320194286,3442.35268509,0.889598803754,0.889598803754,0.200437633564
LLAMA3,CHAT,140,mt,8,5,0,0,3,16,384,1602.9227383,0.203007288,1710.28342588,0.290010411429,5897.31733236,0.733956160234,1.36247919723,0.53388050464
LLAMA3,CHAT,141,mt,16,14,0,0,3,7,384,1478.61016452,0.406014598,1710.28333321,0.580020854286,2948.65834663,0.913366124831,1.0948512024,0.355619786749
LLAMA3,CHAT,142,mt,32,15,0,0,3,6,384,1486.3922442,0.812029229,1710.28326371,1.16004175571,1474.32905349,0.90125428921,1.10956476099,0.38995020018
LLAMA3,CHAT,143,mt,64,15,0,0,3,6,384,1492.42078262,1.624058513,1710.28320579,2.32008359,737.164476814,0.891958441894,1.12112846634,0.388086827111
LLAMA3,CHAT,144,mt,32,14,0,0,4,6,512,1583.25624801,0.658156184,1667.34611021,0.94022312,1773.35153193,0.790159960614,0.790159960614,0.27558437678
LLAMA3,CHAT,145,mt,64,14,0,0,4,6,512,1583.25553795,1.316312376,1667.34454643,1.88044625143,886.674928979,0.79015922434,0.79015922434,0.272772177456
LLAMA3,CHAT,146,mt,64,16,0,0,3,5,384,1401.51640126,1.624058513,1643.52616072,2.32008359,708.390925141,0.960967256863,0.960967256863,0.403631260184
LLAMA3,CHAT,147,mt,32,16,0,0,3,5,384,1395.31620776,0.812029229,1626.57432062,1.16004175571,1402.16876902,0.951055509422,0.951055509422,0.405731226221
LLAMA3,CHAT,148,mt,16,2,0,0,3,19,256,1444.19982744,0.378412243,1607.9186779,0.540588918571,2974.38334873,0.876232882298,0.876232882298,1.09356833844
LLAMA3,CHAT,149,mt,16,2,0,0,3,19,384,1384.99961203,0.407772376,1607.9186779,0.582531965714,2760.22394056,0.944217770311,0.944217770311,1.05160216206
LLAMA3,CHAT,150,mt,16,2,0,0,4,18,512,1553.15191797,0.330116168,1607.33652684,0.471594525714,3408.30191871,0.764124099839,0.764124099839,1.17865499639
LLAMA3,CHAT,151,mt,16,2,0,0,4,18,640,1494.04210948,0.355282,1606.7973957,0.507545714286,3165.81807407,0.822099931365,0.822099931365,1.13115820631
LLAMA3,CHAT,152,mt,16,14,0,0,4,6,512,1550.76221902,0.32907808,1596.87140953,0.470111542857,3396.79259911,0.756761776291,0.756761776291,0.275962180313
LLAMA3,CHAT,153,mt,32,16,0,0,3,5,256,1442.69361229,0.753308974,1595.12100339,1.07615567714,1482.24001161,0.865221030002,0.865221030002,0.627175220455
LLAMA3,CHAT,154,mt,8,6,0,0,3,15,384,1375.65250929,0.203007288,1574.11462939,0.290010411429,5427.78661509,0.920382321179,0.920382321179,0.361645047829
LLAMA3,CHAT,155,mt,8,7,0,0,3,14,384,1375.65250929,0.203007288,1574.11462939,0.290010411429,5427.78661509,0.920382321179,0.920382321179,0.309981469568
LLAMA3,CHAT,156,mt,8,8,0,0,3,13,384,1375.65250929,0.203007288,1574.11462939,0.290010411429,5427.78661509,0.920382321179,0.920382321179,0.271233785872
LLAMA3,CHAT,157,mt,8,9,0,0,3,12,384,1375.65250929,0.203007288,1574.11462939,0.290010411429,5427.78661509,0.920382321179,0.920382321179,0.241096698553
LLAMA3,CHAT,158,mt,8,10,0,0,3,11,384,1375.65250929,0.203007288,1574.11462939,0.290010411429,5427.78661509,0.920382321179,0.920382321179,0.2421730231
LLAMA3,CHAT,159,mt,16,15,0,0,3,6,384,1370.39773299,0.406014598,1560.42146984,0.580020854286,2690.28511356,0.912376001998,0.912376001998,0.360714427002
LLAMA3,CHAT,160,mt,8,5,0,0,4,15,512,1529.58312445,0.164539024,1552.59734009,0.235055748571,6605.23024655,0.735780100816,0.735780100816,0.483964478703
LLAMA3,CHAT,161,mt,8,5,0,0,4,15,640,1471.48678984,0.177212064,1551.33824254,0.253160091429,6127.8941471,0.791808329272,0.791808329272,0.463858977103
LLAMA3,CHAT,162,mt,8,10,0,0,3,11,512,1386.19929273,0.226241158,1534.64561033,0.323201654286,4748.26038165,0.814177453954,1.22823347066,0.225915891607
LLAMA3,CHAT,163,mt,16,15,0,0,3,6,512,1299.97821278,0.45248236,1534.6454611,0.646403371429,2374.1297291,0.961032586552,1.0405474424,0.259022912871
LLAMA3,CHAT,164,mt,32,15,0,0,3,6,512,1322.7352646,0.904964753,1534.64540513,1.29280679,1187.06477797,0.920412022279,1.08646994584,0.259555167506
LLAMA3,CHAT,165,mt,64,15,0,0,3,6,512,1322.73476767,1.809929517,1534.64539581,2.58561359571,593.532381772,0.920412879923,1.08646893347,0.256906519174
LLAMA3,CHAT,166,mt,32,14,0,0,4,6,640,1448.26741915,0.708848288,1500.61009179,1.01264041143,1481.87853739,0.765916542714,0.765916542714,0.20192895015
LLAMA3,CHAT,167,mt,64,14,0,0,4,6,640,1448.26702164,1.417696584,1500.60924735,2.02528083429,740.938847567,0.765916116033,0.765916116033,0.199868401239
LLAMA3,CHAT,168,mt,16,14,0,0,4,6,640,1425.4562565,0.354424136,1452.44390026,0.506320194286,2868.62723757,0.741332336462,0.741332336462,0.203181429457
LLAMA3,CHAT,169,mt,32,16,0,0,3,5,512,1240.71202525,0.904964753,1429.15380875,1.29280679,1105.46589003,0.931259953581,0.931259953581,0.270278066773
LLAMA3,CHAT,170,mt,64,16,0,0,3,5,512,1240.71151587,1.809929517,1429.15246837,2.58561359571,552.732423259,0.931259085829,0.931259085829,0.267520005489
LLAMA3,CHAT,171,mt,8,10,0,0,3,11,640,1321.34515238,0.243666588,1424.89786084,0.348095125714,4093.41514886,0.756738318181,1.32146076917,0.218536040364
LLAMA3,CHAT,172,mt,16,15,0,0,3,6,640,1196.87280831,0.487333187,1424.89782868,0.696190267143,2046.70748203,0.981034674333,1.01933196263,0.190399085618
LLAMA3,CHAT,173,mt,32,15,0,0,3,6,640,1212.91347701,0.974666396,1424.89779652,1.39238056571,1023.35369482,0.949545657671,1.05313524623,0.18971460389
LLAMA3,CHAT,174,mt,64,15,0,0,3,6,640,1212.91319709,1.949332803,1424.89778848,2.78476114714,511.676841635,0.94954618665,1.05313465955,0.187778685868
LLAMA3,CHAT,175,mt,8,4,0,0,3,17,256,1366.09088543,0.188327216,1419.14929096,0.26903888,5274.88551453,0.76977083829,0.76977083829,0.538891905201
LLAMA3,CHAT,176,mt,8,5,0,0,3,16,256,1366.09088543,0.188327216,1419.14929096,0.26903888,5274.88551453,0.76977083829,0.76977083829,0.431113524161
LLAMA3,CHAT,177,mt,8,11,0,0,3,10,512,1234.84403838,0.226241158,1413.67732815,0.323201654286,4373.9792461,0.921175102992,0.921175102992,0.177076264895
LLAMA3,CHAT,178,mt,8,12,0,0,3,9,512,1234.84403838,0.226241158,1413.67732815,0.323201654286,4373.9792461,0.921175102992,0.921175102992,0.19021864393
LLAMA3,CHAT,179,mt,8,13,0,0,3,8,512,1234.84403838,0.226241158,1413.67732815,0.323201654286,4373.9792461,0.921175102992,0.921175102992,0.207511247923
LLAMA3,CHAT,180,mt,16,11,0,0,3,10,256,1363.10397672,0.376654465,1412.71770863,0.538077807143,2625.48964086,0.766282305212,0.766282305212,0.372940278032
LLAMA3,CHAT,181,mt,16,12,0,0,3,9,256,1363.10397672,0.376654465,1412.71770863,0.538077807143,2625.48964086,0.766282305212,0.766282305212,0.404018634535
LLAMA3,CHAT,182,mt,16,13,0,0,3,8,256,1363.10397672,0.376654465,1412.71770863,0.538077807143,2625.48964086,0.766282305212,0.766282305212,0.44074760131
LLAMA3,CHAT,183,mt,8,11,0,0,3,10,640,1182.98636264,0.243666588,1412.20996738,0.348095125714,4056.96564834,0.991095576874,0.991095576874,0.17039668578
LLAMA3,CHAT,184,mt,8,12,0,0,3,9,640,1182.98636264,0.243666588,1412.20996738,0.348095125714,4056.96564834,0.991095576874,0.991095576874,0.156196961965
LLAMA3,CHAT,185,mt,8,13,0,0,3,8,640,1182.98636264,0.243666588,1412.20996738,0.348095125714,4056.96564834,0.991095576874,0.991095576874,0.159746892918
LLAMA3,CHAT,186,mt,16,16,0,0,3,5,512,1217.3906154,0.45248236,1368.74692246,0.646403371429,2117.48110075,0.891897807772,0.891897807772,0.270172836806
LLAMA3,CHAT,187,mt,16,16,0,0,3,5,384,1276.94426743,0.406014598,1337.504117,0.580020854286,2305.95866877,0.782036573141,0.782036573141,0.378145871049
LLAMA3,CHAT,188,mt,32,16,0,0,3,5,640,1136.3712737,0.974666396,1286.23722153,1.39238056571,923.768438893,0.902687353913,0.902687353913,0.197789466441
LLAMA3,CHAT,189,mt,64,16,0,0,3,5,640,1136.37098764,1.949332803,1286.23649773,2.78476114714,461.883956925,0.902686851039,0.902686851039,0.195771153733
LLAMA3,CHAT,190,mt,8,6,0,0,2,16,256,1105.45734067,0.273930496,1267.47479769,0.39132928,3238.89589272,0.893122947509,1.11966667388,0.295824160375
LLAMA3,CHAT,191,mt,16,14,0,0,2,8,256,1103.5006056,0.54786104,1267.47468665,0.782658628571,1619.44766259,0.897188928054,1.11459244395,0.399045027035
LLAMA3,CHAT,192,mt,8,3,0,0,3,18,256,1291.18224468,0.188465992,1267.38776806,0.269237131429,4707.32904238,0.687959369113,0.687959369113,0.684802665482
LLAMA3,CHAT,193,bstar,2,5,0,0,8,11,384,699.175910674,0.018455196,390.191217108,0.0263645657143,14799.8347986,0.0829614676176,0.0829614676176,0.82832101594
LLAMA3,CHAT,194,bstar,4,5,0,0,8,11,384,1264.95243917,0.036910412,779.166642318,0.05272916,14776.7694823,0.165664526409,0.165664526409,0.780130170041
LLAMA3,CHAT,195,bstar,8,5,0,0,8,11,384,2124.54249733,0.073820832,1553.48372609,0.105458331429,14730.7823389,0.330297987208,0.330297987208,0.826718577798
LLAMA3,CHAT,196,bstar,16,5,0,0,11,8,384,3048.30188597,0.110731254,2310.24512856,0.158187505714,14604.4728256,0.368399107334,0.368399107334,1.09025206792
LLAMA3,CHAT,197,bstar,2,5,0,0,8,11,512,690.859696669,0.020567372,390.135501863,0.02938196,13278.0625208,0.092443110567,0.092443110567,0.749763621651
LLAMA3,CHAT,198,bstar,4,5,0,0,8,11,512,1237.98892413,0.041134748,778.942686566,0.0587639257143,13255.4569338,0.184571492617,0.184571492617,0.711368814331
LLAMA3,CHAT,199,bstar,8,5,0,0,8,11,512,2049.57112559,0.082269512,1552.59734009,0.117527874286,13210.4604931,0.367890050408,0.367890050408,0.762781178165
LLAMA3,CHAT,200,bstar,16,5,0,0,8,11,512,3044.04534773,0.16453904,3074.19413843,0.235055771429,13078.5733094,0.72843455114,0.72843455114,0.926762249853
LLAMA3,CHAT,201,bstar,2,6,0,0,7,11,512,792.68580624,0.025709215,474.292628117,0.03672745,12913.8458596,0.140480312779,0.140480312779,0.521821619487
LLAMA3,CHAT,202,bstar,4,6,0,0,7,11,512,1359.69898589,0.051418435,946.746458458,0.0734549071429,12888.8115891,0.280416020943,0.280416020943,0.512617449908
LLAMA3,CHAT,203,bstar,8,6,0,0,7,11,512,2115.96296109,0.10283689,1884.9031042,0.146909842857,12830.3391219,0.558287941208,0.558287941208,0.57930226744
LLAMA3,CHAT,204,bstar,2,5,0,0,8,11,640,684.742423535,0.022151504,390.088019461,0.0316450057143,12327.0010751,0.099551109717,0.099551109717,0.700674868184
LLAMA3,CHAT,205,bstar,4,5,0,0,8,11,640,1218.48142311,0.044303012,778.752516344,0.0632900171429,12304.5079066,0.198738952054,0.198738952054,0.668395859197
LLAMA3,CHAT,206,bstar,8,5,0,0,8,11,640,1996.23283496,0.088606032,1551.33824254,0.126580045714,12255.7882942,0.395904164636,0.395904164636,0.722736542032
LLAMA3,CHAT,207,bstar,2,7,0,0,8,9,512,636.34770901,0.020567372,355.719471088,0.02938196,12106.7304934,0.0842881876671,0.0842881876671,0.531547678145
LLAMA3,CHAT,208,bstar,2,8,0,0,8,8,512,636.34770901,0.020567372,355.719471088,0.02938196,12106.7304934,0.0842881876671,0.0842881876671,0.465104218377
LLAMA3,CHAT,209,bstar,4,7,0,0,8,9,512,1149.38311774,0.041134748,710.059843844,0.0587639257143,12083.2608648,0.168249612566,0.168249612566,0.501119329958
LLAMA3,CHAT,210,bstar,4,8,0,0,8,8,512,1149.38311774,0.041134748,710.059843844,0.0587639257143,12083.2608648,0.168249612566,0.168249612566,0.438479413713
LLAMA3,CHAT,211,bstar,8,7,0,0,8,9,512,1924.7297788,0.082269512,1413.67732815,0.117527874286,12028.4429268,0.334972764725,0.334972764725,0.531732428761
LLAMA3,CHAT,212,bstar,8,8,0,0,8,8,512,1924.7297788,0.082269512,1413.67732815,0.117527874286,12028.4429268,0.334972764725,0.334972764725,0.465265875166
LLAMA3,CHAT,213,bstar,2,6,0,0,11,7,384,450.601326926,0.013841397,237.233009075,0.0197734242857,11997.5683345,0.0378299108308,0.0378299108308,0.882001552448
LLAMA3,CHAT,214,bstar,2,6,0,0,11,7,640,528.752679508,0.016613628,284.533471806,0.0237337542857,11988.5572413,0.0544600605315,0.0544600605315,0.74660130483
LLAMA3,CHAT,215,bstar,4,6,0,0,7,11,384,1220.51631827,0.046138015,789.533938116,0.06591145,11978.7068577,0.209835994699,0.209835994699,0.539794848852
LLAMA3,CHAT,216,bstar,4,6,0,0,7,11,640,1330.52553103,0.055378765,946.465542739,0.0791125214286,11963.5365635,0.30192449811,0.30192449811,0.483953542475
LLAMA3,CHAT,217,bstar,8,6,0,0,7,11,384,1985.39039272,0.09227604,1574.11462939,0.131822914286,11941.1305532,0.418355600536,0.418355600536,0.587628203687
LLAMA3,CHAT,218,bstar,8,6,0,0,11,7,640,1734.45601501,0.066454524,1129.7679739,0.0949350342857,11900.4325685,0.216239034954,0.216239034954,0.699682221647
LLAMA3,CHAT,219,bstar,16,6,0,0,7,11,384,2888.05712973,0.18455209,3120.84293968,0.263645842857,11837.2544997,0.829432729089,0.829432729089,0.728786947217
LLAMA3,CHAT,220,bstar,2,4,0,0,8,12,384,545.098528977,0.018455196,296.612947096,0.0263645657143,11250.4393325,0.0630650930275,0.0630650930275,1.01637868036
LLAMA3,CHAT,221,bstar,2,7,0,0,8,9,384,544.977474411,0.018455196,296.541261344,0.0263645657143,11247.7203136,0.0630498513847,0.0630498513847,0.58077949033
LLAMA3,CHAT,222,bstar,2,8,0,0,8,8,384,544.977474411,0.018455196,296.541261344,0.0263645657143,11247.7203136,0.0630498513847,0.0630498513847,0.508182054039
LLAMA3,CHAT,223,bstar,16,5,0,0,8,11,640,2822.32635633,0.177212068,2846.14150375,0.253160097143,11242.4569902,0.72634018102,0.72634018102,0.859443715798
LLAMA3,CHAT,224,bstar,2,7,0,0,8,9,640,631.133369353,0.022151504,355.666839758,0.0316450057143,11239.2724138,0.0907667675526,0.0907667675526,0.496483684712
LLAMA3,CHAT,225,bstar,2,8,0,0,8,8,640,631.133369353,0.022151504,355.666839758,0.0316450057143,11239.2724138,0.0907667675526,0.0907667675526,0.434423224123
LLAMA3,CHAT,226,bstar,4,4,0,0,8,12,384,1007.24784683,0.036910412,592.43671591,0.05272916,11235.4665978,0.125962461222,0.125962461222,0.941949062565
LLAMA3,CHAT,227,bstar,4,7,0,0,8,9,384,1006.8340812,0.036910412,592.150453587,0.05272916,11230.0376791,0.12590159682,0.12590159682,0.538227511479
LLAMA3,CHAT,228,bstar,4,8,0,0,8,8,384,1006.8340812,0.036910412,592.150453587,0.05272916,11230.0376791,0.12590159682,0.12590159682,0.470949072545
LLAMA3,CHAT,229,bstar,4,7,0,0,8,9,640,1132.48208308,0.044303012,709.849157054,0.0632900171429,11215.8155283,0.181154698866,0.181154698866,0.4704222767
LLAMA3,CHAT,230,bstar,4,8,0,0,8,8,640,1132.48208308,0.044303012,709.849157054,0.0632900171429,11215.8155283,0.181154698866,0.181154698866,0.411619492113
LLAMA3,CHAT,231,bstar,8,4,0,0,8,12,384,1748.42499339,0.073820832,1181.7229994,0.105458331429,11205.5916625,0.251255112354,0.251255112354,0.971996365566
LLAMA3,CHAT,232,bstar,8,7,0,0,8,9,384,1747.1801569,0.073820832,1180.58597204,0.105458331429,11194.8098936,0.251013360321,0.251013360321,0.555319181973
LLAMA3,CHAT,233,bstar,8,8,0,0,8,8,384,1747.1801569,0.073820832,1180.58597204,0.105458331429,11194.8098936,0.251013360321,0.251013360321,0.485904284227
LLAMA3,CHAT,234,bstar,8,7,0,0,8,9,640,1877.24262368,0.088606032,1412.20996738,0.126580045714,11156.6555329,0.36039839159,0.36039839159,0.503109461356
LLAMA3,CHAT,235,bstar,8,8,0,0,8,8,640,1877.24262368,0.088606032,1412.20996738,0.126580045714,11156.6555329,0.36039839159,0.36039839159,0.440220778686
LLAMA3,CHAT,236,bstar,16,4,0,0,11,9,384,2528.51854124,0.110731254,1761.40531962,0.158187505714,11134.9206226,0.280879348853,0.280879348853,1.27565246806
LLAMA3,CHAT,237,bstar,16,7,0,0,8,9,384,2759.0025307,0.147641672,2340.63220476,0.210916674286,11097.4260934,0.497659637453,0.497659637453,0.639234917974
LLAMA3,CHAT,238,bstar,16,8,0,0,8,8,384,2759.0025307,0.147641672,2340.63220476,0.210916674286,11097.4260934,0.497659637453,0.497659637453,0.559330553227
LLAMA3,CHAT,239,bstar,16,7,0,0,8,9,512,2669.46093207,0.16453904,2395.3071143,0.235055771429,10190.3777973,0.567571332218,0.567571332218,0.600364041924
LLAMA3,CHAT,240,bstar,16,8,0,0,8,8,512,2669.46093207,0.16453904,2395.3071143,0.235055771429,10190.3777973,0.567571332218,0.567571332218,0.525318536683
LLAMA3,CHAT,241,bstar,2,4,0,0,11,9,512,421.542254697,0.015425529,222.435562642,0.02203647,10093.9743363,0.0395297951862,0.0395297951862,1.18908041452
LLAMA3,CHAT,242,bstar,4,4,0,0,8,12,512,990.077032784,0.041134748,592.307232131,0.0587639257143,10079.4360644,0.140347976568,0.140347976568,0.856014171657
LLAMA3,CHAT,243,bstar,8,4,0,0,8,12,512,1697.32977312,0.082269512,1181.21001973,0.117527874286,10050.4669799,0.279889319968,0.279889319968,0.892136289677
LLAMA3,CHAT,244,bstar,16,4,0,0,8,12,512,2637.91015567,0.16453904,2344.97378319,0.235055771429,9976.24422894,0.555644779827,0.555644779827,1.04264351171
LLAMA3,CHAT,245,bstar,2,4,0,0,8,12,256,445.475722338,0.017120648,237.335594667,0.0244580685714,9703.77501289,0.0468126632968,0.0468126632968,1.07885510302
LLAMA3,CHAT,246,bstar,2,5,0,0,8,11,256,445.475722338,0.017120648,237.335594667,0.0244580685714,9703.77501289,0.0468126632968,0.0468126632968,0.863084082415
LLAMA3,CHAT,247,bstar,4,4,0,0,8,12,256,838.480011549,0.034241304,474.129368095,0.0489161485714,9692.69621467,0.0935184782734,0.0935184782734,0.986116510366
LLAMA3,CHAT,248,bstar,4,5,0,0,8,11,256,838.480011549,0.034241304,474.129368095,0.0489161485714,9692.69621467,0.0935184782734,0.0935184782734,0.788893208292
LLAMA3,CHAT,249,bstar,2,9,0,0,7,8,512,619.988024931,0.025709215,355.719471088,0.03672745,9685.38439472,0.105360234584,0.105360234584,0.337168390817
LLAMA3,CHAT,250,bstar,8,4,0,0,8,12,256,1500.250321,0.068482624,946.099527305,0.09783232,9670.62344331,0.186611112313,0.186611112313,0.993632367724
LLAMA3,CHAT,251,bstar,8,5,0,0,8,11,256,1500.250321,0.068482624,946.099527305,0.09783232,9670.62344331,0.186611112313,0.186611112313,0.794905894179
LLAMA3,CHAT,252,bstar,4,9,0,0,8,7,512,955.955845448,0.041134748,568.047875075,0.0587639257143,9666.60869182,0.134599690053,0.134599690053,0.378532960036
LLAMA3,CHAT,253,bstar,16,4,0,0,8,12,256,2478.21874311,0.13696526,1883.6236115,0.195664657143,9626.79534981,0.371530814648,0.371530814648,1.1043062022
LLAMA3,CHAT,254,bstar,16,5,0,0,8,11,256,2478.21874311,0.13696526,1883.6236115,0.195664657143,9626.79534981,0.371530814648,0.371530814648,0.883444961762
LLAMA3,CHAT,255,bstar,8,9,0,0,8,7,512,1644.80359026,0.082269512,1130.94186252,0.117527874286,9622.75434141,0.26797821178,0.26797821178,0.392814999999
LLAMA3,CHAT,256,mt_fill,64,5,0,0,7,12,256,3413.03618046,0.68482636,4055.91864192,0.978323371429,4145.78528978,0.97672173834,1.02383305372,1.01160343805
LLAMA3,LW,1,mt,64,7,0,0,1,16,384,5049.93769422,12.23316816,5049.93769422,17.4759545143,288.964914054,0.477143606424,0.477143606424,3.22206094033
LLAMA3,LW,2,mt,32,7,0,0,1,16,384,4998.40771775,6.116584064,4998.40771775,8.73797723429,572.03258646,0.472274792879,0.472274792879,3.24367265814
LLAMA3,LW,3,mt,32,7,0,0,1,16,512,4998.40771775,6.81661776,4945.67179533,9.73802537143,507.872141085,0.520772895996,0.520772895996,2.88941288159
LLAMA3,LW,4,mt,64,7,0,0,1,16,512,5049.93769422,13.633235552,4945.66720914,19.4760507886,253.935834468,0.520772414299,0.520772414299,2.8599281641
LLAMA3,LW,5,mt,64,7,0,0,1,16,256,5049.93769422,11.348551296,4924.89161799,16.2122161371,303.776582814,0.431679321814,0.431679321814,3.56711082674
LLAMA3,LW,6,mt,32,7,0,0,1,16,256,4998.40771775,5.674275584,4874.63762188,8.10610797714,601.353650313,0.427274425956,0.427274425956,3.47417896128
LLAMA3,LW,7,mt,16,7,0,0,1,16,512,4898.4395634,3.408308832,4738.88730926,4.86901261714,973.274805774,0.498998747837,0.498998747837,2.90616615977
LLAMA3,LW,8,mt,16,7,0,0,1,16,384,4898.4395634,3.058292,4638.25119377,4.36898857143,1061.63042497,0.438245381855,0.438245381855,3.10750725194
LLAMA3,LW,9,mt,32,7,0,0,1,16,640,4998.40771775,7.34164304,4451.10379028,10.4880614857,424.397186872,0.504795093337,0.504795093337,2.65459507531
LLAMA3,LW,10,mt,64,7,0,0,1,16,640,5049.93769422,14.683286144,4451.10131374,20.9761230629,212.198474447,0.504794814675,0.504794814675,2.62750687244
LLAMA3,LW,11,mt,64,6,0,0,1,17,256,4328.51802362,11.348551296,4328.51802362,16.2122161371,266.991137239,0.379405653939,0.379405653939,4.05857942954
LLAMA3,LW,12,mt,64,6,0,0,1,17,384,4328.51802362,12.23316816,4328.51802362,17.4759545143,247.684212046,0.408980234078,0.408980234078,3.75907109706
LLAMA3,LW,13,mt,64,6,0,0,1,17,512,4328.51802362,13.633235552,4328.51802362,19.4760507886,222.248240704,0.455787396558,0.455787396558,3.33658285811
LLAMA3,LW,14,mt,64,6,0,0,1,17,640,4328.51802362,14.683286144,4328.51802362,20.9761230629,206.35453037,0.490892770022,0.490892770022,3.06542468451
LLAMA3,LW,15,mt,16,7,0,0,1,16,640,4898.4395634,3.670821504,4309.79217105,5.24403072,821.847239493,0.488769086111,0.488769086111,2.67992219997
LLAMA3,LW,16,mt,32,6,0,0,1,17,256,4284.34947236,5.674275584,4284.34947236,8.10610797714,528.53348172,0.375534163438,0.375534163438,3.95284361817
LLAMA3,LW,17,mt,32,6,0,0,1,17,384,4284.34947236,6.116584064,4284.34947236,8.73797723429,490.313645537,0.404806965324,0.404806965324,3.78428476783
LLAMA3,LW,18,mt,32,6,0,0,1,17,512,4284.34947236,6.81661776,4284.34947236,9.73802537143,439.960804059,0.451136503697,0.451136503697,3.37098169519
LLAMA3,LW,19,mt,32,6,0,0,1,17,640,4284.34947236,7.34164304,4284.34947236,10.4880614857,408.497745574,0.485883658006,0.485883658006,3.09702758786
LLAMA3,LW,20,mt,16,6,0,0,1,17,384,4198.66248291,3.058292,4198.66248291,4.36898857143,961.014755307,0.396710821867,0.396710821867,3.62542512727
LLAMA3,LW,21,mt,16,6,0,0,1,17,512,4198.66248291,3.408308832,4198.66248291,4.86901261714,862.3231881,0.442113767397,0.442113767397,3.39052718639
LLAMA3,LW,22,mt,16,6,0,0,1,17,640,4198.66248291,3.670821504,4198.66248291,5.24403072,800.655584816,0.47616598277,0.47616598277,3.12657589996
LLAMA3,LW,23,mt,64,8,0,0,1,15,256,5460.58015957,11.348551296,4105.96889831,16.2122161371,253.26388839,0.359898655016,0.359898655016,3.15025201879
LLAMA3,LW,24,mt,64,9,0,0,1,14,256,5460.58015957,11.348551296,4105.96889831,16.2122161371,253.26388839,0.359898655016,0.359898655016,3.36026882004
LLAMA3,LW,25,mt,64,10,0,0,1,13,256,5460.58015957,11.348551296,4105.96889831,16.2122161371,253.26388839,0.359898655016,0.359898655016,3.60028802148
LLAMA3,LW,26,mt,64,11,0,0,1,12,256,5460.58015957,11.348551296,4001.47443961,16.2122161371,246.818473537,0.350739448974,0.350739448974,3.8772332539
LLAMA3,LW,27,mt,64,8,0,0,1,15,384,5050.3224549,12.23316816,3791.68124094,17.4759545143,216.965616261,0.358257184793,0.358257184793,2.49081203372
LLAMA3,LW,28,mt,64,9,0,0,1,14,384,5050.3224549,12.23316816,3791.68124094,17.4759545143,216.965616261,0.358257184793,0.358257184793,2.21405514108
LLAMA3,LW,29,mt,64,10,0,0,1,13,384,5050.3224549,12.23316816,3791.68124094,17.4759545143,216.965616261,0.358257184793,0.358257184793,2.22393931582
LLAMA3,LW,30,mt,64,11,0,0,1,12,384,5050.3224549,12.23316816,3791.68124094,17.4759545143,216.965616261,0.358257184793,0.358257184793,2.39501157088
LLAMA3,LW,31,mt,64,12,0,0,1,11,384,5050.3224549,12.23316816,3791.68124094,17.4759545143,216.965616261,0.358257184793,0.358257184793,2.59459586846
LLAMA3,LW,32,mt,32,8,0,0,1,15,384,5015.90113229,6.116584064,3753.00885757,8.73797723429,429.505451541,0.354603221859,0.354603221859,2.50972069016
LLAMA3,LW,33,mt,32,9,0,0,1,14,384,5015.90113229,6.116584064,3753.00885757,8.73797723429,429.505451541,0.354603221859,0.354603221859,2.23086283569
LLAMA3,LW,34,mt,32,10,0,0,1,13,384,5015.90113229,6.116584064,3753.00885757,8.73797723429,429.505451541,0.354603221859,0.354603221859,2.24082204478
LLAMA3,LW,35,mt,32,11,0,0,1,12,384,5015.90113229,6.116584064,3753.00885757,8.73797723429,429.505451541,0.354603221859,0.354603221859,2.4131929713
LLAMA3,LW,36,mt,32,12,0,0,1,11,384,5015.90113229,6.116584064,3753.00885757,8.73797723429,429.505451541,0.354603221859,0.354603221859,2.61429238558
LLAMA3,LW,37,mt,64,12,0,0,1,11,256,5460.58015957,11.348551296,3693.66871349,16.2122161371,227.832437111,0.323759491361,0.323759491361,4.20033602505
LLAMA3,LW,38,mt,32,8,0,0,1,15,256,5074.54333118,5.674275584,3684.45498506,8.10610797714,454.528239131,0.322951880902,0.322951880902,3.09625804994
LLAMA3,LW,39,mt,32,9,0,0,1,14,256,5074.54333118,5.674275584,3684.45498506,8.10610797714,454.528239131,0.322951880902,0.322951880902,3.30267525327
LLAMA3,LW,40,mt,32,10,0,0,1,13,256,5074.54333118,5.674275584,3684.45498506,8.10610797714,454.528239131,0.322951880902,0.322951880902,3.53858062851
LLAMA3,LW,41,mt,32,11,0,0,1,12,256,5074.54333118,5.674275584,3684.45498506,8.10610797714,454.528239131,0.322951880902,0.322951880902,3.81077913839
LLAMA3,LW,42,mt,32,12,0,0,1,11,256,5074.54333118,5.674275584,3655.97821641,8.10610797714,451.015237735,0.320455819467,0.320455819467,4.12834406659
LLAMA3,LW,43,mt,64,5,0,0,1,18,256,3607.09835302,11.348551296,3607.09835302,16.2122161371,222.492614366,0.316171378282,0.316171378282,4.87029531544
LLAMA3,LW,44,mt,64,5,0,0,1,18,384,3607.09835302,12.23316816,3607.09835302,17.4759545143,206.403510038,0.340816861732,0.340816861732,4.51088531647
LLAMA3,LW,45,mt,64,5,0,0,1,18,512,3607.09835302,13.633235552,3607.09835302,19.4760507886,185.206867253,0.379822830465,0.379822830465,4.00389942974
LLAMA3,LW,46,mt,64,5,0,0,1,18,640,3607.09835302,14.683286144,3607.09835302,20.9761230629,171.962108642,0.409077308352,0.409077308352,3.67850962142
LLAMA3,LW,47,mt,32,5,0,0,1,18,256,3570.29122697,5.674275584,3570.29122697,8.10610797714,440.4445681,0.312945136198,0.312945136198,4.74341234181
LLAMA3,LW,48,mt,32,5,0,0,1,18,384,3570.29122697,6.116584064,3570.29122697,8.73797723429,408.594704614,0.33733913777,0.33733913777,4.5395799097
LLAMA3,LW,49,mt,32,5,0,0,1,18,512,3570.29122697,6.81661776,3570.29122697,9.73802537143,366.634003382,0.375947086414,0.375947086414,4.04327268596
LLAMA3,LW,50,mt,32,5,0,0,1,18,640,3570.29122697,7.34164304,3570.29122697,10.4880614857,340.414787979,0.404903048338,0.404903048338,3.71643310544
LLAMA3,LW,51,mt,16,5,0,0,1,18,384,3498.88540243,3.058292,3498.88540243,4.36898857143,800.845629423,0.330592351556,0.330592351556,4.33345627332
LLAMA3,LW,52,mt,16,5,0,0,1,18,512,3498.88540243,3.408308832,3498.88540243,4.86901261714,718.60265675,0.368428139497,0.368428139497,4.01846168143
LLAMA3,LW,53,mt,16,5,0,0,1,18,640,3498.88540243,3.670821504,3498.88540243,5.24403072,667.212987346,0.396804985642,0.396804985642,3.72724718883
LLAMA3,LW,54,mt,32,8,0,0,1,15,512,4437.40667651,6.81661776,3297.11453022,9.73802537143,338.58142739,0.347181930664,0.347181930664,2.23964684684
LLAMA3,LW,55,mt,32,9,0,0,1,14,512,4437.40667651,6.81661776,3297.11453022,9.73802537143,338.58142739,0.347181930664,0.347181930664,1.99079719719
LLAMA3,LW,56,mt,32,10,0,0,1,13,512,4437.40667651,6.81661776,3297.11453022,9.73802537143,338.58142739,0.347181930664,0.347181930664,1.79171747747
LLAMA3,LW,57,mt,32,11,0,0,1,12,512,4437.40667651,6.81661776,3297.11453022,9.73802537143,338.58142739,0.347181930664,0.347181930664,1.62883407043
LLAMA3,LW,58,mt,32,12,0,0,1,11,512,4437.40667651,6.81661776,3297.11453022,9.73802537143,338.58142739,0.347181930664,0.347181930664,1.74972409909
LLAMA3,LW,59,mt,64,8,0,0,1,15,512,4437.40390412,13.633235552,3297.11147276,19.4760507886,169.290556312,0.347181609532,0.347181609532,2.21679277396
LLAMA3,LW,60,mt,64,9,0,0,1,14,512,4437.40390412,13.633235552,3297.11147276,19.4760507886,169.290556312,0.347181609532,0.347181609532,1.97048246574
LLAMA3,LW,61,mt,64,10,0,0,1,13,512,4437.40390412,13.633235552,3297.11147276,19.4760507886,169.290556312,0.347181609532,0.347181609532,1.77343421917
LLAMA3,LW,62,mt,64,11,0,0,1,12,512,4437.40390412,13.633235552,3297.11147276,19.4760507886,169.290556312,0.347181609532,0.347181609532,1.61221292651
LLAMA3,LW,63,mt,64,12,0,0,1,11,512,4437.40390412,13.633235552,3297.11147276,19.4760507886,169.290556312,0.347181609532,0.347181609532,1.73186935465
LLAMA3,LW,64,mt,16,8,0,0,1,15,512,4310.82606,3.408308832,3159.25820617,4.86901261714,648.849870516,0.332665831892,0.332665831892,2.26072890651
LLAMA3,LW,65,mt,16,9,0,0,1,14,512,4310.82606,3.408308832,3159.25820617,4.86901261714,648.849870516,0.332665831892,0.332665831892,2.00953680578
LLAMA3,LW,66,mt,16,10,0,0,1,13,512,4310.82606,3.408308832,3159.25820617,4.86901261714,648.849870516,0.332665831892,0.332665831892,1.80858312521
LLAMA3,LW,67,mt,16,11,0,0,1,12,512,4310.82606,3.408308832,3159.25820617,4.86901261714,648.849870516,0.332665831892,0.332665831892,1.64416647746
LLAMA3,LW,68,mt,16,12,0,0,1,11,512,4310.82606,3.408308832,3159.25820617,4.86901261714,648.849870516,0.332665831892,0.332665831892,1.76619445821
LLAMA3,LW,69,mt,16,8,0,0,1,15,384,4389.07561434,3.058292,3092.16746251,4.36898857143,707.753616646,0.292163587904,0.292163587904,2.44289451537
LLAMA3,LW,70,mt,16,9,0,0,1,14,384,4389.07561434,3.058292,3092.16746251,4.36898857143,707.753616646,0.292163587904,0.292163587904,2.17146179144
LLAMA3,LW,71,mt,16,10,0,0,1,13,384,4389.07561434,3.058292,3092.16746251,4.36898857143,707.753616646,0.292163587904,0.292163587904,2.1811558173
LLAMA3,LW,72,mt,16,11,0,0,1,12,384,4389.07561434,3.058292,3092.16746251,4.36898857143,707.753616646,0.292163587904,0.292163587904,2.34893703401
LLAMA3,LW,73,mt,16,12,0,0,1,11,384,4389.07561434,3.058292,3092.16746251,4.36898857143,707.753616646,0.292163587904,0.292163587904,2.54468178685
LLAMA3,LW,74,mt,64,13,0,0,1,10,256,4469.83236017,11.348551296,3079.47667373,16.2122161371,189.947916293,0.269923991262,0.269923991262,4.27901471246
LLAMA3,LW,75,mt,64,14,0,0,1,9,256,4469.83236017,11.348551296,3078.05726124,16.2122161371,189.860364259,0.269799576134,0.269799576134,4.70691618371
LLAMA3,LW,76,mt,32,8,0,0,1,15,640,4034.14809874,7.34164304,2967.40252685,10.4880614857,282.931457915,0.336530062224,0.336530062224,2.06304025697
LLAMA3,LW,77,mt,32,9,0,0,1,14,640,4034.14809874,7.34164304,2967.40252685,10.4880614857,282.931457915,0.336530062224,0.336530062224,1.83381356175
LLAMA3,LW,78,mt,32,10,0,0,1,13,640,4034.14809874,7.34164304,2967.40252685,10.4880614857,282.931457915,0.336530062224,0.336530062224,1.65043220557
LLAMA3,LW,79,mt,32,11,0,0,1,12,640,4034.14809874,7.34164304,2967.40252685,10.4880614857,282.931457915,0.336530062224,0.336530062224,1.50039291416
LLAMA3,LW,80,mt,32,12,0,0,1,11,640,4034.14809874,7.34164304,2967.40252685,10.4880614857,282.931457915,0.336530062224,0.336530062224,1.37536017131
LLAMA3,LW,81,mt,64,8,0,0,1,15,640,4034.14656739,14.683286144,2967.40087583,20.9761230629,141.465649631,0.33652987645,0.33652987645,2.04198853304
LLAMA3,LW,82,mt,64,9,0,0,1,14,640,4034.14656739,14.683286144,2967.40087583,20.9761230629,141.465649631,0.33652987645,0.33652987645,1.81510091826
LLAMA3,LW,83,mt,64,10,0,0,1,13,640,4034.14656739,14.683286144,2967.40087583,20.9761230629,141.465649631,0.33652987645,0.33652987645,1.63359082643
LLAMA3,LW,84,mt,64,11,0,0,1,12,640,4034.14656739,14.683286144,2967.40087583,20.9761230629,141.465649631,0.33652987645,0.33652987645,1.48508256948
LLAMA3,LW,85,mt,64,12,0,0,1,11,640,4034.14656739,14.683286144,2967.40087583,20.9761230629,141.465649631,0.33652987645,0.33652987645,1.36132568869
LLAMA3,LW,86,mt,16,8,0,0,1,15,640,3946.19613027,3.670821504,2873.1947807,5.24403072,547.898159662,0.325846057408,0.325846057408,2.08831495537
LLAMA3,LW,87,mt,16,9,0,0,1,14,640,3946.19613027,3.670821504,2873.1947807,5.24403072,547.898159662,0.325846057408,0.325846057408,1.85627996032
LLAMA3,LW,88,mt,16,10,0,0,1,13,640,3946.19613027,3.670821504,2873.1947807,5.24403072,547.898159662,0.325846057408,0.325846057408,1.67065196429
LLAMA3,LW,89,mt,16,11,0,0,1,12,640,3946.19613027,3.670821504,2873.1947807,5.24403072,547.898159662,0.325846057408,0.325846057408,1.51877451299
LLAMA3,LW,90,mt,16,12,0,0,1,11,640,3946.19613027,3.670821504,2873.1947807,5.24403072,547.898159662,0.325846057408,0.325846057408,1.39220997024
LLAMA3,LW,91,mt,32,4,0,0,1,19,256,2856.23298157,5.674275584,2856.23298157,8.10610797714,352.35565448,0.250356108959,0.250356108959,5.92926542726
LLAMA3,LW,92,mt,32,4,0,0,1,19,384,2856.23298157,6.116584064,2856.23298157,8.73797723429,326.875763691,0.269871310216,0.269871310216,5.62875252361
LLAMA3,LW,93,mt,32,4,0,0,1,19,512,2856.23298157,6.81661776,2856.23298157,9.73802537143,293.307202706,0.300757669131,0.300757669131,5.0187291694
LLAMA3,LW,94,mt,32,4,0,0,1,19,640,2856.23298157,7.34164304,2856.23298157,10.4880614857,272.331830383,0.323922438671,0.323922438671,4.6246734209
LLAMA3,LW,95,mt,64,13,0,0,1,10,384,4132.86271277,12.23316816,2843.76093071,17.4759545143,162.724212196,0.268692888595,0.268692888595,2.64382544225
LLAMA3,LW,96,mt,64,14,0,0,1,9,384,4132.86271277,12.23316816,2843.76093071,17.4759545143,162.724212196,0.268692888595,0.268692888595,2.90820798648
LLAMA3,LW,97,mt,64,15,0,0,1,8,384,4132.86271277,12.23316816,2843.76093071,17.4759545143,162.724212196,0.268692888595,0.268692888595,3.2313422072
LLAMA3,LW,98,mt,32,13,0,0,1,10,384,4102.14701201,6.116584064,2814.75664318,8.73797723429,322.129088656,0.265952416394,0.265952416394,2.66531164466
LLAMA3,LW,99,mt,32,14,0,0,1,9,384,4102.14701201,6.116584064,2814.75664318,8.73797723429,322.129088656,0.265952416394,0.265952416394,2.93184280912
LLAMA3,LW,100,mt,32,15,0,0,1,8,384,4102.14701201,6.116584064,2814.75664318,8.73797723429,322.129088656,0.265952416394,0.265952416394,3.25760312125
LLAMA3,LW,101,mt,16,5,0,0,1,18,256,3498.88540243,2.837137728,2810.36039359,4.05305389714,693.393294269,0.246335254014,0.246335254014,4.06387749463
LLAMA3,LW,102,mt,16,6,0,0,1,17,256,4179.38052027,2.837137728,2810.36039359,4.05305389714,693.393294269,0.246335254014,0.246335254014,3.38656457886
LLAMA3,LW,103,mt,16,7,0,0,1,16,256,4179.38052027,2.837137728,2810.36039359,4.05305389714,693.393294269,0.246335254014,0.246335254014,2.97647277439
LLAMA3,LW,104,mt,8,6,0,0,1,17,512,3973.10448301,1.704154368,2809.25311792,2.43450624,1153.93136882,0.295810737254,0.295810737254,3.04818194791
LLAMA3,LW,105,mt,8,7,0,0,1,16,512,3973.10448301,1.704154368,2809.25311792,2.43450624,1153.93136882,0.295810737254,0.295810737254,2.61272738393
LLAMA3,LW,106,mt,8,6,0,0,1,17,640,3880.78572698,1.83541072,2804.36471324,2.62201531429,1069.54551255,0.318040104886,0.318040104886,2.87874771105
LLAMA3,LW,107,mt,8,7,0,0,1,16,640,3880.78572698,1.83541072,2804.36471324,2.62201531429,1069.54551255,0.318040104886,0.318040104886,2.46749803804
LLAMA3,LW,108,mt,16,4,0,0,1,19,256,2799.10832194,2.837137728,2799.10832194,4.05305389714,690.61709836,0.245348981245,0.245348981245,5.07984686828
LLAMA3,LW,109,mt,16,4,0,0,1,19,384,2799.10832194,3.058292,2799.10832194,4.36898857143,640.676503538,0.264473881245,0.264473881245,5.03091701913
LLAMA3,LW,110,mt,16,4,0,0,1,19,512,2799.10832194,3.408308832,2799.10832194,4.86901261714,574.8821254,0.294742511598,0.294742511598,4.63943674122
LLAMA3,LW,111,mt,16,4,0,0,1,19,640,2799.10832194,3.670821504,2799.10832194,5.24403072,533.770389877,0.317443988514,0.317443988514,4.3941123686
LLAMA3,LW,112,mt,64,15,0,0,1,8,256,4469.83236017,11.348551296,2770.25153512,16.2122161371,170.874327833,0.242819618521,0.242819618521,5.22990687078
LLAMA3,LW,113,mt,32,13,0,0,1,10,256,4127.16350128,5.674275584,2763.34123879,8.10610797714,340.896179348,0.242213910676,0.242213910676,4.22879650076
LLAMA3,LW,114,mt,32,14,0,0,1,9,256,4127.16350128,5.674275584,2763.34123879,8.10610797714,340.896179348,0.242213910676,0.242213910676,4.65167615083
LLAMA3,LW,115,mt,32,15,0,0,1,8,256,4127.16350128,5.674275584,2741.98366231,8.10610797714,338.261428301,0.2403418646,0.2403418646,5.16852905648
LLAMA3,LW,116,mt,32,13,0,0,1,10,512,3624.42146975,6.81661776,2472.83589766,9.73802537143,253.936070543,0.260386447998,0.260386447998,1.78581147832
LLAMA3,LW,117,mt,32,14,0,0,1,9,512,3624.42146975,6.81661776,2472.83589766,9.73802537143,253.936070543,0.260386447998,0.260386447998,1.96439262615
LLAMA3,LW,118,mt,32,15,0,0,1,8,512,3624.42146975,6.81661776,2472.83589766,9.73802537143,253.936070543,0.260386447998,0.260386447998,2.1826584735
LLAMA3,LW,119,mt,64,13,0,0,1,10,512,3624.4190044,13.633235552,2472.83360457,19.4760507886,126.967917234,0.260386207149,0.260386207149,1.76758857029
LLAMA3,LW,120,mt,64,14,0,0,1,9,512,3624.4190044,13.633235552,2472.83360457,19.4760507886,126.967917234,0.260386207149,0.260386207149,1.94434742732
LLAMA3,LW,121,mt,64,15,0,0,1,8,512,3624.4190044,13.633235552,2472.83360457,19.4760507886,126.967917234,0.260386207149,0.260386207149,2.16038603036
LLAMA3,LW,122,mt,64,16,0,0,1,7,256,3783.38817337,11.348551296,2462.44580899,16.2122161371,151.888291407,0.215839660907,0.215839660907,5.63352994486
LLAMA3,LW,123,mt,16,13,0,0,1,10,512,3512.11027027,3.408308832,2369.44365463,4.86901261714,486.637402887,0.249499373919,0.249499373919,1.80651619165
LLAMA3,LW,124,mt,16,14,0,0,1,9,512,3512.11027027,3.408308832,2369.44365463,4.86901261714,486.637402887,0.249499373919,0.249499373919,1.98716781081
LLAMA3,LW,125,mt,16,15,0,0,1,8,512,3512.11027027,3.408308832,2369.44365463,4.86901261714,486.637402887,0.249499373919,0.249499373919,2.20796423423
LLAMA3,LW,126,mt,8,6,0,0,1,17,384,3583.73765846,1.529145984,2348.53422108,2.18449426286,1075.09287665,0.221901363844,0.221901363844,3.20328400852
LLAMA3,LW,127,mt,8,7,0,0,1,16,384,3583.73765846,1.529145984,2348.53422108,2.18449426286,1075.09287665,0.221901363844,0.221901363844,2.7456720073
LLAMA3,LW,128,mt,16,13,0,0,1,10,384,3549.39654333,3.058292,2319.12559688,4.36898857143,530.815212484,0.219122690928,0.219122690928,2.61909926174
LLAMA3,LW,129,mt,16,14,0,0,1,9,384,3549.39654333,3.058292,2319.12559688,4.36898857143,530.815212484,0.219122690928,0.219122690928,2.88100918792
LLAMA3,LW,130,mt,16,15,0,0,1,8,384,3549.39654333,3.058292,2319.12559688,4.36898857143,530.815212484,0.219122690928,0.219122690928,3.20112131991
LLAMA3,LW,131,mt,8,5,0,0,1,18,384,3364.31288695,1.529145984,2317.75492986,2.18449426286,1061.00298329,0.218993181099,0.218993181099,3.83479205021
LLAMA3,LW,132,mt,8,5,0,0,1,18,512,3364.31288695,1.704154368,2316.43953977,2.43450624,951.502814702,0.243918101823,0.243918101823,3.51133565449
LLAMA3,LW,133,mt,8,5,0,0,1,18,640,3364.31288695,1.83541072,2313.37698676,2.62201531429,882.28965489,0.262357694074,0.262357694074,3.30855728187
LLAMA3,LW,134,mt,64,16,0,0,1,7,384,3497.49516189,12.23316816,2275.00874456,17.4759545143,130.179369757,0.214954310876,0.214954310876,3.48127969135
LLAMA3,LW,135,mt,32,16,0,0,1,7,384,3470.01013818,6.116584064,2251.80531454,8.73797723429,257.703270925,0.212761933115,0.212761933115,3.51082247123
LLAMA3,LW,136,mt,32,13,0,0,1,10,640,3288.93648894,7.34164304,2225.55189514,10.4880614857,212.198593436,0.252397546668,0.252397546668,1.31807389091
LLAMA3,LW,137,mt,32,14,0,0,1,9,640,3288.93648894,7.34164304,2225.55189514,10.4880614857,212.198593436,0.252397546668,0.252397546668,1.44988128
LLAMA3,LW,138,mt,32,15,0,0,1,8,640,3288.93648894,7.34164304,2225.55189514,10.4880614857,212.198593436,0.252397546668,0.252397546668,1.6109792
LLAMA3,LW,139,mt,64,13,0,0,1,10,640,3288.93513306,14.683286144,2225.55065687,20.9761230629,106.099237223,0.252397407338,0.252397407338,1.3046240065
LLAMA3,LW,140,mt,64,14,0,0,1,9,640,3288.93513306,14.683286144,2225.55065687,20.9761230629,106.099237223,0.252397407338,0.252397407338,1.43508640715
LLAMA3,LW,141,mt,64,15,0,0,1,8,640,3288.93513306,14.683286144,2225.55065687,20.9761230629,106.099237223,0.252397407338,0.252397407338,1.59454045239
LLAMA3,LW,142,mt,32,16,0,0,1,7,256,3477.87068382,5.674275584,2210.67299103,8.10610797714,272.716943479,0.193771128541,0.193771128541,5.58784264174
LLAMA3,LW,143,mt,16,13,0,0,1,10,640,3211.13850747,3.670821504,2154.89608552,5.24403072,410.923619746,0.244384543056,0.244384543056,1.33636804811
LLAMA3,LW,144,mt,16,14,0,0,1,9,640,3211.13850747,3.670821504,2154.89608552,5.24403072,410.923619746,0.244384543056,0.244384543056,1.47000485292
LLAMA3,LW,145,mt,16,15,0,0,1,8,640,3211.13850747,3.670821504,2154.89608552,5.24403072,410.923619746,0.244384543056,0.244384543056,1.63333872547
LLAMA3,LW,146,mt,32,3,0,0,1,20,256,2142.17473618,5.6784568,2142.17473618,8.11208114286,264.072153428,0.187905442064,0.187905442064,7.63146056633
LLAMA3,LW,147,mt,32,3,0,0,1,20,384,2142.17473618,6.12076528,2142.17473618,8.7439504,244.989351287,0.202541843007,0.202541843007,7.24245109691
LLAMA3,LW,148,mt,32,3,0,0,1,20,512,2142.17473618,6.81661776,2142.17473618,9.73802537143,219.980402029,0.225568251849,0.225568251849,6.61720233739
LLAMA3,LW,149,mt,32,3,0,0,1,20,640,2142.17473618,7.34164304,2142.17473618,10.4880614857,204.248872787,0.242941829003,0.242941829003,6.10470974968
LLAMA3,LW,150,mt,16,3,0,0,1,20,256,2099.33124146,2.839228352,2099.33124146,4.05604050286,517.58142947,0.184147330109,0.184147330109,6.62623598148
LLAMA3,LW,151,mt,16,3,0,0,1,20,384,2099.33124146,3.060382624,2099.33124146,4.37197517714,480.179131033,0.198491005109,0.198491005109,6.23342085729
LLAMA3,LW,152,mt,16,3,0,0,1,20,512,2099.33124146,3.408308832,2099.33124146,4.86901261714,431.16159405,0.221056883698,0.221056883698,5.71765679059
LLAMA3,LW,153,mt,16,3,0,0,1,20,640,2099.33124146,3.670821504,2099.33124146,5.24403072,400.327792408,0.238082991385,0.238082991385,5.39229558582
LLAMA3,LW,154,mt,32,16,0,0,1,7,512,3063.20602079,6.81661776,1978.26871813,9.73802537143,203.148856434,0.208309158398,0.208309158398,2.35403356311
LLAMA3,LW,155,mt,16,16,0,0,1,7,512,2963.1025489,3.408308832,1895.5549237,4.86901261714,389.30992231,0.199599499135,0.199599499135,2.38476060923
LLAMA3,LW,156,mt,16,8,0,0,1,15,256,3046.67686634,2.837137728,1873.57359573,4.05305389714,462.26219618,0.164223502676,0.164223502676,2.78037514212
LLAMA3,LW,157,mt,16,9,0,0,1,14,256,3046.67686634,2.837137728,1873.57359573,4.05305389714,462.26219618,0.164223502676,0.164223502676,2.96573348493
LLAMA3,LW,158,mt,16,10,0,0,1,13,256,3046.67686634,2.837137728,1873.57359573,4.05305389714,462.26219618,0.164223502676,0.164223502676,3.177571591
LLAMA3,LW,159,mt,16,11,0,0,1,12,256,3046.67686634,2.837137728,1873.57359573,4.05305389714,462.26219618,0.164223502676,0.164223502676,3.42200017492
LLAMA3,LW,160,mt,16,12,0,0,1,11,256,3046.67686634,2.837137728,1873.57359573,4.05305389714,462.26219618,0.164223502676,0.164223502676,3.70716685617
LLAMA3,LW,161,mt,8,8,0,0,1,15,512,2935.27161953,1.704154368,1872.83541195,2.43450624,769.287579212,0.197207158169,0.197207158169,2.11217491636
LLAMA3,LW,162,mt,8,9,0,0,1,14,512,2935.27161953,1.704154368,1872.83541195,2.43450624,769.287579212,0.197207158169,0.197207158169,1.87748881455
LLAMA3,LW,163,mt,8,10,0,0,1,13,512,2935.27161953,1.704154368,1872.83541195,2.43450624,769.287579212,0.197207158169,0.197207158169,1.68973993309
LLAMA3,LW,164,mt,8,11,0,0,1,12,512,2935.27161953,1.704154368,1872.83541195,2.43450624,769.287579212,0.197207158169,0.197207158169,1.5361272119
LLAMA3,LW,165,mt,8,12,0,0,1,11,512,2935.27161953,1.704154368,1872.83541195,2.43450624,769.287579212,0.197207158169,0.197207158169,1.65013665341
LLAMA3,LW,166,mt,8,8,0,0,2,14,640,3255.91432824,0.91770536,1869.57647549,1.31100765714,1426.0606834,0.106013368295,0.106013368295,3.623486236
LLAMA3,LW,167,mt,8,9,0,0,2,13,640,3255.91432824,0.91770536,1869.57647549,1.31100765714,1426.0606834,0.106013368295,0.106013368295,3.22087665423
LLAMA3,LW,168,mt,8,10,0,0,2,12,640,3255.91432824,0.91770536,1869.57647549,1.31100765714,1426.0606834,0.106013368295,0.106013368295,2.8987889888
LLAMA3,LW,169,mt,8,11,0,0,2,11,640,3255.91432824,0.91770536,1869.57647549,1.31100765714,1426.0606834,0.106013368295,0.106013368295,2.63526271709
LLAMA3,LW,170,mt,8,12,0,0,1,11,640,2883.28580048,1.83541072,1869.57647549,2.62201531429,713.030341702,0.21202673659,0.21202673659,1.32360130043
LLAMA3,LW,171,mt,16,16,0,0,1,7,384,2979.40346247,3.058292,1855.30047751,4.36898857143,424.652169988,0.175298152742,0.175298152742,3.47180476767
LLAMA3,LW,172,mt,32,16,0,0,1,7,640,2776.11598475,7.34164304,1780.44151611,10.4880614857,169.758874749,0.201918037335,0.201918037335,1.73930241546
LLAMA3,LW,173,mt,8,4,0,0,1,19,384,2691.45030956,1.529145984,1763.09006217,2.18449426286,807.093015598,0.166585645575,0.166585645575,4.58740605455
LLAMA3,LW,174,mt,8,4,0,0,1,19,512,2691.45030956,1.704154368,1762.32881179,2.43450624,723.895787503,0.185570955416,0.185570955416,4.18329144879
LLAMA3,LW,175,mt,8,4,0,0,1,19,640,2691.45030956,1.83541072,1761.68148975,2.62201531429,671.880701898,0.199790477726,0.199790477726,3.93071585457
LLAMA3,LW,176,mt,16,16,0,0,1,7,640,2706.92062862,3.670821504,1723.91686842,5.24403072,328.738895797,0.195507634445,0.195507634445,1.76533254345
LLAMA3,LW,177,mt,64,16,0,0,2,6,512,2939.87659227,6.816617776,1648.55573638,9.73802539429,169.290556312,0.0867954023831,0.0867954023831,4.19138957698
LLAMA3,LW,178,mt,8,8,0,0,1,15,384,2594.11678007,1.529145984,1565.68948072,2.18449426286,716.728584433,0.147934242563,0.147934242563,2.25703124093
LLAMA3,LW,179,mt,8,9,0,0,1,14,384,2594.11678007,1.529145984,1565.68948072,2.18449426286,716.728584433,0.147934242563,0.147934242563,2.00624999193
LLAMA3,LW,180,mt,8,10,0,0,1,13,384,2594.11678007,1.529145984,1565.68948072,2.18449426286,716.728584433,0.147934242563,0.147934242563,2.01520646511
LLAMA3,LW,181,mt,8,11,0,0,1,12,384,2594.11678007,1.529145984,1565.68948072,2.18449426286,716.728584433,0.147934242563,0.147934242563,2.17022234704
LLAMA3,LW,182,mt,8,12,0,0,1,11,384,2594.11678007,1.529145984,1565.68948072,2.18449426286,716.728584433,0.147934242563,0.147934242563,2.3510742093
LLAMA3,LW,183,mt,64,16,0,0,2,6,640,2654.71415636,7.341643072,1483.70043791,10.4880615314,141.465649631,0.0841324691125,0.0841324691125,3.10569105473
LLAMA3,LW,184,mt,4,6,0,0,1,17,512,2338.13613464,0.85207712,1412.50120063,1.21725302857,1160.40064594,0.148734547087,0.148734547087,2.91007184234
LLAMA3,LW,185,mt,4,7,0,0,1,16,512,2338.13613464,0.85207712,1412.50120063,1.21725302857,1160.40064594,0.148734547087,0.148734547087,2.49434729343
LLAMA3,LW,186,mt,4,6,0,0,1,17,640,2306.94995551,0.917705344,1412.08433532,1.31100763429,1077.09848394,0.160143022826,0.160143022826,2.72879684372
LLAMA3,LW,187,mt,4,7,0,0,1,16,640,2306.94995551,0.917705344,1412.08433532,1.31100763429,1077.09848394,0.160143022826,0.160143022826,2.33896872319
LLAMA3,LW,188,mt,8,4,0,0,1,19,256,2406.28117153,1.4185688,1411.54317664,2.02652685714,696.533170365,0.123725352832,0.123725352832,4.76331474351
LLAMA3,LW,189,mt,8,5,0,0,1,18,256,2406.28117153,1.4185688,1411.54317664,2.02652685714,696.533170365,0.123725352832,0.123725352832,3.81065179481
LLAMA3,LW,190,mt,8,6,0,0,1,17,256,2406.28117153,1.4185688,1411.54317664,2.02652685714,696.533170365,0.123725352832,0.123725352832,3.17554316234
LLAMA3,LW,191,mt,8,7,0,0,1,16,256,2406.28117153,1.4185688,1411.54317664,2.02652685714,696.533170365,0.123725352832,0.123725352832,2.79100473253
LLAMA3,LW,192,mt,16,13,0,0,1,10,256,2397.02940111,2.837137728,1405.1801968,4.05305389714,346.696647135,0.123167627007,0.123167627007,3.90156556508
LLAMA3,LW,193,bstar,2,5,0,0,8,11,384,771.237504996,0.047785808,388.093297629,0.06826544,5685.06256795,0.00458362624977,0.00458362624977,31.1166826852
LLAMA3,LW,194,bstar,4,5,0,0,8,11,384,1530.35725808,0.09557162,774.9838319,0.136530885714,5676.25287015,0.00915304748992,0.00915304748992,27.3509406252
LLAMA3,LW,195,bstar,8,5,0,0,8,11,384,3013.35118105,0.191143248,1545.16995324,0.273061782857,5658.68257753,0.0182494317582,0.0182494317582,25.6262291641
LLAMA3,LW,196,bstar,16,5,0,0,8,11,384,3498.88540243,0.3822865,3052.38774939,0.546123571429,5589.18880101,0.0360506249802,0.0360506249802,25.0713755501
LLAMA3,LW,197,bstar,2,5,0,0,8,11,512,770.566435905,0.053254816,388.038179853,0.0760783085714,5100.51008151,0.00510748933985,0.00510748933985,27.9357123506
LLAMA3,LW,198,bstar,4,5,0,0,11,8,512,1152.88496592,0.07988223,581.071705411,0.114117471429,5091.87329632,0.00573619669032,0.00573619669032,32.6120484547
LLAMA3,LW,199,bstar,8,5,0,0,8,11,512,3003.12576708,0.213019296,1544.29302651,0.30431328,5074.68167841,0.0203265084853,0.0203265084853,23.0414452091
LLAMA3,LW,200,bstar,16,5,0,0,8,11,512,3498.88540243,0.426038604,3042.22995456,0.608626577143,4998.51644474,0.040042863411,0.040042863411,22.5833534828
LLAMA3,LW,201,bstar,2,6,0,0,7,11,512,933.344680953,0.06656852,471.743284852,0.0950978857143,4960.60749731,0.00776155518847,0.00776155518847,18.6729858729
LLAMA3,LW,202,bstar,4,6,0,0,11,7,512,1121.24564245,0.07988223,565.00048025,0.114117471429,4951.04275601,0.00557754551575,0.00557754551575,27.1724200203
LLAMA3,LW,203,bstar,8,6,0,0,11,7,512,2213.03393632,0.159764472,1123.70124717,0.22823496,4923.44050696,0.011092902647,0.011092902647,25.369920014
LLAMA3,LW,204,bstar,2,5,0,0,8,11,640,770.05278059,0.05735658,387.991206567,0.0819379714286,4735.18198953,0.00550020975748,0.00550020975748,25.9480691966
LLAMA3,LW,205,bstar,4,5,0,0,11,8,640,1151.90059818,0.086034876,580.930604354,0.122906965714,4726.58812279,0.0061765067363,0.0061765067363,30.2931066592
LLAMA3,LW,206,bstar,8,5,0,0,11,8,640,2274.22121148,0.172069755,1156.68849338,0.245813935714,4705.54482608,0.0122980169097,0.0122980169097,28.3004496828
LLAMA3,LW,207,bstar,2,7,0,0,8,9,512,703.031369191,0.053254816,353.807463639,0.0760783085714,4650.56952872,0.00465693311308,0.00465693311308,19.9451355005
LLAMA3,LW,208,bstar,2,8,0,0,8,8,512,703.031369191,0.053254816,353.807463639,0.0760783085714,4650.56952872,0.00465693311308,0.00465693311308,17.451993563
LLAMA3,LW,209,bstar,4,7,0,0,8,9,512,1394.35468824,0.10650964,706.250600313,0.152156628571,4641.60258376,0.00929590919292,0.00929590919292,17.532576352
LLAMA3,LW,210,bstar,4,8,0,0,8,8,512,1394.35468824,0.10650964,706.250600313,0.152156628571,4641.60258376,0.00929590919292,0.00929590919292,15.341004308
LLAMA3,LW,211,bstar,8,7,0,0,8,9,512,2738.3745655,0.213019296,1404.62655896,0.30431328,4615.72547527,0.0184881710784,0.0184881710784,16.428522211
LLAMA3,LW,212,bstar,8,8,0,0,8,8,512,2738.3745655,0.213019296,1404.62655896,0.30431328,4615.72547527,0.0184881710784,0.0184881710784,14.3749569346
LLAMA3,LW,213,bstar,2,6,0,0,11,7,384,470.537731511,0.035839356,235.957296448,0.05119908,4608.62375747,0.00209010320025,0.00209010320025,34.4882739348
LLAMA3,LW,214,bstar,2,6,0,0,7,11,640,932.436921709,0.071695725,471.673862051,0.102422464286,4605.17978493,0.00835813136513,0.00835813136513,17.3478807289
LLAMA3,LW,215,bstar,4,6,0,0,7,11,384,1545.5047568,0.119464525,785.294882155,0.170663607143,4601.4196893,0.011593534365,0.011593534365,18.278056544
LLAMA3,LW,216,bstar,4,6,0,0,11,7,640,1120.24896534,0.086034876,564.83373413,0.122906965714,4595.62019815,0.00600536335597,0.00600536335597,25.2399616832
LLAMA3,LW,217,bstar,8,6,0,0,7,11,384,3033.22202943,0.23892906,1565.68948072,0.341327228571,4587.06294037,0.0231147254004,0.0231147254004,17.1657824999
LLAMA3,LW,218,bstar,8,6,0,0,7,11,640,3573.41493385,0.286782925,1869.57647549,0.409689892857,4563.39418689,0.0331291775923,0.0331291775923,14.4414094554
LLAMA3,LW,219,bstar,16,6,0,0,7,11,384,4198.66248291,0.477858125,3092.16746251,0.682654464286,4529.62314653,0.0456505606099,0.0456505606099,16.8691228447
LLAMA3,LW,220,bstar,2,4,0,0,8,12,384,587.171497958,0.047785808,295.017885459,0.06826544,4321.6287108,0.00348434701708,0.00348434701708,38.8532910424
LLAMA3,LW,221,bstar,2,7,0,0,8,9,384,587.030348431,0.047785808,294.946620561,0.06826544,4320.58477263,0.00348350533375,0.00348350533375,22.2018619736
LLAMA3,LW,222,bstar,2,8,0,0,8,8,384,587.030348431,0.047785808,294.946620561,0.06826544,4320.58477263,0.00348350533375,0.00348350533375,19.4266292269
LLAMA3,LW,223,bstar,2,7,0,0,8,9,640,702.578111352,0.05735658,353.755396539,0.0819379714286,4317.35604837,0.00501487881908,0.00501487881908,18.5253890595
LLAMA3,LW,224,bstar,2,8,0,0,8,8,640,702.578111352,0.05735658,353.755396539,0.0819379714286,4317.35604837,0.00501487881908,0.00501487881908,16.2097154271
LLAMA3,LW,225,bstar,4,4,0,0,11,9,384,879.064788309,0.071678715,441.941288984,0.102398164286,4315.91027111,0.00391470386799,0.00391470386799,45.348277493
LLAMA3,LW,226,bstar,4,7,0,0,8,9,384,1166.58148906,0.09557162,588.971161616,0.136530885714,4313.83095872,0.006956120619,0.006956120619,19.4938554349
LLAMA3,LW,227,bstar,4,8,0,0,8,8,384,1166.58148906,0.09557162,588.971161616,0.136530885714,4313.83095872,0.006956120619,0.006956120619,17.0571235055
LLAMA3,LW,228,bstar,4,7,0,0,8,9,640,1392.57091519,0.114713168,706.042167662,0.163875954286,4308.39393577,0.0100089389266,0.0100089389266,16.2902626439
LLAMA3,LW,229,bstar,4,8,0,0,8,8,640,1392.57091519,0.114713168,706.042167662,0.163875954286,4308.39393577,0.0100089389266,0.0100089389266,14.2539798134
LLAMA3,LW,230,bstar,8,4,0,0,8,12,384,2305.97023649,0.191143248,1175.39337478,0.273061782857,4304.49608319,0.0138821371313,0.0138821371313,31.8953971163
LLAMA3,LW,231,bstar,8,7,0,0,8,9,384,2303.80273627,0.191143248,1174.26711054,0.273061782857,4300.3715066,0.0138688352402,0.0138688352402,18.2257020893
LLAMA3,LW,232,bstar,8,8,0,0,8,8,384,2303.80273627,0.191143248,1174.26711054,0.273061782857,4300.3715066,0.0138688352402,0.0138688352402,15.9474893282
LLAMA3,LW,233,bstar,16,5,0,0,11,8,640,3498.88540243,0.344139516,2111.78301007,0.49162788,4295.49074815,0.0224526687773,0.0224526687773,27.4849414572
LLAMA3,LW,234,bstar,8,7,0,0,8,9,640,2728.43639595,0.22942634,1402.18235662,0.327751914286,4278.18205021,0.0198775065554,0.0198775065554,15.274471465
LLAMA3,LW,235,bstar,8,8,0,0,8,8,640,2728.43639595,0.22942634,1402.18235662,0.327751914286,4278.18205021,0.0198775065554,0.0198775065554,13.3651625318
LLAMA3,LW,236,bstar,16,4,0,0,8,12,384,2799.10832194,0.3822865,2332.26428169,0.546123571429,4270.57978031,0.0275455125224,0.0275455125224,31.0819505559
LLAMA3,LW,237,bstar,16,7,0,0,8,9,384,4466.95907744,0.3822865,2319.12559688,0.546123571429,4246.52169988,0.027390336366,0.027390336366,17.758432385
LLAMA3,LW,238,bstar,16,8,0,0,8,8,384,4466.95907744,0.3822865,2319.12559688,0.546123571429,4246.52169988,0.027390336366,0.027390336366,15.5386283368
LLAMA3,LW,239,bstar,16,6,0,0,7,11,512,4198.66248291,0.532548255,3159.25820617,0.760783221429,4152.6391713,0.0519790362331,0.0519790362331,15.2283559762
LLAMA3,LW,240,bstar,16,7,0,0,8,9,512,4540.63244272,0.426038604,2369.44365463,0.608626577143,3893.0992231,0.0311874217398,0.0311874217398,15.9936197079
LLAMA3,LW,241,bstar,16,8,0,0,8,8,512,4540.63244272,0.426038604,2369.44365463,0.608626577143,3893.0992231,0.0311874217398,0.0311874217398,13.9944172444
LLAMA3,LW,242,bstar,2,4,0,0,8,12,512,586.782442884,0.053254816,294.986033886,0.0760783085714,3877.40000304,0.00388270562461,0.00388270562461,34.8770887635
LLAMA3,LW,243,bstar,4,4,0,0,8,12,512,1165.60015093,0.10650964,589.126955091,0.152156628571,3871.84548332,0.00775428817364,0.00775428817364,30.6351442336
LLAMA3,LW,244,bstar,8,4,0,0,8,12,512,2299.97736603,0.213019296,1174.88587452,0.30431328,3860.77753335,0.0154642462847,0.0154642462847,28.6645544318
LLAMA3,LW,245,bstar,16,4,0,0,8,12,512,2799.10832194,0.426038604,2326.32933728,0.608626577143,3822.26052007,0.0306199364588,0.0306199364588,27.9734316132
LLAMA3,LW,246,bstar,2,4,0,0,8,12,256,470.415101319,0.044330264,236.05922726,0.0633289485714,3727.50902368,0.0025863983846,0.0025863983846,41.8444277944
LLAMA3,LW,247,bstar,2,5,0,0,8,11,256,470.415101319,0.044330264,236.05922726,0.0633289485714,3727.50902368,0.0025863983846,0.0025863983846,33.4755422355
LLAMA3,LW,248,bstar,4,4,0,0,8,12,256,936.391315113,0.088660544,471.582442043,0.12665792,3723.27638132,0.00516692484582,0.00516692484582,36.7081070267
LLAMA3,LW,249,bstar,4,5,0,0,8,11,256,936.391315113,0.088660544,471.582442043,0.12665792,3723.27638132,0.00516692484582,0.00516692484582,29.3664856214
LLAMA3,LW,250,bstar,2,9,0,0,8,7,512,563.154659412,0.053254816,283.045970911,0.0760783085714,3720.45562298,0.00372554649047,0.00372554649047,15.498501649
LLAMA3,LW,251,bstar,8,4,0,0,11,9,256,1400.17449305,0.132990825,705.771588318,0.189986892857,3714.84357528,0.00579962591399,0.00579962591399,45.476736702
LLAMA3,LW,252,bstar,8,5,0,0,11,8,256,1400.17449305,0.132990825,705.771588318,0.189986892857,3714.84357528,0.00579962591399,0.00579962591399,36.3813893616
LLAMA3,LW,253,bstar,4,9,0,0,7,8,512,1389.89067992,0.13313705,706.250600313,0.190195785714,3713.28206701,0.0116198864912,0.0116198864912,10.9342777508
LLAMA3,LW,254,bstar,16,4,0,0,8,12,256,2799.10832194,0.354642216,1873.57359573,0.506631737143,3698.09756944,0.0205279378345,0.0205279378345,33.2759625137
LLAMA3,LW,255,bstar,16,5,0,0,8,11,256,3498.88540243,0.354642216,1873.57359573,0.506631737143,3698.09756944,0.0205279378345,0.0205279378345,26.6207700109
LLAMA3,LW,256,bstar,8,9,0,0,8,7,512,2201.8101583,0.213019296,1123.70124717,0.30431328,3692.58038022,0.0147905368627,0.0147905368627,12.7313497522
MAMBA2,ARXIV,1,mt,32,4,13,7,0,0,256,2060.32612344,3.33983383,1422.82527871,6.67966766,213.0083937,0.762330220483,1.31176749017,1.48440400643
MAMBA2,ARXIV,2,mt,32,5,13,6,0,0,256,2004.99359308,3.33983383,1422.82527871,6.67966766,213.0083937,0.838563242531,1.19251590015,1.1262653014
MAMBA2,ARXIV,3,mt,32,6,13,5,0,0,256,1902.79016667,3.33983383,1422.82527871,6.67966766,213.0083937,0.991029286628,1.00905191551,0.860018643799
MAMBA2,ARXIV,4,mt,32,3,13,8,0,0,256,1661.89993219,3.3505166,1418.28874986,6.7010332,211.652249367,0.853414048818,1.17176416463,2.10753235407
MAMBA2,ARXIV,5,mt,32,4,16,4,0,0,384,2029.08567757,2.953637076,1373.21516359,5.907274152,232.461729091,0.853530980747,0.853530980747,1.34578456729
MAMBA2,ARXIV,6,bstar+mt,16,5,13,6,0,0,384,1773.54743256,1.83858064,1292.30121775,3.67716128,351.439906859,0.914613263849,1.09335829637,1.0204152468
MAMBA2,ARXIV,7,mt,32,6,13,5,0,0,384,1868.69480812,3.68317825,1290.19006886,7.3663565,175.146297747,0.761692413882,1.31286590463,0.897778669751
MAMBA2,ARXIV,8,mt,32,7,13,4,0,0,384,1756.87394799,3.68317825,1290.19006886,7.3663565,175.146297747,0.937467586316,1.06670354751,0.687622729856
MAMBA2,ARXIV,9,mt,32,5,13,6,0,0,384,1951.32160804,3.683532975,1290.06582329,7.36706595,175.112566121,0.644496566778,1.55159864544,1.18842180933
MAMBA2,ARXIV,10,mt,32,3,16,5,0,0,384,1661.89993219,2.969242076,1281.95513542,5.938484152,215.872452061,0.801017493186,0.801017493186,1.73437852246
MAMBA2,ARXIV,11,mt,32,3,16,5,0,0,512,1661.89993219,3.332554852,1281.16514283,6.665109704,192.21966325,0.89847498168,0.89847498168,1.6289176677
MAMBA2,ARXIV,12,mt,32,3,16,5,0,0,640,1661.89993219,3.673319112,1279.65991758,7.346638224,174.183058776,0.98918334009,0.98918334009,1.54841623675
MAMBA2,ARXIV,13,mt,32,4,16,4,0,0,512,1808.62718318,3.319049092,1227.42158004,6.638098184,184.905607903,0.857296397457,0.857296397457,1.20005283018
MAMBA2,ARXIV,14,bstar+mt,16,6,13,5,0,0,384,1685.69735679,1.8383135,1211.38226894,3.676627,329.48195967,0.937247634111,0.937247634111,0.787046461124
MAMBA2,ARXIV,15,mt,32,7,11,6,0,0,256,1757.35370552,4.007800596,1185.68773225,8.015601192,147.922495625,0.698802702109,1.43101908018,0.762195501029
MAMBA2,ARXIV,16,mt,32,8,11,5,0,0,256,1678.34030135,4.007800596,1185.68773225,8.015601192,147.922495625,0.825857738856,1.21086229861,0.693169918384
MAMBA2,ARXIV,17,bstar+mt,16,4,11,9,0,0,256,1580.67856755,2.003900298,1185.15147421,4.007800596,295.711187676,0.999547724051,0.999547724051,1.11784536687
MAMBA2,ARXIV,18,bstar+mt,16,5,11,8,0,0,256,1580.67856755,2.003900298,1185.15147421,4.007800596,295.711187676,0.999547724051,0.999547724051,0.894276293493
MAMBA2,ARXIV,19,bstar+mt,16,4,13,7,0,0,384,1668.06643662,1.844991945,1183.48447416,3.68998389,320.728900029,0.918989613579,0.918989613579,1.16521003617
MAMBA2,ARXIV,20,mt,16,3,11,10,0,0,256,1588.03047693,2.010309954,1181.90729508,4.020619908,293.961459208,0.977039325748,1.02350025597,1.50350557957
MAMBA2,ARXIV,21,mt,32,9,11,4,0,0,256,1572.3006149,4.007800596,1166.50996549,8.015601192,145.529940619,0.983825617624,0.983825617624,0.663453105367
MAMBA2,ARXIV,22,bstar+mt,16,6,13,5,0,0,512,1648.93884716,2.062313665,1152.10408597,4.12462733,279.323195478,0.794776987525,1.25821458811,0.81779659322
MAMBA2,ARXIV,23,bstar+mt,16,7,13,4,0,0,512,1547.38982093,2.062313665,1152.10408597,4.12462733,279.323195478,0.978187061569,1.02229935284,0.627738465827
MAMBA2,ARXIV,24,mt,16,5,13,6,0,0,512,1634.47148235,2.06574996,1150.18760547,4.13149992,278.394681773,0.814824529877,1.22725809464,0.966293029873
MAMBA2,ARXIV,25,mt,32,6,13,5,0,0,512,1666.10613608,4.135509225,1149.07251839,8.27101845,138.927572866,0.758701846204,1.31804081538,0.801371053055
MAMBA2,ARXIV,26,mt,32,7,13,4,0,0,512,1566.67483004,4.135509225,1149.07251839,8.27101845,138.927572866,0.933786887635,1.0709081625,0.613658313994
MAMBA2,ARXIV,27,mt,32,5,13,6,0,0,512,1737.80419838,4.140297995,1147.74347299,8.28059599,138.606384658,0.641824606154,1.55805805887,1.05998961203
MAMBA2,ARXIV,28,mt,16,4,13,7,0,0,512,1544.5023312,2.072161265,1146.6289039,4.14432253,276.674630318,0.96957506828,1.0313796556,1.09823078741
MAMBA2,ARXIV,29,mt,32,2,11,11,0,0,256,1107.93328813,4.11432108,1107.93328813,8.22864216,134.643513059,0.959257845659,0.959257845659,2.63960846825
MAMBA2,ARXIV,30,mt,32,2,13,9,0,0,384,1107.93328813,3.780023015,1107.93328813,7.56004603,146.551129944,0.88131593607,0.88131593607,2.33251879322
MAMBA2,ARXIV,31,mt,32,2,13,9,0,0,512,1107.93328813,4.220217325,1107.93328813,8.44043465,131.264956613,0.983947655197,0.983947655197,2.21416614355
MAMBA2,ARXIV,32,mt,32,4,16,4,0,0,640,1621.83752238,3.661967948,1080.95720923,7.323935896,147.592390837,0.833003083618,0.833003083618,1.07344916394
MAMBA2,ARXIV,33,mt,16,7,11,6,0,0,384,1565.32181467,2.2059762,1077.07417696,4.4119524,244.126427329,0.752339274558,1.32918755383,0.675914333768
MAMBA2,ARXIV,34,mt,16,8,11,5,0,0,384,1491.20992892,2.2059762,1077.07417696,4.4119524,244.126427329,0.889128233568,1.12469716093,0.539501040041
MAMBA2,ARXIV,35,mt,32,8,11,5,0,0,384,1632.27778034,4.4198139,1075.15839072,8.8396278,121.629373436,0.634743678235,1.57543908555,0.624813102985
MAMBA2,ARXIV,36,mt,32,9,11,4,0,0,384,1546.31023133,4.4198139,1075.15839072,8.8396278,121.629373436,0.781222988597,1.28004425701,0.491687990485
MAMBA2,ARXIV,37,mt,16,3,11,10,0,0,384,1480.71657892,2.226931548,1066.93894661,4.453863096,239.553601809,0.882223274337,1.13349990766,1.43103601603
MAMBA2,ARXIV,38,mt,16,3,13,8,0,0,512,1482.2873923,2.082846775,1057.87194249,4.16569355,253.948575378,0.927350658152,0.927350658152,1.38219149981
MAMBA2,ARXIV,39,mt,16,6,13,5,0,0,640,1501.2649835,2.27588748,1043.9883434,4.55177496,229.358514551,0.781623110823,1.27938898704,0.748001496551
MAMBA2,ARXIV,40,mt,16,7,13,4,0,0,640,1409.8435691,2.27588748,1043.9883434,4.55177496,229.358514551,0.961997674859,1.03950355197,0.573669416711
MAMBA2,ARXIV,41,mt,16,5,13,6,0,0,640,1522.49930294,2.278526385,1042.7792347,4.55705277,228.827553099,0.739651132019,1.35198873727,0.925118209901
MAMBA2,ARXIV,42,mt,32,7,13,4,0,0,640,1406.48171258,4.564157795,1041.15594014,9.12831559,114.05783793,0.961022332051,1.04055854547,0.547877146855
MAMBA2,ARXIV,43,mt,32,5,14,5,0,0,640,1496.15009246,4.568946565,1040.06469159,9.13789313,113.818872336,0.780642655645,1.28099584716,0.856507613848
MAMBA2,ARXIV,44,mt,16,4,13,7,0,0,640,1444.18110561,2.28493769,1039.85330121,4.56987538,227.545220545,0.880118835976,1.13621020154,1.04735929242
MAMBA2,ARXIV,45,mt,16,3,13,8,0,0,640,1389.75711989,2.2956232,1035.01306312,4.5912464,225.431826774,0.978975385856,1.02147614174,1.31532422357
MAMBA2,ARXIV,46,mt,32,2,13,9,0,0,640,1107.93328813,4.64245447,1023.59646836,9.28490894,110.24302715,0.923879153489,1.08239264434,2.12156894144
MAMBA2,ARXIV,47,mt,16,6,10,8,0,0,256,1422.63216467,2.337883681,1016.3037705,4.675767362,217.355503775,0.857530697653,1.16613901139,0.691987472609
MAMBA2,ARXIV,48,mt,32,10,10,4,0,0,256,1415.84222001,4.675767362,1016.3037705,9.351534724,108.677751888,0.871234537695,1.14779655389,0.659654169818
MAMBA2,ARXIV,49,mt,32,10,11,3,0,0,384,1398.95234225,4.4198139,1000.90932612,8.8396278,113.229804328,0.930941277828,0.930941277828,0.418263425673
MAMBA2,ARXIV,50,mt,16,9,11,4,0,0,384,1392.3279761,2.2059762,984.248093511,4.4119524,223.086743527,0.913816443258,0.913816443258,0.431959478198
MAMBA2,ARXIV,51,bstar+mt,8,5,11,8,0,0,384,1390.49174372,1.103148378,980.846038559,2.206296756,444.56668664,0.910790165407,0.910790165407,0.842714908476
MAMBA2,ARXIV,52,mt,16,8,11,5,0,0,512,1442.48451829,2.474776398,960.086738309,4.949552796,193.974441304,0.662314156271,1.50985750574,0.568079570599
MAMBA2,ARXIV,53,mt,16,9,11,4,0,0,512,1364.16849034,2.474776398,960.086738309,4.949552796,193.974441304,0.815155884641,1.22675922341,0.448002918473
MAMBA2,ARXIV,54,bstar+mt,8,5,11,8,0,0,512,1287.56299207,1.239449976,958.489671228,2.478899952,386.65928024,0.977686302364,1.02282296232,0.794018245452
MAMBA2,ARXIV,55,mt,32,8,11,5,0,0,512,1455.11995033,4.96261107,957.560431993,9.92522214,96.4774811572,0.632251538503,1.58164897845,0.557814477089
MAMBA2,ARXIV,56,mt,32,9,11,4,0,0,512,1378.69942755,4.96261107,957.560431993,9.92522214,96.4774811572,0.778155739696,1.28508979499,0.438877521816
MAMBA2,ARXIV,57,bstar+mt,8,6,11,7,0,0,512,1276.91564869,1.237286166,952.766596003,2.474572332,385.022730466,0.992293710995,0.992293710995,0.652835212625
MAMBA2,ARXIV,58,mt,16,7,10,7,0,0,256,1323.34951857,2.337883681,948.121179368,4.675767362,202.773385835,0.932911209114,0.932911209114,0.542708177739
MAMBA2,ARXIV,59,mt,16,10,10,4,0,0,384,1256.92616972,2.5736389,923.206437391,5.1472778,179.358191507,0.937981433215,1.0661191838,0.401500237475
MAMBA2,ARXIV,60,mt,8,6,10,8,0,0,384,1260.82150869,1.28681945,923.206437391,2.5736389,358.716383014,0.928904467523,1.07653696905,0.654248017419
MAMBA2,ARXIV,61,mt,32,11,10,3,0,0,384,1262.10262765,5.15644955,921.564334902,10.3128991,89.3603559936,0.920727093703,1.08609815747,0.417112741846
MAMBA2,ARXIV,62,mt,16,2,10,12,0,0,256,1060.45043292,2.385243959,898.378157912,4.770487918,188.319973419,0.901873347667,0.901873347667,1.7865075271
MAMBA2,ARXIV,63,mt,16,2,10,12,0,0,384,1060.45043292,2.637969152,898.378157912,5.275938304,170.278366832,0.997430078873,0.997430078873,1.69651590456
MAMBA2,ARXIV,64,mt,16,2,11,11,0,0,512,1060.45043292,2.53186638,898.378157912,5.06373276,177.414212102,0.957312059993,0.957312059993,1.73210953593
MAMBA2,ARXIV,65,mt,32,10,11,3,0,0,512,1247.65031469,4.96261107,894.946283087,9.92522214,90.1688919868,0.934610759996,0.934610759996,0.334407628136
MAMBA2,ARXIV,66,mt,16,8,8,8,0,0,256,1293.31792575,2.671867064,889.265799191,5.343734128,166.412807578,0.750339360447,1.33273029873,0.57309556081
MAMBA2,ARXIV,67,mt,16,9,8,7,0,0,256,1210.74028938,2.671867064,889.265799191,5.343734128,166.412807578,0.937924200558,1.06618423899,0.541452398881
MAMBA2,ARXIV,68,mt,32,11,8,5,0,0,256,1357.97216521,5.343734128,889.265799191,10.687468256,83.206403789,0.619393304142,1.61448306482,0.756661679908
MAMBA2,ARXIV,69,mt,32,12,8,4,0,0,256,1287.70382715,5.343734128,889.265799191,10.687468256,83.206403789,0.762330220483,1.31176749017,0.724806643763
MAMBA2,ARXIV,70,mt,8,6,11,7,0,0,640,1194.64357299,1.364952012,870.360268754,2.729904024,318.824493866,0.914209019093,1.09384175732,0.621937635321
MAMBA2,ARXIV,71,mt,16,8,11,5,0,0,640,1312.52295703,2.731064976,869.990286163,5.462129952,159.276746216,0.651352592352,1.53526678444,0.519981275603
MAMBA2,ARXIV,72,mt,16,9,11,4,0,0,640,1242.10477741,2.731064976,869.990286163,5.462129952,159.276746216,0.801664729049,1.24740426236,0.409725238055
MAMBA2,ARXIV,73,bstar+mt,8,5,11,8,0,0,640,1204.01643464,1.367115822,868.982701306,2.734231644,317.816050155,0.886946311708,1.12746395898,0.757109180706
MAMBA2,ARXIV,74,mt,32,8,12,4,0,0,640,1239.09434366,5.476989354,867.629950117,10.953978708,79.206831896,0.800851943376,1.24867025456,0.440237169896
MAMBA2,ARXIV,75,bstar+mt,8,7,11,6,0,0,512,1235.51900551,1.237286166,866.151450912,2.474572332,350.02066406,0.902085191813,0.902085191813,0.53423628559
MAMBA2,ARXIV,76,bstar+mt,8,7,11,6,0,0,640,1158.30663339,1.364952012,865.487641702,2.729904024,317.039586041,0.994401597561,0.994401597561,0.507772065719
MAMBA2,ARXIV,77,mt,16,10,8,6,0,0,256,1173.28353599,2.671867064,861.92834488,5.343734128,161.297011459,0.969258399079,0.969258399079,0.5529134666
MAMBA2,ARXIV,78,mt,16,10,11,3,0,0,512,1230.54939173,2.474776398,856.578371996,4.949552796,173.061770891,0.892188526116,0.892188526116,0.342621409527
MAMBA2,ARXIV,79,bstar+mt,8,3,8,13,0,0,256,1166.89088726,1.340206632,853.480814818,2.680413264,318.413890231,0.962828828539,0.962828828539,1.18757494203
MAMBA2,ARXIV,80,mt,16,2,11,11,0,0,640,1060.45043292,2.785472676,852.997058802,5.570945352,153.115316146,0.949550781377,1.05312956359,1.65148075263
MAMBA2,ARXIV,81,mt,8,4,10,10,0,0,384,1195.13421686,1.291494358,852.753733676,2.582988716,330.14226055,0.927042622732,0.927042622732,0.907424353757
MAMBA2,ARXIV,82,mt,32,13,8,3,0,0,256,1166.93736204,5.343734128,848.370883996,10.687468256,79.3799676102,0.95401272012,0.95401272012,0.668334623961
MAMBA2,ARXIV,83,mt,8,8,10,6,0,0,512,1115.8634286,1.443500527,822.999353155,2.887001054,285.070679837,0.950179500697,1.05243272378,0.432348156446
MAMBA2,ARXIV,84,mt,16,11,10,3,0,0,512,1111.79935541,2.887239131,822.931489979,5.774478262,142.511834427,0.96071943547,1.0408866138,0.287958229796
MAMBA2,ARXIV,85,mt,32,11,10,3,0,0,512,1125.45017168,5.789712915,820.766084565,11.57942583,70.8814147277,0.917112121785,1.09037922,0.281558200798
MAMBA2,ARXIV,86,mt,8,4,10,10,0,0,512,1106.48542097,1.450512889,819.02064367,2.901025778,282.321049982,0.960800488275,1.04079880496,0.855638312605
MAMBA2,ARXIV,87,mt,16,11,8,5,0,0,384,1211.62688757,2.9413016,807.805632717,5.8826032,137.321115372,0.666846175176,1.49959621458,0.457712771913
MAMBA2,ARXIV,88,mt,16,12,8,4,0,0,384,1145.5255308,2.9413016,807.805632717,5.8826032,137.321115372,0.820733754063,1.21842192434,0.440077766376
MAMBA2,ARXIV,89,mt,8,7,8,9,0,0,384,1148.76009662,1.4706508,807.805632717,2.9413016,274.642230745,0.812791409082,1.23032796462,0.527026849558
MAMBA2,ARXIV,90,mt,8,8,8,8,0,0,384,1148.76009662,1.4706508,807.805632717,2.9413016,274.642230745,0.812791409082,1.23032796462,0.461148493363
MAMBA2,ARXIV,91,mt,32,12,8,4,0,0,384,1247.32343343,5.8930852,806.368793039,11.7861704,68.4165225576,0.585917241448,1.70672567602,0.513018609516
MAMBA2,ARXIV,92,mt,32,13,8,3,0,0,384,1149.64127,5.8930852,806.368793039,11.7861704,68.4165225576,0.805636206991,1.2412550371,0.463413537038
MAMBA2,ARXIV,93,mt,8,3,8,13,0,0,384,1089.56659828,1.484621024,800.204214271,2.969242048,269.49780494,0.937697302877,1.06644222707,1.12864671443
MAMBA2,ARXIV,94,bstar+mt,8,4,8,12,0,0,256,1141.35989279,1.335933528,796.466872952,2.671867056,298.093751021,0.895645454139,0.895645454139,0.862946532017
MAMBA2,ARXIV,95,bstar+mt,8,5,8,11,0,0,256,1141.35989279,1.335933528,796.466872952,2.671867056,298.093751021,0.895645454139,0.895645454139,0.690357225614
MAMBA2,ARXIV,96,mt,8,9,8,7,0,0,384,1071.36407025,1.4706508,795.09268793,2.9413016,270.320013402,0.984262371699,0.984262371699,0.364685619797
MAMBA2,ARXIV,97,mt,16,10,11,3,0,0,640,1121.73983208,2.731064976,789.257884489,5.462129952,144.496357909,0.907203099899,0.907203099899,0.312932715975
MAMBA2,ARXIV,98,mt,32,6,15,3,0,0,640,1253.87384995,4.564157795,787.915425946,9.12831559,86.3155330442,0.756769851248,0.756769851248,0.550295276707
MAMBA2,ARXIV,99,mt,32,9,12,3,0,0,640,1119.09963302,5.476989354,787.915425946,10.953978708,71.9296108701,0.908123821498,0.908123821498,0.332058776824
MAMBA2,ARXIV,100,mt,32,10,11,3,0,0,640,1119.09963302,5.476989354,787.915425946,10.953978708,71.9296108701,0.908123821498,0.908123821498,0.298852899142
MAMBA2,ARXIV,101,mt,8,8,10,6,0,0,640,1042.67127543,1.592444014,746.023087503,3.184888028,234.238403656,0.861968503717,1.16013519715,0.412475719271
MAMBA2,ARXIV,102,mt,16,11,10,3,0,0,640,1012.90561201,3.186242472,745.705959568,6.372484944,117.019650281,0.94481914495,1.05840361655,0.26317527592
MAMBA2,ARXIV,103,mt,8,4,11,9,0,0,640,1096.08324396,1.370962608,745.523133583,2.741925216,271.897690438,0.860340353149,0.860340353149,0.825236484289
MAMBA2,ARXIV,104,mt,32,11,10,3,0,0,640,1010.48624112,6.389820913,743.682814386,12.779641826,58.1927744542,0.943861218979,1.05947779175,0.251344020725
MAMBA2,ARXIV,105,mt,8,9,10,5,0,0,512,1054.13425639,1.443500527,732.897381541,2.887001054,253.861140967,0.890519997046,0.890519997046,0.353991989214
MAMBA2,ARXIV,106,mt,8,9,10,5,0,0,640,988.538836627,1.592444014,732.335696825,3.184888028,229.940798667,0.981652859131,0.981652859131,0.336350835609
MAMBA2,ARXIV,107,mt,16,11,8,5,0,0,256,1104.91770968,2.671867064,729.323984129,5.343734128,136.482086619,0.820141722298,0.820141722298,0.550356816005
MAMBA2,ARXIV,108,mt,8,10,8,6,0,0,384,1036.44943993,1.4706508,722.811534482,2.9413016,245.745466729,0.894783974272,0.894783974272,0.349795118557
MAMBA2,ARXIV,109,mt,8,10,8,6,0,0,512,1017.33790721,1.649714888,720.124434011,3.299429776,218.257239251,0.831407063109,1.20278025575,0.324813369089
MAMBA2,ARXIV,110,mt,8,11,8,5,0,0,512,965.776434503,1.649714888,720.124434011,3.299429776,218.257239251,0.982571983675,1.01773713948,0.270479667477
MAMBA2,ARXIV,111,mt,16,12,8,4,0,0,512,1102.97032564,3.299701864,720.065053732,6.599403728,109.110623234,0.611366913481,1.63567896455,0.349545656553
MAMBA2,ARXIV,112,mt,16,13,8,3,0,0,512,1013.95138254,3.299701864,720.065053732,6.599403728,109.110623234,0.840629506036,1.18958470149,0.316782885523
MAMBA2,ARXIV,113,mt,32,12,8,4,0,0,512,1111.88365499,6.61681476,718.170323994,13.23362952,54.2685831509,0.583616804772,1.71345305999,0.343531207942
MAMBA2,ARXIV,114,mt,32,13,8,3,0,0,512,1025.05222593,6.61681476,718.170323994,13.23362952,54.2685831509,0.802473106562,1.24614767999,0.310220684056
MAMBA2,ARXIV,115,mt,16,13,8,3,0,0,384,1032.83149319,2.9413016,715.816795281,5.8826032,121.683678287,0.886125035887,0.886125035887,0.408173043495
MAMBA2,ARXIV,116,mt,8,3,8,13,0,0,512,1005.73562263,1.666277424,712.966510191,3.332554848,213.939917784,0.835602097193,1.19674185041,1.06901075323
MAMBA2,ARXIV,117,mt,8,6,7,11,0,0,256,983.561508012,1.66991691,711.412641483,3.33983382,213.008394975,0.893210584951,1.11955681767,0.514600927786
MAMBA2,ARXIV,118,mt,16,12,7,5,0,0,256,956.379372397,3.33983383,711.412639353,6.67966766,106.50419685,0.975441168581,1.02517715287,0.530706316935
MAMBA2,ARXIV,119,mt,32,14,7,3,0,0,256,1002.49679654,6.67966766,711.412639353,13.35933532,53.252098425,0.838563242531,1.19251590015,0.659921075037
MAMBA2,ARXIV,120,mt,8,3,10,11,0,0,640,972.735476141,1.606936233,710.8154119,3.213872466,221.171007692,0.961477306697,0.961477306697,0.989771637682
MAMBA2,ARXIV,121,mt,32,14,8,2,0,0,384,1016.91156633,5.8930852,688.125161709,11.7861704,58.3841178564,0.853362838009,0.853362838009,0.421532023511
MAMBA2,ARXIV,122,bstar+mt,4,6,8,10,0,0,512,943.728806735,0.82485744,684.365264904,1.64971488,414.838511309,0.950343064703,0.950343064703,0.554998185204
MAMBA2,ARXIV,123,mt,8,7,7,10,0,0,256,935.429537226,1.66991691,682.685891101,3.33983382,204.407143557,0.959620129435,0.959620129435,0.41815755397
MAMBA2,ARXIV,124,bstar+mt,4,5,8,11,0,0,384,1000.48502807,0.73543224,657.091528907,1.47086448,446.738321472,0.813545951161,0.813545951161,0.694586909566
MAMBA2,ARXIV,125,mt,4,5,8,11,0,0,512,929.282355834,0.826299976,656.925771329,1.652599952,397.51046255,0.913834594416,0.913834594416,0.652390089731
MAMBA2,ARXIV,126,mt,4,6,8,10,0,0,640,883.854201411,0.909967992,652.770213043,1.819935984,358.677568212,0.954198608779,1.04799985118,0.528278885645
MAMBA2,ARXIV,127,mt,8,10,8,6,0,0,640,948.028295619,1.819936016,652.770201565,3.639872032,179.338777799,0.754222440752,1.32586879675,0.310885672476
MAMBA2,ARXIV,128,mt,8,11,8,5,0,0,640,903.065135794,1.819936016,652.770201565,3.639872032,179.338777799,0.891353793616,1.12188898186,0.257837135553
MAMBA2,ARXIV,129,mt,16,12,8,4,0,0,640,1003.35312506,3.641419968,652.492714622,7.282839936,89.5931697464,0.601248546787,1.66320568315,0.273110722866
MAMBA2,ARXIV,130,mt,16,13,8,3,0,0,640,923.322386935,3.641419968,652.492714622,7.282839936,89.5931697464,0.826716751832,1.2096041332,0.231743922583
MAMBA2,ARXIV,131,mt,4,5,8,11,0,0,640,871.185562597,0.911410528,651.737040281,1.822821056,357.543072117,0.992414329451,1.00764365278,0.620459279024
MAMBA2,ARXIV,132,mt,32,12,8,4,0,0,640,1000.8655153,7.302652472,650.722462587,14.605304944,44.5538429415,0.600638957532,1.66489367275,0.260862001928
MAMBA2,ARXIV,133,mt,32,13,8,3,0,0,640,921.090481774,7.302652472,650.722462587,14.605304944,44.5538429415,0.825878566606,1.210831762,0.221333152448
MAMBA2,ARXIV,134,mt,8,8,6,10,0,0,256,877.724001199,1.836908601,646.738764984,3.673817202,176.039995847,0.947344559796,1.05558214238,0.398758731455
MAMBA2,ARXIV,135,mt,16,13,6,5,0,0,256,896.143372319,3.673817213,646.738763048,7.347634426,88.0199973966,0.88676469871,1.12769486816,0.552963492695
MAMBA2,ARXIV,136,mt,32,15,6,3,0,0,256,936.51187429,7.347634426,646.738763048,14.695268852,44.0099986983,0.762330220483,1.31176749017,0.702842806073
MAMBA2,ARXIV,137,mt,4,6,7,11,0,0,384,870.191786051,0.91915674,646.244513205,1.83831348,351.542063003,0.97058429447,1.0303072136,0.5184795484
MAMBA2,ARXIV,138,mt,16,14,7,3,0,0,384,890.509740882,3.676627,646.244506174,7.353254,87.8855138383,0.902807129469,1.10765629486,0.401380529906
MAMBA2,ARXIV,139,mt,8,11,7,6,0,0,384,893.197999165,1.8383135,646.244506174,3.676627,175.771027677,0.894070549991,1.11847996784,0.336940389618
MAMBA2,ARXIV,140,mt,32,15,7,2,0,0,384,878.436973993,7.3663565,645.095034431,14.732713,43.7865744368,0.937467586316,1.06670354751,0.417826311545
MAMBA2,ARXIV,141,mt,8,2,6,16,0,0,256,864.338862322,1.874120248,633.897425348,3.748240496,169.118664084,0.933559755233,1.07116871137,1.34418685192
MAMBA2,ARXIV,142,mt,32,14,8,2,0,0,512,907.00013012,6.61681476,615.275569622,13.23362952,46.4933349307,0.856726529996,0.856726529996,0.282080504906
MAMBA2,ARXIV,143,mt,8,12,7,5,0,0,384,845.695754027,1.8383135,611.609759946,3.676627,166.350777478,0.946406126634,0.946406126634,0.335370054318
MAMBA2,ARXIV,144,mt,4,4,7,13,0,0,384,837.881112922,0.92249595,599.556328317,1.8449919,324.964206248,0.931125058366,0.931125058366,0.737049471057
MAMBA2,ARXIV,145,bstar+mt,4,7,8,9,0,0,512,899.432278346,0.82485744,598.819606791,1.64971488,362.983697396,0.831550181615,0.831550181615,0.446737680728
MAMBA2,ARXIV,146,bstar+mt,4,8,8,8,0,0,512,899.432278346,0.82485744,598.819606791,1.64971488,362.983697396,0.831550181615,0.831550181615,0.390895470637
MAMBA2,ARXIV,147,bstar+mt,4,7,8,9,0,0,640,844.869802918,0.909967992,598.59020036,1.819935984,328.907283345,0.916999869785,0.916999869785,0.423846524238
MAMBA2,ARXIV,148,bstar+mt,4,8,8,8,0,0,640,844.869802918,0.909967992,598.59020036,1.819935984,328.907283345,0.916999869785,0.916999869785,0.370865708708
MAMBA2,ARXIV,149,mt,8,9,6,9,0,0,256,839.190406441,1.836908601,597.350154714,3.673817202,162.596591466,0.923634374581,0.923634374581,0.398039912711
MAMBA2,ARXIV,150,mt,8,10,6,8,0,0,256,839.190406441,1.836908601,597.350154714,3.673817202,162.596591466,0.923634374581,0.923634374581,0.426471335048
MAMBA2,ARXIV,151,mt,8,12,8,4,0,0,512,897.541630754,1.649714888,595.479122502,3.299429776,180.479404906,0.826911425829,0.826911425829,0.263075410299
MAMBA2,ARXIV,152,mt,8,12,8,4,0,0,640,843.086198955,1.819936016,595.02275367,3.639872032,163.473536553,0.911534797764,0.911534797764,0.212920000007
MAMBA2,ARXIV,153,mt,16,14,6,4,0,0,256,836.822406568,3.673817213,592.575737105,7.347634426,80.6485057297,0.91625208038,0.91625208038,0.547813131017
MAMBA2,ARXIV,154,mt,16,14,8,2,0,0,512,893.73195851,3.299701864,588.897630747,6.599403728,89.2349756158,0.817839482273,0.817839482273,0.289299829252
MAMBA2,ARXIV,155,mt,4,7,6,11,0,0,384,815.300213695,1.011072414,587.495012004,2.022144828,290.530630581,0.882349358609,1.13333793496,0.424512080629
MAMBA2,ARXIV,156,mt,16,15,6,3,0,0,384,833.109476945,4.0442897,587.495005612,8.0885794,72.6326560647,0.820733754063,1.21842192434,0.426742076485
MAMBA2,ARXIV,157,mt,8,13,6,5,0,0,384,793.758870967,2.02214485,587.495005612,4.0442897,145.265312129,0.960571665279,1.0410467393,0.348770419759
MAMBA2,ARXIV,158,mt,32,16,6,2,0,0,384,822.440413083,8.10299215,586.450031301,16.2059843,36.1872516007,0.852243260287,1.17337390226,0.449378080888
MAMBA2,ARXIV,159,mt,32,16,6,2,0,0,256,832.127661574,7.347634426,583.254982747,14.695268852,39.6899838051,0.901840149489,0.901840149489,0.650489942084
MAMBA2,ARXIV,160,mt,4,9,7,8,0,0,512,777.971848138,1.0310718,576.099550002,2.0621436,279.36926895,0.962058595725,1.03943772702,0.309520721851
MAMBA2,ARXIV,161,mt,8,13,7,4,0,0,512,776.556951012,2.06214361,576.099547209,4.12428722,139.68463312,0.967455491618,1.03363928229,0.255573155169
MAMBA2,ARXIV,162,mt,16,15,7,2,0,0,512,773.694910463,4.12462733,576.052042985,8.24925466,69.8307988695,0.978187061569,1.02229935284,0.286078727916
MAMBA2,ARXIV,163,mt,32,15,7,2,0,0,512,783.337415021,8.27101845,574.536259196,16.5420369,34.7318932166,0.933786887635,1.0709081625,0.279661992055
MAMBA2,ARXIV,164,mt,4,4,7,13,0,0,512,775.688835845,1.03608062,573.314458869,2.07216124,276.674636994,0.956414646575,1.04557160807,0.695139303863
MAMBA2,ARXIV,165,mt,8,2,6,16,0,0,384,806.109151949,2.072690037,573.168191477,4.145380074,138.266740623,0.844121990634,1.18466289363,1.28201082302
MAMBA2,ARXIV,166,mt,4,8,6,10,0,0,384,775.722639508,1.011072414,570.711757461,2.022144828,282.230901347,0.971432515681,0.971432515681,0.343257761543
MAMBA2,ARXIV,167,mt,8,11,5,8,0,0,256,750.643633555,2.170891983,547.240493448,4.341783966,126.0404704,0.916113420462,1.09156789723,0.422545324106
MAMBA2,ARXIV,168,mt,16,15,5,4,0,0,256,748.748422224,4.341783979,547.24049181,8.683567958,63.0202348224,0.923494597473,1.08284336772,0.559813327868
MAMBA2,ARXIV,169,mt,8,2,7,15,0,0,512,741.71409018,2.10988865,543.208870601,4.2197773,128.729274552,0.964739251397,0.964739251397,1.13262724654
MAMBA2,ARXIV,170,mt,8,2,8,14,0,0,640,805.281122808,1.856981776,543.189691346,3.713963552,146.256064105,0.849068482947,0.849068482947,1.21111943583
MAMBA2,ARXIV,171,mt,16,14,8,2,0,0,640,814.979930419,3.641419968,542.614795586,7.282839936,74.5059345468,0.831602841574,0.831602841574,0.211308941189
MAMBA2,ARXIV,172,mt,32,14,8,2,0,0,640,813.078376639,7.302652472,541.691855338,14.605304944,37.0887056049,0.832446836373,0.832446836373,0.201797063963
MAMBA2,ARXIV,173,mt,4,3,5,16,0,0,256,722.850703692,1.088917869,535.545206442,2.177835738,245.907070537,0.981758829885,0.981758829885,0.85436829111
MAMBA2,ARXIV,174,mt,4,10,6,8,0,0,512,728.76517947,1.13417898,523.726863638,2.26835796,230.883693347,0.874598723387,1.14338149972,0.26615129445
MAMBA2,ARXIV,175,mt,8,14,6,4,0,0,512,727.523463213,2.268357971,523.726861099,4.536715942,115.441845554,0.87950499238,1.13700321051,0.268563190077
MAMBA2,ARXIV,176,mt,16,16,6,2,0,0,512,725.007095965,4.537090063,523.683675441,9.074180126,57.7114040243,0.889260965063,1.12452928813,0.307370853392
MAMBA2,ARXIV,177,mt,32,16,6,2,0,0,512,733.344391046,9.098120295,522.305690178,18.19624059,28.7040439806,0.848897170578,1.17799897875,0.300808508309
MAMBA2,ARXIV,178,mt,4,9,7,8,0,0,640,727.216716227,1.13745999,522.216170434,2.27491998,229.553643656,0.872410156598,1.14624983723,0.295265248624
MAMBA2,ARXIV,179,mt,8,13,7,4,0,0,640,725.894888565,2.27492002,522.216161252,4.54984004,114.776817792,0.87764065833,1.13941849721,0.194975399909
MAMBA2,ARXIV,180,mt,16,15,7,2,0,0,640,704.921784549,4.55177496,521.994171698,9.10354992,57.3396286377,0.961997674859,1.03950355197,0.209150308176
MAMBA2,ARXIV,181,mt,32,15,7,2,0,0,640,703.240856288,9.12831559,520.57797007,18.25663118,28.5144594825,0.961022332051,1.04055854547,0.199746876458
MAMBA2,ARXIV,182,mt,4,4,7,13,0,0,640,725.253051809,1.14246881,519.926666532,2.28493762,227.545234487,0.867560034309,1.15265798383,0.663409046608
MAMBA2,ARXIV,183,mt,4,9,6,9,0,0,384,739.809646156,1.011072414,499.372787779,2.022144828,246.952038679,0.850003451221,0.850003451221,0.286324470922
MAMBA2,ARXIV,184,mt,4,10,6,8,0,0,384,739.809646156,1.011072414,499.372787779,2.022144828,246.952038679,0.850003451221,0.850003451221,0.287602705168
MAMBA2,ARXIV,185,mt,4,11,5,8,0,0,384,663.817011988,1.194903762,497.111164004,2.389807524,208.013055031,0.995471071251,1.00454953326,0.28396919913
MAMBA2,ARXIV,186,mt,16,16,5,3,0,0,384,737.973268053,4.7796151,497.111158595,9.5592302,52.0032626262,0.694467022669,1.43995318332,0.446791257068
MAMBA2,ARXIV,187,mt,8,14,5,5,0,0,384,706.929290228,2.38980755,497.111158595,4.7796151,104.006525252,0.812791409082,1.23032796462,0.354729610279
MAMBA2,ARXIV,188,mt,8,15,5,4,0,0,384,662.735646461,2.38980755,496.932929956,4.7796151,103.969235924,0.999641471257,0.999641471257,0.353377047406
MAMBA2,ARXIV,189,mt,4,3,5,16,0,0,384,674.668783627,1.206254556,492.433373242,2.412509112,204.116689464,0.919556293058,1.08748100312,0.812405789293
MAMBA2,ARXIV,190,mt,4,4,5,15,0,0,256,697.003720348,1.085445985,479.81191373,2.17089197,221.020631317,0.876784369214,0.876784369214,0.608775083508
MAMBA2,ARXIV,191,mt,4,5,5,14,0,0,256,697.003720348,1.085445985,479.81191373,2.17089197,221.020631317,0.876784369214,0.876784369214,0.487020066806
MAMBA2,ARXIV,192,mt,4,6,5,13,0,0,256,697.003720348,1.085445985,479.81191373,2.17089197,221.020631317,0.876784369214,0.876784369214,0.405850055672
MAMBA2,ARXIV,193,bstar,2,5,8,11,0,0,384,725.623231747,0.367716096,329.348219873,0.735432192,447.829485105,0.407766470156,0.407766470156,0.686221034205
MAMBA2,ARXIV,194,bstar,2,6,10,8,0,0,512,694.368310388,0.36087513,300.255577548,0.72175026,416.010348992,0.364830877376,0.364830877376,0.564919660463
MAMBA2,ARXIV,195,bstar,2,5,8,11,0,0,512,687.423797799,0.413149984,329.307873883,0.826299968,398.533083185,0.458092736787,0.458092736787,0.632591651206
MAMBA2,ARXIV,196,bstar,4,5,11,8,0,0,512,971.753057583,0.619724982,492.694328497,1.239449964,397.51046255,0.514031959359,0.514031959359,0.688139890252
MAMBA2,ARXIV,197,bstar,2,6,8,10,0,0,384,669.833986822,0.367662672,286.05870039,0.735325344,389.02331155,0.354118202472,0.354118202472,0.550138248512
MAMBA2,ARXIV,198,bstar,4,6,8,10,0,0,384,946.064603703,0.735325392,570.711757461,1.470650784,388.067489353,0.706496375041,0.706496375041,0.544734969141
MAMBA2,ARXIV,199,bstar,2,6,8,10,0,0,640,669.050351902,0.454983992,343.081655492,0.909967984,377.026072922,0.525577983831,0.525577983831,0.500844719493
MAMBA2,ARXIV,200,bstar,4,6,10,8,0,0,640,919.228720956,0.796221993,598.59020036,1.592443986,375.894038109,0.802374886062,0.802374886062,0.53133742495
MAMBA2,ARXIV,201,bstar,2,7,8,9,0,0,512,654.9009586,0.41242872,300.255577548,0.82485744,364.009055368,0.416949574144,0.416949574144,0.439869154626
MAMBA2,ARXIV,202,bstar,2,8,8,8,0,0,512,654.9009586,0.41242872,300.255577548,0.82485744,364.009055368,0.416949574144,0.416949574144,0.384885510298
MAMBA2,ARXIV,203,bstar,2,5,8,11,0,0,640,655.105553551,0.455705256,329.254528238,0.911410512,361.258207912,0.505195350437,0.505195350437,0.592045221242
MAMBA2,ARXIV,204,bstar,8,6,11,7,0,0,384,1284.27516782,1.1029881,795.09268793,2.2059762,360.426684535,0.738196778774,0.738196778774,0.638922935433
MAMBA2,ARXIV,205,bstar,4,5,11,8,0,0,640,923.39562156,0.683557896,492.539018941,1.367115792,360.276007214,0.566799554689,0.566799554689,0.645622756628
MAMBA2,ARXIV,206,bstar,2,7,8,9,0,0,384,618.139911361,0.367662672,250.301362841,0.735325344,340.395397606,0.309853427163,0.309853427163,0.4561326661
MAMBA2,ARXIV,207,bstar,2,8,8,8,0,0,384,618.139911361,0.367662672,250.301362841,0.735325344,340.395397606,0.309853427163,0.309853427163,0.399116082838
MAMBA2,ARXIV,208,bstar,4,7,8,9,0,0,384,893.185095162,0.735325392,499.372787779,1.470650784,339.559053183,0.618184328161,0.618184328161,0.442752565829
MAMBA2,ARXIV,209,bstar,4,8,8,8,0,0,384,893.185095162,0.735325392,499.372787779,1.470650784,339.559053183,0.618184328161,0.618184328161,0.3874084951
MAMBA2,ARXIV,210,bstar,2,4,8,12,0,0,384,617.37908787,0.36899836,250.365282948,0.73799672,339.249858655,0.311058514507,0.311058514507,0.796074480217
MAMBA2,ARXIV,211,bstar,4,4,8,12,0,0,384,891.599832703,0.73799676,499.630273598,1.47599352,338.504381508,0.620750038911,0.620750038911,0.773236405457
MAMBA2,ARXIV,212,bstar,8,4,11,9,0,0,384,1248.5079463,1.106995164,746.159516966,2.213990328,337.020224312,0.695281967049,0.695281967049,0.931339113163
MAMBA2,ARXIV,213,bstar,2,7,8,9,0,0,640,625.486974253,0.454983992,300.196448556,0.909967984,329.897813807,0.459880735853,0.459880735853,0.410808361753
MAMBA2,ARXIV,214,bstar,2,8,8,8,0,0,640,625.486974253,0.454983992,300.196448556,0.909967984,329.897813807,0.459880735853,0.459880735853,0.359457316534
MAMBA2,ARXIV,215,bstar,8,7,11,6,0,0,384,1234.42738102,1.1029881,722.811534482,2.2059762,327.660622305,0.671087980704,0.671087980704,0.526504470956
MAMBA2,ARXIV,216,bstar,8,6,13,5,0,0,640,1219.35983397,1.13746001,732.335696825,2.27492002,321.917118134,0.701180613665,0.701180613665,0.60636573576
MAMBA2,ARXIV,217,bstar,2,3,8,13,0,0,256,578.442596634,0.335051648,214.643862903,0.670103296,320.314590577,0.242144040399,0.242144040399,1.10752872969
MAMBA2,ARXIV,218,bstar,4,3,13,8,0,0,256,777.504909114,0.418814565,267.772603221,0.83762913,319.679191698,0.188799774978,0.188799774978,1.33252811793
MAMBA2,ARXIV,219,bstar,16,3,13,8,0,0,256,1590.67564938,1.675258295,1058.47211667,3.35051659,315.913110184,0.746302269981,0.746302269981,1.55704959193
MAMBA2,ARXIV,220,bstar,2,4,8,12,0,0,512,589.507455644,0.414432248,250.341967127,0.828864496,302.030028232,0.349325872745,0.349325872745,0.729490043622
MAMBA2,ARXIV,221,bstar,4,4,8,12,0,0,512,834.61071393,0.828864496,499.534433908,1.657728992,301.336609493,0.697047738713,0.697047738713,0.720877100475
MAMBA2,ARXIV,222,bstar,8,4,11,9,0,0,512,1164.89421491,1.243296762,745.881243772,2.486593524,299.961065841,0.780599103719,0.780599103719,0.870969548935
MAMBA2,ARXIV,223,bstar,2,4,8,12,0,0,256,552.418256955,0.333983376,200.326773032,0.667966752,299.905305814,0.225272094143,0.225272094143,0.821984739341
MAMBA2,ARXIV,224,bstar,2,5,8,11,0,0,256,552.418256955,0.333983376,200.326773032,0.667966752,299.905305814,0.225272094143,0.225272094143,0.657587791473
MAMBA2,ARXIV,225,bstar,4,4,8,12,0,0,256,842.100595267,0.66796676,399.843261442,1.33593352,299.298771575,0.449633009853,0.449633009853,0.764106556697
MAMBA2,ARXIV,226,bstar,4,5,8,11,0,0,256,842.100595267,0.66796676,399.843261442,1.33593352,299.298771575,0.449633009853,0.449633009853,0.611285245357
MAMBA2,ARXIV,227,bstar,8,8,11,5,0,0,512,1160.28769961,1.237286166,732.897381541,2.474572332,296.171331128,0.763302854611,0.763302854611,0.433349581311
MAMBA2,ARXIV,228,bstar,2,9,7,8,0,0,512,588.052113962,0.5155359,300.255577548,1.0310718,291.207244294,0.52118696768,0.52118696768,0.29383073887
MAMBA2,ARXIV,229,bstar,4,9,8,7,0,0,512,822.24370207,0.82485744,479.055685433,1.64971488,290.386957917,0.665240145292,0.665240145292,0.315912031168
MAMBA2,ARXIV,230,bstar,2,3,8,13,0,0,384,558.784723451,0.371155232,214.636952327,0.742310464,289.14714629,0.268227703154,0.268227703154,1.02079009632
MAMBA2,ARXIV,231,bstar,4,3,13,8,0,0,384,755.166488695,0.46394406,267.755969352,0.92788812,288.564928875,0.209130962138,0.209130962138,1.22348082674
MAMBA2,ARXIV,232,bstar,8,3,13,8,0,0,384,1163.79980487,0.92788814,533.357227737,1.85577628,287.403839291,0.41657899495,0.41657899495,1.23792842204
MAMBA2,ARXIV,233,bstar,16,3,13,8,0,0,384,1590.67564938,1.85577629,1058.20329778,3.71155258,285.110684808,0.826510349339,0.826510349339,1.47014888587
MAMBA2,ARXIV,234,bstar,8,8,10,6,0,0,384,1126.80842562,1.28681945,722.811534482,2.5736389,280.851961976,0.782935977488,0.782935977488,0.421308052485
MAMBA2,ARXIV,235,mt_fill,32,4,14,6,0,0,256,2004.99359308,3.33983383,1422.82527871,6.67966766,213.0083937,0.838563242531,1.19251590015,1.40783162675
MAMBA2,ARXIV,236,bstar_fill,2,5,11,8,0,0,384,677.328723886,0.275787072,247.011164905,0.551574144,447.829485105,0.229368639463,0.229368639463,0.799013792013
MAMBA2,ARXIV,237,mt_fill,32,4,15,5,0,0,256,1902.79016667,3.33983383,1422.82527871,6.67966766,213.0083937,0.991029286628,1.00905191551,1.2900279657
MAMBA2,ARXIV,238,bstar_fill,4,5,11,8,0,0,384,1029.25764667,0.55157418,492.818646681,1.10314836,446.738321472,0.457619597528,0.457619597528,0.744356466161
MAMBA2,ARXIV,239,mt_fill,32,5,14,5,0,0,256,1902.79016667,3.33983383,1422.82527871,6.67966766,213.0083937,0.991029286628,1.00905191551,1.03202237256
MAMBA2,ARXIV,240,bstar_fill,2,6,8,10,0,0,512,702.804674807,0.41242872,343.149231483,0.82485744,416.010348992,0.476513799022,0.476513799022,0.534753226102
MAMBA2,ARXIV,241,mt_fill,32,3,14,7,0,0,256,1661.89993219,3.3505166,1418.28874986,6.7010332,211.652249367,0.853414048818,1.17176416463,1.85670869302
MAMBA2,ARXIV,242,mt_fill,32,3,15,6,0,0,256,1661.89993219,3.3505166,1418.28874986,6.7010332,211.652249367,0.935672744913,1.06874973695,1.765500089
MAMBA2,ARXIV,243,bstar_fill,4,6,10,8,0,0,512,975.588922383,0.72175026,598.819606791,1.44350052,414.838511309,0.727606408913,0.727606408913,0.561846016615
MAMBA2,ARXIV,244,bstar_fill,2,5,11,8,0,0,512,651.942323203,0.309862488,246.980905412,0.619724976,398.533083185,0.257677164443,0.257677164443,0.727522151887
MAMBA2,ARXIV,245,mt_fill,32,6,14,4,0,0,384,1756.87394799,3.68317825,1290.19006886,7.3663565,175.146297747,0.937467586316,1.06670354751,0.802226518166
MAMBA2,ARXIV,246,bstar_fill,2,5,6,13,0,0,384,673.964731201,0.505609632,395.217863847,1.011219264,390.833005182,0.672814675757,0.672814675757,0.593032562853
MAMBA2,ARXIV,247,bstar_fill,2,5,13,6,0,0,384,562.257614257,0.22982256,179.644483567,0.45964512,390.833005182,0.139011296644,0.139011296644,0.888344510569
MAMBA2,ARXIV,248,mt_fill,32,5,14,5,0,0,384,1868.52476654,3.683532975,1290.06582329,7.36706595,175.112566121,0.761677760737,1.31289116152,1.07724241972
MAMBA2,ARXIV,249,bstar_fill,4,5,13,6,0,0,384,922.147731341,0.45964515,358.413561222,0.9192903,389.880716921,0.277345210623,0.277345210623,0.78275580432
MAMBA2,ARXIV,250,mt_fill,32,5,15,4,0,0,384,1756.71554604,3.683532975,1290.06582329,7.36706595,175.112566121,0.937449551677,1.06672406874,0.96258867418
MAMBA2,ARXIV,251,mt_fill,32,4,13,7,0,0,384,1991.01275821,3.692046345,1287.09110232,7.38409269,174.305924418,0.585801817718,1.70706196149,1.57240305053
MAMBA2,ARXIV,252,bstar_fill,2,6,10,8,0,0,384,649.187662625,0.321704838,250.301362841,0.643409676,389.02331155,0.271121748767,0.271121748767,0.590193416739
MAMBA2,ARXIV,253,mt_fill,32,4,14,6,0,0,384,1946.90646445,3.692046345,1287.09110232,7.38409269,174.305924418,0.64438199949,1.55187451045,1.48226206931
MAMBA2,ARXIV,254,bstar_fill,2,6,7,11,0,0,512,670.073518977,0.5155359,400.340770063,1.0310718,388.276325726,0.694915956907,0.694915956907,0.491082048283
MAMBA2,ARXIV,255,mt_fill,32,4,15,5,0,0,384,1864.30759788,3.692046345,1287.09110232,7.38409269,174.305924418,0.761542363033,1.31312458576,1.34358363667
MAMBA2,ARXIV,256,bstar_fill,2,6,11,7,0,0,512,640.400292876,0.30932154,240.204462038,0.61864308,388.276325726,0.250169744487,0.250169744487,0.60370340323
MAMBA2,BWB,1,mt,16,6,6,12,0,0,512,3215.22599628,4.323143132,3140.78736398,8.646286264,363.252761716,0.800971762723,0.800971762723,2.19642676955
MAMBA2,BWB,2,mt,16,7,6,11,0,0,512,3751.09699566,4.323143132,3140.78736398,8.646286264,363.252761716,0.800971762723,0.800971762723,1.88265151675
MAMBA2,BWB,3,mt,16,6,7,11,0,0,640,3215.22599628,4.33713554,2893.94557646,8.67427108,333.624064751,0.7404102295,0.7404102295,2.11571941702
MAMBA2,BWB,4,mt,16,8,6,10,0,0,512,4286.96799504,4.323143132,2692.10345484,8.646286264,311.359510042,0.686547225191,0.686547225191,1.54265778212
MAMBA2,BWB,5,mt,16,9,5,10,0,0,512,4105.77526835,5.109169156,2692.10345484,10.218338312,263.458046959,0.811373993408,0.811373993408,1.24616636881
MAMBA2,BWB,6,mt,16,5,6,13,0,0,384,2679.3549969,3.854140785,2679.3549969,7.70828157,347.594333778,0.609167730713,0.609167730713,2.8017461176
MAMBA2,BWB,7,mt,16,6,6,12,0,0,384,3215.22599628,3.853580808,2624.6615827,7.707161616,340.548403351,0.596646148099,0.596646148099,2.18450803407
MAMBA2,BWB,8,mt,16,7,5,12,0,0,384,3751.09699566,4.554231864,2624.6615827,9.108463728,288.156341297,0.705127265935,0.705127265935,1.69201539799
MAMBA2,BWB,9,mt,16,8,5,11,0,0,384,4286.96799504,4.554231864,2624.6615827,9.108463728,288.156341297,0.705127265935,0.705127265935,1.48051347324
MAMBA2,BWB,10,mt,16,5,7,12,0,0,512,2679.3549969,3.93667862,2587.89125681,7.87335724,328.689678103,0.60097311123,0.60097311123,2.57302947607
MAMBA2,BWB,11,mt,16,5,7,12,0,0,640,2679.3549969,4.34216447,2584.6805981,8.68432894,297.625828772,0.662052162538,0.662052162538,2.42174864535
MAMBA2,BWB,12,mt,16,7,7,10,0,0,640,3751.09699566,4.33713554,2480.52477982,8.67427108,285.963484072,0.634637339572,0.634637339572,1.70326048118
MAMBA2,BWB,13,mt,16,10,5,9,0,0,512,3893.6917291,5.109169156,2355.59052299,10.218338312,230.525791089,0.709952244232,0.709952244232,1.0587523549
MAMBA2,BWB,14,mt,16,11,5,8,0,0,512,3893.6917291,5.109169156,2355.59052299,10.218338312,230.525791089,0.709952244232,0.709952244232,0.962502140818
MAMBA2,BWB,15,mt,32,5,11,8,0,0,256,2799.32611616,3.81881235,2333.01993099,7.6376247,305.464070654,0.262782129697,0.262782129697,4.00495418595
MAMBA2,BWB,16,mt,32,6,10,8,0,0,256,3359.1913394,4.455281075,2333.01993099,8.91056215,261.826346275,0.306579151314,0.306579151314,2.95989846448
MAMBA2,BWB,17,mt,16,9,5,10,0,0,384,4074.10453092,4.554231864,2249.70992803,9.108463728,246.991149683,0.604394799373,0.604394799373,1.23826696853
MAMBA2,BWB,18,mt,32,4,11,9,0,0,256,2239.46089293,3.81881235,2239.46089293,7.6376247,293.214314777,0.252244010007,0.252244010007,5.00619273244
MAMBA2,BWB,19,mt,16,8,7,9,0,0,640,4113.41495883,4.33713554,2170.45918234,8.67427108,250.218048563,0.555307672125,0.555307672125,1.41802543974
MAMBA2,BWB,20,mt,16,9,6,9,0,0,640,3907.78551675,4.770849094,2170.45918234,9.541698188,227.470953239,0.610838439338,0.610838439338,1.1867916579
MAMBA2,BWB,21,mt,16,10,6,8,0,0,640,3907.78551675,4.770849094,2170.45918234,9.541698188,227.470953239,0.610838439338,0.610838439338,1.06811249211
MAMBA2,BWB,22,mt,16,11,5,8,0,0,640,3552.59715026,5.638276202,2170.45918234,11.276552404,192.475421972,0.721899973763,0.721899973763,0.878273091167
MAMBA2,BWB,23,mt,16,4,6,14,0,0,384,2143.48399752,3.867580552,2143.48399752,7.735161104,277.109160197,0.489033566678,0.489033566678,3.14911188632
MAMBA2,BWB,24,mt,16,4,7,13,0,0,512,2143.48399752,3.94889659,2143.48399752,7.89779318,271.402903149,0.499315517256,0.499315517256,3.10618796645
MAMBA2,BWB,25,mt,32,7,11,6,0,0,384,3919.05656263,4.211397114,2001.81865225,8.422794228,237.666811993,0.248656597889,0.248656597889,2.56499326397
MAMBA2,BWB,26,mt,32,5,13,6,0,0,384,2799.32611616,3.50983559,2001.66438394,7.01967118,285.150733219,0.207217817779,0.207217817779,4.16577977148
MAMBA2,BWB,27,mt,16,4,8,12,0,0,640,2143.48399752,3.483505952,1969.15321489,6.967011904,282.639565142,0.404645879216,0.404645879216,3.18897408991
MAMBA2,BWB,28,mt,16,10,5,9,0,0,384,3826.61203016,4.554231864,1968.49618702,9.108463728,216.117255973,0.528845449452,0.528845449452,1.18522588336
MAMBA2,BWB,29,mt,16,11,4,9,0,0,384,3420.83399699,5.605208448,1968.49618702,11.210416896,175.595270478,0.650886707017,0.650886707017,1.11985776542
MAMBA2,BWB,30,mt,16,12,4,8,0,0,384,3420.83399699,5.605208448,1968.49618702,11.210416896,175.595270478,0.650886707017,0.650886707017,1.21317924587
MAMBA2,BWB,31,mt,8,5,3,16,0,0,384,2467.82697083,3.854140774,1961.69207712,7.708281548,254.491492676,0.892005358713,0.892005358713,1.68605225531
MAMBA2,BWB,32,mt,8,6,4,14,0,0,512,2961.39236499,3.143844832,1905.53319201,6.287689664,303.057767453,0.706783940289,0.706783940289,1.55386198066
MAMBA2,BWB,33,mt,8,7,4,13,0,0,512,3158.03538378,3.143844832,1905.53319201,6.287689664,303.057767453,0.706783940289,0.706783940289,1.33188169771
MAMBA2,BWB,34,mt,8,8,3,13,0,0,512,2589.3423665,4.322786644,1905.53319201,8.645573288,220.405649056,0.971827917898,0.971827917898,0.979177598833
MAMBA2,BWB,35,mt,8,6,4,14,0,0,640,2961.39236499,3.468233504,1904.07281174,6.936467008,274.501819089,0.779113865001,0.779113865001,1.46821754864
MAMBA2,BWB,36,mt,8,7,4,13,0,0,640,2977.17484556,3.468233504,1904.07281174,6.936467008,274.501819089,0.779113865001,0.779113865001,1.25847218455
MAMBA2,BWB,37,mt,16,4,6,14,0,0,256,2143.48399752,3.500577993,1896.24235874,7.001155986,270.847037622,0.391572927701,0.391572927701,3.1438868786
MAMBA2,BWB,38,mt,16,5,5,14,0,0,256,2679.3549969,4.137046719,1896.24235874,8.274093438,229.178262603,0.462768005465,0.462768005465,2.23705010993
MAMBA2,BWB,39,mt,16,6,5,13,0,0,256,3215.22599628,4.137046719,1896.24235874,8.274093438,229.178262603,0.462768005465,0.462768005465,1.86420842494
MAMBA2,BWB,40,mt,16,12,5,7,0,0,512,3529.10080966,5.109169156,1884.47241839,10.218338312,184.420632871,0.567961795385,0.567961795385,0.948082057678
MAMBA2,BWB,41,mt,16,13,4,7,0,0,512,3143.32847784,6.288208192,1884.47241839,12.576416384,149.841764208,0.699029902013,0.699029902013,0.910591105681
MAMBA2,BWB,42,mt,32,7,10,7,0,0,256,3919.05656263,4.455281075,1866.41594479,8.91056215,209.46107702,0.245263321051,0.245263321051,2.47938996108
MAMBA2,BWB,43,mt,32,8,9,7,0,0,256,4299.76491443,5.0917498,1866.41594479,10.1834996,183.278442392,0.280300938344,0.280300938344,2.2305078653
MAMBA2,BWB,44,mt,16,12,5,7,0,0,640,3222.89587144,5.638276202,1736.36734588,11.276552404,153.980337577,0.57751997901,0.57751997901,0.737578017694
MAMBA2,BWB,45,mt,16,13,4,7,0,0,640,2868.14702344,6.939416864,1736.36734588,13.878833728,125.109024282,0.71079382032,0.71079382032,0.664682089381
MAMBA2,BWB,46,mt,16,14,4,6,0,0,512,3017.49768417,6.288208192,1713.15674399,12.576416384,136.219785643,0.635481729103,0.635481729103,0.964185872
MAMBA2,BWB,47,mt,32,9,9,6,0,0,256,4299.76491443,5.0917498,1696.74176799,10.1834996,166.616765811,0.254819034858,0.254819034858,2.33185486773
MAMBA2,BWB,48,mt,32,10,8,6,0,0,256,4299.76491443,5.0917498,1696.74176799,10.1834996,166.616765811,0.254819034858,0.254819034858,2.49841592971
MAMBA2,BWB,49,mt,32,8,11,5,0,0,384,4478.92178586,4.211397114,1693.8465519,8.422794228,201.102687071,0.210401736675,0.210401736675,2.17560878484
MAMBA2,BWB,50,mt,32,10,9,5,0,0,384,4340.21573335,5.615196152,1693.8465519,11.230392304,150.827015304,0.2805356489,0.2805356489,1.54129645553
MAMBA2,BWB,51,mt,32,11,8,5,0,0,384,4340.21573335,5.615196152,1693.8465519,11.230392304,150.827015304,0.2805356489,0.2805356489,1.65985772134
MAMBA2,BWB,52,mt,32,4,15,5,0,0,384,2239.46089293,3.517947515,1690.11097057,7.03589503,240.212647199,0.175369327779,0.175369327779,5.05815873103
MAMBA2,BWB,53,mt,32,3,11,10,0,0,256,1679.5956697,3.831027174,1679.5956697,7.662054348,219.209574014,0.189788126827,0.189788126827,6.68721096691
MAMBA2,BWB,54,mt,16,3,6,15,0,0,256,1607.61299814,3.511774915,1607.61299814,7.02354983,228.888957443,0.333032975454,0.333032975454,4.05616528423
MAMBA2,BWB,55,mt,16,3,6,15,0,0,384,1607.61299814,3.890187334,1607.61299814,7.780374668,206.624110887,0.368919049277,0.368919049277,3.76381383227
MAMBA2,BWB,56,mt,16,3,6,15,0,0,512,1607.61299814,4.366185835,1607.61299814,8.73237167,184.098096015,0.414059526937,0.414059526937,3.46797397398
MAMBA2,BWB,57,mt,16,3,7,14,0,0,640,1607.61299814,4.3747457,1607.61299814,8.7494914,183.737879683,0.414871286626,0.414871286626,3.46262063037
MAMBA2,BWB,58,mt,8,6,3,15,0,0,384,2600.52692858,3.853580808,1590.18537586,7.707161616,206.32568189,0.722971666538,0.722971666538,1.279701447
MAMBA2,BWB,59,mt,8,7,3,14,0,0,384,2600.52692858,3.853580808,1590.18537586,7.707161616,206.32568189,0.722971666538,0.722971666538,1.09688695457
MAMBA2,BWB,60,mt,8,8,3,13,0,0,384,2600.52692858,3.853580808,1590.18537586,7.707161616,206.32568189,0.722971666538,0.722971666538,0.959776085253
MAMBA2,BWB,61,mt,8,9,3,12,0,0,512,2424.60789799,4.322786644,1587.94432667,8.645573288,183.671374214,0.809856598248,0.809856598248,0.798884695101
MAMBA2,BWB,62,mt,8,10,3,11,0,0,512,2424.60789799,4.322786644,1587.94432667,8.645573288,183.671374214,0.809856598248,0.809856598248,0.718996225591
MAMBA2,BWB,63,mt,8,8,4,12,0,0,640,2761.29891819,3.468233504,1586.72734312,6.936467008,228.751515907,0.649261554167,0.649261554167,1.0207924871
MAMBA2,BWB,64,mt,8,9,3,12,0,0,640,2278.57813109,4.768821068,1586.72734312,9.537642136,166.364738842,0.89273463698,0.89273463698,0.757325253533
MAMBA2,BWB,65,mt,8,10,3,11,0,0,640,2278.57813109,4.768821068,1586.72734312,9.537642136,166.364738842,0.89273463698,0.89273463698,0.681592728179
MAMBA2,BWB,66,mt,16,7,5,12,0,0,256,3568.49726184,4.137046719,1580.20196561,8.274093438,190.981885503,0.385640004554,0.385640004554,1.55207241344
MAMBA2,BWB,67,mt,16,8,5,11,0,0,256,3568.49726184,4.137046719,1580.20196561,8.274093438,190.981885503,0.385640004554,0.385640004554,1.55207241344
MAMBA2,BWB,68,mt,16,14,4,6,0,0,640,2754.40332573,6.939416864,1578.51576898,13.878833728,113.73547662,0.646176200291,0.646176200291,0.703534350915
MAMBA2,BWB,69,mt,16,13,4,7,0,0,384,3085.69119217,5.605208448,1574.79694962,11.210416896,140.476216382,0.520709365614,0.520709365614,1.2191088474
MAMBA2,BWB,70,mt,8,5,4,15,0,0,512,2467.82697083,3.149342896,1568.5843918,6.298685792,249.033599008,0.582823278798,0.582823278798,1.72619049941
MAMBA2,BWB,71,mt,8,5,4,15,0,0,640,2467.82697083,3.473731568,1567.59468272,6.947463136,225.635552436,0.642449638413,0.642449638413,1.62394773651
MAMBA2,BWB,72,mt,8,4,4,16,0,0,384,1974.26157666,2.812785856,1492.31903393,5.625571712,265.274199731,0.495230518085,0.495230518085,2.28222121265
MAMBA2,BWB,73,mt,8,4,4,16,0,0,512,1974.26157666,3.15911728,1491.76248754,6.31823456,236.104322082,0.555999605009,0.555999605009,2.11460857046
MAMBA2,BWB,74,mt,8,4,4,16,0,0,640,1974.26157666,3.483505952,1491.04626717,6.967011904,214.015174326,0.612797138553,0.612797138553,1.98769361225
MAMBA2,BWB,75,mt,16,15,4,5,0,0,512,2793.8186034,6.288208192,1449.59416799,12.576416384,115.262895544,0.537715309241,0.537715309241,1.00727602146
MAMBA2,BWB,76,mt,16,16,3,5,0,0,512,2339.2652074,8.646286264,1449.59416799,17.292572528,83.827560396,0.739358550206,0.739358550206,0.93220515044
MAMBA2,BWB,77,mt,32,11,8,5,0,0,256,4012.49932761,5.0917498,1435.70457292,10.1834996,140.983417225,0.215616106418,0.215616106418,2.60654226408
MAMBA2,BWB,78,mt,16,14,4,6,0,0,384,2941.5955444,5.605208448,1431.63359056,11.210416896,127.705651257,0.473372150558,0.473372150558,1.29927596381
MAMBA2,BWB,79,mt,16,15,3,6,0,0,384,2487.87927054,7.707161616,1431.63359056,15.414323232,92.8768372776,0.650886707017,0.650886707017,1.17641623842
MAMBA2,BWB,80,mt,32,6,14,4,0,0,384,3359.1913394,3.509497595,1376.25032342,7.01899519,196.075119895,0.142459509207,0.142459509207,3.28558014317
MAMBA2,BWB,81,mt,32,9,11,4,0,0,384,4102.38446706,4.211397114,1376.25032342,8.422794228,163.395933245,0.170951411048,0.170951411048,1.87084418103
MAMBA2,BWB,82,mt,32,12,8,4,0,0,384,3781.24397767,5.615196152,1376.25032342,11.230392304,122.546949934,0.227935214731,0.227935214731,1.72431557189
MAMBA2,BWB,83,mt,8,11,3,10,0,0,512,2279.58053769,4.322786644,1361.09513715,8.645573288,157.432606469,0.694162798499,0.694162798499,0.611849910618
MAMBA2,BWB,84,mt,8,11,3,10,0,0,640,2149.9380449,4.768821068,1360.05200839,9.537642136,142.598347579,0.765201117412,0.765201117412,0.577878753214
MAMBA2,BWB,85,mt,16,9,5,10,0,0,256,3261.60050814,4.137046719,1354.45882767,8.274093438,163.698759002,0.330548575332,0.330548575332,1.58972141429
MAMBA2,BWB,86,mt,16,10,4,10,0,0,256,2987.24192561,5.091749808,1354.45882767,10.183499616,133.005241689,0.406829015793,0.406829015793,1.46324887945
MAMBA2,BWB,87,mt,16,15,4,5,0,0,640,2551.99181529,6.939416864,1335.66718914,13.878833728,96.2377109858,0.546764477169,0.546764477169,0.734498086651
MAMBA2,BWB,88,mt,8,9,3,12,0,0,384,2403.9598369,3.853580808,1325.15447988,7.707161616,171.938068242,0.602476388782,0.602476388782,0.793470720128
MAMBA2,BWB,89,mt,8,10,3,11,0,0,384,2403.9598369,3.853580808,1325.15447988,7.707161616,171.938068242,0.602476388782,0.602476388782,0.797013000129
MAMBA2,BWB,90,mt,32,7,13,4,0,0,512,3827.40551816,3.940498855,1230.55113924,7.88099771,156.141542546,0.143021040444,0.143021040444,2.50941463797
MAMBA2,BWB,91,mt,16,16,3,5,0,0,384,2305.74719765,7.707161616,1211.38226894,15.414323232,78.588093081,0.550750290553,0.550750290553,1.24319179067
MAMBA2,BWB,92,mt,4,6,2,16,0,0,512,1725.16298402,3.143844832,1197.63921358,6.287689664,190.473652101,0.888436019873,0.888436019873,0.99534869782
MAMBA2,BWB,93,mt,4,6,2,16,0,0,640,1618.10514478,3.468233504,1197.18040072,6.936467008,172.592243189,0.979731282706,0.979731282706,0.945871186906
MAMBA2,BWB,94,mt,8,4,3,17,0,0,256,1974.26157666,3.500578004,1194.70030943,7.001156008,170.64329206,0.493409818848,0.493409818848,1.83157833407
MAMBA2,BWB,95,mt,8,5,3,16,0,0,256,2405.25166303,3.500578004,1194.70030943,7.001156008,170.64329206,0.493409818848,0.493409818848,1.46526266725
MAMBA2,BWB,96,mt,8,12,3,9,0,0,512,2150.92354371,4.322786644,1190.958245,8.645573288,137.75353066,0.607392448686,0.607392448686,0.623597567136
MAMBA2,BWB,97,mt,8,13,2,9,0,0,512,1721.68489498,6.287689664,1190.958245,12.575379328,94.7055523289,0.883479925362,0.883479925362,0.548030523052
MAMBA2,BWB,98,mt,8,14,2,8,0,0,512,1721.68489498,6.287689664,1190.958245,12.575379328,94.7055523289,0.883479925362,0.883479925362,0.602833575357
MAMBA2,BWB,99,mt,8,12,3,9,0,0,640,2035.0468342,4.768821068,1190.04550734,9.537642136,124.773554131,0.669550977735,0.669550977735,0.501018378169
MAMBA2,BWB,100,mt,8,13,3,8,0,0,640,2035.0468342,4.768821068,1190.04550734,9.537642136,124.773554131,0.669550977735,0.669550977735,0.512405159491
MAMBA2,BWB,101,mt,16,11,4,9,0,0,256,2769.12511666,5.091749808,1185.15147421,10.183499616,116.379586478,0.355975388819,0.355975388819,1.51884471246
MAMBA2,BWB,102,mt,16,12,4,8,0,0,256,2769.12511666,5.091749808,1185.15147421,10.183499616,116.379586478,0.355975388819,0.355975388819,1.64541510516
MAMBA2,BWB,103,mt,16,13,3,8,0,0,256,2395.53715441,7.001155986,1185.15147421,14.002311972,84.6396992568,0.489466159626,0.489466159626,1.43397036491
MAMBA2,BWB,104,mt,32,12,8,4,0,0,256,3455.36299849,5.0917498,1166.50996549,10.1834996,114.549026495,0.175188086465,0.175188086465,2.72984388963
MAMBA2,BWB,105,mt,32,13,7,4,0,0,256,3244.87935114,6.36468725,1166.50996549,12.7293745,91.6392211962,0.218985108081,0.218985108081,2.47119706638
MAMBA2,BWB,106,mt,32,14,6,4,0,0,256,3148.96951627,7.001155975,1166.50996549,14.00231195,83.3083829056,0.240883618889,0.240883618889,2.51559099319
MAMBA2,BWB,107,mt,8,11,3,10,0,0,384,2235.020434,3.853580808,1135.84669704,7.707161616,147.375487065,0.516408333242,0.516408333242,0.812221743883
MAMBA2,BWB,108,mt,8,12,2,10,0,0,384,1815.6996777,5.605208448,1135.84669704,11.210416896,101.320647357,0.751139393806,0.751139393806,0.698576506849
MAMBA2,BWB,109,mt,32,2,10,12,0,0,256,1119.73044647,4.545535085,1119.73044647,9.09107017,123.168166731,0.150123113206,0.150123113206,8.24150838044
MAMBA2,BWB,110,mt,32,2,11,11,0,0,384,1119.73044647,4.324049982,1119.73044647,8.648099964,129.477047112,0.142808235515,0.142808235515,8.5827062051
MAMBA2,BWB,111,mt,32,2,9,13,0,0,512,1119.73044647,6.436222384,1119.73044647,12.872444768,86.9866188316,0.212565896755,0.212565896755,6.60079420955
MAMBA2,BWB,112,mt,32,2,12,10,0,0,640,1119.73044647,5.30824686,1119.73044647,10.61649372,105.470833968,0.175312813429,0.175312813429,7.05845679225
MAMBA2,BWB,113,mt,16,16,4,4,0,0,640,2298.61589652,6.939416864,1085.22959117,13.878833728,78.193140176,0.4442461377,0.4442461377,0.771543144097
MAMBA2,BWB,114,mt,16,2,5,17,0,0,256,1071.74199876,4.220854001,1071.74199876,8.441708002,126.957956672,0.266851492656,0.266851492656,5.00476428707
MAMBA2,BWB,115,mt,16,2,5,17,0,0,384,1071.74199876,4.668068678,1071.74199876,9.336137356,114.795011887,0.295125369001,0.295125369001,4.64575211376
MAMBA2,BWB,116,mt,16,2,5,17,0,0,512,1071.74199876,5.227031251,1071.74199876,10.454062502,102.519187976,0.330464188327,0.330464188327,4.28340810095
MAMBA2,BWB,117,mt,16,2,5,17,0,0,640,1071.74199876,5.750600752,1071.74199876,11.501201504,93.1852205517,0.363565381313,0.363565381313,4.00781210357
MAMBA2,BWB,118,mt,8,3,3,18,0,0,256,1480.6961825,3.511774904,1066.85101852,7.023549808,151.896270075,0.442017535766,0.442017535766,2.35054658116
MAMBA2,BWB,119,mt,8,3,4,17,0,0,384,1480.6961825,2.829227136,1066.71445547,5.658454272,188.516934873,0.356061524751,0.356061524751,2.74369966636
MAMBA2,BWB,120,mt,8,3,4,17,0,0,512,1480.6961825,3.175407872,1066.54607586,6.350815744,167.938437966,0.399565691969,0.399565691969,2.52300878194
MAMBA2,BWB,121,mt,8,3,4,17,0,0,640,1480.6961825,3.499796544,1066.22311785,6.999593088,152.326443044,0.440250587893,0.440250587893,2.35570147875
MAMBA2,BWB,122,mt,32,13,8,3,0,0,384,3006.76727587,5.615196152,1000.90932612,11.230392304,89.1250544975,0.165771065259,0.165771065259,1.78584239504
MAMBA2,BWB,123,mt,32,14,7,3,0,0,384,2830.57056137,7.01899519,1000.90932612,14.03799038,71.300043598,0.207213831574,0.207213831574,1.62740906856
MAMBA2,BWB,124,mt,32,15,6,3,0,0,384,2749.99562012,7.720894709,1000.90932612,15.441789418,64.8182214528,0.227935214731,0.227935214731,1.67206358487
MAMBA2,BWB,125,mt,4,6,2,16,0,0,384,1721.27187933,2.802604192,998.745575557,5.605208384,178.181703005,0.660473935063,0.660473935063,0.981757833818
MAMBA2,BWB,126,mt,8,13,2,9,0,0,384,1717.638302,5.605208448,993.865859913,11.210416896,88.6555664373,0.65724696958,0.65724696958,0.721222143972
MAMBA2,BWB,127,mt,8,14,2,8,0,0,384,1717.638302,5.605208448,993.865859913,11.210416896,88.6555664373,0.65724696958,0.65724696958,0.79334435837
MAMBA2,BWB,128,mt,4,5,2,17,0,0,384,1711.32427115,2.803011424,985.637293361,5.606022848,175.817566229,0.651900092782,0.651900092782,1.17185596689
MAMBA2,BWB,129,mt,4,5,2,17,0,0,512,1599.31667531,3.14934288,985.388656994,6.29868576,156.443533547,0.73226209319,0.73226209319,1.09372712116
MAMBA2,BWB,130,mt,4,5,2,17,0,0,640,1506.88994207,3.473731552,985.078037882,6.947463104,141.789603361,0.807431963514,0.807431963514,1.0346203846
MAMBA2,BWB,131,mt,4,7,2,15,0,0,512,1582.67570992,3.143844832,958.111370866,6.287689664,152.378921681,0.710748815898,0.710748815898,0.772880652084
MAMBA2,BWB,132,mt,4,8,2,14,0,0,512,1582.67570992,3.143844832,958.111370866,6.287689664,152.378921681,0.710748815898,0.710748815898,0.676270570573
MAMBA2,BWB,133,mt,4,9,2,13,0,0,512,1582.67570992,3.143844832,958.111370866,6.287689664,152.378921681,0.710748815898,0.710748815898,0.601129396065
MAMBA2,BWB,134,mt,4,7,2,15,0,0,640,1492.06339232,3.468233504,957.744320576,6.936467008,138.073794552,0.783785026165,0.783785026165,0.730502110328
MAMBA2,BWB,135,mt,4,8,2,14,0,0,640,1492.06339232,3.468233504,957.744320576,6.936467008,138.073794552,0.783785026165,0.783785026165,0.639189346537
MAMBA2,BWB,136,mt,4,9,2,13,0,0,640,1492.06339232,3.468233504,957.744320576,6.936467008,138.073794552,0.783785026165,0.783785026165,0.568168308033
MAMBA2,BWB,137,mt,8,6,3,15,0,0,256,2136.42671817,3.500578004,955.760247542,7.001156008,136.514633648,0.394727855078,0.394727855078,1.14036718255
MAMBA2,BWB,138,mt,8,7,3,14,0,0,256,2136.42671817,3.500578004,955.760247542,7.001156008,136.514633648,0.394727855078,0.394727855078,1.00227584404
MAMBA2,BWB,139,mt,8,8,3,13,0,0,256,2136.42671817,3.500578004,955.760247542,7.001156008,136.514633648,0.394727855078,0.394727855078,1.00227584404
MAMBA2,BWB,140,mt,8,15,2,7,0,0,512,1579.01769189,6.287689664,952.766596003,12.575379328,75.7644418631,0.706783940289,0.706783940289,0.606977336196
MAMBA2,BWB,141,mt,8,14,3,7,0,0,640,1838.54560818,4.768821068,952.036405872,9.537642136,99.818843305,0.535640782188,0.535640782188,0.518437171103
MAMBA2,BWB,142,mt,8,15,2,7,0,0,640,1488.58742278,6.936467008,952.036405872,13.872934016,68.6254547722,0.779113865001,0.779113865001,0.45881798395
MAMBA2,BWB,143,mt,16,14,3,7,0,0,256,2126.85053552,7.001155986,948.121179368,14.002311972,67.7117594054,0.391572927701,0.391572927701,1.47369697434
MAMBA2,BWB,144,mt,32,8,13,3,0,0,512,2963.32321355,3.940498855,894.946283087,7.88099771,113.557485488,0.104015302141,0.104015302141,2.1208079764
MAMBA2,BWB,145,mt,32,9,12,3,0,0,512,2864.66063323,4.728598626,894.946283087,9.457197252,94.6312379069,0.124818362569,0.124818362569,1.60057078027
MAMBA2,BWB,146,mt,32,10,11,3,0,0,512,2864.66063323,4.728598626,894.946283087,9.457197252,94.6312379069,0.124818362569,0.124818362569,1.44051370225
MAMBA2,BWB,147,mt,32,11,10,3,0,0,512,2772.35621746,5.516698397,894.946283087,11.033396794,81.1124896345,0.145621422997,0.145621422997,1.14323798979
MAMBA2,BWB,148,mt,32,12,9,3,0,0,512,2685.81453816,6.304798168,894.946283087,12.609596336,70.9734284302,0.166424483426,0.166424483426,1.09408970084
MAMBA2,BWB,149,mt,32,13,8,3,0,0,512,2685.81453816,6.304798168,894.946283087,12.609596336,70.9734284302,0.166424483426,0.166424483426,1.19355240091
MAMBA2,BWB,150,mt,8,16,2,6,0,0,512,1516.1979167,6.287689664,866.151450912,12.575379328,68.8767653301,0.642530854809,0.642530854809,0.657143151956
MAMBA2,BWB,151,mt,8,16,2,6,0,0,640,1432.58817915,6.936467008,865.487641702,13.872934016,62.3867770656,0.708285331819,0.708285331819,0.49562091179
MAMBA2,BWB,152,mt,16,15,3,6,0,0,256,2013.90917575,7.001155986,861.92834488,14.002311972,61.556144914,0.355975388819,0.355975388819,1.59555404137
MAMBA2,BWB,153,mt,32,15,6,3,0,0,256,2512.99127163,7.001155975,848.370883996,14.00231195,60.5879148405,0.175188086465,0.175188086465,2.64712134752
MAMBA2,BWB,154,mt,32,16,5,3,0,0,256,2399.78028134,8.274093425,848.370883996,16.54818685,51.2666971727,0.207040465822,0.207040465822,2.58815424706
MAMBA2,BWB,155,mt,4,7,2,15,0,0,384,1553.89471278,2.802604192,798.996460446,5.605208384,142.545362404,0.528379148051,0.528379148051,0.774562785079
MAMBA2,BWB,156,mt,4,8,2,14,0,0,384,1553.89471278,2.802604192,798.996460446,5.605208384,142.545362404,0.528379148051,0.528379148051,0.677742436944
MAMBA2,BWB,157,mt,4,9,2,13,0,0,384,1553.89471278,2.802604192,798.996460446,5.605208384,142.545362404,0.528379148051,0.528379148051,0.602437721728
MAMBA2,BWB,158,mt,4,10,2,12,0,0,512,1461.92979043,3.143844832,798.426142388,6.287689664,126.982434734,0.592290679915,0.592290679915,0.50355461497
MAMBA2,BWB,159,mt,4,11,2,11,0,0,512,1461.92979043,3.143844832,798.426142388,6.287689664,126.982434734,0.592290679915,0.592290679915,0.4577769227
MAMBA2,BWB,160,mt,4,10,2,12,0,0,640,1384.23859554,3.468233504,798.120267147,6.936467008,115.06149546,0.653154188471,0.653154188471,0.473903987287
MAMBA2,BWB,161,mt,4,11,2,11,0,0,640,1384.23859554,3.468233504,798.120267147,6.936467008,115.06149546,0.653154188471,0.653154188471,0.430821806625
MAMBA2,BWB,162,mt,8,9,3,12,0,0,256,1921.65172145,3.500578004,796.466872952,7.001156008,113.762194706,0.328939879232,0.328939879232,1.01866608355
MAMBA2,BWB,163,mt,8,10,3,11,0,0,256,1921.65172145,3.500578004,796.466872952,7.001156008,113.762194706,0.328939879232,0.328939879232,1.09142794666
MAMBA2,BWB,164,mt,8,11,2,11,0,0,256,1628.00420241,5.091749824,796.466872952,10.183499648,78.2115088606,0.478458006155,0.478458006155,0.898992596499
MAMBA2,BWB,165,mt,8,15,2,7,0,0,384,1550.19412561,5.605208448,795.09268793,11.210416896,70.9244531498,0.525797575664,0.525797575664,0.811575476201
MAMBA2,BWB,166,mt,4,4,2,18,0,0,384,1502.7809504,2.812785824,749.445410396,5.625571648,133.221200847,0.497411379477,0.497411379477,1.32321313566
MAMBA2,BWB,167,mt,4,4,2,18,0,0,512,1415.71426911,3.15911728,749.301650861,6.31823456,118.593515917,0.558549266911,0.558549266911,1.2262531191
MAMBA2,BWB,168,mt,4,4,2,18,0,0,640,1342.80700341,3.483505952,749.122028982,6.967011904,107.524149421,0.615755320135,0.615755320135,1.15288072055
MAMBA2,BWB,169,mt,16,16,3,5,0,0,256,1820.55649519,7.001155986,729.323984129,14.002311972,52.0859687734,0.301209944385,0.301209944385,1.7225014944
MAMBA2,BWB,170,mt,8,16,2,6,0,0,384,1478.14552833,5.605208448,722.811534482,11.210416896,64.4767755907,0.477997796058,0.477997796058,0.884419488094
MAMBA2,BWB,171,mt,32,16,6,2,0,0,384,2095.68886964,7.720894709,688.125161709,15.441789418,44.5625272488,0.156705460128,0.156705460128,1.77195481242
MAMBA2,BWB,172,mt,4,12,2,10,0,0,512,1358.30186078,3.143844832,684.365264904,6.287689664,108.842086915,0.507677725642,0.507677725642,0.46562124684
MAMBA2,BWB,173,mt,4,12,2,10,0,0,640,1290.94754791,3.468233504,684.103086126,6.936467008,98.6241389654,0.559846447261,0.559846447261,0.372629816821
MAMBA2,BWB,174,mt,8,12,2,10,0,0,256,1500.23237774,5.091749824,682.685891101,10.183499648,67.0384361662,0.410106862419,0.410106862419,0.928883512192
MAMBA2,BWB,175,mt,8,2,3,19,0,0,256,987.130788331,3.571491836,679.011088251,7.142983672,95.059868457,0.286111675111,0.286111675111,3.09204118097
MAMBA2,BWB,176,mt,8,2,3,19,0,0,384,987.130788331,3.949904244,679.011088251,7.899808488,85.952854336,0.316426236339,0.316426236339,2.86171389527
MAMBA2,BWB,177,mt,8,2,3,19,0,0,512,987.130788331,4.422872586,679.011088251,8.845745172,76.7613214091,0.354315659251,0.354315659251,2.62924902782
MAMBA2,BWB,178,mt,8,2,3,19,0,0,640,987.130788331,4.865892944,678.987114183,9.731785888,69.7700424153,0.389792190652,0.389792190652,2.45246923319
MAMBA2,BWB,179,mt,4,13,1,10,0,0,512,903.240575437,6.287689664,674.015453445,12.575379328,53.5980216473,0.984876772697,1.01535545128,0.339495866123
MAMBA2,BWB,180,mt,4,10,2,12,0,0,384,1416.18437708,2.802604192,665.830383705,5.605208384,118.787802003,0.440315956709,0.440315956709,0.570260545831
MAMBA2,BWB,181,mt,4,11,2,11,0,0,384,1416.18437708,2.802604192,665.830383705,5.605208384,118.787802003,0.440315956709,0.440315956709,0.614126741665
MAMBA2,BWB,182,mt,4,12,1,11,0,0,384,964.529904363,5.605208384,665.830383705,11.210416768,59.3939010016,0.880631913418,0.880631913418,0.434346322602
MAMBA2,BWB,183,mt,32,14,8,2,0,0,512,2002.79529213,6.304798168,615.275569622,12.609596336,48.7942320458,0.114416832355,0.114416832355,1.25436870989
MAMBA2,BWB,184,mt,32,16,6,2,0,0,512,1872.06421919,8.669097481,615.275569622,17.338194962,35.4867142151,0.157323144488,0.157323144488,1.18423938915
MAMBA2,BWB,185,mt,32,5,17,2,0,0,512,2206.34190485,3.156049448,614.711270116,6.312098896,97.3861912249,0.0572221320414,0.0572221320414,4.05713903254
MAMBA2,BWB,186,mt,2,6,1,17,0,0,512,863.45737395,3.143844864,600.511155095,6.287689728,95.5058504908,0.890945686985,0.890945686985,0.634245482292
MAMBA2,BWB,187,mt,2,7,1,16,0,0,512,863.45737395,3.143844864,600.511155095,6.287689728,95.5058504908,0.890945686985,0.890945686985,0.543638984821
MAMBA2,BWB,188,mt,2,6,1,17,0,0,640,809.874236804,3.468233472,600.392897112,6.936466944,86.5560092709,0.982681803735,0.982681803735,0.602815110794
MAMBA2,BWB,189,mt,2,7,1,16,0,0,640,809.874236804,3.468233472,600.392897112,6.936466944,86.5560092709,0.982681803735,0.982681803735,0.516698666395
MAMBA2,BWB,190,mt,4,4,2,18,0,0,256,1394.32524942,2.545874912,599.764892162,5.091749824,117.7915084,0.360294099116,0.360294099116,1.32807038288
MAMBA2,BWB,191,mt,4,5,2,17,0,0,256,1394.32524942,2.545874912,599.764892162,5.091749824,117.7915084,0.360294099116,0.360294099116,1.06245630631
MAMBA2,BWB,192,mt,4,6,2,16,0,0,256,1394.32524942,2.545874912,599.764892162,5.091749824,117.7915084,0.360294099116,0.360294099116,0.885380255256
MAMBA2,BWB,193,bstar,2,5,8,11,0,0,384,1188.00126593,0.350376416,329.348219873,0.700752832,469.991992659,0.0544576917862,0.0544576917862,3.80815813243
MAMBA2,BWB,194,bstar,4,5,8,11,0,0,384,2131.30511117,0.700752856,657.091528907,1.401505712,468.846843278,0.108650015464,0.108650015464,3.14590002504
MAMBA2,BWB,195,bstar,8,5,8,11,0,0,384,2467.82697083,1.401505736,1307.79471808,2.803011472,466.567736573,0.216243723324,0.216243723324,2.98058817541
MAMBA2,BWB,196,bstar,16,5,8,11,0,0,384,2679.3549969,2.80301148,2590.40513936,5.60602296,462.075371051,0.428323226964,0.428323226964,3.22397976462
MAMBA2,BWB,197,bstar,2,6,10,8,0,0,512,1094.37823263,0.343858032,300.255577548,0.687716064,436.598173672,0.048723592257,0.048723592257,3.2160389473
MAMBA2,BWB,198,bstar,4,6,8,10,0,0,512,2183.26384736,0.785961208,684.365264904,1.571922416,435.36834766,0.12691943141,0.12691943141,2.3758872989
MAMBA2,BWB,199,bstar,8,6,10,8,0,0,512,2961.39236499,1.375432114,1190.958245,2.750864228,432.939667789,0.193261233673,0.193261233673,2.4830837463
MAMBA2,BWB,200,bstar,16,6,8,10,0,0,512,3215.22599628,3.144104096,2692.10345484,6.288208192,428.119326308,0.499307072866,0.499307072866,2.51421904875
MAMBA2,BWB,201,bstar,2,5,8,11,0,0,512,1173.62901355,0.393667856,329.307873883,0.787335712,418.255985171,0.0611788224046,0.0611788224046,3.41098099886
MAMBA2,BWB,202,bstar,4,5,8,11,0,0,512,2112.15318194,0.78733572,656.925771329,1.57467144,417.182756124,0.122043682198,0.122043682198,2.83377350614
MAMBA2,BWB,203,bstar,8,5,8,11,0,0,512,2467.82697083,1.574671448,1307.15365983,3.149342896,415.055998346,0.242843032833,0.242843032833,2.71083179565
MAMBA2,BWB,204,bstar,16,5,8,11,0,0,512,2679.3549969,3.149342896,2587.89125681,6.298685792,410.862097629,0.480778488984,0.480778488984,2.97482096433
MAMBA2,BWB,205,bstar,2,6,8,10,0,0,384,1045.35870445,0.35032552,286.05870039,0.70065104,408.275566664,0.0472929037114,0.0472929037114,3.15236008789
MAMBA2,BWB,206,bstar,4,6,10,8,0,0,384,1745.32841697,0.613069667,499.372787779,1.226139334,407.272464011,0.0722393366475,0.0722393366475,2.89811748321
MAMBA2,BWB,207,bstar,8,6,8,10,0,0,384,2961.39236499,1.401302112,1135.84669704,2.802604224,405.282589427,0.187784848451,0.187784848451,2.42605699893
MAMBA2,BWB,208,bstar,16,6,8,10,0,0,384,3215.22599628,2.802604224,2249.70992803,5.605208448,401.360618235,0.371935261153,0.371935261153,2.58096006758
MAMBA2,BWB,209,bstar,2,6,8,10,0,0,640,1203.39086412,0.433529184,343.081655492,0.867058368,395.68461381,0.0701915574096,0.0701915574096,2.60305063994
MAMBA2,BWB,210,bstar,4,6,10,8,0,0,640,1971.77700978,0.758676079,598.59020036,1.517352158,394.496555862,0.107158109046,0.107158109046,2.41817281271
MAMBA2,BWB,211,bstar,8,6,8,10,0,0,640,2961.39236499,1.734116752,1360.05200839,3.468233504,392.145455841,0.278254951786,0.278254951786,2.10976530369
MAMBA2,BWB,212,bstar,2,7,8,9,0,0,512,1080.67002317,0.392980608,300.255577548,0.785961216,382.023401963,0.0556841054366,0.0556841054366,2.42803815814
MAMBA2,BWB,213,bstar,2,8,8,8,0,0,512,1080.67002317,0.392980608,300.255577548,0.785961216,382.023401963,0.0556841054366,0.0556841054366,2.12453338837
MAMBA2,BWB,214,bstar,4,7,8,9,0,0,512,1959.95481371,0.785961208,598.819606791,1.571922416,380.947304203,0.111054502484,0.111054502484,2.00780505098
MAMBA2,BWB,215,bstar,4,8,8,8,0,0,512,1959.95481371,0.785961208,598.819606791,1.571922416,380.947304203,0.111054502484,0.111054502484,1.75682941961
MAMBA2,BWB,216,bstar,2,5,11,8,0,0,640,918.078565424,0.325662324,246.940896178,0.651324648,379.136421348,0.0379515555168,0.0379515555168,4.03301880571
MAMBA2,BWB,217,bstar,8,7,8,9,0,0,512,3304.22482787,1.571922416,1190.958245,3.143844832,378.822209316,0.22086998134,0.22086998134,1.90540155089
MAMBA2,BWB,218,bstar,8,8,8,8,0,0,512,3304.22482787,1.571922416,1190.958245,3.143844832,378.822209316,0.22086998134,0.22086998134,1.66722635703
MAMBA2,BWB,219,bstar,4,5,8,11,0,0,640,2069.80042679,0.868432888,656.718691921,1.736865776,378.105608963,0.134571993919,0.134571993919,2.59783236416
MAMBA2,BWB,220,bstar,8,5,8,11,0,0,640,2467.82697083,1.736865784,1306.32890227,3.473731568,376.05925406,0.267687349339,0.267687349339,2.50681415541
MAMBA2,BWB,221,bstar,16,7,8,9,0,0,512,3751.09699566,3.144104096,2355.59052299,6.288208192,374.60441052,0.436893688758,0.436893688758,2.06533436032
MAMBA2,BWB,222,bstar,16,8,8,8,0,0,512,4286.96799504,3.144104096,2355.59052299,6.288208192,374.60441052,0.436893688758,0.436893688758,1.80716756528
MAMBA2,BWB,223,bstar,16,5,11,8,0,0,640,2679.3549969,2.605298682,1938.51044857,5.210597364,372.032285965,0.297923473142,0.297923473142,3.15197128355
MAMBA2,BWB,224,bstar,16,6,8,10,0,0,640,3215.22599628,3.469708432,2480.52477982,6.939416864,357.45435509,0.507709871657,0.507709871657,2.2910482516
MAMBA2,BWB,225,bstar,2,7,8,9,0,0,384,924.676811403,0.35032552,250.301362841,0.70065104,357.241120831,0.0413812907475,0.0413812907475,2.68677093016
MAMBA2,BWB,226,bstar,2,8,8,8,0,0,384,924.676811403,0.35032552,250.301362841,0.70065104,357.241120831,0.0413812907475,0.0413812907475,2.35092456389
MAMBA2,BWB,227,bstar,4,7,8,9,0,0,384,1714.41031873,0.700651048,499.372787779,1.401302096,356.363406009,0.0825592418829,0.0825592418829,2.19450809042
MAMBA2,BWB,228,bstar,4,8,8,8,0,0,384,1714.41031873,0.700651048,499.372787779,1.401302096,356.363406009,0.0825592418829,0.0825592418829,1.92019457912
MAMBA2,BWB,229,bstar,2,4,8,12,0,0,384,924.638073717,0.351598224,250.365282948,0.703196448,356.038890213,0.0415422316355,0.0415422316355,4.68555354451
MAMBA2,BWB,230,bstar,4,4,11,9,0,0,384,1371.02287466,0.527397342,374.722705198,1.054794684,355.256535591,0.046632316826,0.046632316826,4.93266410308
MAMBA2,BWB,231,bstar,8,7,8,9,0,0,384,2992.16707002,1.401302112,993.865859913,2.802604224,354.622265749,0.164311742395,0.164311742395,2.03838261636
MAMBA2,BWB,232,bstar,8,8,8,8,0,0,384,2992.16707002,1.401302112,993.865859913,2.802604224,354.622265749,0.164311742395,0.164311742395,1.78358478931
MAMBA2,BWB,233,bstar,8,4,8,12,0,0,384,1974.26157666,1.406392928,994.879355955,2.812785856,353.698932975,0.165076839362,0.165076839362,3.55659283969
MAMBA2,BWB,234,bstar,16,7,8,9,0,0,384,3751.09699566,2.802604224,1968.49618702,5.605208448,351.190540956,0.325443353509,0.325443353509,2.13728308623
MAMBA2,BWB,235,bstar,16,8,8,8,0,0,384,4286.96799504,2.802604224,1968.49618702,5.605208448,351.190540956,0.325443353509,0.325443353509,1.87012270045
MAMBA2,BWB,236,bstar,16,4,8,12,0,0,384,2143.48399752,2.812785856,1972.47412361,5.625571712,350.626429559,0.327285707657,0.327285707657,3.73188666869
MAMBA2,BWB,237,bstar,2,7,8,9,0,0,640,1069.42298121,0.433529184,300.196448556,0.867058368,346.224037083,0.0614176127334,0.0614176127334,2.21289392561
MAMBA2,BWB,238,bstar,2,8,8,8,0,0,640,1069.42298121,0.433529184,300.196448556,0.867058368,346.224037083,0.0614176127334,0.0614176127334,1.93628218491
MAMBA2,BWB,239,bstar,4,7,8,9,0,0,640,1923.28514573,0.867058376,598.59020036,1.734116752,345.184486379,0.122466410338,0.122466410338,1.83870605369
MAMBA2,BWB,240,bstar,4,8,8,8,0,0,640,1923.28514573,0.867058376,598.59020036,1.734116752,345.184486379,0.122466410338,0.122466410338,1.60886779698
MAMBA2,BWB,241,bstar,8,7,8,9,0,0,640,3201.31430404,1.734116752,1190.04550734,3.468233504,343.127273861,0.243473082813,0.243473082813,1.75916372497
MAMBA2,BWB,242,bstar,8,8,8,8,0,0,640,3201.31430404,1.734116752,1190.04550734,3.468233504,343.127273861,0.243473082813,0.243473082813,1.53926825935
MAMBA2,BWB,243,bstar,2,3,13,8,0,0,256,523.386533003,0.199532665,134.152414314,0.39906533,336.166547753,0.0126322740653,0.0126322740653,10.7030410758
MAMBA2,BWB,244,bstar,4,3,8,13,0,0,256,1278.7830667,0.63850452,428.436165154,1.27700904,335.49971201,0.064548944781,0.064548944781,5.52542557258
MAMBA2,BWB,245,bstar,8,3,8,13,0,0,256,1480.6961825,1.277009056,853.480814818,2.554018112,334.171794165,0.128586919496,0.128586919496,5.05901569382
MAMBA2,BWB,246,bstar,16,3,13,8,0,0,256,1607.61299814,1.596261325,1058.47211667,3.19252265,331.547253602,0.099669543619,0.099669543619,7.26436471543
MAMBA2,BWB,247,bstar,2,4,8,12,0,0,512,915.908342321,0.394889664,250.341967127,0.789779328,316.977107721,0.04665288121,0.04665288121,4.19235065519
MAMBA2,BWB,248,bstar,4,4,8,12,0,0,512,1684.51038816,0.78977932,499.534433908,1.57955864,316.24937578,0.0930915444852,0.0930915444852,3.44013999261
MAMBA2,BWB,249,bstar,8,4,11,9,0,0,512,1974.26157666,1.18466898,745.881243772,2.36933796,314.805762776,0.104249925939,0.104249925939,4.00181139687
MAMBA2,BWB,250,bstar,2,4,8,12,0,0,256,755.828365072,0.318234368,200.326773032,0.636468736,314.747232191,0.030085353473,0.030085353473,5.11984515134
MAMBA2,BWB,251,bstar,2,5,8,11,0,0,256,755.828365072,0.318234368,200.326773032,0.636468736,314.747232191,0.030085353473,0.030085353473,4.09587612107
MAMBA2,BWB,252,bstar,4,4,8,12,0,0,256,1427.8866658,0.636468728,399.843261442,1.272937456,314.110689066,0.0600490165194,0.0600490165194,4.13975096756
MAMBA2,BWB,253,bstar,4,5,8,11,0,0,256,1427.8866658,0.636468728,399.843261442,1.272937456,314.110689066,0.0600490165194,0.0600490165194,3.31180077404
MAMBA2,BWB,254,bstar,8,4,8,12,0,0,256,1974.26157666,1.272937456,796.466872952,2.545874912,312.846035442,0.119614501539,0.119614501539,3.77613666625
MAMBA2,BWB,255,bstar,8,5,8,11,0,0,256,2467.82697083,1.272937456,796.466872952,2.545874912,312.846035442,0.119614501539,0.119614501539,3.020909333
MAMBA2,BWB,256,bstar,16,7,8,9,0,0,640,3751.09699566,3.469708432,2170.45918234,6.939416864,312.772560704,0.4442461377,0.4442461377,1.88109566561
MAMBA2,CHAT,1,mt,32,7,4,13,0,0,384,3859.78963582,0.257219696,3856.62534956,0.514439392,7496.75357201,0.999180192043,1.00082048059,2.14017528516
MAMBA2,CHAT,2,mt,64,7,4,13,0,0,256,3948.18176488,0.468318496,3850.41726404,0.936636992,4110.89600018,0.908881865961,0.908881865961,2.35518695818
MAMBA2,CHAT,3,mt,64,8,4,12,0,0,256,4331.71942204,0.468318496,3850.41726404,0.936636992,4110.89600018,0.908881865961,0.908881865961,2.14603129854
MAMBA2,CHAT,4,mt,64,7,4,13,0,0,384,3948.18176488,0.51715048,3836.40753848,1.03430096,3709.17913339,0.971689695901,1.02913512845,2.08333677977
MAMBA2,CHAT,5,mt,32,7,4,13,0,0,256,3859.78963582,0.233241696,3732.83188958,0.466483392,8002.06814133,0.877673428235,0.877673428235,2.12154011828
MAMBA2,CHAT,6,mt,32,8,4,12,0,0,384,4411.18815522,0.257219696,3670.00086245,0.514439392,7133.98102774,0.951609381209,0.951609381209,1.70625825677
MAMBA2,CHAT,7,mt,32,9,4,11,0,0,384,4962.58667462,0.257219696,3670.00086245,0.514439392,7133.98102774,0.951609381209,0.951609381209,1.51667400602
MAMBA2,CHAT,8,mt,64,8,4,12,0,0,384,4512.20773129,0.51715048,3657.48728795,1.03430096,3536.19249077,0.953362553707,0.953362553707,1.66080448257
MAMBA2,CHAT,9,mt,64,9,4,11,0,0,384,5033.138192,0.51715048,3657.48728795,1.03430096,3536.19249077,0.953362553707,0.953362553707,1.47627065117
MAMBA2,CHAT,10,mt,64,9,4,11,0,0,256,4331.71942204,0.468318496,3609.76618504,0.936636992,3853.96500017,0.852076749338,0.852076749338,2.28910005178
MAMBA2,CHAT,11,mt,16,7,4,13,0,0,512,3694.37008,0.144024496,3443.85860583,0.288048992,11955.8085655,0.932191018024,1.0727415097,1.9523770728
MAMBA2,CHAT,12,mt,32,7,4,13,0,0,512,3859.78963582,0.288808848,3434.79781478,0.577617696,5946.48993368,0.889892491266,1.12373124823,1.91009411289
MAMBA2,CHAT,13,mt,64,7,4,13,0,0,512,3948.18176488,0.580657424,3416.81672876,1.161314848,2942.19671318,0.870692458416,1.14851115378,1.85935432797
MAMBA2,CHAT,14,mt,64,6,4,14,0,0,256,3384.15579847,0.468318496,3384.15579847,0.936636992,3613.09218766,0.798821952505,0.798821952505,2.67967938353
MAMBA2,CHAT,15,mt,64,6,4,14,0,0,384,3384.15579847,0.51715048,3384.15579847,1.03430096,3271.92560903,0.882115824382,0.882115824382,2.4305595764
MAMBA2,CHAT,16,mt,64,6,4,14,0,0,512,3384.15579847,0.580657424,3384.15579847,1.161314848,2914.07261717,0.990441123163,0.990441123163,2.16924671596
MAMBA2,CHAT,17,mt,64,6,5,13,0,0,640,3384.15579847,0.520769574,3384.15579847,1.041539148,3249.18732529,0.88828899875,0.88828899875,2.14665627002
MAMBA2,CHAT,18,mt,64,10,4,10,0,0,256,4331.71942204,0.468318496,3369.11510603,0.936636992,3597.03400016,0.795271632716,0.795271632716,2.28186788435
MAMBA2,CHAT,19,mt,32,6,4,14,0,0,256,3308.39111642,0.233241696,3308.39111642,0.466483392,7092.194863,0.777877777242,0.777877777242,2.41384120124
MAMBA2,CHAT,20,mt,32,6,4,14,0,0,384,3308.39111642,0.257219696,3308.39111642,0.514439392,6431.061011,0.857846126223,0.857846126223,2.49687116602
MAMBA2,CHAT,21,mt,32,6,4,14,0,0,512,3308.39111642,0.288808848,3308.39111642,0.577617696,5727.64847636,0.963198212767,0.963198212767,2.2284431317
MAMBA2,CHAT,22,mt,32,6,5,13,0,0,640,3308.39111642,0.258979565,3308.39111642,0.51795913,6387.35939729,0.863715415503,0.863715415503,2.20567812753
MAMBA2,CHAT,23,mt,32,8,4,12,0,0,512,4411.18815522,0.288808848,3281.46970465,0.577617696,5681.0408119,0.955360368092,0.955360368092,1.52255294562
MAMBA2,CHAT,24,mt,32,9,4,11,0,0,512,4509.49438585,0.288808848,3281.46970465,0.577617696,5681.0408119,0.955360368092,0.955360368092,1.35338039611
MAMBA2,CHAT,25,mt,64,8,4,12,0,0,512,4488.67839923,0.580657424,3270.21010282,1.161314848,2815.95478475,0.957092628147,0.957092628147,1.48198558883
MAMBA2,CHAT,26,mt,64,9,4,11,0,0,512,4488.67839923,0.580657424,3270.21010282,1.161314848,2815.95478475,0.957092628147,0.957092628147,1.3173205234
MAMBA2,CHAT,27,mt,16,6,4,14,0,0,512,3166.60292571,0.144024496,3166.60292571,0.288048992,10993.2789687,0.919492722596,0.919492722596,2.2777732516
MAMBA2,CHAT,28,mt,16,6,5,13,0,0,640,3166.60292571,0.129138503,3166.60292571,0.258277006,12260.4910702,0.824456373834,0.824456373834,2.30959559013
MAMBA2,CHAT,29,mt,16,6,4,14,0,0,384,3166.60292571,0.128381024,3149.59389924,0.256762048,12266.5866072,0.815217923323,0.815217923323,2.21470559844
MAMBA2,CHAT,30,mt,16,7,4,13,0,0,384,3694.37008,0.128381024,3149.59389924,0.256762048,12266.5866072,0.815217923323,0.815217923323,1.89831908438
MAMBA2,CHAT,31,mt,32,10,4,10,0,0,384,4781.938541,0.257219696,3145.71502496,0.514439392,6114.84088092,0.815665183893,0.815665183893,1.41732553682
MAMBA2,CHAT,32,mt,16,8,4,12,0,0,512,4222.13723428,0.144024496,3140.78736398,0.288048992,10903.6568473,0.911996607139,0.911996607139,1.55955280571
MAMBA2,CHAT,33,mt,16,9,4,11,0,0,512,4448.71800414,0.144024496,3140.78736398,0.288048992,10903.6568473,0.911996607139,0.911996607139,1.38626916063
MAMBA2,CHAT,34,mt,64,10,4,10,0,0,384,4760.19662549,0.51715048,3134.98910395,1.03430096,3031.02213494,0.817167903178,0.817167903178,1.37947134941
MAMBA2,CHAT,35,mt,16,7,4,13,0,0,640,3694.37008,0.158939696,3120.68043719,0.317879392,9817.18386195,0.898623336992,1.11281329878,1.78471971843
MAMBA2,CHAT,36,mt,32,7,4,13,0,0,640,3859.78963582,0.31874408,3112.2146645,0.63748816,4881.9960272,0.897712484574,1.11394240047,1.70450805858
MAMBA2,CHAT,37,mt,32,8,4,12,0,0,256,4234.74062901,0.233241696,3110.69324132,0.466483392,6668.39011778,0.731394523529,0.731394523529,1.95626294061
MAMBA2,CHAT,38,mt,32,9,4,11,0,0,256,4234.74062901,0.233241696,3110.69324132,0.466483392,6668.39011778,0.731394523529,0.731394523529,2.08668046999
MAMBA2,CHAT,39,mt,64,7,4,13,0,0,640,3948.18176488,0.640947168,3095.41893475,1.281894336,2414.72237439,0.895957402842,1.11612449077,1.65906541469
MAMBA2,CHAT,40,mt,32,10,3,11,0,0,256,4131.97907719,0.320707332,3093.16283421,0.641414664,4822.40741881,0.994364469347,1.00566746985,1.88355960414
MAMBA2,CHAT,41,mt,64,11,3,10,0,0,256,4260.46380702,0.643937932,3081.04228903,1.287875864,2392.34414989,0.98484184648,1.01539145963,2.08808049071
MAMBA2,CHAT,42,mt,16,8,4,12,0,0,640,4055.00668896,0.158939696,2893.94557646,0.317879392,9103.9106318,0.927344415651,0.927344415651,1.42454536172
MAMBA2,CHAT,43,mt,16,9,4,11,0,0,640,4055.00668896,0.158939696,2893.94557646,0.317879392,9103.9106318,0.927344415651,0.927344415651,1.26626254375
MAMBA2,CHAT,44,mt,32,8,4,12,0,0,640,4045.44268606,0.31874408,2889.02322847,0.63748816,4531.88531136,0.928285333727,0.928285333727,1.36045838033
MAMBA2,CHAT,45,mt,32,9,4,11,0,0,640,4045.44268606,0.31874408,2889.02322847,0.63748816,4531.88531136,0.928285333727,0.928285333727,1.20929633807
MAMBA2,CHAT,46,mt,64,12,3,9,0,0,256,4080.56887441,0.643937932,2887.81294803,1.287875864,2242.30690919,0.937284424272,0.937284424272,2.11269029853
MAMBA2,CHAT,47,mt,64,8,4,12,0,0,640,4026.36626987,0.640947168,2879.06073523,1.281894336,2245.94231706,0.93010374231,0.93010374231,1.32407017269
MAMBA2,CHAT,48,mt,64,9,4,11,0,0,640,4026.36626987,0.640947168,2879.06073523,1.281894336,2245.94231706,0.93010374231,0.93010374231,1.17695126461
MAMBA2,CHAT,49,mt,64,5,3,16,0,0,256,2820.12983206,0.643937932,2820.12983206,1.287875864,2189.75284101,0.915316820578,0.915316820578,3.23427184303
MAMBA2,CHAT,50,mt,64,5,4,15,0,0,384,2820.12983206,0.517200016,2820.12983206,1.034400032,2726.34352747,0.735166932592,0.735166932592,2.91642380747
MAMBA2,CHAT,51,mt,64,5,4,15,0,0,512,2820.12983206,0.581326272,2820.12983206,1.162652544,2425.59984633,0.826318327534,0.826318327534,2.60043021631
MAMBA2,CHAT,52,mt,64,5,4,15,0,0,640,2820.12983206,0.641616016,2820.12983206,1.283232032,2197.67724132,0.912016364641,0.912016364641,2.32056147579
MAMBA2,CHAT,53,mt,32,10,4,10,0,0,512,4265.26696198,0.288808848,2812.68831827,0.577617696,4869.46355306,0.818880315507,0.818880315507,1.1330255547
MAMBA2,CHAT,54,mt,16,8,3,13,0,0,384,3886.16942779,0.176523908,2809.81769336,0.353047816,7958.7454334,0.892120629915,1.12092464457,1.41146799877
MAMBA2,CHAT,55,mt,32,11,3,10,0,0,384,3879.91137672,0.353677082,2804.81843604,0.707354164,3965.22502983,0.891631445885,1.12153962785,1.29708064768
MAMBA2,CHAT,56,mt,64,10,4,10,0,0,512,4245.85171193,0.580657424,2803.03723099,1.161314848,2413.67552978,0.820365109841,0.820365109841,1.10276021498
MAMBA2,CHAT,57,mt,64,11,3,10,0,0,384,3861.76124135,0.71108191,2790.11457344,1.42216382,1961.87987221,0.889991792929,1.12360586687,1.26262251512
MAMBA2,CHAT,58,mt,32,5,3,16,0,0,256,2756.99259701,0.320707332,2756.99259701,0.641414664,4298.29991697,0.891318286423,0.891318286423,2.8143719735
MAMBA2,CHAT,59,mt,32,5,3,16,0,0,384,2756.99259701,0.353711138,2756.99259701,0.707422276,3897.23746417,0.983043335632,0.983043335632,3.01383668838
MAMBA2,CHAT,60,mt,32,5,4,15,0,0,512,2756.99259701,0.289143264,2756.99259701,0.578286528,4767.52001564,0.803594595085,0.803594595085,2.67138089115
MAMBA2,CHAT,61,mt,32,5,4,15,0,0,640,2756.99259701,0.319078496,2756.99259701,0.638156992,4320.24193353,0.886791382397,0.886791382397,2.3841127069
MAMBA2,CHAT,62,mt,32,12,3,9,0,0,384,3716.21277504,0.353677082,2752.50064684,0.707354164,3891.26237877,0.981347174372,0.981347174372,1.31231628327
MAMBA2,CHAT,63,mt,32,13,3,8,0,0,384,3716.21277504,0.353677082,2752.50064684,0.707354164,3891.26237877,0.981347174372,0.981347174372,1.43161776357
MAMBA2,CHAT,64,mt,64,12,3,9,0,0,384,3699.02703228,0.71108191,2743.11546596,1.42216382,1928.83226769,0.983155133511,0.983155133511,1.27737498676
MAMBA2,CHAT,65,mt,64,13,3,8,0,0,384,3699.02703228,0.71108191,2743.11546596,1.42216382,1928.83226769,0.983155133511,0.983155133511,1.39349998556
MAMBA2,CHAT,66,mt,16,10,4,10,0,0,512,4200.79512752,0.144024496,2692.10345484,0.288048992,9345.99158342,0.781711377548,0.781711377548,1.16262674
MAMBA2,CHAT,67,mt,32,11,3,10,0,0,256,3915.282151,0.320707332,2666.30849256,0.641414664,4156.91851498,0.862000688445,0.862000688445,1.88315018673
MAMBA2,CHAT,68,mt,64,13,3,8,0,0,256,4080.56887441,0.643937932,2647.16186903,1.287875864,2055.44800009,0.859177388916,0.859177388916,2.30475305294
MAMBA2,CHAT,69,mt,16,5,3,16,0,0,384,2638.83577143,0.17654956,2638.83577143,0.35309912,7473.35697531,0.939284867656,0.939284867656,2.5371101979
MAMBA2,CHAT,70,mt,16,5,4,15,0,0,512,2638.83577143,0.144264352,2638.83577143,0.288528704,9145.83448663,0.767520025402,0.767520025402,2.47973078722
MAMBA2,CHAT,71,mt,16,5,4,15,0,0,640,2638.83577143,0.159123856,2638.83577143,0.318247712,8291.76667082,0.84657605504,0.84657605504,2.35660193099
MAMBA2,CHAT,72,mt,16,9,3,12,0,0,384,3660.3507413,0.176523908,2624.6615827,0.353047816,7434.29491346,0.934103870474,0.934103870474,1.14412392998
MAMBA2,CHAT,73,mt,16,10,3,11,0,0,384,3660.3507413,0.176523908,2624.6615827,0.353047816,7434.29491346,0.934103870474,0.934103870474,1.14923162609
MAMBA2,CHAT,74,mt,16,11,3,10,0,0,512,3418.86285065,0.198033682,2504.6244406,0.396067364,6323.73345612,0.930359654677,1.07485314413,0.895148181999
MAMBA2,CHAT,75,mt,32,11,3,10,0,0,512,3459.72541492,0.397112166,2498.03477439,0.794224332,3145.25087401,0.888130674899,1.12596043382,0.875579080166
MAMBA2,CHAT,76,mt,64,11,3,10,0,0,512,3443.53039637,0.798403958,2484.95762091,1.596807916,1556.2032202,0.886523230387,1.12800202603,0.852313250358
MAMBA2,CHAT,77,mt,16,10,4,10,0,0,640,3831.32084709,0.158939696,2480.52477982,0.317879392,7803.35197012,0.794866641987,0.794866641987,1.06130235115
MAMBA2,CHAT,78,mt,32,10,4,10,0,0,640,3822.42332861,0.31874408,2476.3056244,0.63748816,3884.47312402,0.795673143194,0.795673143194,1.01351746373
MAMBA2,CHAT,79,mt,64,10,4,10,0,0,640,3804.66526367,0.640947168,2467.76634448,1.281894336,1925.09341463,0.797231779123,0.797231779123,0.986334958055
MAMBA2,CHAT,80,mt,32,12,3,9,0,0,512,3314.13519184,0.397112166,2461.10227849,0.794224332,3098.74953376,0.985215379595,0.985215379595,0.87829529964
MAMBA2,CHAT,81,mt,32,13,3,8,0,0,512,3314.13519184,0.397112166,2461.10227849,0.794224332,3098.74953376,0.985215379595,0.985215379595,0.95814032688
MAMBA2,CHAT,82,mt,64,12,3,9,0,0,512,3298.79576746,0.798403958,2452.65757712,1.596807916,1535.97533713,0.987001772777,0.987001772777,0.854905647785
MAMBA2,CHAT,83,mt,64,13,3,8,0,0,512,3298.79576746,0.798403958,2452.65757712,1.596807916,1535.97533713,0.987001772777,0.987001772777,0.932624343038
MAMBA2,CHAT,84,mt,64,14,3,7,0,0,256,3762.80551563,0.643937932,2406.51079002,1.287875864,1868.58909099,0.78107035356,0.78107035356,2.28424156668
MAMBA2,CHAT,85,mt,16,5,3,16,0,0,256,2638.83577143,0.160353666,2370.30294842,0.320707332,7390.85986478,0.76630396635,0.76630396635,2.07040765545
MAMBA2,CHAT,86,mt,16,12,3,9,0,0,512,3270.52585156,0.198033682,2355.59052299,0.396067364,5947.44918945,0.940496501112,0.940496501112,0.899317745874
MAMBA2,CHAT,87,mt,16,13,3,8,0,0,512,3270.52585156,0.198033682,2355.59052299,0.396067364,5947.44918945,0.940496501112,0.940496501112,0.98107390459
MAMBA2,CHAT,88,mt,32,12,3,9,0,0,256,3720.18147975,0.320707332,2333.01993099,0.641414664,3637.3037006,0.75425060239,0.75425060239,1.92202424206
MAMBA2,CHAT,89,mt,32,13,3,8,0,0,256,3720.18147975,0.320707332,2333.01993099,0.641414664,3637.3037006,0.75425060239,0.75425060239,2.09675371861
MAMBA2,CHAT,90,mt,16,11,3,10,0,0,640,3114.39506489,0.218542082,2269.5857725,0.437084164,5192.56005921,0.914961943119,1.09294163273,0.818217330357
MAMBA2,CHAT,91,mt,32,11,3,10,0,0,640,3106.9348339,0.43827311,2263.42884691,0.87654622,2582.21277472,0.914034529748,1.09405057189,0.781440168546
MAMBA2,CHAT,92,mt,64,4,3,17,0,0,256,2256.10386565,0.643937932,2256.10386565,1.287875864,1751.80227281,0.732253456463,0.732253456463,4.04283980379
MAMBA2,CHAT,93,mt,64,4,3,17,0,0,384,2256.10386565,0.712785018,2256.10386565,1.425570036,1582.59770385,0.810542860123,0.810542860123,3.66086844435
MAMBA2,CHAT,94,mt,64,4,3,17,0,0,512,2256.10386565,0.80095862,2256.10386565,1.60191724,1408.37729273,0.910809394559,0.910809394559,3.26665298092
MAMBA2,CHAT,95,mt,64,4,4,16,0,0,640,2256.10386565,0.642805104,2256.10386565,1.285610208,1754.88950819,0.730965262093,0.730965262093,3.27796046467
MAMBA2,CHAT,96,mt,64,11,3,10,0,0,640,3092.0637642,0.881302356,2251.21377073,1.762604712,1277.2085286,0.912247537439,1.09619369629,0.760600074888
MAMBA2,CHAT,97,mt,16,11,3,10,0,0,384,3459.3346942,0.176523908,2249.70992803,0.353047816,6372.25278297,0.800660460406,0.800660460406,1.15224355231
MAMBA2,CHAT,98,mt,32,4,3,17,0,0,256,2205.59407761,0.320707332,2205.59407761,0.641414664,3438.63993357,0.713054629138,0.713054629138,3.51796496688
MAMBA2,CHAT,99,mt,32,4,3,17,0,0,384,2205.59407761,0.354528636,2205.59407761,0.709057272,3110.6007437,0.78825227813,0.78825227813,3.75905167177
MAMBA2,CHAT,100,mt,32,4,3,17,0,0,512,2205.59407761,0.398389486,2205.59407761,0.796778972,2768.13790915,0.885771664217,0.885771664217,3.35497449317
MAMBA2,CHAT,101,mt,32,4,3,17,0,0,640,2205.59407761,0.43955043,2205.59407761,0.87910086,2508.92039579,0.977288130261,0.977288130261,2.98363161933
MAMBA2,CHAT,102,mt,32,14,3,7,0,0,384,3427.03083213,0.353677082,2202.00051747,0.707354164,3113.00990301,0.785077739497,0.785077739497,1.41878411704
MAMBA2,CHAT,103,mt,64,14,3,7,0,0,384,3411.50602799,0.71108191,2194.49237277,1.42216382,1543.06581415,0.786524106808,0.786524106808,1.38086698437
MAMBA2,CHAT,104,mt,16,12,3,9,0,0,640,2980.736826,0.218542082,2170.45918234,0.437084164,4965.76943553,0.95632392864,0.95632392864,0.701073841433
MAMBA2,CHAT,105,mt,16,13,3,8,0,0,640,2980.736826,0.218542082,2170.45918234,0.437084164,4965.76943553,0.95632392864,0.95632392864,0.71700733783
MAMBA2,CHAT,106,mt,32,12,3,9,0,0,640,2973.68554188,0.43827311,2166.76742135,0.87654622,2471.93744256,0.957294250406,0.957294250406,0.669539379169
MAMBA2,CHAT,107,mt,32,13,3,8,0,0,640,2973.68554188,0.43827311,2166.76742135,0.87654622,2471.93744256,0.957294250406,0.957294250406,0.684756183241
MAMBA2,CHAT,108,mt,64,15,3,6,0,0,256,3621.78703883,0.643937932,2165.85971102,1.287875864,1681.73018189,0.702963318204,0.702963318204,2.43663738052
MAMBA2,CHAT,109,mt,64,12,3,9,0,0,640,2959.62268224,0.881302356,2159.29555142,1.762604712,1225.05944567,0.959169484257,0.959169484257,0.651640997755
MAMBA2,CHAT,110,mt,64,13,3,8,0,0,640,2959.62268224,0.881302356,2159.29555142,1.762604712,1225.05944567,0.959169484257,0.959169484257,0.666451020431
MAMBA2,CHAT,111,mt,16,6,2,16,0,0,256,2936.04333922,0.233241696,2126.54944852,0.466483392,4558.68201309,0.897163567187,1.11462395105,1.42008723621
MAMBA2,CHAT,112,mt,32,14,2,8,0,0,256,2921.58528705,0.466483392,2126.54944852,0.932966784,2279.34100655,0.911500763568,1.09709178529,1.89556470782
MAMBA2,CHAT,113,mt,16,4,2,18,0,0,256,2111.06861714,0.233241696,2111.06861714,0.466483392,4525.49576972,0.992720210956,0.992720210956,2.13013085431
MAMBA2,CHAT,114,mt,16,4,3,17,0,0,384,2111.06861714,0.17716523,2111.06861714,0.35433046,5957.90894506,0.754048300608,0.754048300608,2.72769797619
MAMBA2,CHAT,115,mt,16,4,3,17,0,0,512,2111.06861714,0.198979154,2111.06861714,0.397958308,5304.74819775,0.846892434425,0.846892434425,2.58127457322
MAMBA2,CHAT,116,mt,16,4,3,17,0,0,640,2111.06861714,0.219410972,2111.06861714,0.438821944,4810.76355913,0.933854067027,0.933854067027,2.46999446611
MAMBA2,CHAT,117,mt,32,15,3,6,0,0,384,3298.68509125,0.353677082,2001.81865225,0.707354164,2830.00900274,0.713707035907,0.713707035907,1.51339834302
MAMBA2,CHAT,118,mt,64,15,3,6,0,0,384,3283.87997132,0.71108191,1994.99306615,1.42216382,1402.78710378,0.71502191528,0.71502191528,1.47288937667
MAMBA2,CHAT,119,mt,32,14,3,7,0,0,512,3056.86097609,0.397112166,1968.88182279,0.794224332,2478.99962701,0.788172303676,0.788172303676,0.949343841726
MAMBA2,CHAT,120,mt,16,12,3,9,0,0,384,3279.24773951,0.176523908,1968.49618702,0.353047816,5575.7211851,0.700577902856,0.700577902856,1.17888406176
MAMBA2,CHAT,121,mt,16,13,3,8,0,0,384,3279.24773951,0.176523908,1968.49618702,0.353047816,5575.7211851,0.700577902856,0.700577902856,1.2860553401
MAMBA2,CHAT,122,mt,64,14,3,7,0,0,512,3042.99612883,0.798403958,1962.12606169,1.596807916,1228.78026971,0.789601418222,0.789601418222,0.923969196615
MAMBA2,CHAT,123,mt,8,5,3,16,0,0,384,2430.50663158,0.08827478,1961.69207712,0.17654956,11111.2827306,0.69825780861,0.69825780861,1.96300699301
MAMBA2,CHAT,124,mt,8,5,3,16,0,0,512,2430.50663158,0.099181742,1960.73048975,0.198363484,9884.53343435,0.784147845024,0.784147845024,1.83549826507
MAMBA2,CHAT,125,mt,8,5,3,16,0,0,640,2430.50663158,0.10939764,1959.4933534,0.21879528,8955.8300956,0.864370759909,0.864370759909,1.7389183894
MAMBA2,CHAT,126,mt,8,6,2,16,0,0,384,2600.07554478,0.128381024,1931.74966419,0.256762048,7523.50154251,0.971836211557,1.02897997431,1.34384923877
MAMBA2,CHAT,127,mt,16,14,2,8,0,0,384,2591.79348723,0.256762048,1931.74966419,0.513524096,3761.75077126,0.981332692906,1.01902240415,1.15470129072
MAMBA2,CHAT,128,mt,32,16,2,6,0,0,384,2602.94324344,0.514439392,1928.31267478,1.028878784,1874.188393,0.963280401358,1.03811932496,1.39210343844
MAMBA2,CHAT,129,mt,64,16,2,6,0,0,256,2858.19078497,0.936636992,1925.20863202,1.873273984,1027.72400005,0.908881865961,0.908881865961,2.24110205292
MAMBA2,CHAT,130,mt,64,16,2,6,0,0,384,2590.84645746,1.03430096,1918.20376924,2.06860192,927.294783348,0.961508990575,1.04003187677,1.3550728201
MAMBA2,CHAT,131,mt,8,6,3,15,0,0,512,2916.60795789,0.099008602,1905.53319201,0.198017204,9623.06887237,0.760742650827,0.760742650827,1.51215594231
MAMBA2,CHAT,132,mt,8,7,3,14,0,0,512,3022.87416192,0.099008602,1905.53319201,0.198017204,9623.06887237,0.760742650827,0.760742650827,1.29613366484
MAMBA2,CHAT,133,mt,8,8,3,13,0,0,512,3022.87416192,0.099008602,1905.53319201,0.198017204,9623.06887237,0.760742650827,0.760742650827,1.13411695673
MAMBA2,CHAT,134,mt,8,6,3,15,0,0,640,2844.88396372,0.1092245,1904.07281174,0.218449,8716.32651898,0.838594358171,0.838594358171,1.43132903845
MAMBA2,CHAT,135,mt,8,7,3,14,0,0,640,2844.88396372,0.1092245,1904.07281174,0.218449,8716.32651898,0.838594358171,0.838594358171,1.22685346153
MAMBA2,CHAT,136,mt,8,8,3,13,0,0,640,2844.88396372,0.1092245,1904.07281174,0.218449,8716.32651898,0.838594358171,0.838594358171,1.07349677884
MAMBA2,CHAT,137,mt,16,7,2,15,0,0,256,2725.07509106,0.233241696,1896.24235874,0.466483392,4064.97292563,0.891699160844,0.891699160844,1.11654569417
MAMBA2,CHAT,138,mt,16,8,2,14,0,0,256,2725.07509106,0.233241696,1896.24235874,0.466483392,4064.97292563,0.891699160844,0.891699160844,1.11654569417
MAMBA2,CHAT,139,mt,16,9,2,13,0,0,256,2725.07509106,0.233241696,1896.24235874,0.466483392,4064.97292563,0.891699160844,0.891699160844,1.19098207378
MAMBA2,CHAT,140,mt,16,14,3,7,0,0,512,3009.38458989,0.198033682,1884.47241839,0.396067364,4757.95935156,0.75239720089,0.75239720089,0.974572373417
MAMBA2,CHAT,141,mt,32,15,2,7,0,0,256,2709.51868061,0.466483392,1866.41594479,0.932966784,2000.51703533,0.877673428235,0.877673428235,1.88581343847
MAMBA2,CHAT,142,mt,32,15,3,6,0,0,512,2942.64321176,0.397112166,1789.89256617,0.794224332,2253.63602456,0.716520276069,0.716520276069,1.01255961491
MAMBA2,CHAT,143,mt,64,15,3,6,0,0,512,2929.41771337,0.798403958,1783.75096518,1.596807916,1117.07297246,0.717819471111,0.717819471111,0.985453620188
MAMBA2,CHAT,144,mt,16,14,3,7,0,0,640,2745.11647239,0.218542082,1736.36734588,0.437084164,3972.61554842,0.765059142912,0.765059142912,0.711598101167
MAMBA2,CHAT,145,mt,32,14,3,7,0,0,640,2738.76672534,0.43827311,1733.41393708,0.87654622,1977.54995405,0.765835400325,0.765835400325,0.679552080418
MAMBA2,CHAT,146,mt,64,14,3,7,0,0,640,2726.09158664,0.881302356,1727.43644114,1.762604712,980.047556537,0.767335587406,0.767335587406,0.661314335819
MAMBA2,CHAT,147,mt,8,9,2,13,0,0,512,2372.22777087,0.144012512,1722.07259325,0.288025024,5978.89922664,0.903722171029,1.10653476484,0.829183727039
MAMBA2,CHAT,148,mt,16,15,2,7,0,0,512,2363.87008349,0.288048992,1721.92930292,0.576097984,2988.95214137,0.913746089415,1.09439592857,0.889755176405
MAMBA2,CHAT,149,mt,32,16,2,6,0,0,512,2321.20274805,0.577617696,1717.39890739,1.155235392,1486.62248342,0.959498318417,1.04221131065,0.931746062729
MAMBA2,CHAT,150,mt,16,16,2,6,0,0,512,2291.99353471,0.288048992,1713.15674399,0.576097984,2973.72459472,0.994905389606,0.994905389606,0.953425063623
MAMBA2,CHAT,151,mt,64,16,2,6,0,0,512,2310.40703775,1.161314848,1708.40836438,2.322629696,735.549178296,0.957761704257,1.04410104889,0.906956075169
MAMBA2,CHAT,152,mt,32,16,2,6,0,0,256,2614.62587715,0.466483392,1696.74176799,0.932966784,1818.6518503,0.797884934759,0.797884934759,2.03138893046
MAMBA2,CHAT,153,mt,64,3,2,19,0,0,256,1692.07789924,0.938868832,1692.07789924,1.877737664,901.125823738,0.800725403683,0.800725403683,4.8117970123
MAMBA2,CHAT,154,mt,64,3,2,19,0,0,384,1692.07789924,1.040797056,1692.07789924,2.081594112,812.876001849,0.887656096798,0.887656096798,4.35049819847
MAMBA2,CHAT,155,mt,64,3,2,19,0,0,512,1692.07789924,1.168994336,1692.07789924,2.337988672,723.732291563,0.996990665462,0.996990665462,3.88631519052
MAMBA2,CHAT,156,mt,64,3,3,18,0,0,640,1692.07789924,0.886582004,1692.07789924,1.773164008,954.27038424,0.756131963119,0.756131963119,3.86300873702
MAMBA2,CHAT,157,mt,32,3,2,19,0,0,256,1654.19555821,0.467975488,1654.19555821,0.935950976,1767.39551603,0.780365900806,0.780365900806,3.80136880827
MAMBA2,CHAT,158,mt,32,3,2,19,0,0,384,1654.19555821,0.518402336,1654.19555821,1.036804672,1595.47463749,0.864454477395,0.864454477395,3.6754577075
MAMBA2,CHAT,159,mt,32,3,2,19,0,0,512,1654.19555821,0.581833408,1654.19555821,1.163666816,1421.53710621,0.970228063639,0.970228063639,3.54779219808
MAMBA2,CHAT,160,mt,32,3,3,18,0,0,640,1654.19555821,0.440912934,1654.19555821,0.881825868,1875.87551946,0.735238121955,0.735238121955,3.87425295454
MAMBA2,CHAT,161,mt,8,7,2,15,0,0,384,2403.57410694,0.128381024,1590.18537586,0.256762048,6193.22593914,0.823183979447,0.823183979447,1.03503847842
MAMBA2,CHAT,162,mt,8,8,2,14,0,0,384,2403.57410694,0.128381024,1590.18537586,0.256762048,6193.22593914,0.823183979447,0.823183979447,0.905658668621
MAMBA2,CHAT,163,mt,8,9,2,13,0,0,384,2403.57410694,0.128381024,1590.18537586,0.256762048,6193.22593914,0.823183979447,0.823183979447,0.805029927664
MAMBA2,CHAT,164,mt,8,10,2,12,0,0,512,2233.21930648,0.144012512,1587.94432667,0.288025024,5513.21654146,0.922112304033,0.922112304033,0.680931472664
MAMBA2,CHAT,165,mt,8,11,2,11,0,0,512,2233.21930648,0.144012512,1587.94432667,0.288025024,5513.21654146,0.922112304033,0.922112304033,0.619028611513
MAMBA2,CHAT,166,mt,8,9,3,12,0,0,640,2647.12954132,0.1092245,1586.72734312,0.218449,7263.60543248,0.698828631809,0.698828631809,0.881681791762
MAMBA2,CHAT,167,mt,8,10,3,11,0,0,640,2647.12954132,0.1092245,1586.72734312,0.218449,7263.60543248,0.698828631809,0.698828631809,0.793513612586
MAMBA2,CHAT,168,mt,16,3,2,19,0,0,256,1583.30146286,0.233987776,1583.30146286,0.467975552,3383.29952513,0.746921750063,0.746921750063,2.67587265449
MAMBA2,CHAT,169,mt,16,3,2,19,0,0,384,1583.30146286,0.259201184,1583.30146286,0.518402368,3054.19411752,0.827406479438,0.827406479438,2.5453005609
MAMBA2,CHAT,170,mt,16,3,2,19,0,0,512,1583.30146286,0.290916704,1583.30146286,0.581833408,2721.22817474,0.928646860912,0.928646860912,2.41312179387
MAMBA2,CHAT,171,mt,16,3,3,18,0,0,640,1583.30146286,0.220437052,1583.30146286,0.440874104,3591.27798274,0.703665941329,0.703665941329,2.75661828007
MAMBA2,CHAT,172,mt,16,10,2,12,0,0,256,2542.3924723,0.233241696,1580.20196561,0.466483392,3387.47743802,0.743082634037,0.743082634037,1.17580242893
MAMBA2,CHAT,173,mt,16,11,2,11,0,0,256,2542.3924723,0.233241696,1580.20196561,0.466483392,3387.47743802,0.743082634037,0.743082634037,1.26624876962
MAMBA2,CHAT,174,mt,16,15,3,6,0,0,640,2640.74411441,0.218542082,1578.51576898,0.437084164,3611.46868038,0.695508311738,0.695508311738,0.759509013238
MAMBA2,CHAT,175,mt,32,15,3,6,0,0,640,2634.69722224,0.43827311,1575.83085189,0.87654622,1797.7726855,0.696214000295,0.696214000295,0.725288282829
MAMBA2,CHAT,176,mt,16,15,2,7,0,0,384,2394.73158279,0.256762048,1574.79694962,0.513524096,3066.6466518,0.815217923323,0.815217923323,1.15349249919
MAMBA2,CHAT,177,mt,64,15,3,6,0,0,640,2622.62168828,0.881302356,1570.39676467,1.762604712,890.952324124,0.697577806732,0.697577806732,0.705790964382
MAMBA2,CHAT,178,mt,8,11,2,11,0,0,640,2092.64800776,0.158872,1561.00508586,0.317744,4912.77596384,0.983789113248,1.0164780099,0.588678693211
MAMBA2,CHAT,179,mt,16,16,2,6,0,0,640,2088.4693996,0.317879392,1560.34021859,0.635758784,2454.29596549,0.988485670691,1.01164845344,0.696963960445
MAMBA2,CHAT,180,mt,32,16,2,6,0,0,640,2083.50233348,0.63748816,1556.10733225,1.27497632,1220.4990068,0.987483733031,1.01267490952,0.665623851062
MAMBA2,CHAT,181,mt,64,16,2,6,0,0,640,2073.59828236,1.281894336,1547.70946737,2.563788672,603.680593598,0.985553143126,1.01465862797,0.64784796415
MAMBA2,CHAT,182,mt,8,4,2,18,0,0,384,1944.40530526,0.128847424,1492.31903393,0.257694848,5791.03170092,0.775328481082,0.775328481082,1.75738883761
MAMBA2,CHAT,183,mt,8,4,2,18,0,0,512,1944.40530526,0.144712096,1491.76248754,0.289424192,5154.24255739,0.870468049624,0.870468049624,1.64858120323
MAMBA2,CHAT,184,mt,8,4,2,18,0,0,640,1944.40530526,0.159571584,1491.04626717,0.319143168,4672.02941084,0.959389575278,0.959389575278,1.56613833626
MAMBA2,CHAT,185,mt,16,16,2,6,0,0,384,2307.02647938,0.256762048,1431.63359056,0.513524096,2787.86059255,0.741107203021,0.741107203021,1.24469813365
MAMBA2,CHAT,186,mt,8,12,2,10,0,0,512,2109.60035654,0.144012512,1361.09513715,0.288025024,4725.6141784,0.790381974885,0.790381974885,0.619398842117
MAMBA2,CHAT,187,mt,8,12,2,10,0,0,640,1983.6430712,0.158872,1360.05200839,0.317744,4280.33891557,0.871266865632,0.871266865632,0.500762724442
MAMBA2,CHAT,188,mt,16,12,2,10,0,0,256,2382.66426896,0.233241696,1354.45882767,0.466483392,2903.55208974,0.636927972031,0.636927972031,1.28822800628
MAMBA2,CHAT,189,mt,8,10,2,12,0,0,384,2234.68701001,0.128381024,1325.15447988,0.256762048,5161.02161595,0.685986649539,0.685986649539,0.747773656235
MAMBA2,CHAT,190,mt,8,11,2,11,0,0,384,2234.68701001,0.128381024,1325.15447988,0.256762048,5161.02161595,0.685986649539,0.685986649539,0.805294706714
MAMBA2,CHAT,191,mt,4,6,2,16,0,0,512,2003.63964373,0.07200624,1197.63921358,0.14401248,8316.2182443,0.695463682634,0.695463682634,1.15912711825
MAMBA2,CHAT,192,mt,4,6,2,16,0,0,640,1889.8935807,0.079435968,1197.18040072,0.158871936,7535.50583484,0.766928903241,0.766928903241,1.09500119055
MAMBA2,CHAT,193,bstar,2,5,8,11,0,0,384,1213.89803609,0.00802496,329.348219873,0.01604992,20520.2405914,0.0426291337186,0.0426291337186,4.88411958883
MAMBA2,CHAT,194,bstar,4,5,8,11,0,0,384,2099.07390909,0.016049952,657.091528907,0.032099904,20470.2023068,0.0850507056336,0.0850507056336,3.99365229393
MAMBA2,CHAT,195,bstar,8,5,8,11,0,0,384,2430.50663158,0.03209992,1307.79471808,0.06419984,20370.685006,0.169274620269,0.169274620269,3.71678503282
MAMBA2,CHAT,196,bstar,16,5,8,11,0,0,384,2638.83577143,0.06419984,2590.40513936,0.12839968,20174.5451341,0.335289507021,0.335289507021,3.90940626295
MAMBA2,CHAT,197,bstar,2,6,10,8,0,0,512,1115.90013252,0.007875679,300.255577548,0.015751358,19062.202608,0.0381405894633,0.0381405894633,4.12939310518
MAMBA2,CHAT,198,bstar,4,6,8,10,0,0,512,2283.68410107,0.01800156,684.365264904,0.03600312,19008.4988441,0.099351954662,0.099351954662,3.00634847258
MAMBA2,CHAT,199,bstar,8,6,10,8,0,0,512,2916.60795789,0.031502737,1190.958245,0.063005474,18902.4567136,0.15128404988,0.15128404988,3.10747629805
MAMBA2,CHAT,200,bstar,16,6,8,10,0,0,512,3166.60292571,0.072012248,2692.10345484,0.144024496,18691.9831668,0.390855688774,0.390855688774,3.02526742103
MAMBA2,CHAT,201,bstar,2,5,8,11,0,0,512,1202.09384584,0.009016512,329.307873883,0.018033024,18261.3783403,0.047890458009,0.047890458009,4.36894553062
MAMBA2,CHAT,202,bstar,4,5,8,11,0,0,512,2099.07390909,0.01803304,656.925771329,0.03606608,18214.5043578,0.0955352315437,0.0955352315437,3.5888173624
MAMBA2,CHAT,203,bstar,8,5,8,11,0,0,512,2430.50663158,0.036066088,1307.15365983,0.072132176,18121.6446296,0.190096447279,0.190096447279,3.36696026534
MAMBA2,CHAT,204,bstar,16,5,8,11,0,0,512,2638.83577143,0.072132176,2587.89125681,0.144264352,17938.5358956,0.376351265333,0.376351265333,3.58648952413
MAMBA2,CHAT,205,bstar,2,6,8,10,0,0,384,1065.35471784,0.008023792,286.05870039,0.016047584,17825.6552756,0.0370205727696,0.0370205727696,4.04879486635
MAMBA2,CHAT,206,bstar,4,6,8,10,0,0,384,1989.02985871,0.016047624,570.711757461,0.032095248,17781.8148488,0.0738594169042,0.0738594169042,3.29419571821
MAMBA2,CHAT,207,bstar,8,6,8,10,0,0,384,2916.60795789,0.032095256,1135.84669704,0.064190512,17694.9312547,0.146997139187,0.146997139187,3.03875100176
MAMBA2,CHAT,208,bstar,16,6,8,10,0,0,384,3166.60292571,0.064190512,2249.70992803,0.128381024,17523.6951532,0.29114925833,0.29114925833,3.1506029707
MAMBA2,CHAT,209,bstar,2,6,8,10,0,0,640,1236.45155713,0.009929488,343.081655492,0.019858976,17275.8985908,0.0549455674392,0.0549455674392,3.32829076432
MAMBA2,CHAT,210,bstar,4,6,8,10,0,0,640,2244.57529594,0.019858992,684.103086126,0.039717984,17224.0133368,0.109561271892,0.109561271892,2.75046927238
MAMBA2,CHAT,211,bstar,8,6,8,10,0,0,640,2916.60795789,0.039718,1360.05200839,0.079436,17121.3556623,0.217816716408,0.217816716408,2.60716299948
MAMBA2,CHAT,212,bstar,2,7,8,9,0,0,512,1104.71493045,0.009000776,300.255577548,0.018001552,16679.427282,0.0435892451009,0.0435892451009,3.11329959335
MAMBA2,CHAT,213,bstar,2,8,8,8,0,0,512,1104.71493045,0.009000776,300.255577548,0.018001552,16679.427282,0.0435892451009,0.0435892451009,2.72413714418
MAMBA2,CHAT,214,bstar,4,7,8,9,0,0,512,2040.50427311,0.01800156,598.819606791,0.03600312,16632.4364886,0.0869329603292,0.0869329603292,2.54776011934
MAMBA2,CHAT,215,bstar,4,8,8,8,0,0,512,2040.50427311,0.01800156,598.819606791,0.03600312,16632.4364886,0.0869329603292,0.0869329603292,2.22929010442
MAMBA2,CHAT,216,bstar,2,5,8,11,0,0,640,1191.19314786,0.009945224,329.254528238,0.019890448,16553.3993119,0.0528146780054,0.0528146780054,3.97957479238
MAMBA2,CHAT,217,bstar,8,7,8,9,0,0,512,3402.70928421,0.036003128,1190.958245,0.072006256,16539.6496244,0.172896057006,0.172896057006,2.37435759073
MAMBA2,CHAT,218,bstar,8,8,8,8,0,0,512,3539.79855463,0.036003128,1190.958245,0.072006256,16539.6496244,0.172896057006,0.172896057006,2.07756289189
MAMBA2,CHAT,219,bstar,4,5,8,11,0,0,640,2099.07390909,0.019890472,656.718691921,0.039780944,16508.3737561,0.1053422964,0.1053422964,3.28280929506
MAMBA2,CHAT,220,bstar,8,5,8,11,0,0,640,2430.50663158,0.03978096,1306.32890227,0.07956192,16419.0218419,0.209544426645,0.209544426645,3.10242603116
MAMBA2,CHAT,221,bstar,16,7,8,9,0,0,512,3694.37008,0.072012248,2355.59052299,0.144024496,16355.485271,0.341998727677,0.341998727677,2.50199832028
MAMBA2,CHAT,222,bstar,16,8,8,8,0,0,512,4222.13723428,0.072012248,2355.59052299,0.144024496,16355.485271,0.341998727677,0.341998727677,2.18924853025
MAMBA2,CHAT,223,bstar,16,5,11,8,0,0,640,2638.83577143,0.059671446,1938.51044857,0.119342892,16243.1998763,0.233213148291,0.233213148291,3.88455163108
MAMBA2,CHAT,224,bstar,16,6,8,10,0,0,640,3166.60292571,0.079469848,2480.52477982,0.158939696,15606.7039402,0.397433320993,0.397433320993,2.75433512152
MAMBA2,CHAT,225,bstar,2,7,8,9,0,0,384,940.287953783,0.008023792,250.301362841,0.016047584,15597.4483661,0.0323930011734,0.0323930011734,3.45490940348
MAMBA2,CHAT,226,bstar,2,8,8,8,0,0,384,940.287953783,0.008023792,250.301362841,0.016047584,15597.4483661,0.0323930011734,0.0323930011734,3.02304572805
MAMBA2,CHAT,227,bstar,4,7,8,9,0,0,384,1768.8590762,0.016047624,499.372787779,0.032095248,15559.0879927,0.0646269897911,0.0646269897911,2.79932066876
MAMBA2,CHAT,228,bstar,4,8,8,8,0,0,384,1768.8590762,0.016047624,499.372787779,0.032095248,15559.0879927,0.0646269897911,0.0646269897911,2.44940558516
MAMBA2,CHAT,229,bstar,2,4,8,12,0,0,384,940.305551379,0.008052944,250.365282948,0.016105888,15544.9536808,0.0325189935988,0.0325189935988,6.02493953685
MAMBA2,CHAT,230,bstar,4,4,11,9,0,0,384,1396.90670781,0.01207944,374.722705198,0.02415888,15510.764787,0.0365035518877,0.0365035518877,6.33618663912
MAMBA2,CHAT,231,bstar,8,7,8,9,0,0,384,3162.04356347,0.032095256,993.865859913,0.064190512,15483.0648478,0.128622496789,0.128622496789,2.5629178952
MAMBA2,CHAT,232,bstar,8,8,8,8,0,0,384,3162.04356347,0.032095256,993.865859913,0.064190512,15483.0648478,0.128622496789,0.128622496789,2.2425531583
MAMBA2,CHAT,233,bstar,8,4,8,12,0,0,384,1944.40530526,0.032211856,994.879355955,0.064423712,15442.7512025,0.129221413514,0.129221413514,4.47124265384
MAMBA2,CHAT,234,bstar,16,7,8,9,0,0,384,3694.37008,0.064190512,1968.49618702,0.128381024,15333.233259,0.254755601038,0.254755601038,2.62439729476
MAMBA2,CHAT,235,bstar,16,8,8,8,0,0,384,4222.13723428,0.064190512,1968.49618702,0.128381024,15333.233259,0.254755601038,0.254755601038,2.29634763291
MAMBA2,CHAT,236,bstar,16,4,8,12,0,0,384,2111.06861714,0.06442372,1972.47412361,0.12884744,15308.6015803,0.256197823884,0.256197823884,4.58132988682
MAMBA2,CHAT,237,bstar,2,7,8,9,0,0,640,1095.45281072,0.009929488,300.196448556,0.019858976,15116.4112669,0.0480773715093,0.0480773715093,2.83424743978
MAMBA2,CHAT,238,bstar,2,8,8,8,0,0,640,1095.45281072,0.009929488,300.196448556,0.019858976,15116.4112669,0.0480773715093,0.0480773715093,2.4799665098
MAMBA2,CHAT,239,bstar,4,7,8,9,0,0,640,2009.14328704,0.019858992,598.59020036,0.039717984,15071.0116697,0.0958661129051,0.0958661129051,2.32844624258
MAMBA2,CHAT,240,bstar,4,8,8,8,0,0,640,2009.14328704,0.019858992,598.59020036,0.039717984,15071.0116697,0.0958661129051,0.0958661129051,2.03739046226
MAMBA2,CHAT,241,bstar,8,7,8,9,0,0,640,3402.70928421,0.039718,1190.04550734,0.079436,14981.1862045,0.190589626857,0.190589626857,2.18474904255
MAMBA2,CHAT,242,bstar,8,8,8,8,0,0,640,3446.46215657,0.039718,1190.04550734,0.079436,14981.1862045,0.190589626857,0.190589626857,1.91165541223
MAMBA2,CHAT,243,bstar,2,3,8,13,0,0,256,817.201339535,0.007312112,214.643862903,0.014624224,14677.2822204,0.0253145155751,0.0253145155751,8.78541598719
MAMBA2,CHAT,244,bstar,4,3,13,8,0,0,256,1030.41430271,0.009140145,267.772603221,0.01828029,14648.1594778,0.0197377453263,0.0197377453263,10.9844448748
MAMBA2,CHAT,245,bstar,8,3,13,8,0,0,256,1458.30397895,0.01828029,533.425509261,0.03656058,14590.1818095,0.0393192459786,0.0393192459786,9.6687316877
MAMBA2,CHAT,246,bstar,16,3,13,8,0,0,256,1583.30146286,0.03656059,1058.47211667,0.07312118,14475.5885596,0.0780208973467,0.0780208973467,9.23702347995
MAMBA2,CHAT,247,bstar,32,5,11,8,0,0,384,2756.99259701,0.096466674,2752.28852791,0.192933348,14265.4888667,0.267645282435,0.267645282435,4.72820732697
MAMBA2,CHAT,248,bstar,2,4,8,12,0,0,512,933.207115566,0.009044496,250.341967127,0.018088992,13839.4647489,0.036519627747,0.036519627747,5.38520799508
MAMBA2,CHAT,249,bstar,4,4,8,12,0,0,512,1679.25912727,0.018089008,499.534433908,0.036178016,13807.6790587,0.072871632026,0.072871632026,4.37962553306
MAMBA2,CHAT,250,bstar,8,4,8,12,0,0,512,1944.40530526,0.036178024,994.508325029,0.072356048,13744.6468197,0.145078008271,0.145078008271,4.03696621505
MAMBA2,CHAT,251,bstar,2,4,8,12,0,0,256,765.262210555,0.0072888,200.326773032,0.0145776,13742.0956147,0.0235506739238,0.0235506739238,6.59876462374
MAMBA2,CHAT,252,bstar,2,5,8,11,0,0,256,765.262210555,0.0072888,200.326773032,0.0145776,13742.0956147,0.0235506739238,0.0235506739238,5.27901169899
MAMBA2,CHAT,253,bstar,4,4,8,12,0,0,256,1461.93349193,0.0145776,399.843261442,0.0291552,13714.3035013,0.0470060897419,0.0470060897419,5.30355584314
MAMBA2,CHAT,254,bstar,4,5,8,11,0,0,256,1461.93349193,0.0145776,399.843261442,0.0291552,13714.3035013,0.0470060897419,0.0470060897419,4.24284467451
MAMBA2,CHAT,255,bstar,8,4,8,12,0,0,256,1944.40530526,0.029155208,796.466872952,0.058310416,13659.0840469,0.0936336989759,0.0936336989759,4.78432444556
MAMBA2,CHAT,256,bstar,8,5,8,11,0,0,256,2430.50663158,0.029155208,796.466872952,0.058310416,13659.0840469,0.0936336989759,0.0936336989759,3.82745955645
MAMBA2,LW,1,mt,32,8,1,15,0,0,384,4484.45501569,4.501343552,4404.00103494,9.002687104,489.18739306,0.428718029014,0.428718029014,3.27274763866
MAMBA2,LW,2,mt,32,9,1,14,0,0,384,5045.01189265,4.501343552,4404.00103494,9.002687104,489.18739306,0.428718029014,0.428718029014,2.90910901214
MAMBA2,LW,3,mt,32,10,1,13,0,0,384,5605.56876961,4.501343552,4404.00103494,9.002687104,489.18739306,0.428718029014,0.428718029014,2.92209610595
MAMBA2,LW,4,mt,64,8,3,13,0,0,384,4587.1524588,3.110983062,4388.98474553,6.221966124,705.401581761,0.147643352106,0.147643352106,7.43727679821
MAMBA2,LW,5,mt,64,7,4,13,0,0,384,4013.75840145,2.262533136,4013.75840145,4.525066272,887.005440403,0.0981970305274,0.0981970305274,11.2770923663
MAMBA2,LW,6,mt,32,8,1,15,0,0,512,4484.45501569,5.054153472,3937.76364558,10.108306944,389.557189685,0.430407910926,0.430407910926,2.91823076412
MAMBA2,LW,7,mt,32,9,1,14,0,0,512,5045.01189265,5.054153472,3937.76364558,10.108306944,389.557189685,0.430407910926,0.430407910926,2.59398290144
MAMBA2,LW,8,mt,32,10,1,13,0,0,512,5605.56876961,5.054153472,3937.76364558,10.108306944,389.557189685,0.430407910926,0.430407910926,2.33458461129
MAMBA2,LW,9,mt,64,8,3,13,0,0,512,4587.1524588,3.493016758,3924.25212339,6.986033516,561.72821307,0.14822100378,0.14822100378,6.62719064545
MAMBA2,LW,10,mt,32,7,1,16,0,0,384,3923.89813873,4.501343552,3923.89813873,9.002687104,435.858549053,0.381981262661,0.381981262661,4.02087140497
MAMBA2,LW,11,mt,32,7,1,16,0,0,512,3923.89813873,5.054153472,3923.89813873,10.108306944,388.185495402,0.428892374603,0.428892374603,3.58600427458
MAMBA2,LW,12,mt,32,7,1,16,0,0,640,3923.89813873,5.578020224,3923.89813873,11.156040448,351.728568664,0.473347386997,0.473347386997,3.21700867711
MAMBA2,LW,13,mt,64,7,3,14,0,0,256,4013.75840145,2.817228106,3914.37009817,5.634456212,694.720120432,0.119243873896,0.119243873896,9.62060594208
MAMBA2,LW,14,mt,64,8,2,14,0,0,256,4403.66636044,4.097786336,3914.37009817,8.195572672,477.620082797,0.173445634757,0.173445634757,6.99992623929
MAMBA2,LW,15,mt,32,7,1,16,0,0,256,3923.89813873,4.081729856,3826.73494672,8.163459712,468.763867493,0.337796243145,0.337796243145,4.17969112021
MAMBA2,LW,16,mt,16,8,1,15,0,0,512,4292.26408644,2.520427392,3768.94483678,5.040854784,747.679708756,0.410871617888,0.410871617888,3.01519011922
MAMBA2,LW,17,mt,16,9,1,14,0,0,512,4828.79709725,2.520427392,3768.94483678,5.040854784,747.679708756,0.410871617888,0.410871617888,2.68016899486
MAMBA2,LW,18,mt,16,10,1,13,0,0,512,5365.33010806,2.520427392,3768.94483678,5.040854784,747.679708756,0.410871617888,0.410871617888,2.41215209538
MAMBA2,LW,19,mt,16,7,1,16,0,0,384,3755.73107564,2.246668416,3755.73107564,4.493336832,835.844544057,0.36496031084,0.36496031084,3.78828655771
MAMBA2,LW,20,mt,16,7,1,16,0,0,512,3755.73107564,2.520427392,3755.73107564,5.040854784,745.058375329,0.409431119378,0.409431119378,3.696811138
MAMBA2,LW,21,mt,16,7,1,16,0,0,640,3755.73107564,2.78144352,3755.73107564,5.56288704,675.140632667,0.451831914498,0.451831914498,3.36902422771
MAMBA2,LW,22,mt,32,8,1,15,0,0,256,4305.07681506,4.081729856,3732.83188958,8.163459712,457.261016931,0.329507166331,0.329507166331,3.93582579235
MAMBA2,LW,23,mt,32,11,1,12,0,0,384,6166.12564657,4.501343552,3670.00086245,9.002687104,407.656160883,0.357265024179,0.357265024179,2.98949142135
MAMBA2,LW,24,mt,32,12,1,11,0,0,384,6457.61522259,4.501343552,3670.00086245,9.002687104,407.656160883,0.357265024179,0.357265024179,3.23861570646
MAMBA2,LW,25,mt,64,9,2,13,0,0,256,4403.66636044,4.097786336,3669.72196704,8.195572672,447.768827623,0.162605282585,0.162605282585,7.46658798857
MAMBA2,LW,26,mt,64,9,3,12,0,0,384,5160.54651614,3.110983062,3657.48728795,6.221966124,587.834651468,0.123036126755,0.123036126755,6.46916464945
MAMBA2,LW,27,mt,64,10,2,12,0,0,384,5733.94057349,4.525066272,3657.48728795,9.050132544,404.136322884,0.178961638916,0.178961638916,4.6898759334
MAMBA2,LW,28,mt,64,11,2,11,0,0,384,6307.33463084,4.525066272,3657.48728795,9.050132544,404.136322884,0.178961638916,0.178961638916,5.05063562058
MAMBA2,LW,29,mt,32,9,1,14,0,0,256,4305.07681506,4.081729856,3587.56401255,8.163459712,439.466125775,0.316683977949,0.316683977949,4.19821417851
MAMBA2,LW,30,mt,16,8,1,15,0,0,640,4292.26408644,2.78144352,3472.73469175,5.56288704,624.26841796,0.417786133436,0.417786133436,2.74562913099
MAMBA2,LW,31,mt,16,9,1,14,0,0,640,4828.79709725,2.78144352,3472.73469175,5.56288704,624.26841796,0.417786133436,0.417786133436,2.44055922755
MAMBA2,LW,32,mt,16,10,1,13,0,0,640,5365.33010806,2.78144352,3472.73469175,5.56288704,624.26841796,0.417786133436,0.417786133436,2.19650330479
MAMBA2,LW,33,mt,32,8,1,15,0,0,640,4484.45501569,5.578020224,3466.82787416,11.156040448,310.757915438,0.418210121004,0.418210121004,2.62161340691
MAMBA2,LW,34,mt,32,9,1,14,0,0,640,5045.01189265,5.578020224,3466.82787416,11.156040448,310.757915438,0.418210121004,0.418210121004,2.33032302837
MAMBA2,LW,35,mt,32,10,1,13,0,0,640,5605.56876961,5.578020224,3466.82787416,11.156040448,310.757915438,0.418210121004,0.418210121004,2.09729072553
MAMBA2,LW,36,mt,64,8,3,13,0,0,640,4587.1524588,3.855697362,3454.87288227,7.711394724,448.021791897,0.144041352273,0.144041352273,5.98195898272
MAMBA2,LW,37,mt,64,6,3,15,0,0,256,3440.3643441,2.817228106,3440.3643441,5.634456212,610.593855849,0.104804186041,0.104804186041,10.9461116497
MAMBA2,LW,38,mt,64,6,4,14,0,0,384,3440.3643441,2.262533136,3440.3643441,4.525066272,760.290377488,0.0841688833092,0.0841688833092,13.1566077606
MAMBA2,LW,39,mt,64,6,5,13,0,0,640,3440.3643441,2.278366623,3440.3643441,4.556733246,755.0067468,0.0847579075751,0.0847579075751,12.8025263432
MAMBA2,LW,40,mt,64,10,2,12,0,0,256,4403.66636044,4.097786336,3425.0738359,8.195572672,417.917572448,0.151764930412,0.151764930412,7.76478600811
MAMBA2,LW,41,mt,32,6,1,17,0,0,256,3363.34126177,4.081729856,3363.34126177,8.163459712,411.999492914,0.296891229327,0.296891229327,4.75555967455
MAMBA2,LW,42,mt,32,6,1,17,0,0,384,3363.34126177,4.501343552,3363.34126177,9.002687104,373.593042045,0.327412510853,0.327412510853,4.69101663913
MAMBA2,LW,43,mt,32,6,1,17,0,0,512,3363.34126177,5.054153472,3363.34126177,10.108306944,332.73042463,0.367622035374,0.367622035374,4.18367165367
MAMBA2,LW,44,mt,32,6,2,16,0,0,640,3363.34126177,2.789010112,3363.34126177,5.578020224,602.963260566,0.202863165856,0.202863165856,6.21789234288
MAMBA2,LW,45,mt,32,10,1,13,0,0,256,4305.07681506,4.081729856,3348.39307838,8.163459712,410.168384056,0.295571712752,0.295571712752,4.49808661983
MAMBA2,LW,46,mt,32,11,1,12,0,0,512,6166.12564657,5.054153472,3281.46970465,10.108306944,324.630991404,0.358673259105,0.358673259105,2.01591426426
MAMBA2,LW,47,mt,32,12,1,11,0,0,512,6726.68252353,5.054153472,3281.46970465,10.108306944,324.630991404,0.358673259105,0.358673259105,2.16553290106
MAMBA2,LW,48,mt,64,6,6,12,0,0,512,3440.3643441,1.746508379,3270.21010282,3.493016758,936.21368845,0.0617587515752,0.0617587515752,16.3417498733
MAMBA2,LW,49,mt,64,7,6,11,0,0,512,4013.75840145,1.746508379,3270.21010282,3.493016758,936.21368845,0.0617587515752,0.0617587515752,14.0072141771
MAMBA2,LW,50,mt,64,9,3,12,0,0,512,5160.54651614,3.493016758,3270.21010282,6.986033516,468.106844225,0.12351750315,0.12351750315,5.76409722314
MAMBA2,LW,51,mt,64,10,3,11,0,0,512,5733.94057349,3.493016758,3270.21010282,6.986033516,468.106844225,0.12351750315,0.12351750315,5.18768750083
MAMBA2,LW,52,mt,16,6,1,17,0,0,384,3219.19806483,2.246668416,3219.19806483,4.493336832,716.438180621,0.312823123577,0.312823123577,4.41966765066
MAMBA2,LW,53,mt,16,6,1,17,0,0,512,3219.19806483,2.520427392,3219.19806483,5.040854784,638.621464568,0.350940959467,0.350940959467,4.31294632766
MAMBA2,LW,54,mt,16,6,1,17,0,0,640,3219.19806483,2.78144352,3219.19806483,5.56288704,578.691970857,0.387284498141,0.387284498141,3.93052826566
MAMBA2,LW,55,mt,64,11,2,11,0,0,256,4403.66636044,4.097786336,3180.42570476,8.195572672,388.066317273,0.14092457824,0.14092457824,8.3620772395
MAMBA2,LW,56,mt,16,8,1,15,0,0,384,4292.26408644,2.246668416,3149.59389924,4.493336832,700.947651377,0.306059391723,0.306059391723,3.13130478524
MAMBA2,LW,57,mt,16,9,1,14,0,0,384,4828.79709725,2.246668416,3149.59389924,4.493336832,700.947651377,0.306059391723,0.306059391723,2.78338203133
MAMBA2,LW,58,mt,16,10,1,13,0,0,384,5365.33010806,2.246668416,3149.59389924,4.493336832,700.947651377,0.306059391723,0.306059391723,2.79580784397
MAMBA2,LW,59,mt,32,13,1,10,0,0,384,6457.61522259,4.501343552,3145.71502496,9.002687104,349.419566471,0.306227163582,0.306227163582,3.40018096512
MAMBA2,LW,60,mt,16,11,1,12,0,0,512,5901.86311886,2.520427392,3140.78736398,5.040854784,623.066423963,0.342393014906,0.342393014906,2.08643178294
MAMBA2,LW,61,mt,16,12,1,11,0,0,512,6438.39612967,2.520427392,3140.78736398,5.040854784,623.066423963,0.342393014906,0.342393014906,2.24128414183
MAMBA2,LW,62,mt,64,12,2,10,0,0,384,6605.49954067,4.525066272,3134.98910395,9.050132544,346.402562472,0.153395690499,0.153395690499,5.35287120237
MAMBA2,LW,63,mt,32,11,1,12,0,0,256,4305.07681506,4.081729856,3109.22214421,8.163459712,380.870642338,0.274459447555,0.274459447555,4.64399865491
MAMBA2,LW,64,mt,64,12,2,10,0,0,256,4403.66636044,4.097786336,2935.77757363,8.195572672,358.215062098,0.130084226068,0.130084226068,8.86297559785
MAMBA2,LW,65,mt,16,11,1,12,0,0,640,5901.86311886,2.78144352,2893.94557646,5.56288704,520.223681633,0.348155111197,0.348155111197,1.8987523046
MAMBA2,LW,66,mt,16,12,1,11,0,0,640,6438.39612967,2.78144352,2893.94557646,5.56288704,520.223681633,0.348155111197,0.348155111197,1.74052294588
MAMBA2,LW,67,mt,32,11,1,12,0,0,640,6166.12564657,5.578020224,2889.02322847,11.156040448,258.964929532,0.34850843417,0.34850843417,1.81292166052
MAMBA2,LW,68,mt,32,12,1,11,0,0,640,6726.68252353,5.578020224,2889.02322847,11.156040448,258.964929532,0.34850843417,0.34850843417,1.66184485547
MAMBA2,LW,69,mt,64,7,5,12,0,0,640,4013.75840145,2.278366623,2879.06073523,4.556733246,631.825603957,0.0709294537708,0.0709294537708,10.8301344154
MAMBA2,LW,70,mt,64,9,3,12,0,0,640,5160.54651614,3.855697362,2879.06073523,7.711394724,373.351493247,0.120034460228,0.120034460228,5.20571719001
MAMBA2,LW,71,mt,64,10,3,11,0,0,640,5733.94057349,3.855697362,2879.06073523,7.711394724,373.351493247,0.120034460228,0.120034460228,4.68514547101
MAMBA2,LW,72,mt,32,12,1,11,0,0,256,4305.07681506,4.081729856,2870.05121004,8.163459712,351.57290062,0.253347182359,0.253347182359,5.03099854282
MAMBA2,LW,73,mt,64,5,3,16,0,0,256,2866.97028675,2.817228106,2866.97028675,5.634456212,508.828213207,0.0873368217008,0.0873368217008,13.5566863911
MAMBA2,LW,74,mt,64,5,4,15,0,0,384,2866.97028675,2.262749888,2866.97028675,4.525499776,633.514623501,0.0701474556146,0.0701474556146,15.7864481356
MAMBA2,LW,75,mt,64,5,6,13,0,0,512,2866.97028675,1.74852018,2866.97028675,3.49704036,819.82762325,0.0542058326323,0.0542058326323,19.8157283474
MAMBA2,LW,76,mt,64,5,5,14,0,0,640,2866.97028675,2.280744206,2866.97028675,4.561488412,628.516402498,0.0707052970401,0.0707052970401,15.3473027078
MAMBA2,LW,77,mt,32,13,1,10,0,0,512,6966.97821648,5.054153472,2812.68831827,10.108306944,278.25513549,0.30743422209,0.30743422209,2.27330741149
MAMBA2,LW,78,mt,64,11,3,10,0,0,512,6307.33463084,3.493016758,2803.03723099,6.986033516,401.234437907,0.105872145557,0.105872145557,4.6420113543
MAMBA2,LW,79,mt,64,12,2,10,0,0,512,6880.72868819,5.080751648,2803.03723099,10.161503296,275.848676061,0.153995848084,0.153995848084,3.5774284497
MAMBA2,LW,80,mt,32,5,1,18,0,0,256,2802.78438481,4.081729856,2802.78438481,8.163459712,343.332910761,0.247409357772,0.247409357772,5.70667160946
MAMBA2,LW,81,mt,32,5,1,18,0,0,384,2802.78438481,4.501777024,2802.78438481,9.003554048,311.297557594,0.27287003345,0.27287003345,5.6287156947
MAMBA2,LW,82,mt,32,5,1,18,0,0,512,2802.78438481,5.060005952,2802.78438481,10.120011904,276.954652958,0.306706437485,0.306706437485,5.01501985269
MAMBA2,LW,83,mt,32,5,2,17,0,0,640,2802.78438481,2.791936352,2802.78438481,5.583872704,501.942743572,0.169230008883,0.169230008883,7.45402234429
MAMBA2,LW,84,mt,32,14,1,9,0,0,384,6457.61522259,4.501343552,2752.50064684,9.002687104,305.742120662,0.267948768134,0.267948768134,3.63059422204
MAMBA2,LW,85,mt,32,15,1,8,0,0,384,6457.61522259,4.501343552,2752.50064684,9.002687104,305.742120662,0.267948768134,0.267948768134,4.03399358005
MAMBA2,LW,86,mt,64,13,2,9,0,0,384,6605.49954067,4.525066272,2743.11546596,9.050132544,303.102242163,0.134221229187,0.134221229187,5.74241799537
MAMBA2,LW,87,mt,64,14,2,8,0,0,384,6605.49954067,4.525066272,2743.11546596,9.050132544,303.102242163,0.134221229187,0.134221229187,6.31665979491
MAMBA2,LW,88,mt,16,13,1,10,0,0,512,6785.56329299,2.520427392,2692.10345484,5.040854784,534.056934826,0.293479727063,0.293479727063,2.35594648811
MAMBA2,LW,89,mt,64,13,2,9,0,0,256,4403.66636044,4.097786336,2691.12944249,8.195572672,328.363806923,0.119243873896,0.119243873896,9.50838495179
MAMBA2,LW,90,mt,16,5,1,18,0,0,384,2682.66505403,2.246994816,2682.66505403,4.493989632,596.945091935,0.260723809233,0.260723809233,5.28388962099
MAMBA2,LW,91,mt,16,5,1,18,0,0,512,2682.66505403,2.52462656,2682.66505403,5.04925312,531.299380378,0.292938038364,0.292938038364,4.86069884839
MAMBA2,LW,92,mt,16,5,1,18,0,0,640,2682.66505403,2.78466816,2682.66505403,5.56933632,481.684872288,0.32311124394,0.32311124394,4.54012175496
MAMBA2,LW,93,mt,32,13,1,10,0,0,256,4305.07681506,4.081729856,2630.88027587,8.163459712,322.275158901,0.232234917162,0.232234917162,5.31945099712
MAMBA2,LW,94,mt,16,11,1,12,0,0,384,5901.86311886,2.246668416,2624.6615827,4.493336832,584.123042814,0.255049493103,0.255049493103,2.89327642635
MAMBA2,LW,95,mt,16,12,1,11,0,0,384,6180.86028448,2.246668416,2624.6615827,4.493336832,584.123042814,0.255049493103,0.255049493103,3.13438279522
MAMBA2,LW,96,mt,16,13,1,10,0,0,640,6213.59415343,2.78144352,2480.52477982,5.56288704,445.906012829,0.29841866674,0.29841866674,1.7144091595
MAMBA2,LW,97,mt,32,13,1,10,0,0,640,6200.67339589,5.578020224,2476.3056244,11.156040448,221.969939599,0.298721515003,0.298721515003,1.63686432116
MAMBA2,LW,98,mt,64,11,3,10,0,0,640,6307.33463084,3.855697362,2467.76634448,7.711394724,320.015565641,0.102886680195,0.102886680195,4.19401424951
MAMBA2,LW,99,mt,32,14,1,9,0,0,512,6400.74500597,5.054153472,2461.10227849,10.108306944,243.473243553,0.269004944329,0.269004944329,2.42713715617
MAMBA2,LW,100,mt,32,15,1,8,0,0,512,6400.74500597,5.054153472,2461.10227849,10.108306944,243.473243553,0.269004944329,0.269004944329,2.69681906241
MAMBA2,LW,101,mt,64,13,2,9,0,0,512,7454.12274554,5.080751648,2452.65757712,10.161503296,241.367591553,0.134746367073,0.134746367073,3.83755022106
MAMBA2,LW,102,mt,64,14,2,8,0,0,512,7727.99248439,5.080751648,2452.65757712,10.161503296,241.367591553,0.134746367073,0.134746367073,4.22130524317
MAMBA2,LW,103,mt,64,14,2,8,0,0,256,4403.66636044,4.097786336,2446.48131136,8.195572672,298.512551748,0.108403521723,0.108403521723,10.459223447
MAMBA2,LW,104,mt,8,6,1,17,0,0,512,2965.05084919,1.260109568,2381.91649001,2.520219136,945.122769676,0.259643231768,0.259643231768,3.89730986411
MAMBA2,LW,105,mt,8,7,1,16,0,0,512,3459.22599072,1.260109568,2381.91649001,2.520219136,945.122769676,0.259643231768,0.259643231768,3.3405513121
MAMBA2,LW,106,mt,8,6,1,17,0,0,640,2965.05084919,1.39013024,2380.09101468,2.78026048,856.067635318,0.286214229538,0.286214229538,3.60731034705
MAMBA2,LW,107,mt,8,7,1,16,0,0,640,3459.22599072,1.39013024,2380.09101468,2.78026048,856.067635318,0.286214229538,0.286214229538,3.09198029747
MAMBA2,LW,108,mt,16,5,1,18,0,0,256,2682.66505403,2.040864896,2370.30294842,4.081729792,580.710402013,0.209233048457,0.209233048457,5.10642702849
MAMBA2,LW,109,mt,16,6,1,17,0,0,256,3219.19806483,2.040864896,2370.30294842,4.081729792,580.710402013,0.209233048457,0.209233048457,4.25535585707
MAMBA2,LW,110,mt,16,7,1,16,0,0,256,3755.73107564,2.040864896,2370.30294842,4.081729792,580.710402013,0.209233048457,0.209233048457,3.74005885876
MAMBA2,LW,111,mt,16,14,1,9,0,0,512,6225.17661015,2.520427392,2355.59052299,5.040854784,467.299817972,0.25679476118,0.25679476118,2.51804126197
MAMBA2,LW,112,mt,16,15,1,8,0,0,512,6225.17661015,2.520427392,2355.59052299,5.040854784,467.299817972,0.25679476118,0.25679476118,2.79782362441
MAMBA2,LW,113,mt,32,14,1,9,0,0,256,4305.07681506,4.081729856,2333.01993099,8.163459712,285.788135582,0.205941978957,0.205941978957,5.71204448092
MAMBA2,LW,114,mt,64,4,3,17,0,0,256,2293.5762294,2.817228106,2293.5762294,5.634456212,407.062570566,0.0698694573607,0.0698694573607,16.9458579889
MAMBA2,LW,115,mt,64,4,4,16,0,0,384,2293.5762294,2.267952144,2293.5762294,4.535904288,505.649168009,0.0562469845036,0.0562469845036,20.1662039504
MAMBA2,LW,116,mt,64,4,6,14,0,0,512,2293.5762294,1.752096731,2293.5762294,3.504193462,654.523288817,0.043453367364,0.043453367364,24.7198128646
MAMBA2,LW,117,mt,64,4,5,15,0,0,640,2293.5762294,2.284971039,2293.5762294,4.569942078,501.882997695,0.0566690663918,0.0566690663918,19.1492734695
MAMBA2,LW,118,mt,16,13,1,10,0,0,384,6180.86028448,2.246668416,2249.70992803,4.493336832,500.676893841,0.218613851231,0.218613851231,3.32005939524
MAMBA2,LW,119,mt,32,4,1,19,0,0,256,2242.22750784,4.081729856,2242.22750784,8.163459712,274.666328609,0.197927486218,0.197927486218,7.13333951182
MAMBA2,LW,120,mt,32,4,1,19,0,0,384,2242.22750784,4.512181568,2242.22750784,9.024363136,248.463794514,0.218800554329,0.218800554329,7.02010619617
MAMBA2,LW,121,mt,32,4,1,19,0,0,512,2242.22750784,5.070410496,2242.22750784,10.140820992,221.109070914,0.245869677556,0.245869677556,6.25684212692
MAMBA2,LW,122,mt,32,4,2,18,0,0,640,2242.22750784,2.797138624,2242.22750784,5.594277248,400.807362318,0.135636270891,0.135636270891,9.30102231863
MAMBA2,LW,123,mt,32,16,1,7,0,0,384,6164.96879791,4.501343552,2202.00051747,9.002687104,244.59369653,0.214359014507,0.214359014507,4.34643430827
MAMBA2,LW,124,mt,64,15,2,7,0,0,256,4403.66636044,4.097786336,2201.83318022,8.195572672,268.661296574,0.0975631695509,0.0975631695509,11.3470414093
MAMBA2,LW,125,mt,64,15,2,7,0,0,384,6605.49954067,4.525066272,2194.49237277,9.050132544,242.48179373,0.10737698335,0.10737698335,6.85239987533
MAMBA2,LW,126,mt,16,14,1,9,0,0,640,5703.35725856,2.78144352,2170.45918234,5.56288704,390.167761225,0.261116333398,0.261116333398,1.83167139646
MAMBA2,LW,127,mt,16,15,1,8,0,0,640,5703.35725856,2.78144352,2170.45918234,5.56288704,390.167761225,0.261116333398,0.261116333398,2.03519044051
MAMBA2,LW,128,mt,32,14,1,9,0,0,640,5691.67471915,5.578020224,2166.76742135,11.156040448,194.223697149,0.261381325627,0.261381325627,1.74878222144
MAMBA2,LW,129,mt,32,15,1,8,0,0,640,5691.67471915,5.578020224,2166.76742135,11.156040448,194.223697149,0.261381325627,0.261381325627,1.94309135715
MAMBA2,LW,130,mt,64,12,3,9,0,0,640,6880.72868819,3.855697362,2159.29555142,7.711394724,280.013619936,0.0900258451707,0.0900258451707,3.79968193921
MAMBA2,LW,131,mt,64,13,3,8,0,0,640,7319.32531123,3.855697362,2159.29555142,7.711394724,280.013619936,0.0900258451707,0.0900258451707,3.88603834692
MAMBA2,LW,132,mt,64,14,2,8,0,0,640,6844.62128599,5.608287072,2159.29555142,11.216574144,192.509363706,0.130946683885,0.130946683885,3.04914309123
MAMBA2,LW,133,mt,32,15,1,8,0,0,256,4305.07681506,4.081729856,2152.53840753,8.163459712,263.679675465,0.190010386769,0.190010386769,6.34671608991
MAMBA2,LW,134,mt,16,4,1,19,0,0,256,2146.13204322,2.040864896,2146.13204322,4.081729792,525.789837296,0.189444876695,0.189444876695,6.38303378561
MAMBA2,LW,135,mt,16,4,1,19,0,0,384,2146.13204322,2.254830336,2146.13204322,4.509660672,475.896569458,0.209306385645,0.209306385645,6.156310052
MAMBA2,LW,136,mt,16,4,1,19,0,0,512,2146.13204322,2.53246208,2146.13204322,5.06492416,423.724418259,0.23507776895,0.23507776895,5.6315173624
MAMBA2,LW,137,mt,16,4,1,19,0,0,640,2146.13204322,2.79250368,2146.13204322,5.58500736,384.266645482,0.259216333411,0.259216333411,5.23408545774
MAMBA2,LW,138,mt,64,16,2,6,0,0,384,6605.49954067,4.525066272,1994.99306615,9.050132544,220.4379943,0.0976154394087,0.0976154394087,7.64099535652
MAMBA2,LW,139,mt,8,6,1,17,0,0,384,2965.05084919,1.123334208,1987.73171983,2.246668416,884.746367408,0.193156318097,0.193156318097,4.14108408878
MAMBA2,LW,140,mt,8,7,1,16,0,0,384,3459.22599072,1.123334208,1987.73171983,2.246668416,884.746367408,0.193156318097,0.193156318097,3.54950064753
MAMBA2,LW,141,mt,32,16,1,7,0,0,512,5505.79120194,5.054153472,1968.88182279,10.108306944,194.778594843,0.215203955463,0.215203955463,2.90529470138
MAMBA2,LW,142,mt,16,14,1,9,0,0,384,5695.16234446,2.246668416,1968.49618702,4.493336832,438.092282111,0.191287119827,0.191287119827,3.57016982014
MAMBA2,LW,143,mt,16,15,1,8,0,0,384,5695.16234446,2.246668416,1968.49618702,4.493336832,438.092282111,0.191287119827,0.191287119827,3.96685535571
MAMBA2,LW,144,mt,64,15,2,7,0,0,512,6456.51676247,5.080751648,1962.12606169,10.161503296,193.094073243,0.107797093658,0.107797093658,4.57894754235
MAMBA2,LW,145,mt,8,5,1,18,0,0,384,2470.87570766,1.123497408,1961.69207712,2.246994816,873.029195773,0.190653630098,0.190653630098,4.95815729042
MAMBA2,LW,146,mt,8,5,1,18,0,0,512,2470.87570766,1.26231328,1960.73048975,2.52462656,776.641789648,0.214105202051,0.214105202051,4.49982996264
MAMBA2,LW,147,mt,8,5,1,18,0,0,640,2470.87570766,1.392333952,1959.4933534,2.784667904,703.672186757,0.236009439849,0.236009439849,4.15322355584
MAMBA2,LW,148,mt,64,16,2,6,0,0,256,4403.66636044,4.097786336,1957.18504909,8.195572672,238.810041399,0.0867228173786,0.0867228173786,12.6532005951
MAMBA2,LW,149,mt,8,8,1,15,0,0,512,3953.40113225,1.260109568,1905.53319201,2.520219136,756.098215741,0.207714585414,0.207714585414,2.80248278723
MAMBA2,LW,150,mt,8,9,1,14,0,0,512,4447.57627378,1.260109568,1905.53319201,2.520219136,756.098215741,0.207714585414,0.207714585414,2.49109581087
MAMBA2,LW,151,mt,8,10,1,13,0,0,512,4941.75141531,1.260109568,1905.53319201,2.520219136,756.098215741,0.207714585414,0.207714585414,2.24198622978
MAMBA2,LW,152,mt,8,8,1,15,0,0,640,3953.40113225,1.39013024,1904.07281174,2.78026048,684.854108254,0.22897138363,0.22897138363,2.58507549904
MAMBA2,LW,153,mt,8,9,1,14,0,0,640,4447.57627378,1.39013024,1904.07281174,2.78026048,684.854108254,0.22897138363,0.22897138363,2.29784488804
MAMBA2,LW,154,mt,8,10,1,13,0,0,640,4941.75141531,1.39013024,1904.07281174,2.78026048,684.854108254,0.22897138363,0.22897138363,2.06806039923
MAMBA2,LW,155,mt,16,8,1,15,0,0,256,4120.57352299,2.040864896,1896.24235874,4.081729792,464.56832161,0.167386438765,0.167386438765,3.61063071959
MAMBA2,LW,156,mt,16,9,1,14,0,0,256,4120.57352299,2.040864896,1896.24235874,4.081729792,464.56832161,0.167386438765,0.167386438765,3.85133943423
MAMBA2,LW,157,mt,16,10,1,13,0,0,256,4120.57352299,2.040864896,1896.24235874,4.081729792,464.56832161,0.167386438765,0.167386438765,4.1264351081
MAMBA2,LW,158,mt,16,16,1,7,0,0,512,5342.71834375,2.520427392,1884.47241839,5.040854784,373.839854378,0.205435808944,0.205435808944,3.0189267963
MAMBA2,LW,159,mt,32,16,1,7,0,0,256,4305.07681506,4.081729856,1866.41594479,8.163459712,228.630508465,0.164753583165,0.164753583165,6.89619027329
MAMBA2,LW,160,mt,64,16,2,6,0,0,512,5965.74864988,5.080751648,1783.75096518,10.161503296,175.540066584,0.0979973578713,0.0979973578713,5.10574668739
MAMBA2,LW,161,mt,16,16,1,7,0,0,640,4898.81317055,2.78144352,1736.36734588,5.56288704,312.13420898,0.208893066718,0.208893066718,2.19477655733
MAMBA2,LW,162,mt,32,16,1,7,0,0,640,4889.01866207,5.578020224,1733.41393708,11.156040448,155.378957719,0.209105060502,0.209105060502,2.09538284606
MAMBA2,LW,163,mt,64,15,2,7,0,0,640,5712.82498475,5.608287072,1727.43644114,11.216574144,154.007490965,0.104757347108,0.104757347108,3.30948230306
MAMBA2,LW,164,mt,64,3,3,18,0,0,256,1720.18217205,2.82394101,1720.18217205,5.64788202,304.571194291,0.0525269569671,0.0525269569671,22.5425621806
MAMBA2,LW,165,mt,64,3,4,17,0,0,384,1720.18217205,2.276743328,1720.18217205,4.553486656,377.772529493,0.0423487595497,0.0423487595497,26.784705769
MAMBA2,LW,166,mt,64,3,6,15,0,0,512,1720.18217205,1.758057631,1720.18217205,3.516115262,489.228038295,0.0327009017548,0.0327009017548,32.8491481186
MAMBA2,LW,167,mt,64,3,5,16,0,0,640,1720.18217205,2.292015739,1720.18217205,4.584031478,375.255314084,0.0426328353404,0.0426328353404,25.9550807125
MAMBA2,LW,168,mt,32,3,1,20,0,0,256,1681.67063088,4.094785664,1681.67063088,8.189571328,205.342937198,0.148920432329,0.148920432329,9.19374359983
MAMBA2,LW,169,mt,32,3,1,20,0,0,384,1681.67063088,4.536020544,1681.67063088,9.072041088,185.368498067,0.164967399004,0.164967399004,8.53931280256
MAMBA2,LW,170,mt,32,3,1,20,0,0,512,1681.67063088,5.091042432,1681.67063088,10.182084864,165.159753955,0.185152606801,0.185152606801,7.87693245147
MAMBA2,LW,171,mt,32,3,2,19,0,0,640,1681.67063088,2.805809024,1681.67063088,5.611618048,299.676602452,0.102042530959,0.102042530959,12.2729086268
MAMBA2,LW,172,mt,16,3,1,20,0,0,256,1609.59903242,2.047392768,1609.59903242,4.094785536,393.085063495,0.142538123631,0.142538123631,8.33086667117
MAMBA2,LW,173,mt,16,3,1,20,0,0,384,1609.59903242,2.26801024,1609.59903242,4.53602048,354.848272735,0.15789736539,0.15789736539,7.64809362416
MAMBA2,LW,174,mt,16,3,1,20,0,0,512,1609.59903242,2.545521216,1609.59903242,5.091042432,316.16295757,0.177217495081,0.177217495081,6.95723774079
MAMBA2,LW,175,mt,16,3,1,20,0,0,640,1609.59903242,2.805562816,1609.59903242,5.611125632,286.858491144,0.195321418426,0.195321418426,6.43343643059
MAMBA2,LW,176,mt,8,8,1,15,0,0,384,3953.40113225,1.123334208,1590.18537586,2.246668416,707.797093926,0.154525054478,0.154525054478,3.00525500767
MAMBA2,LW,177,mt,8,9,1,14,0,0,384,4447.57627378,1.123334208,1590.18537586,2.246668416,707.797093926,0.154525054478,0.154525054478,2.6713377846
MAMBA2,LW,178,mt,8,10,1,13,0,0,384,4859.0512005,1.123334208,1590.18537586,2.246668416,707.797093926,0.154525054478,0.154525054478,2.68326339971
MAMBA2,LW,179,mt,8,11,1,12,0,0,512,4718.33300133,1.260109568,1587.94432667,2.520219136,630.081846451,0.173095487845,0.173095487845,1.97974524605
MAMBA2,LW,180,mt,8,12,1,11,0,0,512,4718.33300133,1.260109568,1587.94432667,2.520219136,630.081846451,0.173095487845,0.173095487845,2.12667946353
MAMBA2,LW,181,mt,8,11,1,12,0,0,640,4593.82036423,1.39013024,1586.72734312,2.78026048,570.711756878,0.190809486359,0.190809486359,1.82167563021
MAMBA2,LW,182,mt,8,12,1,11,0,0,640,4593.82036423,1.39013024,1586.72734312,2.78026048,570.711756878,0.190809486359,0.190809486359,1.6698693277
MAMBA2,LW,183,mt,16,11,1,12,0,0,256,4120.57352299,2.040864896,1580.20196561,4.081729792,387.140268009,0.139488698971,0.139488698971,4.33765574581
MAMBA2,LW,184,mt,16,12,1,11,0,0,256,4120.57352299,2.040864896,1580.20196561,4.081729792,387.140268009,0.139488698971,0.139488698971,4.69912705796
MAMBA2,LW,185,mt,16,16,1,7,0,0,384,4823.04850636,2.246668416,1574.79694962,4.493336832,350.473825689,0.153029695862,0.153029695862,4.31939512459
MAMBA2,LW,186,mt,64,16,2,6,0,0,640,5276.56985833,5.608287072,1570.39676467,11.216574144,140.006809968,0.0952339519161,0.0952339519161,3.69107258254
MAMBA2,LW,187,mt,8,4,1,19,0,0,384,1976.70056613,1.127415168,1492.31903393,2.254830336,661.832072288,0.145541791899,0.145541791899,5.94215548901
MAMBA2,LW,188,mt,8,4,1,19,0,0,512,1976.70056613,1.26623104,1491.76248754,2.53246208,589.056199232,0.163401035124,0.163401035124,5.37320534174
MAMBA2,LW,189,mt,8,4,1,19,0,0,640,1976.70056613,1.396251712,1491.04626717,2.792503424,533.946083772,0.180093071211,0.180093071211,4.94275961118
MAMBA2,LW,190,mt,8,13,1,10,0,0,512,4198.52941139,1.260109568,1361.09513715,2.520219136,540.070154101,0.14836756101,0.14836756101,2.27110989737
MAMBA2,LW,191,mt,8,13,1,10,0,0,640,4099.31424217,1.39013024,1360.05200839,2.78026048,489.181505896,0.163550988307,0.163550988307,1.66872763669
MAMBA2,LW,192,mt,16,13,1,10,0,0,256,4120.57352299,2.040864896,1354.45882767,4.081729792,331.834515436,0.119561741975,0.119561741975,5.03667323091
MAMBA2,LW,193,bstar,2,5,8,11,0,0,384,1306.93452813,0.03510928,329.348219873,0.07021856,4690.3300192,0.00400109995468,0.00400109995468,49.2905471185
MAMBA2,LW,194,bstar,4,5,8,11,0,0,384,2133.93811116,0.070218576,657.091528907,0.140437152,4678.9009856,0.00798270440511,0.00798270440511,38.8818643682
MAMBA2,LW,195,bstar,8,5,8,11,0,0,384,2470.87570766,0.140437176,1307.79471808,0.280874352,4656.15571079,0.0158878025082,0.0158878025082,33.8431354808
MAMBA2,LW,196,bstar,16,5,8,11,0,0,384,2682.66505403,0.280874352,2590.40513936,0.561748704,4611.32374836,0.0314696524626,0.0314696524626,31.6494195293
MAMBA2,LW,197,bstar,2,6,8,10,0,0,512,1359.88023327,0.039378424,343.149231483,0.078756848,4357.07167309,0.00467566641267,0.00467566641267,36.6469368848
MAMBA2,LW,198,bstar,4,6,8,10,0,0,512,2560.72573339,0.07875684,684.365264904,0.15751368,4344.79890829,0.00932499060028,0.00932499060028,28.9272744874
MAMBA2,LW,199,bstar,8,6,10,8,0,0,512,2965.05084919,0.137824484,1190.958245,0.275648968,4320.56123281,0.0141992392373,0.0141992392373,28.6894745129
MAMBA2,LW,200,bstar,16,6,8,10,0,0,512,3219.19806483,0.315053424,2692.10345484,0.630106848,4272.4554786,0.0366849658828,0.0366849658828,23.6321224506
MAMBA2,LW,201,bstar,2,5,8,11,0,0,512,1305.49531621,0.039447288,329.307873883,0.078894576,4174.0242559,0.0044949143743,0.0044949143743,43.891655818
MAMBA2,LW,202,bstar,4,5,11,8,0,0,512,1951.09543313,0.059170926,492.694328497,0.118341852,4163.31433192,0.00504380270798,0.00504380270798,46.0068652305
MAMBA2,LW,203,bstar,8,5,8,11,0,0,512,2470.87570766,0.15778916,1307.15365983,0.31557832,4142.08954479,0.0178421001709,0.0178421001709,30.1793707619
MAMBA2,LW,204,bstar,16,5,8,11,0,0,512,2682.66505403,0.31557832,2587.89125681,0.63115664,4100.2361265,0.0353236321439,0.0353236321439,28.2742012727
MAMBA2,LW,205,bstar,2,6,8,10,0,0,384,1136.33795482,0.035104184,286.05870039,0.070208368,4074.42458126,0.0034746910911,0.0034746910911,41.0598793275
MAMBA2,LW,206,bstar,4,6,8,10,0,0,384,2251.62904992,0.070208384,570.711757461,0.140416768,4064.41314374,0.00693230972684,0.00693230972684,32.372487518
MAMBA2,LW,207,bstar,8,6,10,8,0,0,384,2965.05084919,0.122864679,993.865859913,0.245729358,4044.55482243,0.010563236146,0.010563236146,32.0672806553
MAMBA2,LW,208,bstar,16,6,10,8,0,0,384,3219.19806483,0.245729358,1968.49618702,0.491458716,4005.41515073,0.0209220287311,0.0209220287311,29.8384088617
MAMBA2,LW,209,bstar,2,6,8,10,0,0,640,1358.31668767,0.04344156,343.081655492,0.08688312,3948.77227582,0.00515709422906,0.00515709422906,33.2352275903
MAMBA2,LW,210,bstar,4,6,10,8,0,0,640,2357.24322116,0.076022737,598.59020036,0.152045474,3936.91561223,0.00787309089494,0.00787309089494,29.9245150854
MAMBA2,LW,211,bstar,8,6,8,10,0,0,640,2965.05084919,0.17376628,1360.05200839,0.34753256,3913.45204717,0.0204438735384,0.0204438735384,22.8954565052
MAMBA2,LW,212,bstar,2,7,8,9,0,0,512,1191.27480391,0.039378424,300.255577548,0.078756848,3812.43771396,0.00409120811108,0.00409120811108,31.3933868216
MAMBA2,LW,213,bstar,2,8,8,8,0,0,512,1191.27480391,0.039378424,300.255577548,0.078756848,3812.43771396,0.00409120811108,0.00409120811108,27.4692134689
MAMBA2,LW,214,bstar,4,7,8,9,0,0,512,2356.81813991,0.07875684,598.819606791,0.15751368,3801.69904475,0.00815936677524,0.00815936677524,24.7661723016
MAMBA2,LW,215,bstar,4,8,8,8,0,0,512,2356.81813991,0.07875684,598.819606791,0.15751368,3801.69904475,0.00815936677524,0.00815936677524,21.6704007639
MAMBA2,LW,216,bstar,2,5,8,11,0,0,640,1304.08912596,0.043510424,329.254528238,0.087020848,3783.62812826,0.00495709485382,0.00495709485382,39.8112284411
MAMBA2,LW,217,bstar,8,7,8,9,0,0,512,3459.22599072,0.157513696,1190.958245,0.315027392,3780.49107871,0.0162277019855,0.0162277019855,21.56014146
MAMBA2,LW,218,bstar,8,8,8,8,0,0,512,3953.40113225,0.157513696,1190.958245,0.315027392,3780.49107871,0.0162277019855,0.0162277019855,18.8651237775
MAMBA2,LW,219,bstar,4,5,8,11,0,0,640,2133.93811116,0.087020856,656.718691921,0.174041712,3773.340795,0.00988723576509,0.00988723576509,31.4337033803
MAMBA2,LW,220,bstar,8,5,8,11,0,0,640,2470.87570766,0.174041744,1306.32890227,0.348083488,3752.91832937,0.0196674533208,0.0196674533208,27.4101912152
MAMBA2,LW,221,bstar,16,7,8,9,0,0,512,3755.73107564,0.315053424,2355.59052299,0.630106848,3738.39854378,0.0320993451475,0.0320993451475,20.1665051101
MAMBA2,LW,222,bstar,16,8,8,8,0,0,512,4292.26408644,0.315053424,2355.59052299,0.630106848,3738.39854378,0.0320993451475,0.0320993451475,17.6456919713
MAMBA2,LW,223,bstar,16,5,11,8,0,0,640,2682.66505403,0.26106264,1938.51044857,0.52212528,3712.73049367,0.0218889556822,0.0218889556822,33.7349722891
MAMBA2,LW,224,bstar,16,6,8,10,0,0,640,3219.19806483,0.34768044,2480.52477982,0.69536088,3567.24810263,0.0373023333425,0.0373023333425,21.4271903641
MAMBA2,LW,225,bstar,2,7,8,9,0,0,384,995.154207808,0.035104184,250.301362841,0.070208368,3565.12150861,0.00304035470471,0.00304035470471,35.1789490973
MAMBA2,LW,226,bstar,2,8,8,8,0,0,384,995.154207808,0.035104184,250.301362841,0.070208368,3565.12150861,0.00304035470471,0.00304035470471,30.7815804602
MAMBA2,LW,227,bstar,4,7,8,9,0,0,384,1973.54895899,0.070208384,499.372787779,0.140416768,3556.36150078,0.00606577101099,0.00606577101099,27.7239673977
MAMBA2,LW,228,bstar,4,8,8,8,0,0,384,1973.54895899,0.070208384,499.372787779,0.140416768,3556.36150078,0.00606577101099,0.00606577101099,24.258471473
MAMBA2,LW,229,bstar,2,4,8,12,0,0,384,995.384945575,0.035231712,250.365282948,0.070463424,3553.12400016,0.00305217908084,0.00305217908084,61.3410442575
MAMBA2,LW,230,bstar,4,4,11,9,0,0,384,1488.68985014,0.05284758,374.722705198,0.10569516,3545.31565304,0.00342615711778,0.00342615711778,64.2859912331
MAMBA2,LW,231,bstar,8,7,8,9,0,0,384,3459.22599072,0.140416776,993.865859913,0.280833552,3538.98546963,0.0120722698811,0.0120722698811,24.0863740839
MAMBA2,LW,232,bstar,8,8,8,8,0,0,384,3881.7405994,0.140416776,993.865859913,0.280833552,3538.98546963,0.0120722698811,0.0120722698811,21.0755773234
MAMBA2,LW,233,bstar,8,4,8,12,0,0,384,1976.70056613,0.140926896,994.879355955,0.281853792,3529.7710522,0.0121284826582,0.0121284826582,42.00091074
MAMBA2,LW,234,bstar,16,7,8,9,0,0,384,3755.73107564,0.280833552,1968.49618702,0.561667104,3504.73825689,0.0239108899784,0.0239108899784,22.4443230579
MAMBA2,LW,235,bstar,16,8,8,8,0,0,384,4292.26408644,0.280833552,1968.49618702,0.561667104,3504.73825689,0.0239108899784,0.0239108899784,19.6387826757
MAMBA2,LW,236,bstar,16,4,8,12,0,0,384,2146.13204322,0.281853792,1972.47412361,0.563707584,3499.1087216,0.0240462504913,0.0240462504913,39.1405641002
MAMBA2,LW,237,bstar,2,7,8,9,0,0,640,1190.04573276,0.04344156,300.196448556,0.08688312,3455.17574134,0.00451245745043,0.00451245745043,28.4690681677
MAMBA2,LW,238,bstar,2,8,8,8,0,0,640,1190.04573276,0.04344156,300.196448556,0.08688312,3455.17574134,0.00451245745043,0.00451245745043,24.9104346467
MAMBA2,LW,239,bstar,4,7,8,9,0,0,640,2352.03444493,0.086883128,598.59020036,0.173766256,3444.8011607,0.00899781816565,0.00899781816565,22.4684318172
MAMBA2,LW,240,bstar,4,8,8,8,0,0,640,2352.03444493,0.086883128,598.59020036,0.173766256,3444.8011607,0.00899781816565,0.00899781816565,19.65987784
MAMBA2,LW,241,bstar,8,7,8,9,0,0,640,3459.22599072,0.17376628,1190.04550734,0.34753256,3424.27054127,0.0178883893461,0.0178883893461,19.5755311835
MAMBA2,LW,242,bstar,8,8,8,8,0,0,640,3953.40113225,0.17376628,1190.04550734,0.34753256,3424.27054127,0.0178883893461,0.0178883893461,17.1285897856
MAMBA2,LW,243,bstar,2,3,8,13,0,0,256,854.514840217,0.031990512,214.643862903,0.063981024,3354.80505755,0.00237597476537,0.00237597476537,90.0139004931
MAMBA2,LW,244,bstar,4,3,8,13,0,0,256,1280.3628667,0.063981016,428.436165154,0.127962032,3348.15068546,0.00474252268818,0.00474252268818,70.8921942522
MAMBA2,LW,245,bstar,8,3,8,13,0,0,256,1482.52542459,0.127962048,853.480814818,0.255924096,3334.89823021,0.00944750458416,0.00944750458416,61.5117723448
MAMBA2,LW,246,bstar,16,3,13,8,0,0,256,1609.59903242,0.15995256,1058.47211667,0.31990512,3308.70639604,0.00732289466911,0.00732289466911,90.4581365554
MAMBA2,LW,247,bstar,32,5,11,8,0,0,384,2802.78438481,0.422041596,2752.28852791,0.844083192,3260.68396338,0.0251206799951,0.0251206799951,40.0726325583
MAMBA2,LW,248,bstar,2,4,8,12,0,0,512,994.549894111,0.03956972,250.341967127,0.07913944,3163.30223119,0.00342766835414,0.00342766835414,54.6367026209
MAMBA2,LW,249,bstar,4,4,8,12,0,0,512,1707.15048893,0.079139432,499.534433908,0.158278864,3156.04005035,0.00683959712178,0.00683959712178,43.0748119284
MAMBA2,LW,250,bstar,8,4,8,12,0,0,512,1976.70056613,0.15827888,994.508325029,0.31655776,3141.63306257,0.013616752927,0.013616752927,37.4513742854
MAMBA2,LW,251,bstar,2,4,8,12,0,0,256,797.780228467,0.031888512,200.326773032,0.063777024,3141.04924419,0.00221042308158,0.00221042308158,67.7151815547
MAMBA2,LW,252,bstar,2,5,8,11,0,0,256,797.780228467,0.031888512,200.326773032,0.063777024,3141.04924419,0.00221042308158,0.00221042308158,54.1721452437
MAMBA2,LW,253,bstar,4,4,8,12,0,0,256,1585.38391799,0.063777024,399.843261442,0.127554048,3134.69676354,0.00441190541197,0.00441190541197,53.3216565679
MAMBA2,LW,254,bstar,4,5,8,11,0,0,256,1585.38391799,0.063777024,399.843261442,0.127554048,3134.69676354,0.00441190541197,0.00441190541197,42.6573252543
MAMBA2,LW,255,bstar,8,4,8,12,0,0,256,1976.70056613,0.127554056,796.466872952,0.255108112,3122.07583956,0.00878828547704,0.00878828547704,46.2511680193
MAMBA2,LW,256,bstar,8,5,8,11,0,0,256,2470.87570766,0.127554056,796.466872952,0.255108112,3122.07583956,0.00878828547704,0.00878828547704,37.0009344155
NEMO,ARXIV,1,bstar+mt,16,4,11,5,3,1,256,929.415790258,3.076414895,1081.25857972,4.39487842143,246.026960484,0.926748891196,1.07904094572,0.0798449906332
NEMO,ARXIV,2,bstar+mt,16,6,11,3,3,1,384,870.587730072,3.407047393,976.329242392,4.86721056143,200.593179619,0.842919831435,1.18635244149,0.0505452413996
NEMO,ARXIV,3,mt,16,4,11,5,3,1,384,941.978405779,3.411251527,975.125983432,4.87321646714,200.099049572,0.670378635964,1.49169431475,0.0862999522139
NEMO,ARXIV,4,bstar+mt,16,6,9,5,3,1,256,830.255435176,3.687065415,902.180901502,5.26723630714,171.28164542,0.773261055039,1.2932243173,0.0489896090341
NEMO,ARXIV,5,mt,16,2,9,9,3,1,256,776.788195986,3.724118445,893.204673569,5.32016920714,167.890275439,0.899738019154,1.11143463843,0.133971891623
NEMO,ARXIV,6,bstar+mt,16,4,13,3,3,1,512,818.29222719,3.077526474,870.428550056,4.39646639143,197.983669738,0.805305106579,0.805305106579,0.0693071994117
NEMO,ARXIV,7,bstar+mt,16,4,13,3,3,1,640,776.53993782,3.385712196,869.138583713,4.83673170857,179.695429906,0.884635973692,0.884635973692,0.0657668400864
NEMO,ARXIV,8,mt,16,6,11,3,3,1,512,856.880635131,3.828783527,868.787691062,5.46969075286,158.836711309,0.627791632682,1.59288519939,0.0533409509509
NEMO,ARXIV,9,bstar+mt,16,2,11,7,3,1,384,763.460967838,3.446017197,855.208589116,4.92288171,173.721133169,0.885961852188,0.885961852188,0.12932276937
NEMO,ARXIV,10,mt,16,2,11,7,3,1,512,715.043814748,3.866574148,854.930754349,5.52367735429,154.775650262,0.993762972913,0.993762972913,0.121844720496
NEMO,ARXIV,11,bstar+mt,8,6,9,5,3,1,384,728.76086566,2.04277398,814.186990966,2.91824854286,278.998508526,0.834442131381,1.19840545245,0.0453912504898
NEMO,ARXIV,12,mt,16,8,9,3,3,1,384,774.33457303,4.085547972,814.186988575,5.83649710286,139.499253444,0.702933323481,1.42261003511,0.035029403255
NEMO,ARXIV,13,mt,8,4,9,7,3,1,384,719.133085719,2.04487605,813.350031656,2.9212515,278.425199493,0.862029234388,1.16005346467,0.0668303050644
NEMO,ARXIV,14,mt,16,6,11,3,3,1,640,779.28727306,4.23089161,786.21725788,6.04413087143,130.079456353,0.617785443338,1.61868495087,0.0487516850236
NEMO,ARXIV,15,mt,16,2,11,7,3,1,640,674.466131507,4.265028758,779.924401157,6.09289822571,128.005486431,0.912716279509,1.09563072605,0.116105375211
NEMO,ARXIV,16,mt,8,4,7,9,3,1,256,677.443269784,2.152718344,772.604555833,3.07531192,251.228030174,0.880942450221,1.13514793134,0.0627504276133
NEMO,ARXIV,17,mt,16,8,7,5,3,1,256,749.300953772,4.3054367,772.60455368,6.15062385714,125.614014387,0.662200908168,1.51011571815,0.0403605769268
NEMO,ARXIV,18,bstar+mt,8,6,7,7,3,1,256,637.939561754,2.152718344,755.834618095,3.07531192,245.774945032,0.978294280545,0.978294280545,0.0387604094396
NEMO,ARXIV,19,bstar+mt,8,4,11,5,3,1,512,671.335814414,1.917465226,732.543309792,2.73923603714,267.426136287,0.844532421275,0.844532421275,0.0608603895558
NEMO,ARXIV,20,bstar+mt,8,4,11,5,3,1,640,635.101627514,2.118145855,731.983372998,3.02592265,241.904191767,0.932207520108,0.932207520108,0.0577130248458
NEMO,ARXIV,21,mt,8,6,9,5,3,1,512,717.199635993,2.2959687,724.400119218,3.27995528571,220.856705691,0.620079439149,1.61269659477,0.0479962921538
NEMO,ARXIV,22,mt,16,8,9,3,3,1,512,753.208539634,4.592096679,724.374993064,6.56013811286,110.420692461,0.523438078426,1.91044565005,0.0374410493578
NEMO,ARXIV,23,bstar+mt,8,8,9,3,3,1,512,594.965033582,2.2959687,699.834873961,3.27995528571,213.36719955,0.966088844266,0.966088844266,0.0270883848776
NEMO,ARXIV,24,bstar+mt,8,6,11,3,3,1,640,622.876442889,2.114992753,699.001179739,3.02141821857,231.348700899,0.888878324607,0.888878324607,0.0376686253404
NEMO,ARXIV,25,mt,16,10,7,3,3,1,256,616.753193917,4.3054367,698.94108678,6.15062385714,113.637429798,0.904655665633,0.904655665633,0.0350003221904
NEMO,ARXIV,26,bstar+mt,8,8,7,5,3,1,384,659.632965926,2.384448351,697.519826463,3.40635478714,204.77016343,0.714872550326,1.39885074555,0.0318244746557
NEMO,ARXIV,27,mt,16,10,7,3,3,1,384,696.750607212,4.768896717,697.519824269,6.81270959571,102.385081071,0.602208012592,1.66055578652,0.0294263212302
NEMO,ARXIV,28,bstar+mt,8,8,7,7,1,1,256,590.851105856,2.449545272,678.98316435,3.49935038857,194.031202639,0.898322394998,1.11318609618,0.0319800765626
NEMO,ARXIV,29,mt,16,12,7,3,1,1,256,572.632318793,4.899090548,678.983163795,6.99870078286,97.015601161,0.97144548609,1.02939384074,0.0382358226827
NEMO,ARXIV,30,bstar+mt,8,8,9,3,3,1,640,560.946376541,2.536131042,655.802075073,3.62304434571,181.008569726,0.938198810076,1.06587216831,0.0257678207427
NEMO,ARXIV,31,mt,16,8,9,3,3,1,640,684.71081149,5.073168189,655.684944018,7.24738312714,90.4719582938,0.515217148658,1.94092918414,0.0342456053789
NEMO,ARXIV,32,bstar+mt,4,6,7,7,3,1,384,556.81102511,1.192224172,631.005794842,1.70317738857,370.48741903,0.904642089084,0.904642089084,0.0381557410032
NEMO,ARXIV,33,mt,4,6,7,7,3,1,512,559.01062366,1.339817512,620.681542488,1.91402501714,324.280788876,0.820643101282,1.21855651798,0.0395484333924
NEMO,ARXIV,34,mt,8,10,7,3,3,1,512,542.815445297,2.679635024,620.681542488,3.82805003429,162.140394438,0.886897131854,1.12752647865,0.0200925589371
NEMO,ARXIV,35,mt,16,10,7,3,3,1,512,671.528325992,5.35948242,620.656947691,7.65640345714,81.0637724573,0.448490744672,2.22970041608,0.0284792742068
NEMO,ARXIV,36,bstar+mt,4,8,7,7,1,1,384,519.282494352,1.346417824,617.638882356,1.92345403429,321.109249999,0.97881649805,1.02164195433,0.0268961482963
NEMO,ARXIV,37,mt,8,10,7,5,1,1,384,607.611962119,2.69283566,617.638879604,3.84690808571,160.554623568,0.633004345241,1.57976798662,0.0270581881414
NEMO,ARXIV,38,mt,16,12,7,3,1,1,384,638.966854966,5.385671324,617.638879145,7.69381617714,80.2773116649,0.533242309348,1.87532006082,0.0328529714981
NEMO,ARXIV,39,mt,8,2,7,11,1,3,256,536.189503609,2.4621927,603.328533352,3.51741814286,171.525962751,0.893164448365,0.893164448365,0.0972909015523
NEMO,ARXIV,40,mt,8,2,7,11,1,3,384,508.25915838,2.705483088,603.26083596,3.86497584,156.083986274,0.9813083149,0.9813083149,0.0926644528102
NEMO,ARXIV,41,mt,8,10,5,7,1,1,256,547.591401979,2.767229245,601.034411227,3.95318463571,152.038031767,0.795193018206,1.25755631288,0.0345630950288
NEMO,ARXIV,42,mt,16,14,5,3,1,1,256,531.907353178,5.534458505,601.034409598,7.90636929286,76.0190154717,0.859921416793,1.16289695834,0.0432874006396
NEMO,ARXIV,43,mt,4,4,7,11,1,1,384,506.316978544,1.346417824,594.036585525,1.92345403429,308.838461921,0.961786251635,0.961786251635,0.0521996428067
NEMO,ARXIV,44,bstar+mt,4,8,7,5,3,1,512,505.358692557,1.339817512,587.544065805,1.91402501714,306.967808959,0.946611145307,0.946611145307,0.026025510483
NEMO,ARXIV,45,bstar+mt,4,6,9,5,3,1,640,521.127155505,1.268065515,587.183717161,1.81152216429,324.138301334,0.895367271165,0.895367271165,0.0356990059083
NEMO,ARXIV,46,mt,8,12,5,5,1,1,256,495.978476775,2.767229245,587.159238466,3.95318463571,148.528159591,0.976914511878,0.976914511878,0.0353108939252
NEMO,ARXIV,47,mt,8,12,7,3,1,1,384,502.813943743,2.69283566,584.481632738,3.84690808571,151.935429627,0.946316127496,0.946316127496,0.0238165161644
NEMO,ARXIV,48,bstar+mt,4,8,7,5,3,1,640,476.765065429,1.480184876,561.82171125,2.11454982286,265.693295649,0.956807375324,1.04514244538,0.0247498915905
NEMO,ARXIV,49,mt,8,10,7,3,3,1,640,509.878059713,2.960369767,561.821708403,4.22909966714,132.846646478,0.803749299268,1.24416904738,0.0191842811446
NEMO,ARXIV,50,mt,16,10,7,3,3,1,640,610.096190051,5.921947673,561.707090923,8.45992524714,66.3962239043,0.441372229768,2.26566134559,0.0260613019743
NEMO,ARXIV,51,mt,4,4,7,9,3,1,512,490.255812883,1.341919584,549.336154724,1.91702797714,286.556149036,0.88644173187,0.88644173187,0.0503631170123
NEMO,ARXIV,52,mt,4,4,7,9,3,1,640,463.341404306,1.482286948,549.137058569,2.11755278286,259.326267102,0.978810359043,0.978810359043,0.047826388516
NEMO,ARXIV,53,mt,4,10,5,7,1,1,384,480.186104225,1.532686501,542.576710539,2.18955214429,247.802598333,0.859860107426,1.16297987471,0.0225707933563
NEMO,ARXIV,54,mt,8,14,5,3,1,1,384,466.070307399,3.065373011,542.576708946,4.37910430143,123.901298439,0.928304122072,1.07723317846,0.0267952534915
NEMO,ARXIV,55,mt,16,14,5,3,1,1,384,580.781401224,6.130746041,542.576707264,8.75820863,61.9506488354,0.468436923499,2.13475913156,0.037757254232
NEMO,ARXIV,56,bstar+mt,4,10,7,5,1,1,512,465.927808493,1.538763224,540.434023266,2.19823317714,245.849270626,0.919818707599,1.0871707563,0.0194375655542
NEMO,ARXIV,57,mt,8,12,7,3,1,1,512,497.584352574,3.077526472,540.434019051,4.39646638857,122.924633396,0.772230763512,1.29494970578,0.0184292364007
NEMO,ARXIV,58,mt,16,12,7,3,1,1,512,603.661144475,6.155052948,540.4340187,8.79293278286,61.4623166179,0.390521134734,2.56068087245,0.026698743934
NEMO,ARXIV,59,mt,8,2,7,11,3,1,512,484.071357255,2.705381637,539.268159181,3.86483091,139.532148169,0.87718024006,0.87718024006,0.087797745286
NEMO,ARXIV,60,mt,8,2,7,11,3,1,640,458.026085742,2.984065357,539.163778546,4.26295051,126.476668514,0.967352064279,0.967352064279,0.0834218240109
NEMO,ARXIV,61,mt,4,4,5,11,1,3,256,475.188163823,1.38361462,532.044650251,1.97659231429,269.172679872,0.885214955003,0.885214955003,0.0488136666174
NEMO,ARXIV,62,bstar+mt,4,10,7,5,1,1,640,440.876736459,1.683022292,494.111102362,2.40431756,205.509917069,0.841493195267,1.18836373915,0.0186331092257
NEMO,ARXIV,63,mt,8,12,7,3,1,1,640,469.044954674,3.366044584,494.111102362,4.80863512,102.754958534,0.706881642956,1.41466398225,0.0151283483669
NEMO,ARXIV,64,mt,16,12,7,3,1,1,640,552.617436221,6.732089172,494.111102068,9.61727024571,51.3774792061,0.388257371853,2.57561110875,0.0209174481087
NEMO,ARXIV,65,bstar+mt,4,12,5,5,1,1,384,432.86611236,1.532686501,490.175414174,2.18955214429,223.870171557,0.903421405034,0.903421405034,0.0231726704085
NEMO,ARXIV,66,bstar+mt,4,12,5,5,1,1,512,434.612898753,1.722478962,482.792543971,2.46068423143,196.202559355,0.821712909838,1.21697004882,0.0180119872603
NEMO,ARXIV,67,mt,8,14,5,3,1,1,512,462.03197577,3.444957924,482.792543971,4.92136846286,98.1012796775,0.689866369816,1.4495560934,0.0210872855541
NEMO,ARXIV,68,mt,16,14,5,3,1,1,512,552.10269609,6.890181313,482.773942933,9.84311616143,49.0468602641,0.348855589194,2.86651563276,0.0310784920102
NEMO,ARXIV,69,mt,2,6,5,11,1,1,512,399.81094946,0.861239486,475.608874481,1.23034212286,386.566358776,0.985120593062,0.985120593062,0.0339678093485
NEMO,ARXIV,70,mt,4,6,5,11,1,1,256,451.197818777,1.38361462,475.43702171,1.97659231429,240.533679239,0.79103128202,0.79103128202,0.0309166526501
NEMO,ARXIV,71,mt,16,16,5,1,1,1,512,398.564692018,6.890181313,472.121686532,9.84311616143,47.9646565975,0.97793531205,0.97793531205,0.0198729465463
NEMO,ARXIV,72,bstar+mt,2,8,5,9,1,1,512,386.661773525,0.861239486,440.008571367,1.23034212286,357.631071222,0.911382289177,0.911382289177,0.0245295434763
NEMO,ARXIV,73,bstar+mt,2,6,7,9,1,1,640,391.64105955,0.841511144,439.880247002,1.20215877714,365.908609882,0.8902456226,0.8902456226,0.0331026640928
NEMO,ARXIV,74,bstar+mt,4,8,5,9,1,1,256,434.525195772,1.38361462,439.868347404,1.97659231429,222.538732051,0.731852184155,0.731852184155,0.0262749966824
NEMO,ARXIV,75,bstar+mt,2,8,5,9,1,1,640,365.174310615,0.951436684,437.023300649,1.35919526286,321.53091803,0.993505172437,1.00653728611,0.0233095120979
NEMO,ARXIV,76,mt,4,12,5,5,1,1,640,407.619630458,1.902873381,437.023297663,2.71839054429,160.765456818,0.744270123457,1.34359820243,0.0147077997234
NEMO,ARXIV,77,mt,8,14,5,3,1,1,640,431.58295527,3.805746781,437.023295481,5.43678111571,80.3827276066,0.625211098563,1.59945977015,0.0162050513236
NEMO,ARXIV,78,mt,16,14,5,3,1,1,640,501.266257903,7.613003736,436.936604178,10.8757196229,40.1754200485,0.343331402379,2.9126377403,0.0227705961847
NEMO,ARXIV,79,mt,16,16,5,1,1,1,640,363.151150681,7.613003736,434.174292757,10.8757196229,39.9214312076,0.993678004099,0.993678004099,0.0145033989111
NEMO,ARXIV,80,mt,2,6,5,11,1,1,384,391.981601139,0.766343248,396.510705789,1.09477606857,362.184301586,0.730791972441,0.730791972441,0.0332832796975
NEMO,ARXIV,81,mt,16,16,5,1,1,1,384,391.327492443,6.130746041,395.174367726,8.75820863,45.1204560682,0.728329031518,0.728329031518,0.0260215202751
NEMO,ARXIV,82,bstar+mt,2,10,5,7,1,1,512,361.255019863,0.861239486,379.296624753,1.23034212286,308.285490439,0.785630664127,0.785630664127,0.0183325775304
NEMO,ARXIV,83,bstar+mt,2,10,5,7,1,1,640,342.420164723,0.951436684,379.177541163,1.35919526286,278.972088503,0.867636898535,0.867636898535,0.0173567489355
NEMO,ARXIV,84,bstar+mt,4,10,5,7,1,1,256,402.684979247,1.38361462,379.16934613,1.97659231429,191.829819123,0.630861292402,0.630861292402,0.0282774875786
NEMO,ARXIV,85,mt,4,2,5,13,1,3,256,398.440364222,1.398054889,375.101652548,1.99722127,187.811765367,0.630606901415,0.630606901415,0.0835700661649
NEMO,ARXIV,86,mt,4,2,5,13,1,3,384,379.172738174,1.549492251,375.084206404,2.21356035857,169.448375307,0.698881759615,0.698881759615,0.0785596314349
NEMO,ARXIV,87,mt,4,2,5,13,1,3,512,357.562577068,1.738738099,375.057477558,2.48391157,150.994698076,0.784183171652,0.784183171652,0.0735243105671
NEMO,ARXIV,88,mt,4,2,5,13,1,3,640,339.259848201,1.917808164,375.015985056,2.73972594857,136.880838484,0.86484934797,0.86484934797,0.0696729633482
NEMO,ARXIV,89,bstar+mt,2,8,5,9,1,1,384,376.928841733,0.766343248,366.87002272,1.09477606857,335.109647765,0.676162493519,0.676162493519,0.0241745625609
NEMO,ARXIV,90,mt,4,12,3,7,1,1,256,306.668214092,2.30731116,360.419528331,3.2961588,109.345316837,0.950550280527,1.05202220281,0.0248921045267
NEMO,ARXIV,91,mt,8,14,3,5,1,1,256,357.943261113,4.614622329,360.419527628,6.59231761286,54.6726582052,0.613836084006,1.62909940627,0.0337923233008
NEMO,ARXIV,92,mt,16,16,3,3,1,1,256,376.286571447,9.229244685,360.419526574,13.1846352643,27.3363289427,0.515665101667,1.93924311877,0.0440940689073
NEMO,ARXIV,93,mt,4,14,5,3,1,1,512,348.352994651,1.722478962,351.925994187,2.46068423143,143.019567359,0.728938337142,0.728938337142,0.0168563117859
NEMO,ARXIV,94,mt,4,14,5,3,1,1,640,330.758842095,1.902873381,351.715015171,2.71839054429,129.383548626,0.804796945728,0.804796945728,0.0127422294447
NEMO,ARXIV,95,mt,8,16,3,3,1,1,256,297.278328619,4.614622329,351.699089073,6.59231761286,53.3498398783,0.975804755607,0.975804755607,0.0317442509598
NEMO,ARXIV,96,mt,2,4,5,11,1,3,384,358.011718348,0.767219108,332.980374137,1.09602729714,303.806643324,0.614403332436,0.614403332436,0.0465145122696
NEMO,ARXIV,97,mt,2,4,5,11,1,3,512,338.531382019,0.862553276,332.928048922,1.23221896571,270.185785307,0.690640161784,0.690640161784,0.0433272464428
NEMO,ARXIV,98,mt,2,4,5,11,1,3,640,321.948532769,0.952750474,332.860781977,1.36107210571,244.557786894,0.762706271775,0.762706271775,0.0408974860566
NEMO,ARXIV,99,mt,2,4,3,13,1,3,256,289.398989231,1.153655565,330.41336033,1.64807937857,200.483887261,0.916746541355,0.916746541355,0.0367269073737
NEMO,ARXIV,100,mt,2,10,3,9,1,1,384,284.592646138,1.27764276,325.443083949,1.82520394286,178.305052004,0.887080065949,1.12729395957,0.0164310715597
NEMO,ARXIV,101,mt,4,14,3,5,1,1,384,315.362233052,2.555285529,325.443082803,3.65040789857,89.1525253741,0.663931877024,1.50617862255,0.0219608072341
NEMO,ARXIV,102,mt,8,16,3,3,1,1,384,332.626764648,5.110571073,325.443081848,7.30081581857,44.5762624254,0.556806345348,1.79595654459,0.0270412614013
NEMO,ARXIV,103,mt,2,12,3,7,1,1,384,267.961475282,1.27764276,316.262335812,1.82520394286,173.275067178,0.971790003875,0.971790003875,0.0177682980421
NEMO,ARXIV,104,bstar+mt,2,12,5,5,1,1,512,317.772226075,0.861239486,294.635859541,1.23034212286,239.474739642,0.610274257404,0.610274257404,0.0161447672539
NEMO,ARXIV,105,bstar+mt,2,12,5,5,1,1,640,303.096455277,0.951436684,294.544823684,1.35919526286,216.705304773,0.673979678536,0.673979678536,0.0129641745969
NEMO,ARXIV,106,mt,4,14,3,5,1,1,256,274.74381532,2.30731116,294.538100197,3.2961588,89.3579824482,0.817209049578,0.817209049578,0.0264524375304
NEMO,ARXIV,107,mt,4,16,3,3,1,1,384,259.475493982,2.555285529,293.596987343,3.65040789857,80.4285426452,0.902145422216,0.902145422216,0.0208348322486
NEMO,ARXIV,108,mt,4,16,3,3,1,1,512,260.564997863,2.871468186,289.607944833,4.10209740857,70.5999677696,0.822922857694,1.21518073128,0.016193925861
NEMO,ARXIV,109,mt,8,16,3,3,1,1,512,319.334250664,5.742936372,289.607944833,8.20419481714,35.2999838848,0.413823254039,2.41649059167,0.0220532930986
NEMO,ARXIV,110,mt,2,14,3,5,1,1,512,243.068253809,1.435734102,289.607943017,2.05104871714,141.199933769,0.98293515076,1.01736111403,0.0145595095881
NEMO,ARXIV,111,mt,2,6,3,11,1,3,256,261.881286464,1.153655565,266.475798934,1.64807937857,161.68869194,0.739348937899,0.739348937899,0.0222185200997
NEMO,ARXIV,112,mt,2,14,3,5,1,1,640,228.938784339,1.586244546,262.128560851,2.26606363714,115.675727969,0.889944550958,1.12366551256,0.0110979580019
NEMO,ARXIV,113,mt,4,16,3,3,1,1,640,244.37623798,3.172489113,262.128559115,4.53212730429,57.8378632188,0.745286802691,1.34176533972,0.0123959612767
NEMO,ARXIV,114,mt,8,16,3,3,1,1,640,295.355379801,6.344978259,262.128557752,9.06425465571,28.9189313086,0.375004456859,2.66663497382,0.0171377873721
NEMO,ARXIV,115,mt,2,14,3,5,1,1,384,238.881657135,1.27764276,245.668918386,1.82520394286,134.598064697,0.754875216289,0.754875216289,0.0189763488861
NEMO,ARXIV,116,mt,2,8,3,11,1,1,256,247.353130678,1.153655565,238.024737435,1.64807937857,144.42552982,0.660410204304,0.660410204304,0.0186417362398
NEMO,ARXIV,117,mt,2,10,3,9,1,1,256,237.41323546,1.153655565,220.275573554,1.64807937857,133.655924841,0.611164360903,0.611164360903,0.0206729644979
NEMO,ARXIV,118,mt,2,12,3,7,1,1,256,218.571969026,1.153655565,189.899546938,1.64807937857,115.224757622,0.526884726108,0.526884726108,0.0228568275951
NEMO,ARXIV,119,mt,2,2,3,15,1,3,256,216.187109157,1.166052711,187.788419539,1.66578958714,112.732376879,0.526626252279,0.526626252279,0.0578815797603
NEMO,ARXIV,120,mt,2,2,3,15,1,3,384,206.690622639,1.29225642,187.784046844,1.8460806,101.720394464,0.583610245569,0.583610245569,0.0541783078826
NEMO,ARXIV,121,mt,2,2,3,15,1,3,512,195.934476966,1.449965289,187.777347142,2.07137898429,90.6533032179,0.654811532987,0.654811532987,0.0504564586477
NEMO,ARXIV,122,mt,2,2,3,15,1,3,640,186.725859871,1.599385755,187.766910664,2.28483679286,82.1795724099,0.722250414083,0.722250414083,0.0476067908232
NEMO,ARXIV,123,mt,2,16,3,3,1,1,512,190.461233727,1.435734102,176.469456755,2.05104871714,86.0386470978,0.609339146282,0.609339146282,0.014518464597
NEMO,ARXIV,124,mt,2,16,3,3,1,1,640,181.664498157,1.586244546,176.416158662,2.26606363714,77.8513700013,0.673013875669,0.673013875669,0.0109286500269
NEMO,ARXIV,125,mt,4,16,3,3,1,1,256,209.360152803,2.30731116,176.411832718,3.2961588,53.5204289059,0.489462470402,0.489462470402,0.0271019403088
NEMO,ARXIV,126,mt,2,14,3,5,1,1,256,187.554622264,1.153655565,147.510074201,1.64807937857,89.504229055,0.409273251551,0.409273251551,0.025315479442
NEMO,ARXIV,127,mt,2,16,3,3,1,1,384,180.210905738,1.27764276,147.139317391,1.82520394286,80.6152747846,0.452119970121,0.452119970121,0.0196281300528
NEMO,ARXIV,128,mt,2,16,1,5,1,1,256,110.098642226,3.381740096,122.954451908,4.83105728,25.4508371112,0.833532574468,1.19971316135,0.0168501182378
NEMO,ARXIV,129,mt,16,4,9,7,3,1,256,901.84094483,3.687065415,902.180901502,5.26723630714,171.28164542,0.600753917137,1.66457508054,0.0853840314175
NEMO,ARXIV,130,mt,16,4,9,5,3,3,256,830.255435176,3.687065415,902.180901502,5.26723630714,171.28164542,0.773261055039,1.2932243173,0.0734844135511
NEMO,ARXIV,131,mt,16,4,9,5,5,1,256,830.255435176,3.687065415,902.180901502,5.26723630714,171.28164542,0.773261055039,1.2932243173,0.0734844135511
NEMO,ARXIV,132,bstar+mt,16,4,13,3,3,1,384,871.443490345,2.726501404,871.440519501,3.89500200571,223.73300918,0.714280844132,0.714280844132,0.0742857963886
NEMO,ARXIV,133,mt,16,4,11,3,3,3,384,774.222367799,3.411251527,871.440519501,4.87321646714,178.822452353,0.893669673772,0.893669673772,0.0655873400632
NEMO,ARXIV,134,mt,16,4,11,3,5,1,384,774.222367799,3.411251527,871.440519501,4.87321646714,178.822452353,0.893669673772,0.893669673772,0.0655873400632
NEMO,ARXIV,135,mt,16,4,11,5,3,1,512,868.687335939,3.834930452,867.395130534,5.47847207429,158.327927709,0.597024924039,1.67497194796,0.0824121561595
NEMO,ARXIV,136,mt,16,4,11,3,3,3,512,723.880401804,3.834930452,867.395130534,5.47847207429,158.327927709,0.996515027543,1.00349715996,0.0617249541394
NEMO,ARXIV,137,mt,16,4,11,3,5,1,512,723.880401804,3.834930452,867.395130534,5.47847207429,158.327927709,0.996515027543,1.00349715996,0.0617249541394
NEMO,ARXIV,138,bstar+mt,16,2,11,7,3,1,256,807.18115084,3.109473998,855.390010264,4.44210571143,192.564082404,0.799607081248,0.799607081248,0.1367572303
NEMO,ARXIV,139,mt,16,2,9,7,3,3,256,730.874665545,3.724118445,855.390010264,5.32016920714,160.78248209,0.957664055703,0.957664055703,0.124215048826
NEMO,ARXIV,140,mt,16,2,9,7,5,1,256,730.874665545,3.724118445,855.390010264,5.32016920714,160.78248209,0.957664055703,0.957664055703,0.124215048826
NEMO,ARXIV,141,mt,16,6,9,5,3,1,384,894.143732972,4.085547972,814.186988575,5.83649710286,139.499253444,0.421154605353,2.37442494345,0.0650560568339
NEMO,ARXIV,142,mt,16,6,9,3,3,3,384,774.33457303,4.085547972,814.186988575,5.83649710286,139.499253444,0.702933323481,1.42261003511,0.0467058710067
NEMO,ARXIV,143,mt,16,6,9,3,5,1,384,774.33457303,4.085547972,814.186988575,5.83649710286,139.499253444,0.702933323481,1.42261003511,0.0467058710067
NEMO,ARXIV,144,mt,16,4,9,7,3,1,384,886.75815137,4.089752106,813.350030463,5.84250300857,139.212599338,0.434434855109,2.30184108904,0.0953868967611
NEMO,ARXIV,145,mt,16,4,9,5,3,3,384,830.30440401,4.089752106,813.350030463,5.84250300857,139.212599338,0.559161065592,1.78839347289,0.0805539070947
NEMO,ARXIV,146,mt,16,4,9,3,3,5,384,697.155267613,4.089752106,813.350030463,5.84250300857,139.212599338,0.933339697044,1.0714212662,0.059841294944
NEMO,ARXIV,147,mt,16,4,9,5,5,1,384,830.30440401,4.089752106,813.350030463,5.84250300857,139.212599338,0.559161065592,1.78839347289,0.0805539070947
NEMO,ARXIV,148,mt,16,4,9,3,5,3,384,697.155267613,4.089752106,813.350030463,5.84250300857,139.212599338,0.933339697044,1.0714212662,0.059841294944
NEMO,ARXIV,149,mt,16,4,9,3,7,1,384,697.155267613,4.089752106,813.350030463,5.84250300857,139.212599338,0.933339697044,1.0714212662,0.059841294944
NEMO,ARXIV,150,mt,16,2,9,9,3,1,384,728.638899114,4.127927796,805.828048452,5.89703970857,136.649588315,0.811872161729,1.23172101119,0.127751892595
NEMO,ARXIV,151,mt,16,2,9,7,3,3,384,688.077642076,4.127927796,805.828048452,5.89703970857,136.649588315,0.94225906838,1.06127925276,0.117995181471
NEMO,ARXIV,152,mt,16,2,9,7,5,1,384,688.077642076,4.127927796,805.828048452,5.89703970857,136.649588315,0.94225906838,1.06127925276,0.117995181471
NEMO,ARXIV,153,mt,16,4,11,5,3,1,640,808.965871165,4.236291715,785.215047449,6.05184530714,129.748036772,0.541281024175,1.84746916174,0.0794150306768
NEMO,ARXIV,154,mt,16,4,11,3,3,3,640,681.775828393,4.236291715,785.215047449,6.05184530714,129.748036772,0.90344055846,1.10687968415,0.0587602201272
NEMO,ARXIV,155,mt,16,4,11,3,5,1,640,681.775828393,4.236291715,785.215047449,6.05184530714,129.748036772,0.90344055846,1.10687968415,0.0587602201272
NEMO,ARXIV,156,mt,16,4,7,9,3,1,256,838.333210879,4.3054367,772.60455368,6.15062385714,125.614014387,0.443192047394,2.25635817673,0.0893602750346
NEMO,ARXIV,157,mt,16,4,7,7,3,3,256,807.12099181,4.3054367,772.60455368,6.15062385714,125.614014387,0.514470225703,1.94374708203,0.0807816691548
NEMO,ARXIV,158,mt,16,4,7,5,3,5,256,749.300953772,4.3054367,772.60455368,6.15062385714,125.614014387,0.662200908168,1.51011571815,0.0688820512884
NEMO,ARXIV,159,mt,16,4,7,7,5,1,256,807.12099181,4.3054367,772.60455368,6.15062385714,125.614014387,0.514470225703,1.94374708203,0.0807816691548
NEMO,ARXIV,160,mt,16,4,7,5,5,3,256,749.300953772,4.3054367,772.60455368,6.15062385714,125.614014387,0.662200908168,1.51011571815,0.0688820512884
NEMO,ARXIV,161,mt,16,4,7,5,7,1,256,749.300953772,4.3054367,772.60455368,6.15062385714,125.614014387,0.662200908168,1.51011571815,0.0688820512884
NEMO,ARXIV,162,mt,16,6,7,7,3,1,256,807.12099181,4.3054367,772.60455368,6.15062385714,125.614014387,0.514470225703,1.94374708203,0.0538544461032
NEMO,ARXIV,163,mt,16,6,7,5,3,3,256,749.300953772,4.3054367,772.60455368,6.15062385714,125.614014387,0.662200908168,1.51011571815,0.0459213675256
NEMO,ARXIV,164,mt,16,6,7,5,5,1,256,749.300953772,4.3054367,772.60455368,6.15062385714,125.614014387,0.662200908168,1.51011571815,0.0459213675256
NEMO,ARXIV,165,mt,16,2,7,11,3,1,256,724.097891476,4.350846813,764.540822274,6.21549544714,123.005612147,0.711705699669,1.40507516023,0.130621417663
NEMO,ARXIV,166,mt,16,2,7,9,3,3,256,704.602715597,4.350846813,764.540822274,6.21549544714,123.005612147,0.770133056119,1.29847692169,0.124831988181
NEMO,ARXIV,167,mt,16,2,7,7,3,5,256,666.617368404,4.350846813,764.540822274,6.21549544714,123.005612147,0.893792086768,1.11882843315,0.115075145383
NEMO,ARXIV,168,mt,16,2,7,9,5,1,256,704.602715597,4.350846813,764.540822274,6.21549544714,123.005612147,0.770133056119,1.29847692169,0.124831988181
NEMO,ARXIV,169,mt,16,2,7,7,5,3,256,666.617368404,4.350846813,764.540822274,6.21549544714,123.005612147,0.893792086768,1.11882843315,0.115075145383
NEMO,ARXIV,170,mt,16,2,7,7,7,1,256,666.617368404,4.350846813,764.540822274,6.21549544714,123.005612147,0.893792086768,1.11882843315,0.115075145383
NEMO,ARXIV,171,bstar+mt,8,4,9,7,3,1,256,695.691869596,1.843532703,755.834618095,2.63361814714,286.994763806,0.837786096992,0.837786096992,0.0630695956813
NEMO,ARXIV,172,mt,8,4,7,7,3,3,256,637.939561754,2.152718344,755.834618095,3.07531192,245.774945032,0.978294280545,0.978294280545,0.0581406141593
NEMO,ARXIV,173,mt,8,4,7,7,5,1,256,637.939561754,2.152718344,755.834618095,3.07531192,245.774945032,0.978294280545,0.978294280545,0.0581406141593
NEMO,ARXIV,174,bstar+mt,8,4,11,5,3,1,384,714.285288257,1.705625761,732.982124948,2.43660823,300.820671917,0.751679409971,0.751679409971,0.064975078007
NEMO,ARXIV,175,mt,8,4,9,5,3,3,384,648.179320636,2.04487605,732.982124948,2.9212515,250.913735071,0.90118902861,0.90118902861,0.0588212490316
NEMO,ARXIV,176,mt,8,4,9,5,5,1,384,648.179320636,2.04487605,732.982124948,2.9212515,250.913735071,0.90118902861,0.90118902861,0.0588212490316
NEMO,ARXIV,177,mt,16,6,9,5,3,1,512,845.421407279,4.592096679,724.374993064,6.56013811286,110.420692461,0.313642419809,3.18834423165,0.0718405458408
NEMO,ARXIV,178,mt,16,6,9,3,3,3,512,753.208539634,4.592096679,724.374993064,6.56013811286,110.420692461,0.523438078426,1.91044565005,0.0499213991438
NEMO,ARXIV,179,mt,16,6,9,3,5,1,512,753.208539634,4.592096679,724.374993064,6.56013811286,110.420692461,0.523438078426,1.91044565005,0.0499213991438
NEMO,ARXIV,180,mt,8,4,9,7,3,1,512,667.605105339,2.299121802,723.406649684,3.28445971714,220.251338723,0.767169315808,1.30349321772,0.0633871009314
NEMO,ARXIV,181,mt,8,4,9,5,3,3,512,605.988123982,2.299121802,723.406649684,3.28445971714,220.251338723,0.98752748133,1.01263004717,0.0553831819238
NEMO,ARXIV,182,mt,8,4,9,5,5,1,512,605.988123982,2.299121802,723.406649684,3.28445971714,220.251338723,0.98752748133,1.01263004717,0.0553831819238
NEMO,ARXIV,183,mt,16,4,9,7,3,1,512,809.695918468,4.598243604,723.406649684,6.56891943429,110.125669362,0.386860062362,2.58491402264,0.092112019916
NEMO,ARXIV,184,mt,16,4,9,5,3,3,512,762.315951609,4.598243604,723.406649684,6.56891943429,110.125669362,0.497918174628,2.00836211843,0.0772978960212
NEMO,ARXIV,185,mt,16,4,9,3,3,5,512,648.477502371,4.598243604,723.406649684,6.56891943429,110.125669362,0.831092511427,1.20323548372,0.056610694001
NEMO,ARXIV,186,mt,16,4,9,5,5,1,512,762.315951609,4.598243604,723.406649684,6.56891943429,110.125669362,0.497918174628,2.00836211843,0.0772978960212
NEMO,ARXIV,187,mt,16,4,9,3,5,3,512,648.477502371,4.598243604,723.406649684,6.56891943429,110.125669362,0.831092511427,1.20323548372,0.056610694001
NEMO,ARXIV,188,mt,16,4,9,3,7,1,512,648.477502371,4.598243604,723.406649684,6.56891943429,110.125669362,0.831092511427,1.20323548372,0.056610694001
NEMO,ARXIV,189,mt,16,2,9,9,3,1,512,676.242424185,4.632567435,718.046751974,6.61795347857,108.499818607,0.723637104961,1.38190813205,0.121496226593
NEMO,ARXIV,190,mt,16,2,9,7,3,3,512,641.145004154,4.632567435,718.046751974,6.61795347857,108.499818607,0.83988878435,1.1906338299,0.111739718505
NEMO,ARXIV,191,mt,16,2,9,7,5,1,512,641.145004154,4.632567435,718.046751974,6.61795347857,108.499818607,0.83988878435,1.1906338299,0.111739718505
NEMO,ARXIV,192,bstar+mt,8,6,11,3,3,1,512,657.833640164,1.914312124,699.834873961,2.73473160571,255.906236831,0.80549686389,0.80549686389,0.0397803555732
NEMO,ARXIV,193,bstar,2,6,7,9,1,1,512,411.252404429,0.769381604,440.008571367,1.09911657714,400.329301293,0.814176287667,0.814176287667,0.0347489963796
NEMO,ARXIV,194,bstar,2,6,7,9,1,1,384,400.604299851,0.673208904,366.87002272,0.961727005714,381.47002272,0.593987892992,0.593987892992,0.0348931152363
NEMO,ARXIV,195,bstar,4,6,9,5,3,1,512,550.261794691,1.14798435,587.544065805,1.63997764286,358.263460703,0.811076710533,0.811076710533,0.0376795160397
NEMO,ARXIV,196,bstar,2,4,9,7,3,1,384,336.959118966,0.511219008,237.295101612,0.730312868571,324.922525433,0.291750280061,0.291750280061,0.0558556882956
NEMO,ARXIV,197,bstar,4,4,9,7,3,1,384,521.843843662,1.022438025,473.644524101,1.46062575,324.275074639,0.582337868896,0.582337868896,0.0554444303656
NEMO,ARXIV,198,bstar,2,4,9,7,3,1,512,325.198296477,0.574780452,237.258844179,0.821114931429,288.94718035,0.327974376379,0.327974376379,0.0510720796312
NEMO,ARXIV,199,bstar,2,10,5,7,1,1,384,348.297815685,0.766343248,316.262335812,1.09477606857,288.883128606,0.58288962397,0.58288962397,0.0203833290486
NEMO,ARXIV,200,bstar,2,4,9,7,3,1,256,293.352463825,0.460883169,189.899546938,0.658404527143,288.423817135,0.210489429977,0.210489429977,0.0580585238874
NEMO,ARXIV,201,bstar,4,4,9,7,3,1,512,494.166156382,1.149560904,473.499645349,1.64222986286,288.327265298,0.654541462663,0.654541462663,0.0515633786698
NEMO,ARXIV,202,bstar,4,4,9,7,3,1,256,477.425051675,0.92176635,379.16934613,1.31680907143,287.945575678,0.420280837198,0.420280837198,0.0552012706382
NEMO,ARXIV,203,bstar,2,4,9,7,3,1,640,314.808008255,0.634821027,237.212243757,0.906887181429,261.567534105,0.362162867242,0.362162867242,0.0474322329888
NEMO,ARXIV,204,bstar,4,4,9,7,3,1,640,470.565752149,1.269642069,473.31486301,1.81377438429,260.955754536,0.722631628139,0.722631628139,0.0486078944839
NEMO,ARXIV,205,bstar,4,10,7,5,1,1,384,464.383775934,1.346417824,490.175414174,1.92345403429,254.841241556,0.79362784335,0.79362784335,0.0213059136869
NEMO,ARXIV,206,bstar,2,6,7,9,1,1,256,302.953427478,0.612386312,220.275573554,0.874837588571,251.790248191,0.324419783819,0.324419783819,0.0318716657669
NEMO,ARXIV,207,bstar,4,6,7,9,1,1,256,461.327570138,1.224772624,439.868347404,1.74967517714,251.400004498,0.647833946686,0.647833946686,0.0321338241483
NEMO,ARXIV,208,bstar,2,12,5,5,1,1,384,300.715735192,0.766343248,245.668918386,1.09477606857,224.401067432,0.452781906803,0.452781906803,0.0218258765864
NEMO,ARXIV,209,bstar,2,8,5,9,1,1,256,291.159572343,0.691807301,220.275573554,0.988296144286,222.884177812,0.366494107783,0.366494107783,0.0255840769631
NEMO,ARXIV,210,bstar,2,2,11,7,3,1,256,189.145808489,0.388684237,107.931310787,0.555263195714,194.378650737,0.100892734925,0.100892734925,0.125220060671
NEMO,ARXIV,211,bstar,4,2,11,7,3,1,256,336.274860691,0.777368489,215.572319178,1.11052641286,194.117237269,0.201514102969,0.201514102969,0.110745893892
NEMO,ARXIV,212,bstar,8,2,11,7,3,1,256,550.305538425,1.554736989,429.988517157,2.22105284143,193.596707443,0.401947482244,0.401947482244,0.114098711723
NEMO,ARXIV,213,bstar,2,10,5,7,1,1,256,263.322141514,0.691807301,189.899546938,0.988296144286,192.148424372,0.315954528687,0.315954528687,0.0281575471128
NEMO,ARXIV,214,bstar,2,2,11,7,3,1,384,186.641265188,0.43075214,107.928421871,0.6153602,175.390644164,0.111809520653,0.111809520653,0.114111332669
NEMO,ARXIV,215,bstar,4,2,11,7,3,1,384,328.439237039,0.861504291,215.56079488,1.23072041571,175.150092684,0.2233123494,0.2233123494,0.101743250297
NEMO,ARXIV,216,bstar,8,2,11,7,3,1,384,529.627995012,1.72300859,429.942669295,2.46144084286,174.671136437,0.445403386485,0.445403386485,0.106146957927
NEMO,ARXIV,217,bstar,8,10,7,3,3,1,384,537.919396481,2.384448351,584.481632738,3.40635478714,171.585659528,0.837942679997,0.837942679997,0.0217706780851
NEMO,ARXIV,218,bstar_fill,2,6,7,7,3,1,512,408.827062748,0.66990876,379.296624753,0.957012514286,396.334028125,0.6110969975,0.6110969975,0.0354413787971
NEMO,ARXIV,219,bstar_fill,2,6,7,7,3,1,384,386.918787013,0.596112084,316.262335812,0.851588691429,371.379210405,0.453409812631,0.453409812631,0.0359306223842
NEMO,ARXIV,220,bstar_fill,2,6,9,5,3,1,512,375.470258009,0.573992178,294.635859541,0.819988825714,359.316920306,0.406730829088,0.406730829088,0.0361168286607
NEMO,ARXIV,221,bstar_fill,2,6,7,7,3,1,640,389.925820827,0.740092433,379.177541163,1.05727490429,358.636660745,0.674907236599,0.674907236599,0.0333510393558
NEMO,ARXIV,222,bstar_fill,2,6,5,9,1,3,512,386.661773525,0.861239486,440.008571367,1.23034212286,357.631071222,0.911382289177,0.911382289177,0.0327060579684
NEMO,ARXIV,223,bstar_fill,2,6,5,9,3,1,512,386.661773525,0.861239486,440.008571367,1.23034212286,357.631071222,0.911382289177,0.911382289177,0.0327060579684
NEMO,ARXIV,224,bstar_fill,2,6,9,7,1,1,512,382.630895145,0.769381604,379.296624753,1.09911657714,345.09226104,0.701837050371,0.701837050371,0.0325972342952
NEMO,ARXIV,225,bstar_fill,2,6,7,7,1,3,512,382.630895145,0.769381604,379.296624753,1.09911657714,345.09226104,0.701837050371,0.701837050371,0.0325972342952
NEMO,ARXIV,226,bstar_fill,2,8,7,7,1,1,512,382.630895145,0.769381604,379.296624753,1.09911657714,345.09226104,0.701837050371,0.701837050371,0.0244479257214
NEMO,ARXIV,227,bstar_fill,2,6,9,5,3,1,384,345.42160971,0.510693492,245.668918386,0.729562131429,336.734745134,0.30173525206,0.30173525206,0.0375635751789
NEMO,ARXIV,228,bstar_fill,4,6,9,5,3,1,384,531.972517542,1.021386987,490.175414174,1.45912426714,335.938086434,0.602042796278,0.602042796278,0.0374617646218
NEMO,ARXIV,229,bstar_fill,2,6,5,9,1,3,384,376.928841733,0.766343248,366.87002272,1.09477606857,335.109647765,0.676162493519,0.676162493519,0.0322327500812
NEMO,ARXIV,230,bstar_fill,2,6,5,9,3,1,384,376.928841733,0.766343248,366.87002272,1.09477606857,335.109647765,0.676162493519,0.676162493519,0.0322327500812
NEMO,ARXIV,231,bstar_fill,2,6,9,7,1,1,384,368.417169464,0.673208904,316.262335812,0.961727005714,328.848346707,0.512050554278,0.512050554278,0.0330994698677
NEMO,ARXIV,232,bstar_fill,2,6,7,7,1,3,384,368.417169464,0.673208904,316.262335812,0.961727005714,328.848346707,0.512050554278,0.512050554278,0.0330994698677
NEMO,ARXIV,233,bstar_fill,2,8,7,7,1,1,384,368.417169464,0.673208904,316.262335812,0.961727005714,328.848346707,0.512050554278,0.512050554278,0.0248246024008
NEMO,ARXIV,234,bstar_fill,2,6,9,5,3,1,640,361.672847394,0.634032753,294.544823684,0.905761075714,325.190418954,0.449136761525,0.449136761525,0.0336823402056
NEMO,ARXIV,235,bstar_fill,2,4,7,9,3,1,384,354.458051797,0.596812772,275.258701891,0.852589674286,322.850147255,0.395088765976,0.395088765976,0.0516725113953
NEMO,ARXIV,236,bstar_fill,4,4,7,9,3,1,384,522.284286277,1.193625556,549.492365216,1.70517936571,322.249011608,0.788706264969,0.788706264969,0.0536866884532
NEMO,ARXIV,237,bstar_fill,2,6,5,11,1,1,640,376.902330758,0.951436684,437.023300649,1.35919526286,321.53091803,0.919026787494,1.0881075651,0.0323427953137
NEMO,ARXIV,238,bstar_fill,2,6,5,9,1,3,640,365.174310615,0.951436684,437.023300649,1.35919526286,321.53091803,0.993505172437,1.00653728611,0.0310793494639
NEMO,ARXIV,239,bstar_fill,2,6,5,9,3,1,640,365.174310615,0.951436684,437.023300649,1.35919526286,321.53091803,0.993505172437,1.00653728611,0.0310793494639
NEMO,ARXIV,240,bstar_fill,4,6,7,9,1,1,384,550.563751027,1.346417824,617.638882356,1.92345403429,321.109249999,0.843659816702,1.18531187595,0.0387648413959
NEMO,ARXIV,241,bstar_fill,4,6,9,7,1,1,384,519.282494352,1.346417824,617.638882356,1.92345403429,321.109249999,0.97881649805,1.02164195433,0.0358615310617
NEMO,ARXIV,242,bstar_fill,4,6,7,7,1,3,384,519.282494352,1.346417824,617.638882356,1.92345403429,321.109249999,0.97881649805,1.02164195433,0.0358615310617
NEMO,ARXIV,243,bstar_fill,2,6,9,7,1,1,640,365.586745311,0.841511144,379.177541163,1.20215877714,315.413860774,0.767393281488,0.767393281488,0.0309512295214
NEMO,ARXIV,244,bstar_fill,2,6,7,7,1,3,640,365.586745311,0.841511144,379.177541163,1.20215877714,315.413860774,0.767393281488,0.767393281488,0.0309512295214
NEMO,ARXIV,245,bstar_fill,2,8,7,7,1,1,640,365.586745311,0.841511144,379.177541163,1.20215877714,315.413860774,0.767393281488,0.767393281488,0.023213422141
NEMO,ARXIV,246,bstar_fill,2,4,7,11,1,1,384,355.339215789,0.673208904,297.466065071,0.961727005714,309.304057496,0.481618094382,0.481618094382,0.0486499343541
NEMO,ARXIV,247,bstar_fill,2,6,5,7,1,5,512,361.255019863,0.861239486,379.296624753,1.23034212286,308.285490439,0.785630664127,0.785630664127,0.0305542958841
NEMO,ARXIV,248,bstar_fill,2,6,5,7,3,3,512,361.255019863,0.861239486,379.296624753,1.23034212286,308.285490439,0.785630664127,0.785630664127,0.0305542958841
NEMO,ARXIV,249,bstar_fill,2,6,5,7,5,1,512,361.255019863,0.861239486,379.296624753,1.23034212286,308.285490439,0.785630664127,0.785630664127,0.0305542958841
NEMO,ARXIV,250,bstar_fill,2,8,5,7,1,3,512,361.255019863,0.861239486,379.296624753,1.23034212286,308.285490439,0.785630664127,0.785630664127,0.022915721913
NEMO,ARXIV,251,bstar_fill,2,8,5,7,3,1,512,361.255019863,0.861239486,379.296624753,1.23034212286,308.285490439,0.785630664127,0.785630664127,0.022915721913
NEMO,ARXIV,252,bstar_fill,2,6,7,5,3,3,512,354.007046886,0.66990876,294.635859541,0.957012514286,307.870435489,0.474697314374,0.474697314374,0.0324408190263
NEMO,ARXIV,253,bstar_fill,2,6,7,5,5,1,512,354.007046886,0.66990876,294.635859541,0.957012514286,307.870435489,0.474697314374,0.474697314374,0.0324408190263
NEMO,ARXIV,254,bstar_fill,2,8,7,5,3,1,512,354.007046886,0.66990876,294.635859541,0.957012514286,307.870435489,0.474697314374,0.474697314374,0.0243306142697
NEMO,ARXIV,255,bstar_fill,4,6,7,5,3,3,512,505.358692557,1.339817512,587.544065805,1.91402501714,306.967808959,0.946611145307,0.946611145307,0.034700680644
NEMO,ARXIV,256,bstar_fill,4,6,7,5,5,1,512,505.358692557,1.339817512,587.544065805,1.91402501714,306.967808959,0.946611145307,0.946611145307,0.034700680644
NEMO,BWB,1,bstar+mt,16,6,7,7,3,1,512,3034.84857613,5.106755468,2795.14260119,7.29536495429,383.139516488,0.601450724839,0.601450724839,0.149575487487
NEMO,BWB,2,mt,16,8,5,7,3,1,512,2684.38501244,6.565274095,2795.14260119,9.37896299286,298.022564255,0.773228498593,0.773228498593,0.0966195505181
NEMO,BWB,3,bstar+mt,16,6,7,7,3,1,384,2985.25192725,4.544018899,2488.13083836,6.49145557,383.293209286,0.476391894454,0.476391894454,0.154972069406
NEMO,BWB,4,mt,16,4,7,9,3,1,384,2745.69355081,4.549360083,2173.69449267,6.49908583286,334.461576378,0.416677297142,0.416677297142,0.222794153343
NEMO,BWB,5,bstar+mt,16,6,7,5,5,1,640,2488.53101882,5.642697617,2123.93703589,8.06099659571,263.483182342,0.504986114199,0.504986114199,0.127214795556
NEMO,BWB,6,bstar+mt,16,8,7,5,3,1,384,2546.72538409,4.544018899,1933.2258943,6.49145557,297.810848963,0.370146590362,0.370146590362,0.107864883282
NEMO,BWB,7,bstar+mt,16,10,5,5,3,1,384,2320.53669204,5.841650077,1933.2258943,8.34521439571,231.65682781,0.475849001985,0.475849001985,0.080694054494
NEMO,BWB,8,bstar+mt,16,12,5,5,1,1,384,2320.53669204,5.841650077,1933.2258943,8.34521439571,231.65682781,0.475849001985,0.475849001985,0.0941430635764
NEMO,BWB,9,bstar+mt,16,4,9,7,3,1,512,2521.31991071,4.381412946,1869.94399284,6.25916135143,298.75312168,0.345218297821,0.345218297821,0.219665446275
NEMO,BWB,10,bstar+mt,16,4,9,7,3,1,640,2435.88083344,4.839087876,1867.06497386,6.91298268,270.08095641,0.380692184602,0.380692184602,0.204134554789
NEMO,BWB,11,mt,8,6,5,11,1,1,512,2154.76099636,3.28251058,1848.75006008,4.68930082857,394.248551686,0.51140545001,0.51140545001,0.117601578949
NEMO,BWB,12,mt,8,6,5,11,1,1,640,2041.80197787,3.626286391,1812.58915673,5.18040913,349.893051155,0.553914193986,0.553914193986,0.109446842523
NEMO,BWB,13,bstar+mt,8,8,5,9,1,1,512,2082.9223101,3.28251058,1745.44972167,4.68930082857,372.219609165,0.48283027525,0.48283027525,0.086533620916
NEMO,BWB,14,mt,8,10,3,9,1,1,512,1641.33424833,5.47212762,1745.44972167,7.81732517143,223.279661955,0.804904910609,0.804904910609,0.0505461012421
NEMO,BWB,15,bstar+mt,8,8,5,9,1,1,640,1997.18762288,3.626286391,1743.44128286,5.18040913,336.545095012,0.53278310166,0.53278310166,0.0809688871812
NEMO,BWB,16,mt,16,4,9,9,1,1,256,2369.30338087,4.58545198,1743.27260207,6.55064568571,266.122255074,0.33682046808,0.33682046808,0.208580692438
NEMO,BWB,17,bstar+mt,16,8,5,9,1,1,256,2260.61029782,5.273480548,1743.27260207,7.53354364,231.401407542,0.387359020297,0.387359020297,0.110287419634
NEMO,BWB,18,mt,8,6,5,11,1,1,384,2053.73502966,2.920825034,1589.2288426,4.17260719143,380.87190327,0.391176716461,0.391176716461,0.121650825854
NEMO,BWB,19,mt,8,8,3,11,1,1,384,1661.47441048,4.869581574,1589.2288426,6.95654510571,228.450878769,0.652167421356,0.652167421356,0.0649923103422
NEMO,BWB,20,mt,8,12,3,7,1,1,512,1525.99521644,5.47212762,1503.71982692,7.81732517143,192.357333736,0.693432447721,0.693432447721,0.0463128232665
NEMO,BWB,21,bstar+mt,8,10,5,7,1,1,640,1828.70239508,3.626286391,1501.85836199,5.18040913,289.911148773,0.458957100662,0.458957100662,0.0616552375911
NEMO,BWB,22,mt,8,12,3,7,1,1,640,1450.19594752,6.045780141,1501.85836199,8.63682877286,173.89002393,0.765177767437,0.765177767437,0.0372858807995
NEMO,BWB,23,mt,16,6,9,7,1,1,256,2135.8690976,4.58545198,1501.74784678,6.55064568571,229.251881238,0.290155086524,0.290155086524,0.134199741214
NEMO,BWB,24,mt,16,10,5,7,1,1,256,2047.13771992,5.273480548,1501.74784678,7.53354364,199.341494327,0.333691686525,0.333691686525,0.121167041669
NEMO,BWB,25,mt,8,10,3,9,1,1,384,1586.6038501,4.869581574,1457.64095388,6.95654510571,209.535183303,0.598168065338,0.598168065338,0.0561322365844
NEMO,BWB,26,mt,16,10,7,3,3,1,512,1953.40262934,5.106755468,1383.87905451,7.29536495429,189.692916417,0.297779104389,0.297779104389,0.0727275360439
NEMO,BWB,27,mt,16,12,5,3,3,1,512,1801.97614293,6.565274095,1383.87905451,9.37896299286,147.551393002,0.382826523089,0.382826523089,0.058865121061
NEMO,BWB,28,mt,8,4,5,11,1,3,384,1817.51419985,2.924163274,1323.78312064,4.17737610571,316.893448696,0.326211655103,0.326211655103,0.173756389765
NEMO,BWB,29,mt,8,4,5,11,1,3,512,1748.64082678,3.28751794,1322.95519085,4.6964542,281.692343736,0.366517134407,0.366517134407,0.159248926174
NEMO,BWB,30,mt,8,4,5,11,1,3,640,1687.89413254,3.631293751,1321.89847093,5.18756250143,254.820731425,0.404520465932,0.404520465932,0.14818227293
NEMO,BWB,31,mt,16,8,7,3,5,1,640,1787.89709515,5.642697617,1272.63804345,8.06099659571,157.876017976,0.302581728876,0.302581728876,0.0825793341731
NEMO,BWB,32,mt,16,10,7,3,3,1,640,1787.89709515,5.642697617,1272.63804345,8.06099659571,157.876017976,0.302581728876,0.302581728876,0.0660634673385
NEMO,BWB,33,mt,16,12,5,3,3,1,640,1647.87515133,7.254011756,1272.63804345,10.3628739371,122.807442334,0.38898618487,0.38898618487,0.0456648025988
NEMO,BWB,34,mt,8,12,3,7,1,1,384,1459.09586268,4.869581574,1255.969387,6.95654510571,180.544992941,0.515408665177,0.515408665177,0.0620964045152
NEMO,BWB,35,mt,16,2,5,11,3,3,384,1692.2623669,5.905703187,1199.80053316,8.43671883857,142.21174797,0.298560044852,0.298560044852,0.314632501954
NEMO,BWB,36,mt,16,2,5,11,3,3,512,1633.07477541,6.626990932,1199.39040982,9.46712990286,126.689970681,0.334909887153,0.334909887153,0.288236341831
NEMO,BWB,37,mt,16,2,5,11,3,3,640,1580.56066956,7.309494936,1198.77341504,10.4421356229,114.801555768,0.369211732567,0.369211732567,0.268038023129
NEMO,BWB,38,mt,8,14,3,5,1,1,512,1331.91897042,5.47212762,1168.23760551,7.81732517143,149.442114776,0.538726595078,0.538726595078,0.0504982218447
NEMO,BWB,39,mt,8,14,3,5,1,1,640,1273.62841386,6.045780141,1166.81417142,8.63682877286,135.097522726,0.594477006155,0.594477006155,0.0378901863435
NEMO,BWB,40,mt,16,12,5,5,1,1,256,1712.05746117,5.273480548,1166.72228043,7.53354364,154.870315509,0.259248266145,0.259248266145,0.1334710914
NEMO,BWB,41,mt,16,14,3,5,1,1,256,1453.63296219,8.794038708,1166.72228043,12.56291244,92.8703663264,0.432321550579,0.432321550579,0.109246265044
NEMO,BWB,42,mt,16,14,5,3,1,1,384,1655.69001195,5.841650077,1158.27058041,8.34521439571,138.794586392,0.285099584761,0.285099584761,0.0983703983922
NEMO,BWB,43,mt,16,16,3,3,1,1,384,1390.9461047,9.739163163,1158.27058041,13.9130902329,83.2504182047,0.475316278293,0.475316278293,0.0846713903456
NEMO,BWB,44,mt,16,2,9,11,1,1,256,1672.24638459,4.609554068,1082.1597311,6.58507724,164.335161406,0.210184798706,0.210184798706,0.375669506083
NEMO,BWB,45,mt,4,6,3,11,1,3,512,1259.50009598,2.73606381,1061.20049367,3.90866258571,271.499642243,0.48936699688,0.48936699688,0.078728789367
NEMO,BWB,46,mt,4,6,3,11,1,3,640,1207.57216343,3.022890048,1060.52017454,4.31841435429,245.580921036,0.540321560258,0.540321560258,0.0736965423724
NEMO,BWB,47,mt,8,4,5,11,1,3,256,1594.83389798,2.636740279,1060.48362295,3.76677182714,281.536464542,0.235641802388,0.235641802388,0.179537346078
NEMO,BWB,48,mt,8,6,3,11,1,3,256,1368.24442462,4.397019363,1060.48362295,6.28145623286,168.82767047,0.392955489808,0.392955489808,0.0809127877579
NEMO,BWB,49,mt,8,14,3,5,1,1,384,1250.47529209,4.869581574,975.726129287,6.95654510571,140.260159959,0.400406018712,0.400406018712,0.0688607744868
NEMO,BWB,50,mt,4,8,3,11,1,1,512,1182.40445164,2.73606381,956.145433545,3.90866258571,244.622146982,0.44092141135,0.44092141135,0.0571259460527
NEMO,BWB,51,mt,4,8,3,11,1,1,640,1136.68254046,3.022890048,955.818256893,4.31841435429,221.335466789,0.486977262937,0.486977262937,0.0533582170563
NEMO,BWB,52,mt,8,8,3,11,1,1,256,1277.64003902,4.397019363,955.45204825,6.28145623286,152.10677474,0.354036705031,0.354036705031,0.0691278286072
NEMO,BWB,53,mt,4,6,3,11,1,3,384,1173.72882167,2.434790787,885.381205305,3.47827255286,254.546241518,0.363331423458,0.363331423458,0.0809837464384
NEMO,BWB,54,mt,4,10,3,9,1,1,512,1120.37970247,2.73606381,877.572879137,3.90866258571,224.519988587,0.404688093313,0.404688093313,0.0445515685213
NEMO,BWB,55,mt,4,10,3,9,1,1,640,1079.06950892,3.022890048,877.064884822,4.31841435429,203.098825834,0.446853420039,0.446853420039,0.0415347407169
NEMO,BWB,56,mt,8,10,3,9,1,1,256,1205.5561312,4.397019363,877.020463299,6.28145623286,139.620564211,0.324974377981,0.324974377981,0.0773075491294
NEMO,BWB,57,mt,4,4,3,13,1,3,384,1118.27801172,2.437795203,824.238547824,3.48256457571,236.675739934,0.338657853774,0.338657853774,0.119130153167
NEMO,BWB,58,mt,4,4,3,13,1,3,512,1075.12316545,2.740570434,824.004232086,3.91510062,210.468213225,0.38061107597,0.38061107597,0.109289820596
NEMO,BWB,59,mt,4,4,3,13,1,3,640,1037.14449814,3.027396672,823.705587854,4.32485238857,190.458659359,0.420293190079,0.420293190079,0.101778958757
NEMO,BWB,60,mt,4,8,3,11,1,1,384,1093.80701883,2.434790787,797.472331697,3.47827255286,229.272525249,0.327256503422,0.327256503422,0.0591306352306
NEMO,BWB,61,mt,4,12,3,7,1,1,512,1016.38044569,2.73606381,756.335539186,3.90866258571,193.502386712,0.348780135,0.348780135,0.0417757544658
NEMO,BWB,62,mt,4,12,3,7,1,1,640,982.187431831,3.022890048,755.8641833,4.31841435429,175.032806324,0.38510320187,0.38510320187,0.0331350671965
NEMO,BWB,63,mt,8,12,3,7,1,1,256,1085.89312374,4.397019363,755.834618095,6.28145623286,120.32792876,0.280069730583,0.280069730583,0.0871354428451
NEMO,BWB,64,mt,8,2,3,15,1,3,256,1074.876296,4.444269657,748.310595292,6.34895665286,117.863553999,0.280261416493,0.280261416493,0.220728195764
NEMO,BWB,65,mt,8,2,3,15,1,3,384,1042.99599768,4.92527985,748.24116561,7.03611407143,106.342955503,0.310565726414,0.310565726414,0.203886022028
NEMO,BWB,66,mt,8,2,3,15,1,3,512,1005.7026318,5.526368169,748.134806411,7.89481167,94.7628439642,0.348418086384,0.348418086384,0.186958111604
NEMO,BWB,67,mt,8,2,3,15,1,3,640,972.694329129,6.095866326,747.969449936,8.70838046571,85.8907638315,0.384237998276,0.384237998276,0.173994247405
NEMO,BWB,68,mt,4,10,3,9,1,1,384,1030.68471705,2.434790787,732.094702307,3.47827255286,210.476519934,0.300427667429,0.300427667429,0.0517280206578
NEMO,BWB,69,mt,8,16,3,3,1,1,512,964.082574445,5.47212762,699.834873961,7.81732517143,89.5235721445,0.322725151962,0.322725151962,0.0542618067896
NEMO,BWB,70,mt,8,16,3,3,1,1,640,932.881518504,6.045780141,699.001179739,8.63682877286,80.9326198449,0.356132226371,0.356132226371,0.040282881601
NEMO,BWB,71,mt,16,16,3,3,1,1,256,1025.90571884,8.794038708,698.94108678,12.56291244,55.635274871,0.258988192365,0.258988192365,0.120032193273
NEMO,BWB,72,mt,2,6,1,13,1,3,512,586.794644118,4.011744624,660.01285705,5.73106374857,115.164110191,0.892537932665,0.892537932665,0.0420987811761
NEMO,BWB,73,mt,4,4,3,13,1,3,256,983.107203049,2.198509686,659.802521105,3.14072812286,210.079476891,0.244485645773,0.244485645773,0.122803525908
NEMO,BWB,74,mt,4,12,3,7,1,1,384,926.232265515,2.434790787,631.005794842,3.47827255286,181.413556659,0.258944093546,0.258944093546,0.0584242161205
NEMO,BWB,75,mt,4,14,1,7,1,1,384,611.740736904,7.139281244,631.005794842,10.1989732057,61.8695413856,0.759274562794,0.759274562794,0.0334124619967
NEMO,BWB,76,mt,4,14,3,5,1,1,512,851.932947156,2.73606381,587.544065805,3.90866258571,150.318440879,0.270942839484,0.270942839484,0.0472378807706
NEMO,BWB,77,mt,4,16,1,5,1,1,512,556.293356721,8.0234892,587.544065805,11.4621274286,51.2595998837,0.794538101953,0.794538101953,0.02843086238
NEMO,BWB,78,mt,4,14,3,5,1,1,640,827.702637858,3.022890048,587.183717161,4.31841435429,135.972064973,0.299162646625,0.299162646625,0.0349640530244
NEMO,BWB,79,mt,4,16,1,5,1,1,640,527.078317391,8.86359906,587.183717161,12.6622843714,46.3726528276,0.877192921774,0.877192921774,0.0215372085739
NEMO,BWB,80,mt,8,14,3,5,1,1,256,900.13998542,4.397019363,587.159238466,6.28145623286,93.4750186422,0.217568136983,0.217568136983,0.099457087009
NEMO,BWB,81,mt,8,16,3,3,1,1,384,875.108130464,4.869581574,584.481632738,6.95654510571,84.0189524909,0.239852102501,0.239852102501,0.0762075202536
NEMO,BWB,82,mt,2,6,1,13,1,3,384,571.141148313,3.5696406,550.30503408,5.09948657143,107.913811787,0.662169214602,0.662169214602,0.0415536283103
NEMO,BWB,83,mt,2,8,1,11,1,3,512,530.205347908,4.011744624,532.226869154,5.73106374857,92.8670300146,0.719732448283,0.719732448283,0.0286910920406
NEMO,BWB,84,mt,2,6,3,11,1,3,640,771.370665481,1.511445015,532.054982562,2.15920716429,246.412197663,0.271075254871,0.271075254871,0.0750476539406
NEMO,BWB,85,mt,2,8,1,11,1,3,640,503.656166143,4.4317995,532.054982562,6.33114214286,84.0377566253,0.794836178012,0.794836178012,0.0271059219227
NEMO,BWB,86,mt,4,6,3,11,1,3,256,833.923113633,2.198509686,532.044650251,3.14072812286,169.401689493,0.197145775797,0.197145775797,0.0787547438002
NEMO,BWB,87,mt,4,16,1,5,1,1,384,536.95983651,7.139281244,490.175414174,10.1989732057,48.0612512933,0.589816648803,0.589816648803,0.0377426081488
NEMO,BWB,88,mt,2,10,1,11,1,1,512,502.474006057,4.011744624,479.13831765,5.73106374857,83.6037319894,0.647940595289,0.647940595289,0.021994684275
NEMO,BWB,89,mt,2,10,1,11,1,1,640,478.595532802,4.4317995,479.056603412,6.33114214286,75.666695298,0.715661975148,0.715661975148,0.0207281756915
NEMO,BWB,90,mt,4,8,3,11,1,1,256,767.282716904,2.198509686,478.96390528,3.14072812286,152.500912701,0.1774770419,0.1774770419,0.0680808056651
NEMO,BWB,91,mt,16,14,5,1,3,1,512,798.280788156,6.565274095,472.121686532,9.37896299286,50.338367567,0.13060440733,0.13060440733,0.0577540255687
NEMO,BWB,92,mt,2,8,1,11,1,3,384,507.880740693,3.5696406,443.784684547,5.09948657143,87.0253658541,0.533995762023,0.533995762023,0.0287620038162
NEMO,BWB,93,mt,2,12,1,9,1,1,512,480.087368143,4.011744624,440.008571367,5.73106374857,76.7760734605,0.595025288443,0.595025288443,0.0207894881244
NEMO,BWB,94,mt,2,12,1,9,1,1,640,458.21072388,4.4317995,439.880247002,6.33114214286,69.4788139448,0.657136472299,0.657136472299,0.0166842383291
NEMO,BWB,95,mt,4,10,3,9,1,1,256,716.289115073,2.198509686,439.868347404,3.14072812286,140.052984594,0.162990430515,0.162990430515,0.0768493726577
NEMO,BWB,96,mt,16,14,5,1,3,1,640,732.295662006,7.254011756,434.174292757,10.3628739371,41.8970929677,0.132706862394,0.132706862394,0.041894181754
NEMO,BWB,97,mt,2,4,1,15,1,3,384,486.802561778,3.573646488,412.888052836,5.10520926857,80.8758331178,0.497376100572,0.497376100572,0.0560878478547
NEMO,BWB,98,mt,2,4,3,13,1,3,512,651.683594782,1.370285226,412.829417233,1.95755032286,210.890832493,0.190687673193,0.190687673193,0.116315167429
NEMO,BWB,99,mt,2,4,3,13,1,3,640,637.532372242,1.513698327,412.754101744,2.16242618143,190.875464461,0.210606483271,0.210606483271,0.107056522564
NEMO,BWB,100,mt,2,10,1,11,1,1,384,477.55453653,3.5696406,399.454185801,5.09948657143,78.3322360409,0.480653906652,0.480653906652,0.0247873736774
NEMO,BWB,101,mt,2,14,1,7,1,1,512,441.531864716,4.011744624,379.296624753,5.73106374857,66.1825869321,0.512924288834,0.512924288834,0.0236632648501
NEMO,BWB,102,mt,2,14,1,7,1,1,640,422.945200132,4.4317995,379.177541163,6.33114214286,59.8908589646,0.566452786805,0.566452786805,0.0177426277625
NEMO,BWB,103,mt,4,12,3,7,1,1,256,633.692451636,2.198509686,379.16934613,3.14072812286,120.726573997,0.14049879999,0.14049879999,0.087923670017
NEMO,BWB,104,mt,4,14,1,7,1,1,256,481.00027355,6.444547728,379.16934613,9.20649675429,41.1849758111,0.411847729409,0.411847729409,0.0445570079382
NEMO,BWB,105,mt,4,2,3,15,1,3,256,626.904275034,2.222134815,375.101652548,3.17447830714,118.161668235,0.140485141457,0.140485141457,0.22268889051
NEMO,BWB,106,mt,4,2,3,15,1,3,384,615.924089492,2.462639916,375.084206404,3.51805702286,106.616863788,0.155682825213,0.155682825213,0.203618422428
NEMO,BWB,107,mt,4,2,3,15,1,3,512,602.725542181,2.763184071,375.057477558,3.94740581571,95.0136608872,0.174670135458,0.174670135458,0.184452877416
NEMO,BWB,108,mt,4,2,3,15,1,3,640,590.712046066,3.047933139,375.015985056,4.35419019857,86.1276076501,0.192648764328,0.192648764328,0.169779969149
NEMO,BWB,109,mt,2,12,1,9,1,1,384,453.478918248,3.5696406,366.87002272,5.09948657143,71.9425411915,0.441446143068,0.441446143068,0.028152837086
NEMO,BWB,110,mt,8,16,3,3,1,1,256,594.866147573,4.397019363,351.699089073,6.28145623286,55.9900564511,0.130319869936,0.130319869936,0.115412762372
NEMO,BWB,111,mt,2,4,1,15,1,3,256,439.834026639,3.222273864,330.41336033,4.60324837714,71.7783037672,0.358889750997,0.358889750997,0.056450948358
NEMO,BWB,112,mt,2,6,1,13,1,3,256,439.834026639,3.222273864,330.41336033,4.60324837714,71.7783037672,0.358889750997,0.358889750997,0.037633965572
NEMO,BWB,113,mt,2,14,1,7,1,1,384,412.667288527,3.5696406,316.262335812,5.09948657143,62.018466248,0.380551093564,0.380551093564,0.0323561974587
NEMO,BWB,114,mt,2,16,1,5,1,1,512,378.268805104,4.011744624,294.635859541,5.73106374857,51.4103266806,0.398437209449,0.398437209449,0.0273407518701
NEMO,BWB,115,mt,2,16,1,5,1,1,640,364.529327996,4.4317995,294.544823684,6.33114214286,46.5231733924,0.440020091125,0.440020091125,0.0203882145879
NEMO,BWB,116,mt,4,16,1,5,1,1,256,406.851021862,6.444547728,294.538100197,9.20649675429,31.9924188383,0.319922612491,0.319922612491,0.0520698878299
NEMO,BWB,117,mt,2,8,1,11,1,3,256,379.265998652,3.222273864,266.475798934,4.60324837714,57.888642346,0.289441785982,0.289441785982,0.0313862950396
NEMO,BWB,118,mt,2,16,1,5,1,1,384,347.517470137,3.5696406,245.668918386,5.09948657143,48.1752260634,0.295607680587,0.295607680587,0.0379567063269
NEMO,BWB,119,mt,2,10,1,11,1,1,256,351.43666824,3.222273864,239.792742337,4.60324837714,52.0920712268,0.260459073151,0.260459073151,0.0350638022795
NEMO,BWB,120,mt,2,12,1,9,1,1,256,330.009815847,3.222273864,220.275573554,4.60324837714,47.8522025114,0.239259833998,0.239259833998,0.0402197552496
NEMO,BWB,121,mt,2,14,1,7,1,1,256,294.698385188,3.222273864,189.899546938,4.60324837714,41.2533783492,0.20626587571,0.20626587571,0.0469787371035
NEMO,BWB,122,mt,2,2,1,17,1,3,256,291.47876474,3.255676772,187.788419539,4.65096681714,40.3762114248,0.206087236413,0.206087236413,0.0991783557802
NEMO,BWB,123,mt,2,2,1,17,1,3,384,284.570172611,3.608397356,187.784046844,5.15485336571,36.4285913723,0.228409444526,0.228409444526,0.0911398384643
NEMO,BWB,124,mt,2,2,1,17,1,3,512,276.382477196,4.049181788,187.777347142,5.78454541143,32.4619021524,0.256301696975,0.256301696975,0.0830627174369
NEMO,BWB,125,mt,2,2,1,17,1,3,640,269.055246181,4.466143388,187.766910664,6.38020484,29.4296053767,0.282678469138,0.282678469138,0.0768890696789
NEMO,BWB,126,mt,2,16,1,5,1,1,256,240.968042073,3.222273864,147.510074201,4.60324837714,32.0447784076,0.160223102802,0.160223102802,0.0564819676424
NEMO,BWB,127,mt,16,6,9,5,3,1,512,2893.94585386,4.375555881,2309.55683069,6.25079411571,369.482147057,0.425807109697,0.425807109697,0.155424489816
NEMO,BWB,128,mt,16,6,7,5,3,3,512,2723.93666154,5.106755468,2309.55683069,7.29536495429,316.578655785,0.49696377898,0.49696377898,0.13981640741
NEMO,BWB,129,mt,16,6,7,5,5,1,512,2723.93666154,5.106755468,2309.55683069,7.29536495429,316.578655785,0.49696377898,0.49696377898,0.13981640741
NEMO,BWB,130,bstar+mt,16,8,7,5,3,1,512,2723.93666154,5.106755468,2309.55683069,7.29536495429,316.578655785,0.49696377898,0.49696377898,0.104862305557
NEMO,BWB,131,mt,16,8,5,5,3,3,512,2438.22272777,6.565274095,2309.55683069,9.37896299286,246.248634571,0.638899482212,0.638899482212,0.0893002404604
NEMO,BWB,132,mt,16,6,9,5,3,1,384,2677.69067051,3.892893534,1933.2258943,5.56127647714,347.622690986,0.317107234869,0.317107234869,0.161376583971
NEMO,BWB,133,mt,16,6,7,5,3,3,384,2546.72538409,4.544018899,1933.2258943,6.49145557,297.810848963,0.370146590362,0.370146590362,0.143819844376
NEMO,BWB,134,mt,16,6,7,5,5,1,384,2546.72538409,4.544018899,1933.2258943,6.49145557,297.810848963,0.370146590362,0.370146590362,0.143819844376
NEMO,BWB,135,bstar+mt,16,4,9,7,3,1,384,2617.77125003,3.896899422,1872.20251989,5.56699917429,336.303717906,0.307413576048,0.307413576048,0.240036320919
NEMO,BWB,136,mt,16,4,7,7,3,3,384,2492.21988387,4.549360083,1872.20251989,6.49908583286,288.071671623,0.358884051241,0.358884051241,0.213705282281
NEMO,BWB,137,mt,16,4,7,7,5,1,384,2492.21988387,4.549360083,1872.20251989,6.49908583286,288.071671623,0.358884051241,0.358884051241,0.213705282281
NEMO,BWB,138,mt,16,4,7,7,5,1,512,2390.96021075,5.114564888,1869.94399284,7.30652126857,255.92808453,0.402984472473,0.402984472473,0.196257986943
NEMO,BWB,139,bstar+mt,8,6,7,9,1,1,512,2191.16407511,2.8804719,1745.44972167,4.11495985714,424.171749485,0.423693696161,0.423693696161,0.126238324739
NEMO,BWB,140,mt,8,6,5,9,1,3,512,2082.9223101,3.28251058,1745.44972167,4.68930082857,372.219609165,0.48283027525,0.48283027525,0.115378161221
NEMO,BWB,141,mt,8,6,5,9,3,1,512,2082.9223101,3.28251058,1745.44972167,4.68930082857,372.219609165,0.48283027525,0.48283027525,0.115378161221
NEMO,BWB,142,bstar+mt,8,6,7,9,1,1,640,2115.78258047,3.15051616,1743.44128286,4.50073737143,387.36792196,0.46288174473,0.46288174473,0.118594845095
NEMO,BWB,143,mt,8,6,5,9,1,3,640,1997.18762288,3.626286391,1743.44128286,5.18040913,336.545095012,0.53278310166,0.53278310166,0.107958516242
NEMO,BWB,144,mt,8,6,5,9,3,1,640,1997.18762288,3.626286391,1743.44128286,5.18040913,336.545095012,0.53278310166,0.53278310166,0.107958516242
NEMO,BWB,145,mt,16,4,7,9,3,1,256,2452.07576133,4.102413392,1743.27260207,5.86059056,297.456815013,0.30133928018,0.30133928018,0.226952141941
NEMO,BWB,146,mt,8,6,9,7,1,1,512,1990.33475269,2.8804719,1503.71982692,4.11495985714,365.427581101,0.365015734083,0.365015734083,0.121035374377
NEMO,BWB,147,mt,8,6,7,7,1,3,512,1990.33475269,2.8804719,1503.71982692,4.11495985714,365.427581101,0.365015734083,0.365015734083,0.121035374377
NEMO,BWB,148,mt,8,6,5,7,1,5,512,1900.61912186,3.28251058,1503.71982692,4.68930082857,320.670368973,0.415962401506,0.415962401506,0.110175210859
NEMO,BWB,149,mt,8,6,7,7,3,1,512,2069.85014315,2.55327656,1503.71982692,3.64753794286,412.256116449,0.323553275373,0.323553275373,0.132398136422
NEMO,BWB,150,mt,8,6,5,7,3,3,512,1900.61912186,3.28251058,1503.71982692,4.68930082857,320.670368973,0.415962401506,0.415962401506,0.110175210859
NEMO,BWB,151,mt,8,6,5,7,5,1,512,1900.61912186,3.28251058,1503.71982692,4.68930082857,320.670368973,0.415962401506,0.415962401506,0.110175210859
NEMO,BWB,152,mt,8,8,7,7,1,1,512,1990.33475269,2.8804719,1503.71982692,4.11495985714,365.427581101,0.365015734083,0.365015734083,0.090776530783
NEMO,BWB,153,mt,8,8,5,7,1,3,512,1900.61912186,3.28251058,1503.71982692,4.68930082857,320.670368973,0.415962401506,0.415962401506,0.0826314081445
NEMO,BWB,154,mt,8,8,5,7,3,1,512,1900.61912186,3.28251058,1503.71982692,4.68930082857,320.670368973,0.415962401506,0.415962401506,0.0826314081445
NEMO,BWB,155,bstar+mt,8,10,5,7,1,1,512,1900.61912186,3.28251058,1503.71982692,4.68930082857,320.670368973,0.415962401506,0.415962401506,0.0661051265156
NEMO,BWB,156,mt,8,10,3,7,1,3,512,1525.99521644,5.47212762,1503.71982692,7.81732517143,192.357333736,0.693432447721,0.693432447721,0.0474243310249
NEMO,BWB,157,mt,8,10,3,7,3,1,512,1525.99521644,5.47212762,1503.71982692,7.81732517143,192.357333736,0.693432447721,0.693432447721,0.0474243310249
NEMO,BWB,158,mt,8,6,9,7,1,1,640,1927.63613184,3.15051616,1501.85836199,4.50073737143,333.691623849,0.398741744715,0.398741744715,0.113395058172
NEMO,BWB,159,mt,8,6,7,7,1,3,640,1927.63613184,3.15051616,1501.85836199,4.50073737143,333.691623849,0.398741744715,0.398741744715,0.113395058172
NEMO,BWB,160,mt,8,6,5,7,1,5,640,1828.70239508,3.626286391,1501.85836199,5.18040913,289.911148773,0.458957100662,0.458957100662,0.102758729319
NEMO,BWB,161,mt,8,6,7,7,3,1,640,2002.72955972,2.820773219,1501.85836199,4.02967602714,372.699530154,0.357008178237,0.357008178237,0.122871906438
NEMO,BWB,162,mt,8,6,5,7,3,3,640,1828.70239508,3.626286391,1501.85836199,5.18040913,289.911148773,0.458957100662,0.458957100662,0.102758729319
NEMO,BWB,163,mt,8,6,5,7,5,1,640,1828.70239508,3.626286391,1501.85836199,5.18040913,289.911148773,0.458957100662,0.458957100662,0.102758729319
NEMO,BWB,164,mt,8,8,7,7,1,1,640,1927.63613184,3.15051616,1501.85836199,4.50073737143,333.691623849,0.398741744715,0.398741744715,0.0850462936287
NEMO,BWB,165,mt,8,8,5,7,1,3,640,1828.70239508,3.626286391,1501.85836199,5.18040913,289.911148773,0.458957100662,0.458957100662,0.0770690469889
NEMO,BWB,166,mt,8,8,5,7,3,1,640,1828.70239508,3.626286391,1501.85836199,5.18040913,289.911148773,0.458957100662,0.458957100662,0.0770690469889
NEMO,BWB,167,mt,8,10,3,7,3,1,640,1450.19594752,6.045780141,1501.85836199,8.63682877286,173.89002393,0.765177767437,0.765177767437,0.0447430569593
NEMO,BWB,168,mt,16,4,11,7,1,1,256,2135.8690976,4.58545198,1501.74784678,6.55064568571,229.251881238,0.290155086524,0.290155086524,0.201299611822
NEMO,BWB,169,mt,16,4,9,7,1,3,256,2135.8690976,4.58545198,1501.74784678,6.55064568571,229.251881238,0.290155086524,0.290155086524,0.201299611822
NEMO,BWB,170,bstar+mt,16,4,9,7,3,1,256,2290.59700184,3.513201468,1501.74784678,5.01885924,299.2209534,0.222305953779,0.222305953779,0.248920141881
NEMO,BWB,171,mt,16,4,7,7,3,3,256,2202.90401739,4.102413392,1501.74784678,5.86059056,256.245139701,0.259589701932,0.259589701932,0.219671061325
NEMO,BWB,172,mt,16,4,7,7,5,1,256,2202.90401739,4.102413392,1501.74784678,5.86059056,256.245139701,0.259589701932,0.259589701932,0.219671061325
NEMO,BWB,173,bstar+mt,16,6,7,7,3,1,256,2202.90401739,4.102413392,1501.74784678,5.86059056,256.245139701,0.259589701932,0.259589701932,0.146447374217
NEMO,BWB,174,mt,16,8,7,7,1,1,256,2135.8690976,4.58545198,1501.74784678,6.55064568571,229.251881238,0.290155086524,0.290155086524,0.117948991302
NEMO,BWB,175,mt,16,8,5,7,1,3,256,2047.13771992,5.273480548,1501.74784678,7.53354364,199.341494327,0.333691686525,0.333691686525,0.10602116146
NEMO,BWB,176,mt,16,8,5,7,3,1,256,2047.13771992,5.273480548,1501.74784678,7.53354364,199.341494327,0.333691686525,0.333691686525,0.10602116146
NEMO,BWB,177,bstar+mt,8,6,7,9,1,1,384,2033.76296837,2.520412928,1457.64095388,3.60058989714,404.833928751,0.309601657162,0.309601657162,0.132710663581
NEMO,BWB,178,mt,8,6,5,9,1,3,384,1940.54281356,2.920825034,1457.64095388,4.17260719143,349.335771859,0.3587873482,0.3587873482,0.11881855203
NEMO,BWB,179,mt,8,6,5,9,3,1,384,1940.54281356,2.920825034,1457.64095388,4.17260719143,349.335771859,0.3587873482,0.3587873482,0.11881855203
NEMO,BWB,180,bstar+mt,8,8,5,9,1,1,384,1940.54281356,2.920825034,1457.64095388,4.17260719143,349.335771859,0.3587873482,0.3587873482,0.0891139140226
NEMO,BWB,181,mt,8,8,3,9,1,3,384,1586.6038501,4.869581574,1457.64095388,6.95654510571,209.535183303,0.598168065338,0.598168065338,0.0628681049746
NEMO,BWB,182,mt,8,8,3,9,3,1,384,1586.6038501,4.869581574,1457.64095388,6.95654510571,209.535183303,0.598168065338,0.598168065338,0.0628681049746
NEMO,BWB,183,mt,16,4,11,5,3,1,384,2274.74349565,3.250393609,1454.58988565,4.64341944143,313.258344201,0.199217524609,0.199217524609,0.263964290743
NEMO,BWB,184,mt,16,4,9,5,3,3,384,2180.17525014,3.896899422,1454.58988565,5.56699917429,261.287965045,0.238842044961,0.238842044961,0.227446840174
NEMO,BWB,185,mt,16,4,7,5,3,5,384,2092.38691888,4.549360083,1454.58988565,6.49908583286,223.814536854,0.278831539596,0.278831539596,0.201115801536
NEMO,BWB,186,mt,16,4,9,5,5,1,384,2180.17525014,3.896899422,1454.58988565,5.56699917429,261.287965045,0.238842044961,0.238842044961,0.227446840174
NEMO,BWB,187,mt,16,4,7,5,5,3,384,2092.38691888,4.549360083,1454.58988565,6.49908583286,223.814536854,0.278831539596,0.278831539596,0.201115801536
NEMO,BWB,188,mt,16,4,7,5,7,1,384,2092.38691888,4.549360083,1454.58988565,6.49908583286,223.814536854,0.278831539596,0.278831539596,0.201115801536
NEMO,BWB,189,mt,16,4,11,5,3,1,512,2212.75237434,3.654093906,1452.86251144,5.22013415143,278.318998956,0.223694467122,0.223694467122,0.239594288253
NEMO,BWB,190,mt,16,4,9,5,3,3,512,2112.47600142,4.381412946,1452.86251144,6.25916135143,232.117759852,0.268219115165,0.268219115165,0.207091977829
NEMO,BWB,191,mt,16,4,9,5,5,1,512,2112.47600142,4.381412946,1452.86251144,6.25916135143,232.117759852,0.268219115165,0.268219115165,0.207091977829
NEMO,BWB,192,mt,16,4,7,5,5,3,512,2020.19178387,5.114564888,1452.86251144,7.30652126857,198.84462907,0.313100838844,0.313100838844,0.183684518497
NEMO,BWB,193,bstar,2,6,7,9,1,1,512,765.543913274,0.720117968,440.008571367,1.02873995429,427.716032156,0.106808494005,0.106808494005,0.137159863724
NEMO,BWB,194,bstar,4,6,7,9,1,1,512,1351.94959827,1.440235944,877.572879137,2.05747992,426.528040739,0.213023664129,0.213023664129,0.121813016198
NEMO,BWB,195,bstar,2,6,7,9,1,1,384,661.568231717,0.630103232,366.87002272,0.900147474286,407.56657459,0.0779228703027,0.0779228703027,0.152663139055
NEMO,BWB,196,bstar,4,6,7,9,1,1,384,1202.42726593,1.260206464,732.094702307,1.80029494857,406.652644828,0.15549627117,0.15549627117,0.132612637995
NEMO,BWB,197,bstar,2,6,7,9,1,1,640,756.130956996,0.78762904,439.880247002,1.12518434286,390.94060435,0.116787722194,0.116787722194,0.126533965667
NEMO,BWB,198,bstar,4,6,7,9,1,1,640,1322.86946975,1.57525808,877.064884822,2.25036868571,389.742752105,0.232859763113,0.232859763113,0.11319312025
NEMO,BWB,199,bstar,2,8,5,9,1,1,512,751.892648411,0.82062765,440.008571367,1.17232521429,375.32978563,0.121716173364,0.121716173364,0.0914863515002
NEMO,BWB,200,bstar,4,8,5,9,1,1,512,1309.9484078,1.64125529,877.572879137,2.34465041429,374.287302614,0.242756207484,0.242756207484,0.0821351651113
NEMO,BWB,201,bstar,2,8,5,9,1,1,384,651.389316203,0.730206254,366.87002272,1.04315179143,351.693805,0.0903022938702,0.0903022938702,0.0999357439536
NEMO,BWB,202,bstar,4,8,5,9,1,1,384,1169.2193913,1.460412517,732.094702307,2.08630359571,350.905162513,0.180199600027,0.180199600027,0.0876595524201
NEMO,BWB,203,bstar,2,4,9,7,3,1,384,450.040908708,0.487112424,237.295101612,0.695874891429,341.002534414,0.0389635920413,0.0389635920413,0.285509517705
NEMO,BWB,204,bstar,4,4,9,7,3,1,384,854.275014682,0.974224854,473.644524101,1.39174979143,340.323042991,0.0777719051001,0.0777719051001,0.240003171933
NEMO,BWB,205,bstar,2,8,5,9,1,1,640,740.418271391,0.906571585,439.880247002,1.29510226429,339.649044814,0.134424234051,0.134424234051,0.0837515522739
NEMO,BWB,206,bstar,8,4,9,7,3,1,384,1550.71373247,1.948449708,943.529522213,2.78349958286,338.972395765,0.154926500206,0.154926500206,0.227088273435
NEMO,BWB,207,bstar,4,8,5,9,1,1,640,1275.51311993,1.813143182,877.064884822,2.59020454571,338.60834901,0.268024711132,0.268024711132,0.0758603685352
NEMO,BWB,208,bstar,2,10,5,7,1,1,512,661.434676651,0.82062765,379.296624753,1.17232521429,323.542153774,0.104921896388,0.104921896388,0.0720932980328
NEMO,BWB,209,bstar,4,10,5,7,1,1,512,1169.97674458,1.64125529,756.335539186,2.34465041429,322.57923594,0.209219258529,0.209219258529,0.0639349361408
NEMO,BWB,210,bstar,2,4,9,7,3,1,512,447.100625113,0.547676622,237.258844179,0.782395174286,303.246814368,0.0438013626103,0.0438013626103,0.255119188191
NEMO,BWB,211,bstar,2,10,5,7,1,1,384,570.364197009,0.730206254,316.262335812,1.04315179143,303.17959324,0.0778455927711,0.0778455927711,0.0882089092125
NEMO,BWB,212,bstar,2,4,9,7,3,1,256,365.417870744,0.439150185,189.899546938,0.627357407143,302.697544933,0.0281111107561,0.0281111107561,0.313383733687
NEMO,BWB,213,bstar,4,4,9,7,3,1,512,843.741609277,1.095353238,473.499645349,1.56479034,302.596222155,0.0874147794992,0.0874147794992,0.215372556368
NEMO,BWB,214,bstar,4,10,5,7,1,1,384,1036.60728813,1.460412517,631.005794842,2.08630359571,302.451568476,0.155317326415,0.155317326415,0.076617336392
NEMO,BWB,215,bstar,4,4,9,7,3,1,256,703.089498571,0.87830037,379.16934613,1.25471481429,302.195639848,0.0561289990222,0.0561289990222,0.260869454384
NEMO,BWB,216,bstar,8,4,9,7,3,1,512,1516.35173869,2.190706476,942.955661518,3.12958068,301.304154753,0.174083047451,0.174083047451,0.205326113953
NEMO,BWB,217,bstar,8,4,9,7,3,1,256,1306.9462455,1.756600737,755.834618095,2.50942962429,301.197774498,0.111887316052,0.111887316052,0.24250309056
NEMO,BWB,218,bstar,8,10,5,7,1,1,384,1753.15996584,2.920825034,1255.969387,4.17260719143,301.003504375,0.309147410124,0.309147410124,0.0766592476631
NEMO,BWB,219,bstar,2,10,5,7,1,1,640,652.50365874,0.906571585,379.177541163,1.29510226429,292.778069824,0.115873924522,0.115873924522,0.0659056254375
NEMO,BWB,220,bstar,4,10,5,7,1,1,640,1142.32259103,1.813143182,755.8641833,2.59020454571,291.816406759,0.230986649779,0.230986649779,0.0589156347471
NEMO,BWB,221,bstar,2,4,9,7,3,1,640,444.336596769,0.604885974,237.212243757,0.86412282,274.512185383,0.0483672753691,0.0483672753691,0.232000761145
NEMO,BWB,222,bstar,4,4,9,7,3,1,640,833.952986508,1.209771957,473.31486301,1.72824565286,273.870130804,0.0965083004282,0.0965083004282,0.19663360361
NEMO,BWB,223,bstar,8,4,9,7,3,1,640,1485.02604395,2.419543932,942.22333614,3.45649133143,272.595312933,0.192118144976,0.192118144976,0.188762338365
NEMO,BWB,224,bstar,2,6,7,9,1,1,256,415.777576485,0.573181492,220.275573554,0.818830702857,269.012352352,0.0425597929955,0.0425597929955,0.162318126867
NEMO,BWB,225,bstar,4,6,7,9,1,1,256,786.193275949,1.146362984,439.868347404,1.63766140571,268.59541653,0.0849876611772,0.0849876611772,0.136886529822
NEMO,BWB,226,bstar,8,6,7,9,1,1,256,1417.71530078,2.292725988,877.020463299,3.27532284,267.766112271,0.169450516434,0.169450516434,0.130277075148
NEMO,BWB,227,bstar,2,12,5,5,1,1,512,528.919858299,0.82062765,294.635859541,1.17232521429,251.326044984,0.0815028426552,0.0815028426552,0.0689113918985
NEMO,BWB,228,bstar,4,12,5,5,1,1,512,957.27161345,1.64125529,587.544065805,2.34465041429,250.58919753,0.162527776935,0.162527776935,0.0600256072513
NEMO,BWB,229,bstar,8,12,5,5,1,1,512,1608.67211085,3.28251058,1168.23760551,4.68930082857,249.1283132,0.323160545746,0.323160545746,0.0603248158836
NEMO,BWB,230,bstar,2,12,5,5,1,1,384,452.988978323,0.730206254,245.668918386,1.04315179143,235.506395526,0.0604695545806,0.0604695545806,0.101251367084
NEMO,BWB,231,bstar,4,12,5,5,1,1,384,838.685030984,1.460412517,490.175414174,2.08630359571,234.949225597,0.120652988334,0.120652988334,0.0867049128927
NEMO,BWB,232,bstar,2,8,5,9,1,1,256,412.298782678,0.659185071,220.275573554,0.941692958571,233.914432033,0.0489457188675,0.0489457188675,0.124809146536
NEMO,BWB,233,bstar,8,12,5,5,1,1,384,1460.41130403,2.920825034,975.726129287,4.17260719143,233.840878023,0.240167641808,0.240167641808,0.0847233631641
NEMO,BWB,234,bstar,4,8,5,9,1,1,256,773.846887482,1.318370142,439.868347404,1.88338591714,233.55189364,0.0977397181332,0.0977397181332,0.10584312188
NEMO,BWB,235,bstar,8,8,5,9,1,1,256,1378.06785892,2.636740279,877.020463299,3.76677182714,232.830790806,0.194875883258,0.194875883258,0.101727014341
NEMO,BWB,236,bstar_fill,2,6,7,7,3,1,512,680.805863346,0.638319144,379.296624753,0.911884491429,415.948103426,0.0816127205671,0.0816127205671,0.151214043077
NEMO,BWB,237,bstar_fill,4,6,7,7,3,1,512,1231.98185995,1.27663828,756.335539186,1.82376897143,414.710169454,0.162739651765,0.162739651765,0.131726359466
NEMO,BWB,238,bstar_fill,2,6,5,11,1,1,512,808.292698586,0.82062765,479.13831765,1.17232521429,408.707679244,0.132540332919,0.132540332919,0.123158882726
NEMO,BWB,239,bstar_fill,4,6,5,11,1,1,512,1395.53981176,1.64125529,956.145433545,2.34465041429,407.798718188,0.264491126342,0.264491126342,0.11142886735
NEMO,BWB,240,bstar_fill,2,6,7,7,3,1,384,583.093085338,0.568002358,316.262335812,0.81143194,389.75830285,0.0605534121513,0.0605534121513,0.166625173955
NEMO,BWB,241,bstar_fill,4,6,7,7,3,1,384,1079.43358427,1.136004723,631.005794842,1.62286389,388.822376744,0.120816012132,0.120816012132,0.142696150929
NEMO,BWB,242,bstar_fill,8,6,7,7,3,1,384,1879.25799008,2.272009446,1255.969387,3.24572778,386.960790348,0.240475149258,0.240475149258,0.139449268061
NEMO,BWB,243,bstar_fill,2,6,5,11,1,1,384,702.243379176,0.730206254,399.454185801,1.04315179143,382.9300674,0.0983226402811,0.0983226402811,0.134227838493
NEMO,BWB,244,bstar_fill,4,6,5,11,1,1,384,1251.12486971,1.460412517,797.472331697,2.08630359571,382.241747239,0.196291811362,0.196291811362,0.118473072685
NEMO,BWB,245,bstar_fill,2,6,9,5,3,1,512,547.62630951,0.546925518,294.635859541,0.781322168571,377.099065396,0.0543193791212,0.0543193791212,0.172029216479
NEMO,BWB,246,bstar_fill,2,6,7,7,3,1,640,673.382007881,0.705193295,379.177541163,1.00741899286,376.385142479,0.0901346523436,0.0901346523436,0.137952691908
NEMO,BWB,247,bstar_fill,4,6,9,5,3,1,512,1020.35325089,1.09385103,587.544065805,1.56264432857,375.993471491,0.10832024566,0.10832024566,0.146543026087
NEMO,BWB,248,bstar_fill,2,6,5,9,1,3,512,751.892648411,0.82062765,440.008571367,1.17232521429,375.32978563,0.121716173364,0.121716173364,0.121981802
NEMO,BWB,249,bstar_fill,2,6,5,9,3,1,512,751.892648411,0.82062765,440.008571367,1.17232521429,375.32978563,0.121716173364,0.121716173364,0.121981802
NEMO,BWB,250,bstar_fill,4,6,7,7,3,1,640,1207.88677999,1.410386599,755.8641833,2.01483799857,375.148862507,0.179677191868,0.179677191868,0.120971503654
NEMO,BWB,251,bstar_fill,4,6,5,9,1,3,512,1309.9484078,1.64125529,877.572879137,2.34465041429,374.287302614,0.242756207484,0.242756207484,0.109513553482
NEMO,BWB,252,bstar_fill,4,6,5,9,3,1,512,1309.9484078,1.64125529,877.572879137,2.34465041429,374.287302614,0.242756207484,0.242756207484,0.109513553482
NEMO,BWB,253,bstar_fill,8,6,9,5,3,1,512,1795.17786821,2.18770206,1168.23760551,3.12528865714,373.801505611,0.21537752108,0.21537752108,0.141893116406
NEMO,BWB,254,bstar_fill,2,6,5,11,1,1,640,795.144557045,0.906571585,479.056603412,1.29510226429,369.898668717,0.146396246295,0.146396246295,0.112847219193
NEMO,BWB,255,bstar_fill,4,6,5,11,1,1,640,1356.80247441,1.813143182,955.818256893,2.59020454571,369.012655188,0.292091174361,0.292091174361,0.103066879594
NEMO,BWB,256,bstar_fill,2,6,9,7,1,1,512,671.975815878,0.720117968,379.296624753,1.02873995429,368.70019792,0.0920711638531,0.0920711638531,0.135333558445
NEMO,CHAT,1,mt,64,2,5,13,1,3,256,4773.2799851,0.488175047,5689.76234461,0.697392924286,8158.61782716,0.984005280385,1.01625470913,0.899277930021
NEMO,CHAT,2,mt,64,4,5,11,1,3,256,4651.85981719,0.484027938,5377.21499248,0.691468482857,7776.51494724,0.937039993157,0.937039993157,0.4356746382
NEMO,CHAT,3,mt,64,2,5,13,1,3,384,4486.55937224,0.541054191,5133.68170177,0.772934558571,6641.806405,0.88847153279,1.12552846444,0.855362639057
NEMO,CHAT,4,mt,32,4,5,11,1,3,384,4206.21982333,0.267969095,4869.58787156,0.382812992857,12720.5396954,0.939587453172,0.939587453172,0.401376429318
NEMO,CHAT,5,mt,64,6,5,11,1,1,256,4448.72070746,0.484027938,4863.77183074,0.691468482857,7033.97472382,0.847566766321,0.847566766321,0.277033682082
NEMO,CHAT,6,mt,64,4,5,11,1,3,384,4197.41243952,0.53726069,4861.74858257,0.767515271429,6334.39980096,0.940389688249,0.940389688249,0.393185971285
NEMO,CHAT,7,mt,64,2,5,13,1,3,512,4065.1876693,0.607456074,4572.51169078,0.867794391429,5269.1187405,0.849594391577,1.17703225199,0.780322448903
NEMO,CHAT,8,mt,64,6,5,11,1,1,384,4054.24627701,0.536954855,4491.00367757,0.767078364286,5854.68693509,0.868183405996,0.868183405996,0.252513498583
NEMO,CHAT,9,mt,64,8,5,9,1,1,256,4270.59327054,0.484027938,4457.25533917,0.691468482857,6446.07158485,0.776726710453,0.776726710453,0.234150784315
NEMO,CHAT,10,mt,32,6,5,11,1,1,384,4042.69295678,0.26781618,4449.51194416,0.382594542857,11629.8364084,0.858043844865,0.858043844865,0.256480939762
NEMO,CHAT,11,mt,32,4,5,13,1,1,256,4238.83058526,0.24156638,4379.93769539,0.345094828571,12691.9829935,0.76184165733,0.76184165733,0.40444325005
NEMO,CHAT,12,mt,32,4,5,11,1,3,512,3747.44209217,0.301340706,4349.2159451,0.430486722857,10103.0199404,0.943689374598,0.943689374598,0.357681326664
NEMO,CHAT,13,mt,64,4,5,11,1,3,512,3739.33739439,0.604164192,4341.48610155,0.863091702857,5030.15622462,0.94432979645,0.94432979645,0.350355606449
NEMO,CHAT,14,mt,32,6,5,11,1,1,256,4131.80033212,0.24156638,4157.38184721,0.345094828571,12047.0708426,0.723130532192,0.723130532192,0.263704557785
NEMO,CHAT,15,mt,64,2,5,13,1,3,640,3644.56699489,0.670399497,4143.20119933,0.957713567143,4326.13814973,0.873631520639,1.1446473443,0.696540424792
NEMO,CHAT,16,mt,32,8,5,9,1,1,384,3863.2926538,0.26781618,4036.86261093,0.382594542857,10551.2812096,0.778468551011,0.778468551011,0.184122384905
NEMO,CHAT,17,mt,64,8,5,9,1,1,384,3855.61976865,0.536954855,4030.94506137,0.767078364286,5254.93254541,0.779246659325,0.779246659325,0.180369254972
NEMO,CHAT,18,mt,32,6,5,11,1,1,512,3573.93576277,0.301111331,3905.22030324,0.430159044286,9078.54979482,0.846706569237,0.846706569237,0.226728829011
NEMO,CHAT,19,mt,64,6,5,11,1,1,512,3569.16666217,0.603705442,3905.21458422,0.862436345714,4528.11920975,0.848790069366,0.848790069366,0.222262078511
NEMO,CHAT,20,mt,64,10,5,7,1,1,256,3962.59306554,0.484027938,3835.02765654,0.691468482857,5546.20745792,0.668296561337,0.668296561337,0.251269738098
NEMO,CHAT,21,mt,32,4,5,11,1,3,640,3350.81377781,0.332941361,3827.84551868,0.475630515714,8047.93929787,0.917661359942,0.917661359942,0.319397399284
NEMO,CHAT,22,mt,64,4,5,11,1,3,640,3343.42910738,0.667570054,3821.00273858,0.953671505714,4006.62357603,0.918342095525,0.918342095525,0.312840759552
NEMO,CHAT,23,mt,16,6,5,11,1,1,512,3513.7558903,0.150370338,3759.03813732,0.214814768571,17498.9744063,0.814008979355,0.814008979355,0.231192486517
NEMO,CHAT,24,mt,32,8,5,9,1,1,512,3442.88582732,0.301111331,3605.31369158,0.430159044286,8381.35043184,0.781682606816,0.781682606816,0.164059149072
NEMO,CHAT,25,mt,64,8,5,9,1,1,512,3436.04410999,0.603705442,3600.00117,0.862436345714,4174.22246626,0.782452584078,0.782452584078,0.160715225088
NEMO,CHAT,26,mt,32,6,5,11,1,1,640,3226.24929503,0.332711986,3514.69449836,0.475302837143,7394.64237051,0.842008198972,0.842008198972,0.204672296148
NEMO,CHAT,27,mt,64,6,5,11,1,1,640,3221.82727701,0.667111304,3514.68986596,0.953016148571,3687.96464911,0.84414218737,0.84414218737,0.200631428702
NEMO,CHAT,28,mt,16,6,5,11,1,1,384,3595.2013094,0.133796475,3489.83955026,0.191137821429,18258.2365132,0.672419686263,0.672419686263,0.239550487348
NEMO,CHAT,29,mt,32,10,5,7,1,1,384,3585.71026072,0.26781618,3474.71288556,0.382594542857,9081.9718954,0.670063602828,0.670063602828,0.154374438234
NEMO,CHAT,30,mt,64,10,5,7,1,1,384,3578.32319802,0.536954855,3468.86853097,0.767078364286,4522.18272927,0.670588205306,0.670588205306,0.151209034562
NEMO,CHAT,31,mt,16,8,5,9,1,1,512,3373.88174611,0.150370338,3452.76445586,0.214814768571,16073.2173063,0.74768628782,0.74768628782,0.16705482572
NEMO,CHAT,32,mt,32,8,3,11,1,1,256,3093.00686613,0.402835296,3447.56284712,0.575478994286,5990.77096012,0.829262976996,1.20589008281,0.177924131484
NEMO,CHAT,33,mt,32,10,3,9,1,1,256,2871.82081438,0.402835296,3444.25780872,0.575478994286,5985.02785145,0.999041340638,0.999041340638,0.184274273996
NEMO,CHAT,34,mt,64,12,3,7,1,1,256,2995.57955883,0.80728191,3440.68158297,1.15325987143,2983.43995851,0.897172560698,1.11461277775,0.222786968131
NEMO,CHAT,35,mt,16,6,5,11,1,1,640,3185.67999846,0.166145094,3414.83986962,0.237350134286,14387.3517489,0.817049094374,0.817049094374,0.209592433023
NEMO,CHAT,36,mt,16,8,5,9,1,1,640,3077.32278526,0.166145094,3175.15126619,0.237350134286,13377.499346,0.759700180855,0.759700180855,0.152233025832
NEMO,CHAT,37,mt,32,8,5,9,1,1,640,3074.22327192,0.332711986,3172.83356445,0.475302837143,6675.39369958,0.760109271657,0.760109271657,0.146679154157
NEMO,CHAT,38,mt,64,8,5,9,1,1,640,3068.00642631,0.667111304,3168.13113528,0.953016148571,3324.32051653,0.760907291511,0.760907291511,0.143681984554
NEMO,CHAT,39,mt,16,8,3,11,1,1,384,2716.38275825,0.223064661,3112.9987013,0.318663801429,9768.91221202,0.892017714989,1.12105396922,0.13667172288
NEMO,CHAT,40,mt,32,12,3,7,1,1,384,2710.29976066,0.446531136,3110.19744881,0.637901622857,4875.66944081,0.895094803871,1.11720009509,0.136941833298
NEMO,CHAT,41,mt,16,4,3,13,1,3,384,2642.07928508,0.223339899,3109.16232661,0.319056998571,9744.84916655,0.953572312666,1.0486881663,0.263692186819
NEMO,CHAT,42,mt,32,10,5,7,1,1,512,3196.06903613,0.301111331,3103.38239587,0.430159044286,7214.49993228,0.672856857591,0.672856857591,0.123230690596
NEMO,CHAT,43,mt,64,12,3,7,1,1,384,2704.12611339,0.895442763,3101.92914028,1.27920394714,2424.89021958,0.894219285795,1.11829393068,0.134134743724
NEMO,CHAT,44,mt,64,10,5,7,1,1,512,3189.47830205,0.603705442,3098.1354743,0.862436345714,3592.30624926,0.673373144401,0.673373144401,0.12070404294
NEMO,CHAT,45,mt,64,14,3,5,1,1,256,2693.83897506,0.80728191,2980.28171113,1.15325987143,2584.22389,0.866189340473,0.866189340473,0.235936906935
NEMO,CHAT,46,bstar+mt,16,10,5,7,1,1,512,3126.91277147,0.150370338,2972.27609473,0.214814768571,13836.4606609,0.643637904656,0.643637904656,0.125687382511
NEMO,CHAT,47,mt,32,12,3,7,1,1,256,2690.34382581,0.402835296,2964.5841513,0.575478994286,5151.50714576,0.859907210617,0.859907210617,0.200023490242
NEMO,CHAT,48,mt,32,2,3,15,1,3,256,2668.12222776,0.40716414,2948.6076122,0.581663057143,5069.27090519,0.864463769167,0.864463769167,0.507857220085
NEMO,CHAT,49,mt,32,2,3,15,1,3,384,2518.45316586,0.45123216,2947.52991467,0.644617371429,4572.52634712,0.9576759001,0.9576759001,0.481169348213
NEMO,CHAT,50,mt,32,2,5,13,1,3,512,3098.50391159,0.303567675,2945.88121618,0.433668107143,6792.93950294,0.643918715165,0.643918715165,0.600595424807
NEMO,CHAT,51,mt,32,2,5,13,1,3,640,2952.96487921,0.334831645,2943.31037061,0.478330921429,6153.29312564,0.709615101624,0.709615101624,0.566277170235
NEMO,CHAT,52,mt,16,10,3,9,1,1,384,2513.15277633,0.223064661,2889.45522211,0.318663801429,9067.40963096,0.928190307597,0.928190307597,0.110932505728
NEMO,CHAT,53,mt,16,12,3,7,1,1,512,2375.75217284,0.25067649,2770.10420882,0.358109271429,7735.36020937,0.931980785274,1.07298349472,0.0928602807344
NEMO,CHAT,54,mt,32,12,3,7,1,1,512,2414.59058519,0.502020159,2766.42277228,0.717171655714,3857.40673134,0.89142181639,1.12180337256,0.0915527137059
NEMO,CHAT,55,mt,16,4,5,13,1,1,512,3006.81723973,0.150593863,2765.95715256,0.21513409,12856.89847,0.599850478825,0.599850478825,0.305393535783
NEMO,CHAT,56,mt,16,4,5,13,1,1,640,2867.36984538,0.166341449,2761.38207173,0.237630641429,11620.4798132,0.661480839651,0.661480839651,0.28713264754
NEMO,CHAT,57,mt,64,12,3,7,1,1,512,2409.09069207,1.006709322,2759.08838758,1.43815617429,1918.49010345,0.890564150751,1.12288373517,0.089676009781
NEMO,CHAT,58,bstar+mt,16,10,5,7,1,1,640,2853.83313403,0.166145094,2733.42137228,0.237350134286,11516.4096305,0.654010009849,0.654010009849,0.114471749811
NEMO,CHAT,59,mt,32,10,5,7,1,1,640,2850.85586602,0.332711986,2731.13184761,0.475302837143,5746.08782903,0.654291691421,0.654291691421,0.11028865534
NEMO,CHAT,60,mt,64,10,5,7,1,1,640,2844.87791003,0.667111304,2726.48762277,0.953016148571,2860.90390688,0.654835366275,0.654835366275,0.108021600312
NEMO,CHAT,61,mt,32,14,3,5,1,1,384,2437.54363882,0.446531136,2700.03231601,0.637901622857,4232.67823637,0.868122477899,0.868122477899,0.144997603698
NEMO,CHAT,62,mt,64,14,3,5,1,1,384,2432.19032384,0.895442763,2695.6210058,1.27920394714,2107.26445288,0.869014372635,0.869014372635,0.142019817132
NEMO,CHAT,63,mt,16,4,3,13,1,3,256,2536.44092792,0.201417633,2614.90890311,0.287739475714,9087.76557898,0.758480359699,0.758480359699,0.250973433707
NEMO,CHAT,64,mt,16,12,3,7,1,1,640,2163.76244087,0.27700311,2506.83106049,0.395718728571,6334.88101394,0.917103775477,1.09038914323,0.0723117646306
NEMO,CHAT,65,mt,32,12,3,7,1,1,640,2161.25576315,0.554765454,2503.40029284,0.792522077143,3158.77672691,0.916616418585,1.09096889356,0.0696697282845
NEMO,CHAT,66,mt,64,12,3,7,1,1,640,2156.23551527,1.112568102,2496.56627312,1.58938300286,1570.77700506,0.915671229266,1.09209503153,0.0682382169919
NEMO,CHAT,67,mt,16,12,3,7,1,1,384,2348.4231857,0.223064661,2488.13083836,0.318663801429,7808.01216582,0.799271402624,0.799271402624,0.120768144681
NEMO,CHAT,68,mt,32,14,3,5,1,1,512,2172.1330839,0.502020159,2411.46785596,0.717171655714,3362.46955209,0.871691731332,0.871691731332,0.0969129144238
NEMO,CHAT,69,mt,64,14,3,5,1,1,512,2167.36074319,1.006709322,2407.50751124,1.43815617429,1674.02369387,0.872573536271,0.872573536271,0.0949227242016
NEMO,CHAT,70,mt,16,14,3,5,1,1,512,2131.33351913,0.25067649,2309.55683069,0.358109271429,6449.30755765,0.833743663267,0.833743663267,0.0985721025561
NEMO,CHAT,71,mt,32,14,3,5,1,1,256,2380.44556499,0.402835296,2303.64387509,0.575478994286,4003.00253869,0.668194889328,0.668194889328,0.215286974917
NEMO,CHAT,72,mt,8,6,3,13,1,1,512,2095.24366003,0.12533298,2226.33847469,0.179047114286,12434.37228,0.803668305074,0.803668305074,0.147684243061
NEMO,CHAT,73,mt,16,6,3,13,1,1,256,2337.39492223,0.201417633,2224.3501839,0.287739475714,7730.43107268,0.64519491504,0.64519491504,0.156536756171
NEMO,CHAT,74,mt,8,6,3,13,1,1,640,1983.89260793,0.138471813,2223.3833224,0.197816875714,11239.6038729,0.886739399905,0.886739399905,0.13982775788
NEMO,CHAT,75,mt,16,14,3,5,1,1,640,1943.07232916,0.27700311,2123.93703589,0.395718728571,5367.28964928,0.847259741338,0.847259741338,0.0718889774982
NEMO,CHAT,76,mt,32,14,3,5,1,1,640,1940.90621079,0.554765454,2122.20899673,0.792522077143,2677.7916451,0.847730585798,0.847730585798,0.0692608337138
NEMO,CHAT,77,mt,64,14,3,5,1,1,640,1936.56404385,1.112568102,2118.70354411,1.58938300286,1333.03523462,0.848647026489,0.848647026489,0.0678348363304
NEMO,CHAT,78,mt,8,8,3,11,1,1,512,2042.02556124,0.12533298,2109.50548445,0.179047114286,11781.8457609,0.761493688631,0.761493688631,0.108173241165
NEMO,CHAT,79,mt,8,8,3,11,1,1,640,1936.10264061,0.138471813,2106.81998698,0.197816875714,10650.3551801,0.840251103864,0.840251103864,0.102286854959
NEMO,CHAT,80,mt,16,8,3,11,1,1,256,2270.75729401,0.201417633,2106.68461562,0.287739475714,7321.50015353,0.611064845558,0.611064845558,0.134726970848
NEMO,CHAT,81,mt,16,14,3,5,1,1,384,2068.25817841,0.223064661,1933.2258943,0.318663801429,6066.66300232,0.621017250503,0.621017250503,0.130564346582
NEMO,CHAT,82,mt,8,6,3,13,1,1,384,2025.88047604,0.111532314,1860.47203897,0.159331877143,11676.7094716,0.597646174073,0.597646174073,0.147001831116
NEMO,CHAT,83,mt,64,16,3,3,1,1,256,2068.70545994,0.80728191,1786.05854052,1.15325987143,1548.70431615,0.519100212402,0.519100212402,0.240069293657
NEMO,CHAT,84,mt,8,8,3,11,1,1,384,1966.09503986,0.111532314,1762.05942457,0.159331877143,11059.0514351,0.566032733376,0.566032733376,0.108069773112
NEMO,CHAT,85,mt,8,10,3,9,1,1,512,1854.78314881,0.12533298,1745.44972167,0.179047114286,9748.54986426,0.630076080232,0.630076080232,0.0800823138145
NEMO,CHAT,86,mt,8,10,3,9,1,1,640,1766.89006819,0.138471813,1743.44128286,0.197816875714,8813.41026423,0.695326829771,0.695326829771,0.0753852120203
NEMO,CHAT,87,mt,16,10,3,9,1,1,256,2041.40440202,0.201417633,1743.27260207,0.287739475714,6058.51038599,0.505653573133,0.505653573133,0.143899249964
NEMO,CHAT,88,mt,8,4,3,13,1,3,384,1888.28700671,0.111669942,1642.36243983,0.159528488571,10295.10437,0.528233059904,0.528233059904,0.210662586679
NEMO,CHAT,89,mt,8,4,3,13,1,3,512,1793.02912931,0.125539422,1641.4337267,0.179342031429,9152.53225152,0.593504151214,0.593504151214,0.1953921839
NEMO,CHAT,90,mt,8,4,3,13,1,3,640,1711.08352595,0.138678255,1640.24908823,0.198111792857,8279.41166233,0.655146547582,0.655146547582,0.183722436718
NEMO,CHAT,91,mt,32,16,3,3,1,1,384,1872.28181649,0.446531136,1617.9055222,0.637901622857,2536.29315906,0.52019382976,0.52019382976,0.147490639051
NEMO,CHAT,92,mt,64,16,3,3,1,1,384,1868.4868339,0.895442763,1615.37106335,1.27920394714,1262.79399541,0.520763367022,0.520763367022,0.144446812748
NEMO,CHAT,93,mt,8,12,3,7,1,1,512,1708.82856632,0.12533298,1503.71982692,0.179047114286,8398.45888006,0.542815918759,0.542815918759,0.074018945332
NEMO,CHAT,94,mt,8,12,3,7,1,1,640,1633.72553912,0.138471813,1501.85836199,0.197816875714,7592.16500901,0.598977679303,0.598977679303,0.0592507539221
NEMO,CHAT,95,mt,16,12,3,7,1,1,256,1865.71569583,0.201417633,1501.74784678,0.287739475714,5219.12345551,0.435596913393,0.435596913393,0.160071043722
NEMO,CHAT,96,mt,16,2,3,15,1,3,256,1848.44474803,0.203582052,1489.10792012,0.290831502857,5120.17407155,0.436572070892,0.436572070892,0.405700595721
NEMO,CHAT,97,mt,16,2,3,15,1,3,384,1775.35051092,0.225616068,1488.83300802,0.322308668571,4619.27696398,0.483733653771,0.483733653771,0.378097351586
NEMO,CHAT,98,mt,16,2,3,15,1,3,512,1691.70208107,0.253150593,1488.41196862,0.361643704286,4115.6861048,0.542615743785,0.542615743785,0.350345484558
NEMO,CHAT,99,mt,16,2,3,15,1,3,640,1619.25899111,0.279238014,1487.75650782,0.398911448571,3729.54076186,0.598269257717,0.598269257717,0.329073658496
NEMO,CHAT,100,mt,8,10,3,9,1,1,384,1760.9244433,0.111532314,1457.64095388,0.159331877143,9148.45779777,0.468243285044,0.468243285044,0.0904655868538
NEMO,CHAT,101,mt,32,16,3,3,1,1,512,1669.27871063,0.502020159,1444.9748606,0.717171655714,2014.82427406,0.522326115545,0.522326115545,0.0985292196434
NEMO,CHAT,102,mt,64,16,3,3,1,1,512,1665.89063368,1.006709322,1442.69951441,1.43815617429,1003.15914238,0.522889922956,0.522889922956,0.0964961170723
NEMO,CHAT,103,mt,16,16,3,3,1,1,512,1628.66098157,0.25067649,1383.87905451,0.358109271429,3864.40442881,0.499576532212,0.499576532212,0.100761365046
NEMO,CHAT,104,mt,32,16,3,3,1,1,256,1769.10185814,0.402835296,1380.38954766,0.575478994286,2398.67929388,0.400395760387,0.400395760387,0.225908082495
NEMO,CHAT,105,mt,8,4,3,13,1,3,256,1714.92255908,0.100708812,1315.53069495,0.143869731429,9143.90179148,0.381582757597,0.381582757597,0.211175506375
NEMO,CHAT,106,mt,16,16,3,3,1,1,640,1487.82580535,0.27700311,1272.63804345,0.395718728571,3216.01670975,0.507668052907,0.507668052907,0.0733415503955
NEMO,CHAT,107,mt,32,16,3,3,1,1,640,1486.30130178,0.554765454,1271.64529044,0.792522077143,1604.55503653,0.507967221255,0.507967221255,0.0706563146705
NEMO,CHAT,108,mt,64,16,3,3,1,1,640,1483.23888587,1.112568102,1269.63127686,1.58938300286,798.820218019,0.50855100084,0.50855100084,0.0691940570399
NEMO,CHAT,109,mt,8,12,3,7,1,1,384,1605.23328836,0.111532314,1255.969387,0.159331877143,7882.72509886,0.403459596905,0.403459596905,0.100886274715
NEMO,CHAT,110,mt,8,6,1,13,1,3,256,1025.37090953,0.29521032,1176.11064545,0.421729028571,2788.7827628,0.894019919087,1.11854331056,0.0736459154452
NEMO,CHAT,111,mt,16,14,1,7,1,1,256,1077.43817993,0.590420664,1176.11059765,0.843458091429,1394.39126804,0.78316116795,1.27687638372,0.103929035879
NEMO,CHAT,112,mt,8,14,3,5,1,1,512,1469.11353766,0.12533298,1168.23760551,0.179047114286,6524.74970161,0.421712846909,0.421712846909,0.081850609043
NEMO,CHAT,113,mt,8,14,3,5,1,1,640,1413.03951554,0.138471813,1166.81417142,0.197816875714,5898.45617171,0.465353899053,0.465353899053,0.0610866805435
NEMO,CHAT,114,mt,16,16,1,5,1,1,256,976.817082029,0.590420664,1166.72228043,0.843458091429,1383.2605227,0.99201748778,0.99201748778,0.113658155994
NEMO,CHAT,115,mt,16,16,3,3,1,1,384,1523.13265629,0.223064661,1158.27058041,0.318663801429,3634.77299653,0.372075510317,0.372075510317,0.1381417613
NEMO,CHAT,116,mt,4,6,3,13,1,1,512,1430.2622853,0.06266649,1119.85844989,0.0895235571429,12509.092418,0.404248838431,0.404248838431,0.130218090382
NEMO,CHAT,117,mt,4,6,3,13,1,1,640,1377.71215276,0.069235902,1119.40966812,0.0989084314286,11317.6364436,0.446447799998,0.446447799998,0.121404288997
NEMO,CHAT,118,mt,8,8,1,13,1,1,256,959.649984075,0.29521032,1118.90740929,0.421729028571,2653.14297449,0.951362368513,0.951362368513,0.0596199759228
NEMO,CHAT,119,mt,4,6,1,13,1,3,384,897.136161944,0.163517188,1061.66209267,0.233595982857,4544.86451217,0.966780289788,1.03436117861,0.0722981640381
NEMO,CHAT,120,mt,8,14,1,7,1,1,384,945.677800016,0.327034492,1061.6617161,0.467192131429,2272.43064401,0.845292669618,1.18302220751,0.0642212455065
NEMO,CHAT,121,mt,4,8,3,11,1,1,512,1381.49795221,0.06266649,1061.20049367,0.0895235571429,11853.8687195,0.383074367077,0.383074367077,0.0961909125405
NEMO,CHAT,122,mt,4,8,3,11,1,1,640,1332.18982742,0.069235902,1060.52017454,0.0989084314286,10722.2423733,0.422961237751,0.422961237751,0.0895747485702
NEMO,CHAT,123,mt,8,10,1,11,1,1,256,937.50137979,0.29521032,1060.48362295,0.421729028571,2514.6090288,0.901686951861,0.901686951861,0.0664025632917
NEMO,CHAT,124,mt,8,16,1,5,1,1,384,853.400615805,0.327034492,975.726129287,0.467192131429,2088.49007432,0.919055584742,0.919055584742,0.0705696782566
NEMO,CHAT,125,mt,4,10,1,11,1,1,512,824.967596404,0.183769072,944.66385508,0.262527245714,3598.34596409,0.890184145894,1.12336307562,0.0402870723211
NEMO,CHAT,126,mt,8,16,1,5,1,1,512,855.432397397,0.367538144,944.66385508,0.525054491429,1799.17298205,0.808623049476,1.23667016498,0.0548889512861
NEMO,CHAT,127,mt,4,8,1,13,1,1,384,837.109744669,0.163517188,934.155140749,0.233595982857,3999.020571,0.879898742921,0.879898742921,0.050106599477
NEMO,CHAT,128,mt,4,10,1,11,1,1,384,816.94540844,0.163517188,885.381205305,0.233595982857,3790.22444854,0.833957632486,0.833957632486,0.0436447236923
NEMO,CHAT,129,mt,4,12,1,9,1,1,512,762.917583632,0.183769072,877.572879137,0.262527245714,3342.78781903,0.928978995457,0.928978995457,0.0357411884437
NEMO,CHAT,130,mt,4,10,3,9,1,1,640,1177.49532197,0.069235902,877.064884822,0.0989084314286,8867.44306986,0.349794806527,0.349794806527,0.0679751645841
NEMO,CHAT,131,mt,8,12,1,9,1,1,256,858.152371577,0.29521032,877.020463299,0.421729028571,2079.58286929,0.745695540372,0.745695540372,0.0711149828892
NEMO,CHAT,132,mt,4,12,1,9,1,1,640,720.110842713,0.20301078,855.1270036,0.2900154,2948.55722696,0.974987162751,1.02565452983,0.0289920485427
NEMO,CHAT,133,mt,8,16,1,5,1,1,640,801.85441508,0.406021596,855.12692778,0.580030851429,1474.27835205,0.732873278987,1.36449237361,0.0420207865128
NEMO,CHAT,134,mt,4,4,1,15,1,3,384,789.450456407,0.163700692,824.238547824,0.233858131429,3524.52379051,0.777237446151,0.777237446151,0.0946343531792
NEMO,CHAT,135,mt,4,4,1,15,1,3,512,741.340881427,0.184044304,824.004232086,0.262920434286,3134.04408571,0.873578832876,0.873578832876,0.0887367397576
NEMO,CHAT,136,mt,4,4,1,15,1,3,640,700.911000028,0.203286012,823.705587854,0.290408588571,2836.36786331,0.964561198254,0.964561198254,0.0842387558899
NEMO,CHAT,137,mt,4,14,1,7,1,1,512,713.222720734,0.183769072,756.335539186,0.262527245714,2880.97921847,0.800639862654,0.800639862654,0.0400359001121
NEMO,CHAT,138,mt,4,14,1,7,1,1,640,675.636253743,0.20301078,755.8641833,0.2900154,2606.2898153,0.883920376877,0.883920376877,0.0303339236722
NEMO,CHAT,139,mt,8,14,1,7,1,1,256,795.733296035,0.29521032,755.834618095,0.421729028571,1792.22810594,0.642656046874,0.642656046874,0.0803009143105
NEMO,CHAT,140,mt,8,2,1,17,1,3,256,787.69707625,0.2982705,748.310595292,0.426100714286,1756.18244749,0.642854191858,0.642854191858,0.1695714861
NEMO,CHAT,141,mt,8,2,1,17,1,3,384,749.211702406,0.330585228,748.24116561,0.472264611429,1584.36848221,0.712435127685,0.712435127685,0.159475801258
NEMO,CHAT,142,mt,8,2,1,17,1,3,512,706.091039689,0.370967932,748.134806411,0.529954188571,1411.69712882,0.79934914168,0.79934914168,0.14932866424
NEMO,CHAT,143,mt,8,2,1,17,1,3,640,669.607557861,0.409168036,747.969449936,0.584525765714,1279.61758713,0.881466563417,0.881466563417,0.141565984463
NEMO,CHAT,144,mt,4,12,1,9,1,1,384,744.981478829,0.163517188,732.094702307,0.233595982857,3134.02094228,0.689574119072,0.689574119072,0.0469101139478
NEMO,CHAT,145,mt,2,6,1,13,1,3,512,667.304911526,0.091884536,660.01285705,0.131263622857,5028.14749955,0.698674828619,0.698674828619,0.0662873387813
NEMO,CHAT,146,mt,2,6,1,13,1,3,640,634.367393794,0.101505356,659.820370502,0.145007651429,4550.24520432,0.771604857188,0.771604857188,0.0625807354532
NEMO,CHAT,147,mt,4,4,1,15,1,3,256,739.106767299,0.147605136,659.802521105,0.21086448,3129.03586752,0.561003691595,0.561003691595,0.0921841677212
NEMO,CHAT,148,mt,4,6,1,13,1,3,256,739.106767299,0.147605136,659.802521105,0.21086448,3129.03586752,0.561003691595,0.561003691595,0.0614561118142
NEMO,CHAT,149,mt,4,14,1,7,1,1,384,688.83367887,0.163517188,631.005794842,0.233595982857,2701.26988968,0.594356527559,0.594356527559,0.0531197386633
NEMO,CHAT,150,mt,4,16,1,5,1,1,512,628.138998002,0.183769072,587.544065805,0.262527245714,2238.03081545,0.62196098924,0.62196098924,0.0450788838302
NEMO,CHAT,151,mt,4,16,1,5,1,1,640,598.761484082,0.20301078,587.183717161,0.2900154,2024.66392185,0.686662583088,0.686662583088,0.0339472242857
NEMO,CHAT,152,mt,8,16,1,5,1,1,256,691.209274584,0.29521032,587.159238466,0.421729028571,1392.26659463,0.499238095272,0.499238095272,0.0916124453203
NEMO,CHAT,153,mt,2,8,1,13,1,1,512,612.877166091,0.091884536,561.391532419,0.131263622857,4276.8249131,0.594276503118,0.594276503118,0.0466600544551
NEMO,CHAT,154,mt,2,8,1,13,1,1,640,584.995937392,0.101505356,561.279357717,0.145007651429,3870.6878719,0.656369366596,0.656369366596,0.0438825901511
NEMO,CHAT,155,mt,4,8,1,13,1,1,256,672.854234204,0.147605136,561.152112625,0.21086448,2661.197906,0.477125195281,0.477125195281,0.0511117803315
NEMO,CHAT,156,mt,2,6,1,13,1,3,384,637.783325213,0.081758608,550.30503408,0.116798011429,4711.59591974,0.518343013385,0.518343013385,0.0665884898665
NEMO,CHAT,157,mt,2,10,1,11,1,1,512,595.077522572,0.091884536,532.226869154,0.131263622857,4054.64101607,0.563403443767,0.563403443767,0.036605188462
NEMO,CHAT,158,mt,2,10,1,11,1,1,640,568.716903027,0.101505356,532.054982562,0.145007651429,3669.15109182,0.622193898808,0.622193898808,0.0343817370414
NEMO,CHAT,159,mt,4,10,1,11,1,1,256,651.485851926,0.147605136,532.044650251,0.21086448,2523.15918855,0.452376284323,0.452376284323,0.0574347583808
NEMO,CHAT,160,mt,4,16,1,5,1,1,384,595.455542843,0.163517188,490.175414174,0.233595982857,2098.38974189,0.461705675993,0.461705675993,0.0608752043296
NEMO,CHAT,161,mt,2,8,1,13,1,1,384,578.845864998,0.081758608,468.063117375,0.116798011429,4007.45793229,0.440877752681,0.440877752681,0.047393378565
NEMO,CHAT,162,mt,2,10,1,11,1,1,384,559.905362989,0.081758608,443.784684547,0.116798011429,3799.5910985,0.418009424657,0.418009424657,0.0416439223954
NEMO,CHAT,163,mt,2,12,1,9,1,1,512,532.666910897,0.091884536,440.008571367,0.131263622857,3352.09833303,0.465783219079,0.465783219079,0.0335151657585
NEMO,CHAT,164,mt,2,12,1,9,1,1,640,511.439735522,0.101505356,439.880247002,0.145007651429,3033.49680288,0.514403238125,0.514403238125,0.0267476316827
NEMO,CHAT,165,mt,4,12,1,9,1,1,256,577.405293623,0.147605136,439.868347404,0.21086448,2086.02391168,0.374002461063,0.374002461063,0.0633913425792
NEMO,CHAT,166,mt,2,4,1,15,1,3,384,534.45487482,0.081850336,412.888052836,0.116929051429,3531.09896807,0.389343615842,0.389343615842,0.0912942071627
NEMO,CHAT,167,mt,2,4,1,15,1,3,512,511.962482332,0.092022152,412.829417233,0.131460217143,3140.3372534,0.437666490584,0.437666490584,0.0840271789247
NEMO,CHAT,168,mt,2,4,1,15,1,3,640,492.349773919,0.101642972,412.754101744,0.145204245714,2842.5759847,0.483335871042,0.483335871042,0.0784903313066
NEMO,CHAT,169,mt,2,14,1,7,1,1,512,485.617509306,0.091884536,379.296624753,0.131263622857,2889.57912708,0.401514912118,0.401514912118,0.0384548033962
NEMO,CHAT,170,mt,2,14,1,7,1,1,640,467.894247599,0.101505356,379.177541163,0.145007651429,2614.87954206,0.443416489665,0.443416489665,0.0286805839525
NEMO,CHAT,171,mt,4,14,1,7,1,1,256,522.505896479,0.147605136,379.16934613,0.21086448,1798.16603598,0.322392528241,0.322392528241,0.0732123036085
NEMO,CHAT,172,mt,4,2,1,17,1,3,256,516.976585513,0.149135192,375.101652548,0.213050274286,1760.62506282,0.322239959518,0.322239959518,0.154566016386
NEMO,CHAT,173,mt,4,2,1,17,1,3,384,500.115978509,0.165292544,375.084206404,0.236132205714,1588.45001795,0.357134923334,0.357134923334,0.143137568772
NEMO,CHAT,174,mt,4,2,1,17,1,3,512,480.52711158,0.18548392,375.057477558,0.264977028571,1415.43393244,0.400732322367,0.400732322367,0.131653605843
NEMO,CHAT,175,mt,4,2,1,17,1,3,640,463.346535147,0.204583976,375.015985056,0.292262822857,1283.1463865,0.441948509714,0.441948509714,0.122874570185
NEMO,CHAT,176,mt,2,12,1,9,1,1,384,494.505032167,0.081758608,366.87002272,0.116798011429,3141.06394649,0.345562008923,0.345562008923,0.0461023451048
NEMO,CHAT,177,mt,2,4,1,15,1,3,256,474.284812926,0.073802536,330.41336033,0.105432194286,3133.89437229,0.280937141943,0.280937141943,0.0933491894766
NEMO,CHAT,178,mt,2,6,1,13,1,3,256,474.284812926,0.073802536,330.41336033,0.105432194286,3133.89437229,0.280937141943,0.280937141943,0.0622327929844
NEMO,CHAT,179,mt,2,14,1,7,1,1,384,446.366874579,0.081758608,316.262335812,0.116798011429,2707.77157885,0.297893644457,0.297893644457,0.0533629281825
NEMO,CHAT,180,mt,2,16,1,5,1,1,512,410.169862719,0.091884536,294.635859541,0.131263622857,2244.6116687,0.311894922153,0.311894922153,0.044994759663
NEMO,CHAT,181,mt,2,16,1,5,1,1,640,397.436363659,0.101505356,294.544823684,0.145007651429,2031.23642637,0.3444455897,0.3444455897,0.0333925489291
NEMO,CHAT,182,mt,4,16,1,5,1,1,256,436.156454118,0.147605136,294.538100197,0.21086448,1396.81230427,0.250433965073,0.250433965073,0.0865355304291
NEMO,CHAT,183,mt,2,8,1,13,1,1,256,421.137082076,0.073802536,281.002752703,0.105432194286,2665.24617653,0.238925296918,0.238925296918,0.0529028595164
NEMO,CHAT,184,mt,2,10,1,11,1,1,256,404.608532956,0.073802536,266.475798934,0.105432194286,2527.46137686,0.226573614562,0.226573614562,0.059857640239
NEMO,CHAT,185,mt,2,16,1,5,1,1,384,371.112166839,0.081758608,245.668918386,0.116798011429,2103.36559143,0.231400331752,0.231400331752,0.0632863175537
NEMO,CHAT,186,mt,2,12,1,9,1,1,256,349.032130524,0.073802536,220.275573554,0.105432194286,2089.26291486,0.187291427962,0.187291427962,0.0675974161098
NEMO,CHAT,187,mt,2,14,1,7,1,1,256,309.774685383,0.073802536,189.899546938,0.105432194286,1801.15332157,0.16146391877,0.16146391877,0.0793523389098
NEMO,CHAT,188,mt,2,2,1,17,1,3,256,306.379876653,0.074567516,187.788419539,0.106525022857,1762.85735034,0.161323916804,0.161323916804,0.167528117315
NEMO,CHAT,189,mt,2,2,1,17,1,3,384,300.378335234,0.082646236,187.784046844,0.118066051429,1590.49993264,0.178797749453,0.178797749453,0.153426448719
NEMO,CHAT,190,mt,2,2,1,17,1,3,512,293.199523628,0.092741924,187.777347142,0.132488462857,1417.3109348,0.20063171034,0.20063171034,0.139257220256
NEMO,CHAT,191,mt,2,2,1,17,1,3,640,286.712783462,0.10229194,187.766910664,0.146131342857,1284.91880655,0.22127928064,0.22127928064,0.128427369665
NEMO,CHAT,192,mt,2,16,1,5,1,1,256,250.954836605,0.073802536,147.510074201,0.105432194286,1399.09896782,0.125421861308,0.125421861308,0.0961123883314
NEMO,CHAT,193,bstar,2,6,7,9,1,1,512,797.292630842,0.014619988,440.008571367,0.0208856971429,21067.4591495,0.0741119819503,0.0741119819503,0.263430043865
NEMO,CHAT,194,bstar,4,6,7,9,1,1,512,1454.21467828,0.029239976,877.572879137,0.0417713942857,21008.9438991,0.147812269149,0.147812269149,0.228116379408
NEMO,CHAT,195,bstar,8,6,7,9,1,1,512,2473.03003687,0.058479952,1745.44972167,0.0835427885714,20892.8831742,0.293991405361,0.293991405361,0.227073909838
NEMO,CHAT,196,bstar,16,6,7,9,1,1,512,3806.34320342,0.116964584,3452.76445586,0.167092262857,20663.8200765,0.581582889156,0.581582889156,0.259139750686
NEMO,CHAT,197,bstar,2,6,7,9,1,1,384,681.293832811,0.013009456,366.87002272,0.0185849371429,19740.180981,0.0549859379988,0.0549859379988,0.290770466628
NEMO,CHAT,198,bstar,4,6,7,9,1,1,384,1269.21802725,0.026018907,732.094702307,0.0371698671429,19695.9192642,0.109725253309,0.109725253309,0.247850066308
NEMO,CHAT,199,bstar,8,6,7,9,1,1,384,2232.46683449,0.052037833,1457.64095388,0.0743397614286,19607.8239406,0.218469114435,0.218469114435,0.240291371241
NEMO,CHAT,200,bstar,16,6,7,9,1,1,384,3597.66582136,0.104075681,2889.45522211,0.148679544286,19434.1140605,0.433067425058,0.433067425058,0.263884464033
NEMO,CHAT,201,bstar,2,6,7,9,1,1,640,789.310661072,0.016151655,439.880247002,0.0230737928571,19064.0632741,0.0818524653328,0.0818524653328,0.240167240828
NEMO,CHAT,202,bstar,4,6,7,9,1,1,640,1427.88078994,0.032303321,877.064884822,0.0461476014286,19005.6440134,0.163203390047,0.163203390047,0.209252716808
NEMO,CHAT,203,bstar,8,6,7,9,1,1,640,2397.82587194,0.064606647,1743.44128286,0.09229521,18889.8349422,0.324417901863,0.324417901863,0.210373335901
NEMO,CHAT,204,bstar,2,8,7,7,1,1,512,696.31451844,0.014619988,379.296624753,0.0208856971429,18160.5920147,0.0638860841282,0.0638860841282,0.195691577684
NEMO,CHAT,205,bstar,4,8,7,7,1,1,512,1283.72114152,0.029239976,756.335539186,0.0417713942857,18106.5428176,0.12739189524,0.12739189524,0.168043523468
NEMO,CHAT,206,bstar,8,8,7,7,1,1,512,2220.19011166,0.058479952,1503.71982692,0.0835427885714,17999.397107,0.253276103974,0.253276103974,0.164946790135
NEMO,CHAT,207,bstar,2,4,7,11,1,1,384,622.421518469,0.013024744,332.980374137,0.0186067771429,17895.6501483,0.0499652549557,0.0499652549557,0.433570524585
NEMO,CHAT,208,bstar,4,4,7,11,1,1,384,1166.35483371,0.026049491,664.598657178,0.0372135585714,17859.046076,0.0997261332879,0.0997261332879,0.36799268175
NEMO,CHAT,209,bstar,16,8,7,7,1,1,512,3494.92593125,0.116964584,2972.27609473,0.167092262857,17788.2329433,0.500649534782,0.500649534782,0.184409215434
NEMO,CHAT,210,bstar,8,4,7,11,1,1,384,2071.49266629,0.052099001,1323.78312064,0.0744271442857,17786.2946825,0.198639913957,0.198639913957,0.354155060826
NEMO,CHAT,211,bstar,16,4,7,11,1,1,384,3384.90729822,0.104198009,2626.17800497,0.148854298571,17642.6077727,0.394070448441,0.394070448441,0.384603311183
NEMO,CHAT,212,bstar,16,6,7,9,1,1,640,3475.1809478,0.129239732,3175.15126619,0.184628188571,17197.5432937,0.590950026933,0.590950026933,0.235915757095
NEMO,CHAT,213,bstar,2,8,7,7,1,1,384,593.161687648,0.013009456,316.262335812,0.0185849371429,17017.1323896,0.0474009325139,0.0474009325139,0.216509941216
NEMO,CHAT,214,bstar,4,8,7,7,1,1,384,1114.45360813,0.026018907,631.005794842,0.0371698671429,16976.2725386,0.0945741998413,0.0945741998413,0.183349631272
NEMO,CHAT,215,bstar,8,8,7,7,1,1,384,1988.01678792,0.052037833,1255.969387,0.0743397614286,16894.9881311,0.18824287216,0.18824287216,0.175747894881
NEMO,CHAT,216,bstar,16,8,7,7,1,1,384,3269.37281113,0.104075681,2488.13083836,0.148679544286,16734.8565017,0.372917499164,0.372917499164,0.189606360504
NEMO,CHAT,217,bstar,2,8,7,7,1,1,640,690.179336366,0.016151655,379.177541163,0.0230737928571,16433.2558375,0.0705569680715,0.0705569680715,0.1782447617
NEMO,CHAT,218,bstar,4,8,7,7,1,1,640,1263.02522134,0.032303321,755.8641833,0.0461476014286,16379.2734595,0.140650480101,0.140650480101,0.153896696355
NEMO,CHAT,219,bstar,8,8,7,7,1,1,640,2159.0055248,0.064606647,1501.85836199,0.09229521,16272.3326811,0.279464380867,0.279464380867,0.152424617783
NEMO,CHAT,220,bstar,2,4,7,11,1,1,512,617.316684873,0.014642924,332.928048922,0.0209184628571,15915.5121098,0.056164056657,0.056164056657,0.387933775683
NEMO,CHAT,221,bstar,2,4,7,11,1,1,256,507.340741834,0.011745142,266.475798934,0.0167787742857,15881.7202256,0.0360575587333,0.0360575587333,0.474438178514
NEMO,CHAT,222,bstar,4,4,7,11,1,1,512,1148.55582166,0.029285848,664.389582106,0.0418369257143,15880.4589669,0.112080716096,0.112080716096,0.331003346203
NEMO,CHAT,223,bstar,4,4,7,11,1,1,256,966.660201477,0.023490294,532.044650251,0.0335575628571,15854.6868411,0.0719924265871,0.0719924265871,0.397793005907
NEMO,CHAT,224,bstar,8,4,7,11,1,1,512,2016.00765355,0.058571704,1322.95519085,0.0836738628571,15810.853541,0.223178974204,0.223178974204,0.321466898992
NEMO,CHAT,225,bstar,8,4,7,11,1,1,256,1766.15430483,0.046980596,1060.48362295,0.0671151371429,15800.9603809,0.143496983452,0.143496983452,0.374671461081
NEMO,CHAT,226,bstar,16,4,7,11,1,1,256,3011.51575696,0.093961196,2106.68461562,0.13423028,15694.555771,0.28506135668,0.28506135668,0.393154314787
NEMO,CHAT,227,bstar,16,4,7,11,1,1,512,3239.23048762,0.117143404,2622.92072058,0.16734772,15673.477479,0.442479639446,0.442479639446,0.353980689167
NEMO,CHAT,228,bstar,32,4,7,11,1,1,256,4651.44502227,0.187922406,4157.38184721,0.26846058,15486.0048623,0.562546946564,0.562546946564,0.461085769692
NEMO,CHAT,229,bstar,16,8,7,7,1,1,640,3192.81819834,0.129239732,2733.42137228,0.184628188571,14805.0056355,0.508736528797,0.508736528797,0.167793479253
NEMO,CHAT,230,bstar,32,4,9,9,1,1,384,4543.2183261,0.190825532,4034.66381416,0.272607902857,14800.2452309,0.55437562556,0.55437562556,0.451696477877
NEMO,CHAT,231,bstar,2,4,7,11,1,1,640,612.531256322,0.016174591,332.860781977,0.0231065585714,14405.4676488,0.0620263480232,0.0620263480232,0.353147390807
NEMO,CHAT,232,bstar,4,4,7,11,1,1,640,1132.10147455,0.032349193,664.122854759,0.0462131328571,14370.8684891,0.123754829518,0.123754829518,0.302804272294
NEMO,CHAT,233,bstar,8,4,7,11,1,1,640,1965.85623992,0.064698399,1321.89847093,0.0924262842857,14302.1920782,0.246326943288,0.246326943288,0.29653267986
NEMO,CHAT,234,bstar,16,4,7,11,1,1,640,3111.68029487,0.129396816,2618.76851756,0.184852594286,14166.7934263,0.487990074904,0.487990074904,0.330570551875
NEMO,CHAT,235,bstar,2,10,5,7,1,1,512,680.361618126,0.018795561,379.296624753,0.0268508014286,14126.0820748,0.0821324060788,0.0821324060788,0.123862294096
NEMO,CHAT,236,bstar,4,10,5,7,1,1,512,1230.52788853,0.037591122,756.335539186,0.0537016028571,14084.0403069,0.163775930452,0.163775930452,0.107943861906
NEMO,CHAT,237,bstar,8,10,5,7,1,1,512,2065.74926742,0.075182244,1503.71982692,0.107403205714,14000.697809,0.325613568362,0.325613568362,0.108566480831
NEMO,CHAT,238,bstar,32,6,7,9,1,1,384,4369.41526128,0.208329946,4036.86261093,0.297614208571,13564.0789138,0.605558301948,0.605558301948,0.284911729325
NEMO,CHAT,239,bstar,2,10,5,7,1,1,384,582.804435958,0.016724554,316.262335812,0.02389222,13237.042678,0.0609371718141,0.0609371718141,0.152314454931
NEMO,CHAT,240,bstar,4,10,5,7,1,1,384,1078.44482412,0.033449102,631.005794842,0.0477844314286,13205.2590347,0.121581665866,0.121581665866,0.130482508817
NEMO,CHAT,241,bstar,8,10,5,7,1,1,384,1876.26295477,0.066898228,1255.969387,0.0955688971429,13142.030771,0.241999212018,0.241999212018,0.127582997144
NEMO,CHAT,242,bstar,2,6,7,9,1,1,256,422.903991811,0.011745142,220.275573554,0.0167787742857,13128.2279505,0.029806081688,0.029806081688,0.31438364114
NEMO,CHAT,243,bstar,4,6,7,9,1,1,256,812.068852017,0.023490294,439.868347404,0.0335575628571,13107.8752434,0.0595197972454,0.0595197972454,0.262109790151
NEMO,CHAT,244,bstar,8,6,7,9,1,1,256,1504.14149896,0.046980596,877.020463299,0.0671151371429,13067.4017909,0.118672073934,0.118672073934,0.244358318665
NEMO,CHAT,245,bstar,16,10,5,7,1,1,384,2977.70111598,0.133796475,2488.13083836,0.191137821429,13017.4699061,0.479411197453,0.479411197453,0.141900501361
NEMO,CHAT,246,bstar,16,6,7,9,1,1,256,2620.98587031,0.093961196,1743.27260207,0.13423028,12987.1784673,0.235887066021,0.235887066021,0.252073220769
NEMO,CHAT,247,bstar,32,6,7,9,1,1,256,4168.61009202,0.187922406,3444.25780872,0.26846058,12829.6594186,0.466052141633,0.466052141633,0.288407667418
NEMO,CHAT,248,bstar,2,10,5,7,1,1,640,672.904451133,0.020763997,379.177541163,0.0296628528571,12782.9087441,0.0907055452439,0.0907055452439,0.113008360193
NEMO,CHAT,249,bstar,4,10,5,7,1,1,640,1206.35098654,0.041528008,755.8641833,0.0593257257143,12740.917607,0.18081528716,0.18081528716,0.0991413291399
NEMO,CHAT,250,bstar,8,10,5,7,1,1,640,1998.51097233,0.083056023,1501.85836199,0.118651461429,12657.7316782,0.3592695353,0.3592695353,0.100769372808
NEMO,CHAT,251,bstar,32,4,9,9,1,1,512,4073.11378853,0.211794868,3603.31874665,0.302564097143,11909.2740371,0.549513550049,0.549513550049,0.405702005385
NEMO,CHAT,252,bstar,32,8,7,7,1,1,384,4017.64881845,0.208329946,3474.71288556,0.297614208571,11675.2251253,0.521231817263,0.521231817263,0.20246078291
NEMO,CHAT,253,bstar,2,8,7,7,1,1,256,366.610590423,0.011745142,189.899546938,0.0167787742857,11317.8438248,0.0256958196373,0.0256958196373,0.275210896832
NEMO,CHAT,254,bstar,4,8,7,7,1,1,256,707.518338062,0.023490294,379.16934613,0.0335575628571,11299.0728124,0.0513064482511,0.0513064482511,0.228584115571
NEMO,CHAT,255,mt_fill,64,4,5,13,1,1,256,4448.72070746,0.484027938,4863.77183074,0.691468482857,7033.97472382,0.847566766321,0.847566766321,0.415550523124
NEMO,CHAT,256,bstar_fill,2,6,9,7,1,1,512,701.763798417,0.013237172,379.296624753,0.0189102457143,20057.7311625,0.0578434868765,0.0578434868765,0.286542445823
NEMO,LW,1,mt,64,4,1,15,1,3,256,7648.25623779,10.351160624,6685.88300875,14.78737232,452.134622979,0.534529851526,0.534529851526,0.537675788849
NEMO,LW,2,mt,32,6,1,13,1,3,384,6920.03982636,5.727791696,6055.2939164,8.18255956571,740.024422403,0.535767767721,0.535767767721,0.330228345382
NEMO,LW,3,mt,32,4,1,15,1,3,384,6916.22420636,5.731002944,6051.99572124,8.18714706286,739.206914787,0.535776156937,0.535776156937,0.495067667541
NEMO,LW,4,mt,64,4,1,15,1,3,384,6903.78431756,11.489778832,6043.92117518,16.41396976,368.218125387,0.536357803856,0.536357803856,0.484970016787
NEMO,LW,5,mt,64,2,1,17,1,3,256,6997.24748592,10.439470928,5782.24777655,14.9135298971,387.718254258,0.466229050001,0.466229050001,1.01879666293
NEMO,LW,6,mt,64,2,1,17,1,3,384,6707.3467265,11.570484912,5778.10488272,16.52926416,349.568185661,0.516370144629,0.516370144629,0.950643860875
NEMO,LW,7,mt,32,4,1,15,1,3,512,6165.39939518,6.444763016,5404.97811997,9.20680430857,587.063430352,0.538090136707,0.538090136707,0.440902041191
NEMO,LW,8,mt,64,4,1,15,1,3,512,6153.83405502,12.920665312,5397.01632699,18.4580933029,292.392948634,0.538595539147,0.538595539147,0.431890627484
NEMO,LW,9,mt,64,2,1,17,1,3,512,6129.81371096,12.99061376,5381.99373267,18.5580196571,290.00905442,0.540004030523,0.540004030523,0.859916674188
NEMO,LW,10,mt,64,6,3,11,1,3,256,8922.18319292,3.531858162,5377.21499248,5.04551166,1065.74225863,0.146684693679,0.146684693679,0.785025365387
NEMO,LW,11,mt,16,6,1,13,1,3,512,6020.72627102,3.216080728,5179.14668379,4.59440104,1127.27353113,0.514599414151,0.514599414151,0.300681957032
NEMO,LW,12,mt,32,4,1,15,1,3,256,6551.27145854,5.166181384,5166.38671309,7.38025912,700.027821393,0.412297498451,0.412297498451,0.505037718364
NEMO,LW,13,mt,32,6,1,13,1,3,256,6551.27145854,5.166181384,5166.38671309,7.38025912,700.027821393,0.412297498451,0.412297498451,0.336691812242
NEMO,LW,14,mt,32,8,1,11,1,3,384,6077.32579341,5.727791696,4872.79121704,8.18255956571,595.509409727,0.43114083461,0.43114083461,0.230798210391
NEMO,LW,15,mt,64,6,3,11,1,3,384,8066.27174166,3.917561871,4864.17180255,5.59651695857,869.14268974,0.147180038832,0.147180038832,0.708041389815
NEMO,LW,16,mt,16,6,1,13,1,3,640,5499.69155841,3.553382336,4762.72689929,5.07626048,938.235324616,0.522855586849,0.522855586849,0.273623445417
NEMO,LW,17,mt,32,4,1,15,1,3,640,5491.36373427,7.120440004,4756.9326347,10.1720571486,467.647061476,0.523224379456,0.523224379456,0.395206724107
NEMO,LW,18,mt,64,4,1,15,1,3,640,5480.90336148,14.276314508,4749.88444422,20.3947350114,232.897580751,0.523749105616,0.523749105616,0.387107463139
NEMO,LW,19,mt,64,2,1,17,1,3,640,5466.2718472,14.336344024,4742.50424973,20.4804914629,231.562033476,0.525134179277,0.525134179277,0.771673920555
NEMO,LW,20,mt,64,8,3,11,1,1,256,8012.87644221,3.531858162,4730.19555811,5.04551166,937.505624179,0.129034693136,0.129034693136,0.679343640542
NEMO,LW,21,mt,64,10,3,9,1,1,256,7617.7759494,3.531858162,4457.25533917,5.04551166,883.409976931,0.121589174878,0.121589174878,0.771272742115
NEMO,LW,22,mt,64,8,3,11,1,1,384,7370.83837414,3.917561871,4367.2246342,5.59651695857,780.346895495,0.132143418724,0.132143418724,0.524070572532
NEMO,LW,23,mt,32,6,3,11,1,3,512,7213.14423663,2.196337875,4352.12262541,3.13762553571,1387.07521846,0.147657126774,0.147657126774,0.64355996968
NEMO,LW,24,mt,64,6,3,11,1,3,512,7199.238938,4.40435298,4344.38422494,6.29193282857,690.468945443,0.147786406384,0.147786406384,0.630118002813
NEMO,LW,25,mt,16,6,1,13,1,3,384,5641.8513293,2.86155238,4334.18283317,4.08793197143,1060.23849307,0.38317137919,0.38317137919,0.308610586024
NEMO,LW,26,mt,32,10,1,11,1,1,384,5634.9825492,5.727791696,4327.97854188,8.18255956571,528.927227125,0.382936226407,0.382936226407,0.199128853822
NEMO,LW,27,mt,32,8,1,13,1,1,256,5782.93533702,5.166181384,4271.31841718,7.38025912,578.749112697,0.340867611406,0.340867611406,0.280953740645
NEMO,LW,28,mt,16,8,1,11,1,3,512,5276.9705357,3.216080728,4168.37743824,4.59440104,907.273309828,0.414169499078,0.414169499078,0.210558274643
NEMO,LW,29,mt,32,10,1,11,1,1,256,5677.60230482,5.166181384,4157.38184721,7.38025912,563.311095127,0.33177503561,0.33177503561,0.318912641567
NEMO,LW,30,mt,32,12,1,9,1,1,384,5382.30437057,5.727791696,4036.86261093,8.18255956571,493.349614935,0.357178511814,0.357178511814,0.22799000348
NEMO,LW,31,mt,64,10,3,9,1,1,384,6886.05735727,3.917561871,4030.94506137,5.59651695857,720.259599177,0.121968276357,0.121968276357,0.46371472026
NEMO,LW,32,mt,64,12,3,7,1,1,256,6690.19786978,3.531858162,3835.02765654,5.04551166,760.086967382,0.104615466898,0.104615466898,0.886200689543
NEMO,LW,33,mt,16,8,1,11,1,3,640,4824.47350103,3.553382336,3833.47389404,5.07626048,755.176750513,0.420841523128,0.420841523128,0.191470331941
NEMO,LW,34,mt,32,6,3,11,1,3,640,6377.97492419,2.427098619,3830.09690145,3.46728374143,1104.63901633,0.143598969664,0.143598969664,0.580313064336
NEMO,LW,35,mt,64,6,3,11,1,3,640,6365.56298902,4.867485171,3823.24744727,6.95355024429,549.826680322,0.143734554611,0.143734554611,0.568150683622
NEMO,LW,36,mt,32,8,3,11,1,1,512,6434.5063226,2.196337875,3797.58132046,3.13762553571,1210.33605739,0.128842864674,0.128842864674,0.474757266009
NEMO,LW,37,mt,64,8,3,11,1,1,512,6431.89087732,4.40435298,3797.57951775,6.29193282857,603.563264457,0.129185311618,0.129185311618,0.464929704738
NEMO,LW,38,mt,16,10,1,11,1,1,512,4849.80943177,3.216080728,3659.20372068,4.59440104,796.448479099,0.363578057523,0.363578057523,0.162420498148
NEMO,LW,39,mt,32,10,3,9,1,1,512,6156.36493175,2.196337875,3605.31369158,3.13762553571,1149.05799005,0.122319683207,0.122319683207,0.377611050084
NEMO,LW,40,mt,32,12,1,9,1,1,512,4800.30069648,6.43994612,3605.31369158,9.19992302857,391.88520169,0.358657098361,0.358657098361,0.152249171335
NEMO,LW,41,mt,64,10,3,9,1,1,512,6146.23217133,4.40435298,3600.00117,6.29193282857,572.161411777,0.122464130322,0.122464130322,0.369729865467
NEMO,LW,42,mt,16,8,1,13,1,1,384,4976.63387523,2.86155238,3595.71893703,4.08793197143,879.593633692,0.317886124632,0.317886124632,0.220533197488
NEMO,LW,43,mt,16,10,1,11,1,1,384,4874.29567258,2.86155238,3489.83955026,4.08793197143,853.693156994,0.308525663337,0.308525663337,0.195506099244
NEMO,LW,44,mt,32,14,1,7,1,1,384,4858.32528115,5.727791696,3474.71288556,8.18255956571,424.64865152,0.307439934687,0.307439934687,0.263561410085
NEMO,LW,45,mt,64,12,3,7,1,1,384,6048.88191786,3.917561871,3468.86853097,5.59651695857,619.826323523,0.10496097297,0.10496097297,0.532799776211
NEMO,LW,46,mt,16,12,1,9,1,1,512,4664.97504717,3.216080728,3452.76445586,4.59440104,751.515687421,0.3430662761,0.3430662761,0.156227801686
NEMO,LW,47,mt,32,12,1,9,1,1,256,4974.33629906,5.166181384,3444.25780872,7.38025912,466.685214262,0.274864998967,0.274864998967,0.356165502823
NEMO,LW,48,mt,32,8,3,11,1,1,640,5795.87663799,2.427098619,3417.82481084,3.46728374143,985.7355399,0.128141959318,0.128141959318,0.429352116509
NEMO,LW,49,mt,64,8,3,11,1,1,640,5793.45801268,4.867485171,3417.82043028,6.95355024429,491.521641493,0.128492571842,0.128492571842,0.420434416078
NEMO,LW,50,mt,16,10,1,11,1,1,640,4399.50586181,3.553382336,3323.32458745,5.07626048,654.679680159,0.364836965084,0.364836965084,0.147138597794
NEMO,LW,51,mt,16,4,1,15,1,3,384,4644.61753713,2.864763628,3260.54173901,4.09251946857,796.707691692,0.288577650194,0.288577650194,0.430774100983
NEMO,LW,52,mt,16,4,1,15,1,3,512,4480.79956417,3.220775752,3256.88342311,4.60110821714,707.847603101,0.324075974921,0.324075974921,0.393713405185
NEMO,LW,53,mt,16,4,1,15,1,3,640,4335.0691579,3.55750688,3252.22025011,5.08215268571,639.929661943,0.357445499106,0.357445499106,0.365430201684
NEMO,LW,54,mt,16,12,1,9,1,1,640,4267.68059827,3.553382336,3175.15126619,5.07626048,625.49021641,0.348570391232,0.348570391232,0.121154126505
NEMO,LW,55,mt,32,10,3,9,1,1,640,5439.73684185,2.427098619,3172.83356445,3.46728374143,915.077565341,0.118956685038,0.118956685038,0.340685082784
NEMO,LW,56,mt,32,12,1,9,1,1,640,4263.84438568,7.115623108,3172.83356445,10.1651758686,312.127759074,0.348750120938,0.348750120938,0.116725187345
NEMO,LW,57,mt,64,10,3,9,1,1,640,5430.7045424,4.867485171,3168.13113528,6.95355024429,455.613467076,0.119105531086,0.119105531086,0.333549722688
NEMO,LW,58,mt,32,14,1,7,1,1,512,4333.68270198,6.43994612,3103.38239587,9.19992302857,337.326995697,0.308724904522,0.308724904522,0.175984609326
NEMO,LW,59,mt,64,12,3,7,1,1,512,5399.57232999,4.40435298,3098.1354743,6.29193282857,492.398052985,0.105391761992,0.105391761992,0.35557263348
NEMO,LW,60,mt,64,14,3,5,1,1,256,5351.46756167,3.531858162,2980.28171113,5.04551166,590.679778774,0.0812989085401,0.0812989085401,1.04099339587
NEMO,LW,61,mt,16,14,1,7,1,1,512,4205.6889968,3.216080728,2972.27609473,4.59440104,646.934403168,0.295325008235,0.295325008235,0.180809345397
NEMO,LW,62,mt,32,14,1,7,1,1,256,4453.93812787,5.166181384,2964.5841513,7.38025912,401.691065733,0.236585199174,0.236585199174,0.41456529713
NEMO,LW,63,mt,32,2,1,17,1,3,256,4424.51762483,5.219735452,2948.6076122,7.45676493143,395.42719119,0.237749500856,0.237749500856,0.876156198023
NEMO,LW,64,mt,32,2,1,17,1,3,384,4306.81305845,5.785242444,2947.52991467,8.26463206286,356.64381575,0.26341101037,0.26341101037,0.806901204566
NEMO,LW,65,mt,32,2,1,17,1,3,512,4167.93769913,6.491939788,2945.88121618,9.27419969714,317.642633583,0.29542269337,0.29542269337,0.737283114878
NEMO,LW,66,mt,32,2,1,17,1,3,640,4043.6114556,7.160442636,2943.31037061,10.2292037657,287.736019149,0.325559272564,0.325559272564,0.684000709814
NEMO,LW,67,mt,16,12,1,9,1,1,384,4256.62723214,2.86155238,2889.45522211,4.08793197143,706.825662048,0.255447586126,0.255447586126,0.218838355094
NEMO,LW,68,mt,16,14,1,7,1,1,640,3849.5971434,3.553382336,2733.42137228,5.07626048,538.471456114,0.300076965556,0.300076965556,0.131397219936
NEMO,LW,69,mt,32,14,1,7,1,1,640,3845.90870434,7.115623108,2731.13184761,10.1651758686,268.675316878,0.300199346358,0.300199346358,0.126588877491
NEMO,LW,70,mt,32,16,1,5,1,1,384,4046.64269482,5.727791696,2700.03231601,8.18255956571,329.974049602,0.238896791253,0.238896791253,0.312180101538
NEMO,LW,71,mt,64,14,3,5,1,1,384,4838.71111361,3.917561871,2695.6210058,5.59651695857,481.660473067,0.081564060731,0.081564060731,0.625821657357
NEMO,LW,72,mt,8,6,1,13,1,3,512,3838.44694301,1.607979416,2618.1745825,2.29711345143,1139.76720691,0.260131663134,0.260131663134,0.267928158245
NEMO,LW,73,mt,8,6,1,13,1,3,640,3731.00527624,1.776344956,2615.16192429,2.53763565143,1030.55059256,0.287038414071,0.287038414071,0.247712043391
NEMO,LW,74,mt,16,4,1,15,1,3,256,4047.37144372,2.58309068,2614.90890311,3.69012954286,708.622521985,0.208679770659,0.208679770659,0.448125219205
NEMO,LW,75,mt,16,6,1,13,1,3,256,4047.37144372,2.58309068,2614.90890311,3.69012954286,708.622521985,0.208679770659,0.208679770659,0.298750146137
NEMO,LW,76,mt,16,14,1,7,1,1,384,3804.61265891,2.86155238,2488.13083836,4.08793197143,608.652701598,0.219967768236,0.219967768236,0.255184598021
NEMO,LW,77,mt,32,16,1,5,1,1,512,3610.38606396,6.43994612,2411.46785596,9.19992302857,262.118264302,0.239893151608,0.239893151608,0.208410979971
NEMO,LW,78,mt,64,14,3,5,1,1,512,4319.72656762,4.40435298,2407.50751124,6.29193282857,382.634013558,0.081898116052,0.081898116052,0.417618486596
NEMO,LW,79,mt,16,16,1,5,1,1,512,3495.96970278,3.216080728,2309.55683069,4.59440104,502.689427975,0.22947729898,0.22947729898,0.214522401903
NEMO,LW,80,mt,32,16,1,5,1,1,256,3664.20996017,5.166181384,2303.64387509,7.38025912,312.135907104,0.183839627145,0.183839627145,0.496102924317
NEMO,LW,81,mt,16,8,1,13,1,1,256,3525.21131721,2.58309068,2194.82832602,3.69012954286,594.783543647,0.175155727667,0.175155727667,0.255290613707
NEMO,LW,82,mt,8,8,1,13,1,1,512,3358.38371111,1.607979416,2190.93566098,2.29711345143,953.777733364,0.217682862373,0.217682862373,0.194177046844
NEMO,LW,83,mt,8,6,1,13,1,3,384,3441.57331693,1.430776156,2186.46143082,2.04396593714,1069.71519979,0.193298126621,0.193298126621,0.285141338804
NEMO,LW,84,mt,8,8,1,13,1,1,640,3270.68842886,1.776344956,2184.22161986,2.53763565143,860.730979498,0.239738696072,0.239738696072,0.178956316873
NEMO,LW,85,mt,16,16,1,5,1,1,640,3202.47611553,3.553382336,2123.93703589,5.07626048,418.405841122,0.233167336446,0.233167336446,0.155793429944
NEMO,LW,86,mt,32,16,1,5,1,1,640,3199.53052503,7.115623108,2122.20899673,10.1651758686,208.772482067,0.23326803289,0.23326803289,0.15009046148
NEMO,LW,87,mt,64,12,5,5,1,1,640,3971.83071447,2.918611805,2118.70354411,4.16944543571,508.149963054,0.0477606986464,0.0477606986464,0.434008966606
NEMO,LW,88,mt,64,14,3,5,1,1,640,3812.28614572,4.867485171,2118.70354411,6.95355024429,304.693785143,0.0796524196948,0.0796524196948,0.301678792112
NEMO,LW,89,mt,8,10,1,11,1,1,512,3261.88013434,1.607979416,2109.50548445,2.29711345143,918.328819649,0.209592276133,0.209592276133,0.154309509198
NEMO,LW,90,mt,8,10,1,11,1,1,640,3183.13165093,1.776344956,2106.81998698,2.53763565143,830.229503512,0.231243144901,0.231243144901,0.142183987051
NEMO,LW,91,mt,16,10,1,11,1,1,256,3410.61284411,2.58309068,2106.68461562,3.69012954286,570.897197823,0.168121521141,0.168121521141,0.29001429026
NEMO,LW,92,mt,16,16,1,5,1,1,384,3119.9316145,2.86155238,1933.2258943,4.08793197143,472.910485746,0.170910379354,0.170910379354,0.306153881945
NEMO,LW,93,mt,8,8,1,13,1,1,384,2991.65822325,1.430776156,1835.68423294,2.04396593714,898.099229338,0.162287026102,0.162287026102,0.208298373623
NEMO,LW,94,mt,64,16,3,3,1,1,256,3344.01987166,3.531858162,1786.05854052,5.04551166,353.989577446,0.0487217733113,0.0487217733113,1.26203822031
NEMO,LW,95,mt,8,10,1,11,1,1,384,2893.15305005,1.430776156,1762.05942457,2.04396593714,862.078664107,0.155778090097,0.155778090097,0.18493917828
NEMO,LW,96,mt,8,12,1,9,1,1,512,2808.92242535,1.607979416,1745.44972167,2.29711345143,759.844804609,0.173421108756,0.173421108756,0.146186619995
NEMO,LW,97,mt,8,12,1,9,1,1,640,2750.11880745,1.776344956,1743.44128286,2.53763565143,687.033728375,0.191358942714,0.191358942714,0.114648465378
NEMO,LW,98,mt,16,12,1,9,1,1,256,2918.1781139,2.58309068,1743.27260207,3.69012954286,472.415014657,0.139119847106,0.139119847106,0.329949580873
NEMO,LW,99,mt,8,4,1,15,1,3,384,2729.3043604,1.432381756,1642.36243983,2.04625965143,802.616832464,0.145358996265,0.145358996265,0.41006908495
NEMO,LW,100,mt,8,4,1,15,1,3,512,2671.90213903,1.610387864,1641.4337267,2.30055409143,713.494950116,0.163330755873,0.163330755873,0.370464757487
NEMO,LW,101,mt,8,4,1,15,1,3,640,2619.39564972,1.778753404,1640.24908823,2.54107629143,645.493838087,0.180276733137,0.180276733137,0.340284588508
NEMO,LW,102,mt,64,16,3,3,1,1,384,3023.82475196,3.917561871,1615.37106335,5.59651695857,288.638643519,0.048877873867,0.048877873867,0.758635703169
NEMO,LW,103,mt,8,14,1,7,1,1,512,2487.20313654,1.607979416,1503.71982692,2.29711345143,654.612781962,0.149403764775,0.149403764775,0.17183340248
NEMO,LW,104,mt,8,14,1,7,1,1,640,2440.49818782,1.776344956,1501.85836199,2.53763565143,591.833725675,0.164842963788,0.164842963788,0.126108836803
NEMO,LW,105,mt,16,14,1,7,1,1,256,2571.96312498,2.58309068,1501.74784678,3.69012954286,406.963449205,0.119845244276,0.119845244276,0.389239959181
NEMO,LW,106,mt,16,2,1,17,1,3,256,2549.63322982,2.609867692,1489.10792012,3.72838241714,399.39784966,0.12006842099,0.12006842099,0.822022759001
NEMO,LW,107,mt,16,2,1,17,1,3,384,2510.1019896,2.892621188,1488.83300802,4.13231598286,360.290213575,0.133052085529,0.133052085529,0.750267426425
NEMO,LW,108,mt,16,2,1,17,1,3,512,2462.28511657,3.24596986,1488.41196862,4.6370998,320.979067265,0.14926286423,0.14926286423,0.678160781847
NEMO,LW,109,mt,16,2,1,17,1,3,640,2418.35962107,3.580221276,1487.75650782,5.11460182286,290.884131228,0.164560600062,0.164560600062,0.623031498464
NEMO,LW,110,mt,8,12,1,9,1,1,384,2469.71644906,1.430776156,1457.64095388,2.04396593714,713.143466529,0.128865417747,0.128865417747,0.210738276916
NEMO,LW,111,mt,64,16,3,3,1,1,512,2699.89351698,4.40435298,1442.69951441,6.29193282857,229.293534072,0.0490774677578,0.0490774677578,0.506186924982
NEMO,LW,112,mt,4,6,1,13,1,3,512,2225.26448645,0.80398972,1316.35931871,1.14855674286,1146.09863804,0.130788353938,0.130788353938,0.272291143849
NEMO,LW,113,mt,4,6,1,13,1,3,640,2188.72487439,0.888172448,1315.59732723,1.26881778286,1036.86860715,0.144399072999,0.144399072999,0.24944964238
NEMO,LW,114,mt,8,4,1,15,1,3,256,2293.9071405,1.291545328,1315.53069495,1.84506475429,712.999742634,0.104984399586,0.104984399586,0.438753579343
NEMO,LW,115,mt,8,6,1,13,1,3,256,2293.9071405,1.291545328,1315.53069495,1.84506475429,712.999742634,0.104984399586,0.104984399586,0.292502386229
NEMO,LW,116,mt,64,16,3,3,1,1,640,2380.20689057,4.867485171,1269.63127686,6.95355024429,182.58748873,0.047731644006,0.047731644006,0.36594927573
NEMO,LW,117,mt,8,14,1,7,1,1,384,2173.99028236,1.430776156,1255.969387,2.04396593714,614.47667213,0.111036273578,0.111036273578,0.248891886885
NEMO,LW,118,mt,8,16,1,5,1,1,512,2009.87084675,1.607979416,1168.23760551,2.29711345143,508.567656849,0.11607155355,0.11607155355,0.208562885314
NEMO,LW,119,mt,8,16,1,5,1,1,640,1978.83133607,1.776344956,1166.81417142,2.53763565143,459.803664394,0.128068738754,0.128068738754,0.152659458078
NEMO,LW,120,mt,16,16,1,5,1,1,256,2064.35124638,2.58309068,1166.72228043,3.69012954286,316.173800101,0.0931089177188,0.0931089177188,0.474933559669
NEMO,LW,121,mt,4,8,1,13,1,1,512,1915.41422105,0.80398972,1104.89668111,1.14855674286,961.987022394,0.109778246821,0.109778246821,0.200423970051
NEMO,LW,122,mt,4,8,1,13,1,1,640,1888.42602456,0.888172448,1104.45980871,1.26881778286,870.463689609,0.121224761742,0.121224761742,0.183298677736
NEMO,LW,123,mt,8,8,1,13,1,1,256,1965.5085206,1.291545328,1103.96843533,1.84506475429,598.335875622,0.0881009191124,0.0881009191124,0.253154118231
NEMO,LW,124,mt,4,6,1,13,1,3,384,1933.49070039,0.715388068,1098.14205346,1.02198295429,1074.52090943,0.0970832577872,0.0970832577872,0.296893425362
NEMO,LW,125,mt,4,10,1,11,1,1,512,1849.40726513,0.80398972,1061.20049367,1.14855674286,923.942591666,0.105436763195,0.105436763195,0.159711924688
NEMO,LW,126,mt,4,10,1,11,1,1,640,1823.82480959,0.888172448,1060.52017454,1.26881778286,835.83331576,0.116401977209,0.116401977209,0.146008196199
NEMO,LW,127,mt,8,10,1,11,1,1,256,1896.28933028,1.291545328,1060.48362295,1.84506475429,574.767698797,0.0846306641525,0.0846306641525,0.28839627393
NEMO,LW,128,mt,8,16,1,5,1,1,384,1741.17849422,1.430776156,975.726129287,2.04396593714,477.369075265,0.0862608552008,0.0862608552008,0.304177190621
NEMO,LW,129,mt,4,8,1,13,1,1,384,1654.57234682,0.715388068,921.657287268,1.02198295429,901.832347988,0.0814807990727,0.0814807990727,0.219503307944
NEMO,LW,130,mt,4,10,1,11,1,1,384,1595.88063383,0.715388068,885.381205305,1.02198295429,866.336568132,0.0782737456632,0.0782737456632,0.195403916693
NEMO,LW,131,mt,4,12,1,9,1,1,512,1564.20465621,0.80398972,877.572879137,1.14855674286,764.065758696,0.0871922359586,0.0871922359586,0.153394513135
NEMO,LW,132,mt,4,12,1,9,1,1,640,1545.79866793,0.888172448,877.064884822,1.26881778286,691.245738097,0.0962660486662,0.0962660486662,0.119478938879
NEMO,LW,133,mt,8,12,1,9,1,1,256,1597.50836697,1.291545328,877.020463299,1.84506475429,475.333161756,0.0699895997241,0.0699895997241,0.33192052793
NEMO,LW,134,mt,4,4,1,15,1,3,384,1495.71911578,0.716190868,824.238547824,1.02312981143,805.60505482,0.0729500891009,0.0729500891009,0.43505552185
NEMO,LW,135,mt,4,4,1,15,1,3,512,1478.31360793,0.805193944,824.004232086,1.15027706286,716.352832455,0.0819924885697,0.0819924885697,0.390227336952
NEMO,LW,136,mt,4,4,1,15,1,3,640,1462.09796514,0.889376672,823.705587854,1.27053810286,648.312385124,0.0905319493862,0.0905319493862,0.356079198673
NEMO,LW,137,mt,4,14,1,7,1,1,512,1368.67894941,0.80398972,756.335539186,1.14855674286,658.50951108,0.0751465643075,0.0751465643075,0.182033953142
NEMO,LW,138,mt,4,14,1,7,1,1,640,1354.41520942,0.888172448,755.8641833,1.26881778286,595.723194861,0.0829631416259,0.0829631416259,0.13278272921
NEMO,LW,139,mt,8,14,1,7,1,1,256,1393.95540917,1.291545328,755.834618095,1.84506475429,409.652082042,0.0603185040621,0.0603185040621,0.394704559072
NEMO,LW,140,mt,8,2,1,17,1,3,256,1380.04600765,1.3049338,748.310595292,1.86419114286,401.413019346,0.0603371100281,0.0603371100281,0.833411819365
NEMO,LW,141,mt,8,2,1,17,1,3,384,1368.38134702,1.44631056,748.24116561,2.06615794286,362.141320414,0.0668678385596,0.0668678385596,0.756577184286
NEMO,LW,142,mt,8,2,1,17,1,3,512,1354.04652854,1.622984896,748.134806411,2.31854985143,322.673590973,0.0750254257895,0.0750254257895,0.679373233405
NEMO,LW,143,mt,8,2,1,17,1,3,640,1340.6561245,1.790110592,747.969449936,2.55730084571,292.483948922,0.0827328246924,0.0827328246924,0.620362611136
NEMO,LW,144,mt,4,12,1,9,1,1,384,1342.5404201,0.715388068,732.094702307,1.02198295429,716.347272952,0.0647221718581,0.0647221718581,0.225106129721
NEMO,LW,145,mt,2,6,1,13,1,3,512,1209.02861707,0.401994848,660.01285705,0.574278354286,1149.29084846,0.0655763144212,0.0655763144212,0.31664081622
NEMO,LW,146,mt,2,6,1,13,1,3,640,1198.15936321,0.444086168,659.820370502,0.634408811429,1040.05549516,0.0724214285479,0.0724214285479,0.288470270609
NEMO,LW,147,mt,4,4,1,15,1,3,256,1229.00674102,0.645772664,659.802521105,0.922532377143,715.20798343,0.0526547740692,0.0526547740692,0.473369477501
NEMO,LW,148,mt,4,6,1,13,1,3,256,1229.00674102,0.645772664,659.802521105,0.922532377143,715.20798343,0.0526547740692,0.0526547740692,0.315579651667
NEMO,LW,149,mt,4,14,1,7,1,1,384,1170.58936689,0.715388068,631.005794842,1.02198295429,617.432797872,0.0557852220055,0.0557852220055,0.267859989872
NEMO,LW,150,mt,4,16,1,5,1,1,512,1086.30794425,0.80398972,587.544065805,1.14855674286,511.549881587,0.0583760984867,0.0583760984867,0.223993164647
NEMO,LW,151,mt,4,16,1,5,1,1,640,1077.17556082,0.888172448,587.183717161,1.26881778286,462.780176235,0.0644488877282,0.0644488877282,0.16314085746
NEMO,LW,152,mt,8,16,1,5,1,1,256,1102.02499195,1.291545328,587.159238466,1.84506475429,318.232320629,0.0468575612477,0.0468575612477,0.487117138082
NEMO,LW,153,mt,2,8,1,13,1,1,512,1028.50471859,0.401994848,553.871785328,0.574278354286,964.465718052,0.0550305497169,0.0550305497169,0.235130320943
NEMO,LW,154,mt,2,8,1,13,1,1,640,1020.67320819,0.444086168,553.76259533,0.634408811429,872.879735203,0.0607806003317,0.0607806003317,0.214004256178
NEMO,LW,155,mt,4,8,1,13,1,1,256,1042.77386745,0.645772664,553.637509163,0.922532377143,600.127998626,0.0441823985643,0.0441823985643,0.275132534582
NEMO,LW,156,mt,2,6,1,13,1,3,384,1030.42666607,0.357694024,550.30503408,0.510991462857,1076.935867,0.0486507222115,0.0486507222115,0.350204724661
NEMO,LW,157,mt,2,10,1,11,1,1,512,991.081965327,0.401994848,532.226869154,0.574278354286,926.77508247,0.0528799949004,0.0528799949004,0.187720828507
NEMO,LW,158,mt,2,10,1,11,1,1,640,983.686525975,0.444086168,532.054982562,0.634408811429,838.662661957,0.0583979877339,0.0583979877339,0.170818866057
NEMO,LW,159,mt,4,10,1,11,1,1,256,1004.3857133,0.645772664,532.044650251,0.922532377143,576.721926984,0.0424592055313,0.0424592055313,0.313918273076
NEMO,LW,160,mt,4,16,1,5,1,1,384,924.276109358,0.715388068,490.175414174,1.02198295429,479.631692601,0.0433348544892,0.0433348544892,0.330876557244
NEMO,LW,161,mt,2,8,1,13,1,1,384,873.642637305,0.357694024,461.78796913,0.510991462857,903.709753874,0.0408252093211,0.0408252093211,0.260693502229
NEMO,LW,162,mt,2,10,1,11,1,1,384,841.356169759,0.357694024,443.784684547,0.510991462857,868.477688581,0.0392335960467,0.0392335960467,0.232406119546
NEMO,LW,163,mt,2,12,1,9,1,1,512,829.262496412,0.401994848,440.008571367,0.574278354286,766.193898975,0.0437175429474,0.0437175429474,0.181725810654
NEMO,LW,164,mt,2,12,1,9,1,1,640,824.059561401,0.444086168,439.880247002,0.634408811429,693.370330105,0.0482809523653,0.0482809523653,0.140988366118
NEMO,LW,165,mt,4,12,1,9,1,1,256,838.527706976,0.645772664,439.868347404,0.922532377143,476.805322287,0.0351031827128,0.0351031827128,0.363653658729
NEMO,LW,166,mt,2,4,1,15,1,3,384,785.585313032,0.3580954,412.888052836,0.511564857143,807.107929858,0.0365430826584,0.0365430826584,0.518659933047
NEMO,LW,167,mt,2,4,1,15,1,3,512,780.757480317,0.40259696,412.829417233,0.575138514286,717.791291975,0.0410785636126,0.0410785636126,0.463347791259
NEMO,LW,168,mt,2,4,1,15,1,3,640,776.210279759,0.44468828,412.754101744,0.635268971429,649.731248192,0.0453650300463,0.0453650300463,0.421217463363
NEMO,LW,169,mt,2,14,1,7,1,1,512,720.575939923,0.401994848,379.296624753,0.574278354286,660.475224118,0.0376854396971,0.0376854396971,0.216810644612
NEMO,LW,170,mt,2,14,1,7,1,1,640,716.601865207,0.444086168,379.177541163,0.634408811429,597.686435516,0.0416182652611,0.0416182652611,0.157603802809
NEMO,LW,171,mt,4,14,1,7,1,1,256,727.518926451,0.645772664,379.16934613,0.922532377143,411.009256178,0.0302591693966,0.0302591693966,0.434342225178
NEMO,LW,172,mt,4,2,1,17,1,3,256,719.728003222,0.652466888,375.101652548,0.932095554286,402.428324889,0.0302448600991,0.0302448600991,0.917077249452
NEMO,LW,173,mt,4,2,1,17,1,3,384,716.542473484,0.723155256,375.084206404,1.03307893714,363.074101038,0.0335200340217,0.0335200340217,0.830063452286
NEMO,LW,174,mt,4,2,1,17,1,3,512,712.592133934,0.811492424,375.057477558,1.15927489143,323.527646748,0.0376119997038,0.0376119997038,0.742633362407
NEMO,LW,175,mt,4,2,1,17,1,3,640,708.866217431,0.89505524,375.015985056,1.27865034286,293.290489579,0.0414804773243,0.0414804773243,0.675810964922
NEMO,LW,176,mt,2,12,1,9,1,1,384,701.86999541,0.357694024,366.87002272,0.510991462857,717.957244665,0.0324338148077,0.0324338148077,0.269366380909
NEMO,LW,177,mt,2,4,1,15,1,3,256,637.300421875,0.32288632,330.41336033,0.461266171429,716.318214507,0.0263682535828,0.0263682535828,0.569570712089
NEMO,LW,178,mt,2,6,1,13,1,3,256,637.300421875,0.32288632,330.41336033,0.461266171429,716.318214507,0.0263682535828,0.0263682535828,0.379713808059
NEMO,LW,179,mt,2,14,1,7,1,1,384,608.69800997,0.357694024,316.262335812,0.510991462857,618.919020768,0.0279597497618,0.0279597497618,0.321838893932
NEMO,LW,180,mt,2,16,1,5,1,1,512,566.072143959,0.401994848,294.635859541,0.574278354286,513.054091874,0.0292738748323,0.0292738748323,0.268816449267
NEMO,LW,181,mt,2,16,1,5,1,1,640,563.581578121,0.444086168,294.544823684,0.634408811429,464.282365531,0.0323290365927,0.0323290365927,0.195247850561
NEMO,LW,182,mt,4,16,1,5,1,1,256,570.308831242,0.645772664,294.538100197,0.922532377143,319.271287918,0.0235052710842,0.0235052710842,0.539368600312
NEMO,LW,183,mt,2,8,1,13,1,1,256,537.810010764,0.32288632,277.234090922,0.461266171429,601.028447551,0.0221243438943,0.0221243438943,0.332352893832
NEMO,LW,184,mt,2,10,1,11,1,1,256,517.543244852,0.32288632,266.475798934,0.461266171429,577.705054999,0.0212657909261,0.0212657909261,0.379512831586
NEMO,LW,185,mt,2,16,1,5,1,1,384,476.838913707,0.357694024,245.668918386,0.510991462857,480.769124816,0.0217188096859,0.0217188096859,0.399856185633
NEMO,LW,186,mt,2,12,1,9,1,1,256,429.969440093,0.32288632,220.275573554,0.461266171429,477.545476338,0.0175788357218,0.0175788357218,0.441166508133
NEMO,LW,187,mt,2,14,1,7,1,1,256,371.908461849,0.32288632,189.899546938,0.461266171429,411.691900903,0.0151547122789,0.0151547122789,0.528138649007
NEMO,LW,188,mt,2,2,1,17,1,3,256,367.780545832,0.32623342,187.788419539,0.466047742857,402.938159056,0.0151415863427,0.0151415863427,1.11512165667
NEMO,LW,189,mt,2,2,1,17,1,3,384,366.946935013,0.361577604,187.784046844,0.516539434286,363.542518498,0.0167816375994,0.0167816375994,1.00774407118
NEMO,LW,190,mt,2,2,1,17,1,3,512,365.908146734,0.405746212,187.777347142,0.579637445714,323.956549961,0.0188309311177,0.0188309311177,0.899853328079
NEMO,LW,191,mt,2,2,1,17,1,3,640,364.923159884,0.447527588,187.766910664,0.639325125714,293.695497191,0.0207688760839,0.0207688760839,0.817394454039
NEMO,LW,192,mt,2,16,1,5,1,1,256,290.23686559,0.32288632,147.510074201,0.461266171429,319.793826943,0.0117718697532,0.0117718697532,0.65797338811
NEMO,LW,193,bstar,2,6,7,9,1,1,512,871.52982183,0.063962448,440.008571367,0.0913749257143,4815.41919654,0.00695601220109,0.00695601220109,1.8805645602
NEMO,LW,194,bstar,4,6,7,9,1,1,512,1721.70552382,0.1279249,877.572879137,0.182749857143,4802.04413211,0.0138733839355,0.0138733839355,1.53437431926
NEMO,LW,195,bstar,8,6,7,9,1,1,512,3361.05878967,0.255849796,1745.44972167,0.365499708571,4775.5160421,0.0275934846278,0.0275934846278,1.37315381085
NEMO,LW,196,bstar,16,6,7,9,1,1,512,6415.26907916,0.511719908,3452.76445586,0.73102844,4723.16023144,0.0545862676007,0.0545862676007,1.31578922014
NEMO,LW,197,bstar,2,6,7,9,1,1,384,728.476633744,0.056916388,366.87002272,0.0813091257143,4512.03994013,0.00516087903082,0.00516087903082,2.10960463626
NEMO,LW,198,bstar,4,6,7,9,1,1,384,1443.37868718,0.113832779,732.094702307,0.162618255714,4501.92199572,0.0102986127601,0.0102986127601,1.71824505756
NEMO,LW,199,bstar,8,6,7,9,1,1,384,2833.92791607,0.227665561,1457.64095388,0.325236515714,4481.78750986,0.0205051066178,0.0205051066178,1.53250098392
NEMO,LW,200,bstar,16,6,7,9,1,1,384,5467.76372627,0.455331133,2889.45522211,0.650473047143,4442.08293457,0.0406469018795,0.0406469018795,1.4591924537
NEMO,LW,201,bstar,2,6,7,9,1,1,640,870.398890084,0.070663528,439.880247002,0.100947897143,4357.49787219,0.00768252351721,0.00768252351721,1.7034572347
NEMO,LW,202,bstar,4,6,7,9,1,1,640,1717.30195764,0.141327074,877.064884822,0.20189582,4344.14583136,0.0153179700791,0.0153179700791,1.39084710346
NEMO,LW,203,bstar,8,6,7,9,1,1,640,3344.31773578,0.282654157,1743.44128286,0.403791652857,4317.67539156,0.0304492663177,0.0304492663177,1.24639057675
NEMO,LW,204,bstar,2,8,7,7,1,1,512,752.278085657,0.063962448,379.296624753,0.0913749257143,4150.99242804,0.00599622853123,0.00599622853123,1.4090790701
NEMO,LW,205,bstar,4,8,7,7,1,1,512,1487.76665017,0.1279249,756.335539186,0.182749857143,4138.63819655,0.0119567657213,0.0119567657213,1.14860531265
NEMO,LW,206,bstar,8,8,7,7,1,1,512,2910.57335282,0.255849796,1503.71982692,0.365499708571,4114.14781369,0.023772022427,0.023772022427,1.02603544719
NEMO,LW,207,bstar,2,4,7,11,1,1,384,661.6168979,0.056983284,332.980374137,0.0814046914286,4090.43223791,0.00468964785612,0.00468964785612,3.15921030314
NEMO,LW,208,bstar,4,4,7,11,1,1,384,1312.00459832,0.113966579,664.598657178,0.162809398571,4082.06567317,0.00936011311995,0.00936011311995,2.57195029287
NEMO,LW,209,bstar,16,8,7,7,1,1,512,5577.62258245,0.511719908,2972.27609473,0.73102844,4065.8829836,0.0469900163663,0.0469900163663,0.979733630705
NEMO,LW,210,bstar,8,4,7,11,1,1,384,2580.21850478,0.227933161,1323.78312064,0.325618801429,4065.4382205,0.0186439737497,0.0186439737497,2.29186528031
NEMO,LW,211,bstar,16,4,7,11,1,1,384,4993.77148989,0.455866341,2626.17800497,0.65123763,4032.59560565,0.0369867201539,0.0369867201539,2.17852953421
NEMO,LW,212,bstar,16,6,7,9,1,1,640,5892.72295215,0.565423718,3175.15126619,0.807748168571,3930.86779981,0.0554654545892,0.0554654545892,1.19180863238
NEMO,LW,213,bstar,2,8,7,7,1,1,384,628.609346809,0.056916388,316.262335812,0.0813091257143,3889.62903037,0.00444896436354,0.00444896436354,1.58108286667
NEMO,LW,214,bstar,4,8,7,7,1,1,384,1246.52084158,0.113832779,631.005794842,0.162618255714,3880.28879089,0.00887656243104,0.00887656243104,1.28686990054
NEMO,LW,215,bstar,8,8,7,7,1,1,384,2451.3048215,0.227665561,1255.969387,0.325236515714,3861.71086676,0.0176681274772,0.0176681274772,1.14618050161
NEMO,LW,216,bstar,16,8,7,7,1,1,384,4743.80625826,0.455331133,2488.13083836,0.650473047143,3825.10981706,0.0350013418711,0.0350013418711,1.0884571978
NEMO,LW,217,bstar,2,8,7,7,1,1,640,751.388740785,0.070663528,379.177541163,0.100947897143,3756.17077616,0.0066223486893,0.0066223486893,1.27624878059
NEMO,LW,218,bstar,4,8,7,7,1,1,640,1484.29609074,0.141327074,755.8641833,0.20189582,3743.83275147,0.0132011954235,0.0132011954235,1.04096055822
NEMO,LW,219,bstar,8,8,7,7,1,1,640,2897.32124576,0.282654157,1501.85836199,0.403791652857,3719.3893221,0.0262300116931,0.0262300116931,0.930965350235
NEMO,LW,220,bstar,2,4,7,11,1,1,512,660.978056228,0.0640628,332.928048922,0.0915182857143,3637.8309135,0.00527145403175,0.00527145403175,2.8117164258
NEMO,LW,221,bstar,2,4,7,11,1,1,256,530.438372151,0.051385032,266.475798934,0.0734071885714,3630.10495457,0.00338429744327,0.00338429744327,3.49884539881
NEMO,LW,222,bstar,4,4,7,11,1,1,512,1309.49351543,0.128125604,664.389582106,0.183036577143,3629.81865415,0.0105196881486,0.0105196881486,2.29035497664
NEMO,LW,223,bstar,4,4,7,11,1,1,256,1054.11744704,0.102770068,532.044650251,0.146814382857,3623.92730124,0.00675707672829,0.00675707672829,2.84480165092
NEMO,LW,224,bstar,8,4,7,11,1,1,512,2570.52703893,0.256251204,1322.95519085,0.366073148571,3613.90939491,0.0209471614244,0.0209471614244,2.04320305834
NEMO,LW,225,bstar,8,4,7,11,1,1,256,2081.71504149,0.205540136,1060.48362295,0.293628765714,3611.64758627,0.0134683606085,0.0134683606085,2.52864425283
NEMO,LW,226,bstar,16,4,7,11,1,1,256,4061.24529489,0.411080276,2106.68461562,0.587257537143,3587.32665377,0.0267553291286,0.0267553291286,2.3920381983
NEMO,LW,227,bstar,16,4,7,11,1,1,512,4957.59478735,0.512502412,2622.92072058,0.732146302857,3582.50900175,0.04153031376,0.04153031376,1.94627312321
NEMO,LW,228,bstar,32,4,7,11,1,1,256,7742.44632026,0.822160556,4157.38184721,1.17451508,3539.65812615,0.0527996071893,0.0527996071893,2.36568192449
NEMO,LW,229,bstar,16,8,7,7,1,1,640,5124.29071976,0.565423718,2733.42137228,0.807748168571,3384.00194347,0.0477490507654,0.0477490507654,0.887321577772
NEMO,LW,230,bstar,32,4,9,9,1,1,384,7521.42402403,0.834861736,4034.66381416,1.19265962286,3382.91305988,0.0520326624454,0.0520326624454,2.32799445484
NEMO,LW,231,bstar,2,4,7,11,1,1,640,660.339563352,0.07076388,332.860781977,0.101091257143,3292.67625494,0.00582168077916,0.00582168077916,2.54685042291
NEMO,LW,232,bstar,4,4,7,11,1,1,640,1306.99197763,0.141527778,664.122854759,0.20218254,3284.76857971,0.0116154018726,0.0116154018726,2.07571483294
NEMO,LW,233,bstar,8,4,7,11,1,1,640,2560.9062723,0.283055565,1321.89847093,0.404365092857,3269.07167379,0.0231197922986,0.0231197922986,1.85365525651
NEMO,LW,234,bstar,16,4,7,11,1,1,640,4921.93017649,0.566111142,2618.76851756,0.808730202857,3238.12379989,0.0458018424403,0.0458018424403,1.76919410823
NEMO,LW,235,bstar,2,10,5,7,1,1,512,750.493687537,0.08223058,379.296624753,0.117472257143,3228.8187354,0.00770879422775,0.00770879422775,0.878326064276
NEMO,LW,236,bstar,4,10,5,7,1,1,512,1480.80361483,0.164461165,756.335539186,0.234944521429,3219.20909067,0.0153717033991,0.0153717033991,0.717159291264
NEMO,LW,237,bstar,8,10,5,7,1,1,512,2884.04278431,0.328922325,1503.71982692,0.469889035714,3200.15942623,0.0305614818104,0.0305614818104,0.64270950805
NEMO,LW,238,bstar,16,10,5,7,1,1,512,5480.99744498,0.657870045,2972.27609473,0.93981435,3162.620463,0.0604106342125,0.0604106342125,0.617478354436
NEMO,LW,239,bstar,32,6,7,9,1,1,384,7478.64086139,0.911443422,4036.86261093,1.30206203143,3100.36120668,0.0568365650064,0.0568365650064,1.42808524288
NEMO,LW,240,bstar,2,10,5,7,1,1,384,627.500132943,0.073169947,316.262335812,0.104528495714,3025.60879358,0.005719450902,0.005719450902,1.09948719283
NEMO,LW,241,bstar,4,10,5,7,1,1,384,1242.16672471,0.146339898,631.005794842,0.209056997143,3018.34333921,0.0114114339662,0.0114114339662,0.896006245456
NEMO,LW,242,bstar,8,10,5,7,1,1,384,2434.52327794,0.2926798,1255.969387,0.418114,3003.89220883,0.0227135979359,0.0227135979359,0.799995310162
NEMO,LW,243,bstar,2,6,7,9,1,1,256,438.83243219,0.051385032,220.275573554,0.0734071885714,3000.73572957,0.00279754508054,0.00279754508054,2.33119957826
NEMO,LW,244,bstar,4,6,7,9,1,1,256,872.909680284,0.102770068,439.868347404,0.146814382857,2996.0848443,0.00558641868187,0.00558641868187,1.89432914198
NEMO,LW,245,bstar,8,6,7,9,1,1,256,1727.10894765,0.205540136,877.020463299,0.293628765714,2986.83428092,0.0111383406637,0.0111383406637,1.68188717301
NEMO,LW,246,bstar,16,10,5,7,1,1,384,4681.35812319,0.585359614,2488.13083836,0.83622802,2975.42151046,0.044996641965,0.044996641965,0.763258949547
NEMO,LW,247,bstar,16,6,7,9,1,1,256,3381.72560836,0.411080276,1743.27260207,0.587257537143,2968.49762126,0.0221399216017,0.0221399216017,1.58752377002
NEMO,LW,248,bstar,32,6,7,9,1,1,256,6491.00700606,0.822160556,3444.25780872,1.17451508,2932.49347529,0.0437427847724,0.0437427847724,1.56355392669
NEMO,LW,249,bstar,2,10,5,7,1,1,640,749.422831131,0.090842535,379.177541163,0.12977505,2921.80616507,0.00851345750229,0.00851345750229,0.795694815487
NEMO,LW,250,bstar,4,10,5,7,1,1,640,1476.64420607,0.181685093,755.8641833,0.259550132857,2912.20880906,0.016970990415,0.016970990415,0.650194369939
NEMO,LW,251,bstar,8,10,5,7,1,1,640,2868.30812295,0.363370198,1501.85836199,0.519100282857,2893.19503685,0.0337203763201,0.0337203763201,0.583563259537
NEMO,LW,252,bstar,32,4,9,9,1,1,512,6721.31271726,0.92660258,3603.31874665,1.32371797143,2722.11968442,0.0515763168439,0.0515763168439,2.09659509777
NEMO,LW,253,bstar,32,8,7,7,1,1,384,6503.9654365,0.911443422,3474.71288556,1.30206203143,2668.62315442,0.0489218395156,0.0489218395156,1.06304265689
NEMO,LW,254,bstar,16,10,5,7,1,1,640,5034.21348982,0.726884651,2733.42137228,1.03840664429,2632.32269104,0.0613841460772,0.0613841460772,0.559364465493
NEMO,LW,255,bstar,2,8,7,7,1,1,256,378.521029499,0.051385032,189.899546938,0.0734071885714,2586.93393158,0.00241176329614,0.00241176329614,2.04811765386
NEMO,LW,256,bstar,4,8,7,7,1,1,256,753.260406152,0.102770068,379.16934613,0.146814382857,2582.64441638,0.00481552885384,0.00481552885384,1.66366136913
