batchsize,Num M,Num Mp,Num Md,Num Ap,Num Ad,NoI_bw(GBps),tokens_per_sec,TTFT(s),placer,req_scheduler,task_scheduler,source_kind,source_label,source_root,source_dir,simulator_dir,run_dir,is_pareto
2,14,9,1,0,0,256,66.34,4.8845732,bw,static,static,results,Results,Results_MAMBA21,MAMBA2-BWB-Results,simulator_output_MAMBA2-BWB_bwplacement_bs2_staticreq_statictask,SCRUBBED_TIME+MAMBA2-BWB_BMPD256_14_9_1,False
2,7,16,1,0,0,256,65.6,5.078551529411765,bw,static,static,results,Results,Results_MAMBA21,MAMBA2-BWB-Results,simulator_output_MAMBA2-BWB_bwplacement_bs2_staticreq_statictask,SCRUBBED_TIME+MAMBA2-BWB_BMPD256_7_16_1,False
2,13,10,1,0,0,256,64.3,5.124392363636363,bw,static,static,results,Results,Results_MAMBA21,MAMBA2-BWB-Results,simulator_output_MAMBA2-BWB_bwplacement_bs2_staticreq_statictask,SCRUBBED_TIME+MAMBA2-BWB_BMPD256_13_10_1,False
2,15,8,1,0,0,384,100.96,5.230684888888889,bw,static,static,results,Results,Results_MAMBA21,MAMBA2-BWB-Results,simulator_output_MAMBA2-BWB_bwplacement_bs2_staticreq_statictask,SCRUBBED_TIME+MAMBA2-BWB_BMPD384_15_8_1,False
2,10,13,1,0,0,256,66.36,5.270748571428572,bw,static,static,results,Results,Results_MAMBA21,MAMBA2-BWB-Results,simulator_output_MAMBA2-BWB_bwplacement_bs2_staticreq_statictask,SCRUBBED_TIME+MAMBA2-BWB_BMPD256_10_13_1,False
2,12,10,2,0,0,256,131.66,5.326851,bw,static,static,results,Results,Results_MAMBA21,MAMBA2-BWB-Results,simulator_output_MAMBA2-BWB_bwplacement_bs2_staticreq_statictask,SCRUBBED_TIME+MAMBA2-BWB_BMPD256_12_10_2,False
2,16,7,1,0,0,256,62.4,5.350212,bw,static,static,results,Results,Results_MAMBA21,MAMBA2-BWB-Results,simulator_output_MAMBA2-BWB_bwplacement_bs2_staticreq_statictask,SCRUBBED_TIME+MAMBA2-BWB_BMPD256_16_7_1,False
2,14,9,1,0,0,384,104.42,5.364454,bw,static,static,results,Results,Results_MAMBA21,MAMBA2-BWB-Results,simulator_output_MAMBA2-BWB_bwplacement_bs2_staticreq_statictask,SCRUBBED_TIME+MAMBA2-BWB_BMPD384_14_9_1,False
2,12,11,1,0,0,256,65.1,5.432059333333333,bw,static,static,results,Results,Results_MAMBA21,MAMBA2-BWB-Results,simulator_output_MAMBA2-BWB_bwplacement_bs2_staticreq_statictask,SCRUBBED_TIME+MAMBA2-BWB_BMPD256_12_11_1,False
2,14,8,2,0,0,384,197.7,5.464894,bw,static,static,results,Results,Results_MAMBA21,MAMBA2-BWB-Results,simulator_output_MAMBA2-BWB_bwplacement_bs2_staticreq_statictask,SCRUBBED_TIME+MAMBA2-BWB_BMPD384_14_8_2,False
2,9,13,2,0,0,256,127.32,5.521318933333333,bw,static,static,results,Results,Results_MAMBA21,MAMBA2-BWB-Results,simulator_output_MAMBA2-BWB_bwplacement_bs2_staticreq_statictask,SCRUBBED_TIME+MAMBA2-BWB_BMPD256_9_13_2,False
2,12,8,4,0,0,256,251.26,5.541209333333333,bw,static,static,results,Results,Results_MAMBA21,MAMBA2-BWB-Results,simulator_output_MAMBA2-BWB_bwplacement_bs2_staticreq_statictask,SCRUBBED_TIME+MAMBA2-BWB_BMPD256_12_8_4,False
2,11,12,1,0,0,256,62.28,5.548442153846154,bw,static,static,results,Results,Results_MAMBA21,MAMBA2-BWB-Results,simulator_output_MAMBA2-BWB_bwplacement_bs2_staticreq_statictask,SCRUBBED_TIME+MAMBA2-BWB_BMPD256_11_12_1,False
2,13,10,1,0,0,384,100.52,5.571001454545455,bw,static,static,results,Results,Results_MAMBA21,MAMBA2-BWB-Results,simulator_output_MAMBA2-BWB_bwplacement_bs2_staticreq_statictask,SCRUBBED_TIME+MAMBA2-BWB_BMPD384_13_10_1,False
2,13,9,2,0,0,384,210.36,5.583937818181818,bw,static,static,results,Results,Results_MAMBA21,MAMBA2-BWB-Results,simulator_output_MAMBA2-BWB_bwplacement_bs2_staticreq_statictask,SCRUBBED_TIME+MAMBA2-BWB_BMPD384_13_9_2,False
2,11,10,3,0,0,256,186.06,5.591211384615385,bw,static,static,results,Results,Results_MAMBA21,MAMBA2-BWB-Results,simulator_output_MAMBA2-BWB_bwplacement_bs2_staticreq_statictask,SCRUBBED_TIME+MAMBA2-BWB_BMPD256_11_10_3,False
2,16,6,2,0,0,256,123.76,5.5960495,bw,static,static,results,Results,Results_MAMBA21,MAMBA2-BWB-Results,simulator_output_MAMBA2-BWB_bwplacement_bs2_staticreq_statictask,SCRUBBED_TIME+MAMBA2-BWB_BMPD256_16_6_2,False
2,2,17,5,0,0,512,493.02,5.6112098947368425,bw,static,static,results,Results,Results_MAMBA21,MAMBA2-BWB-Results,simulator_output_MAMBA2-BWB_bwplacement_bs2_staticreq_statictask,SCRUBBED_TIME+MAMBA2-BWB_BMPD512_2_17_5,False
2,15,8,1,0,0,512,120.64,5.629215111111111,bw,static,static,results,Results,Results_MAMBA21,MAMBA2-BWB-Results,simulator_output_MAMBA2-BWB_bwplacement_bs2_staticreq_statictask,SCRUBBED_TIME+MAMBA2-BWB_BMPD512_15_8_1,False
2,8,15,1,0,0,256,63.44,5.63291375,bw,static,static,results,Results,Results_MAMBA21,MAMBA2-BWB-Results,simulator_output_MAMBA2-BWB_bwplacement_bs2_staticreq_statictask,SCRUBBED_TIME+MAMBA2-BWB_BMPD256_8_15_1,False
2,2,15,7,0,0,512,552.83,5.637913166666667,bw,static,static,results,Results,Results_MAMBA21,MAMBA2-BWB-Results,simulator_output_MAMBA2-BWB_bwplacement_bs2_staticreq_statictask,SCRUBBED_TIME+MAMBA2-BWB_BMPD512_2_15_7,False
2,8,13,3,0,0,256,186.36,5.64052625,bw,static,static,results,Results,Results_MAMBA21,MAMBA2-BWB-Results,simulator_output_MAMBA2-BWB_bwplacement_bs2_staticreq_statictask,SCRUBBED_TIME+MAMBA2-BWB_BMPD256_8_13_3,False
2,11,9,4,0,0,256,250.16,5.666757538461538,bw,static,static,results,Results,Results_MAMBA21,MAMBA2-BWB-Results,simulator_output_MAMBA2-BWB_bwplacement_bs2_staticreq_statictask,SCRUBBED_TIME+MAMBA2-BWB_BMPD256_11_9_4,False
2,11,11,2,0,0,256,125.9,5.675326769230769,bw,static,static,results,Results,Results_MAMBA21,MAMBA2-BWB-Results,simulator_output_MAMBA2-BWB_bwplacement_bs2_staticreq_statictask,SCRUBBED_TIME+MAMBA2-BWB_BMPD256_11_11_2,False
2,15,7,2,0,0,256,132.24,5.680029777777778,bw,static,static,results,Results,Results_MAMBA21,MAMBA2-BWB-Results,simulator_output_MAMBA2-BWB_bwplacement_bs2_staticreq_statictask,SCRUBBED_TIME+MAMBA2-BWB_BMPD256_15_7_2,False
2,9,14,1,0,0,256,63.72,5.685832266666667,bw,static,static,results,Results,Results_MAMBA21,MAMBA2-BWB-Results,simulator_output_MAMBA2-BWB_bwplacement_bs2_staticreq_statictask,SCRUBBED_TIME+MAMBA2-BWB_BMPD256_9_14_1,False
2,10,12,2,0,0,256,131.36,5.688698571428572,bw,static,static,results,Results,Results_MAMBA21,MAMBA2-BWB-Results,simulator_output_MAMBA2-BWB_bwplacement_bs2_staticreq_statictask,SCRUBBED_TIME+MAMBA2-BWB_BMPD256_10_12_2,False
2,12,11,1,0,0,384,100.4,5.729239,bw,static,static,results,Results,Results_MAMBA21,MAMBA2-BWB-Results,simulator_output_MAMBA2-BWB_bwplacement_bs2_staticreq_statictask,SCRUBBED_TIME+MAMBA2-BWB_BMPD384_12_11_1,False
2,8,14,2,0,0,256,129.8,5.7605325,bw,static,static,results,Results,Results_MAMBA21,MAMBA2-BWB-Results,simulator_output_MAMBA2-BWB_bwplacement_bs2_staticreq_statictask,SCRUBBED_TIME+MAMBA2-BWB_BMPD256_8_14_2,False
2,6,16,2,0,0,256,124.38,5.782858222222222,bw,static,static,results,Results,Results_MAMBA21,MAMBA2-BWB-Results,simulator_output_MAMBA2-BWB_bwplacement_bs2_staticreq_statictask,SCRUBBED_TIME+MAMBA2-BWB_BMPD256_6_16_2,False
2,2,18,4,0,0,512,423.86,5.791427333333333,bw,static,static,results,Results,Results_MAMBA21,MAMBA2-BWB-Results,simulator_output_MAMBA2-BWB_bwplacement_bs2_staticreq_statictask,SCRUBBED_TIME+MAMBA2-BWB_BMPD512_2_18_4,False
2,2,20,2,0,0,512,226.34,5.795927333333333,bw,static,static,results,Results,Results_MAMBA21,MAMBA2-BWB-Results,simulator_output_MAMBA2-BWB_bwplacement_bs2_staticreq_statictask,SCRUBBED_TIME+MAMBA2-BWB_BMPD512_2_20_2,False
2,12,10,2,0,0,384,202.88,5.802155666666667,bw,static,static,results,Results,Results_MAMBA21,MAMBA2-BWB-Results,simulator_output_MAMBA2-BWB_bwplacement_bs2_staticreq_statictask,SCRUBBED_TIME+MAMBA2-BWB_BMPD384_12_10_2,False
2,2,13,9,0,0,512,584.19,5.807454833333333,bw,static,static,results,Results,Results_MAMBA21,MAMBA2-BWB-Results,simulator_output_MAMBA2-BWB_bwplacement_bs2_staticreq_statictask,SCRUBBED_TIME+MAMBA2-BWB_BMPD512_2_13_9,False
2,14,8,2,0,0,512,254.68,5.819472,bw,static,static,results,Results,Results_MAMBA21,MAMBA2-BWB-Results,simulator_output_MAMBA2-BWB_bwplacement_bs2_staticreq_statictask,SCRUBBED_TIME+MAMBA2-BWB_BMPD512_14_8_2,False
2,7,16,1,0,0,384,94.1,5.830241411764706,bw,static,static,results,Results,Results_MAMBA21,MAMBA2-BWB-Results,simulator_output_MAMBA2-BWB_bwplacement_bs2_staticreq_statictask,SCRUBBED_TIME+MAMBA2-BWB_BMPD384_7_16_1,False
2,7,13,4,0,0,256,254.32,5.860633882352941,bw,static,static,results,Results,Results_MAMBA21,MAMBA2-BWB-Results,simulator_output_MAMBA2-BWB_bwplacement_bs2_staticreq_statictask,SCRUBBED_TIME+MAMBA2-BWB_BMPD256_7_13_4,False
2,2,19,3,0,0,512,335.56,5.870577333333333,bw,static,static,results,Results,Results_MAMBA21,MAMBA2-BWB-Results,simulator_output_MAMBA2-BWB_bwplacement_bs2_staticreq_statictask,SCRUBBED_TIME+MAMBA2-BWB_BMPD512_2_19_3,False
2,5,17,2,0,0,256,127.12,5.872430315789473,bw,static,static,results,Results,Results_MAMBA21,MAMBA2-BWB-Results,simulator_output_MAMBA2-BWB_bwplacement_bs2_staticreq_statictask,SCRUBBED_TIME+MAMBA2-BWB_BMPD256_5_17_2,False
2,13,8,3,0,0,384,288.5,5.878710545454546,bw,static,static,results,Results,Results_MAMBA21,MAMBA2-BWB-Results,simulator_output_MAMBA2-BWB_bwplacement_bs2_staticreq_statictask,SCRUBBED_TIME+MAMBA2-BWB_BMPD384_13_8_3,False
2,5,16,3,0,0,256,183.88,5.884688210526315,bw,static,static,results,Results,Results_MAMBA21,MAMBA2-BWB-Results,simulator_output_MAMBA2-BWB_bwplacement_bs2_staticreq_statictask,SCRUBBED_TIME+MAMBA2-BWB_BMPD256_5_16_3,False
2,2,12,10,0,0,512,599.67,5.9065715,bw,static,static,results,Results,Results_MAMBA21,MAMBA2-BWB-Results,simulator_output_MAMBA2-BWB_bwplacement_bs2_staticreq_statictask,SCRUBBED_TIME+MAMBA2-BWB_BMPD512_2_12_10,False
2,2,21,1,0,0,512,113.54,5.908510666666667,bw,static,static,results,Results,Results_MAMBA21,MAMBA2-BWB-Results,simulator_output_MAMBA2-BWB_bwplacement_bs2_staticreq_statictask,SCRUBBED_TIME+MAMBA2-BWB_BMPD512_2_21_1,False
2,12,9,3,0,0,384,284.78,5.923514,bw,static,static,results,Results,Results_MAMBA21,MAMBA2-BWB-Results,simulator_output_MAMBA2-BWB_bwplacement_bs2_staticreq_statictask,SCRUBBED_TIME+MAMBA2-BWB_BMPD384_12_9_3,False
2,10,11,3,0,0,256,183.92,5.959841428571428,bw,static,static,results,Results,Results_MAMBA21,MAMBA2-BWB-Results,simulator_output_MAMBA2-BWB_bwplacement_bs2_staticreq_statictask,SCRUBBED_TIME+MAMBA2-BWB_BMPD256_10_11_3,False
2,9,12,3,0,0,256,185.36,5.984225599999999,bw,static,static,results,Results,Results_MAMBA21,MAMBA2-BWB-Results,simulator_output_MAMBA2-BWB_bwplacement_bs2_staticreq_statictask,SCRUBBED_TIME+MAMBA2-BWB_BMPD256_9_12_3,False
2,6,17,1,0,0,256,62.72,5.988263777777778,bw,static,static,results,Results,Results_MAMBA21,MAMBA2-BWB-Results,simulator_output_MAMBA2-BWB_bwplacement_bs2_staticreq_statictask,SCRUBBED_TIME+MAMBA2-BWB_BMPD256_6_17_1,False
2,16,7,1,0,0,384,105.04,5.990599,bw,static,static,results,Results,Results_MAMBA21,MAMBA2-BWB-Results,simulator_output_MAMBA2-BWB_bwplacement_bs2_staticreq_statictask,SCRUBBED_TIME+MAMBA2-BWB_BMPD384_16_7_1,False
2,10,13,1,0,0,384,100.14,6.004437714285714,bw,static,static,results,Results,Results_MAMBA21,MAMBA2-BWB-Results,simulator_output_MAMBA2-BWB_bwplacement_bs2_staticreq_statictask,SCRUBBED_TIME+MAMBA2-BWB_BMPD384_10_13_1,False
2,10,9,5,0,0,256,310.18,6.009612857142857,bw,static,static,results,Results,Results_MAMBA21,MAMBA2-BWB-Results,simulator_output_MAMBA2-BWB_bwplacement_bs2_staticreq_statictask,SCRUBBED_TIME+MAMBA2-BWB_BMPD256_10_9_5,False
2,6,17,1,0,0,384,96.08,6.009939333333333,bw,static,static,results,Results,Results_MAMBA21,MAMBA2-BWB-Results,simulator_output_MAMBA2-BWB_bwplacement_bs2_staticreq_statictask,SCRUBBED_TIME+MAMBA2-BWB_BMPD384_6_17_1,False
2,11,11,2,0,0,384,202.56,6.021992307692308,bw,static,static,results,Results,Results_MAMBA21,MAMBA2-BWB-Results,simulator_output_MAMBA2-BWB_bwplacement_bs2_staticreq_statictask,SCRUBBED_TIME+MAMBA2-BWB_BMPD384_11_11_2,False
2,10,10,4,0,0,256,253.24,6.02212,bw,static,static,results,Results,Results_MAMBA21,MAMBA2-BWB-Results,simulator_output_MAMBA2-BWB_bwplacement_bs2_staticreq_statictask,SCRUBBED_TIME+MAMBA2-BWB_BMPD256_10_10_4,False
2,2,11,11,0,0,512,612.85,6.052542333333333,bw,static,static,results,Results,Results_MAMBA21,MAMBA2-BWB-Results,simulator_output_MAMBA2-BWB_bwplacement_bs2_staticreq_statictask,SCRUBBED_TIME+MAMBA2-BWB_BMPD512_2_11_11,False
2,2,16,6,0,0,640,520.69,6.065626909090909,bw,static,static,results,Results,Results_MAMBA21,MAMBA2-BWB-Results,simulator_output_MAMBA2-BWB_bwplacement_bs2_staticreq_statictask,SCRUBBED_TIME+MAMBA2-BWB_BMPD640_2_16_6,False
2,14,7,3,0,0,256,180.88,6.0680232,bw,static,static,results,Results,Results_MAMBA21,MAMBA2-BWB-Results,simulator_output_MAMBA2-BWB_bwplacement_bs2_staticreq_statictask,SCRUBBED_TIME+MAMBA2-BWB_BMPD256_14_7_3,False
2,6,16,2,0,0,384,199.36,6.072906,bw,static,static,results,Results,Results_MAMBA21,MAMBA2-BWB-Results,simulator_output_MAMBA2-BWB_bwplacement_bs2_staticreq_statictask,SCRUBBED_TIME+MAMBA2-BWB_BMPD384_6_16_2,False
2,2,17,5,0,0,640,488.31,6.08219747368421,bw,static,static,results,Results,Results_MAMBA21,MAMBA2-BWB-Results,simulator_output_MAMBA2-BWB_bwplacement_bs2_staticreq_statictask,SCRUBBED_TIME+MAMBA2-BWB_BMPD640_2_17_5,False
2,2,21,1,0,0,384,94.76,6.088841066666666,bw,static,static,results,Results,Results_MAMBA21,MAMBA2-BWB-Results,simulator_output_MAMBA2-BWB_bwplacement_bs2_staticreq_statictask,SCRUBBED_TIME+MAMBA2-BWB_BMPD384_2_21_1,False
2,2,17,5,0,0,384,446.72,6.0900344,bw,static,static,results,Results,Results_MAMBA21,MAMBA2-BWB-Results,simulator_output_MAMBA2-BWB_bwplacement_bs2_staticreq_statictask,SCRUBBED_TIME+MAMBA2-BWB_BMPD384_2_17_5,False
2,11,8,5,0,0,256,308.38,6.091188307692308,bw,static,static,results,Results,Results_MAMBA21,MAMBA2-BWB-Results,simulator_output_MAMBA2-BWB_bwplacement_bs2_staticreq_statictask,SCRUBBED_TIME+MAMBA2-BWB_BMPD256_11_8_5,False
2,9,14,1,0,0,384,102.42,6.1040944,bw,static,static,results,Results,Results_MAMBA21,MAMBA2-BWB-Results,simulator_output_MAMBA2-BWB_bwplacement_bs2_staticreq_statictask,SCRUBBED_TIME+MAMBA2-BWB_BMPD384_9_14_1,False
2,2,18,4,0,0,384,377.96,6.1100677333333335,bw,static,static,results,Results,Results_MAMBA21,MAMBA2-BWB-Results,simulator_output_MAMBA2-BWB_bwplacement_bs2_staticreq_statictask,SCRUBBED_TIME+MAMBA2-BWB_BMPD384_2_18_4,False
2,15,6,3,0,0,256,184.14,6.124640888888889,bw,static,static,results,Results,Results_MAMBA21,MAMBA2-BWB-Results,simulator_output_MAMBA2-BWB_bwplacement_bs2_staticreq_statictask,SCRUBBED_TIME+MAMBA2-BWB_BMPD256_15_6_3,False
2,14,9,1,0,0,512,127.74,6.135822,bw,static,static,results,Results,Results_MAMBA21,MAMBA2-BWB-Results,simulator_output_MAMBA2-BWB_bwplacement_bs2_staticreq_statictask,SCRUBBED_TIME+MAMBA2-BWB_BMPD512_14_9_1,False
2,8,12,4,0,0,256,254.2,6.150695,bw,static,static,results,Results,Results_MAMBA21,MAMBA2-BWB-Results,simulator_output_MAMBA2-BWB_bwplacement_bs2_staticreq_statictask,SCRUBBED_TIME+MAMBA2-BWB_BMPD256_8_12_4,False
2,7,14,3,0,0,256,185.6,6.153769176470588,bw,static,static,results,Results,Results_MAMBA21,MAMBA2-BWB-Results,simulator_output_MAMBA2-BWB_bwplacement_bs2_staticreq_statictask,SCRUBBED_TIME+MAMBA2-BWB_BMPD256_7_14_3,False
2,8,15,1,0,0,384,96.44,6.15839375,bw,static,static,results,Results,Results_MAMBA21,MAMBA2-BWB-Results,simulator_output_MAMBA2-BWB_bwplacement_bs2_staticreq_statictask,SCRUBBED_TIME+MAMBA2-BWB_BMPD384_8_15_1,False
2,5,18,1,0,0,256,63.64,6.1730618947368425,bw,static,static,results,Results,Results_MAMBA21,MAMBA2-BWB-Results,simulator_output_MAMBA2-BWB_bwplacement_bs2_staticreq_statictask,SCRUBBED_TIME+MAMBA2-BWB_BMPD256_5_18_1,False
2,11,12,1,0,0,384,102.46,6.1794153846153845,bw,static,static,results,Results,Results_MAMBA21,MAMBA2-BWB-Results,simulator_output_MAMBA2-BWB_bwplacement_bs2_staticreq_statictask,SCRUBBED_TIME+MAMBA2-BWB_BMPD384_11_12_1,False
2,9,11,4,0,0,256,253.82,6.179705599999999,bw,static,static,results,Results,Results_MAMBA21,MAMBA2-BWB-Results,simulator_output_MAMBA2-BWB_bwplacement_bs2_staticreq_statictask,SCRUBBED_TIME+MAMBA2-BWB_BMPD256_9_11_4,False
2,7,15,2,0,0,256,128.34,6.184857411764706,bw,static,static,results,Results,Results_MAMBA21,MAMBA2-BWB-Results,simulator_output_MAMBA2-BWB_bwplacement_bs2_staticreq_statictask,SCRUBBED_TIME+MAMBA2-BWB_BMPD256_7_15_2,False
2,13,10,1,0,0,512,115.62,6.231271636363637,bw,static,static,results,Results,Results_MAMBA21,MAMBA2-BWB-Results,simulator_output_MAMBA2-BWB_bwplacement_bs2_staticreq_statictask,SCRUBBED_TIME+MAMBA2-BWB_BMPD512_13_10_1,False
2,2,18,4,0,0,256,252.28,6.236986,bw,static,static,results,Results,Results_MAMBA21,MAMBA2-BWB-Results,simulator_output_MAMBA2-BWB_bwplacement_bs2_staticreq_statictask,SCRUBBED_TIME+MAMBA2-BWB_BMPD256_2_18_4,False
2,9,10,5,0,0,256,310.28,6.2438389333333335,bw,static,static,results,Results,Results_MAMBA21,MAMBA2-BWB-Results,simulator_output_MAMBA2-BWB_bwplacement_bs2_staticreq_statictask,SCRUBBED_TIME+MAMBA2-BWB_BMPD256_9_10_5,False
2,2,20,2,0,0,384,190.94,6.257934400000001,bw,static,static,results,Results,Results_MAMBA21,MAMBA2-BWB-Results,simulator_output_MAMBA2-BWB_bwplacement_bs2_staticreq_statictask,SCRUBBED_TIME+MAMBA2-BWB_BMPD384_2_20_2,False
2,9,13,2,0,0,384,192.92,6.263987733333334,bw,static,static,results,Results,Results_MAMBA21,MAMBA2-BWB-Results,simulator_output_MAMBA2-BWB_bwplacement_bs2_staticreq_statictask,SCRUBBED_TIME+MAMBA2-BWB_BMPD384_9_13_2,False
2,13,8,3,0,0,512,330.28,6.275089818181819,bw,static,static,results,Results,Results_MAMBA21,MAMBA2-BWB-Results,simulator_output_MAMBA2-BWB_bwplacement_bs2_staticreq_statictask,SCRUBBED_TIME+MAMBA2-BWB_BMPD512_13_8_3,False
2,10,12,2,0,0,384,201.72,6.278202,bw,static,static,results,Results,Results_MAMBA21,MAMBA2-BWB-Results,simulator_output_MAMBA2-BWB_bwplacement_bs2_staticreq_statictask,SCRUBBED_TIME+MAMBA2-BWB_BMPD384_10_12_2,False
2,2,17,5,0,0,256,309.86,6.281613777777778,bw,static,static,results,Results,Results_MAMBA21,MAMBA2-BWB-Results,simulator_output_MAMBA2-BWB_bwplacement_bs2_staticreq_statictask,SCRUBBED_TIME+MAMBA2-BWB_BMPD256_2_17_5,False
2,8,14,2,0,0,384,201.46,6.29301875,bw,static,static,results,Results,Results_MAMBA21,MAMBA2-BWB-Results,simulator_output_MAMBA2-BWB_bwplacement_bs2_staticreq_statictask,SCRUBBED_TIME+MAMBA2-BWB_BMPD384_8_14_2,False
2,2,21,1,0,0,256,63.54,6.293247111111111,bw,static,static,results,Results,Results_MAMBA21,MAMBA2-BWB-Results,simulator_output_MAMBA2-BWB_bwplacement_bs2_staticreq_statictask,SCRUBBED_TIME+MAMBA2-BWB_BMPD256_2_21_1,False
2,8,11,5,0,0,256,310.8,6.2982325,bw,static,static,results,Results,Results_MAMBA21,MAMBA2-BWB-Results,simulator_output_MAMBA2-BWB_bwplacement_bs2_staticreq_statictask,SCRUBBED_TIME+MAMBA2-BWB_BMPD256_8_11_5,False
2,12,8,4,0,0,384,389.46,6.298672333333333,bw,static,static,results,Results,Results_MAMBA21,MAMBA2-BWB-Results,simulator_output_MAMBA2-BWB_bwplacement_bs2_staticreq_statictask,SCRUBBED_TIME+MAMBA2-BWB_BMPD384_12_8_4,False
2,11,10,3,0,0,384,278.94,6.313215384615385,bw,static,static,results,Results,Results_MAMBA21,MAMBA2-BWB-Results,simulator_output_MAMBA2-BWB_bwplacement_bs2_staticreq_statictask,SCRUBBED_TIME+MAMBA2-BWB_BMPD384_11_10_3,False
2,6,13,5,0,0,256,311.02,6.314763777777778,bw,static,static,results,Results,Results_MAMBA21,MAMBA2-BWB-Results,simulator_output_MAMBA2-BWB_bwplacement_bs2_staticreq_statictask,SCRUBBED_TIME+MAMBA2-BWB_BMPD256_6_13_5,False
2,7,16,1,0,0,512,115.8,6.349188705882352,bw,static,static,results,Results,Results_MAMBA21,MAMBA2-BWB-Results,simulator_output_MAMBA2-BWB_bwplacement_bs2_staticreq_statictask,SCRUBBED_TIME+MAMBA2-BWB_BMPD512_7_16_1,False
2,9,9,6,0,0,256,366.54,6.360952266666667,bw,static,static,results,Results,Results_MAMBA21,MAMBA2-BWB-Results,simulator_output_MAMBA2-BWB_bwplacement_bs2_staticreq_statictask,SCRUBBED_TIME+MAMBA2-BWB_BMPD256_9_9_6,False
2,5,18,1,0,0,384,102.6,6.365419789473685,bw,static,static,results,Results,Results_MAMBA21,MAMBA2-BWB-Results,simulator_output_MAMBA2-BWB_bwplacement_bs2_staticreq_statictask,SCRUBBED_TIME+MAMBA2-BWB_BMPD384_5_18_1,False
2,6,15,3,0,0,256,184.64,6.375636,bw,static,static,results,Results,Results_MAMBA21,MAMBA2-BWB-Results,simulator_output_MAMBA2-BWB_bwplacement_bs2_staticreq_statictask,SCRUBBED_TIME+MAMBA2-BWB_BMPD256_6_15_3,False
2,16,6,2,0,0,384,196.24,6.3879615,bw,static,static,results,Results,Results_MAMBA21,MAMBA2-BWB-Results,simulator_output_MAMBA2-BWB_bwplacement_bs2_staticreq_statictask,SCRUBBED_TIME+MAMBA2-BWB_BMPD384_16_6_2,False
2,2,15,7,0,0,640,540.99,6.390462666666667,bw,static,static,results,Results,Results_MAMBA21,MAMBA2-BWB-Results,simulator_output_MAMBA2-BWB_bwplacement_bs2_staticreq_statictask,SCRUBBED_TIME+MAMBA2-BWB_BMPD640_2_15_7,False
2,16,5,3,0,0,256,183.22,6.3982245,bw,static,static,results,Results,Results_MAMBA21,MAMBA2-BWB-Results,simulator_output_MAMBA2-BWB_bwplacement_bs2_staticreq_statictask,SCRUBBED_TIME+MAMBA2-BWB_BMPD256_16_5_3,False
2,13,9,2,0,0,512,238.04,6.3998989090909095,bw,static,static,results,Results,Results_MAMBA21,MAMBA2-BWB-Results,simulator_output_MAMBA2-BWB_bwplacement_bs2_staticreq_statictask,SCRUBBED_TIME+MAMBA2-BWB_BMPD512_13_9_2,False
2,13,7,4,0,0,256,245.6,6.405428727272728,bw,static,static,results,Results,Results_MAMBA21,MAMBA2-BWB-Results,simulator_output_MAMBA2-BWB_bwplacement_bs2_staticreq_statictask,SCRUBBED_TIME+MAMBA2-BWB_BMPD256_13_7_4,False
2,2,16,6,0,0,384,489.02,6.4086544000000005,bw,static,static,results,Results,Results_MAMBA21,MAMBA2-BWB-Results,simulator_output_MAMBA2-BWB_bwplacement_bs2_staticreq_statictask,SCRUBBED_TIME+MAMBA2-BWB_BMPD384_2_16_6,False
2,2,20,2,0,0,256,126.96,6.411347111111111,bw,static,static,results,Results,Results_MAMBA21,MAMBA2-BWB-Results,simulator_output_MAMBA2-BWB_bwplacement_bs2_staticreq_statictask,SCRUBBED_TIME+MAMBA2-BWB_BMPD256_2_20_2,False
2,7,15,2,0,0,384,197.88,6.412423764705882,bw,static,static,results,Results,Results_MAMBA21,MAMBA2-BWB-Results,simulator_output_MAMBA2-BWB_bwplacement_bs2_staticreq_statictask,SCRUBBED_TIME+MAMBA2-BWB_BMPD384_7_15_2,False
2,2,13,9,0,0,640,582.93,6.418412666666667,bw,static,static,results,Results,Results_MAMBA21,MAMBA2-BWB-Results,simulator_output_MAMBA2-BWB_bwplacement_bs2_staticreq_statictask,SCRUBBED_TIME+MAMBA2-BWB_BMPD640_2_13_9,False
2,11,9,4,0,0,384,389.5,6.419884615384615,bw,static,static,results,Results,Results_MAMBA21,MAMBA2-BWB-Results,simulator_output_MAMBA2-BWB_bwplacement_bs2_staticreq_statictask,SCRUBBED_TIME+MAMBA2-BWB_BMPD384_11_9_4,False
2,2,12,10,0,0,640,584.47,6.427212666666667,bw,static,static,results,Results,Results_MAMBA21,MAMBA2-BWB-Results,simulator_output_MAMBA2-BWB_bwplacement_bs2_staticreq_statictask,SCRUBBED_TIME+MAMBA2-BWB_BMPD640_2_12_10,False
2,10,11,3,0,0,384,287.0,6.438059142857143,bw,static,static,results,Results,Results_MAMBA21,MAMBA2-BWB-Results,simulator_output_MAMBA2-BWB_bwplacement_bs2_staticreq_statictask,SCRUBBED_TIME+MAMBA2-BWB_BMPD384_10_11_3,False
2,8,13,3,0,0,384,283.12,6.44216875,bw,static,static,results,Results,Results_MAMBA21,MAMBA2-BWB-Results,simulator_output_MAMBA2-BWB_bwplacement_bs2_staticreq_statictask,SCRUBBED_TIME+MAMBA2-BWB_BMPD384_8_13_3,False
2,2,14,8,0,0,640,592.99,6.442912666666667,bw,static,static,results,Results,Results_MAMBA21,MAMBA2-BWB-Results,simulator_output_MAMBA2-BWB_bwplacement_bs2_staticreq_statictask,SCRUBBED_TIME+MAMBA2-BWB_BMPD640_2_14_8,False
2,11,8,5,0,0,512,538.0,6.4544612,bw,static,static,results,Results,Results_MAMBA21,MAMBA2-BWB-Results,simulator_output_MAMBA2-BWB_bwplacement_bs2_staticreq_statictask,SCRUBBED_TIME+MAMBA2-BWB_BMPD512_11_8_5,False
2,12,10,2,0,0,512,226.74,6.455252333333333,bw,static,static,results,Results,Results_MAMBA21,MAMBA2-BWB-Results,simulator_output_MAMBA2-BWB_bwplacement_bs2_staticreq_statictask,SCRUBBED_TIME+MAMBA2-BWB_BMPD512_12_10_2,False
2,15,8,1,0,0,640,114.54,6.469968444444444,bw,static,static,results,Results,Results_MAMBA21,MAMBA2-BWB-Results,simulator_output_MAMBA2-BWB_bwplacement_bs2_staticreq_statictask,SCRUBBED_TIME+MAMBA2-BWB_BMPD640_15_8_1,False
2,14,9,1,0,0,640,122.08,6.4741588,bw,static,static,results,Results,Results_MAMBA21,MAMBA2-BWB-Results,simulator_output_MAMBA2-BWB_bwplacement_bs2_staticreq_statictask,SCRUBBED_TIME+MAMBA2-BWB_BMPD640_14_9_1,False
2,10,8,6,0,0,256,366.1,6.476948571428572,bw,static,static,results,Results,Results_MAMBA21,MAMBA2-BWB-Results,simulator_output_MAMBA2-BWB_bwplacement_bs2_staticreq_statictask,SCRUBBED_TIME+MAMBA2-BWB_BMPD256_10_8_6,False
2,10,8,6,0,0,512,620.81,6.477240148148148,bw,static,static,results,Results,Results_MAMBA21,MAMBA2-BWB-Results,simulator_output_MAMBA2-BWB_bwplacement_bs2_staticreq_statictask,SCRUBBED_TIME+MAMBA2-BWB_BMPD512_10_8_6,False
2,2,20,2,0,0,640,217.74,6.482689333333333,bw,static,static,results,Results,Results_MAMBA21,MAMBA2-BWB-Results,simulator_output_MAMBA2-BWB_bwplacement_bs2_staticreq_statictask,SCRUBBED_TIME+MAMBA2-BWB_BMPD640_2_20_2,False
2,2,9,13,0,0,640,602.83,6.504104333333333,bw,static,static,results,Results,Results_MAMBA21,MAMBA2-BWB-Results,simulator_output_MAMBA2-BWB_bwplacement_bs2_staticreq_statictask,SCRUBBED_TIME+MAMBA2-BWB_BMPD640_2_9_13,False
2,4,17,3,0,0,256,182.46,6.5088662,bw,static,static,results,Results,Results_MAMBA21,MAMBA2-BWB-Results,simulator_output_MAMBA2-BWB_bwplacement_bs2_staticreq_statictask,SCRUBBED_TIME+MAMBA2-BWB_BMPD256_4_17_3,False
2,2,19,3,0,0,256,183.18,6.525036,bw,static,static,results,Results,Results_MAMBA21,MAMBA2-BWB-Results,simulator_output_MAMBA2-BWB_bwplacement_bs2_staticreq_statictask,SCRUBBED_TIME+MAMBA2-BWB_BMPD256_2_19_3,False
2,7,9,8,0,0,384,715.12,6.5258017142857145,bw,static,static,results,Results,Results_MAMBA21,MAMBA2-BWB-Results,simulator_output_MAMBA2-BWB_bwplacement_bs2_staticreq_statictask,SCRUBBED_TIME+MAMBA2-BWB_BMPD384_7_9_8,False
2,2,19,3,0,0,384,283.8,6.526227733333333,bw,static,static,results,Results,Results_MAMBA21,MAMBA2-BWB-Results,simulator_output_MAMBA2-BWB_bwplacement_bs2_staticreq_statictask,SCRUBBED_TIME+MAMBA2-BWB_BMPD384_2_19_3,False
2,2,18,4,0,0,640,438.25,6.534122666666667,bw,static,static,results,Results,Results_MAMBA21,MAMBA2-BWB-Results,simulator_output_MAMBA2-BWB_bwplacement_bs2_staticreq_statictask,SCRUBBED_TIME+MAMBA2-BWB_BMPD640_2_18_4,False
2,7,14,3,0,0,384,286.22,6.5385002352941175,bw,static,static,results,Results,Results_MAMBA21,MAMBA2-BWB-Results,simulator_output_MAMBA2-BWB_bwplacement_bs2_staticreq_statictask,SCRUBBED_TIME+MAMBA2-BWB_BMPD384_7_14_3,False
2,2,19,3,0,0,640,335.28,6.556422666666667,bw,static,static,results,Results,Results_MAMBA21,MAMBA2-BWB-Results,simulator_output_MAMBA2-BWB_bwplacement_bs2_staticreq_statictask,SCRUBBED_TIME+MAMBA2-BWB_BMPD640_2_19_3,False
2,2,11,11,0,0,640,608.19,6.556537666666667,bw,static,static,results,Results,Results_MAMBA21,MAMBA2-BWB-Results,simulator_output_MAMBA2-BWB_bwplacement_bs2_staticreq_statictask,SCRUBBED_TIME+MAMBA2-BWB_BMPD640_2_11_11,False
2,15,7,2,0,0,384,211.32,6.557273777777778,bw,static,static,results,Results,Results_MAMBA21,MAMBA2-BWB-Results,simulator_output_MAMBA2-BWB_bwplacement_bs2_staticreq_statictask,SCRUBBED_TIME+MAMBA2-BWB_BMPD384_15_7_2,False
2,2,14,8,0,0,384,426.48,6.557961066666667,bw,static,static,results,Results,Results_MAMBA21,MAMBA2-BWB-Results,simulator_output_MAMBA2-BWB_bwplacement_bs2_staticreq_statictask,SCRUBBED_TIME+MAMBA2-BWB_BMPD384_2_14_8,False
2,7,12,5,0,0,256,310.72,6.559739764705882,bw,static,static,results,Results,Results_MAMBA21,MAMBA2-BWB-Results,simulator_output_MAMBA2-BWB_bwplacement_bs2_staticreq_statictask,SCRUBBED_TIME+MAMBA2-BWB_BMPD256_7_12_5,False
2,8,10,6,0,0,256,366.22,6.5685325,bw,static,static,results,Results,Results_MAMBA21,MAMBA2-BWB-Results,simulator_output_MAMBA2-BWB_bwplacement_bs2_staticreq_statictask,SCRUBBED_TIME+MAMBA2-BWB_BMPD256_8_10_6,False
2,2,16,6,0,0,256,364.38,6.569341555555556,bw,static,static,results,Results,Results_MAMBA21,MAMBA2-BWB-Results,simulator_output_MAMBA2-BWB_bwplacement_bs2_staticreq_statictask,SCRUBBED_TIME+MAMBA2-BWB_BMPD256_2_16_6,False
2,9,14,1,0,0,512,116.38,6.5880898666666665,bw,static,static,results,Results,Results_MAMBA21,MAMBA2-BWB-Results,simulator_output_MAMBA2-BWB_bwplacement_bs2_staticreq_statictask,SCRUBBED_TIME+MAMBA2-BWB_BMPD512_9_14_1,False
2,2,10,12,0,0,640,610.67,6.606729333333333,bw,static,static,results,Results,Results_MAMBA21,MAMBA2-BWB-Results,simulator_output_MAMBA2-BWB_bwplacement_bs2_staticreq_statictask,SCRUBBED_TIME+MAMBA2-BWB_BMPD640_2_10_12,False
2,10,10,4,0,0,384,388.68,6.615480571428572,bw,static,static,results,Results,Results_MAMBA21,MAMBA2-BWB-Results,simulator_output_MAMBA2-BWB_bwplacement_bs2_staticreq_statictask,SCRUBBED_TIME+MAMBA2-BWB_BMPD384_10_10_4,False
2,2,15,7,0,0,384,518.95,6.627401066666667,bw,static,static,results,Results,Results_MAMBA21,MAMBA2-BWB-Results,simulator_output_MAMBA2-BWB_bwplacement_bs2_staticreq_statictask,SCRUBBED_TIME+MAMBA2-BWB_BMPD384_2_15_7,False
2,4,16,4,0,0,256,249.9,6.6285412,bw,static,static,results,Results,Results_MAMBA21,MAMBA2-BWB-Results,simulator_output_MAMBA2-BWB_bwplacement_bs2_staticreq_statictask,SCRUBBED_TIME+MAMBA2-BWB_BMPD256_4_16_4,False
2,7,11,6,0,0,256,367.56,6.633239764705882,bw,static,static,results,Results,Results_MAMBA21,MAMBA2-BWB-Results,simulator_output_MAMBA2-BWB_bwplacement_bs2_staticreq_statictask,SCRUBBED_TIME+MAMBA2-BWB_BMPD256_7_11_6,False
2,5,17,2,0,0,384,194.24,6.638467157894737,bw,static,static,results,Results,Results_MAMBA21,MAMBA2-BWB-Results,simulator_output_MAMBA2-BWB_bwplacement_bs2_staticreq_statictask,SCRUBBED_TIME+MAMBA2-BWB_BMPD384_5_17_2,False
2,2,21,1,0,0,640,116.32,6.640331,bw,static,static,results,Results,Results_MAMBA21,MAMBA2-BWB-Results,simulator_output_MAMBA2-BWB_bwplacement_bs2_staticreq_statictask,SCRUBBED_TIME+MAMBA2-BWB_BMPD640_2_21_1,False
2,4,19,1,0,0,256,62.32,6.6440012,bw,static,static,results,Results,Results_MAMBA21,MAMBA2-BWB-Results,simulator_output_MAMBA2-BWB_bwplacement_bs2_staticreq_statictask,SCRUBBED_TIME+MAMBA2-BWB_BMPD256_4_19_1,False
2,9,12,3,0,0,384,284.44,6.658061066666667,bw,static,static,results,Results,Results_MAMBA21,MAMBA2-BWB-Results,simulator_output_MAMBA2-BWB_bwplacement_bs2_staticreq_statictask,SCRUBBED_TIME+MAMBA2-BWB_BMPD384_9_12_3,False
2,14,6,4,0,0,256,255.84,6.6593032,bw,static,static,results,Results,Results_MAMBA21,MAMBA2-BWB-Results,simulator_output_MAMBA2-BWB_bwplacement_bs2_staticreq_statictask,SCRUBBED_TIME+MAMBA2-BWB_BMPD256_14_6_4,False
2,16,7,1,0,0,512,111.18,6.672918,bw,static,static,results,Results,Results_MAMBA21,MAMBA2-BWB-Results,simulator_output_MAMBA2-BWB_bwplacement_bs2_staticreq_statictask,SCRUBBED_TIME+MAMBA2-BWB_BMPD512_16_7_1,False
2,9,8,7,0,0,512,685.46,6.673524133333334,bw,static,static,results,Results,Results_MAMBA21,MAMBA2-BWB-Results,simulator_output_MAMBA2-BWB_bwplacement_bs2_staticreq_statictask,SCRUBBED_TIME+MAMBA2-BWB_BMPD512_9_8_7,False
2,6,14,4,0,0,256,252.4,6.675624888888889,bw,static,static,results,Results,Results_MAMBA21,MAMBA2-BWB-Results,simulator_output_MAMBA2-BWB_bwplacement_bs2_staticreq_statictask,SCRUBBED_TIME+MAMBA2-BWB_BMPD256_6_14_4,False
2,6,15,3,0,0,384,285.78,6.676472666666667,bw,static,static,results,Results,Results_MAMBA21,MAMBA2-BWB-Results,simulator_output_MAMBA2-BWB_bwplacement_bs2_staticreq_statictask,SCRUBBED_TIME+MAMBA2-BWB_BMPD384_6_15_3,False
2,10,9,5,0,0,384,477.9,6.707694857142857,bw,static,static,results,Results,Results_MAMBA21,MAMBA2-BWB-Results,simulator_output_MAMBA2-BWB_bwplacement_bs2_staticreq_statictask,SCRUBBED_TIME+MAMBA2-BWB_BMPD384_10_9_5,False
2,2,13,9,0,0,384,544.24,6.724427733333333,bw,static,static,results,Results,Results_MAMBA21,MAMBA2-BWB-Results,simulator_output_MAMBA2-BWB_bwplacement_bs2_staticreq_statictask,SCRUBBED_TIME+MAMBA2-BWB_BMPD384_2_13_9,False
2,9,11,4,0,0,384,390.16,6.7262744,bw,static,static,results,Results,Results_MAMBA21,MAMBA2-BWB-Results,simulator_output_MAMBA2-BWB_bwplacement_bs2_staticreq_statictask,SCRUBBED_TIME+MAMBA2-BWB_BMPD384_9_11_4,False
2,15,5,4,0,0,384,366.13,6.736805666666667,bw,static,static,results,Results,Results_MAMBA21,MAMBA2-BWB-Results,simulator_output_MAMBA2-BWB_bwplacement_bs2_staticreq_statictask,SCRUBBED_TIME+MAMBA2-BWB_BMPD384_15_5_4,False
2,5,13,6,0,0,256,365.32,6.737719789473685,bw,static,static,results,Results,Results_MAMBA21,MAMBA2-BWB-Results,simulator_output_MAMBA2-BWB_bwplacement_bs2_staticreq_statictask,SCRUBBED_TIME+MAMBA2-BWB_BMPD256_5_13_6,False
2,12,8,4,0,0,512,459.82,6.751119,bw,static,static,results,Results,Results_MAMBA21,MAMBA2-BWB-Results,simulator_output_MAMBA2-BWB_bwplacement_bs2_staticreq_statictask,SCRUBBED_TIME+MAMBA2-BWB_BMPD512_12_8_4,False
2,2,12,10,0,0,384,558.83,6.759747733333334,bw,static,static,results,Results,Results_MAMBA21,MAMBA2-BWB-Results,simulator_output_MAMBA2-BWB_bwplacement_bs2_staticreq_statictask,SCRUBBED_TIME+MAMBA2-BWB_BMPD384_2_12_10,False
2,14,8,2,0,0,640,242.16,6.7606088,bw,static,static,results,Results,Results_MAMBA21,MAMBA2-BWB-Results,simulator_output_MAMBA2-BWB_bwplacement_bs2_staticreq_statictask,SCRUBBED_TIME+MAMBA2-BWB_BMPD640_14_8_2,False
2,8,9,7,0,0,256,403.7,6.7628325,bw,static,static,results,Results,Results_MAMBA21,MAMBA2-BWB-Results,simulator_output_MAMBA2-BWB_bwplacement_bs2_staticreq_statictask,SCRUBBED_TIME+MAMBA2-BWB_BMPD256_8_9_7,False
2,2,8,14,0,0,640,599.91,6.773021,bw,static,static,results,Results,Results_MAMBA21,MAMBA2-BWB-Results,simulator_output_MAMBA2-BWB_bwplacement_bs2_staticreq_statictask,SCRUBBED_TIME+MAMBA2-BWB_BMPD640_2_8_14,False
2,13,9,2,0,0,640,220.88,6.778909454545454,bw,static,static,results,Results,Results_MAMBA21,MAMBA2-BWB-Results,simulator_output_MAMBA2-BWB_bwplacement_bs2_staticreq_statictask,SCRUBBED_TIME+MAMBA2-BWB_BMPD640_13_9_2,False
2,10,13,1,0,0,512,121.32,6.784711428571428,bw,static,static,results,Results,Results_MAMBA21,MAMBA2-BWB-Results,simulator_output_MAMBA2-BWB_bwplacement_bs2_staticreq_statictask,SCRUBBED_TIME+MAMBA2-BWB_BMPD512_10_13_1,False
2,14,5,5,0,0,384,438.09,6.7902114000000005,bw,static,static,results,Results,Results_MAMBA21,MAMBA2-BWB-Results,simulator_output_MAMBA2-BWB_bwplacement_bs2_staticreq_statictask,SCRUBBED_TIME+MAMBA2-BWB_BMPD384_14_5_5,False
2,16,5,3,0,0,512,320.64,6.791772,bw,static,static,results,Results,Results_MAMBA21,MAMBA2-BWB-Results,simulator_output_MAMBA2-BWB_bwplacement_bs2_staticreq_statictask,SCRUBBED_TIME+MAMBA2-BWB_BMPD512_16_5_3,False
2,5,14,5,0,0,256,310.18,6.79249347368421,bw,static,static,results,Results,Results_MAMBA21,MAMBA2-BWB-Results,simulator_output_MAMBA2-BWB_bwplacement_bs2_staticreq_statictask,SCRUBBED_TIME+MAMBA2-BWB_BMPD256_5_14_5,False
2,12,11,1,0,0,512,121.52,6.792935666666667,bw,static,static,results,Results,Results_MAMBA21,MAMBA2-BWB-Results,simulator_output_MAMBA2-BWB_bwplacement_bs2_staticreq_statictask,SCRUBBED_TIME+MAMBA2-BWB_BMPD512_12_11_1,False
2,5,15,4,0,0,256,250.66,6.813840842105263,bw,static,static,results,Results,Results_MAMBA21,MAMBA2-BWB-Results,simulator_output_MAMBA2-BWB_bwplacement_bs2_staticreq_statictask,SCRUBBED_TIME+MAMBA2-BWB_BMPD256_5_15_4,False
2,2,14,8,0,0,256,471.64,6.814858222222222,bw,static,static,results,Results,Results_MAMBA21,MAMBA2-BWB-Results,simulator_output_MAMBA2-BWB_bwplacement_bs2_staticreq_statictask,SCRUBBED_TIME+MAMBA2-BWB_BMPD256_2_14_8,False
2,8,14,2,0,0,512,240.28,6.820582,bw,static,static,results,Results,Results_MAMBA21,MAMBA2-BWB-Results,simulator_output_MAMBA2-BWB_bwplacement_bs2_staticreq_statictask,SCRUBBED_TIME+MAMBA2-BWB_BMPD512_8_14_2,False
2,12,9,3,0,0,512,334.04,6.823894,bw,static,static,results,Results,Results_MAMBA21,MAMBA2-BWB-Results,simulator_output_MAMBA2-BWB_bwplacement_bs2_staticreq_statictask,SCRUBBED_TIME+MAMBA2-BWB_BMPD512_12_9_3,False
2,2,13,9,0,0,256,497.72,6.824386,bw,static,static,results,Results,Results_MAMBA21,MAMBA2-BWB-Results,simulator_output_MAMBA2-BWB_bwplacement_bs2_staticreq_statictask,SCRUBBED_TIME+MAMBA2-BWB_BMPD256_2_13_9,False
2,2,11,11,0,0,384,563.24,6.824561066666666,bw,static,static,results,Results,Results_MAMBA21,MAMBA2-BWB-Results,simulator_output_MAMBA2-BWB_bwplacement_bs2_staticreq_statictask,SCRUBBED_TIME+MAMBA2-BWB_BMPD384_2_11_11,False
2,8,12,4,0,0,384,389.52,6.828975,bw,static,static,results,Results,Results_MAMBA21,MAMBA2-BWB-Results,simulator_output_MAMBA2-BWB_bwplacement_bs2_staticreq_statictask,SCRUBBED_TIME+MAMBA2-BWB_BMPD384_8_12_4,False
2,2,15,7,0,0,256,401.66,6.833291555555556,bw,static,static,results,Results,Results_MAMBA21,MAMBA2-BWB-Results,simulator_output_MAMBA2-BWB_bwplacement_bs2_staticreq_statictask,SCRUBBED_TIME+MAMBA2-BWB_BMPD256_2_15_7,False
2,4,18,2,0,0,256,124.54,6.8360162,bw,static,static,results,Results,Results_MAMBA21,MAMBA2-BWB-Results,simulator_output_MAMBA2-BWB_bwplacement_bs2_staticreq_statictask,SCRUBBED_TIME+MAMBA2-BWB_BMPD256_4_18_2,False
2,7,10,7,0,0,256,403.1,6.8543338823529405,bw,static,static,results,Results,Results_MAMBA21,MAMBA2-BWB-Results,simulator_output_MAMBA2-BWB_bwplacement_bs2_staticreq_statictask,SCRUBBED_TIME+MAMBA2-BWB_BMPD256_7_10_7,False
2,7,13,4,0,0,384,379.9,6.854641411764706,bw,static,static,results,Results,Results_MAMBA21,MAMBA2-BWB-Results,simulator_output_MAMBA2-BWB_bwplacement_bs2_staticreq_statictask,SCRUBBED_TIME+MAMBA2-BWB_BMPD384_7_13_4,False
2,15,6,3,0,0,384,285.02,6.857096,bw,static,static,results,Results,Results_MAMBA21,MAMBA2-BWB-Results,simulator_output_MAMBA2-BWB_bwplacement_bs2_staticreq_statictask,SCRUBBED_TIME+MAMBA2-BWB_BMPD384_15_6_3,False
2,6,16,2,0,0,512,236.88,6.859394666666667,bw,static,static,results,Results,Results_MAMBA21,MAMBA2-BWB-Results,simulator_output_MAMBA2-BWB_bwplacement_bs2_staticreq_statictask,SCRUBBED_TIME+MAMBA2-BWB_BMPD512_6_16_2,False
2,9,8,7,0,0,256,401.26,6.871558933333334,bw,static,static,results,Results,Results_MAMBA21,MAMBA2-BWB-Results,simulator_output_MAMBA2-BWB_bwplacement_bs2_staticreq_statictask,SCRUBBED_TIME+MAMBA2-BWB_BMPD256_9_8_7,False
2,6,14,4,0,0,384,387.62,6.872194888888889,bw,static,static,results,Results,Results_MAMBA21,MAMBA2-BWB-Results,simulator_output_MAMBA2-BWB_bwplacement_bs2_staticreq_statictask,SCRUBBED_TIME+MAMBA2-BWB_BMPD384_6_14_4,False
2,16,6,2,0,0,512,244.1,6.8760555,bw,static,static,results,Results,Results_MAMBA21,MAMBA2-BWB-Results,simulator_output_MAMBA2-BWB_bwplacement_bs2_staticreq_statictask,SCRUBBED_TIME+MAMBA2-BWB_BMPD512_16_6_2,False
2,3,17,4,0,0,256,250.04,6.887212761904762,bw,static,static,results,Results,Results_MAMBA21,MAMBA2-BWB-Results,simulator_output_MAMBA2-BWB_bwplacement_bs2_staticreq_statictask,SCRUBBED_TIME+MAMBA2-BWB_BMPD256_3_17_4,False
2,9,13,2,0,0,512,231.38,6.897896533333333,bw,static,static,results,Results,Results_MAMBA21,MAMBA2-BWB-Results,simulator_output_MAMBA2-BWB_bwplacement_bs2_staticreq_statictask,SCRUBBED_TIME+MAMBA2-BWB_BMPD512_9_13_2,False
2,16,5,3,0,0,384,290.08,6.902574,bw,static,static,results,Results,Results_MAMBA21,MAMBA2-BWB-Results,simulator_output_MAMBA2-BWB_bwplacement_bs2_staticreq_statictask,SCRUBBED_TIME+MAMBA2-BWB_BMPD384_16_5_3,False
2,12,7,5,0,0,256,303.96,6.905834333333333,bw,static,static,results,Results,Results_MAMBA21,MAMBA2-BWB-Results,simulator_output_MAMBA2-BWB_bwplacement_bs2_staticreq_statictask,SCRUBBED_TIME+MAMBA2-BWB_BMPD256_12_7_5,False
2,15,5,4,0,0,256,252.64,6.906696444444444,bw,static,static,results,Results,Results_MAMBA21,MAMBA2-BWB-Results,simulator_output_MAMBA2-BWB_bwplacement_bs2_staticreq_statictask,SCRUBBED_TIME+MAMBA2-BWB_BMPD256_15_5_4,False
2,5,16,3,0,0,384,281.74,6.91869347368421,bw,static,static,results,Results,Results_MAMBA21,MAMBA2-BWB-Results,simulator_output_MAMBA2-BWB_bwplacement_bs2_staticreq_statictask,SCRUBBED_TIME+MAMBA2-BWB_BMPD384_5_16_3,False
2,11,8,5,0,0,384,474.15,6.931992307692308,bw,static,static,results,Results,Results_MAMBA21,MAMBA2-BWB-Results,simulator_output_MAMBA2-BWB_bwplacement_bs2_staticreq_statictask,SCRUBBED_TIME+MAMBA2-BWB_BMPD384_11_8_5,False
2,12,6,6,0,0,384,514.55,6.941103619047619,bw,static,static,results,Results,Results_MAMBA21,MAMBA2-BWB-Results,simulator_output_MAMBA2-BWB_bwplacement_bs2_staticreq_statictask,SCRUBBED_TIME+MAMBA2-BWB_BMPD384_12_6_6,False
2,16,4,4,0,0,384,355.96,6.95228125,bw,static,static,results,Results,Results_MAMBA21,MAMBA2-BWB-Results,simulator_output_MAMBA2-BWB_bwplacement_bs2_staticreq_statictask,SCRUBBED_TIME+MAMBA2-BWB_BMPD384_16_4_4,False
2,14,7,3,0,0,384,286.54,6.972824,bw,static,static,results,Results,Results_MAMBA21,MAMBA2-BWB-Results,simulator_output_MAMBA2-BWB_bwplacement_bs2_staticreq_statictask,SCRUBBED_TIME+MAMBA2-BWB_BMPD384_14_7_3,False
2,8,11,5,0,0,384,479.14,6.973825,bw,static,static,results,Results,Results_MAMBA21,MAMBA2-BWB-Results,simulator_output_MAMBA2-BWB_bwplacement_bs2_staticreq_statictask,SCRUBBED_TIME+MAMBA2-BWB_BMPD384_8_11_5,False
2,15,5,4,0,0,512,431.91,6.978133555555556,bw,static,static,results,Results,Results_MAMBA21,MAMBA2-BWB-Results,simulator_output_MAMBA2-BWB_bwplacement_bs2_staticreq_statictask,SCRUBBED_TIME+MAMBA2-BWB_BMPD512_15_5_4,False
2,6,12,6,0,0,256,366.1,6.986258222222222,bw,static,static,results,Results,Results_MAMBA21,MAMBA2-BWB-Results,simulator_output_MAMBA2-BWB_bwplacement_bs2_staticreq_statictask,SCRUBBED_TIME+MAMBA2-BWB_BMPD256_6_12_6,False
2,14,6,4,0,0,512,428.29,6.9905312,bw,static,static,results,Results,Results_MAMBA21,MAMBA2-BWB-Results,simulator_output_MAMBA2-BWB_bwplacement_bs2_staticreq_statictask,SCRUBBED_TIME+MAMBA2-BWB_BMPD512_14_6_4,False
2,9,10,5,0,0,384,478.1,6.993154400000001,bw,static,static,results,Results,Results_MAMBA21,MAMBA2-BWB-Results,simulator_output_MAMBA2-BWB_bwplacement_bs2_staticreq_statictask,SCRUBBED_TIME+MAMBA2-BWB_BMPD384_9_10_5,False
2,9,9,6,0,0,384,554.98,6.994074400000001,bw,static,static,results,Results,Results_MAMBA21,MAMBA2-BWB-Results,simulator_output_MAMBA2-BWB_bwplacement_bs2_staticreq_statictask,SCRUBBED_TIME+MAMBA2-BWB_BMPD384_9_9_6,False
2,11,12,1,0,0,512,123.0,6.998657538461538,bw,static,static,results,Results,Results_MAMBA21,MAMBA2-BWB-Results,simulator_output_MAMBA2-BWB_bwplacement_bs2_staticreq_statictask,SCRUBBED_TIME+MAMBA2-BWB_BMPD512_11_12_1,False
2,8,15,1,0,0,512,114.7,7.00553825,bw,static,static,results,Results,Results_MAMBA21,MAMBA2-BWB-Results,simulator_output_MAMBA2-BWB_bwplacement_bs2_staticreq_statictask,SCRUBBED_TIME+MAMBA2-BWB_BMPD512_8_15_1,False
2,3,16,5,0,0,256,307.06,7.010408,bw,static,static,results,Results,Results_MAMBA21,MAMBA2-BWB-Results,simulator_output_MAMBA2-BWB_bwplacement_bs2_staticreq_statictask,SCRUBBED_TIME+MAMBA2-BWB_BMPD256_3_16_5,False
2,11,10,3,0,0,512,335.24,7.026465230769231,bw,static,static,results,Results,Results_MAMBA21,MAMBA2-BWB-Results,simulator_output_MAMBA2-BWB_bwplacement_bs2_staticreq_statictask,SCRUBBED_TIME+MAMBA2-BWB_BMPD512_11_10_3,False
2,6,17,1,0,0,512,119.96,7.042078,bw,static,static,results,Results,Results_MAMBA21,MAMBA2-BWB-Results,simulator_output_MAMBA2-BWB_bwplacement_bs2_staticreq_statictask,SCRUBBED_TIME+MAMBA2-BWB_BMPD512_6_17_1,False
2,2,11,11,0,0,256,560.32,7.050441555555556,bw,static,static,results,Results,Results_MAMBA21,MAMBA2-BWB-Results,simulator_output_MAMBA2-BWB_bwplacement_bs2_staticreq_statictask,SCRUBBED_TIME+MAMBA2-BWB_BMPD256_2_11_11,False
2,13,10,1,0,0,640,119.4,7.051482181818182,bw,static,static,results,Results,Results_MAMBA21,MAMBA2-BWB-Results,simulator_output_MAMBA2-BWB_bwplacement_bs2_staticreq_statictask,SCRUBBED_TIME+MAMBA2-BWB_BMPD640_13_10_1,False
2,2,9,13,0,0,384,572.55,7.059434400000001,bw,static,static,results,Results,Results_MAMBA21,MAMBA2-BWB-Results,simulator_output_MAMBA2-BWB_bwplacement_bs2_staticreq_statictask,SCRUBBED_TIME+MAMBA2-BWB_BMPD384_2_9_13,False
2,7,12,5,0,0,384,479.4,7.061988470588235,bw,static,static,results,Results,Results_MAMBA21,MAMBA2-BWB-Results,simulator_output_MAMBA2-BWB_bwplacement_bs2_staticreq_statictask,SCRUBBED_TIME+MAMBA2-BWB_BMPD384_7_12_5,False
2,6,13,5,0,0,384,479.38,7.069306,bw,static,static,results,Results,Results_MAMBA21,MAMBA2-BWB-Results,simulator_output_MAMBA2-BWB_bwplacement_bs2_staticreq_statictask,SCRUBBED_TIME+MAMBA2-BWB_BMPD384_6_13_5,False
2,7,9,8,0,0,256,503.68,7.078945647058824,bw,static,static,results,Results,Results_MAMBA21,MAMBA2-BWB-Results,simulator_output_MAMBA2-BWB_bwplacement_bs2_staticreq_statictask,SCRUBBED_TIME+MAMBA2-BWB_BMPD256_7_9_8,False
2,2,10,12,0,0,384,564.7,7.0809344,bw,static,static,results,Results,Results_MAMBA21,MAMBA2-BWB-Results,simulator_output_MAMBA2-BWB_bwplacement_bs2_staticreq_statictask,SCRUBBED_TIME+MAMBA2-BWB_BMPD384_2_10_12,False
2,6,11,7,0,0,256,402.22,7.085569333333333,bw,static,static,results,Results,Results_MAMBA21,MAMBA2-BWB-Results,simulator_output_MAMBA2-BWB_bwplacement_bs2_staticreq_statictask,SCRUBBED_TIME+MAMBA2-BWB_BMPD256_6_11_7,False
2,4,15,5,0,0,256,307.46,7.0909712,bw,static,static,results,Results,Results_MAMBA21,MAMBA2-BWB-Results,simulator_output_MAMBA2-BWB_bwplacement_bs2_staticreq_statictask,SCRUBBED_TIME+MAMBA2-BWB_BMPD256_4_15_5,False
2,4,13,7,0,0,256,398.0,7.1076162,bw,static,static,results,Results,Results_MAMBA21,MAMBA2-BWB-Results,simulator_output_MAMBA2-BWB_bwplacement_bs2_staticreq_statictask,SCRUBBED_TIME+MAMBA2-BWB_BMPD256_4_13_7,False
2,13,5,6,0,0,384,499.86,7.137680727272728,bw,static,static,results,Results,Results_MAMBA21,MAMBA2-BWB-Results,simulator_output_MAMBA2-BWB_bwplacement_bs2_staticreq_statictask,SCRUBBED_TIME+MAMBA2-BWB_BMPD384_13_5_6,False
2,5,11,8,0,0,256,496.16,7.1377671578947375,bw,static,static,results,Results,Results_MAMBA21,MAMBA2-BWB-Results,simulator_output_MAMBA2-BWB_bwplacement_bs2_staticreq_statictask,SCRUBBED_TIME+MAMBA2-BWB_BMPD256_5_11_8,False
2,7,8,9,0,0,384,727.73,7.143980285714285,bw,static,static,results,Results,Results_MAMBA21,MAMBA2-BWB-Results,simulator_output_MAMBA2-BWB_bwplacement_bs2_staticreq_statictask,SCRUBBED_TIME+MAMBA2-BWB_BMPD384_7_8_9,False
2,5,8,11,0,0,384,859.9,7.148573621621622,bw,static,static,results,Results,Results_MAMBA21,MAMBA2-BWB-Results,simulator_output_MAMBA2-BWB_bwplacement_bs2_staticreq_statictask,SCRUBBED_TIME+MAMBA2-BWB_BMPD384_5_8_11,False
2,6,10,8,0,0,512,846.72,7.154322555555556,bw,static,static,results,Results,Results_MAMBA21,MAMBA2-BWB-Results,simulator_output_MAMBA2-BWB_bwplacement_bs2_staticreq_statictask,SCRUBBED_TIME+MAMBA2-BWB_BMPD512_6_10_8,False
2,5,12,7,0,0,256,402.16,7.1566618947368426,bw,static,static,results,Results,Results_MAMBA21,MAMBA2-BWB-Results,simulator_output_MAMBA2-BWB_bwplacement_bs2_staticreq_statictask,SCRUBBED_TIME+MAMBA2-BWB_BMPD256_5_12_7,False
2,13,6,5,0,0,384,446.16,7.176841066666666,bw,static,static,results,Results,Results_MAMBA21,MAMBA2-BWB-Results,simulator_output_MAMBA2-BWB_bwplacement_bs2_staticreq_statictask,SCRUBBED_TIME+MAMBA2-BWB_BMPD384_13_6_5,False
2,5,9,10,0,0,384,794.57,7.191028,bw,static,static,results,Results,Results_MAMBA21,MAMBA2-BWB-Results,simulator_output_MAMBA2-BWB_bwplacement_bs2_staticreq_statictask,SCRUBBED_TIME+MAMBA2-BWB_BMPD384_5_9_10,False
2,15,7,2,0,0,512,247.94,7.192026222222222,bw,static,static,results,Results,Results_MAMBA21,MAMBA2-BWB-Results,simulator_output_MAMBA2-BWB_bwplacement_bs2_staticreq_statictask,SCRUBBED_TIME+MAMBA2-BWB_BMPD512_15_7_2,False
2,9,8,7,0,0,384,596.15,7.195889333333333,bw,static,static,results,Results,Results_MAMBA21,MAMBA2-BWB-Results,simulator_output_MAMBA2-BWB_bwplacement_bs2_staticreq_statictask,SCRUBBED_TIME+MAMBA2-BWB_BMPD384_9_8_7,False
2,12,11,1,0,0,640,116.46,7.197822666666667,bw,static,static,results,Results,Results_MAMBA21,MAMBA2-BWB-Results,simulator_output_MAMBA2-BWB_bwplacement_bs2_staticreq_statictask,SCRUBBED_TIME+MAMBA2-BWB_BMPD640_12_11_1,False
2,3,18,3,0,0,256,180.44,7.200365142857143,bw,static,static,results,Results,Results_MAMBA21,MAMBA2-BWB-Results,simulator_output_MAMBA2-BWB_bwplacement_bs2_staticreq_statictask,SCRUBBED_TIME+MAMBA2-BWB_BMPD256_3_18_3,False
2,16,7,1,0,0,640,116.48,7.2049685,bw,static,static,results,Results,Results_MAMBA21,MAMBA2-BWB-Results,simulator_output_MAMBA2-BWB_bwplacement_bs2_staticreq_statictask,SCRUBBED_TIME+MAMBA2-BWB_BMPD640_16_7_1,False
2,6,10,8,0,0,256,497.52,7.205608222222222,bw,static,static,results,Results,Results_MAMBA21,MAMBA2-BWB-Results,simulator_output_MAMBA2-BWB_bwplacement_bs2_staticreq_statictask,SCRUBBED_TIME+MAMBA2-BWB_BMPD256_6_10_8,False
2,7,11,6,0,0,384,562.01,7.212623764705882,bw,static,static,results,Results,Results_MAMBA21,MAMBA2-BWB-Results,simulator_output_MAMBA2-BWB_bwplacement_bs2_staticreq_statictask,SCRUBBED_TIME+MAMBA2-BWB_BMPD384_7_11_6,False
2,13,6,5,0,0,256,299.44,7.218274181818182,bw,static,static,results,Results,Results_MAMBA21,MAMBA2-BWB-Results,simulator_output_MAMBA2-BWB_bwplacement_bs2_staticreq_statictask,SCRUBBED_TIME+MAMBA2-BWB_BMPD256_13_6_5,False
2,3,19,2,0,0,256,123.96,7.2319556190476195,bw,static,static,results,Results,Results_MAMBA21,MAMBA2-BWB-Results,simulator_output_MAMBA2-BWB_bwplacement_bs2_staticreq_statictask,SCRUBBED_TIME+MAMBA2-BWB_BMPD256_3_19_2,False
2,2,12,10,0,0,256,530.66,7.233763777777778,bw,static,static,results,Results,Results_MAMBA21,MAMBA2-BWB-Results,simulator_output_MAMBA2-BWB_bwplacement_bs2_staticreq_statictask,SCRUBBED_TIME+MAMBA2-BWB_BMPD256_2_12_10,False
2,12,9,3,0,0,640,320.4,7.233914333333333,bw,static,static,results,Results,Results_MAMBA21,MAMBA2-BWB-Results,simulator_output_MAMBA2-BWB_bwplacement_bs2_staticreq_statictask,SCRUBBED_TIME+MAMBA2-BWB_BMPD640_12_9_3,False
2,5,14,5,0,0,384,476.0,7.235256631578947,bw,static,static,results,Results,Results_MAMBA21,MAMBA2-BWB-Results,simulator_output_MAMBA2-BWB_bwplacement_bs2_staticreq_statictask,SCRUBBED_TIME+MAMBA2-BWB_BMPD384_5_14_5,False
2,11,6,7,0,0,384,581.44,7.2373765,bw,static,static,results,Results,Results_MAMBA21,MAMBA2-BWB-Results,simulator_output_MAMBA2-BWB_bwplacement_bs2_staticreq_statictask,SCRUBBED_TIME+MAMBA2-BWB_BMPD384_11_6_7,False
2,11,11,2,0,0,512,223.24,7.238034461538461,bw,static,static,results,Results,Results_MAMBA21,MAMBA2-BWB-Results,simulator_output_MAMBA2-BWB_bwplacement_bs2_staticreq_statictask,SCRUBBED_TIME+MAMBA2-BWB_BMPD512_11_11_2,False
2,6,9,9,0,0,384,738.88,7.25022,bw,static,static,results,Results,Results_MAMBA21,MAMBA2-BWB-Results,simulator_output_MAMBA2-BWB_bwplacement_bs2_staticreq_statictask,SCRUBBED_TIME+MAMBA2-BWB_BMPD384_6_9_9,False
2,7,16,1,0,0,640,120.38,7.252058117647059,bw,static,static,results,Results,Results_MAMBA21,MAMBA2-BWB-Results,simulator_output_MAMBA2-BWB_bwplacement_bs2_staticreq_statictask,SCRUBBED_TIME+MAMBA2-BWB_BMPD640_7_16_1,False
2,7,8,9,0,0,512,840.33,7.253355176470588,bw,static,static,results,Results,Results_MAMBA21,MAMBA2-BWB-Results,simulator_output_MAMBA2-BWB_bwplacement_bs2_staticreq_statictask,SCRUBBED_TIME+MAMBA2-BWB_BMPD512_7_8_9,False
2,9,9,6,0,0,512,620.96,7.262460347826087,bw,static,static,results,Results,Results_MAMBA21,MAMBA2-BWB-Results,simulator_output_MAMBA2-BWB_bwplacement_bs2_staticreq_statictask,SCRUBBED_TIME+MAMBA2-BWB_BMPD512_9_9_6,False
2,8,8,8,0,0,256,510.88,7.27307,bw,static,static,results,Results,Results_MAMBA21,MAMBA2-BWB-Results,simulator_output_MAMBA2-BWB_bwplacement_bs2_staticreq_statictask,SCRUBBED_TIME+MAMBA2-BWB_BMPD256_8_8_8,False
2,13,8,3,0,0,640,337.14,7.273182181818181,bw,static,static,results,Results,Results_MAMBA21,MAMBA2-BWB-Results,simulator_output_MAMBA2-BWB_bwplacement_bs2_staticreq_statictask,SCRUBBED_TIME+MAMBA2-BWB_BMPD640_13_8_3,False
2,2,7,15,0,0,512,602.83,7.274338166666667,bw,static,static,results,Results,Results_MAMBA21,MAMBA2-BWB-Results,simulator_output_MAMBA2-BWB_bwplacement_bs2_staticreq_statictask,SCRUBBED_TIME+MAMBA2-BWB_BMPD512_2_7_15,False
2,13,7,4,0,0,384,384.48,7.277492363636363,bw,static,static,results,Results,Results_MAMBA21,MAMBA2-BWB-Results,simulator_output_MAMBA2-BWB_bwplacement_bs2_staticreq_statictask,SCRUBBED_TIME+MAMBA2-BWB_BMPD384_13_7_4,False
2,7,9,8,0,0,512,854.87,7.285243411764705,bw,static,static,results,Results,Results_MAMBA21,MAMBA2-BWB-Results,simulator_output_MAMBA2-BWB_bwplacement_bs2_staticreq_statictask,SCRUBBED_TIME+MAMBA2-BWB_BMPD512_7_9_8,False
2,4,14,6,0,0,256,363.52,7.2866312,bw,static,static,results,Results,Results_MAMBA21,MAMBA2-BWB-Results,simulator_output_MAMBA2-BWB_bwplacement_bs2_staticreq_statictask,SCRUBBED_TIME+MAMBA2-BWB_BMPD256_4_14_6,False
2,3,13,8,0,0,256,479.44,7.290174666666667,bw,static,static,results,Results,Results_MAMBA21,MAMBA2-BWB-Results,simulator_output_MAMBA2-BWB_bwplacement_bs2_staticreq_statictask,SCRUBBED_TIME+MAMBA2-BWB_BMPD256_3_13_8,False
2,8,13,3,0,0,512,334.32,7.30742575,bw,static,static,results,Results,Results_MAMBA21,MAMBA2-BWB-Results,simulator_output_MAMBA2-BWB_bwplacement_bs2_staticreq_statictask,SCRUBBED_TIME+MAMBA2-BWB_BMPD512_8_13_3,False
2,5,15,4,0,0,384,387.1,7.311919789473684,bw,static,static,results,Results,Results_MAMBA21,MAMBA2-BWB-Results,simulator_output_MAMBA2-BWB_bwplacement_bs2_staticreq_statictask,SCRUBBED_TIME+MAMBA2-BWB_BMPD384_5_15_4,False
2,4,19,1,0,0,384,99.08,7.314066400000001,bw,static,static,results,Results,Results_MAMBA21,MAMBA2-BWB-Results,simulator_output_MAMBA2-BWB_bwplacement_bs2_staticreq_statictask,SCRUBBED_TIME+MAMBA2-BWB_BMPD384_4_19_1,False
2,6,10,8,0,0,384,734.56,7.319547333333333,bw,static,static,results,Results,Results_MAMBA21,MAMBA2-BWB-Results,simulator_output_MAMBA2-BWB_bwplacement_bs2_staticreq_statictask,SCRUBBED_TIME+MAMBA2-BWB_BMPD384_6_10_8,False
2,10,10,4,0,0,512,429.92,7.325397142857143,bw,static,static,results,Results,Results_MAMBA21,MAMBA2-BWB-Results,simulator_output_MAMBA2-BWB_bwplacement_bs2_staticreq_statictask,SCRUBBED_TIME+MAMBA2-BWB_BMPD512_10_10_4,False
2,16,4,4,0,0,256,249.68,7.327612,bw,static,static,results,Results,Results_MAMBA21,MAMBA2-BWB-Results,simulator_output_MAMBA2-BWB_bwplacement_bs2_staticreq_statictask,SCRUBBED_TIME+MAMBA2-BWB_BMPD256_16_4_4,False
2,8,9,7,0,0,384,609.38,7.3392,bw,static,static,results,Results,Results_MAMBA21,MAMBA2-BWB-Results,simulator_output_MAMBA2-BWB_bwplacement_bs2_staticreq_statictask,SCRUBBED_TIME+MAMBA2-BWB_BMPD384_8_9_7,False
2,11,9,4,0,0,512,457.85,7.347011384615385,bw,static,static,results,Results,Results_MAMBA21,MAMBA2-BWB-Results,simulator_output_MAMBA2-BWB_bwplacement_bs2_staticreq_statictask,SCRUBBED_TIME+MAMBA2-BWB_BMPD512_11_9_4,False
2,5,17,2,0,0,512,232.58,7.35406252631579,bw,static,static,results,Results,Results_MAMBA21,MAMBA2-BWB-Results,simulator_output_MAMBA2-BWB_bwplacement_bs2_staticreq_statictask,SCRUBBED_TIME+MAMBA2-BWB_BMPD512_5_17_2,False
2,10,8,6,0,0,384,541.1,7.354802,bw,static,static,results,Results,Results_MAMBA21,MAMBA2-BWB-Results,simulator_output_MAMBA2-BWB_bwplacement_bs2_staticreq_statictask,SCRUBBED_TIME+MAMBA2-BWB_BMPD384_10_8_6,False
2,4,12,8,0,0,256,489.66,7.359566200000001,bw,static,static,results,Results,Results_MAMBA21,MAMBA2-BWB-Results,simulator_output_MAMBA2-BWB_bwplacement_bs2_staticreq_statictask,SCRUBBED_TIME+MAMBA2-BWB_BMPD256_4_12_8,False
2,8,9,7,0,0,512,684.27,7.367032740740741,bw,static,static,results,Results,Results_MAMBA21,MAMBA2-BWB-Results,simulator_output_MAMBA2-BWB_bwplacement_bs2_staticreq_statictask,SCRUBBED_TIME+MAMBA2-BWB_BMPD512_8_9_7,False
2,2,10,12,0,0,256,594.62,7.368197111111111,bw,static,static,results,Results,Results_MAMBA21,MAMBA2-BWB-Results,simulator_output_MAMBA2-BWB_bwplacement_bs2_staticreq_statictask,SCRUBBED_TIME+MAMBA2-BWB_BMPD256_2_10_12,False
2,15,4,5,0,0,384,427.77,7.382294888888889,bw,static,static,results,Results,Results_MAMBA21,MAMBA2-BWB-Results,simulator_output_MAMBA2-BWB_bwplacement_bs2_staticreq_statictask,SCRUBBED_TIME+MAMBA2-BWB_BMPD384_15_4_5,False
2,10,12,2,0,0,512,247.16,7.38329,bw,static,static,results,Results,Results_MAMBA21,MAMBA2-BWB-Results,simulator_output_MAMBA2-BWB_bwplacement_bs2_staticreq_statictask,SCRUBBED_TIME+MAMBA2-BWB_BMPD512_10_12_2,False
2,7,14,3,0,0,512,325.06,7.385135764705883,bw,static,static,results,Results,Results_MAMBA21,MAMBA2-BWB-Results,simulator_output_MAMBA2-BWB_bwplacement_bs2_staticreq_statictask,SCRUBBED_TIME+MAMBA2-BWB_BMPD512_7_14_3,False
2,8,10,6,0,0,384,557.77,7.38666875,bw,static,static,results,Results,Results_MAMBA21,MAMBA2-BWB-Results,simulator_output_MAMBA2-BWB_bwplacement_bs2_staticreq_statictask,SCRUBBED_TIME+MAMBA2-BWB_BMPD384_8_10_6,False
2,12,10,2,0,0,640,232.72,7.387381,bw,static,static,results,Results,Results_MAMBA21,MAMBA2-BWB-Results,simulator_output_MAMBA2-BWB_bwplacement_bs2_staticreq_statictask,SCRUBBED_TIME+MAMBA2-BWB_BMPD640_12_10_2,False
2,15,6,3,0,0,512,328.26,7.400048444444444,bw,static,static,results,Results,Results_MAMBA21,MAMBA2-BWB-Results,simulator_output_MAMBA2-BWB_bwplacement_bs2_staticreq_statictask,SCRUBBED_TIME+MAMBA2-BWB_BMPD512_15_6_3,False
2,3,14,7,0,0,256,393.54,7.402427047619048,bw,static,static,results,Results,Results_MAMBA21,MAMBA2-BWB-Results,simulator_output_MAMBA2-BWB_bwplacement_bs2_staticreq_statictask,SCRUBBED_TIME+MAMBA2-BWB_BMPD256_3_14_7,False
2,12,7,5,0,0,512,527.19,7.412038166666667,bw,static,static,results,Results,Results_MAMBA21,MAMBA2-BWB-Results,simulator_output_MAMBA2-BWB_bwplacement_bs2_staticreq_statictask,SCRUBBED_TIME+MAMBA2-BWB_BMPD512_12_7_5,False
2,13,6,5,0,0,512,522.86,7.433358363636363,bw,static,static,results,Results,Results_MAMBA21,MAMBA2-BWB-Results,simulator_output_MAMBA2-BWB_bwplacement_bs2_staticreq_statictask,SCRUBBED_TIME+MAMBA2-BWB_BMPD512_13_6_5,False
2,7,15,2,0,0,512,224.88,7.450676941176471,bw,static,static,results,Results,Results_MAMBA21,MAMBA2-BWB-Results,simulator_output_MAMBA2-BWB_bwplacement_bs2_staticreq_statictask,SCRUBBED_TIME+MAMBA2-BWB_BMPD512_7_15_2,False
2,11,7,6,0,0,512,611.24,7.450958,bw,static,static,results,Results,Results_MAMBA21,MAMBA2-BWB-Results,simulator_output_MAMBA2-BWB_bwplacement_bs2_staticreq_statictask,SCRUBBED_TIME+MAMBA2-BWB_BMPD512_11_7_6,False
2,11,7,6,0,0,256,361.74,7.452842153846154,bw,static,static,results,Results,Results_MAMBA21,MAMBA2-BWB-Results,simulator_output_MAMBA2-BWB_bwplacement_bs2_staticreq_statictask,SCRUBBED_TIME+MAMBA2-BWB_BMPD256_11_7_6,False
2,14,6,4,0,0,384,377.94,7.453654,bw,static,static,results,Results,Results_MAMBA21,MAMBA2-BWB-Results,simulator_output_MAMBA2-BWB_bwplacement_bs2_staticreq_statictask,SCRUBBED_TIME+MAMBA2-BWB_BMPD384_14_6_4,False
2,4,11,9,0,0,256,494.5,7.4550912,bw,static,static,results,Results,Results_MAMBA21,MAMBA2-BWB-Results,simulator_output_MAMBA2-BWB_bwplacement_bs2_staticreq_statictask,SCRUBBED_TIME+MAMBA2-BWB_BMPD256_4_11_9,False
2,10,11,3,0,0,512,332.64,7.47439,bw,static,static,results,Results,Results_MAMBA21,MAMBA2-BWB-Results,simulator_output_MAMBA2-BWB_bwplacement_bs2_staticreq_statictask,SCRUBBED_TIME+MAMBA2-BWB_BMPD512_10_11_3,False
2,9,7,8,0,0,384,713.56,7.481878666666667,bw,static,static,results,Results,Results_MAMBA21,MAMBA2-BWB-Results,simulator_output_MAMBA2-BWB_bwplacement_bs2_staticreq_statictask,SCRUBBED_TIME+MAMBA2-BWB_BMPD384_9_7_8,False
2,7,10,7,0,0,512,694.82,7.484463166666667,bw,static,static,results,Results,Results_MAMBA21,MAMBA2-BWB-Results,simulator_output_MAMBA2-BWB_bwplacement_bs2_staticreq_statictask,SCRUBBED_TIME+MAMBA2-BWB_BMPD512_7_10_7,False
2,3,8,13,0,0,512,803.16,7.490773371428571,bw,static,static,results,Results,Results_MAMBA21,MAMBA2-BWB-Results,simulator_output_MAMBA2-BWB_bwplacement_bs2_staticreq_statictask,SCRUBBED_TIME+MAMBA2-BWB_BMPD512_3_8_13,False
2,6,12,6,0,0,384,560.14,7.506667111111111,bw,static,static,results,Results,Results_MAMBA21,MAMBA2-BWB-Results,simulator_output_MAMBA2-BWB_bwplacement_bs2_staticreq_statictask,SCRUBBED_TIME+MAMBA2-BWB_BMPD384_6_12_6,False
2,3,10,11,0,0,512,768.5,7.511924133333334,bw,static,static,results,Results,Results_MAMBA21,MAMBA2-BWB-Results,simulator_output_MAMBA2-BWB_bwplacement_bs2_staticreq_statictask,SCRUBBED_TIME+MAMBA2-BWB_BMPD512_3_10_11,False
2,6,9,9,0,0,256,498.8,7.512280444444444,bw,static,static,results,Results,Results_MAMBA21,MAMBA2-BWB-Results,simulator_output_MAMBA2-BWB_bwplacement_bs2_staticreq_statictask,SCRUBBED_TIME+MAMBA2-BWB_BMPD256_6_9_9,False
2,6,11,7,0,0,384,617.97,7.517622666666667,bw,static,static,results,Results,Results_MAMBA21,MAMBA2-BWB-Results,simulator_output_MAMBA2-BWB_bwplacement_bs2_staticreq_statictask,SCRUBBED_TIME+MAMBA2-BWB_BMPD384_6_11_7,False
2,4,16,4,0,0,384,380.78,7.5209614,bw,static,static,results,Results,Results_MAMBA21,MAMBA2-BWB-Results,simulator_output_MAMBA2-BWB_bwplacement_bs2_staticreq_statictask,SCRUBBED_TIME+MAMBA2-BWB_BMPD384_4_16_4,False
2,3,16,5,0,0,384,460.06,7.524860761904762,bw,static,static,results,Results,Results_MAMBA21,MAMBA2-BWB-Results,simulator_output_MAMBA2-BWB_bwplacement_bs2_staticreq_statictask,SCRUBBED_TIME+MAMBA2-BWB_BMPD384_3_16_5,False
2,3,17,4,0,0,512,420.3,7.529089111111111,bw,static,static,results,Results,Results_MAMBA21,MAMBA2-BWB-Results,simulator_output_MAMBA2-BWB_bwplacement_bs2_staticreq_statictask,SCRUBBED_TIME+MAMBA2-BWB_BMPD512_3_17_4,False
2,2,9,13,0,0,256,617.63,7.532341555555556,bw,static,static,results,Results,Results_MAMBA21,MAMBA2-BWB-Results,simulator_output_MAMBA2-BWB_bwplacement_bs2_staticreq_statictask,SCRUBBED_TIME+MAMBA2-BWB_BMPD256_2_9_13,False
2,10,8,6,0,0,640,613.17,7.538726,bw,static,static,results,Results,Results_MAMBA21,MAMBA2-BWB-Results,simulator_output_MAMBA2-BWB_bwplacement_bs2_staticreq_statictask,SCRUBBED_TIME+MAMBA2-BWB_BMPD640_10_8_6,False
2,6,9,9,0,0,512,840.84,7.542014222222222,bw,static,static,results,Results,Results_MAMBA21,MAMBA2-BWB-Results,simulator_output_MAMBA2-BWB_bwplacement_bs2_staticreq_statictask,SCRUBBED_TIME+MAMBA2-BWB_BMPD512_6_9_9,False
2,11,12,1,0,0,640,108.56,7.547435692307692,bw,static,static,results,Results,Results_MAMBA21,MAMBA2-BWB-Results,simulator_output_MAMBA2-BWB_bwplacement_bs2_staticreq_statictask,SCRUBBED_TIME+MAMBA2-BWB_BMPD640_11_12_1,False
2,5,11,8,0,0,512,824.1,7.55545,bw,static,static,results,Results,Results_MAMBA21,MAMBA2-BWB-Results,simulator_output_MAMBA2-BWB_bwplacement_bs2_staticreq_statictask,SCRUBBED_TIME+MAMBA2-BWB_BMPD512_5_11_8,False
2,5,13,6,0,0,384,556.8,7.557740842105263,bw,static,static,results,Results,Results_MAMBA21,MAMBA2-BWB-Results,simulator_output_MAMBA2-BWB_bwplacement_bs2_staticreq_statictask,SCRUBBED_TIME+MAMBA2-BWB_BMPD384_5_13_6,False
2,5,10,9,0,0,256,496.74,7.561377684210527,bw,static,static,results,Results,Results_MAMBA21,MAMBA2-BWB-Results,simulator_output_MAMBA2-BWB_bwplacement_bs2_staticreq_statictask,SCRUBBED_TIME+MAMBA2-BWB_BMPD256_5_10_9,False
2,5,10,9,0,0,512,822.65,7.5718625,bw,static,static,results,Results,Results_MAMBA21,MAMBA2-BWB-Results,simulator_output_MAMBA2-BWB_bwplacement_bs2_staticreq_statictask,SCRUBBED_TIME+MAMBA2-BWB_BMPD512_5_10_9,False
2,8,10,6,0,0,512,635.69,7.57246252631579,bw,static,static,results,Results,Results_MAMBA21,MAMBA2-BWB-Results,simulator_output_MAMBA2-BWB_bwplacement_bs2_staticreq_statictask,SCRUBBED_TIME+MAMBA2-BWB_BMPD512_8_10_6,False
2,3,19,2,0,0,384,191.82,7.574808380952381,bw,static,static,results,Results,Results_MAMBA21,MAMBA2-BWB-Results,simulator_output_MAMBA2-BWB_bwplacement_bs2_staticreq_statictask,SCRUBBED_TIME+MAMBA2-BWB_BMPD384_3_19_2,False
2,12,5,7,0,0,384,571.25,7.582593166666667,bw,static,static,results,Results,Results_MAMBA21,MAMBA2-BWB-Results,simulator_output_MAMBA2-BWB_bwplacement_bs2_staticreq_statictask,SCRUBBED_TIME+MAMBA2-BWB_BMPD384_12_5_7,False
2,10,9,5,0,0,512,543.05,7.585209866666666,bw,static,static,results,Results,Results_MAMBA21,MAMBA2-BWB-Results,simulator_output_MAMBA2-BWB_bwplacement_bs2_staticreq_statictask,SCRUBBED_TIME+MAMBA2-BWB_BMPD512_10_9_5,False
2,9,14,1,0,0,640,118.9,7.592271466666666,bw,static,static,results,Results,Results_MAMBA21,MAMBA2-BWB-Results,simulator_output_MAMBA2-BWB_bwplacement_bs2_staticreq_statictask,SCRUBBED_TIME+MAMBA2-BWB_BMPD640_9_14_1,False
2,4,14,6,0,0,384,547.86,7.5932414,bw,static,static,results,Results,Results_MAMBA21,MAMBA2-BWB-Results,simulator_output_MAMBA2-BWB_bwplacement_bs2_staticreq_statictask,SCRUBBED_TIME+MAMBA2-BWB_BMPD384_4_14_6,False
2,13,7,4,0,0,512,436.53,7.5992685714285715,bw,static,static,results,Results,Results_MAMBA21,MAMBA2-BWB-Results,simulator_output_MAMBA2-BWB_bwplacement_bs2_staticreq_statictask,SCRUBBED_TIME+MAMBA2-BWB_BMPD512_13_7_4,False
2,14,5,5,0,0,256,294.58,7.6022232,bw,static,static,results,Results,Results_MAMBA21,MAMBA2-BWB-Results,simulator_output_MAMBA2-BWB_bwplacement_bs2_staticreq_statictask,SCRUBBED_TIME+MAMBA2-BWB_BMPD256_14_5_5,False
2,4,18,2,0,0,384,191.98,7.6044264,bw,static,static,results,Results,Results_MAMBA21,MAMBA2-BWB-Results,simulator_output_MAMBA2-BWB_bwplacement_bs2_staticreq_statictask,SCRUBBED_TIME+MAMBA2-BWB_BMPD384_4_18_2,False
2,9,12,3,0,0,512,326.66,7.616476533333333,bw,static,static,results,Results,Results_MAMBA21,MAMBA2-BWB-Results,simulator_output_MAMBA2-BWB_bwplacement_bs2_staticreq_statictask,SCRUBBED_TIME+MAMBA2-BWB_BMPD512_9_12_3,False
2,2,6,16,0,0,512,616.01,7.617804833333333,bw,static,static,results,Results,Results_MAMBA21,MAMBA2-BWB-Results,simulator_output_MAMBA2-BWB_bwplacement_bs2_staticreq_statictask,SCRUBBED_TIME+MAMBA2-BWB_BMPD512_2_6_16,False
2,10,6,8,0,0,384,700.09,7.619498142857143,bw,static,static,results,Results,Results_MAMBA21,MAMBA2-BWB-Results,simulator_output_MAMBA2-BWB_bwplacement_bs2_staticreq_statictask,SCRUBBED_TIME+MAMBA2-BWB_BMPD384_10_6_8,False
2,3,18,3,0,0,512,324.42,7.621622444444444,bw,static,static,results,Results,Results_MAMBA21,MAMBA2-BWB-Results,simulator_output_MAMBA2-BWB_bwplacement_bs2_staticreq_statictask,SCRUBBED_TIME+MAMBA2-BWB_BMPD512_3_18_3,False
2,5,9,10,0,0,512,885.94,7.634884,bw,static,static,results,Results,Results_MAMBA21,MAMBA2-BWB-Results,simulator_output_MAMBA2-BWB_bwplacement_bs2_staticreq_statictask,SCRUBBED_TIME+MAMBA2-BWB_BMPD512_5_9_10,False
2,7,13,4,0,0,512,434.6,7.646647529411765,bw,static,static,results,Results,Results_MAMBA21,MAMBA2-BWB-Results,simulator_output_MAMBA2-BWB_bwplacement_bs2_staticreq_statictask,SCRUBBED_TIME+MAMBA2-BWB_BMPD512_7_13_4,False
2,6,17,1,0,0,640,117.82,7.648462222222222,bw,static,static,results,Results,Results_MAMBA21,MAMBA2-BWB-Results,simulator_output_MAMBA2-BWB_bwplacement_bs2_staticreq_statictask,SCRUBBED_TIME+MAMBA2-BWB_BMPD640_6_17_1,False
2,15,7,2,0,0,640,247.18,7.651301777777778,bw,static,static,results,Results,Results_MAMBA21,MAMBA2-BWB-Results,simulator_output_MAMBA2-BWB_bwplacement_bs2_staticreq_statictask,SCRUBBED_TIME+MAMBA2-BWB_BMPD640_15_7_2,False
2,3,11,10,0,0,512,751.21,7.651907172413793,bw,static,static,results,Results,Results_MAMBA21,MAMBA2-BWB-Results,simulator_output_MAMBA2-BWB_bwplacement_bs2_staticreq_statictask,SCRUBBED_TIME+MAMBA2-BWB_BMPD512_3_11_10,False
2,14,5,5,0,0,512,510.01,7.6634612,bw,static,static,results,Results,Results_MAMBA21,MAMBA2-BWB-Results,simulator_output_MAMBA2-BWB_bwplacement_bs2_staticreq_statictask,SCRUBBED_TIME+MAMBA2-BWB_BMPD512_14_5_5,False
2,14,7,3,0,0,512,333.4,7.666062,bw,static,static,results,Results,Results_MAMBA21,MAMBA2-BWB-Results,simulator_output_MAMBA2-BWB_bwplacement_bs2_staticreq_statictask,SCRUBBED_TIME+MAMBA2-BWB_BMPD512_14_7_3,False
2,8,15,1,0,0,640,117.68,7.666224,bw,static,static,results,Results,Results_MAMBA21,MAMBA2-BWB-Results,simulator_output_MAMBA2-BWB_bwplacement_bs2_staticreq_statictask,SCRUBBED_TIME+MAMBA2-BWB_BMPD640_8_15_1,False
2,4,15,5,0,0,384,471.28,7.6694464,bw,static,static,results,Results,Results_MAMBA21,MAMBA2-BWB-Results,simulator_output_MAMBA2-BWB_bwplacement_bs2_staticreq_statictask,SCRUBBED_TIME+MAMBA2-BWB_BMPD384_4_15_5,False
2,3,13,8,0,0,512,734.63,7.679284,bw,static,static,results,Results,Results_MAMBA21,MAMBA2-BWB-Results,simulator_output_MAMBA2-BWB_bwplacement_bs2_staticreq_statictask,SCRUBBED_TIME+MAMBA2-BWB_BMPD512_3_13_8,False
2,3,17,4,0,0,384,372.04,7.682708380952381,bw,static,static,results,Results,Results_MAMBA21,MAMBA2-BWB-Results,simulator_output_MAMBA2-BWB_bwplacement_bs2_staticreq_statictask,SCRUBBED_TIME+MAMBA2-BWB_BMPD384_3_17_4,False
2,11,7,6,0,0,384,526.59,7.6853,bw,static,static,results,Results,Results_MAMBA21,MAMBA2-BWB-Results,simulator_output_MAMBA2-BWB_bwplacement_bs2_staticreq_statictask,SCRUBBED_TIME+MAMBA2-BWB_BMPD384_11_7_6,False
2,11,10,3,0,0,640,334.5,7.685720307692308,bw,static,static,results,Results,Results_MAMBA21,MAMBA2-BWB-Results,simulator_output_MAMBA2-BWB_bwplacement_bs2_staticreq_statictask,SCRUBBED_TIME+MAMBA2-BWB_BMPD640_11_10_3,False
2,10,7,7,0,0,384,581.65,7.690375047619048,bw,static,static,results,Results,Results_MAMBA21,MAMBA2-BWB-Results,simulator_output_MAMBA2-BWB_bwplacement_bs2_staticreq_statictask,SCRUBBED_TIME+MAMBA2-BWB_BMPD384_10_7_7,False
2,12,6,6,0,0,512,605.21,7.709984,bw,static,static,results,Results,Results_MAMBA21,MAMBA2-BWB-Results,simulator_output_MAMBA2-BWB_bwplacement_bs2_staticreq_statictask,SCRUBBED_TIME+MAMBA2-BWB_BMPD512_12_6_6,False
2,3,11,10,0,0,256,521.98,7.714579428571428,bw,static,static,results,Results,Results_MAMBA21,MAMBA2-BWB-Results,simulator_output_MAMBA2-BWB_bwplacement_bs2_staticreq_statictask,SCRUBBED_TIME+MAMBA2-BWB_BMPD256_3_11_10,False
2,7,8,9,0,0,256,497.72,7.716851529411765,bw,static,static,results,Results,Results_MAMBA21,MAMBA2-BWB-Results,simulator_output_MAMBA2-BWB_bwplacement_bs2_staticreq_statictask,SCRUBBED_TIME+MAMBA2-BWB_BMPD256_7_8_9,False
2,3,9,12,0,0,512,777.14,7.718621161290322,bw,static,static,results,Results,Results_MAMBA21,MAMBA2-BWB-Results,simulator_output_MAMBA2-BWB_bwplacement_bs2_staticreq_statictask,SCRUBBED_TIME+MAMBA2-BWB_BMPD512_3_9_12,False
2,3,20,1,0,0,256,64.02,7.72308419047619,bw,static,static,results,Results,Results_MAMBA21,MAMBA2-BWB-Results,simulator_output_MAMBA2-BWB_bwplacement_bs2_staticreq_statictask,SCRUBBED_TIME+MAMBA2-BWB_BMPD256_3_20_1,False
2,9,10,5,0,0,512,554.96,7.7416032,bw,static,static,results,Results,Results_MAMBA21,MAMBA2-BWB-Results,simulator_output_MAMBA2-BWB_bwplacement_bs2_staticreq_statictask,SCRUBBED_TIME+MAMBA2-BWB_BMPD512_9_10_5,False
2,9,8,7,0,0,640,675.16,7.7417332,bw,static,static,results,Results,Results_MAMBA21,MAMBA2-BWB-Results,simulator_output_MAMBA2-BWB_bwplacement_bs2_staticreq_statictask,SCRUBBED_TIME+MAMBA2-BWB_BMPD640_9_8_7,False
2,10,13,1,0,0,640,110.62,7.745355142857143,bw,static,static,results,Results,Results_MAMBA21,MAMBA2-BWB-Results,simulator_output_MAMBA2-BWB_bwplacement_bs2_staticreq_statictask,SCRUBBED_TIME+MAMBA2-BWB_BMPD640_10_13_1,False
2,12,6,6,0,0,256,358.68,7.746601,bw,static,static,results,Results,Results_MAMBA21,MAMBA2-BWB-Results,simulator_output_MAMBA2-BWB_bwplacement_bs2_staticreq_statictask,SCRUBBED_TIME+MAMBA2-BWB_BMPD256_12_6_6,False
2,8,7,9,0,0,384,718.55,7.752061677419355,bw,static,static,results,Results,Results_MAMBA21,MAMBA2-BWB-Results,simulator_output_MAMBA2-BWB_bwplacement_bs2_staticreq_statictask,SCRUBBED_TIME+MAMBA2-BWB_BMPD384_8_7_9,False
2,3,12,9,0,0,256,466.78,7.753908,bw,static,static,results,Results,Results_MAMBA21,MAMBA2-BWB-Results,simulator_output_MAMBA2-BWB_bwplacement_bs2_staticreq_statictask,SCRUBBED_TIME+MAMBA2-BWB_BMPD256_3_12_9,False
2,3,15,6,0,0,256,359.58,7.7594603809523806,bw,static,static,results,Results,Results_MAMBA21,MAMBA2-BWB-Results,simulator_output_MAMBA2-BWB_bwplacement_bs2_staticreq_statictask,SCRUBBED_TIME+MAMBA2-BWB_BMPD256_3_15_6,False
2,7,10,7,0,0,384,615.67,7.793176705882352,bw,static,static,results,Results,Results_MAMBA21,MAMBA2-BWB-Results,simulator_output_MAMBA2-BWB_bwplacement_bs2_staticreq_statictask,SCRUBBED_TIME+MAMBA2-BWB_BMPD384_7_10_7,False
2,12,8,4,0,0,640,447.23,7.793406,bw,static,static,results,Results,Results_MAMBA21,MAMBA2-BWB-Results,simulator_output_MAMBA2-BWB_bwplacement_bs2_staticreq_statictask,SCRUBBED_TIME+MAMBA2-BWB_BMPD640_12_8_4,False
2,2,8,14,0,0,384,560.24,7.793741066666667,bw,static,static,results,Results,Results_MAMBA21,MAMBA2-BWB-Results,simulator_output_MAMBA2-BWB_bwplacement_bs2_staticreq_statictask,SCRUBBED_TIME+MAMBA2-BWB_BMPD384_2_8_14,False
2,4,13,7,0,0,384,602.76,7.7946214,bw,static,static,results,Results,Results_MAMBA21,MAMBA2-BWB-Results,simulator_output_MAMBA2-BWB_bwplacement_bs2_staticreq_statictask,SCRUBBED_TIME+MAMBA2-BWB_BMPD384_4_13_7,False
2,8,14,2,0,0,640,238.72,7.807824,bw,static,static,results,Results,Results_MAMBA21,MAMBA2-BWB-Results,simulator_output_MAMBA2-BWB_bwplacement_bs2_staticreq_statictask,SCRUBBED_TIME+MAMBA2-BWB_BMPD640_8_14_2,False
2,9,11,4,0,0,512,467.16,7.8162232,bw,static,static,results,Results,Results_MAMBA21,MAMBA2-BWB-Results,simulator_output_MAMBA2-BWB_bwplacement_bs2_staticreq_statictask,SCRUBBED_TIME+MAMBA2-BWB_BMPD512_9_11_4,False
2,6,14,4,0,0,512,458.08,7.822883555555556,bw,static,static,results,Results,Results_MAMBA21,MAMBA2-BWB-Results,simulator_output_MAMBA2-BWB_bwplacement_bs2_staticreq_statictask,SCRUBBED_TIME+MAMBA2-BWB_BMPD512_6_14_4,False
2,5,18,1,0,0,512,113.54,7.845399368421052,bw,static,static,results,Results,Results_MAMBA21,MAMBA2-BWB-Results,simulator_output_MAMBA2-BWB_bwplacement_bs2_staticreq_statictask,SCRUBBED_TIME+MAMBA2-BWB_BMPD512_5_18_1,False
2,4,10,10,0,0,256,550.24,7.8466212,bw,static,static,results,Results,Results_MAMBA21,MAMBA2-BWB-Results,simulator_output_MAMBA2-BWB_bwplacement_bs2_staticreq_statictask,SCRUBBED_TIME+MAMBA2-BWB_BMPD256_4_10_10,False
2,10,12,2,0,0,640,238.5,7.851226571428572,bw,static,static,results,Results,Results_MAMBA21,MAMBA2-BWB-Results,simulator_output_MAMBA2-BWB_bwplacement_bs2_staticreq_statictask,SCRUBBED_TIME+MAMBA2-BWB_BMPD640_10_12_2,False
2,12,7,5,0,0,384,461.37,7.859980666666667,bw,static,static,results,Results,Results_MAMBA21,MAMBA2-BWB-Results,simulator_output_MAMBA2-BWB_bwplacement_bs2_staticreq_statictask,SCRUBBED_TIME+MAMBA2-BWB_BMPD384_12_7_5,False
2,16,4,4,0,0,512,417.96,7.86202575,bw,static,static,results,Results,Results_MAMBA21,MAMBA2-BWB-Results,simulator_output_MAMBA2-BWB_bwplacement_bs2_staticreq_statictask,SCRUBBED_TIME+MAMBA2-BWB_BMPD512_16_4_4,False
2,4,17,3,0,0,384,278.38,7.8750214,bw,static,static,results,Results,Results_MAMBA21,MAMBA2-BWB-Results,simulator_output_MAMBA2-BWB_bwplacement_bs2_staticreq_statictask,SCRUBBED_TIME+MAMBA2-BWB_BMPD384_4_17_3,False
2,11,8,5,0,0,640,531.18,7.8771865,bw,static,static,results,Results,Results_MAMBA21,MAMBA2-BWB-Results,simulator_output_MAMBA2-BWB_bwplacement_bs2_staticreq_statictask,SCRUBBED_TIME+MAMBA2-BWB_BMPD640_11_8_5,False
2,5,11,8,0,0,384,727.74,7.880788210526315,bw,static,static,results,Results,Results_MAMBA21,MAMBA2-BWB-Results,simulator_output_MAMBA2-BWB_bwplacement_bs2_staticreq_statictask,SCRUBBED_TIME+MAMBA2-BWB_BMPD384_5_11_8,False
2,11,9,4,0,0,640,450.52,7.881920307692308,bw,static,static,results,Results,Results_MAMBA21,MAMBA2-BWB-Results,simulator_output_MAMBA2-BWB_bwplacement_bs2_staticreq_statictask,SCRUBBED_TIME+MAMBA2-BWB_BMPD640_11_9_4,False
2,5,9,10,0,0,256,559.2,7.884372421052632,bw,static,static,results,Results,Results_MAMBA21,MAMBA2-BWB-Results,simulator_output_MAMBA2-BWB_bwplacement_bs2_staticreq_statictask,SCRUBBED_TIME+MAMBA2-BWB_BMPD256_5_9_10,False
2,4,18,2,0,0,512,223.94,7.8846912,bw,static,static,results,Results,Results_MAMBA21,MAMBA2-BWB-Results,simulator_output_MAMBA2-BWB_bwplacement_bs2_staticreq_statictask,SCRUBBED_TIME+MAMBA2-BWB_BMPD512_4_18_2,False
2,6,10,8,0,0,640,833.12,7.887091222222222,bw,static,static,results,Results,Results_MAMBA21,MAMBA2-BWB-Results,simulator_output_MAMBA2-BWB_bwplacement_bs2_staticreq_statictask,SCRUBBED_TIME+MAMBA2-BWB_BMPD640_6_10_8,False
2,10,7,7,0,0,256,396.64,7.896898571428572,bw,static,static,results,Results,Results_MAMBA21,MAMBA2-BWB-Results,simulator_output_MAMBA2-BWB_bwplacement_bs2_staticreq_statictask,SCRUBBED_TIME+MAMBA2-BWB_BMPD256_10_7_7,False
2,9,6,9,0,0,384,714.86,7.914698666666667,bw,static,static,results,Results,Results_MAMBA21,MAMBA2-BWB-Results,simulator_output_MAMBA2-BWB_bwplacement_bs2_staticreq_statictask,SCRUBBED_TIME+MAMBA2-BWB_BMPD384_9_6_9,False
2,5,12,7,0,0,384,612.76,7.916746105263158,bw,static,static,results,Results,Results_MAMBA21,MAMBA2-BWB-Results,simulator_output_MAMBA2-BWB_bwplacement_bs2_staticreq_statictask,SCRUBBED_TIME+MAMBA2-BWB_BMPD384_5_12_7,False
2,4,9,11,0,0,384,818.61,7.917037777777778,bw,static,static,results,Results,Results_MAMBA21,MAMBA2-BWB-Results,simulator_output_MAMBA2-BWB_bwplacement_bs2_staticreq_statictask,SCRUBBED_TIME+MAMBA2-BWB_BMPD384_4_9_11,False
2,11,11,2,0,0,640,227.32,7.942566461538462,bw,static,static,results,Results,Results_MAMBA21,MAMBA2-BWB-Results,simulator_output_MAMBA2-BWB_bwplacement_bs2_staticreq_statictask,SCRUBBED_TIME+MAMBA2-BWB_BMPD640_11_11_2,False
2,2,7,15,0,0,640,595.85,7.950500166666667,bw,static,static,results,Results,Results_MAMBA21,MAMBA2-BWB-Results,simulator_output_MAMBA2-BWB_bwplacement_bs2_staticreq_statictask,SCRUBBED_TIME+MAMBA2-BWB_BMPD640_2_7_15,False
2,4,9,11,0,0,512,902.25,7.969810256410256,bw,static,static,results,Results,Results_MAMBA21,MAMBA2-BWB-Results,simulator_output_MAMBA2-BWB_bwplacement_bs2_staticreq_statictask,SCRUBBED_TIME+MAMBA2-BWB_BMPD512_4_9_11,False
2,11,6,7,0,0,512,670.66,7.977034923076923,bw,static,static,results,Results,Results_MAMBA21,MAMBA2-BWB-Results,simulator_output_MAMBA2-BWB_bwplacement_bs2_staticreq_statictask,SCRUBBED_TIME+MAMBA2-BWB_BMPD512_11_6_7,False
2,8,9,7,0,0,640,677.45,7.978944592592592,bw,static,static,results,Results,Results_MAMBA21,MAMBA2-BWB-Results,simulator_output_MAMBA2-BWB_bwplacement_bs2_staticreq_statictask,SCRUBBED_TIME+MAMBA2-BWB_BMPD640_8_9_7,False
2,10,7,7,0,0,512,670.89,7.982169428571428,bw,static,static,results,Results,Results_MAMBA21,MAMBA2-BWB-Results,simulator_output_MAMBA2-BWB_bwplacement_bs2_staticreq_statictask,SCRUBBED_TIME+MAMBA2-BWB_BMPD512_10_7_7,False
2,9,9,6,0,0,640,616.77,7.9843288,bw,static,static,results,Results,Results_MAMBA21,MAMBA2-BWB-Results,simulator_output_MAMBA2-BWB_bwplacement_bs2_staticreq_statictask,SCRUBBED_TIME+MAMBA2-BWB_BMPD640_9_9_6,False
2,3,20,1,0,0,512,107.56,7.985261333333333,bw,static,static,results,Results,Results_MAMBA21,MAMBA2-BWB-Results,simulator_output_MAMBA2-BWB_bwplacement_bs2_staticreq_statictask,SCRUBBED_TIME+MAMBA2-BWB_BMPD512_3_20_1,False
2,3,18,3,0,0,384,277.1,8.008270285714286,bw,static,static,results,Results,Results_MAMBA21,MAMBA2-BWB-Results,simulator_output_MAMBA2-BWB_bwplacement_bs2_staticreq_statictask,SCRUBBED_TIME+MAMBA2-BWB_BMPD384_3_18_3,False
2,9,13,2,0,0,640,228.48,8.015231466666666,bw,static,static,results,Results,Results_MAMBA21,MAMBA2-BWB-Results,simulator_output_MAMBA2-BWB_bwplacement_bs2_staticreq_statictask,SCRUBBED_TIME+MAMBA2-BWB_BMPD640_9_13_2,False
2,3,14,7,0,0,384,575.16,8.027556,bw,static,static,results,Results,Results_MAMBA21,MAMBA2-BWB-Results,simulator_output_MAMBA2-BWB_bwplacement_bs2_staticreq_statictask,SCRUBBED_TIME+MAMBA2-BWB_BMPD384_3_14_7,False
2,5,16,3,0,0,512,327.12,8.042320421052631,bw,static,static,results,Results,Results_MAMBA21,MAMBA2-BWB-Results,simulator_output_MAMBA2-BWB_bwplacement_bs2_staticreq_statictask,SCRUBBED_TIME+MAMBA2-BWB_BMPD512_5_16_3,False
2,7,7,10,0,0,384,796.43,8.050713294117648,bw,static,static,results,Results,Results_MAMBA21,MAMBA2-BWB-Results,simulator_output_MAMBA2-BWB_bwplacement_bs2_staticreq_statictask,SCRUBBED_TIME+MAMBA2-BWB_BMPD384_7_7_10,False
2,8,12,4,0,0,512,421.1,8.062407,bw,static,static,results,Results,Results_MAMBA21,MAMBA2-BWB-Results,simulator_output_MAMBA2-BWB_bwplacement_bs2_staticreq_statictask,SCRUBBED_TIME+MAMBA2-BWB_BMPD512_8_12_4,False
2,10,10,4,0,0,640,453.5,8.062805142857142,bw,static,static,results,Results,Results_MAMBA21,MAMBA2-BWB-Results,simulator_output_MAMBA2-BWB_bwplacement_bs2_staticreq_statictask,SCRUBBED_TIME+MAMBA2-BWB_BMPD640_10_10_4,False
2,3,15,6,0,0,384,532.2,8.06640838095238,bw,static,static,results,Results,Results_MAMBA21,MAMBA2-BWB-Results,simulator_output_MAMBA2-BWB_bwplacement_bs2_staticreq_statictask,SCRUBBED_TIME+MAMBA2-BWB_BMPD384_3_15_6,False
2,2,5,17,0,0,512,598.47,8.0873215,bw,static,static,results,Results,Results_MAMBA21,MAMBA2-BWB-Results,simulator_output_MAMBA2-BWB_bwplacement_bs2_staticreq_statictask,SCRUBBED_TIME+MAMBA2-BWB_BMPD512_2_5_17,False
2,6,15,3,0,0,512,331.02,8.096400222222222,bw,static,static,results,Results,Results_MAMBA21,MAMBA2-BWB-Results,simulator_output_MAMBA2-BWB_bwplacement_bs2_staticreq_statictask,SCRUBBED_TIME+MAMBA2-BWB_BMPD512_6_15_3,False
2,4,12,8,0,0,384,494.8,8.1022514,bw,static,static,results,Results,Results_MAMBA21,MAMBA2-BWB-Results,simulator_output_MAMBA2-BWB_bwplacement_bs2_staticreq_statictask,SCRUBBED_TIME+MAMBA2-BWB_BMPD384_4_12_8,False
2,15,4,5,0,0,256,286.84,8.108585333333332,bw,static,static,results,Results,Results_MAMBA21,MAMBA2-BWB-Results,simulator_output_MAMBA2-BWB_bwplacement_bs2_staticreq_statictask,SCRUBBED_TIME+MAMBA2-BWB_BMPD256_15_4_5,False
2,6,16,2,0,0,640,219.3,8.10990111111111,bw,static,static,results,Results,Results_MAMBA21,MAMBA2-BWB-Results,simulator_output_MAMBA2-BWB_bwplacement_bs2_staticreq_statictask,SCRUBBED_TIME+MAMBA2-BWB_BMPD640_6_16_2,False
2,11,5,8,0,0,384,710.7,8.115611692307692,bw,static,static,results,Results,Results_MAMBA21,MAMBA2-BWB-Results,simulator_output_MAMBA2-BWB_bwplacement_bs2_staticreq_statictask,SCRUBBED_TIME+MAMBA2-BWB_BMPD384_11_5_8,False
2,7,9,8,0,0,640,830.45,8.131273764705883,bw,static,static,results,Results,Results_MAMBA21,MAMBA2-BWB-Results,simulator_output_MAMBA2-BWB_bwplacement_bs2_staticreq_statictask,SCRUBBED_TIME+MAMBA2-BWB_BMPD640_7_9_8,False
2,4,8,12,0,0,512,886.53,8.13732347368421,bw,static,static,results,Results,Results_MAMBA21,MAMBA2-BWB-Results,simulator_output_MAMBA2-BWB_bwplacement_bs2_staticreq_statictask,SCRUBBED_TIME+MAMBA2-BWB_BMPD512_4_8_12,False
2,8,6,10,0,0,384,789.53,8.137585,bw,static,static,results,Results,Results_MAMBA21,MAMBA2-BWB-Results,simulator_output_MAMBA2-BWB_bwplacement_bs2_staticreq_statictask,SCRUBBED_TIME+MAMBA2-BWB_BMPD384_8_6_10,False
2,3,16,5,0,0,512,539.3,8.142450222222221,bw,static,static,results,Results,Results_MAMBA21,MAMBA2-BWB-Results,simulator_output_MAMBA2-BWB_bwplacement_bs2_staticreq_statictask,SCRUBBED_TIME+MAMBA2-BWB_BMPD512_3_16_5,False
2,6,8,10,0,0,256,557.36,8.153841555555555,bw,static,static,results,Results,Results_MAMBA21,MAMBA2-BWB-Results,simulator_output_MAMBA2-BWB_bwplacement_bs2_staticreq_statictask,SCRUBBED_TIME+MAMBA2-BWB_BMPD256_6_8_10,False
2,2,8,14,0,0,256,595.81,8.158786,bw,static,static,results,Results,Results_MAMBA21,MAMBA2-BWB-Results,simulator_output_MAMBA2-BWB_bwplacement_bs2_staticreq_statictask,SCRUBBED_TIME+MAMBA2-BWB_BMPD256_2_8_14,False
2,5,16,3,0,0,640,319.92,8.16468694736842,bw,static,static,results,Results,Results_MAMBA21,MAMBA2-BWB-Results,simulator_output_MAMBA2-BWB_bwplacement_bs2_staticreq_statictask,SCRUBBED_TIME+MAMBA2-BWB_BMPD640_5_16_3,False
2,16,6,2,0,0,640,229.34,8.175056,bw,static,static,results,Results,Results_MAMBA21,MAMBA2-BWB-Results,simulator_output_MAMBA2-BWB_bwplacement_bs2_staticreq_statictask,SCRUBBED_TIME+MAMBA2-BWB_BMPD640_16_6_2,False
2,16,5,3,0,0,640,321.78,8.1883388,bw,static,static,results,Results,Results_MAMBA21,MAMBA2-BWB-Results,simulator_output_MAMBA2-BWB_bwplacement_bs2_staticreq_statictask,SCRUBBED_TIME+MAMBA2-BWB_BMPD640_16_5_3,False
2,6,7,11,0,0,384,865.48,8.198384666666668,bw,static,static,results,Results,Results_MAMBA21,MAMBA2-BWB-Results,simulator_output_MAMBA2-BWB_bwplacement_bs2_staticreq_statictask,SCRUBBED_TIME+MAMBA2-BWB_BMPD384_6_7_11,False
2,8,11,5,0,0,512,559.71,8.2044195,bw,static,static,results,Results,Results_MAMBA21,MAMBA2-BWB-Results,simulator_output_MAMBA2-BWB_bwplacement_bs2_staticreq_statictask,SCRUBBED_TIME+MAMBA2-BWB_BMPD512_8_11_5,False
2,13,5,6,0,0,256,353.46,8.205883272727272,bw,static,static,results,Results,Results_MAMBA21,MAMBA2-BWB-Results,simulator_output_MAMBA2-BWB_bwplacement_bs2_staticreq_statictask,SCRUBBED_TIME+MAMBA2-BWB_BMPD256_13_5_6,False
2,3,12,9,0,0,512,720.67,8.20758819047619,bw,static,static,results,Results,Results_MAMBA21,MAMBA2-BWB-Results,simulator_output_MAMBA2-BWB_bwplacement_bs2_staticreq_statictask,SCRUBBED_TIME+MAMBA2-BWB_BMPD512_3_12_9,False
2,14,4,6,0,0,384,478.47,8.210236400000001,bw,static,static,results,Results,Results_MAMBA21,MAMBA2-BWB-Results,simulator_output_MAMBA2-BWB_bwplacement_bs2_staticreq_statictask,SCRUBBED_TIME+MAMBA2-BWB_BMPD384_14_4_6,False
2,3,10,11,0,0,640,777.84,8.2254332,bw,static,static,results,Results,Results_MAMBA21,MAMBA2-BWB-Results,simulator_output_MAMBA2-BWB_bwplacement_bs2_staticreq_statictask,SCRUBBED_TIME+MAMBA2-BWB_BMPD640_3_10_11,False
2,3,19,2,0,0,512,223.38,8.227111333333333,bw,static,static,results,Results,Results_MAMBA21,MAMBA2-BWB-Results,simulator_output_MAMBA2-BWB_bwplacement_bs2_staticreq_statictask,SCRUBBED_TIME+MAMBA2-BWB_BMPD512_3_19_2,False
2,14,7,3,0,0,640,329.1,8.2401588,bw,static,static,results,Results,Results_MAMBA21,MAMBA2-BWB-Results,simulator_output_MAMBA2-BWB_bwplacement_bs2_staticreq_statictask,SCRUBBED_TIME+MAMBA2-BWB_BMPD640_14_7_3,False
2,4,11,9,0,0,384,728.8,8.2475564,bw,static,static,results,Results,Results_MAMBA21,MAMBA2-BWB-Results,simulator_output_MAMBA2-BWB_bwplacement_bs2_staticreq_statictask,SCRUBBED_TIME+MAMBA2-BWB_BMPD384_4_11_9,False
2,3,10,11,0,0,256,549.38,8.24863180952381,bw,static,static,results,Results,Results_MAMBA21,MAMBA2-BWB-Results,simulator_output_MAMBA2-BWB_bwplacement_bs2_staticreq_statictask,SCRUBBED_TIME+MAMBA2-BWB_BMPD256_3_10_11,False
2,7,12,5,0,0,512,560.62,8.252688705882353,bw,static,static,results,Results,Results_MAMBA21,MAMBA2-BWB-Results,simulator_output_MAMBA2-BWB_bwplacement_bs2_staticreq_statictask,SCRUBBED_TIME+MAMBA2-BWB_BMPD512_7_12_5,False
2,6,9,9,0,0,640,822.28,8.254485666666667,bw,static,static,results,Results,Results_MAMBA21,MAMBA2-BWB-Results,simulator_output_MAMBA2-BWB_bwplacement_bs2_staticreq_statictask,SCRUBBED_TIME+MAMBA2-BWB_BMPD640_6_9_9,False
2,5,10,9,0,0,384,739.83,8.26050361904762,bw,static,static,results,Results,Results_MAMBA21,MAMBA2-BWB-Results,simulator_output_MAMBA2-BWB_bwplacement_bs2_staticreq_statictask,SCRUBBED_TIME+MAMBA2-BWB_BMPD384_5_10_9,False
2,3,14,7,0,0,512,669.51,8.262800222222221,bw,static,static,results,Results,Results_MAMBA21,MAMBA2-BWB-Results,simulator_output_MAMBA2-BWB_bwplacement_bs2_staticreq_statictask,SCRUBBED_TIME+MAMBA2-BWB_BMPD512_3_14_7,False
2,6,13,5,0,0,512,558.28,8.266178,bw,static,static,results,Results,Results_MAMBA21,MAMBA2-BWB-Results,simulator_output_MAMBA2-BWB_bwplacement_bs2_staticreq_statictask,SCRUBBED_TIME+MAMBA2-BWB_BMPD512_6_13_5,False
2,4,10,10,0,0,512,838.79,8.268284133333333,bw,static,static,results,Results,Results_MAMBA21,MAMBA2-BWB-Results,simulator_output_MAMBA2-BWB_bwplacement_bs2_staticreq_statictask,SCRUBBED_TIME+MAMBA2-BWB_BMPD512_4_10_10,False
2,4,9,11,0,0,256,604.0,8.2781462,bw,static,static,results,Results,Results_MAMBA21,MAMBA2-BWB-Results,simulator_output_MAMBA2-BWB_bwplacement_bs2_staticreq_statictask,SCRUBBED_TIME+MAMBA2-BWB_BMPD256_4_9_11,False
2,9,7,8,0,0,256,502.38,8.2856656,bw,static,static,results,Results,Results_MAMBA21,MAMBA2-BWB-Results,simulator_output_MAMBA2-BWB_bwplacement_bs2_staticreq_statictask,SCRUBBED_TIME+MAMBA2-BWB_BMPD256_9_7_8,False
2,3,9,12,0,0,640,786.52,8.295532125,bw,static,static,results,Results,Results_MAMBA21,MAMBA2-BWB-Results,simulator_output_MAMBA2-BWB_bwplacement_bs2_staticreq_statictask,SCRUBBED_TIME+MAMBA2-BWB_BMPD640_3_9_12,False
2,8,8,8,0,0,640,823.03,8.30873525,bw,static,static,results,Results,Results_MAMBA21,MAMBA2-BWB-Results,simulator_output_MAMBA2-BWB_bwplacement_bs2_staticreq_statictask,SCRUBBED_TIME+MAMBA2-BWB_BMPD640_8_8_8,False
2,9,12,3,0,0,640,327.18,8.309884799999999,bw,static,static,results,Results,Results_MAMBA21,MAMBA2-BWB-Results,simulator_output_MAMBA2-BWB_bwplacement_bs2_staticreq_statictask,SCRUBBED_TIME+MAMBA2-BWB_BMPD640_9_12_3,False
2,3,16,5,0,0,640,541.14,8.311795555555555,bw,static,static,results,Results,Results_MAMBA21,MAMBA2-BWB-Results,simulator_output_MAMBA2-BWB_bwplacement_bs2_staticreq_statictask,SCRUBBED_TIME+MAMBA2-BWB_BMPD640_3_16_5,False
2,10,9,5,0,0,640,541.14,8.321090857142858,bw,static,static,results,Results,Results_MAMBA21,MAMBA2-BWB-Results,simulator_output_MAMBA2-BWB_bwplacement_bs2_staticreq_statictask,SCRUBBED_TIME+MAMBA2-BWB_BMPD640_10_9_5,False
2,5,14,5,0,0,512,554.98,8.324409894736842,bw,static,static,results,Results,Results_MAMBA21,MAMBA2-BWB-Results,simulator_output_MAMBA2-BWB_bwplacement_bs2_staticreq_statictask,SCRUBBED_TIME+MAMBA2-BWB_BMPD512_5_14_5,False
2,4,19,1,0,0,512,119.92,8.3291212,bw,static,static,results,Results,Results_MAMBA21,MAMBA2-BWB-Results,simulator_output_MAMBA2-BWB_bwplacement_bs2_staticreq_statictask,SCRUBBED_TIME+MAMBA2-BWB_BMPD512_4_19_1,False
2,10,11,3,0,0,640,327.96,8.337562285714286,bw,static,static,results,Results,Results_MAMBA21,MAMBA2-BWB-Results,simulator_output_MAMBA2-BWB_bwplacement_bs2_staticreq_statictask,SCRUBBED_TIME+MAMBA2-BWB_BMPD640_10_11_3,False
2,3,13,8,0,0,384,622.62,8.343308380952381,bw,static,static,results,Results,Results_MAMBA21,MAMBA2-BWB-Results,simulator_output_MAMBA2-BWB_bwplacement_bs2_staticreq_statictask,SCRUBBED_TIME+MAMBA2-BWB_BMPD384_3_13_8,False
2,13,5,6,0,0,512,584.48,8.343426545454546,bw,static,static,results,Results,Results_MAMBA21,MAMBA2-BWB-Results,simulator_output_MAMBA2-BWB_bwplacement_bs2_staticreq_statictask,SCRUBBED_TIME+MAMBA2-BWB_BMPD512_13_5_6,False
2,5,17,2,0,0,640,225.26,8.360955368421052,bw,static,static,results,Results,Results_MAMBA21,MAMBA2-BWB-Results,simulator_output_MAMBA2-BWB_bwplacement_bs2_staticreq_statictask,SCRUBBED_TIME+MAMBA2-BWB_BMPD640_5_17_2,False
2,7,6,11,0,0,384,872.25,8.37022505882353,bw,static,static,results,Results,Results_MAMBA21,MAMBA2-BWB-Results,simulator_output_MAMBA2-BWB_bwplacement_bs2_staticreq_statictask,SCRUBBED_TIME+MAMBA2-BWB_BMPD384_7_6_11,False
2,5,9,10,0,0,640,874.74,8.391641052631579,bw,static,static,results,Results,Results_MAMBA21,MAMBA2-BWB-Results,simulator_output_MAMBA2-BWB_bwplacement_bs2_staticreq_statictask,SCRUBBED_TIME+MAMBA2-BWB_BMPD640_5_9_10,False
2,8,13,3,0,0,640,326.22,8.394074,bw,static,static,results,Results,Results_MAMBA21,MAMBA2-BWB-Results,simulator_output_MAMBA2-BWB_bwplacement_bs2_staticreq_statictask,SCRUBBED_TIME+MAMBA2-BWB_BMPD640_8_13_3,False
2,15,5,4,0,0,640,408.43,8.402367777777778,bw,static,static,results,Results,Results_MAMBA21,MAMBA2-BWB-Results,simulator_output_MAMBA2-BWB_bwplacement_bs2_staticreq_statictask,SCRUBBED_TIME+MAMBA2-BWB_BMPD640_15_5_4,False
2,4,16,4,0,0,512,418.64,8.415296199999998,bw,static,static,results,Results,Results_MAMBA21,MAMBA2-BWB-Results,simulator_output_MAMBA2-BWB_bwplacement_bs2_staticreq_statictask,SCRUBBED_TIME+MAMBA2-BWB_BMPD512_4_16_4,False
2,11,6,7,0,0,256,391.46,8.425111384615384,bw,static,static,results,Results,Results_MAMBA21,MAMBA2-BWB-Results,simulator_output_MAMBA2-BWB_bwplacement_bs2_staticreq_statictask,SCRUBBED_TIME+MAMBA2-BWB_BMPD256_11_6_7,False
2,12,7,5,0,0,640,514.53,8.443927619047619,bw,static,static,results,Results,Results_MAMBA21,MAMBA2-BWB-Results,simulator_output_MAMBA2-BWB_bwplacement_bs2_staticreq_statictask,SCRUBBED_TIME+MAMBA2-BWB_BMPD640_12_7_5,False
2,11,7,6,0,0,640,604.44,8.44414523076923,bw,static,static,results,Results,Results_MAMBA21,MAMBA2-BWB-Results,simulator_output_MAMBA2-BWB_bwplacement_bs2_staticreq_statictask,SCRUBBED_TIME+MAMBA2-BWB_BMPD640_11_7_6,False
2,3,20,1,0,0,384,94.4,8.480351238095238,bw,static,static,results,Results,Results_MAMBA21,MAMBA2-BWB-Results,simulator_output_MAMBA2-BWB_bwplacement_bs2_staticreq_statictask,SCRUBBED_TIME+MAMBA2-BWB_BMPD384_3_20_1,False
2,3,15,6,0,0,640,623.1,8.483895555555556,bw,static,static,results,Results,Results_MAMBA21,MAMBA2-BWB-Results,simulator_output_MAMBA2-BWB_bwplacement_bs2_staticreq_statictask,SCRUBBED_TIME+MAMBA2-BWB_BMPD640_3_15_6,False
2,4,12,8,0,0,512,813.18,8.505238166666667,bw,static,static,results,Results,Results_MAMBA21,MAMBA2-BWB-Results,simulator_output_MAMBA2-BWB_bwplacement_bs2_staticreq_statictask,SCRUBBED_TIME+MAMBA2-BWB_BMPD512_4_12_8,False
2,15,4,5,0,0,512,490.41,8.532000222222223,bw,static,static,results,Results,Results_MAMBA21,MAMBA2-BWB-Results,simulator_output_MAMBA2-BWB_bwplacement_bs2_staticreq_statictask,SCRUBBED_TIME+MAMBA2-BWB_BMPD512_15_4_5,False
2,7,8,9,0,0,640,822.07,8.537344352941176,bw,static,static,results,Results,Results_MAMBA21,MAMBA2-BWB-Results,simulator_output_MAMBA2-BWB_bwplacement_bs2_staticreq_statictask,SCRUBBED_TIME+MAMBA2-BWB_BMPD640_7_8_9,False
2,3,15,6,0,0,512,624.23,8.539989111111112,bw,static,static,results,Results,Results_MAMBA21,MAMBA2-BWB-Results,simulator_output_MAMBA2-BWB_bwplacement_bs2_staticreq_statictask,SCRUBBED_TIME+MAMBA2-BWB_BMPD512_3_15_6,False
2,5,8,11,0,0,256,607.88,8.55376189473684,bw,static,static,results,Results,Results_MAMBA21,MAMBA2-BWB-Results,simulator_output_MAMBA2-BWB_bwplacement_bs2_staticreq_statictask,SCRUBBED_TIME+MAMBA2-BWB_BMPD256_5_8_11,False
2,7,14,3,0,0,640,331.12,8.556087529411764,bw,static,static,results,Results,Results_MAMBA21,MAMBA2-BWB-Results,simulator_output_MAMBA2-BWB_bwplacement_bs2_staticreq_statictask,SCRUBBED_TIME+MAMBA2-BWB_BMPD640_7_14_3,False
2,3,12,9,0,0,384,669.72,8.564846476190477,bw,static,static,results,Results,Results_MAMBA21,MAMBA2-BWB-Results,simulator_output_MAMBA2-BWB_bwplacement_bs2_staticreq_statictask,SCRUBBED_TIME+MAMBA2-BWB_BMPD384_3_12_9,False
2,7,15,2,0,0,640,223.6,8.570716941176471,bw,static,static,results,Results,Results_MAMBA21,MAMBA2-BWB-Results,simulator_output_MAMBA2-BWB_bwplacement_bs2_staticreq_statictask,SCRUBBED_TIME+MAMBA2-BWB_BMPD640_7_15_2,False
2,9,10,5,0,0,640,552.17,8.586984800000002,bw,static,static,results,Results,Results_MAMBA21,MAMBA2-BWB-Results,simulator_output_MAMBA2-BWB_bwplacement_bs2_staticreq_statictask,SCRUBBED_TIME+MAMBA2-BWB_BMPD640_9_10_5,False
2,10,5,9,0,0,384,703.71,8.589905285714286,bw,static,static,results,Results,Results_MAMBA21,MAMBA2-BWB-Results,simulator_output_MAMBA2-BWB_bwplacement_bs2_staticreq_statictask,SCRUBBED_TIME+MAMBA2-BWB_BMPD384_10_5_9,False
2,4,13,7,0,0,512,702.62,8.593301199999999,bw,static,static,results,Results,Results_MAMBA21,MAMBA2-BWB-Results,simulator_output_MAMBA2-BWB_bwplacement_bs2_staticreq_statictask,SCRUBBED_TIME+MAMBA2-BWB_BMPD512_4_13_7,False
2,13,7,4,0,0,640,431.27,8.596006,bw,static,static,results,Results,Results_MAMBA21,MAMBA2-BWB-Results,simulator_output_MAMBA2-BWB_bwplacement_bs2_staticreq_statictask,SCRUBBED_TIME+MAMBA2-BWB_BMPD640_13_7_4,False
2,3,19,2,0,0,640,222.58,8.640806666666666,bw,static,static,results,Results,Results_MAMBA21,MAMBA2-BWB-Results,simulator_output_MAMBA2-BWB_bwplacement_bs2_staticreq_statictask,SCRUBBED_TIME+MAMBA2-BWB_BMPD640_3_19_2,False
2,3,8,13,0,0,640,798.58,8.646188470588235,bw,static,static,results,Results,Results_MAMBA21,MAMBA2-BWB-Results,simulator_output_MAMBA2-BWB_bwplacement_bs2_staticreq_statictask,SCRUBBED_TIME+MAMBA2-BWB_BMPD640_3_8_13,False
2,3,9,12,0,0,256,554.58,8.647908,bw,static,static,results,Results,Results_MAMBA21,MAMBA2-BWB-Results,simulator_output_MAMBA2-BWB_bwplacement_bs2_staticreq_statictask,SCRUBBED_TIME+MAMBA2-BWB_BMPD256_3_9_12,False
2,14,6,4,0,0,640,412.11,8.654438133333333,bw,static,static,results,Results,Results_MAMBA21,MAMBA2-BWB-Results,simulator_output_MAMBA2-BWB_bwplacement_bs2_staticreq_statictask,SCRUBBED_TIME+MAMBA2-BWB_BMPD640_14_6_4,False
2,4,9,11,0,0,640,902.69,8.654967692307691,bw,static,static,results,Results,Results_MAMBA21,MAMBA2-BWB-Results,simulator_output_MAMBA2-BWB_bwplacement_bs2_staticreq_statictask,SCRUBBED_TIME+MAMBA2-BWB_BMPD640_4_9_11,False
2,8,12,4,0,0,640,450.92,8.662349,bw,static,static,results,Results,Results_MAMBA21,MAMBA2-BWB-Results,simulator_output_MAMBA2-BWB_bwplacement_bs2_staticreq_statictask,SCRUBBED_TIME+MAMBA2-BWB_BMPD640_8_12_4,False
2,5,11,8,0,0,640,807.72,8.666449866666667,bw,static,static,results,Results,Results_MAMBA21,MAMBA2-BWB-Results,simulator_output_MAMBA2-BWB_bwplacement_bs2_staticreq_statictask,SCRUBBED_TIME+MAMBA2-BWB_BMPD640_5_11_8,False
2,5,13,6,0,0,512,647.87,8.682078315789473,bw,static,static,results,Results,Results_MAMBA21,MAMBA2-BWB-Results,simulator_output_MAMBA2-BWB_bwplacement_bs2_staticreq_statictask,SCRUBBED_TIME+MAMBA2-BWB_BMPD512_5_13_6,False
2,5,15,4,0,0,512,450.72,8.683215157894736,bw,static,static,results,Results,Results_MAMBA21,MAMBA2-BWB-Results,simulator_output_MAMBA2-BWB_bwplacement_bs2_staticreq_statictask,SCRUBBED_TIME+MAMBA2-BWB_BMPD512_5_15_4,False
2,5,10,9,0,0,640,815.9,8.684873199999998,bw,static,static,results,Results,Results_MAMBA21,MAMBA2-BWB-Results,simulator_output_MAMBA2-BWB_bwplacement_bs2_staticreq_statictask,SCRUBBED_TIME+MAMBA2-BWB_BMPD640_5_10_9,False
2,3,11,10,0,0,384,689.35,8.712917904761905,bw,static,static,results,Results,Results_MAMBA21,MAMBA2-BWB-Results,simulator_output_MAMBA2-BWB_bwplacement_bs2_staticreq_statictask,SCRUBBED_TIME+MAMBA2-BWB_BMPD384_3_11_10,False
2,3,11,10,0,0,640,745.32,8.73064752,bw,static,static,results,Results,Results_MAMBA21,MAMBA2-BWB-Results,simulator_output_MAMBA2-BWB_bwplacement_bs2_staticreq_statictask,SCRUBBED_TIME+MAMBA2-BWB_BMPD640_3_11_10,False
2,6,11,7,0,0,512,699.21,8.73316252631579,bw,static,static,results,Results,Results_MAMBA21,MAMBA2-BWB-Results,simulator_output_MAMBA2-BWB_bwplacement_bs2_staticreq_statictask,SCRUBBED_TIME+MAMBA2-BWB_BMPD512_6_11_7,False
2,6,6,12,0,0,384,853.74,8.746768,bw,static,static,results,Results,Results_MAMBA21,MAMBA2-BWB-Results,simulator_output_MAMBA2-BWB_bwplacement_bs2_staticreq_statictask,SCRUBBED_TIME+MAMBA2-BWB_BMPD384_6_6_12,False
2,9,11,4,0,0,640,450.84,8.752871466666667,bw,static,static,results,Results,Results_MAMBA21,MAMBA2-BWB-Results,simulator_output_MAMBA2-BWB_bwplacement_bs2_staticreq_statictask,SCRUBBED_TIME+MAMBA2-BWB_BMPD640_9_11_4,False
2,9,7,8,0,0,512,826.92,8.756934133333333,bw,static,static,results,Results,Results_MAMBA21,MAMBA2-BWB-Results,simulator_output_MAMBA2-BWB_bwplacement_bs2_staticreq_statictask,SCRUBBED_TIME+MAMBA2-BWB_BMPD512_9_7_8,False
2,6,8,10,0,0,640,896.24,8.778774555555556,bw,static,static,results,Results,Results_MAMBA21,MAMBA2-BWB-Results,simulator_output_MAMBA2-BWB_bwplacement_bs2_staticreq_statictask,SCRUBBED_TIME+MAMBA2-BWB_BMPD640_6_8_10,False
2,10,6,8,0,0,512,836.57,8.78487657142857,bw,static,static,results,Results,Results_MAMBA21,MAMBA2-BWB-Results,simulator_output_MAMBA2-BWB_bwplacement_bs2_staticreq_statictask,SCRUBBED_TIME+MAMBA2-BWB_BMPD512_10_6_8,False
2,7,10,7,0,0,640,689.93,8.7904838,bw,static,static,results,Results,Results_MAMBA21,MAMBA2-BWB-Results,simulator_output_MAMBA2-BWB_bwplacement_bs2_staticreq_statictask,SCRUBBED_TIME+MAMBA2-BWB_BMPD640_7_10_7,False
2,7,11,6,0,0,512,641.93,8.797935764705882,bw,static,static,results,Results,Results_MAMBA21,MAMBA2-BWB-Results,simulator_output_MAMBA2-BWB_bwplacement_bs2_staticreq_statictask,SCRUBBED_TIME+MAMBA2-BWB_BMPD512_7_11_6,False
2,4,14,6,0,0,512,639.44,8.813616199999998,bw,static,static,results,Results,Results_MAMBA21,MAMBA2-BWB-Results,simulator_output_MAMBA2-BWB_bwplacement_bs2_staticreq_statictask,SCRUBBED_TIME+MAMBA2-BWB_BMPD512_4_14_6,False
2,4,8,12,0,0,384,811.04,8.823442461538463,bw,static,static,results,Results,Results_MAMBA21,MAMBA2-BWB-Results,simulator_output_MAMBA2-BWB_bwplacement_bs2_staticreq_statictask,SCRUBBED_TIME+MAMBA2-BWB_BMPD384_4_8_12,False
2,8,10,6,0,0,640,631.11,8.82705811764706,bw,static,static,results,Results,Results_MAMBA21,MAMBA2-BWB-Results,simulator_output_MAMBA2-BWB_bwplacement_bs2_staticreq_statictask,SCRUBBED_TIME+MAMBA2-BWB_BMPD640_8_10_6,False
2,12,5,7,0,0,512,651.71,8.836709,bw,static,static,results,Results,Results_MAMBA21,MAMBA2-BWB-Results,simulator_output_MAMBA2-BWB_bwplacement_bs2_staticreq_statictask,SCRUBBED_TIME+MAMBA2-BWB_BMPD512_12_5_7,False
2,8,7,9,0,0,256,491.82,8.8389575,bw,static,static,results,Results,Results_MAMBA21,MAMBA2-BWB-Results,simulator_output_MAMBA2-BWB_bwplacement_bs2_staticreq_statictask,SCRUBBED_TIME+MAMBA2-BWB_BMPD256_8_7_9,False
2,3,13,8,0,0,640,725.98,8.854399047619049,bw,static,static,results,Results,Results_MAMBA21,MAMBA2-BWB-Results,simulator_output_MAMBA2-BWB_bwplacement_bs2_staticreq_statictask,SCRUBBED_TIME+MAMBA2-BWB_BMPD640_3_13_8,False
2,16,3,5,0,0,384,406.3,8.86,bw,static,static,results,Results,Results_MAMBA21,MAMBA2-BWB-Results,simulator_output_MAMBA2-BWB_bwplacement_bs2_staticreq_statictask,SCRUBBED_TIME+MAMBA2-BWB_BMPD384_16_3_5,False
2,16,4,4,0,0,640,398.4,8.8611365,bw,static,static,results,Results,Results_MAMBA21,MAMBA2-BWB-Results,simulator_output_MAMBA2-BWB_bwplacement_bs2_staticreq_statictask,SCRUBBED_TIME+MAMBA2-BWB_BMPD640_16_4_4,False
2,15,6,3,0,0,640,326.78,8.867357333333334,bw,static,static,results,Results,Results_MAMBA21,MAMBA2-BWB-Results,simulator_output_MAMBA2-BWB_bwplacement_bs2_staticreq_statictask,SCRUBBED_TIME+MAMBA2-BWB_BMPD640_15_6_3,False
2,5,12,7,0,0,512,706.53,8.868157263157896,bw,static,static,results,Results,Results_MAMBA21,MAMBA2-BWB-Results,simulator_output_MAMBA2-BWB_bwplacement_bs2_staticreq_statictask,SCRUBBED_TIME+MAMBA2-BWB_BMPD512_5_12_7,False
2,5,18,1,0,0,640,114.02,8.875939578947369,bw,static,static,results,Results,Results_MAMBA21,MAMBA2-BWB-Results,simulator_output_MAMBA2-BWB_bwplacement_bs2_staticreq_statictask,SCRUBBED_TIME+MAMBA2-BWB_BMPD640_5_18_1,False
2,12,5,7,0,0,256,392.64,8.880076,bw,static,static,results,Results,Results_MAMBA21,MAMBA2-BWB-Results,simulator_output_MAMBA2-BWB_bwplacement_bs2_staticreq_statictask,SCRUBBED_TIME+MAMBA2-BWB_BMPD256_12_5_7,False
2,3,17,4,0,0,640,441.76,8.907556666666666,bw,static,static,results,Results,Results_MAMBA21,MAMBA2-BWB-Results,simulator_output_MAMBA2-BWB_bwplacement_bs2_staticreq_statictask,SCRUBBED_TIME+MAMBA2-BWB_BMPD640_3_17_4,False
2,3,18,3,0,0,640,330.76,8.910523333333334,bw,static,static,results,Results,Results_MAMBA21,MAMBA2-BWB-Results,simulator_output_MAMBA2-BWB_bwplacement_bs2_staticreq_statictask,SCRUBBED_TIME+MAMBA2-BWB_BMPD640_3_18_3,False
2,4,16,4,0,0,640,443.2,8.9171838,bw,static,static,results,Results,Results_MAMBA21,MAMBA2-BWB-Results,simulator_output_MAMBA2-BWB_bwplacement_bs2_staticreq_statictask,SCRUBBED_TIME+MAMBA2-BWB_BMPD640_4_16_4,False
2,3,14,7,0,0,640,667.73,8.926534444444444,bw,static,static,results,Results,Results_MAMBA21,MAMBA2-BWB-Results,simulator_output_MAMBA2-BWB_bwplacement_bs2_staticreq_statictask,SCRUBBED_TIME+MAMBA2-BWB_BMPD640_3_14_7,False
2,13,6,5,0,0,640,501.84,8.930108727272726,bw,static,static,results,Results,Results_MAMBA21,MAMBA2-BWB-Results,simulator_output_MAMBA2-BWB_bwplacement_bs2_staticreq_statictask,SCRUBBED_TIME+MAMBA2-BWB_BMPD640_13_6_5,False
2,6,15,3,0,0,640,329.2,8.933412222222222,bw,static,static,results,Results,Results_MAMBA21,MAMBA2-BWB-Results,simulator_output_MAMBA2-BWB_bwplacement_bs2_staticreq_statictask,SCRUBBED_TIME+MAMBA2-BWB_BMPD640_6_15_3,False
2,2,6,16,0,0,640,605.13,8.961471,bw,static,static,results,Results,Results_MAMBA21,MAMBA2-BWB-Results,simulator_output_MAMBA2-BWB_bwplacement_bs2_staticreq_statictask,SCRUBBED_TIME+MAMBA2-BWB_BMPD640_2_6_16,False
2,3,12,9,0,0,640,728.88,8.974527619047619,bw,static,static,results,Results,Results_MAMBA21,MAMBA2-BWB-Results,simulator_output_MAMBA2-BWB_bwplacement_bs2_staticreq_statictask,SCRUBBED_TIME+MAMBA2-BWB_BMPD640_3_12_9,False
2,4,8,12,0,0,256,614.5,8.9872562,bw,static,static,results,Results,Results_MAMBA21,MAMBA2-BWB-Results,simulator_output_MAMBA2-BWB_bwplacement_bs2_staticreq_statictask,SCRUBBED_TIME+MAMBA2-BWB_BMPD256_4_8_12,False
2,10,6,8,0,0,256,497.46,8.99107,bw,static,static,results,Results,Results_MAMBA21,MAMBA2-BWB-Results,simulator_output_MAMBA2-BWB_bwplacement_bs2_staticreq_statictask,SCRUBBED_TIME+MAMBA2-BWB_BMPD256_10_6_8,False
2,9,5,10,0,0,384,772.6,8.995678666666667,bw,static,static,results,Results,Results_MAMBA21,MAMBA2-BWB-Results,simulator_output_MAMBA2-BWB_bwplacement_bs2_staticreq_statictask,SCRUBBED_TIME+MAMBA2-BWB_BMPD384_9_5_10,False
2,8,7,9,0,0,512,822.59,8.99716875,bw,static,static,results,Results,Results_MAMBA21,MAMBA2-BWB-Results,simulator_output_MAMBA2-BWB_bwplacement_bs2_staticreq_statictask,SCRUBBED_TIME+MAMBA2-BWB_BMPD512_8_7_9,False
2,10,7,7,0,0,640,659.97,9.000009142857143,bw,static,static,results,Results,Results_MAMBA21,MAMBA2-BWB-Results,simulator_output_MAMBA2-BWB_bwplacement_bs2_staticreq_statictask,SCRUBBED_TIME+MAMBA2-BWB_BMPD640_10_7_7,False
2,4,15,5,0,0,512,550.44,9.0021262,bw,static,static,results,Results,Results_MAMBA21,MAMBA2-BWB-Results,simulator_output_MAMBA2-BWB_bwplacement_bs2_staticreq_statictask,SCRUBBED_TIME+MAMBA2-BWB_BMPD512_4_15_5,False
2,7,13,4,0,0,640,449.3,9.016099294117646,bw,static,static,results,Results,Results_MAMBA21,MAMBA2-BWB-Results,simulator_output_MAMBA2-BWB_bwplacement_bs2_staticreq_statictask,SCRUBBED_TIME+MAMBA2-BWB_BMPD640_7_13_4,False
2,4,10,10,0,0,384,777.1,9.0222164,bw,static,static,results,Results,Results_MAMBA21,MAMBA2-BWB-Results,simulator_output_MAMBA2-BWB_bwplacement_bs2_staticreq_statictask,SCRUBBED_TIME+MAMBA2-BWB_BMPD384_4_10_10,False
2,14,4,6,0,0,256,343.79,9.0319332,bw,static,static,results,Results,Results_MAMBA21,MAMBA2-BWB-Results,simulator_output_MAMBA2-BWB_bwplacement_bs2_staticreq_statictask,SCRUBBED_TIME+MAMBA2-BWB_BMPD256_14_4_6,False
2,8,11,5,0,0,640,545.27,9.0536865,bw,static,static,results,Results,Results_MAMBA21,MAMBA2-BWB-Results,simulator_output_MAMBA2-BWB_bwplacement_bs2_staticreq_statictask,SCRUBBED_TIME+MAMBA2-BWB_BMPD640_8_11_5,False
2,4,17,3,0,0,512,319.52,9.0627062,bw,static,static,results,Results,Results_MAMBA21,MAMBA2-BWB-Results,simulator_output_MAMBA2-BWB_bwplacement_bs2_staticreq_statictask,SCRUBBED_TIME+MAMBA2-BWB_BMPD512_4_17_3,False
2,5,15,4,0,0,640,448.62,9.093408,bw,static,static,results,Results,Results_MAMBA21,MAMBA2-BWB-Results,simulator_output_MAMBA2-BWB_bwplacement_bs2_staticreq_statictask,SCRUBBED_TIME+MAMBA2-BWB_BMPD640_5_15_4,False
2,7,12,5,0,0,640,553.88,9.115722823529412,bw,static,static,results,Results,Results_MAMBA21,MAMBA2-BWB-Results,simulator_output_MAMBA2-BWB_bwplacement_bs2_staticreq_statictask,SCRUBBED_TIME+MAMBA2-BWB_BMPD640_7_12_5,False
2,5,14,5,0,0,640,553.24,9.123808,bw,static,static,results,Results,Results_MAMBA21,MAMBA2-BWB-Results,simulator_output_MAMBA2-BWB_bwplacement_bs2_staticreq_statictask,SCRUBBED_TIME+MAMBA2-BWB_BMPD640_5_14_5,False
2,9,6,9,0,0,512,819.68,9.125334133333332,bw,static,static,results,Results,Results_MAMBA21,MAMBA2-BWB-Results,simulator_output_MAMBA2-BWB_bwplacement_bs2_staticreq_statictask,SCRUBBED_TIME+MAMBA2-BWB_BMPD512_9_6_9,False
2,3,20,1,0,0,640,113.8,9.156017777777778,bw,static,static,results,Results,Results_MAMBA21,MAMBA2-BWB-Results,simulator_output_MAMBA2-BWB_bwplacement_bs2_staticreq_statictask,SCRUBBED_TIME+MAMBA2-BWB_BMPD640_3_20_1,False
2,13,4,7,0,0,384,542.58,9.173921636363636,bw,static,static,results,Results,Results_MAMBA21,MAMBA2-BWB-Results,simulator_output_MAMBA2-BWB_bwplacement_bs2_staticreq_statictask,SCRUBBED_TIME+MAMBA2-BWB_BMPD384_13_4_7,False
2,5,7,12,0,0,384,818.32,9.195518666666668,bw,static,static,results,Results,Results_MAMBA21,MAMBA2-BWB-Results,simulator_output_MAMBA2-BWB_bwplacement_bs2_staticreq_statictask,SCRUBBED_TIME+MAMBA2-BWB_BMPD384_5_7_12,False
2,6,12,6,0,0,512,647.03,9.207383555555555,bw,static,static,results,Results,Results_MAMBA21,MAMBA2-BWB-Results,simulator_output_MAMBA2-BWB_bwplacement_bs2_staticreq_statictask,SCRUBBED_TIME+MAMBA2-BWB_BMPD512_6_12_6,False
2,4,15,5,0,0,640,545.96,9.2083788,bw,static,static,results,Results,Results_MAMBA21,MAMBA2-BWB-Results,simulator_output_MAMBA2-BWB_bwplacement_bs2_staticreq_statictask,SCRUBBED_TIME+MAMBA2-BWB_BMPD640_4_15_5,False
2,7,7,10,0,0,512,898.41,9.219805176470588,bw,static,static,results,Results,Results_MAMBA21,MAMBA2-BWB-Results,simulator_output_MAMBA2-BWB_bwplacement_bs2_staticreq_statictask,SCRUBBED_TIME+MAMBA2-BWB_BMPD512_7_7_10,False
2,6,14,4,0,0,640,449.68,9.233595555555556,bw,static,static,results,Results,Results_MAMBA21,MAMBA2-BWB-Results,simulator_output_MAMBA2-BWB_bwplacement_bs2_staticreq_statictask,SCRUBBED_TIME+MAMBA2-BWB_BMPD640_6_14_4,False
2,14,5,5,0,0,640,491.87,9.2500588,bw,static,static,results,Results,Results_MAMBA21,MAMBA2-BWB-Results,simulator_output_MAMBA2-BWB_bwplacement_bs2_staticreq_statictask,SCRUBBED_TIME+MAMBA2-BWB_BMPD640_14_5_5,False
2,7,7,10,0,0,256,547.14,9.26351623529412,bw,static,static,results,Results,Results_MAMBA21,MAMBA2-BWB-Results,simulator_output_MAMBA2-BWB_bwplacement_bs2_staticreq_statictask,SCRUBBED_TIME+MAMBA2-BWB_BMPD256_7_7_10,False
2,4,11,9,0,0,512,806.74,9.275756,bw,static,static,results,Results,Results_MAMBA21,MAMBA2-BWB-Results,simulator_output_MAMBA2-BWB_bwplacement_bs2_staticreq_statictask,SCRUBBED_TIME+MAMBA2-BWB_BMPD512_4_11_9,False
2,4,8,12,0,0,640,890.09,9.28463842105263,bw,static,static,results,Results,Results_MAMBA21,MAMBA2-BWB-Results,simulator_output_MAMBA2-BWB_bwplacement_bs2_staticreq_statictask,SCRUBBED_TIME+MAMBA2-BWB_BMPD640_4_8_12,False
2,11,5,8,0,0,512,820.06,9.319496461538462,bw,static,static,results,Results,Results_MAMBA21,MAMBA2-BWB-Results,simulator_output_MAMBA2-BWB_bwplacement_bs2_staticreq_statictask,SCRUBBED_TIME+MAMBA2-BWB_BMPD512_11_5_8,False
2,2,7,15,0,0,384,556.4,9.326441066666666,bw,static,static,results,Results,Results_MAMBA21,MAMBA2-BWB-Results,simulator_output_MAMBA2-BWB_bwplacement_bs2_staticreq_statictask,SCRUBBED_TIME+MAMBA2-BWB_BMPD384_2_7_15,False
2,12,6,6,0,0,640,584.95,9.3729835,bw,static,static,results,Results,Results_MAMBA21,MAMBA2-BWB-Results,simulator_output_MAMBA2-BWB_bwplacement_bs2_staticreq_statictask,SCRUBBED_TIME+MAMBA2-BWB_BMPD640_12_6_6,False
2,4,10,10,0,0,640,837.97,9.398137714285715,bw,static,static,results,Results,Results_MAMBA21,MAMBA2-BWB-Results,simulator_output_MAMBA2-BWB_bwplacement_bs2_staticreq_statictask,SCRUBBED_TIME+MAMBA2-BWB_BMPD640_4_10_10,False
2,3,8,13,0,0,256,607.7,9.409984190476193,bw,static,static,results,Results,Results_MAMBA21,MAMBA2-BWB-Results,simulator_output_MAMBA2-BWB_bwplacement_bs2_staticreq_statictask,SCRUBBED_TIME+MAMBA2-BWB_BMPD256_3_8_13,False
2,4,18,2,0,0,640,209.9,9.4328388,bw,static,static,results,Results,Results_MAMBA21,MAMBA2-BWB-Results,simulator_output_MAMBA2-BWB_bwplacement_bs2_staticreq_statictask,SCRUBBED_TIME+MAMBA2-BWB_BMPD640_4_18_2,False
2,6,13,5,0,0,640,549.4,9.43716777777778,bw,static,static,results,Results,Results_MAMBA21,MAMBA2-BWB-Results,simulator_output_MAMBA2-BWB_bwplacement_bs2_staticreq_statictask,SCRUBBED_TIME+MAMBA2-BWB_BMPD640_6_13_5,False
2,4,14,6,0,0,640,635.96,9.4393138,bw,static,static,results,Results,Results_MAMBA21,MAMBA2-BWB-Results,simulator_output_MAMBA2-BWB_bwplacement_bs2_staticreq_statictask,SCRUBBED_TIME+MAMBA2-BWB_BMPD640_4_14_6,False
2,8,5,11,0,0,384,839.53,9.470438125,bw,static,static,results,Results,Results_MAMBA21,MAMBA2-BWB-Results,simulator_output_MAMBA2-BWB_bwplacement_bs2_staticreq_statictask,SCRUBBED_TIME+MAMBA2-BWB_BMPD384_8_5_11,False
2,15,4,5,0,0,640,479.61,9.490623333333334,bw,static,static,results,Results,Results_MAMBA21,MAMBA2-BWB-Results,simulator_output_MAMBA2-BWB_bwplacement_bs2_staticreq_statictask,SCRUBBED_TIME+MAMBA2-BWB_BMPD640_15_4_5,False
2,8,6,10,0,0,512,885.81,9.507453125,bw,static,static,results,Results,Results_MAMBA21,MAMBA2-BWB-Results,simulator_output_MAMBA2-BWB_bwplacement_bs2_staticreq_statictask,SCRUBBED_TIME+MAMBA2-BWB_BMPD512_8_6_10,False
2,7,11,6,0,0,640,637.68,9.52171694117647,bw,static,static,results,Results,Results_MAMBA21,MAMBA2-BWB-Results,simulator_output_MAMBA2-BWB_bwplacement_bs2_staticreq_statictask,SCRUBBED_TIME+MAMBA2-BWB_BMPD640_7_11_6,False
2,9,6,9,0,0,256,484.26,9.526438933333331,bw,static,static,results,Results,Results_MAMBA21,MAMBA2-BWB-Results,simulator_output_MAMBA2-BWB_bwplacement_bs2_staticreq_statictask,SCRUBBED_TIME+MAMBA2-BWB_BMPD256_9_6_9,False
2,5,6,13,0,0,384,847.04,9.528354111111112,bw,static,static,results,Results,Results_MAMBA21,MAMBA2-BWB-Results,simulator_output_MAMBA2-BWB_bwplacement_bs2_staticreq_statictask,SCRUBBED_TIME+MAMBA2-BWB_BMPD384_5_6_13,False
2,9,7,8,0,0,640,805.76,9.5437032,bw,static,static,results,Results,Results_MAMBA21,MAMBA2-BWB-Results,simulator_output_MAMBA2-BWB_bwplacement_bs2_staticreq_statictask,SCRUBBED_TIME+MAMBA2-BWB_BMPD640_9_7_8,False
2,11,6,7,0,0,640,653.14,9.561391384615384,bw,static,static,results,Results,Results_MAMBA21,MAMBA2-BWB-Results,simulator_output_MAMBA2-BWB_bwplacement_bs2_staticreq_statictask,SCRUBBED_TIME+MAMBA2-BWB_BMPD640_11_6_7,False
2,3,10,11,0,0,384,725.72,9.599513142857145,bw,static,static,results,Results,Results_MAMBA21,MAMBA2-BWB-Results,simulator_output_MAMBA2-BWB_bwplacement_bs2_staticreq_statictask,SCRUBBED_TIME+MAMBA2-BWB_BMPD384_3_10_11,False
2,3,9,12,0,0,384,731.0,9.632017904761906,bw,static,static,results,Results,Results_MAMBA21,MAMBA2-BWB-Results,simulator_output_MAMBA2-BWB_bwplacement_bs2_staticreq_statictask,SCRUBBED_TIME+MAMBA2-BWB_BMPD384_3_9_12,False
2,4,19,1,0,0,640,113.14,9.6370738,bw,static,static,results,Results,Results_MAMBA21,MAMBA2-BWB-Results,simulator_output_MAMBA2-BWB_bwplacement_bs2_staticreq_statictask,SCRUBBED_TIME+MAMBA2-BWB_BMPD640_4_19_1,False
2,11,5,8,0,0,256,485.81,9.67912676923077,bw,static,static,results,Results,Results_MAMBA21,MAMBA2-BWB-Results,simulator_output_MAMBA2-BWB_bwplacement_bs2_staticreq_statictask,SCRUBBED_TIME+MAMBA2-BWB_BMPD256_11_5_8,False
2,14,4,6,0,0,512,556.13,9.6970212,bw,static,static,results,Results,Results_MAMBA21,MAMBA2-BWB-Results,simulator_output_MAMBA2-BWB_bwplacement_bs2_staticreq_statictask,SCRUBBED_TIME+MAMBA2-BWB_BMPD512_14_4_6,False
4,15,8,1,0,0,256,127.28,9.732091555555556,bw,static,static,results,Results,Results_MAMBA21,MAMBA2-BWB-Results,simulator_output_MAMBA2-BWB_bwplacement_bs4_staticreq_statictask,SCRUBBED_TIME+MAMBA2-BWB_BMPD256_15_8_1,False
2,3,7,14,0,0,512,776.87,9.741447466666669,bw,static,static,results,Results,Results_MAMBA21,MAMBA2-BWB-Results,simulator_output_MAMBA2-BWB_bwplacement_bs2_staticreq_statictask,SCRUBBED_TIME+MAMBA2-BWB_BMPD512_3_7_14,False
2,5,12,7,0,0,640,700.13,9.75888694736842,bw,static,static,results,Results,Results_MAMBA21,MAMBA2-BWB-Results,simulator_output_MAMBA2-BWB_bwplacement_bs2_staticreq_statictask,SCRUBBED_TIME+MAMBA2-BWB_BMPD640_5_12_7,False
2,4,17,3,0,0,640,318.7,9.7609388,bw,static,static,results,Results,Results_MAMBA21,MAMBA2-BWB-Results,simulator_output_MAMBA2-BWB_bwplacement_bs2_staticreq_statictask,SCRUBBED_TIME+MAMBA2-BWB_BMPD640_4_17_3,False
2,5,7,12,0,0,512,904.8,9.782226105263158,bw,static,static,results,Results,Results_MAMBA21,MAMBA2-BWB-Results,simulator_output_MAMBA2-BWB_bwplacement_bs2_staticreq_statictask,SCRUBBED_TIME+MAMBA2-BWB_BMPD512_5_7_12,False
2,12,4,8,0,0,256,469.85,9.79322,bw,static,static,results,Results,Results_MAMBA21,MAMBA2-BWB-Results,simulator_output_MAMBA2-BWB_bwplacement_bs2_staticreq_statictask,SCRUBBED_TIME+MAMBA2-BWB_BMPD256_12_4_8,False
2,10,5,9,0,0,512,805.33,9.820140857142857,bw,static,static,results,Results,Results_MAMBA21,MAMBA2-BWB-Results,simulator_output_MAMBA2-BWB_bwplacement_bs2_staticreq_statictask,SCRUBBED_TIME+MAMBA2-BWB_BMPD512_10_5_9,False
2,16,3,5,0,0,256,275.2,9.8258995,bw,static,static,results,Results,Results_MAMBA21,MAMBA2-BWB-Results,simulator_output_MAMBA2-BWB_bwplacement_bs2_staticreq_statictask,SCRUBBED_TIME+MAMBA2-BWB_BMPD256_16_3_5,False
2,4,12,8,0,0,640,795.95,9.828258086956522,bw,static,static,results,Results,Results_MAMBA21,MAMBA2-BWB-Results,simulator_output_MAMBA2-BWB_bwplacement_bs2_staticreq_statictask,SCRUBBED_TIME+MAMBA2-BWB_BMPD640_4_12_8,False
2,6,7,11,0,0,256,593.28,9.830269333333334,bw,static,static,results,Results,Results_MAMBA21,MAMBA2-BWB-Results,simulator_output_MAMBA2-BWB_bwplacement_bs2_staticreq_statictask,SCRUBBED_TIME+MAMBA2-BWB_BMPD256_6_7_11,False
2,13,4,7,0,0,256,382.96,9.83523781818182,bw,static,static,results,Results,Results_MAMBA21,MAMBA2-BWB-Results,simulator_output_MAMBA2-BWB_bwplacement_bs2_staticreq_statictask,SCRUBBED_TIME+MAMBA2-BWB_BMPD256_13_4_7,False
2,2,7,15,0,0,256,590.42,9.840197111111111,bw,static,static,results,Results,Results_MAMBA21,MAMBA2-BWB-Results,simulator_output_MAMBA2-BWB_bwplacement_bs2_staticreq_statictask,SCRUBBED_TIME+MAMBA2-BWB_BMPD256_2_7_15,False
2,15,3,6,0,0,384,452.53,9.869378222222222,bw,static,static,results,Results,Results_MAMBA21,MAMBA2-BWB-Results,simulator_output_MAMBA2-BWB_bwplacement_bs2_staticreq_statictask,SCRUBBED_TIME+MAMBA2-BWB_BMPD384_15_3_6,False
4,14,8,2,0,0,256,249.8,9.880198,bw,static,static,results,Results,Results_MAMBA21,MAMBA2-BWB-Results,simulator_output_MAMBA2-BWB_bwplacement_bs4_staticreq_statictask,SCRUBBED_TIME+MAMBA2-BWB_BMPD256_14_8_2,False
2,5,13,6,0,0,640,642.37,9.88667642105263,bw,static,static,results,Results,Results_MAMBA21,MAMBA2-BWB-Results,simulator_output_MAMBA2-BWB_bwplacement_bs2_staticreq_statictask,SCRUBBED_TIME+MAMBA2-BWB_BMPD640_5_13_6,False
2,7,5,12,0,0,384,846.03,9.89257211764706,bw,static,static,results,Results,Results_MAMBA21,MAMBA2-BWB-Results,simulator_output_MAMBA2-BWB_bwplacement_bs2_staticreq_statictask,SCRUBBED_TIME+MAMBA2-BWB_BMPD384_7_5_12,False
2,7,6,11,0,0,512,972.79,9.929114,bw,static,static,results,Results,Results_MAMBA21,MAMBA2-BWB-Results,simulator_output_MAMBA2-BWB_bwplacement_bs2_staticreq_statictask,SCRUBBED_TIME+MAMBA2-BWB_BMPD512_7_6_11,False
2,4,7,13,0,0,512,916.05,9.930148717948718,bw,static,static,results,Results,Results_MAMBA21,MAMBA2-BWB-Results,simulator_output_MAMBA2-BWB_bwplacement_bs2_staticreq_statictask,SCRUBBED_TIME+MAMBA2-BWB_BMPD512_4_7_13,False
2,4,7,13,0,0,384,831.97,9.970324551724138,bw,static,static,results,Results,Results_MAMBA21,MAMBA2-BWB-Results,simulator_output_MAMBA2-BWB_bwplacement_bs2_staticreq_statictask,SCRUBBED_TIME+MAMBA2-BWB_BMPD384_4_7_13,False
2,6,12,6,0,0,640,639.67,9.999645555555556,bw,static,static,results,Results,Results_MAMBA21,MAMBA2-BWB-Results,simulator_output_MAMBA2-BWB_bwplacement_bs2_staticreq_statictask,SCRUBBED_TIME+MAMBA2-BWB_BMPD640_6_12_6,False
2,13,5,6,0,0,640,568.8,10.002858727272727,bw,static,static,results,Results,Results_MAMBA21,MAMBA2-BWB-Results,simulator_output_MAMBA2-BWB_bwplacement_bs2_staticreq_statictask,SCRUBBED_TIME+MAMBA2-BWB_BMPD640_13_5_6,False
2,8,7,9,0,0,640,813.37,10.026775875,bw,static,static,results,Results,Results_MAMBA21,MAMBA2-BWB-Results,simulator_output_MAMBA2-BWB_bwplacement_bs2_staticreq_statictask,SCRUBBED_TIME+MAMBA2-BWB_BMPD640_8_7_9,False
2,8,6,10,0,0,256,540.03,10.07220125,bw,static,static,results,Results,Results_MAMBA21,MAMBA2-BWB-Results,simulator_output_MAMBA2-BWB_bwplacement_bs2_staticreq_statictask,SCRUBBED_TIME+MAMBA2-BWB_BMPD256_8_6_10,False
2,12,4,8,0,0,384,663.75,10.087934833333334,bw,static,static,results,Results,Results_MAMBA21,MAMBA2-BWB-Results,simulator_output_MAMBA2-BWB_bwplacement_bs2_staticreq_statictask,SCRUBBED_TIME+MAMBA2-BWB_BMPD384_12_4_8,False
2,6,11,7,0,0,640,693.5,10.08896222222222,bw,static,static,results,Results,Results_MAMBA21,MAMBA2-BWB-Results,simulator_output_MAMBA2-BWB_bwplacement_bs2_staticreq_statictask,SCRUBBED_TIME+MAMBA2-BWB_BMPD640_6_11_7,False
2,2,5,17,0,0,640,591.29,10.103525166666666,bw,static,static,results,Results,Results_MAMBA21,MAMBA2-BWB-Results,simulator_output_MAMBA2-BWB_bwplacement_bs2_staticreq_statictask,SCRUBBED_TIME+MAMBA2-BWB_BMPD640_2_5_17,False
2,11,4,9,0,0,384,679.96,10.130807846153846,bw,static,static,results,Results,Results_MAMBA21,MAMBA2-BWB-Results,simulator_output_MAMBA2-BWB_bwplacement_bs2_staticreq_statictask,SCRUBBED_TIME+MAMBA2-BWB_BMPD384_11_4_9,False
4,14,9,1,0,0,256,123.44,10.157578,bw,static,static,results,Results,Results_MAMBA21,MAMBA2-BWB-Results,simulator_output_MAMBA2-BWB_bwplacement_bs4_staticreq_statictask,SCRUBBED_TIME+MAMBA2-BWB_BMPD256_14_9_1,False
2,4,11,9,0,0,640,799.36,10.180123304347829,bw,static,static,results,Results,Results_MAMBA21,MAMBA2-BWB-Results,simulator_output_MAMBA2-BWB_bwplacement_bs2_staticreq_statictask,SCRUBBED_TIME+MAMBA2-BWB_BMPD640_4_11_9,False
2,7,7,10,0,0,640,882.51,10.221032588235294,bw,static,static,results,Results,Results_MAMBA21,MAMBA2-BWB-Results,simulator_output_MAMBA2-BWB_bwplacement_bs2_staticreq_statictask,SCRUBBED_TIME+MAMBA2-BWB_BMPD640_7_7_10,False
2,2,6,16,0,0,384,565.03,10.2711344,bw,static,static,results,Results,Results_MAMBA21,MAMBA2-BWB-Results,simulator_output_MAMBA2-BWB_bwplacement_bs2_staticreq_statictask,SCRUBBED_TIME+MAMBA2-BWB_BMPD384_2_6_16,False
2,4,13,7,0,0,640,690.55,10.2720138,bw,static,static,results,Results,Results_MAMBA21,MAMBA2-BWB-Results,simulator_output_MAMBA2-BWB_bwplacement_bs2_staticreq_statictask,SCRUBBED_TIME+MAMBA2-BWB_BMPD640_4_13_7,False
2,6,6,12,0,0,512,979.92,10.276619777777778,bw,static,static,results,Results,Results_MAMBA21,MAMBA2-BWB-Results,simulator_output_MAMBA2-BWB_bwplacement_bs2_staticreq_statictask,SCRUBBED_TIME+MAMBA2-BWB_BMPD512_6_6_12,False
2,6,5,13,0,0,384,879.68,10.302404111111112,bw,static,static,results,Results,Results_MAMBA21,MAMBA2-BWB-Results,simulator_output_MAMBA2-BWB_bwplacement_bs2_staticreq_statictask,SCRUBBED_TIME+MAMBA2-BWB_BMPD384_6_5_13,False
2,10,5,9,0,0,256,484.92,10.336405714285714,bw,static,static,results,Results,Results_MAMBA21,MAMBA2-BWB-Results,simulator_output_MAMBA2-BWB_bwplacement_bs2_staticreq_statictask,SCRUBBED_TIME+MAMBA2-BWB_BMPD256_10_5_9,False
2,3,6,15,0,0,512,780.09,10.3543008,bw,static,static,results,Results,Results_MAMBA21,MAMBA2-BWB-Results,simulator_output_MAMBA2-BWB_bwplacement_bs2_staticreq_statictask,SCRUBBED_TIME+MAMBA2-BWB_BMPD512_3_6_15,False
2,5,7,12,0,0,256,566.66,10.368977684210526,bw,static,static,results,Results,Results_MAMBA21,MAMBA2-BWB-Results,simulator_output_MAMBA2-BWB_bwplacement_bs2_staticreq_statictask,SCRUBBED_TIME+MAMBA2-BWB_BMPD256_5_7_12,False
2,9,5,10,0,0,512,858.96,10.379834133333333,bw,static,static,results,Results,Results_MAMBA21,MAMBA2-BWB-Results,simulator_output_MAMBA2-BWB_bwplacement_bs2_staticreq_statictask,SCRUBBED_TIME+MAMBA2-BWB_BMPD512_9_5_10,False
2,2,4,18,0,0,512,598.23,10.410434,bw,static,static,results,Results,Results_MAMBA21,MAMBA2-BWB-Results,simulator_output_MAMBA2-BWB_bwplacement_bs2_staticreq_statictask,SCRUBBED_TIME+MAMBA2-BWB_BMPD512_2_4_18,False
4,7,16,1,0,0,256,120.84,10.477252470588237,bw,static,static,results,Results,Results_MAMBA21,MAMBA2-BWB-Results,simulator_output_MAMBA2-BWB_bwplacement_bs4_staticreq_statictask,SCRUBBED_TIME+MAMBA2-BWB_BMPD256_7_16_1,False
2,13,4,7,0,0,512,615.1,10.480962909090907,bw,static,static,results,Results,Results_MAMBA21,MAMBA2-BWB-Results,simulator_output_MAMBA2-BWB_bwplacement_bs2_staticreq_statictask,SCRUBBED_TIME+MAMBA2-BWB_BMPD512_13_4_7,False
2,10,6,8,0,0,640,791.99,10.531098428571427,bw,static,static,results,Results,Results_MAMBA21,MAMBA2-BWB-Results,simulator_output_MAMBA2-BWB_bwplacement_bs2_staticreq_statictask,SCRUBBED_TIME+MAMBA2-BWB_BMPD640_10_6_8,False
2,16,3,5,0,0,512,472.18,10.58091325,bw,static,static,results,Results,Results_MAMBA21,MAMBA2-BWB-Results,simulator_output_MAMBA2-BWB_bwplacement_bs2_staticreq_statictask,SCRUBBED_TIME+MAMBA2-BWB_BMPD512_16_3_5,False
2,3,8,13,0,0,384,763.11,10.601741714285714,bw,static,static,results,Results,Results_MAMBA21,MAMBA2-BWB-Results,simulator_output_MAMBA2-BWB_bwplacement_bs2_staticreq_statictask,SCRUBBED_TIME+MAMBA2-BWB_BMPD384_3_8_13,False
2,12,5,7,0,0,640,630.37,10.632800166666666,bw,static,static,results,Results,Results_MAMBA21,MAMBA2-BWB-Results,simulator_output_MAMBA2-BWB_bwplacement_bs2_staticreq_statictask,SCRUBBED_TIME+MAMBA2-BWB_BMPD640_12_5_7,False
4,13,8,3,0,0,256,353.24,10.651742545454544,bw,static,static,results,Results,Results_MAMBA21,MAMBA2-BWB-Results,simulator_output_MAMBA2-BWB_bwplacement_bs4_staticreq_statictask,SCRUBBED_TIME+MAMBA2-BWB_BMPD256_13_8_3,False
2,7,6,11,0,0,256,575.99,10.67632211764706,bw,static,static,results,Results,Results_MAMBA21,MAMBA2-BWB-Results,simulator_output_MAMBA2-BWB_bwplacement_bs2_staticreq_statictask,SCRUBBED_TIME+MAMBA2-BWB_BMPD256_7_6_11,False
4,13,10,1,0,0,256,121.68,10.687251636363635,bw,static,static,results,Results,Results_MAMBA21,MAMBA2-BWB-Results,simulator_output_MAMBA2-BWB_bwplacement_bs4_staticreq_statictask,SCRUBBED_TIME+MAMBA2-BWB_BMPD256_13_10_1,False
2,5,5,14,0,0,384,853.28,10.690122270270267,bw,static,static,results,Results,Results_MAMBA21,MAMBA2-BWB-Results,simulator_output_MAMBA2-BWB_bwplacement_bs2_staticreq_statictask,SCRUBBED_TIME+MAMBA2-BWB_BMPD384_5_5_14,False
4,13,9,2,0,0,256,242.28,10.703151636363636,bw,static,static,results,Results,Results_MAMBA21,MAMBA2-BWB-Results,simulator_output_MAMBA2-BWB_bwplacement_bs4_staticreq_statictask,SCRUBBED_TIME+MAMBA2-BWB_BMPD256_13_9_2,False
4,10,13,1,0,0,256,126.64,10.779714857142856,bw,static,static,results,Results,Results_MAMBA21,MAMBA2-BWB-Results,simulator_output_MAMBA2-BWB_bwplacement_bs4_staticreq_statictask,SCRUBBED_TIME+MAMBA2-BWB_BMPD256_10_13_1,False
2,3,7,14,0,0,640,782.06,10.816926533333334,bw,static,static,results,Results,Results_MAMBA21,MAMBA2-BWB-Results,simulator_output_MAMBA2-BWB_bwplacement_bs2_staticreq_statictask,SCRUBBED_TIME+MAMBA2-BWB_BMPD640_3_7_14,False
2,5,7,12,0,0,640,932.96,10.86911210526316,bw,static,static,results,Results,Results_MAMBA21,MAMBA2-BWB-Results,simulator_output_MAMBA2-BWB_bwplacement_bs2_staticreq_statictask,SCRUBBED_TIME+MAMBA2-BWB_BMPD640_5_7_12,False
2,4,7,13,0,0,256,635.88,10.8735962,bw,static,static,results,Results,Results_MAMBA21,MAMBA2-BWB-Results,simulator_output_MAMBA2-BWB_bwplacement_bs2_staticreq_statictask,SCRUBBED_TIME+MAMBA2-BWB_BMPD256_4_7_13,False
2,10,4,10,0,0,384,732.61,10.923062428571429,bw,static,static,results,Results,Results_MAMBA21,MAMBA2-BWB-Results,simulator_output_MAMBA2-BWB_bwplacement_bs2_staticreq_statictask,SCRUBBED_TIME+MAMBA2-BWB_BMPD384_10_4_10,False
4,15,8,1,0,0,384,206.52,10.945187555555556,bw,static,static,results,Results,Results_MAMBA21,MAMBA2-BWB-Results,simulator_output_MAMBA2-BWB_bwplacement_bs4_staticreq_statictask,SCRUBBED_TIME+MAMBA2-BWB_BMPD384_15_8_1,False
4,9,13,2,0,0,256,242.24,10.9521928,bw,static,static,results,Results,Results_MAMBA21,MAMBA2-BWB-Results,simulator_output_MAMBA2-BWB_bwplacement_bs4_staticreq_statictask,SCRUBBED_TIME+MAMBA2-BWB_BMPD256_9_13_2,False
2,9,5,10,0,0,256,530.13,10.9578856,bw,static,static,results,Results,Results_MAMBA21,MAMBA2-BWB-Results,simulator_output_MAMBA2-BWB_bwplacement_bs2_staticreq_statictask,SCRUBBED_TIME+MAMBA2-BWB_BMPD256_9_5_10,False
4,16,7,1,0,0,256,122.0,10.9753015,bw,static,static,results,Results,Results_MAMBA21,MAMBA2-BWB-Results,simulator_output_MAMBA2-BWB_bwplacement_bs4_staticreq_statictask,SCRUBBED_TIME+MAMBA2-BWB_BMPD256_16_7_1,False
2,4,6,14,0,0,384,823.93,10.980508857142857,bw,static,static,results,Results,Results_MAMBA21,MAMBA2-BWB-Results,simulator_output_MAMBA2-BWB_bwplacement_bs2_staticreq_statictask,SCRUBBED_TIME+MAMBA2-BWB_BMPD384_4_6_14,False
2,3,5,16,0,0,512,798.6,11.003355176470588,bw,static,static,results,Results,Results_MAMBA21,MAMBA2-BWB-Results,simulator_output_MAMBA2-BWB_bwplacement_bs2_staticreq_statictask,SCRUBBED_TIME+MAMBA2-BWB_BMPD512_3_5_16,False
2,14,4,6,0,0,640,539.05,11.0162688,bw,static,static,results,Results,Results_MAMBA21,MAMBA2-BWB-Results,simulator_output_MAMBA2-BWB_bwplacement_bs2_staticreq_statictask,SCRUBBED_TIME+MAMBA2-BWB_BMPD640_14_4_6,False
2,11,5,8,0,0,640,785.98,11.04414523076923,bw,static,static,results,Results,Results_MAMBA21,MAMBA2-BWB-Results,simulator_output_MAMBA2-BWB_bwplacement_bs2_staticreq_statictask,SCRUBBED_TIME+MAMBA2-BWB_BMPD640_11_5_8,False
4,6,16,2,0,0,256,237.36,11.061833333333334,bw,static,static,results,Results,Results_MAMBA21,MAMBA2-BWB-Results,simulator_output_MAMBA2-BWB_bwplacement_bs4_staticreq_statictask,SCRUBBED_TIME+MAMBA2-BWB_BMPD256_6_16_2,False
4,12,11,1,0,0,256,125.6,11.076644333333334,bw,static,static,results,Results,Results_MAMBA21,MAMBA2-BWB-Results,simulator_output_MAMBA2-BWB_bwplacement_bs4_staticreq_statictask,SCRUBBED_TIME+MAMBA2-BWB_BMPD256_12_11_1,False
2,15,3,6,0,0,256,331.64,11.100307555555556,bw,static,static,results,Results,Results_MAMBA21,MAMBA2-BWB-Results,simulator_output_MAMBA2-BWB_bwplacement_bs2_staticreq_statictask,SCRUBBED_TIME+MAMBA2-BWB_BMPD256_15_3_6,False
2,4,7,13,0,0,640,905.09,11.106449743589744,bw,static,static,results,Results,Results_MAMBA21,MAMBA2-BWB-Results,simulator_output_MAMBA2-BWB_bwplacement_bs2_staticreq_statictask,SCRUBBED_TIME+MAMBA2-BWB_BMPD640_4_7_13,False
2,9,6,9,0,0,640,786.62,11.1121832,bw,static,static,results,Results,Results_MAMBA21,MAMBA2-BWB-Results,simulator_output_MAMBA2-BWB_bwplacement_bs2_staticreq_statictask,SCRUBBED_TIME+MAMBA2-BWB_BMPD640_9_6_9,False
2,8,5,11,0,0,512,942.33,11.11721875,bw,static,static,results,Results,Results_MAMBA21,MAMBA2-BWB-Results,simulator_output_MAMBA2-BWB_bwplacement_bs2_staticreq_statictask,SCRUBBED_TIME+MAMBA2-BWB_BMPD512_8_5_11,False
4,12,10,2,0,0,256,244.08,11.153852666666666,bw,static,static,results,Results,Results_MAMBA21,MAMBA2-BWB-Results,simulator_output_MAMBA2-BWB_bwplacement_bs4_staticreq_statictask,SCRUBBED_TIME+MAMBA2-BWB_BMPD256_12_10_2,False
4,11,12,1,0,0,256,122.68,11.191182461538462,bw,static,static,results,Results,Results_MAMBA21,MAMBA2-BWB-Results,simulator_output_MAMBA2-BWB_bwplacement_bs4_staticreq_statictask,SCRUBBED_TIME+MAMBA2-BWB_BMPD256_11_12_1,False
4,6,17,1,0,0,256,120.04,11.229366666666666,bw,static,static,results,Results,Results_MAMBA21,MAMBA2-BWB-Results,simulator_output_MAMBA2-BWB_bwplacement_bs4_staticreq_statictask,SCRUBBED_TIME+MAMBA2-BWB_BMPD256_6_17_1,False
4,14,8,2,0,0,384,372.08,11.2800488,bw,static,static,results,Results,Results_MAMBA21,MAMBA2-BWB-Results,simulator_output_MAMBA2-BWB_bwplacement_bs4_staticreq_statictask,SCRUBBED_TIME+MAMBA2-BWB_BMPD384_14_8_2,False
2,6,6,12,0,0,256,608.39,11.284397111111112,bw,static,static,results,Results,Results_MAMBA21,MAMBA2-BWB-Results,simulator_output_MAMBA2-BWB_bwplacement_bs2_staticreq_statictask,SCRUBBED_TIME+MAMBA2-BWB_BMPD256_6_6_12,False
2,2,6,16,0,0,256,600.78,11.286786,bw,static,static,results,Results,Results_MAMBA21,MAMBA2-BWB-Results,simulator_output_MAMBA2-BWB_bwplacement_bs2_staticreq_statictask,SCRUBBED_TIME+MAMBA2-BWB_BMPD256_2_6_16,False
4,9,14,1,0,0,256,121.44,11.2898528,bw,static,static,results,Results,Results_MAMBA21,MAMBA2-BWB-Results,simulator_output_MAMBA2-BWB_bwplacement_bs4_staticreq_statictask,SCRUBBED_TIME+MAMBA2-BWB_BMPD256_9_14_1,False
4,8,13,3,0,0,256,350.76,11.29092075,bw,static,static,results,Results,Results_MAMBA21,MAMBA2-BWB-Results,simulator_output_MAMBA2-BWB_bwplacement_bs4_staticreq_statictask,SCRUBBED_TIME+MAMBA2-BWB_BMPD256_8_13_3,False
4,12,9,3,0,0,256,350.96,11.316869333333337,bw,static,static,results,Results,Results_MAMBA21,MAMBA2-BWB-Results,simulator_output_MAMBA2-BWB_bwplacement_bs4_staticreq_statictask,SCRUBBED_TIME+MAMBA2-BWB_BMPD256_12_9_3,False
2,14,3,7,0,0,384,500.71,11.3452614,bw,static,static,results,Results,Results_MAMBA21,MAMBA2-BWB-Results,simulator_output_MAMBA2-BWB_bwplacement_bs2_staticreq_statictask,SCRUBBED_TIME+MAMBA2-BWB_BMPD384_14_3_7,False
4,14,9,1,0,0,384,184.4,11.3487388,bw,static,static,results,Results,Results_MAMBA21,MAMBA2-BWB-Results,simulator_output_MAMBA2-BWB_bwplacement_bs4_staticreq_statictask,SCRUBBED_TIME+MAMBA2-BWB_BMPD384_14_9_1,False
2,3,7,14,0,0,256,574.36,11.362750857142856,bw,static,static,results,Results,Results_MAMBA21,MAMBA2-BWB-Results,simulator_output_MAMBA2-BWB_bwplacement_bs2_staticreq_statictask,SCRUBBED_TIME+MAMBA2-BWB_BMPD256_3_7_14,False
2,4,6,14,0,0,512,871.83,11.427863272727274,bw,static,static,results,Results,Results_MAMBA21,MAMBA2-BWB-Results,simulator_output_MAMBA2-BWB_bwplacement_bs2_staticreq_statictask,SCRUBBED_TIME+MAMBA2-BWB_BMPD512_4_6_14,False
4,13,10,1,0,0,384,179.44,11.436631636363638,bw,static,static,results,Results,Results_MAMBA21,MAMBA2-BWB-Results,simulator_output_MAMBA2-BWB_bwplacement_bs4_staticreq_statictask,SCRUBBED_TIME+MAMBA2-BWB_BMPD384_13_10_1,False
2,7,5,12,0,0,512,950.87,11.48432282352941,bw,static,static,results,Results,Results_MAMBA21,MAMBA2-BWB-Results,simulator_output_MAMBA2-BWB_bwplacement_bs2_staticreq_statictask,SCRUBBED_TIME+MAMBA2-BWB_BMPD512_7_5_12,False
2,8,6,10,0,0,640,851.45,11.49031025,bw,static,static,results,Results,Results_MAMBA21,MAMBA2-BWB-Results,simulator_output_MAMBA2-BWB_bwplacement_bs2_staticreq_statictask,SCRUBBED_TIME+MAMBA2-BWB_BMPD640_8_6_10,False
4,11,11,2,0,0,256,234.88,11.492220923076925,bw,static,static,results,Results,Results_MAMBA21,MAMBA2-BWB-Results,simulator_output_MAMBA2-BWB_bwplacement_bs4_staticreq_statictask,SCRUBBED_TIME+MAMBA2-BWB_BMPD256_11_11_2,False
4,12,8,4,0,0,256,475.2,11.495077666666663,bw,static,static,results,Results,Results_MAMBA21,MAMBA2-BWB-Results,simulator_output_MAMBA2-BWB_bwplacement_bs4_staticreq_statictask,SCRUBBED_TIME+MAMBA2-BWB_BMPD256_12_8_4,False
4,16,6,2,0,0,256,232.48,11.5232265,bw,static,static,results,Results,Results_MAMBA21,MAMBA2-BWB-Results,simulator_output_MAMBA2-BWB_bwplacement_bs4_staticreq_statictask,SCRUBBED_TIME+MAMBA2-BWB_BMPD256_16_6_2,False
4,11,9,4,0,0,256,498.32,11.580120923076924,bw,static,static,results,Results,Results_MAMBA21,MAMBA2-BWB-Results,simulator_output_MAMBA2-BWB_bwplacement_bs4_staticreq_statictask,SCRUBBED_TIME+MAMBA2-BWB_BMPD256_11_9_4,False
2,13,3,8,0,0,256,439.71,11.595184285714286,bw,static,static,results,Results,Results_MAMBA21,MAMBA2-BWB-Results,simulator_output_MAMBA2-BWB_bwplacement_bs2_staticreq_statictask,SCRUBBED_TIME+MAMBA2-BWB_BMPD256_13_3_8,False
4,11,10,3,0,0,256,350.2,11.596667076923076,bw,static,static,results,Results,Results_MAMBA21,MAMBA2-BWB-Results,simulator_output_MAMBA2-BWB_bwplacement_bs4_staticreq_statictask,SCRUBBED_TIME+MAMBA2-BWB_BMPD256_11_10_3,False
2,12,4,8,0,0,512,765.57,11.604429833333334,bw,static,static,results,Results,Results_MAMBA21,MAMBA2-BWB-Results,simulator_output_MAMBA2-BWB_bwplacement_bs2_staticreq_statictask,SCRUBBED_TIME+MAMBA2-BWB_BMPD512_12_4_8,False
4,8,15,1,0,0,256,122.56,11.62702075,bw,static,static,results,Results,Results_MAMBA21,MAMBA2-BWB-Results,simulator_output_MAMBA2-BWB_bwplacement_bs4_staticreq_statictask,SCRUBBED_TIME+MAMBA2-BWB_BMPD256_8_15_1,False
2,8,5,11,0,0,256,562.45,11.64572625,bw,static,static,results,Results,Results_MAMBA21,MAMBA2-BWB-Results,simulator_output_MAMBA2-BWB_bwplacement_bs2_staticreq_statictask,SCRUBBED_TIME+MAMBA2-BWB_BMPD256_8_5_11,False
2,9,4,11,0,0,384,787.96,11.656138666666664,bw,static,static,results,Results,Results_MAMBA21,MAMBA2-BWB-Results,simulator_output_MAMBA2-BWB_bwplacement_bs2_staticreq_statictask,SCRUBBED_TIME+MAMBA2-BWB_BMPD384_9_4_11,False
2,2,4,18,0,0,640,575.01,11.668179333333336,bw,static,static,results,Results,Results_MAMBA21,MAMBA2-BWB-Results,simulator_output_MAMBA2-BWB_bwplacement_bs2_staticreq_statictask,SCRUBBED_TIME+MAMBA2-BWB_BMPD640_2_4_18,False
4,10,12,2,0,0,256,241.84,11.693893428571428,bw,static,static,results,Results,Results_MAMBA21,MAMBA2-BWB-Results,simulator_output_MAMBA2-BWB_bwplacement_bs4_staticreq_statictask,SCRUBBED_TIME+MAMBA2-BWB_BMPD256_10_12_2,False
2,15,3,6,0,0,512,519.81,11.695222444444443,bw,static,static,results,Results,Results_MAMBA21,MAMBA2-BWB-Results,simulator_output_MAMBA2-BWB_bwplacement_bs2_staticreq_statictask,SCRUBBED_TIME+MAMBA2-BWB_BMPD512_15_3_6,False
4,8,14,2,0,0,256,246.48,11.72093325,bw,static,static,results,Results,Results_MAMBA21,MAMBA2-BWB-Results,simulator_output_MAMBA2-BWB_bwplacement_bs4_staticreq_statictask,SCRUBBED_TIME+MAMBA2-BWB_BMPD256_8_14_2,False
2,16,3,5,0,0,640,446.56,11.7232115,bw,static,static,results,Results,Results_MAMBA21,MAMBA2-BWB-Results,simulator_output_MAMBA2-BWB_bwplacement_bs2_staticreq_statictask,SCRUBBED_TIME+MAMBA2-BWB_BMPD640_16_3_5,False
4,2,16,6,0,0,512,971.89,11.7347488,bw,static,static,results,Results,Results_MAMBA21,MAMBA2-BWB-Results,simulator_output_MAMBA2-BWB_bwplacement_bs4_staticreq_statictask,SCRUBBED_TIME+MAMBA2-BWB_BMPD512_2_16_6,False
2,11,4,9,0,0,256,471.77,11.735019076923075,bw,static,static,results,Results,Results_MAMBA21,MAMBA2-BWB-Results,simulator_output_MAMBA2-BWB_bwplacement_bs2_staticreq_statictask,SCRUBBED_TIME+MAMBA2-BWB_BMPD256_11_4_9,False
4,7,16,1,0,0,384,189.92,11.74067011764706,bw,static,static,results,Results,Results_MAMBA21,MAMBA2-BWB-Results,simulator_output_MAMBA2-BWB_bwplacement_bs4_staticreq_statictask,SCRUBBED_TIME+MAMBA2-BWB_BMPD384_7_16_1,False
2,10,5,9,0,0,640,771.99,11.751598428571429,bw,static,static,results,Results,Results_MAMBA21,MAMBA2-BWB-Results,simulator_output_MAMBA2-BWB_bwplacement_bs2_staticreq_statictask,SCRUBBED_TIME+MAMBA2-BWB_BMPD640_10_5_9,False
2,11,4,9,0,0,512,764.04,11.79168876923077,bw,static,static,results,Results,Results_MAMBA21,MAMBA2-BWB-Results,simulator_output_MAMBA2-BWB_bwplacement_bs2_staticreq_statictask,SCRUBBED_TIME+MAMBA2-BWB_BMPD512_11_4_9,False
4,13,9,2,0,0,384,360.68,11.798113454545454,bw,static,static,results,Results,Results_MAMBA21,MAMBA2-BWB-Results,simulator_output_MAMBA2-BWB_bwplacement_bs4_staticreq_statictask,SCRUBBED_TIME+MAMBA2-BWB_BMPD384_13_9_2,False
4,7,13,4,0,0,256,479.76,11.79823482352941,bw,static,static,results,Results,Results_MAMBA21,MAMBA2-BWB-Results,simulator_output_MAMBA2-BWB_bwplacement_bs4_staticreq_statictask,SCRUBBED_TIME+MAMBA2-BWB_BMPD256_7_13_4,False
2,5,6,13,0,0,256,636.88,11.818014526315787,bw,static,static,results,Results,Results_MAMBA21,MAMBA2-BWB-Results,simulator_output_MAMBA2-BWB_bwplacement_bs2_staticreq_statictask,SCRUBBED_TIME+MAMBA2-BWB_BMPD256_5_6_13,False
4,15,7,2,0,0,256,237.92,11.852180444444445,bw,static,static,results,Results,Results_MAMBA21,MAMBA2-BWB-Results,simulator_output_MAMBA2-BWB_bwplacement_bs4_staticreq_statictask,SCRUBBED_TIME+MAMBA2-BWB_BMPD256_15_7_2,False
2,13,4,7,0,0,640,598.0,11.874381454545455,bw,static,static,results,Results,Results_MAMBA21,MAMBA2-BWB-Results,simulator_output_MAMBA2-BWB_bwplacement_bs2_staticreq_statictask,SCRUBBED_TIME+MAMBA2-BWB_BMPD640_13_4_7,False
4,15,8,1,0,0,512,225.72,11.897801777777778,bw,static,static,results,Results,Results_MAMBA21,MAMBA2-BWB-Results,simulator_output_MAMBA2-BWB_bwplacement_bs4_staticreq_statictask,SCRUBBED_TIME+MAMBA2-BWB_BMPD512_15_8_1,False
4,12,10,2,0,0,384,361.76,11.907170333333331,bw,static,static,results,Results,Results_MAMBA21,MAMBA2-BWB-Results,simulator_output_MAMBA2-BWB_bwplacement_bs4_staticreq_statictask,SCRUBBED_TIME+MAMBA2-BWB_BMPD384_12_10_2,False
2,6,5,13,0,0,512,1013.04,11.967453111111112,bw,static,static,results,Results,Results_MAMBA21,MAMBA2-BWB-Results,simulator_output_MAMBA2-BWB_bwplacement_bs2_staticreq_statictask,SCRUBBED_TIME+MAMBA2-BWB_BMPD512_6_5_13,False
4,2,15,7,0,0,512,990.33,11.97857475,bw,static,static,results,Results,Results_MAMBA21,MAMBA2-BWB-Results,simulator_output_MAMBA2-BWB_bwplacement_bs4_staticreq_statictask,SCRUBBED_TIME+MAMBA2-BWB_BMPD512_2_15_7,False
4,6,17,1,0,0,384,181.68,11.979778888888887,bw,static,static,results,Results,Results_MAMBA21,MAMBA2-BWB-Results,simulator_output_MAMBA2-BWB_bwplacement_bs4_staticreq_statictask,SCRUBBED_TIME+MAMBA2-BWB_BMPD384_6_17_1,False
4,6,16,2,0,0,384,358.64,11.985028888888888,bw,static,static,results,Results,Results_MAMBA21,MAMBA2-BWB-Results,simulator_output_MAMBA2-BWB_bwplacement_bs4_staticreq_statictask,SCRUBBED_TIME+MAMBA2-BWB_BMPD384_6_16_2,False
4,10,11,3,0,0,256,346.32,11.988800571428571,bw,static,static,results,Results,Results_MAMBA21,MAMBA2-BWB-Results,simulator_output_MAMBA2-BWB_bwplacement_bs4_staticreq_statictask,SCRUBBED_TIME+MAMBA2-BWB_BMPD256_10_11_3,False
2,2,5,17,0,0,384,558.7,12.004641066666666,bw,static,static,results,Results,Results_MAMBA21,MAMBA2-BWB-Results,simulator_output_MAMBA2-BWB_bwplacement_bs2_staticreq_statictask,SCRUBBED_TIME+MAMBA2-BWB_BMPD384_2_5_17,False
4,2,13,9,0,0,512,1018.06,12.012892,bw,static,static,results,Results,Results_MAMBA21,MAMBA2-BWB-Results,simulator_output_MAMBA2-BWB_bwplacement_bs4_staticreq_statictask,SCRUBBED_TIME+MAMBA2-BWB_BMPD512_2_13_9,False
4,8,15,1,0,0,384,190.4,12.02099775,bw,static,static,results,Results,Results_MAMBA21,MAMBA2-BWB-Results,simulator_output_MAMBA2-BWB_bwplacement_bs4_staticreq_statictask,SCRUBBED_TIME+MAMBA2-BWB_BMPD384_8_15_1,False
4,9,12,3,0,0,256,350.68,12.0281528,bw,static,static,results,Results,Results_MAMBA21,MAMBA2-BWB-Results,simulator_output_MAMBA2-BWB_bwplacement_bs4_staticreq_statictask,SCRUBBED_TIME+MAMBA2-BWB_BMPD256_9_12_3,False
4,2,20,2,0,0,512,397.76,12.028159333333337,bw,static,static,results,Results,Results_MAMBA21,MAMBA2-BWB-Results,simulator_output_MAMBA2-BWB_bwplacement_bs4_staticreq_statictask,SCRUBBED_TIME+MAMBA2-BWB_BMPD512_2_20_2,False
4,12,11,1,0,0,384,194.28,12.037087,bw,static,static,results,Results,Results_MAMBA21,MAMBA2-BWB-Results,simulator_output_MAMBA2-BWB_bwplacement_bs4_staticreq_statictask,SCRUBBED_TIME+MAMBA2-BWB_BMPD384_12_11_1,False
4,14,8,2,0,0,512,457.08,12.0411684,bw,static,static,results,Results,Results_MAMBA21,MAMBA2-BWB-Results,simulator_output_MAMBA2-BWB_bwplacement_bs4_staticreq_statictask,SCRUBBED_TIME+MAMBA2-BWB_BMPD512_14_8_2,False
2,14,3,7,0,0,256,364.48,12.041713199999998,bw,static,static,results,Results,Results_MAMBA21,MAMBA2-BWB-Results,simulator_output_MAMBA2-BWB_bwplacement_bs2_staticreq_statictask,SCRUBBED_TIME+MAMBA2-BWB_BMPD256_14_3_7,False
4,13,8,3,0,0,384,529.84,12.118795272727274,bw,static,static,results,Results,Results_MAMBA21,MAMBA2-BWB-Results,simulator_output_MAMBA2-BWB_bwplacement_bs4_staticreq_statictask,SCRUBBED_TIME+MAMBA2-BWB_BMPD384_13_8_3,False
4,10,10,4,0,0,256,488.04,12.145022,bw,static,static,results,Results,Results_MAMBA21,MAMBA2-BWB-Results,simulator_output_MAMBA2-BWB_bwplacement_bs4_staticreq_statictask,SCRUBBED_TIME+MAMBA2-BWB_BMPD256_10_10_4,False
4,7,15,2,0,0,256,238.76,12.147293647058824,bw,static,static,results,Results,Results_MAMBA21,MAMBA2-BWB-Results,simulator_output_MAMBA2-BWB_bwplacement_bs4_staticreq_statictask,SCRUBBED_TIME+MAMBA2-BWB_BMPD256_7_15_2,False
4,2,19,3,0,0,512,624.8,12.168126,bw,static,static,results,Results,Results_MAMBA21,MAMBA2-BWB-Results,simulator_output_MAMBA2-BWB_bwplacement_bs4_staticreq_statictask,SCRUBBED_TIME+MAMBA2-BWB_BMPD512_2_19_3,False
4,9,14,1,0,0,384,190.08,12.1807864,bw,static,static,results,Results,Results_MAMBA21,MAMBA2-BWB-Results,simulator_output_MAMBA2-BWB_bwplacement_bs4_staticreq_statictask,SCRUBBED_TIME+MAMBA2-BWB_BMPD384_9_14_1,False
4,10,9,5,0,0,256,582.44,12.197364857142857,bw,static,static,results,Results,Results_MAMBA21,MAMBA2-BWB-Results,simulator_output_MAMBA2-BWB_bwplacement_bs4_staticreq_statictask,SCRUBBED_TIME+MAMBA2-BWB_BMPD256_10_9_5,False
4,11,12,1,0,0,384,179.96,12.203920923076923,bw,static,static,results,Results,Results_MAMBA21,MAMBA2-BWB-Results,simulator_output_MAMBA2-BWB_bwplacement_bs4_staticreq_statictask,SCRUBBED_TIME+MAMBA2-BWB_BMPD384_11_12_1,False
4,10,13,1,0,0,384,178.0,12.220640571428572,bw,static,static,results,Results,Results_MAMBA21,MAMBA2-BWB-Results,simulator_output_MAMBA2-BWB_bwplacement_bs4_staticreq_statictask,SCRUBBED_TIME+MAMBA2-BWB_BMPD384_10_13_1,False
4,2,18,4,0,0,512,796.59,12.226576,bw,static,static,results,Results,Results_MAMBA21,MAMBA2-BWB-Results,simulator_output_MAMBA2-BWB_bwplacement_bs4_staticreq_statictask,SCRUBBED_TIME+MAMBA2-BWB_BMPD512_2_18_4,False
2,7,5,12,0,0,256,587.39,12.247186823529413,bw,static,static,results,Results,Results_MAMBA21,MAMBA2-BWB-Results,simulator_output_MAMBA2-BWB_bwplacement_bs2_staticreq_statictask,SCRUBBED_TIME+MAMBA2-BWB_BMPD256_7_5_12,False
4,2,10,12,0,0,512,1025.5,12.247195789473684,bw,static,static,results,Results,Results_MAMBA21,MAMBA2-BWB-Results,simulator_output_MAMBA2-BWB_bwplacement_bs4_staticreq_statictask,SCRUBBED_TIME+MAMBA2-BWB_BMPD512_2_10_12,False
4,9,11,4,0,0,256,479.72,12.275479466666669,bw,static,static,results,Results,Results_MAMBA21,MAMBA2-BWB-Results,simulator_output_MAMBA2-BWB_bwplacement_bs4_staticreq_statictask,SCRUBBED_TIME+MAMBA2-BWB_BMPD256_9_11_4,False
2,7,6,11,0,0,640,974.69,12.280347294117648,bw,static,static,results,Results,Results_MAMBA21,MAMBA2-BWB-Results,simulator_output_MAMBA2-BWB_bwplacement_bs2_staticreq_statictask,SCRUBBED_TIME+MAMBA2-BWB_BMPD640_7_6_11,False
4,2,12,10,0,0,512,1028.0,12.288816842105264,bw,static,static,results,Results,Results_MAMBA21,MAMBA2-BWB-Results,simulator_output_MAMBA2-BWB_bwplacement_bs4_staticreq_statictask,SCRUBBED_TIME+MAMBA2-BWB_BMPD512_2_12_10,False
4,2,11,11,0,0,512,1041.34,12.292041800000002,bw,static,static,results,Results,Results_MAMBA21,MAMBA2-BWB-Results,simulator_output_MAMBA2-BWB_bwplacement_bs4_staticreq_statictask,SCRUBBED_TIME+MAMBA2-BWB_BMPD512_2_11_11,False
4,6,13,5,0,0,256,584.36,12.298872222222222,bw,static,static,results,Results,Results_MAMBA21,MAMBA2-BWB-Results,simulator_output_MAMBA2-BWB_bwplacement_bs4_staticreq_statictask,SCRUBBED_TIME+MAMBA2-BWB_BMPD256_6_13_5,False
4,2,21,1,0,0,384,175.68,12.3047464,bw,static,static,results,Results,Results_MAMBA21,MAMBA2-BWB-Results,simulator_output_MAMBA2-BWB_bwplacement_bs4_staticreq_statictask,SCRUBBED_TIME+MAMBA2-BWB_BMPD384_2_21_1,False
2,5,5,14,0,0,512,939.72,12.31824452631579,bw,static,static,results,Results,Results_MAMBA21,MAMBA2-BWB-Results,simulator_output_MAMBA2-BWB_bwplacement_bs2_staticreq_statictask,SCRUBBED_TIME+MAMBA2-BWB_BMPD512_5_5_14,False
4,11,8,5,0,0,256,575.72,12.358790153846154,bw,static,static,results,Results,Results_MAMBA21,MAMBA2-BWB-Results,simulator_output_MAMBA2-BWB_bwplacement_bs4_staticreq_statictask,SCRUBBED_TIME+MAMBA2-BWB_BMPD256_11_8_5,False
4,9,13,2,0,0,384,364.8,12.3737664,bw,static,static,results,Results,Results_MAMBA21,MAMBA2-BWB-Results,simulator_output_MAMBA2-BWB_bwplacement_bs4_staticreq_statictask,SCRUBBED_TIME+MAMBA2-BWB_BMPD384_9_13_2,False
4,2,17,5,0,0,512,942.54,12.380417666666666,bw,static,static,results,Results,Results_MAMBA21,MAMBA2-BWB-Results,simulator_output_MAMBA2-BWB_bwplacement_bs4_staticreq_statictask,SCRUBBED_TIME+MAMBA2-BWB_BMPD512_2_17_5,False
4,7,14,3,0,0,256,349.36,12.38242305882353,bw,static,static,results,Results,Results_MAMBA21,MAMBA2-BWB-Results,simulator_output_MAMBA2-BWB_bwplacement_bs4_staticreq_statictask,SCRUBBED_TIME+MAMBA2-BWB_BMPD256_7_14_3,False
4,8,12,4,0,0,256,480.76,12.411752,bw,static,static,results,Results,Results_MAMBA21,MAMBA2-BWB-Results,simulator_output_MAMBA2-BWB_bwplacement_bs4_staticreq_statictask,SCRUBBED_TIME+MAMBA2-BWB_BMPD256_8_12_4,False
2,9,5,10,0,0,640,820.56,12.4137532,bw,static,static,results,Results,Results_MAMBA21,MAMBA2-BWB-Results,simulator_output_MAMBA2-BWB_bwplacement_bs2_staticreq_statictask,SCRUBBED_TIME+MAMBA2-BWB_BMPD640_9_5_10,False
4,2,21,1,0,0,512,213.0,12.414059333333334,bw,static,static,results,Results,Results_MAMBA21,MAMBA2-BWB-Results,simulator_output_MAMBA2-BWB_bwplacement_bs4_staticreq_statictask,SCRUBBED_TIME+MAMBA2-BWB_BMPD512_2_21_1,False
2,4,6,14,0,0,256,647.38,12.4156162,bw,static,static,results,Results,Results_MAMBA21,MAMBA2-BWB-Results,simulator_output_MAMBA2-BWB_bwplacement_bs2_staticreq_statictask,SCRUBBED_TIME+MAMBA2-BWB_BMPD256_4_6_14,False
4,12,9,3,0,0,384,532.64,12.435503666666666,bw,static,static,results,Results,Results_MAMBA21,MAMBA2-BWB-Results,simulator_output_MAMBA2-BWB_bwplacement_bs4_staticreq_statictask,SCRUBBED_TIME+MAMBA2-BWB_BMPD384_12_9_3,False
4,2,18,4,0,0,384,704.92,12.435619733333333,bw,static,static,results,Results,Results_MAMBA21,MAMBA2-BWB-Results,simulator_output_MAMBA2-BWB_bwplacement_bs4_staticreq_statictask,SCRUBBED_TIME+MAMBA2-BWB_BMPD384_2_18_4,False
2,8,4,12,0,0,384,788.23,12.449281875,bw,static,static,results,Results,Results_MAMBA21,MAMBA2-BWB-Results,simulator_output_MAMBA2-BWB_bwplacement_bs2_staticreq_statictask,SCRUBBED_TIME+MAMBA2-BWB_BMPD384_8_4_12,False
2,3,6,15,0,0,640,775.28,12.46026675862069,bw,static,static,results,Results,Results_MAMBA21,MAMBA2-BWB-Results,simulator_output_MAMBA2-BWB_bwplacement_bs2_staticreq_statictask,SCRUBBED_TIME+MAMBA2-BWB_BMPD640_3_6_15,False
4,2,17,5,0,0,384,828.12,12.4721464,bw,static,static,results,Results,Results_MAMBA21,MAMBA2-BWB-Results,simulator_output_MAMBA2-BWB_bwplacement_bs4_staticreq_statictask,SCRUBBED_TIME+MAMBA2-BWB_BMPD384_2_17_5,False
4,11,11,2,0,0,384,371.08,12.502828615384615,bw,static,static,results,Results,Results_MAMBA21,MAMBA2-BWB-Results,simulator_output_MAMBA2-BWB_bwplacement_bs4_staticreq_statictask,SCRUBBED_TIME+MAMBA2-BWB_BMPD384_11_11_2,False
4,5,17,2,0,0,256,237.0,12.50492842105263,bw,static,static,results,Results,Results_MAMBA21,MAMBA2-BWB-Results,simulator_output_MAMBA2-BWB_bwplacement_bs4_staticreq_statictask,SCRUBBED_TIME+MAMBA2-BWB_BMPD256_5_17_2,False
2,10,4,10,0,0,256,513.41,12.549777142857144,bw,static,static,results,Results,Results_MAMBA21,MAMBA2-BWB-Results,simulator_output_MAMBA2-BWB_bwplacement_bs2_staticreq_statictask,SCRUBBED_TIME+MAMBA2-BWB_BMPD256_10_4_10,False
4,9,10,5,0,0,256,580.8,12.568439466666668,bw,static,static,results,Results,Results_MAMBA21,MAMBA2-BWB-Results,simulator_output_MAMBA2-BWB_bwplacement_bs4_staticreq_statictask,SCRUBBED_TIME+MAMBA2-BWB_BMPD256_9_10_5,False
2,10,4,10,0,0,512,801.95,12.575548,bw,static,static,results,Results,Results_MAMBA21,MAMBA2-BWB-Results,simulator_output_MAMBA2-BWB_bwplacement_bs2_staticreq_statictask,SCRUBBED_TIME+MAMBA2-BWB_BMPD512_10_4_10,False
2,5,6,13,0,0,640,961.28,12.58490947368421,bw,static,static,results,Results,Results_MAMBA21,MAMBA2-BWB-Results,simulator_output_MAMBA2-BWB_bwplacement_bs2_staticreq_statictask,SCRUBBED_TIME+MAMBA2-BWB_BMPD640_5_6_13,False
4,16,7,1,0,0,384,188.4,12.596227,bw,static,static,results,Results,Results_MAMBA21,MAMBA2-BWB-Results,simulator_output_MAMBA2-BWB_bwplacement_bs4_staticreq_statictask,SCRUBBED_TIME+MAMBA2-BWB_BMPD384_16_7_1,False
4,8,14,2,0,0,384,371.84,12.60903525,bw,static,static,results,Results,Results_MAMBA21,MAMBA2-BWB-Results,simulator_output_MAMBA2-BWB_bwplacement_bs4_staticreq_statictask,SCRUBBED_TIME+MAMBA2-BWB_BMPD384_8_14_2,False
4,14,7,3,0,0,256,348.84,12.609258,bw,static,static,results,Results,Results_MAMBA21,MAMBA2-BWB-Results,simulator_output_MAMBA2-BWB_bwplacement_bs4_staticreq_statictask,SCRUBBED_TIME+MAMBA2-BWB_BMPD256_14_7_3,False
4,5,18,1,0,0,256,120.36,12.622675789473684,bw,static,static,results,Results,Results_MAMBA21,MAMBA2-BWB-Results,simulator_output_MAMBA2-BWB_bwplacement_bs4_staticreq_statictask,SCRUBBED_TIME+MAMBA2-BWB_BMPD256_5_18_1,False
2,13,3,8,0,0,384,624.76,12.628503454545456,bw,static,static,results,Results,Results_MAMBA21,MAMBA2-BWB-Results,simulator_output_MAMBA2-BWB_bwplacement_bs2_staticreq_statictask,SCRUBBED_TIME+MAMBA2-BWB_BMPD384_13_3_8,False
4,15,6,3,0,0,256,340.92,12.651158222222222,bw,static,static,results,Results,Results_MAMBA21,MAMBA2-BWB-Results,simulator_output_MAMBA2-BWB_bwplacement_bs4_staticreq_statictask,SCRUBBED_TIME+MAMBA2-BWB_BMPD256_15_6_3,False
4,7,16,1,0,0,512,210.48,12.66267482352941,bw,static,static,results,Results,Results_MAMBA21,MAMBA2-BWB-Results,simulator_output_MAMBA2-BWB_bwplacement_bs4_staticreq_statictask,SCRUBBED_TIME+MAMBA2-BWB_BMPD512_7_16_1,False
4,2,21,1,0,0,256,116.72,12.666238888888888,bw,static,static,results,Results,Results_MAMBA21,MAMBA2-BWB-Results,simulator_output_MAMBA2-BWB_bwplacement_bs4_staticreq_statictask,SCRUBBED_TIME+MAMBA2-BWB_BMPD256_2_21_1,False
4,10,12,2,0,0,384,353.4,12.68978342857143,bw,static,static,results,Results,Results_MAMBA21,MAMBA2-BWB-Results,simulator_output_MAMBA2-BWB_bwplacement_bs4_staticreq_statictask,SCRUBBED_TIME+MAMBA2-BWB_BMPD384_10_12_2,False
2,7,4,13,0,0,384,842.25,12.692619176470588,bw,static,static,results,Results,Results_MAMBA21,MAMBA2-BWB-Results,simulator_output_MAMBA2-BWB_bwplacement_bs2_staticreq_statictask,SCRUBBED_TIME+MAMBA2-BWB_BMPD384_7_4_13,False
2,6,6,12,0,0,640,932.04,12.708441222222222,bw,static,static,results,Results,Results_MAMBA21,MAMBA2-BWB-Results,simulator_output_MAMBA2-BWB_bwplacement_bs2_staticreq_statictask,SCRUBBED_TIME+MAMBA2-BWB_BMPD640_6_6_12,False
4,11,10,3,0,0,384,534.04,12.770990153846157,bw,static,static,results,Results,Results_MAMBA21,MAMBA2-BWB-Results,simulator_output_MAMBA2-BWB_bwplacement_bs4_staticreq_statictask,SCRUBBED_TIME+MAMBA2-BWB_BMPD384_11_10_3,False
4,6,15,3,0,0,256,344.36,12.788505555555556,bw,static,static,results,Results,Results_MAMBA21,MAMBA2-BWB-Results,simulator_output_MAMBA2-BWB_bwplacement_bs4_staticreq_statictask,SCRUBBED_TIME+MAMBA2-BWB_BMPD256_6_15_3,False
4,9,9,6,0,0,256,686.4,12.803472800000002,bw,static,static,results,Results,Results_MAMBA21,MAMBA2-BWB-Results,simulator_output_MAMBA2-BWB_bwplacement_bs4_staticreq_statictask,SCRUBBED_TIME+MAMBA2-BWB_BMPD256_9_9_6,False
2,3,7,14,0,0,384,741.28,12.811889333333331,bw,static,static,results,Results,Results_MAMBA21,MAMBA2-BWB-Results,simulator_output_MAMBA2-BWB_bwplacement_bs2_staticreq_statictask,SCRUBBED_TIME+MAMBA2-BWB_BMPD384_3_7_14,False
4,16,5,3,0,0,256,341.24,12.823589,bw,static,static,results,Results,Results_MAMBA21,MAMBA2-BWB-Results,simulator_output_MAMBA2-BWB_bwplacement_bs4_staticreq_statictask,SCRUBBED_TIME+MAMBA2-BWB_BMPD256_16_5_3,False
4,8,11,5,0,0,256,583.84,12.83208325,bw,static,static,results,Results,Results_MAMBA21,MAMBA2-BWB-Results,simulator_output_MAMBA2-BWB_bwplacement_bs4_staticreq_statictask,SCRUBBED_TIME+MAMBA2-BWB_BMPD256_8_11_5,False
4,4,18,2,0,0,256,229.44,12.8330952,bw,static,static,results,Results,Results_MAMBA21,MAMBA2-BWB-Results,simulator_output_MAMBA2-BWB_bwplacement_bs4_staticreq_statictask,SCRUBBED_TIME+MAMBA2-BWB_BMPD256_4_18_2,False
4,7,15,2,0,0,384,372.36,12.83858188235294,bw,static,static,results,Results,Results_MAMBA21,MAMBA2-BWB-Results,simulator_output_MAMBA2-BWB_bwplacement_bs4_staticreq_statictask,SCRUBBED_TIME+MAMBA2-BWB_BMPD384_7_15_2,False
4,2,18,4,0,0,256,468.2,12.949172222222222,bw,static,static,results,Results,Results_MAMBA21,MAMBA2-BWB-Results,simulator_output_MAMBA2-BWB_bwplacement_bs4_staticreq_statictask,SCRUBBED_TIME+MAMBA2-BWB_BMPD256_2_18_4,False
4,13,8,3,0,0,512,624.36,12.961312727272729,bw,static,static,results,Results,Results_MAMBA21,MAMBA2-BWB-Results,simulator_output_MAMBA2-BWB_bwplacement_bs4_staticreq_statictask,SCRUBBED_TIME+MAMBA2-BWB_BMPD512_13_8_3,False
4,2,20,2,0,0,384,352.56,12.974093066666669,bw,static,static,results,Results,Results_MAMBA21,MAMBA2-BWB-Results,simulator_output_MAMBA2-BWB_bwplacement_bs4_staticreq_statictask,SCRUBBED_TIME+MAMBA2-BWB_BMPD384_2_20_2,False
4,13,10,1,0,0,512,218.24,12.97434,bw,static,static,results,Results,Results_MAMBA21,MAMBA2-BWB-Results,simulator_output_MAMBA2-BWB_bwplacement_bs4_staticreq_statictask,SCRUBBED_TIME+MAMBA2-BWB_BMPD512_13_10_1,False
2,6,5,13,0,0,256,644.7,12.98036377777778,bw,static,static,results,Results,Results_MAMBA21,MAMBA2-BWB-Results,simulator_output_MAMBA2-BWB_bwplacement_bs2_staticreq_statictask,SCRUBBED_TIME+MAMBA2-BWB_BMPD256_6_5_13,False
2,2,5,17,0,0,256,605.0,12.982802666666666,bw,static,static,results,Results,Results_MAMBA21,MAMBA2-BWB-Results,simulator_output_MAMBA2-BWB_bwplacement_bs2_staticreq_statictask,SCRUBBED_TIME+MAMBA2-BWB_BMPD256_2_5_17,False
2,4,5,15,0,0,512,869.86,12.9927375,bw,static,static,results,Results,Results_MAMBA21,MAMBA2-BWB-Results,simulator_output_MAMBA2-BWB_bwplacement_bs2_staticreq_statictask,SCRUBBED_TIME+MAMBA2-BWB_BMPD512_4_5_15,False
2,3,6,15,0,0,256,571.22,12.996346095238096,bw,static,static,results,Results,Results_MAMBA21,MAMBA2-BWB-Results,simulator_output_MAMBA2-BWB_bwplacement_bs2_staticreq_statictask,SCRUBBED_TIME+MAMBA2-BWB_BMPD256_3_6_15,False
2,12,4,8,0,0,640,742.49,13.020454333333332,bw,static,static,results,Results,Results_MAMBA21,MAMBA2-BWB-Results,simulator_output_MAMBA2-BWB_bwplacement_bs2_staticreq_statictask,SCRUBBED_TIME+MAMBA2-BWB_BMPD640_12_4_8,False
4,9,12,3,0,0,384,534.88,13.028119733333332,bw,static,static,results,Results,Results_MAMBA21,MAMBA2-BWB-Results,simulator_output_MAMBA2-BWB_bwplacement_bs4_staticreq_statictask,SCRUBBED_TIME+MAMBA2-BWB_BMPD384_9_12_3,False
4,14,9,1,0,0,512,229.84,13.0285984,bw,static,static,results,Results,Results_MAMBA21,MAMBA2-BWB-Results,simulator_output_MAMBA2-BWB_bwplacement_bs4_staticreq_statictask,SCRUBBED_TIME+MAMBA2-BWB_BMPD512_14_9_1,False
4,11,9,4,0,0,384,725.96,13.029090153846154,bw,static,static,results,Results,Results_MAMBA21,MAMBA2-BWB-Results,simulator_output_MAMBA2-BWB_bwplacement_bs4_staticreq_statictask,SCRUBBED_TIME+MAMBA2-BWB_BMPD384_11_9_4,False
4,8,10,6,0,0,256,684.76,13.03640825,bw,static,static,results,Results,Results_MAMBA21,MAMBA2-BWB-Results,simulator_output_MAMBA2-BWB_bwplacement_bs4_staticreq_statictask,SCRUBBED_TIME+MAMBA2-BWB_BMPD256_8_10_6,False
4,2,16,6,0,0,384,902.52,13.0368664,bw,static,static,results,Results,Results_MAMBA21,MAMBA2-BWB-Results,simulator_output_MAMBA2-BWB_bwplacement_bs4_staticreq_statictask,SCRUBBED_TIME+MAMBA2-BWB_BMPD384_2_16_6,False
4,16,6,2,0,0,384,365.64,13.0390145,bw,static,static,results,Results,Results_MAMBA21,MAMBA2-BWB-Results,simulator_output_MAMBA2-BWB_bwplacement_bs4_staticreq_statictask,SCRUBBED_TIME+MAMBA2-BWB_BMPD384_16_6_2,False
4,2,19,3,0,0,256,338.04,13.046427777777778,bw,static,static,results,Results,Results_MAMBA21,MAMBA2-BWB-Results,simulator_output_MAMBA2-BWB_bwplacement_bs4_staticreq_statictask,SCRUBBED_TIME+MAMBA2-BWB_BMPD256_2_19_3,False
4,2,17,5,0,0,256,573.12,13.061416666666666,bw,static,static,results,Results,Results_MAMBA21,MAMBA2-BWB-Results,simulator_output_MAMBA2-BWB_bwplacement_bs4_staticreq_statictask,SCRUBBED_TIME+MAMBA2-BWB_BMPD256_2_17_5,False
4,12,8,4,0,0,384,722.68,13.071345333333332,bw,static,static,results,Results,Results_MAMBA21,MAMBA2-BWB-Results,simulator_output_MAMBA2-BWB_bwplacement_bs4_staticreq_statictask,SCRUBBED_TIME+MAMBA2-BWB_BMPD384_12_8_4,False
4,2,19,3,0,0,384,523.48,13.0736864,bw,static,static,results,Results,Results_MAMBA21,MAMBA2-BWB-Results,simulator_output_MAMBA2-BWB_bwplacement_bs4_staticreq_statictask,SCRUBBED_TIME+MAMBA2-BWB_BMPD384_2_19_3,False
4,6,14,4,0,0,256,474.0,13.094533333333334,bw,static,static,results,Results,Results_MAMBA21,MAMBA2-BWB-Results,simulator_output_MAMBA2-BWB_bwplacement_bs4_staticreq_statictask,SCRUBBED_TIME+MAMBA2-BWB_BMPD256_6_14_4,False
4,2,20,2,0,0,256,238.92,13.098705555555556,bw,static,static,results,Results,Results_MAMBA21,MAMBA2-BWB-Results,simulator_output_MAMBA2-BWB_bwplacement_bs4_staticreq_statictask,SCRUBBED_TIME+MAMBA2-BWB_BMPD256_2_20_2,False
2,14,3,7,0,0,512,560.43,13.1013612,bw,static,static,results,Results,Results_MAMBA21,MAMBA2-BWB-Results,simulator_output_MAMBA2-BWB_bwplacement_bs2_staticreq_statictask,SCRUBBED_TIME+MAMBA2-BWB_BMPD512_14_3_7,False
4,10,8,6,0,0,256,681.16,13.101407714285717,bw,static,static,results,Results,Results_MAMBA21,MAMBA2-BWB-Results,simulator_output_MAMBA2-BWB_bwplacement_bs4_staticreq_statictask,SCRUBBED_TIME+MAMBA2-BWB_BMPD256_10_8_6,False
4,2,15,7,0,0,384,954.55,13.1139664,bw,static,static,results,Results,Results_MAMBA21,MAMBA2-BWB-Results,simulator_output_MAMBA2-BWB_bwplacement_bs4_staticreq_statictask,SCRUBBED_TIME+MAMBA2-BWB_BMPD384_2_15_7,False
4,10,11,3,0,0,384,531.6,13.141704857142855,bw,static,static,results,Results,Results_MAMBA21,MAMBA2-BWB-Results,simulator_output_MAMBA2-BWB_bwplacement_bs4_staticreq_statictask,SCRUBBED_TIME+MAMBA2-BWB_BMPD384_10_11_3,False
4,7,14,3,0,0,384,536.36,13.17507011764706,bw,static,static,results,Results,Results_MAMBA21,MAMBA2-BWB-Results,simulator_output_MAMBA2-BWB_bwplacement_bs4_staticreq_statictask,SCRUBBED_TIME+MAMBA2-BWB_BMPD384_7_14_3,False
4,8,13,3,0,0,384,536.72,13.2061165,bw,static,static,results,Results,Results_MAMBA21,MAMBA2-BWB-Results,simulator_output_MAMBA2-BWB_bwplacement_bs4_staticreq_statictask,SCRUBBED_TIME+MAMBA2-BWB_BMPD384_8_13_3,False
2,6,4,14,0,0,384,835.1,13.212312444444445,bw,static,static,results,Results,Results_MAMBA21,MAMBA2-BWB-Results,simulator_output_MAMBA2-BWB_bwplacement_bs2_staticreq_statictask,SCRUBBED_TIME+MAMBA2-BWB_BMPD384_6_4_14,False
2,15,3,6,0,0,640,501.29,13.24811777777778,bw,static,static,results,Results,Results_MAMBA21,MAMBA2-BWB-Results,simulator_output_MAMBA2-BWB_bwplacement_bs2_staticreq_statictask,SCRUBBED_TIME+MAMBA2-BWB_BMPD640_15_3_6,False
4,4,19,1,0,0,256,119.08,13.2801652,bw,static,static,results,Results,Results_MAMBA21,MAMBA2-BWB-Results,simulator_output_MAMBA2-BWB_bwplacement_bs4_staticreq_statictask,SCRUBBED_TIME+MAMBA2-BWB_BMPD256_4_19_1,False
4,7,11,6,0,0,256,686.88,13.28223482352941,bw,static,static,results,Results,Results_MAMBA21,MAMBA2-BWB-Results,simulator_output_MAMBA2-BWB_bwplacement_bs4_staticreq_statictask,SCRUBBED_TIME+MAMBA2-BWB_BMPD256_7_11_6,False
4,13,9,2,0,0,512,460.4,13.284176363636364,bw,static,static,results,Results,Results_MAMBA21,MAMBA2-BWB-Results,simulator_output_MAMBA2-BWB_bwplacement_bs4_staticreq_statictask,SCRUBBED_TIME+MAMBA2-BWB_BMPD512_13_9_2,False
4,5,17,2,0,0,384,353.0,13.289540631578946,bw,static,static,results,Results,Results_MAMBA21,MAMBA2-BWB-Results,simulator_output_MAMBA2-BWB_bwplacement_bs4_staticreq_statictask,SCRUBBED_TIME+MAMBA2-BWB_BMPD384_5_17_2,False
2,4,6,14,0,0,640,886.67,13.29446494117647,bw,static,static,results,Results,Results_MAMBA21,MAMBA2-BWB-Results,simulator_output_MAMBA2-BWB_bwplacement_bs2_staticreq_statictask,SCRUBBED_TIME+MAMBA2-BWB_BMPD640_4_6_14,False
4,2,14,8,0,0,384,895.16,13.3018264,bw,static,static,results,Results,Results_MAMBA21,MAMBA2-BWB-Results,simulator_output_MAMBA2-BWB_bwplacement_bs4_staticreq_statictask,SCRUBBED_TIME+MAMBA2-BWB_BMPD384_2_14_8,False
2,9,4,11,0,0,256,539.46,13.304752266666668,bw,static,static,results,Results,Results_MAMBA21,MAMBA2-BWB-Results,simulator_output_MAMBA2-BWB_bwplacement_bs2_staticreq_statictask,SCRUBBED_TIME+MAMBA2-BWB_BMPD256_9_4_11,False
4,2,17,5,0,0,640,933.22,13.305694,bw,static,static,results,Results,Results_MAMBA21,MAMBA2-BWB-Results,simulator_output_MAMBA2-BWB_bwplacement_bs4_staticreq_statictask,SCRUBBED_TIME+MAMBA2-BWB_BMPD640_2_17_5,False
2,8,5,11,0,0,640,943.81,13.31236025,bw,static,static,results,Results,Results_MAMBA21,MAMBA2-BWB-Results,simulator_output_MAMBA2-BWB_bwplacement_bs2_staticreq_statictask,SCRUBBED_TIME+MAMBA2-BWB_BMPD640_8_5_11,False
2,12,3,9,0,0,384,622.91,13.313697333333334,bw,static,static,results,Results,Results_MAMBA21,MAMBA2-BWB-Results,simulator_output_MAMBA2-BWB_bwplacement_bs2_staticreq_statictask,SCRUBBED_TIME+MAMBA2-BWB_BMPD384_12_3_9,False
4,14,9,1,0,0,640,227.6,13.3347432,bw,static,static,results,Results,Results_MAMBA21,MAMBA2-BWB-Results,simulator_output_MAMBA2-BWB_bwplacement_bs4_staticreq_statictask,SCRUBBED_TIME+MAMBA2-BWB_BMPD640_14_9_1,False
4,10,10,4,0,0,384,724.52,13.339583428571428,bw,static,static,results,Results,Results_MAMBA21,MAMBA2-BWB-Results,simulator_output_MAMBA2-BWB_bwplacement_bs4_staticreq_statictask,SCRUBBED_TIME+MAMBA2-BWB_BMPD384_10_10_4,False
2,16,2,6,0,0,384,399.74,13.340175,bw,static,static,results,Results,Results_MAMBA21,MAMBA2-BWB-Results,simulator_output_MAMBA2-BWB_bwplacement_bs2_staticreq_statictask,SCRUBBED_TIME+MAMBA2-BWB_BMPD384_16_2_6,False
4,2,16,6,0,0,640,966.67,13.348260666666668,bw,static,static,results,Results,Results_MAMBA21,MAMBA2-BWB-Results,simulator_output_MAMBA2-BWB_bwplacement_bs4_staticreq_statictask,SCRUBBED_TIME+MAMBA2-BWB_BMPD640_2_16_6,False
2,11,3,10,0,0,384,673.14,13.442107846153846,bw,static,static,results,Results,Results_MAMBA21,MAMBA2-BWB-Results,simulator_output_MAMBA2-BWB_bwplacement_bs2_staticreq_statictask,SCRUBBED_TIME+MAMBA2-BWB_BMPD384_11_3_10,False
4,2,13,9,0,0,384,992.35,13.455633066666666,bw,static,static,results,Results,Results_MAMBA21,MAMBA2-BWB-Results,simulator_output_MAMBA2-BWB_bwplacement_bs4_staticreq_statictask,SCRUBBED_TIME+MAMBA2-BWB_BMPD384_2_13_9,False
4,9,11,4,0,0,384,700.52,13.4743064,bw,static,static,results,Results,Results_MAMBA21,MAMBA2-BWB-Results,simulator_output_MAMBA2-BWB_bwplacement_bs4_staticreq_statictask,SCRUBBED_TIME+MAMBA2-BWB_BMPD384_9_11_4,False
4,13,7,4,0,0,256,469.32,13.496551636363638,bw,static,static,results,Results,Results_MAMBA21,MAMBA2-BWB-Results,simulator_output_MAMBA2-BWB_bwplacement_bs4_staticreq_statictask,SCRUBBED_TIME+MAMBA2-BWB_BMPD256_13_7_4,False
4,15,7,2,0,0,384,364.76,13.511243111111112,bw,static,static,results,Results,Results_MAMBA21,MAMBA2-BWB-Results,simulator_output_MAMBA2-BWB_bwplacement_bs4_staticreq_statictask,SCRUBBED_TIME+MAMBA2-BWB_BMPD384_15_7_2,False
4,6,16,2,0,0,512,438.32,13.520358666666668,bw,static,static,results,Results,Results_MAMBA21,MAMBA2-BWB-Results,simulator_output_MAMBA2-BWB_bwplacement_bs4_staticreq_statictask,SCRUBBED_TIME+MAMBA2-BWB_BMPD512_6_16_2,False
4,5,16,3,0,0,256,338.36,13.527291578947368,bw,static,static,results,Results,Results_MAMBA21,MAMBA2-BWB-Results,simulator_output_MAMBA2-BWB_bwplacement_bs4_staticreq_statictask,SCRUBBED_TIME+MAMBA2-BWB_BMPD256_5_16_3,False
4,2,12,10,0,0,384,1029.78,13.534913066666666,bw,static,static,results,Results,Results_MAMBA21,MAMBA2-BWB-Results,simulator_output_MAMBA2-BWB_bwplacement_bs4_staticreq_statictask,SCRUBBED_TIME+MAMBA2-BWB_BMPD384_2_12_10,False
4,15,8,1,0,0,640,214.08,13.536052,bw,static,static,results,Results,Results_MAMBA21,MAMBA2-BWB-Results,simulator_output_MAMBA2-BWB_bwplacement_bs4_staticreq_statictask,SCRUBBED_TIME+MAMBA2-BWB_BMPD640_15_8_1,False
2,11,4,9,0,0,640,738.12,13.552568307692308,bw,static,static,results,Results,Results_MAMBA21,MAMBA2-BWB-Results,simulator_output_MAMBA2-BWB_bwplacement_bs2_staticreq_statictask,SCRUBBED_TIME+MAMBA2-BWB_BMPD640_11_4_9,False
4,8,9,7,0,0,256,747.8,13.55693325,bw,static,static,results,Results,Results_MAMBA21,MAMBA2-BWB-Results,simulator_output_MAMBA2-BWB_bwplacement_bs4_staticreq_statictask,SCRUBBED_TIME+MAMBA2-BWB_BMPD256_8_9_7,False
4,14,6,4,0,0,256,447.4,13.565278,bw,static,static,results,Results,Results_MAMBA21,MAMBA2-BWB-Results,simulator_output_MAMBA2-BWB_bwplacement_bs4_staticreq_statictask,SCRUBBED_TIME+MAMBA2-BWB_BMPD256_14_6_4,False
4,2,19,3,0,0,640,622.6,13.567610666666669,bw,static,static,results,Results,Results_MAMBA21,MAMBA2-BWB-Results,simulator_output_MAMBA2-BWB_bwplacement_bs4_staticreq_statictask,SCRUBBED_TIME+MAMBA2-BWB_BMPD640_2_19_3,False
4,9,14,1,0,0,512,218.44,13.588395466666666,bw,static,static,results,Results,Results_MAMBA21,MAMBA2-BWB-Results,simulator_output_MAMBA2-BWB_bwplacement_bs4_staticreq_statictask,SCRUBBED_TIME+MAMBA2-BWB_BMPD512_9_14_1,False
4,7,12,5,0,0,256,580.32,13.59938776470588,bw,static,static,results,Results,Results_MAMBA21,MAMBA2-BWB-Results,simulator_output_MAMBA2-BWB_bwplacement_bs4_staticreq_statictask,SCRUBBED_TIME+MAMBA2-BWB_BMPD256_7_12_5,False
4,2,10,12,0,0,640,1021.74,13.602626222222222,bw,static,static,results,Results,Results_MAMBA21,MAMBA2-BWB-Results,simulator_output_MAMBA2-BWB_bwplacement_bs4_staticreq_statictask,SCRUBBED_TIME+MAMBA2-BWB_BMPD640_2_10_12,False
4,12,10,2,0,0,512,425.04,13.615617666666664,bw,static,static,results,Results,Results_MAMBA21,MAMBA2-BWB-Results,simulator_output_MAMBA2-BWB_bwplacement_bs4_staticreq_statictask,SCRUBBED_TIME+MAMBA2-BWB_BMPD512_12_10_2,False
4,4,16,4,0,0,256,462.6,13.6245002,bw,static,static,results,Results,Results_MAMBA21,MAMBA2-BWB-Results,simulator_output_MAMBA2-BWB_bwplacement_bs4_staticreq_statictask,SCRUBBED_TIME+MAMBA2-BWB_BMPD256_4_16_4,False
4,10,9,5,0,0,384,887.68,13.636662,bw,static,static,results,Results,Results_MAMBA21,MAMBA2-BWB-Results,simulator_output_MAMBA2-BWB_bwplacement_bs4_staticreq_statictask,SCRUBBED_TIME+MAMBA2-BWB_BMPD384_10_9_5,False
4,2,18,4,0,0,640,815.19,13.639002333333334,bw,static,static,results,Results,Results_MAMBA21,MAMBA2-BWB-Results,simulator_output_MAMBA2-BWB_bwplacement_bs4_staticreq_statictask,SCRUBBED_TIME+MAMBA2-BWB_BMPD640_2_18_4,False
4,2,20,2,0,0,640,403.28,13.644977333333332,bw,static,static,results,Results,Results_MAMBA21,MAMBA2-BWB-Results,simulator_output_MAMBA2-BWB_bwplacement_bs4_staticreq_statictask,SCRUBBED_TIME+MAMBA2-BWB_BMPD640_2_20_2,False
4,2,13,9,0,0,640,1003.03,13.6451155,bw,static,static,results,Results,Results_MAMBA21,MAMBA2-BWB-Results,simulator_output_MAMBA2-BWB_bwplacement_bs4_staticreq_statictask,SCRUBBED_TIME+MAMBA2-BWB_BMPD640_2_13_9,False
4,2,14,8,0,0,640,1005.5,13.660003,bw,static,static,results,Results,Results_MAMBA21,MAMBA2-BWB-Results,simulator_output_MAMBA2-BWB_bwplacement_bs4_staticreq_statictask,SCRUBBED_TIME+MAMBA2-BWB_BMPD640_2_14_8,False
4,2,13,9,0,0,256,916.12,13.670561111111112,bw,static,static,results,Results,Results_MAMBA21,MAMBA2-BWB-Results,simulator_output_MAMBA2-BWB_bwplacement_bs4_staticreq_statictask,SCRUBBED_TIME+MAMBA2-BWB_BMPD256_2_13_9,False
2,5,5,14,0,0,256,637.55,13.680367157894736,bw,static,static,results,Results,Results_MAMBA21,MAMBA2-BWB-Results,simulator_output_MAMBA2-BWB_bwplacement_bs2_staticreq_statictask,SCRUBBED_TIME+MAMBA2-BWB_BMPD256_5_5_14,False
4,2,9,13,0,0,640,1017.25,13.684548444444443,bw,static,static,results,Results,Results_MAMBA21,MAMBA2-BWB-Results,simulator_output_MAMBA2-BWB_bwplacement_bs4_staticreq_statictask,SCRUBBED_TIME+MAMBA2-BWB_BMPD640_2_9_13,False
4,6,14,4,0,0,384,725.24,13.692328888888888,bw,static,static,results,Results,Results_MAMBA21,MAMBA2-BWB-Results,simulator_output_MAMBA2-BWB_bwplacement_bs4_staticreq_statictask,SCRUBBED_TIME+MAMBA2-BWB_BMPD384_6_14_4,False
4,2,14,8,0,0,256,900.08,13.704422222222222,bw,static,static,results,Results,Results_MAMBA21,MAMBA2-BWB-Results,simulator_output_MAMBA2-BWB_bwplacement_bs4_staticreq_statictask,SCRUBBED_TIME+MAMBA2-BWB_BMPD256_2_14_8,False
2,9,4,11,0,0,512,872.34,13.711120800000002,bw,static,static,results,Results,Results_MAMBA21,MAMBA2-BWB-Results,simulator_output_MAMBA2-BWB_bwplacement_bs2_staticreq_statictask,SCRUBBED_TIME+MAMBA2-BWB_BMPD512_9_4_11,False
4,2,15,7,0,0,256,741.28,13.7121,bw,static,static,results,Results,Results_MAMBA21,MAMBA2-BWB-Results,simulator_output_MAMBA2-BWB_bwplacement_bs4_staticreq_statictask,SCRUBBED_TIME+MAMBA2-BWB_BMPD256_2_15_7,False
4,6,15,3,0,0,384,536.4,13.712384444444444,bw,static,static,results,Results,Results_MAMBA21,MAMBA2-BWB-Results,simulator_output_MAMBA2-BWB_bwplacement_bs4_staticreq_statictask,SCRUBBED_TIME+MAMBA2-BWB_BMPD384_6_15_3,False
4,10,13,1,0,0,512,214.64,13.762524285714283,bw,static,static,results,Results,Results_MAMBA21,MAMBA2-BWB-Results,simulator_output_MAMBA2-BWB_bwplacement_bs4_staticreq_statictask,SCRUBBED_TIME+MAMBA2-BWB_BMPD512_10_13_1,False
4,2,12,10,0,0,640,1006.6,13.7741905,bw,static,static,results,Results,Results_MAMBA21,MAMBA2-BWB-Results,simulator_output_MAMBA2-BWB_bwplacement_bs4_staticreq_statictask,SCRUBBED_TIME+MAMBA2-BWB_BMPD640_2_12_10,False
4,2,11,11,0,0,384,1044.72,13.8014664,bw,static,static,results,Results,Results_MAMBA21,MAMBA2-BWB-Results,simulator_output_MAMBA2-BWB_bwplacement_bs4_staticreq_statictask,SCRUBBED_TIME+MAMBA2-BWB_BMPD384_2_11_11,False
2,7,5,12,0,0,640,907.25,13.814941411764703,bw,static,static,results,Results,Results_MAMBA21,MAMBA2-BWB-Results,simulator_output_MAMBA2-BWB_bwplacement_bs2_staticreq_statictask,SCRUBBED_TIME+MAMBA2-BWB_BMPD640_7_5_12,False
4,6,11,7,0,0,256,749.56,13.821661111111112,bw,static,static,results,Results,Results_MAMBA21,MAMBA2-BWB-Results,simulator_output_MAMBA2-BWB_bwplacement_bs4_staticreq_statictask,SCRUBBED_TIME+MAMBA2-BWB_BMPD256_6_11_7,False
4,16,6,2,0,0,512,432.64,13.823053,bw,static,static,results,Results,Results_MAMBA21,MAMBA2-BWB-Results,simulator_output_MAMBA2-BWB_bwplacement_bs4_staticreq_statictask,SCRUBBED_TIME+MAMBA2-BWB_BMPD512_16_6_2,False
4,5,18,1,0,0,384,174.92,13.844214315789474,bw,static,static,results,Results,Results_MAMBA21,MAMBA2-BWB-Results,simulator_output_MAMBA2-BWB_bwplacement_bs4_staticreq_statictask,SCRUBBED_TIME+MAMBA2-BWB_BMPD384_5_18_1,False
4,7,13,4,0,0,384,727.92,13.862452470588234,bw,static,static,results,Results,Results_MAMBA21,MAMBA2-BWB-Results,simulator_output_MAMBA2-BWB_bwplacement_bs4_staticreq_statictask,SCRUBBED_TIME+MAMBA2-BWB_BMPD384_7_13_4,False
4,6,12,6,0,0,256,682.68,13.866605555555555,bw,static,static,results,Results,Results_MAMBA21,MAMBA2-BWB-Results,simulator_output_MAMBA2-BWB_bwplacement_bs4_staticreq_statictask,SCRUBBED_TIME+MAMBA2-BWB_BMPD256_6_12_6,False
4,3,17,4,0,0,256,461.88,13.866756952380952,bw,static,static,results,Results,Results_MAMBA21,MAMBA2-BWB-Results,simulator_output_MAMBA2-BWB_bwplacement_bs4_staticreq_statictask,SCRUBBED_TIME+MAMBA2-BWB_BMPD256_3_17_4,False
4,9,8,7,0,0,256,745.68,13.868119466666666,bw,static,static,results,Results,Results_MAMBA21,MAMBA2-BWB-Results,simulator_output_MAMBA2-BWB_bwplacement_bs4_staticreq_statictask,SCRUBBED_TIME+MAMBA2-BWB_BMPD256_9_8_7,False
4,4,13,7,0,0,256,739.84,13.8687352,bw,static,static,results,Results,Results_MAMBA21,MAMBA2-BWB-Results,simulator_output_MAMBA2-BWB_bwplacement_bs4_staticreq_statictask,SCRUBBED_TIME+MAMBA2-BWB_BMPD256_4_13_7,False
4,2,21,1,0,0,640,223.6,13.870119,bw,static,static,results,Results,Results_MAMBA21,MAMBA2-BWB-Results,simulator_output_MAMBA2-BWB_bwplacement_bs4_staticreq_statictask,SCRUBBED_TIME+MAMBA2-BWB_BMPD640_2_21_1,False
4,8,12,4,0,0,384,723.76,13.883729,bw,static,static,results,Results,Results_MAMBA21,MAMBA2-BWB-Results,simulator_output_MAMBA2-BWB_bwplacement_bs4_staticreq_statictask,SCRUBBED_TIME+MAMBA2-BWB_BMPD384_8_12_4,False
4,16,7,1,0,0,512,207.24,13.8892155,bw,static,static,results,Results,Results_MAMBA21,MAMBA2-BWB-Results,simulator_output_MAMBA2-BWB_bwplacement_bs4_staticreq_statictask,SCRUBBED_TIME+MAMBA2-BWB_BMPD512_16_7_1,False
4,4,17,3,0,0,256,336.68,13.911045199999998,bw,static,static,results,Results,Results_MAMBA21,MAMBA2-BWB-Results,simulator_output_MAMBA2-BWB_bwplacement_bs4_staticreq_statictask,SCRUBBED_TIME+MAMBA2-BWB_BMPD256_4_17_3,False
4,12,11,1,0,0,512,219.0,13.918126,bw,static,static,results,Results,Results_MAMBA21,MAMBA2-BWB-Results,simulator_output_MAMBA2-BWB_bwplacement_bs4_staticreq_statictask,SCRUBBED_TIME+MAMBA2-BWB_BMPD512_12_11_1,False
4,2,16,6,0,0,256,671.04,13.9418,bw,static,static,results,Results,Results_MAMBA21,MAMBA2-BWB-Results,simulator_output_MAMBA2-BWB_bwplacement_bs4_staticreq_statictask,SCRUBBED_TIME+MAMBA2-BWB_BMPD256_2_16_6,False
4,8,14,2,0,0,512,438.24,13.94756225,bw,static,static,results,Results,Results_MAMBA21,MAMBA2-BWB-Results,simulator_output_MAMBA2-BWB_bwplacement_bs4_staticreq_statictask,SCRUBBED_TIME+MAMBA2-BWB_BMPD512_8_14_2,False
4,14,8,2,0,0,640,448.64,13.9540332,bw,static,static,results,Results,Results_MAMBA21,MAMBA2-BWB-Results,simulator_output_MAMBA2-BWB_bwplacement_bs4_staticreq_statictask,SCRUBBED_TIME+MAMBA2-BWB_BMPD640_14_8_2,False
2,3,6,15,0,0,384,745.8,13.95682742857143,bw,static,static,results,Results,Results_MAMBA21,MAMBA2-BWB-Results,simulator_output_MAMBA2-BWB_bwplacement_bs2_staticreq_statictask,SCRUBBED_TIME+MAMBA2-BWB_BMPD384_3_6_15,False
4,12,7,5,0,0,256,563.96,13.999461,bw,static,static,results,Results,Results_MAMBA21,MAMBA2-BWB-Results,simulator_output_MAMBA2-BWB_bwplacement_bs4_staticreq_statictask,SCRUBBED_TIME+MAMBA2-BWB_BMPD256_12_7_5,False
4,12,8,4,0,0,512,850.05,14.004709333333334,bw,static,static,results,Results,Results_MAMBA21,MAMBA2-BWB-Results,simulator_output_MAMBA2-BWB_bwplacement_bs4_staticreq_statictask,SCRUBBED_TIME+MAMBA2-BWB_BMPD512_12_8_4,False
4,8,15,1,0,0,512,219.6,14.00542475,bw,static,static,results,Results,Results_MAMBA21,MAMBA2-BWB-Results,simulator_output_MAMBA2-BWB_bwplacement_bs4_staticreq_statictask,SCRUBBED_TIME+MAMBA2-BWB_BMPD512_8_15_1,False
4,7,10,7,0,0,256,747.68,14.012805411764706,bw,static,static,results,Results,Results_MAMBA21,MAMBA2-BWB-Results,simulator_output_MAMBA2-BWB_bwplacement_bs4_staticreq_statictask,SCRUBBED_TIME+MAMBA2-BWB_BMPD256_7_10_7,False
4,5,15,4,0,0,256,478.0,14.022512631578946,bw,static,static,results,Results,Results_MAMBA21,MAMBA2-BWB-Results,simulator_output_MAMBA2-BWB_bwplacement_bs4_staticreq_statictask,SCRUBBED_TIME+MAMBA2-BWB_BMPD256_5_15_4,False
4,9,10,5,0,0,384,884.8,14.033013066666667,bw,static,static,results,Results,Results_MAMBA21,MAMBA2-BWB-Results,simulator_output_MAMBA2-BWB_bwplacement_bs4_staticreq_statictask,SCRUBBED_TIME+MAMBA2-BWB_BMPD384_9_10_5,False
2,4,5,15,0,0,384,809.87,14.044268166666669,bw,static,static,results,Results,Results_MAMBA21,MAMBA2-BWB-Results,simulator_output_MAMBA2-BWB_bwplacement_bs2_staticreq_statictask,SCRUBBED_TIME+MAMBA2-BWB_BMPD384_4_5_15,False
4,11,8,5,0,0,384,877.37,14.059659384615385,bw,static,static,results,Results,Results_MAMBA21,MAMBA2-BWB-Results,simulator_output_MAMBA2-BWB_bwplacement_bs4_staticreq_statictask,SCRUBBED_TIME+MAMBA2-BWB_BMPD384_11_8_5,False
4,13,9,2,0,0,640,410.28,14.066121818181818,bw,static,static,results,Results,Results_MAMBA21,MAMBA2-BWB-Results,simulator_output_MAMBA2-BWB_bwplacement_bs4_staticreq_statictask,SCRUBBED_TIME+MAMBA2-BWB_BMPD640_13_9_2,False
4,8,11,5,0,0,384,890.24,14.07406025,bw,static,static,results,Results,Results_MAMBA21,MAMBA2-BWB-Results,simulator_output_MAMBA2-BWB_bwplacement_bs4_staticreq_statictask,SCRUBBED_TIME+MAMBA2-BWB_BMPD384_8_11_5,False
4,3,18,3,0,0,256,335.6,14.075742666666669,bw,static,static,results,Results,Results_MAMBA21,MAMBA2-BWB-Results,simulator_output_MAMBA2-BWB_bwplacement_bs4_staticreq_statictask,SCRUBBED_TIME+MAMBA2-BWB_BMPD256_3_18_3,False
4,5,13,6,0,0,256,676.68,14.099133684210528,bw,static,static,results,Results,Results_MAMBA21,MAMBA2-BWB-Results,simulator_output_MAMBA2-BWB_bwplacement_bs4_staticreq_statictask,SCRUBBED_TIME+MAMBA2-BWB_BMPD256_5_13_6,False
4,16,5,3,0,0,384,522.76,14.127127,bw,static,static,results,Results,Results_MAMBA21,MAMBA2-BWB-Results,simulator_output_MAMBA2-BWB_bwplacement_bs4_staticreq_statictask,SCRUBBED_TIME+MAMBA2-BWB_BMPD384_16_5_3,False
2,8,4,12,0,0,256,567.72,14.127245,bw,static,static,results,Results,Results_MAMBA21,MAMBA2-BWB-Results,simulator_output_MAMBA2-BWB_bwplacement_bs2_staticreq_statictask,SCRUBBED_TIME+MAMBA2-BWB_BMPD256_8_4_12,False
4,2,15,7,0,0,640,974.85,14.128451142857145,bw,static,static,results,Results,Results_MAMBA21,MAMBA2-BWB-Results,simulator_output_MAMBA2-BWB_bwplacement_bs4_staticreq_statictask,SCRUBBED_TIME+MAMBA2-BWB_BMPD640_2_15_7,False
4,15,6,3,0,0,384,520.08,14.137820888888887,bw,static,static,results,Results,Results_MAMBA21,MAMBA2-BWB-Results,simulator_output_MAMBA2-BWB_bwplacement_bs4_staticreq_statictask,SCRUBBED_TIME+MAMBA2-BWB_BMPD384_15_6_3,False
4,9,9,6,0,0,384,1031.9,14.153653066666667,bw,static,static,results,Results,Results_MAMBA21,MAMBA2-BWB-Results,simulator_output_MAMBA2-BWB_bwplacement_bs4_staticreq_statictask,SCRUBBED_TIME+MAMBA2-BWB_BMPD384_9_9_6,False
4,2,10,12,0,0,384,1047.92,14.165913066666668,bw,static,static,results,Results,Results_MAMBA21,MAMBA2-BWB-Results,simulator_output_MAMBA2-BWB_bwplacement_bs4_staticreq_statictask,SCRUBBED_TIME+MAMBA2-BWB_BMPD384_2_10_12,False
4,5,16,3,0,0,384,516.4,14.17286694736842,bw,static,static,results,Results,Results_MAMBA21,MAMBA2-BWB-Results,simulator_output_MAMBA2-BWB_bwplacement_bs4_staticreq_statictask,SCRUBBED_TIME+MAMBA2-BWB_BMPD384_5_16_3,False
4,2,11,11,0,0,640,1010.21,14.17878425,bw,static,static,results,Results,Results_MAMBA21,MAMBA2-BWB-Results,simulator_output_MAMBA2-BWB_bwplacement_bs4_staticreq_statictask,SCRUBBED_TIME+MAMBA2-BWB_BMPD640_2_11_11,False
4,12,9,3,0,0,512,615.92,14.180251,bw,static,static,results,Results,Results_MAMBA21,MAMBA2-BWB-Results,simulator_output_MAMBA2-BWB_bwplacement_bs4_staticreq_statictask,SCRUBBED_TIME+MAMBA2-BWB_BMPD512_12_9_3,False
4,2,11,11,0,0,256,1034.32,14.180633333333336,bw,static,static,results,Results,Results_MAMBA21,MAMBA2-BWB-Results,simulator_output_MAMBA2-BWB_bwplacement_bs4_staticreq_statictask,SCRUBBED_TIME+MAMBA2-BWB_BMPD256_2_11_11,False
4,9,13,2,0,0,512,443.52,14.209375466666668,bw,static,static,results,Results,Results_MAMBA21,MAMBA2-BWB-Results,simulator_output_MAMBA2-BWB_bwplacement_bs4_staticreq_statictask,SCRUBBED_TIME+MAMBA2-BWB_BMPD512_9_13_2,False
2,3,5,16,0,0,640,783.84,14.266519857142857,bw,static,static,results,Results,Results_MAMBA21,MAMBA2-BWB-Results,simulator_output_MAMBA2-BWB_bwplacement_bs2_staticreq_statictask,SCRUBBED_TIME+MAMBA2-BWB_BMPD640_3_5_16,False
4,11,10,3,0,0,512,620.84,14.277486461538462,bw,static,static,results,Results,Results_MAMBA21,MAMBA2-BWB-Results,simulator_output_MAMBA2-BWB_bwplacement_bs4_staticreq_statictask,SCRUBBED_TIME+MAMBA2-BWB_BMPD512_11_10_3,False
4,6,13,5,0,0,384,887.88,14.282656666666666,bw,static,static,results,Results,Results_MAMBA21,MAMBA2-BWB-Results,simulator_output_MAMBA2-BWB_bwplacement_bs4_staticreq_statictask,SCRUBBED_TIME+MAMBA2-BWB_BMPD384_6_13_5,False
2,10,4,10,0,0,640,770.49,14.28989842857143,bw,static,static,results,Results,Results_MAMBA21,MAMBA2-BWB-Results,simulator_output_MAMBA2-BWB_bwplacement_bs2_staticreq_statictask,SCRUBBED_TIME+MAMBA2-BWB_BMPD640_10_4_10,False
4,11,12,1,0,0,512,210.24,14.29361723076923,bw,static,static,results,Results,Results_MAMBA21,MAMBA2-BWB-Results,simulator_output_MAMBA2-BWB_bwplacement_bs4_staticreq_statictask,SCRUBBED_TIME+MAMBA2-BWB_BMPD512_11_12_1,False
4,2,12,10,0,0,256,979.12,14.29745,bw,static,static,results,Results,Results_MAMBA21,MAMBA2-BWB-Results,simulator_output_MAMBA2-BWB_bwplacement_bs4_staticreq_statictask,SCRUBBED_TIME+MAMBA2-BWB_BMPD256_2_12_10,False
2,6,5,13,0,0,640,968.24,14.297635666666666,bw,static,static,results,Results,Results_MAMBA21,MAMBA2-BWB-Results,simulator_output_MAMBA2-BWB_bwplacement_bs2_staticreq_statictask,SCRUBBED_TIME+MAMBA2-BWB_BMPD640_6_5_13,False
4,3,16,5,0,0,256,564.08,14.303818857142856,bw,static,static,results,Results,Results_MAMBA21,MAMBA2-BWB-Results,simulator_output_MAMBA2-BWB_bwplacement_bs4_staticreq_statictask,SCRUBBED_TIME+MAMBA2-BWB_BMPD256_3_16_5,False
4,14,7,3,0,0,384,526.96,14.316308800000002,bw,static,static,results,Results,Results_MAMBA21,MAMBA2-BWB-Results,simulator_output_MAMBA2-BWB_bwplacement_bs4_staticreq_statictask,SCRUBBED_TIME+MAMBA2-BWB_BMPD384_14_7_3,False
4,6,17,1,0,0,512,208.6,14.324875333333337,bw,static,static,results,Results,Results_MAMBA21,MAMBA2-BWB-Results,simulator_output_MAMBA2-BWB_bwplacement_bs4_staticreq_statictask,SCRUBBED_TIME+MAMBA2-BWB_BMPD512_6_17_1,False
4,7,16,1,0,0,640,213.24,14.327077647058823,bw,static,static,results,Results,Results_MAMBA21,MAMBA2-BWB-Results,simulator_output_MAMBA2-BWB_bwplacement_bs4_staticreq_statictask,SCRUBBED_TIME+MAMBA2-BWB_BMPD640_7_16_1,False
4,4,16,4,0,0,384,700.92,14.332857,bw,static,static,results,Results,Results_MAMBA21,MAMBA2-BWB-Results,simulator_output_MAMBA2-BWB_bwplacement_bs4_staticreq_statictask,SCRUBBED_TIME+MAMBA2-BWB_BMPD384_4_16_4,False
4,13,10,1,0,0,640,215.76,14.333121818181818,bw,static,static,results,Results,Results_MAMBA21,MAMBA2-BWB-Results,simulator_output_MAMBA2-BWB_bwplacement_bs4_staticreq_statictask,SCRUBBED_TIME+MAMBA2-BWB_BMPD640_13_10_1,False
4,4,14,6,0,0,256,674.44,14.3380102,bw,static,static,results,Results,Results_MAMBA21,MAMBA2-BWB-Results,simulator_output_MAMBA2-BWB_bwplacement_bs4_staticreq_statictask,SCRUBBED_TIME+MAMBA2-BWB_BMPD256_4_14_6,False
4,4,15,5,0,0,256,567.2,14.3475352,bw,static,static,results,Results,Results_MAMBA21,MAMBA2-BWB-Results,simulator_output_MAMBA2-BWB_bwplacement_bs4_staticreq_statictask,SCRUBBED_TIME+MAMBA2-BWB_BMPD256_4_15_5,False
4,15,5,4,0,0,256,445.0,14.357869333333332,bw,static,static,results,Results,Results_MAMBA21,MAMBA2-BWB-Results,simulator_output_MAMBA2-BWB_bwplacement_bs4_staticreq_statictask,SCRUBBED_TIME+MAMBA2-BWB_BMPD256_15_5_4,False
4,7,9,8,0,0,256,908.6,14.36078776470588,bw,static,static,results,Results,Results_MAMBA21,MAMBA2-BWB-Results,simulator_output_MAMBA2-BWB_bwplacement_bs4_staticreq_statictask,SCRUBBED_TIME+MAMBA2-BWB_BMPD256_7_9_8,False
2,12,3,9,0,0,256,454.36,14.367859333333334,bw,static,static,results,Results,Results_MAMBA21,MAMBA2-BWB-Results,simulator_output_MAMBA2-BWB_bwplacement_bs2_staticreq_statictask,SCRUBBED_TIME+MAMBA2-BWB_BMPD256_12_3_9,False
2,4,5,15,0,0,256,617.1,14.3727262,bw,static,static,results,Results,Results_MAMBA21,MAMBA2-BWB-Results,simulator_output_MAMBA2-BWB_bwplacement_bs2_staticreq_statictask,SCRUBBED_TIME+MAMBA2-BWB_BMPD256_4_5_15,False
4,7,12,5,0,0,384,886.72,14.37466423529412,bw,static,static,results,Results,Results_MAMBA21,MAMBA2-BWB-Results,simulator_output_MAMBA2-BWB_bwplacement_bs4_staticreq_statictask,SCRUBBED_TIME+MAMBA2-BWB_BMPD384_7_12_5,False
2,8,4,12,0,0,512,872.49,14.392275,bw,static,static,results,Results,Results_MAMBA21,MAMBA2-BWB-Results,simulator_output_MAMBA2-BWB_bwplacement_bs2_staticreq_statictask,SCRUBBED_TIME+MAMBA2-BWB_BMPD512_8_4_12,False
4,5,12,7,0,0,256,743.32,14.470586315789474,bw,static,static,results,Results,Results_MAMBA21,MAMBA2-BWB-Results,simulator_output_MAMBA2-BWB_bwplacement_bs4_staticreq_statictask,SCRUBBED_TIME+MAMBA2-BWB_BMPD256_5_12_7,False
4,5,14,5,0,0,256,571.24,14.48434947368421,bw,static,static,results,Results,Results_MAMBA21,MAMBA2-BWB-Results,simulator_output_MAMBA2-BWB_bwplacement_bs4_staticreq_statictask,SCRUBBED_TIME+MAMBA2-BWB_BMPD256_5_14_5,False
4,11,11,2,0,0,512,417.36,14.507594153846156,bw,static,static,results,Results,Results_MAMBA21,MAMBA2-BWB-Results,simulator_output_MAMBA2-BWB_bwplacement_bs4_staticreq_statictask,SCRUBBED_TIME+MAMBA2-BWB_BMPD512_11_11_2,False
2,16,2,6,0,0,256,302.48,14.509062,bw,static,static,results,Results,Results_MAMBA21,MAMBA2-BWB-Results,simulator_output_MAMBA2-BWB_bwplacement_bs2_staticreq_statictask,SCRUBBED_TIME+MAMBA2-BWB_BMPD256_16_2_6,False
4,15,7,2,0,0,512,439.76,14.545479555555556,bw,static,static,results,Results,Results_MAMBA21,MAMBA2-BWB-Results,simulator_output_MAMBA2-BWB_bwplacement_bs4_staticreq_statictask,SCRUBBED_TIME+MAMBA2-BWB_BMPD512_15_7_2,False
4,5,11,8,0,0,256,915.44,14.555723157894736,bw,static,static,results,Results,Results_MAMBA21,MAMBA2-BWB-Results,simulator_output_MAMBA2-BWB_bwplacement_bs4_staticreq_statictask,SCRUBBED_TIME+MAMBA2-BWB_BMPD256_5_11_8,False
4,7,14,3,0,0,512,620.2,14.56352188235294,bw,static,static,results,Results,Results_MAMBA21,MAMBA2-BWB-Results,simulator_output_MAMBA2-BWB_bwplacement_bs4_staticreq_statictask,SCRUBBED_TIME+MAMBA2-BWB_BMPD512_7_14_3,False
2,2,3,19,0,0,512,548.99,14.601600666666666,bw,static,static,results,Results,Results_MAMBA21,MAMBA2-BWB-Results,simulator_output_MAMBA2-BWB_bwplacement_bs2_staticreq_statictask,SCRUBBED_TIME+MAMBA2-BWB_BMPD512_2_3_19,False
4,3,19,2,0,0,256,234.12,14.605990285714286,bw,static,static,results,Results,Results_MAMBA21,MAMBA2-BWB-Results,simulator_output_MAMBA2-BWB_bwplacement_bs4_staticreq_statictask,SCRUBBED_TIME+MAMBA2-BWB_BMPD256_3_19_2,False
4,8,13,3,0,0,512,620.64,14.64227475,bw,static,static,results,Results,Results_MAMBA21,MAMBA2-BWB-Results,simulator_output_MAMBA2-BWB_bwplacement_bs4_staticreq_statictask,SCRUBBED_TIME+MAMBA2-BWB_BMPD512_8_13_3,False
4,4,19,1,0,0,384,182.4,14.662547,bw,static,static,results,Results,Results_MAMBA21,MAMBA2-BWB-Results,simulator_output_MAMBA2-BWB_bwplacement_bs4_staticreq_statictask,SCRUBBED_TIME+MAMBA2-BWB_BMPD384_4_19_1,False
4,6,10,8,0,0,256,895.36,14.672288888888888,bw,static,static,results,Results,Results_MAMBA21,MAMBA2-BWB-Results,simulator_output_MAMBA2-BWB_bwplacement_bs4_staticreq_statictask,SCRUBBED_TIME+MAMBA2-BWB_BMPD256_6_10_8,False
2,14,3,7,0,0,640,540.45,14.7105338,bw,static,static,results,Results,Results_MAMBA21,MAMBA2-BWB-Results,simulator_output_MAMBA2-BWB_bwplacement_bs2_staticreq_statictask,SCRUBBED_TIME+MAMBA2-BWB_BMPD640_14_3_7,False
4,2,10,12,0,0,256,1022.88,14.720738888888889,bw,static,static,results,Results,Results_MAMBA21,MAMBA2-BWB-Results,simulator_output_MAMBA2-BWB_bwplacement_bs4_staticreq_statictask,SCRUBBED_TIME+MAMBA2-BWB_BMPD256_2_10_12,False
2,13,3,8,0,0,512,677.48,14.721240181818182,bw,static,static,results,Results,Results_MAMBA21,MAMBA2-BWB-Results,simulator_output_MAMBA2-BWB_bwplacement_bs2_staticreq_statictask,SCRUBBED_TIME+MAMBA2-BWB_BMPD512_13_3_8,False
4,10,12,2,0,0,512,424.2,14.745638571428572,bw,static,static,results,Results,Results_MAMBA21,MAMBA2-BWB-Results,simulator_output_MAMBA2-BWB_bwplacement_bs4_staticreq_statictask,SCRUBBED_TIME+MAMBA2-BWB_BMPD512_10_12_2,False
4,10,10,4,0,0,512,792.72,14.747752857142856,bw,static,static,results,Results,Results_MAMBA21,MAMBA2-BWB-Results,simulator_output_MAMBA2-BWB_bwplacement_bs4_staticreq_statictask,SCRUBBED_TIME+MAMBA2-BWB_BMPD512_10_10_4,False
4,4,11,9,0,0,256,906.0,14.7533702,bw,static,static,results,Results,Results_MAMBA21,MAMBA2-BWB-Results,simulator_output_MAMBA2-BWB_bwplacement_bs4_staticreq_statictask,SCRUBBED_TIME+MAMBA2-BWB_BMPD256_4_11_9,False
4,8,8,8,0,0,256,921.36,14.75749575,bw,static,static,results,Results,Results_MAMBA21,MAMBA2-BWB-Results,simulator_output_MAMBA2-BWB_bwplacement_bs4_staticreq_statictask,SCRUBBED_TIME+MAMBA2-BWB_BMPD256_8_8_8,False
4,7,11,6,0,0,384,1037.48,14.75898188235294,bw,static,static,results,Results,Results_MAMBA21,MAMBA2-BWB-Results,simulator_output_MAMBA2-BWB_bwplacement_bs4_staticreq_statictask,SCRUBBED_TIME+MAMBA2-BWB_BMPD384_7_11_6,False
4,3,13,8,0,0,256,885.88,14.771956952380952,bw,static,static,results,Results,Results_MAMBA21,MAMBA2-BWB-Results,simulator_output_MAMBA2-BWB_bwplacement_bs4_staticreq_statictask,SCRUBBED_TIME+MAMBA2-BWB_BMPD256_3_13_8,False
2,2,4,18,0,0,384,538.49,14.7814144,bw,static,static,results,Results,Results_MAMBA21,MAMBA2-BWB-Results,simulator_output_MAMBA2-BWB_bwplacement_bs2_staticreq_statictask,SCRUBBED_TIME+MAMBA2-BWB_BMPD384_2_4_18,False
4,6,17,1,0,0,640,211.72,14.79098177777778,bw,static,static,results,Results,Results_MAMBA21,MAMBA2-BWB-Results,simulator_output_MAMBA2-BWB_bwplacement_bs4_staticreq_statictask,SCRUBBED_TIME+MAMBA2-BWB_BMPD640_6_17_1,False
4,16,7,1,0,0,640,214.48,14.792745,bw,static,static,results,Results,Results_MAMBA21,MAMBA2-BWB-Results,simulator_output_MAMBA2-BWB_bwplacement_bs4_staticreq_statictask,SCRUBBED_TIME+MAMBA2-BWB_BMPD640_16_7_1,False
4,16,4,4,0,0,256,431.92,14.797414,bw,static,static,results,Results,Results_MAMBA21,MAMBA2-BWB-Results,simulator_output_MAMBA2-BWB_bwplacement_bs4_staticreq_statictask,SCRUBBED_TIME+MAMBA2-BWB_BMPD256_16_4_4,False
4,3,16,5,0,0,384,845.28,14.801194476190476,bw,static,static,results,Results,Results_MAMBA21,MAMBA2-BWB-Results,simulator_output_MAMBA2-BWB_bwplacement_bs4_staticreq_statictask,SCRUBBED_TIME+MAMBA2-BWB_BMPD384_3_16_5,False
4,4,18,2,0,0,384,351.68,14.812792,bw,static,static,results,Results,Results_MAMBA21,MAMBA2-BWB-Results,simulator_output_MAMBA2-BWB_bwplacement_bs4_staticreq_statictask,SCRUBBED_TIME+MAMBA2-BWB_BMPD384_4_18_2,False
4,13,7,4,0,0,384,711.76,14.818704363636364,bw,static,static,results,Results,Results_MAMBA21,MAMBA2-BWB-Results,simulator_output_MAMBA2-BWB_bwplacement_bs4_staticreq_statictask,SCRUBBED_TIME+MAMBA2-BWB_BMPD384_13_7_4,False
4,3,14,7,0,0,256,720.96,14.819009333333334,bw,static,static,results,Results,Results_MAMBA21,MAMBA2-BWB-Results,simulator_output_MAMBA2-BWB_bwplacement_bs4_staticreq_statictask,SCRUBBED_TIME+MAMBA2-BWB_BMPD256_3_14_7,False
4,7,15,2,0,0,512,439.68,14.821498352941177,bw,static,static,results,Results,Results_MAMBA21,MAMBA2-BWB-Results,simulator_output_MAMBA2-BWB_bwplacement_bs4_staticreq_statictask,SCRUBBED_TIME+MAMBA2-BWB_BMPD512_7_15_2,False
4,2,8,14,0,0,640,1006.69,14.82186588235294,bw,static,static,results,Results,Results_MAMBA21,MAMBA2-BWB-Results,simulator_output_MAMBA2-BWB_bwplacement_bs4_staticreq_statictask,SCRUBBED_TIME+MAMBA2-BWB_BMPD640_2_8_14,False
4,13,6,5,0,0,256,552.04,14.822760727272726,bw,static,static,results,Results,Results_MAMBA21,MAMBA2-BWB-Results,simulator_output_MAMBA2-BWB_bwplacement_bs4_staticreq_statictask,SCRUBBED_TIME+MAMBA2-BWB_BMPD256_13_6_5,False
4,3,15,6,0,0,256,661.2,14.844214095238096,bw,static,static,results,Results,Results_MAMBA21,MAMBA2-BWB-Results,simulator_output_MAMBA2-BWB_bwplacement_bs4_staticreq_statictask,SCRUBBED_TIME+MAMBA2-BWB_BMPD256_3_15_6,False
4,10,8,6,0,0,384,1013.44,14.868097714285714,bw,static,static,results,Results,Results_MAMBA21,MAMBA2-BWB-Results,simulator_output_MAMBA2-BWB_bwplacement_bs4_staticreq_statictask,SCRUBBED_TIME+MAMBA2-BWB_BMPD384_10_8_6,False
4,8,10,6,0,0,384,1028.86,14.87618525,bw,static,static,results,Results,Results_MAMBA21,MAMBA2-BWB-Results,simulator_output_MAMBA2-BWB_bwplacement_bs4_staticreq_statictask,SCRUBBED_TIME+MAMBA2-BWB_BMPD384_8_10_6,False
4,6,12,6,0,0,384,1038.56,14.885273333333334,bw,static,static,results,Results,Results_MAMBA21,MAMBA2-BWB-Results,simulator_output_MAMBA2-BWB_bwplacement_bs4_staticreq_statictask,SCRUBBED_TIME+MAMBA2-BWB_BMPD384_6_12_6,False
4,11,9,4,0,0,512,848.5,14.88527876923077,bw,static,static,results,Results,Results_MAMBA21,MAMBA2-BWB-Results,simulator_output_MAMBA2-BWB_bwplacement_bs4_staticreq_statictask,SCRUBBED_TIME+MAMBA2-BWB_BMPD512_11_9_4,False
2,10,3,11,0,0,384,716.61,14.892101714285715,bw,static,static,results,Results,Results_MAMBA21,MAMBA2-BWB-Results,simulator_output_MAMBA2-BWB_bwplacement_bs2_staticreq_statictask,SCRUBBED_TIME+MAMBA2-BWB_BMPD384_10_3_11,False
4,4,12,8,0,0,256,911.72,14.8974302,bw,static,static,results,Results,Results_MAMBA21,MAMBA2-BWB-Results,simulator_output_MAMBA2-BWB_bwplacement_bs4_staticreq_statictask,SCRUBBED_TIME+MAMBA2-BWB_BMPD256_4_12_8,False
2,5,5,14,0,0,640,948.16,14.897993684210526,bw,static,static,results,Results,Results_MAMBA21,MAMBA2-BWB-Results,simulator_output_MAMBA2-BWB_bwplacement_bs2_staticreq_statictask,SCRUBBED_TIME+MAMBA2-BWB_BMPD640_5_5_14,False
4,12,9,3,0,0,640,619.68,14.949577333333334,bw,static,static,results,Results,Results_MAMBA21,MAMBA2-BWB-Results,simulator_output_MAMBA2-BWB_bwplacement_bs4_staticreq_statictask,SCRUBBED_TIME+MAMBA2-BWB_BMPD640_12_9_3,False
4,11,7,6,0,0,256,667.8,14.97047476923077,bw,static,static,results,Results,Results_MAMBA21,MAMBA2-BWB-Results,simulator_output_MAMBA2-BWB_bwplacement_bs4_staticreq_statictask,SCRUBBED_TIME+MAMBA2-BWB_BMPD256_11_7_6,False
4,13,8,3,0,0,640,602.0,14.992067272727274,bw,static,static,results,Results,Results_MAMBA21,MAMBA2-BWB-Results,simulator_output_MAMBA2-BWB_bwplacement_bs4_staticreq_statictask,SCRUBBED_TIME+MAMBA2-BWB_BMPD640_13_8_3,False
4,5,13,6,0,0,384,1022.48,14.998245894736842,bw,static,static,results,Results,Results_MAMBA21,MAMBA2-BWB-Results,simulator_output_MAMBA2-BWB_bwplacement_bs4_staticreq_statictask,SCRUBBED_TIME+MAMBA2-BWB_BMPD384_5_13_6,False
4,12,10,2,0,0,640,434.04,15.034502333333334,bw,static,static,results,Results,Results_MAMBA21,MAMBA2-BWB-Results,simulator_output_MAMBA2-BWB_bwplacement_bs4_staticreq_statictask,SCRUBBED_TIME+MAMBA2-BWB_BMPD640_12_10_2,False
2,7,4,13,0,0,256,609.19,15.034604470588237,bw,static,static,results,Results,Results_MAMBA21,MAMBA2-BWB-Results,simulator_output_MAMBA2-BWB_bwplacement_bs2_staticreq_statictask,SCRUBBED_TIME+MAMBA2-BWB_BMPD256_7_4_13,False
2,15,2,7,0,0,384,445.25,15.035394888888888,bw,static,static,results,Results,Results_MAMBA21,MAMBA2-BWB-Results,simulator_output_MAMBA2-BWB_bwplacement_bs2_staticreq_statictask,SCRUBBED_TIME+MAMBA2-BWB_BMPD384_15_2_7,False
4,16,5,3,0,0,512,610.34,15.059403,bw,static,static,results,Results,Results_MAMBA21,MAMBA2-BWB-Results,simulator_output_MAMBA2-BWB_bwplacement_bs4_staticreq_statictask,SCRUBBED_TIME+MAMBA2-BWB_BMPD512_16_5_3,False
4,11,8,5,0,0,512,997.55,15.087448,bw,static,static,results,Results,Results_MAMBA21,MAMBA2-BWB-Results,simulator_output_MAMBA2-BWB_bwplacement_bs4_staticreq_statictask,SCRUBBED_TIME+MAMBA2-BWB_BMPD512_11_8_5,False
4,4,17,3,0,0,384,511.16,15.103467,bw,static,static,results,Results,Results_MAMBA21,MAMBA2-BWB-Results,simulator_output_MAMBA2-BWB_bwplacement_bs4_staticreq_statictask,SCRUBBED_TIME+MAMBA2-BWB_BMPD384_4_17_3,False
4,2,9,13,0,0,256,1095.04,15.113855555555556,bw,static,static,results,Results,Results_MAMBA21,MAMBA2-BWB-Results,simulator_output_MAMBA2-BWB_bwplacement_bs4_staticreq_statictask,SCRUBBED_TIME+MAMBA2-BWB_BMPD256_2_9_13,False
4,14,6,4,0,0,384,706.54,15.1240888,bw,static,static,results,Results,Results_MAMBA21,MAMBA2-BWB-Results,simulator_output_MAMBA2-BWB_bwplacement_bs4_staticreq_statictask,SCRUBBED_TIME+MAMBA2-BWB_BMPD384_14_6_4,False
2,3,5,16,0,0,256,606.42,15.128650857142857,bw,static,static,results,Results,Results_MAMBA21,MAMBA2-BWB-Results,simulator_output_MAMBA2-BWB_bwplacement_bs2_staticreq_statictask,SCRUBBED_TIME+MAMBA2-BWB_BMPD256_3_5_16,False
4,3,20,1,0,0,256,115.48,15.134804571428573,bw,static,static,results,Results,Results_MAMBA21,MAMBA2-BWB-Results,simulator_output_MAMBA2-BWB_bwplacement_bs4_staticreq_statictask,SCRUBBED_TIME+MAMBA2-BWB_BMPD256_3_20_1,False
4,6,9,9,0,0,256,920.44,15.160633333333331,bw,static,static,results,Results,Results_MAMBA21,MAMBA2-BWB-Results,simulator_output_MAMBA2-BWB_bwplacement_bs4_staticreq_statictask,SCRUBBED_TIME+MAMBA2-BWB_BMPD256_6_9_9,False
4,15,6,3,0,0,512,611.85,15.163268444444444,bw,static,static,results,Results,Results_MAMBA21,MAMBA2-BWB-Results,simulator_output_MAMBA2-BWB_bwplacement_bs4_staticreq_statictask,SCRUBBED_TIME+MAMBA2-BWB_BMPD512_15_6_3,False
4,10,11,3,0,0,512,630.68,15.214324285714286,bw,static,static,results,Results,Results_MAMBA21,MAMBA2-BWB-Results,simulator_output_MAMBA2-BWB_bwplacement_bs4_staticreq_statictask,SCRUBBED_TIME+MAMBA2-BWB_BMPD512_10_11_3,False
4,12,11,1,0,0,640,222.0,15.217002333333332,bw,static,static,results,Results,Results_MAMBA21,MAMBA2-BWB-Results,simulator_output_MAMBA2-BWB_bwplacement_bs4_staticreq_statictask,SCRUBBED_TIME+MAMBA2-BWB_BMPD640_12_11_1,False
4,5,10,9,0,0,256,919.32,15.218596842105264,bw,static,static,results,Results,Results_MAMBA21,MAMBA2-BWB-Results,simulator_output_MAMBA2-BWB_bwplacement_bs4_staticreq_statictask,SCRUBBED_TIME+MAMBA2-BWB_BMPD256_5_10_9,False
4,5,15,4,0,0,384,714.24,15.245145894736842,bw,static,static,results,Results,Results_MAMBA21,MAMBA2-BWB-Results,simulator_output_MAMBA2-BWB_bwplacement_bs4_staticreq_statictask,SCRUBBED_TIME+MAMBA2-BWB_BMPD384_5_15_4,False
4,9,12,3,0,0,512,612.96,15.2469888,bw,static,static,results,Results,Results_MAMBA21,MAMBA2-BWB-Results,simulator_output_MAMBA2-BWB_bwplacement_bs4_staticreq_statictask,SCRUBBED_TIME+MAMBA2-BWB_BMPD512_9_12_3,False
2,7,4,13,0,0,512,936.93,15.271916941176473,bw,static,static,results,Results,Results_MAMBA21,MAMBA2-BWB-Results,simulator_output_MAMBA2-BWB_bwplacement_bs2_staticreq_statictask,SCRUBBED_TIME+MAMBA2-BWB_BMPD512_7_4_13,False
4,5,17,2,0,0,512,422.92,15.351874736842106,bw,static,static,results,Results,Results_MAMBA21,MAMBA2-BWB-Results,simulator_output_MAMBA2-BWB_bwplacement_bs4_staticreq_statictask,SCRUBBED_TIME+MAMBA2-BWB_BMPD512_5_17_2,False
4,11,12,1,0,0,640,213.08,15.367245846153846,bw,static,static,results,Results,Results_MAMBA21,MAMBA2-BWB-Results,simulator_output_MAMBA2-BWB_bwplacement_bs4_staticreq_statictask,SCRUBBED_TIME+MAMBA2-BWB_BMPD640_11_12_1,False
4,6,16,2,0,0,640,421.6,15.369237333333334,bw,static,static,results,Results,Results_MAMBA21,MAMBA2-BWB-Results,simulator_output_MAMBA2-BWB_bwplacement_bs4_staticreq_statictask,SCRUBBED_TIME+MAMBA2-BWB_BMPD640_6_16_2,False
4,4,15,5,0,0,384,860.96,15.419112,bw,static,static,results,Results,Results_MAMBA21,MAMBA2-BWB-Results,simulator_output_MAMBA2-BWB_bwplacement_bs4_staticreq_statictask,SCRUBBED_TIME+MAMBA2-BWB_BMPD384_4_15_5,False
4,7,13,4,0,0,512,822.84,15.43071011764706,bw,static,static,results,Results,Results_MAMBA21,MAMBA2-BWB-Results,simulator_output_MAMBA2-BWB_bwplacement_bs4_staticreq_statictask,SCRUBBED_TIME+MAMBA2-BWB_BMPD512_7_13_4,False
2,5,4,15,0,0,384,818.74,15.461311851851852,bw,static,static,results,Results,Results_MAMBA21,MAMBA2-BWB-Results,simulator_output_MAMBA2-BWB_bwplacement_bs2_staticreq_statictask,SCRUBBED_TIME+MAMBA2-BWB_BMPD384_5_4_15,False
4,15,5,4,0,0,384,683.7,15.492398666666666,bw,static,static,results,Results,Results_MAMBA21,MAMBA2-BWB-Results,simulator_output_MAMBA2-BWB_bwplacement_bs4_staticreq_statictask,SCRUBBED_TIME+MAMBA2-BWB_BMPD384_15_5_4,False
4,3,18,3,0,0,384,505.76,15.51075161904762,bw,static,static,results,Results,Results_MAMBA21,MAMBA2-BWB-Results,simulator_output_MAMBA2-BWB_bwplacement_bs4_staticreq_statictask,SCRUBBED_TIME+MAMBA2-BWB_BMPD384_3_18_3,False
4,3,17,4,0,0,384,683.24,15.511161142857144,bw,static,static,results,Results,Results_MAMBA21,MAMBA2-BWB-Results,simulator_output_MAMBA2-BWB_bwplacement_bs4_staticreq_statictask,SCRUBBED_TIME+MAMBA2-BWB_BMPD384_3_17_4,False
4,14,5,5,0,0,256,539.84,15.522858,bw,static,static,results,Results,Results_MAMBA21,MAMBA2-BWB-Results,simulator_output_MAMBA2-BWB_bwplacement_bs4_staticreq_statictask,SCRUBBED_TIME+MAMBA2-BWB_BMPD256_14_5_5,False
4,3,17,4,0,0,512,800.72,15.527725333333334,bw,static,static,results,Results,Results_MAMBA21,MAMBA2-BWB-Results,simulator_output_MAMBA2-BWB_bwplacement_bs4_staticreq_statictask,SCRUBBED_TIME+MAMBA2-BWB_BMPD512_3_17_4,False
4,9,10,5,0,0,512,1033.66,15.527935466666667,bw,static,static,results,Results,Results_MAMBA21,MAMBA2-BWB-Results,simulator_output_MAMBA2-BWB_bwplacement_bs4_staticreq_statictask,SCRUBBED_TIME+MAMBA2-BWB_BMPD512_9_10_5,False
4,6,15,3,0,0,512,613.32,15.548825333333331,bw,static,static,results,Results,Results_MAMBA21,MAMBA2-BWB-Results,simulator_output_MAMBA2-BWB_bwplacement_bs4_staticreq_statictask,SCRUBBED_TIME+MAMBA2-BWB_BMPD512_6_15_3,False
4,4,14,6,0,0,384,996.28,15.568107,bw,static,static,results,Results,Results_MAMBA21,MAMBA2-BWB-Results,simulator_output_MAMBA2-BWB_bwplacement_bs4_staticreq_statictask,SCRUBBED_TIME+MAMBA2-BWB_BMPD384_4_14_6,False
4,3,18,3,0,0,512,596.48,15.569303111111113,bw,static,static,results,Results,Results_MAMBA21,MAMBA2-BWB-Results,simulator_output_MAMBA2-BWB_bwplacement_bs4_staticreq_statictask,SCRUBBED_TIME+MAMBA2-BWB_BMPD512_3_18_3,False
2,9,4,11,0,0,640,871.38,15.5925932,bw,static,static,results,Results,Results_MAMBA21,MAMBA2-BWB-Results,simulator_output_MAMBA2-BWB_bwplacement_bs2_staticreq_statictask,SCRUBBED_TIME+MAMBA2-BWB_BMPD640_9_4_11,False
4,9,14,1,0,0,640,221.16,15.615465066666667,bw,static,static,results,Results,Results_MAMBA21,MAMBA2-BWB-Results,simulator_output_MAMBA2-BWB_bwplacement_bs4_staticreq_statictask,SCRUBBED_TIME+MAMBA2-BWB_BMPD640_9_14_1,False
4,5,14,5,0,0,384,864.08,15.650851157894737,bw,static,static,results,Results,Results_MAMBA21,MAMBA2-BWB-Results,simulator_output_MAMBA2-BWB_bwplacement_bs4_staticreq_statictask,SCRUBBED_TIME+MAMBA2-BWB_BMPD384_5_14_5,False
4,7,8,9,0,0,256,907.28,15.657817176470587,bw,static,static,results,Results,Results_MAMBA21,MAMBA2-BWB-Results,simulator_output_MAMBA2-BWB_bwplacement_bs4_staticreq_statictask,SCRUBBED_TIME+MAMBA2-BWB_BMPD256_7_8_9,False
4,11,10,3,0,0,640,607.08,15.659315076923075,bw,static,static,results,Results,Results_MAMBA21,MAMBA2-BWB-Results,simulator_output_MAMBA2-BWB_bwplacement_bs4_staticreq_statictask,SCRUBBED_TIME+MAMBA2-BWB_BMPD640_11_10_3,False
4,10,13,1,0,0,640,216.88,15.677801142857144,bw,static,static,results,Results,Results_MAMBA21,MAMBA2-BWB-Results,simulator_output_MAMBA2-BWB_bwplacement_bs4_staticreq_statictask,SCRUBBED_TIME+MAMBA2-BWB_BMPD640_10_13_1,False
4,6,14,4,0,0,512,853.2,15.684619777777778,bw,static,static,results,Results,Results_MAMBA21,MAMBA2-BWB-Results,simulator_output_MAMBA2-BWB_bwplacement_bs4_staticreq_statictask,SCRUBBED_TIME+MAMBA2-BWB_BMPD512_6_14_4,False
2,16,2,6,0,0,512,452.2,15.68646325,bw,static,static,results,Results,Results_MAMBA21,MAMBA2-BWB-Results,simulator_output_MAMBA2-BWB_bwplacement_bs2_staticreq_statictask,SCRUBBED_TIME+MAMBA2-BWB_BMPD512_16_2_6,False
4,9,8,7,0,0,384,1113.8,15.707099733333331,bw,static,static,results,Results,Results_MAMBA21,MAMBA2-BWB-Results,simulator_output_MAMBA2-BWB_bwplacement_bs4_staticreq_statictask,SCRUBBED_TIME+MAMBA2-BWB_BMPD384_9_8_7,False
2,12,3,9,0,0,512,683.45,15.7129965,bw,static,static,results,Results,Results_MAMBA21,MAMBA2-BWB-Results,simulator_output_MAMBA2-BWB_bwplacement_bs2_staticreq_statictask,SCRUBBED_TIME+MAMBA2-BWB_BMPD512_12_3_9,False
4,2,8,14,0,0,384,1027.89,15.718759733333332,bw,static,static,results,Results,Results_MAMBA21,MAMBA2-BWB-Results,simulator_output_MAMBA2-BWB_bwplacement_bs4_staticreq_statictask,SCRUBBED_TIME+MAMBA2-BWB_BMPD384_2_8_14,False
4,9,11,4,0,0,512,791.52,15.7402288,bw,static,static,results,Results,Results_MAMBA21,MAMBA2-BWB-Results,simulator_output_MAMBA2-BWB_bwplacement_bs4_staticreq_statictask,SCRUBBED_TIME+MAMBA2-BWB_BMPD512_9_11_4,False
4,3,15,6,0,0,384,962.08,15.76742780952381,bw,static,static,results,Results,Results_MAMBA21,MAMBA2-BWB-Results,simulator_output_MAMBA2-BWB_bwplacement_bs4_staticreq_statictask,SCRUBBED_TIME+MAMBA2-BWB_BMPD384_3_15_6,False
4,5,9,10,0,0,256,1019.16,15.76837052631579,bw,static,static,results,Results,Results_MAMBA21,MAMBA2-BWB-Results,simulator_output_MAMBA2-BWB_bwplacement_bs4_staticreq_statictask,SCRUBBED_TIME+MAMBA2-BWB_BMPD256_5_9_10,False
4,10,9,5,0,0,512,1021.2,15.771638571428571,bw,static,static,results,Results,Results_MAMBA21,MAMBA2-BWB-Results,simulator_output_MAMBA2-BWB_bwplacement_bs4_staticreq_statictask,SCRUBBED_TIME+MAMBA2-BWB_BMPD512_10_9_5,False
4,15,7,2,0,0,640,414.72,15.774874222222222,bw,static,static,results,Results,Results_MAMBA21,MAMBA2-BWB-Results,simulator_output_MAMBA2-BWB_bwplacement_bs4_staticreq_statictask,SCRUBBED_TIME+MAMBA2-BWB_BMPD640_15_7_2,False
4,3,11,10,0,0,256,950.4,15.794276,bw,static,static,results,Results,Results_MAMBA21,MAMBA2-BWB-Results,simulator_output_MAMBA2-BWB_bwplacement_bs4_staticreq_statictask,SCRUBBED_TIME+MAMBA2-BWB_BMPD256_3_11_10,False
4,4,13,7,0,0,384,1094.16,15.804087,bw,static,static,results,Results,Results_MAMBA21,MAMBA2-BWB-Results,simulator_output_MAMBA2-BWB_bwplacement_bs4_staticreq_statictask,SCRUBBED_TIME+MAMBA2-BWB_BMPD384_4_13_7,False
4,7,10,7,0,0,384,1127.33,15.811499529411766,bw,static,static,results,Results,Results_MAMBA21,MAMBA2-BWB-Results,simulator_output_MAMBA2-BWB_bwplacement_bs4_staticreq_statictask,SCRUBBED_TIME+MAMBA2-BWB_BMPD384_7_10_7,False
4,3,12,9,0,0,256,888.56,15.81612838095238,bw,static,static,results,Results,Results_MAMBA21,MAMBA2-BWB-Results,simulator_output_MAMBA2-BWB_bwplacement_bs4_staticreq_statictask,SCRUBBED_TIME+MAMBA2-BWB_BMPD256_3_12_9,False
4,14,7,3,0,0,512,613.6,15.8382884,bw,static,static,results,Results,Results_MAMBA21,MAMBA2-BWB-Results,simulator_output_MAMBA2-BWB_bwplacement_bs4_staticreq_statictask,SCRUBBED_TIME+MAMBA2-BWB_BMPD512_14_7_3,False
2,11,3,10,0,0,256,485.21,15.865019076923076,bw,static,static,results,Results,Results_MAMBA21,MAMBA2-BWB-Results,simulator_output_MAMBA2-BWB_bwplacement_bs2_staticreq_statictask,SCRUBBED_TIME+MAMBA2-BWB_BMPD256_11_3_10,False
4,12,6,6,0,0,256,656.8,15.884286,bw,static,static,results,Results,Results_MAMBA21,MAMBA2-BWB-Results,simulator_output_MAMBA2-BWB_bwplacement_bs4_staticreq_statictask,SCRUBBED_TIME+MAMBA2-BWB_BMPD256_12_6_6,False
2,4,5,15,0,0,640,871.95,15.890049866666669,bw,static,static,results,Results,Results_MAMBA21,MAMBA2-BWB-Results,simulator_output_MAMBA2-BWB_bwplacement_bs2_staticreq_statictask,SCRUBBED_TIME+MAMBA2-BWB_BMPD640_4_5_15,False
2,6,4,14,0,0,512,956.92,15.909339222222222,bw,static,static,results,Results,Results_MAMBA21,MAMBA2-BWB-Results,simulator_output_MAMBA2-BWB_bwplacement_bs2_staticreq_statictask,SCRUBBED_TIME+MAMBA2-BWB_BMPD512_6_4_14,False
4,4,17,3,0,0,512,590.2,15.916946800000002,bw,static,static,results,Results,Results_MAMBA21,MAMBA2-BWB-Results,simulator_output_MAMBA2-BWB_bwplacement_bs4_staticreq_statictask,SCRUBBED_TIME+MAMBA2-BWB_BMPD512_4_17_3,False
4,5,12,7,0,0,384,1115.0,15.927793263157897,bw,static,static,results,Results,Results_MAMBA21,MAMBA2-BWB-Results,simulator_output_MAMBA2-BWB_bwplacement_bs4_staticreq_statictask,SCRUBBED_TIME+MAMBA2-BWB_BMPD384_5_12_7,False
2,9,3,12,0,0,384,709.42,15.940565333333334,bw,static,static,results,Results,Results_MAMBA21,MAMBA2-BWB-Results,simulator_output_MAMBA2-BWB_bwplacement_bs2_staticreq_statictask,SCRUBBED_TIME+MAMBA2-BWB_BMPD384_9_3_12,False
4,10,7,7,0,0,256,726.92,15.943864857142856,bw,static,static,results,Results,Results_MAMBA21,MAMBA2-BWB-Results,simulator_output_MAMBA2-BWB_bwplacement_bs4_staticreq_statictask,SCRUBBED_TIME+MAMBA2-BWB_BMPD256_10_7_7,False
2,14,2,8,0,0,256,395.06,15.977784333333334,bw,static,static,results,Results,Results_MAMBA21,MAMBA2-BWB-Results,simulator_output_MAMBA2-BWB_bwplacement_bs2_staticreq_statictask,SCRUBBED_TIME+MAMBA2-BWB_BMPD256_14_2_8,False
4,5,16,3,0,0,512,590.4,15.980316842105264,bw,static,static,results,Results,Results_MAMBA21,MAMBA2-BWB-Results,simulator_output_MAMBA2-BWB_bwplacement_bs4_staticreq_statictask,SCRUBBED_TIME+MAMBA2-BWB_BMPD512_5_16_3,False
4,12,7,5,0,0,384,859.38,15.983103666666668,bw,static,static,results,Results,Results_MAMBA21,MAMBA2-BWB-Results,simulator_output_MAMBA2-BWB_bwplacement_bs4_staticreq_statictask,SCRUBBED_TIME+MAMBA2-BWB_BMPD384_12_7_5,False
4,11,11,2,0,0,640,420.64,15.98656123076923,bw,static,static,results,Results,Results_MAMBA21,MAMBA2-BWB-Results,simulator_output_MAMBA2-BWB_bwplacement_bs4_staticreq_statictask,SCRUBBED_TIME+MAMBA2-BWB_BMPD640_11_11_2,False
4,4,10,10,0,0,256,999.2,15.9914552,bw,static,static,results,Results,Results_MAMBA21,MAMBA2-BWB-Results,simulator_output_MAMBA2-BWB_bwplacement_bs4_staticreq_statictask,SCRUBBED_TIME+MAMBA2-BWB_BMPD256_4_10_10,False
4,8,14,2,0,0,640,442.92,15.9939155,bw,static,static,results,Results,Results_MAMBA21,MAMBA2-BWB-Results,simulator_output_MAMBA2-BWB_bwplacement_bs4_staticreq_statictask,SCRUBBED_TIME+MAMBA2-BWB_BMPD640_8_14_2,False
4,11,9,4,0,0,640,826.8,16.00483046153846,bw,static,static,results,Results,Results_MAMBA21,MAMBA2-BWB-Results,simulator_output_MAMBA2-BWB_bwplacement_bs4_staticreq_statictask,SCRUBBED_TIME+MAMBA2-BWB_BMPD640_11_9_4,False
4,8,15,1,0,0,640,208.36,16.00523425,bw,static,static,results,Results,Results_MAMBA21,MAMBA2-BWB-Results,simulator_output_MAMBA2-BWB_bwplacement_bs4_staticreq_statictask,SCRUBBED_TIME+MAMBA2-BWB_BMPD640_8_15_1,False
4,10,8,6,0,0,512,1124.18,16.006095714285713,bw,static,static,results,Results,Results_MAMBA21,MAMBA2-BWB-Results,simulator_output_MAMBA2-BWB_bwplacement_bs4_staticreq_statictask,SCRUBBED_TIME+MAMBA2-BWB_BMPD512_10_8_6,False
2,6,4,14,0,0,256,616.76,16.020091555555556,bw,static,static,results,Results,Results_MAMBA21,MAMBA2-BWB-Results,simulator_output_MAMBA2-BWB_bwplacement_bs2_staticreq_statictask,SCRUBBED_TIME+MAMBA2-BWB_BMPD256_6_4_14,False
4,3,14,7,0,0,384,1041.04,16.02210876190476,bw,static,static,results,Results,Results_MAMBA21,MAMBA2-BWB-Results,simulator_output_MAMBA2-BWB_bwplacement_bs4_staticreq_statictask,SCRUBBED_TIME+MAMBA2-BWB_BMPD384_3_14_7,False
2,2,4,18,0,0,256,568.3,16.022430444444446,bw,static,static,results,Results,Results_MAMBA21,MAMBA2-BWB-Results,simulator_output_MAMBA2-BWB_bwplacement_bs2_staticreq_statictask,SCRUBBED_TIME+MAMBA2-BWB_BMPD256_2_4_18,False
4,6,13,5,0,0,512,1034.04,16.038792,bw,static,static,results,Results,Results_MAMBA21,MAMBA2-BWB-Results,simulator_output_MAMBA2-BWB_bwplacement_bs4_staticreq_statictask,SCRUBBED_TIME+MAMBA2-BWB_BMPD512_6_13_5,False
4,15,5,4,0,0,512,740.32,16.0479284,bw,static,static,results,Results,Results_MAMBA21,MAMBA2-BWB-Results,simulator_output_MAMBA2-BWB_bwplacement_bs4_staticreq_statictask,SCRUBBED_TIME+MAMBA2-BWB_BMPD512_15_5_4,False
2,3,4,17,0,0,512,753.0,16.053609599999998,bw,static,static,results,Results,Results_MAMBA21,MAMBA2-BWB-Results,simulator_output_MAMBA2-BWB_bwplacement_bs2_staticreq_statictask,SCRUBBED_TIME+MAMBA2-BWB_BMPD512_3_4_17,False
4,3,16,5,0,0,512,986.48,16.088042,bw,static,static,results,Results,Results_MAMBA21,MAMBA2-BWB-Results,simulator_output_MAMBA2-BWB_bwplacement_bs4_staticreq_statictask,SCRUBBED_TIME+MAMBA2-BWB_BMPD512_3_16_5,False
4,2,7,15,0,0,512,1014.81,16.110586588235293,bw,static,static,results,Results,Results_MAMBA21,MAMBA2-BWB-Results,simulator_output_MAMBA2-BWB_bwplacement_bs4_staticreq_statictask,SCRUBBED_TIME+MAMBA2-BWB_BMPD512_2_7_15,False
4,8,12,4,0,0,512,847.48,16.11579975,bw,static,static,results,Results,Results_MAMBA21,MAMBA2-BWB-Results,simulator_output_MAMBA2-BWB_bwplacement_bs4_staticreq_statictask,SCRUBBED_TIME+MAMBA2-BWB_BMPD512_8_12_4,False
4,13,6,5,0,0,384,840.35,16.123413454545457,bw,static,static,results,Results,Results_MAMBA21,MAMBA2-BWB-Results,simulator_output_MAMBA2-BWB_bwplacement_bs4_staticreq_statictask,SCRUBBED_TIME+MAMBA2-BWB_BMPD384_13_6_5,False
2,8,4,12,0,0,640,840.63,16.127619625,bw,static,static,results,Results,Results_MAMBA21,MAMBA2-BWB-Results,simulator_output_MAMBA2-BWB_bwplacement_bs2_staticreq_statictask,SCRUBBED_TIME+MAMBA2-BWB_BMPD640_8_4_12,False
2,15,2,7,0,0,256,338.33,16.15856311111111,bw,static,static,results,Results,Results_MAMBA21,MAMBA2-BWB-Results,simulator_output_MAMBA2-BWB_bwplacement_bs2_staticreq_statictask,SCRUBBED_TIME+MAMBA2-BWB_BMPD256_15_2_7,False
4,12,8,4,0,0,640,822.3,16.171960666666667,bw,static,static,results,Results,Results_MAMBA21,MAMBA2-BWB-Results,simulator_output_MAMBA2-BWB_bwplacement_bs4_staticreq_statictask,SCRUBBED_TIME+MAMBA2-BWB_BMPD640_12_8_4,False
4,4,18,2,0,0,512,397.28,16.1777218,bw,static,static,results,Results,Results_MAMBA21,MAMBA2-BWB-Results,simulator_output_MAMBA2-BWB_bwplacement_bs4_staticreq_statictask,SCRUBBED_TIME+MAMBA2-BWB_BMPD512_4_18_2,False
4,10,12,2,0,0,640,417.24,16.19312257142857,bw,static,static,results,Results,Results_MAMBA21,MAMBA2-BWB-Results,simulator_output_MAMBA2-BWB_bwplacement_bs4_staticreq_statictask,SCRUBBED_TIME+MAMBA2-BWB_BMPD640_10_12_2,False
4,9,13,2,0,0,640,447.56,16.19361173333333,bw,static,static,results,Results,Results_MAMBA21,MAMBA2-BWB-Results,simulator_output_MAMBA2-BWB_bwplacement_bs4_staticreq_statictask,SCRUBBED_TIME+MAMBA2-BWB_BMPD640_9_13_2,False
2,11,3,10,0,0,512,714.76,16.202873384615383,bw,static,static,results,Results,Results_MAMBA21,MAMBA2-BWB-Results,simulator_output_MAMBA2-BWB_bwplacement_bs2_staticreq_statictask,SCRUBBED_TIME+MAMBA2-BWB_BMPD512_11_3_10,False
4,5,11,8,0,0,384,1341.27,16.21651957894737,bw,static,static,results,Results,Results_MAMBA21,MAMBA2-BWB-Results,simulator_output_MAMBA2-BWB_bwplacement_bs4_staticreq_statictask,SCRUBBED_TIME+MAMBA2-BWB_BMPD384_5_11_8,False
4,4,12,8,0,0,384,811.36,16.243792,bw,static,static,results,Results,Results_MAMBA21,MAMBA2-BWB-Results,simulator_output_MAMBA2-BWB_bwplacement_bs4_staticreq_statictask,SCRUBBED_TIME+MAMBA2-BWB_BMPD384_4_12_8,False
4,2,8,14,0,0,256,1087.48,16.345461111111113,bw,static,static,results,Results,Results_MAMBA21,MAMBA2-BWB-Results,simulator_output_MAMBA2-BWB_bwplacement_bs4_staticreq_statictask,SCRUBBED_TIME+MAMBA2-BWB_BMPD256_2_8_14,False
4,6,8,10,0,0,256,1015.56,16.345888888888886,bw,static,static,results,Results,Results_MAMBA21,MAMBA2-BWB-Results,simulator_output_MAMBA2-BWB_bwplacement_bs4_staticreq_statictask,SCRUBBED_TIME+MAMBA2-BWB_BMPD256_6_8_10,False
2,5,4,15,0,0,512,888.52,16.358884,bw,static,static,results,Results,Results_MAMBA21,MAMBA2-BWB-Results,simulator_output_MAMBA2-BWB_bwplacement_bs2_staticreq_statictask,SCRUBBED_TIME+MAMBA2-BWB_BMPD512_5_4_15,False
4,8,10,6,0,0,512,1183.44,16.3743685,bw,static,static,results,Results,Results_MAMBA21,MAMBA2-BWB-Results,simulator_output_MAMBA2-BWB_bwplacement_bs4_staticreq_statictask,SCRUBBED_TIME+MAMBA2-BWB_BMPD512_8_10_6,False
4,16,6,2,0,0,640,422.04,16.377595,bw,static,static,results,Results,Results_MAMBA21,MAMBA2-BWB-Results,simulator_output_MAMBA2-BWB_bwplacement_bs4_staticreq_statictask,SCRUBBED_TIME+MAMBA2-BWB_BMPD640_16_6_2,False
4,10,10,4,0,0,640,827.04,16.41511542857143,bw,static,static,results,Results,Results_MAMBA21,MAMBA2-BWB-Results,simulator_output_MAMBA2-BWB_bwplacement_bs4_staticreq_statictask,SCRUBBED_TIME+MAMBA2-BWB_BMPD640_10_10_4,False
2,13,3,8,0,0,640,645.0,16.429963272727274,bw,static,static,results,Results,Results_MAMBA21,MAMBA2-BWB-Results,simulator_output_MAMBA2-BWB_bwplacement_bs2_staticreq_statictask,SCRUBBED_TIME+MAMBA2-BWB_BMPD640_13_3_8,False
4,9,9,6,0,0,512,1152.86,16.450022133333334,bw,static,static,results,Results,Results_MAMBA21,MAMBA2-BWB-Results,simulator_output_MAMBA2-BWB_bwplacement_bs4_staticreq_statictask,SCRUBBED_TIME+MAMBA2-BWB_BMPD512_9_9_6,False
4,4,9,11,0,0,256,1098.12,16.4598352,bw,static,static,results,Results,Results_MAMBA21,MAMBA2-BWB-Results,simulator_output_MAMBA2-BWB_bwplacement_bs4_staticreq_statictask,SCRUBBED_TIME+MAMBA2-BWB_BMPD256_4_9_11,False
4,14,6,4,0,0,512,790.55,16.4636784,bw,static,static,results,Results,Results_MAMBA21,MAMBA2-BWB-Results,simulator_output_MAMBA2-BWB_bwplacement_bs4_staticreq_statictask,SCRUBBED_TIME+MAMBA2-BWB_BMPD512_14_6_4,False
4,5,18,1,0,0,512,205.44,16.48625894736842,bw,static,static,results,Results,Results_MAMBA21,MAMBA2-BWB-Results,simulator_output_MAMBA2-BWB_bwplacement_bs4_staticreq_statictask,SCRUBBED_TIME+MAMBA2-BWB_BMPD512_5_18_1,False
4,8,11,5,0,0,512,1028.08,16.508106,bw,static,static,results,Results,Results_MAMBA21,MAMBA2-BWB-Results,simulator_output_MAMBA2-BWB_bwplacement_bs4_staticreq_statictask,SCRUBBED_TIME+MAMBA2-BWB_BMPD512_8_11_5,False
4,15,4,5,0,0,256,521.92,16.550313777777777,bw,static,static,results,Results,Results_MAMBA21,MAMBA2-BWB-Results,simulator_output_MAMBA2-BWB_bwplacement_bs4_staticreq_statictask,SCRUBBED_TIME+MAMBA2-BWB_BMPD256_15_4_5,False
4,7,15,2,0,0,640,424.24,16.593124705882353,bw,static,static,results,Results,Results_MAMBA21,MAMBA2-BWB-Results,simulator_output_MAMBA2-BWB_bwplacement_bs4_staticreq_statictask,SCRUBBED_TIME+MAMBA2-BWB_BMPD640_7_15_2,False
4,10,11,3,0,0,640,614.4,16.594594,bw,static,static,results,Results,Results_MAMBA21,MAMBA2-BWB-Results,simulator_output_MAMBA2-BWB_bwplacement_bs4_staticreq_statictask,SCRUBBED_TIME+MAMBA2-BWB_BMPD640_10_11_3,False
4,3,20,1,0,0,512,212.28,16.623536444444444,bw,static,static,results,Results,Results_MAMBA21,MAMBA2-BWB-Results,simulator_output_MAMBA2-BWB_bwplacement_bs4_staticreq_statictask,SCRUBBED_TIME+MAMBA2-BWB_BMPD512_3_20_1,False
4,4,11,9,0,0,384,1319.6,16.646432,bw,static,static,results,Results,Results_MAMBA21,MAMBA2-BWB-Results,simulator_output_MAMBA2-BWB_bwplacement_bs4_staticreq_statictask,SCRUBBED_TIME+MAMBA2-BWB_BMPD384_4_11_9,False
4,3,10,11,0,0,256,1016.76,16.654176,bw,static,static,results,Results,Results_MAMBA21,MAMBA2-BWB-Results,simulator_output_MAMBA2-BWB_bwplacement_bs4_staticreq_statictask,SCRUBBED_TIME+MAMBA2-BWB_BMPD256_3_10_11,False
2,3,5,16,0,0,384,725.77,16.67493695238095,bw,static,static,results,Results,Results_MAMBA21,MAMBA2-BWB-Results,simulator_output_MAMBA2-BWB_bwplacement_bs2_staticreq_statictask,SCRUBBED_TIME+MAMBA2-BWB_BMPD384_3_5_16,False
4,3,16,5,0,0,640,970.76,16.684598444444443,bw,static,static,results,Results,Results_MAMBA21,MAMBA2-BWB-Results,simulator_output_MAMBA2-BWB_bwplacement_bs4_staticreq_statictask,SCRUBBED_TIME+MAMBA2-BWB_BMPD640_3_16_5,False
4,14,5,5,0,0,512,842.03,16.69623142857143,bw,static,static,results,Results,Results_MAMBA21,MAMBA2-BWB-Results,simulator_output_MAMBA2-BWB_bwplacement_bs4_staticreq_statictask,SCRUBBED_TIME+MAMBA2-BWB_BMPD512_14_5_5,False
4,3,19,2,0,0,384,352.4,16.69638019047619,bw,static,static,results,Results,Results_MAMBA21,MAMBA2-BWB-Results,simulator_output_MAMBA2-BWB_bwplacement_bs4_staticreq_statictask,SCRUBBED_TIME+MAMBA2-BWB_BMPD384_3_19_2,False
4,13,7,4,0,0,512,826.19,16.713912727272728,bw,static,static,results,Results,Results_MAMBA21,MAMBA2-BWB-Results,simulator_output_MAMBA2-BWB_bwplacement_bs4_staticreq_statictask,SCRUBBED_TIME+MAMBA2-BWB_BMPD512_13_7_4,False
4,3,14,7,0,0,512,1224.32,16.729753111111112,bw,static,static,results,Results,Results_MAMBA21,MAMBA2-BWB-Results,simulator_output_MAMBA2-BWB_bwplacement_bs4_staticreq_statictask,SCRUBBED_TIME+MAMBA2-BWB_BMPD512_3_14_7,False
4,8,8,8,0,0,384,1259.35,16.73203525,bw,static,static,results,Results,Results_MAMBA21,MAMBA2-BWB-Results,simulator_output_MAMBA2-BWB_bwplacement_bs4_staticreq_statictask,SCRUBBED_TIME+MAMBA2-BWB_BMPD384_8_8_8,False
4,9,12,3,0,0,640,624.64,16.732825066666667,bw,static,static,results,Results,Results_MAMBA21,MAMBA2-BWB-Results,simulator_output_MAMBA2-BWB_bwplacement_bs4_staticreq_statictask,SCRUBBED_TIME+MAMBA2-BWB_BMPD640_9_12_3,False
4,9,7,8,0,0,256,900.8,16.766179466666667,bw,static,static,results,Results,Results_MAMBA21,MAMBA2-BWB-Results,simulator_output_MAMBA2-BWB_bwplacement_bs4_staticreq_statictask,SCRUBBED_TIME+MAMBA2-BWB_BMPD256_9_7_8,False
2,5,4,15,0,0,256,613.28,16.767393473684212,bw,static,static,results,Results,Results_MAMBA21,MAMBA2-BWB-Results,simulator_output_MAMBA2-BWB_bwplacement_bs2_staticreq_statictask,SCRUBBED_TIME+MAMBA2-BWB_BMPD256_5_4_15,False
4,7,12,5,0,0,512,1024.08,16.78110423529412,bw,static,static,results,Results,Results_MAMBA21,MAMBA2-BWB-Results,simulator_output_MAMBA2-BWB_bwplacement_bs4_staticreq_statictask,SCRUBBED_TIME+MAMBA2-BWB_BMPD512_7_12_5,False
2,8,3,13,0,0,384,730.43,16.78819125,bw,static,static,results,Results,Results_MAMBA21,MAMBA2-BWB-Results,simulator_output_MAMBA2-BWB_bwplacement_bs2_staticreq_statictask,SCRUBBED_TIME+MAMBA2-BWB_BMPD384_8_3_13,False
4,2,6,16,0,0,512,1012.71,16.80611011764706,bw,static,static,results,Results,Results_MAMBA21,MAMBA2-BWB-Results,simulator_output_MAMBA2-BWB_bwplacement_bs4_staticreq_statictask,SCRUBBED_TIME+MAMBA2-BWB_BMPD512_2_6_16,False
4,16,4,4,0,0,384,641.91,16.820352,bw,static,static,results,Results,Results_MAMBA21,MAMBA2-BWB-Results,simulator_output_MAMBA2-BWB_bwplacement_bs4_staticreq_statictask,SCRUBBED_TIME+MAMBA2-BWB_BMPD384_16_4_4,False
4,8,8,8,0,0,512,1324.38,16.8313368,bw,static,static,results,Results,Results_MAMBA21,MAMBA2-BWB-Results,simulator_output_MAMBA2-BWB_bwplacement_bs4_staticreq_statictask,SCRUBBED_TIME+MAMBA2-BWB_BMPD512_8_8_8,False
4,3,13,8,0,0,384,1043.76,16.83833733333333,bw,static,static,results,Results,Results_MAMBA21,MAMBA2-BWB-Results,simulator_output_MAMBA2-BWB_bwplacement_bs4_staticreq_statictask,SCRUBBED_TIME+MAMBA2-BWB_BMPD384_3_13_8,False
4,7,14,3,0,0,640,616.4,16.869995294117647,bw,static,static,results,Results,Results_MAMBA21,MAMBA2-BWB-Results,simulator_output_MAMBA2-BWB_bwplacement_bs4_staticreq_statictask,SCRUBBED_TIME+MAMBA2-BWB_BMPD640_7_14_3,False
4,10,9,5,0,0,640,1006.02,16.87651542857143,bw,static,static,results,Results,Results_MAMBA21,MAMBA2-BWB-Results,simulator_output_MAMBA2-BWB_bwplacement_bs4_staticreq_statictask,SCRUBBED_TIME+MAMBA2-BWB_BMPD640_10_9_5,False
4,4,19,1,0,0,512,194.28,16.918236800000003,bw,static,static,results,Results,Results_MAMBA21,MAMBA2-BWB-Results,simulator_output_MAMBA2-BWB_bwplacement_bs4_staticreq_statictask,SCRUBBED_TIME+MAMBA2-BWB_BMPD512_4_19_1,False
4,9,8,7,0,0,512,1204.32,16.9463888,bw,static,static,results,Results,Results_MAMBA21,MAMBA2-BWB-Results,simulator_output_MAMBA2-BWB_bwplacement_bs4_staticreq_statictask,SCRUBBED_TIME+MAMBA2-BWB_BMPD512_9_8_7,False
4,14,5,5,0,0,384,801.42,16.9616988,bw,static,static,results,Results,Results_MAMBA21,MAMBA2-BWB-Results,simulator_output_MAMBA2-BWB_bwplacement_bs4_staticreq_statictask,SCRUBBED_TIME+MAMBA2-BWB_BMPD384_14_5_5,False
2,10,3,11,0,0,256,506.9,16.990234285714287,bw,static,static,results,Results,Results_MAMBA21,MAMBA2-BWB-Results,simulator_output_MAMBA2-BWB_bwplacement_bs2_staticreq_statictask,SCRUBBED_TIME+MAMBA2-BWB_BMPD256_10_3_11,False
4,13,5,6,0,0,256,640.92,17.000533454545455,bw,static,static,results,Results,Results_MAMBA21,MAMBA2-BWB-Results,simulator_output_MAMBA2-BWB_bwplacement_bs4_staticreq_statictask,SCRUBBED_TIME+MAMBA2-BWB_BMPD256_13_5_6,False
4,12,6,6,0,0,384,941.49,17.025262,bw,static,static,results,Results,Results_MAMBA21,MAMBA2-BWB-Results,simulator_output_MAMBA2-BWB_bwplacement_bs4_staticreq_statictask,SCRUBBED_TIME+MAMBA2-BWB_BMPD384_12_6_6,False
4,11,7,6,0,0,384,974.82,17.02713630769231,bw,static,static,results,Results,Results_MAMBA21,MAMBA2-BWB-Results,simulator_output_MAMBA2-BWB_bwplacement_bs4_staticreq_statictask,SCRUBBED_TIME+MAMBA2-BWB_BMPD384_11_7_6,False
4,11,6,7,0,0,256,720.32,17.052890153846153,bw,static,static,results,Results,Results_MAMBA21,MAMBA2-BWB-Results,simulator_output_MAMBA2-BWB_bwplacement_bs4_staticreq_statictask,SCRUBBED_TIME+MAMBA2-BWB_BMPD256_11_6_7,False
4,3,19,2,0,0,512,422.96,17.115236444444445,bw,static,static,results,Results,Results_MAMBA21,MAMBA2-BWB-Results,simulator_output_MAMBA2-BWB_bwplacement_bs4_staticreq_statictask,SCRUBBED_TIME+MAMBA2-BWB_BMPD512_3_19_2,False
4,8,13,3,0,0,640,607.28,17.12159675,bw,static,static,results,Results,Results_MAMBA21,MAMBA2-BWB-Results,simulator_output_MAMBA2-BWB_bwplacement_bs4_staticreq_statictask,SCRUBBED_TIME+MAMBA2-BWB_BMPD640_8_13_3,False
4,14,7,3,0,0,640,586.76,17.1225632,bw,static,static,results,Results,Results_MAMBA21,MAMBA2-BWB-Results,simulator_output_MAMBA2-BWB_bwplacement_bs4_staticreq_statictask,SCRUBBED_TIME+MAMBA2-BWB_BMPD640_14_7_3,False
2,7,4,13,0,0,640,896.75,17.123782588235294,bw,static,static,results,Results,Results_MAMBA21,MAMBA2-BWB-Results,simulator_output_MAMBA2-BWB_bwplacement_bs2_staticreq_statictask,SCRUBBED_TIME+MAMBA2-BWB_BMPD640_7_4_13,False
4,3,12,9,0,0,384,1210.92,17.154780190476192,bw,static,static,results,Results,Results_MAMBA21,MAMBA2-BWB-Results,simulator_output_MAMBA2-BWB_bwplacement_bs4_staticreq_statictask,SCRUBBED_TIME+MAMBA2-BWB_BMPD384_3_12_9,False
4,5,8,11,0,0,256,1104.96,17.16271789473684,bw,static,static,results,Results,Results_MAMBA21,MAMBA2-BWB-Results,simulator_output_MAMBA2-BWB_bwplacement_bs4_staticreq_statictask,SCRUBBED_TIME+MAMBA2-BWB_BMPD256_5_8_11,False
4,3,20,1,0,0,384,167.28,17.18118971428571,bw,static,static,results,Results,Results_MAMBA21,MAMBA2-BWB-Results,simulator_output_MAMBA2-BWB_bwplacement_bs4_staticreq_statictask,SCRUBBED_TIME+MAMBA2-BWB_BMPD384_3_20_1,False
4,13,6,5,0,0,512,906.65,17.195926,bw,static,static,results,Results,Results_MAMBA21,MAMBA2-BWB-Results,simulator_output_MAMBA2-BWB_bwplacement_bs4_staticreq_statictask,SCRUBBED_TIME+MAMBA2-BWB_BMPD512_13_6_5,False
4,3,9,12,0,0,256,1039.04,17.23602838095238,bw,static,static,results,Results,Results_MAMBA21,MAMBA2-BWB-Results,simulator_output_MAMBA2-BWB_bwplacement_bs4_staticreq_statictask,SCRUBBED_TIME+MAMBA2-BWB_BMPD256_3_9_12,False
4,9,10,5,0,0,640,1010.98,17.286331733333334,bw,static,static,results,Results,Results_MAMBA21,MAMBA2-BWB-Results,simulator_output_MAMBA2-BWB_bwplacement_bs4_staticreq_statictask,SCRUBBED_TIME+MAMBA2-BWB_BMPD640_9_10_5,False
4,7,10,7,0,0,512,1279.46,17.294874823529412,bw,static,static,results,Results,Results_MAMBA21,MAMBA2-BWB-Results,simulator_output_MAMBA2-BWB_bwplacement_bs4_staticreq_statictask,SCRUBBED_TIME+MAMBA2-BWB_BMPD512_7_10_7,False
4,4,14,6,0,0,512,1162.2,17.2969768,bw,static,static,results,Results,Results_MAMBA21,MAMBA2-BWB-Results,simulator_output_MAMBA2-BWB_bwplacement_bs4_staticreq_statictask,SCRUBBED_TIME+MAMBA2-BWB_BMPD512_4_14_6,False
4,5,10,9,0,0,384,1360.64,17.29737747368421,bw,static,static,results,Results,Results_MAMBA21,MAMBA2-BWB-Results,simulator_output_MAMBA2-BWB_bwplacement_bs4_staticreq_statictask,SCRUBBED_TIME+MAMBA2-BWB_BMPD384_5_10_9,False
4,9,11,4,0,0,640,824.52,17.299745066666667,bw,static,static,results,Results,Results_MAMBA21,MAMBA2-BWB-Results,simulator_output_MAMBA2-BWB_bwplacement_bs4_staticreq_statictask,SCRUBBED_TIME+MAMBA2-BWB_BMPD640_9_11_4,False
4,3,11,10,0,0,384,1256.08,17.300070666666667,bw,static,static,results,Results,Results_MAMBA21,MAMBA2-BWB-Results,simulator_output_MAMBA2-BWB_bwplacement_bs4_staticreq_statictask,SCRUBBED_TIME+MAMBA2-BWB_BMPD384_3_11_10,False
4,16,4,4,0,0,512,665.99,17.318558181818183,bw,static,static,results,Results,Results_MAMBA21,MAMBA2-BWB-Results,simulator_output_MAMBA2-BWB_bwplacement_bs4_staticreq_statictask,SCRUBBED_TIME+MAMBA2-BWB_BMPD512_16_4_4,False
2,2,3,19,0,0,640,522.59,17.320040470588236,bw,static,static,results,Results,Results_MAMBA21,MAMBA2-BWB-Results,simulator_output_MAMBA2-BWB_bwplacement_bs2_staticreq_statictask,SCRUBBED_TIME+MAMBA2-BWB_BMPD640_2_3_19,False
4,3,15,6,0,0,512,1137.51,17.323158666666668,bw,static,static,results,Results,Results_MAMBA21,MAMBA2-BWB-Results,simulator_output_MAMBA2-BWB_bwplacement_bs4_staticreq_statictask,SCRUBBED_TIME+MAMBA2-BWB_BMPD512_3_15_6,False
4,5,14,5,0,0,512,1000.96,17.349727368421053,bw,static,static,results,Results,Results_MAMBA21,MAMBA2-BWB-Results,simulator_output_MAMBA2-BWB_bwplacement_bs4_staticreq_statictask,SCRUBBED_TIME+MAMBA2-BWB_BMPD512_5_14_5,False
4,11,8,5,0,0,640,982.57,17.395076615384617,bw,static,static,results,Results,Results_MAMBA21,MAMBA2-BWB-Results,simulator_output_MAMBA2-BWB_bwplacement_bs4_staticreq_statictask,SCRUBBED_TIME+MAMBA2-BWB_BMPD640_11_8_5,False
4,10,6,8,0,0,384,1200.22,17.418714315789472,bw,static,static,results,Results,Results_MAMBA21,MAMBA2-BWB-Results,simulator_output_MAMBA2-BWB_bwplacement_bs4_staticreq_statictask,SCRUBBED_TIME+MAMBA2-BWB_BMPD384_10_6_8,False
4,8,9,7,0,0,512,1253.2,17.43846225,bw,static,static,results,Results,Results_MAMBA21,MAMBA2-BWB-Results,simulator_output_MAMBA2-BWB_bwplacement_bs4_staticreq_statictask,SCRUBBED_TIME+MAMBA2-BWB_BMPD512_8_9_7,False
4,3,13,8,0,0,512,1358.61,17.444136444444442,bw,static,static,results,Results,Results_MAMBA21,MAMBA2-BWB-Results,simulator_output_MAMBA2-BWB_bwplacement_bs4_staticreq_statictask,SCRUBBED_TIME+MAMBA2-BWB_BMPD512_3_13_8,False
2,16,2,6,0,0,640,432.32,17.488274,bw,static,static,results,Results,Results_MAMBA21,MAMBA2-BWB-Results,simulator_output_MAMBA2-BWB_bwplacement_bs2_staticreq_statictask,SCRUBBED_TIME+MAMBA2-BWB_BMPD640_16_2_6,False
4,8,12,4,0,0,640,822.76,17.499403,bw,static,static,results,Results,Results_MAMBA21,MAMBA2-BWB-Results,simulator_output_MAMBA2-BWB_bwplacement_bs4_staticreq_statictask,SCRUBBED_TIME+MAMBA2-BWB_BMPD640_8_12_4,False
4,5,13,6,0,0,512,1177.04,17.500995789473684,bw,static,static,results,Results,Results_MAMBA21,MAMBA2-BWB-Results,simulator_output_MAMBA2-BWB_bwplacement_bs4_staticreq_statictask,SCRUBBED_TIME+MAMBA2-BWB_BMPD512_5_13_6,False
4,4,13,7,0,0,512,1265.8,17.5167068,bw,static,static,results,Results,Results_MAMBA21,MAMBA2-BWB-Results,simulator_output_MAMBA2-BWB_bwplacement_bs4_staticreq_statictask,SCRUBBED_TIME+MAMBA2-BWB_BMPD512_4_13_7,False
2,15,2,7,0,0,512,484.49,17.553194666666666,bw,static,static,results,Results,Results_MAMBA21,MAMBA2-BWB-Results,simulator_output_MAMBA2-BWB_bwplacement_bs2_staticreq_statictask,SCRUBBED_TIME+MAMBA2-BWB_BMPD512_15_2_7,False
4,3,20,1,0,0,640,197.8,17.562581777777776,bw,static,static,results,Results,Results_MAMBA21,MAMBA2-BWB-Results,simulator_output_MAMBA2-BWB_bwplacement_bs4_staticreq_statictask,SCRUBBED_TIME+MAMBA2-BWB_BMPD640_3_20_1,False
4,5,16,3,0,0,640,587.68,17.624568210526316,bw,static,static,results,Results,Results_MAMBA21,MAMBA2-BWB-Results,simulator_output_MAMBA2-BWB_bwplacement_bs4_staticreq_statictask,SCRUBBED_TIME+MAMBA2-BWB_BMPD640_5_16_3,False
2,4,4,16,0,0,256,627.46,17.638761199999998,bw,static,static,results,Results,Results_MAMBA21,MAMBA2-BWB-Results,simulator_output_MAMBA2-BWB_bwplacement_bs2_staticreq_statictask,SCRUBBED_TIME+MAMBA2-BWB_BMPD256_4_4_16,False
4,4,16,4,0,0,512,794.32,17.6390818,bw,static,static,results,Results,Results_MAMBA21,MAMBA2-BWB-Results,simulator_output_MAMBA2-BWB_bwplacement_bs4_staticreq_statictask,SCRUBBED_TIME+MAMBA2-BWB_BMPD512_4_16_4,False
4,5,17,2,0,0,640,411.4,17.654989263157894,bw,static,static,results,Results,Results_MAMBA21,MAMBA2-BWB-Results,simulator_output_MAMBA2-BWB_bwplacement_bs4_staticreq_statictask,SCRUBBED_TIME+MAMBA2-BWB_BMPD640_5_17_2,False
4,6,12,6,0,0,512,1182.74,17.657442,bw,static,static,results,Results,Results_MAMBA21,MAMBA2-BWB-Results,simulator_output_MAMBA2-BWB_bwplacement_bs4_staticreq_statictask,SCRUBBED_TIME+MAMBA2-BWB_BMPD512_6_12_6,False
2,14,2,8,0,0,384,524.39,17.681911399999997,bw,static,static,results,Results,Results_MAMBA21,MAMBA2-BWB-Results,simulator_output_MAMBA2-BWB_bwplacement_bs2_staticreq_statictask,SCRUBBED_TIME+MAMBA2-BWB_BMPD384_14_2_8,False
2,12,3,9,0,0,640,646.55,17.6865335,bw,static,static,results,Results,Results_MAMBA21,MAMBA2-BWB-Results,simulator_output_MAMBA2-BWB_bwplacement_bs2_staticreq_statictask,SCRUBBED_TIME+MAMBA2-BWB_BMPD640_12_3_9,False
4,2,7,15,0,0,640,1005.19,17.688028,bw,static,static,results,Results,Results_MAMBA21,MAMBA2-BWB-Results,simulator_output_MAMBA2-BWB_bwplacement_bs4_staticreq_statictask,SCRUBBED_TIME+MAMBA2-BWB_BMPD640_2_7_15,False
4,7,8,9,0,0,384,1318.01,17.69221717647059,bw,static,static,results,Results,Results_MAMBA21,MAMBA2-BWB-Results,simulator_output_MAMBA2-BWB_bwplacement_bs4_staticreq_statictask,SCRUBBED_TIME+MAMBA2-BWB_BMPD384_7_8_9,False
4,7,11,6,0,0,512,1181.68,17.702974823529413,bw,static,static,results,Results,Results_MAMBA21,MAMBA2-BWB-Results,simulator_output_MAMBA2-BWB_bwplacement_bs4_staticreq_statictask,SCRUBBED_TIME+MAMBA2-BWB_BMPD512_7_11_6,False
4,5,12,7,0,0,512,1289.54,17.709374736842108,bw,static,static,results,Results,Results_MAMBA21,MAMBA2-BWB-Results,simulator_output_MAMBA2-BWB_bwplacement_bs4_staticreq_statictask,SCRUBBED_TIME+MAMBA2-BWB_BMPD512_5_12_7,False
2,4,4,16,0,0,384,811.31,17.720595304347825,bw,static,static,results,Results,Results_MAMBA21,MAMBA2-BWB-Results,simulator_output_MAMBA2-BWB_bwplacement_bs2_staticreq_statictask,SCRUBBED_TIME+MAMBA2-BWB_BMPD384_4_4_16,False
4,3,15,6,0,0,640,1116.32,17.725548444444446,bw,static,static,results,Results,Results_MAMBA21,MAMBA2-BWB-Results,simulator_output_MAMBA2-BWB_bwplacement_bs4_staticreq_statictask,SCRUBBED_TIME+MAMBA2-BWB_BMPD640_3_15_6,False
4,13,5,6,0,0,512,962.86,17.746402133333333,bw,static,static,results,Results,Results_MAMBA21,MAMBA2-BWB-Results,simulator_output_MAMBA2-BWB_bwplacement_bs4_staticreq_statictask,SCRUBBED_TIME+MAMBA2-BWB_BMPD512_13_5_6,False
4,12,7,5,0,0,512,951.46,17.762492666666667,bw,static,static,results,Results,Results_MAMBA21,MAMBA2-BWB-Results,simulator_output_MAMBA2-BWB_bwplacement_bs4_staticreq_statictask,SCRUBBED_TIME+MAMBA2-BWB_BMPD512_12_7_5,False
2,10,3,11,0,0,512,767.27,17.768073,bw,static,static,results,Results,Results_MAMBA21,MAMBA2-BWB-Results,simulator_output_MAMBA2-BWB_bwplacement_bs2_staticreq_statictask,SCRUBBED_TIME+MAMBA2-BWB_BMPD512_10_3_11,False
4,12,6,6,0,0,512,992.77,17.770162133333333,bw,static,static,results,Results,Results_MAMBA21,MAMBA2-BWB-Results,simulator_output_MAMBA2-BWB_bwplacement_bs4_staticreq_statictask,SCRUBBED_TIME+MAMBA2-BWB_BMPD512_12_6_6,False
4,7,13,4,0,0,640,822.16,17.81966588235294,bw,static,static,results,Results,Results_MAMBA21,MAMBA2-BWB-Results,simulator_output_MAMBA2-BWB_bwplacement_bs4_staticreq_statictask,SCRUBBED_TIME+MAMBA2-BWB_BMPD640_7_13_4,False
4,9,9,6,0,0,640,1138.79,17.826571733333335,bw,static,static,results,Results,Results_MAMBA21,MAMBA2-BWB-Results,simulator_output_MAMBA2-BWB_bwplacement_bs4_staticreq_statictask,SCRUBBED_TIME+MAMBA2-BWB_BMPD640_9_9_6,False
4,8,7,9,0,0,256,886.72,17.862802,bw,static,static,results,Results,Results_MAMBA21,MAMBA2-BWB-Results,simulator_output_MAMBA2-BWB_bwplacement_bs4_staticreq_statictask,SCRUBBED_TIME+MAMBA2-BWB_BMPD256_8_7_9,False
4,6,15,3,0,0,640,599.04,17.900226222222223,bw,static,static,results,Results,Results_MAMBA21,MAMBA2-BWB-Results,simulator_output_MAMBA2-BWB_bwplacement_bs4_staticreq_statictask,SCRUBBED_TIME+MAMBA2-BWB_BMPD640_6_15_3,False
4,4,8,12,0,0,256,1107.64,17.9109752,bw,static,static,results,Results,Results_MAMBA21,MAMBA2-BWB-Results,simulator_output_MAMBA2-BWB_bwplacement_bs4_staticreq_statictask,SCRUBBED_TIME+MAMBA2-BWB_BMPD256_4_8_12,False
2,4,4,16,0,0,512,882.89,17.968133714285713,bw,static,static,results,Results,Results_MAMBA21,MAMBA2-BWB-Results,simulator_output_MAMBA2-BWB_bwplacement_bs2_staticreq_statictask,SCRUBBED_TIME+MAMBA2-BWB_BMPD512_4_4_16,False
4,5,15,4,0,0,512,820.84,17.97038,bw,static,static,results,Results,Results_MAMBA21,MAMBA2-BWB-Results,simulator_output_MAMBA2-BWB_bwplacement_bs4_staticreq_statictask,SCRUBBED_TIME+MAMBA2-BWB_BMPD512_5_15_4,False
4,15,6,3,0,0,640,576.08,17.98948533333333,bw,static,static,results,Results,Results_MAMBA21,MAMBA2-BWB-Results,simulator_output_MAMBA2-BWB_bwplacement_bs4_staticreq_statictask,SCRUBBED_TIME+MAMBA2-BWB_BMPD640_15_6_3,False
4,4,15,5,0,0,512,989.48,18.0153768,bw,static,static,results,Results,Results_MAMBA21,MAMBA2-BWB-Results,simulator_output_MAMBA2-BWB_bwplacement_bs4_staticreq_statictask,SCRUBBED_TIME+MAMBA2-BWB_BMPD512_4_15_5,False
4,6,14,4,0,0,640,822.76,18.034704,bw,static,static,results,Results,Results_MAMBA21,MAMBA2-BWB-Results,simulator_output_MAMBA2-BWB_bwplacement_bs4_staticreq_statictask,SCRUBBED_TIME+MAMBA2-BWB_BMPD640_6_14_4,False
2,6,4,14,0,0,640,904.72,18.05770788888889,bw,static,static,results,Results,Results_MAMBA21,MAMBA2-BWB-Results,simulator_output_MAMBA2-BWB_bwplacement_bs2_staticreq_statictask,SCRUBBED_TIME+MAMBA2-BWB_BMPD640_6_4_14,False
2,9,3,12,0,0,256,535.92,18.060972266666667,bw,static,static,results,Results,Results_MAMBA21,MAMBA2-BWB-Results,simulator_output_MAMBA2-BWB_bwplacement_bs2_staticreq_statictask,SCRUBBED_TIME+MAMBA2-BWB_BMPD256_9_3_12,False
4,3,14,7,0,0,640,1201.13,18.077281777777777,bw,static,static,results,Results,Results_MAMBA21,MAMBA2-BWB-Results,simulator_output_MAMBA2-BWB_bwplacement_bs4_staticreq_statictask,SCRUBBED_TIME+MAMBA2-BWB_BMPD640_3_14_7,False
4,10,7,7,0,0,384,1070.99,18.08340485714286,bw,static,static,results,Results,Results_MAMBA21,MAMBA2-BWB-Results,simulator_output_MAMBA2-BWB_bwplacement_bs4_staticreq_statictask,SCRUBBED_TIME+MAMBA2-BWB_BMPD384_10_7_7,False
4,5,18,1,0,0,640,208.16,18.095884,bw,static,static,results,Results,Results_MAMBA21,MAMBA2-BWB-Results,simulator_output_MAMBA2-BWB_bwplacement_bs4_staticreq_statictask,SCRUBBED_TIME+MAMBA2-BWB_BMPD640_5_18_1,False
4,13,7,4,0,0,640,801.49,18.118512727272726,bw,static,static,results,Results,Results_MAMBA21,MAMBA2-BWB-Results,simulator_output_MAMBA2-BWB_bwplacement_bs4_staticreq_statictask,SCRUBBED_TIME+MAMBA2-BWB_BMPD640_13_7_4,False
4,3,19,2,0,0,640,396.76,18.13075955555556,bw,static,static,results,Results,Results_MAMBA21,MAMBA2-BWB-Results,simulator_output_MAMBA2-BWB_bwplacement_bs4_staticreq_statictask,SCRUBBED_TIME+MAMBA2-BWB_BMPD640_3_19_2,False
4,10,6,8,0,0,256,852.72,18.138836285714287,bw,static,static,results,Results,Results_MAMBA21,MAMBA2-BWB-Results,simulator_output_MAMBA2-BWB_bwplacement_bs4_staticreq_statictask,SCRUBBED_TIME+MAMBA2-BWB_BMPD256_10_6_8,False
4,12,5,7,0,0,256,708.32,18.19844433333333,bw,static,static,results,Results,Results_MAMBA21,MAMBA2-BWB-Results,simulator_output_MAMBA2-BWB_bwplacement_bs4_staticreq_statictask,SCRUBBED_TIME+MAMBA2-BWB_BMPD256_12_5_7,False
4,7,8,9,0,0,512,1385.88,18.22084842105263,bw,static,static,results,Results,Results_MAMBA21,MAMBA2-BWB-Results,simulator_output_MAMBA2-BWB_bwplacement_bs4_staticreq_statictask,SCRUBBED_TIME+MAMBA2-BWB_BMPD512_7_8_9,False
4,8,11,5,0,0,640,993.12,18.22624675,bw,static,static,results,Results,Results_MAMBA21,MAMBA2-BWB-Results,simulator_output_MAMBA2-BWB_bwplacement_bs4_staticreq_statictask,SCRUBBED_TIME+MAMBA2-BWB_BMPD640_8_11_5,False
4,7,12,5,0,0,640,1003.24,18.24951882352941,bw,static,static,results,Results,Results_MAMBA21,MAMBA2-BWB-Results,simulator_output_MAMBA2-BWB_bwplacement_bs4_staticreq_statictask,SCRUBBED_TIME+MAMBA2-BWB_BMPD640_7_12_5,False
4,8,10,6,0,0,640,1167.89,18.29278425,bw,static,static,results,Results,Results_MAMBA21,MAMBA2-BWB-Results,simulator_output_MAMBA2-BWB_bwplacement_bs4_staticreq_statictask,SCRUBBED_TIME+MAMBA2-BWB_BMPD640_8_10_6,False
4,3,10,11,0,0,512,1421.64,18.304269777777776,bw,static,static,results,Results,Results_MAMBA21,MAMBA2-BWB-Results,simulator_output_MAMBA2-BWB_bwplacement_bs4_staticreq_statictask,SCRUBBED_TIME+MAMBA2-BWB_BMPD512_3_10_11,False
4,15,4,5,0,0,512,786.44,18.32581714285714,bw,static,static,results,Results,Results_MAMBA21,MAMBA2-BWB-Results,simulator_output_MAMBA2-BWB_bwplacement_bs4_staticreq_statictask,SCRUBBED_TIME+MAMBA2-BWB_BMPD512_15_4_5,False
4,3,12,9,0,0,512,1359.9,18.33047533333333,bw,static,static,results,Results,Results_MAMBA21,MAMBA2-BWB-Results,simulator_output_MAMBA2-BWB_bwplacement_bs4_staticreq_statictask,SCRUBBED_TIME+MAMBA2-BWB_BMPD512_3_12_9,False
4,5,11,8,0,0,512,1490.54,18.3397318,bw,static,static,results,Results,Results_MAMBA21,MAMBA2-BWB-Results,simulator_output_MAMBA2-BWB_bwplacement_bs4_staticreq_statictask,SCRUBBED_TIME+MAMBA2-BWB_BMPD512_5_11_8,False
4,16,5,3,0,0,640,581.66,18.34172,bw,static,static,results,Results,Results_MAMBA21,MAMBA2-BWB-Results,simulator_output_MAMBA2-BWB_bwplacement_bs4_staticreq_statictask,SCRUBBED_TIME+MAMBA2-BWB_BMPD640_16_5_3,False
4,13,5,6,0,0,384,895.92,18.343858909090912,bw,static,static,results,Results,Results_MAMBA21,MAMBA2-BWB-Results,simulator_output_MAMBA2-BWB_bwplacement_bs4_staticreq_statictask,SCRUBBED_TIME+MAMBA2-BWB_BMPD384_13_5_6,False
4,11,7,6,0,0,512,1059.8,18.362481428571428,bw,static,static,results,Results,Results_MAMBA21,MAMBA2-BWB-Results,simulator_output_MAMBA2-BWB_bwplacement_bs4_staticreq_statictask,SCRUBBED_TIME+MAMBA2-BWB_BMPD512_11_7_6,False
4,10,8,6,0,0,640,1107.87,18.396744,bw,static,static,results,Results,Results_MAMBA21,MAMBA2-BWB-Results,simulator_output_MAMBA2-BWB_bwplacement_bs4_staticreq_statictask,SCRUBBED_TIME+MAMBA2-BWB_BMPD640_10_8_6,False
4,6,11,7,0,0,512,1271.3,18.403553111111112,bw,static,static,results,Results,Results_MAMBA21,MAMBA2-BWB-Results,simulator_output_MAMBA2-BWB_bwplacement_bs4_staticreq_statictask,SCRUBBED_TIME+MAMBA2-BWB_BMPD512_6_11_7,False
4,11,6,7,0,0,384,1039.81,18.409174769230766,bw,static,static,results,Results,Results_MAMBA21,MAMBA2-BWB-Results,simulator_output_MAMBA2-BWB_bwplacement_bs4_staticreq_statictask,SCRUBBED_TIME+MAMBA2-BWB_BMPD384_11_6_7,False
4,14,4,6,0,0,256,620.12,18.412178,bw,static,static,results,Results,Results_MAMBA21,MAMBA2-BWB-Results,simulator_output_MAMBA2-BWB_bwplacement_bs4_staticreq_statictask,SCRUBBED_TIME+MAMBA2-BWB_BMPD256_14_4_6,False
4,3,17,4,0,0,640,788.6,18.43788177777777,bw,static,static,results,Results,Results_MAMBA21,MAMBA2-BWB-Results,simulator_output_MAMBA2-BWB_bwplacement_bs4_staticreq_statictask,SCRUBBED_TIME+MAMBA2-BWB_BMPD640_3_17_4,False
4,6,8,10,0,0,384,1428.38,18.49074555555556,bw,static,static,results,Results,Results_MAMBA21,MAMBA2-BWB-Results,simulator_output_MAMBA2-BWB_bwplacement_bs4_staticreq_statictask,SCRUBBED_TIME+MAMBA2-BWB_BMPD384_6_8_10,False
4,9,7,8,0,0,384,1215.3,18.49226025,bw,static,static,results,Results,Results_MAMBA21,MAMBA2-BWB-Results,simulator_output_MAMBA2-BWB_bwplacement_bs4_staticreq_statictask,SCRUBBED_TIME+MAMBA2-BWB_BMPD384_9_7_8,False
2,3,4,17,0,0,256,583.78,18.504193714285712,bw,static,static,results,Results,Results_MAMBA21,MAMBA2-BWB-Results,simulator_output_MAMBA2-BWB_bwplacement_bs2_staticreq_statictask,SCRUBBED_TIME+MAMBA2-BWB_BMPD256_3_4_17,False
4,3,18,3,0,0,640,580.28,18.52125955555556,bw,static,static,results,Results,Results_MAMBA21,MAMBA2-BWB-Results,simulator_output_MAMBA2-BWB_bwplacement_bs4_staticreq_statictask,SCRUBBED_TIME+MAMBA2-BWB_BMPD640_3_18_3,False
4,4,12,8,0,0,512,1492.94,18.5550218,bw,static,static,results,Results,Results_MAMBA21,MAMBA2-BWB-Results,simulator_output_MAMBA2-BWB_bwplacement_bs4_staticreq_statictask,SCRUBBED_TIME+MAMBA2-BWB_BMPD512_4_12_8,False
4,15,4,5,0,0,384,733.08,18.57356533333333,bw,static,static,results,Results,Results_MAMBA21,MAMBA2-BWB-Results,simulator_output_MAMBA2-BWB_bwplacement_bs4_staticreq_statictask,SCRUBBED_TIME+MAMBA2-BWB_BMPD384_15_4_5,False
4,4,10,10,0,0,384,1396.6,18.573702,bw,static,static,results,Results,Results_MAMBA21,MAMBA2-BWB-Results,simulator_output_MAMBA2-BWB_bwplacement_bs4_staticreq_statictask,SCRUBBED_TIME+MAMBA2-BWB_BMPD384_4_10_10,False
2,5,4,15,0,0,640,874.74,18.574796777777777,bw,static,static,results,Results,Results_MAMBA21,MAMBA2-BWB-Results,simulator_output_MAMBA2-BWB_bwplacement_bs2_staticreq_statictask,SCRUBBED_TIME+MAMBA2-BWB_BMPD640_5_4_15,False
2,11,3,10,0,0,640,669.14,18.602126,bw,static,static,results,Results,Results_MAMBA21,MAMBA2-BWB-Results,simulator_output_MAMBA2-BWB_bwplacement_bs2_staticreq_statictask,SCRUBBED_TIME+MAMBA2-BWB_BMPD640_11_3_10,False
4,6,8,10,0,0,512,1473.67,18.647893904761904,bw,static,static,results,Results,Results_MAMBA21,MAMBA2-BWB-Results,simulator_output_MAMBA2-BWB_bwplacement_bs4_staticreq_statictask,SCRUBBED_TIME+MAMBA2-BWB_BMPD512_6_8_10,False
4,3,8,13,0,0,256,1071.24,18.66542838095238,bw,static,static,results,Results,Results_MAMBA21,MAMBA2-BWB-Results,simulator_output_MAMBA2-BWB_bwplacement_bs4_staticreq_statictask,SCRUBBED_TIME+MAMBA2-BWB_BMPD256_3_8_13,False
4,3,13,8,0,0,640,1348.42,18.700020666666667,bw,static,static,results,Results,Results_MAMBA21,MAMBA2-BWB-Results,simulator_output_MAMBA2-BWB_bwplacement_bs4_staticreq_statictask,SCRUBBED_TIME+MAMBA2-BWB_BMPD640_3_13_8,False
4,3,11,10,0,0,512,1392.35,18.730119777777777,bw,static,static,results,Results,Results_MAMBA21,MAMBA2-BWB-Results,simulator_output_MAMBA2-BWB_bwplacement_bs4_staticreq_statictask,SCRUBBED_TIME+MAMBA2-BWB_BMPD512_3_11_10,False
2,3,4,17,0,0,640,751.58,18.761153739130435,bw,static,static,results,Results,Results_MAMBA21,MAMBA2-BWB-Results,simulator_output_MAMBA2-BWB_bwplacement_bs2_staticreq_statictask,SCRUBBED_TIME+MAMBA2-BWB_BMPD640_3_4_17,False
4,2,5,17,0,0,512,994.33,18.78739975,bw,static,static,results,Results,Results_MAMBA21,MAMBA2-BWB-Results,simulator_output_MAMBA2-BWB_bwplacement_bs4_staticreq_statictask,SCRUBBED_TIME+MAMBA2-BWB_BMPD512_2_5_17,False
4,6,13,5,0,0,640,996.2,18.80838733333333,bw,static,static,results,Results,Results_MAMBA21,MAMBA2-BWB-Results,simulator_output_MAMBA2-BWB_bwplacement_bs4_staticreq_statictask,SCRUBBED_TIME+MAMBA2-BWB_BMPD640_6_13_5,False
4,8,9,7,0,0,640,1230.18,18.8820405,bw,static,static,results,Results,Results_MAMBA21,MAMBA2-BWB-Results,simulator_output_MAMBA2-BWB_bwplacement_bs4_staticreq_statictask,SCRUBBED_TIME+MAMBA2-BWB_BMPD640_8_9_7,False
4,4,18,2,0,0,640,404.52,18.9336228,bw,static,static,results,Results,Results_MAMBA21,MAMBA2-BWB-Results,simulator_output_MAMBA2-BWB_bwplacement_bs4_staticreq_statictask,SCRUBBED_TIME+MAMBA2-BWB_BMPD640_4_18_2,False
2,7,3,14,0,0,384,753.47,18.958854,bw,static,static,results,Results,Results_MAMBA21,MAMBA2-BWB-Results,simulator_output_MAMBA2-BWB_bwplacement_bs2_staticreq_statictask,SCRUBBED_TIME+MAMBA2-BWB_BMPD384_7_3_14,False
2,9,3,12,0,0,512,760.58,18.9647708,bw,static,static,results,Results,Results_MAMBA21,MAMBA2-BWB-Results,simulator_output_MAMBA2-BWB_bwplacement_bs2_staticreq_statictask,SCRUBBED_TIME+MAMBA2-BWB_BMPD512_9_3_12,False
4,7,7,10,0,0,256,985.52,18.967258352941176,bw,static,static,results,Results,Results_MAMBA21,MAMBA2-BWB-Results,simulator_output_MAMBA2-BWB_bwplacement_bs4_staticreq_statictask,SCRUBBED_TIME+MAMBA2-BWB_BMPD256_7_7_10,False
4,10,6,8,0,0,512,1257.18,18.99382816,bw,static,static,results,Results,Results_MAMBA21,MAMBA2-BWB-Results,simulator_output_MAMBA2-BWB_bwplacement_bs4_staticreq_statictask,SCRUBBED_TIME+MAMBA2-BWB_BMPD512_10_6_8,False
4,4,15,5,0,0,640,972.2,19.0057728,bw,static,static,results,Results,Results_MAMBA21,MAMBA2-BWB-Results,simulator_output_MAMBA2-BWB_bwplacement_bs4_staticreq_statictask,SCRUBBED_TIME+MAMBA2-BWB_BMPD640_4_15_5,False
4,6,12,6,0,0,640,1164.74,19.023931777777776,bw,static,static,results,Results,Results_MAMBA21,MAMBA2-BWB-Results,simulator_output_MAMBA2-BWB_bwplacement_bs4_staticreq_statictask,SCRUBBED_TIME+MAMBA2-BWB_BMPD640_6_12_6,False
4,11,6,7,0,0,512,1078.57,19.028231,bw,static,static,results,Results,Results_MAMBA21,MAMBA2-BWB-Results,simulator_output_MAMBA2-BWB_bwplacement_bs4_staticreq_statictask,SCRUBBED_TIME+MAMBA2-BWB_BMPD512_11_6_7,False
4,5,10,9,0,0,512,1478.66,19.03150631578947,bw,static,static,results,Results,Results_MAMBA21,MAMBA2-BWB-Results,simulator_output_MAMBA2-BWB_bwplacement_bs4_staticreq_statictask,SCRUBBED_TIME+MAMBA2-BWB_BMPD512_5_10_9,False
4,2,7,15,0,0,384,1001.99,19.031879733333334,bw,static,static,results,Results,Results_MAMBA21,MAMBA2-BWB-Results,simulator_output_MAMBA2-BWB_bwplacement_bs4_staticreq_statictask,SCRUBBED_TIME+MAMBA2-BWB_BMPD384_2_7_15,False
4,3,10,11,0,0,384,1278.88,19.031908761904763,bw,static,static,results,Results,Results_MAMBA21,MAMBA2-BWB-Results,simulator_output_MAMBA2-BWB_bwplacement_bs4_staticreq_statictask,SCRUBBED_TIME+MAMBA2-BWB_BMPD384_3_10_11,False
4,11,5,8,0,0,384,1124.13,19.03257888888889,bw,static,static,results,Results,Results_MAMBA21,MAMBA2-BWB-Results,simulator_output_MAMBA2-BWB_bwplacement_bs4_staticreq_statictask,SCRUBBED_TIME+MAMBA2-BWB_BMPD384_11_5_8,False
2,13,2,9,0,0,384,519.52,19.05343527272728,bw,static,static,results,Results,Results_MAMBA21,MAMBA2-BWB-Results,simulator_output_MAMBA2-BWB_bwplacement_bs2_staticreq_statictask,SCRUBBED_TIME+MAMBA2-BWB_BMPD384_13_2_9,False
4,6,9,9,0,0,512,1447.32,19.05648088888889,bw,static,static,results,Results,Results_MAMBA21,MAMBA2-BWB-Results,simulator_output_MAMBA2-BWB_bwplacement_bs4_staticreq_statictask,SCRUBBED_TIME+MAMBA2-BWB_BMPD512_6_9_9,False
4,3,9,12,0,0,384,1299.36,19.09189447619048,bw,static,static,results,Results,Results_MAMBA21,MAMBA2-BWB-Results,simulator_output_MAMBA2-BWB_bwplacement_bs4_staticreq_statictask,SCRUBBED_TIME+MAMBA2-BWB_BMPD384_3_9_12,False
4,7,11,6,0,0,640,1159.13,19.10702470588236,bw,static,static,results,Results,Results_MAMBA21,MAMBA2-BWB-Results,simulator_output_MAMBA2-BWB_bwplacement_bs4_staticreq_statictask,SCRUBBED_TIME+MAMBA2-BWB_BMPD640_7_11_6,False
4,9,7,8,0,0,512,1340.13,19.133524,bw,static,static,results,Results,Results_MAMBA21,MAMBA2-BWB-Results,simulator_output_MAMBA2-BWB_bwplacement_bs4_staticreq_statictask,SCRUBBED_TIME+MAMBA2-BWB_BMPD512_9_7_8,False
4,12,5,7,0,0,512,1025.65,19.197127764705883,bw,static,static,results,Results,Results_MAMBA21,MAMBA2-BWB-Results,simulator_output_MAMBA2-BWB_bwplacement_bs4_staticreq_statictask,SCRUBBED_TIME+MAMBA2-BWB_BMPD512_12_5_7,False
4,9,6,9,0,0,256,874.6,19.220426133333333,bw,static,static,results,Results,Results_MAMBA21,MAMBA2-BWB-Results,simulator_output_MAMBA2-BWB_bwplacement_bs4_staticreq_statictask,SCRUBBED_TIME+MAMBA2-BWB_BMPD256_9_6_9,False
4,3,9,12,0,0,512,1414.54,19.22096977777777,bw,static,static,results,Results,Results_MAMBA21,MAMBA2-BWB-Results,simulator_output_MAMBA2-BWB_bwplacement_bs4_staticreq_statictask,SCRUBBED_TIME+MAMBA2-BWB_BMPD512_3_9_12,False
2,8,3,13,0,0,256,568.16,19.224895,bw,static,static,results,Results,Results_MAMBA21,MAMBA2-BWB-Results,simulator_output_MAMBA2-BWB_bwplacement_bs2_staticreq_statictask,SCRUBBED_TIME+MAMBA2-BWB_BMPD256_8_3_13,False
4,4,14,6,0,0,640,1123.76,19.2504878,bw,static,static,results,Results,Results_MAMBA21,MAMBA2-BWB-Results,simulator_output_MAMBA2-BWB_bwplacement_bs4_staticreq_statictask,SCRUBBED_TIME+MAMBA2-BWB_BMPD640_4_14_6,False
4,14,6,4,0,0,640,765.9,19.2922432,bw,static,static,results,Results,Results_MAMBA21,MAMBA2-BWB-Results,simulator_output_MAMBA2-BWB_bwplacement_bs4_staticreq_statictask,SCRUBBED_TIME+MAMBA2-BWB_BMPD640_14_6_4,False
4,7,10,7,0,0,640,1259.37,19.322389411764707,bw,static,static,results,Results,Results_MAMBA21,MAMBA2-BWB-Results,simulator_output_MAMBA2-BWB_bwplacement_bs4_staticreq_statictask,SCRUBBED_TIME+MAMBA2-BWB_BMPD640_7_10_7,False
4,5,9,10,0,0,512,1524.71,19.3376318,bw,static,static,results,Results,Results_MAMBA21,MAMBA2-BWB-Results,simulator_output_MAMBA2-BWB_bwplacement_bs4_staticreq_statictask,SCRUBBED_TIME+MAMBA2-BWB_BMPD512_5_9_10,False
4,5,8,11,0,0,384,1501.78,19.35949326315789,bw,static,static,results,Results,Results_MAMBA21,MAMBA2-BWB-Results,simulator_output_MAMBA2-BWB_bwplacement_bs4_staticreq_statictask,SCRUBBED_TIME+MAMBA2-BWB_BMPD384_5_8_11,False
4,5,14,5,0,0,640,978.2,19.378520842105264,bw,static,static,results,Results,Results_MAMBA21,MAMBA2-BWB-Results,simulator_output_MAMBA2-BWB_bwplacement_bs4_staticreq_statictask,SCRUBBED_TIME+MAMBA2-BWB_BMPD640_5_14_5,False
2,13,2,9,0,0,256,419.26,19.400710545454547,bw,static,static,results,Results,Results_MAMBA21,MAMBA2-BWB-Results,simulator_output_MAMBA2-BWB_bwplacement_bs2_staticreq_statictask,SCRUBBED_TIME+MAMBA2-BWB_BMPD256_13_2_9,False
4,9,8,7,0,0,640,1193.45,19.436265066666667,bw,static,static,results,Results,Results_MAMBA21,MAMBA2-BWB-Results,simulator_output_MAMBA2-BWB_bwplacement_bs4_staticreq_statictask,SCRUBBED_TIME+MAMBA2-BWB_BMPD640_9_8_7,False
4,4,16,4,0,0,640,778.12,19.4448028,bw,static,static,results,Results,Results_MAMBA21,MAMBA2-BWB-Results,simulator_output_MAMBA2-BWB_bwplacement_bs4_staticreq_statictask,SCRUBBED_TIME+MAMBA2-BWB_BMPD640_4_16_4,False
2,15,2,7,0,0,640,459.75,19.578062222222226,bw,static,static,results,Results,Results_MAMBA21,MAMBA2-BWB-Results,simulator_output_MAMBA2-BWB_bwplacement_bs2_staticreq_statictask,SCRUBBED_TIME+MAMBA2-BWB_BMPD640_15_2_7,False
4,8,6,10,0,0,384,1315.18,19.581182,bw,static,static,results,Results,Results_MAMBA21,MAMBA2-BWB-Results,simulator_output_MAMBA2-BWB_bwplacement_bs4_staticreq_statictask,SCRUBBED_TIME+MAMBA2-BWB_BMPD384_8_6_10,False
4,12,7,5,0,0,640,936.44,19.583519,bw,static,static,results,Results,Results_MAMBA21,MAMBA2-BWB-Results,simulator_output_MAMBA2-BWB_bwplacement_bs4_staticreq_statictask,SCRUBBED_TIME+MAMBA2-BWB_BMPD640_12_7_5,False
4,10,7,7,0,0,512,1142.95,19.6066088,bw,static,static,results,Results,Results_MAMBA21,MAMBA2-BWB-Results,simulator_output_MAMBA2-BWB_bwplacement_bs4_staticreq_statictask,SCRUBBED_TIME+MAMBA2-BWB_BMPD512_10_7_7,False
4,15,5,4,0,0,640,729.4,19.61644088888889,bw,static,static,results,Results,Results_MAMBA21,MAMBA2-BWB-Results,simulator_output_MAMBA2-BWB_bwplacement_bs4_staticreq_statictask,SCRUBBED_TIME+MAMBA2-BWB_BMPD640_15_5_4,False
4,11,5,8,0,0,256,839.1,19.627659384615384,bw,static,static,results,Results,Results_MAMBA21,MAMBA2-BWB-Results,simulator_output_MAMBA2-BWB_bwplacement_bs4_staticreq_statictask,SCRUBBED_TIME+MAMBA2-BWB_BMPD256_11_5_8,False
8,15,8,1,0,0,256,222.16,19.683668,bw,static,static,results,Results,Results_MAMBA21,MAMBA2-BWB-Results,simulator_output_MAMBA2-BWB_bwplacement_bs8_staticreq_statictask,SCRUBBED_TIME+MAMBA2-BWB_BMPD256_15_8_1,False
4,4,17,3,0,0,640,556.72,19.6903628,bw,static,static,results,Results,Results_MAMBA21,MAMBA2-BWB-Results,simulator_output_MAMBA2-BWB_bwplacement_bs4_staticreq_statictask,SCRUBBED_TIME+MAMBA2-BWB_BMPD640_4_17_3,False
4,5,15,4,0,0,640,799.08,19.715299789473683,bw,static,static,results,Results,Results_MAMBA21,MAMBA2-BWB-Results,simulator_output_MAMBA2-BWB_bwplacement_bs4_staticreq_statictask,SCRUBBED_TIME+MAMBA2-BWB_BMPD640_5_15_4,False
4,6,7,11,0,0,256,1058.16,19.727077777777776,bw,static,static,results,Results,Results_MAMBA21,MAMBA2-BWB-Results,simulator_output_MAMBA2-BWB_bwplacement_bs4_staticreq_statictask,SCRUBBED_TIME+MAMBA2-BWB_BMPD256_6_7_11,False
4,2,7,15,0,0,256,1044.24,19.727138888888888,bw,static,static,results,Results,Results_MAMBA21,MAMBA2-BWB-Results,simulator_output_MAMBA2-BWB_bwplacement_bs4_staticreq_statictask,SCRUBBED_TIME+MAMBA2-BWB_BMPD256_2_7_15,False
4,16,3,5,0,0,256,489.24,19.768789,bw,static,static,results,Results,Results_MAMBA21,MAMBA2-BWB-Results,simulator_output_MAMBA2-BWB_bwplacement_bs4_staticreq_statictask,SCRUBBED_TIME+MAMBA2-BWB_BMPD256_16_3_5,False
4,5,13,6,0,0,640,1133.8,19.83304189473684,bw,static,static,results,Results,Results_MAMBA21,MAMBA2-BWB-Results,simulator_output_MAMBA2-BWB_bwplacement_bs4_staticreq_statictask,SCRUBBED_TIME+MAMBA2-BWB_BMPD640_5_13_6,False
4,3,12,9,0,0,640,1342.33,19.844354,bw,static,static,results,Results,Results_MAMBA21,MAMBA2-BWB-Results,simulator_output_MAMBA2-BWB_bwplacement_bs4_staticreq_statictask,SCRUBBED_TIME+MAMBA2-BWB_BMPD640_3_12_9,False
4,4,19,1,0,0,640,204.72,19.8526628,bw,static,static,results,Results,Results_MAMBA21,MAMBA2-BWB-Results,simulator_output_MAMBA2-BWB_bwplacement_bs4_staticreq_statictask,SCRUBBED_TIME+MAMBA2-BWB_BMPD640_4_19_1,False
2,2,3,19,0,0,384,502.96,19.854467733333333,bw,static,static,results,Results,Results_MAMBA21,MAMBA2-BWB-Results,simulator_output_MAMBA2-BWB_bwplacement_bs2_staticreq_statictask,SCRUBBED_TIME+MAMBA2-BWB_BMPD384_2_3_19,False
4,12,5,7,0,0,384,975.16,19.854853666666667,bw,static,static,results,Results,Results_MAMBA21,MAMBA2-BWB-Results,simulator_output_MAMBA2-BWB_bwplacement_bs4_staticreq_statictask,SCRUBBED_TIME+MAMBA2-BWB_BMPD384_12_5_7,False
4,6,11,7,0,0,640,1253.2,19.876587333333333,bw,static,static,results,Results,Results_MAMBA21,MAMBA2-BWB-Results,simulator_output_MAMBA2-BWB_bwplacement_bs4_staticreq_statictask,SCRUBBED_TIME+MAMBA2-BWB_BMPD640_6_11_7,False
4,5,12,7,0,0,640,1258.36,19.881757684210527,bw,static,static,results,Results,Results_MAMBA21,MAMBA2-BWB-Results,simulator_output_MAMBA2-BWB_bwplacement_bs4_staticreq_statictask,SCRUBBED_TIME+MAMBA2-BWB_BMPD640_5_12_7,False
4,4,10,10,0,0,512,1548.83,19.9036668,bw,static,static,results,Results,Results_MAMBA21,MAMBA2-BWB-Results,simulator_output_MAMBA2-BWB_bwplacement_bs4_staticreq_statictask,SCRUBBED_TIME+MAMBA2-BWB_BMPD512_4_10_10,False
4,8,8,8,0,0,640,1299.98,19.92097066666667,bw,static,static,results,Results,Results_MAMBA21,MAMBA2-BWB-Results,simulator_output_MAMBA2-BWB_bwplacement_bs4_staticreq_statictask,SCRUBBED_TIME+MAMBA2-BWB_BMPD640_8_8_8,False
4,4,11,9,0,0,512,1453.05,19.9346418,bw,static,static,results,Results,Results_MAMBA21,MAMBA2-BWB-Results,simulator_output_MAMBA2-BWB_bwplacement_bs4_staticreq_statictask,SCRUBBED_TIME+MAMBA2-BWB_BMPD512_4_11_9,False
4,8,7,9,0,0,384,1274.99,19.9744415,bw,static,static,results,Results,Results_MAMBA21,MAMBA2-BWB-Results,simulator_output_MAMBA2-BWB_bwplacement_bs4_staticreq_statictask,SCRUBBED_TIME+MAMBA2-BWB_BMPD384_8_7_9,False
4,9,6,9,0,0,384,1214.28,20.00072275,bw,static,static,results,Results,Results_MAMBA21,MAMBA2-BWB-Results,simulator_output_MAMBA2-BWB_bwplacement_bs4_staticreq_statictask,SCRUBBED_TIME+MAMBA2-BWB_BMPD384_9_6_9,False
4,11,5,8,0,0,512,1209.73,20.027730923076923,bw,static,static,results,Results,Results_MAMBA21,MAMBA2-BWB-Results,simulator_output_MAMBA2-BWB_bwplacement_bs4_staticreq_statictask,SCRUBBED_TIME+MAMBA2-BWB_BMPD512_11_5_8,False
4,3,8,13,0,0,512,1435.65,20.029814222222225,bw,static,static,results,Results,Results_MAMBA21,MAMBA2-BWB-Results,simulator_output_MAMBA2-BWB_bwplacement_bs4_staticreq_statictask,SCRUBBED_TIME+MAMBA2-BWB_BMPD512_3_8_13,False
4,7,9,8,0,0,640,1379.42,20.07147176470588,bw,static,static,results,Results,Results_MAMBA21,MAMBA2-BWB-Results,simulator_output_MAMBA2-BWB_bwplacement_bs4_staticreq_statictask,SCRUBBED_TIME+MAMBA2-BWB_BMPD640_7_9_8,False
4,4,13,7,0,0,640,1222.68,20.1128528,bw,static,static,results,Results,Results_MAMBA21,MAMBA2-BWB-Results,simulator_output_MAMBA2-BWB_bwplacement_bs4_staticreq_statictask,SCRUBBED_TIME+MAMBA2-BWB_BMPD640_4_13_7,False
4,6,10,8,0,0,640,1438.32,20.135520666666668,bw,static,static,results,Results,Results_MAMBA21,MAMBA2-BWB-Results,simulator_output_MAMBA2-BWB_bwplacement_bs4_staticreq_statictask,SCRUBBED_TIME+MAMBA2-BWB_BMPD640_6_10_8,False
4,4,8,12,0,0,384,1480.14,20.164817,bw,static,static,results,Results,Results_MAMBA21,MAMBA2-BWB-Results,simulator_output_MAMBA2-BWB_bwplacement_bs4_staticreq_statictask,SCRUBBED_TIME+MAMBA2-BWB_BMPD384_4_8_12,False
2,8,3,13,0,0,512,789.63,20.221246875,bw,static,static,results,Results,Results_MAMBA21,MAMBA2-BWB-Results,simulator_output_MAMBA2-BWB_bwplacement_bs2_staticreq_statictask,SCRUBBED_TIME+MAMBA2-BWB_BMPD512_8_3_13,False
8,14,8,2,0,0,256,434.32,20.225195600000003,bw,static,static,results,Results,Results_MAMBA21,MAMBA2-BWB-Results,simulator_output_MAMBA2-BWB_bwplacement_bs8_staticreq_statictask,SCRUBBED_TIME+MAMBA2-BWB_BMPD256_14_8_2,False
2,4,4,16,0,0,640,868.05,20.25778057142857,bw,static,static,results,Results,Results_MAMBA21,MAMBA2-BWB-Results,simulator_output_MAMBA2-BWB_bwplacement_bs2_staticreq_statictask,SCRUBBED_TIME+MAMBA2-BWB_BMPD640_4_4_16,False
4,3,11,10,0,0,640,1379.29,20.278604,bw,static,static,results,Results,Results_MAMBA21,MAMBA2-BWB-Results,simulator_output_MAMBA2-BWB_bwplacement_bs4_staticreq_statictask,SCRUBBED_TIME+MAMBA2-BWB_BMPD640_3_11_10,False
2,14,2,8,0,0,512,590.79,20.2884562,bw,static,static,results,Results,Results_MAMBA21,MAMBA2-BWB-Results,simulator_output_MAMBA2-BWB_bwplacement_bs2_staticreq_statictask,SCRUBBED_TIME+MAMBA2-BWB_BMPD512_14_2_8,False
4,13,4,7,0,0,256,677.56,20.28977890909091,bw,static,static,results,Results,Results_MAMBA21,MAMBA2-BWB-Results,simulator_output_MAMBA2-BWB_bwplacement_bs4_staticreq_statictask,SCRUBBED_TIME+MAMBA2-BWB_BMPD256_13_4_7,False
2,10,3,11,0,0,640,739.29,20.35276271428572,bw,static,static,results,Results,Results_MAMBA21,MAMBA2-BWB-Results,simulator_output_MAMBA2-BWB_bwplacement_bs2_staticreq_statictask,SCRUBBED_TIME+MAMBA2-BWB_BMPD640_10_3_11,False
4,3,10,11,0,0,640,1415.0,20.404259555555555,bw,static,static,results,Results,Results_MAMBA21,MAMBA2-BWB-Results,simulator_output_MAMBA2-BWB_bwplacement_bs4_staticreq_statictask,SCRUBBED_TIME+MAMBA2-BWB_BMPD640_3_10_11,False
2,12,2,10,0,0,384,531.19,20.45993483333333,bw,static,static,results,Results,Results_MAMBA21,MAMBA2-BWB-Results,simulator_output_MAMBA2-BWB_bwplacement_bs2_staticreq_statictask,SCRUBBED_TIME+MAMBA2-BWB_BMPD384_12_2_10,False
4,8,7,9,0,0,512,1342.46,20.4633268,bw,static,static,results,Results,Results_MAMBA21,MAMBA2-BWB-Results,simulator_output_MAMBA2-BWB_bwplacement_bs4_staticreq_statictask,SCRUBBED_TIME+MAMBA2-BWB_BMPD512_8_7_9,False
2,7,3,14,0,0,256,568.43,20.48346917647059,bw,static,static,results,Results,Results_MAMBA21,MAMBA2-BWB-Results,simulator_output_MAMBA2-BWB_bwplacement_bs2_staticreq_statictask,SCRUBBED_TIME+MAMBA2-BWB_BMPD256_7_3_14,False
4,8,6,10,0,0,256,959.12,20.52082075,bw,static,static,results,Results,Results_MAMBA21,MAMBA2-BWB-Results,simulator_output_MAMBA2-BWB_bwplacement_bs4_staticreq_statictask,SCRUBBED_TIME+MAMBA2-BWB_BMPD256_8_6_10,False
4,2,6,16,0,0,640,988.59,20.533505066666667,bw,static,static,results,Results,Results_MAMBA21,MAMBA2-BWB-Results,simulator_output_MAMBA2-BWB_bwplacement_bs4_staticreq_statictask,SCRUBBED_TIME+MAMBA2-BWB_BMPD640_2_6_16,False
4,14,4,6,0,0,384,817.34,20.5362788,bw,static,static,results,Results,Results_MAMBA21,MAMBA2-BWB-Results,simulator_output_MAMBA2-BWB_bwplacement_bs4_staticreq_statictask,SCRUBBED_TIME+MAMBA2-BWB_BMPD384_14_4_6,False
4,7,7,10,0,0,384,1377.45,20.56490666666667,bw,static,static,results,Results,Results_MAMBA21,MAMBA2-BWB-Results,simulator_output_MAMBA2-BWB_bwplacement_bs4_staticreq_statictask,SCRUBBED_TIME+MAMBA2-BWB_BMPD384_7_7_10,False
4,2,6,16,0,0,384,1005.4,20.663633066666662,bw,static,static,results,Results,Results_MAMBA21,MAMBA2-BWB-Results,simulator_output_MAMBA2-BWB_bwplacement_bs4_staticreq_statictask,SCRUBBED_TIME+MAMBA2-BWB_BMPD384_2_6_16,False
8,14,9,1,0,0,256,221.12,20.6920456,bw,static,static,results,Results,Results_MAMBA21,MAMBA2-BWB-Results,simulator_output_MAMBA2-BWB_bwplacement_bs8_staticreq_statictask,SCRUBBED_TIME+MAMBA2-BWB_BMPD256_14_9_1,False
2,6,3,15,0,0,384,769.4,20.72487356521739,bw,static,static,results,Results,Results_MAMBA21,MAMBA2-BWB-Results,simulator_output_MAMBA2-BWB_bwplacement_bs2_staticreq_statictask,SCRUBBED_TIME+MAMBA2-BWB_BMPD384_6_3_15,False
4,10,5,9,0,0,256,856.44,20.73771485714286,bw,static,static,results,Results,Results_MAMBA21,MAMBA2-BWB-Results,simulator_output_MAMBA2-BWB_bwplacement_bs4_staticreq_statictask,SCRUBBED_TIME+MAMBA2-BWB_BMPD256_10_5_9,False
4,7,6,11,0,0,384,1421.01,20.739765904761903,bw,static,static,results,Results,Results_MAMBA21,MAMBA2-BWB-Results,simulator_output_MAMBA2-BWB_bwplacement_bs4_staticreq_statictask,SCRUBBED_TIME+MAMBA2-BWB_BMPD384_7_6_11,False
4,5,11,8,0,0,640,1461.41,20.80319452631579,bw,static,static,results,Results,Results_MAMBA21,MAMBA2-BWB-Results,simulator_output_MAMBA2-BWB_bwplacement_bs4_staticreq_statictask,SCRUBBED_TIME+MAMBA2-BWB_BMPD640_5_11_8,False
4,16,4,4,0,0,640,647.39,20.8042825,bw,static,static,results,Results,Results_MAMBA21,MAMBA2-BWB-Results,simulator_output_MAMBA2-BWB_bwplacement_bs4_staticreq_statictask,SCRUBBED_TIME+MAMBA2-BWB_BMPD640_16_4_4,False
4,3,9,12,0,0,640,1424.07,20.88245955555556,bw,static,static,results,Results,Results_MAMBA21,MAMBA2-BWB-Results,simulator_output_MAMBA2-BWB_bwplacement_bs4_staticreq_statictask,SCRUBBED_TIME+MAMBA2-BWB_BMPD640_3_9_12,False
4,13,6,5,0,0,640,897.59,20.90618545454545,bw,static,static,results,Results,Results_MAMBA21,MAMBA2-BWB-Results,simulator_output_MAMBA2-BWB_bwplacement_bs4_staticreq_statictask,SCRUBBED_TIME+MAMBA2-BWB_BMPD640_13_6_5,False
4,14,4,6,0,0,512,840.03,20.95040285714286,bw,static,static,results,Results,Results_MAMBA21,MAMBA2-BWB-Results,simulator_output_MAMBA2-BWB_bwplacement_bs4_staticreq_statictask,SCRUBBED_TIME+MAMBA2-BWB_BMPD512_14_4_6,False
8,7,16,1,0,0,256,215.28,20.96482494117647,bw,static,static,results,Results,Results_MAMBA21,MAMBA2-BWB-Results,simulator_output_MAMBA2-BWB_bwplacement_bs8_staticreq_statictask,SCRUBBED_TIME+MAMBA2-BWB_BMPD256_7_16_1,False
4,5,7,12,0,0,256,1076.56,21.00319157894737,bw,static,static,results,Results,Results_MAMBA21,MAMBA2-BWB-Results,simulator_output_MAMBA2-BWB_bwplacement_bs4_staticreq_statictask,SCRUBBED_TIME+MAMBA2-BWB_BMPD256_5_7_12,False
2,3,4,17,0,0,384,692.56,21.02168457142857,bw,static,static,results,Results,Results_MAMBA21,MAMBA2-BWB-Results,simulator_output_MAMBA2-BWB_bwplacement_bs2_staticreq_statictask,SCRUBBED_TIME+MAMBA2-BWB_BMPD384_3_4_17,False
2,12,2,10,0,0,256,444.95,21.026509333333333,bw,static,static,results,Results,Results_MAMBA21,MAMBA2-BWB-Results,simulator_output_MAMBA2-BWB_bwplacement_bs2_staticreq_statictask,SCRUBBED_TIME+MAMBA2-BWB_BMPD256_12_2_10,False
4,4,12,8,0,0,640,1450.73,21.0288778,bw,static,static,results,Results,Results_MAMBA21,MAMBA2-BWB-Results,simulator_output_MAMBA2-BWB_bwplacement_bs4_staticreq_statictask,SCRUBBED_TIME+MAMBA2-BWB_BMPD640_4_12_8,False
4,3,8,13,0,0,384,1355.58,21.03503257142857,bw,static,static,results,Results,Results_MAMBA21,MAMBA2-BWB-Results,simulator_output_MAMBA2-BWB_bwplacement_bs4_staticreq_statictask,SCRUBBED_TIME+MAMBA2-BWB_BMPD384_3_8_13,False
4,6,9,9,0,0,640,1435.85,21.054431777777776,bw,static,static,results,Results,Results_MAMBA21,MAMBA2-BWB-Results,simulator_output_MAMBA2-BWB_bwplacement_bs4_staticreq_statictask,SCRUBBED_TIME+MAMBA2-BWB_BMPD640_6_9_9,False
4,5,10,9,0,0,640,1466.63,21.06856821052632,bw,static,static,results,Results,Results_MAMBA21,MAMBA2-BWB-Results,simulator_output_MAMBA2-BWB_bwplacement_bs4_staticreq_statictask,SCRUBBED_TIME+MAMBA2-BWB_BMPD640_5_10_9,False
4,11,7,6,0,0,640,1050.16,21.083376615384616,bw,static,static,results,Results,Results_MAMBA21,MAMBA2-BWB-Results,simulator_output_MAMBA2-BWB_bwplacement_bs4_staticreq_statictask,SCRUBBED_TIME+MAMBA2-BWB_BMPD640_11_7_6,False
4,9,6,9,0,0,512,1237.53,21.1239868,bw,static,static,results,Results,Results_MAMBA21,MAMBA2-BWB-Results,simulator_output_MAMBA2-BWB_bwplacement_bs4_staticreq_statictask,SCRUBBED_TIME+MAMBA2-BWB_BMPD512_9_6_9,False
4,14,5,5,0,0,640,817.43,21.2199632,bw,static,static,results,Results,Results_MAMBA21,MAMBA2-BWB-Results,simulator_output_MAMBA2-BWB_bwplacement_bs4_staticreq_statictask,SCRUBBED_TIME+MAMBA2-BWB_BMPD640_14_5_5,False
2,2,3,19,0,0,256,546.12,21.451858222222224,bw,static,static,results,Results,Results_MAMBA21,MAMBA2-BWB-Results,simulator_output_MAMBA2-BWB_bwplacement_bs2_staticreq_statictask,SCRUBBED_TIME+MAMBA2-BWB_BMPD256_2_3_19,False
2,7,3,14,0,0,512,803.53,21.48911988235294,bw,static,static,results,Results,Results_MAMBA21,MAMBA2-BWB-Results,simulator_output_MAMBA2-BWB_bwplacement_bs2_staticreq_statictask,SCRUBBED_TIME+MAMBA2-BWB_BMPD512_7_3_14,False
2,9,3,12,0,0,640,693.3,21.512159866666668,bw,static,static,results,Results,Results_MAMBA21,MAMBA2-BWB-Results,simulator_output_MAMBA2-BWB_bwplacement_bs2_staticreq_statictask,SCRUBBED_TIME+MAMBA2-BWB_BMPD640_9_3_12,False
8,13,9,2,0,0,256,438.72,21.513500363636364,bw,static,static,results,Results,Results_MAMBA21,MAMBA2-BWB-Results,simulator_output_MAMBA2-BWB_bwplacement_bs8_staticreq_statictask,SCRUBBED_TIME+MAMBA2-BWB_BMPD256_13_9_2,False
4,10,7,7,0,0,640,1135.2,21.518505066666663,bw,static,static,results,Results,Results_MAMBA21,MAMBA2-BWB-Results,simulator_output_MAMBA2-BWB_bwplacement_bs4_staticreq_statictask,SCRUBBED_TIME+MAMBA2-BWB_BMPD640_10_7_7,False
4,7,7,10,0,0,512,1437.92,21.53607961904762,bw,static,static,results,Results,Results_MAMBA21,MAMBA2-BWB-Results,simulator_output_MAMBA2-BWB_bwplacement_bs4_staticreq_statictask,SCRUBBED_TIME+MAMBA2-BWB_BMPD512_7_7_10,False
4,6,7,11,0,0,384,1453.01,21.55140378947368,bw,static,static,results,Results,Results_MAMBA21,MAMBA2-BWB-Results,simulator_output_MAMBA2-BWB_bwplacement_bs4_staticreq_statictask,SCRUBBED_TIME+MAMBA2-BWB_BMPD384_6_7_11,False
4,7,6,11,0,0,256,1018.44,21.62637011764706,bw,static,static,results,Results,Results_MAMBA21,MAMBA2-BWB-Results,simulator_output_MAMBA2-BWB_bwplacement_bs4_staticreq_statictask,SCRUBBED_TIME+MAMBA2-BWB_BMPD256_7_6_11,False
2,6,3,15,0,0,256,589.74,21.72834711111112,bw,static,static,results,Results,Results_MAMBA21,MAMBA2-BWB-Results,simulator_output_MAMBA2-BWB_bwplacement_bs2_staticreq_statictask,SCRUBBED_TIME+MAMBA2-BWB_BMPD256_6_3_15,False
4,4,11,9,0,0,640,1437.56,21.7376928,bw,static,static,results,Results,Results_MAMBA21,MAMBA2-BWB-Results,simulator_output_MAMBA2-BWB_bwplacement_bs4_staticreq_statictask,SCRUBBED_TIME+MAMBA2-BWB_BMPD640_4_11_9,False
4,4,7,13,0,0,256,1160.6,21.7449402,bw,static,static,results,Results,Results_MAMBA21,MAMBA2-BWB-Results,simulator_output_MAMBA2-BWB_bwplacement_bs4_staticreq_statictask,SCRUBBED_TIME+MAMBA2-BWB_BMPD256_4_7_13,False
8,13,8,3,0,0,256,615.52,21.765064,bw,static,static,results,Results,Results_MAMBA21,MAMBA2-BWB-Results,simulator_output_MAMBA2-BWB_bwplacement_bs8_staticreq_statictask,SCRUBBED_TIME+MAMBA2-BWB_BMPD256_13_8_3,False
8,10,13,1,0,0,256,220.64,21.82631742857143,bw,static,static,results,Results,Results_MAMBA21,MAMBA2-BWB-Results,simulator_output_MAMBA2-BWB_bwplacement_bs8_staticreq_statictask,SCRUBBED_TIME+MAMBA2-BWB_BMPD256_10_13_1,False
8,13,10,1,0,0,256,216.8,21.865400363636365,bw,static,static,results,Results,Results_MAMBA21,MAMBA2-BWB-Results,simulator_output_MAMBA2-BWB_bwplacement_bs8_staticreq_statictask,SCRUBBED_TIME+MAMBA2-BWB_BMPD256_13_10_1,False
4,5,9,10,0,0,640,1517.21,21.88049978947368,bw,static,static,results,Results,Results_MAMBA21,MAMBA2-BWB-Results,simulator_output_MAMBA2-BWB_bwplacement_bs4_staticreq_statictask,SCRUBBED_TIME+MAMBA2-BWB_BMPD640_5_9_10,False
4,15,4,5,0,0,640,733.52,21.8894432,bw,static,static,results,Results,Results_MAMBA21,MAMBA2-BWB-Results,simulator_output_MAMBA2-BWB_bwplacement_bs4_staticreq_statictask,SCRUBBED_TIME+MAMBA2-BWB_BMPD640_15_4_5,False
4,7,8,9,0,0,640,1378.2,21.893089411764706,bw,static,static,results,Results,Results_MAMBA21,MAMBA2-BWB-Results,simulator_output_MAMBA2-BWB_bwplacement_bs4_staticreq_statictask,SCRUBBED_TIME+MAMBA2-BWB_BMPD640_7_8_9,False
4,9,7,8,0,0,640,1254.53,21.953978736842107,bw,static,static,results,Results,Results_MAMBA21,MAMBA2-BWB-Results,simulator_output_MAMBA2-BWB_bwplacement_bs4_staticreq_statictask,SCRUBBED_TIME+MAMBA2-BWB_BMPD640_9_7_8,False
4,4,8,12,0,0,512,1588.41,21.9585518,bw,static,static,results,Results,Results_MAMBA21,MAMBA2-BWB-Results,simulator_output_MAMBA2-BWB_bwplacement_bs4_staticreq_statictask,SCRUBBED_TIME+MAMBA2-BWB_BMPD512_4_8_12,False
4,10,5,9,0,0,384,1139.91,21.959393066666667,bw,static,static,results,Results,Results_MAMBA21,MAMBA2-BWB-Results,simulator_output_MAMBA2-BWB_bwplacement_bs4_staticreq_statictask,SCRUBBED_TIME+MAMBA2-BWB_BMPD384_10_5_9,False
4,16,3,5,0,0,384,647.39,21.9644395,bw,static,static,results,Results,Results_MAMBA21,MAMBA2-BWB-Results,simulator_output_MAMBA2-BWB_bwplacement_bs4_staticreq_statictask,SCRUBBED_TIME+MAMBA2-BWB_BMPD384_16_3_5,False
4,12,4,8,0,0,256,818.13,22.00551933333333,bw,static,static,results,Results,Results_MAMBA21,MAMBA2-BWB-Results,simulator_output_MAMBA2-BWB_bwplacement_bs4_staticreq_statictask,SCRUBBED_TIME+MAMBA2-BWB_BMPD256_12_4_8,False
4,4,10,10,0,0,640,1528.74,22.0268928,bw,static,static,results,Results,Results_MAMBA21,MAMBA2-BWB-Results,simulator_output_MAMBA2-BWB_bwplacement_bs4_staticreq_statictask,SCRUBBED_TIME+MAMBA2-BWB_BMPD640_4_10_10,False
4,13,4,7,0,0,384,906.03,22.085670333333333,bw,static,static,results,Results,Results_MAMBA21,MAMBA2-BWB-Results,simulator_output_MAMBA2-BWB_bwplacement_bs4_staticreq_statictask,SCRUBBED_TIME+MAMBA2-BWB_BMPD384_13_4_7,False
4,9,5,10,0,0,256,931.08,22.1379728,bw,static,static,results,Results,Results_MAMBA21,MAMBA2-BWB-Results,simulator_output_MAMBA2-BWB_bwplacement_bs4_staticreq_statictask,SCRUBBED_TIME+MAMBA2-BWB_BMPD256_9_5_10,False
4,12,4,8,0,0,384,1024.25,22.13815835294118,bw,static,static,results,Results,Results_MAMBA21,MAMBA2-BWB-Results,simulator_output_MAMBA2-BWB_bwplacement_bs4_staticreq_statictask,SCRUBBED_TIME+MAMBA2-BWB_BMPD384_12_4_8,False
4,13,5,6,0,0,640,920.34,22.15922733333333,bw,static,static,results,Results,Results_MAMBA21,MAMBA2-BWB-Results,simulator_output_MAMBA2-BWB_bwplacement_bs4_staticreq_statictask,SCRUBBED_TIME+MAMBA2-BWB_BMPD640_13_5_6,False
2,13,2,9,0,0,512,544.66,22.161394727272725,bw,static,static,results,Results,Results_MAMBA21,MAMBA2-BWB-Results,simulator_output_MAMBA2-BWB_bwplacement_bs2_staticreq_statictask,SCRUBBED_TIME+MAMBA2-BWB_BMPD512_13_2_9,False
8,15,8,1,0,0,384,324.64,22.253958222222224,bw,static,static,results,Results,Results_MAMBA21,MAMBA2-BWB-Results,simulator_output_MAMBA2-BWB_bwplacement_bs8_staticreq_statictask,SCRUBBED_TIME+MAMBA2-BWB_BMPD384_15_8_1,False
4,6,8,10,0,0,640,1450.12,22.266331368421053,bw,static,static,results,Results,Results_MAMBA21,MAMBA2-BWB-Results,simulator_output_MAMBA2-BWB_bwplacement_bs4_staticreq_statictask,SCRUBBED_TIME+MAMBA2-BWB_BMPD640_6_8_10,False
4,10,5,9,0,0,512,1183.02,22.47318,bw,static,static,results,Results,Results_MAMBA21,MAMBA2-BWB-Results,simulator_output_MAMBA2-BWB_bwplacement_bs4_staticreq_statictask,SCRUBBED_TIME+MAMBA2-BWB_BMPD512_10_5_9,False
2,14,2,8,0,0,640,532.03,22.5049938,bw,static,static,results,Results,Results_MAMBA21,MAMBA2-BWB-Results,simulator_output_MAMBA2-BWB_bwplacement_bs2_staticreq_statictask,SCRUBBED_TIME+MAMBA2-BWB_BMPD640_14_2_8,False
4,12,6,6,0,0,640,977.84,22.50613566666667,bw,static,static,results,Results,Results_MAMBA21,MAMBA2-BWB-Results,simulator_output_MAMBA2-BWB_bwplacement_bs4_staticreq_statictask,SCRUBBED_TIME+MAMBA2-BWB_BMPD640_12_6_6,False
8,12,9,3,0,0,256,615.68,22.53155033333333,bw,static,static,results,Results,Results_MAMBA21,MAMBA2-BWB-Results,simulator_output_MAMBA2-BWB_bwplacement_bs8_staticreq_statictask,SCRUBBED_TIME+MAMBA2-BWB_BMPD256_12_9_3,False
8,12,10,2,0,0,256,422.08,22.589283666666667,bw,static,static,results,Results,Results_MAMBA21,MAMBA2-BWB-Results,simulator_output_MAMBA2-BWB_bwplacement_bs8_staticreq_statictask,SCRUBBED_TIME+MAMBA2-BWB_BMPD256_12_10_2,False
2,5,3,16,0,0,256,646.42,22.609198736842107,bw,static,static,results,Results,Results_MAMBA21,MAMBA2-BWB-Results,simulator_output_MAMBA2-BWB_bwplacement_bs2_staticreq_statictask,SCRUBBED_TIME+MAMBA2-BWB_BMPD256_5_3_16,False
4,6,6,12,0,0,384,1445.74,22.630692,bw,static,static,results,Results,Results_MAMBA21,MAMBA2-BWB-Results,simulator_output_MAMBA2-BWB_bwplacement_bs4_staticreq_statictask,SCRUBBED_TIME+MAMBA2-BWB_BMPD384_6_6_12,False
2,11,2,11,0,0,384,572.34,22.6349514,bw,static,static,results,Results,Results_MAMBA21,MAMBA2-BWB-Results,simulator_output_MAMBA2-BWB_bwplacement_bs2_staticreq_statictask,SCRUBBED_TIME+MAMBA2-BWB_BMPD384_11_2_11,False
4,15,3,6,0,0,256,576.48,22.638802666666667,bw,static,static,results,Results,Results_MAMBA21,MAMBA2-BWB-Results,simulator_output_MAMBA2-BWB_bwplacement_bs4_staticreq_statictask,SCRUBBED_TIME+MAMBA2-BWB_BMPD256_15_3_6,False
4,6,6,12,0,0,256,1062.2,22.657922222222226,bw,static,static,results,Results,Results_MAMBA21,MAMBA2-BWB-Results,simulator_output_MAMBA2-BWB_bwplacement_bs4_staticreq_statictask,SCRUBBED_TIME+MAMBA2-BWB_BMPD256_6_6_12,False
4,2,6,16,0,0,256,1036.72,22.659977777777776,bw,static,static,results,Results,Results_MAMBA21,MAMBA2-BWB-Results,simulator_output_MAMBA2-BWB_bwplacement_bs4_staticreq_statictask,SCRUBBED_TIME+MAMBA2-BWB_BMPD256_2_6_16,False
8,9,13,2,0,0,256,426.56,22.70491733333333,bw,static,static,results,Results,Results_MAMBA21,MAMBA2-BWB-Results,simulator_output_MAMBA2-BWB_bwplacement_bs8_staticreq_statictask,SCRUBBED_TIME+MAMBA2-BWB_BMPD256_9_13_2,False
4,3,7,14,0,0,256,997.4,22.72929980952381,bw,static,static,results,Results,Results_MAMBA21,MAMBA2-BWB-Results,simulator_output_MAMBA2-BWB_bwplacement_bs4_staticreq_statictask,SCRUBBED_TIME+MAMBA2-BWB_BMPD256_3_7_14,False
4,8,6,10,0,0,512,1325.94,22.8160518,bw,static,static,results,Results,Results_MAMBA21,MAMBA2-BWB-Results,simulator_output_MAMBA2-BWB_bwplacement_bs4_staticreq_statictask,SCRUBBED_TIME+MAMBA2-BWB_BMPD512_8_6_10,False
2,5,3,16,0,0,384,803.74,22.851462545454545,bw,static,static,results,Results,Results_MAMBA21,MAMBA2-BWB-Results,simulator_output_MAMBA2-BWB_bwplacement_bs2_staticreq_statictask,SCRUBBED_TIME+MAMBA2-BWB_BMPD384_5_3_16,False
8,14,9,1,0,0,384,336.48,22.8565392,bw,static,static,results,Results,Results_MAMBA21,MAMBA2-BWB-Results,simulator_output_MAMBA2-BWB_bwplacement_bs8_staticreq_statictask,SCRUBBED_TIME+MAMBA2-BWB_BMPD384_14_9_1,False
4,5,8,11,0,0,640,1533.34,22.86009980952381,bw,static,static,results,Results,Results_MAMBA21,MAMBA2-BWB-Results,simulator_output_MAMBA2-BWB_bwplacement_bs4_staticreq_statictask,SCRUBBED_TIME+MAMBA2-BWB_BMPD640_5_8_11,False
8,12,11,1,0,0,256,214.56,22.86055033333333,bw,static,static,results,Results,Results_MAMBA21,MAMBA2-BWB-Results,simulator_output_MAMBA2-BWB_bwplacement_bs8_staticreq_statictask,SCRUBBED_TIME+MAMBA2-BWB_BMPD256_12_11_1,False
4,3,8,13,0,0,640,1426.95,22.87830955555556,bw,static,static,results,Results,Results_MAMBA21,MAMBA2-BWB-Results,simulator_output_MAMBA2-BWB_bwplacement_bs4_staticreq_statictask,SCRUBBED_TIME+MAMBA2-BWB_BMPD640_3_8_13,False
4,6,7,11,0,0,512,1518.11,22.888674,bw,static,static,results,Results,Results_MAMBA21,MAMBA2-BWB-Results,simulator_output_MAMBA2-BWB_bwplacement_bs4_staticreq_statictask,SCRUBBED_TIME+MAMBA2-BWB_BMPD512_6_7_11,False
4,16,3,5,0,0,512,669.31,22.928921818181816,bw,static,static,results,Results,Results_MAMBA21,MAMBA2-BWB-Results,simulator_output_MAMBA2-BWB_bwplacement_bs4_staticreq_statictask,SCRUBBED_TIME+MAMBA2-BWB_BMPD512_16_3_5,False
2,8,3,13,0,0,640,728.05,22.935354,bw,static,static,results,Results,Results_MAMBA21,MAMBA2-BWB-Results,simulator_output_MAMBA2-BWB_bwplacement_bs2_staticreq_statictask,SCRUBBED_TIME+MAMBA2-BWB_BMPD640_8_3_13,False
4,4,9,11,0,0,640,1589.06,22.9473528,bw,static,static,results,Results,Results_MAMBA21,MAMBA2-BWB-Results,simulator_output_MAMBA2-BWB_bwplacement_bs4_staticreq_statictask,SCRUBBED_TIME+MAMBA2-BWB_BMPD640_4_9_11,False
4,11,6,7,0,0,640,1061.05,23.02171542857143,bw,static,static,results,Results,Results_MAMBA21,MAMBA2-BWB-Results,simulator_output_MAMBA2-BWB_bwplacement_bs4_staticreq_statictask,SCRUBBED_TIME+MAMBA2-BWB_BMPD640_11_6_7,False
4,8,7,9,0,0,640,1321.26,23.06369452631579,bw,static,static,results,Results,Results_MAMBA21,MAMBA2-BWB-Results,simulator_output_MAMBA2-BWB_bwplacement_bs4_staticreq_statictask,SCRUBBED_TIME+MAMBA2-BWB_BMPD640_8_7_9,False
8,14,8,2,0,0,384,629.52,23.0890392,bw,static,static,results,Results,Results_MAMBA21,MAMBA2-BWB-Results,simulator_output_MAMBA2-BWB_bwplacement_bs8_staticreq_statictask,SCRUBBED_TIME+MAMBA2-BWB_BMPD384_14_8_2,False
8,16,7,1,0,0,256,212.24,23.129291,bw,static,static,results,Results,Results_MAMBA21,MAMBA2-BWB-Results,simulator_output_MAMBA2-BWB_bwplacement_bs8_staticreq_statictask,SCRUBBED_TIME+MAMBA2-BWB_BMPD256_16_7_1,False
4,13,4,7,0,0,512,927.82,23.15413857142857,bw,static,static,results,Results,Results_MAMBA21,MAMBA2-BWB-Results,simulator_output_MAMBA2-BWB_bwplacement_bs4_staticreq_statictask,SCRUBBED_TIME+MAMBA2-BWB_BMPD512_13_4_7,False
8,8,15,1,0,0,256,213.36,23.1765525,bw,static,static,results,Results,Results_MAMBA21,MAMBA2-BWB-Results,simulator_output_MAMBA2-BWB_bwplacement_bs8_staticreq_statictask,SCRUBBED_TIME+MAMBA2-BWB_BMPD256_8_15_1,False
8,11,12,1,0,0,256,218.72,23.24099753846154,bw,static,static,results,Results,Results_MAMBA21,MAMBA2-BWB-Results,simulator_output_MAMBA2-BWB_bwplacement_bs8_staticreq_statictask,SCRUBBED_TIME+MAMBA2-BWB_BMPD256_11_12_1,False
8,9,14,1,0,0,256,214.4,23.243664,bw,static,static,results,Results,Results_MAMBA21,MAMBA2-BWB-Results,simulator_output_MAMBA2-BWB_bwplacement_bs8_staticreq_statictask,SCRUBBED_TIME+MAMBA2-BWB_BMPD256_9_14_1,False
8,11,11,2,0,0,256,419.2,23.250051384615382,bw,static,static,results,Results,Results_MAMBA21,MAMBA2-BWB-Results,simulator_output_MAMBA2-BWB_bwplacement_bs8_staticreq_statictask,SCRUBBED_TIME+MAMBA2-BWB_BMPD256_11_11_2,False
8,12,8,4,0,0,256,823.84,23.272833666666667,bw,static,static,results,Results,Results_MAMBA21,MAMBA2-BWB-Results,simulator_output_MAMBA2-BWB_bwplacement_bs8_staticreq_statictask,SCRUBBED_TIME+MAMBA2-BWB_BMPD256_12_8_4,False
8,6,16,2,0,0,256,400.64,23.30688777777777,bw,static,static,results,Results,Results_MAMBA21,MAMBA2-BWB-Results,simulator_output_MAMBA2-BWB_bwplacement_bs8_staticreq_statictask,SCRUBBED_TIME+MAMBA2-BWB_BMPD256_6_16_2,False
2,11,2,11,0,0,256,453.77,23.307849846153847,bw,static,static,results,Results,Results_MAMBA21,MAMBA2-BWB-Results,simulator_output_MAMBA2-BWB_bwplacement_bs2_staticreq_statictask,SCRUBBED_TIME+MAMBA2-BWB_BMPD256_11_2_11,False
8,11,10,3,0,0,256,609.2,23.323589846153848,bw,static,static,results,Results,Results_MAMBA21,MAMBA2-BWB-Results,simulator_output_MAMBA2-BWB_bwplacement_bs8_staticreq_statictask,SCRUBBED_TIME+MAMBA2-BWB_BMPD256_11_10_3,False
8,13,10,1,0,0,384,325.76,23.324158545454548,bw,static,static,results,Results,Results_MAMBA21,MAMBA2-BWB-Results,simulator_output_MAMBA2-BWB_bwplacement_bs8_staticreq_statictask,SCRUBBED_TIME+MAMBA2-BWB_BMPD384_13_10_1,False
4,5,7,12,0,0,384,1475.12,23.334382736842105,bw,static,static,results,Results,Results_MAMBA21,MAMBA2-BWB-Results,simulator_output_MAMBA2-BWB_bwplacement_bs4_staticreq_statictask,SCRUBBED_TIME+MAMBA2-BWB_BMPD384_5_7_12,False
4,9,5,10,0,0,384,1213.09,23.3862915,bw,static,static,results,Results,Results_MAMBA21,MAMBA2-BWB-Results,simulator_output_MAMBA2-BWB_bwplacement_bs4_staticreq_statictask,SCRUBBED_TIME+MAMBA2-BWB_BMPD384_9_5_10,False
4,7,6,11,0,0,512,1460.56,23.397419454545453,bw,static,static,results,Results,Results_MAMBA21,MAMBA2-BWB-Results,simulator_output_MAMBA2-BWB_bwplacement_bs4_staticreq_statictask,SCRUBBED_TIME+MAMBA2-BWB_BMPD512_7_6_11,False
4,8,5,11,0,0,256,973.44,23.41870825,bw,static,static,results,Results,Results_MAMBA21,MAMBA2-BWB-Results,simulator_output_MAMBA2-BWB_bwplacement_bs4_staticreq_statictask,SCRUBBED_TIME+MAMBA2-BWB_BMPD256_8_5_11,False
8,8,13,3,0,0,256,620.0,23.4278275,bw,static,static,results,Results,Results_MAMBA21,MAMBA2-BWB-Results,simulator_output_MAMBA2-BWB_bwplacement_bs8_staticreq_statictask,SCRUBBED_TIME+MAMBA2-BWB_BMPD256_8_13_3,False
8,11,9,4,0,0,256,820.8,23.56724369230769,bw,static,static,results,Results,Results_MAMBA21,MAMBA2-BWB-Results,simulator_output_MAMBA2-BWB_bwplacement_bs8_staticreq_statictask,SCRUBBED_TIME+MAMBA2-BWB_BMPD256_11_9_4,False
8,6,17,1,0,0,256,209.44,23.60601,bw,static,static,results,Results,Results_MAMBA21,MAMBA2-BWB-Results,simulator_output_MAMBA2-BWB_bwplacement_bs8_staticreq_statictask,SCRUBBED_TIME+MAMBA2-BWB_BMPD256_6_17_1,False
2,6,3,15,0,0,512,803.26,23.6283576,bw,static,static,results,Results,Results_MAMBA21,MAMBA2-BWB-Results,simulator_output_MAMBA2-BWB_bwplacement_bs2_staticreq_statictask,SCRUBBED_TIME+MAMBA2-BWB_BMPD512_6_3_15,False
8,13,9,2,0,0,384,669.12,23.688431272727275,bw,static,static,results,Results,Results_MAMBA21,MAMBA2-BWB-Results,simulator_output_MAMBA2-BWB_bwplacement_bs8_staticreq_statictask,SCRUBBED_TIME+MAMBA2-BWB_BMPD384_13_9_2,False
4,7,7,10,0,0,640,1419.36,23.70119504761905,bw,static,static,results,Results,Results_MAMBA21,MAMBA2-BWB-Results,simulator_output_MAMBA2-BWB_bwplacement_bs4_staticreq_statictask,SCRUBBED_TIME+MAMBA2-BWB_BMPD640_7_7_10,False
4,8,5,11,0,0,384,1304.18,23.754482736842107,bw,static,static,results,Results,Results_MAMBA21,MAMBA2-BWB-Results,simulator_output_MAMBA2-BWB_bwplacement_bs4_staticreq_statictask,SCRUBBED_TIME+MAMBA2-BWB_BMPD384_8_5_11,False
4,5,6,13,0,0,256,1111.8,23.77698105263158,bw,static,static,results,Results,Results_MAMBA21,MAMBA2-BWB-Results,simulator_output_MAMBA2-BWB_bwplacement_bs4_staticreq_statictask,SCRUBBED_TIME+MAMBA2-BWB_BMPD256_5_6_13,False
4,11,4,9,0,0,256,822.44,23.798259384615385,bw,static,static,results,Results,Results_MAMBA21,MAMBA2-BWB-Results,simulator_output_MAMBA2-BWB_bwplacement_bs4_staticreq_statictask,SCRUBBED_TIME+MAMBA2-BWB_BMPD256_11_4_9,False
2,12,2,10,0,0,512,537.39,23.81047566666667,bw,static,static,results,Results,Results_MAMBA21,MAMBA2-BWB-Results,simulator_output_MAMBA2-BWB_bwplacement_bs2_staticreq_statictask,SCRUBBED_TIME+MAMBA2-BWB_BMPD512_12_2_10,False
8,8,14,2,0,0,256,421.2,23.86033375,bw,static,static,results,Results,Results_MAMBA21,MAMBA2-BWB-Results,simulator_output_MAMBA2-BWB_bwplacement_bs8_staticreq_statictask,SCRUBBED_TIME+MAMBA2-BWB_BMPD256_8_14_2,False
8,16,6,2,0,0,256,401.68,23.9278035,bw,static,static,results,Results,Results_MAMBA21,MAMBA2-BWB-Results,simulator_output_MAMBA2-BWB_bwplacement_bs8_staticreq_statictask,SCRUBBED_TIME+MAMBA2-BWB_BMPD256_16_6_2,False
2,2,2,20,0,0,512,486.13,23.993604285714287,bw,static,static,results,Results,Results_MAMBA21,MAMBA2-BWB-Results,simulator_output_MAMBA2-BWB_bwplacement_bs2_staticreq_statictask,SCRUBBED_TIME+MAMBA2-BWB_BMPD512_2_2_20,False
8,15,8,1,0,0,512,360.4,24.01407511111111,bw,static,static,results,Results,Results_MAMBA21,MAMBA2-BWB-Results,simulator_output_MAMBA2-BWB_bwplacement_bs8_staticreq_statictask,SCRUBBED_TIME+MAMBA2-BWB_BMPD512_15_8_1,False
8,5,17,2,0,0,256,404.4,24.03799621052632,bw,static,static,results,Results,Results_MAMBA21,MAMBA2-BWB-Results,simulator_output_MAMBA2-BWB_bwplacement_bs8_staticreq_statictask,SCRUBBED_TIME+MAMBA2-BWB_BMPD256_5_17_2,False
4,10,6,8,0,0,640,1155.5,24.04180925,bw,static,static,results,Results,Results_MAMBA21,MAMBA2-BWB-Results,simulator_output_MAMBA2-BWB_bwplacement_bs4_staticreq_statictask,SCRUBBED_TIME+MAMBA2-BWB_BMPD640_10_6_8,False
4,2,5,17,0,0,384,970.72,24.0711864,bw,static,static,results,Results,Results_MAMBA21,MAMBA2-BWB-Results,simulator_output_MAMBA2-BWB_bwplacement_bs4_staticreq_statictask,SCRUBBED_TIME+MAMBA2-BWB_BMPD384_2_5_17,False
8,10,11,3,0,0,256,609.6,24.08626028571429,bw,static,static,results,Results,Results_MAMBA21,MAMBA2-BWB-Results,simulator_output_MAMBA2-BWB_bwplacement_bs8_staticreq_statictask,SCRUBBED_TIME+MAMBA2-BWB_BMPD256_10_11_3,False
4,12,5,7,0,0,640,979.73,24.099892,bw,static,static,results,Results,Results_MAMBA21,MAMBA2-BWB-Results,simulator_output_MAMBA2-BWB_bwplacement_bs4_staticreq_statictask,SCRUBBED_TIME+MAMBA2-BWB_BMPD640_12_5_7,False
2,4,3,17,0,0,256,595.08,24.1136262,bw,static,static,results,Results,Results_MAMBA21,MAMBA2-BWB-Results,simulator_output_MAMBA2-BWB_bwplacement_bs2_staticreq_statictask,SCRUBBED_TIME+MAMBA2-BWB_BMPD256_4_3_17,False
8,7,16,1,0,0,384,324.4,24.1143,bw,static,static,results,Results,Results_MAMBA21,MAMBA2-BWB-Results,simulator_output_MAMBA2-BWB_bwplacement_bs8_staticreq_statictask,SCRUBBED_TIME+MAMBA2-BWB_BMPD384_7_16_1,False
8,10,12,2,0,0,256,424.56,24.168217428571428,bw,static,static,results,Results,Results_MAMBA21,MAMBA2-BWB-Results,simulator_output_MAMBA2-BWB_bwplacement_bs8_staticreq_statictask,SCRUBBED_TIME+MAMBA2-BWB_BMPD256_10_12_2,False
8,12,11,1,0,0,384,342.24,24.242296666666668,bw,static,static,results,Results,Results_MAMBA21,MAMBA2-BWB-Results,simulator_output_MAMBA2-BWB_bwplacement_bs8_staticreq_statictask,SCRUBBED_TIME+MAMBA2-BWB_BMPD384_12_11_1,False
8,7,13,4,0,0,256,804.56,24.259883764705883,bw,static,static,results,Results,Results_MAMBA21,MAMBA2-BWB-Results,simulator_output_MAMBA2-BWB_bwplacement_bs8_staticreq_statictask,SCRUBBED_TIME+MAMBA2-BWB_BMPD256_7_13_4,False
4,11,5,8,0,0,640,1114.61,24.282670666666668,bw,static,static,results,Results,Results_MAMBA21,MAMBA2-BWB-Results,simulator_output_MAMBA2-BWB_bwplacement_bs4_staticreq_statictask,SCRUBBED_TIME+MAMBA2-BWB_BMPD640_11_5_8,False
4,4,7,13,0,0,384,1508.77,24.303732,bw,static,static,results,Results,Results_MAMBA21,MAMBA2-BWB-Results,simulator_output_MAMBA2-BWB_bwplacement_bs4_staticreq_statictask,SCRUBBED_TIME+MAMBA2-BWB_BMPD384_4_7_13,False
8,12,10,2,0,0,384,624.88,24.523938333333334,bw,static,static,results,Results,Results_MAMBA21,MAMBA2-BWB-Results,simulator_output_MAMBA2-BWB_bwplacement_bs8_staticreq_statictask,SCRUBBED_TIME+MAMBA2-BWB_BMPD384_12_10_2,False
8,10,10,4,0,0,256,821.68,24.53386742857143,bw,static,static,results,Results,Results_MAMBA21,MAMBA2-BWB-Results,simulator_output_MAMBA2-BWB_bwplacement_bs8_staticreq_statictask,SCRUBBED_TIME+MAMBA2-BWB_BMPD256_10_10_4,False
4,14,4,6,0,0,640,820.47,24.54544,bw,static,static,results,Results,Results_MAMBA21,MAMBA2-BWB-Results,simulator_output_MAMBA2-BWB_bwplacement_bs4_staticreq_statictask,SCRUBBED_TIME+MAMBA2-BWB_BMPD640_14_4_6,False
4,14,3,7,0,0,256,629.76,24.553858,bw,static,static,results,Results,Results_MAMBA21,MAMBA2-BWB-Results,simulator_output_MAMBA2-BWB_bwplacement_bs4_staticreq_statictask,SCRUBBED_TIME+MAMBA2-BWB_BMPD256_14_3_7,False
4,5,6,13,0,0,384,1496.03,24.565247,bw,static,static,results,Results,Results_MAMBA21,MAMBA2-BWB-Results,simulator_output_MAMBA2-BWB_bwplacement_bs4_staticreq_statictask,SCRUBBED_TIME+MAMBA2-BWB_BMPD384_5_6_13,False
8,14,8,2,0,0,512,728.96,24.5708068,bw,static,static,results,Results,Results_MAMBA21,MAMBA2-BWB-Results,simulator_output_MAMBA2-BWB_bwplacement_bs8_staticreq_statictask,SCRUBBED_TIME+MAMBA2-BWB_BMPD512_14_8_2,False
8,2,18,4,0,0,512,1360.72,24.595415,bw,static,static,results,Results,Results_MAMBA21,MAMBA2-BWB-Results,simulator_output_MAMBA2-BWB_bwplacement_bs8_staticreq_statictask,SCRUBBED_TIME+MAMBA2-BWB_BMPD512_2_18_4,False
8,15,7,2,0,0,256,418.56,24.662245777777777,bw,static,static,results,Results,Results_MAMBA21,MAMBA2-BWB-Results,simulator_output_MAMBA2-BWB_bwplacement_bs8_staticreq_statictask,SCRUBBED_TIME+MAMBA2-BWB_BMPD256_15_7_2,False
2,13,2,9,0,0,640,502.84,24.69182236363636,bw,static,static,results,Results,Results_MAMBA21,MAMBA2-BWB-Results,simulator_output_MAMBA2-BWB_bwplacement_bs2_staticreq_statictask,SCRUBBED_TIME+MAMBA2-BWB_BMPD640_13_2_9,False
8,7,15,2,0,0,256,411.2,24.758989647058826,bw,static,static,results,Results,Results_MAMBA21,MAMBA2-BWB-Results,simulator_output_MAMBA2-BWB_bwplacement_bs8_staticreq_statictask,SCRUBBED_TIME+MAMBA2-BWB_BMPD256_7_15_2,False
8,10,9,5,0,0,256,996.24,24.76215314285714,bw,static,static,results,Results,Results_MAMBA21,MAMBA2-BWB-Results,simulator_output_MAMBA2-BWB_bwplacement_bs8_staticreq_statictask,SCRUBBED_TIME+MAMBA2-BWB_BMPD256_10_9_5,False
8,11,8,5,0,0,256,983.68,24.76227446153846,bw,static,static,results,Results,Results_MAMBA21,MAMBA2-BWB-Results,simulator_output_MAMBA2-BWB_bwplacement_bs8_staticreq_statictask,SCRUBBED_TIME+MAMBA2-BWB_BMPD256_11_8_5,False
8,13,8,3,0,0,384,904.32,24.77476763636364,bw,static,static,results,Results,Results_MAMBA21,MAMBA2-BWB-Results,simulator_output_MAMBA2-BWB_bwplacement_bs8_staticreq_statictask,SCRUBBED_TIME+MAMBA2-BWB_BMPD384_13_8_3,False
4,2,5,17,0,0,640,975.79,24.774902333333333,bw,static,static,results,Results,Results_MAMBA21,MAMBA2-BWB-Results,simulator_output_MAMBA2-BWB_bwplacement_bs4_staticreq_statictask,SCRUBBED_TIME+MAMBA2-BWB_BMPD640_2_5_17,False
2,3,3,18,0,0,512,704.81,24.8050462,bw,static,static,results,Results,Results_MAMBA21,MAMBA2-BWB-Results,simulator_output_MAMBA2-BWB_bwplacement_bs2_staticreq_statictask,SCRUBBED_TIME+MAMBA2-BWB_BMPD512_3_3_18,False
4,9,5,10,0,0,512,1232.81,24.82149755555556,bw,static,static,results,Results,Results_MAMBA21,MAMBA2-BWB-Results,simulator_output_MAMBA2-BWB_bwplacement_bs4_staticreq_statictask,SCRUBBED_TIME+MAMBA2-BWB_BMPD512_9_5_10,False
8,2,20,2,0,0,512,741.84,24.84034,bw,static,static,results,Results,Results_MAMBA21,MAMBA2-BWB-Results,simulator_output_MAMBA2-BWB_bwplacement_bs8_staticreq_statictask,SCRUBBED_TIME+MAMBA2-BWB_BMPD512_2_20_2,False
4,4,6,14,0,0,256,1067.6,24.8441852,bw,static,static,results,Results,Results_MAMBA21,MAMBA2-BWB-Results,simulator_output_MAMBA2-BWB_bwplacement_bs4_staticreq_statictask,SCRUBBED_TIME+MAMBA2-BWB_BMPD256_4_6_14,False
4,15,3,6,0,0,384,733.08,24.847276444444443,bw,static,static,results,Results,Results_MAMBA21,MAMBA2-BWB-Results,simulator_output_MAMBA2-BWB_bwplacement_bs4_staticreq_statictask,SCRUBBED_TIME+MAMBA2-BWB_BMPD384_15_3_6,False
8,12,9,3,0,0,384,915.12,24.84846333333333,bw,static,static,results,Results,Results_MAMBA21,MAMBA2-BWB-Results,simulator_output_MAMBA2-BWB_bwplacement_bs8_staticreq_statictask,SCRUBBED_TIME+MAMBA2-BWB_BMPD384_12_9_3,False
2,10,2,12,0,0,256,474.07,24.937212857142857,bw,static,static,results,Results,Results_MAMBA21,MAMBA2-BWB-Results,simulator_output_MAMBA2-BWB_bwplacement_bs2_staticreq_statictask,SCRUBBED_TIME+MAMBA2-BWB_BMPD256_10_2_12,False
4,4,8,12,0,0,640,1574.52,24.9582928,bw,static,static,results,Results,Results_MAMBA21,MAMBA2-BWB-Results,simulator_output_MAMBA2-BWB_bwplacement_bs4_staticreq_statictask,SCRUBBED_TIME+MAMBA2-BWB_BMPD640_4_8_12,False
4,7,5,12,0,0,256,1010.2,24.97187011764706,bw,static,static,results,Results,Results_MAMBA21,MAMBA2-BWB-Results,simulator_output_MAMBA2-BWB_bwplacement_bs4_staticreq_statictask,SCRUBBED_TIME+MAMBA2-BWB_BMPD256_7_5_12,False
8,9,12,3,0,0,256,603.12,24.97645733333333,bw,static,static,results,Results,Results_MAMBA21,MAMBA2-BWB-Results,simulator_output_MAMBA2-BWB_bwplacement_bs8_staticreq_statictask,SCRUBBED_TIME+MAMBA2-BWB_BMPD256_9_12_3,False
8,2,21,1,0,0,384,311.28,24.9872784,bw,static,static,results,Results,Results_MAMBA21,MAMBA2-BWB-Results,simulator_output_MAMBA2-BWB_bwplacement_bs8_staticreq_statictask,SCRUBBED_TIME+MAMBA2-BWB_BMPD384_2_21_1,False
8,9,11,4,0,0,256,822.72,24.99381066666667,bw,static,static,results,Results,Results_MAMBA21,MAMBA2-BWB-Results,simulator_output_MAMBA2-BWB_bwplacement_bs8_staticreq_statictask,SCRUBBED_TIME+MAMBA2-BWB_BMPD256_9_11_4,False
2,10,2,12,0,0,384,586.89,25.001406117647058,bw,static,static,results,Results,Results_MAMBA21,MAMBA2-BWB-Results,simulator_output_MAMBA2-BWB_bwplacement_bs2_staticreq_statictask,SCRUBBED_TIME+MAMBA2-BWB_BMPD384_10_2_12,False
4,6,7,11,0,0,640,1526.35,25.041816363636364,bw,static,static,results,Results,Results_MAMBA21,MAMBA2-BWB-Results,simulator_output_MAMBA2-BWB_bwplacement_bs4_staticreq_statictask,SCRUBBED_TIME+MAMBA2-BWB_BMPD640_6_7_11,False
8,10,13,1,0,0,384,324.88,25.069950285714288,bw,static,static,results,Results,Results_MAMBA21,MAMBA2-BWB-Results,simulator_output_MAMBA2-BWB_bwplacement_bs8_staticreq_statictask,SCRUBBED_TIME+MAMBA2-BWB_BMPD384_10_13_1,False
8,2,19,3,0,0,512,1060.16,25.07694833333333,bw,static,static,results,Results,Results_MAMBA21,MAMBA2-BWB-Results,simulator_output_MAMBA2-BWB_bwplacement_bs8_staticreq_statictask,SCRUBBED_TIME+MAMBA2-BWB_BMPD512_2_19_3,False
4,12,4,8,0,0,512,1036.17,25.18261011764706,bw,static,static,results,Results,Results_MAMBA21,MAMBA2-BWB-Results,simulator_output_MAMBA2-BWB_bwplacement_bs4_staticreq_statictask,SCRUBBED_TIME+MAMBA2-BWB_BMPD512_12_4_8,False
8,8,15,1,0,0,384,327.28,25.19194175,bw,static,static,results,Results,Results_MAMBA21,MAMBA2-BWB-Results,simulator_output_MAMBA2-BWB_bwplacement_bs8_staticreq_statictask,SCRUBBED_TIME+MAMBA2-BWB_BMPD384_8_15_1,False
8,2,21,1,0,0,256,196.72,25.209321111111112,bw,static,static,results,Results,Results_MAMBA21,MAMBA2-BWB-Results,simulator_output_MAMBA2-BWB_bwplacement_bs8_staticreq_statictask,SCRUBBED_TIME+MAMBA2-BWB_BMPD256_2_21_1,False
2,7,3,14,0,0,640,744.17,25.22565952,bw,static,static,results,Results,Results_MAMBA21,MAMBA2-BWB-Results,simulator_output_MAMBA2-BWB_bwplacement_bs2_staticreq_statictask,SCRUBBED_TIME+MAMBA2-BWB_BMPD640_7_3_14,False
8,2,21,1,0,0,512,375.12,25.24854,bw,static,static,results,Results,Results_MAMBA21,MAMBA2-BWB-Results,simulator_output_MAMBA2-BWB_bwplacement_bs8_staticreq_statictask,SCRUBBED_TIME+MAMBA2-BWB_BMPD512_2_21_1,False
8,5,18,1,0,0,256,203.6,25.25893831578947,bw,static,static,results,Results,Results_MAMBA21,MAMBA2-BWB-Results,simulator_output_MAMBA2-BWB_bwplacement_bs8_staticreq_statictask,SCRUBBED_TIME+MAMBA2-BWB_BMPD256_5_18_1,False
4,3,7,14,0,0,384,1257.32,25.28222304761905,bw,static,static,results,Results,Results_MAMBA21,MAMBA2-BWB-Results,simulator_output_MAMBA2-BWB_bwplacement_bs4_staticreq_statictask,SCRUBBED_TIME+MAMBA2-BWB_BMPD384_3_7_14,False
2,3,3,18,0,0,256,531.48,25.29032228571429,bw,static,static,results,Results,Results_MAMBA21,MAMBA2-BWB-Results,simulator_output_MAMBA2-BWB_bwplacement_bs2_staticreq_statictask,SCRUBBED_TIME+MAMBA2-BWB_BMPD256_3_3_18,False
4,3,7,14,0,0,512,1407.73,25.292730888888887,bw,static,static,results,Results,Results_MAMBA21,MAMBA2-BWB-Results,simulator_output_MAMBA2-BWB_bwplacement_bs4_staticreq_statictask,SCRUBBED_TIME+MAMBA2-BWB_BMPD512_3_7_14,False
8,2,17,5,0,0,512,1645.92,25.29768166666667,bw,static,static,results,Results,Results_MAMBA21,MAMBA2-BWB-Results,simulator_output_MAMBA2-BWB_bwplacement_bs8_staticreq_statictask,SCRUBBED_TIME+MAMBA2-BWB_BMPD512_2_17_5,False
4,10,4,10,0,0,256,879.12,25.35055057142857,bw,static,static,results,Results,Results_MAMBA21,MAMBA2-BWB-Results,simulator_output_MAMBA2-BWB_bwplacement_bs4_staticreq_statictask,SCRUBBED_TIME+MAMBA2-BWB_BMPD256_10_4_10,False
8,4,18,2,0,0,256,387.36,25.3807684,bw,static,static,results,Results,Results_MAMBA21,MAMBA2-BWB-Results,simulator_output_MAMBA2-BWB_bwplacement_bs8_staticreq_statictask,SCRUBBED_TIME+MAMBA2-BWB_BMPD256_4_18_2,False
8,9,13,2,0,0,384,661.92,25.3900584,bw,static,static,results,Results,Results_MAMBA21,MAMBA2-BWB-Results,simulator_output_MAMBA2-BWB_bwplacement_bs8_staticreq_statictask,SCRUBBED_TIME+MAMBA2-BWB_BMPD384_9_13_2,False
8,6,13,5,0,0,256,999.28,25.392698888888887,bw,static,static,results,Results,Results_MAMBA21,MAMBA2-BWB-Results,simulator_output_MAMBA2-BWB_bwplacement_bs8_staticreq_statictask,SCRUBBED_TIME+MAMBA2-BWB_BMPD256_6_13_5,False
8,6,17,1,0,0,384,304.72,25.394036,bw,static,static,results,Results,Results_MAMBA21,MAMBA2-BWB-Results,simulator_output_MAMBA2-BWB_bwplacement_bs8_staticreq_statictask,SCRUBBED_TIME+MAMBA2-BWB_BMPD384_6_17_1,False
8,9,14,1,0,0,384,333.04,25.478345066666662,bw,static,static,results,Results,Results_MAMBA21,MAMBA2-BWB-Results,simulator_output_MAMBA2-BWB_bwplacement_bs8_staticreq_statictask,SCRUBBED_TIME+MAMBA2-BWB_BMPD384_9_14_1,False
8,11,12,1,0,0,384,325.52,25.48710369230769,bw,static,static,results,Results,Results_MAMBA21,MAMBA2-BWB-Results,simulator_output_MAMBA2-BWB_bwplacement_bs8_staticreq_statictask,SCRUBBED_TIME+MAMBA2-BWB_BMPD384_11_12_1,False
8,2,17,5,0,0,256,976.96,25.503137777777777,bw,static,static,results,Results,Results_MAMBA21,MAMBA2-BWB-Results,simulator_output_MAMBA2-BWB_bwplacement_bs8_staticreq_statictask,SCRUBBED_TIME+MAMBA2-BWB_BMPD256_2_17_5,False
8,2,18,4,0,0,256,792.96,25.580765555555555,bw,static,static,results,Results,Results_MAMBA21,MAMBA2-BWB-Results,simulator_output_MAMBA2-BWB_bwplacement_bs8_staticreq_statictask,SCRUBBED_TIME+MAMBA2-BWB_BMPD256_2_18_4,False
8,6,16,2,0,0,384,589.2,25.582586,bw,static,static,results,Results,Results_MAMBA21,MAMBA2-BWB-Results,simulator_output_MAMBA2-BWB_bwplacement_bs8_staticreq_statictask,SCRUBBED_TIME+MAMBA2-BWB_BMPD384_6_16_2,False
8,11,10,3,0,0,384,913.6,25.616226769230767,bw,static,static,results,Results,Results_MAMBA21,MAMBA2-BWB-Results,simulator_output_MAMBA2-BWB_bwplacement_bs8_staticreq_statictask,SCRUBBED_TIME+MAMBA2-BWB_BMPD384_11_10_3,False
8,11,11,2,0,0,384,664.08,25.628103692307693,bw,static,static,results,Results,Results_MAMBA21,MAMBA2-BWB-Results,simulator_output_MAMBA2-BWB_bwplacement_bs8_staticreq_statictask,SCRUBBED_TIME+MAMBA2-BWB_BMPD384_11_11_2,False
8,16,7,1,0,0,384,319.36,25.638813,bw,static,static,results,Results,Results_MAMBA21,MAMBA2-BWB-Results,simulator_output_MAMBA2-BWB_bwplacement_bs8_staticreq_statictask,SCRUBBED_TIME+MAMBA2-BWB_BMPD384_16_7_1,False
4,6,6,12,0,0,512,1468.47,25.653332,bw,static,static,results,Results,Results_MAMBA21,MAMBA2-BWB-Results,simulator_output_MAMBA2-BWB_bwplacement_bs4_staticreq_statictask,SCRUBBED_TIME+MAMBA2-BWB_BMPD512_6_6_12,False
4,11,4,9,0,0,384,1066.17,25.65708342857143,bw,static,static,results,Results,Results_MAMBA21,MAMBA2-BWB-Results,simulator_output_MAMBA2-BWB_bwplacement_bs4_staticreq_statictask,SCRUBBED_TIME+MAMBA2-BWB_BMPD384_11_4_9,False
4,5,7,12,0,0,512,1534.66,25.7798168,bw,static,static,results,Results,Results_MAMBA21,MAMBA2-BWB-Results,simulator_output_MAMBA2-BWB_bwplacement_bs4_staticreq_statictask,SCRUBBED_TIME+MAMBA2-BWB_BMPD512_5_7_12,False
8,2,18,4,0,0,384,1180.96,25.795211733333336,bw,static,static,results,Results,Results_MAMBA21,MAMBA2-BWB-Results,simulator_output_MAMBA2-BWB_bwplacement_bs8_staticreq_statictask,SCRUBBED_TIME+MAMBA2-BWB_BMPD384_2_18_4,False
8,8,12,4,0,0,256,816.48,25.8216775,bw,static,static,results,Results,Results_MAMBA21,MAMBA2-BWB-Results,simulator_output_MAMBA2-BWB_bwplacement_bs8_staticreq_statictask,SCRUBBED_TIME+MAMBA2-BWB_BMPD256_8_12_4,False
8,7,14,3,0,0,256,596.32,25.85773082352941,bw,static,static,results,Results,Results_MAMBA21,MAMBA2-BWB-Results,simulator_output_MAMBA2-BWB_bwplacement_bs8_staticreq_statictask,SCRUBBED_TIME+MAMBA2-BWB_BMPD256_7_14_3,False
8,8,14,2,0,0,384,647.68,25.8772855,bw,static,static,results,Results,Results_MAMBA21,MAMBA2-BWB-Results,simulator_output_MAMBA2-BWB_bwplacement_bs8_staticreq_statictask,SCRUBBED_TIME+MAMBA2-BWB_BMPD384_8_14_2,False
8,9,10,5,0,0,256,984.4,25.87817066666667,bw,static,static,results,Results,Results_MAMBA21,MAMBA2-BWB-Results,simulator_output_MAMBA2-BWB_bwplacement_bs8_staticreq_statictask,SCRUBBED_TIME+MAMBA2-BWB_BMPD256_9_10_5,False
4,3,6,15,0,0,256,974.44,25.878642666666668,bw,static,static,results,Results,Results_MAMBA21,MAMBA2-BWB-Results,simulator_output_MAMBA2-BWB_bwplacement_bs4_staticreq_statictask,SCRUBBED_TIME+MAMBA2-BWB_BMPD256_3_6_15,False
2,5,3,16,0,0,512,822.76,25.93271745454545,bw,static,static,results,Results,Results_MAMBA21,MAMBA2-BWB-Results,simulator_output_MAMBA2-BWB_bwplacement_bs2_staticreq_statictask,SCRUBBED_TIME+MAMBA2-BWB_BMPD512_5_3_16,False
2,11,2,11,0,0,512,579.02,26.07638819047619,bw,static,static,results,Results,Results_MAMBA21,MAMBA2-BWB-Results,simulator_output_MAMBA2-BWB_bwplacement_bs2_staticreq_statictask,SCRUBBED_TIME+MAMBA2-BWB_BMPD512_11_2_11,False
8,8,11,5,0,0,256,993.52,26.0893275,bw,static,static,results,Results,Results_MAMBA21,MAMBA2-BWB-Results,simulator_output_MAMBA2-BWB_bwplacement_bs8_staticreq_statictask,SCRUBBED_TIME+MAMBA2-BWB_BMPD256_8_11_5,False
4,6,5,13,0,0,256,1107.52,26.17825,bw,static,static,results,Results,Results_MAMBA21,MAMBA2-BWB-Results,simulator_output_MAMBA2-BWB_bwplacement_bs4_staticreq_statictask,SCRUBBED_TIME+MAMBA2-BWB_BMPD256_6_5_13,False
4,2,5,17,0,0,256,1013.72,26.180983333333334,bw,static,static,results,Results,Results_MAMBA21,MAMBA2-BWB-Results,simulator_output_MAMBA2-BWB_bwplacement_bs4_staticreq_statictask,SCRUBBED_TIME+MAMBA2-BWB_BMPD256_2_5_17,False
8,11,9,4,0,0,384,1240.64,26.18273446153846,bw,static,static,results,Results,Results_MAMBA21,MAMBA2-BWB-Results,simulator_output_MAMBA2-BWB_bwplacement_bs8_staticreq_statictask,SCRUBBED_TIME+MAMBA2-BWB_BMPD384_11_9_4,False
8,10,11,3,0,0,384,923.12,26.18902885714286,bw,static,static,results,Results,Results_MAMBA21,MAMBA2-BWB-Results,simulator_output_MAMBA2-BWB_bwplacement_bs8_staticreq_statictask,SCRUBBED_TIME+MAMBA2-BWB_BMPD384_10_11_3,False
8,14,9,1,0,0,512,378.4,26.1899468,bw,static,static,results,Results,Results_MAMBA21,MAMBA2-BWB-Results,simulator_output_MAMBA2-BWB_bwplacement_bs8_staticreq_statictask,SCRUBBED_TIME+MAMBA2-BWB_BMPD512_14_9_1,False
8,14,7,3,0,0,256,588.48,26.2382656,bw,static,static,results,Results,Results_MAMBA21,MAMBA2-BWB-Results,simulator_output_MAMBA2-BWB_bwplacement_bs8_staticreq_statictask,SCRUBBED_TIME+MAMBA2-BWB_BMPD256_14_7_3,False
8,15,6,3,0,0,256,579.68,26.24317911111111,bw,static,static,results,Results,Results_MAMBA21,MAMBA2-BWB-Results,simulator_output_MAMBA2-BWB_bwplacement_bs8_staticreq_statictask,SCRUBBED_TIME+MAMBA2-BWB_BMPD256_15_6_3,False
8,5,16,3,0,0,256,570.96,26.31987515789474,bw,static,static,results,Results,Results_MAMBA21,MAMBA2-BWB-Results,simulator_output_MAMBA2-BWB_bwplacement_bs8_staticreq_statictask,SCRUBBED_TIME+MAMBA2-BWB_BMPD256_5_16_3,False
8,13,10,1,0,0,512,365.92,26.323267272727275,bw,static,static,results,Results,Results_MAMBA21,MAMBA2-BWB-Results,simulator_output_MAMBA2-BWB_bwplacement_bs8_staticreq_statictask,SCRUBBED_TIME+MAMBA2-BWB_BMPD512_13_10_1,False
8,9,9,6,0,0,256,1160.16,26.34897733333333,bw,static,static,results,Results,Results_MAMBA21,MAMBA2-BWB-Results,simulator_output_MAMBA2-BWB_bwplacement_bs8_staticreq_statictask,SCRUBBED_TIME+MAMBA2-BWB_BMPD256_9_9_6,False
8,2,16,6,0,0,384,1509.2,26.3554784,bw,static,static,results,Results,Results_MAMBA21,MAMBA2-BWB-Results,simulator_output_MAMBA2-BWB_bwplacement_bs8_staticreq_statictask,SCRUBBED_TIME+MAMBA2-BWB_BMPD384_2_16_6,False
4,7,5,12,0,0,384,1378.17,26.426712222222225,bw,static,static,results,Results,Results_MAMBA21,MAMBA2-BWB-Results,simulator_output_MAMBA2-BWB_bwplacement_bs4_staticreq_statictask,SCRUBBED_TIME+MAMBA2-BWB_BMPD384_7_5_12,False
8,13,8,3,0,0,512,1022.16,26.45308545454545,bw,static,static,results,Results,Results_MAMBA21,MAMBA2-BWB-Results,simulator_output_MAMBA2-BWB_bwplacement_bs8_staticreq_statictask,SCRUBBED_TIME+MAMBA2-BWB_BMPD512_13_8_3,False
8,12,8,4,0,0,384,1227.52,26.453121666666668,bw,static,static,results,Results,Results_MAMBA21,MAMBA2-BWB-Results,simulator_output_MAMBA2-BWB_bwplacement_bs8_staticreq_statictask,SCRUBBED_TIME+MAMBA2-BWB_BMPD384_12_8_4,False
4,8,5,11,0,0,512,1322.26,26.47866947368421,bw,static,static,results,Results,Results_MAMBA21,MAMBA2-BWB-Results,simulator_output_MAMBA2-BWB_bwplacement_bs4_staticreq_statictask,SCRUBBED_TIME+MAMBA2-BWB_BMPD512_8_5_11,False
8,10,12,2,0,0,384,609.12,26.52456457142857,bw,static,static,results,Results,Results_MAMBA21,MAMBA2-BWB-Results,simulator_output_MAMBA2-BWB_bwplacement_bs8_staticreq_statictask,SCRUBBED_TIME+MAMBA2-BWB_BMPD384_10_12_2,False
8,2,15,7,0,0,512,1844.7,26.533665,bw,static,static,results,Results,Results_MAMBA21,MAMBA2-BWB-Results,simulator_output_MAMBA2-BWB_bwplacement_bs8_staticreq_statictask,SCRUBBED_TIME+MAMBA2-BWB_BMPD512_2_15_7,False
8,8,13,3,0,0,384,912.08,26.540448,bw,static,static,results,Results,Results_MAMBA21,MAMBA2-BWB-Results,simulator_output_MAMBA2-BWB_bwplacement_bs8_staticreq_statictask,SCRUBBED_TIME+MAMBA2-BWB_BMPD384_8_13_3,False
2,9,2,13,0,0,256,513.68,26.5714656,bw,static,static,results,Results,Results_MAMBA21,MAMBA2-BWB-Results,simulator_output_MAMBA2-BWB_bwplacement_bs2_staticreq_statictask,SCRUBBED_TIME+MAMBA2-BWB_BMPD256_9_2_13,False
2,4,3,17,0,0,384,780.91,26.6062864,bw,static,static,results,Results,Results_MAMBA21,MAMBA2-BWB-Results,simulator_output_MAMBA2-BWB_bwplacement_bs2_staticreq_statictask,SCRUBBED_TIME+MAMBA2-BWB_BMPD384_4_3_17,False
8,7,15,2,0,0,384,653.04,26.6259,bw,static,static,results,Results,Results_MAMBA21,MAMBA2-BWB-Results,simulator_output_MAMBA2-BWB_bwplacement_bs8_staticreq_statictask,SCRUBBED_TIME+MAMBA2-BWB_BMPD384_7_15_2,False
8,6,15,3,0,0,256,583.68,26.699948888888887,bw,static,static,results,Results,Results_MAMBA21,MAMBA2-BWB-Results,simulator_output_MAMBA2-BWB_bwplacement_bs8_staticreq_statictask,SCRUBBED_TIME+MAMBA2-BWB_BMPD256_6_15_3,False
8,10,8,6,0,0,256,1142.0,26.701746,bw,static,static,results,Results,Results_MAMBA21,MAMBA2-BWB-Results,simulator_output_MAMBA2-BWB_bwplacement_bs8_staticreq_statictask,SCRUBBED_TIME+MAMBA2-BWB_BMPD256_10_8_6,False
8,2,13,9,0,0,512,1894.01,26.719356666666663,bw,static,static,results,Results,Results_MAMBA21,MAMBA2-BWB-Results,simulator_output_MAMBA2-BWB_bwplacement_bs8_staticreq_statictask,SCRUBBED_TIME+MAMBA2-BWB_BMPD512_2_13_9,False
4,4,6,14,0,0,384,1466.5,26.751507,bw,static,static,results,Results,Results_MAMBA21,MAMBA2-BWB-Results,simulator_output_MAMBA2-BWB_bwplacement_bs4_staticreq_statictask,SCRUBBED_TIME+MAMBA2-BWB_BMPD384_4_6_14,False
4,13,4,7,0,0,640,909.66,26.807435666666667,bw,static,static,results,Results,Results_MAMBA21,MAMBA2-BWB-Results,simulator_output_MAMBA2-BWB_bwplacement_bs4_staticreq_statictask,SCRUBBED_TIME+MAMBA2-BWB_BMPD640_13_4_7,False
4,9,6,9,0,0,640,1211.25,26.819851733333333,bw,static,static,results,Results,Results_MAMBA21,MAMBA2-BWB-Results,simulator_output_MAMBA2-BWB_bwplacement_bs4_staticreq_statictask,SCRUBBED_TIME+MAMBA2-BWB_BMPD640_9_6_9,False
4,10,5,9,0,0,640,1154.82,26.840253,bw,static,static,results,Results,Results_MAMBA21,MAMBA2-BWB-Results,simulator_output_MAMBA2-BWB_bwplacement_bs4_staticreq_statictask,SCRUBBED_TIME+MAMBA2-BWB_BMPD640_10_5_9,False
2,9,2,13,0,0,384,617.2,26.84759488888889,bw,static,static,results,Results,Results_MAMBA21,MAMBA2-BWB-Results,simulator_output_MAMBA2-BWB_bwplacement_bs2_staticreq_statictask,SCRUBBED_TIME+MAMBA2-BWB_BMPD384_9_2_13,False
8,2,20,2,0,0,256,384.08,26.89151,bw,static,static,results,Results,Results_MAMBA21,MAMBA2-BWB-Results,simulator_output_MAMBA2-BWB_bwplacement_bs8_staticreq_statictask,SCRUBBED_TIME+MAMBA2-BWB_BMPD256_2_20_2,False
8,16,5,3,0,0,256,576.56,26.897216,bw,static,static,results,Results,Results_MAMBA21,MAMBA2-BWB-Results,simulator_output_MAMBA2-BWB_bwplacement_bs8_staticreq_statictask,SCRUBBED_TIME+MAMBA2-BWB_BMPD256_16_5_3,False
4,9,4,11,0,0,256,915.76,26.903886133333334,bw,static,static,results,Results,Results_MAMBA21,MAMBA2-BWB-Results,simulator_output_MAMBA2-BWB_bwplacement_bs4_staticreq_statictask,SCRUBBED_TIME+MAMBA2-BWB_BMPD256_9_4_11,False
8,2,20,2,0,0,384,561.76,26.976485066666665,bw,static,static,results,Results,Results_MAMBA21,MAMBA2-BWB-Results,simulator_output_MAMBA2-BWB_bwplacement_bs8_staticreq_statictask,SCRUBBED_TIME+MAMBA2-BWB_BMPD384_2_20_2,False
8,5,13,6,0,0,256,1147.84,26.99140147368421,bw,static,static,results,Results,Results_MAMBA21,MAMBA2-BWB-Results,simulator_output_MAMBA2-BWB_bwplacement_bs8_staticreq_statictask,SCRUBBED_TIME+MAMBA2-BWB_BMPD256_5_13_6,False
8,2,17,5,0,0,384,1358.88,27.025385066666665,bw,static,static,results,Results,Results_MAMBA21,MAMBA2-BWB-Results,simulator_output_MAMBA2-BWB_bwplacement_bs8_staticreq_statictask,SCRUBBED_TIME+MAMBA2-BWB_BMPD384_2_17_5,False
8,16,6,2,0,0,384,623.92,27.0396005,bw,static,static,results,Results,Results_MAMBA21,MAMBA2-BWB-Results,simulator_output_MAMBA2-BWB_bwplacement_bs8_staticreq_statictask,SCRUBBED_TIME+MAMBA2-BWB_BMPD384_16_6_2,False
2,4,3,17,0,0,512,826.57,27.06372991304348,bw,static,static,results,Results,Results_MAMBA21,MAMBA2-BWB-Results,simulator_output_MAMBA2-BWB_bwplacement_bs2_staticreq_statictask,SCRUBBED_TIME+MAMBA2-BWB_BMPD512_4_3_17,False
4,16,3,5,0,0,640,647.39,27.120195,bw,static,static,results,Results,Results_MAMBA21,MAMBA2-BWB-Results,simulator_output_MAMBA2-BWB_bwplacement_bs4_staticreq_statictask,SCRUBBED_TIME+MAMBA2-BWB_BMPD640_16_3_5,False
8,13,9,2,0,0,512,731.2,27.144021818181816,bw,static,static,results,Results,Results_MAMBA21,MAMBA2-BWB-Results,simulator_output_MAMBA2-BWB_bwplacement_bs8_staticreq_statictask,SCRUBBED_TIME+MAMBA2-BWB_BMPD512_13_9_2,False
8,2,14,8,0,0,384,1565.28,27.209045066666665,bw,static,static,results,Results,Results_MAMBA21,MAMBA2-BWB-Results,simulator_output_MAMBA2-BWB_bwplacement_bs8_staticreq_statictask,SCRUBBED_TIME+MAMBA2-BWB_BMPD384_2_14_8,False
8,2,18,4,0,0,640,1335.6,27.21312766666667,bw,static,static,results,Results,Results_MAMBA21,MAMBA2-BWB-Results,simulator_output_MAMBA2-BWB_bwplacement_bs8_staticreq_statictask,SCRUBBED_TIME+MAMBA2-BWB_BMPD640_2_18_4,False
8,4,17,3,0,0,256,555.6,27.2160484,bw,static,static,results,Results,Results_MAMBA21,MAMBA2-BWB-Results,simulator_output_MAMBA2-BWB_bwplacement_bs8_staticreq_statictask,SCRUBBED_TIME+MAMBA2-BWB_BMPD256_4_17_3,False
8,4,19,1,0,0,256,197.44,27.2219784,bw,static,static,results,Results,Results_MAMBA21,MAMBA2-BWB-Results,simulator_output_MAMBA2-BWB_bwplacement_bs8_staticreq_statictask,SCRUBBED_TIME+MAMBA2-BWB_BMPD256_4_19_1,False
2,12,2,10,0,0,640,501.17,27.265211466666663,bw,static,static,results,Results,Results_MAMBA21,MAMBA2-BWB-Results,simulator_output_MAMBA2-BWB_bwplacement_bs2_staticreq_statictask,SCRUBBED_TIME+MAMBA2-BWB_BMPD640_12_2_10,False
8,5,16,3,0,0,384,853.68,27.313053263157894,bw,static,static,results,Results,Results_MAMBA21,MAMBA2-BWB-Results,simulator_output_MAMBA2-BWB_bwplacement_bs8_staticreq_statictask,SCRUBBED_TIME+MAMBA2-BWB_BMPD384_5_16_3,False
4,13,3,8,0,0,256,754.31,27.318333454545453,bw,static,static,results,Results,Results_MAMBA21,MAMBA2-BWB-Results,simulator_output_MAMBA2-BWB_bwplacement_bs4_staticreq_statictask,SCRUBBED_TIME+MAMBA2-BWB_BMPD256_13_3_8,False
8,15,7,2,0,0,384,622.64,27.347558222222226,bw,static,static,results,Results,Results_MAMBA21,MAMBA2-BWB-Results,simulator_output_MAMBA2-BWB_bwplacement_bs8_staticreq_statictask,SCRUBBED_TIME+MAMBA2-BWB_BMPD384_15_7_2,False
4,2,4,18,0,0,512,975.11,27.356884333333333,bw,static,static,results,Results,Results_MAMBA21,MAMBA2-BWB-Results,simulator_output_MAMBA2-BWB_bwplacement_bs4_staticreq_statictask,SCRUBBED_TIME+MAMBA2-BWB_BMPD512_2_4_18,False
4,14,3,7,0,0,384,817.43,27.3570388,bw,static,static,results,Results,Results_MAMBA21,MAMBA2-BWB-Results,simulator_output_MAMBA2-BWB_bwplacement_bs4_staticreq_statictask,SCRUBBED_TIME+MAMBA2-BWB_BMPD384_14_3_7,False
8,9,14,1,0,0,512,381.92,27.368356,bw,static,static,results,Results,Results_MAMBA21,MAMBA2-BWB-Results,simulator_output_MAMBA2-BWB_bwplacement_bs8_staticreq_statictask,SCRUBBED_TIME+MAMBA2-BWB_BMPD512_9_14_1,False
8,7,11,6,0,0,256,1153.52,27.399042588235293,bw,static,static,results,Results,Results_MAMBA21,MAMBA2-BWB-Results,simulator_output_MAMBA2-BWB_bwplacement_bs8_staticreq_statictask,SCRUBBED_TIME+MAMBA2-BWB_BMPD256_7_11_6,False
8,8,10,6,0,0,256,1143.52,27.4172775,bw,static,static,results,Results,Results_MAMBA21,MAMBA2-BWB-Results,simulator_output_MAMBA2-BWB_bwplacement_bs8_staticreq_statictask,SCRUBBED_TIME+MAMBA2-BWB_BMPD256_8_10_6,False
8,14,9,1,0,0,640,360.4,27.4328052,bw,static,static,results,Results,Results_MAMBA21,MAMBA2-BWB-Results,simulator_output_MAMBA2-BWB_bwplacement_bs8_staticreq_statictask,SCRUBBED_TIME+MAMBA2-BWB_BMPD640_14_9_1,False
4,5,5,14,0,0,256,1058.76,27.43461789473684,bw,static,static,results,Results,Results_MAMBA21,MAMBA2-BWB-Results,simulator_output_MAMBA2-BWB_bwplacement_bs4_staticreq_statictask,SCRUBBED_TIME+MAMBA2-BWB_BMPD256_5_5_14,False
8,6,14,4,0,0,256,797.36,27.448037777777778,bw,static,static,results,Results,Results_MAMBA21,MAMBA2-BWB-Results,simulator_output_MAMBA2-BWB_bwplacement_bs8_staticreq_statictask,SCRUBBED_TIME+MAMBA2-BWB_BMPD256_6_14_4,False
8,10,10,4,0,0,384,1224.8,27.457550285714287,bw,static,static,results,Results,Results_MAMBA21,MAMBA2-BWB-Results,simulator_output_MAMBA2-BWB_bwplacement_bs8_staticreq_statictask,SCRUBBED_TIME+MAMBA2-BWB_BMPD384_10_10_4,False
8,7,12,5,0,0,256,977.92,27.46502494117647,bw,static,static,results,Results,Results_MAMBA21,MAMBA2-BWB-Results,simulator_output_MAMBA2-BWB_bwplacement_bs8_staticreq_statictask,SCRUBBED_TIME+MAMBA2-BWB_BMPD256_7_12_5,False
8,9,11,4,0,0,384,1241.2,27.4693184,bw,static,static,results,Results,Results_MAMBA21,MAMBA2-BWB-Results,simulator_output_MAMBA2-BWB_bwplacement_bs8_staticreq_statictask,SCRUBBED_TIME+MAMBA2-BWB_BMPD384_9_11_4,False
8,4,16,4,0,0,256,755.12,27.4702634,bw,static,static,results,Results,Results_MAMBA21,MAMBA2-BWB-Results,simulator_output_MAMBA2-BWB_bwplacement_bs8_staticreq_statictask,SCRUBBED_TIME+MAMBA2-BWB_BMPD256_4_16_4,False
4,10,4,10,0,0,384,1142.73,27.5145264,bw,static,static,results,Results,Results_MAMBA21,MAMBA2-BWB-Results,simulator_output_MAMBA2-BWB_bwplacement_bs4_staticreq_statictask,SCRUBBED_TIME+MAMBA2-BWB_BMPD384_10_4_10,False
8,2,19,3,0,0,384,862.8,27.51501173333333,bw,static,static,results,Results,Results_MAMBA21,MAMBA2-BWB-Results,simulator_output_MAMBA2-BWB_bwplacement_bs8_staticreq_statictask,SCRUBBED_TIME+MAMBA2-BWB_BMPD384_2_19_3,False
8,15,8,1,0,0,640,361.12,27.521022666666667,bw,static,static,results,Results,Results_MAMBA21,MAMBA2-BWB-Results,simulator_output_MAMBA2-BWB_bwplacement_bs8_staticreq_statictask,SCRUBBED_TIME+MAMBA2-BWB_BMPD640_15_8_1,False
8,2,19,3,0,0,256,576.32,27.53088777777777,bw,static,static,results,Results,Results_MAMBA21,MAMBA2-BWB-Results,simulator_output_MAMBA2-BWB_bwplacement_bs8_staticreq_statictask,SCRUBBED_TIME+MAMBA2-BWB_BMPD256_2_19_3,False
8,13,7,4,0,0,256,756.8,27.532636727272727,bw,static,static,results,Results,Results_MAMBA21,MAMBA2-BWB-Results,simulator_output_MAMBA2-BWB_bwplacement_bs8_staticreq_statictask,SCRUBBED_TIME+MAMBA2-BWB_BMPD256_13_7_4,False
2,6,3,15,0,0,640,763.38,27.550451428571428,bw,static,static,results,Results,Results_MAMBA21,MAMBA2-BWB-Results,simulator_output_MAMBA2-BWB_bwplacement_bs2_staticreq_statictask,SCRUBBED_TIME+MAMBA2-BWB_BMPD640_6_3_15,False
8,2,17,5,0,0,640,1576.54,27.557244333333333,bw,static,static,results,Results,Results_MAMBA21,MAMBA2-BWB-Results,simulator_output_MAMBA2-BWB_bwplacement_bs8_staticreq_statictask,SCRUBBED_TIME+MAMBA2-BWB_BMPD640_2_17_5,False
8,9,12,3,0,0,384,908.4,27.5749984,bw,static,static,results,Results,Results_MAMBA21,MAMBA2-BWB-Results,simulator_output_MAMBA2-BWB_bwplacement_bs8_staticreq_statictask,SCRUBBED_TIME+MAMBA2-BWB_BMPD384_9_12_3,False
8,3,17,4,0,0,256,758.96,27.59281142857143,bw,static,static,results,Results,Results_MAMBA21,MAMBA2-BWB-Results,simulator_output_MAMBA2-BWB_bwplacement_bs8_staticreq_statictask,SCRUBBED_TIME+MAMBA2-BWB_BMPD256_3_17_4,False
4,8,6,10,0,0,640,1296.94,27.59546,bw,static,static,results,Results,Results_MAMBA21,MAMBA2-BWB-Results,simulator_output_MAMBA2-BWB_bwplacement_bs4_staticreq_statictask,SCRUBBED_TIME+MAMBA2-BWB_BMPD640_8_6_10,False
8,10,9,5,0,0,384,1493.2,27.60477171428571,bw,static,static,results,Results,Results_MAMBA21,MAMBA2-BWB-Results,simulator_output_MAMBA2-BWB_bwplacement_bs8_staticreq_statictask,SCRUBBED_TIME+MAMBA2-BWB_BMPD384_10_9_5,False
4,3,6,15,0,0,512,1390.76,27.611986444444444,bw,static,static,results,Results,Results_MAMBA21,MAMBA2-BWB-Results,simulator_output_MAMBA2-BWB_bwplacement_bs4_staticreq_statictask,SCRUBBED_TIME+MAMBA2-BWB_BMPD512_3_6_15,False
8,7,14,3,0,0,384,915.44,27.62005294117647,bw,static,static,results,Results,Results_MAMBA21,MAMBA2-BWB-Results,simulator_output_MAMBA2-BWB_bwplacement_bs8_staticreq_statictask,SCRUBBED_TIME+MAMBA2-BWB_BMPD384_7_14_3,False
8,2,15,7,0,0,384,1568.08,27.6411984,bw,static,static,results,Results,Results_MAMBA21,MAMBA2-BWB-Results,simulator_output_MAMBA2-BWB_bwplacement_bs8_staticreq_statictask,SCRUBBED_TIME+MAMBA2-BWB_BMPD384_2_15_7,False
8,2,16,6,0,0,640,1724.85,27.64260266666667,bw,static,static,results,Results,Results_MAMBA21,MAMBA2-BWB-Results,simulator_output_MAMBA2-BWB_bwplacement_bs8_staticreq_statictask,SCRUBBED_TIME+MAMBA2-BWB_BMPD640_2_16_6,False
8,8,12,4,0,0,384,1234.64,27.64622925,bw,static,static,results,Results,Results_MAMBA21,MAMBA2-BWB-Results,simulator_output_MAMBA2-BWB_bwplacement_bs8_staticreq_statictask,SCRUBBED_TIME+MAMBA2-BWB_BMPD384_8_12_4,False
8,2,13,9,0,0,384,1625.04,27.6561984,bw,static,static,results,Results,Results_MAMBA21,MAMBA2-BWB-Results,simulator_output_MAMBA2-BWB_bwplacement_bs8_staticreq_statictask,SCRUBBED_TIME+MAMBA2-BWB_BMPD384_2_13_9,False
8,2,20,2,0,0,640,667.36,27.712261,bw,static,static,results,Results,Results_MAMBA21,MAMBA2-BWB-Results,simulator_output_MAMBA2-BWB_bwplacement_bs8_staticreq_statictask,SCRUBBED_TIME+MAMBA2-BWB_BMPD640_2_20_2,False
4,4,7,13,0,0,512,1582.32,27.7650118,bw,static,static,results,Results,Results_MAMBA21,MAMBA2-BWB-Results,simulator_output_MAMBA2-BWB_bwplacement_bs4_staticreq_statictask,SCRUBBED_TIME+MAMBA2-BWB_BMPD512_4_7_13,False
8,2,21,1,0,0,640,357.84,27.79399433333333,bw,static,static,results,Results,Results_MAMBA21,MAMBA2-BWB-Results,simulator_output_MAMBA2-BWB_bwplacement_bs8_staticreq_statictask,SCRUBBED_TIME+MAMBA2-BWB_BMPD640_2_21_1,False
4,15,3,6,0,0,512,733.08,27.79676844444444,bw,static,static,results,Results,Results_MAMBA21,MAMBA2-BWB-Results,simulator_output_MAMBA2-BWB_bwplacement_bs4_staticreq_statictask,SCRUBBED_TIME+MAMBA2-BWB_BMPD512_15_3_6,False
4,3,7,14,0,0,640,1392.82,27.811442888888887,bw,static,static,results,Results,Results_MAMBA21,MAMBA2-BWB-Results,simulator_output_MAMBA2-BWB_bwplacement_bs4_staticreq_statictask,SCRUBBED_TIME+MAMBA2-BWB_BMPD640_3_7_14,False
4,7,6,11,0,0,640,1414.76,27.8256428,bw,static,static,results,Results,Results_MAMBA21,MAMBA2-BWB-Results,simulator_output_MAMBA2-BWB_bwplacement_bs4_staticreq_statictask,SCRUBBED_TIME+MAMBA2-BWB_BMPD640_7_6_11,False
8,8,9,7,0,0,256,1243.12,27.82648375,bw,static,static,results,Results,Results_MAMBA21,MAMBA2-BWB-Results,simulator_output_MAMBA2-BWB_bwplacement_bs8_staticreq_statictask,SCRUBBED_TIME+MAMBA2-BWB_BMPD256_8_9_7,False
8,12,10,2,0,0,512,766.0,27.841081666666668,bw,static,static,results,Results,Results_MAMBA21,MAMBA2-BWB-Results,simulator_output_MAMBA2-BWB_bwplacement_bs8_staticreq_statictask,SCRUBBED_TIME+MAMBA2-BWB_BMPD512_12_10_2,False
8,3,16,5,0,0,256,921.44,27.859054285714286,bw,static,static,results,Results,Results_MAMBA21,MAMBA2-BWB-Results,simulator_output_MAMBA2-BWB_bwplacement_bs8_staticreq_statictask,SCRUBBED_TIME+MAMBA2-BWB_BMPD256_3_16_5,False
8,2,19,3,0,0,640,1007.36,27.901877666666667,bw,static,static,results,Results,Results_MAMBA21,MAMBA2-BWB-Results,simulator_output_MAMBA2-BWB_bwplacement_bs8_staticreq_statictask,SCRUBBED_TIME+MAMBA2-BWB_BMPD640_2_19_3,False
4,3,6,15,0,0,384,1257.64,27.91355161904762,bw,static,static,results,Results,Results_MAMBA21,MAMBA2-BWB-Results,simulator_output_MAMBA2-BWB_bwplacement_bs4_staticreq_statictask,SCRUBBED_TIME+MAMBA2-BWB_BMPD384_3_6_15,False
2,3,3,18,0,0,384,612.18,27.938698857142857,bw,static,static,results,Results,Results_MAMBA21,MAMBA2-BWB-Results,simulator_output_MAMBA2-BWB_bwplacement_bs2_staticreq_statictask,SCRUBBED_TIME+MAMBA2-BWB_BMPD384_3_3_18,False
8,2,12,10,0,0,384,1713.44,28.04149173333333,bw,static,static,results,Results,Results_MAMBA21,MAMBA2-BWB-Results,simulator_output_MAMBA2-BWB_bwplacement_bs8_staticreq_statictask,SCRUBBED_TIME+MAMBA2-BWB_BMPD384_2_12_10,False
8,5,18,1,0,0,384,283.76,28.043821684210528,bw,static,static,results,Results,Results_MAMBA21,MAMBA2-BWB-Results,simulator_output_MAMBA2-BWB_bwplacement_bs8_staticreq_statictask,SCRUBBED_TIME+MAMBA2-BWB_BMPD384_5_18_1,False
8,7,16,1,0,0,512,338.72,28.045787058823528,bw,static,static,results,Results,Results_MAMBA21,MAMBA2-BWB-Results,simulator_output_MAMBA2-BWB_bwplacement_bs8_staticreq_statictask,SCRUBBED_TIME+MAMBA2-BWB_BMPD512_7_16_1,False
8,16,7,1,0,0,512,353.76,28.0690575,bw,static,static,results,Results,Results_MAMBA21,MAMBA2-BWB-Results,simulator_output_MAMBA2-BWB_bwplacement_bs8_staticreq_statictask,SCRUBBED_TIME+MAMBA2-BWB_BMPD512_16_7_1,False
8,12,11,1,0,0,512,393.68,28.09019,bw,static,static,results,Results,Results_MAMBA21,MAMBA2-BWB-Results,simulator_output_MAMBA2-BWB_bwplacement_bs8_staticreq_statictask,SCRUBBED_TIME+MAMBA2-BWB_BMPD512_12_11_1,False
8,11,8,5,0,0,384,1470.48,28.10724215384615,bw,static,static,results,Results,Results_MAMBA21,MAMBA2-BWB-Results,simulator_output_MAMBA2-BWB_bwplacement_bs8_staticreq_statictask,SCRUBBED_TIME+MAMBA2-BWB_BMPD384_11_8_5,False
8,7,10,7,0,0,256,1258.0,28.10770729411765,bw,static,static,results,Results,Results_MAMBA21,MAMBA2-BWB-Results,simulator_output_MAMBA2-BWB_bwplacement_bs8_staticreq_statictask,SCRUBBED_TIME+MAMBA2-BWB_BMPD256_7_10_7,False
8,8,14,2,0,0,512,757.04,28.1153935,bw,static,static,results,Results,Results_MAMBA21,MAMBA2-BWB-Results,simulator_output_MAMBA2-BWB_bwplacement_bs8_staticreq_statictask,SCRUBBED_TIME+MAMBA2-BWB_BMPD512_8_14_2,False
8,6,16,2,0,0,512,660.48,28.119763555555554,bw,static,static,results,Results,Results_MAMBA21,MAMBA2-BWB-Results,simulator_output_MAMBA2-BWB_bwplacement_bs8_staticreq_statictask,SCRUBBED_TIME+MAMBA2-BWB_BMPD512_6_16_2,False
8,6,17,1,0,0,512,347.92,28.155969111111112,bw,static,static,results,Results,Results_MAMBA21,MAMBA2-BWB-Results,simulator_output_MAMBA2-BWB_bwplacement_bs8_staticreq_statictask,SCRUBBED_TIME+MAMBA2-BWB_BMPD512_6_17_1,False
8,10,13,1,0,0,512,385.76,28.16223714285714,bw,static,static,results,Results,Results_MAMBA21,MAMBA2-BWB-Results,simulator_output_MAMBA2-BWB_bwplacement_bs8_staticreq_statictask,SCRUBBED_TIME+MAMBA2-BWB_BMPD512_10_13_1,False
8,6,15,3,0,0,384,912.48,28.18009711111112,bw,static,static,results,Results,Results_MAMBA21,MAMBA2-BWB-Results,simulator_output_MAMBA2-BWB_bwplacement_bs8_staticreq_statictask,SCRUBBED_TIME+MAMBA2-BWB_BMPD384_6_15_3,False
8,14,6,4,0,0,256,779.04,28.228295600000003,bw,static,static,results,Results,Results_MAMBA21,MAMBA2-BWB-Results,simulator_output_MAMBA2-BWB_bwplacement_bs8_staticreq_statictask,SCRUBBED_TIME+MAMBA2-BWB_BMPD256_14_6_4,False
8,9,8,7,0,0,256,1235.6,28.257444,bw,static,static,results,Results,Results_MAMBA21,MAMBA2-BWB-Results,simulator_output_MAMBA2-BWB_bwplacement_bs8_staticreq_statictask,SCRUBBED_TIME+MAMBA2-BWB_BMPD256_9_8_7,False
2,8,2,14,0,0,256,490.3,28.282395,bw,static,static,results,Results,Results_MAMBA21,MAMBA2-BWB-Results,simulator_output_MAMBA2-BWB_bwplacement_bs2_staticreq_statictask,SCRUBBED_TIME+MAMBA2-BWB_BMPD256_8_2_14,False
8,3,18,3,0,0,256,548.24,28.29633047619048,bw,static,static,results,Results,Results_MAMBA21,MAMBA2-BWB-Results,simulator_output_MAMBA2-BWB_bwplacement_bs8_staticreq_statictask,SCRUBBED_TIME+MAMBA2-BWB_BMPD256_3_18_3,False
8,5,15,4,0,0,256,772.08,28.30851726315789,bw,static,static,results,Results,Results_MAMBA21,MAMBA2-BWB-Results,simulator_output_MAMBA2-BWB_bwplacement_bs8_staticreq_statictask,SCRUBBED_TIME+MAMBA2-BWB_BMPD256_5_15_4,False
8,6,14,4,0,0,384,1198.96,28.318630444444445,bw,static,static,results,Results,Results_MAMBA21,MAMBA2-BWB-Results,simulator_output_MAMBA2-BWB_bwplacement_bs8_staticreq_statictask,SCRUBBED_TIME+MAMBA2-BWB_BMPD384_6_14_4,False
8,12,8,4,0,0,512,1405.36,28.32573166666667,bw,static,static,results,Results,Results_MAMBA21,MAMBA2-BWB-Results,simulator_output_MAMBA2-BWB_bwplacement_bs8_staticreq_statictask,SCRUBBED_TIME+MAMBA2-BWB_BMPD512_12_8_4,False
2,3,3,18,0,0,640,712.39,28.39478694736842,bw,static,static,results,Results,Results_MAMBA21,MAMBA2-BWB-Results,simulator_output_MAMBA2-BWB_bwplacement_bs2_staticreq_statictask,SCRUBBED_TIME+MAMBA2-BWB_BMPD640_3_3_18,False
8,8,11,5,0,0,384,1496.32,28.423498,bw,static,static,results,Results,Results_MAMBA21,MAMBA2-BWB-Results,simulator_output_MAMBA2-BWB_bwplacement_bs8_staticreq_statictask,SCRUBBED_TIME+MAMBA2-BWB_BMPD384_8_11_5,False
8,2,15,7,0,0,256,1215.12,28.435554444444445,bw,static,static,results,Results,Results_MAMBA21,MAMBA2-BWB-Results,simulator_output_MAMBA2-BWB_bwplacement_bs8_staticreq_statictask,SCRUBBED_TIME+MAMBA2-BWB_BMPD256_2_15_7,False
8,2,16,6,0,0,256,1095.52,28.477071111111112,bw,static,static,results,Results,Results_MAMBA21,MAMBA2-BWB-Results,simulator_output_MAMBA2-BWB_bwplacement_bs8_staticreq_statictask,SCRUBBED_TIME+MAMBA2-BWB_BMPD256_2_16_6,False
8,2,11,11,0,0,512,1903.98,28.50325666666667,bw,static,static,results,Results,Results_MAMBA21,MAMBA2-BWB-Results,simulator_output_MAMBA2-BWB_bwplacement_bs8_staticreq_statictask,SCRUBBED_TIME+MAMBA2-BWB_BMPD512_2_11_11,False
8,11,10,3,0,0,512,1034.32,28.50854646153846,bw,static,static,results,Results,Results_MAMBA21,MAMBA2-BWB-Results,simulator_output_MAMBA2-BWB_bwplacement_bs8_staticreq_statictask,SCRUBBED_TIME+MAMBA2-BWB_BMPD512_11_10_3,False
4,5,7,12,0,0,640,1526.87,28.5359728,bw,static,static,results,Results,Results_MAMBA21,MAMBA2-BWB-Results,simulator_output_MAMBA2-BWB_bwplacement_bs4_staticreq_statictask,SCRUBBED_TIME+MAMBA2-BWB_BMPD640_5_7_12,False
8,12,9,3,0,0,512,1013.76,28.539615,bw,static,static,results,Results,Results_MAMBA21,MAMBA2-BWB-Results,simulator_output_MAMBA2-BWB_bwplacement_bs8_staticreq_statictask,SCRUBBED_TIME+MAMBA2-BWB_BMPD512_12_9_3,False
8,2,9,13,0,0,512,1914.45,28.544315,bw,static,static,results,Results,Results_MAMBA21,MAMBA2-BWB-Results,simulator_output_MAMBA2-BWB_bwplacement_bs8_staticreq_statictask,SCRUBBED_TIME+MAMBA2-BWB_BMPD512_2_9_13,False
8,2,11,11,0,0,384,1706.0,28.5546984,bw,static,static,results,Results,Results_MAMBA21,MAMBA2-BWB-Results,simulator_output_MAMBA2-BWB_bwplacement_bs8_staticreq_statictask,SCRUBBED_TIME+MAMBA2-BWB_BMPD384_2_11_11,False
8,14,8,2,0,0,640,695.6,28.5593752,bw,static,static,results,Results,Results_MAMBA21,MAMBA2-BWB-Results,simulator_output_MAMBA2-BWB_bwplacement_bs8_staticreq_statictask,SCRUBBED_TIME+MAMBA2-BWB_BMPD640_14_8_2,False
8,7,13,4,0,0,384,1217.84,28.59071176470588,bw,static,static,results,Results,Results_MAMBA21,MAMBA2-BWB-Results,simulator_output_MAMBA2-BWB_bwplacement_bs8_staticreq_statictask,SCRUBBED_TIME+MAMBA2-BWB_BMPD384_7_13_4,False
4,12,4,8,0,0,640,992.61,28.607394,bw,static,static,results,Results,Results_MAMBA21,MAMBA2-BWB-Results,simulator_output_MAMBA2-BWB_bwplacement_bs4_staticreq_statictask,SCRUBBED_TIME+MAMBA2-BWB_BMPD640_12_4_8,False
8,2,11,11,0,0,256,1725.68,28.61046555555556,bw,static,static,results,Results,Results_MAMBA21,MAMBA2-BWB-Results,simulator_output_MAMBA2-BWB_bwplacement_bs8_staticreq_statictask,SCRUBBED_TIME+MAMBA2-BWB_BMPD256_2_11_11,False
4,4,5,15,0,0,256,1043.56,28.6167652,bw,static,static,results,Results,Results_MAMBA21,MAMBA2-BWB-Results,simulator_output_MAMBA2-BWB_bwplacement_bs4_staticreq_statictask,SCRUBBED_TIME+MAMBA2-BWB_BMPD256_4_5_15,False
8,2,13,9,0,0,256,1462.0,28.652743333333333,bw,static,static,results,Results,Results_MAMBA21,MAMBA2-BWB-Results,simulator_output_MAMBA2-BWB_bwplacement_bs8_staticreq_statictask,SCRUBBED_TIME+MAMBA2-BWB_BMPD256_2_13_9,False
8,9,10,5,0,0,384,1472.24,28.7043184,bw,static,static,results,Results,Results_MAMBA21,MAMBA2-BWB-Results,simulator_output_MAMBA2-BWB_bwplacement_bs8_staticreq_statictask,SCRUBBED_TIME+MAMBA2-BWB_BMPD384_9_10_5,False
2,5,3,16,0,0,640,812.34,28.71684054545455,bw,static,static,results,Results,Results_MAMBA21,MAMBA2-BWB-Results,simulator_output_MAMBA2-BWB_bwplacement_bs2_staticreq_statictask,SCRUBBED_TIME+MAMBA2-BWB_BMPD640_5_3_16,False
8,13,9,2,0,0,640,689.52,28.740539272727272,bw,static,static,results,Results,Results_MAMBA21,MAMBA2-BWB-Results,simulator_output_MAMBA2-BWB_bwplacement_bs8_staticreq_statictask,SCRUBBED_TIME+MAMBA2-BWB_BMPD640_13_9_2,False
8,2,14,8,0,0,256,1375.68,28.743771111111112,bw,static,static,results,Results,Results_MAMBA21,MAMBA2-BWB-Results,simulator_output_MAMBA2-BWB_bwplacement_bs8_staticreq_statictask,SCRUBBED_TIME+MAMBA2-BWB_BMPD256_2_14_8,False
2,10,2,12,0,0,512,585.77,28.74670047058824,bw,static,static,results,Results,Results_MAMBA21,MAMBA2-BWB-Results,simulator_output_MAMBA2-BWB_bwplacement_bs2_staticreq_statictask,SCRUBBED_TIME+MAMBA2-BWB_BMPD512_10_2_12,False
8,5,14,5,0,0,256,954.16,28.74839621052632,bw,static,static,results,Results,Results_MAMBA21,MAMBA2-BWB-Results,simulator_output_MAMBA2-BWB_bwplacement_bs8_staticreq_statictask,SCRUBBED_TIME+MAMBA2-BWB_BMPD256_5_14_5,False
2,2,2,20,0,0,640,479.83,28.75684766666667,bw,static,static,results,Results,Results_MAMBA21,MAMBA2-BWB-Results,simulator_output_MAMBA2-BWB_bwplacement_bs2_staticreq_statictask,SCRUBBED_TIME+MAMBA2-BWB_BMPD640_2_2_20,False
8,9,9,6,0,0,384,1719.2,28.769665066666665,bw,static,static,results,Results,Results_MAMBA21,MAMBA2-BWB-Results,simulator_output_MAMBA2-BWB_bwplacement_bs8_staticreq_statictask,SCRUBBED_TIME+MAMBA2-BWB_BMPD384_9_9_6,False
4,6,5,13,0,0,384,1443.79,28.778028888888887,bw,static,static,results,Results,Results_MAMBA21,MAMBA2-BWB-Results,simulator_output_MAMBA2-BWB_bwplacement_bs4_staticreq_statictask,SCRUBBED_TIME+MAMBA2-BWB_BMPD384_6_5_13,False
8,2,9,13,0,0,384,1757.36,28.7951584,bw,static,static,results,Results,Results_MAMBA21,MAMBA2-BWB-Results,simulator_output_MAMBA2-BWB_bwplacement_bs8_staticreq_statictask,SCRUBBED_TIME+MAMBA2-BWB_BMPD384_2_9_13,False
8,3,19,2,0,0,256,373.2,28.805520952380952,bw,static,static,results,Results,Results_MAMBA21,MAMBA2-BWB-Results,simulator_output_MAMBA2-BWB_bwplacement_bs8_staticreq_statictask,SCRUBBED_TIME+MAMBA2-BWB_BMPD256_3_19_2,False
4,8,4,12,0,0,256,945.4,28.81347075,bw,static,static,results,Results,Results_MAMBA21,MAMBA2-BWB-Results,simulator_output_MAMBA2-BWB_bwplacement_bs4_staticreq_statictask,SCRUBBED_TIME+MAMBA2-BWB_BMPD256_8_4_12,False
4,13,3,8,0,0,384,909.86,28.83337866666667,bw,static,static,results,Results,Results_MAMBA21,MAMBA2-BWB-Results,simulator_output_MAMBA2-BWB_bwplacement_bs4_staticreq_statictask,SCRUBBED_TIME+MAMBA2-BWB_BMPD384_13_3_8,False
8,6,12,6,0,0,256,1132.64,28.881554444444443,bw,static,static,results,Results,Results_MAMBA21,MAMBA2-BWB-Results,simulator_output_MAMBA2-BWB_bwplacement_bs8_staticreq_statictask,SCRUBBED_TIME+MAMBA2-BWB_BMPD256_6_12_6,False
4,11,4,9,0,0,512,1060.41,28.88461,bw,static,static,results,Results,Results_MAMBA21,MAMBA2-BWB-Results,simulator_output_MAMBA2-BWB_bwplacement_bs4_staticreq_statictask,SCRUBBED_TIME+MAMBA2-BWB_BMPD512_11_4_9,False
8,16,6,2,0,0,512,688.56,28.932095,bw,static,static,results,Results,Results_MAMBA21,MAMBA2-BWB-Results,simulator_output_MAMBA2-BWB_bwplacement_bs8_staticreq_statictask,SCRUBBED_TIME+MAMBA2-BWB_BMPD512_16_6_2,False
8,16,5,3,0,0,384,875.6,28.958263,bw,static,static,results,Results,Results_MAMBA21,MAMBA2-BWB-Results,simulator_output_MAMBA2-BWB_bwplacement_bs8_staticreq_statictask,SCRUBBED_TIME+MAMBA2-BWB_BMPD384_16_5_3,False
8,4,14,6,0,0,256,1117.92,28.9636834,bw,static,static,results,Results,Results_MAMBA21,MAMBA2-BWB-Results,simulator_output_MAMBA2-BWB_bwplacement_bs8_staticreq_statictask,SCRUBBED_TIME+MAMBA2-BWB_BMPD256_4_14_6,False
8,2,12,10,0,0,512,1883.62,28.977731666666667,bw,static,static,results,Results,Results_MAMBA21,MAMBA2-BWB-Results,simulator_output_MAMBA2-BWB_bwplacement_bs8_staticreq_statictask,SCRUBBED_TIME+MAMBA2-BWB_BMPD512_2_12_10,False
8,4,15,5,0,0,256,926.72,29.0073284,bw,static,static,results,Results,Results_MAMBA21,MAMBA2-BWB-Results,simulator_output_MAMBA2-BWB_bwplacement_bs8_staticreq_statictask,SCRUBBED_TIME+MAMBA2-BWB_BMPD256_4_15_5,False
8,8,15,1,0,0,512,368.48,29.04626225,bw,static,static,results,Results,Results_MAMBA21,MAMBA2-BWB-Results,simulator_output_MAMBA2-BWB_bwplacement_bs8_staticreq_statictask,SCRUBBED_TIME+MAMBA2-BWB_BMPD512_8_15_1,False
8,4,13,7,0,0,256,1210.0,29.0481384,bw,static,static,results,Results,Results_MAMBA21,MAMBA2-BWB-Results,simulator_output_MAMBA2-BWB_bwplacement_bs8_staticreq_statictask,SCRUBBED_TIME+MAMBA2-BWB_BMPD256_4_13_7,False
8,9,13,2,0,0,512,735.28,29.082616,bw,static,static,results,Results,Results_MAMBA21,MAMBA2-BWB-Results,simulator_output_MAMBA2-BWB_bwplacement_bs8_staticreq_statictask,SCRUBBED_TIME+MAMBA2-BWB_BMPD512_9_13_2,False
4,7,5,12,0,0,512,1397.52,29.100592,bw,static,static,results,Results,Results_MAMBA21,MAMBA2-BWB-Results,simulator_output_MAMBA2-BWB_bwplacement_bs4_staticreq_statictask,SCRUBBED_TIME+MAMBA2-BWB_BMPD512_7_5_12,False
4,5,6,13,0,0,512,1524.86,29.11919578947368,bw,static,static,results,Results,Results_MAMBA21,MAMBA2-BWB-Results,simulator_output_MAMBA2-BWB_bwplacement_bs4_staticreq_statictask,SCRUBBED_TIME+MAMBA2-BWB_BMPD512_5_6_13,False
2,8,2,14,0,0,384,650.95,29.12711711111111,bw,static,static,results,Results,Results_MAMBA21,MAMBA2-BWB-Results,simulator_output_MAMBA2-BWB_bwplacement_bs2_staticreq_statictask,SCRUBBED_TIME+MAMBA2-BWB_BMPD384_8_2_14,False
2,16,1,7,0,0,256,277.48,29.132662,bw,static,static,results,Results,Results_MAMBA21,MAMBA2-BWB-Results,simulator_output_MAMBA2-BWB_bwplacement_bs2_staticreq_statictask,SCRUBBED_TIME+MAMBA2-BWB_BMPD256_16_1_7,False
8,11,11,2,0,0,512,690.56,29.137277230769232,bw,static,static,results,Results,Results_MAMBA21,MAMBA2-BWB-Results,simulator_output_MAMBA2-BWB_bwplacement_bs8_staticreq_statictask,SCRUBBED_TIME+MAMBA2-BWB_BMPD512_11_11_2,False
8,7,9,8,0,0,256,1501.44,29.15504847058824,bw,static,static,results,Results,Results_MAMBA21,MAMBA2-BWB-Results,simulator_output_MAMBA2-BWB_bwplacement_bs8_staticreq_statictask,SCRUBBED_TIME+MAMBA2-BWB_BMPD256_7_9_8,False
8,15,6,3,0,0,384,866.24,29.202136,bw,static,static,results,Results,Results_MAMBA21,MAMBA2-BWB-Results,simulator_output_MAMBA2-BWB_bwplacement_bs8_staticreq_statictask,SCRUBBED_TIME+MAMBA2-BWB_BMPD384_15_6_3,False
4,16,2,6,0,0,256,516.68,29.214064,bw,static,static,results,Results,Results_MAMBA21,MAMBA2-BWB-Results,simulator_output_MAMBA2-BWB_bwplacement_bs4_staticreq_statictask,SCRUBBED_TIME+MAMBA2-BWB_BMPD256_16_2_6,False
8,6,11,7,0,0,256,1235.28,29.22752666666667,bw,static,static,results,Results,Results_MAMBA21,MAMBA2-BWB-Results,simulator_output_MAMBA2-BWB_bwplacement_bs8_staticreq_statictask,SCRUBBED_TIME+MAMBA2-BWB_BMPD256_6_11_7,False
8,11,12,1,0,0,512,372.24,29.25014646153846,bw,static,static,results,Results,Results_MAMBA21,MAMBA2-BWB-Results,simulator_output_MAMBA2-BWB_bwplacement_bs8_staticreq_statictask,SCRUBBED_TIME+MAMBA2-BWB_BMPD512_11_12_1,False
8,5,12,7,0,0,256,1249.12,29.259227789473684,bw,static,static,results,Results,Results_MAMBA21,MAMBA2-BWB-Results,simulator_output_MAMBA2-BWB_bwplacement_bs8_staticreq_statictask,SCRUBBED_TIME+MAMBA2-BWB_BMPD256_5_12_7,False
8,2,12,10,0,0,256,1637.12,29.281487777777777,bw,static,static,results,Results,Results_MAMBA21,MAMBA2-BWB-Results,simulator_output_MAMBA2-BWB_bwplacement_bs8_staticreq_statictask,SCRUBBED_TIME+MAMBA2-BWB_BMPD256_2_12_10,False
8,5,15,4,0,0,384,1214.08,29.30567957894737,bw,static,static,results,Results,Results_MAMBA21,MAMBA2-BWB-Results,simulator_output_MAMBA2-BWB_bwplacement_bs8_staticreq_statictask,SCRUBBED_TIME+MAMBA2-BWB_BMPD384_5_15_4,False
8,14,7,3,0,0,384,856.16,29.3142892,bw,static,static,results,Results,Results_MAMBA21,MAMBA2-BWB-Results,simulator_output_MAMBA2-BWB_bwplacement_bs8_staticreq_statictask,SCRUBBED_TIME+MAMBA2-BWB_BMPD384_14_7_3,False
8,5,11,8,0,0,256,1516.08,29.32411726315789,bw,static,static,results,Results,Results_MAMBA21,MAMBA2-BWB-Results,simulator_output_MAMBA2-BWB_bwplacement_bs8_staticreq_statictask,SCRUBBED_TIME+MAMBA2-BWB_BMPD256_5_11_8,False
8,2,10,12,0,0,384,1719.36,29.348725066666667,bw,static,static,results,Results,Results_MAMBA21,MAMBA2-BWB-Results,simulator_output_MAMBA2-BWB_bwplacement_bs8_staticreq_statictask,SCRUBBED_TIME+MAMBA2-BWB_BMPD384_2_10_12,False
8,12,7,5,0,0,256,925.92,29.353600333333333,bw,static,static,results,Results,Results_MAMBA21,MAMBA2-BWB-Results,simulator_output_MAMBA2-BWB_bwplacement_bs8_staticreq_statictask,SCRUBBED_TIME+MAMBA2-BWB_BMPD256_12_7_5,False
8,7,16,1,0,0,640,345.12,29.360762352941176,bw,static,static,results,Results,Results_MAMBA21,MAMBA2-BWB-Results,simulator_output_MAMBA2-BWB_bwplacement_bs8_staticreq_statictask,SCRUBBED_TIME+MAMBA2-BWB_BMPD640_7_16_1,False
2,2,2,20,0,0,384,441.82,29.433507733333336,bw,static,static,results,Results,Results_MAMBA21,MAMBA2-BWB-Results,simulator_output_MAMBA2-BWB_bwplacement_bs2_staticreq_statictask,SCRUBBED_TIME+MAMBA2-BWB_BMPD384_2_2_20,False
8,7,12,5,0,0,384,1468.24,29.53033529411765,bw,static,static,results,Results,Results_MAMBA21,MAMBA2-BWB-Results,simulator_output_MAMBA2-BWB_bwplacement_bs8_staticreq_statictask,SCRUBBED_TIME+MAMBA2-BWB_BMPD384_7_12_5,False
8,15,5,4,0,0,256,737.04,29.585756888888888,bw,static,static,results,Results,Results_MAMBA21,MAMBA2-BWB-Results,simulator_output_MAMBA2-BWB_bwplacement_bs8_staticreq_statictask,SCRUBBED_TIME+MAMBA2-BWB_BMPD256_15_5_4,False
4,12,3,9,0,0,256,757.0,29.68209433333333,bw,static,static,results,Results,Results_MAMBA21,MAMBA2-BWB-Results,simulator_output_MAMBA2-BWB_bwplacement_bs4_staticreq_statictask,SCRUBBED_TIME+MAMBA2-BWB_BMPD256_12_3_9,False
8,5,14,5,0,0,384,1411.2,29.70209536842105,bw,static,static,results,Results,Results_MAMBA21,MAMBA2-BWB-Results,simulator_output_MAMBA2-BWB_bwplacement_bs8_staticreq_statictask,SCRUBBED_TIME+MAMBA2-BWB_BMPD384_5_14_5,False
8,3,14,7,0,0,256,1179.68,29.70555428571429,bw,static,static,results,Results,Results_MAMBA21,MAMBA2-BWB-Results,simulator_output_MAMBA2-BWB_bwplacement_bs8_staticreq_statictask,SCRUBBED_TIME+MAMBA2-BWB_BMPD256_3_14_7,False
8,7,11,6,0,0,384,1717.04,29.72516470588236,bw,static,static,results,Results,Results_MAMBA21,MAMBA2-BWB-Results,simulator_output_MAMBA2-BWB_bwplacement_bs8_staticreq_statictask,SCRUBBED_TIME+MAMBA2-BWB_BMPD384_7_11_6,False
8,7,14,3,0,0,512,1047.44,29.73413411764706,bw,static,static,results,Results,Results_MAMBA21,MAMBA2-BWB-Results,simulator_output_MAMBA2-BWB_bwplacement_bs8_staticreq_statictask,SCRUBBED_TIME+MAMBA2-BWB_BMPD512_7_14_3,False
8,13,10,1,0,0,640,400.64,29.75595745454545,bw,static,static,results,Results,Results_MAMBA21,MAMBA2-BWB-Results,simulator_output_MAMBA2-BWB_bwplacement_bs8_staticreq_statictask,SCRUBBED_TIME+MAMBA2-BWB_BMPD640_13_10_1,False
4,2,4,18,0,0,384,892.36,29.756273066666665,bw,static,static,results,Results,Results_MAMBA21,MAMBA2-BWB-Results,simulator_output_MAMBA2-BWB_bwplacement_bs4_staticreq_statictask,SCRUBBED_TIME+MAMBA2-BWB_BMPD384_2_4_18,False
2,11,2,11,0,0,640,552.9,29.76968025,bw,static,static,results,Results,Results_MAMBA21,MAMBA2-BWB-Results,simulator_output_MAMBA2-BWB_bwplacement_bs2_staticreq_statictask,SCRUBBED_TIME+MAMBA2-BWB_BMPD640_11_2_11,False
4,9,4,11,0,0,384,1211.25,29.83025973333333,bw,static,static,results,Results,Results_MAMBA21,MAMBA2-BWB-Results,simulator_output_MAMBA2-BWB_bwplacement_bs4_staticreq_statictask,SCRUBBED_TIME+MAMBA2-BWB_BMPD384_9_4_11,False
8,8,8,8,0,0,256,1481.92,29.85823375,bw,static,static,results,Results,Results_MAMBA21,MAMBA2-BWB-Results,simulator_output_MAMBA2-BWB_bwplacement_bs8_staticreq_statictask,SCRUBBED_TIME+MAMBA2-BWB_BMPD256_8_8_8,False
4,3,5,16,0,0,256,1002.76,29.887976,bw,static,static,results,Results,Results_MAMBA21,MAMBA2-BWB-Results,simulator_output_MAMBA2-BWB_bwplacement_bs4_staticreq_statictask,SCRUBBED_TIME+MAMBA2-BWB_BMPD256_3_5_16,False
8,4,19,1,0,0,384,274.24,29.9175832,bw,static,static,results,Results,Results_MAMBA21,MAMBA2-BWB-Results,simulator_output_MAMBA2-BWB_bwplacement_bs8_staticreq_statictask,SCRUBBED_TIME+MAMBA2-BWB_BMPD384_4_19_1,False
8,8,13,3,0,0,512,1067.6,29.96303725,bw,static,static,results,Results,Results_MAMBA21,MAMBA2-BWB-Results,simulator_output_MAMBA2-BWB_bwplacement_bs8_staticreq_statictask,SCRUBBED_TIME+MAMBA2-BWB_BMPD512_8_13_3,False
8,5,16,3,0,0,512,930.64,29.96414042105263,bw,static,static,results,Results,Results_MAMBA21,MAMBA2-BWB-Results,simulator_output_MAMBA2-BWB_bwplacement_bs8_staticreq_statictask,SCRUBBED_TIME+MAMBA2-BWB_BMPD512_5_16_3,False
8,6,10,8,0,0,256,1542.48,29.99719333333333,bw,static,static,results,Results,Results_MAMBA21,MAMBA2-BWB-Results,simulator_output_MAMBA2-BWB_bwplacement_bs8_staticreq_statictask,SCRUBBED_TIME+MAMBA2-BWB_BMPD256_6_10_8,False
8,2,10,12,0,0,256,1696.64,30.01924333333333,bw,static,static,results,Results,Results_MAMBA21,MAMBA2-BWB-Results,simulator_output_MAMBA2-BWB_bwplacement_bs8_staticreq_statictask,SCRUBBED_TIME+MAMBA2-BWB_BMPD256_2_10_12,False
8,4,18,2,0,0,384,569.04,30.0239282,bw,static,static,results,Results,Results_MAMBA21,MAMBA2-BWB-Results,simulator_output_MAMBA2-BWB_bwplacement_bs8_staticreq_statictask,SCRUBBED_TIME+MAMBA2-BWB_BMPD384_4_18_2,False
4,9,5,10,0,0,640,1211.25,30.0689184,bw,static,static,results,Results,Results_MAMBA21,MAMBA2-BWB-Results,simulator_output_MAMBA2-BWB_bwplacement_bs4_staticreq_statictask,SCRUBBED_TIME+MAMBA2-BWB_BMPD640_9_5_10,False
8,5,17,2,0,0,384,560.96,30.070342736842107,bw,static,static,results,Results,Results_MAMBA21,MAMBA2-BWB-Results,simulator_output_MAMBA2-BWB_bwplacement_bs8_staticreq_statictask,SCRUBBED_TIME+MAMBA2-BWB_BMPD384_5_17_2,False
8,2,12,10,0,0,640,1859.36,30.073136,bw,static,static,results,Results,Results_MAMBA21,MAMBA2-BWB-Results,simulator_output_MAMBA2-BWB_bwplacement_bs8_staticreq_statictask,SCRUBBED_TIME+MAMBA2-BWB_BMPD640_2_12_10,False
8,8,10,6,0,0,384,1691.76,30.08169175,bw,static,static,results,Results,Results_MAMBA21,MAMBA2-BWB-Results,simulator_output_MAMBA2-BWB_bwplacement_bs8_staticreq_statictask,SCRUBBED_TIME+MAMBA2-BWB_BMPD384_8_10_6,False
4,2,4,18,0,0,640,965.37,30.10502733333333,bw,static,static,results,Results,Results_MAMBA21,MAMBA2-BWB-Results,simulator_output_MAMBA2-BWB_bwplacement_bs4_staticreq_statictask,SCRUBBED_TIME+MAMBA2-BWB_BMPD640_2_4_18,False
8,8,9,7,0,0,384,1874.8,30.13134175,bw,static,static,results,Results,Results_MAMBA21,MAMBA2-BWB-Results,simulator_output_MAMBA2-BWB_bwplacement_bs8_staticreq_statictask,SCRUBBED_TIME+MAMBA2-BWB_BMPD384_8_9_7,False
2,7,2,15,0,0,256,514.2,30.14693976470588,bw,static,static,results,Results,Results_MAMBA21,MAMBA2-BWB-Results,simulator_output_MAMBA2-BWB_bwplacement_bs2_staticreq_statictask,SCRUBBED_TIME+MAMBA2-BWB_BMPD256_7_2_15,False
8,2,14,8,0,0,640,1855.3,30.154336,bw,static,static,results,Results,Results_MAMBA21,MAMBA2-BWB-Results,simulator_output_MAMBA2-BWB_bwplacement_bs8_staticreq_statictask,SCRUBBED_TIME+MAMBA2-BWB_BMPD640_2_14_8,False
8,2,15,7,0,0,640,1764.95,30.16891933333333,bw,static,static,results,Results,Results_MAMBA21,MAMBA2-BWB-Results,simulator_output_MAMBA2-BWB_bwplacement_bs8_staticreq_statictask,SCRUBBED_TIME+MAMBA2-BWB_BMPD640_2_15_7,False
8,11,8,5,0,0,512,1672.07,30.175561846153848,bw,static,static,results,Results,Results_MAMBA21,MAMBA2-BWB-Results,simulator_output_MAMBA2-BWB_bwplacement_bs8_staticreq_statictask,SCRUBBED_TIME+MAMBA2-BWB_BMPD512_11_8_5,False
8,4,11,9,0,0,256,1489.28,30.1889984,bw,static,static,results,Results,Results_MAMBA21,MAMBA2-BWB-Results,simulator_output_MAMBA2-BWB_bwplacement_bs8_staticreq_statictask,SCRUBBED_TIME+MAMBA2-BWB_BMPD256_4_11_9,False
8,3,13,8,0,0,256,1357.6,30.230159047619047,bw,static,static,results,Results,Results_MAMBA21,MAMBA2-BWB-Results,simulator_output_MAMBA2-BWB_bwplacement_bs8_staticreq_statictask,SCRUBBED_TIME+MAMBA2-BWB_BMPD256_3_13_8,False
8,10,8,6,0,0,384,1668.72,30.243200285714288,bw,static,static,results,Results,Results_MAMBA21,MAMBA2-BWB-Results,simulator_output_MAMBA2-BWB_bwplacement_bs8_staticreq_statictask,SCRUBBED_TIME+MAMBA2-BWB_BMPD384_10_8_6,False
8,2,13,9,0,0,640,1840.89,30.244952666666663,bw,static,static,results,Results,Results_MAMBA21,MAMBA2-BWB-Results,simulator_output_MAMBA2-BWB_bwplacement_bs8_staticreq_statictask,SCRUBBED_TIME+MAMBA2-BWB_BMPD640_2_13_9,False
8,6,13,5,0,0,384,1442.88,30.25167488888889,bw,static,static,results,Results,Results_MAMBA21,MAMBA2-BWB-Results,simulator_output_MAMBA2-BWB_bwplacement_bs8_staticreq_statictask,SCRUBBED_TIME+MAMBA2-BWB_BMPD384_6_13_5,False
4,5,5,14,0,0,384,1438.87,30.26366168421053,bw,static,static,results,Results,Results_MAMBA21,MAMBA2-BWB-Results,simulator_output_MAMBA2-BWB_bwplacement_bs4_staticreq_statictask,SCRUBBED_TIME+MAMBA2-BWB_BMPD384_5_5_14,False
8,15,7,2,0,0,512,673.04,30.27741955555556,bw,static,static,results,Results,Results_MAMBA21,MAMBA2-BWB-Results,simulator_output_MAMBA2-BWB_bwplacement_bs8_staticreq_statictask,SCRUBBED_TIME+MAMBA2-BWB_BMPD512_15_7_2,False
8,11,9,4,0,0,512,1402.56,30.33973107692308,bw,static,static,results,Results,Results_MAMBA21,MAMBA2-BWB-Results,simulator_output_MAMBA2-BWB_bwplacement_bs8_staticreq_statictask,SCRUBBED_TIME+MAMBA2-BWB_BMPD512_11_9_4,False
8,10,10,4,0,0,512,1300.08,30.39353,bw,static,static,results,Results,Results_MAMBA21,MAMBA2-BWB-Results,simulator_output_MAMBA2-BWB_bwplacement_bs8_staticreq_statictask,SCRUBBED_TIME+MAMBA2-BWB_BMPD512_10_10_4,False
4,15,3,6,0,0,640,733.08,30.396140888888887,bw,static,static,results,Results,Results_MAMBA21,MAMBA2-BWB-Results,simulator_output_MAMBA2-BWB_bwplacement_bs4_staticreq_statictask,SCRUBBED_TIME+MAMBA2-BWB_BMPD640_15_3_6,False
4,4,6,14,0,0,512,1549.76,30.4238418,bw,static,static,results,Results,Results_MAMBA21,MAMBA2-BWB-Results,simulator_output_MAMBA2-BWB_bwplacement_bs4_staticreq_statictask,SCRUBBED_TIME+MAMBA2-BWB_BMPD512_4_6_14,False
8,12,9,3,0,0,640,988.16,30.424361,bw,static,static,results,Results,Results_MAMBA21,MAMBA2-BWB-Results,simulator_output_MAMBA2-BWB_bwplacement_bs8_staticreq_statictask,SCRUBBED_TIME+MAMBA2-BWB_BMPD640_12_9_3,False
8,2,9,13,0,0,640,1887.04,30.42537766666667,bw,static,static,results,Results,Results_MAMBA21,MAMBA2-BWB-Results,simulator_output_MAMBA2-BWB_bwplacement_bs8_staticreq_statictask,SCRUBBED_TIME+MAMBA2-BWB_BMPD640_2_9_13,False
8,11,7,6,0,0,256,1089.04,30.47268984615385,bw,static,static,results,Results,Results_MAMBA21,MAMBA2-BWB-Results,simulator_output_MAMBA2-BWB_bwplacement_bs8_staticreq_statictask,SCRUBBED_TIME+MAMBA2-BWB_BMPD256_11_7_6,False
8,13,6,5,0,0,256,899.28,30.476445818181816,bw,static,static,results,Results,Results_MAMBA21,MAMBA2-BWB-Results,simulator_output_MAMBA2-BWB_bwplacement_bs8_staticreq_statictask,SCRUBBED_TIME+MAMBA2-BWB_BMPD256_13_6_5,False
8,10,12,2,0,0,512,716.56,30.484694285714287,bw,static,static,results,Results,Results_MAMBA21,MAMBA2-BWB-Results,simulator_output_MAMBA2-BWB_bwplacement_bs8_staticreq_statictask,SCRUBBED_TIME+MAMBA2-BWB_BMPD512_10_12_2,False
8,4,12,8,0,0,256,1503.28,30.5234134,bw,static,static,results,Results,Results_MAMBA21,MAMBA2-BWB-Results,simulator_output_MAMBA2-BWB_bwplacement_bs8_staticreq_statictask,SCRUBBED_TIME+MAMBA2-BWB_BMPD256_4_12_8,False
4,6,6,12,0,0,640,1452.68,30.588436631578947,bw,static,static,results,Results,Results_MAMBA21,MAMBA2-BWB-Results,simulator_output_MAMBA2-BWB_bwplacement_bs4_staticreq_statictask,SCRUBBED_TIME+MAMBA2-BWB_BMPD640_6_6_12,False
4,7,4,13,0,0,256,1011.88,30.60512305882353,bw,static,static,results,Results,Results_MAMBA21,MAMBA2-BWB-Results,simulator_output_MAMBA2-BWB_bwplacement_bs4_staticreq_statictask,SCRUBBED_TIME+MAMBA2-BWB_BMPD256_7_4_13,False
8,12,11,1,0,0,640,353.28,30.608619333333333,bw,static,static,results,Results,Results_MAMBA21,MAMBA2-BWB-Results,simulator_output_MAMBA2-BWB_bwplacement_bs8_staticreq_statictask,SCRUBBED_TIME+MAMBA2-BWB_BMPD640_12_11_1,False
8,4,17,3,0,0,384,819.68,30.6157182,bw,static,static,results,Results,Results_MAMBA21,MAMBA2-BWB-Results,simulator_output_MAMBA2-BWB_bwplacement_bs8_staticreq_statictask,SCRUBBED_TIME+MAMBA2-BWB_BMPD384_4_17_3,False
8,13,8,3,0,0,640,969.2,30.64737563636364,bw,static,static,results,Results,Results_MAMBA21,MAMBA2-BWB-Results,simulator_output_MAMBA2-BWB_bwplacement_bs8_staticreq_statictask,SCRUBBED_TIME+MAMBA2-BWB_BMPD640_13_8_3,False
8,16,4,4,0,0,256,721.12,30.6710035,bw,static,static,results,Results,Results_MAMBA21,MAMBA2-BWB-Results,simulator_output_MAMBA2-BWB_bwplacement_bs8_staticreq_statictask,SCRUBBED_TIME+MAMBA2-BWB_BMPD256_16_4_4,False
4,4,7,13,0,0,640,1562.63,30.6861628,bw,static,static,results,Results,Results_MAMBA21,MAMBA2-BWB-Results,simulator_output_MAMBA2-BWB_bwplacement_bs4_staticreq_statictask,SCRUBBED_TIME+MAMBA2-BWB_BMPD640_4_7_13,False
4,14,3,7,0,0,512,817.43,30.6981084,bw,static,static,results,Results,Results_MAMBA21,MAMBA2-BWB-Results,simulator_output_MAMBA2-BWB_bwplacement_bs4_staticreq_statictask,SCRUBBED_TIME+MAMBA2-BWB_BMPD512_14_3_7,False
8,16,7,1,0,0,640,363.76,30.7223745,bw,static,static,results,Results,Results_MAMBA21,MAMBA2-BWB-Results,simulator_output_MAMBA2-BWB_bwplacement_bs8_staticreq_statictask,SCRUBBED_TIME+MAMBA2-BWB_BMPD640_16_7_1,False
4,6,5,13,0,0,512,1452.91,30.75214842105263,bw,static,static,results,Results,Results_MAMBA21,MAMBA2-BWB-Results,simulator_output_MAMBA2-BWB_bwplacement_bs4_staticreq_statictask,SCRUBBED_TIME+MAMBA2-BWB_BMPD512_6_5_13,False
8,6,9,9,0,0,256,1503.44,30.75912111111112,bw,static,static,results,Results,Results_MAMBA21,MAMBA2-BWB-Results,simulator_output_MAMBA2-BWB_bwplacement_bs8_staticreq_statictask,SCRUBBED_TIME+MAMBA2-BWB_BMPD256_6_9_9,False
8,2,9,13,0,0,256,1817.92,30.761321111111112,bw,static,static,results,Results,Results_MAMBA21,MAMBA2-BWB-Results,simulator_output_MAMBA2-BWB_bwplacement_bs8_staticreq_statictask,SCRUBBED_TIME+MAMBA2-BWB_BMPD256_2_9_13,False
8,3,18,3,0,0,512,969.76,30.778874666666667,bw,static,static,results,Results,Results_MAMBA21,MAMBA2-BWB-Results,simulator_output_MAMBA2-BWB_bwplacement_bs8_staticreq_statictask,SCRUBBED_TIME+MAMBA2-BWB_BMPD512_3_18_3,False
4,8,5,11,0,0,640,1304.38,30.78548733333333,bw,static,static,results,Results,Results_MAMBA21,MAMBA2-BWB-Results,simulator_output_MAMBA2-BWB_bwplacement_bs4_staticreq_statictask,SCRUBBED_TIME+MAMBA2-BWB_BMPD640_8_5_11,False
2,9,2,13,0,0,512,615.72,30.879328,bw,static,static,results,Results,Results_MAMBA21,MAMBA2-BWB-Results,simulator_output_MAMBA2-BWB_bwplacement_bs2_staticreq_statictask,SCRUBBED_TIME+MAMBA2-BWB_BMPD512_9_2_13,False
8,2,11,11,0,0,640,1882.43,30.941777666666667,bw,static,static,results,Results,Results_MAMBA21,MAMBA2-BWB-Results,simulator_output_MAMBA2-BWB_bwplacement_bs8_staticreq_statictask,SCRUBBED_TIME+MAMBA2-BWB_BMPD640_2_11_11,False
8,7,15,2,0,0,512,716.0,31.022969411764706,bw,static,static,results,Results,Results_MAMBA21,MAMBA2-BWB-Results,simulator_output_MAMBA2-BWB_bwplacement_bs8_staticreq_statictask,SCRUBBED_TIME+MAMBA2-BWB_BMPD512_7_15_2,False
8,13,7,4,0,0,384,1161.04,31.082285818181816,bw,static,static,results,Results,Results_MAMBA21,MAMBA2-BWB-Results,simulator_output_MAMBA2-BWB_bwplacement_bs8_staticreq_statictask,SCRUBBED_TIME+MAMBA2-BWB_BMPD384_13_7_4,False
8,5,13,6,0,0,384,1637.12,31.13213747368421,bw,static,static,results,Results,Results_MAMBA21,MAMBA2-BWB-Results,simulator_output_MAMBA2-BWB_bwplacement_bs8_staticreq_statictask,SCRUBBED_TIME+MAMBA2-BWB_BMPD384_5_13_6,False
8,6,17,1,0,0,640,318.48,31.144599777777778,bw,static,static,results,Results,Results_MAMBA21,MAMBA2-BWB-Results,simulator_output_MAMBA2-BWB_bwplacement_bs8_staticreq_statictask,SCRUBBED_TIME+MAMBA2-BWB_BMPD640_6_17_1,False
8,5,17,2,0,0,512,692.48,31.15670357894737,bw,static,static,results,Results,Results_MAMBA21,MAMBA2-BWB-Results,simulator_output_MAMBA2-BWB_bwplacement_bs8_staticreq_statictask,SCRUBBED_TIME+MAMBA2-BWB_BMPD512_5_17_2,False
8,3,20,1,0,0,384,273.2,31.17296095238095,bw,static,static,results,Results,Results_MAMBA21,MAMBA2-BWB-Results,simulator_output_MAMBA2-BWB_bwplacement_bs8_staticreq_statictask,SCRUBBED_TIME+MAMBA2-BWB_BMPD384_3_20_1,False
8,10,11,3,0,0,512,1030.8,31.18807285714286,bw,static,static,results,Results,Results_MAMBA21,MAMBA2-BWB-Results,simulator_output_MAMBA2-BWB_bwplacement_bs8_staticreq_statictask,SCRUBBED_TIME+MAMBA2-BWB_BMPD512_10_11_3,False
8,11,12,1,0,0,640,363.36,31.20818246153846,bw,static,static,results,Results,Results_MAMBA21,MAMBA2-BWB-Results,simulator_output_MAMBA2-BWB_bwplacement_bs8_staticreq_statictask,SCRUBBED_TIME+MAMBA2-BWB_BMPD640_11_12_1,False
8,5,10,9,0,0,256,1492.08,31.21766463157895,bw,static,static,results,Results,Results_MAMBA21,MAMBA2-BWB-Results,simulator_output_MAMBA2-BWB_bwplacement_bs8_staticreq_statictask,SCRUBBED_TIME+MAMBA2-BWB_BMPD256_5_10_9,False
8,3,16,5,0,0,384,1309.76,31.22867523809524,bw,static,static,results,Results,Results_MAMBA21,MAMBA2-BWB-Results,simulator_output_MAMBA2-BWB_bwplacement_bs8_staticreq_statictask,SCRUBBED_TIME+MAMBA2-BWB_BMPD384_3_16_5,False
8,16,5,3,0,0,512,1027.42,31.32262,bw,static,static,results,Results,Results_MAMBA21,MAMBA2-BWB-Results,simulator_output_MAMBA2-BWB_bwplacement_bs8_staticreq_statictask,SCRUBBED_TIME+MAMBA2-BWB_BMPD512_16_5_3,False
8,15,6,3,0,0,512,993.44,31.362108444444445,bw,static,static,results,Results,Results_MAMBA21,MAMBA2-BWB-Results,simulator_output_MAMBA2-BWB_bwplacement_bs8_staticreq_statictask,SCRUBBED_TIME+MAMBA2-BWB_BMPD512_15_6_3,False
8,3,11,10,0,0,256,1549.04,31.38001619047619,bw,static,static,results,Results,Results_MAMBA21,MAMBA2-BWB-Results,simulator_output_MAMBA2-BWB_bwplacement_bs8_staticreq_statictask,SCRUBBED_TIME+MAMBA2-BWB_BMPD256_3_11_10,False
4,11,4,9,0,0,640,1058.01,31.411394,bw,static,static,results,Results,Results_MAMBA21,MAMBA2-BWB-Results,simulator_output_MAMBA2-BWB_bwplacement_bs4_staticreq_statictask,SCRUBBED_TIME+MAMBA2-BWB_BMPD640_11_4_9,False
8,3,15,6,0,0,256,1057.04,31.42511142857143,bw,static,static,results,Results,Results_MAMBA21,MAMBA2-BWB-Results,simulator_output_MAMBA2-BWB_bwplacement_bs8_staticreq_statictask,SCRUBBED_TIME+MAMBA2-BWB_BMPD256_3_15_6,False
8,4,13,7,0,0,384,1726.8,31.4532232,bw,static,static,results,Results,Results_MAMBA21,MAMBA2-BWB-Results,simulator_output_MAMBA2-BWB_bwplacement_bs8_staticreq_statictask,SCRUBBED_TIME+MAMBA2-BWB_BMPD384_4_13_7,False
8,12,10,2,0,0,640,743.84,31.45861933333333,bw,static,static,results,Results,Results_MAMBA21,MAMBA2-BWB-Results,simulator_output_MAMBA2-BWB_bwplacement_bs8_staticreq_statictask,SCRUBBED_TIME+MAMBA2-BWB_BMPD640_12_10_2,False
8,5,18,1,0,0,512,317.84,31.472508842105263,bw,static,static,results,Results,Results_MAMBA21,MAMBA2-BWB-Results,simulator_output_MAMBA2-BWB_bwplacement_bs8_staticreq_statictask,SCRUBBED_TIME+MAMBA2-BWB_BMPD512_5_18_1,False
8,4,14,6,0,0,384,1570.72,31.4731832,bw,static,static,results,Results,Results_MAMBA21,MAMBA2-BWB-Results,simulator_output_MAMBA2-BWB_bwplacement_bs8_staticreq_statictask,SCRUBBED_TIME+MAMBA2-BWB_BMPD384_4_14_6,False
2,4,3,17,0,0,640,812.84,31.47470857142857,bw,static,static,results,Results,Results_MAMBA21,MAMBA2-BWB-Results,simulator_output_MAMBA2-BWB_bwplacement_bs2_staticreq_statictask,SCRUBBED_TIME+MAMBA2-BWB_BMPD640_4_3_17,False
8,9,10,5,0,0,512,1682.88,31.476636,bw,static,static,results,Results,Results_MAMBA21,MAMBA2-BWB-Results,simulator_output_MAMBA2-BWB_bwplacement_bs8_staticreq_statictask,SCRUBBED_TIME+MAMBA2-BWB_BMPD512_9_10_5,False
4,3,6,15,0,0,640,1365.15,31.49449844444445,bw,static,static,results,Results,Results_MAMBA21,MAMBA2-BWB-Results,simulator_output_MAMBA2-BWB_bwplacement_bs4_staticreq_statictask,SCRUBBED_TIME+MAMBA2-BWB_BMPD640_3_6_15,False
4,10,4,10,0,0,512,1137.14,31.53161714285714,bw,static,static,results,Results,Results_MAMBA21,MAMBA2-BWB-Results,simulator_output_MAMBA2-BWB_bwplacement_bs4_staticreq_statictask,SCRUBBED_TIME+MAMBA2-BWB_BMPD512_10_4_10,False
8,7,8,9,0,0,256,1466.4,31.53523670588235,bw,static,static,results,Results,Results_MAMBA21,MAMBA2-BWB-Results,simulator_output_MAMBA2-BWB_bwplacement_bs8_staticreq_statictask,SCRUBBED_TIME+MAMBA2-BWB_BMPD256_7_8_9,False
4,3,5,16,0,0,512,1387.55,31.582792,bw,static,static,results,Results,Results_MAMBA21,MAMBA2-BWB-Results,simulator_output_MAMBA2-BWB_bwplacement_bs4_staticreq_statictask,SCRUBBED_TIME+MAMBA2-BWB_BMPD512_3_5_16,False
8,7,13,4,0,0,512,1382.8,31.585957647058823,bw,static,static,results,Results,Results_MAMBA21,MAMBA2-BWB-Results,simulator_output_MAMBA2-BWB_bwplacement_bs8_staticreq_statictask,SCRUBBED_TIME+MAMBA2-BWB_BMPD512_7_13_4,False
8,4,15,5,0,0,384,1379.68,31.5870532,bw,static,static,results,Results,Results_MAMBA21,MAMBA2-BWB-Results,simulator_output_MAMBA2-BWB_bwplacement_bs8_staticreq_statictask,SCRUBBED_TIME+MAMBA2-BWB_BMPD384_4_15_5,False
8,6,11,7,0,0,384,1837.12,31.607002666666663,bw,static,static,results,Results,Results_MAMBA21,MAMBA2-BWB-Results,simulator_output_MAMBA2-BWB_bwplacement_bs8_staticreq_statictask,SCRUBBED_TIME+MAMBA2-BWB_BMPD384_6_11_7,False
4,4,5,15,0,0,384,1383.86,31.636087,bw,static,static,results,Results,Results_MAMBA21,MAMBA2-BWB-Results,simulator_output_MAMBA2-BWB_bwplacement_bs4_staticreq_statictask,SCRUBBED_TIME+MAMBA2-BWB_BMPD384_4_5_15,False
8,3,12,9,0,0,256,1406.56,31.63844476190476,bw,static,static,results,Results,Results_MAMBA21,MAMBA2-BWB-Results,simulator_output_MAMBA2-BWB_bwplacement_bs8_staticreq_statictask,SCRUBBED_TIME+MAMBA2-BWB_BMPD256_3_12_9,False
8,9,12,3,0,0,512,1053.28,31.731222666666667,bw,static,static,results,Results,Results_MAMBA21,MAMBA2-BWB-Results,simulator_output_MAMBA2-BWB_bwplacement_bs8_staticreq_statictask,SCRUBBED_TIME+MAMBA2-BWB_BMPD512_9_12_3,False
8,3,16,5,0,0,512,1547.04,31.761224666666667,bw,static,static,results,Results,Results_MAMBA21,MAMBA2-BWB-Results,simulator_output_MAMBA2-BWB_bwplacement_bs8_staticreq_statictask,SCRUBBED_TIME+MAMBA2-BWB_BMPD512_3_16_5,False
8,7,10,7,0,0,384,1829.84,31.777629411764707,bw,static,static,results,Results,Results_MAMBA21,MAMBA2-BWB-Results,simulator_output_MAMBA2-BWB_bwplacement_bs8_staticreq_statictask,SCRUBBED_TIME+MAMBA2-BWB_BMPD384_7_10_7,False
8,6,12,6,0,0,384,1661.52,31.791452666666668,bw,static,static,results,Results,Results_MAMBA21,MAMBA2-BWB-Results,simulator_output_MAMBA2-BWB_bwplacement_bs8_staticreq_statictask,SCRUBBED_TIME+MAMBA2-BWB_BMPD384_6_12_6,False
8,3,15,6,0,0,384,1515.6,31.844618095238097,bw,static,static,results,Results,Results_MAMBA21,MAMBA2-BWB-Results,simulator_output_MAMBA2-BWB_bwplacement_bs8_staticreq_statictask,SCRUBBED_TIME+MAMBA2-BWB_BMPD384_3_15_6,False
4,8,4,12,0,0,384,1291.89,31.872979,bw,static,static,results,Results,Results_MAMBA21,MAMBA2-BWB-Results,simulator_output_MAMBA2-BWB_bwplacement_bs4_staticreq_statictask,SCRUBBED_TIME+MAMBA2-BWB_BMPD384_8_4_12,False
8,14,6,4,0,0,384,1151.52,31.9150092,bw,static,static,results,Results,Results_MAMBA21,MAMBA2-BWB-Results,simulator_output_MAMBA2-BWB_bwplacement_bs8_staticreq_statictask,SCRUBBED_TIME+MAMBA2-BWB_BMPD384_14_6_4,False
4,5,6,13,0,0,640,1527.66,31.9325428,bw,static,static,results,Results,Results_MAMBA21,MAMBA2-BWB-Results,simulator_output_MAMBA2-BWB_bwplacement_bs4_staticreq_statictask,SCRUBBED_TIME+MAMBA2-BWB_BMPD640_5_6_13,False
4,6,4,14,0,0,256,995.16,31.99100555555556,bw,static,static,results,Results,Results_MAMBA21,MAMBA2-BWB-Results,simulator_output_MAMBA2-BWB_bwplacement_bs4_staticreq_statictask,SCRUBBED_TIME+MAMBA2-BWB_BMPD256_6_4_14,False
8,9,8,7,0,0,384,1817.04,31.99533173333333,bw,static,static,results,Results,Results_MAMBA21,MAMBA2-BWB-Results,simulator_output_MAMBA2-BWB_bwplacement_bs8_staticreq_statictask,SCRUBBED_TIME+MAMBA2-BWB_BMPD384_9_8_7,False
2,6,2,16,0,0,256,585.34,32.00713044444444,bw,static,static,results,Results,Results_MAMBA21,MAMBA2-BWB-Results,simulator_output_MAMBA2-BWB_bwplacement_bs2_staticreq_statictask,SCRUBBED_TIME+MAMBA2-BWB_BMPD256_6_2_16,False
2,2,2,20,0,0,256,467.32,32.00724155555556,bw,static,static,results,Results,Results_MAMBA21,MAMBA2-BWB-Results,simulator_output_MAMBA2-BWB_bwplacement_bs2_staticreq_statictask,SCRUBBED_TIME+MAMBA2-BWB_BMPD256_2_2_20,False
8,2,8,14,0,0,384,1648.8,32.013138399999995,bw,static,static,results,Results,Results_MAMBA21,MAMBA2-BWB-Results,simulator_output_MAMBA2-BWB_bwplacement_bs8_staticreq_statictask,SCRUBBED_TIME+MAMBA2-BWB_BMPD384_2_8_14,False
8,4,10,10,0,0,256,1625.36,32.0351484,bw,static,static,results,Results,Results_MAMBA21,MAMBA2-BWB-Results,simulator_output_MAMBA2-BWB_bwplacement_bs8_staticreq_statictask,SCRUBBED_TIME+MAMBA2-BWB_BMPD256_4_10_10,False
8,5,12,7,0,0,384,1820.72,32.04492168421053,bw,static,static,results,Results,Results_MAMBA21,MAMBA2-BWB-Results,simulator_output_MAMBA2-BWB_bwplacement_bs8_staticreq_statictask,SCRUBBED_TIME+MAMBA2-BWB_BMPD384_5_12_7,False
2,7,2,15,0,0,384,690.34,32.05221155555556,bw,static,static,results,Results,Results_MAMBA21,MAMBA2-BWB-Results,simulator_output_MAMBA2-BWB_bwplacement_bs2_staticreq_statictask,SCRUBBED_TIME+MAMBA2-BWB_BMPD384_7_2_15,False
4,2,4,18,0,0,256,917.72,32.06097777777778,bw,static,static,results,Results,Results_MAMBA21,MAMBA2-BWB-Results,simulator_output_MAMBA2-BWB_bwplacement_bs4_staticreq_statictask,SCRUBBED_TIME+MAMBA2-BWB_BMPD256_2_4_18,False
8,6,15,3,0,0,512,978.08,32.08451355555555,bw,static,static,results,Results,Results_MAMBA21,MAMBA2-BWB-Results,simulator_output_MAMBA2-BWB_bwplacement_bs8_staticreq_statictask,SCRUBBED_TIME+MAMBA2-BWB_BMPD512_6_15_3,False
8,6,14,4,0,0,512,1310.8,32.12272466666667,bw,static,static,results,Results,Results_MAMBA21,MAMBA2-BWB-Results,simulator_output_MAMBA2-BWB_bwplacement_bs8_staticreq_statictask,SCRUBBED_TIME+MAMBA2-BWB_BMPD512_6_14_4,False
8,10,9,5,0,0,512,1653.2,32.12423714285714,bw,static,static,results,Results,Results_MAMBA21,MAMBA2-BWB-Results,simulator_output_MAMBA2-BWB_bwplacement_bs8_staticreq_statictask,SCRUBBED_TIME+MAMBA2-BWB_BMPD512_10_9_5,False
8,6,16,2,0,0,640,668.4,32.126077555555554,bw,static,static,results,Results,Results_MAMBA21,MAMBA2-BWB-Results,simulator_output_MAMBA2-BWB_bwplacement_bs8_staticreq_statictask,SCRUBBED_TIME+MAMBA2-BWB_BMPD640_6_16_2,False
8,9,14,1,0,0,640,387.76,32.138315733333336,bw,static,static,results,Results,Results_MAMBA21,MAMBA2-BWB-Results,simulator_output_MAMBA2-BWB_bwplacement_bs8_staticreq_statictask,SCRUBBED_TIME+MAMBA2-BWB_BMPD640_9_14_1,False
8,5,11,8,0,0,384,2157.12,32.15732168421053,bw,static,static,results,Results,Results_MAMBA21,MAMBA2-BWB-Results,simulator_output_MAMBA2-BWB_bwplacement_bs8_staticreq_statictask,SCRUBBED_TIME+MAMBA2-BWB_BMPD384_5_11_8,False
8,15,5,4,0,0,384,1124.72,32.16425822222222,bw,static,static,results,Results,Results_MAMBA21,MAMBA2-BWB-Results,simulator_output_MAMBA2-BWB_bwplacement_bs8_staticreq_statictask,SCRUBBED_TIME+MAMBA2-BWB_BMPD384_15_5_4,False
8,14,5,5,0,0,256,866.32,32.1772756,bw,static,static,results,Results,Results_MAMBA21,MAMBA2-BWB-Results,simulator_output_MAMBA2-BWB_bwplacement_bs8_staticreq_statictask,SCRUBBED_TIME+MAMBA2-BWB_BMPD256_14_5_5,False
8,2,10,12,0,0,640,1861.39,32.183536,bw,static,static,results,Results,Results_MAMBA21,MAMBA2-BWB-Results,simulator_output_MAMBA2-BWB_bwplacement_bs8_staticreq_statictask,SCRUBBED_TIME+MAMBA2-BWB_BMPD640_2_10_12,False
4,11,3,10,0,0,256,792.08,32.18979784615385,bw,static,static,results,Results,Results_MAMBA21,MAMBA2-BWB-Results,simulator_output_MAMBA2-BWB_bwplacement_bs4_staticreq_statictask,SCRUBBED_TIME+MAMBA2-BWB_BMPD256_11_3_10,False
8,11,9,4,0,0,640,1328.16,32.19558246153846,bw,static,static,results,Results,Results_MAMBA21,MAMBA2-BWB-Results,simulator_output_MAMBA2-BWB_bwplacement_bs8_staticreq_statictask,SCRUBBED_TIME+MAMBA2-BWB_BMPD640_11_9_4,False
8,3,20,1,0,0,512,337.2,32.223408,bw,static,static,results,Results,Results_MAMBA21,MAMBA2-BWB-Results,simulator_output_MAMBA2-BWB_bwplacement_bs8_staticreq_statictask,SCRUBBED_TIME+MAMBA2-BWB_BMPD512_3_20_1,False
8,4,16,4,0,0,384,1085.76,32.2442782,bw,static,static,results,Results,Results_MAMBA21,MAMBA2-BWB-Results,simulator_output_MAMBA2-BWB_bwplacement_bs8_staticreq_statictask,SCRUBBED_TIME+MAMBA2-BWB_BMPD384_4_16_4,False
2,16,1,7,0,0,384,314.98,32.251499,bw,static,static,results,Results,Results_MAMBA21,MAMBA2-BWB-Results,simulator_output_MAMBA2-BWB_bwplacement_bs2_staticreq_statictask,SCRUBBED_TIME+MAMBA2-BWB_BMPD384_16_1_7,False
8,11,11,2,0,0,640,667.84,32.334451692307695,bw,static,static,results,Results,Results_MAMBA21,MAMBA2-BWB-Results,simulator_output_MAMBA2-BWB_bwplacement_bs8_staticreq_statictask,SCRUBBED_TIME+MAMBA2-BWB_BMPD640_11_11_2,False
4,16,2,6,0,0,384,647.3,32.3640645,bw,static,static,results,Results,Results_MAMBA21,MAMBA2-BWB-Results,simulator_output_MAMBA2-BWB_bwplacement_bs4_staticreq_statictask,SCRUBBED_TIME+MAMBA2-BWB_BMPD384_16_2_6,False
8,3,17,4,0,0,384,1100.32,32.36538,bw,static,static,results,Results,Results_MAMBA21,MAMBA2-BWB-Results,simulator_output_MAMBA2-BWB_bwplacement_bs8_staticreq_statictask,SCRUBBED_TIME+MAMBA2-BWB_BMPD384_3_17_4,False
8,15,7,2,0,0,640,683.84,32.36854488888889,bw,static,static,results,Results,Results_MAMBA21,MAMBA2-BWB-Results,simulator_output_MAMBA2-BWB_bwplacement_bs8_staticreq_statictask,SCRUBBED_TIME+MAMBA2-BWB_BMPD640_15_7_2,False
8,12,6,6,0,0,256,1049.04,32.438850333333335,bw,static,static,results,Results,Results_MAMBA21,MAMBA2-BWB-Results,simulator_output_MAMBA2-BWB_bwplacement_bs8_staticreq_statictask,SCRUBBED_TIME+MAMBA2-BWB_BMPD256_12_6_6,False
2,15,1,8,0,0,256,351.65,32.468507555555554,bw,static,static,results,Results,Results_MAMBA21,MAMBA2-BWB-Results,simulator_output_MAMBA2-BWB_bwplacement_bs2_staticreq_statictask,SCRUBBED_TIME+MAMBA2-BWB_BMPD256_15_1_8,False
8,14,7,3,0,0,512,982.08,32.470466800000004,bw,static,static,results,Results,Results_MAMBA21,MAMBA2-BWB-Results,simulator_output_MAMBA2-BWB_bwplacement_bs8_staticreq_statictask,SCRUBBED_TIME+MAMBA2-BWB_BMPD512_14_7_3,False
8,11,10,3,0,0,640,1006.0,32.49393630769231,bw,static,static,results,Results,Results_MAMBA21,MAMBA2-BWB-Results,simulator_output_MAMBA2-BWB_bwplacement_bs8_staticreq_statictask,SCRUBBED_TIME+MAMBA2-BWB_BMPD640_11_10_3,False
4,12,3,9,0,0,384,977.92,32.57102033333333,bw,static,static,results,Results,Results_MAMBA21,MAMBA2-BWB-Results,simulator_output_MAMBA2-BWB_bwplacement_bs4_staticreq_statictask,SCRUBBED_TIME+MAMBA2-BWB_BMPD384_12_3_9,False
8,10,8,6,0,0,512,1895.17,32.57882285714286,bw,static,static,results,Results,Results_MAMBA21,MAMBA2-BWB-Results,simulator_output_MAMBA2-BWB_bwplacement_bs8_staticreq_statictask,SCRUBBED_TIME+MAMBA2-BWB_BMPD512_10_8_6,False
8,3,18,3,0,0,384,784.08,32.59559904761905,bw,static,static,results,Results,Results_MAMBA21,MAMBA2-BWB-Results,simulator_output_MAMBA2-BWB_bwplacement_bs8_staticreq_statictask,SCRUBBED_TIME+MAMBA2-BWB_BMPD384_3_18_3,False
8,3,20,1,0,0,256,186.32,32.6014780952381,bw,static,static,results,Results,Results_MAMBA21,MAMBA2-BWB-Results,simulator_output_MAMBA2-BWB_bwplacement_bs8_staticreq_statictask,SCRUBBED_TIME+MAMBA2-BWB_BMPD256_3_20_1,False
8,5,9,10,0,0,256,1603.52,32.611796210526315,bw,static,static,results,Results,Results_MAMBA21,MAMBA2-BWB-Results,simulator_output_MAMBA2-BWB_bwplacement_bs8_staticreq_statictask,SCRUBBED_TIME+MAMBA2-BWB_BMPD256_5_9_10,False
8,9,11,4,0,0,512,1371.68,32.614409333333334,bw,static,static,results,Results,Results_MAMBA21,MAMBA2-BWB-Results,simulator_output_MAMBA2-BWB_bwplacement_bs8_staticreq_statictask,SCRUBBED_TIME+MAMBA2-BWB_BMPD512_9_11_4,False
8,8,12,4,0,0,512,1372.16,32.62736225,bw,static,static,results,Results,Results_MAMBA21,MAMBA2-BWB-Results,simulator_output_MAMBA2-BWB_bwplacement_bs8_staticreq_statictask,SCRUBBED_TIME+MAMBA2-BWB_BMPD512_8_12_4,False
4,7,5,12,0,0,640,1394.2,32.652154,bw,static,static,results,Results,Results_MAMBA21,MAMBA2-BWB-Results,simulator_output_MAMBA2-BWB_bwplacement_bs4_staticreq_statictask,SCRUBBED_TIME+MAMBA2-BWB_BMPD640_7_5_12,False
8,3,17,4,0,0,512,1242.48,32.69104688888889,bw,static,static,results,Results,Results_MAMBA21,MAMBA2-BWB-Results,simulator_output_MAMBA2-BWB_bwplacement_bs8_staticreq_statictask,SCRUBBED_TIME+MAMBA2-BWB_BMPD512_3_17_4,False
8,10,13,1,0,0,640,361.04,32.704792,bw,static,static,results,Results,Results_MAMBA21,MAMBA2-BWB-Results,simulator_output_MAMBA2-BWB_bwplacement_bs8_staticreq_statictask,SCRUBBED_TIME+MAMBA2-BWB_BMPD640_10_13_1,False
8,8,15,1,0,0,640,378.24,32.70532525,bw,static,static,results,Results,Results_MAMBA21,MAMBA2-BWB-Results,simulator_output_MAMBA2-BWB_bwplacement_bs8_staticreq_statictask,SCRUBBED_TIME+MAMBA2-BWB_BMPD640_8_15_1,False
8,12,8,4,0,0,640,1309.92,32.726386,bw,static,static,results,Results,Results_MAMBA21,MAMBA2-BWB-Results,simulator_output_MAMBA2-BWB_bwplacement_bs8_staticreq_statictask,SCRUBBED_TIME+MAMBA2-BWB_BMPD640_12_8_4,False
8,2,8,14,0,0,640,1864.99,32.73415266666667,bw,static,static,results,Results,Results_MAMBA21,MAMBA2-BWB-Results,simulator_output_MAMBA2-BWB_bwplacement_bs8_staticreq_statictask,SCRUBBED_TIME+MAMBA2-BWB_BMPD640_2_8_14,False
8,8,14,2,0,0,640,706.0,32.82747525,bw,static,static,results,Results,Results_MAMBA21,MAMBA2-BWB-Results,simulator_output_MAMBA2-BWB_bwplacement_bs8_staticreq_statictask,SCRUBBED_TIME+MAMBA2-BWB_BMPD640_8_14_2,False
8,10,7,7,0,0,256,1163.92,32.86280314285714,bw,static,static,results,Results,Results_MAMBA21,MAMBA2-BWB-Results,simulator_output_MAMBA2-BWB_bwplacement_bs8_staticreq_statictask,SCRUBBED_TIME+MAMBA2-BWB_BMPD256_10_7_7,False
8,12,7,5,0,0,384,1384.48,32.91083,bw,static,static,results,Results,Results_MAMBA21,MAMBA2-BWB-Results,simulator_output_MAMBA2-BWB_bwplacement_bs8_staticreq_statictask,SCRUBBED_TIME+MAMBA2-BWB_BMPD384_12_7_5,False
8,3,19,2,0,0,384,521.68,32.95128952380952,bw,static,static,results,Results,Results_MAMBA21,MAMBA2-BWB-Results,simulator_output_MAMBA2-BWB_bwplacement_bs8_staticreq_statictask,SCRUBBED_TIME+MAMBA2-BWB_BMPD384_3_19_2,False
4,15,2,7,0,0,256,543.56,32.95254711111111,bw,static,static,results,Results,Results_MAMBA21,MAMBA2-BWB-Results,simulator_output_MAMBA2-BWB_bwplacement_bs4_staticreq_statictask,SCRUBBED_TIME+MAMBA2-BWB_BMPD256_15_2_7,False
8,3,14,7,0,0,384,1611.2,32.97834666666667,bw,static,static,results,Results,Results_MAMBA21,MAMBA2-BWB-Results,simulator_output_MAMBA2-BWB_bwplacement_bs8_staticreq_statictask,SCRUBBED_TIME+MAMBA2-BWB_BMPD384_3_14_7,False
4,3,5,16,0,0,384,1175.12,33.02272780952381,bw,static,static,results,Results,Results_MAMBA21,MAMBA2-BWB-Results,simulator_output_MAMBA2-BWB_bwplacement_bs4_staticreq_statictask,SCRUBBED_TIME+MAMBA2-BWB_BMPD384_3_5_16,False
8,10,12,2,0,0,640,683.28,33.10703485714286,bw,static,static,results,Results,Results_MAMBA21,MAMBA2-BWB-Results,simulator_output_MAMBA2-BWB_bwplacement_bs8_staticreq_statictask,SCRUBBED_TIME+MAMBA2-BWB_BMPD640_10_12_2,False
8,8,10,6,0,0,512,1915.36,33.121506,bw,static,static,results,Results,Results_MAMBA21,MAMBA2-BWB-Results,simulator_output_MAMBA2-BWB_bwplacement_bs8_staticreq_statictask,SCRUBBED_TIME+MAMBA2-BWB_BMPD512_8_10_6,False
2,10,2,12,0,0,640,565.69,33.128551466666664,bw,static,static,results,Results,Results_MAMBA21,MAMBA2-BWB-Results,simulator_output_MAMBA2-BWB_bwplacement_bs2_staticreq_statictask,SCRUBBED_TIME+MAMBA2-BWB_BMPD640_10_2_12,False
8,4,12,8,0,0,384,1876.48,33.1523432,bw,static,static,results,Results,Results_MAMBA21,MAMBA2-BWB-Results,simulator_output_MAMBA2-BWB_bwplacement_bs8_staticreq_statictask,SCRUBBED_TIME+MAMBA2-BWB_BMPD384_4_12_8,False
8,2,8,14,0,0,256,1705.52,33.195504444444445,bw,static,static,results,Results,Results_MAMBA21,MAMBA2-BWB-Results,simulator_output_MAMBA2-BWB_bwplacement_bs8_staticreq_statictask,SCRUBBED_TIME+MAMBA2-BWB_BMPD256_2_8_14,False
8,6,8,10,0,0,256,1603.36,33.210904444444445,bw,static,static,results,Results,Results_MAMBA21,MAMBA2-BWB-Results,simulator_output_MAMBA2-BWB_bwplacement_bs8_staticreq_statictask,SCRUBBED_TIME+MAMBA2-BWB_BMPD256_6_8_10,False
8,13,6,5,0,0,384,1377.55,33.23667672727273,bw,static,static,results,Results,Results_MAMBA21,MAMBA2-BWB-Results,simulator_output_MAMBA2-BWB_bwplacement_bs8_staticreq_statictask,SCRUBBED_TIME+MAMBA2-BWB_BMPD384_13_6_5,False
8,3,10,11,0,0,256,1638.4,33.24412095238095,bw,static,static,results,Results,Results_MAMBA21,MAMBA2-BWB-Results,simulator_output_MAMBA2-BWB_bwplacement_bs8_staticreq_statictask,SCRUBBED_TIME+MAMBA2-BWB_BMPD256_3_10_11,False
4,5,5,14,0,0,512,1525.91,33.245732631578946,bw,static,static,results,Results,Results_MAMBA21,MAMBA2-BWB-Results,simulator_output_MAMBA2-BWB_bwplacement_bs4_staticreq_statictask,SCRUBBED_TIME+MAMBA2-BWB_BMPD512_5_5_14,False
8,6,13,5,0,0,512,1655.12,33.387080222222224,bw,static,static,results,Results,Results_MAMBA21,MAMBA2-BWB-Results,simulator_output_MAMBA2-BWB_bwplacement_bs8_staticreq_statictask,SCRUBBED_TIME+MAMBA2-BWB_BMPD512_6_13_5,False
8,4,9,11,0,0,256,1721.76,33.4032134,bw,static,static,results,Results,Results_MAMBA21,MAMBA2-BWB-Results,simulator_output_MAMBA2-BWB_bwplacement_bs8_staticreq_statictask,SCRUBBED_TIME+MAMBA2-BWB_BMPD256_4_9_11,False
8,3,13,8,0,0,384,1640.16,33.44459904761905,bw,static,static,results,Results,Results_MAMBA21,MAMBA2-BWB-Results,simulator_output_MAMBA2-BWB_bwplacement_bs8_staticreq_statictask,SCRUBBED_TIME+MAMBA2-BWB_BMPD384_3_13_8,False
8,9,13,2,0,0,640,680.32,33.502615733333336,bw,static,static,results,Results,Results_MAMBA21,MAMBA2-BWB-Results,simulator_output_MAMBA2-BWB_bwplacement_bs8_staticreq_statictask,SCRUBBED_TIME+MAMBA2-BWB_BMPD640_9_13_2,False
8,4,11,9,0,0,384,2048.24,33.611853200000006,bw,static,static,results,Results,Results_MAMBA21,MAMBA2-BWB-Results,simulator_output_MAMBA2-BWB_bwplacement_bs8_staticreq_statictask,SCRUBBED_TIME+MAMBA2-BWB_BMPD384_4_11_9,False
4,5,4,15,0,0,256,979.76,33.63062315789474,bw,static,static,results,Results,Results_MAMBA21,MAMBA2-BWB-Results,simulator_output_MAMBA2-BWB_bwplacement_bs4_staticreq_statictask,SCRUBBED_TIME+MAMBA2-BWB_BMPD256_5_4_15,False
4,9,4,11,0,0,512,1211.25,33.634608799999995,bw,static,static,results,Results,Results_MAMBA21,MAMBA2-BWB-Results,simulator_output_MAMBA2-BWB_bwplacement_bs4_staticreq_statictask,SCRUBBED_TIME+MAMBA2-BWB_BMPD512_9_4_11,False
2,5,2,17,0,0,256,537.16,33.71622505263158,bw,static,static,results,Results,Results_MAMBA21,MAMBA2-BWB-Results,simulator_output_MAMBA2-BWB_bwplacement_bs2_staticreq_statictask,SCRUBBED_TIME+MAMBA2-BWB_BMPD256_5_2_17,False
4,13,3,8,0,0,512,906.9,33.74631272727272,bw,static,static,results,Results,Results_MAMBA21,MAMBA2-BWB-Results,simulator_output_MAMBA2-BWB_bwplacement_bs4_staticreq_statictask,SCRUBBED_TIME+MAMBA2-BWB_BMPD512_13_3_8,False
8,8,8,8,0,0,384,2199.06,33.7505855,bw,static,static,results,Results,Results_MAMBA21,MAMBA2-BWB-Results,simulator_output_MAMBA2-BWB_bwplacement_bs8_staticreq_statictask,SCRUBBED_TIME+MAMBA2-BWB_BMPD384_8_8_8,False
8,6,9,9,0,0,384,2206.71,33.774397111111114,bw,static,static,results,Results,Results_MAMBA21,MAMBA2-BWB-Results,simulator_output_MAMBA2-BWB_bwplacement_bs8_staticreq_statictask,SCRUBBED_TIME+MAMBA2-BWB_BMPD384_6_9_9,False
4,14,3,7,0,0,640,817.43,33.806513200000005,bw,static,static,results,Results,Results_MAMBA21,MAMBA2-BWB-Results,simulator_output_MAMBA2-BWB_bwplacement_bs4_staticreq_statictask,SCRUBBED_TIME+MAMBA2-BWB_BMPD640_14_3_7,False
8,7,12,5,0,0,512,1656.4,33.88722235294118,bw,static,static,results,Results,Results_MAMBA21,MAMBA2-BWB-Results,simulator_output_MAMBA2-BWB_bwplacement_bs8_staticreq_statictask,SCRUBBED_TIME+MAMBA2-BWB_BMPD512_7_12_5,False
8,10,11,3,0,0,640,959.92,33.92786342857143,bw,static,static,results,Results,Results_MAMBA21,MAMBA2-BWB-Results,simulator_output_MAMBA2-BWB_bwplacement_bs8_staticreq_statictask,SCRUBBED_TIME+MAMBA2-BWB_BMPD640_10_11_3,False
8,8,11,5,0,0,512,1629.68,33.9428685,bw,static,static,results,Results,Results_MAMBA21,MAMBA2-BWB-Results,simulator_output_MAMBA2-BWB_bwplacement_bs8_staticreq_statictask,SCRUBBED_TIME+MAMBA2-BWB_BMPD512_8_11_5,False
8,9,9,6,0,0,512,1890.65,33.94886266666666,bw,static,static,results,Results,Results_MAMBA21,MAMBA2-BWB-Results,simulator_output_MAMBA2-BWB_bwplacement_bs8_staticreq_statictask,SCRUBBED_TIME+MAMBA2-BWB_BMPD512_9_9_6,False
8,14,6,4,0,0,512,1308.17,34.0222468,bw,static,static,results,Results,Results_MAMBA21,MAMBA2-BWB-Results,simulator_output_MAMBA2-BWB_bwplacement_bs8_staticreq_statictask,SCRUBBED_TIME+MAMBA2-BWB_BMPD512_14_6_4,False
8,4,16,4,0,0,512,1221.92,34.0697676,bw,static,static,results,Results,Results_MAMBA21,MAMBA2-BWB-Results,simulator_output_MAMBA2-BWB_bwplacement_bs8_staticreq_statictask,SCRUBBED_TIME+MAMBA2-BWB_BMPD512_4_16_4,False
8,5,16,3,0,0,640,907.36,34.07770105263158,bw,static,static,results,Results,Results_MAMBA21,MAMBA2-BWB-Results,simulator_output_MAMBA2-BWB_bwplacement_bs8_staticreq_statictask,SCRUBBED_TIME+MAMBA2-BWB_BMPD640_5_16_3,False
8,10,10,4,0,0,640,1324.8,34.08962771428572,bw,static,static,results,Results,Results_MAMBA21,MAMBA2-BWB-Results,simulator_output_MAMBA2-BWB_bwplacement_bs8_staticreq_statictask,SCRUBBED_TIME+MAMBA2-BWB_BMPD640_10_10_4,False
2,6,2,16,0,0,384,736.36,34.096214526315784,bw,static,static,results,Results,Results_MAMBA21,MAMBA2-BWB-Results,simulator_output_MAMBA2-BWB_bwplacement_bs2_staticreq_statictask,SCRUBBED_TIME+MAMBA2-BWB_BMPD384_6_2_16,False
8,5,17,2,0,0,640,600.0,34.10040105263158,bw,static,static,results,Results,Results_MAMBA21,MAMBA2-BWB-Results,simulator_output_MAMBA2-BWB_bwplacement_bs8_staticreq_statictask,SCRUBBED_TIME+MAMBA2-BWB_BMPD640_5_17_2,False
2,8,2,14,0,0,512,649.93,34.15316517647059,bw,static,static,results,Results,Results_MAMBA21,MAMBA2-BWB-Results,simulator_output_MAMBA2-BWB_bwplacement_bs2_staticreq_statictask,SCRUBBED_TIME+MAMBA2-BWB_BMPD512_8_2_14,False
8,10,9,5,0,0,640,1596.16,34.23012057142857,bw,static,static,results,Results,Results_MAMBA21,MAMBA2-BWB-Results,simulator_output_MAMBA2-BWB_bwplacement_bs8_staticreq_statictask,SCRUBBED_TIME+MAMBA2-BWB_BMPD640_10_9_5,False
8,3,13,8,0,0,512,2147.44,34.232802444444445,bw,static,static,results,Results,Results_MAMBA21,MAMBA2-BWB-Results,simulator_output_MAMBA2-BWB_bwplacement_bs8_staticreq_statictask,SCRUBBED_TIME+MAMBA2-BWB_BMPD512_3_13_8,False
8,9,7,8,0,0,256,1425.44,34.25089066666666,bw,static,static,results,Results,Results_MAMBA21,MAMBA2-BWB-Results,simulator_output_MAMBA2-BWB_bwplacement_bs8_staticreq_statictask,SCRUBBED_TIME+MAMBA2-BWB_BMPD256_9_7_8,False
8,6,10,8,0,0,384,2091.04,34.253986,bw,static,static,results,Results,Results_MAMBA21,MAMBA2-BWB-Results,simulator_output_MAMBA2-BWB_bwplacement_bs8_staticreq_statictask,SCRUBBED_TIME+MAMBA2-BWB_BMPD384_6_10_8,False
4,10,3,11,0,0,256,809.0,34.27264342857143,bw,static,static,results,Results,Results_MAMBA21,MAMBA2-BWB-Results,simulator_output_MAMBA2-BWB_bwplacement_bs4_staticreq_statictask,SCRUBBED_TIME+MAMBA2-BWB_BMPD256_10_3_11,False
8,15,4,5,0,0,256,815.76,34.33443466666667,bw,static,static,results,Results,Results_MAMBA21,MAMBA2-BWB-Results,simulator_output_MAMBA2-BWB_bwplacement_bs8_staticreq_statictask,SCRUBBED_TIME+MAMBA2-BWB_BMPD256_15_4_5,False
8,11,6,7,0,0,256,1136.72,34.380636,bw,static,static,results,Results,Results_MAMBA21,MAMBA2-BWB-Results,simulator_output_MAMBA2-BWB_bwplacement_bs8_staticreq_statictask,SCRUBBED_TIME+MAMBA2-BWB_BMPD256_11_6_7,False
8,9,12,3,0,0,640,963.68,34.4005824,bw,static,static,results,Results,Results_MAMBA21,MAMBA2-BWB-Results,simulator_output_MAMBA2-BWB_bwplacement_bs8_staticreq_statictask,SCRUBBED_TIME+MAMBA2-BWB_BMPD640_9_12_3,False
8,16,6,2,0,0,640,703.28,34.404887,bw,static,static,results,Results,Results_MAMBA21,MAMBA2-BWB-Results,simulator_output_MAMBA2-BWB_bwplacement_bs8_staticreq_statictask,SCRUBBED_TIME+MAMBA2-BWB_BMPD640_16_6_2,False
8,3,15,6,0,0,512,1779.76,34.471763555555555,bw,static,static,results,Results,Results_MAMBA21,MAMBA2-BWB-Results,simulator_output_MAMBA2-BWB_bwplacement_bs8_staticreq_statictask,SCRUBBED_TIME+MAMBA2-BWB_BMPD512_3_15_6,False
4,4,6,14,0,0,640,1528.0,34.4955678,bw,static,static,results,Results,Results_MAMBA21,MAMBA2-BWB-Results,simulator_output_MAMBA2-BWB_bwplacement_bs4_staticreq_statictask,SCRUBBED_TIME+MAMBA2-BWB_BMPD640_4_6_14,False
8,13,7,4,0,0,512,1226.4,34.49575818181818,bw,static,static,results,Results,Results_MAMBA21,MAMBA2-BWB-Results,simulator_output_MAMBA2-BWB_bwplacement_bs8_staticreq_statictask,SCRUBBED_TIME+MAMBA2-BWB_BMPD512_13_7_4,False
8,11,7,6,0,0,384,1576.0,34.497957538461534,bw,static,static,results,Results,Results_MAMBA21,MAMBA2-BWB-Results,simulator_output_MAMBA2-BWB_bwplacement_bs8_staticreq_statictask,SCRUBBED_TIME+MAMBA2-BWB_BMPD384_11_7_6,False
16,15,8,1,0,0,256,347.84,34.51096177777777,bw,static,static,results,Results,Results_MAMBA21,MAMBA2-BWB-Results,simulator_output_MAMBA2-BWB_bwplacement_bs16_staticreq_statictask,SCRUBBED_TIME+MAMBA2-BWB_BMPD256_15_8_1,False
8,9,8,7,0,0,512,2016.79,34.538516,bw,static,static,results,Results,Results_MAMBA21,MAMBA2-BWB-Results,simulator_output_MAMBA2-BWB_bwplacement_bs8_staticreq_statictask,SCRUBBED_TIME+MAMBA2-BWB_BMPD512_9_8_7,False
8,3,14,7,0,0,512,1875.76,34.608624666666664,bw,static,static,results,Results,Results_MAMBA21,MAMBA2-BWB-Results,simulator_output_MAMBA2-BWB_bwplacement_bs8_staticreq_statictask,SCRUBBED_TIME+MAMBA2-BWB_BMPD512_3_14_7,False
4,10,4,10,0,0,640,1137.14,34.66047257142858,bw,static,static,results,Results,Results_MAMBA21,MAMBA2-BWB-Results,simulator_output_MAMBA2-BWB_bwplacement_bs4_staticreq_statictask,SCRUBBED_TIME+MAMBA2-BWB_BMPD640_10_4_10,False
4,7,4,13,0,0,384,1362.29,34.673534823529415,bw,static,static,results,Results,Results_MAMBA21,MAMBA2-BWB-Results,simulator_output_MAMBA2-BWB_bwplacement_bs4_staticreq_statictask,SCRUBBED_TIME+MAMBA2-BWB_BMPD384_7_4_13,False
8,13,5,6,0,0,256,1008.4,34.705709454545456,bw,static,static,results,Results,Results_MAMBA21,MAMBA2-BWB-Results,simulator_output_MAMBA2-BWB_bwplacement_bs8_staticreq_statictask,SCRUBBED_TIME+MAMBA2-BWB_BMPD256_13_5_6,False
8,7,14,3,0,0,640,1026.96,34.75198,bw,static,static,results,Results,Results_MAMBA21,MAMBA2-BWB-Results,simulator_output_MAMBA2-BWB_bwplacement_bs8_staticreq_statictask,SCRUBBED_TIME+MAMBA2-BWB_BMPD640_7_14_3,False
8,11,8,5,0,0,640,1563.68,34.7762363076923,bw,static,static,results,Results,Results_MAMBA21,MAMBA2-BWB-Results,simulator_output_MAMBA2-BWB_bwplacement_bs8_staticreq_statictask,SCRUBBED_TIME+MAMBA2-BWB_BMPD640_11_8_5,False
4,4,5,15,0,0,512,1485.11,34.8036268,bw,static,static,results,Results,Results_MAMBA21,MAMBA2-BWB-Results,simulator_output_MAMBA2-BWB_bwplacement_bs4_staticreq_statictask,SCRUBBED_TIME+MAMBA2-BWB_BMPD512_4_5_15,False
8,5,8,11,0,0,256,1713.68,34.84775936842106,bw,static,static,results,Results,Results_MAMBA21,MAMBA2-BWB-Results,simulator_output_MAMBA2-BWB_bwplacement_bs8_staticreq_statictask,SCRUBBED_TIME+MAMBA2-BWB_BMPD256_5_8_11,False
8,3,19,2,0,0,640,626.56,34.860705333333335,bw,static,static,results,Results,Results_MAMBA21,MAMBA2-BWB-Results,simulator_output_MAMBA2-BWB_bwplacement_bs8_staticreq_statictask,SCRUBBED_TIME+MAMBA2-BWB_BMPD640_3_19_2,False
8,5,15,4,0,0,512,1281.6,34.86542989473684,bw,static,static,results,Results,Results_MAMBA21,MAMBA2-BWB-Results,simulator_output_MAMBA2-BWB_bwplacement_bs8_staticreq_statictask,SCRUBBED_TIME+MAMBA2-BWB_BMPD512_5_15_4,False
8,15,5,4,0,0,512,1290.57,34.884475111111115,bw,static,static,results,Results,Results_MAMBA21,MAMBA2-BWB-Results,simulator_output_MAMBA2-BWB_bwplacement_bs8_staticreq_statictask,SCRUBBED_TIME+MAMBA2-BWB_BMPD512_15_5_4,False
8,14,5,5,0,0,384,1320.66,34.9062592,bw,static,static,results,Results,Results_MAMBA21,MAMBA2-BWB-Results,simulator_output_MAMBA2-BWB_bwplacement_bs8_staticreq_statictask,SCRUBBED_TIME+MAMBA2-BWB_BMPD384_14_5_5,False
8,4,14,6,0,0,512,1814.16,34.9101676,bw,static,static,results,Results,Results_MAMBA21,MAMBA2-BWB-Results,simulator_output_MAMBA2-BWB_bwplacement_bs8_staticreq_statictask,SCRUBBED_TIME+MAMBA2-BWB_BMPD512_4_14_6,False
8,8,13,3,0,0,640,966.8,34.98190025,bw,static,static,results,Results,Results_MAMBA21,MAMBA2-BWB-Results,simulator_output_MAMBA2-BWB_bwplacement_bs8_staticreq_statictask,SCRUBBED_TIME+MAMBA2-BWB_BMPD640_8_13_3,False
8,7,10,7,0,0,512,2045.83,35.004916470588235,bw,static,static,results,Results,Results_MAMBA21,MAMBA2-BWB-Results,simulator_output_MAMBA2-BWB_bwplacement_bs8_staticreq_statictask,SCRUBBED_TIME+MAMBA2-BWB_BMPD512_7_10_7,False
8,3,9,12,0,0,256,1559.12,35.0146780952381,bw,static,static,results,Results,Results_MAMBA21,MAMBA2-BWB-Results,simulator_output_MAMBA2-BWB_bwplacement_bs8_staticreq_statictask,SCRUBBED_TIME+MAMBA2-BWB_BMPD256_3_9_12,False
4,4,4,16,0,0,256,981.52,35.0204102,bw,static,static,results,Results,Results_MAMBA21,MAMBA2-BWB-Results,simulator_output_MAMBA2-BWB_bwplacement_bs4_staticreq_statictask,SCRUBBED_TIME+MAMBA2-BWB_BMPD256_4_4_16,False
8,16,4,4,0,0,384,1077.13,35.0577755,bw,static,static,results,Results,Results_MAMBA21,MAMBA2-BWB-Results,simulator_output_MAMBA2-BWB_bwplacement_bs8_staticreq_statictask,SCRUBBED_TIME+MAMBA2-BWB_BMPD384_16_4_4,False
8,5,14,5,0,0,512,1581.36,35.11116147368421,bw,static,static,results,Results,Results_MAMBA21,MAMBA2-BWB-Results,simulator_output_MAMBA2-BWB_bwplacement_bs8_staticreq_statictask,SCRUBBED_TIME+MAMBA2-BWB_BMPD512_5_14_5,False
8,14,7,3,0,0,640,940.56,35.125255200000005,bw,static,static,results,Results,Results_MAMBA21,MAMBA2-BWB-Results,simulator_output_MAMBA2-BWB_bwplacement_bs8_staticreq_statictask,SCRUBBED_TIME+MAMBA2-BWB_BMPD640_14_7_3,False
8,3,11,10,0,0,384,1907.52,35.14429428571428,bw,static,static,results,Results,Results_MAMBA21,MAMBA2-BWB-Results,simulator_output_MAMBA2-BWB_bwplacement_bs8_staticreq_statictask,SCRUBBED_TIME+MAMBA2-BWB_BMPD384_3_11_10,False
8,5,10,9,0,0,384,2128.16,35.14751642105264,bw,static,static,results,Results,Results_MAMBA21,MAMBA2-BWB-Results,simulator_output_MAMBA2-BWB_bwplacement_bs8_staticreq_statictask,SCRUBBED_TIME+MAMBA2-BWB_BMPD384_5_10_9,False
8,12,6,6,0,0,384,1545.67,35.220821666666666,bw,static,static,results,Results,Results_MAMBA21,MAMBA2-BWB-Results,simulator_output_MAMBA2-BWB_bwplacement_bs8_staticreq_statictask,SCRUBBED_TIME+MAMBA2-BWB_BMPD384_12_6_6,False
8,3,17,4,0,0,640,1212.56,35.265849777777774,bw,static,static,results,Results,Results_MAMBA21,MAMBA2-BWB-Results,simulator_output_MAMBA2-BWB_bwplacement_bs8_staticreq_statictask,SCRUBBED_TIME+MAMBA2-BWB_BMPD640_3_17_4,False
8,6,12,6,0,0,512,1887.05,35.298558,bw,static,static,results,Results,Results_MAMBA21,MAMBA2-BWB-Results,simulator_output_MAMBA2-BWB_bwplacement_bs8_staticreq_statictask,SCRUBBED_TIME+MAMBA2-BWB_BMPD512_6_12_6,False
4,11,3,10,0,0,384,1054.5,35.366182461538465,bw,static,static,results,Results,Results_MAMBA21,MAMBA2-BWB-Results,simulator_output_MAMBA2-BWB_bwplacement_bs4_staticreq_statictask,SCRUBBED_TIME+MAMBA2-BWB_BMPD384_11_3_10,False
8,3,12,9,0,0,384,1856.24,35.369751428571426,bw,static,static,results,Results,Results_MAMBA21,MAMBA2-BWB-Results,simulator_output_MAMBA2-BWB_bwplacement_bs8_staticreq_statictask,SCRUBBED_TIME+MAMBA2-BWB_BMPD384_3_12_9,False
8,8,9,7,0,0,512,2041.47,35.39431225,bw,static,static,results,Results,Results_MAMBA21,MAMBA2-BWB-Results,simulator_output_MAMBA2-BWB_bwplacement_bs8_staticreq_statictask,SCRUBBED_TIME+MAMBA2-BWB_BMPD512_8_9_7,False
8,4,13,7,0,0,512,1912.96,35.403527600000004,bw,static,static,results,Results,Results_MAMBA21,MAMBA2-BWB-Results,simulator_output_MAMBA2-BWB_bwplacement_bs8_staticreq_statictask,SCRUBBED_TIME+MAMBA2-BWB_BMPD512_4_13_7,False
8,4,19,1,0,0,512,341.76,35.4105176,bw,static,static,results,Results,Results_MAMBA21,MAMBA2-BWB-Results,simulator_output_MAMBA2-BWB_bwplacement_bs8_staticreq_statictask,SCRUBBED_TIME+MAMBA2-BWB_BMPD512_4_19_1,False
2,4,2,18,0,0,256,486.04,35.52366120000001,bw,static,static,results,Results,Results_MAMBA21,MAMBA2-BWB-Results,simulator_output_MAMBA2-BWB_bwplacement_bs2_staticreq_statictask,SCRUBBED_TIME+MAMBA2-BWB_BMPD256_4_2_18,False
8,7,8,9,0,0,384,2130.93,35.606182352941175,bw,static,static,results,Results,Results_MAMBA21,MAMBA2-BWB-Results,simulator_output_MAMBA2-BWB_bwplacement_bs8_staticreq_statictask,SCRUBBED_TIME+MAMBA2-BWB_BMPD384_7_8_9,False
8,3,19,2,0,0,512,661.52,35.63856355555555,bw,static,static,results,Results,Results_MAMBA21,MAMBA2-BWB-Results,simulator_output_MAMBA2-BWB_bwplacement_bs8_staticreq_statictask,SCRUBBED_TIME+MAMBA2-BWB_BMPD512_3_19_2,False
8,8,12,4,0,0,640,1298.56,35.66041275,bw,static,static,results,Results,Results_MAMBA21,MAMBA2-BWB-Results,simulator_output_MAMBA2-BWB_bwplacement_bs8_staticreq_statictask,SCRUBBED_TIME+MAMBA2-BWB_BMPD640_8_12_4,False
4,6,5,13,0,0,640,1450.67,35.674292888888885,bw,static,static,results,Results,Results_MAMBA21,MAMBA2-BWB-Results,simulator_output_MAMBA2-BWB_bwplacement_bs4_staticreq_statictask,SCRUBBED_TIME+MAMBA2-BWB_BMPD640_6_5_13,False
4,3,5,16,0,0,640,1351.19,35.675326222222225,bw,static,static,results,Results,Results_MAMBA21,MAMBA2-BWB-Results,simulator_output_MAMBA2-BWB_bwplacement_bs4_staticreq_statictask,SCRUBBED_TIME+MAMBA2-BWB_BMPD640_3_5_16,False
8,9,10,5,0,0,640,1596.88,35.69093573333333,bw,static,static,results,Results,Results_MAMBA21,MAMBA2-BWB-Results,simulator_output_MAMBA2-BWB_bwplacement_bs8_staticreq_statictask,SCRUBBED_TIME+MAMBA2-BWB_BMPD640_9_10_5,False
2,14,1,9,0,0,256,332.48,35.8788032,bw,static,static,results,Results,Results_MAMBA21,MAMBA2-BWB-Results,simulator_output_MAMBA2-BWB_bwplacement_bs2_staticreq_statictask,SCRUBBED_TIME+MAMBA2-BWB_BMPD256_14_1_9,False
8,4,18,2,0,0,512,618.4,35.8941876,bw,static,static,results,Results,Results_MAMBA21,MAMBA2-BWB-Results,simulator_output_MAMBA2-BWB_bwplacement_bs8_staticreq_statictask,SCRUBBED_TIME+MAMBA2-BWB_BMPD512_4_18_2,False
8,3,20,1,0,0,640,314.88,35.90764977777778,bw,static,static,results,Results,Results_MAMBA21,MAMBA2-BWB-Results,simulator_output_MAMBA2-BWB_bwplacement_bs8_staticreq_statictask,SCRUBBED_TIME+MAMBA2-BWB_BMPD640_3_20_1,False
8,4,15,5,0,0,512,1535.6,35.9256076,bw,static,static,results,Results,Results_MAMBA21,MAMBA2-BWB-Results,simulator_output_MAMBA2-BWB_bwplacement_bs8_staticreq_statictask,SCRUBBED_TIME+MAMBA2-BWB_BMPD512_4_15_5,False
8,7,15,2,0,0,640,690.64,35.93982117647059,bw,static,static,results,Results,Results_MAMBA21,MAMBA2-BWB-Results,simulator_output_MAMBA2-BWB_bwplacement_bs8_staticreq_statictask,SCRUBBED_TIME+MAMBA2-BWB_BMPD640_7_15_2,False
2,15,1,8,0,0,384,356.17,35.94301822222222,bw,static,static,results,Results,Results_MAMBA21,MAMBA2-BWB-Results,simulator_output_MAMBA2-BWB_bwplacement_bs2_staticreq_statictask,SCRUBBED_TIME+MAMBA2-BWB_BMPD384_15_1_8,False
4,8,4,12,0,0,512,1296.78,35.9717435,bw,static,static,results,Results,Results_MAMBA21,MAMBA2-BWB-Results,simulator_output_MAMBA2-BWB_bwplacement_bs4_staticreq_statictask,SCRUBBED_TIME+MAMBA2-BWB_BMPD512_8_4_12,False
8,9,11,4,0,0,640,1278.88,36.0105224,bw,static,static,results,Results,Results_MAMBA21,MAMBA2-BWB-Results,simulator_output_MAMBA2-BWB_bwplacement_bs8_staticreq_statictask,SCRUBBED_TIME+MAMBA2-BWB_BMPD640_9_11_4,False
8,3,14,7,0,0,640,1800.96,36.050072,bw,static,static,results,Results,Results_MAMBA21,MAMBA2-BWB-Results,simulator_output_MAMBA2-BWB_bwplacement_bs8_staticreq_statictask,SCRUBBED_TIME+MAMBA2-BWB_BMPD640_3_14_7,False
8,7,11,6,0,0,512,1848.5,36.11005764705882,bw,static,static,results,Results,Results_MAMBA21,MAMBA2-BWB-Results,simulator_output_MAMBA2-BWB_bwplacement_bs8_staticreq_statictask,SCRUBBED_TIME+MAMBA2-BWB_BMPD512_7_11_6,False
8,4,8,12,0,0,256,1687.92,36.1430034,bw,static,static,results,Results,Results_MAMBA21,MAMBA2-BWB-Results,simulator_output_MAMBA2-BWB_bwplacement_bs8_staticreq_statictask,SCRUBBED_TIME+MAMBA2-BWB_BMPD256_4_8_12,False
2,16,1,7,0,0,512,314.98,36.1529805,bw,static,static,results,Results,Results_MAMBA21,MAMBA2-BWB-Results,simulator_output_MAMBA2-BWB_bwplacement_bs2_staticreq_statictask,SCRUBBED_TIME+MAMBA2-BWB_BMPD512_16_1_7,False
8,5,13,6,0,0,512,1781.2,36.19052463157895,bw,static,static,results,Results,Results_MAMBA21,MAMBA2-BWB-Results,simulator_output_MAMBA2-BWB_bwplacement_bs8_staticreq_statictask,SCRUBBED_TIME+MAMBA2-BWB_BMPD512_5_13_6,False
8,9,9,6,0,0,640,1782.16,36.21353573333334,bw,static,static,results,Results,Results_MAMBA21,MAMBA2-BWB-Results,simulator_output_MAMBA2-BWB_bwplacement_bs8_staticreq_statictask,SCRUBBED_TIME+MAMBA2-BWB_BMPD640_9_9_6,False
4,5,5,14,0,0,640,1516.98,36.2479528,bw,static,static,results,Results,Results_MAMBA21,MAMBA2-BWB-Results,simulator_output_MAMBA2-BWB_bwplacement_bs4_staticreq_statictask,SCRUBBED_TIME+MAMBA2-BWB_BMPD640_5_5_14,False
4,6,4,14,0,0,384,1389.18,36.25362333333334,bw,static,static,results,Results,Results_MAMBA21,MAMBA2-BWB-Results,simulator_output_MAMBA2-BWB_bwplacement_bs4_staticreq_statictask,SCRUBBED_TIME+MAMBA2-BWB_BMPD384_6_4_14,False
8,8,7,9,0,0,256,1383.04,36.28332125,bw,static,static,results,Results,Results_MAMBA21,MAMBA2-BWB-Results,simulator_output_MAMBA2-BWB_bwplacement_bs8_staticreq_statictask,SCRUBBED_TIME+MAMBA2-BWB_BMPD256_8_7_9,False
4,16,2,6,0,0,512,647.39,36.296303,bw,static,static,results,Results,Results_MAMBA21,MAMBA2-BWB-Results,simulator_output_MAMBA2-BWB_bwplacement_bs4_staticreq_statictask,SCRUBBED_TIME+MAMBA2-BWB_BMPD512_16_2_6,False
8,5,12,7,0,0,512,1995.99,36.341672,bw,static,static,results,Results,Results_MAMBA21,MAMBA2-BWB-Results,simulator_output_MAMBA2-BWB_bwplacement_bs8_staticreq_statictask,SCRUBBED_TIME+MAMBA2-BWB_BMPD512_5_12_7,False
2,9,2,13,0,0,640,602.98,36.352031466666666,bw,static,static,results,Results,Results_MAMBA21,MAMBA2-BWB-Results,simulator_output_MAMBA2-BWB_bwplacement_bs2_staticreq_statictask,SCRUBBED_TIME+MAMBA2-BWB_BMPD640_9_2_13,False
4,14,2,8,0,0,256,677.42,36.365658,bw,static,static,results,Results,Results_MAMBA21,MAMBA2-BWB-Results,simulator_output_MAMBA2-BWB_bwplacement_bs4_staticreq_statictask,SCRUBBED_TIME+MAMBA2-BWB_BMPD256_14_2_8,False
8,6,15,3,0,0,640,953.68,36.43646644444445,bw,static,static,results,Results,Results_MAMBA21,MAMBA2-BWB-Results,simulator_output_MAMBA2-BWB_bwplacement_bs8_staticreq_statictask,SCRUBBED_TIME+MAMBA2-BWB_BMPD640_6_15_3,False
8,3,15,6,0,0,640,1682.64,36.44647755555555,bw,static,static,results,Results,Results_MAMBA21,MAMBA2-BWB-Results,simulator_output_MAMBA2-BWB_bwplacement_bs8_staticreq_statictask,SCRUBBED_TIME+MAMBA2-BWB_BMPD640_3_15_6,False
8,7,13,4,0,0,640,1299.28,36.49559176470588,bw,static,static,results,Results,Results_MAMBA21,MAMBA2-BWB-Results,simulator_output_MAMBA2-BWB_bwplacement_bs8_staticreq_statictask,SCRUBBED_TIME+MAMBA2-BWB_BMPD640_7_13_4,False
4,15,2,7,0,0,384,731.55,36.502220888888885,bw,static,static,results,Results,Results_MAMBA21,MAMBA2-BWB-Results,simulator_output_MAMBA2-BWB_bwplacement_bs4_staticreq_statictask,SCRUBBED_TIME+MAMBA2-BWB_BMPD384_15_2_7,False
8,8,8,8,0,0,512,2317.62,36.508181,bw,static,static,results,Results,Results_MAMBA21,MAMBA2-BWB-Results,simulator_output_MAMBA2-BWB_bwplacement_bs8_staticreq_statictask,SCRUBBED_TIME+MAMBA2-BWB_BMPD512_8_8_8,False
4,9,3,12,0,0,256,835.8,36.522679466666666,bw,static,static,results,Results,Results_MAMBA21,MAMBA2-BWB-Results,simulator_output_MAMBA2-BWB_bwplacement_bs4_staticreq_statictask,SCRUBBED_TIME+MAMBA2-BWB_BMPD256_9_3_12,False
8,3,16,5,0,0,640,1441.52,36.538972,bw,static,static,results,Results,Results_MAMBA21,MAMBA2-BWB-Results,simulator_output_MAMBA2-BWB_bwplacement_bs8_staticreq_statictask,SCRUBBED_TIME+MAMBA2-BWB_BMPD640_3_16_5,False
8,4,19,1,0,0,640,298.32,36.5895786,bw,static,static,results,Results,Results_MAMBA21,MAMBA2-BWB-Results,simulator_output_MAMBA2-BWB_bwplacement_bs8_staticreq_statictask,SCRUBBED_TIME+MAMBA2-BWB_BMPD640_4_19_1,False
8,4,10,10,0,0,384,2164.4,36.6470982,bw,static,static,results,Results,Results_MAMBA21,MAMBA2-BWB-Results,simulator_output_MAMBA2-BWB_bwplacement_bs8_staticreq_statictask,SCRUBBED_TIME+MAMBA2-BWB_BMPD384_4_10_10,False
4,3,4,17,0,0,256,906.88,36.698714095238095,bw,static,static,results,Results,Results_MAMBA21,MAMBA2-BWB-Results,simulator_output_MAMBA2-BWB_bwplacement_bs4_staticreq_statictask,SCRUBBED_TIME+MAMBA2-BWB_BMPD256_3_4_17,False
8,10,7,7,0,0,384,1722.66,36.70452885714286,bw,static,static,results,Results,Results_MAMBA21,MAMBA2-BWB-Results,simulator_output_MAMBA2-BWB_bwplacement_bs8_staticreq_statictask,SCRUBBED_TIME+MAMBA2-BWB_BMPD384_10_7_7,False
8,13,6,5,0,0,512,1539.16,36.743030909090905,bw,static,static,results,Results,Results_MAMBA21,MAMBA2-BWB-Results,simulator_output_MAMBA2-BWB_bwplacement_bs8_staticreq_statictask,SCRUBBED_TIME+MAMBA2-BWB_BMPD512_13_6_5,False
8,12,7,5,0,0,512,1540.63,36.74369,bw,static,static,results,Results,Results_MAMBA21,MAMBA2-BWB-Results,simulator_output_MAMBA2-BWB_bwplacement_bs8_staticreq_statictask,SCRUBBED_TIME+MAMBA2-BWB_BMPD512_12_7_5,False
8,2,7,15,0,0,512,1805.8,36.745465,bw,static,static,results,Results,Results_MAMBA21,MAMBA2-BWB-Results,simulator_output_MAMBA2-BWB_bwplacement_bs8_staticreq_statictask,SCRUBBED_TIME+MAMBA2-BWB_BMPD512_2_7_15,False
4,12,3,9,0,0,512,978.33,36.761701,bw,static,static,results,Results,Results_MAMBA21,MAMBA2-BWB-Results,simulator_output_MAMBA2-BWB_bwplacement_bs4_staticreq_statictask,SCRUBBED_TIME+MAMBA2-BWB_BMPD512_12_3_9,False
4,2,3,19,0,0,512,927.31,36.761976,bw,static,static,results,Results,Results_MAMBA21,MAMBA2-BWB-Results,simulator_output_MAMBA2-BWB_bwplacement_bs4_staticreq_statictask,SCRUBBED_TIME+MAMBA2-BWB_BMPD512_2_3_19,False
8,4,17,3,0,0,512,864.16,36.7878676,bw,static,static,results,Results,Results_MAMBA21,MAMBA2-BWB-Results,simulator_output_MAMBA2-BWB_bwplacement_bs8_staticreq_statictask,SCRUBBED_TIME+MAMBA2-BWB_BMPD512_4_17_3,False
4,9,4,11,0,0,640,1211.25,36.82482506666667,bw,static,static,results,Results,Results_MAMBA21,MAMBA2-BWB-Results,simulator_output_MAMBA2-BWB_bwplacement_bs4_staticreq_statictask,SCRUBBED_TIME+MAMBA2-BWB_BMPD640_9_4_11,False
8,6,14,4,0,0,640,1266.24,36.840822,bw,static,static,results,Results,Results_MAMBA21,MAMBA2-BWB-Results,simulator_output_MAMBA2-BWB_bwplacement_bs8_staticreq_statictask,SCRUBBED_TIME+MAMBA2-BWB_BMPD640_6_14_4,False
8,5,14,5,0,0,640,1539.2,36.86658,bw,static,static,results,Results,Results_MAMBA21,MAMBA2-BWB-Results,simulator_output_MAMBA2-BWB_bwplacement_bs8_staticreq_statictask,SCRUBBED_TIME+MAMBA2-BWB_BMPD640_5_14_5,False
8,4,9,11,0,0,384,2340.8,36.8783132,bw,static,static,results,Results,Results_MAMBA21,MAMBA2-BWB-Results,simulator_output_MAMBA2-BWB_bwplacement_bs8_staticreq_statictask,SCRUBBED_TIME+MAMBA2-BWB_BMPD384_4_9_11,False
4,13,3,8,0,0,640,906.9,36.96197636363637,bw,static,static,results,Results,Results_MAMBA21,MAMBA2-BWB-Results,simulator_output_MAMBA2-BWB_bwplacement_bs4_staticreq_statictask,SCRUBBED_TIME+MAMBA2-BWB_BMPD640_13_3_8,False
8,10,6,8,0,0,256,1361.76,36.993824571428576,bw,static,static,results,Results,Results_MAMBA21,MAMBA2-BWB-Results,simulator_output_MAMBA2-BWB_bwplacement_bs8_staticreq_statictask,SCRUBBED_TIME+MAMBA2-BWB_BMPD256_10_6_8,False
8,6,11,7,0,0,512,2002.57,36.99979688888889,bw,static,static,results,Results,Results_MAMBA21,MAMBA2-BWB-Results,simulator_output_MAMBA2-BWB_bwplacement_bs8_staticreq_statictask,SCRUBBED_TIME+MAMBA2-BWB_BMPD512_6_11_7,False
8,7,9,8,0,0,512,2431.2,37.12282823529412,bw,static,static,results,Results,Results_MAMBA21,MAMBA2-BWB-Results,simulator_output_MAMBA2-BWB_bwplacement_bs8_staticreq_statictask,SCRUBBED_TIME+MAMBA2-BWB_BMPD512_7_9_8,False
16,14,9,1,0,0,256,360.48,37.2035916,bw,static,static,results,Results,Results_MAMBA21,MAMBA2-BWB-Results,simulator_output_MAMBA2-BWB_bwplacement_bs16_staticreq_statictask,SCRUBBED_TIME+MAMBA2-BWB_BMPD256_14_9_1,False
8,4,17,3,0,0,640,853.84,37.2869286,bw,static,static,results,Results,Results_MAMBA21,MAMBA2-BWB-Results,simulator_output_MAMBA2-BWB_bwplacement_bs8_staticreq_statictask,SCRUBBED_TIME+MAMBA2-BWB_BMPD640_4_17_3,False
8,13,5,6,0,0,384,1458.99,37.29442218181818,bw,static,static,results,Results,Results_MAMBA21,MAMBA2-BWB-Results,simulator_output_MAMBA2-BWB_bwplacement_bs8_staticreq_statictask,SCRUBBED_TIME+MAMBA2-BWB_BMPD384_13_5_6,False
8,11,6,7,0,0,384,1701.15,37.29628830769231,bw,static,static,results,Results,Results_MAMBA21,MAMBA2-BWB-Results,simulator_output_MAMBA2-BWB_bwplacement_bs8_staticreq_statictask,SCRUBBED_TIME+MAMBA2-BWB_BMPD384_11_6_7,False
16,14,8,2,0,0,256,655.36,37.2991816,bw,static,static,results,Results,Results_MAMBA21,MAMBA2-BWB-Results,simulator_output_MAMBA2-BWB_bwplacement_bs16_staticreq_statictask,SCRUBBED_TIME+MAMBA2-BWB_BMPD256_14_8_2,False
8,8,10,6,0,0,640,1820.25,37.30376275,bw,static,static,results,Results,Results_MAMBA21,MAMBA2-BWB-Results,simulator_output_MAMBA2-BWB_bwplacement_bs8_staticreq_statictask,SCRUBBED_TIME+MAMBA2-BWB_BMPD640_8_10_6,False
8,13,7,4,0,0,640,1231.84,37.30385745454545,bw,static,static,results,Results,Results_MAMBA21,MAMBA2-BWB-Results,simulator_output_MAMBA2-BWB_bwplacement_bs8_staticreq_statictask,SCRUBBED_TIME+MAMBA2-BWB_BMPD640_13_7_4,False
2,3,2,19,0,0,256,441.6,37.31883657142858,bw,static,static,results,Results,Results_MAMBA21,MAMBA2-BWB-Results,simulator_output_MAMBA2-BWB_bwplacement_bs2_staticreq_statictask,SCRUBBED_TIME+MAMBA2-BWB_BMPD256_3_2_19,False
8,8,11,5,0,0,640,1538.4,37.31888775,bw,static,static,results,Results,Results_MAMBA21,MAMBA2-BWB-Results,simulator_output_MAMBA2-BWB_bwplacement_bs8_staticreq_statictask,SCRUBBED_TIME+MAMBA2-BWB_BMPD640_8_11_5,False
2,5,2,17,0,0,384,741.39,37.34649347368421,bw,static,static,results,Results,Results_MAMBA21,MAMBA2-BWB-Results,simulator_output_MAMBA2-BWB_bwplacement_bs2_staticreq_statictask,SCRUBBED_TIME+MAMBA2-BWB_BMPD384_5_2_17,False
8,3,12,9,0,0,512,2012.96,37.376652444444446,bw,static,static,results,Results,Results_MAMBA21,MAMBA2-BWB-Results,simulator_output_MAMBA2-BWB_bwplacement_bs8_staticreq_statictask,SCRUBBED_TIME+MAMBA2-BWB_BMPD512_3_12_9,False
8,10,8,6,0,0,640,1770.79,37.419484857142855,bw,static,static,results,Results,Results_MAMBA21,MAMBA2-BWB-Results,simulator_output_MAMBA2-BWB_bwplacement_bs8_staticreq_statictask,SCRUBBED_TIME+MAMBA2-BWB_BMPD640_10_8_6,False
4,5,4,15,0,0,384,1373.95,37.43839852631579,bw,static,static,results,Results,Results_MAMBA21,MAMBA2-BWB-Results,simulator_output_MAMBA2-BWB_bwplacement_bs4_staticreq_statictask,SCRUBBED_TIME+MAMBA2-BWB_BMPD384_5_4_15,False
2,7,2,15,0,0,512,691.25,37.45094752941176,bw,static,static,results,Results,Results_MAMBA21,MAMBA2-BWB-Results,simulator_output_MAMBA2-BWB_bwplacement_bs2_staticreq_statictask,SCRUBBED_TIME+MAMBA2-BWB_BMPD512_7_2_15,False
8,6,8,10,0,0,384,2301.77,37.45411933333334,bw,static,static,results,Results,Results_MAMBA21,MAMBA2-BWB-Results,simulator_output_MAMBA2-BWB_bwplacement_bs8_staticreq_statictask,SCRUBBED_TIME+MAMBA2-BWB_BMPD384_6_8_10,False
8,12,5,7,0,0,256,1079.2,37.47563366666667,bw,static,static,results,Results,Results_MAMBA21,MAMBA2-BWB-Results,simulator_output_MAMBA2-BWB_bwplacement_bs8_staticreq_statictask,SCRUBBED_TIME+MAMBA2-BWB_BMPD256_12_5_7,False
8,5,18,1,0,0,640,318.56,37.50393789473684,bw,static,static,results,Results,Results_MAMBA21,MAMBA2-BWB-Results,simulator_output_MAMBA2-BWB_bwplacement_bs8_staticreq_statictask,SCRUBBED_TIME+MAMBA2-BWB_BMPD640_5_18_1,False
8,7,12,5,0,0,640,1548.4,37.53835647058823,bw,static,static,results,Results,Results_MAMBA21,MAMBA2-BWB-Results,simulator_output_MAMBA2-BWB_bwplacement_bs8_staticreq_statictask,SCRUBBED_TIME+MAMBA2-BWB_BMPD640_7_12_5,False
8,3,10,11,0,0,512,2294.8,37.61220244444445,bw,static,static,results,Results,Results_MAMBA21,MAMBA2-BWB-Results,simulator_output_MAMBA2-BWB_bwplacement_bs8_staticreq_statictask,SCRUBBED_TIME+MAMBA2-BWB_BMPD512_3_10_11,False
8,5,15,4,0,0,640,1255.2,37.62776421052632,bw,static,static,results,Results,Results_MAMBA21,MAMBA2-BWB-Results,simulator_output_MAMBA2-BWB_bwplacement_bs8_staticreq_statictask,SCRUBBED_TIME+MAMBA2-BWB_BMPD640_5_15_4,False
8,15,6,3,0,0,640,876.88,37.66021155555556,bw,static,static,results,Results,Results_MAMBA21,MAMBA2-BWB-Results,simulator_output_MAMBA2-BWB_bwplacement_bs8_staticreq_statictask,SCRUBBED_TIME+MAMBA2-BWB_BMPD640_15_6_3,False
8,4,12,8,0,0,512,2234.64,37.6994576,bw,static,static,results,Results,Results_MAMBA21,MAMBA2-BWB-Results,simulator_output_MAMBA2-BWB_bwplacement_bs8_staticreq_statictask,SCRUBBED_TIME+MAMBA2-BWB_BMPD512_4_12_8,False
4,10,3,11,0,0,384,1133.56,37.75629057142857,bw,static,static,results,Results,Results_MAMBA21,MAMBA2-BWB-Results,simulator_output_MAMBA2-BWB_bwplacement_bs4_staticreq_statictask,SCRUBBED_TIME+MAMBA2-BWB_BMPD384_10_3_11,False
8,3,18,3,0,0,640,857.84,37.759988666666665,bw,static,static,results,Results,Results_MAMBA21,MAMBA2-BWB-Results,simulator_output_MAMBA2-BWB_bwplacement_bs8_staticreq_statictask,SCRUBBED_TIME+MAMBA2-BWB_BMPD640_3_18_3,False
8,7,7,10,0,0,256,1502.24,37.811372,bw,static,static,results,Results,Results_MAMBA21,MAMBA2-BWB-Results,simulator_output_MAMBA2-BWB_bwplacement_bs8_staticreq_statictask,SCRUBBED_TIME+MAMBA2-BWB_BMPD256_7_7_10,False
8,3,8,13,0,0,256,1612.88,37.82028761904762,bw,static,static,results,Results,Results_MAMBA21,MAMBA2-BWB-Results,simulator_output_MAMBA2-BWB_bwplacement_bs8_staticreq_statictask,SCRUBBED_TIME+MAMBA2-BWB_BMPD256_3_8_13,False
8,14,5,5,0,0,512,1472.0,37.9685468,bw,static,static,results,Results,Results_MAMBA21,MAMBA2-BWB-Results,simulator_output_MAMBA2-BWB_bwplacement_bs8_staticreq_statictask,SCRUBBED_TIME+MAMBA2-BWB_BMPD512_14_5_5,False
8,8,9,7,0,0,640,1910.56,38.02671275,bw,static,static,results,Results,Results_MAMBA21,MAMBA2-BWB-Results,simulator_output_MAMBA2-BWB_bwplacement_bs8_staticreq_statictask,SCRUBBED_TIME+MAMBA2-BWB_BMPD640_8_9_7,False
8,5,11,8,0,0,512,2335.49,38.05453515789474,bw,static,static,results,Results,Results_MAMBA21,MAMBA2-BWB-Results,simulator_output_MAMBA2-BWB_bwplacement_bs8_staticreq_statictask,SCRUBBED_TIME+MAMBA2-BWB_BMPD512_5_11_8,False
8,14,4,6,0,0,256,937.92,38.0840656,bw,static,static,results,Results,Results_MAMBA21,MAMBA2-BWB-Results,simulator_output_MAMBA2-BWB_bwplacement_bs8_staticreq_statictask,SCRUBBED_TIME+MAMBA2-BWB_BMPD256_14_4_6,False
8,4,14,6,0,0,640,1673.2,38.0982986,bw,static,static,results,Results,Results_MAMBA21,MAMBA2-BWB-Results,simulator_output_MAMBA2-BWB_bwplacement_bs8_staticreq_statictask,SCRUBBED_TIME+MAMBA2-BWB_BMPD640_4_14_6,False
8,4,16,4,0,0,640,1145.2,38.3037636,bw,static,static,results,Results,Results_MAMBA21,MAMBA2-BWB-Results,simulator_output_MAMBA2-BWB_bwplacement_bs8_staticreq_statictask,SCRUBBED_TIME+MAMBA2-BWB_BMPD640_4_16_4,False
4,7,4,13,0,0,512,1380.04,38.32259247058824,bw,static,static,results,Results,Results_MAMBA21,MAMBA2-BWB-Results,simulator_output_MAMBA2-BWB_bwplacement_bs4_staticreq_statictask,SCRUBBED_TIME+MAMBA2-BWB_BMPD512_7_4_13,False
2,6,2,16,0,0,512,735.74,38.4081572631579,bw,static,static,results,Results,Results_MAMBA21,MAMBA2-BWB-Results,simulator_output_MAMBA2-BWB_bwplacement_bs2_staticreq_statictask,SCRUBBED_TIME+MAMBA2-BWB_BMPD512_6_2_16,False
8,9,7,8,0,0,384,2074.43,38.41873173333333,bw,static,static,results,Results,Results_MAMBA21,MAMBA2-BWB-Results,simulator_output_MAMBA2-BWB_bwplacement_bs8_staticreq_statictask,SCRUBBED_TIME+MAMBA2-BWB_BMPD384_9_7_8,False
8,16,5,3,0,0,640,905.84,38.4223995,bw,static,static,results,Results,Results_MAMBA21,MAMBA2-BWB-Results,simulator_output_MAMBA2-BWB_bwplacement_bs8_staticreq_statictask,SCRUBBED_TIME+MAMBA2-BWB_BMPD640_16_5_3,False
8,11,7,6,0,0,512,1750.11,38.49645415384615,bw,static,static,results,Results,Results_MAMBA21,MAMBA2-BWB-Results,simulator_output_MAMBA2-BWB_bwplacement_bs8_staticreq_statictask,SCRUBBED_TIME+MAMBA2-BWB_BMPD512_11_7_6,False
8,7,8,9,0,0,512,2329.93,38.57931647058824,bw,static,static,results,Results,Results_MAMBA21,MAMBA2-BWB-Results,simulator_output_MAMBA2-BWB_bwplacement_bs8_staticreq_statictask,SCRUBBED_TIME+MAMBA2-BWB_BMPD512_7_8_9,False
8,3,11,10,0,0,512,2150.8,38.584141333333335,bw,static,static,results,Results,Results_MAMBA21,MAMBA2-BWB-Results,simulator_output_MAMBA2-BWB_bwplacement_bs8_staticreq_statictask,SCRUBBED_TIME+MAMBA2-BWB_BMPD512_3_11_10,False
8,16,4,4,0,0,512,1172.23,38.6031575,bw,static,static,results,Results,Results_MAMBA21,MAMBA2-BWB-Results,simulator_output_MAMBA2-BWB_bwplacement_bs8_staticreq_statictask,SCRUBBED_TIME+MAMBA2-BWB_BMPD512_16_4_4,False
8,5,10,9,0,0,512,2370.6,38.62885094736842,bw,static,static,results,Results,Results_MAMBA21,MAMBA2-BWB-Results,simulator_output_MAMBA2-BWB_bwplacement_bs8_staticreq_statictask,SCRUBBED_TIME+MAMBA2-BWB_BMPD512_5_10_9,False
8,2,7,15,0,0,384,1502.96,38.6322984,bw,static,static,results,Results,Results_MAMBA21,MAMBA2-BWB-Results,simulator_output_MAMBA2-BWB_bwplacement_bs8_staticreq_statictask,SCRUBBED_TIME+MAMBA2-BWB_BMPD384_2_7_15,False
8,4,18,2,0,0,640,618.88,38.6527086,bw,static,static,results,Results,Results_MAMBA21,MAMBA2-BWB-Results,simulator_output_MAMBA2-BWB_bwplacement_bs8_staticreq_statictask,SCRUBBED_TIME+MAMBA2-BWB_BMPD640_4_18_2,False
8,6,13,5,0,0,640,1526.0,38.657022,bw,static,static,results,Results,Results_MAMBA21,MAMBA2-BWB-Results,simulator_output_MAMBA2-BWB_bwplacement_bs8_staticreq_statictask,SCRUBBED_TIME+MAMBA2-BWB_BMPD640_6_13_5,False
8,7,11,6,0,0,640,1732.08,38.65900941176471,bw,static,static,results,Results,Results_MAMBA21,MAMBA2-BWB-Results,simulator_output_MAMBA2-BWB_bwplacement_bs8_staticreq_statictask,SCRUBBED_TIME+MAMBA2-BWB_BMPD640_7_11_6,False
8,12,6,6,0,0,512,1714.67,38.674615,bw,static,static,results,Results,Results_MAMBA21,MAMBA2-BWB-Results,simulator_output_MAMBA2-BWB_bwplacement_bs8_staticreq_statictask,SCRUBBED_TIME+MAMBA2-BWB_BMPD512_12_6_6,False
8,2,6,16,0,0,512,1813.79,38.674815,bw,static,static,results,Results,Results_MAMBA21,MAMBA2-BWB-Results,simulator_output_MAMBA2-BWB_bwplacement_bs8_staticreq_statictask,SCRUBBED_TIME+MAMBA2-BWB_BMPD512_2_6_16,False
2,8,2,14,0,0,640,647.39,38.698099,bw,static,static,results,Results,Results_MAMBA21,MAMBA2-BWB-Results,simulator_output_MAMBA2-BWB_bwplacement_bs2_staticreq_statictask,SCRUBBED_TIME+MAMBA2-BWB_BMPD640_8_2_14,False
8,3,9,12,0,0,384,1913.04,38.71408,bw,static,static,results,Results,Results_MAMBA21,MAMBA2-BWB-Results,simulator_output_MAMBA2-BWB_bwplacement_bs8_staticreq_statictask,SCRUBBED_TIME+MAMBA2-BWB_BMPD384_3_9_12,False
8,15,4,5,0,0,384,1220.04,38.74414711111111,bw,static,static,results,Results,Results_MAMBA21,MAMBA2-BWB-Results,simulator_output_MAMBA2-BWB_bwplacement_bs8_staticreq_statictask,SCRUBBED_TIME+MAMBA2-BWB_BMPD384_15_4_5,False
8,6,9,9,0,0,512,2369.72,38.853435777777776,bw,static,static,results,Results,Results_MAMBA21,MAMBA2-BWB-Results,simulator_output_MAMBA2-BWB_bwplacement_bs8_staticreq_statictask,SCRUBBED_TIME+MAMBA2-BWB_BMPD512_6_9_9,False
8,7,10,7,0,0,640,1961.14,38.86584470588235,bw,static,static,results,Results,Results_MAMBA21,MAMBA2-BWB-Results,simulator_output_MAMBA2-BWB_bwplacement_bs8_staticreq_statictask,SCRUBBED_TIME+MAMBA2-BWB_BMPD640_7_10_7,False
8,3,9,12,0,0,512,2242.75,38.90818022222222,bw,static,static,results,Results,Results_MAMBA21,MAMBA2-BWB-Results,simulator_output_MAMBA2-BWB_bwplacement_bs8_staticreq_statictask,SCRUBBED_TIME+MAMBA2-BWB_BMPD512_3_9_12,False
16,13,9,2,0,0,256,671.36,38.972884,bw,static,static,results,Results,Results_MAMBA21,MAMBA2-BWB-Results,simulator_output_MAMBA2-BWB_bwplacement_bs16_staticreq_statictask,SCRUBBED_TIME+MAMBA2-BWB_BMPD256_13_9_2,False
16,15,8,1,0,0,384,518.88,39.00859777777777,bw,static,static,results,Results,Results_MAMBA21,MAMBA2-BWB-Results,simulator_output_MAMBA2-BWB_bwplacement_bs16_staticreq_statictask,SCRUBBED_TIME+MAMBA2-BWB_BMPD384_15_8_1,False
16,7,16,1,0,0,256,341.28,39.00984235294118,bw,static,static,results,Results,Results_MAMBA21,MAMBA2-BWB-Results,simulator_output_MAMBA2-BWB_bwplacement_bs16_staticreq_statictask,SCRUBBED_TIME+MAMBA2-BWB_BMPD256_7_16_1,False
2,13,1,10,0,0,256,335.8,39.022346909090906,bw,static,static,results,Results,Results_MAMBA21,MAMBA2-BWB-Results,simulator_output_MAMBA2-BWB_bwplacement_bs2_staticreq_statictask,SCRUBBED_TIME+MAMBA2-BWB_BMPD256_13_1_10,False
8,3,13,8,0,0,640,1957.92,39.03371644444445,bw,static,static,results,Results,Results_MAMBA21,MAMBA2-BWB-Results,simulator_output_MAMBA2-BWB_bwplacement_bs8_staticreq_statictask,SCRUBBED_TIME+MAMBA2-BWB_BMPD640_3_13_8,False
4,8,3,13,0,0,256,863.16,39.05279575,bw,static,static,results,Results,Results_MAMBA21,MAMBA2-BWB-Results,simulator_output_MAMBA2-BWB_bwplacement_bs4_staticreq_statictask,SCRUBBED_TIME+MAMBA2-BWB_BMPD256_8_3_13,False
4,4,4,16,0,0,384,1292.98,39.066622,bw,static,static,results,Results,Results_MAMBA21,MAMBA2-BWB-Results,simulator_output_MAMBA2-BWB_bwplacement_bs4_staticreq_statictask,SCRUBBED_TIME+MAMBA2-BWB_BMPD384_4_4_16,False
4,8,4,12,0,0,640,1295.66,39.1435155,bw,static,static,results,Results,Results_MAMBA21,MAMBA2-BWB-Results,simulator_output_MAMBA2-BWB_bwplacement_bs4_staticreq_statictask,SCRUBBED_TIME+MAMBA2-BWB_BMPD640_8_4_12,False
8,4,15,5,0,0,640,1438.8,39.1885586,bw,static,static,results,Results,Results_MAMBA21,MAMBA2-BWB-Results,simulator_output_MAMBA2-BWB_bwplacement_bs8_staticreq_statictask,SCRUBBED_TIME+MAMBA2-BWB_BMPD640_4_15_5,False
8,9,6,9,0,0,256,1317.76,39.301764,bw,static,static,results,Results,Results_MAMBA21,MAMBA2-BWB-Results,simulator_output_MAMBA2-BWB_bwplacement_bs8_staticreq_statictask,SCRUBBED_TIME+MAMBA2-BWB_BMPD256_9_6_9,False
8,5,8,11,0,0,384,2368.13,39.32961642105264,bw,static,static,results,Results,Results_MAMBA21,MAMBA2-BWB-Results,simulator_output_MAMBA2-BWB_bwplacement_bs8_staticreq_statictask,SCRUBBED_TIME+MAMBA2-BWB_BMPD384_5_8_11,False
8,11,5,8,0,0,256,1304.16,39.3437436923077,bw,static,static,results,Results,Results_MAMBA21,MAMBA2-BWB-Results,simulator_output_MAMBA2-BWB_bwplacement_bs8_staticreq_statictask,SCRUBBED_TIME+MAMBA2-BWB_BMPD256_11_5_8,False
2,4,2,18,0,0,384,640.84,39.3504264,bw,static,static,results,Results,Results_MAMBA21,MAMBA2-BWB-Results,simulator_output_MAMBA2-BWB_bwplacement_bs2_staticreq_statictask,SCRUBBED_TIME+MAMBA2-BWB_BMPD384_4_2_18,False
8,3,10,11,0,0,384,1930.96,39.36372285714286,bw,static,static,results,Results,Results_MAMBA21,MAMBA2-BWB-Results,simulator_output_MAMBA2-BWB_bwplacement_bs8_staticreq_statictask,SCRUBBED_TIME+MAMBA2-BWB_BMPD384_3_10_11,False
4,4,5,15,0,0,640,1468.35,39.4094678,bw,static,static,results,Results,Results_MAMBA21,MAMBA2-BWB-Results,simulator_output_MAMBA2-BWB_bwplacement_bs4_staticreq_statictask,SCRUBBED_TIME+MAMBA2-BWB_BMPD640_4_5_15,False
8,5,13,6,0,0,640,1690.32,39.444811578947366,bw,static,static,results,Results,Results_MAMBA21,MAMBA2-BWB-Results,simulator_output_MAMBA2-BWB_bwplacement_bs8_staticreq_statictask,SCRUBBED_TIME+MAMBA2-BWB_BMPD640_5_13_6,False
8,6,12,6,0,0,640,1729.84,39.537122,bw,static,static,results,Results,Results_MAMBA21,MAMBA2-BWB-Results,simulator_output_MAMBA2-BWB_bwplacement_bs8_staticreq_statictask,SCRUBBED_TIME+MAMBA2-BWB_BMPD640_6_12_6,False
8,9,8,7,0,0,640,1900.26,39.58768906666667,bw,static,static,results,Results,Results_MAMBA21,MAMBA2-BWB-Results,simulator_output_MAMBA2-BWB_bwplacement_bs8_staticreq_statictask,SCRUBBED_TIME+MAMBA2-BWB_BMPD640_9_8_7,False
8,3,12,9,0,0,640,2018.64,39.68845533333334,bw,static,static,results,Results,Results_MAMBA21,MAMBA2-BWB-Results,simulator_output_MAMBA2-BWB_bwplacement_bs8_staticreq_statictask,SCRUBBED_TIME+MAMBA2-BWB_BMPD640_3_12_9,False
8,10,6,8,0,0,384,1950.73,39.72205028571428,bw,static,static,results,Results,Results_MAMBA21,MAMBA2-BWB-Results,simulator_output_MAMBA2-BWB_bwplacement_bs8_staticreq_statictask,SCRUBBED_TIME+MAMBA2-BWB_BMPD384_10_6_8,False
2,14,1,9,0,0,384,391.47,39.723074,bw,static,static,results,Results,Results_MAMBA21,MAMBA2-BWB-Results,simulator_output_MAMBA2-BWB_bwplacement_bs2_staticreq_statictask,SCRUBBED_TIME+MAMBA2-BWB_BMPD384_14_1_9,False
2,3,2,19,0,0,512,602.62,39.76210022222222,bw,static,static,results,Results,Results_MAMBA21,MAMBA2-BWB-Results,simulator_output_MAMBA2-BWB_bwplacement_bs2_staticreq_statictask,SCRUBBED_TIME+MAMBA2-BWB_BMPD512_3_2_19,False
2,16,1,7,0,0,640,314.98,39.7998435,bw,static,static,results,Results,Results_MAMBA21,MAMBA2-BWB-Results,simulator_output_MAMBA2-BWB_bwplacement_bs2_staticreq_statictask,SCRUBBED_TIME+MAMBA2-BWB_BMPD640_16_1_7,False
4,11,3,10,0,0,512,1057.45,39.89601723076923,bw,static,static,results,Results,Results_MAMBA21,MAMBA2-BWB-Results,simulator_output_MAMBA2-BWB_bwplacement_bs4_staticreq_statictask,SCRUBBED_TIME+MAMBA2-BWB_BMPD512_11_3_10,False
8,12,7,5,0,0,640,1466.7,39.900744333333336,bw,static,static,results,Results,Results_MAMBA21,MAMBA2-BWB-Results,simulator_output_MAMBA2-BWB_bwplacement_bs8_staticreq_statictask,SCRUBBED_TIME+MAMBA2-BWB_BMPD640_12_7_5,False
8,2,7,15,0,0,640,1757.26,39.90121933333334,bw,static,static,results,Results,Results_MAMBA21,MAMBA2-BWB-Results,simulator_output_MAMBA2-BWB_bwplacement_bs8_staticreq_statictask,SCRUBBED_TIME+MAMBA2-BWB_BMPD640_2_7_15,False
4,3,4,17,0,0,512,1236.58,39.939430888888886,bw,static,static,results,Results,Results_MAMBA21,MAMBA2-BWB-Results,simulator_output_MAMBA2-BWB_bwplacement_bs4_staticreq_statictask,SCRUBBED_TIME+MAMBA2-BWB_BMPD512_3_4_17,False
4,13,2,9,0,0,256,640.68,39.955560727272726,bw,static,static,results,Results,Results_MAMBA21,MAMBA2-BWB-Results,simulator_output_MAMBA2-BWB_bwplacement_bs4_staticreq_statictask,SCRUBBED_TIME+MAMBA2-BWB_BMPD256_13_2_9,False
4,16,2,6,0,0,640,647.39,39.963895,bw,static,static,results,Results,Results_MAMBA21,MAMBA2-BWB-Results,simulator_output_MAMBA2-BWB_bwplacement_bs4_staticreq_statictask,SCRUBBED_TIME+MAMBA2-BWB_BMPD640_16_2_6,False
16,13,10,1,0,0,256,352.8,40.02391127272728,bw,static,static,results,Results,Results_MAMBA21,MAMBA2-BWB-Results,simulator_output_MAMBA2-BWB_bwplacement_bs16_staticreq_statictask,SCRUBBED_TIME+MAMBA2-BWB_BMPD256_13_10_1,False
4,6,4,14,0,0,512,1449.27,40.057542,bw,static,static,results,Results,Results_MAMBA21,MAMBA2-BWB-Results,simulator_output_MAMBA2-BWB_bwplacement_bs4_staticreq_statictask,SCRUBBED_TIME+MAMBA2-BWB_BMPD512_6_4_14,False
4,9,3,12,0,0,384,1174.2,40.0637664,bw,static,static,results,Results,Results_MAMBA21,MAMBA2-BWB-Results,simulator_output_MAMBA2-BWB_bwplacement_bs4_staticreq_statictask,SCRUBBED_TIME+MAMBA2-BWB_BMPD384_9_3_12,False
4,2,3,19,0,0,384,755.48,40.0646664,bw,static,static,results,Results,Results_MAMBA21,MAMBA2-BWB-Results,simulator_output_MAMBA2-BWB_bwplacement_bs4_staticreq_statictask,SCRUBBED_TIME+MAMBA2-BWB_BMPD384_2_3_19,False
8,6,7,11,0,0,256,1571.36,40.08616,bw,static,static,results,Results,Results_MAMBA21,MAMBA2-BWB-Results,simulator_output_MAMBA2-BWB_bwplacement_bs8_staticreq_statictask,SCRUBBED_TIME+MAMBA2-BWB_BMPD256_6_7_11,False
8,2,7,15,0,0,256,1545.12,40.10328777777777,bw,static,static,results,Results,Results_MAMBA21,MAMBA2-BWB-Results,simulator_output_MAMBA2-BWB_bwplacement_bs8_staticreq_statictask,SCRUBBED_TIME+MAMBA2-BWB_BMPD256_2_7_15,False
16,10,13,1,0,0,256,339.68,40.130084,bw,static,static,results,Results,Results_MAMBA21,MAMBA2-BWB-Results,simulator_output_MAMBA2-BWB_bwplacement_bs16_staticreq_statictask,SCRUBBED_TIME+MAMBA2-BWB_BMPD256_10_13_1,False
8,5,12,7,0,0,640,1901.92,40.16674842105264,bw,static,static,results,Results,Results_MAMBA21,MAMBA2-BWB-Results,simulator_output_MAMBA2-BWB_bwplacement_bs8_staticreq_statictask,SCRUBBED_TIME+MAMBA2-BWB_BMPD640_5_12_7,False
8,12,5,7,0,0,384,1594.75,40.196421666666666,bw,static,static,results,Results,Results_MAMBA21,MAMBA2-BWB-Results,simulator_output_MAMBA2-BWB_bwplacement_bs8_staticreq_statictask,SCRUBBED_TIME+MAMBA2-BWB_BMPD384_12_5_7,False
8,7,9,8,0,0,640,2263.51,40.22812705882352,bw,static,static,results,Results,Results_MAMBA21,MAMBA2-BWB-Results,simulator_output_MAMBA2-BWB_bwplacement_bs8_staticreq_statictask,SCRUBBED_TIME+MAMBA2-BWB_BMPD640_7_9_8,False
8,4,10,10,0,0,512,2331.04,40.2335526,bw,static,static,results,Results,Results_MAMBA21,MAMBA2-BWB-Results,simulator_output_MAMBA2-BWB_bwplacement_bs8_staticreq_statictask,SCRUBBED_TIME+MAMBA2-BWB_BMPD512_4_10_10,False
2,15,1,8,0,0,512,356.17,40.28878177777778,bw,static,static,results,Results,Results_MAMBA21,MAMBA2-BWB-Results,simulator_output_MAMBA2-BWB_bwplacement_bs2_staticreq_statictask,SCRUBBED_TIME+MAMBA2-BWB_BMPD512_15_1_8,False
4,14,2,8,0,0,384,817.43,40.2916288,bw,static,static,results,Results,Results_MAMBA21,MAMBA2-BWB-Results,simulator_output_MAMBA2-BWB_bwplacement_bs4_staticreq_statictask,SCRUBBED_TIME+MAMBA2-BWB_BMPD384_14_2_8,False
8,14,6,4,0,0,640,1167.52,40.2965452,bw,static,static,results,Results,Results_MAMBA21,MAMBA2-BWB-Results,simulator_output_MAMBA2-BWB_bwplacement_bs8_staticreq_statictask,SCRUBBED_TIME+MAMBA2-BWB_BMPD640_14_6_4,False
4,12,3,9,0,0,640,978.33,40.304285666666665,bw,static,static,results,Results,Results_MAMBA21,MAMBA2-BWB-Results,simulator_output_MAMBA2-BWB_bwplacement_bs4_staticreq_statictask,SCRUBBED_TIME+MAMBA2-BWB_BMPD640_12_3_9,False
4,2,3,19,0,0,640,890.09,40.304310666666666,bw,static,static,results,Results,Results_MAMBA21,MAMBA2-BWB-Results,simulator_output_MAMBA2-BWB_bwplacement_bs4_staticreq_statictask,SCRUBBED_TIME+MAMBA2-BWB_BMPD640_2_3_19,False
8,4,11,9,0,0,512,2166.0,40.3376426,bw,static,static,results,Results,Results_MAMBA21,MAMBA2-BWB-Results,simulator_output_MAMBA2-BWB_bwplacement_bs8_staticreq_statictask,SCRUBBED_TIME+MAMBA2-BWB_BMPD512_4_11_9,False
8,5,9,10,0,0,512,2405.88,40.54414042105263,bw,static,static,results,Results,Results_MAMBA21,MAMBA2-BWB-Results,simulator_output_MAMBA2-BWB_bwplacement_bs8_staticreq_statictask,SCRUBBED_TIME+MAMBA2-BWB_BMPD512_5_9_10,False
16,13,8,3,0,0,256,927.52,40.61991127272727,bw,static,static,results,Results,Results_MAMBA21,MAMBA2-BWB-Results,simulator_output_MAMBA2-BWB_bwplacement_bs16_staticreq_statictask,SCRUBBED_TIME+MAMBA2-BWB_BMPD256_13_8_3,False
16,14,9,1,0,0,384,512.64,40.6303972,bw,static,static,results,Results,Results_MAMBA21,MAMBA2-BWB-Results,simulator_output_MAMBA2-BWB_bwplacement_bs16_staticreq_statictask,SCRUBBED_TIME+MAMBA2-BWB_BMPD384_14_9_1,False
8,3,8,13,0,0,512,2286.86,40.65476911111112,bw,static,static,results,Results,Results_MAMBA21,MAMBA2-BWB-Results,simulator_output_MAMBA2-BWB_bwplacement_bs8_staticreq_statictask,SCRUBBED_TIME+MAMBA2-BWB_BMPD512_3_8_13,False
8,4,8,12,0,0,384,2179.92,40.7186832,bw,static,static,results,Results,Results_MAMBA21,MAMBA2-BWB-Results,simulator_output_MAMBA2-BWB_bwplacement_bs8_staticreq_statictask,SCRUBBED_TIME+MAMBA2-BWB_BMPD384_4_8_12,False
8,4,13,7,0,0,640,1773.28,40.7588536,bw,static,static,results,Results,Results_MAMBA21,MAMBA2-BWB-Results,simulator_output_MAMBA2-BWB_bwplacement_bs8_staticreq_statictask,SCRUBBED_TIME+MAMBA2-BWB_BMPD640_4_13_7,False
8,8,7,9,0,0,384,2011.92,40.851298,bw,static,static,results,Results,Results_MAMBA21,MAMBA2-BWB-Results,simulator_output_MAMBA2-BWB_bwplacement_bs8_staticreq_statictask,SCRUBBED_TIME+MAMBA2-BWB_BMPD384_8_7_9,False
8,6,11,7,0,0,640,1866.0,40.85236644444445,bw,static,static,results,Results,Results_MAMBA21,MAMBA2-BWB-Results,simulator_output_MAMBA2-BWB_bwplacement_bs8_staticreq_statictask,SCRUBBED_TIME+MAMBA2-BWB_BMPD640_6_11_7,False
4,3,4,17,0,0,384,1044.44,40.89931828571429,bw,static,static,results,Results,Results_MAMBA21,MAMBA2-BWB-Results,simulator_output_MAMBA2-BWB_bwplacement_bs4_staticreq_statictask,SCRUBBED_TIME+MAMBA2-BWB_BMPD384_3_4_17,False
4,15,2,7,0,0,512,733.08,40.93247955555555,bw,static,static,results,Results,Results_MAMBA21,MAMBA2-BWB-Results,simulator_output_MAMBA2-BWB_bwplacement_bs4_staticreq_statictask,SCRUBBED_TIME+MAMBA2-BWB_BMPD512_15_2_7,False
8,13,5,6,0,0,512,1615.27,40.97539454545455,bw,static,static,results,Results,Results_MAMBA21,MAMBA2-BWB-Results,simulator_output_MAMBA2-BWB_bwplacement_bs8_staticreq_statictask,SCRUBBED_TIME+MAMBA2-BWB_BMPD512_13_5_6,False
4,7,3,14,0,0,256,844.64,41.08582305882353,bw,static,static,results,Results,Results_MAMBA21,MAMBA2-BWB-Results,simulator_output_MAMBA2-BWB_bwplacement_bs4_staticreq_statictask,SCRUBBED_TIME+MAMBA2-BWB_BMPD256_7_3_14,False
8,6,10,8,0,0,640,2299.92,41.08684977777778,bw,static,static,results,Results,Results_MAMBA21,MAMBA2-BWB-Results,simulator_output_MAMBA2-BWB_bwplacement_bs8_staticreq_statictask,SCRUBBED_TIME+MAMBA2-BWB_BMPD640_6_10_8,False
8,3,11,10,0,0,640,2024.32,41.18222755555555,bw,static,static,results,Results,Results_MAMBA21,MAMBA2-BWB-Results,simulator_output_MAMBA2-BWB_bwplacement_bs8_staticreq_statictask,SCRUBBED_TIME+MAMBA2-BWB_BMPD640_3_11_10,False
2,7,2,15,0,0,640,691.25,41.247464,bw,static,static,results,Results,Results_MAMBA21,MAMBA2-BWB-Results,simulator_output_MAMBA2-BWB_bwplacement_bs2_staticreq_statictask,SCRUBBED_TIME+MAMBA2-BWB_BMPD640_7_2_15,False
8,16,3,5,0,0,256,711.2,41.251841,bw,static,static,results,Results,Results_MAMBA21,MAMBA2-BWB-Results,simulator_output_MAMBA2-BWB_bwplacement_bs8_staticreq_statictask,SCRUBBED_TIME+MAMBA2-BWB_BMPD256_16_3_5,False
16,12,9,3,0,0,256,948.8,41.255658,bw,static,static,results,Results,Results_MAMBA21,MAMBA2-BWB-Results,simulator_output_MAMBA2-BWB_bwplacement_bs16_staticreq_statictask,SCRUBBED_TIME+MAMBA2-BWB_BMPD256_12_9_3,False
2,3,2,19,0,0,384,486.26,41.3402179047619,bw,static,static,results,Results,Results_MAMBA21,MAMBA2-BWB-Results,simulator_output_MAMBA2-BWB_bwplacement_bs2_staticreq_statictask,SCRUBBED_TIME+MAMBA2-BWB_BMPD384_3_2_19,False
8,8,6,10,0,0,256,1412.72,41.39762125,bw,static,static,results,Results,Results_MAMBA21,MAMBA2-BWB-Results,simulator_output_MAMBA2-BWB_bwplacement_bs8_staticreq_statictask,SCRUBBED_TIME+MAMBA2-BWB_BMPD256_8_6_10,False
8,13,4,7,0,0,256,993.04,41.448864,bw,static,static,results,Results,Results_MAMBA21,MAMBA2-BWB-Results,simulator_output_MAMBA2-BWB_bwplacement_bs8_staticreq_statictask,SCRUBBED_TIME+MAMBA2-BWB_BMPD256_13_4_7,False
16,15,8,1,0,0,512,586.56,41.44924933333333,bw,static,static,results,Results,Results_MAMBA21,MAMBA2-BWB-Results,simulator_output_MAMBA2-BWB_bwplacement_bs16_staticreq_statictask,SCRUBBED_TIME+MAMBA2-BWB_BMPD512_15_8_1,False
8,10,7,7,0,0,512,1855.89,41.45433714285714,bw,static,static,results,Results,Results_MAMBA21,MAMBA2-BWB-Results,simulator_output_MAMBA2-BWB_bwplacement_bs8_staticreq_statictask,SCRUBBED_TIME+MAMBA2-BWB_BMPD512_10_7_7,False
16,16,7,1,0,0,256,350.08,41.5269155,bw,static,static,results,Results,Results_MAMBA21,MAMBA2-BWB-Results,simulator_output_MAMBA2-BWB_bwplacement_bs16_staticreq_statictask,SCRUBBED_TIME+MAMBA2-BWB_BMPD256_16_7_1,False
8,11,6,7,0,0,512,1817.33,41.5278156923077,bw,static,static,results,Results,Results_MAMBA21,MAMBA2-BWB-Results,simulator_output_MAMBA2-BWB_bwplacement_bs8_staticreq_statictask,SCRUBBED_TIME+MAMBA2-BWB_BMPD512_11_6_7,False
16,12,11,1,0,0,256,340.32,41.627699666666665,bw,static,static,results,Results,Results_MAMBA21,MAMBA2-BWB-Results,simulator_output_MAMBA2-BWB_bwplacement_bs16_staticreq_statictask,SCRUBBED_TIME+MAMBA2-BWB_BMPD256_12_11_1,False
8,15,5,4,0,0,640,1138.61,41.68827822222222,bw,static,static,results,Results,Results_MAMBA21,MAMBA2-BWB-Results,simulator_output_MAMBA2-BWB_bwplacement_bs8_staticreq_statictask,SCRUBBED_TIME+MAMBA2-BWB_BMPD640_15_5_4,False
4,7,4,13,0,0,640,1378.17,41.69771294117648,bw,static,static,results,Results,Results_MAMBA21,MAMBA2-BWB-Results,simulator_output_MAMBA2-BWB_bwplacement_bs4_staticreq_statictask,SCRUBBED_TIME+MAMBA2-BWB_BMPD640_7_4_13,False
8,3,10,11,0,0,640,2164.88,41.743377555555554,bw,static,static,results,Results,Results_MAMBA21,MAMBA2-BWB-Results,simulator_output_MAMBA2-BWB_bwplacement_bs8_staticreq_statictask,SCRUBBED_TIME+MAMBA2-BWB_BMPD640_3_10_11,False
8,8,8,8,0,0,640,2256.38,41.76485025,bw,static,static,results,Results,Results_MAMBA21,MAMBA2-BWB-Results,simulator_output_MAMBA2-BWB_bwplacement_bs8_staticreq_statictask,SCRUBBED_TIME+MAMBA2-BWB_BMPD640_8_8_8,False
16,9,13,2,0,0,256,662.08,41.82225733333333,bw,static,static,results,Results,Results_MAMBA21,MAMBA2-BWB-Results,simulator_output_MAMBA2-BWB_bwplacement_bs16_staticreq_statictask,SCRUBBED_TIME+MAMBA2-BWB_BMPD256_9_13_2,False
8,5,7,12,0,0,256,1565.44,41.85709621052632,bw,static,static,results,Results,Results_MAMBA21,MAMBA2-BWB-Results,simulator_output_MAMBA2-BWB_bwplacement_bs8_staticreq_statictask,SCRUBBED_TIME+MAMBA2-BWB_BMPD256_5_7_12,False
2,5,2,17,0,0,512,765.69,41.880899368421055,bw,static,static,results,Results,Results_MAMBA21,MAMBA2-BWB-Results,simulator_output_MAMBA2-BWB_bwplacement_bs2_staticreq_statictask,SCRUBBED_TIME+MAMBA2-BWB_BMPD512_5_2_17,False
4,5,4,15,0,0,512,1455.11,42.005401052631576,bw,static,static,results,Results,Results_MAMBA21,MAMBA2-BWB-Results,simulator_output_MAMBA2-BWB_bwplacement_bs4_staticreq_statictask,SCRUBBED_TIME+MAMBA2-BWB_BMPD512_5_4_15,False
8,5,10,9,0,0,640,2220.64,42.02776947368422,bw,static,static,results,Results,Results_MAMBA21,MAMBA2-BWB-Results,simulator_output_MAMBA2-BWB_bwplacement_bs8_staticreq_statictask,SCRUBBED_TIME+MAMBA2-BWB_BMPD640_5_10_9,False
16,12,10,2,0,0,256,694.08,42.05909966666666,bw,static,static,results,Results,Results_MAMBA21,MAMBA2-BWB-Results,simulator_output_MAMBA2-BWB_bwplacement_bs16_staticreq_statictask,SCRUBBED_TIME+MAMBA2-BWB_BMPD256_12_10_2,False
8,3,9,12,0,0,640,2187.2,42.11036088888889,bw,static,static,results,Results,Results_MAMBA21,MAMBA2-BWB-Results,simulator_output_MAMBA2-BWB_bwplacement_bs8_staticreq_statictask,SCRUBBED_TIME+MAMBA2-BWB_BMPD640_3_9_12,False
8,6,9,9,0,0,640,2188.56,42.11144422222223,bw,static,static,results,Results,Results_MAMBA21,MAMBA2-BWB-Results,simulator_output_MAMBA2-BWB_bwplacement_bs8_staticreq_statictask,SCRUBBED_TIME+MAMBA2-BWB_BMPD640_6_9_9,False
8,4,9,11,0,0,512,2449.68,42.1217926,bw,static,static,results,Results,Results_MAMBA21,MAMBA2-BWB-Results,simulator_output_MAMBA2-BWB_bwplacement_bs8_staticreq_statictask,SCRUBBED_TIME+MAMBA2-BWB_BMPD512_4_9_11,False
8,9,6,9,0,0,384,1966.03,42.30623173333333,bw,static,static,results,Results,Results_MAMBA21,MAMBA2-BWB-Results,simulator_output_MAMBA2-BWB_bwplacement_bs8_staticreq_statictask,SCRUBBED_TIME+MAMBA2-BWB_BMPD384_9_6_9,False
8,2,6,16,0,0,384,1484.24,42.31375173333333,bw,static,static,results,Results,Results_MAMBA21,MAMBA2-BWB-Results,simulator_output_MAMBA2-BWB_bwplacement_bs8_staticreq_statictask,SCRUBBED_TIME+MAMBA2-BWB_BMPD384_2_6_16,False
2,12,1,11,0,0,256,329.06,42.315826,bw,static,static,results,Results,Results_MAMBA21,MAMBA2-BWB-Results,simulator_output_MAMBA2-BWB_bwplacement_bs2_staticreq_statictask,SCRUBBED_TIME+MAMBA2-BWB_BMPD256_12_1_11,False
16,14,8,2,0,0,384,988.0,42.3696972,bw,static,static,results,Results,Results_MAMBA21,MAMBA2-BWB-Results,simulator_output_MAMBA2-BWB_bwplacement_bs16_staticreq_statictask,SCRUBBED_TIME+MAMBA2-BWB_BMPD384_14_8_2,False
8,14,4,6,0,0,384,1316.23,42.4189492,bw,static,static,results,Results,Results_MAMBA21,MAMBA2-BWB-Results,simulator_output_MAMBA2-BWB_bwplacement_bs8_staticreq_statictask,SCRUBBED_TIME+MAMBA2-BWB_BMPD384_14_4_6,False
8,5,11,8,0,0,640,2160.0,42.47626947368421,bw,static,static,results,Results,Results_MAMBA21,MAMBA2-BWB-Results,simulator_output_MAMBA2-BWB_bwplacement_bs8_staticreq_statictask,SCRUBBED_TIME+MAMBA2-BWB_BMPD640_5_11_8,False
4,10,3,11,0,0,512,1137.14,42.54349571428572,bw,static,static,results,Results,Results_MAMBA21,MAMBA2-BWB-Results,simulator_output_MAMBA2-BWB_bwplacement_bs4_staticreq_statictask,SCRUBBED_TIME+MAMBA2-BWB_BMPD512_10_3_11,False
8,3,8,13,0,0,384,1902.0,42.57774666666666,bw,static,static,results,Results,Results_MAMBA21,MAMBA2-BWB-Results,simulator_output_MAMBA2-BWB_bwplacement_bs8_staticreq_statictask,SCRUBBED_TIME+MAMBA2-BWB_BMPD384_3_8_13,False
8,4,12,8,0,0,640,2123.76,42.5831486,bw,static,static,results,Results,Results_MAMBA21,MAMBA2-BWB-Results,simulator_output_MAMBA2-BWB_bwplacement_bs8_staticreq_statictask,SCRUBBED_TIME+MAMBA2-BWB_BMPD640_4_12_8,False
8,15,4,5,0,0,512,1356.21,42.65117511111112,bw,static,static,results,Results,Results_MAMBA21,MAMBA2-BWB-Results,simulator_output_MAMBA2-BWB_bwplacement_bs8_staticreq_statictask,SCRUBBED_TIME+MAMBA2-BWB_BMPD512_15_4_5,False
8,10,5,9,0,0,256,1246.56,42.68023171428572,bw,static,static,results,Results,Results_MAMBA21,MAMBA2-BWB-Results,simulator_output_MAMBA2-BWB_bwplacement_bs8_staticreq_statictask,SCRUBBED_TIME+MAMBA2-BWB_BMPD256_10_5_9,False
8,11,7,6,0,0,640,1640.85,42.717605538461534,bw,static,static,results,Results,Results_MAMBA21,MAMBA2-BWB-Results,simulator_output_MAMBA2-BWB_bwplacement_bs8_staticreq_statictask,SCRUBBED_TIME+MAMBA2-BWB_BMPD640_11_7_6,False
8,11,5,8,0,0,384,1927.85,42.792296,bw,static,static,results,Results,Results_MAMBA21,MAMBA2-BWB-Results,simulator_output_MAMBA2-BWB_bwplacement_bs8_staticreq_statictask,SCRUBBED_TIME+MAMBA2-BWB_BMPD384_11_5_8,False
8,13,6,5,0,0,640,1387.08,42.84513018181818,bw,static,static,results,Results,Results_MAMBA21,MAMBA2-BWB-Results,simulator_output_MAMBA2-BWB_bwplacement_bs8_staticreq_statictask,SCRUBBED_TIME+MAMBA2-BWB_BMPD640_13_6_5,False
4,8,3,13,0,0,384,1207.97,42.9349415,bw,static,static,results,Results,Results_MAMBA21,MAMBA2-BWB-Results,simulator_output_MAMBA2-BWB_bwplacement_bs4_staticreq_statictask,SCRUBBED_TIME+MAMBA2-BWB_BMPD384_8_3_13,False
16,8,13,3,0,0,256,949.12,42.971863,bw,static,static,results,Results,Results_MAMBA21,MAMBA2-BWB-Results,simulator_output_MAMBA2-BWB_bwplacement_bs16_staticreq_statictask,SCRUBBED_TIME+MAMBA2-BWB_BMPD256_8_13_3,False
4,2,3,19,0,0,256,798.68,43.01763888888889,bw,static,static,results,Results,Results_MAMBA21,MAMBA2-BWB-Results,simulator_output_MAMBA2-BWB_bwplacement_bs4_staticreq_statictask,SCRUBBED_TIME+MAMBA2-BWB_BMPD256_2_3_19,False
16,13,9,2,0,0,384,997.28,43.064369818181824,bw,static,static,results,Results,Results_MAMBA21,MAMBA2-BWB-Results,simulator_output_MAMBA2-BWB_bwplacement_bs16_staticreq_statictask,SCRUBBED_TIME+MAMBA2-BWB_BMPD384_13_9_2,False
16,13,10,1,0,0,384,511.68,43.11687890909091,bw,static,static,results,Results,Results_MAMBA21,MAMBA2-BWB-Results,simulator_output_MAMBA2-BWB_bwplacement_bs16_staticreq_statictask,SCRUBBED_TIME+MAMBA2-BWB_BMPD384_13_10_1,False
8,16,4,4,0,0,640,1080.6,43.1385995,bw,static,static,results,Results,Results_MAMBA21,MAMBA2-BWB-Results,simulator_output_MAMBA2-BWB_bwplacement_bs8_staticreq_statictask,SCRUBBED_TIME+MAMBA2-BWB_BMPD640_16_4_4,False
16,11,11,2,0,0,256,647.84,43.15283753846153,bw,static,static,results,Results,Results_MAMBA21,MAMBA2-BWB-Results,simulator_output_MAMBA2-BWB_bwplacement_bs16_staticreq_statictask,SCRUBBED_TIME+MAMBA2-BWB_BMPD256_11_11_2,False
8,7,7,10,0,0,384,2163.85,43.17986470588236,bw,static,static,results,Results,Results_MAMBA21,MAMBA2-BWB-Results,simulator_output_MAMBA2-BWB_bwplacement_bs8_staticreq_statictask,SCRUBBED_TIME+MAMBA2-BWB_BMPD384_7_7_10,False
2,13,1,10,0,0,384,435.9,43.20178327272728,bw,static,static,results,Results,Results_MAMBA21,MAMBA2-BWB-Results,simulator_output_MAMBA2-BWB_bwplacement_bs2_staticreq_statictask,SCRUBBED_TIME+MAMBA2-BWB_BMPD384_13_1_10,False
16,11,12,1,0,0,256,319.2,43.371414461538464,bw,static,static,results,Results,Results_MAMBA21,MAMBA2-BWB-Results,simulator_output_MAMBA2-BWB_bwplacement_bs16_staticreq_statictask,SCRUBBED_TIME+MAMBA2-BWB_BMPD256_11_12_1,False
16,16,6,2,0,0,256,608.16,43.4616905,bw,static,static,results,Results,Results_MAMBA21,MAMBA2-BWB-Results,simulator_output_MAMBA2-BWB_bwplacement_bs16_staticreq_statictask,SCRUBBED_TIME+MAMBA2-BWB_BMPD256_16_6_2,False
4,12,2,10,0,0,256,639.0,43.523636,bw,static,static,results,Results,Results_MAMBA21,MAMBA2-BWB-Results,simulator_output_MAMBA2-BWB_bwplacement_bs4_staticreq_statictask,SCRUBBED_TIME+MAMBA2-BWB_BMPD256_12_2_10,False
4,6,3,15,0,0,256,854.2,43.60015555555555,bw,static,static,results,Results,Results_MAMBA21,MAMBA2-BWB-Results,simulator_output_MAMBA2-BWB_bwplacement_bs4_staticreq_statictask,SCRUBBED_TIME+MAMBA2-BWB_BMPD256_6_3_15,False
8,7,6,11,0,0,256,1473.28,43.620477882352944,bw,static,static,results,Results,Results_MAMBA21,MAMBA2-BWB-Results,simulator_output_MAMBA2-BWB_bwplacement_bs8_staticreq_statictask,SCRUBBED_TIME+MAMBA2-BWB_BMPD256_7_6_11,False
16,11,9,4,0,0,256,1243.2,43.651260615384615,bw,static,static,results,Results,Results_MAMBA21,MAMBA2-BWB-Results,simulator_output_MAMBA2-BWB_bwplacement_bs16_staticreq_statictask,SCRUBBED_TIME+MAMBA2-BWB_BMPD256_11_9_4,False
16,11,10,3,0,0,256,903.2,43.70780676923077,bw,static,static,results,Results,Results_MAMBA21,MAMBA2-BWB-Results,simulator_output_MAMBA2-BWB_bwplacement_bs16_staticreq_statictask,SCRUBBED_TIME+MAMBA2-BWB_BMPD256_11_10_3,False
8,4,7,13,0,0,256,1628.24,43.7273384,bw,static,static,results,Results,Results_MAMBA21,MAMBA2-BWB-Results,simulator_output_MAMBA2-BWB_bwplacement_bs8_staticreq_statictask,SCRUBBED_TIME+MAMBA2-BWB_BMPD256_4_7_13,False
4,11,3,10,0,0,640,1054.3,43.766199692307694,bw,static,static,results,Results,Results_MAMBA21,MAMBA2-BWB-Results,simulator_output_MAMBA2-BWB_bwplacement_bs4_staticreq_statictask,SCRUBBED_TIME+MAMBA2-BWB_BMPD640_11_3_10,False
2,6,2,16,0,0,640,733.08,43.79185111111112,bw,static,static,results,Results,Results_MAMBA21,MAMBA2-BWB-Results,simulator_output_MAMBA2-BWB_bwplacement_bs2_staticreq_statictask,SCRUBBED_TIME+MAMBA2-BWB_BMPD640_6_2_16,False
2,3,2,19,0,0,640,594.44,43.79185111111112,bw,static,static,results,Results,Results_MAMBA21,MAMBA2-BWB-Results,simulator_output_MAMBA2-BWB_bwplacement_bs2_staticreq_statictask,SCRUBBED_TIME+MAMBA2-BWB_BMPD640_3_2_19,False
16,8,15,1,0,0,256,326.88,43.86103175,bw,static,static,results,Results,Results_MAMBA21,MAMBA2-BWB-Results,simulator_output_MAMBA2-BWB_bwplacement_bs16_staticreq_statictask,SCRUBBED_TIME+MAMBA2-BWB_BMPD256_8_15_1,False
8,9,7,8,0,0,512,2180.29,43.88882933333333,bw,static,static,results,Results,Results_MAMBA21,MAMBA2-BWB-Results,simulator_output_MAMBA2-BWB_bwplacement_bs8_staticreq_statictask,SCRUBBED_TIME+MAMBA2-BWB_BMPD512_9_7_8,False
8,12,5,7,0,0,512,1733.23,43.929165,bw,static,static,results,Results,Results_MAMBA21,MAMBA2-BWB-Results,simulator_output_MAMBA2-BWB_bwplacement_bs8_staticreq_statictask,SCRUBBED_TIME+MAMBA2-BWB_BMPD512_12_5_7,False
8,4,10,10,0,0,640,2164.16,43.9502786,bw,static,static,results,Results,Results_MAMBA21,MAMBA2-BWB-Results,simulator_output_MAMBA2-BWB_bwplacement_bs8_staticreq_statictask,SCRUBBED_TIME+MAMBA2-BWB_BMPD640_4_10_10,False
4,6,4,14,0,0,640,1438.38,43.95437622222222,bw,static,static,results,Results,Results_MAMBA21,MAMBA2-BWB-Results,simulator_output_MAMBA2-BWB_bwplacement_bs4_staticreq_statictask,SCRUBBED_TIME+MAMBA2-BWB_BMPD640_6_4_14,False
4,3,4,17,0,0,640,1203.25,43.95985955555555,bw,static,static,results,Results,Results_MAMBA21,MAMBA2-BWB-Results,simulator_output_MAMBA2-BWB_bwplacement_bs4_staticreq_statictask,SCRUBBED_TIME+MAMBA2-BWB_BMPD640_3_4_17,False
4,4,4,16,0,0,512,1416.15,43.9673768,bw,static,static,results,Results,Results_MAMBA21,MAMBA2-BWB-Results,simulator_output_MAMBA2-BWB_bwplacement_bs4_staticreq_statictask,SCRUBBED_TIME+MAMBA2-BWB_BMPD512_4_4_16,False
16,7,16,1,0,0,384,456.8,43.98916917647058,bw,static,static,results,Results,Results_MAMBA21,MAMBA2-BWB-Results,simulator_output_MAMBA2-BWB_bwplacement_bs16_staticreq_statictask,SCRUBBED_TIME+MAMBA2-BWB_BMPD384_7_16_1,False
8,7,8,9,0,0,640,2164.35,44.05791529411764,bw,static,static,results,Results,Results_MAMBA21,MAMBA2-BWB-Results,simulator_output_MAMBA2-BWB_bwplacement_bs8_staticreq_statictask,SCRUBBED_TIME+MAMBA2-BWB_BMPD640_7_8_9,False
16,12,8,4,0,0,256,1212.0,44.079158,bw,static,static,results,Results,Results_MAMBA21,MAMBA2-BWB-Results,simulator_output_MAMBA2-BWB_bwplacement_bs16_staticreq_statictask,SCRUBBED_TIME+MAMBA2-BWB_BMPD256_12_8_4,False
2,4,2,18,0,0,512,703.89,44.1262762,bw,static,static,results,Results,Results_MAMBA21,MAMBA2-BWB-Results,simulator_output_MAMBA2-BWB_bwplacement_bs2_staticreq_statictask,SCRUBBED_TIME+MAMBA2-BWB_BMPD512_4_2_18,False
16,9,14,1,0,0,256,353.76,44.19329066666666,bw,static,static,results,Results,Results_MAMBA21,MAMBA2-BWB-Results,simulator_output_MAMBA2-BWB_bwplacement_bs16_staticreq_statictask,SCRUBBED_TIME+MAMBA2-BWB_BMPD256_9_14_1,False
8,4,11,9,0,0,640,1980.08,44.2036636,bw,static,static,results,Results,Results_MAMBA21,MAMBA2-BWB-Results,simulator_output_MAMBA2-BWB_bwplacement_bs8_staticreq_statictask,SCRUBBED_TIME+MAMBA2-BWB_BMPD640_4_11_9,False
4,13,2,9,0,0,384,885.24,44.263868,bw,static,static,results,Results,Results_MAMBA21,MAMBA2-BWB-Results,simulator_output_MAMBA2-BWB_bwplacement_bs4_staticreq_statictask,SCRUBBED_TIME+MAMBA2-BWB_BMPD384_13_2_9,False
8,5,9,10,0,0,640,2284.24,44.30231684210526,bw,static,static,results,Results,Results_MAMBA21,MAMBA2-BWB-Results,simulator_output_MAMBA2-BWB_bwplacement_bs8_staticreq_statictask,SCRUBBED_TIME+MAMBA2-BWB_BMPD640_5_9_10,False
8,4,8,12,0,0,512,2384.24,44.3097326,bw,static,static,results,Results,Results_MAMBA21,MAMBA2-BWB-Results,simulator_output_MAMBA2-BWB_bwplacement_bs8_staticreq_statictask,SCRUBBED_TIME+MAMBA2-BWB_BMPD512_4_8_12,False
2,15,1,8,0,0,640,356.17,44.36129066666666,bw,static,static,results,Results,Results_MAMBA21,MAMBA2-BWB-Results,simulator_output_MAMBA2-BWB_bwplacement_bs2_staticreq_statictask,SCRUBBED_TIME+MAMBA2-BWB_BMPD640_15_1_8,False
8,2,5,17,0,0,512,1635.32,44.43109,bw,static,static,results,Results,Results_MAMBA21,MAMBA2-BWB-Results,simulator_output_MAMBA2-BWB_bwplacement_bs8_staticreq_statictask,SCRUBBED_TIME+MAMBA2-BWB_BMPD512_2_5_17,False
16,10,12,2,0,0,256,643.2,44.497541142857145,bw,static,static,results,Results,Results_MAMBA21,MAMBA2-BWB-Results,simulator_output_MAMBA2-BWB_bwplacement_bs16_staticreq_statictask,SCRUBBED_TIME+MAMBA2-BWB_BMPD256_10_12_2,False
2,14,1,9,0,0,512,391.47,44.524422,bw,static,static,results,Results,Results_MAMBA21,MAMBA2-BWB-Results,simulator_output_MAMBA2-BWB_bwplacement_bs2_staticreq_statictask,SCRUBBED_TIME+MAMBA2-BWB_BMPD512_14_1_9,False
8,8,6,10,0,0,384,2112.62,44.53651675,bw,static,static,results,Results,Results_MAMBA21,MAMBA2-BWB-Results,simulator_output_MAMBA2-BWB_bwplacement_bs8_staticreq_statictask,SCRUBBED_TIME+MAMBA2-BWB_BMPD384_8_6_10,False
8,12,4,8,0,0,256,1191.36,44.559842,bw,static,static,results,Results,Results_MAMBA21,MAMBA2-BWB-Results,simulator_output_MAMBA2-BWB_bwplacement_bs8_staticreq_statictask,SCRUBBED_TIME+MAMBA2-BWB_BMPD256_12_4_8,False
16,15,7,2,0,0,256,620.32,44.618828444444446,bw,static,static,results,Results,Results_MAMBA21,MAMBA2-BWB-Results,simulator_output_MAMBA2-BWB_bwplacement_bs16_staticreq_statictask,SCRUBBED_TIME+MAMBA2-BWB_BMPD256_15_7_2,False
16,12,11,1,0,0,384,517.6,44.68080433333333,bw,static,static,results,Results,Results_MAMBA21,MAMBA2-BWB-Results,simulator_output_MAMBA2-BWB_bwplacement_bs16_staticreq_statictask,SCRUBBED_TIME+MAMBA2-BWB_BMPD384_12_11_1,False
16,8,14,2,0,0,256,646.08,44.68498175,bw,static,static,results,Results,Results_MAMBA21,MAMBA2-BWB-Results,simulator_output_MAMBA2-BWB_bwplacement_bs16_staticreq_statictask,SCRUBBED_TIME+MAMBA2-BWB_BMPD256_8_14_2,False
8,10,6,8,0,0,512,2103.06,44.813094285714286,bw,static,static,results,Results,Results_MAMBA21,MAMBA2-BWB-Results,simulator_output_MAMBA2-BWB_bwplacement_bs8_staticreq_statictask,SCRUBBED_TIME+MAMBA2-BWB_BMPD512_10_6_8,False
16,7,13,4,0,0,256,1239.68,44.856001176470585,bw,static,static,results,Results,Results_MAMBA21,MAMBA2-BWB-Results,simulator_output_MAMBA2-BWB_bwplacement_bs16_staticreq_statictask,SCRUBBED_TIME+MAMBA2-BWB_BMPD256_7_13_4,False
16,5,17,2,0,0,256,573.28,45.05205684210526,bw,static,static,results,Results,Results_MAMBA21,MAMBA2-BWB-Results,simulator_output_MAMBA2-BWB_bwplacement_bs16_staticreq_statictask,SCRUBBED_TIME+MAMBA2-BWB_BMPD256_5_17_2,False
4,15,2,7,0,0,640,732.85,45.07020755555556,bw,static,static,results,Results,Results_MAMBA21,MAMBA2-BWB-Results,simulator_output_MAMBA2-BWB_bwplacement_bs4_staticreq_statictask,SCRUBBED_TIME+MAMBA2-BWB_BMPD640_15_2_7,False
16,10,11,3,0,0,256,911.2,45.09406257142857,bw,static,static,results,Results,Results_MAMBA21,MAMBA2-BWB-Results,simulator_output_MAMBA2-BWB_bwplacement_bs16_staticreq_statictask,SCRUBBED_TIME+MAMBA2-BWB_BMPD256_10_11_3,False
8,14,5,5,0,0,640,1317.62,45.1201852,bw,static,static,results,Results,Results_MAMBA21,MAMBA2-BWB-Results,simulator_output_MAMBA2-BWB_bwplacement_bs8_staticreq_statictask,SCRUBBED_TIME+MAMBA2-BWB_BMPD640_14_5_5,False
4,14,2,8,0,0,512,817.43,45.1789984,bw,static,static,results,Results,Results_MAMBA21,MAMBA2-BWB-Results,simulator_output_MAMBA2-BWB_bwplacement_bs4_staticreq_statictask,SCRUBBED_TIME+MAMBA2-BWB_BMPD512_14_2_8,False
8,9,5,10,0,0,256,1315.04,45.19635066666667,bw,static,static,results,Results,Results_MAMBA21,MAMBA2-BWB-Results,simulator_output_MAMBA2-BWB_bwplacement_bs8_staticreq_statictask,SCRUBBED_TIME+MAMBA2-BWB_BMPD256_9_5_10,False
4,9,3,12,0,0,512,1204.62,45.24496213333333,bw,static,static,results,Results,Results_MAMBA21,MAMBA2-BWB-Results,simulator_output_MAMBA2-BWB_bwplacement_bs4_staticreq_statictask,SCRUBBED_TIME+MAMBA2-BWB_BMPD512_9_3_12,False
16,14,8,2,0,0,512,1071.36,45.268489200000005,bw,static,static,results,Results,Results_MAMBA21,MAMBA2-BWB-Results,simulator_output_MAMBA2-BWB_bwplacement_bs16_staticreq_statictask,SCRUBBED_TIME+MAMBA2-BWB_BMPD512_14_8_2,False
4,5,3,16,0,0,256,916.8,45.30182315789474,bw,static,static,results,Results,Results_MAMBA21,MAMBA2-BWB-Results,simulator_output_MAMBA2-BWB_bwplacement_bs4_staticreq_statictask,SCRUBBED_TIME+MAMBA2-BWB_BMPD256_5_3_16,False
8,16,3,5,0,0,384,1067.68,45.303988,bw,static,static,results,Results,Results_MAMBA21,MAMBA2-BWB-Results,simulator_output_MAMBA2-BWB_bwplacement_bs8_staticreq_statictask,SCRUBBED_TIME+MAMBA2-BWB_BMPD384_16_3_5,False
8,6,7,11,0,0,384,2279.04,45.32206377777778,bw,static,static,results,Results,Results_MAMBA21,MAMBA2-BWB-Results,simulator_output_MAMBA2-BWB_bwplacement_bs8_staticreq_statictask,SCRUBBED_TIME+MAMBA2-BWB_BMPD384_6_7_11,False
16,6,17,1,0,0,256,290.72,45.35831022222222,bw,static,static,results,Results,Results_MAMBA21,MAMBA2-BWB-Results,simulator_output_MAMBA2-BWB_bwplacement_bs16_staticreq_statictask,SCRUBBED_TIME+MAMBA2-BWB_BMPD256_6_17_1,False
16,12,10,2,0,0,384,935.04,45.429437666666665,bw,static,static,results,Results,Results_MAMBA21,MAMBA2-BWB-Results,simulator_output_MAMBA2-BWB_bwplacement_bs16_staticreq_statictask,SCRUBBED_TIME+MAMBA2-BWB_BMPD384_12_10_2,False
16,12,9,3,0,0,384,1361.76,45.434279333333336,bw,static,static,results,Results,Results_MAMBA21,MAMBA2-BWB-Results,simulator_output_MAMBA2-BWB_bwplacement_bs16_staticreq_statictask,SCRUBBED_TIME+MAMBA2-BWB_BMPD384_12_9_3,False
16,2,18,4,0,0,512,1919.68,45.56723233333334,bw,static,static,results,Results,Results_MAMBA21,MAMBA2-BWB-Results,simulator_output_MAMBA2-BWB_bwplacement_bs16_staticreq_statictask,SCRUBBED_TIME+MAMBA2-BWB_BMPD512_2_18_4,False
8,3,7,14,0,0,256,1400.4,45.717268571428576,bw,static,static,results,Results,Results_MAMBA21,MAMBA2-BWB-Results,simulator_output_MAMBA2-BWB_bwplacement_bs8_staticreq_statictask,SCRUBBED_TIME+MAMBA2-BWB_BMPD256_3_7_14,False
4,7,3,14,0,0,384,1227.77,45.81688188235294,bw,static,static,results,Results,Results_MAMBA21,MAMBA2-BWB-Results,simulator_output_MAMBA2-BWB_bwplacement_bs4_staticreq_statictask,SCRUBBED_TIME+MAMBA2-BWB_BMPD384_7_3_14,False
8,10,7,7,0,0,640,1735.05,45.956777714285714,bw,static,static,results,Results,Results_MAMBA21,MAMBA2-BWB-Results,simulator_output_MAMBA2-BWB_bwplacement_bs8_staticreq_statictask,SCRUBBED_TIME+MAMBA2-BWB_BMPD640_10_7_7,False
16,13,8,3,0,0,384,1333.92,45.97902436363637,bw,static,static,results,Results,Results_MAMBA21,MAMBA2-BWB-Results,simulator_output_MAMBA2-BWB_bwplacement_bs16_staticreq_statictask,SCRUBBED_TIME+MAMBA2-BWB_BMPD384_13_8_3,False
8,12,6,6,0,0,640,1529.22,46.01641933333334,bw,static,static,results,Results,Results_MAMBA21,MAMBA2-BWB-Results,simulator_output_MAMBA2-BWB_bwplacement_bs8_staticreq_statictask,SCRUBBED_TIME+MAMBA2-BWB_BMPD640_12_6_6,False
8,2,6,16,0,0,640,1621.71,46.017194333333336,bw,static,static,results,Results,Results_MAMBA21,MAMBA2-BWB-Results,simulator_output_MAMBA2-BWB_bwplacement_bs8_staticreq_statictask,SCRUBBED_TIME+MAMBA2-BWB_BMPD640_2_6_16,False
16,2,16,6,0,0,512,2446.56,46.11218233333334,bw,static,static,results,Results,Results_MAMBA21,MAMBA2-BWB-Results,simulator_output_MAMBA2-BWB_bwplacement_bs16_staticreq_statictask,SCRUBBED_TIME+MAMBA2-BWB_BMPD512_2_16_6,False
2,5,2,17,0,0,640,758.52,46.12877115789474,bw,static,static,results,Results,Results_MAMBA21,MAMBA2-BWB-Results,simulator_output_MAMBA2-BWB_bwplacement_bs2_staticreq_statictask,SCRUBBED_TIME+MAMBA2-BWB_BMPD640_5_2_17,False
16,9,12,3,0,0,256,906.56,46.138384,bw,static,static,results,Results,Results_MAMBA21,MAMBA2-BWB-Results,simulator_output_MAMBA2-BWB_bwplacement_bs16_staticreq_statictask,SCRUBBED_TIME+MAMBA2-BWB_BMPD256_9_12_3,False
16,10,13,1,0,0,384,500.8,46.155206285714286,bw,static,static,results,Results,Results_MAMBA21,MAMBA2-BWB-Results,simulator_output_MAMBA2-BWB_bwplacement_bs16_staticreq_statictask,SCRUBBED_TIME+MAMBA2-BWB_BMPD384_10_13_1,False
8,6,6,12,0,0,256,1467.92,46.16423222222223,bw,static,static,results,Results,Results_MAMBA21,MAMBA2-BWB-Results,simulator_output_MAMBA2-BWB_bwplacement_bs8_staticreq_statictask,SCRUBBED_TIME+MAMBA2-BWB_BMPD256_6_6_12,False
8,2,6,16,0,0,256,1445.76,46.16494333333333,bw,static,static,results,Results,Results_MAMBA21,MAMBA2-BWB-Results,simulator_output_MAMBA2-BWB_bwplacement_bs8_staticreq_statictask,SCRUBBED_TIME+MAMBA2-BWB_BMPD256_2_6_16,False
16,2,19,3,0,0,512,1474.24,46.186674,bw,static,static,results,Results,Results_MAMBA21,MAMBA2-BWB-Results,simulator_output_MAMBA2-BWB_bwplacement_bs16_staticreq_statictask,SCRUBBED_TIME+MAMBA2-BWB_BMPD512_2_19_3,False
16,9,14,1,0,0,384,488.32,46.224762133333336,bw,static,static,results,Results,Results_MAMBA21,MAMBA2-BWB-Results,simulator_output_MAMBA2-BWB_bwplacement_bs16_staticreq_statictask,SCRUBBED_TIME+MAMBA2-BWB_BMPD384_9_14_1,False
8,4,9,11,0,0,640,2317.04,46.2406786,bw,static,static,results,Results,Results_MAMBA21,MAMBA2-BWB-Results,simulator_output_MAMBA2-BWB_bwplacement_bs8_staticreq_statictask,SCRUBBED_TIME+MAMBA2-BWB_BMPD640_4_9_11,False
16,8,15,1,0,0,384,530.08,46.2815515,bw,static,static,results,Results,Results_MAMBA21,MAMBA2-BWB-Results,simulator_output_MAMBA2-BWB_bwplacement_bs16_staticreq_statictask,SCRUBBED_TIME+MAMBA2-BWB_BMPD384_8_15_1,False
16,5,18,1,0,0,256,277.6,46.306972631578944,bw,static,static,results,Results,Results_MAMBA21,MAMBA2-BWB-Results,simulator_output_MAMBA2-BWB_bwplacement_bs16_staticreq_statictask,SCRUBBED_TIME+MAMBA2-BWB_BMPD256_5_18_1,False
16,10,9,5,0,0,256,1441.12,46.34769114285714,bw,static,static,results,Results,Results_MAMBA21,MAMBA2-BWB-Results,simulator_output_MAMBA2-BWB_bwplacement_bs16_staticreq_statictask,SCRUBBED_TIME+MAMBA2-BWB_BMPD256_10_9_5,False
8,6,8,10,0,0,640,2288.12,46.34904422222223,bw,static,static,results,Results,Results_MAMBA21,MAMBA2-BWB-Results,simulator_output_MAMBA2-BWB_bwplacement_bs8_staticreq_statictask,SCRUBBED_TIME+MAMBA2-BWB_BMPD640_6_8_10,False
8,3,8,13,0,0,640,2121.2,46.353338666666666,bw,static,static,results,Results,Results_MAMBA21,MAMBA2-BWB-Results,simulator_output_MAMBA2-BWB_bwplacement_bs8_staticreq_statictask,SCRUBBED_TIME+MAMBA2-BWB_BMPD640_3_8_13,False
8,8,7,9,0,0,512,2123.72,46.391906,bw,static,static,results,Results,Results_MAMBA21,MAMBA2-BWB-Results,simulator_output_MAMBA2-BWB_bwplacement_bs8_staticreq_statictask,SCRUBBED_TIME+MAMBA2-BWB_BMPD512_8_7_9,False
16,7,15,2,0,0,256,610.08,46.40022470588236,bw,static,static,results,Results,Results_MAMBA21,MAMBA2-BWB-Results,simulator_output_MAMBA2-BWB_bwplacement_bs16_staticreq_statictask,SCRUBBED_TIME+MAMBA2-BWB_BMPD256_7_15_2,False
16,2,21,1,0,0,512,527.52,46.45736566666666,bw,static,static,results,Results,Results_MAMBA21,MAMBA2-BWB-Results,simulator_output_MAMBA2-BWB_bwplacement_bs16_staticreq_statictask,SCRUBBED_TIME+MAMBA2-BWB_BMPD512_2_21_1,False
8,10,5,9,0,0,384,1802.15,46.56477171428572,bw,static,static,results,Results,Results_MAMBA21,MAMBA2-BWB-Results,simulator_output_MAMBA2-BWB_bwplacement_bs8_staticreq_statictask,SCRUBBED_TIME+MAMBA2-BWB_BMPD384_10_5_9,False
16,10,10,4,0,0,256,1206.24,46.58436257142858,bw,static,static,results,Results,Results_MAMBA21,MAMBA2-BWB-Results,simulator_output_MAMBA2-BWB_bwplacement_bs16_staticreq_statictask,SCRUBBED_TIME+MAMBA2-BWB_BMPD256_10_10_4,False
16,14,9,1,0,0,512,568.8,46.6103992,bw,static,static,results,Results,Results_MAMBA21,MAMBA2-BWB-Results,simulator_output_MAMBA2-BWB_bwplacement_bs16_staticreq_statictask,SCRUBBED_TIME+MAMBA2-BWB_BMPD512_14_9_1,False
16,11,12,1,0,0,384,505.44,46.61853876923077,bw,static,static,results,Results,Results_MAMBA21,MAMBA2-BWB-Results,simulator_output_MAMBA2-BWB_bwplacement_bs16_staticreq_statictask,SCRUBBED_TIME+MAMBA2-BWB_BMPD384_11_12_1,False
4,5,4,15,0,0,640,1422.25,46.683057684210524,bw,static,static,results,Results,Results_MAMBA21,MAMBA2-BWB-Results,simulator_output_MAMBA2-BWB_bwplacement_bs4_staticreq_statictask,SCRUBBED_TIME+MAMBA2-BWB_BMPD640_5_4_15,False
4,10,3,11,0,0,640,1136.21,46.72447257142858,bw,static,static,results,Results,Results_MAMBA21,MAMBA2-BWB-Results,simulator_output_MAMBA2-BWB_bwplacement_bs4_staticreq_statictask,SCRUBBED_TIME+MAMBA2-BWB_BMPD640_10_3_11,False
16,9,13,2,0,0,384,998.56,46.765815466666666,bw,static,static,results,Results,Results_MAMBA21,MAMBA2-BWB-Results,simulator_output_MAMBA2-BWB_bwplacement_bs16_staticreq_statictask,SCRUBBED_TIME+MAMBA2-BWB_BMPD384_9_13_2,False
2,12,1,11,0,0,384,476.52,46.84580566666666,bw,static,static,results,Results,Results_MAMBA21,MAMBA2-BWB-Results,simulator_output_MAMBA2-BWB_bwplacement_bs2_staticreq_statictask,SCRUBBED_TIME+MAMBA2-BWB_BMPD384_12_1_11,False
16,9,11,4,0,0,256,1216.96,46.85477066666667,bw,static,static,results,Results,Results_MAMBA21,MAMBA2-BWB-Results,simulator_output_MAMBA2-BWB_bwplacement_bs16_staticreq_statictask,SCRUBBED_TIME+MAMBA2-BWB_BMPD256_9_11_4,False
16,11,11,2,0,0,384,961.12,46.87976953846154,bw,static,static,results,Results,Results_MAMBA21,MAMBA2-BWB-Results,simulator_output_MAMBA2-BWB_bwplacement_bs16_staticreq_statictask,SCRUBBED_TIME+MAMBA2-BWB_BMPD384_11_11_2,False
2,11,1,12,0,0,256,328.68,46.93551907692308,bw,static,static,results,Results,Results_MAMBA21,MAMBA2-BWB-Results,simulator_output_MAMBA2-BWB_bwplacement_bs2_staticreq_statictask,SCRUBBED_TIME+MAMBA2-BWB_BMPD256_11_1_12,False
8,15,4,5,0,0,640,1243.7,46.97727822222223,bw,static,static,results,Results,Results_MAMBA21,MAMBA2-BWB-Results,simulator_output_MAMBA2-BWB_bwplacement_bs8_staticreq_statictask,SCRUBBED_TIME+MAMBA2-BWB_BMPD640_15_4_5,False
8,11,5,8,0,0,512,1968.95,47.054315692307696,bw,static,static,results,Results,Results_MAMBA21,MAMBA2-BWB-Results,simulator_output_MAMBA2-BWB_bwplacement_bs8_staticreq_statictask,SCRUBBED_TIME+MAMBA2-BWB_BMPD512_11_5_8,False
8,7,6,11,0,0,384,2215.53,47.11098235294118,bw,static,static,results,Results,Results_MAMBA21,MAMBA2-BWB-Results,simulator_output_MAMBA2-BWB_bwplacement_bs8_staticreq_statictask,SCRUBBED_TIME+MAMBA2-BWB_BMPD384_7_6_11,False
8,5,7,12,0,0,384,2138.72,47.13079010526316,bw,static,static,results,Results,Results_MAMBA21,MAMBA2-BWB-Results,simulator_output_MAMBA2-BWB_bwplacement_bs8_staticreq_statictask,SCRUBBED_TIME+MAMBA2-BWB_BMPD384_5_7_12,False
8,15,3,6,0,0,256,793.6,47.135623555555554,bw,static,static,results,Results,Results_MAMBA21,MAMBA2-BWB-Results,simulator_output_MAMBA2-BWB_bwplacement_bs8_staticreq_statictask,SCRUBBED_TIME+MAMBA2-BWB_BMPD256_15_3_6,False
16,8,12,4,0,0,256,1226.56,47.1755505,bw,static,static,results,Results,Results_MAMBA21,MAMBA2-BWB-Results,simulator_output_MAMBA2-BWB_bwplacement_bs16_staticreq_statictask,SCRUBBED_TIME+MAMBA2-BWB_BMPD256_8_12_4,False
16,11,8,5,0,0,256,1380.48,47.21122984615385,bw,static,static,results,Results,Results_MAMBA21,MAMBA2-BWB-Results,simulator_output_MAMBA2-BWB_bwplacement_bs16_staticreq_statictask,SCRUBBED_TIME+MAMBA2-BWB_BMPD256_11_8_5,False
4,11,2,11,0,0,256,626.76,47.232205538461535,bw,static,static,results,Results,Results_MAMBA21,MAMBA2-BWB-Results,simulator_output_MAMBA2-BWB_bwplacement_bs4_staticreq_statictask,SCRUBBED_TIME+MAMBA2-BWB_BMPD256_11_2_11,False
4,4,3,17,0,0,256,811.92,47.4241202,bw,static,static,results,Results,Results_MAMBA21,MAMBA2-BWB-Results,simulator_output_MAMBA2-BWB_bwplacement_bs4_staticreq_statictask,SCRUBBED_TIME+MAMBA2-BWB_BMPD256_4_3_17,False
16,7,14,3,0,0,256,897.92,47.44020117647059,bw,static,static,results,Results,Results_MAMBA21,MAMBA2-BWB-Results,simulator_output_MAMBA2-BWB_bwplacement_bs16_staticreq_statictask,SCRUBBED_TIME+MAMBA2-BWB_BMPD256_7_14_3,False
8,13,4,7,0,0,384,1384.17,47.468704,bw,static,static,results,Results,Results_MAMBA21,MAMBA2-BWB-Results,simulator_output_MAMBA2-BWB_bwplacement_bs8_staticreq_statictask,SCRUBBED_TIME+MAMBA2-BWB_BMPD384_13_4_7,False
8,14,4,6,0,0,512,1423.52,47.4726168,bw,static,static,results,Results,Results_MAMBA21,MAMBA2-BWB-Results,simulator_output_MAMBA2-BWB_bwplacement_bs8_staticreq_statictask,SCRUBBED_TIME+MAMBA2-BWB_BMPD512_14_4_6,False
8,9,6,9,0,0,512,2069.7,47.515309333333335,bw,static,static,results,Results,Results_MAMBA21,MAMBA2-BWB-Results,simulator_output_MAMBA2-BWB_bwplacement_bs8_staticreq_statictask,SCRUBBED_TIME+MAMBA2-BWB_BMPD512_9_6_9,False
16,16,7,1,0,0,384,487.36,47.5258645,bw,static,static,results,Results,Results_MAMBA21,MAMBA2-BWB-Results,simulator_output_MAMBA2-BWB_bwplacement_bs16_staticreq_statictask,SCRUBBED_TIME+MAMBA2-BWB_BMPD384_16_7_1,False
8,11,4,9,0,0,256,1124.96,47.65620523076923,bw,static,static,results,Results,Results_MAMBA21,MAMBA2-BWB-Results,simulator_output_MAMBA2-BWB_bwplacement_bs8_staticreq_statictask,SCRUBBED_TIME+MAMBA2-BWB_BMPD256_11_4_9,False
16,2,17,5,0,0,512,2205.44,47.68624066666666,bw,static,static,results,Results,Results_MAMBA21,MAMBA2-BWB-Results,simulator_output_MAMBA2-BWB_bwplacement_bs16_staticreq_statictask,SCRUBBED_TIME+MAMBA2-BWB_BMPD512_2_17_5,False
16,6,16,2,0,0,256,535.52,47.78666577777778,bw,static,static,results,Results,Results_MAMBA21,MAMBA2-BWB-Results,simulator_output_MAMBA2-BWB_bwplacement_bs16_staticreq_statictask,SCRUBBED_TIME+MAMBA2-BWB_BMPD256_6_16_2,False
8,8,5,11,0,0,256,1334.48,47.79432125,bw,static,static,results,Results,Results_MAMBA21,MAMBA2-BWB-Results,simulator_output_MAMBA2-BWB_bwplacement_bs8_staticreq_statictask,SCRUBBED_TIME+MAMBA2-BWB_BMPD256_8_5_11,False
8,9,7,8,0,0,640,2060.99,47.830829066666674,bw,static,static,results,Results,Results_MAMBA21,MAMBA2-BWB-Results,simulator_output_MAMBA2-BWB_bwplacement_bs8_staticreq_statictask,SCRUBBED_TIME+MAMBA2-BWB_BMPD640_9_7_8,False
16,8,14,2,0,0,384,952.96,47.84987025,bw,static,static,results,Results,Results_MAMBA21,MAMBA2-BWB-Results,simulator_output_MAMBA2-BWB_bwplacement_bs16_staticreq_statictask,SCRUBBED_TIME+MAMBA2-BWB_BMPD384_8_14_2,False
16,2,18,4,0,0,384,1602.24,47.8612488,bw,static,static,results,Results,Results_MAMBA21,MAMBA2-BWB-Results,simulator_output_MAMBA2-BWB_bwplacement_bs16_staticreq_statictask,SCRUBBED_TIME+MAMBA2-BWB_BMPD384_2_18_4,False
16,2,21,1,0,0,384,449.28,47.87204213333333,bw,static,static,results,Results,Results_MAMBA21,MAMBA2-BWB-Results,simulator_output_MAMBA2-BWB_bwplacement_bs16_staticreq_statictask,SCRUBBED_TIME+MAMBA2-BWB_BMPD384_2_21_1,False
16,11,9,4,0,0,384,1784.96,47.91372338461538,bw,static,static,results,Results,Results_MAMBA21,MAMBA2-BWB-Results,simulator_output_MAMBA2-BWB_bwplacement_bs16_staticreq_statictask,SCRUBBED_TIME+MAMBA2-BWB_BMPD384_11_9_4,False
16,2,20,2,0,0,512,973.6,47.920149,bw,static,static,results,Results,Results_MAMBA21,MAMBA2-BWB-Results,simulator_output_MAMBA2-BWB_bwplacement_bs16_staticreq_statictask,SCRUBBED_TIME+MAMBA2-BWB_BMPD512_2_20_2,False
16,9,10,5,0,0,256,1411.52,47.93129733333333,bw,static,static,results,Results,Results_MAMBA21,MAMBA2-BWB-Results,simulator_output_MAMBA2-BWB_bwplacement_bs16_staticreq_statictask,SCRUBBED_TIME+MAMBA2-BWB_BMPD256_9_10_5,False
4,6,3,15,0,0,384,1206.19,47.99355111111111,bw,static,static,results,Results,Results_MAMBA21,MAMBA2-BWB-Results,simulator_output_MAMBA2-BWB_bwplacement_bs4_staticreq_statictask,SCRUBBED_TIME+MAMBA2-BWB_BMPD384_6_3_15,False
16,15,6,3,0,0,256,824.32,48.07197288888889,bw,static,static,results,Results,Results_MAMBA21,MAMBA2-BWB-Results,simulator_output_MAMBA2-BWB_bwplacement_bs16_staticreq_statictask,SCRUBBED_TIME+MAMBA2-BWB_BMPD256_15_6_3,False
16,14,7,3,0,0,256,839.84,48.1675016,bw,static,static,results,Results,Results_MAMBA21,MAMBA2-BWB-Results,simulator_output_MAMBA2-BWB_bwplacement_bs16_staticreq_statictask,SCRUBBED_TIME+MAMBA2-BWB_BMPD256_14_7_3,False
8,5,6,13,0,0,256,1527.12,48.16949094736842,bw,static,static,results,Results,Results_MAMBA21,MAMBA2-BWB-Results,simulator_output_MAMBA2-BWB_bwplacement_bs8_staticreq_statictask,SCRUBBED_TIME+MAMBA2-BWB_BMPD256_5_6_13,False
4,12,2,10,0,0,384,905.5,48.21239533333333,bw,static,static,results,Results,Results_MAMBA21,MAMBA2-BWB-Results,simulator_output_MAMBA2-BWB_bwplacement_bs4_staticreq_statictask,SCRUBBED_TIME+MAMBA2-BWB_BMPD384_12_2_10,False
8,13,5,6,0,0,640,1457.96,48.24202109090909,bw,static,static,results,Results,Results_MAMBA21,MAMBA2-BWB-Results,simulator_output_MAMBA2-BWB_bwplacement_bs8_staticreq_statictask,SCRUBBED_TIME+MAMBA2-BWB_BMPD640_13_5_6,False
4,4,4,16,0,0,640,1366.58,48.2424478,bw,static,static,results,Results,Results_MAMBA21,MAMBA2-BWB-Results,simulator_output_MAMBA2-BWB_bwplacement_bs4_staticreq_statictask,SCRUBBED_TIME+MAMBA2-BWB_BMPD640_4_4_16,False
16,15,8,1,0,0,640,526.08,48.25902711111111,bw,static,static,results,Results,Results_MAMBA21,MAMBA2-BWB-Results,simulator_output_MAMBA2-BWB_bwplacement_bs16_staticreq_statictask,SCRUBBED_TIME+MAMBA2-BWB_BMPD640_15_8_1,False
16,11,10,3,0,0,384,1297.92,48.31852338461538,bw,static,static,results,Results,Results_MAMBA21,MAMBA2-BWB-Results,simulator_output_MAMBA2-BWB_bwplacement_bs16_staticreq_statictask,SCRUBBED_TIME+MAMBA2-BWB_BMPD384_11_10_3,False
16,5,16,3,0,0,256,762.08,48.3416147368421,bw,static,static,results,Results,Results_MAMBA21,MAMBA2-BWB-Results,simulator_output_MAMBA2-BWB_bwplacement_bs16_staticreq_statictask,SCRUBBED_TIME+MAMBA2-BWB_BMPD256_5_16_3,False
2,13,1,10,0,0,512,435.9,48.42797163636363,bw,static,static,results,Results,Results_MAMBA21,MAMBA2-BWB-Results,simulator_output_MAMBA2-BWB_bwplacement_bs2_staticreq_statictask,SCRUBBED_TIME+MAMBA2-BWB_BMPD512_13_1_10,False
8,5,8,11,0,0,640,2433.05,48.464501052631576,bw,static,static,results,Results,Results_MAMBA21,MAMBA2-BWB-Results,simulator_output_MAMBA2-BWB_bwplacement_bs8_staticreq_statictask,SCRUBBED_TIME+MAMBA2-BWB_BMPD640_5_8_11,False
4,8,3,13,0,0,512,1270.87,48.4904435,bw,static,static,results,Results,Results_MAMBA21,MAMBA2-BWB-Results,simulator_output_MAMBA2-BWB_bwplacement_bs4_staticreq_statictask,SCRUBBED_TIME+MAMBA2-BWB_BMPD512_8_3_13,False
16,10,12,2,0,0,384,940.8,48.53116342857143,bw,static,static,results,Results,Results_MAMBA21,MAMBA2-BWB-Results,simulator_output_MAMBA2-BWB_bwplacement_bs16_staticreq_statictask,SCRUBBED_TIME+MAMBA2-BWB_BMPD384_10_12_2,False
16,2,17,5,0,0,384,1818.4,48.5693088,bw,static,static,results,Results,Results_MAMBA21,MAMBA2-BWB-Results,simulator_output_MAMBA2-BWB_bwplacement_bs16_staticreq_statictask,SCRUBBED_TIME+MAMBA2-BWB_BMPD384_2_17_5,False
8,11,6,7,0,0,640,1637.66,48.58837476923077,bw,static,static,results,Results,Results_MAMBA21,MAMBA2-BWB-Results,simulator_output_MAMBA2-BWB_bwplacement_bs8_staticreq_statictask,SCRUBBED_TIME+MAMBA2-BWB_BMPD640_11_6_7,False
2,4,2,18,0,0,640,676.05,48.6046438,bw,static,static,results,Results,Results_MAMBA21,MAMBA2-BWB-Results,simulator_output_MAMBA2-BWB_bwplacement_bs2_staticreq_statictask,SCRUBBED_TIME+MAMBA2-BWB_BMPD640_4_2_18,False
16,7,16,1,0,0,512,489.28,48.63246329411764,bw,static,static,results,Results,Results_MAMBA21,MAMBA2-BWB-Results,simulator_output_MAMBA2-BWB_bwplacement_bs16_staticreq_statictask,SCRUBBED_TIME+MAMBA2-BWB_BMPD512_7_16_1,False
8,7,7,10,0,0,512,2237.65,48.86302823529412,bw,static,static,results,Results,Results_MAMBA21,MAMBA2-BWB-Results,simulator_output_MAMBA2-BWB_bwplacement_bs8_staticreq_statictask,SCRUBBED_TIME+MAMBA2-BWB_BMPD512_7_7_10,False
16,16,6,2,0,0,384,880.32,48.949252,bw,static,static,results,Results,Results_MAMBA21,MAMBA2-BWB-Results,simulator_output_MAMBA2-BWB_bwplacement_bs16_staticreq_statictask,SCRUBBED_TIME+MAMBA2-BWB_BMPD384_16_6_2,False
16,14,9,1,0,0,640,498.4,48.972309200000005,bw,static,static,results,Results,Results_MAMBA21,MAMBA2-BWB-Results,simulator_output_MAMBA2-BWB_bwplacement_bs16_staticreq_statictask,SCRUBBED_TIME+MAMBA2-BWB_BMPD640_14_9_1,False
16,2,17,5,0,0,256,1281.6,49.02332688888889,bw,static,static,results,Results,Results_MAMBA21,MAMBA2-BWB-Results,simulator_output_MAMBA2-BWB_bwplacement_bs16_staticreq_statictask,SCRUBBED_TIME+MAMBA2-BWB_BMPD256_2_17_5,False
2,14,1,9,0,0,640,391.47,49.0235388,bw,static,static,results,Results,Results_MAMBA21,MAMBA2-BWB-Results,simulator_output_MAMBA2-BWB_bwplacement_bs2_staticreq_statictask,SCRUBBED_TIME+MAMBA2-BWB_BMPD640_14_1_9,False
16,2,19,3,0,0,256,771.2,49.16440466666666,bw,static,static,results,Results,Results_MAMBA21,MAMBA2-BWB-Results,simulator_output_MAMBA2-BWB_bwplacement_bs16_staticreq_statictask,SCRUBBED_TIME+MAMBA2-BWB_BMPD256_2_19_3,False
16,9,9,6,0,0,256,1621.12,49.184904,bw,static,static,results,Results,Results_MAMBA21,MAMBA2-BWB-Results,simulator_output_MAMBA2-BWB_bwplacement_bs16_staticreq_statictask,SCRUBBED_TIME+MAMBA2-BWB_BMPD256_9_9_6,False
8,9,5,10,0,0,384,1921.18,49.2038984,bw,static,static,results,Results,Results_MAMBA21,MAMBA2-BWB-Results,simulator_output_MAMBA2-BWB_bwplacement_bs8_staticreq_statictask,SCRUBBED_TIME+MAMBA2-BWB_BMPD384_9_5_10,False
8,2,5,17,0,0,384,1308.8,49.2109384,bw,static,static,results,Results,Results_MAMBA21,MAMBA2-BWB-Results,simulator_output_MAMBA2-BWB_bwplacement_bs8_staticreq_statictask,SCRUBBED_TIME+MAMBA2-BWB_BMPD384_2_5_17,False
16,8,13,3,0,0,384,1340.8,49.2136265,bw,static,static,results,Results,Results_MAMBA21,MAMBA2-BWB-Results,simulator_output_MAMBA2-BWB_bwplacement_bs16_staticreq_statictask,SCRUBBED_TIME+MAMBA2-BWB_BMPD384_8_13_3,False
16,13,10,1,0,0,512,584.64,49.26271818181818,bw,static,static,results,Results,Results_MAMBA21,MAMBA2-BWB-Results,simulator_output_MAMBA2-BWB_bwplacement_bs16_staticreq_statictask,SCRUBBED_TIME+MAMBA2-BWB_BMPD512_13_10_1,False
16,8,11,5,0,0,256,1422.72,49.29821925,bw,static,static,results,Results,Results_MAMBA21,MAMBA2-BWB-Results,simulator_output_MAMBA2-BWB_bwplacement_bs16_staticreq_statictask,SCRUBBED_TIME+MAMBA2-BWB_BMPD256_8_11_5,False
16,2,19,3,0,0,384,1162.56,49.34225546666667,bw,static,static,results,Results,Results_MAMBA21,MAMBA2-BWB-Results,simulator_output_MAMBA2-BWB_bwplacement_bs16_staticreq_statictask,SCRUBBED_TIME+MAMBA2-BWB_BMPD384_2_19_3,False
16,10,11,3,0,0,384,1322.24,49.37536342857143,bw,static,static,results,Results,Results_MAMBA21,MAMBA2-BWB-Results,simulator_output_MAMBA2-BWB_bwplacement_bs16_staticreq_statictask,SCRUBBED_TIME+MAMBA2-BWB_BMPD384_10_11_3,False
16,2,21,1,0,0,256,273.6,49.413938,bw,static,static,results,Results,Results_MAMBA21,MAMBA2-BWB-Results,simulator_output_MAMBA2-BWB_bwplacement_bs16_staticreq_statictask,SCRUBBED_TIME+MAMBA2-BWB_BMPD256_2_21_1,False
8,4,7,13,0,0,384,2019.6,49.4397832,bw,static,static,results,Results,Results_MAMBA21,MAMBA2-BWB-Results,simulator_output_MAMBA2-BWB_bwplacement_bs8_staticreq_statictask,SCRUBBED_TIME+MAMBA2-BWB_BMPD384_4_7_13,False
16,13,8,3,0,0,512,1472.16,49.4483909090909,bw,static,static,results,Results,Results_MAMBA21,MAMBA2-BWB-Results,simulator_output_MAMBA2-BWB_bwplacement_bs16_staticreq_statictask,SCRUBBED_TIME+MAMBA2-BWB_BMPD512_13_8_3,False
8,6,6,12,0,0,384,2140.15,49.453436,bw,static,static,results,Results,Results_MAMBA21,MAMBA2-BWB-Results,simulator_output_MAMBA2-BWB_bwplacement_bs8_staticreq_statictask,SCRUBBED_TIME+MAMBA2-BWB_BMPD384_6_6_12,False
16,7,15,2,0,0,384,989.12,49.56213976470588,bw,static,static,results,Results,Results_MAMBA21,MAMBA2-BWB-Results,simulator_output_MAMBA2-BWB_bwplacement_bs16_staticreq_statictask,SCRUBBED_TIME+MAMBA2-BWB_BMPD384_7_15_2,False
4,13,2,9,0,0,512,902.39,49.64401272727272,bw,static,static,results,Results,Results_MAMBA21,MAMBA2-BWB-Results,simulator_output_MAMBA2-BWB_bwplacement_bs4_staticreq_statictask,SCRUBBED_TIME+MAMBA2-BWB_BMPD512_13_2_9,False
16,6,17,1,0,0,384,384.48,49.65324,bw,static,static,results,Results,Results_MAMBA21,MAMBA2-BWB-Results,simulator_output_MAMBA2-BWB_bwplacement_bs16_staticreq_statictask,SCRUBBED_TIME+MAMBA2-BWB_BMPD384_6_17_1,False
4,9,3,12,0,0,640,1161.77,49.7116984,bw,static,static,results,Results,Results_MAMBA21,MAMBA2-BWB-Results,simulator_output_MAMBA2-BWB_bwplacement_bs4_staticreq_statictask,SCRUBBED_TIME+MAMBA2-BWB_BMPD640_9_3_12,False
16,6,16,2,0,0,384,801.76,49.71747888888889,bw,static,static,results,Results,Results_MAMBA21,MAMBA2-BWB-Results,simulator_output_MAMBA2-BWB_bwplacement_bs16_staticreq_statictask,SCRUBBED_TIME+MAMBA2-BWB_BMPD384_6_16_2,False
4,14,2,8,0,0,640,817.43,49.7465332,bw,static,static,results,Results,Results_MAMBA21,MAMBA2-BWB-Results,simulator_output_MAMBA2-BWB_bwplacement_bs4_staticreq_statictask,SCRUBBED_TIME+MAMBA2-BWB_BMPD640_14_2_8,False
16,16,5,3,0,0,256,813.6,49.804903,bw,static,static,results,Results,Results_MAMBA21,MAMBA2-BWB-Results,simulator_output_MAMBA2-BWB_bwplacement_bs16_staticreq_statictask,SCRUBBED_TIME+MAMBA2-BWB_BMPD256_16_5_3,False
16,12,8,4,0,0,384,1684.48,49.845396,bw,static,static,results,Results,Results_MAMBA21,MAMBA2-BWB-Results,simulator_output_MAMBA2-BWB_bwplacement_bs16_staticreq_statictask,SCRUBBED_TIME+MAMBA2-BWB_BMPD384_12_8_4,False
16,2,20,2,0,0,256,556.0,49.87489355555555,bw,static,static,results,Results,Results_MAMBA21,MAMBA2-BWB-Results,simulator_output_MAMBA2-BWB_bwplacement_bs16_staticreq_statictask,SCRUBBED_TIME+MAMBA2-BWB_BMPD256_2_20_2,False
4,3,3,18,0,0,256,720.32,50.149533142857145,bw,static,static,results,Results,Results_MAMBA21,MAMBA2-BWB-Results,simulator_output_MAMBA2-BWB_bwplacement_bs4_staticreq_statictask,SCRUBBED_TIME+MAMBA2-BWB_BMPD256_3_3_18,False
8,4,6,14,0,0,256,1374.56,50.1550734,bw,static,static,results,Results,Results_MAMBA21,MAMBA2-BWB-Results,simulator_output_MAMBA2-BWB_bwplacement_bs8_staticreq_statictask,SCRUBBED_TIME+MAMBA2-BWB_BMPD256_4_6_14,False
16,5,18,1,0,0,384,407.52,50.176048,bw,static,static,results,Results,Results_MAMBA21,MAMBA2-BWB-Results,simulator_output_MAMBA2-BWB_bwplacement_bs16_staticreq_statictask,SCRUBBED_TIME+MAMBA2-BWB_BMPD384_5_18_1,False
16,13,9,2,0,0,512,1028.96,50.1786,bw,static,static,results,Results,Results_MAMBA21,MAMBA2-BWB-Results,simulator_output_MAMBA2-BWB_bwplacement_bs16_staticreq_statictask,SCRUBBED_TIME+MAMBA2-BWB_BMPD512_13_9_2,False
16,6,15,3,0,0,256,814.24,50.22473244444445,bw,static,static,results,Results,Results_MAMBA21,MAMBA2-BWB-Results,simulator_output_MAMBA2-BWB_bwplacement_bs16_staticreq_statictask,SCRUBBED_TIME+MAMBA2-BWB_BMPD256_6_15_3,False
2,10,1,13,0,0,256,335.14,50.235148571428574,bw,static,static,results,Results,Results_MAMBA21,MAMBA2-BWB-Results,simulator_output_MAMBA2-BWB_bwplacement_bs2_staticreq_statictask,SCRUBBED_TIME+MAMBA2-BWB_BMPD256_10_1_13,False
16,2,13,9,0,0,512,2558.56,50.27926566666667,bw,static,static,results,Results,Results_MAMBA21,MAMBA2-BWB-Results,simulator_output_MAMBA2-BWB_bwplacement_bs16_staticreq_statictask,SCRUBBED_TIME+MAMBA2-BWB_BMPD512_2_13_9,False
8,8,6,10,0,0,512,2160.85,50.29296225,bw,static,static,results,Results,Results_MAMBA21,MAMBA2-BWB-Results,simulator_output_MAMBA2-BWB_bwplacement_bs8_staticreq_statictask,SCRUBBED_TIME+MAMBA2-BWB_BMPD512_8_6_10,False
4,10,2,12,0,0,256,627.24,50.35538628571428,bw,static,static,results,Results,Results_MAMBA21,MAMBA2-BWB-Results,simulator_output_MAMBA2-BWB_bwplacement_bs4_staticreq_statictask,SCRUBBED_TIME+MAMBA2-BWB_BMPD256_10_2_12,False
16,10,8,6,0,0,256,1542.56,50.363884,bw,static,static,results,Results,Results_MAMBA21,MAMBA2-BWB-Results,simulator_output_MAMBA2-BWB_bwplacement_bs16_staticreq_statictask,SCRUBBED_TIME+MAMBA2-BWB_BMPD256_10_8_6,False
16,2,18,4,0,0,256,1028.96,50.374876888888885,bw,static,static,results,Results,Results_MAMBA21,MAMBA2-BWB-Results,simulator_output_MAMBA2-BWB_bwplacement_bs16_staticreq_statictask,SCRUBBED_TIME+MAMBA2-BWB_BMPD256_2_18_4,False
8,4,8,12,0,0,640,2157.76,50.3927336,bw,static,static,results,Results,Results_MAMBA21,MAMBA2-BWB-Results,simulator_output_MAMBA2-BWB_bwplacement_bs8_staticreq_statictask,SCRUBBED_TIME+MAMBA2-BWB_BMPD640_4_8_12,False
16,2,15,7,0,0,512,2491.52,50.52646566666667,bw,static,static,results,Results,Results_MAMBA21,MAMBA2-BWB-Results,simulator_output_MAMBA2-BWB_bwplacement_bs16_staticreq_statictask,SCRUBBED_TIME+MAMBA2-BWB_BMPD512_2_15_7,False
16,7,14,3,0,0,384,1310.24,50.538892705882354,bw,static,static,results,Results,Results_MAMBA21,MAMBA2-BWB-Results,simulator_output_MAMBA2-BWB_bwplacement_bs16_staticreq_statictask,SCRUBBED_TIME+MAMBA2-BWB_BMPD384_7_14_3,False
8,7,5,12,0,0,256,1340.24,50.63119552941176,bw,static,static,results,Results,Results_MAMBA21,MAMBA2-BWB-Results,simulator_output_MAMBA2-BWB_bwplacement_bs8_staticreq_statictask,SCRUBBED_TIME+MAMBA2-BWB_BMPD256_7_5_12,False
16,5,16,3,0,0,384,1098.88,50.65225852631578,bw,static,static,results,Results,Results_MAMBA21,MAMBA2-BWB-Results,simulator_output_MAMBA2-BWB_bwplacement_bs16_staticreq_statictask,SCRUBBED_TIME+MAMBA2-BWB_BMPD384_5_16_3,False
8,12,4,8,0,0,384,1619.92,50.65963833333333,bw,static,static,results,Results,Results_MAMBA21,MAMBA2-BWB-Results,simulator_output_MAMBA2-BWB_bwplacement_bs8_staticreq_statictask,SCRUBBED_TIME+MAMBA2-BWB_BMPD384_12_4_8,False
16,9,14,1,0,0,512,562.72,50.73101546666667,bw,static,static,results,Results,Results_MAMBA21,MAMBA2-BWB-Results,simulator_output_MAMBA2-BWB_bwplacement_bs16_staticreq_statictask,SCRUBBED_TIME+MAMBA2-BWB_BMPD512_9_14_1,False
16,15,7,2,0,0,384,878.24,50.74457555555555,bw,static,static,results,Results,Results_MAMBA21,MAMBA2-BWB-Results,simulator_output_MAMBA2-BWB_bwplacement_bs16_staticreq_statictask,SCRUBBED_TIME+MAMBA2-BWB_BMPD384_15_7_2,False
8,10,5,9,0,0,512,1935.59,50.75692285714286,bw,static,static,results,Results,Results_MAMBA21,MAMBA2-BWB-Results,simulator_output_MAMBA2-BWB_bwplacement_bs8_staticreq_statictask,SCRUBBED_TIME+MAMBA2-BWB_BMPD512_10_5_9,False
16,10,9,5,0,0,384,2061.44,50.84172771428572,bw,static,static,results,Results,Results_MAMBA21,MAMBA2-BWB-Results,simulator_output_MAMBA2-BWB_bwplacement_bs16_staticreq_statictask,SCRUBBED_TIME+MAMBA2-BWB_BMPD384_10_9_5,False
4,5,3,16,0,0,384,1188.48,50.84381431578947,bw,static,static,results,Results,Results_MAMBA21,MAMBA2-BWB-Results,simulator_output_MAMBA2-BWB_bwplacement_bs4_staticreq_statictask,SCRUBBED_TIME+MAMBA2-BWB_BMPD384_5_3_16,False
8,14,3,7,0,0,256,818.4,50.8796656,bw,static,static,results,Results,Results_MAMBA21,MAMBA2-BWB-Results,simulator_output_MAMBA2-BWB_bwplacement_bs8_staticreq_statictask,SCRUBBED_TIME+MAMBA2-BWB_BMPD256_14_3_7,False
8,8,7,9,0,0,640,1981.2,50.911469,bw,static,static,results,Results,Results_MAMBA21,MAMBA2-BWB-Results,simulator_output_MAMBA2-BWB_bwplacement_bs8_staticreq_statictask,SCRUBBED_TIME+MAMBA2-BWB_BMPD640_8_7_9,False
16,5,13,6,0,0,256,1558.72,51.00937789473684,bw,static,static,results,Results,Results_MAMBA21,MAMBA2-BWB-Results,simulator_output_MAMBA2-BWB_bwplacement_bs16_staticreq_statictask,SCRUBBED_TIME+MAMBA2-BWB_BMPD256_5_13_6,False
16,10,10,4,0,0,384,1694.08,51.078942,bw,static,static,results,Results,Results_MAMBA21,MAMBA2-BWB-Results,simulator_output_MAMBA2-BWB_bwplacement_bs16_staticreq_statictask,SCRUBBED_TIME+MAMBA2-BWB_BMPD384_10_10_4,False
16,8,10,6,0,0,256,1584.32,51.08670675,bw,static,static,results,Results,Results_MAMBA21,MAMBA2-BWB-Results,simulator_output_MAMBA2-BWB_bwplacement_bs16_staticreq_statictask,SCRUBBED_TIME+MAMBA2-BWB_BMPD256_8_10_6,False
16,13,7,4,0,0,256,1049.6,51.08824763636363,bw,static,static,results,Results,Results_MAMBA21,MAMBA2-BWB-Results,simulator_output_MAMBA2-BWB_bwplacement_bs16_staticreq_statictask,SCRUBBED_TIME+MAMBA2-BWB_BMPD256_13_7_4,False
8,2,5,17,0,0,640,1456.32,51.08896933333334,bw,static,static,results,Results,Results_MAMBA21,MAMBA2-BWB-Results,simulator_output_MAMBA2-BWB_bwplacement_bs8_staticreq_statictask,SCRUBBED_TIME+MAMBA2-BWB_BMPD640_2_5_17,False
16,12,10,2,0,0,512,1044.48,51.12865733333334,bw,static,static,results,Results,Results_MAMBA21,MAMBA2-BWB-Results,simulator_output_MAMBA2-BWB_bwplacement_bs16_staticreq_statictask,SCRUBBED_TIME+MAMBA2-BWB_BMPD512_12_10_2,False
16,16,7,1,0,0,512,483.04,51.151272,bw,static,static,results,Results,Results_MAMBA21,MAMBA2-BWB-Results,simulator_output_MAMBA2-BWB_bwplacement_bs16_staticreq_statictask,SCRUBBED_TIME+MAMBA2-BWB_BMPD512_16_7_1,False
8,16,3,5,0,0,512,1105.96,51.15922,bw,static,static,results,Results,Results_MAMBA21,MAMBA2-BWB-Results,simulator_output_MAMBA2-BWB_bwplacement_bs8_staticreq_statictask,SCRUBBED_TIME+MAMBA2-BWB_BMPD512_16_3_5,False
16,9,12,3,0,0,384,1279.36,51.23318213333333,bw,static,static,results,Results,Results_MAMBA21,MAMBA2-BWB-Results,simulator_output_MAMBA2-BWB_bwplacement_bs16_staticreq_statictask,SCRUBBED_TIME+MAMBA2-BWB_BMPD384_9_12_3,False
16,6,13,5,0,0,256,1349.92,51.272888,bw,static,static,results,Results,Results_MAMBA21,MAMBA2-BWB-Results,simulator_output_MAMBA2-BWB_bwplacement_bs16_staticreq_statictask,SCRUBBED_TIME+MAMBA2-BWB_BMPD256_6_13_5,False
8,3,7,14,0,0,384,1633.2,51.45934666666666,bw,static,static,results,Results,Results_MAMBA21,MAMBA2-BWB-Results,simulator_output_MAMBA2-BWB_bwplacement_bs8_staticreq_statictask,SCRUBBED_TIME+MAMBA2-BWB_BMPD384_3_7_14,False
16,2,17,5,0,0,640,1846.88,51.46840766666666,bw,static,static,results,Results,Results_MAMBA21,MAMBA2-BWB-Results,simulator_output_MAMBA2-BWB_bwplacement_bs16_staticreq_statictask,SCRUBBED_TIME+MAMBA2-BWB_BMPD640_2_17_5,False
16,2,20,2,0,0,640,878.08,51.52949933333333,bw,static,static,results,Results,Results_MAMBA21,MAMBA2-BWB-Results,simulator_output_MAMBA2-BWB_bwplacement_bs16_staticreq_statictask,SCRUBBED_TIME+MAMBA2-BWB_BMPD640_2_20_2,False
8,3,7,14,0,0,512,1936.56,51.561235777777775,bw,static,static,results,Results,Results_MAMBA21,MAMBA2-BWB-Results,simulator_output_MAMBA2-BWB_bwplacement_bs8_staticreq_statictask,SCRUBBED_TIME+MAMBA2-BWB_BMPD512_3_7_14,False
8,15,3,6,0,0,384,1077.12,51.561236,bw,static,static,results,Results,Results_MAMBA21,MAMBA2-BWB-Results,simulator_output_MAMBA2-BWB_bwplacement_bs8_staticreq_statictask,SCRUBBED_TIME+MAMBA2-BWB_BMPD384_15_3_6,False
8,6,7,11,0,0,512,2344.88,51.56133577777778,bw,static,static,results,Results,Results_MAMBA21,MAMBA2-BWB-Results,simulator_output_MAMBA2-BWB_bwplacement_bs8_staticreq_statictask,SCRUBBED_TIME+MAMBA2-BWB_BMPD512_6_7_11,False
8,10,4,10,0,0,256,1134.16,51.59331028571428,bw,static,static,results,Results,Results_MAMBA21,MAMBA2-BWB-Results,simulator_output_MAMBA2-BWB_bwplacement_bs8_staticreq_statictask,SCRUBBED_TIME+MAMBA2-BWB_BMPD256_10_4_10,False
16,2,19,3,0,0,640,1253.76,51.62923266666667,bw,static,static,results,Results,Results_MAMBA21,MAMBA2-BWB-Results,simulator_output_MAMBA2-BWB_bwplacement_bs16_staticreq_statictask,SCRUBBED_TIME+MAMBA2-BWB_BMPD640_2_19_3,False
8,12,5,7,0,0,640,1529.15,51.638202666666665,bw,static,static,results,Results,Results_MAMBA21,MAMBA2-BWB-Results,simulator_output_MAMBA2-BWB_bwplacement_bs8_staticreq_statictask,SCRUBBED_TIME+MAMBA2-BWB_BMPD640_12_5_7,False
16,2,16,6,0,0,384,1900.16,51.67053546666667,bw,static,static,results,Results,Results_MAMBA21,MAMBA2-BWB-Results,simulator_output_MAMBA2-BWB_bwplacement_bs16_staticreq_statictask,SCRUBBED_TIME+MAMBA2-BWB_BMPD384_2_16_6,False
16,10,13,1,0,0,512,573.12,51.67187771428571,bw,static,static,results,Results,Results_MAMBA21,MAMBA2-BWB-Results,simulator_output_MAMBA2-BWB_bwplacement_bs16_staticreq_statictask,SCRUBBED_TIME+MAMBA2-BWB_BMPD512_10_13_1,False
8,13,4,7,0,0,512,1484.01,51.71305818181818,bw,static,static,results,Results,Results_MAMBA21,MAMBA2-BWB-Results,simulator_output_MAMBA2-BWB_bwplacement_bs8_staticreq_statictask,SCRUBBED_TIME+MAMBA2-BWB_BMPD512_13_4_7,False
4,7,3,14,0,0,512,1295.0,51.7470454117647,bw,static,static,results,Results,Results_MAMBA21,MAMBA2-BWB-Results,simulator_output_MAMBA2-BWB_bwplacement_bs4_staticreq_statictask,SCRUBBED_TIME+MAMBA2-BWB_BMPD512_7_3_14,False
16,9,11,4,0,0,384,1720.0,51.7600688,bw,static,static,results,Results,Results_MAMBA21,MAMBA2-BWB-Results,simulator_output_MAMBA2-BWB_bwplacement_bs16_staticreq_statictask,SCRUBBED_TIME+MAMBA2-BWB_BMPD384_9_11_4,False
8,5,6,13,0,0,384,2064.88,51.79716905263158,bw,static,static,results,Results,Results_MAMBA21,MAMBA2-BWB-Results,simulator_output_MAMBA2-BWB_bwplacement_bs8_staticreq_statictask,SCRUBBED_TIME+MAMBA2-BWB_BMPD384_5_6_13,False
16,2,20,2,0,0,384,800.32,51.8657488,bw,static,static,results,Results,Results_MAMBA21,MAMBA2-BWB-Results,simulator_output_MAMBA2-BWB_bwplacement_bs16_staticreq_statictask,SCRUBBED_TIME+MAMBA2-BWB_BMPD384_2_20_2,False
16,14,6,4,0,0,256,1075.04,51.9591216,bw,static,static,results,Results,Results_MAMBA21,MAMBA2-BWB-Results,simulator_output_MAMBA2-BWB_bwplacement_bs16_staticreq_statictask,SCRUBBED_TIME+MAMBA2-BWB_BMPD256_14_6_4,False
2,11,1,12,0,0,384,472.1,51.964784615384616,bw,static,static,results,Results,Results_MAMBA21,MAMBA2-BWB-Results,simulator_output_MAMBA2-BWB_bwplacement_bs2_staticreq_statictask,SCRUBBED_TIME+MAMBA2-BWB_BMPD384_11_1_12,False
16,2,15,7,0,0,384,1938.56,51.992042133333335,bw,static,static,results,Results,Results_MAMBA21,MAMBA2-BWB-Results,simulator_output_MAMBA2-BWB_bwplacement_bs16_staticreq_statictask,SCRUBBED_TIME+MAMBA2-BWB_BMPD384_2_15_7,False
16,8,12,4,0,0,384,1711.04,52.03420775,bw,static,static,results,Results,Results_MAMBA21,MAMBA2-BWB-Results,simulator_output_MAMBA2-BWB_bwplacement_bs16_staticreq_statictask,SCRUBBED_TIME+MAMBA2-BWB_BMPD384_8_12_4,False
8,10,6,8,0,0,640,1904.5,52.126820571428574,bw,static,static,results,Results,Results_MAMBA21,MAMBA2-BWB-Results,simulator_output_MAMBA2-BWB_bwplacement_bs8_staticreq_statictask,SCRUBBED_TIME+MAMBA2-BWB_BMPD640_10_6_8,False
16,2,10,12,0,0,512,2534.56,52.19394066666666,bw,static,static,results,Results,Results_MAMBA21,MAMBA2-BWB-Results,simulator_output_MAMBA2-BWB_bwplacement_bs16_staticreq_statictask,SCRUBBED_TIME+MAMBA2-BWB_BMPD512_2_10_12,False
16,2,12,10,0,0,384,2167.36,52.225322133333336,bw,static,static,results,Results,Results_MAMBA21,MAMBA2-BWB-Results,simulator_output_MAMBA2-BWB_bwplacement_bs16_staticreq_statictask,SCRUBBED_TIME+MAMBA2-BWB_BMPD384_2_12_10,False
16,5,15,4,0,0,256,1044.96,52.232725263157896,bw,static,static,results,Results,Results_MAMBA21,MAMBA2-BWB-Results,simulator_output_MAMBA2-BWB_bwplacement_bs16_staticreq_statictask,SCRUBBED_TIME+MAMBA2-BWB_BMPD256_5_15_4,False
16,2,16,6,0,0,256,1391.36,52.25116577777778,bw,static,static,results,Results,Results_MAMBA21,MAMBA2-BWB-Results,simulator_output_MAMBA2-BWB_bwplacement_bs16_staticreq_statictask,SCRUBBED_TIME+MAMBA2-BWB_BMPD256_2_16_6,False
16,2,12,10,0,0,512,2550.24,52.25890733333333,bw,static,static,results,Results,Results_MAMBA21,MAMBA2-BWB-Results,simulator_output_MAMBA2-BWB_bwplacement_bs16_staticreq_statictask,SCRUBBED_TIME+MAMBA2-BWB_BMPD512_2_12_10,False
16,16,6,2,0,0,512,996.8,52.2805845,bw,static,static,results,Results,Results_MAMBA21,MAMBA2-BWB-Results,simulator_output_MAMBA2-BWB_bwplacement_bs16_staticreq_statictask,SCRUBBED_TIME+MAMBA2-BWB_BMPD512_16_6_2,False
4,11,2,11,0,0,384,932.04,52.31729784615385,bw,static,static,results,Results,Results_MAMBA21,MAMBA2-BWB-Results,simulator_output_MAMBA2-BWB_bwplacement_bs4_staticreq_statictask,SCRUBBED_TIME+MAMBA2-BWB_BMPD384_11_2_11,False
16,2,21,1,0,0,640,478.4,52.349974333333336,bw,static,static,results,Results,Results_MAMBA21,MAMBA2-BWB-Results,simulator_output_MAMBA2-BWB_bwplacement_bs16_staticreq_statictask,SCRUBBED_TIME+MAMBA2-BWB_BMPD640_2_21_1,False
8,3,6,15,0,0,256,1257.2,52.3522780952381,bw,static,static,results,Results,Results_MAMBA21,MAMBA2-BWB-Results,simulator_output_MAMBA2-BWB_bwplacement_bs8_staticreq_statictask,SCRUBBED_TIME+MAMBA2-BWB_BMPD256_3_6_15,False
16,4,18,2,0,0,256,471.84,52.389563200000005,bw,static,static,results,Results,Results_MAMBA21,MAMBA2-BWB-Results,simulator_output_MAMBA2-BWB_bwplacement_bs16_staticreq_statictask,SCRUBBED_TIME+MAMBA2-BWB_BMPD256_4_18_2,False
16,6,14,4,0,0,256,1102.08,52.408526888888886,bw,static,static,results,Results,Results_MAMBA21,MAMBA2-BWB-Results,simulator_output_MAMBA2-BWB_bwplacement_bs16_staticreq_statictask,SCRUBBED_TIME+MAMBA2-BWB_BMPD256_6_14_4,False
16,14,8,2,0,0,640,848.48,52.4230592,bw,static,static,results,Results,Results_MAMBA21,MAMBA2-BWB-Results,simulator_output_MAMBA2-BWB_bwplacement_bs16_staticreq_statictask,SCRUBBED_TIME+MAMBA2-BWB_BMPD640_14_8_2,False
16,12,11,1,0,0,512,536.48,52.43980733333333,bw,static,static,results,Results,Results_MAMBA21,MAMBA2-BWB-Results,simulator_output_MAMBA2-BWB_bwplacement_bs16_staticreq_statictask,SCRUBBED_TIME+MAMBA2-BWB_BMPD512_12_11_1,False
8,8,5,11,0,0,384,1965.94,52.4414605,bw,static,static,results,Results,Results_MAMBA21,MAMBA2-BWB-Results,simulator_output_MAMBA2-BWB_bwplacement_bs8_staticreq_statictask,SCRUBBED_TIME+MAMBA2-BWB_BMPD384_8_5_11,False
16,2,16,6,0,0,640,1965.44,52.46194933333334,bw,static,static,results,Results,Results_MAMBA21,MAMBA2-BWB-Results,simulator_output_MAMBA2-BWB_bwplacement_bs16_staticreq_statictask,SCRUBBED_TIME+MAMBA2-BWB_BMPD640_2_16_6,False
2,12,1,11,0,0,512,479.28,52.51081066666666,bw,static,static,results,Results,Results_MAMBA21,MAMBA2-BWB-Results,simulator_output_MAMBA2-BWB_bwplacement_bs2_staticreq_statictask,SCRUBBED_TIME+MAMBA2-BWB_BMPD512_12_1_11,False
2,2,1,21,0,0,512,365.94,52.511044,bw,static,static,results,Results,Results_MAMBA21,MAMBA2-BWB-Results,simulator_output_MAMBA2-BWB_bwplacement_bs2_staticreq_statictask,SCRUBBED_TIME+MAMBA2-BWB_BMPD512_2_1_21,False
16,2,14,8,0,0,384,1892.16,52.621855466666666,bw,static,static,results,Results,Results_MAMBA21,MAMBA2-BWB-Results,simulator_output_MAMBA2-BWB_bwplacement_bs16_staticreq_statictask,SCRUBBED_TIME+MAMBA2-BWB_BMPD384_2_14_8,False
16,7,13,4,0,0,384,1670.4,52.64427505882352,bw,static,static,results,Results,Results_MAMBA21,MAMBA2-BWB-Results,simulator_output_MAMBA2-BWB_bwplacement_bs16_staticreq_statictask,SCRUBBED_TIME+MAMBA2-BWB_BMPD384_7_13_4,False
16,7,11,6,0,0,256,1558.24,52.69147176470588,bw,static,static,results,Results,Results_MAMBA21,MAMBA2-BWB-Results,simulator_output_MAMBA2-BWB_bwplacement_bs16_staticreq_statictask,SCRUBBED_TIME+MAMBA2-BWB_BMPD256_7_11_6,False
16,7,12,5,0,0,256,1344.48,52.735089411764704,bw,static,static,results,Results,Results_MAMBA21,MAMBA2-BWB-Results,simulator_output_MAMBA2-BWB_bwplacement_bs16_staticreq_statictask,SCRUBBED_TIME+MAMBA2-BWB_BMPD256_7_12_5,False
16,2,15,7,0,0,256,1532.16,52.78120466666667,bw,static,static,results,Results,Results_MAMBA21,MAMBA2-BWB-Results,simulator_output_MAMBA2-BWB_bwplacement_bs16_staticreq_statictask,SCRUBBED_TIME+MAMBA2-BWB_BMPD256_2_15_7,False
16,13,9,2,0,0,640,912.32,52.79640436363637,bw,static,static,results,Results,Results_MAMBA21,MAMBA2-BWB-Results,simulator_output_MAMBA2-BWB_bwplacement_bs16_staticreq_statictask,SCRUBBED_TIME+MAMBA2-BWB_BMPD640_13_9_2,False
4,4,3,17,0,0,384,1020.4,52.911697,bw,static,static,results,Results,Results_MAMBA21,MAMBA2-BWB-Results,simulator_output_MAMBA2-BWB_bwplacement_bs4_staticreq_statictask,SCRUBBED_TIME+MAMBA2-BWB_BMPD384_4_3_17,False
16,2,18,4,0,0,640,1610.56,52.96729933333334,bw,static,static,results,Results,Results_MAMBA21,MAMBA2-BWB-Results,simulator_output_MAMBA2-BWB_bwplacement_bs16_staticreq_statictask,SCRUBBED_TIME+MAMBA2-BWB_BMPD640_2_18_4,False
16,2,13,9,0,0,256,1780.32,53.00159355555555,bw,static,static,results,Results,Results_MAMBA21,MAMBA2-BWB-Results,simulator_output_MAMBA2-BWB_bwplacement_bs16_staticreq_statictask,SCRUBBED_TIME+MAMBA2-BWB_BMPD256_2_13_9,False
8,6,5,13,0,0,256,1417.6,53.009637777777776,bw,static,static,results,Results,Results_MAMBA21,MAMBA2-BWB-Results,simulator_output_MAMBA2-BWB_bwplacement_bs8_staticreq_statictask,SCRUBBED_TIME+MAMBA2-BWB_BMPD256_6_5_13,False
8,2,5,17,0,0,256,1283.12,53.01623222222222,bw,static,static,results,Results,Results_MAMBA21,MAMBA2-BWB-Results,simulator_output_MAMBA2-BWB_bwplacement_bs8_staticreq_statictask,SCRUBBED_TIME+MAMBA2-BWB_BMPD256_2_5_17,False
8,14,4,6,0,0,640,1284.12,53.0310752,bw,static,static,results,Results,Results_MAMBA21,MAMBA2-BWB-Results,simulator_output_MAMBA2-BWB_bwplacement_bs8_staticreq_statictask,SCRUBBED_TIME+MAMBA2-BWB_BMPD640_14_4_6,False
16,8,9,7,0,0,256,1648.0,53.05629425,bw,static,static,results,Results,Results_MAMBA21,MAMBA2-BWB-Results,simulator_output_MAMBA2-BWB_bwplacement_bs16_staticreq_statictask,SCRUBBED_TIME+MAMBA2-BWB_BMPD256_8_9_7,False
8,7,6,11,0,0,512,2265.84,53.16254,bw,static,static,results,Results,Results_MAMBA21,MAMBA2-BWB-Results,simulator_output_MAMBA2-BWB_bwplacement_bs8_staticreq_statictask,SCRUBBED_TIME+MAMBA2-BWB_BMPD512_7_6_11,False
16,5,17,2,0,0,384,729.76,53.204063789473686,bw,static,static,results,Results,Results_MAMBA21,MAMBA2-BWB-Results,simulator_output_MAMBA2-BWB_bwplacement_bs16_staticreq_statictask,SCRUBBED_TIME+MAMBA2-BWB_BMPD384_5_17_2,False
16,2,13,9,0,0,384,2024.48,53.21483546666667,bw,static,static,results,Results,Results_MAMBA21,MAMBA2-BWB-Results,simulator_output_MAMBA2-BWB_bwplacement_bs16_staticreq_statictask,SCRUBBED_TIME+MAMBA2-BWB_BMPD384_2_13_9,False
4,8,3,13,0,0,640,1213.8,53.2407655,bw,static,static,results,Results,Results_MAMBA21,MAMBA2-BWB-Results,simulator_output_MAMBA2-BWB_bwplacement_bs4_staticreq_statictask,SCRUBBED_TIME+MAMBA2-BWB_BMPD640_8_3_13,False
2,13,1,10,0,0,640,435.02,53.320418545454544,bw,static,static,results,Results,Results_MAMBA21,MAMBA2-BWB-Results,simulator_output_MAMBA2-BWB_bwplacement_bs2_staticreq_statictask,SCRUBBED_TIME+MAMBA2-BWB_BMPD640_13_1_10,False
16,11,8,5,0,0,384,1928.0,53.33013876923077,bw,static,static,results,Results,Results_MAMBA21,MAMBA2-BWB-Results,simulator_output_MAMBA2-BWB_bwplacement_bs16_staticreq_statictask,SCRUBBED_TIME+MAMBA2-BWB_BMPD384_11_8_5,False
16,12,9,3,0,0,512,1409.12,53.387999,bw,static,static,results,Results,Results_MAMBA21,MAMBA2-BWB-Results,simulator_output_MAMBA2-BWB_bwplacement_bs16_staticreq_statictask,SCRUBBED_TIME+MAMBA2-BWB_BMPD512_12_9_3,False
16,2,9,13,0,0,512,2565.12,53.41971566666666,bw,static,static,results,Results,Results_MAMBA21,MAMBA2-BWB-Results,simulator_output_MAMBA2-BWB_bwplacement_bs16_staticreq_statictask,SCRUBBED_TIME+MAMBA2-BWB_BMPD512_2_9_13,False
16,16,5,3,0,0,384,1180.96,53.484927,bw,static,static,results,Results,Results_MAMBA21,MAMBA2-BWB-Results,simulator_output_MAMBA2-BWB_bwplacement_bs16_staticreq_statictask,SCRUBBED_TIME+MAMBA2-BWB_BMPD384_16_5_3,False
16,2,11,11,0,0,384,2066.08,53.5012088,bw,static,static,results,Results,Results_MAMBA21,MAMBA2-BWB-Results,simulator_output_MAMBA2-BWB_bwplacement_bs16_staticreq_statictask,SCRUBBED_TIME+MAMBA2-BWB_BMPD384_2_11_11,False
16,13,10,1,0,0,640,468.0,53.52789527272727,bw,static,static,results,Results,Results_MAMBA21,MAMBA2-BWB-Results,simulator_output_MAMBA2-BWB_bwplacement_bs16_staticreq_statictask,SCRUBBED_TIME+MAMBA2-BWB_BMPD640_13_10_1,False
2,9,1,14,0,0,256,316.32,53.5443856,bw,static,static,results,Results,Results_MAMBA21,MAMBA2-BWB-Results,simulator_output_MAMBA2-BWB_bwplacement_bs2_staticreq_statictask,SCRUBBED_TIME+MAMBA2-BWB_BMPD256_9_1_14,False
4,9,2,13,0,0,256,650.08,53.553859466666665,bw,static,static,results,Results,Results_MAMBA21,MAMBA2-BWB-Results,simulator_output_MAMBA2-BWB_bwplacement_bs4_staticreq_statictask,SCRUBBED_TIME+MAMBA2-BWB_BMPD256_9_2_13,False
8,7,7,10,0,0,640,2071.52,53.57472117647058,bw,static,static,results,Results,Results_MAMBA21,MAMBA2-BWB-Results,simulator_output_MAMBA2-BWB_bwplacement_bs8_staticreq_statictask,SCRUBBED_TIME+MAMBA2-BWB_BMPD640_7_7_10,False
16,9,13,2,0,0,512,1053.44,53.6783488,bw,static,static,results,Results,Results_MAMBA21,MAMBA2-BWB-Results,simulator_output_MAMBA2-BWB_bwplacement_bs16_staticreq_statictask,SCRUBBED_TIME+MAMBA2-BWB_BMPD512_9_13_2,False
16,6,14,4,0,0,384,1627.68,53.72487888888889,bw,static,static,results,Results,Results_MAMBA21,MAMBA2-BWB-Results,simulator_output_MAMBA2-BWB_bwplacement_bs16_staticreq_statictask,SCRUBBED_TIME+MAMBA2-BWB_BMPD384_6_14_4,False
16,8,14,2,0,0,512,1022.72,53.7284305,bw,static,static,results,Results,Results_MAMBA21,MAMBA2-BWB-Results,simulator_output_MAMBA2-BWB_bwplacement_bs16_staticreq_statictask,SCRUBBED_TIME+MAMBA2-BWB_BMPD512_8_14_2,False
16,15,6,3,0,0,384,1185.76,53.77152,bw,static,static,results,Results,Results_MAMBA21,MAMBA2-BWB-Results,simulator_output_MAMBA2-BWB_bwplacement_bs16_staticreq_statictask,SCRUBBED_TIME+MAMBA2-BWB_BMPD384_15_6_3,False
16,12,8,4,0,0,512,1846.88,53.790149,bw,static,static,results,Results,Results_MAMBA21,MAMBA2-BWB-Results,simulator_output_MAMBA2-BWB_bwplacement_bs16_staticreq_statictask,SCRUBBED_TIME+MAMBA2-BWB_BMPD512_12_8_4,False
16,2,8,14,0,0,512,2585.12,53.79083233333333,bw,static,static,results,Results,Results_MAMBA21,MAMBA2-BWB-Results,simulator_output_MAMBA2-BWB_bwplacement_bs16_staticreq_statictask,SCRUBBED_TIME+MAMBA2-BWB_BMPD512_2_8_14,False
8,5,7,12,0,0,512,2195.53,53.80382463157895,bw,static,static,results,Results,Results_MAMBA21,MAMBA2-BWB-Results,simulator_output_MAMBA2-BWB_bwplacement_bs8_staticreq_statictask,SCRUBBED_TIME+MAMBA2-BWB_BMPD512_5_7_12,False
8,4,6,14,0,0,384,1861.36,53.816903200000006,bw,static,static,results,Results,Results_MAMBA21,MAMBA2-BWB-Results,simulator_output_MAMBA2-BWB_bwplacement_bs8_staticreq_statictask,SCRUBBED_TIME+MAMBA2-BWB_BMPD384_4_6_14,False
16,9,8,7,0,0,256,1584.32,53.840370666666665,bw,static,static,results,Results,Results_MAMBA21,MAMBA2-BWB-Results,simulator_output_MAMBA2-BWB_bwplacement_bs16_staticreq_statictask,SCRUBBED_TIME+MAMBA2-BWB_BMPD256_9_8_7,False
16,7,10,7,0,0,256,1664.8,53.90509529411764,bw,static,static,results,Results,Results_MAMBA21,MAMBA2-BWB-Results,simulator_output_MAMBA2-BWB_bwplacement_bs16_staticreq_statictask,SCRUBBED_TIME+MAMBA2-BWB_BMPD256_7_10_7,False
16,2,14,8,0,0,256,1849.44,53.93622688888889,bw,static,static,results,Results,Results_MAMBA21,MAMBA2-BWB-Results,simulator_output_MAMBA2-BWB_bwplacement_bs16_staticreq_statictask,SCRUBBED_TIME+MAMBA2-BWB_BMPD256_2_14_8,False
16,11,10,3,0,0,512,1415.52,53.94500923076923,bw,static,static,results,Results,Results_MAMBA21,MAMBA2-BWB-Results,simulator_output_MAMBA2-BWB_bwplacement_bs16_staticreq_statictask,SCRUBBED_TIME+MAMBA2-BWB_BMPD512_11_10_3,False
8,9,5,10,0,0,512,1979.53,53.980389333333335,bw,static,static,results,Results,Results_MAMBA21,MAMBA2-BWB-Results,simulator_output_MAMBA2-BWB_bwplacement_bs8_staticreq_statictask,SCRUBBED_TIME+MAMBA2-BWB_BMPD512_9_5_10,False
16,15,5,4,0,0,256,978.08,53.98346177777778,bw,static,static,results,Results,Results_MAMBA21,MAMBA2-BWB-Results,simulator_output_MAMBA2-BWB_bwplacement_bs16_staticreq_statictask,SCRUBBED_TIME+MAMBA2-BWB_BMPD256_15_5_4,False
16,12,7,5,0,0,256,1218.88,53.984299666666665,bw,static,static,results,Results,Results_MAMBA21,MAMBA2-BWB-Results,simulator_output_MAMBA2-BWB_bwplacement_bs16_staticreq_statictask,SCRUBBED_TIME+MAMBA2-BWB_BMPD256_12_7_5,False
16,11,12,1,0,0,512,543.68,54.00174,bw,static,static,results,Results,Results_MAMBA21,MAMBA2-BWB-Results,simulator_output_MAMBA2-BWB_bwplacement_bs16_staticreq_statictask,SCRUBBED_TIME+MAMBA2-BWB_BMPD512_11_12_1,False
8,11,4,9,0,0,384,1551.76,54.01347292307692,bw,static,static,results,Results,Results_MAMBA21,MAMBA2-BWB-Results,simulator_output_MAMBA2-BWB_bwplacement_bs8_staticreq_statictask,SCRUBBED_TIME+MAMBA2-BWB_BMPD384_11_4_9,False
16,3,19,2,0,0,256,488.16,54.01385580952381,bw,static,static,results,Results,Results_MAMBA21,MAMBA2-BWB-Results,simulator_output_MAMBA2-BWB_bwplacement_bs16_staticreq_statictask,SCRUBBED_TIME+MAMBA2-BWB_BMPD256_3_19_2,False
4,12,2,10,0,0,512,911.55,54.068326,bw,static,static,results,Results,Results_MAMBA21,MAMBA2-BWB-Results,simulator_output_MAMBA2-BWB_bwplacement_bs4_staticreq_statictask,SCRUBBED_TIME+MAMBA2-BWB_BMPD512_12_2_10,False
4,2,2,20,0,0,512,692.92,54.06839266666666,bw,static,static,results,Results,Results_MAMBA21,MAMBA2-BWB-Results,simulator_output_MAMBA2-BWB_bwplacement_bs4_staticreq_statictask,SCRUBBED_TIME+MAMBA2-BWB_BMPD512_2_2_20,False
16,8,11,5,0,0,384,1998.72,54.08729525,bw,static,static,results,Results,Results_MAMBA21,MAMBA2-BWB-Results,simulator_output_MAMBA2-BWB_bwplacement_bs16_staticreq_statictask,SCRUBBED_TIME+MAMBA2-BWB_BMPD384_8_11_5,False
16,2,11,11,0,0,256,2058.56,54.15147688888889,bw,static,static,results,Results,Results_MAMBA21,MAMBA2-BWB-Results,simulator_output_MAMBA2-BWB_bwplacement_bs16_staticreq_statictask,SCRUBBED_TIME+MAMBA2-BWB_BMPD256_2_11_11,False
4,6,3,15,0,0,512,1275.03,54.15781422222222,bw,static,static,results,Results,Results_MAMBA21,MAMBA2-BWB-Results,simulator_output_MAMBA2-BWB_bwplacement_bs4_staticreq_statictask,SCRUBBED_TIME+MAMBA2-BWB_BMPD512_6_3_15,False
4,3,3,18,0,0,512,926.8,54.15781422222222,bw,static,static,results,Results,Results_MAMBA21,MAMBA2-BWB-Results,simulator_output_MAMBA2-BWB_bwplacement_bs4_staticreq_statictask,SCRUBBED_TIME+MAMBA2-BWB_BMPD512_3_3_18,False
16,6,15,3,0,0,384,1292.48,54.17654555555555,bw,static,static,results,Results,Results_MAMBA21,MAMBA2-BWB-Results,simulator_output_MAMBA2-BWB_bwplacement_bs16_staticreq_statictask,SCRUBBED_TIME+MAMBA2-BWB_BMPD384_6_15_3,False
16,3,18,3,0,0,256,671.36,54.186317714285714,bw,static,static,results,Results,Results_MAMBA21,MAMBA2-BWB-Results,simulator_output_MAMBA2-BWB_bwplacement_bs16_staticreq_statictask,SCRUBBED_TIME+MAMBA2-BWB_BMPD256_3_18_3,False
16,14,7,3,0,0,384,1158.4,54.1878972,bw,static,static,results,Results,Results_MAMBA21,MAMBA2-BWB-Results,simulator_output_MAMBA2-BWB_bwplacement_bs16_staticreq_statictask,SCRUBBED_TIME+MAMBA2-BWB_BMPD384_14_7_3,False
16,2,11,11,0,0,512,2490.08,54.23575733333334,bw,static,static,results,Results,Results_MAMBA21,MAMBA2-BWB-Results,simulator_output_MAMBA2-BWB_bwplacement_bs16_staticreq_statictask,SCRUBBED_TIME+MAMBA2-BWB_BMPD512_2_11_11,False
16,8,15,1,0,0,512,512.64,54.2406555,bw,static,static,results,Results,Results_MAMBA21,MAMBA2-BWB-Results,simulator_output_MAMBA2-BWB_bwplacement_bs16_staticreq_statictask,SCRUBBED_TIME+MAMBA2-BWB_BMPD512_8_15_1,False
16,7,16,1,0,0,640,414.4,54.2807705882353,bw,static,static,results,Results,Results_MAMBA21,MAMBA2-BWB-Results,simulator_output_MAMBA2-BWB_bwplacement_bs16_staticreq_statictask,SCRUBBED_TIME+MAMBA2-BWB_BMPD640_7_16_1,False
8,11,5,8,0,0,640,1797.07,54.298051692307695,bw,static,static,results,Results,Results_MAMBA21,MAMBA2-BWB-Results,simulator_output_MAMBA2-BWB_bwplacement_bs8_staticreq_statictask,SCRUBBED_TIME+MAMBA2-BWB_BMPD640_11_5_8,False
16,4,16,4,0,0,256,925.92,54.309938200000005,bw,static,static,results,Results,Results_MAMBA21,MAMBA2-BWB-Results,simulator_output_MAMBA2-BWB_bwplacement_bs16_staticreq_statictask,SCRUBBED_TIME+MAMBA2-BWB_BMPD256_4_16_4,False
16,3,17,4,0,0,256,886.88,54.33582723809524,bw,static,static,results,Results,Results_MAMBA21,MAMBA2-BWB-Results,simulator_output_MAMBA2-BWB_bwplacement_bs16_staticreq_statictask,SCRUBBED_TIME+MAMBA2-BWB_BMPD256_3_17_4,False
16,9,10,5,0,0,384,1934.08,54.34433546666667,bw,static,static,results,Results,Results_MAMBA21,MAMBA2-BWB-Results,simulator_output_MAMBA2-BWB_bwplacement_bs16_staticreq_statictask,SCRUBBED_TIME+MAMBA2-BWB_BMPD384_9_10_5,False
16,3,16,5,0,0,256,1116.8,54.35728438095238,bw,static,static,results,Results,Results_MAMBA21,MAMBA2-BWB-Results,simulator_output_MAMBA2-BWB_bwplacement_bs16_staticreq_statictask,SCRUBBED_TIME+MAMBA2-BWB_BMPD256_3_16_5,False
16,4,18,2,0,0,384,683.2,54.3917812,bw,static,static,results,Results,Results_MAMBA21,MAMBA2-BWB-Results,simulator_output_MAMBA2-BWB_bwplacement_bs16_staticreq_statictask,SCRUBBED_TIME+MAMBA2-BWB_BMPD384_4_18_2,False
16,4,13,7,0,0,256,1462.24,54.436058200000005,bw,static,static,results,Results,Results_MAMBA21,MAMBA2-BWB-Results,simulator_output_MAMBA2-BWB_bwplacement_bs16_staticreq_statictask,SCRUBBED_TIME+MAMBA2-BWB_BMPD256_4_13_7,False
16,2,9,13,0,0,384,2132.96,54.63726213333333,bw,static,static,results,Results,Results_MAMBA21,MAMBA2-BWB-Results,simulator_output_MAMBA2-BWB_bwplacement_bs16_staticreq_statictask,SCRUBBED_TIME+MAMBA2-BWB_BMPD384_2_9_13,False
16,9,9,6,0,0,384,2226.4,54.65056213333333,bw,static,static,results,Results,Results_MAMBA21,MAMBA2-BWB-Results,simulator_output_MAMBA2-BWB_bwplacement_bs16_staticreq_statictask,SCRUBBED_TIME+MAMBA2-BWB_BMPD384_9_9_6,False
4,13,2,9,0,0,640,869.18,54.662912727272726,bw,static,static,results,Results,Results_MAMBA21,MAMBA2-BWB-Results,simulator_output_MAMBA2-BWB_bwplacement_bs4_staticreq_statictask,SCRUBBED_TIME+MAMBA2-BWB_BMPD640_13_2_9,False
16,4,19,1,0,0,256,243.68,54.6915932,bw,static,static,results,Results,Results_MAMBA21,MAMBA2-BWB-Results,simulator_output_MAMBA2-BWB_bwplacement_bs16_staticreq_statictask,SCRUBBED_TIME+MAMBA2-BWB_BMPD256_4_19_1,False
8,9,6,9,0,0,640,1818.03,54.69661573333333,bw,static,static,results,Results,Results_MAMBA21,MAMBA2-BWB-Results,simulator_output_MAMBA2-BWB_bwplacement_bs8_staticreq_statictask,SCRUBBED_TIME+MAMBA2-BWB_BMPD640_9_6_9,False
16,2,15,7,0,0,640,2015.36,54.85723266666666,bw,static,static,results,Results,Results_MAMBA21,MAMBA2-BWB-Results,simulator_output_MAMBA2-BWB_bwplacement_bs16_staticreq_statictask,SCRUBBED_TIME+MAMBA2-BWB_BMPD640_2_15_7,False
16,5,14,5,0,0,256,1253.6,54.91732,bw,static,static,results,Results,Results_MAMBA21,MAMBA2-BWB-Results,simulator_output_MAMBA2-BWB_bwplacement_bs16_staticreq_statictask,SCRUBBED_TIME+MAMBA2-BWB_BMPD256_5_14_5,False
8,9,4,11,0,0,256,1120.32,54.928564,bw,static,static,results,Results,Results_MAMBA21,MAMBA2-BWB-Results,simulator_output_MAMBA2-BWB_bwplacement_bs8_staticreq_statictask,SCRUBBED_TIME+MAMBA2-BWB_BMPD256_9_4_11,False
16,2,10,12,0,0,384,2068.64,54.95702213333333,bw,static,static,results,Results,Results_MAMBA21,MAMBA2-BWB-Results,simulator_output_MAMBA2-BWB_bwplacement_bs16_staticreq_statictask,SCRUBBED_TIME+MAMBA2-BWB_BMPD384_2_10_12,False
16,11,11,2,0,0,512,1059.52,54.98819384615385,bw,static,static,results,Results,Results_MAMBA21,MAMBA2-BWB-Results,simulator_output_MAMBA2-BWB_bwplacement_bs16_staticreq_statictask,SCRUBBED_TIME+MAMBA2-BWB_BMPD512_11_11_2,False
16,5,11,8,0,0,256,1984.16,55.07229894736842,bw,static,static,results,Results,Results_MAMBA21,MAMBA2-BWB-Results,simulator_output_MAMBA2-BWB_bwplacement_bs16_staticreq_statictask,SCRUBBED_TIME+MAMBA2-BWB_BMPD256_5_11_8,False
16,2,14,8,0,0,640,2160.16,55.093966,bw,static,static,results,Results,Results_MAMBA21,MAMBA2-BWB-Results,simulator_output_MAMBA2-BWB_bwplacement_bs16_staticreq_statictask,SCRUBBED_TIME+MAMBA2-BWB_BMPD640_2_14_8,False
16,6,11,7,0,0,256,1612.8,55.28439911111112,bw,static,static,results,Results,Results_MAMBA21,MAMBA2-BWB-Results,simulator_output_MAMBA2-BWB_bwplacement_bs16_staticreq_statictask,SCRUBBED_TIME+MAMBA2-BWB_BMPD256_6_11_7,False
4,3,3,18,0,0,384,774.44,55.29863733333334,bw,static,static,results,Results,Results_MAMBA21,MAMBA2-BWB-Results,simulator_output_MAMBA2-BWB_bwplacement_bs4_staticreq_statictask,SCRUBBED_TIME+MAMBA2-BWB_BMPD384_3_3_18,False
16,15,7,2,0,0,512,982.08,55.411993777777774,bw,static,static,results,Results,Results_MAMBA21,MAMBA2-BWB-Results,simulator_output_MAMBA2-BWB_bwplacement_bs16_staticreq_statictask,SCRUBBED_TIME+MAMBA2-BWB_BMPD512_15_7_2,False
8,7,5,12,0,0,384,1874.96,55.44287647058824,bw,static,static,results,Results,Results_MAMBA21,MAMBA2-BWB-Results,simulator_output_MAMBA2-BWB_bwplacement_bs8_staticreq_statictask,SCRUBBED_TIME+MAMBA2-BWB_BMPD384_7_5_12,False
16,5,14,5,0,0,384,1748.32,55.57757431578948,bw,static,static,results,Results,Results_MAMBA21,MAMBA2-BWB-Results,simulator_output_MAMBA2-BWB_bwplacement_bs16_staticreq_statictask,SCRUBBED_TIME+MAMBA2-BWB_BMPD384_5_14_5,False
2,10,1,13,0,0,384,465.74,55.61562342857143,bw,static,static,results,Results,Results_MAMBA21,MAMBA2-BWB-Results,simulator_output_MAMBA2-BWB_bwplacement_bs2_staticreq_statictask,SCRUBBED_TIME+MAMBA2-BWB_BMPD384_10_1_13,False
8,12,4,8,0,0,512,1722.64,55.625565,bw,static,static,results,Results,Results_MAMBA21,MAMBA2-BWB-Results,simulator_output_MAMBA2-BWB_bwplacement_bs8_staticreq_statictask,SCRUBBED_TIME+MAMBA2-BWB_BMPD512_12_4_8,False
8,2,4,18,0,0,512,1348.64,55.625565,bw,static,static,results,Results,Results_MAMBA21,MAMBA2-BWB-Results,simulator_output_MAMBA2-BWB_bwplacement_bs8_staticreq_statictask,SCRUBBED_TIME+MAMBA2-BWB_BMPD512_2_4_18,False
16,4,15,5,0,0,256,1144.48,55.6334282,bw,static,static,results,Results,Results_MAMBA21,MAMBA2-BWB-Results,simulator_output_MAMBA2-BWB_bwplacement_bs16_staticreq_statictask,SCRUBBED_TIME+MAMBA2-BWB_BMPD256_4_15_5,False
8,5,5,14,0,0,256,1300.48,55.7283172631579,bw,static,static,results,Results,Results_MAMBA21,MAMBA2-BWB-Results,simulator_output_MAMBA2-BWB_bwplacement_bs8_staticreq_statictask,SCRUBBED_TIME+MAMBA2-BWB_BMPD256_5_5_14,False
4,10,2,12,0,0,384,884.6,55.78149057142858,bw,static,static,results,Results,Results_MAMBA21,MAMBA2-BWB-Results,simulator_output_MAMBA2-BWB_bwplacement_bs4_staticreq_statictask,SCRUBBED_TIME+MAMBA2-BWB_BMPD384_10_2_12,False
16,2,13,9,0,0,640,2083.52,55.81458266666667,bw,static,static,results,Results,Results_MAMBA21,MAMBA2-BWB-Results,simulator_output_MAMBA2-BWB_bwplacement_bs16_staticreq_statictask,SCRUBBED_TIME+MAMBA2-BWB_BMPD640_2_13_9,False
16,6,16,2,0,0,512,799.2,55.841142,bw,static,static,results,Results,Results_MAMBA21,MAMBA2-BWB-Results,simulator_output_MAMBA2-BWB_bwplacement_bs16_staticreq_statictask,SCRUBBED_TIME+MAMBA2-BWB_BMPD512_6_16_2,False
16,6,12,6,0,0,256,1491.52,55.90865466666666,bw,static,static,results,Results,Results_MAMBA21,MAMBA2-BWB-Results,simulator_output_MAMBA2-BWB_bwplacement_bs16_staticreq_statictask,SCRUBBED_TIME+MAMBA2-BWB_BMPD256_6_12_6,False
8,13,3,8,0,0,256,936.64,55.93398218181818,bw,static,static,results,Results,Results_MAMBA21,MAMBA2-BWB-Results,simulator_output_MAMBA2-BWB_bwplacement_bs8_staticreq_statictask,SCRUBBED_TIME+MAMBA2-BWB_BMPD256_13_3_8,False
16,16,7,1,0,0,640,440.16,55.9732915,bw,static,static,results,Results,Results_MAMBA21,MAMBA2-BWB-Results,simulator_output_MAMBA2-BWB_bwplacement_bs16_staticreq_statictask,SCRUBBED_TIME+MAMBA2-BWB_BMPD640_16_7_1,False
8,3,6,15,0,0,384,1536.48,56.07570380952381,bw,static,static,results,Results,Results_MAMBA21,MAMBA2-BWB-Results,simulator_output_MAMBA2-BWB_bwplacement_bs8_staticreq_statictask,SCRUBBED_TIME+MAMBA2-BWB_BMPD384_3_6_15,False
16,7,9,8,0,0,256,1901.6,56.10989529411764,bw,static,static,results,Results,Results_MAMBA21,MAMBA2-BWB-Results,simulator_output_MAMBA2-BWB_bwplacement_bs16_staticreq_statictask,SCRUBBED_TIME+MAMBA2-BWB_BMPD256_7_9_8,False
8,6,6,12,0,0,512,2170.71,56.14136355555555,bw,static,static,results,Results,Results_MAMBA21,MAMBA2-BWB-Results,simulator_output_MAMBA2-BWB_bwplacement_bs8_staticreq_statictask,SCRUBBED_TIME+MAMBA2-BWB_BMPD512_6_6_12,False
8,3,6,15,0,0,512,1764.64,56.14219688888889,bw,static,static,results,Results,Results_MAMBA21,MAMBA2-BWB-Results,simulator_output_MAMBA2-BWB_bwplacement_bs8_staticreq_statictask,SCRUBBED_TIME+MAMBA2-BWB_BMPD512_3_6_15,False
16,7,11,6,0,0,384,2226.72,56.17693976470588,bw,static,static,results,Results,Results_MAMBA21,MAMBA2-BWB-Results,simulator_output_MAMBA2-BWB_bwplacement_bs16_staticreq_statictask,SCRUBBED_TIME+MAMBA2-BWB_BMPD384_7_11_6,False
16,2,12,10,0,0,256,1926.4,56.17992133333333,bw,static,static,results,Results,Results_MAMBA21,MAMBA2-BWB-Results,simulator_output_MAMBA2-BWB_bwplacement_bs16_staticreq_statictask,SCRUBBED_TIME+MAMBA2-BWB_BMPD256_2_12_10,False
16,4,14,6,0,0,256,1395.68,56.2213732,bw,static,static,results,Results,Results_MAMBA21,MAMBA2-BWB-Results,simulator_output_MAMBA2-BWB_bwplacement_bs16_staticreq_statictask,SCRUBBED_TIME+MAMBA2-BWB_BMPD256_4_14_6,False
8,14,3,7,0,0,384,1128.8,56.2382792,bw,static,static,results,Results,Results_MAMBA21,MAMBA2-BWB-Results,simulator_output_MAMBA2-BWB_bwplacement_bs8_staticreq_statictask,SCRUBBED_TIME+MAMBA2-BWB_BMPD384_14_3_7,False
16,3,13,8,0,0,256,1589.12,56.28351771428572,bw,static,static,results,Results,Results_MAMBA21,MAMBA2-BWB-Results,simulator_output_MAMBA2-BWB_bwplacement_bs16_staticreq_statictask,SCRUBBED_TIME+MAMBA2-BWB_BMPD256_3_13_8,False
8,4,7,13,0,0,512,2030.64,56.3079376,bw,static,static,results,Results,Results_MAMBA21,MAMBA2-BWB-Results,simulator_output_MAMBA2-BWB_bwplacement_bs8_staticreq_statictask,SCRUBBED_TIME+MAMBA2-BWB_BMPD512_4_7_13,False
8,16,3,5,0,0,640,1008.56,56.3392495,bw,static,static,results,Results,Results_MAMBA21,MAMBA2-BWB-Results,simulator_output_MAMBA2-BWB_bwplacement_bs8_staticreq_statictask,SCRUBBED_TIME+MAMBA2-BWB_BMPD640_16_3_5,False
16,12,10,2,0,0,640,941.28,56.37282433333333,bw,static,static,results,Results,Results_MAMBA21,MAMBA2-BWB-Results,simulator_output_MAMBA2-BWB_bwplacement_bs16_staticreq_statictask,SCRUBBED_TIME+MAMBA2-BWB_BMPD640_12_10_2,False
16,8,13,3,0,0,512,1446.72,56.38136175,bw,static,static,results,Results,Results_MAMBA21,MAMBA2-BWB-Results,simulator_output_MAMBA2-BWB_bwplacement_bs16_staticreq_statictask,SCRUBBED_TIME+MAMBA2-BWB_BMPD512_8_13_3,False
8,13,4,7,0,0,640,1367.13,56.39379381818182,bw,static,static,results,Results,Results_MAMBA21,MAMBA2-BWB-Results,simulator_output_MAMBA2-BWB_bwplacement_bs8_staticreq_statictask,SCRUBBED_TIME+MAMBA2-BWB_BMPD640_13_4_7,False
16,5,12,7,0,0,256,1598.4,56.4714252631579,bw,static,static,results,Results,Results_MAMBA21,MAMBA2-BWB-Results,simulator_output_MAMBA2-BWB_bwplacement_bs16_staticreq_statictask,SCRUBBED_TIME+MAMBA2-BWB_BMPD256_5_12_7,False
16,6,10,8,0,0,256,1894.56,56.48499355555556,bw,static,static,results,Results,Results_MAMBA21,MAMBA2-BWB-Results,simulator_output_MAMBA2-BWB_bwplacement_bs16_staticreq_statictask,SCRUBBED_TIME+MAMBA2-BWB_BMPD256_6_10_8,False
16,10,10,4,0,0,512,1933.28,56.514642,bw,static,static,results,Results,Results_MAMBA21,MAMBA2-BWB-Results,simulator_output_MAMBA2-BWB_bwplacement_bs16_staticreq_statictask,SCRUBBED_TIME+MAMBA2-BWB_BMPD512_10_10_4,False
16,13,6,5,0,0,256,1131.68,56.58423854545455,bw,static,static,results,Results,Results_MAMBA21,MAMBA2-BWB-Results,simulator_output_MAMBA2-BWB_bwplacement_bs16_staticreq_statictask,SCRUBBED_TIME+MAMBA2-BWB_BMPD256_13_6_5,False
16,2,12,10,0,0,640,2111.2,56.61005766666666,bw,static,static,results,Results,Results_MAMBA21,MAMBA2-BWB-Results,simulator_output_MAMBA2-BWB_bwplacement_bs16_staticreq_statictask,SCRUBBED_TIME+MAMBA2-BWB_BMPD640_2_12_10,False
16,12,9,3,0,0,640,1224.8,56.69537433333333,bw,static,static,results,Results,Results_MAMBA21,MAMBA2-BWB-Results,simulator_output_MAMBA2-BWB_bwplacement_bs16_staticreq_statictask,SCRUBBED_TIME+MAMBA2-BWB_BMPD640_12_9_3,False
16,2,9,13,0,0,640,2165.92,56.722116,bw,static,static,results,Results,Results_MAMBA21,MAMBA2-BWB-Results,simulator_output_MAMBA2-BWB_bwplacement_bs16_staticreq_statictask,SCRUBBED_TIME+MAMBA2-BWB_BMPD640_2_9_13,False
16,7,12,5,0,0,384,1895.52,56.744898588235294,bw,static,static,results,Results,Results_MAMBA21,MAMBA2-BWB-Results,simulator_output_MAMBA2-BWB_bwplacement_bs16_staticreq_statictask,SCRUBBED_TIME+MAMBA2-BWB_BMPD384_7_12_5,False
16,10,8,6,0,0,384,2074.08,56.78628485714286,bw,static,static,results,Results,Results_MAMBA21,MAMBA2-BWB-Results,simulator_output_MAMBA2-BWB_bwplacement_bs16_staticreq_statictask,SCRUBBED_TIME+MAMBA2-BWB_BMPD384_10_8_6,False
16,4,11,9,0,0,256,1818.4,56.8250332,bw,static,static,results,Results,Results_MAMBA21,MAMBA2-BWB-Results,simulator_output_MAMBA2-BWB_bwplacement_bs16_staticreq_statictask,SCRUBBED_TIME+MAMBA2-BWB_BMPD256_4_11_9,False
16,3,18,3,0,0,512,1085.76,56.83185311111111,bw,static,static,results,Results,Results_MAMBA21,MAMBA2-BWB-Results,simulator_output_MAMBA2-BWB_bwplacement_bs16_staticreq_statictask,SCRUBBED_TIME+MAMBA2-BWB_BMPD512_3_18_3,False
16,10,12,2,0,0,512,960.32,56.84039914285714,bw,static,static,results,Results,Results_MAMBA21,MAMBA2-BWB-Results,simulator_output_MAMBA2-BWB_bwplacement_bs16_staticreq_statictask,SCRUBBED_TIME+MAMBA2-BWB_BMPD512_10_12_2,False
16,3,20,1,0,0,256,238.72,56.86185104761905,bw,static,static,results,Results,Results_MAMBA21,MAMBA2-BWB-Results,simulator_output_MAMBA2-BWB_bwplacement_bs16_staticreq_statictask,SCRUBBED_TIME+MAMBA2-BWB_BMPD256_3_20_1,False
4,7,3,14,0,0,640,1208.06,56.867842352941175,bw,static,static,results,Results,Results_MAMBA21,MAMBA2-BWB-Results,simulator_output_MAMBA2-BWB_bwplacement_bs4_staticreq_statictask,SCRUBBED_TIME+MAMBA2-BWB_BMPD640_7_3_14,False
16,13,8,3,0,0,640,1191.36,56.89334072727273,bw,static,static,results,Results,Results_MAMBA21,MAMBA2-BWB-Results,simulator_output_MAMBA2-BWB_bwplacement_bs16_staticreq_statictask,SCRUBBED_TIME+MAMBA2-BWB_BMPD640_13_8_3,False
2,8,1,15,0,0,256,305.6,57.01367625,bw,static,static,results,Results,Results_MAMBA21,MAMBA2-BWB-Results,simulator_output_MAMBA2-BWB_bwplacement_bs2_staticreq_statictask,SCRUBBED_TIME+MAMBA2-BWB_BMPD256_8_1_15,False
16,16,4,4,0,0,256,960.64,57.014528,bw,static,static,results,Results,Results_MAMBA21,MAMBA2-BWB-Results,simulator_output_MAMBA2-BWB_bwplacement_bs16_staticreq_statictask,SCRUBBED_TIME+MAMBA2-BWB_BMPD256_16_4_4,False
4,5,3,16,0,0,512,1226.71,57.03213789473684,bw,static,static,results,Results,Results_MAMBA21,MAMBA2-BWB-Results,simulator_output_MAMBA2-BWB_bwplacement_bs4_staticreq_statictask,SCRUBBED_TIME+MAMBA2-BWB_BMPD512_5_3_16,False
16,8,8,8,0,0,256,1772.96,57.13729425,bw,static,static,results,Results,Results_MAMBA21,MAMBA2-BWB-Results,simulator_output_MAMBA2-BWB_bwplacement_bs16_staticreq_statictask,SCRUBBED_TIME+MAMBA2-BWB_BMPD256_8_8_8,False
16,4,19,1,0,0,384,324.32,57.1388712,bw,static,static,results,Results,Results_MAMBA21,MAMBA2-BWB-Results,simulator_output_MAMBA2-BWB_bwplacement_bs16_staticreq_statictask,SCRUBBED_TIME+MAMBA2-BWB_BMPD384_4_19_1,False
16,10,11,3,0,0,512,1439.2,57.22607771428572,bw,static,static,results,Results,Results_MAMBA21,MAMBA2-BWB-Results,simulator_output_MAMBA2-BWB_bwplacement_bs16_staticreq_statictask,SCRUBBED_TIME+MAMBA2-BWB_BMPD512_10_11_3,False
8,8,5,11,0,0,512,2053.54,57.23392475,bw,static,static,results,Results,Results_MAMBA21,MAMBA2-BWB-Results,simulator_output_MAMBA2-BWB_bwplacement_bs8_staticreq_statictask,SCRUBBED_TIME+MAMBA2-BWB_BMPD512_8_5_11,False
16,8,10,6,0,0,384,2106.08,57.24733275,bw,static,static,results,Results,Results_MAMBA21,MAMBA2-BWB-Results,simulator_output_MAMBA2-BWB_bwplacement_bs16_staticreq_statictask,SCRUBBED_TIME+MAMBA2-BWB_BMPD384_8_10_6,False
8,6,7,11,0,0,640,2190.96,57.24936088888889,bw,static,static,results,Results,Results_MAMBA21,MAMBA2-BWB-Results,simulator_output_MAMBA2-BWB_bwplacement_bs8_staticreq_statictask,SCRUBBED_TIME+MAMBA2-BWB_BMPD640_6_7_11,False
8,3,7,14,0,0,640,1784.08,57.253699777777776,bw,static,static,results,Results,Results_MAMBA21,MAMBA2-BWB-Results,simulator_output_MAMBA2-BWB_bwplacement_bs8_staticreq_statictask,SCRUBBED_TIME+MAMBA2-BWB_BMPD640_3_7_14,False
16,2,10,12,0,0,256,1933.44,57.35216577777778,bw,static,static,results,Results,Results_MAMBA21,MAMBA2-BWB-Results,simulator_output_MAMBA2-BWB_bwplacement_bs16_staticreq_statictask,SCRUBBED_TIME+MAMBA2-BWB_BMPD256_2_10_12,False
16,11,9,4,0,0,512,1766.88,57.36507846153847,bw,static,static,results,Results,Results_MAMBA21,MAMBA2-BWB-Results,simulator_output_MAMBA2-BWB_bwplacement_bs16_staticreq_statictask,SCRUBBED_TIME+MAMBA2-BWB_BMPD512_11_9_4,False
4,8,2,14,0,0,256,582.84,57.3985895,bw,static,static,results,Results,Results_MAMBA21,MAMBA2-BWB-Results,simulator_output_MAMBA2-BWB_bwplacement_bs4_staticreq_statictask,SCRUBBED_TIME+MAMBA2-BWB_BMPD256_8_2_14,False
16,2,10,12,0,0,640,2151.68,57.511657666666665,bw,static,static,results,Results,Results_MAMBA21,MAMBA2-BWB-Results,simulator_output_MAMBA2-BWB_bwplacement_bs16_staticreq_statictask,SCRUBBED_TIME+MAMBA2-BWB_BMPD640_2_10_12,False
16,7,14,3,0,0,512,1422.24,57.55913976470588,bw,static,static,results,Results,Results_MAMBA21,MAMBA2-BWB-Results,simulator_output_MAMBA2-BWB_bwplacement_bs16_staticreq_statictask,SCRUBBED_TIME+MAMBA2-BWB_BMPD512_7_14_3,False
16,15,6,3,0,0,512,1293.44,57.597393777777775,bw,static,static,results,Results,Results_MAMBA21,MAMBA2-BWB-Results,simulator_output_MAMBA2-BWB_bwplacement_bs16_staticreq_statictask,SCRUBBED_TIME+MAMBA2-BWB_BMPD512_15_6_3,False
8,10,4,10,0,0,384,1577.84,57.69155742857143,bw,static,static,results,Results,Results_MAMBA21,MAMBA2-BWB-Results,simulator_output_MAMBA2-BWB_bwplacement_bs8_staticreq_statictask,SCRUBBED_TIME+MAMBA2-BWB_BMPD384_10_4_10,False
16,3,14,7,0,0,256,1343.52,57.70236057142858,bw,static,static,results,Results,Results_MAMBA21,MAMBA2-BWB-Results,simulator_output_MAMBA2-BWB_bwplacement_bs16_staticreq_statictask,SCRUBBED_TIME+MAMBA2-BWB_BMPD256_3_14_7,False
8,15,3,6,0,0,512,1127.28,57.70507511111112,bw,static,static,results,Results,Results_MAMBA21,MAMBA2-BWB-Results,simulator_output_MAMBA2-BWB_bwplacement_bs8_staticreq_statictask,SCRUBBED_TIME+MAMBA2-BWB_BMPD512_15_3_6,False
16,11,8,5,0,0,512,2055.04,57.71582461538462,bw,static,static,results,Results,Results_MAMBA21,MAMBA2-BWB-Results,simulator_output_MAMBA2-BWB_bwplacement_bs16_staticreq_statictask,SCRUBBED_TIME+MAMBA2-BWB_BMPD512_11_8_5,False
16,6,17,1,0,0,512,391.52,57.72198644444445,bw,static,static,results,Results,Results_MAMBA21,MAMBA2-BWB-Results,simulator_output_MAMBA2-BWB_bwplacement_bs16_staticreq_statictask,SCRUBBED_TIME+MAMBA2-BWB_BMPD512_6_17_1,False
16,14,6,4,0,0,384,1482.56,57.7628472,bw,static,static,results,Results,Results_MAMBA21,MAMBA2-BWB-Results,simulator_output_MAMBA2-BWB_bwplacement_bs16_staticreq_statictask,SCRUBBED_TIME+MAMBA2-BWB_BMPD384_14_6_4,False
8,8,6,10,0,0,640,1858.41,57.78195025,bw,static,static,results,Results,Results_MAMBA21,MAMBA2-BWB-Results,simulator_output_MAMBA2-BWB_bwplacement_bs8_staticreq_statictask,SCRUBBED_TIME+MAMBA2-BWB_BMPD640_8_6_10,False
2,12,1,11,0,0,640,471.74,57.82049766666666,bw,static,static,results,Results,Results_MAMBA21,MAMBA2-BWB-Results,simulator_output_MAMBA2-BWB_bwplacement_bs2_staticreq_statictask,SCRUBBED_TIME+MAMBA2-BWB_BMPD640_12_1_11,False
2,2,1,21,0,0,640,322.16,57.820906,bw,static,static,results,Results,Results_MAMBA21,MAMBA2-BWB-Results,simulator_output_MAMBA2-BWB_bwplacement_bs2_staticreq_statictask,SCRUBBED_TIME+MAMBA2-BWB_BMPD640_2_1_21,False
16,13,7,4,0,0,384,1472.8,57.854388,bw,static,static,results,Results,Results_MAMBA21,MAMBA2-BWB-Results,simulator_output_MAMBA2-BWB_bwplacement_bs16_staticreq_statictask,SCRUBBED_TIME+MAMBA2-BWB_BMPD384_13_7_4,False
16,4,12,8,0,0,256,1844.48,57.8610732,bw,static,static,results,Results,Results_MAMBA21,MAMBA2-BWB-Results,simulator_output_MAMBA2-BWB_bwplacement_bs16_staticreq_statictask,SCRUBBED_TIME+MAMBA2-BWB_BMPD256_4_12_8,False
16,11,12,1,0,0,640,438.4,57.8777036923077,bw,static,static,results,Results,Results_MAMBA21,MAMBA2-BWB-Results,simulator_output_MAMBA2-BWB_bwplacement_bs16_staticreq_statictask,SCRUBBED_TIME+MAMBA2-BWB_BMPD640_11_12_1,False
8,4,5,15,0,0,256,1243.2,57.9541634,bw,static,static,results,Results,Results_MAMBA21,MAMBA2-BWB-Results,simulator_output_MAMBA2-BWB_bwplacement_bs8_staticreq_statictask,SCRUBBED_TIME+MAMBA2-BWB_BMPD256_4_5_15,False
16,9,14,1,0,0,640,473.28,57.9672736,bw,static,static,results,Results,Results_MAMBA21,MAMBA2-BWB-Results,simulator_output_MAMBA2-BWB_bwplacement_bs16_staticreq_statictask,SCRUBBED_TIME+MAMBA2-BWB_BMPD640_9_14_1,False
16,16,5,3,0,0,512,1201.92,57.977797,bw,static,static,results,Results,Results_MAMBA21,MAMBA2-BWB-Results,simulator_output_MAMBA2-BWB_bwplacement_bs16_staticreq_statictask,SCRUBBED_TIME+MAMBA2-BWB_BMPD512_16_5_3,False
16,11,7,6,0,0,256,1336.32,58.07254523076923,bw,static,static,results,Results,Results_MAMBA21,MAMBA2-BWB-Results,simulator_output_MAMBA2-BWB_bwplacement_bs16_staticreq_statictask,SCRUBBED_TIME+MAMBA2-BWB_BMPD256_11_7_6,False
16,4,17,3,0,0,256,612.32,58.1325732,bw,static,static,results,Results,Results_MAMBA21,MAMBA2-BWB-Results,simulator_output_MAMBA2-BWB_bwplacement_bs16_staticreq_statictask,SCRUBBED_TIME+MAMBA2-BWB_BMPD256_4_17_3,False
16,3,15,6,0,0,256,1264.8,58.1863558095238,bw,static,static,results,Results,Results_MAMBA21,MAMBA2-BWB-Results,simulator_output_MAMBA2-BWB_bwplacement_bs16_staticreq_statictask,SCRUBBED_TIME+MAMBA2-BWB_BMPD256_3_15_6,False
8,8,4,12,0,0,256,1104.16,58.2001525,bw,static,static,results,Results,Results_MAMBA21,MAMBA2-BWB-Results,simulator_output_MAMBA2-BWB_bwplacement_bs8_staticreq_statictask,SCRUBBED_TIME+MAMBA2-BWB_BMPD256_8_4_12,False
16,12,11,1,0,0,640,426.08,58.21572433333333,bw,static,static,results,Results,Results_MAMBA21,MAMBA2-BWB-Results,simulator_output_MAMBA2-BWB_bwplacement_bs16_staticreq_statictask,SCRUBBED_TIME+MAMBA2-BWB_BMPD640_12_11_1,False
16,6,13,5,0,0,384,1783.68,58.21780111111112,bw,static,static,results,Results,Results_MAMBA21,MAMBA2-BWB-Results,simulator_output_MAMBA2-BWB_bwplacement_bs16_staticreq_statictask,SCRUBBED_TIME+MAMBA2-BWB_BMPD384_6_13_5,False
2,11,1,12,0,0,512,477.58,58.24550369230769,bw,static,static,results,Results,Results_MAMBA21,MAMBA2-BWB-Results,simulator_output_MAMBA2-BWB_bwplacement_bs2_staticreq_statictask,SCRUBBED_TIME+MAMBA2-BWB_BMPD512_11_1_12,False
16,8,9,7,0,0,384,2290.88,58.2809515,bw,static,static,results,Results,Results_MAMBA21,MAMBA2-BWB-Results,simulator_output_MAMBA2-BWB_bwplacement_bs16_staticreq_statictask,SCRUBBED_TIME+MAMBA2-BWB_BMPD384_8_9_7,False
16,2,11,11,0,0,640,2052.8,58.34975766666666,bw,static,static,results,Results,Results_MAMBA21,MAMBA2-BWB-Results,simulator_output_MAMBA2-BWB_bwplacement_bs16_staticreq_statictask,SCRUBBED_TIME+MAMBA2-BWB_BMPD640_2_11_11,False
16,7,15,2,0,0,512,974.56,58.40809270588235,bw,static,static,results,Results,Results_MAMBA21,MAMBA2-BWB-Results,simulator_output_MAMBA2-BWB_bwplacement_bs16_staticreq_statictask,SCRUBBED_TIME+MAMBA2-BWB_BMPD512_7_15_2,False
8,6,5,13,0,0,384,1853.36,58.47463044444445,bw,static,static,results,Results,Results_MAMBA21,MAMBA2-BWB-Results,simulator_output_MAMBA2-BWB_bwplacement_bs8_staticreq_statictask,SCRUBBED_TIME+MAMBA2-BWB_BMPD384_6_5_13,False
16,4,17,3,0,0,384,905.28,58.5223012,bw,static,static,results,Results,Results_MAMBA21,MAMBA2-BWB-Results,simulator_output_MAMBA2-BWB_bwplacement_bs16_staticreq_statictask,SCRUBBED_TIME+MAMBA2-BWB_BMPD384_4_17_3,False
8,10,5,9,0,0,640,1677.4,58.53296342857143,bw,static,static,results,Results,Results_MAMBA21,MAMBA2-BWB-Results,simulator_output_MAMBA2-BWB_bwplacement_bs8_staticreq_statictask,SCRUBBED_TIME+MAMBA2-BWB_BMPD640_10_5_9,False
4,16,1,7,0,0,256,321.24,58.6395265,bw,static,static,results,Results,Results_MAMBA21,MAMBA2-BWB-Results,simulator_output_MAMBA2-BWB_bwplacement_bs4_staticreq_statictask,SCRUBBED_TIME+MAMBA2-BWB_BMPD256_16_1_7,False
4,11,2,11,0,0,512,942.28,58.6678556923077,bw,static,static,results,Results,Results_MAMBA21,MAMBA2-BWB-Results,simulator_output_MAMBA2-BWB_bwplacement_bs4_staticreq_statictask,SCRUBBED_TIME+MAMBA2-BWB_BMPD512_11_2_11,False
16,9,12,3,0,0,512,1378.4,58.6865888,bw,static,static,results,Results,Results_MAMBA21,MAMBA2-BWB-Results,simulator_output_MAMBA2-BWB_bwplacement_bs16_staticreq_statictask,SCRUBBED_TIME+MAMBA2-BWB_BMPD512_9_12_3,False
16,5,15,4,0,0,384,1549.92,58.75271642105263,bw,static,static,results,Results,Results_MAMBA21,MAMBA2-BWB-Results,simulator_output_MAMBA2-BWB_bwplacement_bs16_staticreq_statictask,SCRUBBED_TIME+MAMBA2-BWB_BMPD384_5_15_4,False
16,6,9,9,0,0,256,1784.16,58.778538,bw,static,static,results,Results,Results_MAMBA21,MAMBA2-BWB-Results,simulator_output_MAMBA2-BWB_bwplacement_bs16_staticreq_statictask,SCRUBBED_TIME+MAMBA2-BWB_BMPD256_6_9_9,False
8,5,6,13,0,0,512,2071.36,58.98554568421052,bw,static,static,results,Results,Results_MAMBA21,MAMBA2-BWB-Results,simulator_output_MAMBA2-BWB_bwplacement_bs8_staticreq_statictask,SCRUBBED_TIME+MAMBA2-BWB_BMPD512_5_6_13,False
16,15,5,4,0,0,384,1384.48,58.985886666666666,bw,static,static,results,Results,Results_MAMBA21,MAMBA2-BWB-Results,simulator_output_MAMBA2-BWB_bwplacement_bs16_staticreq_statictask,SCRUBBED_TIME+MAMBA2-BWB_BMPD384_15_5_4,False
16,5,18,1,0,0,512,344.96,59.007535789473685,bw,static,static,results,Results,Results_MAMBA21,MAMBA2-BWB-Results,simulator_output_MAMBA2-BWB_bwplacement_bs16_staticreq_statictask,SCRUBBED_TIME+MAMBA2-BWB_BMPD512_5_18_1,False
16,4,19,1,0,0,512,390.72,59.0914668,bw,static,static,results,Results,Results_MAMBA21,MAMBA2-BWB-Results,simulator_output_MAMBA2-BWB_bwplacement_bs16_staticreq_statictask,SCRUBBED_TIME+MAMBA2-BWB_BMPD512_4_19_1,False
16,5,13,6,0,0,384,1892.48,59.19966905263158,bw,static,static,results,Results,Results_MAMBA21,MAMBA2-BWB-Results,simulator_output_MAMBA2-BWB_bwplacement_bs16_staticreq_statictask,SCRUBBED_TIME+MAMBA2-BWB_BMPD384_5_13_6,False
16,3,17,4,0,0,384,1189.76,59.27000838095238,bw,static,static,results,Results,Results_MAMBA21,MAMBA2-BWB-Results,simulator_output_MAMBA2-BWB_bwplacement_bs16_staticreq_statictask,SCRUBBED_TIME+MAMBA2-BWB_BMPD384_3_17_4,False
2,9,1,14,0,0,384,447.12,59.2779344,bw,static,static,results,Results,Results_MAMBA21,MAMBA2-BWB-Results,simulator_output_MAMBA2-BWB_bwplacement_bs2_staticreq_statictask,SCRUBBED_TIME+MAMBA2-BWB_BMPD384_9_1_14,False
2,2,1,21,0,0,384,267.44,59.2779344,bw,static,static,results,Results,Results_MAMBA21,MAMBA2-BWB-Results,simulator_output_MAMBA2-BWB_bwplacement_bs2_staticreq_statictask,SCRUBBED_TIME+MAMBA2-BWB_BMPD384_2_1_21,False
16,6,11,7,0,0,384,2234.4,59.29566777777777,bw,static,static,results,Results,Results_MAMBA21,MAMBA2-BWB-Results,simulator_output_MAMBA2-BWB_bwplacement_bs16_staticreq_statictask,SCRUBBED_TIME+MAMBA2-BWB_BMPD384_6_11_7,False
4,9,2,13,0,0,384,880.52,59.32051306666667,bw,static,static,results,Results,Results_MAMBA21,MAMBA2-BWB-Results,simulator_output_MAMBA2-BWB_bwplacement_bs4_staticreq_statictask,SCRUBBED_TIME+MAMBA2-BWB_BMPD384_9_2_13,False
4,2,2,20,0,0,384,509.72,59.32095306666667,bw,static,static,results,Results,Results_MAMBA21,MAMBA2-BWB-Results,simulator_output_MAMBA2-BWB_bwplacement_bs4_staticreq_statictask,SCRUBBED_TIME+MAMBA2-BWB_BMPD384_2_2_20,False
16,4,14,6,0,0,384,1695.52,59.359346200000005,bw,static,static,results,Results,Results_MAMBA21,MAMBA2-BWB-Results,simulator_output_MAMBA2-BWB_bwplacement_bs16_staticreq_statictask,SCRUBBED_TIME+MAMBA2-BWB_BMPD384_4_14_6,False
16,3,20,1,0,0,384,311.36,59.38863695238096,bw,static,static,results,Results,Results_MAMBA21,MAMBA2-BWB-Results,simulator_output_MAMBA2-BWB_bwplacement_bs16_staticreq_statictask,SCRUBBED_TIME+MAMBA2-BWB_BMPD384_3_20_1,False
16,11,10,3,0,0,640,1238.08,59.45264984615385,bw,static,static,results,Results,Results_MAMBA21,MAMBA2-BWB-Results,simulator_output_MAMBA2-BWB_bwplacement_bs16_staticreq_statictask,SCRUBBED_TIME+MAMBA2-BWB_BMPD640_11_10_3,False
8,11,4,9,0,0,512,1611.04,59.48693107692308,bw,static,static,results,Results,Results_MAMBA21,MAMBA2-BWB-Results,simulator_output_MAMBA2-BWB_bwplacement_bs8_staticreq_statictask,SCRUBBED_TIME+MAMBA2-BWB_BMPD512_11_4_9,False
16,5,10,9,0,0,256,1786.08,59.48880421052632,bw,static,static,results,Results,Results_MAMBA21,MAMBA2-BWB-Results,simulator_output_MAMBA2-BWB_bwplacement_bs16_staticreq_statictask,SCRUBBED_TIME+MAMBA2-BWB_BMPD256_5_10_9,False
4,6,3,15,0,0,640,1144.04,59.52296511111111,bw,static,static,results,Results,Results_MAMBA21,MAMBA2-BWB-Results,simulator_output_MAMBA2-BWB_bwplacement_bs4_staticreq_statictask,SCRUBBED_TIME+MAMBA2-BWB_BMPD640_6_3_15,False
4,3,3,18,0,0,640,876.2,59.52337622222223,bw,static,static,results,Results,Results_MAMBA21,MAMBA2-BWB-Results,simulator_output_MAMBA2-BWB_bwplacement_bs4_staticreq_statictask,SCRUBBED_TIME+MAMBA2-BWB_BMPD640_3_3_18,False
16,3,16,5,0,0,512,1640.16,59.546436444444446,bw,static,static,results,Results,Results_MAMBA21,MAMBA2-BWB-Results,simulator_output_MAMBA2-BWB_bwplacement_bs16_staticreq_statictask,SCRUBBED_TIME+MAMBA2-BWB_BMPD512_3_16_5,False
4,12,2,10,0,0,640,826.04,59.54815233333333,bw,static,static,results,Results,Results_MAMBA21,MAMBA2-BWB-Results,simulator_output_MAMBA2-BWB_bwplacement_bs4_staticreq_statictask,SCRUBBED_TIME+MAMBA2-BWB_BMPD640_12_2_10,False
4,2,2,20,0,0,640,616.52,59.54815233333333,bw,static,static,results,Results,Results_MAMBA21,MAMBA2-BWB-Results,simulator_output_MAMBA2-BWB_bwplacement_bs4_staticreq_statictask,SCRUBBED_TIME+MAMBA2-BWB_BMPD640_2_2_20,False
8,5,7,12,0,0,640,1983.2,59.59941684210526,bw,static,static,results,Results,Results_MAMBA21,MAMBA2-BWB-Results,simulator_output_MAMBA2-BWB_bwplacement_bs8_staticreq_statictask,SCRUBBED_TIME+MAMBA2-BWB_BMPD640_5_7_12,False
16,14,5,5,0,0,256,1043.2,59.695941600000005,bw,static,static,results,Results,Results_MAMBA21,MAMBA2-BWB-Results,simulator_output_MAMBA2-BWB_bwplacement_bs16_staticreq_statictask,SCRUBBED_TIME+MAMBA2-BWB_BMPD256_14_5_5,False
16,10,13,1,0,0,640,436.0,59.72149685714286,bw,static,static,results,Results,Results_MAMBA21,MAMBA2-BWB-Results,simulator_output_MAMBA2-BWB_bwplacement_bs16_staticreq_statictask,SCRUBBED_TIME+MAMBA2-BWB_BMPD640_10_13_1,False
16,3,17,4,0,0,512,1359.68,59.72807533333334,bw,static,static,results,Results,Results_MAMBA21,MAMBA2-BWB-Results,simulator_output_MAMBA2-BWB_bwplacement_bs16_staticreq_statictask,SCRUBBED_TIME+MAMBA2-BWB_BMPD512_3_17_4,False
4,4,3,17,0,0,512,1024.72,59.7312168,bw,static,static,results,Results,Results_MAMBA21,MAMBA2-BWB-Results,simulator_output_MAMBA2-BWB_bwplacement_bs4_staticreq_statictask,SCRUBBED_TIME+MAMBA2-BWB_BMPD512_4_3_17,False
16,15,7,2,0,0,640,823.2,59.77102711111111,bw,static,static,results,Results,Results_MAMBA21,MAMBA2-BWB-Results,simulator_output_MAMBA2-BWB_bwplacement_bs16_staticreq_statictask,SCRUBBED_TIME+MAMBA2-BWB_BMPD640_15_7_2,False
16,4,15,5,0,0,384,1582.24,59.8636312,bw,static,static,results,Results,Results_MAMBA21,MAMBA2-BWB-Results,simulator_output_MAMBA2-BWB_bwplacement_bs16_staticreq_statictask,SCRUBBED_TIME+MAMBA2-BWB_BMPD384_4_15_5,False
16,2,9,13,0,0,256,1942.56,59.90320466666667,bw,static,static,results,Results,Results_MAMBA21,MAMBA2-BWB-Results,simulator_output_MAMBA2-BWB_bwplacement_bs16_staticreq_statictask,SCRUBBED_TIME+MAMBA2-BWB_BMPD256_2_9_13,False
16,8,15,1,0,0,640,450.24,60.00352325,bw,static,static,results,Results,Results_MAMBA21,MAMBA2-BWB-Results,simulator_output_MAMBA2-BWB_bwplacement_bs16_staticreq_statictask,SCRUBBED_TIME+MAMBA2-BWB_BMPD640_8_15_1,False
16,3,12,9,0,0,256,1686.24,60.10168914285714,bw,static,static,results,Results,Results_MAMBA21,MAMBA2-BWB-Results,simulator_output_MAMBA2-BWB_bwplacement_bs16_staticreq_statictask,SCRUBBED_TIME+MAMBA2-BWB_BMPD256_3_12_9,False
16,10,9,5,0,0,512,2025.44,60.11431342857143,bw,static,static,results,Results,Results_MAMBA21,MAMBA2-BWB-Results,simulator_output_MAMBA2-BWB_bwplacement_bs16_staticreq_statictask,SCRUBBED_TIME+MAMBA2-BWB_BMPD512_10_9_5,False
8,12,3,9,0,0,256,864.88,60.16745866666666,bw,static,static,results,Results,Results_MAMBA21,MAMBA2-BWB-Results,simulator_output_MAMBA2-BWB_bwplacement_bs8_staticreq_statictask,SCRUBBED_TIME+MAMBA2-BWB_BMPD256_12_3_9,False
16,9,11,4,0,0,512,1720.48,60.260262133333335,bw,static,static,results,Results,Results_MAMBA21,MAMBA2-BWB-Results,simulator_output_MAMBA2-BWB_bwplacement_bs16_staticreq_statictask,SCRUBBED_TIME+MAMBA2-BWB_BMPD512_9_11_4,False
16,14,7,3,0,0,512,1199.52,60.35111920000001,bw,static,static,results,Results,Results_MAMBA21,MAMBA2-BWB-Results,simulator_output_MAMBA2-BWB_bwplacement_bs16_staticreq_statictask,SCRUBBED_TIME+MAMBA2-BWB_BMPD512_14_7_3,False
16,9,10,5,0,0,512,2045.44,60.39097546666667,bw,static,static,results,Results,Results_MAMBA21,MAMBA2-BWB-Results,simulator_output_MAMBA2-BWB_bwplacement_bs16_staticreq_statictask,SCRUBBED_TIME+MAMBA2-BWB_BMPD512_9_10_5,False
8,12,4,8,0,0,640,1525.24,60.45147766666666,bw,static,static,results,Results,Results_MAMBA21,MAMBA2-BWB-Results,simulator_output_MAMBA2-BWB_bwplacement_bs8_staticreq_statictask,SCRUBBED_TIME+MAMBA2-BWB_BMPD640_12_4_8,False
16,7,8,9,0,0,256,1657.12,60.481942352941175,bw,static,static,results,Results,Results_MAMBA21,MAMBA2-BWB-Results,simulator_output_MAMBA2-BWB_bwplacement_bs16_staticreq_statictask,SCRUBBED_TIME+MAMBA2-BWB_BMPD256_7_8_9,False
8,2,4,18,0,0,640,1190.24,60.584186,bw,static,static,results,Results,Results_MAMBA21,MAMBA2-BWB-Results,simulator_output_MAMBA2-BWB_bwplacement_bs8_staticreq_statictask,SCRUBBED_TIME+MAMBA2-BWB_BMPD640_2_4_18,False
16,11,9,4,0,0,640,1486.4,60.62611907692308,bw,static,static,results,Results,Results_MAMBA21,MAMBA2-BWB-Results,simulator_output_MAMBA2-BWB_bwplacement_bs16_staticreq_statictask,SCRUBBED_TIME+MAMBA2-BWB_BMPD640_11_9_4,False
8,16,2,6,0,0,256,563.28,60.6703785,bw,static,static,results,Results,Results_MAMBA21,MAMBA2-BWB-Results,simulator_output_MAMBA2-BWB_bwplacement_bs8_staticreq_statictask,SCRUBBED_TIME+MAMBA2-BWB_BMPD256_16_2_6,False
8,7,5,12,0,0,512,1918.64,60.69311647058824,bw,static,static,results,Results,Results_MAMBA21,MAMBA2-BWB-Results,simulator_output_MAMBA2-BWB_bwplacement_bs8_staticreq_statictask,SCRUBBED_TIME+MAMBA2-BWB_BMPD512_7_5_12,False
8,2,4,18,0,0,384,1017.04,60.73182506666667,bw,static,static,results,Results,Results_MAMBA21,MAMBA2-BWB-Results,simulator_output_MAMBA2-BWB_bwplacement_bs8_staticreq_statictask,SCRUBBED_TIME+MAMBA2-BWB_BMPD384_2_4_18,False
16,10,7,7,0,0,256,1394.72,60.75600542857143,bw,static,static,results,Results,Results_MAMBA21,MAMBA2-BWB-Results,simulator_output_MAMBA2-BWB_bwplacement_bs16_staticreq_statictask,SCRUBBED_TIME+MAMBA2-BWB_BMPD256_10_7_7,False
2,7,1,16,0,0,256,328.18,60.793075058823526,bw,static,static,results,Results,Results_MAMBA21,MAMBA2-BWB-Results,simulator_output_MAMBA2-BWB_bwplacement_bs2_staticreq_statictask,SCRUBBED_TIME+MAMBA2-BWB_BMPD256_7_1_16,False
16,11,11,2,0,0,640,798.56,60.83043446153847,bw,static,static,results,Results,Results_MAMBA21,MAMBA2-BWB-Results,simulator_output_MAMBA2-BWB_bwplacement_bs16_staticreq_statictask,SCRUBBED_TIME+MAMBA2-BWB_BMPD640_11_11_2,False
16,5,12,7,0,0,384,2116.48,60.88168484210527,bw,static,static,results,Results,Results_MAMBA21,MAMBA2-BWB-Results,simulator_output_MAMBA2-BWB_bwplacement_bs16_staticreq_statictask,SCRUBBED_TIME+MAMBA2-BWB_BMPD384_5_12_7,False
8,3,5,16,0,0,256,1144.64,60.905078095238096,bw,static,static,results,Results,Results_MAMBA21,MAMBA2-BWB-Results,simulator_output_MAMBA2-BWB_bwplacement_bs8_staticreq_statictask,SCRUBBED_TIME+MAMBA2-BWB_BMPD256_3_5_16,False
8,7,6,11,0,0,640,1999.02,60.92693882352941,bw,static,static,results,Results,Results_MAMBA21,MAMBA2-BWB-Results,simulator_output_MAMBA2-BWB_bwplacement_bs8_staticreq_statictask,SCRUBBED_TIME+MAMBA2-BWB_BMPD640_7_6_11,False
16,9,8,7,0,0,384,2085.28,61.0283488,bw,static,static,results,Results,Results_MAMBA21,MAMBA2-BWB-Results,simulator_output_MAMBA2-BWB_bwplacement_bs16_staticreq_statictask,SCRUBBED_TIME+MAMBA2-BWB_BMPD384_9_8_7,False
16,2,8,14,0,0,384,1788.8,61.03713546666667,bw,static,static,results,Results,Results_MAMBA21,MAMBA2-BWB-Results,simulator_output_MAMBA2-BWB_bwplacement_bs16_staticreq_statictask,SCRUBBED_TIME+MAMBA2-BWB_BMPD384_2_8_14,False
8,5,5,14,0,0,384,1677.84,61.17811642105264,bw,static,static,results,Results,Results_MAMBA21,MAMBA2-BWB-Results,simulator_output_MAMBA2-BWB_bwplacement_bs8_staticreq_statictask,SCRUBBED_TIME+MAMBA2-BWB_BMPD384_5_5_14,False
16,10,12,2,0,0,640,824.8,61.17926114285714,bw,static,static,results,Results,Results_MAMBA21,MAMBA2-BWB-Results,simulator_output_MAMBA2-BWB_bwplacement_bs16_staticreq_statictask,SCRUBBED_TIME+MAMBA2-BWB_BMPD640_10_12_2,False
4,7,2,15,0,0,256,564.84,61.24898776470588,bw,static,static,results,Results,Results_MAMBA21,MAMBA2-BWB-Results,simulator_output_MAMBA2-BWB_bwplacement_bs4_staticreq_statictask,SCRUBBED_TIME+MAMBA2-BWB_BMPD256_7_2_15,False
16,7,10,7,0,0,384,2119.52,61.26521623529412,bw,static,static,results,Results,Results_MAMBA21,MAMBA2-BWB-Results,simulator_output_MAMBA2-BWB_bwplacement_bs16_staticreq_statictask,SCRUBBED_TIME+MAMBA2-BWB_BMPD384_7_10_7,False
8,9,5,10,0,0,640,1702.57,61.29357573333333,bw,static,static,results,Results,Results_MAMBA21,MAMBA2-BWB-Results,simulator_output_MAMBA2-BWB_bwplacement_bs8_staticreq_statictask,SCRUBBED_TIME+MAMBA2-BWB_BMPD640_9_5_10,False
8,9,4,11,0,0,384,1588.0,61.29465173333333,bw,static,static,results,Results,Results_MAMBA21,MAMBA2-BWB-Results,simulator_output_MAMBA2-BWB_bwplacement_bs8_staticreq_statictask,SCRUBBED_TIME+MAMBA2-BWB_BMPD384_9_4_11,False
16,8,14,2,0,0,640,849.6,61.3457295,bw,static,static,results,Results,Results_MAMBA21,MAMBA2-BWB-Results,simulator_output_MAMBA2-BWB_bwplacement_bs16_staticreq_statictask,SCRUBBED_TIME+MAMBA2-BWB_BMPD640_8_14_2,False
16,4,16,4,0,0,384,1112.96,61.3812812,bw,static,static,results,Results,Results_MAMBA21,MAMBA2-BWB-Results,simulator_output_MAMBA2-BWB_bwplacement_bs16_staticreq_statictask,SCRUBBED_TIME+MAMBA2-BWB_BMPD384_4_16_4,False
16,8,12,4,0,0,512,1649.12,61.389343,bw,static,static,results,Results,Results_MAMBA21,MAMBA2-BWB-Results,simulator_output_MAMBA2-BWB_bwplacement_bs16_staticreq_statictask,SCRUBBED_TIME+MAMBA2-BWB_BMPD512_8_12_4,False
8,13,3,8,0,0,384,1247.28,61.43018581818182,bw,static,static,results,Results,Results_MAMBA21,MAMBA2-BWB-Results,simulator_output_MAMBA2-BWB_bwplacement_bs8_staticreq_statictask,SCRUBBED_TIME+MAMBA2-BWB_BMPD384_13_3_8,False
16,3,15,6,0,0,384,1506.08,61.44736552380952,bw,static,static,results,Results,Results_MAMBA21,MAMBA2-BWB-Results,simulator_output_MAMBA2-BWB_bwplacement_bs16_staticreq_statictask,SCRUBBED_TIME+MAMBA2-BWB_BMPD384_3_15_6,False
8,4,6,14,0,0,512,1838.48,61.4564476,bw,static,static,results,Results,Results_MAMBA21,MAMBA2-BWB-Results,simulator_output_MAMBA2-BWB_bwplacement_bs8_staticreq_statictask,SCRUBBED_TIME+MAMBA2-BWB_BMPD512_4_6_14,False
16,12,6,6,0,0,256,1218.56,61.48199966666667,bw,static,static,results,Results,Results_MAMBA21,MAMBA2-BWB-Results,simulator_output_MAMBA2-BWB_bwplacement_bs16_staticreq_statictask,SCRUBBED_TIME+MAMBA2-BWB_BMPD256_12_6_6,False
16,10,8,6,0,0,512,2188.16,61.528992,bw,static,static,results,Results,Results_MAMBA21,MAMBA2-BWB-Results,simulator_output_MAMBA2-BWB_bwplacement_bs16_staticreq_statictask,SCRUBBED_TIME+MAMBA2-BWB_BMPD512_10_8_6,False
16,5,9,10,0,0,256,1864.64,61.582483157894735,bw,static,static,results,Results,Results_MAMBA21,MAMBA2-BWB-Results,simulator_output_MAMBA2-BWB_bwplacement_bs16_staticreq_statictask,SCRUBBED_TIME+MAMBA2-BWB_BMPD256_5_9_10,False
16,4,13,7,0,0,384,1749.6,61.603216200000006,bw,static,static,results,Results,Results_MAMBA21,MAMBA2-BWB-Results,simulator_output_MAMBA2-BWB_bwplacement_bs16_staticreq_statictask,SCRUBBED_TIME+MAMBA2-BWB_BMPD384_4_13_7,False
16,3,16,5,0,0,384,1259.36,61.66851790476191,bw,static,static,results,Results,Results_MAMBA21,MAMBA2-BWB-Results,simulator_output_MAMBA2-BWB_bwplacement_bs16_staticreq_statictask,SCRUBBED_TIME+MAMBA2-BWB_BMPD384_3_16_5,False
16,12,8,4,0,0,640,1427.2,61.680416,bw,static,static,results,Results,Results_MAMBA21,MAMBA2-BWB-Results,simulator_output_MAMBA2-BWB_bwplacement_bs16_staticreq_statictask,SCRUBBED_TIME+MAMBA2-BWB_BMPD640_12_8_4,False
16,2,8,14,0,0,640,1947.04,61.690949333333336,bw,static,static,results,Results,Results_MAMBA21,MAMBA2-BWB-Results,simulator_output_MAMBA2-BWB_bwplacement_bs16_staticreq_statictask,SCRUBBED_TIME+MAMBA2-BWB_BMPD640_2_8_14,False
16,3,11,10,0,0,256,1582.56,61.731608190476194,bw,static,static,results,Results,Results_MAMBA21,MAMBA2-BWB-Results,simulator_output_MAMBA2-BWB_bwplacement_bs16_staticreq_statictask,SCRUBBED_TIME+MAMBA2-BWB_BMPD256_3_11_10,False
8,7,4,13,0,0,256,1107.68,61.82321317647059,bw,static,static,results,Results,Results_MAMBA21,MAMBA2-BWB-Results,simulator_output_MAMBA2-BWB_bwplacement_bs8_staticreq_statictask,SCRUBBED_TIME+MAMBA2-BWB_BMPD256_7_4_13,False
16,7,9,8,0,0,384,2668.32,61.84358682352941,bw,static,static,results,Results,Results_MAMBA21,MAMBA2-BWB-Results,simulator_output_MAMBA2-BWB_bwplacement_bs16_staticreq_statictask,SCRUBBED_TIME+MAMBA2-BWB_BMPD384_7_9_8,False
16,5,11,8,0,0,384,2373.6,61.89611115789474,bw,static,static,results,Results,Results_MAMBA21,MAMBA2-BWB-Results,simulator_output_MAMBA2-BWB_bwplacement_bs16_staticreq_statictask,SCRUBBED_TIME+MAMBA2-BWB_BMPD384_5_11_8,False
16,4,10,10,0,0,256,1808.96,61.9435282,bw,static,static,results,Results,Results_MAMBA21,MAMBA2-BWB-Results,simulator_output_MAMBA2-BWB_bwplacement_bs16_staticreq_statictask,SCRUBBED_TIME+MAMBA2-BWB_BMPD256_4_10_10,False
16,7,13,4,0,0,512,1746.4,61.945698588235295,bw,static,static,results,Results,Results_MAMBA21,MAMBA2-BWB-Results,simulator_output_MAMBA2-BWB_bwplacement_bs16_staticreq_statictask,SCRUBBED_TIME+MAMBA2-BWB_BMPD512_7_13_4,False
16,6,16,2,0,0,640,664.96,61.968056,bw,static,static,results,Results,Results_MAMBA21,MAMBA2-BWB-Results,simulator_output_MAMBA2-BWB_bwplacement_bs16_staticreq_statictask,SCRUBBED_TIME+MAMBA2-BWB_BMPD640_6_16_2,False
8,4,7,13,0,0,640,1860.72,62.0136836,bw,static,static,results,Results,Results_MAMBA21,MAMBA2-BWB-Results,simulator_output_MAMBA2-BWB_bwplacement_bs8_staticreq_statictask,SCRUBBED_TIME+MAMBA2-BWB_BMPD640_4_7_13,False
16,12,7,5,0,0,384,1652.0,62.098621,bw,static,static,results,Results,Results_MAMBA21,MAMBA2-BWB-Results,simulator_output_MAMBA2-BWB_bwplacement_bs16_staticreq_statictask,SCRUBBED_TIME+MAMBA2-BWB_BMPD384_12_7_5,False
2,10,1,13,0,0,512,474.45,62.34135428571428,bw,static,static,results,Results,Results_MAMBA21,MAMBA2-BWB-Results,simulator_output_MAMBA2-BWB_bwplacement_bs2_staticreq_statictask,SCRUBBED_TIME+MAMBA2-BWB_BMPD512_10_1_13,False
16,13,6,5,0,0,384,1617.6,62.46687890909091,bw,static,static,results,Results,Results_MAMBA21,MAMBA2-BWB-Results,simulator_output_MAMBA2-BWB_bwplacement_bs16_staticreq_statictask,SCRUBBED_TIME+MAMBA2-BWB_BMPD384_13_6_5,False
4,10,2,12,0,0,512,882.4,62.55069571428572,bw,static,static,results,Results,Results_MAMBA21,MAMBA2-BWB-Results,simulator_output_MAMBA2-BWB_bwplacement_bs4_staticreq_statictask,SCRUBBED_TIME+MAMBA2-BWB_BMPD512_10_2_12,False
16,3,20,1,0,0,512,348.96,62.555497555555554,bw,static,static,results,Results,Results_MAMBA21,MAMBA2-BWB-Results,simulator_output_MAMBA2-BWB_bwplacement_bs16_staticreq_statictask,SCRUBBED_TIME+MAMBA2-BWB_BMPD512_3_20_1,False
16,6,17,1,0,0,640,323.68,62.58818377777778,bw,static,static,results,Results,Results_MAMBA21,MAMBA2-BWB-Results,simulator_output_MAMBA2-BWB_bwplacement_bs16_staticreq_statictask,SCRUBBED_TIME+MAMBA2-BWB_BMPD640_6_17_1,False
16,14,6,4,0,0,512,1546.72,62.6006192,bw,static,static,results,Results,Results_MAMBA21,MAMBA2-BWB-Results,simulator_output_MAMBA2-BWB_bwplacement_bs16_staticreq_statictask,SCRUBBED_TIME+MAMBA2-BWB_BMPD512_14_6_4,False
4,5,3,16,0,0,640,1117.12,62.68551557894737,bw,static,static,results,Results,Results_MAMBA21,MAMBA2-BWB-Results,simulator_output_MAMBA2-BWB_bwplacement_bs4_staticreq_statictask,SCRUBBED_TIME+MAMBA2-BWB_BMPD640_5_3_16,False
16,8,10,6,0,0,512,2245.92,62.74737425,bw,static,static,results,Results,Results_MAMBA21,MAMBA2-BWB-Results,simulator_output_MAMBA2-BWB_bwplacement_bs16_staticreq_statictask,SCRUBBED_TIME+MAMBA2-BWB_BMPD512_8_10_6,False
16,3,19,2,0,0,384,556.16,62.80474647619048,bw,static,static,results,Results,Results_MAMBA21,MAMBA2-BWB-Results,simulator_output_MAMBA2-BWB_bwplacement_bs16_staticreq_statictask,SCRUBBED_TIME+MAMBA2-BWB_BMPD384_3_19_2,False
16,3,14,7,0,0,512,2004.32,62.80792533333334,bw,static,static,results,Results,Results_MAMBA21,MAMBA2-BWB-Results,simulator_output_MAMBA2-BWB_bwplacement_bs16_staticreq_statictask,SCRUBBED_TIME+MAMBA2-BWB_BMPD512_3_14_7,False
16,8,11,5,0,0,512,2005.6,62.89689925,bw,static,static,results,Results,Results_MAMBA21,MAMBA2-BWB-Results,simulator_output_MAMBA2-BWB_bwplacement_bs16_staticreq_statictask,SCRUBBED_TIME+MAMBA2-BWB_BMPD512_8_11_5,False
16,16,6,2,0,0,640,738.24,62.977929,bw,static,static,results,Results,Results_MAMBA21,MAMBA2-BWB-Results,simulator_output_MAMBA2-BWB_bwplacement_bs16_staticreq_statictask,SCRUBBED_TIME+MAMBA2-BWB_BMPD640_16_6_2,False
16,3,14,7,0,0,384,1512.64,63.03412742857142,bw,static,static,results,Results,Results_MAMBA21,MAMBA2-BWB-Results,simulator_output_MAMBA2-BWB_bwplacement_bs16_staticreq_statictask,SCRUBBED_TIME+MAMBA2-BWB_BMPD384_3_14_7,False
16,9,13,2,0,0,640,826.4,63.0793336,bw,static,static,results,Results,Results_MAMBA21,MAMBA2-BWB-Results,simulator_output_MAMBA2-BWB_bwplacement_bs16_staticreq_statictask,SCRUBBED_TIME+MAMBA2-BWB_BMPD640_9_13_2,False
16,10,10,4,0,0,640,1518.88,63.09649685714286,bw,static,static,results,Results,Results_MAMBA21,MAMBA2-BWB-Results,simulator_output_MAMBA2-BWB_bwplacement_bs16_staticreq_statictask,SCRUBBED_TIME+MAMBA2-BWB_BMPD640_10_10_4,False
16,6,12,6,0,0,384,1859.36,63.097884444444446,bw,static,static,results,Results,Results_MAMBA21,MAMBA2-BWB-Results,simulator_output_MAMBA2-BWB_bwplacement_bs16_staticreq_statictask,SCRUBBED_TIME+MAMBA2-BWB_BMPD384_6_12_6,False
2,8,1,15,0,0,384,412.14,63.12081875,bw,static,static,results,Results,Results_MAMBA21,MAMBA2-BWB-Results,simulator_output_MAMBA2-BWB_bwplacement_bs2_staticreq_statictask,SCRUBBED_TIME+MAMBA2-BWB_BMPD384_8_1_15,False
8,15,3,6,0,0,640,994.08,63.21386711111112,bw,static,static,results,Results,Results_MAMBA21,MAMBA2-BWB-Results,simulator_output_MAMBA2-BWB_bwplacement_bs8_staticreq_statictask,SCRUBBED_TIME+MAMBA2-BWB_BMPD640_15_3_6,False
16,4,12,8,0,0,384,1695.04,63.345181200000006,bw,static,static,results,Results,Results_MAMBA21,MAMBA2-BWB-Results,simulator_output_MAMBA2-BWB_bwplacement_bs16_staticreq_statictask,SCRUBBED_TIME+MAMBA2-BWB_BMPD384_4_12_8,False
16,5,17,2,0,0,512,650.4,63.351072631578944,bw,static,static,results,Results,Results_MAMBA21,MAMBA2-BWB-Results,simulator_output_MAMBA2-BWB_bwplacement_bs16_staticreq_statictask,SCRUBBED_TIME+MAMBA2-BWB_BMPD512_5_17_2,False
16,3,18,3,0,0,384,745.76,63.36298933333334,bw,static,static,results,Results,Results_MAMBA21,MAMBA2-BWB-Results,simulator_output_MAMBA2-BWB_bwplacement_bs16_staticreq_statictask,SCRUBBED_TIME+MAMBA2-BWB_BMPD384_3_18_3,False
8,14,3,7,0,0,512,1098.0,63.4775668,bw,static,static,results,Results,Results_MAMBA21,MAMBA2-BWB-Results,simulator_output_MAMBA2-BWB_bwplacement_bs8_staticreq_statictask,SCRUBBED_TIME+MAMBA2-BWB_BMPD512_14_3_7,False
16,6,14,4,0,0,512,1629.92,63.54850866666666,bw,static,static,results,Results,Results_MAMBA21,MAMBA2-BWB-Results,simulator_output_MAMBA2-BWB_bwplacement_bs16_staticreq_statictask,SCRUBBED_TIME+MAMBA2-BWB_BMPD512_6_14_4,False
16,15,4,5,0,0,256,895.04,63.573117333333336,bw,static,static,results,Results,Results_MAMBA21,MAMBA2-BWB-Results,simulator_output_MAMBA2-BWB_bwplacement_bs16_staticreq_statictask,SCRUBBED_TIME+MAMBA2-BWB_BMPD256_15_4_5,False
4,8,2,14,0,0,384,791.6,63.5762665,bw,static,static,results,Results,Results_MAMBA21,MAMBA2-BWB-Results,simulator_output_MAMBA2-BWB_bwplacement_bs4_staticreq_statictask,SCRUBBED_TIME+MAMBA2-BWB_BMPD384_8_2_14,False
16,5,16,3,0,0,512,913.92,63.59082,bw,static,static,results,Results,Results_MAMBA21,MAMBA2-BWB-Results,simulator_output_MAMBA2-BWB_bwplacement_bs16_staticreq_statictask,SCRUBBED_TIME+MAMBA2-BWB_BMPD512_5_16_3,False
16,3,13,8,0,0,512,2036.8,63.620342,bw,static,static,results,Results,Results_MAMBA21,MAMBA2-BWB-Results,simulator_output_MAMBA2-BWB_bwplacement_bs16_staticreq_statictask,SCRUBBED_TIME+MAMBA2-BWB_BMPD512_3_13_8,False
16,10,11,3,0,0,640,1061.12,63.69441114285714,bw,static,static,results,Results,Results_MAMBA21,MAMBA2-BWB-Results,simulator_output_MAMBA2-BWB_bwplacement_bs16_staticreq_statictask,SCRUBBED_TIME+MAMBA2-BWB_BMPD640_10_11_3,False
16,3,10,11,0,0,256,1662.08,63.85833676190476,bw,static,static,results,Results,Results_MAMBA21,MAMBA2-BWB-Results,simulator_output_MAMBA2-BWB_bwplacement_bs16_staticreq_statictask,SCRUBBED_TIME+MAMBA2-BWB_BMPD256_3_10_11,False
8,4,5,15,0,0,384,1480.8,63.8756082,bw,static,static,results,Results,Results_MAMBA21,MAMBA2-BWB-Results,simulator_output_MAMBA2-BWB_bwplacement_bs8_staticreq_statictask,SCRUBBED_TIME+MAMBA2-BWB_BMPD384_4_5_15,False
8,6,6,12,0,0,640,1796.32,63.88792755555555,bw,static,static,results,Results,Results_MAMBA21,MAMBA2-BWB-Results,simulator_output_MAMBA2-BWB_bwplacement_bs8_staticreq_statictask,SCRUBBED_TIME+MAMBA2-BWB_BMPD640_6_6_12,False
8,3,6,15,0,0,640,1471.2,63.88820533333334,bw,static,static,results,Results,Results_MAMBA21,MAMBA2-BWB-Results,simulator_output_MAMBA2-BWB_bwplacement_bs8_staticreq_statictask,SCRUBBED_TIME+MAMBA2-BWB_BMPD640_3_6_15,False
16,9,12,3,0,0,640,1150.4,63.90704026666666,bw,static,static,results,Results,Results_MAMBA21,MAMBA2-BWB-Results,simulator_output_MAMBA2-BWB_bwplacement_bs16_staticreq_statictask,SCRUBBED_TIME+MAMBA2-BWB_BMPD640_9_12_3,False
16,7,15,2,0,0,640,812.32,63.92161764705882,bw,static,static,results,Results,Results_MAMBA21,MAMBA2-BWB-Results,simulator_output_MAMBA2-BWB_bwplacement_bs16_staticreq_statictask,SCRUBBED_TIME+MAMBA2-BWB_BMPD640_7_15_2,False
16,7,14,3,0,0,640,1237.28,63.95709411764706,bw,static,static,results,Results,Results_MAMBA21,MAMBA2-BWB-Results,simulator_output_MAMBA2-BWB_bwplacement_bs16_staticreq_statictask,SCRUBBED_TIME+MAMBA2-BWB_BMPD640_7_14_3,False
16,6,8,10,0,0,256,1671.68,63.96145466666666,bw,static,static,results,Results,Results_MAMBA21,MAMBA2-BWB-Results,simulator_output_MAMBA2-BWB_bwplacement_bs16_staticreq_statictask,SCRUBBED_TIME+MAMBA2-BWB_BMPD256_6_8_10,False
16,5,14,5,0,0,512,1796.16,63.98694105263158,bw,static,static,results,Results,Results_MAMBA21,MAMBA2-BWB-Results,simulator_output_MAMBA2-BWB_bwplacement_bs16_staticreq_statictask,SCRUBBED_TIME+MAMBA2-BWB_BMPD512_5_14_5,False
16,6,15,3,0,0,512,1205.76,64.02288644444445,bw,static,static,results,Results,Results_MAMBA21,MAMBA2-BWB-Results,simulator_output_MAMBA2-BWB_bwplacement_bs16_staticreq_statictask,SCRUBBED_TIME+MAMBA2-BWB_BMPD512_6_15_3,False
4,6,2,16,0,0,256,619.56,64.09546666666667,bw,static,static,results,Results,Results_MAMBA21,MAMBA2-BWB-Results,simulator_output_MAMBA2-BWB_bwplacement_bs4_staticreq_statictask,SCRUBBED_TIME+MAMBA2-BWB_BMPD256_6_2_16,False
4,2,2,20,0,0,256,487.92,64.09546666666667,bw,static,static,results,Results,Results_MAMBA21,MAMBA2-BWB-Results,simulator_output_MAMBA2-BWB_bwplacement_bs4_staticreq_statictask,SCRUBBED_TIME+MAMBA2-BWB_BMPD256_2_2_20,False
8,3,5,16,0,0,512,1502.64,64.096458,bw,static,static,results,Results,Results_MAMBA21,MAMBA2-BWB-Results,simulator_output_MAMBA2-BWB_bwplacement_bs8_staticreq_statictask,SCRUBBED_TIME+MAMBA2-BWB_BMPD512_3_5_16,False
8,6,5,13,0,0,512,1879.44,64.09652466666667,bw,static,static,results,Results,Results_MAMBA21,MAMBA2-BWB-Results,simulator_output_MAMBA2-BWB_bwplacement_bs8_staticreq_statictask,SCRUBBED_TIME+MAMBA2-BWB_BMPD512_6_5_13,False
16,9,9,6,0,0,512,2126.72,64.10072213333333,bw,static,static,results,Results,Results_MAMBA21,MAMBA2-BWB-Results,simulator_output_MAMBA2-BWB_bwplacement_bs16_staticreq_statictask,SCRUBBED_TIME+MAMBA2-BWB_BMPD512_9_9_6,False
2,11,1,12,0,0,640,409.18,64.13280492307692,bw,static,static,results,Results,Results_MAMBA21,MAMBA2-BWB-Results,simulator_output_MAMBA2-BWB_bwplacement_bs2_staticreq_statictask,SCRUBBED_TIME+MAMBA2-BWB_BMPD640_11_1_12,False
16,3,19,2,0,0,512,634.56,64.19770866666667,bw,static,static,results,Results,Results_MAMBA21,MAMBA2-BWB-Results,simulator_output_MAMBA2-BWB_bwplacement_bs16_staticreq_statictask,SCRUBBED_TIME+MAMBA2-BWB_BMPD512_3_19_2,False
16,10,9,5,0,0,640,1663.04,64.294454,bw,static,static,results,Results,Results_MAMBA21,MAMBA2-BWB-Results,simulator_output_MAMBA2-BWB_bwplacement_bs16_staticreq_statictask,SCRUBBED_TIME+MAMBA2-BWB_BMPD640_10_9_5,False
16,14,5,5,0,0,384,1481.28,64.2972072,bw,static,static,results,Results,Results_MAMBA21,MAMBA2-BWB-Results,simulator_output_MAMBA2-BWB_bwplacement_bs16_staticreq_statictask,SCRUBBED_TIME+MAMBA2-BWB_BMPD384_14_5_5,False
16,3,15,6,0,0,512,1809.6,64.32711422222222,bw,static,static,results,Results,Results_MAMBA21,MAMBA2-BWB-Results,simulator_output_MAMBA2-BWB_bwplacement_bs16_staticreq_statictask,SCRUBBED_TIME+MAMBA2-BWB_BMPD512_3_15_6,False
16,8,8,8,0,0,384,2264.48,64.36283275,bw,static,static,results,Results,Results_MAMBA21,MAMBA2-BWB-Results,simulator_output_MAMBA2-BWB_bwplacement_bs16_staticreq_statictask,SCRUBBED_TIME+MAMBA2-BWB_BMPD384_8_8_8,False
16,13,7,4,0,0,512,1541.12,64.4019090909091,bw,static,static,results,Results,Results_MAMBA21,MAMBA2-BWB-Results,simulator_output_MAMBA2-BWB_bwplacement_bs16_staticreq_statictask,SCRUBBED_TIME+MAMBA2-BWB_BMPD512_13_7_4,False
8,11,3,10,0,0,256,838.56,64.40864369230769,bw,static,static,results,Results,Results_MAMBA21,MAMBA2-BWB-Results,simulator_output_MAMBA2-BWB_bwplacement_bs8_staticreq_statictask,SCRUBBED_TIME+MAMBA2-BWB_BMPD256_11_3_10,False
8,10,4,10,0,0,512,1498.48,64.49358,bw,static,static,results,Results,Results_MAMBA21,MAMBA2-BWB-Results,simulator_output_MAMBA2-BWB_bwplacement_bs8_staticreq_statictask,SCRUBBED_TIME+MAMBA2-BWB_BMPD512_10_4_10,False
16,3,16,5,0,0,640,1277.92,64.50789488888888,bw,static,static,results,Results,Results_MAMBA21,MAMBA2-BWB-Results,simulator_output_MAMBA2-BWB_bwplacement_bs16_staticreq_statictask,SCRUBBED_TIME+MAMBA2-BWB_BMPD640_3_16_5,False
16,15,5,4,0,0,512,1424.32,64.51646044444445,bw,static,static,results,Results,Results_MAMBA21,MAMBA2-BWB-Results,simulator_output_MAMBA2-BWB_bwplacement_bs16_staticreq_statictask,SCRUBBED_TIME+MAMBA2-BWB_BMPD512_15_5_4,False
8,8,5,11,0,0,640,1828.85,64.54441275,bw,static,static,results,Results,Results_MAMBA21,MAMBA2-BWB-Results,simulator_output_MAMBA2-BWB_bwplacement_bs8_staticreq_statictask,SCRUBBED_TIME+MAMBA2-BWB_BMPD640_8_5_11,False
2,6,1,17,0,0,256,298.82,64.56299711111112,bw,static,static,results,Results,Results_MAMBA21,MAMBA2-BWB-Results,simulator_output_MAMBA2-BWB_bwplacement_bs2_staticreq_statictask,SCRUBBED_TIME+MAMBA2-BWB_BMPD256_6_1_17,False
2,2,1,21,0,0,256,229.8,64.56306933333333,bw,static,static,results,Results,Results_MAMBA21,MAMBA2-BWB-Results,simulator_output_MAMBA2-BWB_bwplacement_bs2_staticreq_statictask,SCRUBBED_TIME+MAMBA2-BWB_BMPD256_2_1_21,False
16,4,9,11,0,0,256,1727.04,64.5761882,bw,static,static,results,Results,Results_MAMBA21,MAMBA2-BWB-Results,simulator_output_MAMBA2-BWB_bwplacement_bs16_staticreq_statictask,SCRUBBED_TIME+MAMBA2-BWB_BMPD256_4_9_11,False
16,8,13,3,0,0,640,1186.4,64.5786795,bw,static,static,results,Results,Results_MAMBA21,MAMBA2-BWB-Results,simulator_output_MAMBA2-BWB_bwplacement_bs16_staticreq_statictask,SCRUBBED_TIME+MAMBA2-BWB_BMPD640_8_13_3,False
16,2,8,14,0,0,256,1684.96,64.60566022222223,bw,static,static,results,Results,Results_MAMBA21,MAMBA2-BWB-Results,simulator_output_MAMBA2-BWB_bwplacement_bs16_staticreq_statictask,SCRUBBED_TIME+MAMBA2-BWB_BMPD256_2_8_14,False
4,11,2,11,0,0,640,853.04,64.611792,bw,static,static,results,Results,Results_MAMBA21,MAMBA2-BWB-Results,simulator_output_MAMBA2-BWB_bwplacement_bs4_staticreq_statictask,SCRUBBED_TIME+MAMBA2-BWB_BMPD640_11_2_11,False
16,6,10,8,0,0,384,2379.68,64.61516777777777,bw,static,static,results,Results,Results_MAMBA21,MAMBA2-BWB-Results,simulator_output_MAMBA2-BWB_bwplacement_bs16_staticreq_statictask,SCRUBBED_TIME+MAMBA2-BWB_BMPD384_6_10_8,False
16,6,13,5,0,0,512,1964.96,64.64673644444444,bw,static,static,results,Results,Results_MAMBA21,MAMBA2-BWB-Results,simulator_output_MAMBA2-BWB_bwplacement_bs16_staticreq_statictask,SCRUBBED_TIME+MAMBA2-BWB_BMPD512_6_13_5,False
16,16,4,4,0,0,384,1180.0,64.651852,bw,static,static,results,Results,Results_MAMBA21,MAMBA2-BWB-Results,simulator_output_MAMBA2-BWB_bwplacement_bs16_staticreq_statictask,SCRUBBED_TIME+MAMBA2-BWB_BMPD384_16_4_4,False
16,13,5,6,0,0,256,1111.84,64.76249309090909,bw,static,static,results,Results,Results_MAMBA21,MAMBA2-BWB-Results,simulator_output_MAMBA2-BWB_bwplacement_bs16_staticreq_statictask,SCRUBBED_TIME+MAMBA2-BWB_BMPD256_13_5_6,False
8,6,4,14,0,0,256,1025.6,64.89025444444445,bw,static,static,results,Results,Results_MAMBA21,MAMBA2-BWB-Results,simulator_output_MAMBA2-BWB_bwplacement_bs8_staticreq_statictask,SCRUBBED_TIME+MAMBA2-BWB_BMPD256_6_4_14,False
8,2,4,18,0,0,256,947.52,64.89038222222223,bw,static,static,results,Results,Results_MAMBA21,MAMBA2-BWB-Results,simulator_output_MAMBA2-BWB_bwplacement_bs8_staticreq_statictask,SCRUBBED_TIME+MAMBA2-BWB_BMPD256_2_4_18,False
4,16,1,7,0,0,384,429.96,64.9443645,bw,static,static,results,Results,Results_MAMBA21,MAMBA2-BWB-Results,simulator_output_MAMBA2-BWB_bwplacement_bs4_staticreq_statictask,SCRUBBED_TIME+MAMBA2-BWB_BMPD384_16_1_7,False
16,5,17,2,0,0,640,575.68,65.08960821052632,bw,static,static,results,Results,Results_MAMBA21,MAMBA2-BWB-Results,simulator_output_MAMBA2-BWB_bwplacement_bs16_staticreq_statictask,SCRUBBED_TIME+MAMBA2-BWB_BMPD640_5_17_2,False
16,4,11,9,0,0,384,1910.88,65.1017862,bw,static,static,results,Results,Results_MAMBA21,MAMBA2-BWB-Results,simulator_output_MAMBA2-BWB_bwplacement_bs16_staticreq_statictask,SCRUBBED_TIME+MAMBA2-BWB_BMPD384_4_11_9,False
8,11,4,9,0,0,640,1383.04,65.1077363076923,bw,static,static,results,Results,Results_MAMBA21,MAMBA2-BWB-Results,simulator_output_MAMBA2-BWB_bwplacement_bs8_staticreq_statictask,SCRUBBED_TIME+MAMBA2-BWB_BMPD640_11_4_9,False
16,14,7,3,0,0,640,1013.92,65.1597792,bw,static,static,results,Results,Results_MAMBA21,MAMBA2-BWB-Results,simulator_output_MAMBA2-BWB_bwplacement_bs16_staticreq_statictask,SCRUBBED_TIME+MAMBA2-BWB_BMPD640_14_7_3,False
16,3,13,8,0,0,384,1494.4,65.3730321904762,bw,static,static,results,Results,Results_MAMBA21,MAMBA2-BWB-Results,simulator_output_MAMBA2-BWB_bwplacement_bs16_staticreq_statictask,SCRUBBED_TIME+MAMBA2-BWB_BMPD384_3_13_8,False
16,9,7,8,0,0,256,1515.36,65.53829733333333,bw,static,static,results,Results,Results_MAMBA21,MAMBA2-BWB-Results,simulator_output_MAMBA2-BWB_bwplacement_bs16_staticreq_statictask,SCRUBBED_TIME+MAMBA2-BWB_BMPD256_9_7_8,False
16,6,9,9,0,0,384,2395.04,65.58032333333334,bw,static,static,results,Results,Results_MAMBA21,MAMBA2-BWB-Results,simulator_output_MAMBA2-BWB_bwplacement_bs16_staticreq_statictask,SCRUBBED_TIME+MAMBA2-BWB_BMPD384_6_9_9,False
16,11,6,7,0,0,256,1215.52,65.621376,bw,static,static,results,Results,Results_MAMBA21,MAMBA2-BWB-Results,simulator_output_MAMBA2-BWB_bwplacement_bs16_staticreq_statictask,SCRUBBED_TIME+MAMBA2-BWB_BMPD256_11_6_7,False
8,8,4,12,0,0,384,1437.84,65.70204175,bw,static,static,results,Results,Results_MAMBA21,MAMBA2-BWB-Results,simulator_output_MAMBA2-BWB_bwplacement_bs8_staticreq_statictask,SCRUBBED_TIME+MAMBA2-BWB_BMPD384_8_4_12,False
16,5,18,1,0,0,640,348.32,65.79383452631579,bw,static,static,results,Results,Results_MAMBA21,MAMBA2-BWB-Results,simulator_output_MAMBA2-BWB_bwplacement_bs16_staticreq_statictask,SCRUBBED_TIME+MAMBA2-BWB_BMPD640_5_18_1,False
4,4,3,17,0,0,640,895.72,65.80727279999999,bw,static,static,results,Results,Results_MAMBA21,MAMBA2-BWB-Results,simulator_output_MAMBA2-BWB_bwplacement_bs4_staticreq_statictask,SCRUBBED_TIME+MAMBA2-BWB_BMPD640_4_3_17,False
16,12,6,6,0,0,384,1716.48,65.85671266666667,bw,static,static,results,Results,Results_MAMBA21,MAMBA2-BWB-Results,simulator_output_MAMBA2-BWB_bwplacement_bs16_staticreq_statictask,SCRUBBED_TIME+MAMBA2-BWB_BMPD384_12_6_6,False
16,9,8,7,0,0,512,2002.4,65.9354888,bw,static,static,results,Results,Results_MAMBA21,MAMBA2-BWB-Results,simulator_output_MAMBA2-BWB_bwplacement_bs16_staticreq_statictask,SCRUBBED_TIME+MAMBA2-BWB_BMPD512_9_8_7,False
16,11,8,5,0,0,640,1571.2,65.99676523076923,bw,static,static,results,Results,Results_MAMBA21,MAMBA2-BWB-Results,simulator_output_MAMBA2-BWB_bwplacement_bs16_staticreq_statictask,SCRUBBED_TIME+MAMBA2-BWB_BMPD640_11_8_5,False
16,5,15,4,0,0,512,1537.12,66.02944105263158,bw,static,static,results,Results,Results_MAMBA21,MAMBA2-BWB-Results,simulator_output_MAMBA2-BWB_bwplacement_bs16_staticreq_statictask,SCRUBBED_TIME+MAMBA2-BWB_BMPD512_5_15_4,False
16,11,7,6,0,0,384,1697.92,66.04948492307692,bw,static,static,results,Results,Results_MAMBA21,MAMBA2-BWB-Results,simulator_output_MAMBA2-BWB_bwplacement_bs16_staticreq_statictask,SCRUBBED_TIME+MAMBA2-BWB_BMPD384_11_7_6,False
8,12,3,9,0,0,384,1135.44,66.053805,bw,static,static,results,Results,Results_MAMBA21,MAMBA2-BWB-Results,simulator_output_MAMBA2-BWB_bwplacement_bs8_staticreq_statictask,SCRUBBED_TIME+MAMBA2-BWB_BMPD384_12_3_9,False
16,4,13,7,0,0,512,1900.64,66.1854568,bw,static,static,results,Results,Results_MAMBA21,MAMBA2-BWB-Results,simulator_output_MAMBA2-BWB_bwplacement_bs16_staticreq_statictask,SCRUBBED_TIME+MAMBA2-BWB_BMPD512_4_13_7,False
4,15,1,8,0,0,256,354.04,66.20438044444445,bw,static,static,results,Results,Results_MAMBA21,MAMBA2-BWB-Results,simulator_output_MAMBA2-BWB_bwplacement_bs4_staticreq_statictask,SCRUBBED_TIME+MAMBA2-BWB_BMPD256_15_1_8,False
16,4,14,6,0,0,512,1809.28,66.2780118,bw,static,static,results,Results,Results_MAMBA21,MAMBA2-BWB-Results,simulator_output_MAMBA2-BWB_bwplacement_bs16_staticreq_statictask,SCRUBBED_TIME+MAMBA2-BWB_BMPD512_4_14_6,False
2,9,1,14,0,0,512,459.12,66.4487632,bw,static,static,results,Results,Results_MAMBA21,MAMBA2-BWB-Results,simulator_output_MAMBA2-BWB_bwplacement_bs2_staticreq_statictask,SCRUBBED_TIME+MAMBA2-BWB_BMPD512_9_1_14,False
4,9,2,13,0,0,512,875.96,66.52626213333333,bw,static,static,results,Results,Results_MAMBA21,MAMBA2-BWB-Results,simulator_output_MAMBA2-BWB_bwplacement_bs4_staticreq_statictask,SCRUBBED_TIME+MAMBA2-BWB_BMPD512_9_2_13,False
16,7,10,7,0,0,512,2214.72,66.60535152941176,bw,static,static,results,Results,Results_MAMBA21,MAMBA2-BWB-Results,simulator_output_MAMBA2-BWB_bwplacement_bs16_staticreq_statictask,SCRUBBED_TIME+MAMBA2-BWB_BMPD512_7_10_7,False
16,9,10,5,0,0,640,1684.0,66.6183736,bw,static,static,results,Results,Results_MAMBA21,MAMBA2-BWB-Results,simulator_output_MAMBA2-BWB_bwplacement_bs16_staticreq_statictask,SCRUBBED_TIME+MAMBA2-BWB_BMPD640_9_10_5,False
16,3,12,9,0,0,384,1688.64,66.64828933333334,bw,static,static,results,Results,Results_MAMBA21,MAMBA2-BWB-Results,simulator_output_MAMBA2-BWB_bwplacement_bs16_staticreq_statictask,SCRUBBED_TIME+MAMBA2-BWB_BMPD384_3_12_9,False
16,4,18,2,0,0,512,557.6,66.6646818,bw,static,static,results,Results,Results_MAMBA21,MAMBA2-BWB-Results,simulator_output_MAMBA2-BWB_bwplacement_bs16_staticreq_statictask,SCRUBBED_TIME+MAMBA2-BWB_BMPD512_4_18_2,False
16,9,11,4,0,0,640,1314.08,66.75750026666667,bw,static,static,results,Results,Results_MAMBA21,MAMBA2-BWB-Results,simulator_output_MAMBA2-BWB_bwplacement_bs16_staticreq_statictask,SCRUBBED_TIME+MAMBA2-BWB_BMPD640_9_11_4,False
8,3,5,16,0,0,384,1181.28,66.9421561904762,bw,static,static,results,Results,Results_MAMBA21,MAMBA2-BWB-Results,simulator_output_MAMBA2-BWB_bwplacement_bs8_staticreq_statictask,SCRUBBED_TIME+MAMBA2-BWB_BMPD384_3_5_16,False
8,5,6,13,0,0,640,1729.04,66.94871157894737,bw,static,static,results,Results,Results_MAMBA21,MAMBA2-BWB-Results,simulator_output_MAMBA2-BWB_bwplacement_bs8_staticreq_statictask,SCRUBBED_TIME+MAMBA2-BWB_BMPD640_5_6_13,False
16,3,15,6,0,0,640,1432.0,67.004206,bw,static,static,results,Results,Results_MAMBA21,MAMBA2-BWB-Results,simulator_output_MAMBA2-BWB_bwplacement_bs16_staticreq_statictask,SCRUBBED_TIME+MAMBA2-BWB_BMPD640_3_15_6,False
16,5,8,11,0,0,256,1641.28,67.02869894736843,bw,static,static,results,Results,Results_MAMBA21,MAMBA2-BWB-Results,simulator_output_MAMBA2-BWB_bwplacement_bs16_staticreq_statictask,SCRUBBED_TIME+MAMBA2-BWB_BMPD256_5_8_11,False
16,8,9,7,0,0,512,2148.16,67.0779555,bw,static,static,results,Results,Results_MAMBA21,MAMBA2-BWB-Results,simulator_output_MAMBA2-BWB_bwplacement_bs16_staticreq_statictask,SCRUBBED_TIME+MAMBA2-BWB_BMPD512_8_9_7,False
16,3,19,2,0,0,640,552.64,67.1570171111111,bw,static,static,results,Results,Results_MAMBA21,MAMBA2-BWB-Results,simulator_output_MAMBA2-BWB_bwplacement_bs16_staticreq_statictask,SCRUBBED_TIME+MAMBA2-BWB_BMPD640_3_19_2,False
8,16,2,6,0,0,384,704.08,67.2048755,bw,static,static,results,Results,Results_MAMBA21,MAMBA2-BWB-Results,simulator_output_MAMBA2-BWB_bwplacement_bs8_staticreq_statictask,SCRUBBED_TIME+MAMBA2-BWB_BMPD384_16_2_6,False
8,5,5,14,0,0,512,1684.4,67.2869614736842,bw,static,static,results,Results,Results_MAMBA21,MAMBA2-BWB-Results,simulator_output_MAMBA2-BWB_bwplacement_bs8_staticreq_statictask,SCRUBBED_TIME+MAMBA2-BWB_BMPD512_5_5_14,False
16,3,9,12,0,0,256,1456.0,67.28772247619048,bw,static,static,results,Results,Results_MAMBA21,MAMBA2-BWB-Results,simulator_output_MAMBA2-BWB_bwplacement_bs16_staticreq_statictask,SCRUBBED_TIME+MAMBA2-BWB_BMPD256_3_9_12,False
2,7,1,16,0,0,384,419.24,67.30502964705883,bw,static,static,results,Results,Results_MAMBA21,MAMBA2-BWB-Results,simulator_output_MAMBA2-BWB_bwplacement_bs2_staticreq_statictask,SCRUBBED_TIME+MAMBA2-BWB_BMPD384_7_1_16,False
16,16,5,3,0,0,640,951.84,67.332879,bw,static,static,results,Results,Results_MAMBA21,MAMBA2-BWB-Results,simulator_output_MAMBA2-BWB_bwplacement_bs16_staticreq_statictask,SCRUBBED_TIME+MAMBA2-BWB_BMPD640_16_5_3,False
16,8,12,4,0,0,640,1370.72,67.34817325,bw,static,static,results,Results,Results_MAMBA21,MAMBA2-BWB-Results,simulator_output_MAMBA2-BWB_bwplacement_bs16_staticreq_statictask,SCRUBBED_TIME+MAMBA2-BWB_BMPD640_8_12_4,False
16,4,16,4,0,0,512,1066.88,67.4083868,bw,static,static,results,Results,Results_MAMBA21,MAMBA2-BWB-Results,simulator_output_MAMBA2-BWB_bwplacement_bs16_staticreq_statictask,SCRUBBED_TIME+MAMBA2-BWB_BMPD512_4_16_4,False
16,5,16,3,0,0,640,771.52,67.45104505263157,bw,static,static,results,Results,Results_MAMBA21,MAMBA2-BWB-Results,simulator_output_MAMBA2-BWB_bwplacement_bs16_staticreq_statictask,SCRUBBED_TIME+MAMBA2-BWB_BMPD640_5_16_3,False
4,5,2,17,0,0,256,527.12,67.48667578947368,bw,static,static,results,Results,Results_MAMBA21,MAMBA2-BWB-Results,simulator_output_MAMBA2-BWB_bwplacement_bs4_staticreq_statictask,SCRUBBED_TIME+MAMBA2-BWB_BMPD256_5_2_17,False
16,3,12,9,0,0,512,1845.28,67.5449531111111,bw,static,static,results,Results,Results_MAMBA21,MAMBA2-BWB-Results,simulator_output_MAMBA2-BWB_bwplacement_bs16_staticreq_statictask,SCRUBBED_TIME+MAMBA2-BWB_BMPD512_3_12_9,False
16,3,11,10,0,0,384,1618.56,67.64428457142857,bw,static,static,results,Results,Results_MAMBA21,MAMBA2-BWB-Results,simulator_output_MAMBA2-BWB_bwplacement_bs16_staticreq_statictask,SCRUBBED_TIME+MAMBA2-BWB_BMPD384_3_11_10,False
4,7,2,15,0,0,384,727.0,67.84541129411764,bw,static,static,results,Results,Results_MAMBA21,MAMBA2-BWB-Results,simulator_output_MAMBA2-BWB_bwplacement_bs4_staticreq_statictask,SCRUBBED_TIME+MAMBA2-BWB_BMPD384_7_2_15,False
16,3,18,3,0,0,640,750.72,68.01593377777778,bw,static,static,results,Results,Results_MAMBA21,MAMBA2-BWB-Results,simulator_output_MAMBA2-BWB_bwplacement_bs16_staticreq_statictask,SCRUBBED_TIME+MAMBA2-BWB_BMPD640_3_18_3,False
2,5,1,18,0,0,256,264.2,68.02064610526315,bw,static,static,results,Results,Results_MAMBA21,MAMBA2-BWB-Results,simulator_output_MAMBA2-BWB_bwplacement_bs2_staticreq_statictask,SCRUBBED_TIME+MAMBA2-BWB_BMPD256_5_1_18,False
16,7,8,9,0,0,384,2033.6,68.05911623529411,bw,static,static,results,Results,Results_MAMBA21,MAMBA2-BWB-Results,simulator_output_MAMBA2-BWB_bwplacement_bs16_staticreq_statictask,SCRUBBED_TIME+MAMBA2-BWB_BMPD384_7_8_9,False
16,7,12,5,0,0,512,1824.48,68.17248682352941,bw,static,static,results,Results,Results_MAMBA21,MAMBA2-BWB-Results,simulator_output_MAMBA2-BWB_bwplacement_bs16_staticreq_statictask,SCRUBBED_TIME+MAMBA2-BWB_BMPD512_7_12_5,False
16,9,9,6,0,0,640,1640.32,68.2493736,bw,static,static,results,Results,Results_MAMBA21,MAMBA2-BWB-Results,simulator_output_MAMBA2-BWB_bwplacement_bs16_staticreq_statictask,SCRUBBED_TIME+MAMBA2-BWB_BMPD640_9_9_6,False
8,7,4,13,0,0,384,1421.44,68.38871176470587,bw,static,static,results,Results,Results_MAMBA21,MAMBA2-BWB-Results,simulator_output_MAMBA2-BWB_bwplacement_bs8_staticreq_statictask,SCRUBBED_TIME+MAMBA2-BWB_BMPD384_7_4_13,False
8,15,2,7,0,0,256,507.2,68.39320133333332,bw,static,static,results,Results,Results_MAMBA21,MAMBA2-BWB-Results,simulator_output_MAMBA2-BWB_bwplacement_bs8_staticreq_statictask,SCRUBBED_TIME+MAMBA2-BWB_BMPD256_15_2_7,False
16,3,20,1,0,0,640,253.28,68.45002822222223,bw,static,static,results,Results,Results_MAMBA21,MAMBA2-BWB-Results,simulator_output_MAMBA2-BWB_bwplacement_bs16_staticreq_statictask,SCRUBBED_TIME+MAMBA2-BWB_BMPD640_3_20_1,False
8,5,4,15,0,0,256,928.8,68.46556463157896,bw,static,static,results,Results,Results_MAMBA21,MAMBA2-BWB-Results,simulator_output_MAMBA2-BWB_bwplacement_bs8_staticreq_statictask,SCRUBBED_TIME+MAMBA2-BWB_BMPD256_5_4_15,False
16,3,17,4,0,0,640,966.08,68.52052266666666,bw,static,static,results,Results,Results_MAMBA21,MAMBA2-BWB-Results,simulator_output_MAMBA2-BWB_bwplacement_bs16_staticreq_statictask,SCRUBBED_TIME+MAMBA2-BWB_BMPD640_3_17_4,False
16,5,9,10,0,0,384,2343.68,68.53275326315789,bw,static,static,results,Results,Results_MAMBA21,MAMBA2-BWB-Results,simulator_output_MAMBA2-BWB_bwplacement_bs16_staticreq_statictask,SCRUBBED_TIME+MAMBA2-BWB_BMPD384_5_9_10,False
8,9,4,11,0,0,512,1474.72,68.58888266666668,bw,static,static,results,Results,Results_MAMBA21,MAMBA2-BWB-Results,simulator_output_MAMBA2-BWB_bwplacement_bs8_staticreq_statictask,SCRUBBED_TIME+MAMBA2-BWB_BMPD512_9_4_11,False
2,10,1,13,0,0,640,396.96,68.64065514285716,bw,static,static,results,Results,Results_MAMBA21,MAMBA2-BWB-Results,simulator_output_MAMBA2-BWB_bwplacement_bs2_staticreq_statictask,SCRUBBED_TIME+MAMBA2-BWB_BMPD640_10_1_13,False
16,13,6,5,0,0,512,1591.04,68.72796363636364,bw,static,static,results,Results,Results_MAMBA21,MAMBA2-BWB-Results,simulator_output_MAMBA2-BWB_bwplacement_bs16_staticreq_statictask,SCRUBBED_TIME+MAMBA2-BWB_BMPD512_13_6_5,False
16,7,13,4,0,0,640,1343.36,68.7613705882353,bw,static,static,results,Results,Results_MAMBA21,MAMBA2-BWB-Results,simulator_output_MAMBA2-BWB_bwplacement_bs16_staticreq_statictask,SCRUBBED_TIME+MAMBA2-BWB_BMPD640_7_13_4,False
8,7,5,12,0,0,640,1567.12,68.88495647058824,bw,static,static,results,Results,Results_MAMBA21,MAMBA2-BWB-Results,simulator_output_MAMBA2-BWB_bwplacement_bs8_staticreq_statictask,SCRUBBED_TIME+MAMBA2-BWB_BMPD640_7_5_12,False
4,10,2,12,0,0,640,731.0,68.88645114285715,bw,static,static,results,Results,Results_MAMBA21,MAMBA2-BWB-Results,simulator_output_MAMBA2-BWB_bwplacement_bs4_staticreq_statictask,SCRUBBED_TIME+MAMBA2-BWB_BMPD640_10_2_12,False
16,12,7,5,0,0,512,1629.28,68.91784066666668,bw,static,static,results,Results,Results_MAMBA21,MAMBA2-BWB-Results,simulator_output_MAMBA2-BWB_bwplacement_bs16_staticreq_statictask,SCRUBBED_TIME+MAMBA2-BWB_BMPD512_12_7_5,False
8,13,3,8,0,0,512,1182.32,68.92204,bw,static,static,results,Results,Results_MAMBA21,MAMBA2-BWB-Results,simulator_output_MAMBA2-BWB_bwplacement_bs8_staticreq_statictask,SCRUBBED_TIME+MAMBA2-BWB_BMPD512_13_3_8,False
16,2,7,15,0,0,512,1757.92,68.92296566666667,bw,static,static,results,Results,Results_MAMBA21,MAMBA2-BWB-Results,simulator_output_MAMBA2-BWB_bwplacement_bs16_staticreq_statictask,SCRUBBED_TIME+MAMBA2-BWB_BMPD512_2_7_15,False
16,15,6,3,0,0,640,912.48,69.00373822222222,bw,static,static,results,Results,Results_MAMBA21,MAMBA2-BWB-Results,simulator_output_MAMBA2-BWB_bwplacement_bs16_staticreq_statictask,SCRUBBED_TIME+MAMBA2-BWB_BMPD640_15_6_3,False
16,5,12,7,0,0,512,2024.8,69.08959368421053,bw,static,static,results,Results,Results_MAMBA21,MAMBA2-BWB-Results,simulator_output_MAMBA2-BWB_bwplacement_bs16_staticreq_statictask,SCRUBBED_TIME+MAMBA2-BWB_BMPD512_5_12_7,False
16,5,13,6,0,0,512,1756.64,69.18293052631579,bw,static,static,results,Results,Results_MAMBA21,MAMBA2-BWB-Results,simulator_output_MAMBA2-BWB_bwplacement_bs16_staticreq_statictask,SCRUBBED_TIME+MAMBA2-BWB_BMPD512_5_13_6,False
16,10,7,7,0,0,384,1768.8,69.26404914285715,bw,static,static,results,Results,Results_MAMBA21,MAMBA2-BWB-Results,simulator_output_MAMBA2-BWB_bwplacement_bs16_staticreq_statictask,SCRUBBED_TIME+MAMBA2-BWB_BMPD384_10_7_7,False
8,4,6,14,0,0,640,1476.08,69.52383859999999,bw,static,static,results,Results,Results_MAMBA21,MAMBA2-BWB-Results,simulator_output_MAMBA2-BWB_bwplacement_bs8_staticreq_statictask,SCRUBBED_TIME+MAMBA2-BWB_BMPD640_4_6_14,False
16,4,17,3,0,0,512,713.92,69.5927818,bw,static,static,results,Results,Results_MAMBA21,MAMBA2-BWB-Results,simulator_output_MAMBA2-BWB_bwplacement_bs16_staticreq_statictask,SCRUBBED_TIME+MAMBA2-BWB_BMPD512_4_17_3,False
16,7,11,6,0,0,512,1862.56,69.71571035294117,bw,static,static,results,Results,Results_MAMBA21,MAMBA2-BWB-Results,simulator_output_MAMBA2-BWB_bwplacement_bs16_staticreq_statictask,SCRUBBED_TIME+MAMBA2-BWB_BMPD512_7_11_6,False
32,15,8,1,0,0,256,350.4,69.81448266666668,bw,static,static,results,Results,Results_MAMBA21,MAMBA2-BWB-Results,simulator_output_MAMBA2-BWB_bwplacement_bs32_staticreq_statictask,SCRUBBED_TIME+MAMBA2-BWB_BMPD256_15_8_1,False
8,14,3,7,0,0,640,909.6,69.90550520000001,bw,static,static,results,Results,Results_MAMBA21,MAMBA2-BWB-Results,simulator_output_MAMBA2-BWB_bwplacement_bs8_staticreq_statictask,SCRUBBED_TIME+MAMBA2-BWB_BMPD640_14_3_7,False
16,10,6,8,0,0,256,1337.6,69.967334,bw,static,static,results,Results,Results_MAMBA21,MAMBA2-BWB-Results,simulator_output_MAMBA2-BWB_bwplacement_bs16_staticreq_statictask,SCRUBBED_TIME+MAMBA2-BWB_BMPD256_10_6_8,False
16,8,7,9,0,0,256,1302.88,69.97536925,bw,static,static,results,Results,Results_MAMBA21,MAMBA2-BWB-Results,simulator_output_MAMBA2-BWB_bwplacement_bs16_staticreq_statictask,SCRUBBED_TIME+MAMBA2-BWB_BMPD256_8_7_9,False
16,8,10,6,0,0,640,1755.2,70.0104045,bw,static,static,results,Results,Results_MAMBA21,MAMBA2-BWB-Results,simulator_output_MAMBA2-BWB_bwplacement_bs16_staticreq_statictask,SCRUBBED_TIME+MAMBA2-BWB_BMPD640_8_10_6,False
16,8,8,8,0,0,512,2154.88,70.05349925,bw,static,static,results,Results,Results_MAMBA21,MAMBA2-BWB-Results,simulator_output_MAMBA2-BWB_bwplacement_bs16_staticreq_statictask,SCRUBBED_TIME+MAMBA2-BWB_BMPD512_8_8_8,False
8,10,3,11,0,0,256,743.6,70.06938885714285,bw,static,static,results,Results,Results_MAMBA21,MAMBA2-BWB-Results,simulator_output_MAMBA2-BWB_bwplacement_bs8_staticreq_statictask,SCRUBBED_TIME+MAMBA2-BWB_BMPD256_10_3_11,False
16,4,15,5,0,0,512,1370.88,70.08954179999999,bw,static,static,results,Results,Results_MAMBA21,MAMBA2-BWB-Results,simulator_output_MAMBA2-BWB_bwplacement_bs16_staticreq_statictask,SCRUBBED_TIME+MAMBA2-BWB_BMPD512_4_15_5,False
16,5,10,9,0,0,384,2025.6,70.10361642105264,bw,static,static,results,Results,Results_MAMBA21,MAMBA2-BWB-Results,simulator_output_MAMBA2-BWB_bwplacement_bs16_staticreq_statictask,SCRUBBED_TIME+MAMBA2-BWB_BMPD384_5_10_9,False
8,4,5,15,0,0,512,1373.52,70.1427976,bw,static,static,results,Results,Results_MAMBA21,MAMBA2-BWB-Results,simulator_output_MAMBA2-BWB_bwplacement_bs8_staticreq_statictask,SCRUBBED_TIME+MAMBA2-BWB_BMPD512_4_5_15,False
16,4,16,4,0,0,640,894.72,70.154612,bw,static,static,results,Results,Results_MAMBA21,MAMBA2-BWB-Results,simulator_output_MAMBA2-BWB_bwplacement_bs16_staticreq_statictask,SCRUBBED_TIME+MAMBA2-BWB_BMPD640_4_16_4,False
16,13,5,6,0,0,384,1430.24,70.18360618181819,bw,static,static,results,Results,Results_MAMBA21,MAMBA2-BWB-Results,simulator_output_MAMBA2-BWB_bwplacement_bs16_staticreq_statictask,SCRUBBED_TIME+MAMBA2-BWB_BMPD384_13_5_6,False
16,12,5,7,0,0,256,1059.52,70.25829133333333,bw,static,static,results,Results,Results_MAMBA21,MAMBA2-BWB-Results,simulator_output_MAMBA2-BWB_bwplacement_bs16_staticreq_statictask,SCRUBBED_TIME+MAMBA2-BWB_BMPD256_12_5_7,False
16,7,12,5,0,0,640,1579.52,70.26571176470588,bw,static,static,results,Results,Results_MAMBA21,MAMBA2-BWB-Results,simulator_output_MAMBA2-BWB_bwplacement_bs16_staticreq_statictask,SCRUBBED_TIME+MAMBA2-BWB_BMPD640_7_12_5,False
16,10,8,6,0,0,640,1604.8,70.27717542857144,bw,static,static,results,Results,Results_MAMBA21,MAMBA2-BWB-Results,simulator_output_MAMBA2-BWB_bwplacement_bs16_staticreq_statictask,SCRUBBED_TIME+MAMBA2-BWB_BMPD640_10_8_6,False
16,6,10,8,0,0,512,2429.44,70.39110311111111,bw,static,static,results,Results,Results_MAMBA21,MAMBA2-BWB-Results,simulator_output_MAMBA2-BWB_bwplacement_bs16_staticreq_statictask,SCRUBBED_TIME+MAMBA2-BWB_BMPD512_6_10_8,False
16,4,8,12,0,0,256,1467.2,70.3953482,bw,static,static,results,Results,Results_MAMBA21,MAMBA2-BWB-Results,simulator_output_MAMBA2-BWB_bwplacement_bs16_staticreq_statictask,SCRUBBED_TIME+MAMBA2-BWB_BMPD256_4_8_12,False
16,11,6,7,0,0,384,1717.28,70.41076184615385,bw,static,static,results,Results,Results_MAMBA21,MAMBA2-BWB-Results,simulator_output_MAMBA2-BWB_bwplacement_bs16_staticreq_statictask,SCRUBBED_TIME+MAMBA2-BWB_BMPD384_11_6_7,False
16,14,5,5,0,0,512,1472.96,70.42855920000001,bw,static,static,results,Results,Results_MAMBA21,MAMBA2-BWB-Results,simulator_output_MAMBA2-BWB_bwplacement_bs16_staticreq_statictask,SCRUBBED_TIME+MAMBA2-BWB_BMPD512_14_5_5,False
16,8,11,5,0,0,640,1433.44,70.53504825,bw,static,static,results,Results,Results_MAMBA21,MAMBA2-BWB-Results,simulator_output_MAMBA2-BWB_bwplacement_bs16_staticreq_statictask,SCRUBBED_TIME+MAMBA2-BWB_BMPD640_8_11_5,False
16,3,14,7,0,0,640,1296.96,70.5363671111111,bw,static,static,results,Results,Results_MAMBA21,MAMBA2-BWB-Results,simulator_output_MAMBA2-BWB_bwplacement_bs16_staticreq_statictask,SCRUBBED_TIME+MAMBA2-BWB_BMPD640_3_14_7,False
8,10,4,10,0,0,640,1277.68,70.54410628571428,bw,static,static,results,Results,Results_MAMBA21,MAMBA2-BWB-Results,simulator_output_MAMBA2-BWB_bwplacement_bs8_staticreq_statictask,SCRUBBED_TIME+MAMBA2-BWB_BMPD640_10_4_10,False
16,7,9,8,0,0,512,2361.12,70.57764564705883,bw,static,static,results,Results,Results_MAMBA21,MAMBA2-BWB-Results,simulator_output_MAMBA2-BWB_bwplacement_bs16_staticreq_statictask,SCRUBBED_TIME+MAMBA2-BWB_BMPD512_7_9_8,False
16,13,7,4,0,0,640,1153.76,70.59649527272727,bw,static,static,results,Results,Results_MAMBA21,MAMBA2-BWB-Results,simulator_output_MAMBA2-BWB_bwplacement_bs16_staticreq_statictask,SCRUBBED_TIME+MAMBA2-BWB_BMPD640_13_7_4,False
16,4,10,10,0,0,384,1904.0,70.6420312,bw,static,static,results,Results,Results_MAMBA21,MAMBA2-BWB-Results,simulator_output_MAMBA2-BWB_bwplacement_bs16_staticreq_statictask,SCRUBBED_TIME+MAMBA2-BWB_BMPD384_4_10_10,False
4,4,2,18,0,0,256,454.8,70.6714602,bw,static,static,results,Results,Results_MAMBA21,MAMBA2-BWB-Results,simulator_output_MAMBA2-BWB_bwplacement_bs4_staticreq_statictask,SCRUBBED_TIME+MAMBA2-BWB_BMPD256_4_2_18,False
2,8,1,15,0,0,512,398.9,70.7544695,bw,static,static,results,Results,Results_MAMBA21,MAMBA2-BWB-Results,simulator_output_MAMBA2-BWB_bwplacement_bs2_staticreq_statictask,SCRUBBED_TIME+MAMBA2-BWB_BMPD512_8_1_15,False
8,11,3,10,0,0,384,1062.4,70.76814984615385,bw,static,static,results,Results,Results_MAMBA21,MAMBA2-BWB-Results,simulator_output_MAMBA2-BWB_bwplacement_bs8_staticreq_statictask,SCRUBBED_TIME+MAMBA2-BWB_BMPD384_11_3_10,False
16,14,4,6,0,0,256,881.28,70.78864159999999,bw,static,static,results,Results,Results_MAMBA21,MAMBA2-BWB-Results,simulator_output_MAMBA2-BWB_bwplacement_bs16_staticreq_statictask,SCRUBBED_TIME+MAMBA2-BWB_BMPD256_14_4_6,False
16,6,15,3,0,0,640,1015.68,70.85314488888889,bw,static,static,results,Results,Results_MAMBA21,MAMBA2-BWB-Results,simulator_output_MAMBA2-BWB_bwplacement_bs16_staticreq_statictask,SCRUBBED_TIME+MAMBA2-BWB_BMPD640_6_15_3,False
16,6,11,7,0,0,512,1874.08,70.96736977777778,bw,static,static,results,Results,Results_MAMBA21,MAMBA2-BWB-Results,simulator_output_MAMBA2-BWB_bwplacement_bs16_staticreq_statictask,SCRUBBED_TIME+MAMBA2-BWB_BMPD512_6_11_7,False
4,6,2,16,0,0,384,749.96,70.99616777777777,bw,static,static,results,Results,Results_MAMBA21,MAMBA2-BWB-Results,simulator_output_MAMBA2-BWB_bwplacement_bs4_staticreq_statictask,SCRUBBED_TIME+MAMBA2-BWB_BMPD384_6_2_16,False
16,4,12,8,0,0,512,1865.76,71.1608918,bw,static,static,results,Results,Results_MAMBA21,MAMBA2-BWB-Results,simulator_output_MAMBA2-BWB_bwplacement_bs16_staticreq_statictask,SCRUBBED_TIME+MAMBA2-BWB_BMPD512_4_12_8,False
16,6,14,4,0,0,640,1272.8,71.17157822222222,bw,static,static,results,Results,Results_MAMBA21,MAMBA2-BWB-Results,simulator_output_MAMBA2-BWB_bwplacement_bs16_staticreq_statictask,SCRUBBED_TIME+MAMBA2-BWB_BMPD640_6_14_4,False
4,8,2,14,0,0,512,776.64,71.3043435,bw,static,static,results,Results,Results_MAMBA21,MAMBA2-BWB-Results,simulator_output_MAMBA2-BWB_bwplacement_bs4_staticreq_statictask,SCRUBBED_TIME+MAMBA2-BWB_BMPD512_8_2_14,False
8,4,4,16,0,0,256,867.04,71.36312840000001,bw,static,static,results,Results,Results_MAMBA21,MAMBA2-BWB-Results,simulator_output_MAMBA2-BWB_bwplacement_bs8_staticreq_statictask,SCRUBBED_TIME+MAMBA2-BWB_BMPD256_4_4_16,False
16,16,4,4,0,0,512,1144.16,71.423722,bw,static,static,results,Results,Results_MAMBA21,MAMBA2-BWB-Results,simulator_output_MAMBA2-BWB_bwplacement_bs16_staticreq_statictask,SCRUBBED_TIME+MAMBA2-BWB_BMPD512_16_4_4,False
16,4,19,1,0,0,640,267.04,71.430347,bw,static,static,results,Results,Results_MAMBA21,MAMBA2-BWB-Results,simulator_output_MAMBA2-BWB_bwplacement_bs16_staticreq_statictask,SCRUBBED_TIME+MAMBA2-BWB_BMPD640_4_19_1,False
2,6,1,17,0,0,384,378.3,71.47940044444445,bw,static,static,results,Results,Results_MAMBA21,MAMBA2-BWB-Results,simulator_output_MAMBA2-BWB_bwplacement_bs2_staticreq_statictask,SCRUBBED_TIME+MAMBA2-BWB_BMPD384_6_1_17,False
16,15,4,5,0,0,384,1151.2,71.67614222222223,bw,static,static,results,Results,Results_MAMBA21,MAMBA2-BWB-Results,simulator_output_MAMBA2-BWB_bwplacement_bs16_staticreq_statictask,SCRUBBED_TIME+MAMBA2-BWB_BMPD384_15_4_5,False
2,4,1,19,0,0,256,222.16,71.6854512,bw,static,static,results,Results,Results_MAMBA21,MAMBA2-BWB-Results,simulator_output_MAMBA2-BWB_bwplacement_bs2_staticreq_statictask,SCRUBBED_TIME+MAMBA2-BWB_BMPD256_4_1_19,False
16,5,15,4,0,0,640,1084.0,71.89340821052632,bw,static,static,results,Results,Results_MAMBA21,MAMBA2-BWB-Results,simulator_output_MAMBA2-BWB_bwplacement_bs16_staticreq_statictask,SCRUBBED_TIME+MAMBA2-BWB_BMPD640_5_15_4,False
16,6,8,10,0,0,384,1951.2,71.92094555555555,bw,static,static,results,Results,Results_MAMBA21,MAMBA2-BWB-Results,simulator_output_MAMBA2-BWB_bwplacement_bs16_staticreq_statictask,SCRUBBED_TIME+MAMBA2-BWB_BMPD384_6_8_10,False
16,3,10,11,0,0,512,1784.16,72.088692,bw,static,static,results,Results,Results_MAMBA21,MAMBA2-BWB-Results,simulator_output_MAMBA2-BWB_bwplacement_bs16_staticreq_statictask,SCRUBBED_TIME+MAMBA2-BWB_BMPD512_3_10_11,False
8,6,4,14,0,0,384,1281.12,72.08949155555555,bw,static,static,results,Results,Results_MAMBA21,MAMBA2-BWB-Results,simulator_output_MAMBA2-BWB_bwplacement_bs8_staticreq_statictask,SCRUBBED_TIME+MAMBA2-BWB_BMPD384_6_4_14,False
16,4,9,11,0,0,384,2005.6,72.3851212,bw,static,static,results,Results,Results_MAMBA21,MAMBA2-BWB-Results,simulator_output_MAMBA2-BWB_bwplacement_bs16_staticreq_statictask,SCRUBBED_TIME+MAMBA2-BWB_BMPD384_4_9_11,False
8,8,4,12,0,0,512,1327.12,72.3907935,bw,static,static,results,Results,Results_MAMBA21,MAMBA2-BWB-Results,simulator_output_MAMBA2-BWB_bwplacement_bs8_staticreq_statictask,SCRUBBED_TIME+MAMBA2-BWB_BMPD512_8_4_12,False
8,6,5,13,0,0,640,1498.8,72.5158331111111,bw,static,static,results,Results,Results_MAMBA21,MAMBA2-BWB-Results,simulator_output_MAMBA2-BWB_bwplacement_bs8_staticreq_statictask,SCRUBBED_TIME+MAMBA2-BWB_BMPD640_6_5_13,False
8,3,5,16,0,0,640,1182.48,72.51735533333333,bw,static,static,results,Results,Results_MAMBA21,MAMBA2-BWB-Results,simulator_output_MAMBA2-BWB_bwplacement_bs8_staticreq_statictask,SCRUBBED_TIME+MAMBA2-BWB_BMPD640_3_5_16,False
16,8,9,7,0,0,640,1469.76,72.5262545,bw,static,static,results,Results,Results_MAMBA21,MAMBA2-BWB-Results,simulator_output_MAMBA2-BWB_bwplacement_bs16_staticreq_statictask,SCRUBBED_TIME+MAMBA2-BWB_BMPD640_8_9_7,False
4,16,1,7,0,0,512,392.4,72.783778,bw,static,static,results,Results,Results_MAMBA21,MAMBA2-BWB-Results,simulator_output_MAMBA2-BWB_bwplacement_bs4_staticreq_statictask,SCRUBBED_TIME+MAMBA2-BWB_BMPD512_16_1_7,False
16,5,11,8,0,0,512,2123.52,72.83496736842105,bw,static,static,results,Results,Results_MAMBA21,MAMBA2-BWB-Results,simulator_output_MAMBA2-BWB_bwplacement_bs16_staticreq_statictask,SCRUBBED_TIME+MAMBA2-BWB_BMPD512_5_11_8,False
16,6,12,6,0,0,512,1744.16,72.8553808888889,bw,static,static,results,Results,Results_MAMBA21,MAMBA2-BWB-Results,simulator_output_MAMBA2-BWB_bwplacement_bs16_staticreq_statictask,SCRUBBED_TIME+MAMBA2-BWB_BMPD512_6_12_6,False
16,3,8,13,0,0,256,1247.36,73.03128914285715,bw,static,static,results,Results,Results_MAMBA21,MAMBA2-BWB-Results,simulator_output_MAMBA2-BWB_bwplacement_bs16_staticreq_statictask,SCRUBBED_TIME+MAMBA2-BWB_BMPD256_3_8_13,False
16,4,15,5,0,0,640,1178.88,73.069622,bw,static,static,results,Results,Results_MAMBA21,MAMBA2-BWB-Results,simulator_output_MAMBA2-BWB_bwplacement_bs16_staticreq_statictask,SCRUBBED_TIME+MAMBA2-BWB_BMPD640_4_15_5,False
4,14,1,9,0,0,256,278.64,73.116848,bw,static,static,results,Results,Results_MAMBA21,MAMBA2-BWB-Results,simulator_output_MAMBA2-BWB_bwplacement_bs4_staticreq_statictask,SCRUBBED_TIME+MAMBA2-BWB_BMPD256_14_1_9,False
2,9,1,14,0,0,640,362.76,73.16189813333334,bw,static,static,results,Results,Results_MAMBA21,MAMBA2-BWB-Results,simulator_output_MAMBA2-BWB_bwplacement_bs2_staticreq_statictask,SCRUBBED_TIME+MAMBA2-BWB_BMPD640_9_1_14,False
4,9,2,13,0,0,640,695.4,73.26356506666666,bw,static,static,results,Results,Results_MAMBA21,MAMBA2-BWB-Results,simulator_output_MAMBA2-BWB_bwplacement_bs4_staticreq_statictask,SCRUBBED_TIME+MAMBA2-BWB_BMPD640_9_2_13,False
16,3,13,8,0,0,640,1281.44,73.27626711111111,bw,static,static,results,Results,Results_MAMBA21,MAMBA2-BWB-Results,simulator_output_MAMBA2-BWB_bwplacement_bs16_staticreq_statictask,SCRUBBED_TIME+MAMBA2-BWB_BMPD640_3_13_8,False
4,15,1,8,0,0,384,442.68,73.3139431111111,bw,static,static,results,Results,Results_MAMBA21,MAMBA2-BWB-Results,simulator_output_MAMBA2-BWB_bwplacement_bs4_staticreq_statictask,SCRUBBED_TIME+MAMBA2-BWB_BMPD384_15_1_8,False
16,11,7,6,0,0,512,1617.28,73.49997846153846,bw,static,static,results,Results,Results_MAMBA21,MAMBA2-BWB-Results,simulator_output_MAMBA2-BWB_bwplacement_bs16_staticreq_statictask,SCRUBBED_TIME+MAMBA2-BWB_BMPD512_11_7_6,False
16,12,6,6,0,0,512,1547.2,73.75361566666668,bw,static,static,results,Results,Results_MAMBA21,MAMBA2-BWB-Results,simulator_output_MAMBA2-BWB_bwplacement_bs16_staticreq_statictask,SCRUBBED_TIME+MAMBA2-BWB_BMPD512_12_6_6,False
16,2,6,16,0,0,512,1535.04,73.75424066666667,bw,static,static,results,Results,Results_MAMBA21,MAMBA2-BWB-Results,simulator_output_MAMBA2-BWB_bwplacement_bs16_staticreq_statictask,SCRUBBED_TIME+MAMBA2-BWB_BMPD512_2_6_16,False
16,7,11,6,0,0,640,1556.8,73.79478235294117,bw,static,static,results,Results,Results_MAMBA21,MAMBA2-BWB-Results,simulator_output_MAMBA2-BWB_bwplacement_bs16_staticreq_statictask,SCRUBBED_TIME+MAMBA2-BWB_BMPD640_7_11_6,False
4,3,2,19,0,0,256,370.96,73.87326647619048,bw,static,static,results,Results,Results_MAMBA21,MAMBA2-BWB-Results,simulator_output_MAMBA2-BWB_bwplacement_bs4_staticreq_statictask,SCRUBBED_TIME+MAMBA2-BWB_BMPD256_3_2_19,False
16,7,7,10,0,0,256,1284.96,73.98247176470588,bw,static,static,results,Results,Results_MAMBA21,MAMBA2-BWB-Results,simulator_output_MAMBA2-BWB_bwplacement_bs16_staticreq_statictask,SCRUBBED_TIME+MAMBA2-BWB_BMPD256_7_7_10,False
16,4,18,2,0,0,640,473.28,74.040317,bw,static,static,results,Results,Results_MAMBA21,MAMBA2-BWB-Results,simulator_output_MAMBA2-BWB_bwplacement_bs16_staticreq_statictask,SCRUBBED_TIME+MAMBA2-BWB_BMPD640_4_18_2,False
16,6,9,9,0,0,512,2042.72,74.04462533333333,bw,static,static,results,Results,Results_MAMBA21,MAMBA2-BWB-Results,simulator_output_MAMBA2-BWB_bwplacement_bs16_staticreq_statictask,SCRUBBED_TIME+MAMBA2-BWB_BMPD512_6_9_9,False
16,4,14,6,0,0,640,1167.36,74.117582,bw,static,static,results,Results,Results_MAMBA21,MAMBA2-BWB-Results,simulator_output_MAMBA2-BWB_bwplacement_bs16_staticreq_statictask,SCRUBBED_TIME+MAMBA2-BWB_BMPD640_4_14_6,False
16,7,8,9,0,0,512,1799.68,74.12281035294117,bw,static,static,results,Results,Results_MAMBA21,MAMBA2-BWB-Results,simulator_output_MAMBA2-BWB_bwplacement_bs16_staticreq_statictask,SCRUBBED_TIME+MAMBA2-BWB_BMPD512_7_8_9,False
16,3,9,12,0,0,512,1500.32,74.287042,bw,static,static,results,Results,Results_MAMBA21,MAMBA2-BWB-Results,simulator_output_MAMBA2-BWB_bwplacement_bs16_staticreq_statictask,SCRUBBED_TIME+MAMBA2-BWB_BMPD512_3_9_12,False
8,12,3,9,0,0,512,1006.08,74.320965,bw,static,static,results,Results,Results_MAMBA21,MAMBA2-BWB-Results,simulator_output_MAMBA2-BWB_bwplacement_bs8_staticreq_statictask,SCRUBBED_TIME+MAMBA2-BWB_BMPD512_12_3_9,False
8,2,3,19,0,0,512,772.56,74.32118166666667,bw,static,static,results,Results,Results_MAMBA21,MAMBA2-BWB-Results,simulator_output_MAMBA2-BWB_bwplacement_bs8_staticreq_statictask,SCRUBBED_TIME+MAMBA2-BWB_BMPD512_2_3_19,False
16,7,10,7,0,0,640,1715.68,74.33679411764705,bw,static,static,results,Results,Results_MAMBA21,MAMBA2-BWB-Results,simulator_output_MAMBA2-BWB_bwplacement_bs16_staticreq_statictask,SCRUBBED_TIME+MAMBA2-BWB_BMPD640_7_10_7,False
8,3,4,17,0,0,256,739.68,74.42956857142856,bw,static,static,results,Results,Results_MAMBA21,MAMBA2-BWB-Results,simulator_output_MAMBA2-BWB_bwplacement_bs8_staticreq_statictask,SCRUBBED_TIME+MAMBA2-BWB_BMPD256_3_4_17,False
8,9,3,12,0,0,256,684.0,74.46579066666668,bw,static,static,results,Results,Results_MAMBA21,MAMBA2-BWB-Results,simulator_output_MAMBA2-BWB_bwplacement_bs8_staticreq_statictask,SCRUBBED_TIME+MAMBA2-BWB_BMPD256_9_3_12,False
16,9,7,8,0,0,384,1908.96,74.53018213333334,bw,static,static,results,Results,Results_MAMBA21,MAMBA2-BWB-Results,simulator_output_MAMBA2-BWB_bwplacement_bs16_staticreq_statictask,SCRUBBED_TIME+MAMBA2-BWB_BMPD384_9_7_8,False
16,6,13,5,0,0,640,1349.28,74.59383933333334,bw,static,static,results,Results,Results_MAMBA21,MAMBA2-BWB-Results,simulator_output_MAMBA2-BWB_bwplacement_bs16_staticreq_statictask,SCRUBBED_TIME+MAMBA2-BWB_BMPD640_6_13_5,False
16,9,6,9,0,0,256,1141.6,74.68373733333333,bw,static,static,results,Results,Results_MAMBA21,MAMBA2-BWB-Results,simulator_output_MAMBA2-BWB_bwplacement_bs16_staticreq_statictask,SCRUBBED_TIME+MAMBA2-BWB_BMPD256_9_6_9,False
16,5,10,9,0,0,512,1892.96,74.69954631578948,bw,static,static,results,Results,Results_MAMBA21,MAMBA2-BWB-Results,simulator_output_MAMBA2-BWB_bwplacement_bs16_staticreq_statictask,SCRUBBED_TIME+MAMBA2-BWB_BMPD512_5_10_9,False
8,9,4,11,0,0,640,1280.88,74.71476906666666,bw,static,static,results,Results,Results_MAMBA21,MAMBA2-BWB-Results,simulator_output_MAMBA2-BWB_bwplacement_bs8_staticreq_statictask,SCRUBBED_TIME+MAMBA2-BWB_BMPD640_9_4_11,False
4,5,2,17,0,0,384,612.32,74.75566694736843,bw,static,static,results,Results,Results_MAMBA21,MAMBA2-BWB-Results,simulator_output_MAMBA2-BWB_bwplacement_bs4_staticreq_statictask,SCRUBBED_TIME+MAMBA2-BWB_BMPD384_5_2_17,False
16,14,6,4,0,0,640,979.68,74.8513792,bw,static,static,results,Results,Results_MAMBA21,MAMBA2-BWB-Results,simulator_output_MAMBA2-BWB_bwplacement_bs16_staticreq_statictask,SCRUBBED_TIME+MAMBA2-BWB_BMPD640_14_6_4,False
16,2,7,15,0,0,384,1198.08,74.89533546666667,bw,static,static,results,Results,Results_MAMBA21,MAMBA2-BWB-Results,simulator_output_MAMBA2-BWB_bwplacement_bs16_staticreq_statictask,SCRUBBED_TIME+MAMBA2-BWB_BMPD384_2_7_15,False
32,14,9,1,0,0,256,349.76,75.093568,bw,static,static,results,Results,Results_MAMBA21,MAMBA2-BWB-Results,simulator_output_MAMBA2-BWB_bwplacement_bs32_staticreq_statictask,SCRUBBED_TIME+MAMBA2-BWB_BMPD256_14_9_1,False
16,5,8,11,0,0,384,1783.36,75.10518484210527,bw,static,static,results,Results,Results_MAMBA21,MAMBA2-BWB-Results,simulator_output_MAMBA2-BWB_bwplacement_bs16_staticreq_statictask,SCRUBBED_TIME+MAMBA2-BWB_BMPD384_5_8_11,False
16,10,6,8,0,0,384,1847.2,75.14537771428571,bw,static,static,results,Results,Results_MAMBA21,MAMBA2-BWB-Results,simulator_output_MAMBA2-BWB_bwplacement_bs16_staticreq_statictask,SCRUBBED_TIME+MAMBA2-BWB_BMPD384_10_6_8,False
8,14,2,8,0,0,256,518.64,75.20364559999999,bw,static,static,results,Results,Results_MAMBA21,MAMBA2-BWB-Results,simulator_output_MAMBA2-BWB_bwplacement_bs8_staticreq_statictask,SCRUBBED_TIME+MAMBA2-BWB_BMPD256_14_2_8,False
16,3,10,11,0,0,384,1506.88,75.20554647619048,bw,static,static,results,Results,Results_MAMBA21,MAMBA2-BWB-Results,simulator_output_MAMBA2-BWB_bwplacement_bs16_staticreq_statictask,SCRUBBED_TIME+MAMBA2-BWB_BMPD384_3_10_11,False
16,3,9,12,0,0,384,1528.0,75.214956,bw,static,static,results,Results,Results_MAMBA21,MAMBA2-BWB-Results,simulator_output_MAMBA2-BWB_bwplacement_bs16_staticreq_statictask,SCRUBBED_TIME+MAMBA2-BWB_BMPD384_3_9_12,False
2,5,1,18,0,0,384,298.72,75.3090934736842,bw,static,static,results,Results,Results_MAMBA21,MAMBA2-BWB-Results,simulator_output_MAMBA2-BWB_bwplacement_bs2_staticreq_statictask,SCRUBBED_TIME+MAMBA2-BWB_BMPD384_5_1_18,False
2,3,1,20,0,0,256,176.52,75.32112228571428,bw,static,static,results,Results,Results_MAMBA21,MAMBA2-BWB-Results,simulator_output_MAMBA2-BWB_bwplacement_bs2_staticreq_statictask,SCRUBBED_TIME+MAMBA2-BWB_BMPD256_3_1_20,False
8,16,2,6,0,0,512,641.84,75.36652,bw,static,static,results,Results,Results_MAMBA21,MAMBA2-BWB-Results,simulator_output_MAMBA2-BWB_bwplacement_bs8_staticreq_statictask,SCRUBBED_TIME+MAMBA2-BWB_BMPD512_16_2_6,False
16,12,7,5,0,0,640,1236.0,75.413541,bw,static,static,results,Results,Results_MAMBA21,MAMBA2-BWB-Results,simulator_output_MAMBA2-BWB_bwplacement_bs16_staticreq_statictask,SCRUBBED_TIME+MAMBA2-BWB_BMPD640_12_7_5,False
2,7,1,16,0,0,512,368.2,75.44579458823529,bw,static,static,results,Results,Results_MAMBA21,MAMBA2-BWB-Results,simulator_output_MAMBA2-BWB_bwplacement_bs2_staticreq_statictask,SCRUBBED_TIME+MAMBA2-BWB_BMPD512_7_1_16,False
32,14,8,2,0,0,256,576.96,75.457168,bw,static,static,results,Results,Results_MAMBA21,MAMBA2-BWB-Results,simulator_output_MAMBA2-BWB_bwplacement_bs32_staticreq_statictask,SCRUBBED_TIME+MAMBA2-BWB_BMPD256_14_8_2,False
16,15,5,4,0,0,640,932.64,75.47459377777777,bw,static,static,results,Results,Results_MAMBA21,MAMBA2-BWB-Results,simulator_output_MAMBA2-BWB_bwplacement_bs16_staticreq_statictask,SCRUBBED_TIME+MAMBA2-BWB_BMPD640_15_5_4,False
16,9,8,7,0,0,640,1451.68,75.52744026666666,bw,static,static,results,Results,Results_MAMBA21,MAMBA2-BWB-Results,simulator_output_MAMBA2-BWB_bwplacement_bs16_staticreq_statictask,SCRUBBED_TIME+MAMBA2-BWB_BMPD640_9_8_7,False
16,5,13,6,0,0,640,1209.12,75.60088715789473,bw,static,static,results,Results,Results_MAMBA21,MAMBA2-BWB-Results,simulator_output_MAMBA2-BWB_bwplacement_bs16_staticreq_statictask,SCRUBBED_TIME+MAMBA2-BWB_BMPD640_5_13_6,False
8,13,3,8,0,0,640,927.52,75.63296654545455,bw,static,static,results,Results,Results_MAMBA21,MAMBA2-BWB-Results,simulator_output_MAMBA2-BWB_bwplacement_bs8_staticreq_statictask,SCRUBBED_TIME+MAMBA2-BWB_BMPD640_13_3_8,False
16,11,5,8,0,0,256,1068.96,75.65509138461539,bw,static,static,results,Results,Results_MAMBA21,MAMBA2-BWB-Results,simulator_output_MAMBA2-BWB_bwplacement_bs16_staticreq_statictask,SCRUBBED_TIME+MAMBA2-BWB_BMPD256_11_5_8,False
8,15,2,7,0,0,384,604.72,75.75329155555555,bw,static,static,results,Results,Results_MAMBA21,MAMBA2-BWB-Results,simulator_output_MAMBA2-BWB_bwplacement_bs8_staticreq_statictask,SCRUBBED_TIME+MAMBA2-BWB_BMPD384_15_2_7,False
16,3,11,10,0,0,512,1413.44,75.78294755555555,bw,static,static,results,Results,Results_MAMBA21,MAMBA2-BWB-Results,simulator_output_MAMBA2-BWB_bwplacement_bs16_staticreq_statictask,SCRUBBED_TIME+MAMBA2-BWB_BMPD512_3_11_10,False
8,5,4,15,0,0,384,1089.36,75.80601115789473,bw,static,static,results,Results,Results_MAMBA21,MAMBA2-BWB-Results,simulator_output_MAMBA2-BWB_bwplacement_bs8_staticreq_statictask,SCRUBBED_TIME+MAMBA2-BWB_BMPD384_5_4_15,False
16,6,12,6,0,0,640,1446.56,75.84287822222223,bw,static,static,results,Results,Results_MAMBA21,MAMBA2-BWB-Results,simulator_output_MAMBA2-BWB_bwplacement_bs16_staticreq_statictask,SCRUBBED_TIME+MAMBA2-BWB_BMPD640_6_12_6,False
8,5,5,14,0,0,640,1227.36,75.93549052631579,bw,static,static,results,Results,Results_MAMBA21,MAMBA2-BWB-Results,simulator_output_MAMBA2-BWB_bwplacement_bs8_staticreq_statictask,SCRUBBED_TIME+MAMBA2-BWB_BMPD640_5_5_14,False
16,3,12,9,0,0,640,1294.4,76.06662822222222,bw,static,static,results,Results,Results_MAMBA21,MAMBA2-BWB-Results,simulator_output_MAMBA2-BWB_bwplacement_bs16_staticreq_statictask,SCRUBBED_TIME+MAMBA2-BWB_BMPD640_3_12_9,False
4,7,2,15,0,0,512,657.84,76.088516,bw,static,static,results,Results,Results_MAMBA21,MAMBA2-BWB-Results,simulator_output_MAMBA2-BWB_bwplacement_bs4_staticreq_statictask,SCRUBBED_TIME+MAMBA2-BWB_BMPD512_7_2_15,False
16,2,7,15,0,0,640,1328.48,76.116166,bw,static,static,results,Results,Results_MAMBA21,MAMBA2-BWB-Results,simulator_output_MAMBA2-BWB_bwplacement_bs16_staticreq_statictask,SCRUBBED_TIME+MAMBA2-BWB_BMPD640_2_7_15,False
16,5,14,5,0,0,640,1230.56,76.216724,bw,static,static,results,Results,Results_MAMBA21,MAMBA2-BWB-Results,simulator_output_MAMBA2-BWB_bwplacement_bs16_staticreq_statictask,SCRUBBED_TIME+MAMBA2-BWB_BMPD640_5_14_5,False
16,16,3,5,0,0,256,589.28,76.266303,bw,static,static,results,Results,Results_MAMBA21,MAMBA2-BWB-Results,simulator_output_MAMBA2-BWB_bwplacement_bs16_staticreq_statictask,SCRUBBED_TIME+MAMBA2-BWB_BMPD256_16_3_5,False
16,5,12,7,0,0,640,1552.0,76.50108715789473,bw,static,static,results,Results,Results_MAMBA21,MAMBA2-BWB-Results,simulator_output_MAMBA2-BWB_bwplacement_bs16_staticreq_statictask,SCRUBBED_TIME+MAMBA2-BWB_BMPD640_5_12_7,False
16,12,5,7,0,0,384,1307.68,76.52688766666667,bw,static,static,results,Results,Results_MAMBA21,MAMBA2-BWB-Results,simulator_output_MAMBA2-BWB_bwplacement_bs16_staticreq_statictask,SCRUBBED_TIME+MAMBA2-BWB_BMPD384_12_5_7,False
16,7,9,8,0,0,640,1515.2,76.70006470588235,bw,static,static,results,Results,Results_MAMBA21,MAMBA2-BWB-Results,simulator_output_MAMBA2-BWB_bwplacement_bs16_staticreq_statictask,SCRUBBED_TIME+MAMBA2-BWB_BMPD640_7_9_8,False
16,4,11,9,0,0,512,1490.4,76.7869018,bw,static,static,results,Results,Results_MAMBA21,MAMBA2-BWB-Results,simulator_output_MAMBA2-BWB_bwplacement_bs16_staticreq_statictask,SCRUBBED_TIME+MAMBA2-BWB_BMPD512_4_11_9,False
8,10,3,11,0,0,384,937.68,76.89017171428571,bw,static,static,results,Results,Results_MAMBA21,MAMBA2-BWB-Results,simulator_output_MAMBA2-BWB_bwplacement_bs8_staticreq_statictask,SCRUBBED_TIME+MAMBA2-BWB_BMPD384_10_3_11,False
8,7,4,13,0,0,512,1206.08,77.03595176470589,bw,static,static,results,Results,Results_MAMBA21,MAMBA2-BWB-Results,simulator_output_MAMBA2-BWB_bwplacement_bs8_staticreq_statictask,SCRUBBED_TIME+MAMBA2-BWB_BMPD512_7_4_13,False
16,13,5,6,0,0,512,1316.8,77.1798,bw,static,static,results,Results,Results_MAMBA21,MAMBA2-BWB-Results,simulator_output_MAMBA2-BWB_bwplacement_bs16_staticreq_statictask,SCRUBBED_TIME+MAMBA2-BWB_BMPD512_13_5_6,False
16,5,9,10,0,0,512,1764.64,77.40817789473684,bw,static,static,results,Results,Results_MAMBA21,MAMBA2-BWB-Results,simulator_output_MAMBA2-BWB_bwplacement_bs16_staticreq_statictask,SCRUBBED_TIME+MAMBA2-BWB_BMPD512_5_9_10,False
16,4,17,3,0,0,640,454.08,77.530912,bw,static,static,results,Results,Results_MAMBA21,MAMBA2-BWB-Results,simulator_output_MAMBA2-BWB_bwplacement_bs16_staticreq_statictask,SCRUBBED_TIME+MAMBA2-BWB_BMPD640_4_17_3,False
2,8,1,15,0,0,640,307.72,77.90675525,bw,static,static,results,Results,Results_MAMBA21,MAMBA2-BWB-Results,simulator_output_MAMBA2-BWB_bwplacement_bs2_staticreq_statictask,SCRUBBED_TIME+MAMBA2-BWB_BMPD640_8_1_15,False
16,13,4,7,0,0,256,746.56,77.9737749090909,bw,static,static,results,Results,Results_MAMBA21,MAMBA2-BWB-Results,simulator_output_MAMBA2-BWB_bwplacement_bs16_staticreq_statictask,SCRUBBED_TIME+MAMBA2-BWB_BMPD256_13_4_7,False
16,10,7,7,0,0,512,1517.12,78.13609914285715,bw,static,static,results,Results,Results_MAMBA21,MAMBA2-BWB-Results,simulator_output_MAMBA2-BWB_bwplacement_bs16_staticreq_statictask,SCRUBBED_TIME+MAMBA2-BWB_BMPD512_10_7_7,False
16,2,7,15,0,0,256,1079.68,78.20872688888889,bw,static,static,results,Results,Results_MAMBA21,MAMBA2-BWB-Results,simulator_output_MAMBA2-BWB_bwplacement_bs16_staticreq_statictask,SCRUBBED_TIME+MAMBA2-BWB_BMPD256_2_7_15,False
4,4,2,18,0,0,384,464.6,78.287512,bw,static,static,results,Results,Results_MAMBA21,MAMBA2-BWB-Results,simulator_output_MAMBA2-BWB_bwplacement_bs4_staticreq_statictask,SCRUBBED_TIME+MAMBA2-BWB_BMPD384_4_2_18,False
16,4,10,10,0,0,512,1427.2,78.2960968,bw,static,static,results,Results,Results_MAMBA21,MAMBA2-BWB-Results,simulator_output_MAMBA2-BWB_bwplacement_bs16_staticreq_statictask,SCRUBBED_TIME+MAMBA2-BWB_BMPD512_4_10_10,False
16,3,11,10,0,0,640,1092.0,78.43095044444445,bw,static,static,results,Results,Results_MAMBA21,MAMBA2-BWB-Results,simulator_output_MAMBA2-BWB_bwplacement_bs16_staticreq_statictask,SCRUBBED_TIME+MAMBA2-BWB_BMPD640_3_11_10,False
16,3,8,13,0,0,512,1383.04,78.48489755555555,bw,static,static,results,Results,Results_MAMBA21,MAMBA2-BWB-Results,simulator_output_MAMBA2-BWB_bwplacement_bs16_staticreq_statictask,SCRUBBED_TIME+MAMBA2-BWB_BMPD512_3_8_13,False
16,6,8,10,0,0,512,1560.0,78.48612533333333,bw,static,static,results,Results,Results_MAMBA21,MAMBA2-BWB-Results,simulator_output_MAMBA2-BWB_bwplacement_bs16_staticreq_statictask,SCRUBBED_TIME+MAMBA2-BWB_BMPD512_6_8_10,False
16,6,10,8,0,0,640,1676.64,78.509606,bw,static,static,results,Results,Results_MAMBA21,MAMBA2-BWB-Results,simulator_output_MAMBA2-BWB_bwplacement_bs16_staticreq_statictask,SCRUBBED_TIME+MAMBA2-BWB_BMPD640_6_10_8,False
4,8,2,14,0,0,640,593.56,78.52398425,bw,static,static,results,Results,Results_MAMBA21,MAMBA2-BWB-Results,simulator_output_MAMBA2-BWB_bwplacement_bs4_staticreq_statictask,SCRUBBED_TIME+MAMBA2-BWB_BMPD640_8_2_14,False
16,8,7,9,0,0,384,1641.92,78.6027515,bw,static,static,results,Results,Results_MAMBA21,MAMBA2-BWB-Results,simulator_output_MAMBA2-BWB_bwplacement_bs16_staticreq_statictask,SCRUBBED_TIME+MAMBA2-BWB_BMPD384_8_7_9,False
16,6,7,11,0,0,256,1151.36,78.6546268888889,bw,static,static,results,Results,Results_MAMBA21,MAMBA2-BWB-Results,simulator_output_MAMBA2-BWB_bwplacement_bs16_staticreq_statictask,SCRUBBED_TIME+MAMBA2-BWB_BMPD256_6_7_11,False
16,6,11,7,0,0,640,1263.2,78.75498377777778,bw,static,static,results,Results,Results_MAMBA21,MAMBA2-BWB-Results,simulator_output_MAMBA2-BWB_bwplacement_bs16_staticreq_statictask,SCRUBBED_TIME+MAMBA2-BWB_BMPD640_6_11_7,False
16,14,4,6,0,0,384,982.08,78.86684720000001,bw,static,static,results,Results,Results_MAMBA21,MAMBA2-BWB-Results,simulator_output_MAMBA2-BWB_bwplacement_bs16_staticreq_statictask,SCRUBBED_TIME+MAMBA2-BWB_BMPD384_14_4_6,False
32,13,10,1,0,0,256,292.48,78.95665563636364,bw,static,static,results,Results,Results_MAMBA21,MAMBA2-BWB-Results,simulator_output_MAMBA2-BWB_bwplacement_bs32_staticreq_statictask,SCRUBBED_TIME+MAMBA2-BWB_BMPD256_13_10_1,False
8,8,3,13,0,0,256,610.08,78.9574775,bw,static,static,results,Results,Results_MAMBA21,MAMBA2-BWB-Results,simulator_output_MAMBA2-BWB_bwplacement_bs8_staticreq_statictask,SCRUBBED_TIME+MAMBA2-BWB_BMPD256_8_3_13,False
16,15,4,5,0,0,512,1004.64,78.98299377777778,bw,static,static,results,Results,Results_MAMBA21,MAMBA2-BWB-Results,simulator_output_MAMBA2-BWB_bwplacement_bs16_staticreq_statictask,SCRUBBED_TIME+MAMBA2-BWB_BMPD512_15_4_5,False
8,4,5,15,0,0,640,1011.36,79.0301286,bw,static,static,results,Results,Results_MAMBA21,MAMBA2-BWB-Results,simulator_output_MAMBA2-BWB_bwplacement_bs8_staticreq_statictask,SCRUBBED_TIME+MAMBA2-BWB_BMPD640_4_5_15,False
16,3,10,11,0,0,640,1141.44,79.07235044444445,bw,static,static,results,Results,Results_MAMBA21,MAMBA2-BWB-Results,simulator_output_MAMBA2-BWB_bwplacement_bs16_staticreq_statictask,SCRUBBED_TIME+MAMBA2-BWB_BMPD640_3_10_11,False
8,4,4,16,0,0,384,874.4,79.2420832,bw,static,static,results,Results,Results_MAMBA21,MAMBA2-BWB-Results,simulator_output_MAMBA2-BWB_bwplacement_bs8_staticreq_statictask,SCRUBBED_TIME+MAMBA2-BWB_BMPD384_4_4_16,False
32,13,9,2,0,0,256,578.56,79.250992,bw,static,static,results,Results,Results_MAMBA21,MAMBA2-BWB-Results,simulator_output_MAMBA2-BWB_bwplacement_bs32_staticreq_statictask,SCRUBBED_TIME+MAMBA2-BWB_BMPD256_13_9_2,False
16,4,8,12,0,0,384,1315.52,79.3053812,bw,static,static,results,Results,Results_MAMBA21,MAMBA2-BWB-Results,simulator_output_MAMBA2-BWB_bwplacement_bs16_staticreq_statictask,SCRUBBED_TIME+MAMBA2-BWB_BMPD384_4_8_12,False
16,8,6,10,0,0,256,1031.84,79.3201755,bw,static,static,results,Results,Results_MAMBA21,MAMBA2-BWB-Results,simulator_output_MAMBA2-BWB_bwplacement_bs16_staticreq_statictask,SCRUBBED_TIME+MAMBA2-BWB_BMPD256_8_6_10,False
16,4,13,7,0,0,640,959.04,79.352447,bw,static,static,results,Results,Results_MAMBA21,MAMBA2-BWB-Results,simulator_output_MAMBA2-BWB_bwplacement_bs16_staticreq_statictask,SCRUBBED_TIME+MAMBA2-BWB_BMPD640_4_13_7,False
2,4,1,19,0,0,384,217.76,79.3675314,bw,static,static,results,Results,Results_MAMBA21,MAMBA2-BWB-Results,simulator_output_MAMBA2-BWB_bwplacement_bs2_staticreq_statictask,SCRUBBED_TIME+MAMBA2-BWB_BMPD384_4_1_19,False
32,15,8,1,0,0,384,312.96,79.48634577777777,bw,static,static,results,Results,Results_MAMBA21,MAMBA2-BWB-Results,simulator_output_MAMBA2-BWB_bwplacement_bs32_staticreq_statictask,SCRUBBED_TIME+MAMBA2-BWB_BMPD384_15_8_1,False
16,11,6,7,0,0,512,1384.96,79.5117553846154,bw,static,static,results,Results,Results_MAMBA21,MAMBA2-BWB-Results,simulator_output_MAMBA2-BWB_bwplacement_bs16_staticreq_statictask,SCRUBBED_TIME+MAMBA2-BWB_BMPD512_11_6_7,False
4,6,2,16,0,0,512,622.04,79.62495866666667,bw,static,static,results,Results,Results_MAMBA21,MAMBA2-BWB-Results,simulator_output_MAMBA2-BWB_bwplacement_bs4_staticreq_statictask,SCRUBBED_TIME+MAMBA2-BWB_BMPD512_6_2_16,False
4,3,2,19,0,0,512,411.12,79.62495866666667,bw,static,static,results,Results,Results_MAMBA21,MAMBA2-BWB-Results,simulator_output_MAMBA2-BWB_bwplacement_bs4_staticreq_statictask,SCRUBBED_TIME+MAMBA2-BWB_BMPD512_3_2_19,False
8,8,4,12,0,0,640,1018.96,79.629869,bw,static,static,results,Results,Results_MAMBA21,MAMBA2-BWB-Results,simulator_output_MAMBA2-BWB_bwplacement_bs8_staticreq_statictask,SCRUBBED_TIME+MAMBA2-BWB_BMPD640_8_4_12,False
16,8,8,8,0,0,640,1449.44,79.6578545,bw,static,static,results,Results,Results_MAMBA21,MAMBA2-BWB-Results,simulator_output_MAMBA2-BWB_bwplacement_bs16_staticreq_statictask,SCRUBBED_TIME+MAMBA2-BWB_BMPD640_8_8_8,False
8,11,3,10,0,0,512,837.92,79.65917723076923,bw,static,static,results,Results,Results_MAMBA21,MAMBA2-BWB-Results,simulator_output_MAMBA2-BWB_bwplacement_bs8_staticreq_statictask,SCRUBBED_TIME+MAMBA2-BWB_BMPD512_11_3_10,False
16,16,4,4,0,0,640,724.32,80.046304,bw,static,static,results,Results,Results_MAMBA21,MAMBA2-BWB-Results,simulator_output_MAMBA2-BWB_bwplacement_bs16_staticreq_statictask,SCRUBBED_TIME+MAMBA2-BWB_BMPD640_16_4_4,False
16,13,6,5,0,0,640,964.32,80.1230589090909,bw,static,static,results,Results,Results_MAMBA21,MAMBA2-BWB-Results,simulator_output_MAMBA2-BWB_bwplacement_bs16_staticreq_statictask,SCRUBBED_TIME+MAMBA2-BWB_BMPD640_13_6_5,False
2,6,1,17,0,0,512,307.26,80.12390577777778,bw,static,static,results,Results,Results_MAMBA21,MAMBA2-BWB-Results,simulator_output_MAMBA2-BWB_bwplacement_bs2_staticreq_statictask,SCRUBBED_TIME+MAMBA2-BWB_BMPD512_6_1_17,False
2,3,1,20,0,0,512,203.0,80.12411688888889,bw,static,static,results,Results,Results_MAMBA21,MAMBA2-BWB-Results,simulator_output_MAMBA2-BWB_bwplacement_bs2_staticreq_statictask,SCRUBBED_TIME+MAMBA2-BWB_BMPD512_3_1_20,False
4,16,1,7,0,0,640,289.12,80.14257,bw,static,static,results,Results,Results_MAMBA21,MAMBA2-BWB-Results,simulator_output_MAMBA2-BWB_bwplacement_bs4_staticreq_statictask,SCRUBBED_TIME+MAMBA2-BWB_BMPD640_16_1_7,False
32,7,16,1,0,0,256,203.2,80.19235741176472,bw,static,static,results,Results,Results_MAMBA21,MAMBA2-BWB-Results,simulator_output_MAMBA2-BWB_bwplacement_bs32_staticreq_statictask,SCRUBBED_TIME+MAMBA2-BWB_BMPD256_7_16_1,False
16,9,6,9,0,0,384,1533.76,80.23802213333335,bw,static,static,results,Results,Results_MAMBA21,MAMBA2-BWB-Results,simulator_output_MAMBA2-BWB_bwplacement_bs16_staticreq_statictask,SCRUBBED_TIME+MAMBA2-BWB_BMPD384_9_6_9,False
16,2,6,16,0,0,384,1026.72,80.25542213333334,bw,static,static,results,Results,Results_MAMBA21,MAMBA2-BWB-Results,simulator_output_MAMBA2-BWB_bwplacement_bs16_staticreq_statictask,SCRUBBED_TIME+MAMBA2-BWB_BMPD384_2_6_16,False
4,13,1,10,0,0,256,216.6,80.38636072727273,bw,static,static,results,Results,Results_MAMBA21,MAMBA2-BWB-Results,simulator_output_MAMBA2-BWB_bwplacement_bs4_staticreq_statictask,SCRUBBED_TIME+MAMBA2-BWB_BMPD256_13_1_10,False
16,11,7,6,0,0,640,1174.72,80.6889113846154,bw,static,static,results,Results,Results_MAMBA21,MAMBA2-BWB-Results,simulator_output_MAMBA2-BWB_bwplacement_bs16_staticreq_statictask,SCRUBBED_TIME+MAMBA2-BWB_BMPD640_11_7_6,False
16,10,5,9,0,0,256,883.68,80.74402685714286,bw,static,static,results,Results,Results_MAMBA21,MAMBA2-BWB-Results,simulator_output_MAMBA2-BWB_bwplacement_bs16_staticreq_statictask,SCRUBBED_TIME+MAMBA2-BWB_BMPD256_10_5_9,False
16,4,12,8,0,0,640,1234.24,80.755562,bw,static,static,results,Results,Results_MAMBA21,MAMBA2-BWB-Results,simulator_output_MAMBA2-BWB_bwplacement_bs16_staticreq_statictask,SCRUBBED_TIME+MAMBA2-BWB_BMPD640_4_12_8,False
32,13,8,3,0,0,256,646.72,80.8879010909091,bw,static,static,results,Results,Results_MAMBA21,MAMBA2-BWB-Results,simulator_output_MAMBA2-BWB_bwplacement_bs32_staticreq_statictask,SCRUBBED_TIME+MAMBA2-BWB_BMPD256_13_8_3,False
4,14,1,9,0,0,384,311.64,80.97431879999999,bw,static,static,results,Results,Results_MAMBA21,MAMBA2-BWB-Results,simulator_output_MAMBA2-BWB_bwplacement_bs4_staticreq_statictask,SCRUBBED_TIME+MAMBA2-BWB_BMPD384_14_1_9,False
16,5,7,12,0,0,256,1071.68,81.20164631578947,bw,static,static,results,Results,Results_MAMBA21,MAMBA2-BWB-Results,simulator_output_MAMBA2-BWB_bwplacement_bs16_staticreq_statictask,SCRUBBED_TIME+MAMBA2-BWB_BMPD256_5_7_12,False
16,5,10,9,0,0,640,1255.52,81.29140821052631,bw,static,static,results,Results,Results_MAMBA21,MAMBA2-BWB-Results,simulator_output_MAMBA2-BWB_bwplacement_bs16_staticreq_statictask,SCRUBBED_TIME+MAMBA2-BWB_BMPD640_5_10_9,False
32,10,13,1,0,0,256,342.4,81.32912685714285,bw,static,static,results,Results,Results_MAMBA21,MAMBA2-BWB-Results,simulator_output_MAMBA2-BWB_bwplacement_bs32_staticreq_statictask,SCRUBBED_TIME+MAMBA2-BWB_BMPD256_10_13_1,False
8,6,4,14,0,0,512,1020.24,81.343158,bw,static,static,results,Results,Results_MAMBA21,MAMBA2-BWB-Results,simulator_output_MAMBA2-BWB_bwplacement_bs8_staticreq_statictask,SCRUBBED_TIME+MAMBA2-BWB_BMPD512_6_4_14,False
8,3,4,17,0,0,512,753.44,81.34423577777778,bw,static,static,results,Results,Results_MAMBA21,MAMBA2-BWB-Results,simulator_output_MAMBA2-BWB_bwplacement_bs8_staticreq_statictask,SCRUBBED_TIME+MAMBA2-BWB_BMPD512_3_4_17,False
16,4,9,11,0,0,512,1099.52,81.3466818,bw,static,static,results,Results,Results_MAMBA21,MAMBA2-BWB-Results,simulator_output_MAMBA2-BWB_bwplacement_bs16_staticreq_statictask,SCRUBBED_TIME+MAMBA2-BWB_BMPD512_4_9_11,False
16,6,9,9,0,0,640,1149.44,81.45203377777777,bw,static,static,results,Results,Results_MAMBA21,MAMBA2-BWB-Results,simulator_output_MAMBA2-BWB_bwplacement_bs16_staticreq_statictask,SCRUBBED_TIME+MAMBA2-BWB_BMPD640_6_9_9,False
16,3,9,12,0,0,640,1049.6,81.4897948888889,bw,static,static,results,Results,Results_MAMBA21,MAMBA2-BWB-Results,simulator_output_MAMBA2-BWB_bwplacement_bs16_staticreq_statictask,SCRUBBED_TIME+MAMBA2-BWB_BMPD640_3_9_12,False
16,5,11,8,0,0,640,1179.36,81.59188189473684,bw,static,static,results,Results,Results_MAMBA21,MAMBA2-BWB-Results,simulator_output_MAMBA2-BWB_bwplacement_bs16_staticreq_statictask,SCRUBBED_TIME+MAMBA2-BWB_BMPD640_5_11_8,False
8,13,2,9,0,0,256,387.6,81.61011854545454,bw,static,static,results,Results,Results_MAMBA21,MAMBA2-BWB-Results,simulator_output_MAMBA2-BWB_bwplacement_bs8_staticreq_statictask,SCRUBBED_TIME+MAMBA2-BWB_BMPD256_13_2_9,False
8,12,3,9,0,0,640,724.08,81.63126933333332,bw,static,static,results,Results,Results_MAMBA21,MAMBA2-BWB-Results,simulator_output_MAMBA2-BWB_bwplacement_bs8_staticreq_statictask,SCRUBBED_TIME+MAMBA2-BWB_BMPD640_12_3_9,False
8,2,3,19,0,0,640,555.68,81.63126933333332,bw,static,static,results,Results,Results_MAMBA21,MAMBA2-BWB-Results,simulator_output_MAMBA2-BWB_bwplacement_bs8_staticreq_statictask,SCRUBBED_TIME+MAMBA2-BWB_BMPD640_2_3_19,False
8,9,3,12,0,0,384,760.32,81.7114784,bw,static,static,results,Results,Results_MAMBA21,MAMBA2-BWB-Results,simulator_output_MAMBA2-BWB_bwplacement_bs8_staticreq_statictask,SCRUBBED_TIME+MAMBA2-BWB_BMPD384_9_3_12,False
8,2,3,19,0,0,384,483.76,81.71281173333334,bw,static,static,results,Results,Results_MAMBA21,MAMBA2-BWB-Results,simulator_output_MAMBA2-BWB_bwplacement_bs8_staticreq_statictask,SCRUBBED_TIME+MAMBA2-BWB_BMPD384_2_3_19,False
4,3,2,19,0,0,384,300.24,81.83044209523808,bw,static,static,results,Results,Results_MAMBA21,MAMBA2-BWB-Results,simulator_output_MAMBA2-BWB_bwplacement_bs4_staticreq_statictask,SCRUBBED_TIME+MAMBA2-BWB_BMPD384_3_2_19,False
16,3,8,13,0,0,384,982.08,82.01034647619048,bw,static,static,results,Results,Results_MAMBA21,MAMBA2-BWB-Results,simulator_output_MAMBA2-BWB_bwplacement_bs16_staticreq_statictask,SCRUBBED_TIME+MAMBA2-BWB_BMPD384_3_8_13,False
16,5,8,11,0,0,512,1321.76,82.01645684210527,bw,static,static,results,Results,Results_MAMBA21,MAMBA2-BWB-Results,simulator_output_MAMBA2-BWB_bwplacement_bs16_staticreq_statictask,SCRUBBED_TIME+MAMBA2-BWB_BMPD512_5_8_11,False
32,14,9,1,0,0,384,294.72,82.160356,bw,static,static,results,Results,Results_MAMBA21,MAMBA2-BWB-Results,simulator_output_MAMBA2-BWB_bwplacement_bs32_staticreq_statictask,SCRUBBED_TIME+MAMBA2-BWB_BMPD384_14_9_1,False
4,15,1,8,0,0,512,351.48,82.16420177777778,bw,static,static,results,Results,Results_MAMBA21,MAMBA2-BWB-Results,simulator_output_MAMBA2-BWB_bwplacement_bs4_staticreq_statictask,SCRUBBED_TIME+MAMBA2-BWB_BMPD512_15_1_8,False
16,11,5,8,0,0,384,1309.92,82.3591156923077,bw,static,static,results,Results,Results_MAMBA21,MAMBA2-BWB-Results,simulator_output_MAMBA2-BWB_bwplacement_bs16_staticreq_statictask,SCRUBBED_TIME+MAMBA2-BWB_BMPD384_11_5_8,False
16,7,7,10,0,0,384,1450.08,82.63717505882353,bw,static,static,results,Results,Results_MAMBA21,MAMBA2-BWB-Results,simulator_output_MAMBA2-BWB_bwplacement_bs16_staticreq_statictask,SCRUBBED_TIME+MAMBA2-BWB_BMPD384_7_7_10,False
8,16,2,6,0,0,640,445.6,82.9826495,bw,static,static,results,Results,Results_MAMBA21,MAMBA2-BWB-Results,simulator_output_MAMBA2-BWB_bwplacement_bs8_staticreq_statictask,SCRUBBED_TIME+MAMBA2-BWB_BMPD640_16_2_6,False
2,7,1,16,0,0,640,274.7,83.07015811764705,bw,static,static,results,Results,Results_MAMBA21,MAMBA2-BWB-Results,simulator_output_MAMBA2-BWB_bwplacement_bs2_staticreq_statictask,SCRUBBED_TIME+MAMBA2-BWB_BMPD640_7_1_16,False
16,14,5,5,0,0,640,848.64,83.1393892,bw,static,static,results,Results,Results_MAMBA21,MAMBA2-BWB-Results,simulator_output_MAMBA2-BWB_bwplacement_bs16_staticreq_statictask,SCRUBBED_TIME+MAMBA2-BWB_BMPD640_14_5_5,False
32,12,9,3,0,0,256,711.68,83.14392633333333,bw,static,static,results,Results,Results_MAMBA21,MAMBA2-BWB-Results,simulator_output_MAMBA2-BWB_bwplacement_bs32_staticreq_statictask,SCRUBBED_TIME+MAMBA2-BWB_BMPD256_12_9_3,False
32,12,10,2,0,0,256,494.4,83.227068,bw,static,static,results,Results,Results_MAMBA21,MAMBA2-BWB-Results,simulator_output_MAMBA2-BWB_bwplacement_bs32_staticreq_statictask,SCRUBBED_TIME+MAMBA2-BWB_BMPD256_12_10_2,False
8,14,2,8,0,0,384,557.28,83.2911292,bw,static,static,results,Results,Results_MAMBA21,MAMBA2-BWB-Results,simulator_output_MAMBA2-BWB_bwplacement_bs8_staticreq_statictask,SCRUBBED_TIME+MAMBA2-BWB_BMPD384_14_2_8,False
32,12,11,1,0,0,256,304.96,83.361893,bw,static,static,results,Results,Results_MAMBA21,MAMBA2-BWB-Results,simulator_output_MAMBA2-BWB_bwplacement_bs32_staticreq_statictask,SCRUBBED_TIME+MAMBA2-BWB_BMPD256_12_11_1,False
2,3,1,20,0,0,384,141.4,83.39173695238095,bw,static,static,results,Results,Results_MAMBA21,MAMBA2-BWB-Results,simulator_output_MAMBA2-BWB_bwplacement_bs2_staticreq_statictask,SCRUBBED_TIME+MAMBA2-BWB_BMPD384_3_1_20,False
32,9,13,2,0,0,256,533.76,83.6015276923077,bw,static,static,results,Results,Results_MAMBA21,MAMBA2-BWB-Results,simulator_output_MAMBA2-BWB_bwplacement_bs32_staticreq_statictask,SCRUBBED_TIME+MAMBA2-BWB_BMPD256_9_13_2,False
8,7,3,14,0,0,256,490.56,83.63288376470588,bw,static,static,results,Results,Results_MAMBA21,MAMBA2-BWB-Results,simulator_output_MAMBA2-BWB_bwplacement_bs8_staticreq_statictask,SCRUBBED_TIME+MAMBA2-BWB_BMPD256_7_3_14,False
16,7,6,11,0,0,256,891.52,83.66504235294117,bw,static,static,results,Results,Results_MAMBA21,MAMBA2-BWB-Results,simulator_output_MAMBA2-BWB_bwplacement_bs16_staticreq_statictask,SCRUBBED_TIME+MAMBA2-BWB_BMPD256_7_6_11,False
4,7,2,15,0,0,640,460.72,83.80130705882353,bw,static,static,results,Results,Results_MAMBA21,MAMBA2-BWB-Results,simulator_output_MAMBA2-BWB_bwplacement_bs4_staticreq_statictask,SCRUBBED_TIME+MAMBA2-BWB_BMPD640_7_2_15,False
4,5,2,17,0,0,512,466.4,83.84492210526317,bw,static,static,results,Results,Results_MAMBA21,MAMBA2-BWB-Results,simulator_output_MAMBA2-BWB_bwplacement_bs4_staticreq_statictask,SCRUBBED_TIME+MAMBA2-BWB_BMPD512_5_2_17,False
16,9,7,8,0,0,512,1466.24,83.84848213333333,bw,static,static,results,Results,Results_MAMBA21,MAMBA2-BWB-Results,simulator_output_MAMBA2-BWB_bwplacement_bs16_staticreq_statictask,SCRUBBED_TIME+MAMBA2-BWB_BMPD512_9_7_8,False
16,12,5,7,0,0,512,1054.4,83.86428233333334,bw,static,static,results,Results,Results_MAMBA21,MAMBA2-BWB-Results,simulator_output_MAMBA2-BWB_bwplacement_bs16_staticreq_statictask,SCRUBBED_TIME+MAMBA2-BWB_BMPD512_12_5_7,False
16,2,5,17,0,0,512,886.88,83.865999,bw,static,static,results,Results,Results_MAMBA21,MAMBA2-BWB-Results,simulator_output_MAMBA2-BWB_bwplacement_bs16_staticreq_statictask,SCRUBBED_TIME+MAMBA2-BWB_BMPD512_2_5_17,False
16,16,3,5,0,0,384,635.2,84.117927,bw,static,static,results,Results,Results_MAMBA21,MAMBA2-BWB-Results,simulator_output_MAMBA2-BWB_bwplacement_bs16_staticreq_statictask,SCRUBBED_TIME+MAMBA2-BWB_BMPD384_16_3_5,False
8,7,4,13,0,0,640,862.16,84.17516235294117,bw,static,static,results,Results,Results_MAMBA21,MAMBA2-BWB-Results,simulator_output_MAMBA2-BWB_bwplacement_bs8_staticreq_statictask,SCRUBBED_TIME+MAMBA2-BWB_BMPD640_7_4_13,False
16,7,8,9,0,0,640,1068.32,84.23508235294118,bw,static,static,results,Results,Results_MAMBA21,MAMBA2-BWB-Results,simulator_output_MAMBA2-BWB_bwplacement_bs16_staticreq_statictask,SCRUBBED_TIME+MAMBA2-BWB_BMPD640_7_8_9,False
32,8,13,3,0,0,256,670.4,84.28788153846153,bw,static,static,results,Results,Results_MAMBA21,MAMBA2-BWB-Results,simulator_output_MAMBA2-BWB_bwplacement_bs32_staticreq_statictask,SCRUBBED_TIME+MAMBA2-BWB_BMPD256_8_13_3,False
2,5,1,18,0,0,512,223.36,84.41482042105264,bw,static,static,results,Results,Results_MAMBA21,MAMBA2-BWB-Results,simulator_output_MAMBA2-BWB_bwplacement_bs2_staticreq_statictask,SCRUBBED_TIME+MAMBA2-BWB_BMPD512_5_1_18,False
32,15,8,1,0,0,512,200.32,84.44538933333332,bw,static,static,results,Results,Results_MAMBA21,MAMBA2-BWB-Results,simulator_output_MAMBA2-BWB_bwplacement_bs32_staticreq_statictask,SCRUBBED_TIME+MAMBA2-BWB_BMPD512_15_8_1,False
8,3,4,17,0,0,384,613.36,84.44873714285715,bw,static,static,results,Results,Results_MAMBA21,MAMBA2-BWB-Results,simulator_output_MAMBA2-BWB_bwplacement_bs8_staticreq_statictask,SCRUBBED_TIME+MAMBA2-BWB_BMPD384_3_4_17,False
16,10,6,8,0,0,512,1336.96,84.67368485714285,bw,static,static,results,Results,Results_MAMBA21,MAMBA2-BWB-Results,simulator_output_MAMBA2-BWB_bwplacement_bs16_staticreq_statictask,SCRUBBED_TIME+MAMBA2-BWB_BMPD512_10_6_8,False
8,15,2,7,0,0,512,441.12,84.94440844444445,bw,static,static,results,Results,Results_MAMBA21,MAMBA2-BWB-Results,simulator_output_MAMBA2-BWB_bwplacement_bs8_staticreq_statictask,SCRUBBED_TIME+MAMBA2-BWB_BMPD512_15_2_7,False
8,5,4,15,0,0,512,775.04,85.11210884210527,bw,static,static,results,Results,Results_MAMBA21,MAMBA2-BWB-Results,simulator_output_MAMBA2-BWB_bwplacement_bs8_staticreq_statictask,SCRUBBED_TIME+MAMBA2-BWB_BMPD512_5_4_15,False
16,12,4,8,0,0,256,643.84,85.15827466666667,bw,static,static,results,Results,Results_MAMBA21,MAMBA2-BWB-Results,simulator_output_MAMBA2-BWB_bwplacement_bs16_staticreq_statictask,SCRUBBED_TIME+MAMBA2-BWB_BMPD256_12_4_8,False
16,8,6,10,0,0,384,1281.92,85.2724015,bw,static,static,results,Results,Results_MAMBA21,MAMBA2-BWB-Results,simulator_output_MAMBA2-BWB_bwplacement_bs16_staticreq_statictask,SCRUBBED_TIME+MAMBA2-BWB_BMPD384_8_6_10,False
16,4,11,9,0,0,640,706.72,85.419007,bw,static,static,results,Results,Results_MAMBA21,MAMBA2-BWB-Results,simulator_output_MAMBA2-BWB_bwplacement_bs16_staticreq_statictask,SCRUBBED_TIME+MAMBA2-BWB_BMPD640_4_11_9,False
32,16,7,1,0,0,256,210.24,85.4388235,bw,static,static,results,Results,Results_MAMBA21,MAMBA2-BWB-Results,simulator_output_MAMBA2-BWB_bwplacement_bs32_staticreq_statictask,SCRUBBED_TIME+MAMBA2-BWB_BMPD256_16_7_1,False
16,5,9,10,0,0,640,883.68,85.51437136842105,bw,static,static,results,Results,Results_MAMBA21,MAMBA2-BWB-Results,simulator_output_MAMBA2-BWB_bwplacement_bs16_staticreq_statictask,SCRUBBED_TIME+MAMBA2-BWB_BMPD640_5_9_10,False
32,14,8,2,0,0,384,434.88,85.705606,bw,static,static,results,Results,Results_MAMBA21,MAMBA2-BWB-Results,simulator_output_MAMBA2-BWB_bwplacement_bs32_staticreq_statictask,SCRUBBED_TIME+MAMBA2-BWB_BMPD384_14_8_2,False
32,11,12,1,0,0,256,261.76,86.1290046153846,bw,static,static,results,Results,Results_MAMBA21,MAMBA2-BWB-Results,simulator_output_MAMBA2-BWB_bwplacement_bs32_staticreq_statictask,SCRUBBED_TIME+MAMBA2-BWB_BMPD256_11_12_1,False
16,4,10,10,0,0,640,704.0,86.139597,bw,static,static,results,Results,Results_MAMBA21,MAMBA2-BWB-Results,simulator_output_MAMBA2-BWB_bwplacement_bs16_staticreq_statictask,SCRUBBED_TIME+MAMBA2-BWB_BMPD640_4_10_10,False
16,12,6,6,0,0,640,831.04,86.16135766666667,bw,static,static,results,Results,Results_MAMBA21,MAMBA2-BWB-Results,simulator_output_MAMBA2-BWB_bwplacement_bs16_staticreq_statictask,SCRUBBED_TIME+MAMBA2-BWB_BMPD640_12_6_6,False
32,13,10,1,0,0,384,241.6,86.24969672727273,bw,static,static,results,Results,Results_MAMBA21,MAMBA2-BWB-Results,simulator_output_MAMBA2-BWB_bwplacement_bs32_staticreq_statictask,SCRUBBED_TIME+MAMBA2-BWB_BMPD384_13_10_1,False
16,4,8,12,0,0,512,793.6,86.3730568,bw,static,static,results,Results,Results_MAMBA21,MAMBA2-BWB-Results,simulator_output_MAMBA2-BWB_bwplacement_bs16_staticreq_statictask,SCRUBBED_TIME+MAMBA2-BWB_BMPD512_4_8_12,False
16,2,6,16,0,0,640,709.44,86.500191,bw,static,static,results,Results,Results_MAMBA21,MAMBA2-BWB-Results,simulator_output_MAMBA2-BWB_bwplacement_bs16_staticreq_statictask,SCRUBBED_TIME+MAMBA2-BWB_BMPD640_2_6_16,False
16,9,5,10,0,0,256,694.88,86.583184,bw,static,static,results,Results,Results_MAMBA21,MAMBA2-BWB-Results,simulator_output_MAMBA2-BWB_bwplacement_bs16_staticreq_statictask,SCRUBBED_TIME+MAMBA2-BWB_BMPD256_9_5_10,False
8,10,3,11,0,0,512,624.08,86.64695857142857,bw,static,static,results,Results,Results_MAMBA21,MAMBA2-BWB-Results,simulator_output_MAMBA2-BWB_bwplacement_bs8_staticreq_statictask,SCRUBBED_TIME+MAMBA2-BWB_BMPD512_10_3_11,False
16,4,7,13,0,0,256,795.2,86.6656682,bw,static,static,results,Results,Results_MAMBA21,MAMBA2-BWB-Results,simulator_output_MAMBA2-BWB_bwplacement_bs16_staticreq_statictask,SCRUBBED_TIME+MAMBA2-BWB_BMPD256_4_7_13,False
16,10,7,7,0,0,640,972.48,86.73006114285715,bw,static,static,results,Results,Results_MAMBA21,MAMBA2-BWB-Results,simulator_output_MAMBA2-BWB_bwplacement_bs16_staticreq_statictask,SCRUBBED_TIME+MAMBA2-BWB_BMPD640_10_7_7,False
8,8,3,13,0,0,384,580.96,86.8089105,bw,static,static,results,Results,Results_MAMBA21,MAMBA2-BWB-Results,simulator_output_MAMBA2-BWB_bwplacement_bs8_staticreq_statictask,SCRUBBED_TIME+MAMBA2-BWB_BMPD384_8_3_13,False
32,6,17,1,0,0,256,166.4,86.84207384615384,bw,static,static,results,Results,Results_MAMBA21,MAMBA2-BWB-Results,simulator_output_MAMBA2-BWB_bwplacement_bs32_staticreq_statictask,SCRUBBED_TIME+MAMBA2-BWB_BMPD256_6_17_1,False
32,11,10,3,0,0,256,582.72,86.90477384615384,bw,static,static,results,Results,Results_MAMBA21,MAMBA2-BWB-Results,simulator_output_MAMBA2-BWB_bwplacement_bs32_staticreq_statictask,SCRUBBED_TIME+MAMBA2-BWB_BMPD256_11_10_3,False
32,8,15,1,0,0,256,209.28,86.92087384615384,bw,static,static,results,Results,Results_MAMBA21,MAMBA2-BWB-Results,simulator_output_MAMBA2-BWB_bwplacement_bs32_staticreq_statictask,SCRUBBED_TIME+MAMBA2-BWB_BMPD256_8_15_1,False
32,13,9,2,0,0,384,463.68,86.94646036363636,bw,static,static,results,Results,Results_MAMBA21,MAMBA2-BWB-Results,simulator_output_MAMBA2-BWB_bwplacement_bs32_staticreq_statictask,SCRUBBED_TIME+MAMBA2-BWB_BMPD384_13_9_2,False
16,15,4,5,0,0,640,574.08,87.00164933333333,bw,static,static,results,Results,Results_MAMBA21,MAMBA2-BWB-Results,simulator_output_MAMBA2-BWB_bwplacement_bs16_staticreq_statictask,SCRUBBED_TIME+MAMBA2-BWB_BMPD640_15_4_5,False
32,2,19,3,0,0,512,276.48,87.33150520000001,bw,static,static,results,Results,Results_MAMBA21,MAMBA2-BWB-Results,simulator_output_MAMBA2-BWB_bwplacement_bs32_staticreq_statictask,SCRUBBED_TIME+MAMBA2-BWB_BMPD512_2_19_3,False
32,11,9,4,0,0,256,759.36,87.35969692307692,bw,static,static,results,Results,Results_MAMBA21,MAMBA2-BWB-Results,simulator_output_MAMBA2-BWB_bwplacement_bs32_staticreq_statictask,SCRUBBED_TIME+MAMBA2-BWB_BMPD256_11_9_4,False
8,2,3,19,0,0,256,372.16,87.4134211111111,bw,static,static,results,Results,Results_MAMBA21,MAMBA2-BWB-Results,simulator_output_MAMBA2-BWB_bwplacement_bs8_staticreq_statictask,SCRUBBED_TIME+MAMBA2-BWB_BMPD256_2_3_19,False
16,15,3,6,0,0,256,395.52,87.46915066666668,bw,static,static,results,Results,Results_MAMBA21,MAMBA2-BWB-Results,simulator_output_MAMBA2-BWB_bwplacement_bs16_staticreq_statictask,SCRUBBED_TIME+MAMBA2-BWB_BMPD256_15_3_6,False
8,11,3,10,0,0,640,522.16,87.55581323076923,bw,static,static,results,Results,Results_MAMBA21,MAMBA2-BWB-Results,simulator_output_MAMBA2-BWB_bwplacement_bs8_staticreq_statictask,SCRUBBED_TIME+MAMBA2-BWB_BMPD640_11_3_10,False
32,8,15,1,0,0,384,296.96,87.567946,bw,static,static,results,Results,Results_MAMBA21,MAMBA2-BWB-Results,simulator_output_MAMBA2-BWB_bwplacement_bs32_staticreq_statictask,SCRUBBED_TIME+MAMBA2-BWB_BMPD384_8_15_1,False
4,12,1,11,0,0,256,141.16,87.609711,bw,static,static,results,Results,Results_MAMBA21,MAMBA2-BWB-Results,simulator_output_MAMBA2-BWB_bwplacement_bs4_staticreq_statictask,SCRUBBED_TIME+MAMBA2-BWB_BMPD256_12_1_11,False
32,12,8,4,0,0,256,601.92,87.65270966666667,bw,static,static,results,Results,Results_MAMBA21,MAMBA2-BWB-Results,simulator_output_MAMBA2-BWB_bwplacement_bs32_staticreq_statictask,SCRUBBED_TIME+MAMBA2-BWB_BMPD256_12_8_4,False
4,6,2,16,0,0,640,393.52,87.69524844444445,bw,static,static,results,Results,Results_MAMBA21,MAMBA2-BWB-Results,simulator_output_MAMBA2-BWB_bwplacement_bs4_staticreq_statictask,SCRUBBED_TIME+MAMBA2-BWB_BMPD640_6_2_16,False
4,3,2,19,0,0,640,262.88,87.6952651111111,bw,static,static,results,Results,Results_MAMBA21,MAMBA2-BWB-Results,simulator_output_MAMBA2-BWB_bwplacement_bs4_staticreq_statictask,SCRUBBED_TIME+MAMBA2-BWB_BMPD640_3_2_19,False
32,11,11,2,0,0,256,479.04,87.7262276923077,bw,static,static,results,Results,Results_MAMBA21,MAMBA2-BWB-Results,simulator_output_MAMBA2-BWB_bwplacement_bs32_staticreq_statictask,SCRUBBED_TIME+MAMBA2-BWB_BMPD256_11_11_2,False
16,10,5,9,0,0,384,924.8,87.79525628571429,bw,static,static,results,Results,Results_MAMBA21,MAMBA2-BWB-Results,simulator_output_MAMBA2-BWB_bwplacement_bs16_staticreq_statictask,SCRUBBED_TIME+MAMBA2-BWB_BMPD384_10_5_9,False
4,4,2,18,0,0,512,319.12,87.80059179999999,bw,static,static,results,Results,Results_MAMBA21,MAMBA2-BWB-Results,simulator_output_MAMBA2-BWB_bwplacement_bs4_staticreq_statictask,SCRUBBED_TIME+MAMBA2-BWB_BMPD512_4_2_18,False
8,12,2,10,0,0,256,269.2,87.99280866666668,bw,static,static,results,Results,Results_MAMBA21,MAMBA2-BWB-Results,simulator_output_MAMBA2-BWB_bwplacement_bs8_staticreq_statictask,SCRUBBED_TIME+MAMBA2-BWB_BMPD256_12_2_10,False
16,6,7,11,0,0,384,1113.92,88.06054555555555,bw,static,static,results,Results,Results_MAMBA21,MAMBA2-BWB-Results,simulator_output_MAMBA2-BWB_bwplacement_bs16_staticreq_statictask,SCRUBBED_TIME+MAMBA2-BWB_BMPD384_6_7_11,False
16,14,4,6,0,0,512,660.96,88.1231592,bw,static,static,results,Results,Results_MAMBA21,MAMBA2-BWB-Results,simulator_output_MAMBA2-BWB_bwplacement_bs16_staticreq_statictask,SCRUBBED_TIME+MAMBA2-BWB_BMPD512_14_4_6,False
32,9,14,1,0,0,256,281.92,88.12485846153847,bw,static,static,results,Results,Results_MAMBA21,MAMBA2-BWB-Results,simulator_output_MAMBA2-BWB_bwplacement_bs32_staticreq_statictask,SCRUBBED_TIME+MAMBA2-BWB_BMPD256_9_14_1,False
32,2,19,3,0,0,256,129.6,88.2159010909091,bw,static,static,results,Results,Results_MAMBA21,MAMBA2-BWB-Results,simulator_output_MAMBA2-BWB_bwplacement_bs32_staticreq_statictask,SCRUBBED_TIME+MAMBA2-BWB_BMPD256_2_19_3,False
16,8,7,9,0,0,512,1156.48,88.2161805,bw,static,static,results,Results,Results_MAMBA21,MAMBA2-BWB-Results,simulator_output_MAMBA2-BWB_bwplacement_bs16_staticreq_statictask,SCRUBBED_TIME+MAMBA2-BWB_BMPD512_8_7_9,False
2,6,1,17,0,0,640,190.06,88.21961777777777,bw,static,static,results,Results,Results_MAMBA21,MAMBA2-BWB-Results,simulator_output_MAMBA2-BWB_bwplacement_bs2_staticreq_statictask,SCRUBBED_TIME+MAMBA2-BWB_BMPD640_6_1_17,False
2,3,1,20,0,0,640,123.8,88.21988444444445,bw,static,static,results,Results,Results_MAMBA21,MAMBA2-BWB-Results,simulator_output_MAMBA2-BWB_bwplacement_bs2_staticreq_statictask,SCRUBBED_TIME+MAMBA2-BWB_BMPD640_3_1_20,False
16,13,5,6,0,0,640,720.48,88.29075890909091,bw,static,static,results,Results,Results_MAMBA21,MAMBA2-BWB-Results,simulator_output_MAMBA2-BWB_bwplacement_bs16_staticreq_statictask,SCRUBBED_TIME+MAMBA2-BWB_BMPD640_13_5_6,False
8,6,3,15,0,0,256,378.64,88.3727711111111,bw,static,static,results,Results,Results_MAMBA21,MAMBA2-BWB-Results,simulator_output_MAMBA2-BWB_bwplacement_bs8_staticreq_statictask,SCRUBBED_TIME+MAMBA2-BWB_BMPD256_6_3_15,False
32,5,17,2,0,0,256,99.2,88.38710461538462,bw,static,static,results,Results,Results_MAMBA21,MAMBA2-BWB-Results,simulator_output_MAMBA2-BWB_bwplacement_bs32_staticreq_statictask,SCRUBBED_TIME+MAMBA2-BWB_BMPD256_5_17_2,False
16,6,6,12,0,0,256,618.08,88.47525466666667,bw,static,static,results,Results,Results_MAMBA21,MAMBA2-BWB-Results,simulator_output_MAMBA2-BWB_bwplacement_bs16_staticreq_statictask,SCRUBBED_TIME+MAMBA2-BWB_BMPD256_6_6_12,False
16,2,6,16,0,0,256,597.12,88.47906022222223,bw,static,static,results,Results,Results_MAMBA21,MAMBA2-BWB-Results,simulator_output_MAMBA2-BWB_bwplacement_bs16_staticreq_statictask,SCRUBBED_TIME+MAMBA2-BWB_BMPD256_2_6_16,False
32,9,11,4,0,0,256,569.28,88.70539828571428,bw,static,static,results,Results,Results_MAMBA21,MAMBA2-BWB-Results,simulator_output_MAMBA2-BWB_bwplacement_bs32_staticreq_statictask,SCRUBBED_TIME+MAMBA2-BWB_BMPD256_9_11_4,False
32,12,11,1,0,0,384,247.04,88.709224,bw,static,static,results,Results,Results_MAMBA21,MAMBA2-BWB-Results,simulator_output_MAMBA2-BWB_bwplacement_bs32_staticreq_statictask,SCRUBBED_TIME+MAMBA2-BWB_BMPD384_12_11_1,False
32,10,11,3,0,0,256,522.88,88.711658,bw,static,static,results,Results,Results_MAMBA21,MAMBA2-BWB-Results,simulator_output_MAMBA2-BWB_bwplacement_bs32_staticreq_statictask,SCRUBBED_TIME+MAMBA2-BWB_BMPD256_10_11_3,False
32,9,14,1,0,0,384,254.4,88.826151,bw,static,static,results,Results,Results_MAMBA21,MAMBA2-BWB-Results,simulator_output_MAMBA2-BWB_bwplacement_bs32_staticreq_statictask,SCRUBBED_TIME+MAMBA2-BWB_BMPD384_9_14_1,False
32,7,14,3,0,0,256,400.64,88.83793466666667,bw,static,static,results,Results,Results_MAMBA21,MAMBA2-BWB-Results,simulator_output_MAMBA2-BWB_bwplacement_bs32_staticreq_statictask,SCRUBBED_TIME+MAMBA2-BWB_BMPD256_7_14_3,False
32,7,13,4,0,0,256,621.12,88.86086472727274,bw,static,static,results,Results,Results_MAMBA21,MAMBA2-BWB-Results,simulator_output_MAMBA2-BWB_bwplacement_bs32_staticreq_statictask,SCRUBBED_TIME+MAMBA2-BWB_BMPD256_7_13_4,False
32,8,14,2,0,0,256,385.92,88.87920966666667,bw,static,static,results,Results,Results_MAMBA21,MAMBA2-BWB-Results,simulator_output_MAMBA2-BWB_bwplacement_bs32_staticreq_statictask,SCRUBBED_TIME+MAMBA2-BWB_BMPD256_8_14_2,False
2,4,1,19,0,0,512,142.6,88.9618612,bw,static,static,results,Results,Results_MAMBA21,MAMBA2-BWB-Results,simulator_output_MAMBA2-BWB_bwplacement_bs2_staticreq_statictask,SCRUBBED_TIME+MAMBA2-BWB_BMPD512_4_1_19,False
32,2,18,4,0,0,384,91.2,88.97303466666668,bw,static,static,results,Results,Results_MAMBA21,MAMBA2-BWB-Results,simulator_output_MAMBA2-BWB_bwplacement_bs32_staticreq_statictask,SCRUBBED_TIME+MAMBA2-BWB_BMPD384_2_18_4,False
8,4,4,16,0,0,512,542.24,88.97882759999999,bw,static,static,results,Results,Results_MAMBA21,MAMBA2-BWB-Results,simulator_output_MAMBA2-BWB_bwplacement_bs8_staticreq_statictask,SCRUBBED_TIME+MAMBA2-BWB_BMPD512_4_4_16,False
16,6,8,10,0,0,640,724.0,89.016256,bw,static,static,results,Results,Results_MAMBA21,MAMBA2-BWB-Results,simulator_output_MAMBA2-BWB_bwplacement_bs16_staticreq_statictask,SCRUBBED_TIME+MAMBA2-BWB_BMPD640_6_8_10,False
4,13,1,10,0,0,384,190.32,89.01734981818181,bw,static,static,results,Results,Results_MAMBA21,MAMBA2-BWB-Results,simulator_output_MAMBA2-BWB_bwplacement_bs4_staticreq_statictask,SCRUBBED_TIME+MAMBA2-BWB_BMPD384_13_1_10,False
32,2,18,4,0,0,512,277.44,89.03214327272727,bw,static,static,results,Results,Results_MAMBA21,MAMBA2-BWB-Results,simulator_output_MAMBA2-BWB_bwplacement_bs32_staticreq_statictask,SCRUBBED_TIME+MAMBA2-BWB_BMPD512_2_18_4,False
16,13,4,7,0,0,384,609.28,89.07436072727273,bw,static,static,results,Results,Results_MAMBA21,MAMBA2-BWB-Results,simulator_output_MAMBA2-BWB_bwplacement_bs16_staticreq_statictask,SCRUBBED_TIME+MAMBA2-BWB_BMPD384_13_4_7,False
16,3,7,14,0,0,256,616.8,89.09506533333332,bw,static,static,results,Results,Results_MAMBA21,MAMBA2-BWB-Results,simulator_output_MAMBA2-BWB_bwplacement_bs16_staticreq_statictask,SCRUBBED_TIME+MAMBA2-BWB_BMPD256_3_7_14,False
16,3,8,13,0,0,640,555.84,89.10625044444444,bw,static,static,results,Results,Results_MAMBA21,MAMBA2-BWB-Results,simulator_output_MAMBA2-BWB_bwplacement_bs16_staticreq_statictask,SCRUBBED_TIME+MAMBA2-BWB_BMPD640_3_8_13,False
32,2,20,2,0,0,512,127.04,89.16303377777777,bw,static,static,results,Results,Results_MAMBA21,MAMBA2-BWB-Results,simulator_output_MAMBA2-BWB_bwplacement_bs32_staticreq_statictask,SCRUBBED_TIME+MAMBA2-BWB_BMPD512_2_20_2,False
8,6,4,14,0,0,640,627.52,89.2295108888889,bw,static,static,results,Results,Results_MAMBA21,MAMBA2-BWB-Results,simulator_output_MAMBA2-BWB_bwplacement_bs8_staticreq_statictask,SCRUBBED_TIME+MAMBA2-BWB_BMPD640_6_4_14,False
8,3,4,17,0,0,640,459.2,89.23276088888889,bw,static,static,results,Results,Results_MAMBA21,MAMBA2-BWB-Results,simulator_output_MAMBA2-BWB_bwplacement_bs8_staticreq_statictask,SCRUBBED_TIME+MAMBA2-BWB_BMPD640_3_4_17,False
32,10,12,2,0,0,256,384.64,89.46898290909091,bw,static,static,results,Results,Results_MAMBA21,MAMBA2-BWB-Results,simulator_output_MAMBA2-BWB_bwplacement_bs32_staticreq_statictask,SCRUBBED_TIME+MAMBA2-BWB_BMPD256_10_12_2,False
32,2,21,1,0,0,384,50.56,89.73238763636364,bw,static,static,results,Results,Results_MAMBA21,MAMBA2-BWB-Results,simulator_output_MAMBA2-BWB_bwplacement_bs32_staticreq_statictask,SCRUBBED_TIME+MAMBA2-BWB_BMPD384_2_21_1,False
32,10,13,1,0,0,384,256.32,89.738346,bw,static,static,results,Results,Results_MAMBA21,MAMBA2-BWB-Results,simulator_output_MAMBA2-BWB_bwplacement_bs32_staticreq_statictask,SCRUBBED_TIME+MAMBA2-BWB_BMPD384_10_13_1,False
32,6,13,5,0,0,256,432.32,89.829811,bw,static,static,results,Results,Results_MAMBA21,MAMBA2-BWB-Results,simulator_output_MAMBA2-BWB_bwplacement_bs32_staticreq_statictask,SCRUBBED_TIME+MAMBA2-BWB_BMPD256_6_13_5,False
32,16,6,2,0,0,256,283.52,89.834436,bw,static,static,results,Results,Results_MAMBA21,MAMBA2-BWB-Results,simulator_output_MAMBA2-BWB_bwplacement_bs32_staticreq_statictask,SCRUBBED_TIME+MAMBA2-BWB_BMPD256_16_6_2,False
16,7,6,11,0,0,384,993.76,89.834664,bw,static,static,results,Results,Results_MAMBA21,MAMBA2-BWB-Results,simulator_output_MAMBA2-BWB_bwplacement_bs16_staticreq_statictask,SCRUBBED_TIME+MAMBA2-BWB_BMPD384_7_6_11,False
32,2,21,1,0,0,256,4.16,89.88569377777777,bw,static,static,results,Results,Results_MAMBA21,MAMBA2-BWB-Results,simulator_output_MAMBA2-BWB_bwplacement_bs32_staticreq_statictask,SCRUBBED_TIME+MAMBA2-BWB_BMPD256_2_21_1,False
32,2,16,6,0,0,512,211.52,89.91352520000001,bw,static,static,results,Results,Results_MAMBA21,MAMBA2-BWB-Results,simulator_output_MAMBA2-BWB_bwplacement_bs32_staticreq_statictask,SCRUBBED_TIME+MAMBA2-BWB_BMPD512_2_16_6,False
32,12,10,2,0,0,384,380.48,90.02686036363636,bw,static,static,results,Results,Results_MAMBA21,MAMBA2-BWB-Results,simulator_output_MAMBA2-BWB_bwplacement_bs32_staticreq_statictask,SCRUBBED_TIME+MAMBA2-BWB_BMPD384_12_10_2,False
32,2,21,1,0,0,512,63.36,90.099633,bw,static,static,results,Results,Results_MAMBA21,MAMBA2-BWB-Results,simulator_output_MAMBA2-BWB_bwplacement_bs32_staticreq_statictask,SCRUBBED_TIME+MAMBA2-BWB_BMPD512_2_21_1,False
32,6,14,4,0,0,256,312.0,90.1015128,bw,static,static,results,Results,Results_MAMBA21,MAMBA2-BWB-Results,simulator_output_MAMBA2-BWB_bwplacement_bs32_staticreq_statictask,SCRUBBED_TIME+MAMBA2-BWB_BMPD256_6_14_4,False
16,4,9,11,0,0,640,476.48,90.167412,bw,static,static,results,Results,Results_MAMBA21,MAMBA2-BWB-Results,simulator_output_MAMBA2-BWB_bwplacement_bs16_staticreq_statictask,SCRUBBED_TIME+MAMBA2-BWB_BMPD640_4_9_11,False
32,8,14,2,0,0,384,344.64,90.195898,bw,static,static,results,Results,Results_MAMBA21,MAMBA2-BWB-Results,simulator_output_MAMBA2-BWB_bwplacement_bs32_staticreq_statictask,SCRUBBED_TIME+MAMBA2-BWB_BMPD384_8_14_2,False
16,11,5,8,0,0,512,867.36,90.21141692307692,bw,static,static,results,Results,Results_MAMBA21,MAMBA2-BWB-Results,simulator_output_MAMBA2-BWB_bwplacement_bs16_staticreq_statictask,SCRUBBED_TIME+MAMBA2-BWB_BMPD512_11_5_8,False
16,5,7,12,0,0,384,832.48,90.3047265,bw,static,static,results,Results,Results_MAMBA21,MAMBA2-BWB-Results,simulator_output_MAMBA2-BWB_bwplacement_bs16_staticreq_statictask,SCRUBBED_TIME+MAMBA2-BWB_BMPD384_5_7_12,False
32,6,11,7,0,0,256,179.84,90.332122,bw,static,static,results,Results,Results_MAMBA21,MAMBA2-BWB-Results,simulator_output_MAMBA2-BWB_bwplacement_bs32_staticreq_statictask,SCRUBBED_TIME+MAMBA2-BWB_BMPD256_6_11_7,False
32,6,16,2,0,0,256,86.08,90.37443866666668,bw,static,static,results,Results,Results_MAMBA21,MAMBA2-BWB-Results,simulator_output_MAMBA2-BWB_bwplacement_bs32_staticreq_statictask,SCRUBBED_TIME+MAMBA2-BWB_BMPD256_6_16_2,False
8,13,2,9,0,0,384,318.48,90.4030130909091,bw,static,static,results,Results,Results_MAMBA21,MAMBA2-BWB-Results,simulator_output_MAMBA2-BWB_bwplacement_bs8_staticreq_statictask,SCRUBBED_TIME+MAMBA2-BWB_BMPD384_13_2_9,False
32,4,17,3,0,0,256,16.64,90.46441927272728,bw,static,static,results,Results,Results_MAMBA21,MAMBA2-BWB-Results,simulator_output_MAMBA2-BWB_bwplacement_bs32_staticreq_statictask,SCRUBBED_TIME+MAMBA2-BWB_BMPD256_4_17_3,False
4,15,1,8,0,0,640,184.6,90.46727422222224,bw,static,static,results,Results,Results_MAMBA21,MAMBA2-BWB-Results,simulator_output_MAMBA2-BWB_bwplacement_bs4_staticreq_statictask,SCRUBBED_TIME+MAMBA2-BWB_BMPD640_15_1_8,False
32,15,7,2,0,0,256,296.96,90.485986,bw,static,static,results,Results,Results_MAMBA21,MAMBA2-BWB-Results,simulator_output_MAMBA2-BWB_bwplacement_bs32_staticreq_statictask,SCRUBBED_TIME+MAMBA2-BWB_BMPD256_15_7_2,False
32,2,18,4,0,0,256,6.72,90.535228,bw,static,static,results,Results,Results_MAMBA21,MAMBA2-BWB-Results,simulator_output_MAMBA2-BWB_bwplacement_bs32_staticreq_statictask,SCRUBBED_TIME+MAMBA2-BWB_BMPD256_2_18_4,False
32,9,12,3,0,0,256,409.92,90.5634485,bw,static,static,results,Results,Results_MAMBA21,MAMBA2-BWB-Results,simulator_output_MAMBA2-BWB_bwplacement_bs32_staticreq_statictask,SCRUBBED_TIME+MAMBA2-BWB_BMPD256_9_12_3,False
32,7,16,1,0,0,384,112.0,90.70597933333332,bw,static,static,results,Results,Results_MAMBA21,MAMBA2-BWB-Results,simulator_output_MAMBA2-BWB_bwplacement_bs32_staticreq_statictask,SCRUBBED_TIME+MAMBA2-BWB_BMPD384_7_16_1,False
32,10,10,4,0,0,256,520.0,90.7145235,bw,static,static,results,Results,Results_MAMBA21,MAMBA2-BWB-Results,simulator_output_MAMBA2-BWB_bwplacement_bs32_staticreq_statictask,SCRUBBED_TIME+MAMBA2-BWB_BMPD256_10_10_4,False
32,5,18,1,0,0,256,39.36,90.74815846153848,bw,static,static,results,Results,Results_MAMBA21,MAMBA2-BWB-Results,simulator_output_MAMBA2-BWB_bwplacement_bs32_staticreq_statictask,SCRUBBED_TIME+MAMBA2-BWB_BMPD256_5_18_1,False
4,14,1,9,0,0,512,175.76,90.7494284,bw,static,static,results,Results,Results_MAMBA21,MAMBA2-BWB-Results,simulator_output_MAMBA2-BWB_bwplacement_bs4_staticreq_statictask,SCRUBBED_TIME+MAMBA2-BWB_BMPD512_14_1_9,False
16,6,6,12,0,0,384,686.88,90.798988,bw,static,static,results,Results,Results_MAMBA21,MAMBA2-BWB-Results,simulator_output_MAMBA2-BWB_bwplacement_bs16_staticreq_statictask,SCRUBBED_TIME+MAMBA2-BWB_BMPD384_6_6_12,False
32,11,12,1,0,0,384,225.6,90.855036,bw,static,static,results,Results,Results_MAMBA21,MAMBA2-BWB-Results,simulator_output_MAMBA2-BWB_bwplacement_bs32_staticreq_statictask,SCRUBBED_TIME+MAMBA2-BWB_BMPD384_11_12_1,False
32,2,17,5,0,0,512,178.24,90.85796711111112,bw,static,static,results,Results,Results_MAMBA21,MAMBA2-BWB-Results,simulator_output_MAMBA2-BWB_bwplacement_bs32_staticreq_statictask,SCRUBBED_TIME+MAMBA2-BWB_BMPD512_2_17_5,False
32,10,9,5,0,0,256,463.36,90.9289735,bw,static,static,results,Results,Results_MAMBA21,MAMBA2-BWB-Results,simulator_output_MAMBA2-BWB_bwplacement_bs32_staticreq_statictask,SCRUBBED_TIME+MAMBA2-BWB_BMPD256_10_9_5,False
32,7,15,2,0,0,384,320.0,90.934679,bw,static,static,results,Results,Results_MAMBA21,MAMBA2-BWB-Results,simulator_output_MAMBA2-BWB_bwplacement_bs32_staticreq_statictask,SCRUBBED_TIME+MAMBA2-BWB_BMPD384_7_15_2,False
32,4,18,2,0,0,384,12.8,91.053501,bw,static,static,results,Results,Results_MAMBA21,MAMBA2-BWB-Results,simulator_output_MAMBA2-BWB_bwplacement_bs32_staticreq_statictask,SCRUBBED_TIME+MAMBA2-BWB_BMPD384_4_18_2,False
32,4,18,2,0,0,256,3.2,91.05655333333333,bw,static,static,results,Results,Results_MAMBA21,MAMBA2-BWB-Results,simulator_output_MAMBA2-BWB_bwplacement_bs32_staticreq_statictask,SCRUBBED_TIME+MAMBA2-BWB_BMPD256_4_18_2,False
32,9,13,2,0,0,384,356.8,91.12685085714286,bw,static,static,results,Results,Results_MAMBA21,MAMBA2-BWB-Results,simulator_output_MAMBA2-BWB_bwplacement_bs32_staticreq_statictask,SCRUBBED_TIME+MAMBA2-BWB_BMPD384_9_13_2,False
16,9,6,9,0,0,512,839.36,91.1372088,bw,static,static,results,Results,Results_MAMBA21,MAMBA2-BWB-Results,simulator_output_MAMBA2-BWB_bwplacement_bs16_staticreq_statictask,SCRUBBED_TIME+MAMBA2-BWB_BMPD512_9_6_9,False
16,9,7,8,0,0,640,797.44,91.226991,bw,static,static,results,Results,Results_MAMBA21,MAMBA2-BWB-Results,simulator_output_MAMBA2-BWB_bwplacement_bs16_staticreq_statictask,SCRUBBED_TIME+MAMBA2-BWB_BMPD640_9_7_8,False
32,7,15,2,0,0,256,205.44,91.2786735,bw,static,static,results,Results,Results_MAMBA21,MAMBA2-BWB-Results,simulator_output_MAMBA2-BWB_bwplacement_bs32_staticreq_statictask,SCRUBBED_TIME+MAMBA2-BWB_BMPD256_7_15_2,False
32,2,17,5,0,0,384,2.24,91.36572228571428,bw,static,static,results,Results,Results_MAMBA21,MAMBA2-BWB-Results,simulator_output_MAMBA2-BWB_bwplacement_bs32_staticreq_statictask,SCRUBBED_TIME+MAMBA2-BWB_BMPD384_2_17_5,False
32,6,15,3,0,0,384,420.48,91.38803133333332,bw,static,static,results,Results,Results_MAMBA21,MAMBA2-BWB-Results,simulator_output_MAMBA2-BWB_bwplacement_bs32_staticreq_statictask,SCRUBBED_TIME+MAMBA2-BWB_BMPD384_6_15_3,False
32,8,13,3,0,0,384,332.48,91.4492192,bw,static,static,results,Results,Results_MAMBA21,MAMBA2-BWB-Results,simulator_output_MAMBA2-BWB_bwplacement_bs32_staticreq_statictask,SCRUBBED_TIME+MAMBA2-BWB_BMPD384_8_13_3,False
32,11,11,2,0,0,384,354.24,91.45580133333333,bw,static,static,results,Results,Results_MAMBA21,MAMBA2-BWB-Results,simulator_output_MAMBA2-BWB_bwplacement_bs32_staticreq_statictask,SCRUBBED_TIME+MAMBA2-BWB_BMPD384_11_11_2,False
32,14,8,2,0,0,512,253.76,91.5055852,bw,static,static,results,Results,Results_MAMBA21,MAMBA2-BWB-Results,simulator_output_MAMBA2-BWB_bwplacement_bs32_staticreq_statictask,SCRUBBED_TIME+MAMBA2-BWB_BMPD512_14_8_2,False
32,2,17,5,0,0,256,41.92,91.5971829090909,bw,static,static,results,Results,Results_MAMBA21,MAMBA2-BWB-Results,simulator_output_MAMBA2-BWB_bwplacement_bs32_staticreq_statictask,SCRUBBED_TIME+MAMBA2-BWB_BMPD256_2_17_5,False
32,12,9,3,0,0,384,456.64,91.59927854545457,bw,static,static,results,Results,Results_MAMBA21,MAMBA2-BWB-Results,simulator_output_MAMBA2-BWB_bwplacement_bs32_staticreq_statictask,SCRUBBED_TIME+MAMBA2-BWB_BMPD384_12_9_3,False
32,13,8,3,0,0,384,408.32,91.60815127272728,bw,static,static,results,Results,Results_MAMBA21,MAMBA2-BWB-Results,simulator_output_MAMBA2-BWB_bwplacement_bs32_staticreq_statictask,SCRUBBED_TIME+MAMBA2-BWB_BMPD384_13_8_3,False
32,7,14,3,0,0,512,96.96,91.618924,bw,static,static,results,Results,Results_MAMBA21,MAMBA2-BWB-Results,simulator_output_MAMBA2-BWB_bwplacement_bs32_staticreq_statictask,SCRUBBED_TIME+MAMBA2-BWB_BMPD512_7_14_3,False
32,2,13,9,0,0,256,1.28,91.619368,bw,static,static,results,Results,Results_MAMBA21,MAMBA2-BWB-Results,simulator_output_MAMBA2-BWB_bwplacement_bs32_staticreq_statictask,SCRUBBED_TIME+MAMBA2-BWB_BMPD256_2_13_9,False
16,11,6,7,0,0,640,612.16,91.63595753846154,bw,static,static,results,Results,Results_MAMBA21,MAMBA2-BWB-Results,simulator_output_MAMBA2-BWB_bwplacement_bs16_staticreq_statictask,SCRUBBED_TIME+MAMBA2-BWB_BMPD640_11_6_7,False
32,3,14,7,0,0,256,99.52,91.705614,bw,static,static,results,Results,Results_MAMBA21,MAMBA2-BWB-Results,simulator_output_MAMBA2-BWB_bwplacement_bs32_staticreq_statictask,SCRUBBED_TIME+MAMBA2-BWB_BMPD256_3_14_7,False
16,4,7,13,0,0,384,498.24,91.7148172,bw,static,static,results,Results,Results_MAMBA21,MAMBA2-BWB-Results,simulator_output_MAMBA2-BWB_bwplacement_bs16_staticreq_statictask,SCRUBBED_TIME+MAMBA2-BWB_BMPD384_4_7_13,False
16,11,4,9,0,0,256,367.36,91.73451446153848,bw,static,static,results,Results,Results_MAMBA21,MAMBA2-BWB-Results,simulator_output_MAMBA2-BWB_bwplacement_bs16_staticreq_statictask,SCRUBBED_TIME+MAMBA2-BWB_BMPD256_11_4_9,False
32,9,13,2,0,0,512,97.92,91.745324,bw,static,static,results,Results,Results_MAMBA21,MAMBA2-BWB-Results,simulator_output_MAMBA2-BWB_bwplacement_bs32_staticreq_statictask,SCRUBBED_TIME+MAMBA2-BWB_BMPD512_9_13_2,False
8,5,3,16,0,0,256,307.84,91.76959094736844,bw,static,static,results,Results,Results_MAMBA21,MAMBA2-BWB-Results,simulator_output_MAMBA2-BWB_bwplacement_bs8_staticreq_statictask,SCRUBBED_TIME+MAMBA2-BWB_BMPD256_5_3_16,False
32,2,15,7,0,0,512,132.16,91.783483,bw,static,static,results,Results,Results_MAMBA21,MAMBA2-BWB-Results,simulator_output_MAMBA2-BWB_bwplacement_bs32_staticreq_statictask,SCRUBBED_TIME+MAMBA2-BWB_BMPD512_2_15_7,False
32,10,11,3,0,0,384,370.24,91.7924992,bw,static,static,results,Results,Results_MAMBA21,MAMBA2-BWB-Results,simulator_output_MAMBA2-BWB_bwplacement_bs32_staticreq_statictask,SCRUBBED_TIME+MAMBA2-BWB_BMPD384_10_11_3,False
16,8,5,11,0,0,256,395.84,91.810564,bw,static,static,results,Results,Results_MAMBA21,MAMBA2-BWB-Results,simulator_output_MAMBA2-BWB_bwplacement_bs16_staticreq_statictask,SCRUBBED_TIME+MAMBA2-BWB_BMPD256_8_5_11,False
32,8,12,4,0,0,256,421.12,91.813484,bw,static,static,results,Results,Results_MAMBA21,MAMBA2-BWB-Results,simulator_output_MAMBA2-BWB_bwplacement_bs32_staticreq_statictask,SCRUBBED_TIME+MAMBA2-BWB_BMPD256_8_12_4,False
32,8,11,5,0,0,256,391.04,91.81843533333333,bw,static,static,results,Results,Results_MAMBA21,MAMBA2-BWB-Results,simulator_output_MAMBA2-BWB_bwplacement_bs32_staticreq_statictask,SCRUBBED_TIME+MAMBA2-BWB_BMPD256_8_11_5,False
16,3,7,14,0,0,384,262.08,91.8505895,bw,static,static,results,Results,Results_MAMBA21,MAMBA2-BWB-Results,simulator_output_MAMBA2-BWB_bwplacement_bs16_staticreq_statictask,SCRUBBED_TIME+MAMBA2-BWB_BMPD384_3_7_14,False
32,3,19,2,0,0,256,2.24,91.906256,bw,static,static,results,Results,Results_MAMBA21,MAMBA2-BWB-Results,simulator_output_MAMBA2-BWB_bwplacement_bs32_staticreq_statictask,SCRUBBED_TIME+MAMBA2-BWB_BMPD256_3_19_2,False
32,2,11,11,0,0,256,11.52,91.948014,bw,static,static,results,Results,Results_MAMBA21,MAMBA2-BWB-Results,simulator_output_MAMBA2-BWB_bwplacement_bs32_staticreq_statictask,SCRUBBED_TIME+MAMBA2-BWB_BMPD256_2_11_11,False
32,14,9,1,0,0,512,159.36,92.097033,bw,static,static,results,Results,Results_MAMBA21,MAMBA2-BWB-Results,simulator_output_MAMBA2-BWB_bwplacement_bs32_staticreq_statictask,SCRUBBED_TIME+MAMBA2-BWB_BMPD512_14_9_1,False
8,7,3,14,0,0,384,373.68,92.09784705882352,bw,static,static,results,Results,Results_MAMBA21,MAMBA2-BWB-Results,simulator_output_MAMBA2-BWB_bwplacement_bs8_staticreq_statictask,SCRUBBED_TIME+MAMBA2-BWB_BMPD384_7_3_14,False
32,2,16,6,0,0,256,0.64,92.117044,bw,static,static,results,Results,Results_MAMBA21,MAMBA2-BWB-Results,simulator_output_MAMBA2-BWB_bwplacement_bs32_staticreq_statictask,SCRUBBED_TIME+MAMBA2-BWB_BMPD256_2_16_6,False
16,7,7,10,0,0,512,711.52,92.15350923076925,bw,static,static,results,Results,Results_MAMBA21,MAMBA2-BWB-Results,simulator_output_MAMBA2-BWB_bwplacement_bs16_staticreq_statictask,SCRUBBED_TIME+MAMBA2-BWB_BMPD512_7_7_10,False
16,8,7,9,0,0,640,433.6,92.20855933333333,bw,static,static,results,Results,Results_MAMBA21,MAMBA2-BWB-Results,simulator_output_MAMBA2-BWB_bwplacement_bs16_staticreq_statictask,SCRUBBED_TIME+MAMBA2-BWB_BMPD640_8_7_9,False
32,10,12,2,0,0,384,264.0,92.2233592,bw,static,static,results,Results,Results_MAMBA21,MAMBA2-BWB-Results,simulator_output_MAMBA2-BWB_bwplacement_bs32_staticreq_statictask,SCRUBBED_TIME+MAMBA2-BWB_BMPD384_10_12_2,False
16,5,6,13,0,0,256,467.84,92.2384011764706,bw,static,static,results,Results,Results_MAMBA21,MAMBA2-BWB-Results,simulator_output_MAMBA2-BWB_bwplacement_bs16_staticreq_statictask,SCRUBBED_TIME+MAMBA2-BWB_BMPD256_5_6_13,False
8,9,3,12,0,0,512,367.76,92.306376,bw,static,static,results,Results,Results_MAMBA21,MAMBA2-BWB-Results,simulator_output_MAMBA2-BWB_bwplacement_bs8_staticreq_statictask,SCRUBBED_TIME+MAMBA2-BWB_BMPD512_9_3_12,False
32,3,16,5,0,0,256,27.2,92.326593,bw,static,static,results,Results,Results_MAMBA21,MAMBA2-BWB-Results,simulator_output_MAMBA2-BWB_bwplacement_bs32_staticreq_statictask,SCRUBBED_TIME+MAMBA2-BWB_BMPD256_3_16_5,False
4,5,2,17,0,0,640,232.36,92.34084189473684,bw,static,static,results,Results,Results_MAMBA21,MAMBA2-BWB-Results,simulator_output_MAMBA2-BWB_bwplacement_bs4_staticreq_statictask,SCRUBBED_TIME+MAMBA2-BWB_BMPD640_5_2_17,False
32,6,15,3,0,0,256,232.96,92.35050171428573,bw,static,static,results,Results,Results_MAMBA21,MAMBA2-BWB-Results,simulator_output_MAMBA2-BWB_bwplacement_bs32_staticreq_statictask,SCRUBBED_TIME+MAMBA2-BWB_BMPD256_6_15_3,False
32,2,20,2,0,0,256,1.28,92.398001,bw,static,static,results,Results,Results_MAMBA21,MAMBA2-BWB-Results,simulator_output_MAMBA2-BWB_bwplacement_bs32_staticreq_statictask,SCRUBBED_TIME+MAMBA2-BWB_BMPD256_2_20_2,False
16,5,6,13,0,0,384,374.24,92.505422,bw,static,static,results,Results,Results_MAMBA21,MAMBA2-BWB-Results,simulator_output_MAMBA2-BWB_bwplacement_bs16_staticreq_statictask,SCRUBBED_TIME+MAMBA2-BWB_BMPD384_5_6_13,False
32,8,13,3,0,0,512,87.68,92.585724,bw,static,static,results,Results,Results_MAMBA21,MAMBA2-BWB-Results,simulator_output_MAMBA2-BWB_bwplacement_bs32_staticreq_statictask,SCRUBBED_TIME+MAMBA2-BWB_BMPD512_8_13_3,False
32,4,16,4,0,0,256,6.4,92.623044,bw,static,static,results,Results,Results_MAMBA21,MAMBA2-BWB-Results,simulator_output_MAMBA2-BWB_bwplacement_bs32_staticreq_statictask,SCRUBBED_TIME+MAMBA2-BWB_BMPD256_4_16_4,False
32,7,16,1,0,0,512,12.48,92.657108,bw,static,static,results,Results,Results_MAMBA21,MAMBA2-BWB-Results,simulator_output_MAMBA2-BWB_bwplacement_bs32_staticreq_statictask,SCRUBBED_TIME+MAMBA2-BWB_BMPD512_7_16_1,False
32,12,11,1,0,0,512,107.84,92.659558,bw,static,static,results,Results,Results_MAMBA21,MAMBA2-BWB-Results,simulator_output_MAMBA2-BWB_bwplacement_bs32_staticreq_statictask,SCRUBBED_TIME+MAMBA2-BWB_BMPD512_12_11_1,False
32,9,10,5,0,0,256,331.84,92.683002,bw,static,static,results,Results,Results_MAMBA21,MAMBA2-BWB-Results,simulator_output_MAMBA2-BWB_bwplacement_bs32_staticreq_statictask,SCRUBBED_TIME+MAMBA2-BWB_BMPD256_9_10_5,False
32,2,10,12,0,0,512,4.48,92.723208,bw,static,static,results,Results,Results_MAMBA21,MAMBA2-BWB-Results,simulator_output_MAMBA2-BWB_bwplacement_bs32_staticreq_statictask,SCRUBBED_TIME+MAMBA2-BWB_BMPD512_2_10_12,False
16,5,8,11,0,0,640,388.16,92.732906,bw,static,static,results,Results,Results_MAMBA21,MAMBA2-BWB-Results,simulator_output_MAMBA2-BWB_bwplacement_bs16_staticreq_statictask,SCRUBBED_TIME+MAMBA2-BWB_BMPD640_5_8_11,False
16,6,7,11,0,0,512,467.52,92.743396,bw,static,static,results,Results,Results_MAMBA21,MAMBA2-BWB-Results,simulator_output_MAMBA2-BWB_bwplacement_bs16_staticreq_statictask,SCRUBBED_TIME+MAMBA2-BWB_BMPD512_6_7_11,False
16,3,7,14,0,0,512,288.16,92.75633885714284,bw,static,static,results,Results,Results_MAMBA21,MAMBA2-BWB-Results,simulator_output_MAMBA2-BWB_bwplacement_bs16_staticreq_statictask,SCRUBBED_TIME+MAMBA2-BWB_BMPD512_3_7_14,False
32,6,16,2,0,0,384,37.44,92.7587885,bw,static,static,results,Results,Results_MAMBA21,MAMBA2-BWB-Results,simulator_output_MAMBA2-BWB_bwplacement_bs32_staticreq_statictask,SCRUBBED_TIME+MAMBA2-BWB_BMPD384_6_16_2,False
32,4,12,8,0,0,256,58.56,92.8375,bw,static,static,results,Results,Results_MAMBA21,MAMBA2-BWB-Results,simulator_output_MAMBA2-BWB_bwplacement_bs32_staticreq_statictask,SCRUBBED_TIME+MAMBA2-BWB_BMPD256_4_12_8,False
2,5,1,18,0,0,640,107.84,92.94734484210528,bw,static,static,results,Results,Results_MAMBA21,MAMBA2-BWB-Results,simulator_output_MAMBA2-BWB_bwplacement_bs2_staticreq_statictask,SCRUBBED_TIME+MAMBA2-BWB_BMPD640_5_1_18,False
32,2,21,1,0,0,640,30.08,92.9573256,bw,static,static,results,Results,Results_MAMBA21,MAMBA2-BWB-Results,simulator_output_MAMBA2-BWB_bwplacement_bs32_staticreq_statictask,SCRUBBED_TIME+MAMBA2-BWB_BMPD640_2_21_1,False
32,2,14,8,0,0,512,161.92,92.990008,bw,static,static,results,Results,Results_MAMBA21,MAMBA2-BWB-Results,simulator_output_MAMBA2-BWB_bwplacement_bs32_staticreq_statictask,SCRUBBED_TIME+MAMBA2-BWB_BMPD512_2_14_8,False
32,2,19,3,0,0,384,1.92,92.99978133333332,bw,static,static,results,Results,Results_MAMBA21,MAMBA2-BWB-Results,simulator_output_MAMBA2-BWB_bwplacement_bs32_staticreq_statictask,SCRUBBED_TIME+MAMBA2-BWB_BMPD384_2_19_3,False
32,2,20,2,0,0,384,1.6,93.0426392,bw,static,static,results,Results,Results_MAMBA21,MAMBA2-BWB-Results,simulator_output_MAMBA2-BWB_bwplacement_bs32_staticreq_statictask,SCRUBBED_TIME+MAMBA2-BWB_BMPD384_2_20_2,False
32,13,10,1,0,0,512,157.44,93.08627466666668,bw,static,static,results,Results,Results_MAMBA21,MAMBA2-BWB-Results,simulator_output_MAMBA2-BWB_bwplacement_bs32_staticreq_statictask,SCRUBBED_TIME+MAMBA2-BWB_BMPD512_13_10_1,False
32,16,7,1,0,0,384,140.16,93.1279792,bw,static,static,results,Results,Results_MAMBA21,MAMBA2-BWB-Results,simulator_output_MAMBA2-BWB_bwplacement_bs32_staticreq_statictask,SCRUBBED_TIME+MAMBA2-BWB_BMPD384_16_7_1,False
32,2,13,9,0,0,512,62.08,93.1656936,bw,static,static,results,Results,Results_MAMBA21,MAMBA2-BWB-Results,simulator_output_MAMBA2-BWB_bwplacement_bs32_staticreq_statictask,SCRUBBED_TIME+MAMBA2-BWB_BMPD512_2_13_9,False
32,11,8,5,0,0,256,371.2,93.17192836363635,bw,static,static,results,Results,Results_MAMBA21,MAMBA2-BWB-Results,simulator_output_MAMBA2-BWB_bwplacement_bs32_staticreq_statictask,SCRUBBED_TIME+MAMBA2-BWB_BMPD256_11_8_5,False
32,10,13,1,0,0,512,148.48,93.247758,bw,static,static,results,Results,Results_MAMBA21,MAMBA2-BWB-Results,simulator_output_MAMBA2-BWB_bwplacement_bs32_staticreq_statictask,SCRUBBED_TIME+MAMBA2-BWB_BMPD512_10_13_1,False
32,9,14,1,0,0,512,140.48,93.250683,bw,static,static,results,Results,Results_MAMBA21,MAMBA2-BWB-Results,simulator_output_MAMBA2-BWB_bwplacement_bs32_staticreq_statictask,SCRUBBED_TIME+MAMBA2-BWB_BMPD512_9_14_1,False
32,7,12,5,0,0,256,161.28,93.34252266666668,bw,static,static,results,Results,Results_MAMBA21,MAMBA2-BWB-Results,simulator_output_MAMBA2-BWB_bwplacement_bs32_staticreq_statictask,SCRUBBED_TIME+MAMBA2-BWB_BMPD256_7_12_5,False
32,5,16,3,0,0,256,2.88,93.343593,bw,static,static,results,Results,Results_MAMBA21,MAMBA2-BWB-Results,simulator_output_MAMBA2-BWB_bwplacement_bs32_staticreq_statictask,SCRUBBED_TIME+MAMBA2-BWB_BMPD256_5_16_3,False
32,8,10,6,0,0,256,248.64,93.356368,bw,static,static,results,Results,Results_MAMBA21,MAMBA2-BWB-Results,simulator_output_MAMBA2-BWB_bwplacement_bs32_staticreq_statictask,SCRUBBED_TIME+MAMBA2-BWB_BMPD256_8_10_6,False
32,5,18,1,0,0,384,39.04,93.3672784,bw,static,static,results,Results,Results_MAMBA21,MAMBA2-BWB-Results,simulator_output_MAMBA2-BWB_bwplacement_bs32_staticreq_statictask,SCRUBBED_TIME+MAMBA2-BWB_BMPD384_5_18_1,False
32,5,13,6,0,0,256,72.32,93.3725288,bw,static,static,results,Results,Results_MAMBA21,MAMBA2-BWB-Results,simulator_output_MAMBA2-BWB_bwplacement_bs32_staticreq_statictask,SCRUBBED_TIME+MAMBA2-BWB_BMPD256_5_13_6,False
8,14,2,8,0,0,512,247.12,93.3917168,bw,static,static,results,Results,Results_MAMBA21,MAMBA2-BWB-Results,simulator_output_MAMBA2-BWB_bwplacement_bs8_staticreq_statictask,SCRUBBED_TIME+MAMBA2-BWB_BMPD512_14_2_8,False
32,5,14,5,0,0,384,23.04,93.393248,bw,static,static,results,Results,Results_MAMBA21,MAMBA2-BWB-Results,simulator_output_MAMBA2-BWB_bwplacement_bs32_staticreq_statictask,SCRUBBED_TIME+MAMBA2-BWB_BMPD384_5_14_5,False
32,11,10,3,0,0,384,314.56,93.48275085714285,bw,static,static,results,Results,Results_MAMBA21,MAMBA2-BWB-Results,simulator_output_MAMBA2-BWB_bwplacement_bs32_staticreq_statictask,SCRUBBED_TIME+MAMBA2-BWB_BMPD384_11_10_3,False
16,7,5,12,0,0,256,263.04,93.51085066666668,bw,static,static,results,Results,Results_MAMBA21,MAMBA2-BWB-Results,simulator_output_MAMBA2-BWB_bwplacement_bs16_staticreq_statictask,SCRUBBED_TIME+MAMBA2-BWB_BMPD256_7_5_12,False
8,15,2,7,0,0,640,193.28,93.52907822222222,bw,static,static,results,Results,Results_MAMBA21,MAMBA2-BWB-Results,simulator_output_MAMBA2-BWB_bwplacement_bs8_staticreq_statictask,SCRUBBED_TIME+MAMBA2-BWB_BMPD640_15_2_7,False
16,4,6,14,0,0,256,261.44,93.5734516,bw,static,static,results,Results,Results_MAMBA21,MAMBA2-BWB-Results,simulator_output_MAMBA2-BWB_bwplacement_bs16_staticreq_statictask,SCRUBBED_TIME+MAMBA2-BWB_BMPD256_4_6_14,False
16,9,5,10,0,0,384,486.24,93.60638766666668,bw,static,static,results,Results,Results_MAMBA21,MAMBA2-BWB-Results,simulator_output_MAMBA2-BWB_bwplacement_bs16_staticreq_statictask,SCRUBBED_TIME+MAMBA2-BWB_BMPD384_9_5_10,False
16,2,5,17,0,0,384,331.04,93.61383766666668,bw,static,static,results,Results,Results_MAMBA21,MAMBA2-BWB-Results,simulator_output_MAMBA2-BWB_bwplacement_bs16_staticreq_statictask,SCRUBBED_TIME+MAMBA2-BWB_BMPD384_2_5_17,False
32,8,12,4,0,0,384,159.04,93.622458,bw,static,static,results,Results,Results_MAMBA21,MAMBA2-BWB-Results,simulator_output_MAMBA2-BWB_bwplacement_bs32_staticreq_statictask,SCRUBBED_TIME+MAMBA2-BWB_BMPD384_8_12_4,False
32,2,15,7,0,0,384,1.6,93.6288192,bw,static,static,results,Results,Results_MAMBA21,MAMBA2-BWB-Results,simulator_output_MAMBA2-BWB_bwplacement_bs32_staticreq_statictask,SCRUBBED_TIME+MAMBA2-BWB_BMPD384_2_15_7,False
32,7,11,6,0,0,256,66.88,93.656648,bw,static,static,results,Results,Results_MAMBA21,MAMBA2-BWB-Results,simulator_output_MAMBA2-BWB_bwplacement_bs32_staticreq_statictask,SCRUBBED_TIME+MAMBA2-BWB_BMPD256_7_11_6,False
32,12,10,2,0,0,512,206.08,93.691708,bw,static,static,results,Results,Results_MAMBA21,MAMBA2-BWB-Results,simulator_output_MAMBA2-BWB_bwplacement_bs32_staticreq_statictask,SCRUBBED_TIME+MAMBA2-BWB_BMPD512_12_10_2,False
32,6,12,6,0,0,256,156.48,93.788228,bw,static,static,results,Results,Results_MAMBA21,MAMBA2-BWB-Results,simulator_output_MAMBA2-BWB_bwplacement_bs32_staticreq_statictask,SCRUBBED_TIME+MAMBA2-BWB_BMPD256_6_12_6,False
32,11,9,4,0,0,384,338.24,93.83292228571428,bw,static,static,results,Results,Results_MAMBA21,MAMBA2-BWB-Results,simulator_output_MAMBA2-BWB_bwplacement_bs32_staticreq_statictask,SCRUBBED_TIME+MAMBA2-BWB_BMPD384_11_9_4,False
16,3,6,15,0,0,256,178.72,93.84013333333333,bw,static,static,results,Results,Results_MAMBA21,MAMBA2-BWB-Results,simulator_output_MAMBA2-BWB_bwplacement_bs16_staticreq_statictask,SCRUBBED_TIME+MAMBA2-BWB_BMPD256_3_6_15,False
32,5,15,4,0,0,384,40.96,93.854248,bw,static,static,results,Results,Results_MAMBA21,MAMBA2-BWB-Results,simulator_output_MAMBA2-BWB_bwplacement_bs32_staticreq_statictask,SCRUBBED_TIME+MAMBA2-BWB_BMPD384_5_15_4,False
32,2,12,10,0,0,256,65.6,93.86324266666666,bw,static,static,results,Results,Results_MAMBA21,MAMBA2-BWB-Results,simulator_output_MAMBA2-BWB_bwplacement_bs32_staticreq_statictask,SCRUBBED_TIME+MAMBA2-BWB_BMPD256_2_12_10,False
32,13,10,1,0,0,640,63.36,93.872636,bw,static,static,results,Results,Results_MAMBA21,MAMBA2-BWB-Results,simulator_output_MAMBA2-BWB_bwplacement_bs32_staticreq_statictask,SCRUBBED_TIME+MAMBA2-BWB_BMPD640_13_10_1,False
16,7,7,10,0,0,640,236.96,93.887979,bw,static,static,results,Results,Results_MAMBA21,MAMBA2-BWB-Results,simulator_output_MAMBA2-BWB_bwplacement_bs16_staticreq_statictask,SCRUBBED_TIME+MAMBA2-BWB_BMPD640_7_7_10,False
32,6,17,1,0,0,384,4.16,93.9211885,bw,static,static,results,Results,Results_MAMBA21,MAMBA2-BWB-Results,simulator_output_MAMBA2-BWB_bwplacement_bs32_staticreq_statictask,SCRUBBED_TIME+MAMBA2-BWB_BMPD384_6_17_1,False
32,2,19,3,0,0,640,46.4,93.962826,bw,static,static,results,Results,Results_MAMBA21,MAMBA2-BWB-Results,simulator_output_MAMBA2-BWB_bwplacement_bs32_staticreq_statictask,SCRUBBED_TIME+MAMBA2-BWB_BMPD640_2_19_3,False
32,7,10,7,0,0,256,103.36,93.963146,bw,static,static,results,Results,Results_MAMBA21,MAMBA2-BWB-Results,simulator_output_MAMBA2-BWB_bwplacement_bs32_staticreq_statictask,SCRUBBED_TIME+MAMBA2-BWB_BMPD256_7_10_7,False
32,2,16,6,0,0,640,0.64,93.995824,bw,static,static,results,Results,Results_MAMBA21,MAMBA2-BWB-Results,simulator_output_MAMBA2-BWB_bwplacement_bs32_staticreq_statictask,SCRUBBED_TIME+MAMBA2-BWB_BMPD640_2_16_6,False
32,6,17,1,0,0,512,52.16,94.01507,bw,static,static,results,Results,Results_MAMBA21,MAMBA2-BWB-Results,simulator_output_MAMBA2-BWB_bwplacement_bs32_staticreq_statictask,SCRUBBED_TIME+MAMBA2-BWB_BMPD512_6_17_1,False
32,5,11,8,0,0,256,109.76,94.086114,bw,static,static,results,Results,Results_MAMBA21,MAMBA2-BWB-Results,simulator_output_MAMBA2-BWB_bwplacement_bs32_staticreq_statictask,SCRUBBED_TIME+MAMBA2-BWB_BMPD256_5_11_8,False
32,3,12,9,0,0,256,50.24,94.10748,bw,static,static,results,Results,Results_MAMBA21,MAMBA2-BWB-Results,simulator_output_MAMBA2-BWB_bwplacement_bs32_staticreq_statictask,SCRUBBED_TIME+MAMBA2-BWB_BMPD256_3_12_9,False
32,9,12,3,0,0,384,255.04,94.1230592,bw,static,static,results,Results,Results_MAMBA21,MAMBA2-BWB-Results,simulator_output_MAMBA2-BWB_bwplacement_bs32_staticreq_statictask,SCRUBBED_TIME+MAMBA2-BWB_BMPD384_9_12_3,False
16,10,6,8,0,0,640,403.2,94.1439915,bw,static,static,results,Results,Results_MAMBA21,MAMBA2-BWB-Results,simulator_output_MAMBA2-BWB_bwplacement_bs16_staticreq_statictask,SCRUBBED_TIME+MAMBA2-BWB_BMPD640_10_6_8,False
32,5,12,7,0,0,256,112.64,94.16899,bw,static,static,results,Results,Results_MAMBA21,MAMBA2-BWB-Results,simulator_output_MAMBA2-BWB_bwplacement_bs32_staticreq_statictask,SCRUBBED_TIME+MAMBA2-BWB_BMPD256_5_12_7,False
32,2,12,10,0,0,384,10.56,94.20774133333332,bw,static,static,results,Results,Results_MAMBA21,MAMBA2-BWB-Results,simulator_output_MAMBA2-BWB_bwplacement_bs32_staticreq_statictask,SCRUBBED_TIME+MAMBA2-BWB_BMPD384_2_12_10,False
16,5,7,12,0,0,512,283.68,94.231076,bw,static,static,results,Results,Results_MAMBA21,MAMBA2-BWB-Results,simulator_output_MAMBA2-BWB_bwplacement_bs16_staticreq_statictask,SCRUBBED_TIME+MAMBA2-BWB_BMPD512_5_7_12,False
32,2,14,8,0,0,640,0.64,94.262836,bw,static,static,results,Results,Results_MAMBA21,MAMBA2-BWB-Results,simulator_output_MAMBA2-BWB_bwplacement_bs32_staticreq_statictask,SCRUBBED_TIME+MAMBA2-BWB_BMPD640_2_14_8,False
32,13,9,2,0,0,512,167.04,94.283833,bw,static,static,results,Results,Results_MAMBA21,MAMBA2-BWB-Results,simulator_output_MAMBA2-BWB_bwplacement_bs32_staticreq_statictask,SCRUBBED_TIME+MAMBA2-BWB_BMPD512_13_9_2,False
8,11,2,11,0,0,256,132.16,94.30438215384616,bw,static,static,results,Results,Results_MAMBA21,MAMBA2-BWB-Results,simulator_output_MAMBA2-BWB_bwplacement_bs8_staticreq_statictask,SCRUBBED_TIME+MAMBA2-BWB_BMPD256_11_2_11,False
32,4,13,7,0,0,256,105.28,94.311018,bw,static,static,results,Results,Results_MAMBA21,MAMBA2-BWB-Results,simulator_output_MAMBA2-BWB_bwplacement_bs32_staticreq_statictask,SCRUBBED_TIME+MAMBA2-BWB_BMPD256_4_13_7,False
32,2,14,8,0,0,256,56.0,94.3382544,bw,static,static,results,Results,Results_MAMBA21,MAMBA2-BWB-Results,simulator_output_MAMBA2-BWB_bwplacement_bs32_staticreq_statictask,SCRUBBED_TIME+MAMBA2-BWB_BMPD256_2_14_8,False
16,11,5,8,0,0,640,117.12,94.387064,bw,static,static,results,Results,Results_MAMBA21,MAMBA2-BWB-Results,simulator_output_MAMBA2-BWB_bwplacement_bs16_staticreq_statictask,SCRUBBED_TIME+MAMBA2-BWB_BMPD640_11_5_8,False
32,2,20,2,0,0,640,1.6,94.4006856,bw,static,static,results,Results,Results_MAMBA21,MAMBA2-BWB-Results,simulator_output_MAMBA2-BWB_bwplacement_bs32_staticreq_statictask,SCRUBBED_TIME+MAMBA2-BWB_BMPD640_2_20_2,False
32,4,11,9,0,0,256,18.24,94.40418,bw,static,static,results,Results,Results_MAMBA21,MAMBA2-BWB-Results,simulator_output_MAMBA2-BWB_bwplacement_bs32_staticreq_statictask,SCRUBBED_TIME+MAMBA2-BWB_BMPD256_4_11_9,False
16,8,6,10,0,0,512,440.32,94.4109592,bw,static,static,results,Results,Results_MAMBA21,MAMBA2-BWB-Results,simulator_output_MAMBA2-BWB_bwplacement_bs16_staticreq_statictask,SCRUBBED_TIME+MAMBA2-BWB_BMPD512_8_6_10,False
32,6,14,4,0,0,384,162.56,94.46301733333333,bw,static,static,results,Results,Results_MAMBA21,MAMBA2-BWB-Results,simulator_output_MAMBA2-BWB_bwplacement_bs32_staticreq_statictask,SCRUBBED_TIME+MAMBA2-BWB_BMPD384_6_14_4,False
16,12,5,7,0,0,640,316.96,94.47633371428572,bw,static,static,results,Results,Results_MAMBA21,MAMBA2-BWB-Results,simulator_output_MAMBA2-BWB_bwplacement_bs16_staticreq_statictask,SCRUBBED_TIME+MAMBA2-BWB_BMPD640_12_5_7,False
16,2,5,17,0,0,640,192.48,94.47671942857144,bw,static,static,results,Results,Results_MAMBA21,MAMBA2-BWB-Results,simulator_output_MAMBA2-BWB_bwplacement_bs16_staticreq_statictask,SCRUBBED_TIME+MAMBA2-BWB_BMPD640_2_5_17,False
32,3,18,3,0,0,256,1.28,94.559593,bw,static,static,results,Results,Results_MAMBA21,MAMBA2-BWB-Results,simulator_output_MAMBA2-BWB_bwplacement_bs32_staticreq_statictask,SCRUBBED_TIME+MAMBA2-BWB_BMPD256_3_18_3,False
32,8,11,5,0,0,384,136.0,94.575458,bw,static,static,results,Results,Results_MAMBA21,MAMBA2-BWB-Results,simulator_output_MAMBA2-BWB_bwplacement_bs32_staticreq_statictask,SCRUBBED_TIME+MAMBA2-BWB_BMPD384_8_11_5,False
32,4,15,5,0,0,384,57.6,94.577536,bw,static,static,results,Results,Results_MAMBA21,MAMBA2-BWB-Results,simulator_output_MAMBA2-BWB_bwplacement_bs32_staticreq_statictask,SCRUBBED_TIME+MAMBA2-BWB_BMPD384_4_15_5,False
16,14,3,7,0,0,256,169.6,94.61681828571427,bw,static,static,results,Results,Results_MAMBA21,MAMBA2-BWB-Results,simulator_output_MAMBA2-BWB_bwplacement_bs16_staticreq_statictask,SCRUBBED_TIME+MAMBA2-BWB_BMPD256_14_3_7,False
32,2,13,9,0,0,384,0.96,94.654708,bw,static,static,results,Results,Results_MAMBA21,MAMBA2-BWB-Results,simulator_output_MAMBA2-BWB_bwplacement_bs32_staticreq_statictask,SCRUBBED_TIME+MAMBA2-BWB_BMPD384_2_13_9,False
32,2,16,6,0,0,384,2.24,94.68117942857144,bw,static,static,results,Results,Results_MAMBA21,MAMBA2-BWB-Results,simulator_output_MAMBA2-BWB_bwplacement_bs32_staticreq_statictask,SCRUBBED_TIME+MAMBA2-BWB_BMPD384_2_16_6,False
8,5,4,15,0,0,640,282.0,94.69073789473684,bw,static,static,results,Results,Results_MAMBA21,MAMBA2-BWB-Results,simulator_output_MAMBA2-BWB_bwplacement_bs8_staticreq_statictask,SCRUBBED_TIME+MAMBA2-BWB_BMPD640_5_4_15,False
32,14,7,3,0,0,256,197.44,94.71063533333331,bw,static,static,results,Results,Results_MAMBA21,MAMBA2-BWB-Results,simulator_output_MAMBA2-BWB_bwplacement_bs32_staticreq_statictask,SCRUBBED_TIME+MAMBA2-BWB_BMPD256_14_7_3,False
16,4,6,14,0,0,384,206.72,94.7183528,bw,static,static,results,Results,Results_MAMBA21,MAMBA2-BWB-Results,simulator_output_MAMBA2-BWB_bwplacement_bs16_staticreq_statictask,SCRUBBED_TIME+MAMBA2-BWB_BMPD384_4_6_14,False
32,5,15,4,0,0,256,7.04,94.787072,bw,static,static,results,Results,Results_MAMBA21,MAMBA2-BWB-Results,simulator_output_MAMBA2-BWB_bwplacement_bs32_staticreq_statictask,SCRUBBED_TIME+MAMBA2-BWB_BMPD256_5_15_4,False
16,10,5,9,0,0,512,383.36,94.8291271111111,bw,static,static,results,Results,Results_MAMBA21,MAMBA2-BWB-Results,simulator_output_MAMBA2-BWB_bwplacement_bs16_staticreq_statictask,SCRUBBED_TIME+MAMBA2-BWB_BMPD512_10_5_9,False
32,7,14,3,0,0,384,179.2,94.864529,bw,static,static,results,Results,Results_MAMBA21,MAMBA2-BWB-Results,simulator_output_MAMBA2-BWB_bwplacement_bs32_staticreq_statictask,SCRUBBED_TIME+MAMBA2-BWB_BMPD384_7_14_3,False
32,4,16,4,0,0,384,0.64,94.89008,bw,static,static,results,Results,Results_MAMBA21,MAMBA2-BWB-Results,simulator_output_MAMBA2-BWB_bwplacement_bs32_staticreq_statictask,SCRUBBED_TIME+MAMBA2-BWB_BMPD384_4_16_4,False
32,11,12,1,0,0,512,106.88,94.981008,bw,static,static,results,Results,Results_MAMBA21,MAMBA2-BWB-Results,simulator_output_MAMBA2-BWB_bwplacement_bs32_staticreq_statictask,SCRUBBED_TIME+MAMBA2-BWB_BMPD512_11_12_1,False
8,4,3,17,0,0,256,175.2,94.99729625,bw,static,static,results,Results,Results_MAMBA21,MAMBA2-BWB-Results,simulator_output_MAMBA2-BWB_bwplacement_bs8_staticreq_statictask,SCRUBBED_TIME+MAMBA2-BWB_BMPD256_4_3_17,False
32,2,14,8,0,0,384,1.6,95.0144592,bw,static,static,results,Results,Results_MAMBA21,MAMBA2-BWB-Results,simulator_output_MAMBA2-BWB_bwplacement_bs32_staticreq_statictask,SCRUBBED_TIME+MAMBA2-BWB_BMPD384_2_14_8,False
32,8,15,1,0,0,512,80.96,95.029908,bw,static,static,results,Results,Results_MAMBA21,MAMBA2-BWB-Results,simulator_output_MAMBA2-BWB_bwplacement_bs32_staticreq_statictask,SCRUBBED_TIME+MAMBA2-BWB_BMPD512_8_15_1,False
16,6,5,13,0,0,256,104.0,95.058843,bw,static,static,results,Results,Results_MAMBA21,MAMBA2-BWB-Results,simulator_output_MAMBA2-BWB_bwplacement_bs16_staticreq_statictask,SCRUBBED_TIME+MAMBA2-BWB_BMPD256_6_5_13,False
32,2,17,5,0,0,640,0.64,95.064274,bw,static,static,results,Results,Results_MAMBA21,MAMBA2-BWB-Results,simulator_output_MAMBA2-BWB_bwplacement_bs32_staticreq_statictask,SCRUBBED_TIME+MAMBA2-BWB_BMPD640_2_17_5,False
32,4,19,1,0,0,384,17.92,95.093164,bw,static,static,results,Results,Results_MAMBA21,MAMBA2-BWB-Results,simulator_output_MAMBA2-BWB_bwplacement_bs32_staticreq_statictask,SCRUBBED_TIME+MAMBA2-BWB_BMPD384_4_19_1,False
32,3,17,4,0,0,256,0.96,95.094768,bw,static,static,results,Results,Results_MAMBA21,MAMBA2-BWB-Results,simulator_output_MAMBA2-BWB_bwplacement_bs32_staticreq_statictask,SCRUBBED_TIME+MAMBA2-BWB_BMPD256_3_17_4,False
16,16,3,5,0,0,512,240.8,95.095697,bw,static,static,results,Results,Results_MAMBA21,MAMBA2-BWB-Results,simulator_output_MAMBA2-BWB_bwplacement_bs16_staticreq_statictask,SCRUBBED_TIME+MAMBA2-BWB_BMPD512_16_3_5,False
4,11,1,12,0,0,256,60.52,95.1076363076923,bw,static,static,results,Results,Results_MAMBA21,MAMBA2-BWB-Results,simulator_output_MAMBA2-BWB_bwplacement_bs4_staticreq_statictask,SCRUBBED_TIME+MAMBA2-BWB_BMPD256_11_1_12,False
32,2,11,11,0,0,512,16.0,95.110524,bw,static,static,results,Results,Results_MAMBA21,MAMBA2-BWB-Results,simulator_output_MAMBA2-BWB_bwplacement_bs32_staticreq_statictask,SCRUBBED_TIME+MAMBA2-BWB_BMPD512_2_11_11,False
32,2,15,7,0,0,256,1.6,95.12300933333331,bw,static,static,results,Results,Results_MAMBA21,MAMBA2-BWB-Results,simulator_output_MAMBA2-BWB_bwplacement_bs32_staticreq_statictask,SCRUBBED_TIME+MAMBA2-BWB_BMPD256_2_15_7,False
32,9,9,6,0,0,256,216.96,95.180602,bw,static,static,results,Results,Results_MAMBA21,MAMBA2-BWB-Results,simulator_output_MAMBA2-BWB_bwplacement_bs32_staticreq_statictask,SCRUBBED_TIME+MAMBA2-BWB_BMPD256_9_9_6,False
32,2,12,10,0,0,512,19.2,95.18489066666667,bw,static,static,results,Results,Results_MAMBA21,MAMBA2-BWB-Results,simulator_output_MAMBA2-BWB_bwplacement_bs32_staticreq_statictask,SCRUBBED_TIME+MAMBA2-BWB_BMPD512_2_12_10,False
32,9,11,4,0,0,384,210.24,95.193226,bw,static,static,results,Results,Results_MAMBA21,MAMBA2-BWB-Results,simulator_output_MAMBA2-BWB_bwplacement_bs32_staticreq_statictask,SCRUBBED_TIME+MAMBA2-BWB_BMPD384_9_11_4,False
32,15,6,3,0,0,256,183.36,95.213002,bw,static,static,results,Results,Results_MAMBA21,MAMBA2-BWB-Results,simulator_output_MAMBA2-BWB_bwplacement_bs32_staticreq_statictask,SCRUBBED_TIME+MAMBA2-BWB_BMPD256_15_6_3,False
8,10,3,11,0,0,640,240.0,95.22015628571428,bw,static,static,results,Results,Results_MAMBA21,MAMBA2-BWB-Results,simulator_output_MAMBA2-BWB_bwplacement_bs8_staticreq_statictask,SCRUBBED_TIME+MAMBA2-BWB_BMPD640_10_3_11,False
32,12,10,2,0,0,640,48.32,95.255936,bw,static,static,results,Results,Results_MAMBA21,MAMBA2-BWB-Results,simulator_output_MAMBA2-BWB_bwplacement_bs32_staticreq_statictask,SCRUBBED_TIME+MAMBA2-BWB_BMPD640_12_10_2,False
32,3,19,2,0,0,384,0.96,95.260852,bw,static,static,results,Results,Results_MAMBA21,MAMBA2-BWB-Results,simulator_output_MAMBA2-BWB_bwplacement_bs32_staticreq_statictask,SCRUBBED_TIME+MAMBA2-BWB_BMPD384_3_19_2,False
32,8,14,2,0,0,512,138.56,95.26839066666668,bw,static,static,results,Results,Results_MAMBA21,MAMBA2-BWB-Results,simulator_output_MAMBA2-BWB_bwplacement_bs32_staticreq_statictask,SCRUBBED_TIME+MAMBA2-BWB_BMPD512_8_14_2,False
32,11,11,2,0,0,512,98.24,95.301258,bw,static,static,results,Results,Results_MAMBA21,MAMBA2-BWB-Results,simulator_output_MAMBA2-BWB_bwplacement_bs32_staticreq_statictask,SCRUBBED_TIME+MAMBA2-BWB_BMPD512_11_11_2,False
32,2,18,4,0,0,640,41.92,95.31826,bw,static,static,results,Results,Results_MAMBA21,MAMBA2-BWB-Results,simulator_output_MAMBA2-BWB_bwplacement_bs32_staticreq_statictask,SCRUBBED_TIME+MAMBA2-BWB_BMPD640_2_18_4,False
32,8,15,1,0,0,640,46.4,95.352136,bw,static,static,results,Results,Results_MAMBA21,MAMBA2-BWB-Results,simulator_output_MAMBA2-BWB_bwplacement_bs32_staticreq_statictask,SCRUBBED_TIME+MAMBA2-BWB_BMPD640_8_15_1,False
32,15,7,2,0,0,384,109.44,95.379908,bw,static,static,results,Results,Results_MAMBA21,MAMBA2-BWB-Results,simulator_output_MAMBA2-BWB_bwplacement_bs32_staticreq_statictask,SCRUBBED_TIME+MAMBA2-BWB_BMPD384_15_7_2,False
16,12,4,8,0,0,384,293.6,95.445502,bw,static,static,results,Results,Results_MAMBA21,MAMBA2-BWB-Results,simulator_output_MAMBA2-BWB_bwplacement_bs16_staticreq_statictask,SCRUBBED_TIME+MAMBA2-BWB_BMPD384_12_4_8,False
16,2,5,17,0,0,256,75.68,95.45066133333331,bw,static,static,results,Results,Results_MAMBA21,MAMBA2-BWB-Results,simulator_output_MAMBA2-BWB_bwplacement_bs16_staticreq_statictask,SCRUBBED_TIME+MAMBA2-BWB_BMPD256_2_5_17,False
16,15,3,6,0,0,384,225.28,95.46662,bw,static,static,results,Results,Results_MAMBA21,MAMBA2-BWB-Results,simulator_output_MAMBA2-BWB_bwplacement_bs16_staticreq_statictask,SCRUBBED_TIME+MAMBA2-BWB_BMPD384_15_3_6,False
16,6,7,11,0,0,640,91.52,95.476114,bw,static,static,results,Results,Results_MAMBA21,MAMBA2-BWB-Results,simulator_output_MAMBA2-BWB_bwplacement_bs16_staticreq_statictask,SCRUBBED_TIME+MAMBA2-BWB_BMPD640_6_7_11,False
32,7,11,6,0,0,384,52.8,95.549224,bw,static,static,results,Results,Results_MAMBA21,MAMBA2-BWB-Results,simulator_output_MAMBA2-BWB_bwplacement_bs32_staticreq_statictask,SCRUBBED_TIME+MAMBA2-BWB_BMPD384_7_11_6,False
16,14,4,6,0,0,640,250.24,95.5516665,bw,static,static,results,Results,Results_MAMBA21,MAMBA2-BWB-Results,simulator_output_MAMBA2-BWB_bwplacement_bs16_staticreq_statictask,SCRUBBED_TIME+MAMBA2-BWB_BMPD640_14_4_6,False
16,3,6,15,0,0,384,118.24,95.553616,bw,static,static,results,Results,Results_MAMBA21,MAMBA2-BWB-Results,simulator_output_MAMBA2-BWB_bwplacement_bs16_staticreq_statictask,SCRUBBED_TIME+MAMBA2-BWB_BMPD384_3_6_15,False
32,15,8,1,0,0,640,78.72,95.560001,bw,static,static,results,Results,Results_MAMBA21,MAMBA2-BWB-Results,simulator_output_MAMBA2-BWB_bwplacement_bs32_staticreq_statictask,SCRUBBED_TIME+MAMBA2-BWB_BMPD640_15_8_1,False
32,16,6,2,0,0,384,104.32,95.593358,bw,static,static,results,Results,Results_MAMBA21,MAMBA2-BWB-Results,simulator_output_MAMBA2-BWB_bwplacement_bs32_staticreq_statictask,SCRUBBED_TIME+MAMBA2-BWB_BMPD384_16_6_2,False
32,16,5,3,0,0,256,89.92,95.620164,bw,static,static,results,Results,Results_MAMBA21,MAMBA2-BWB-Results,simulator_output_MAMBA2-BWB_bwplacement_bs32_staticreq_statictask,SCRUBBED_TIME+MAMBA2-BWB_BMPD256_16_5_3,False
32,14,9,1,0,0,640,76.8,95.638726,bw,static,static,results,Results,Results_MAMBA21,MAMBA2-BWB-Results,simulator_output_MAMBA2-BWB_bwplacement_bs32_staticreq_statictask,SCRUBBED_TIME+MAMBA2-BWB_BMPD640_14_9_1,False
32,11,10,3,0,0,512,49.92,95.643124,bw,static,static,results,Results,Results_MAMBA21,MAMBA2-BWB-Results,simulator_output_MAMBA2-BWB_bwplacement_bs32_staticreq_statictask,SCRUBBED_TIME+MAMBA2-BWB_BMPD512_11_10_3,False
16,4,8,12,0,0,640,53.28,95.6731092,bw,static,static,results,Results,Results_MAMBA21,MAMBA2-BWB-Results,simulator_output_MAMBA2-BWB_bwplacement_bs16_staticreq_statictask,SCRUBBED_TIME+MAMBA2-BWB_BMPD640_4_8_12,False
32,13,7,4,0,0,256,153.92,95.734768,bw,static,static,results,Results,Results_MAMBA21,MAMBA2-BWB-Results,simulator_output_MAMBA2-BWB_bwplacement_bs32_staticreq_statictask,SCRUBBED_TIME+MAMBA2-BWB_BMPD256_13_7_4,False
32,2,11,11,0,0,384,0.64,95.807358,bw,static,static,results,Results,Results_MAMBA21,MAMBA2-BWB-Results,simulator_output_MAMBA2-BWB_bwplacement_bs32_staticreq_statictask,SCRUBBED_TIME+MAMBA2-BWB_BMPD384_2_11_11,False
32,6,10,8,0,0,256,25.28,95.832548,bw,static,static,results,Results,Results_MAMBA21,MAMBA2-BWB-Results,simulator_output_MAMBA2-BWB_bwplacement_bs32_staticreq_statictask,SCRUBBED_TIME+MAMBA2-BWB_BMPD256_6_10_8,False
32,12,8,4,0,0,384,160.96,95.877426,bw,static,static,results,Results,Results_MAMBA21,MAMBA2-BWB-Results,simulator_output_MAMBA2-BWB_bwplacement_bs32_staticreq_statictask,SCRUBBED_TIME+MAMBA2-BWB_BMPD384_12_8_4,False
32,4,19,1,0,0,256,1.92,95.8803768,bw,static,static,results,Results,Results_MAMBA21,MAMBA2-BWB-Results,simulator_output_MAMBA2-BWB_bwplacement_bs32_staticreq_statictask,SCRUBBED_TIME+MAMBA2-BWB_BMPD256_4_19_1,False
32,4,14,6,0,0,256,31.68,95.889364,bw,static,static,results,Results,Results_MAMBA21,MAMBA2-BWB-Results,simulator_output_MAMBA2-BWB_bwplacement_bs32_staticreq_statictask,SCRUBBED_TIME+MAMBA2-BWB_BMPD256_4_14_6,False
16,7,6,11,0,0,512,166.88,95.904421,bw,static,static,results,Results,Results_MAMBA21,MAMBA2-BWB-Results,simulator_output_MAMBA2-BWB_bwplacement_bs16_staticreq_statictask,SCRUBBED_TIME+MAMBA2-BWB_BMPD512_7_6_11,False
8,4,4,16,0,0,640,168.88,95.92682092307692,bw,static,static,results,Results,Results_MAMBA21,MAMBA2-BWB-Results,simulator_output_MAMBA2-BWB_bwplacement_bs8_staticreq_statictask,SCRUBBED_TIME+MAMBA2-BWB_BMPD640_4_4_16,False
32,13,8,3,0,0,512,139.84,95.9287136,bw,static,static,results,Results,Results_MAMBA21,MAMBA2-BWB-Results,simulator_output_MAMBA2-BWB_bwplacement_bs32_staticreq_statictask,SCRUBBED_TIME+MAMBA2-BWB_BMPD512_13_8_3,False
16,3,7,14,0,0,640,56.96,96.005964,bw,static,static,results,Results,Results_MAMBA21,MAMBA2-BWB-Results,simulator_output_MAMBA2-BWB_bwplacement_bs16_staticreq_statictask,SCRUBBED_TIME+MAMBA2-BWB_BMPD640_3_7_14,False
32,14,7,3,0,0,384,50.56,96.030292,bw,static,static,results,Results,Results_MAMBA21,MAMBA2-BWB-Results,simulator_output_MAMBA2-BWB_bwplacement_bs32_staticreq_statictask,SCRUBBED_TIME+MAMBA2-BWB_BMPD384_14_7_3,False
32,5,13,6,0,0,384,9.28,96.156748,bw,static,static,results,Results,Results_MAMBA21,MAMBA2-BWB-Results,simulator_output_MAMBA2-BWB_bwplacement_bs32_staticreq_statictask,SCRUBBED_TIME+MAMBA2-BWB_BMPD384_5_13_6,False
16,8,5,11,0,0,384,152.96,96.2862128,bw,static,static,results,Results,Results_MAMBA21,MAMBA2-BWB-Results,simulator_output_MAMBA2-BWB_bwplacement_bs16_staticreq_statictask,SCRUBBED_TIME+MAMBA2-BWB_BMPD384_8_5_11,False
8,3,3,18,0,0,256,57.68,96.391186,bw,static,static,results,Results,Results_MAMBA21,MAMBA2-BWB-Results,simulator_output_MAMBA2-BWB_bwplacement_bs8_staticreq_statictask,SCRUBBED_TIME+MAMBA2-BWB_BMPD256_3_3_18,False
16,9,6,9,0,0,640,101.28,96.492384,bw,static,static,results,Results,Results_MAMBA21,MAMBA2-BWB-Results,simulator_output_MAMBA2-BWB_bwplacement_bs16_staticreq_statictask,SCRUBBED_TIME+MAMBA2-BWB_BMPD640_9_6_9,False
16,10,4,10,0,0,256,107.2,96.51708971428572,bw,static,static,results,Results,Results_MAMBA21,MAMBA2-BWB-Results,simulator_output_MAMBA2-BWB_bwplacement_bs16_staticreq_statictask,SCRUBBED_TIME+MAMBA2-BWB_BMPD256_10_4_10,False
32,7,13,4,0,0,384,70.72,96.598466,bw,static,static,results,Results,Results_MAMBA21,MAMBA2-BWB-Results,simulator_output_MAMBA2-BWB_bwplacement_bs32_staticreq_statictask,SCRUBBED_TIME+MAMBA2-BWB_BMPD384_7_13_4,False
16,13,4,7,0,0,512,186.56,96.6691345,bw,static,static,results,Results,Results_MAMBA21,MAMBA2-BWB-Results,simulator_output_MAMBA2-BWB_bwplacement_bs16_staticreq_statictask,SCRUBBED_TIME+MAMBA2-BWB_BMPD512_13_4_7,False
4,4,2,18,0,0,640,91.88,96.7027628,bw,static,static,results,Results,Results_MAMBA21,MAMBA2-BWB-Results,simulator_output_MAMBA2-BWB_bwplacement_bs4_staticreq_statictask,SCRUBBED_TIME+MAMBA2-BWB_BMPD640_4_2_18,False
8,6,3,15,0,0,384,134.08,96.85198830769232,bw,static,static,results,Results,Results_MAMBA21,MAMBA2-BWB-Results,simulator_output_MAMBA2-BWB_bwplacement_bs8_staticreq_statictask,SCRUBBED_TIME+MAMBA2-BWB_BMPD384_6_3_15,False
32,10,12,2,0,0,512,34.88,96.882324,bw,static,static,results,Results,Results_MAMBA21,MAMBA2-BWB-Results,simulator_output_MAMBA2-BWB_bwplacement_bs32_staticreq_statictask,SCRUBBED_TIME+MAMBA2-BWB_BMPD512_10_12_2,False
16,4,7,13,0,0,512,77.12,96.88590266666668,bw,static,static,results,Results,Results_MAMBA21,MAMBA2-BWB-Results,simulator_output_MAMBA2-BWB_bwplacement_bs16_staticreq_statictask,SCRUBBED_TIME+MAMBA2-BWB_BMPD512_4_7_13,False
4,12,1,11,0,0,384,57.28,97.00979533333332,bw,static,static,results,Results,Results_MAMBA21,MAMBA2-BWB-Results,simulator_output_MAMBA2-BWB_bwplacement_bs4_staticreq_statictask,SCRUBBED_TIME+MAMBA2-BWB_BMPD384_12_1_11,False
32,5,17,2,0,0,384,1.92,97.011452,bw,static,static,results,Results,Results_MAMBA21,MAMBA2-BWB-Results,simulator_output_MAMBA2-BWB_bwplacement_bs32_staticreq_statictask,SCRUBBED_TIME+MAMBA2-BWB_BMPD384_5_17_2,False
32,16,7,1,0,0,512,31.36,97.161824,bw,static,static,results,Results,Results_MAMBA21,MAMBA2-BWB-Results,simulator_output_MAMBA2-BWB_bwplacement_bs32_staticreq_statictask,SCRUBBED_TIME+MAMBA2-BWB_BMPD512_16_7_1,False
8,12,2,10,0,0,384,88.08,97.46738,bw,static,static,results,Results,Results_MAMBA21,MAMBA2-BWB-Results,simulator_output_MAMBA2-BWB_bwplacement_bs8_staticreq_statictask,SCRUBBED_TIME+MAMBA2-BWB_BMPD384_12_2_10,False
32,9,12,3,0,0,512,25.6,97.632824,bw,static,static,results,Results,Results_MAMBA21,MAMBA2-BWB-Results,simulator_output_MAMBA2-BWB_bwplacement_bs32_staticreq_statictask,SCRUBBED_TIME+MAMBA2-BWB_BMPD512_9_12_3,False
32,13,9,2,0,0,640,22.08,97.654936,bw,static,static,results,Results,Results_MAMBA21,MAMBA2-BWB-Results,simulator_output_MAMBA2-BWB_bwplacement_bs32_staticreq_statictask,SCRUBBED_TIME+MAMBA2-BWB_BMPD640_13_9_2,False
8,8,3,13,0,0,512,106.16,97.6852003076923,bw,static,static,results,Results,Results_MAMBA21,MAMBA2-BWB-Results,simulator_output_MAMBA2-BWB_bwplacement_bs8_staticreq_statictask,SCRUBBED_TIME+MAMBA2-BWB_BMPD512_8_3_13,False
32,4,15,5,0,0,256,8.0,97.69404,bw,static,static,results,Results,Results_MAMBA21,MAMBA2-BWB-Results,simulator_output_MAMBA2-BWB_bwplacement_bs32_staticreq_statictask,SCRUBBED_TIME+MAMBA2-BWB_BMPD256_4_15_5,False
32,7,16,1,0,0,640,17.28,97.795212,bw,static,static,results,Results,Results_MAMBA21,MAMBA2-BWB-Results,simulator_output_MAMBA2-BWB_bwplacement_bs32_staticreq_statictask,SCRUBBED_TIME+MAMBA2-BWB_BMPD640_7_16_1,False
32,3,13,8,0,0,256,0.32,97.83348,bw,static,static,results,Results,Results_MAMBA21,MAMBA2-BWB-Results,simulator_output_MAMBA2-BWB_bwplacement_bs32_staticreq_statictask,SCRUBBED_TIME+MAMBA2-BWB_BMPD256_3_13_8,False
32,8,9,7,0,0,256,38.08,97.891114,bw,static,static,results,Results,Results_MAMBA21,MAMBA2-BWB-Results,simulator_output_MAMBA2-BWB_bwplacement_bs32_staticreq_statictask,SCRUBBED_TIME+MAMBA2-BWB_BMPD256_8_9_7,False
32,10,8,6,0,0,256,37.44,97.891414,bw,static,static,results,Results,Results_MAMBA21,MAMBA2-BWB-Results,simulator_output_MAMBA2-BWB_bwplacement_bs32_staticreq_statictask,SCRUBBED_TIME+MAMBA2-BWB_BMPD256_10_8_6,False
32,10,10,4,0,0,384,45.12,97.893858,bw,static,static,results,Results,Results_MAMBA21,MAMBA2-BWB-Results,simulator_output_MAMBA2-BWB_bwplacement_bs32_staticreq_statictask,SCRUBBED_TIME+MAMBA2-BWB_BMPD384_10_10_4,False
32,5,17,2,0,0,512,6.08,97.951992,bw,static,static,results,Results,Results_MAMBA21,MAMBA2-BWB-Results,simulator_output_MAMBA2-BWB_bwplacement_bs32_staticreq_statictask,SCRUBBED_TIME+MAMBA2-BWB_BMPD512_5_17_2,False
2,4,1,19,0,0,640,29.3,97.9565988,bw,static,static,results,Results,Results_MAMBA21,MAMBA2-BWB-Results,simulator_output_MAMBA2-BWB_bwplacement_bs2_staticreq_statictask,SCRUBBED_TIME+MAMBA2-BWB_BMPD640_4_1_19,False
16,5,5,14,0,0,256,2.88,98.010872,bw,static,static,results,Results,Results_MAMBA21,MAMBA2-BWB-Results,simulator_output_MAMBA2-BWB_bwplacement_bs16_staticreq_statictask,SCRUBBED_TIME+MAMBA2-BWB_BMPD256_5_5_14,False
16,9,5,10,0,0,512,40.0,98.048256,bw,static,static,results,Results,Results_MAMBA21,MAMBA2-BWB-Results,simulator_output_MAMBA2-BWB_bwplacement_bs16_staticreq_statictask,SCRUBBED_TIME+MAMBA2-BWB_BMPD512_9_5_10,False
16,13,4,7,0,0,640,19.52,98.060236,bw,static,static,results,Results,Results_MAMBA21,MAMBA2-BWB-Results,simulator_output_MAMBA2-BWB_bwplacement_bs16_staticreq_statictask,SCRUBBED_TIME+MAMBA2-BWB_BMPD640_13_4_7,False
32,10,9,5,0,0,384,39.68,98.078858,bw,static,static,results,Results,Results_MAMBA21,MAMBA2-BWB-Results,simulator_output_MAMBA2-BWB_bwplacement_bs32_staticreq_statictask,SCRUBBED_TIME+MAMBA2-BWB_BMPD384_10_9_5,False
16,5,7,12,0,0,640,18.72,98.133136,bw,static,static,results,Results,Results_MAMBA21,MAMBA2-BWB-Results,simulator_output_MAMBA2-BWB_bwplacement_bs16_staticreq_statictask,SCRUBBED_TIME+MAMBA2-BWB_BMPD640_5_7_12,False
16,11,4,9,0,0,384,16.48,98.182464,bw,static,static,results,Results,Results_MAMBA21,MAMBA2-BWB-Results,simulator_output_MAMBA2-BWB_bwplacement_bs16_staticreq_statictask,SCRUBBED_TIME+MAMBA2-BWB_BMPD384_11_4_9,False
32,12,9,3,0,0,512,18.24,98.222624,bw,static,static,results,Results,Results_MAMBA21,MAMBA2-BWB-Results,simulator_output_MAMBA2-BWB_bwplacement_bs32_staticreq_statictask,SCRUBBED_TIME+MAMBA2-BWB_BMPD512_12_9_3,False
32,7,13,4,0,0,512,17.92,98.252924,bw,static,static,results,Results,Results_MAMBA21,MAMBA2-BWB-Results,simulator_output_MAMBA2-BWB_bwplacement_bs32_staticreq_statictask,SCRUBBED_TIME+MAMBA2-BWB_BMPD512_7_13_4,False
32,2,10,12,0,0,256,0.32,98.30958,bw,static,static,results,Results,Results_MAMBA21,MAMBA2-BWB-Results,simulator_output_MAMBA2-BWB_bwplacement_bs32_staticreq_statictask,SCRUBBED_TIME+MAMBA2-BWB_BMPD256_2_10_12,False
32,7,15,2,0,0,512,16.96,98.313624,bw,static,static,results,Results,Results_MAMBA21,MAMBA2-BWB-Results,simulator_output_MAMBA2-BWB_bwplacement_bs32_staticreq_statictask,SCRUBBED_TIME+MAMBA2-BWB_BMPD512_7_15_2,False
16,13,3,8,0,0,256,16.8,98.372672,bw,static,static,results,Results,Results_MAMBA21,MAMBA2-BWB-Results,simulator_output_MAMBA2-BWB_bwplacement_bs16_staticreq_statictask,SCRUBBED_TIME+MAMBA2-BWB_BMPD256_13_3_8,False
32,5,14,5,0,0,256,7.36,98.3742,bw,static,static,results,Results,Results_MAMBA21,MAMBA2-BWB-Results,simulator_output_MAMBA2-BWB_bwplacement_bs32_staticreq_statictask,SCRUBBED_TIME+MAMBA2-BWB_BMPD256_5_14_5,False
16,3,6,15,0,0,512,17.28,98.389912,bw,static,static,results,Results,Results_MAMBA21,MAMBA2-BWB-Results,simulator_output_MAMBA2-BWB_bwplacement_bs16_staticreq_statictask,SCRUBBED_TIME+MAMBA2-BWB_BMPD512_3_6_15,False
16,6,6,12,0,0,512,17.28,98.389912,bw,static,static,results,Results,Results_MAMBA21,MAMBA2-BWB-Results,simulator_output_MAMBA2-BWB_bwplacement_bs16_staticreq_statictask,SCRUBBED_TIME+MAMBA2-BWB_BMPD512_6_6_12,False
32,10,11,3,0,0,512,15.68,98.423624,bw,static,static,results,Results,Results_MAMBA21,MAMBA2-BWB-Results,simulator_output_MAMBA2-BWB_bwplacement_bs32_staticreq_statictask,SCRUBBED_TIME+MAMBA2-BWB_BMPD512_10_11_3,False
32,3,11,10,0,0,256,14.4,98.46718,bw,static,static,results,Results,Results_MAMBA21,MAMBA2-BWB-Results,simulator_output_MAMBA2-BWB_bwplacement_bs32_staticreq_statictask,SCRUBBED_TIME+MAMBA2-BWB_BMPD256_3_11_10,False
16,7,5,12,0,0,384,13.6,98.474264,bw,static,static,results,Results,Results_MAMBA21,MAMBA2-BWB-Results,simulator_output_MAMBA2-BWB_bwplacement_bs16_staticreq_statictask,SCRUBBED_TIME+MAMBA2-BWB_BMPD384_7_5_12,False
32,2,15,7,0,0,640,0.32,98.507836,bw,static,static,results,Results,Results_MAMBA21,MAMBA2-BWB-Results,simulator_output_MAMBA2-BWB_bwplacement_bs32_staticreq_statictask,SCRUBBED_TIME+MAMBA2-BWB_BMPD640_2_15_7,False
32,2,9,13,0,0,512,0.32,98.851624,bw,static,static,results,Results,Results_MAMBA21,MAMBA2-BWB-Results,simulator_output_MAMBA2-BWB_bwplacement_bs32_staticreq_statictask,SCRUBBED_TIME+MAMBA2-BWB_BMPD512_2_9_13,False
8,5,3,16,0,0,384,14.16,98.902448,bw,static,static,results,Results,Results_MAMBA21,MAMBA2-BWB-Results,simulator_output_MAMBA2-BWB_bwplacement_bs8_staticreq_statictask,SCRUBBED_TIME+MAMBA2-BWB_BMPD384_5_3_16,False
8,9,3,12,0,0,640,15.36,98.97686133333332,bw,static,static,results,Results,Results_MAMBA21,MAMBA2-BWB-Results,simulator_output_MAMBA2-BWB_bwplacement_bs8_staticreq_statictask,SCRUBBED_TIME+MAMBA2-BWB_BMPD640_9_3_12,False
32,14,6,4,0,0,256,8.32,99.00408,bw,static,static,results,Results,Results_MAMBA21,MAMBA2-BWB-Results,simulator_output_MAMBA2-BWB_bwplacement_bs32_staticreq_statictask,SCRUBBED_TIME+MAMBA2-BWB_BMPD256_14_6_4,False
32,15,6,3,0,0,384,8.96,99.056992,bw,static,static,results,Results,Results_MAMBA21,MAMBA2-BWB-Results,simulator_output_MAMBA2-BWB_bwplacement_bs32_staticreq_statictask,SCRUBBED_TIME+MAMBA2-BWB_BMPD384_15_6_3,False
4,13,1,10,0,0,512,8.4,99.170022,bw,static,static,results,Results,Results_MAMBA21,MAMBA2-BWB-Results,simulator_output_MAMBA2-BWB_bwplacement_bs4_staticreq_statictask,SCRUBBED_TIME+MAMBA2-BWB_BMPD512_13_1_10,False
32,2,13,9,0,0,640,0.32,99.194536,bw,static,static,results,Results,Results_MAMBA21,MAMBA2-BWB-Results,simulator_output_MAMBA2-BWB_bwplacement_bs32_staticreq_statictask,SCRUBBED_TIME+MAMBA2-BWB_BMPD640_2_13_9,False
4,14,1,9,0,0,640,6.36,99.21218933333331,bw,static,static,results,Results,Results_MAMBA21,MAMBA2-BWB-Results,simulator_output_MAMBA2-BWB_bwplacement_bs4_staticreq_statictask,SCRUBBED_TIME+MAMBA2-BWB_BMPD640_14_1_9,False
32,11,8,5,0,0,384,3.52,99.435592,bw,static,static,results,Results,Results_MAMBA21,MAMBA2-BWB-Results,simulator_output_MAMBA2-BWB_bwplacement_bs32_staticreq_statictask,SCRUBBED_TIME+MAMBA2-BWB_BMPD384_11_8_5,False
32,16,6,2,0,0,512,2.88,99.465124,bw,static,static,results,Results,Results_MAMBA21,MAMBA2-BWB-Results,simulator_output_MAMBA2-BWB_bwplacement_bs32_staticreq_statictask,SCRUBBED_TIME+MAMBA2-BWB_BMPD512_16_6_2,False
8,13,2,9,0,0,512,2.64,99.493424,bw,static,static,results,Results,Results_MAMBA21,MAMBA2-BWB-Results,simulator_output_MAMBA2-BWB_bwplacement_bs8_staticreq_statictask,SCRUBBED_TIME+MAMBA2-BWB_BMPD512_13_2_9,False
32,2,12,10,0,0,640,0.32,99.540936,bw,static,static,results,Results,Results_MAMBA21,MAMBA2-BWB-Results,simulator_output_MAMBA2-BWB_bwplacement_bs32_staticreq_statictask,SCRUBBED_TIME+MAMBA2-BWB_BMPD640_2_12_10,False
4,10,1,13,0,0,256,0.44,99.686148,bw,static,static,results,Results,Results_MAMBA21,MAMBA2-BWB-Results,simulator_output_MAMBA2-BWB_bwplacement_bs4_staticreq_statictask,SCRUBBED_TIME+MAMBA2-BWB_BMPD256_10_1_13,False
