batchsize,Num M,Num Mp,Num Md,Num Ap,Num Ad,NoI_bw(GBps),tokens_per_sec,TTFT(s),placer,req_scheduler,task_scheduler,source_kind,source_label,source_root,source_dir,simulator_dir,run_dir,is_pareto
2,2,0,0,16,6,256,130.21,10.16375019047619,bw,static,static,results,Results,Results_LLAMA31,LLAMA3-ARXIV-Results,simulator_output_LLAMA3-ARXIV_bwplacement_bs2_staticreq_statictask,SCRUBBED_TIME+LLAMA3-ARXIV_BMPD256_2_16_6,False
2,2,0,0,17,5,256,115.18,10.330105444444444,bw,static,static,results,Results,Results_LLAMA31,LLAMA3-ARXIV-Results,simulator_output_LLAMA3-ARXIV_bwplacement_bs2_staticreq_statictask,SCRUBBED_TIME+LLAMA3-ARXIV_BMPD256_2_17_5,False
2,2,0,0,15,7,256,146.27,10.337942272727274,bw,static,static,results,Results,Results_LLAMA31,LLAMA3-ARXIV-Results,simulator_output_LLAMA3-ARXIV_bwplacement_bs2_staticreq_statictask,SCRUBBED_TIME+LLAMA3-ARXIV_BMPD256_2_15_7,False
2,2,0,0,18,4,256,101.2,10.41402593939394,bw,static,static,results,Results,Results_LLAMA31,LLAMA3-ARXIV-Results,simulator_output_LLAMA3-ARXIV_bwplacement_bs2_staticreq_statictask,SCRUBBED_TIME+LLAMA3-ARXIV_BMPD256_2_18_4,False
2,2,0,0,14,8,256,166.37,10.462728173913042,bw,static,static,results,Results,Results_LLAMA31,LLAMA3-ARXIV-Results,simulator_output_LLAMA3-ARXIV_bwplacement_bs2_staticreq_statictask,SCRUBBED_TIME+LLAMA3-ARXIV_BMPD256_2_14_8,False
2,2,0,0,11,11,256,170.69,10.473141217391303,bw,static,static,results,Results,Results_LLAMA31,LLAMA3-ARXIV-Results,simulator_output_LLAMA3-ARXIV_bwplacement_bs2_staticreq_statictask,SCRUBBED_TIME+LLAMA3-ARXIV_BMPD256_2_11_11,False
2,2,0,0,13,9,256,162.81,10.538780347826089,bw,static,static,results,Results,Results_LLAMA31,LLAMA3-ARXIV-Results,simulator_output_LLAMA3-ARXIV_bwplacement_bs2_staticreq_statictask,SCRUBBED_TIME+LLAMA3-ARXIV_BMPD256_2_13_9,False
2,13,0,0,8,3,256,71.66,10.67616104347826,bw,static,static,results,Results,Results_LLAMA31,LLAMA3-ARXIV-Results,simulator_output_LLAMA3-ARXIV_bwplacement_bs2_staticreq_statictask,SCRUBBED_TIME+LLAMA3-ARXIV_BMPD256_13_8_3,False
2,13,0,0,9,2,256,50.33,10.789675,bw,static,static,results,Results,Results_LLAMA31,LLAMA3-ARXIV-Results,simulator_output_LLAMA3-ARXIV_bwplacement_bs2_staticreq_statictask,SCRUBBED_TIME+LLAMA3-ARXIV_BMPD256_13_9_2,False
2,2,0,0,19,3,256,74.96,10.795296592592594,bw,static,static,results,Results,Results_LLAMA31,LLAMA3-ARXIV-Results,simulator_output_LLAMA3-ARXIV_bwplacement_bs2_staticreq_statictask,SCRUBBED_TIME+LLAMA3-ARXIV_BMPD256_2_19_3,False
2,2,0,0,16,6,384,154.32,10.81398568888889,bw,static,static,results,Results,Results_LLAMA31,LLAMA3-ARXIV-Results,simulator_output_LLAMA3-ARXIV_bwplacement_bs2_staticreq_statictask,SCRUBBED_TIME+LLAMA3-ARXIV_BMPD384_2_16_6,False
2,12,0,0,8,4,256,98.41,10.84995503448276,bw,static,static,results,Results,Results_LLAMA31,LLAMA3-ARXIV-Results,simulator_output_LLAMA3-ARXIV_bwplacement_bs2_staticreq_statictask,SCRUBBED_TIME+LLAMA3-ARXIV_BMPD256_12_8_4,False
2,2,0,0,17,5,384,147.48,10.911318545454543,bw,static,static,results,Results,Results_LLAMA31,LLAMA3-ARXIV-Results,simulator_output_LLAMA3-ARXIV_bwplacement_bs2_staticreq_statictask,SCRUBBED_TIME+LLAMA3-ARXIV_BMPD384_2_17_5,False
2,2,0,0,14,8,384,162.96,11.190061244444443,bw,static,static,results,Results,Results_LLAMA31,LLAMA3-ARXIV-Results,simulator_output_LLAMA3-ARXIV_bwplacement_bs2_staticreq_statictask,SCRUBBED_TIME+LLAMA3-ARXIV_BMPD384_2_14_8,False
2,2,0,0,10,12,256,169.94,11.19934556521739,bw,static,static,results,Results,Results_LLAMA31,LLAMA3-ARXIV-Results,simulator_output_LLAMA3-ARXIV_bwplacement_bs2_staticreq_statictask,SCRUBBED_TIME+LLAMA3-ARXIV_BMPD256_2_10_12,False
2,12,0,0,9,3,256,72.54,11.2484655,bw,static,static,results,Results,Results_LLAMA31,LLAMA3-ARXIV-Results,simulator_output_LLAMA3-ARXIV_bwplacement_bs2_staticreq_statictask,SCRUBBED_TIME+LLAMA3-ARXIV_BMPD256_12_9_3,False
2,2,0,0,12,10,384,161.09,11.3150568,bw,static,static,results,Results,Results_LLAMA31,LLAMA3-ARXIV-Results,simulator_output_LLAMA3-ARXIV_bwplacement_bs2_staticreq_statictask,SCRUBBED_TIME+LLAMA3-ARXIV_BMPD384_2_12_10,False
2,11,0,0,8,5,256,111.75,11.338947151515152,bw,static,static,results,Results,Results_LLAMA31,LLAMA3-ARXIV-Results,simulator_output_LLAMA3-ARXIV_bwplacement_bs2_staticreq_statictask,SCRUBBED_TIME+LLAMA3-ARXIV_BMPD256_11_8_5,False
2,2,0,0,19,3,384,115.84,11.411783888888888,bw,static,static,results,Results,Results_LLAMA31,LLAMA3-ARXIV-Results,simulator_output_LLAMA3-ARXIV_bwplacement_bs2_staticreq_statictask,SCRUBBED_TIME+LLAMA3-ARXIV_BMPD384_2_19_3,False
2,2,0,0,9,13,384,163.47,11.439999022222224,bw,static,static,results,Results,Results_LLAMA31,LLAMA3-ARXIV-Results,simulator_output_LLAMA3-ARXIV_bwplacement_bs2_staticreq_statictask,SCRUBBED_TIME+LLAMA3-ARXIV_BMPD384_2_9_13,False
2,2,0,0,18,4,384,140.1,11.478365523809524,bw,static,static,results,Results,Results_LLAMA31,LLAMA3-ARXIV-Results,simulator_output_LLAMA3-ARXIV_bwplacement_bs2_staticreq_statictask,SCRUBBED_TIME+LLAMA3-ARXIV_BMPD384_2_18_4,False
2,11,0,0,9,4,256,99.2,11.503768827586208,bw,static,static,results,Results,Results_LLAMA31,LLAMA3-ARXIV-Results,simulator_output_LLAMA3-ARXIV_bwplacement_bs2_staticreq_statictask,SCRUBBED_TIME+LLAMA3-ARXIV_BMPD256_11_9_4,False
2,14,0,0,8,2,256,49.45,11.525015058823527,bw,static,static,results,Results,Results_LLAMA31,LLAMA3-ARXIV-Results,simulator_output_LLAMA3-ARXIV_bwplacement_bs2_staticreq_statictask,SCRUBBED_TIME+LLAMA3-ARXIV_BMPD256_14_8_2,False
2,2,0,0,15,7,384,156.98,11.526994577777776,bw,static,static,results,Results,Results_LLAMA31,LLAMA3-ARXIV-Results,simulator_output_LLAMA3-ARXIV_bwplacement_bs2_staticreq_statictask,SCRUBBED_TIME+LLAMA3-ARXIV_BMPD384_2_15_7,False
2,2,0,0,20,2,256,52.36,11.568033636363635,bw,static,static,results,Results,Results_LLAMA31,LLAMA3-ARXIV-Results,simulator_output_LLAMA3-ARXIV_bwplacement_bs2_staticreq_statictask,SCRUBBED_TIME+LLAMA3-ARXIV_BMPD256_2_20_2,False
2,9,0,0,9,6,256,130.47,11.614421853658536,bw,static,static,results,Results,Results_LLAMA31,LLAMA3-ARXIV-Results,simulator_output_LLAMA3-ARXIV_bwplacement_bs2_staticreq_statictask,SCRUBBED_TIME+LLAMA3-ARXIV_BMPD256_9_9_6,False
2,2,0,0,13,9,384,157.92,11.632990133333331,bw,static,static,results,Results,Results_LLAMA31,LLAMA3-ARXIV-Results,simulator_output_LLAMA3-ARXIV_bwplacement_bs2_staticreq_statictask,SCRUBBED_TIME+LLAMA3-ARXIV_BMPD384_2_13_9,False
2,2,0,0,11,11,384,160.55,11.655387911111111,bw,static,static,results,Results,Results_LLAMA31,LLAMA3-ARXIV-Results,simulator_output_LLAMA3-ARXIV_bwplacement_bs2_staticreq_statictask,SCRUBBED_TIME+LLAMA3-ARXIV_BMPD384_2_11_11,False
2,10,0,0,9,5,256,113.43,11.675274888888888,bw,static,static,results,Results,Results_LLAMA31,LLAMA3-ARXIV-Results,simulator_output_LLAMA3-ARXIV_bwplacement_bs2_staticreq_statictask,SCRUBBED_TIME+LLAMA3-ARXIV_BMPD256_10_9_5,False
2,13,0,0,9,2,384,79.58,11.681246615384616,bw,static,static,results,Results,Results_LLAMA31,LLAMA3-ARXIV-Results,simulator_output_LLAMA3-ARXIV_bwplacement_bs2_staticreq_statictask,SCRUBBED_TIME+LLAMA3-ARXIV_BMPD384_13_9_2,False
2,6,0,0,12,6,256,133.2,11.780024090909093,bw,static,static,results,Results,Results_LLAMA31,LLAMA3-ARXIV-Results,simulator_output_LLAMA3-ARXIV_bwplacement_bs2_staticreq_statictask,SCRUBBED_TIME+LLAMA3-ARXIV_BMPD256_6_12_6,False
2,12,0,0,9,3,384,114.47,11.795654909090908,bw,static,static,results,Results,Results_LLAMA31,LLAMA3-ARXIV-Results,simulator_output_LLAMA3-ARXIV_bwplacement_bs2_staticreq_statictask,SCRUBBED_TIME+LLAMA3-ARXIV_BMPD384_12_9_3,False
2,8,0,0,9,7,256,151.64,11.845467272727271,bw,static,static,results,Results,Results_LLAMA31,LLAMA3-ARXIV-Results,simulator_output_LLAMA3-ARXIV_bwplacement_bs2_staticreq_statictask,SCRUBBED_TIME+LLAMA3-ARXIV_BMPD256_8_9_7,False
2,9,0,0,8,7,256,148.62,11.846678976744188,bw,static,static,results,Results,Results_LLAMA31,LLAMA3-ARXIV-Results,simulator_output_LLAMA3-ARXIV_bwplacement_bs2_staticreq_statictask,SCRUBBED_TIME+LLAMA3-ARXIV_BMPD256_9_8_7,False
2,15,0,0,8,1,384,40.61,11.87991025,bw,static,static,results,Results,Results_LLAMA31,LLAMA3-ARXIV-Results,simulator_output_LLAMA3-ARXIV_bwplacement_bs2_staticreq_statictask,SCRUBBED_TIME+LLAMA3-ARXIV_BMPD384_15_8_1,False
2,11,0,0,9,4,384,152.45,11.937141272727274,bw,static,static,results,Results,Results_LLAMA31,LLAMA3-ARXIV-Results,simulator_output_LLAMA3-ARXIV_bwplacement_bs2_staticreq_statictask,SCRUBBED_TIME+LLAMA3-ARXIV_BMPD384_11_9_4,False
2,2,0,0,10,12,384,159.52,11.937859022222224,bw,static,static,results,Results,Results_LLAMA31,LLAMA3-ARXIV-Results,simulator_output_LLAMA3-ARXIV_bwplacement_bs2_staticreq_statictask,SCRUBBED_TIME+LLAMA3-ARXIV_BMPD384_2_10_12,False
2,10,0,0,8,6,256,128.72,11.991002256410257,bw,static,static,results,Results,Results_LLAMA31,LLAMA3-ARXIV-Results,simulator_output_LLAMA3-ARXIV_bwplacement_bs2_staticreq_statictask,SCRUBBED_TIME+LLAMA3-ARXIV_BMPD256_10_8_6,False
2,2,0,0,8,14,384,159.44,12.01500791111111,bw,static,static,results,Results,Results_LLAMA31,LLAMA3-ARXIV-Results,simulator_output_LLAMA3-ARXIV_bwplacement_bs2_staticreq_statictask,SCRUBBED_TIME+LLAMA3-ARXIV_BMPD384_2_8_14,False
2,16,0,0,5,3,256,65.47,12.022506363636364,bw,static,static,results,Results,Results_LLAMA31,LLAMA3-ARXIV-Results,simulator_output_LLAMA3-ARXIV_bwplacement_bs2_staticreq_statictask,SCRUBBED_TIME+LLAMA3-ARXIV_BMPD256_16_5_3,False
2,7,0,0,12,5,256,115.34,12.036155444444445,bw,static,static,results,Results,Results_LLAMA31,LLAMA3-ARXIV-Results,simulator_output_LLAMA3-ARXIV_bwplacement_bs2_staticreq_statictask,SCRUBBED_TIME+LLAMA3-ARXIV_BMPD256_7_12_5,False
2,9,0,0,12,3,256,74.24,12.139129384615384,bw,static,static,results,Results,Results_LLAMA31,LLAMA3-ARXIV-Results,simulator_output_LLAMA3-ARXIV_bwplacement_bs2_staticreq_statictask,SCRUBBED_TIME+LLAMA3-ARXIV_BMPD256_9_12_3,False
2,8,0,0,12,4,256,101.15,12.152956242424242,bw,static,static,results,Results,Results_LLAMA31,LLAMA3-ARXIV-Results,simulator_output_LLAMA3-ARXIV_bwplacement_bs2_staticreq_statictask,SCRUBBED_TIME+LLAMA3-ARXIV_BMPD256_8_12_4,False
2,10,0,0,12,2,256,51.82,12.209665454545457,bw,static,static,results,Results,Results_LLAMA31,LLAMA3-ARXIV-Results,simulator_output_LLAMA3-ARXIV_bwplacement_bs2_staticreq_statictask,SCRUBBED_TIME+LLAMA3-ARXIV_BMPD256_10_12_2,False
2,15,0,0,8,1,256,25.66,12.221001666666666,bw,static,static,results,Results,Results_LLAMA31,LLAMA3-ARXIV-Results,simulator_output_LLAMA3-ARXIV_bwplacement_bs2_staticreq_statictask,SCRUBBED_TIME+LLAMA3-ARXIV_BMPD256_15_8_1,False
2,13,0,0,8,3,384,105.38,12.260360827586208,bw,static,static,results,Results,Results_LLAMA31,LLAMA3-ARXIV-Results,simulator_output_LLAMA3-ARXIV_bwplacement_bs2_staticreq_statictask,SCRUBBED_TIME+LLAMA3-ARXIV_BMPD384_13_8_3,False
2,15,0,0,6,3,256,65.41,12.36083818181818,bw,static,static,results,Results,Results_LLAMA31,LLAMA3-ARXIV-Results,simulator_output_LLAMA3-ARXIV_bwplacement_bs2_staticreq_statictask,SCRUBBED_TIME+LLAMA3-ARXIV_BMPD256_15_6_3,False
2,5,0,0,12,7,256,154.65,12.38088904347826,bw,static,static,results,Results,Results_LLAMA31,LLAMA3-ARXIV-Results,simulator_output_LLAMA3-ARXIV_bwplacement_bs2_staticreq_statictask,SCRUBBED_TIME+LLAMA3-ARXIV_BMPD256_5_12_7,False
2,9,0,0,12,3,384,118.12,12.39667,bw,static,static,results,Results,Results_LLAMA31,LLAMA3-ARXIV-Results,simulator_output_LLAMA3-ARXIV_bwplacement_bs2_staticreq_statictask,SCRUBBED_TIME+LLAMA3-ARXIV_BMPD384_9_12_3,False
2,14,0,0,8,2,384,78.43,12.43200624,bw,static,static,results,Results,Results_LLAMA31,LLAMA3-ARXIV-Results,simulator_output_LLAMA3-ARXIV_bwplacement_bs2_staticreq_statictask,SCRUBBED_TIME+LLAMA3-ARXIV_BMPD384_14_8_2,False
2,15,0,0,7,2,256,48.08,12.43724175,bw,static,static,results,Results,Results_LLAMA31,LLAMA3-ARXIV-Results,simulator_output_LLAMA3-ARXIV_bwplacement_bs2_staticreq_statictask,SCRUBBED_TIME+LLAMA3-ARXIV_BMPD256_15_7_2,False
2,12,0,0,8,4,384,147.3,12.4559713,bw,static,static,results,Results,Results_LLAMA31,LLAMA3-ARXIV-Results,simulator_output_LLAMA3-ARXIV_bwplacement_bs2_staticreq_statictask,SCRUBBED_TIME+LLAMA3-ARXIV_BMPD384_12_8_4,False
2,4,0,0,16,4,256,102.36,12.462363777777778,bw,static,static,results,Results,Results_LLAMA31,LLAMA3-ARXIV-Results,simulator_output_LLAMA3-ARXIV_bwplacement_bs2_staticreq_statictask,SCRUBBED_TIME+LLAMA3-ARXIV_BMPD256_4_16_4,False
2,7,0,0,11,6,256,130.38,12.467987727272726,bw,static,static,results,Results,Results_LLAMA31,LLAMA3-ARXIV-Results,simulator_output_LLAMA3-ARXIV_bwplacement_bs2_staticreq_statictask,SCRUBBED_TIME+LLAMA3-ARXIV_BMPD256_7_11_6,False
2,8,0,0,8,8,256,184.34,12.47367888,bw,static,static,results,Results,Results_LLAMA31,LLAMA3-ARXIV-Results,simulator_output_LLAMA3-ARXIV_bwplacement_bs2_staticreq_statictask,SCRUBBED_TIME+LLAMA3-ARXIV_BMPD256_8_8_8,False
2,2,0,0,7,15,256,163.88,12.483691644444445,bw,static,static,results,Results,Results_LLAMA31,LLAMA3-ARXIV-Results,simulator_output_LLAMA3-ARXIV_bwplacement_bs2_staticreq_statictask,SCRUBBED_TIME+LLAMA3-ARXIV_BMPD256_2_7_15,False
2,11,0,0,8,5,384,168.04,12.556168545454543,bw,static,static,results,Results,Results_LLAMA31,LLAMA3-ARXIV-Results,simulator_output_LLAMA3-ARXIV_bwplacement_bs2_staticreq_statictask,SCRUBBED_TIME+LLAMA3-ARXIV_BMPD384_11_8_5,False
2,10,0,0,9,5,384,173.62,12.583538521739133,bw,static,static,results,Results,Results_LLAMA31,LLAMA3-ARXIV-Results,simulator_output_LLAMA3-ARXIV_bwplacement_bs2_staticreq_statictask,SCRUBBED_TIME+LLAMA3-ARXIV_BMPD384_10_9_5,False
2,2,0,0,21,1,256,28.9,12.600948,bw,static,static,results,Results,Results_LLAMA31,LLAMA3-ARXIV-Results,simulator_output_LLAMA3-ARXIV_bwplacement_bs2_staticreq_statictask,SCRUBBED_TIME+LLAMA3-ARXIV_BMPD256_2_21_1,False
2,6,0,0,11,7,256,153.35,12.648678173913042,bw,static,static,results,Results,Results_LLAMA31,LLAMA3-ARXIV-Results,simulator_output_LLAMA3-ARXIV_bwplacement_bs2_staticreq_statictask,SCRUBBED_TIME+LLAMA3-ARXIV_BMPD256_6_11_7,False
2,7,0,0,8,9,256,176.56,12.65872088,bw,static,static,results,Results,Results_LLAMA31,LLAMA3-ARXIV-Results,simulator_output_LLAMA3-ARXIV_bwplacement_bs2_staticreq_statictask,SCRUBBED_TIME+LLAMA3-ARXIV_BMPD256_7_8_9,False
2,7,0,0,12,5,384,178.72,12.68390016,bw,static,static,results,Results,Results_LLAMA31,LLAMA3-ARXIV-Results,simulator_output_LLAMA3-ARXIV_bwplacement_bs2_staticreq_statictask,SCRUBBED_TIME+LLAMA3-ARXIV_BMPD384_7_12_5,False
2,10,0,0,10,4,256,97.71,12.68554412121212,bw,static,static,results,Results,Results_LLAMA31,LLAMA3-ARXIV-Results,simulator_output_LLAMA3-ARXIV_bwplacement_bs2_staticreq_statictask,SCRUBBED_TIME+LLAMA3-ARXIV_BMPD256_10_10_4,False
2,16,0,0,6,2,256,47.05,12.68720425,bw,static,static,results,Results,Results_LLAMA31,LLAMA3-ARXIV-Results,simulator_output_LLAMA3-ARXIV_bwplacement_bs2_staticreq_statictask,SCRUBBED_TIME+LLAMA3-ARXIV_BMPD256_16_6_2,False
2,14,0,0,7,3,256,68.13,12.714287130434784,bw,static,static,results,Results,Results_LLAMA31,LLAMA3-ARXIV-Results,simulator_output_LLAMA3-ARXIV_bwplacement_bs2_staticreq_statictask,SCRUBBED_TIME+LLAMA3-ARXIV_BMPD256_14_7_3,False
2,9,0,0,11,4,384,154.55,12.73440568888889,bw,static,static,results,Results,Results_LLAMA31,LLAMA3-ARXIV-Results,simulator_output_LLAMA3-ARXIV_bwplacement_bs2_staticreq_statictask,SCRUBBED_TIME+LLAMA3-ARXIV_BMPD384_9_11_4,False
2,8,0,0,12,4,384,157.08,12.758045688888888,bw,static,static,results,Results,Results_LLAMA31,LLAMA3-ARXIV-Results,simulator_output_LLAMA3-ARXIV_bwplacement_bs2_staticreq_statictask,SCRUBBED_TIME+LLAMA3-ARXIV_BMPD384_8_12_4,False
2,2,0,0,21,1,384,42.85,12.767632,bw,static,static,results,Results,Results_LLAMA31,LLAMA3-ARXIV-Results,simulator_output_LLAMA3-ARXIV_bwplacement_bs2_staticreq_statictask,SCRUBBED_TIME+LLAMA3-ARXIV_BMPD384_2_21_1,False
2,9,0,0,10,5,256,111.72,12.76856377777778,bw,static,static,results,Results,Results_LLAMA31,LLAMA3-ARXIV-Results,simulator_output_LLAMA3-ARXIV_bwplacement_bs2_staticreq_statictask,SCRUBBED_TIME+LLAMA3-ARXIV_BMPD256_9_10_5,False
2,2,0,0,20,2,384,80.5,12.77335762962963,bw,static,static,results,Results,Results_LLAMA31,LLAMA3-ARXIV-Results,simulator_output_LLAMA3-ARXIV_bwplacement_bs2_staticreq_statictask,SCRUBBED_TIME+LLAMA3-ARXIV_BMPD384_2_20_2,False
2,8,0,0,10,6,256,129.86,12.823774325581397,bw,static,static,results,Results,Results_LLAMA31,LLAMA3-ARXIV-Results,simulator_output_LLAMA3-ARXIV_bwplacement_bs2_staticreq_statictask,SCRUBBED_TIME+LLAMA3-ARXIV_BMPD256_8_10_6,False
2,2,0,0,14,8,512,155.25,12.839323636363636,bw,static,static,results,Results,Results_LLAMA31,LLAMA3-ARXIV-Results,simulator_output_LLAMA3-ARXIV_bwplacement_bs2_staticreq_statictask,SCRUBBED_TIME+LLAMA3-ARXIV_BMPD512_2_14_8,False
2,3,0,0,17,4,256,101.94,12.842674888888888,bw,static,static,results,Results,Results_LLAMA31,LLAMA3-ARXIV-Results,simulator_output_LLAMA3-ARXIV_bwplacement_bs2_staticreq_statictask,SCRUBBED_TIME+LLAMA3-ARXIV_BMPD256_3_17_4,False
2,12,0,0,10,2,384,79.99,12.871158153846157,bw,static,static,results,Results,Results_LLAMA31,LLAMA3-ARXIV-Results,simulator_output_LLAMA3-ARXIV_bwplacement_bs2_staticreq_statictask,SCRUBBED_TIME+LLAMA3-ARXIV_BMPD384_12_10_2,False
2,9,0,0,9,6,384,195.38,12.87132416,bw,static,static,results,Results,Results_LLAMA31,LLAMA3-ARXIV-Results,simulator_output_LLAMA3-ARXIV_bwplacement_bs2_staticreq_statictask,SCRUBBED_TIME+LLAMA3-ARXIV_BMPD384_9_9_6,False
2,10,0,0,8,6,384,187.49,12.886049959183676,bw,static,static,results,Results,Results_LLAMA31,LLAMA3-ARXIV-Results,simulator_output_LLAMA3-ARXIV_bwplacement_bs2_staticreq_statictask,SCRUBBED_TIME+LLAMA3-ARXIV_BMPD384_10_8_6,False
2,3,0,0,9,12,256,196.4,12.88975459649123,bw,static,static,results,Results,Results_LLAMA31,LLAMA3-ARXIV-Results,simulator_output_LLAMA3-ARXIV_bwplacement_bs2_staticreq_statictask,SCRUBBED_TIME+LLAMA3-ARXIV_BMPD256_3_9_12,False
2,14,0,0,9,1,384,40.7,12.89066025,bw,static,static,results,Results,Results_LLAMA31,LLAMA3-ARXIV-Results,simulator_output_LLAMA3-ARXIV_bwplacement_bs2_staticreq_statictask,SCRUBBED_TIME+LLAMA3-ARXIV_BMPD384_14_9_1,False
2,10,0,0,10,4,384,154.11,12.926741244444443,bw,static,static,results,Results,Results_LLAMA31,LLAMA3-ARXIV-Results,simulator_output_LLAMA3-ARXIV_bwplacement_bs2_staticreq_statictask,SCRUBBED_TIME+LLAMA3-ARXIV_BMPD384_10_10_4,False
2,6,0,0,9,9,256,180.66,12.94063088,bw,static,static,results,Results,Results_LLAMA31,LLAMA3-ARXIV-Results,simulator_output_LLAMA3-ARXIV_bwplacement_bs2_staticreq_statictask,SCRUBBED_TIME+LLAMA3-ARXIV_BMPD256_6_9_9,False
2,10,0,0,11,3,256,73.38,12.96066325925926,bw,static,static,results,Results,Results_LLAMA31,LLAMA3-ARXIV-Results,simulator_output_LLAMA3-ARXIV_bwplacement_bs2_staticreq_statictask,SCRUBBED_TIME+LLAMA3-ARXIV_BMPD256_10_11_3,False
2,4,0,0,17,3,256,75.66,12.996176375,bw,static,static,results,Results,Results_LLAMA31,LLAMA3-ARXIV-Results,simulator_output_LLAMA3-ARXIV_bwplacement_bs2_staticreq_statictask,SCRUBBED_TIME+LLAMA3-ARXIV_BMPD256_4_17_3,False
2,3,0,0,13,8,256,182.85,13.007437629629628,bw,static,static,results,Results,Results_LLAMA31,LLAMA3-ARXIV-Results,simulator_output_LLAMA3-ARXIV_bwplacement_bs2_staticreq_statictask,SCRUBBED_TIME+LLAMA3-ARXIV_BMPD256_3_13_8,False
2,13,0,0,7,4,256,93.21,13.01446325925926,bw,static,static,results,Results,Results_LLAMA31,LLAMA3-ARXIV-Results,simulator_output_LLAMA3-ARXIV_bwplacement_bs2_staticreq_statictask,SCRUBBED_TIME+LLAMA3-ARXIV_BMPD256_13_7_4,False
2,7,0,0,10,7,256,151.88,13.033153866666668,bw,static,static,results,Results,Results_LLAMA31,LLAMA3-ARXIV-Results,simulator_output_LLAMA3-ARXIV_bwplacement_bs2_staticreq_statictask,SCRUBBED_TIME+LLAMA3-ARXIV_BMPD256_7_10_7,False
2,9,0,0,10,5,384,175.21,13.041094857142856,bw,static,static,results,Results,Results_LLAMA31,LLAMA3-ARXIV-Results,simulator_output_LLAMA3-ARXIV_bwplacement_bs2_staticreq_statictask,SCRUBBED_TIME+LLAMA3-ARXIV_BMPD384_9_10_5,False
2,15,0,0,5,4,256,89.12,13.071956695652174,bw,static,static,results,Results,Results_LLAMA31,LLAMA3-ARXIV-Results,simulator_output_LLAMA3-ARXIV_bwplacement_bs2_staticreq_statictask,SCRUBBED_TIME+LLAMA3-ARXIV_BMPD256_15_5_4,False
2,15,0,0,7,2,384,74.91,13.075210782608696,bw,static,static,results,Results,Results_LLAMA31,LLAMA3-ARXIV-Results,simulator_output_LLAMA3-ARXIV_bwplacement_bs2_staticreq_statictask,SCRUBBED_TIME+LLAMA3-ARXIV_BMPD384_15_7_2,False
2,4,0,0,12,8,256,187.56,13.075660981132074,bw,static,static,results,Results,Results_LLAMA31,LLAMA3-ARXIV-Results,simulator_output_LLAMA3-ARXIV_bwplacement_bs2_staticreq_statictask,SCRUBBED_TIME+LLAMA3-ARXIV_BMPD256_4_12_8,False
2,16,0,0,6,2,384,74.74,13.092252,bw,static,static,results,Results,Results_LLAMA31,LLAMA3-ARXIV-Results,simulator_output_LLAMA3-ARXIV_bwplacement_bs2_staticreq_statictask,SCRUBBED_TIME+LLAMA3-ARXIV_BMPD384_16_6_2,False
2,12,0,0,10,2,256,50.31,13.095995,bw,static,static,results,Results,Results_LLAMA31,LLAMA3-ARXIV-Results,simulator_output_LLAMA3-ARXIV_bwplacement_bs2_staticreq_statictask,SCRUBBED_TIME+LLAMA3-ARXIV_BMPD256_12_10_2,False
2,3,0,0,16,5,256,114.6,13.12086681081081,bw,static,static,results,Results,Results_LLAMA31,LLAMA3-ARXIV-Results,simulator_output_LLAMA3-ARXIV_bwplacement_bs2_staticreq_statictask,SCRUBBED_TIME+LLAMA3-ARXIV_BMPD256_3_16_5,False
2,5,0,0,16,3,256,76.15,13.1248636,bw,static,static,results,Results,Results_LLAMA31,LLAMA3-ARXIV-Results,simulator_output_LLAMA3-ARXIV_bwplacement_bs2_staticreq_statictask,SCRUBBED_TIME+LLAMA3-ARXIV_BMPD256_5_16_3,False
2,16,0,0,5,3,384,99.92,13.185124296296296,bw,static,static,results,Results,Results_LLAMA31,LLAMA3-ARXIV-Results,simulator_output_LLAMA3-ARXIV_bwplacement_bs2_staticreq_statictask,SCRUBBED_TIME+LLAMA3-ARXIV_BMPD384_16_5_3,False
2,11,0,0,10,3,256,71.52,13.195156307692308,bw,static,static,results,Results,Results_LLAMA31,LLAMA3-ARXIV-Results,simulator_output_LLAMA3-ARXIV_bwplacement_bs2_staticreq_statictask,SCRUBBED_TIME+LLAMA3-ARXIV_BMPD256_11_10_3,False
2,3,0,0,11,10,256,171.83,13.19738362264151,bw,static,static,results,Results,Results_LLAMA31,LLAMA3-ARXIV-Results,simulator_output_LLAMA3-ARXIV_bwplacement_bs2_staticreq_statictask,SCRUBBED_TIME+LLAMA3-ARXIV_BMPD256_3_11_10,False
2,9,0,0,11,4,256,98.35,13.20414124137931,bw,static,static,results,Results,Results_LLAMA31,LLAMA3-ARXIV-Results,simulator_output_LLAMA3-ARXIV_bwplacement_bs2_staticreq_statictask,SCRUBBED_TIME+LLAMA3-ARXIV_BMPD256_9_11_4,False
2,3,0,0,16,5,384,167.09,13.22928603773585,bw,static,static,results,Results,Results_LLAMA31,LLAMA3-ARXIV-Results,simulator_output_LLAMA3-ARXIV_bwplacement_bs2_staticreq_statictask,SCRUBBED_TIME+LLAMA3-ARXIV_BMPD384_3_16_5,False
2,11,0,0,11,2,256,50.7,13.233451238095238,bw,static,static,results,Results,Results_LLAMA31,LLAMA3-ARXIV-Results,simulator_output_LLAMA3-ARXIV_bwplacement_bs2_staticreq_statictask,SCRUBBED_TIME+LLAMA3-ARXIV_BMPD256_11_11_2,False
2,12,0,0,7,5,256,104.94,13.2486636,bw,static,static,results,Results,Results_LLAMA31,LLAMA3-ARXIV-Results,simulator_output_LLAMA3-ARXIV_bwplacement_bs2_staticreq_statictask,SCRUBBED_TIME+LLAMA3-ARXIV_BMPD256_12_7_5,False
2,3,0,0,10,11,256,193.5,13.252368631578946,bw,static,static,results,Results,Results_LLAMA31,LLAMA3-ARXIV-Results,simulator_output_LLAMA3-ARXIV_bwplacement_bs2_staticreq_statictask,SCRUBBED_TIME+LLAMA3-ARXIV_BMPD256_3_10_11,False
2,6,0,0,10,8,256,186.45,13.280196078431374,bw,static,static,results,Results,Results_LLAMA31,LLAMA3-ARXIV-Results,simulator_output_LLAMA3-ARXIV_bwplacement_bs2_staticreq_statictask,SCRUBBED_TIME+LLAMA3-ARXIV_BMPD256_6_10_8,False
2,10,0,0,11,3,384,115.13,13.292942222222225,bw,static,static,results,Results,Results_LLAMA31,LLAMA3-ARXIV-Results,simulator_output_LLAMA3-ARXIV_bwplacement_bs2_staticreq_statictask,SCRUBBED_TIME+LLAMA3-ARXIV_BMPD384_10_11_3,False
2,3,0,0,17,4,384,151.52,13.298523428571428,bw,static,static,results,Results,Results_LLAMA31,LLAMA3-ARXIV-Results,simulator_output_LLAMA3-ARXIV_bwplacement_bs2_staticreq_statictask,SCRUBBED_TIME+LLAMA3-ARXIV_BMPD384_3_17_4,False
2,10,0,0,12,2,384,82.12,13.30136874074074,bw,static,static,results,Results,Results_LLAMA31,LLAMA3-ARXIV-Results,simulator_output_LLAMA3-ARXIV_bwplacement_bs2_staticreq_statictask,SCRUBBED_TIME+LLAMA3-ARXIV_BMPD384_10_12_2,False
2,3,0,0,14,7,256,151.11,13.318793391304348,bw,static,static,results,Results,Results_LLAMA31,LLAMA3-ARXIV-Results,simulator_output_LLAMA3-ARXIV_bwplacement_bs2_staticreq_statictask,SCRUBBED_TIME+LLAMA3-ARXIV_BMPD256_3_14_7,False
2,2,0,0,6,16,256,160.69,13.319849422222225,bw,static,static,results,Results,Results_LLAMA31,LLAMA3-ARXIV-Results,simulator_output_LLAMA3-ARXIV_bwplacement_bs2_staticreq_statictask,SCRUBBED_TIME+LLAMA3-ARXIV_BMPD256_2_6_16,False
2,11,0,0,11,2,384,79.76,13.325488923076923,bw,static,static,results,Results,Results_LLAMA31,LLAMA3-ARXIV-Results,simulator_output_LLAMA3-ARXIV_bwplacement_bs2_staticreq_statictask,SCRUBBED_TIME+LLAMA3-ARXIV_BMPD384_11_11_2,False
2,8,0,0,11,5,256,113.54,13.330111,bw,static,static,results,Results,Results_LLAMA31,LLAMA3-ARXIV-Results,simulator_output_LLAMA3-ARXIV_bwplacement_bs2_staticreq_statictask,SCRUBBED_TIME+LLAMA3-ARXIV_BMPD256_8_11_5,False
2,13,0,0,10,1,384,40.53,13.34236,bw,static,static,results,Results,Results_LLAMA31,LLAMA3-ARXIV-Results,simulator_output_LLAMA3-ARXIV_bwplacement_bs2_staticreq_statictask,SCRUBBED_TIME+LLAMA3-ARXIV_BMPD384_13_10_1,False
2,8,0,0,11,5,384,174.89,13.361581583333336,bw,static,static,results,Results,Results_LLAMA31,LLAMA3-ARXIV-Results,simulator_output_LLAMA3-ARXIV_bwplacement_bs2_staticreq_statictask,SCRUBBED_TIME+LLAMA3-ARXIV_BMPD384_8_11_5,False
2,11,0,0,10,3,384,113.06,13.362454909090909,bw,static,static,results,Results,Results_LLAMA31,LLAMA3-ARXIV-Results,simulator_output_LLAMA3-ARXIV_bwplacement_bs2_staticreq_statictask,SCRUBBED_TIME+LLAMA3-ARXIV_BMPD384_11_10_3,False
2,6,0,0,8,10,256,182.68,13.368303921568629,bw,static,static,results,Results,Results_LLAMA31,LLAMA3-ARXIV-Results,simulator_output_LLAMA3-ARXIV_bwplacement_bs2_staticreq_statictask,SCRUBBED_TIME+LLAMA3-ARXIV_BMPD256_6_8_10,False
2,6,0,0,14,4,384,158.23,13.38051243478261,bw,static,static,results,Results,Results_LLAMA31,LLAMA3-ARXIV-Results,simulator_output_LLAMA3-ARXIV_bwplacement_bs2_staticreq_statictask,SCRUBBED_TIME+LLAMA3-ARXIV_BMPD384_6_14_4,False
2,14,0,0,9,1,256,26.87,13.413418333333334,bw,static,static,results,Results,Results_LLAMA31,LLAMA3-ARXIV-Results,simulator_output_LLAMA3-ARXIV_bwplacement_bs2_staticreq_statictask,SCRUBBED_TIME+LLAMA3-ARXIV_BMPD256_14_9_1,False
2,2,0,0,19,3,512,120.75,13.416777555555557,bw,static,static,results,Results,Results_LLAMA31,LLAMA3-ARXIV-Results,simulator_output_LLAMA3-ARXIV_bwplacement_bs2_staticreq_statictask,SCRUBBED_TIME+LLAMA3-ARXIV_BMPD512_2_19_3,False
2,3,0,0,15,6,256,127.82,13.431067272727274,bw,static,static,results,Results,Results_LLAMA31,LLAMA3-ARXIV-Results,simulator_output_LLAMA3-ARXIV_bwplacement_bs2_staticreq_statictask,SCRUBBED_TIME+LLAMA3-ARXIV_BMPD256_3_15_6,False
2,12,0,0,6,6,256,114.54,13.543947111111112,bw,static,static,results,Results,Results_LLAMA31,LLAMA3-ARXIV-Results,simulator_output_LLAMA3-ARXIV_bwplacement_bs2_staticreq_statictask,SCRUBBED_TIME+LLAMA3-ARXIV_BMPD256_12_6_6,False
2,2,0,0,18,4,512,138.87,13.554987384615384,bw,static,static,results,Results,Results_LLAMA31,LLAMA3-ARXIV-Results,simulator_output_LLAMA3-ARXIV_bwplacement_bs2_staticreq_statictask,SCRUBBED_TIME+LLAMA3-ARXIV_BMPD512_2_18_4,False
2,5,0,0,8,11,256,204.46,13.558331789473684,bw,static,static,results,Results,Results_LLAMA31,LLAMA3-ARXIV-Results,simulator_output_LLAMA3-ARXIV_bwplacement_bs2_staticreq_statictask,SCRUBBED_TIME+LLAMA3-ARXIV_BMPD256_5_8_11,False
2,12,0,0,11,1,384,40.67,13.562098666666666,bw,static,static,results,Results,Results_LLAMA31,LLAMA3-ARXIV-Results,simulator_output_LLAMA3-ARXIV_bwplacement_bs2_staticreq_statictask,SCRUBBED_TIME+LLAMA3-ARXIV_BMPD384_12_11_1,False
2,5,0,0,9,10,256,178.78,13.56585882352941,bw,static,static,results,Results,Results_LLAMA31,LLAMA3-ARXIV-Results,simulator_output_LLAMA3-ARXIV_bwplacement_bs2_staticreq_statictask,SCRUBBED_TIME+LLAMA3-ARXIV_BMPD256_5_9_10,False
2,5,0,0,16,3,384,119.53,13.58279091891892,bw,static,static,results,Results,Results_LLAMA31,LLAMA3-ARXIV-Results,simulator_output_LLAMA3-ARXIV_bwplacement_bs2_staticreq_statictask,SCRUBBED_TIME+LLAMA3-ARXIV_BMPD384_5_16_3,False
2,11,0,0,12,1,384,42.26,13.592415333333332,bw,static,static,results,Results,Results_LLAMA31,LLAMA3-ARXIV-Results,simulator_output_LLAMA3-ARXIV_bwplacement_bs2_staticreq_statictask,SCRUBBED_TIME+LLAMA3-ARXIV_BMPD384_11_12_1,False
2,4,0,0,13,7,256,153.44,13.59242688,bw,static,static,results,Results,Results_LLAMA31,LLAMA3-ARXIV-Results,simulator_output_LLAMA3-ARXIV_bwplacement_bs2_staticreq_statictask,SCRUBBED_TIME+LLAMA3-ARXIV_BMPD256_4_13_7,False
2,5,0,0,11,8,256,186.75,13.596579849056605,bw,static,static,results,Results,Results_LLAMA31,LLAMA3-ARXIV-Results,simulator_output_LLAMA3-ARXIV_bwplacement_bs2_staticreq_statictask,SCRUBBED_TIME+LLAMA3-ARXIV_BMPD256_5_11_8,False
2,5,0,0,13,6,256,128.98,13.607853636363636,bw,static,static,results,Results,Results_LLAMA31,LLAMA3-ARXIV-Results,simulator_output_LLAMA3-ARXIV_bwplacement_bs2_staticreq_statictask,SCRUBBED_TIME+LLAMA3-ARXIV_BMPD256_5_13_6,False
2,16,0,0,7,1,384,40.14,13.627384533333332,bw,static,static,results,Results,Results_LLAMA31,LLAMA3-ARXIV-Results,simulator_output_LLAMA3-ARXIV_bwplacement_bs2_staticreq_statictask,SCRUBBED_TIME+LLAMA3-ARXIV_BMPD384_16_7_1,False
2,6,0,0,13,5,256,113.31,13.631294333333337,bw,static,static,results,Results,Results_LLAMA31,LLAMA3-ARXIV-Results,simulator_output_LLAMA3-ARXIV_bwplacement_bs2_staticreq_statictask,SCRUBBED_TIME+LLAMA3-ARXIV_BMPD256_6_13_5,False
2,2,0,0,5,17,256,159.02,13.642526363636364,bw,static,static,results,Results,Results_LLAMA31,LLAMA3-ARXIV-Results,simulator_output_LLAMA3-ARXIV_bwplacement_bs2_staticreq_statictask,SCRUBBED_TIME+LLAMA3-ARXIV_BMPD256_2_5_17,False
2,9,0,0,8,7,384,213.1,13.643844528301887,bw,static,static,results,Results,Results_LLAMA31,LLAMA3-ARXIV-Results,simulator_output_LLAMA3-ARXIV_bwplacement_bs2_staticreq_statictask,SCRUBBED_TIME+LLAMA3-ARXIV_BMPD384_9_8_7,False
2,3,0,0,14,7,384,201.36,13.64843242105263,bw,static,static,results,Results,Results_LLAMA31,LLAMA3-ARXIV-Results,simulator_output_LLAMA3-ARXIV_bwplacement_bs2_staticreq_statictask,SCRUBBED_TIME+LLAMA3-ARXIV_BMPD384_3_14_7,False
2,2,0,0,7,15,384,152.78,13.6525168,bw,static,static,results,Results,Results_LLAMA31,LLAMA3-ARXIV-Results,simulator_output_LLAMA3-ARXIV_bwplacement_bs2_staticreq_statictask,SCRUBBED_TIME+LLAMA3-ARXIV_BMPD384_2_7_15,False
2,7,0,0,13,4,256,99.01,13.66335018181818,bw,static,static,results,Results,Results_LLAMA31,LLAMA3-ARXIV-Results,simulator_output_LLAMA3-ARXIV_bwplacement_bs2_staticreq_statictask,SCRUBBED_TIME+LLAMA3-ARXIV_BMPD256_7_13_4,False
2,3,0,0,8,13,256,187.42,13.67606725925926,bw,static,static,results,Results,Results_LLAMA31,LLAMA3-ARXIV-Results,simulator_output_LLAMA3-ARXIV_bwplacement_bs2_staticreq_statictask,SCRUBBED_TIME+LLAMA3-ARXIV_BMPD256_3_8_13,False
2,4,0,0,14,6,256,130.96,13.690246818181818,bw,static,static,results,Results,Results_LLAMA31,LLAMA3-ARXIV-Results,simulator_output_LLAMA3-ARXIV_bwplacement_bs2_staticreq_statictask,SCRUBBED_TIME+LLAMA3-ARXIV_BMPD256_4_14_6,False
2,14,0,0,5,5,256,97.93,13.697107703703704,bw,static,static,results,Results,Results_LLAMA31,LLAMA3-ARXIV-Results,simulator_output_LLAMA3-ARXIV_bwplacement_bs2_staticreq_statictask,SCRUBBED_TIME+LLAMA3-ARXIV_BMPD256_14_5_5,False
2,3,0,0,12,9,384,202.18,13.703841192982456,bw,static,static,results,Results,Results_LLAMA31,LLAMA3-ARXIV-Results,simulator_output_LLAMA3-ARXIV_bwplacement_bs2_staticreq_statictask,SCRUBBED_TIME+LLAMA3-ARXIV_BMPD384_3_12_9,False
2,2,0,0,17,5,512,140.95,13.71470276923077,bw,static,static,results,Results,Results_LLAMA31,LLAMA3-ARXIV-Results,simulator_output_LLAMA3-ARXIV_bwplacement_bs2_staticreq_statictask,SCRUBBED_TIME+LLAMA3-ARXIV_BMPD512_2_17_5,False
2,7,0,0,11,6,384,197.46,13.715009407407408,bw,static,static,results,Results,Results_LLAMA31,LLAMA3-ARXIV-Results,simulator_output_LLAMA3-ARXIV_bwplacement_bs2_staticreq_statictask,SCRUBBED_TIME+LLAMA3-ARXIV_BMPD384_7_11_6,False
2,15,0,0,6,3,384,103.59,13.734216888888888,bw,static,static,results,Results,Results_LLAMA31,LLAMA3-ARXIV-Results,simulator_output_LLAMA3-ARXIV_bwplacement_bs2_staticreq_statictask,SCRUBBED_TIME+LLAMA3-ARXIV_BMPD384_15_6_3,False
2,8,0,0,10,6,384,199.18,13.738627547169813,bw,static,static,results,Results,Results_LLAMA31,LLAMA3-ARXIV-Results,simulator_output_LLAMA3-ARXIV_bwplacement_bs2_staticreq_statictask,SCRUBBED_TIME+LLAMA3-ARXIV_BMPD384_8_10_6,False
2,2,0,0,20,2,512,91.8,13.764289925925926,bw,static,static,results,Results,Results_LLAMA31,LLAMA3-ARXIV-Results,simulator_output_LLAMA3-ARXIV_bwplacement_bs2_staticreq_statictask,SCRUBBED_TIME+LLAMA3-ARXIV_BMPD512_2_20_2,False
2,3,0,0,18,3,256,75.24,13.77074,bw,static,static,results,Results,Results_LLAMA31,LLAMA3-ARXIV-Results,simulator_output_LLAMA3-ARXIV_bwplacement_bs2_staticreq_statictask,SCRUBBED_TIME+LLAMA3-ARXIV_BMPD256_3_18_3,False
2,4,0,0,16,4,384,155.5,13.794023304347826,bw,static,static,results,Results,Results_LLAMA31,LLAMA3-ARXIV-Results,simulator_output_LLAMA3-ARXIV_bwplacement_bs2_staticreq_statictask,SCRUBBED_TIME+LLAMA3-ARXIV_BMPD384_4_16_4,False
2,15,0,0,8,1,512,46.62,13.79928675,bw,static,static,results,Results,Results_LLAMA31,LLAMA3-ARXIV-Results,simulator_output_LLAMA3-ARXIV_bwplacement_bs2_staticreq_statictask,SCRUBBED_TIME+LLAMA3-ARXIV_BMPD512_15_8_1,False
2,7,0,0,13,4,384,155.76,13.823654577777775,bw,static,static,results,Results,Results_LLAMA31,LLAMA3-ARXIV-Results,simulator_output_LLAMA3-ARXIV_bwplacement_bs2_staticreq_statictask,SCRUBBED_TIME+LLAMA3-ARXIV_BMPD384_7_13_4,False
2,13,0,0,6,5,256,101.26,13.831459555555556,bw,static,static,results,Results,Results_LLAMA31,LLAMA3-ARXIV-Results,simulator_output_LLAMA3-ARXIV_bwplacement_bs2_staticreq_statictask,SCRUBBED_TIME+LLAMA3-ARXIV_BMPD256_13_6_5,False
2,16,0,0,4,4,256,82.84,13.835121913043478,bw,static,static,results,Results,Results_LLAMA31,LLAMA3-ARXIV-Results,simulator_output_LLAMA3-ARXIV_bwplacement_bs2_staticreq_statictask,SCRUBBED_TIME+LLAMA3-ARXIV_BMPD256_16_4_4,False
2,14,0,0,6,4,256,90.95,13.84732784,bw,static,static,results,Results,Results_LLAMA31,LLAMA3-ARXIV-Results,simulator_output_LLAMA3-ARXIV_bwplacement_bs2_staticreq_statictask,SCRUBBED_TIME+LLAMA3-ARXIV_BMPD256_14_6_4,False
2,2,0,0,16,6,512,145.51,13.854879692307692,bw,static,static,results,Results,Results_LLAMA31,LLAMA3-ARXIV-Results,simulator_output_LLAMA3-ARXIV_bwplacement_bs2_staticreq_statictask,SCRUBBED_TIME+LLAMA3-ARXIV_BMPD512_2_16_6,False
2,4,0,0,9,11,256,205.74,13.857217754385966,bw,static,static,results,Results,Results_LLAMA31,LLAMA3-ARXIV-Results,simulator_output_LLAMA3-ARXIV_bwplacement_bs2_staticreq_statictask,SCRUBBED_TIME+LLAMA3-ARXIV_BMPD256_4_9_11,False
2,6,0,0,14,4,256,100.81,13.888262514285714,bw,static,static,results,Results,Results_LLAMA31,LLAMA3-ARXIV-Results,simulator_output_LLAMA3-ARXIV_bwplacement_bs2_staticreq_statictask,SCRUBBED_TIME+LLAMA3-ARXIV_BMPD256_6_14_4,False
2,15,0,0,5,4,384,121.51,13.90565017142857,bw,static,static,results,Results,Results_LLAMA31,LLAMA3-ARXIV-Results,simulator_output_LLAMA3-ARXIV_bwplacement_bs2_staticreq_statictask,SCRUBBED_TIME+LLAMA3-ARXIV_BMPD384_15_5_4,False
2,7,0,0,10,7,384,228.31,13.917272771929824,bw,static,static,results,Results,Results_LLAMA31,LLAMA3-ARXIV-Results,simulator_output_LLAMA3-ARXIV_bwplacement_bs2_staticreq_statictask,SCRUBBED_TIME+LLAMA3-ARXIV_BMPD384_7_10_7,False
2,4,0,0,12,8,384,238.88,13.922818372881355,bw,static,static,results,Results,Results_LLAMA31,LLAMA3-ARXIV-Results,simulator_output_LLAMA3-ARXIV_bwplacement_bs2_staticreq_statictask,SCRUBBED_TIME+LLAMA3-ARXIV_BMPD384_4_12_8,False
2,5,0,0,14,5,384,177.05,13.93246250980392,bw,static,static,results,Results,Results_LLAMA31,LLAMA3-ARXIV-Results,simulator_output_LLAMA3-ARXIV_bwplacement_bs2_staticreq_statictask,SCRUBBED_TIME+LLAMA3-ARXIV_BMPD384_5_14_5,False
2,14,0,0,7,3,384,106.62,13.935440137931034,bw,static,static,results,Results,Results_LLAMA31,LLAMA3-ARXIV-Results,simulator_output_LLAMA3-ARXIV_bwplacement_bs2_staticreq_statictask,SCRUBBED_TIME+LLAMA3-ARXIV_BMPD384_14_7_3,False
2,9,0,0,13,2,256,51.21,13.95753818181818,bw,static,static,results,Results,Results_LLAMA31,LLAMA3-ARXIV-Results,simulator_output_LLAMA3-ARXIV_bwplacement_bs2_staticreq_statictask,SCRUBBED_TIME+LLAMA3-ARXIV_BMPD256_9_13_2,False
2,6,0,0,16,2,256,53.7,13.973424545454543,bw,static,static,results,Results,Results_LLAMA31,LLAMA3-ARXIV-Results,simulator_output_LLAMA3-ARXIV_bwplacement_bs2_staticreq_statictask,SCRUBBED_TIME+LLAMA3-ARXIV_BMPD256_6_16_2,False
2,12,0,0,7,5,384,154.85,14.025694604651164,bw,static,static,results,Results,Results_LLAMA31,LLAMA3-ARXIV-Results,simulator_output_LLAMA3-ARXIV_bwplacement_bs2_staticreq_statictask,SCRUBBED_TIME+LLAMA3-ARXIV_BMPD384_12_7_5,False
2,4,0,0,14,6,384,195.89,14.05577803508772,bw,static,static,results,Results,Results_LLAMA31,LLAMA3-ARXIV-Results,simulator_output_LLAMA3-ARXIV_bwplacement_bs2_staticreq_statictask,SCRUBBED_TIME+LLAMA3-ARXIV_BMPD384_4_14_6,False
2,12,0,0,8,4,512,160.07,14.062075720930231,bw,static,static,results,Results,Results_LLAMA31,LLAMA3-ARXIV-Results,simulator_output_LLAMA3-ARXIV_bwplacement_bs2_staticreq_statictask,SCRUBBED_TIME+LLAMA3-ARXIV_BMPD512_12_8_4,False
2,6,0,0,16,2,384,83.27,14.074662193548386,bw,static,static,results,Results,Results_LLAMA31,LLAMA3-ARXIV-Results,simulator_output_LLAMA3-ARXIV_bwplacement_bs2_staticreq_statictask,SCRUBBED_TIME+LLAMA3-ARXIV_BMPD384_6_16_2,False
2,5,0,0,14,5,256,114.86,14.080591555555555,bw,static,static,results,Results,Results_LLAMA31,LLAMA3-ARXIV-Results,simulator_output_LLAMA3-ARXIV_bwplacement_bs2_staticreq_statictask,SCRUBBED_TIME+LLAMA3-ARXIV_BMPD256_5_14_5,False
2,15,0,0,4,5,256,91.83,14.081752461538462,bw,static,static,results,Results,Results_LLAMA31,LLAMA3-ARXIV-Results,simulator_output_LLAMA3-ARXIV_bwplacement_bs2_staticreq_statictask,SCRUBBED_TIME+LLAMA3-ARXIV_BMPD256_15_4_5,False
2,14,0,0,8,2,512,90.58,14.09195824,bw,static,static,results,Results,Results_LLAMA31,LLAMA3-ARXIV-Results,simulator_output_LLAMA3-ARXIV_bwplacement_bs2_staticreq_statictask,SCRUBBED_TIME+LLAMA3-ARXIV_BMPD512_14_8_2,False
2,7,0,0,14,3,384,117.54,14.103961666666669,bw,static,static,results,Results,Results_LLAMA31,LLAMA3-ARXIV-Results,simulator_output_LLAMA3-ARXIV_bwplacement_bs2_staticreq_statictask,SCRUBBED_TIME+LLAMA3-ARXIV_BMPD384_7_14_3,False
2,4,0,0,8,12,256,202.87,14.104842315789474,bw,static,static,results,Results,Results_LLAMA31,LLAMA3-ARXIV-Results,simulator_output_LLAMA3-ARXIV_bwplacement_bs2_staticreq_statictask,SCRUBBED_TIME+LLAMA3-ARXIV_BMPD256_4_8_12,False
2,6,0,0,11,7,384,224.35,14.120237684210526,bw,static,static,results,Results,Results_LLAMA31,LLAMA3-ARXIV-Results,simulator_output_LLAMA3-ARXIV_bwplacement_bs2_staticreq_statictask,SCRUBBED_TIME+LLAMA3-ARXIV_BMPD384_6_11_7,False
2,7,0,0,14,3,512,137.04,14.130982727272729,bw,static,static,results,Results,Results_LLAMA31,LLAMA3-ARXIV-Results,simulator_output_LLAMA3-ARXIV_bwplacement_bs2_staticreq_statictask,SCRUBBED_TIME+LLAMA3-ARXIV_BMPD512_7_14_3,False
2,11,0,0,7,6,256,117.21,14.135333222222222,bw,static,static,results,Results,Results_LLAMA31,LLAMA3-ARXIV-Results,simulator_output_LLAMA3-ARXIV_bwplacement_bs2_staticreq_statictask,SCRUBBED_TIME+LLAMA3-ARXIV_BMPD256_11_7_6,False
2,5,0,0,17,2,256,54.68,14.138810909090909,bw,static,static,results,Results,Results_LLAMA31,LLAMA3-ARXIV-Results,simulator_output_LLAMA3-ARXIV_bwplacement_bs2_staticreq_statictask,SCRUBBED_TIME+LLAMA3-ARXIV_BMPD256_5_17_2,False
2,5,0,0,17,2,384,84.17,14.139558967741934,bw,static,static,results,Results,Results_LLAMA31,LLAMA3-ARXIV-Results,simulator_output_LLAMA3-ARXIV_bwplacement_bs2_staticreq_statictask,SCRUBBED_TIME+LLAMA3-ARXIV_BMPD384_5_17_2,False
2,4,0,0,11,9,256,180.35,14.15575720754717,bw,static,static,results,Results,Results_LLAMA31,LLAMA3-ARXIV-Results,simulator_output_LLAMA3-ARXIV_bwplacement_bs2_staticreq_statictask,SCRUBBED_TIME+LLAMA3-ARXIV_BMPD256_4_11_9,False
2,8,0,0,13,3,256,73.31,14.158804,bw,static,static,results,Results,Results_LLAMA31,LLAMA3-ARXIV-Results,simulator_output_LLAMA3-ARXIV_bwplacement_bs2_staticreq_statictask,SCRUBBED_TIME+LLAMA3-ARXIV_BMPD256_8_13_3,False
2,5,0,0,10,9,256,179.84,14.201401960784317,bw,static,static,results,Results,Results_LLAMA31,LLAMA3-ARXIV-Results,simulator_output_LLAMA3-ARXIV_bwplacement_bs2_staticreq_statictask,SCRUBBED_TIME+LLAMA3-ARXIV_BMPD256_5_10_9,False
2,13,0,0,8,3,512,124.17,14.203587783783783,bw,static,static,results,Results,Results_LLAMA31,LLAMA3-ARXIV-Results,simulator_output_LLAMA3-ARXIV_bwplacement_bs2_staticreq_statictask,SCRUBBED_TIME+LLAMA3-ARXIV_BMPD512_13_8_3,False
2,13,0,0,5,6,256,103.96,14.20445848275862,bw,static,static,results,Results,Results_LLAMA31,LLAMA3-ARXIV-Results,simulator_output_LLAMA3-ARXIV_bwplacement_bs2_staticreq_statictask,SCRUBBED_TIME+LLAMA3-ARXIV_BMPD256_13_5_6,False
2,2,0,0,15,7,512,147.28,14.2135628,bw,static,static,results,Results,Results_LLAMA31,LLAMA3-ARXIV-Results,simulator_output_LLAMA3-ARXIV_bwplacement_bs2_staticreq_statictask,SCRUBBED_TIME+LLAMA3-ARXIV_BMPD512_2_15_7,False
2,8,0,0,8,8,384,241.03,14.24459075862069,bw,static,static,results,Results,Results_LLAMA31,LLAMA3-ARXIV-Results,simulator_output_LLAMA3-ARXIV_bwplacement_bs2_staticreq_statictask,SCRUBBED_TIME+LLAMA3-ARXIV_BMPD384_8_8_8,False
2,4,0,0,17,3,384,116.96,14.254433888888888,bw,static,static,results,Results,Results_LLAMA31,LLAMA3-ARXIV-Results,simulator_output_LLAMA3-ARXIV_bwplacement_bs2_staticreq_statictask,SCRUBBED_TIME+LLAMA3-ARXIV_BMPD384_4_17_3,False
2,14,0,0,5,5,384,143.82,14.261785513513512,bw,static,static,results,Results,Results_LLAMA31,LLAMA3-ARXIV-Results,simulator_output_LLAMA3-ARXIV_bwplacement_bs2_staticreq_statictask,SCRUBBED_TIME+LLAMA3-ARXIV_BMPD384_14_5_5,False
2,15,0,0,7,2,512,88.03,14.285601384615385,bw,static,static,results,Results,Results_LLAMA31,LLAMA3-ARXIV-Results,simulator_output_LLAMA3-ARXIV_bwplacement_bs2_staticreq_statictask,SCRUBBED_TIME+LLAMA3-ARXIV_BMPD512_15_7_2,False
2,5,0,0,15,4,256,99.58,14.330407757575758,bw,static,static,results,Results,Results_LLAMA31,LLAMA3-ARXIV-Results,simulator_output_LLAMA3-ARXIV_bwplacement_bs2_staticreq_statictask,SCRUBBED_TIME+LLAMA3-ARXIV_BMPD256_5_15_4,False
2,2,0,0,8,14,512,148.4,14.3740503,bw,static,static,results,Results,Results_LLAMA31,LLAMA3-ARXIV-Results,simulator_output_LLAMA3-ARXIV_bwplacement_bs2_staticreq_statictask,SCRUBBED_TIME+LLAMA3-ARXIV_BMPD512_2_8_14,False
2,3,0,0,9,12,384,213.77,14.380498033898306,bw,static,static,results,Results,Results_LLAMA31,LLAMA3-ARXIV-Results,simulator_output_LLAMA3-ARXIV_bwplacement_bs2_staticreq_statictask,SCRUBBED_TIME+LLAMA3-ARXIV_BMPD384_3_9_12,False
2,5,0,0,13,6,384,196.99,14.383832421052633,bw,static,static,results,Results,Results_LLAMA31,LLAMA3-ARXIV-Results,simulator_output_LLAMA3-ARXIV_bwplacement_bs2_staticreq_statictask,SCRUBBED_TIME+LLAMA3-ARXIV_BMPD384_5_13_6,False
2,5,0,0,15,4,384,157.04,14.395734173913045,bw,static,static,results,Results,Results_LLAMA31,LLAMA3-ARXIV-Results,simulator_output_LLAMA3-ARXIV_bwplacement_bs2_staticreq_statictask,SCRUBBED_TIME+LLAMA3-ARXIV_BMPD384_5_15_4,False
2,9,0,0,7,8,256,172.05,14.411908,bw,static,static,results,Results,Results_LLAMA31,LLAMA3-ARXIV-Results,simulator_output_LLAMA3-ARXIV_bwplacement_bs2_staticreq_statictask,SCRUBBED_TIME+LLAMA3-ARXIV_BMPD256_9_7_8,False
2,4,0,0,10,10,256,181.73,14.419008150943396,bw,static,static,results,Results,Results_LLAMA31,LLAMA3-ARXIV-Results,simulator_output_LLAMA3-ARXIV_bwplacement_bs2_staticreq_statictask,SCRUBBED_TIME+LLAMA3-ARXIV_BMPD256_4_10_10,False
2,3,0,0,11,10,384,204.2,14.430890315789474,bw,static,static,results,Results,Results_LLAMA31,LLAMA3-ARXIV-Results,simulator_output_LLAMA3-ARXIV_bwplacement_bs2_staticreq_statictask,SCRUBBED_TIME+LLAMA3-ARXIV_BMPD384_3_11_10,False
2,5,0,0,11,8,384,246.14,14.43792854237288,bw,static,static,results,Results,Results_LLAMA31,LLAMA3-ARXIV-Results,simulator_output_LLAMA3-ARXIV_bwplacement_bs2_staticreq_statictask,SCRUBBED_TIME+LLAMA3-ARXIV_BMPD384_5_11_8,False
2,6,0,0,13,5,384,175.97,14.45364616,bw,static,static,results,Results,Results_LLAMA31,LLAMA3-ARXIV-Results,simulator_output_LLAMA3-ARXIV_bwplacement_bs2_staticreq_statictask,SCRUBBED_TIME+LLAMA3-ARXIV_BMPD384_6_13_5,False
2,8,0,0,14,2,384,81.97,14.470995310344827,bw,static,static,results,Results,Results_LLAMA31,LLAMA3-ARXIV-Results,simulator_output_LLAMA3-ARXIV_bwplacement_bs2_staticreq_statictask,SCRUBBED_TIME+LLAMA3-ARXIV_BMPD384_8_14_2,False
2,8,0,0,13,3,384,116.69,14.479383888888888,bw,static,static,results,Results,Results_LLAMA31,LLAMA3-ARXIV-Results,simulator_output_LLAMA3-ARXIV_bwplacement_bs2_staticreq_statictask,SCRUBBED_TIME+LLAMA3-ARXIV_BMPD384_8_13_3,False
2,2,0,0,11,11,512,147.96,14.5043428,bw,static,static,results,Results,Results_LLAMA31,LLAMA3-ARXIV-Results,simulator_output_LLAMA3-ARXIV_bwplacement_bs2_staticreq_statictask,SCRUBBED_TIME+LLAMA3-ARXIV_BMPD512_2_11_11,False
2,13,0,0,7,4,384,132.25,14.505844972972971,bw,static,static,results,Results,Results_LLAMA31,LLAMA3-ARXIV-Results,simulator_output_LLAMA3-ARXIV_bwplacement_bs2_staticreq_statictask,SCRUBBED_TIME+LLAMA3-ARXIV_BMPD384_13_7_4,False
2,11,0,0,12,1,256,28.56,14.51539476923077,bw,static,static,results,Results,Results_LLAMA31,LLAMA3-ARXIV-Results,simulator_output_LLAMA3-ARXIV_bwplacement_bs2_staticreq_statictask,SCRUBBED_TIME+LLAMA3-ARXIV_BMPD256_11_12_1,False
2,12,0,0,5,7,256,121.56,14.537183222222222,bw,static,static,results,Results,Results_LLAMA31,LLAMA3-ARXIV-Results,simulator_output_LLAMA3-ARXIV_bwplacement_bs2_staticreq_statictask,SCRUBBED_TIME+LLAMA3-ARXIV_BMPD256_12_5_7,False
2,3,0,0,15,6,384,180.33,14.538089037037038,bw,static,static,results,Results,Results_LLAMA31,LLAMA3-ARXIV-Results,simulator_output_LLAMA3-ARXIV_bwplacement_bs2_staticreq_statictask,SCRUBBED_TIME+LLAMA3-ARXIV_BMPD384_3_15_6,False
2,3,0,0,10,11,384,212.42,14.544686169491523,bw,static,static,results,Results,Results_LLAMA31,LLAMA3-ARXIV-Results,simulator_output_LLAMA3-ARXIV_bwplacement_bs2_staticreq_statictask,SCRUBBED_TIME+LLAMA3-ARXIV_BMPD384_3_10_11,False
2,13,0,0,9,2,512,90.32,14.562960296296296,bw,static,static,results,Results,Results_LLAMA31,LLAMA3-ARXIV-Results,simulator_output_LLAMA3-ARXIV_bwplacement_bs2_staticreq_statictask,SCRUBBED_TIME+LLAMA3-ARXIV_BMPD512_13_9_2,False
2,11,0,0,8,5,512,173.47,14.565123636363635,bw,static,static,results,Results,Results_LLAMA31,LLAMA3-ARXIV-Results,simulator_output_LLAMA3-ARXIV_bwplacement_bs2_staticreq_statictask,SCRUBBED_TIME+LLAMA3-ARXIV_BMPD512_11_8_5,False
2,4,0,0,18,2,256,54.96,14.570233636363636,bw,static,static,results,Results,Results_LLAMA31,LLAMA3-ARXIV-Results,simulator_output_LLAMA3-ARXIV_bwplacement_bs2_staticreq_statictask,SCRUBBED_TIME+LLAMA3-ARXIV_BMPD256_4_18_2,False
2,6,0,0,9,9,384,243.99,14.596601423728814,bw,static,static,results,Results,Results_LLAMA31,LLAMA3-ARXIV-Results,simulator_output_LLAMA3-ARXIV_bwplacement_bs2_staticreq_statictask,SCRUBBED_TIME+LLAMA3-ARXIV_BMPD384_6_9_9,False
2,9,0,0,13,2,384,80.96,14.61520948148148,bw,static,static,results,Results,Results_LLAMA31,LLAMA3-ARXIV-Results,simulator_output_LLAMA3-ARXIV_bwplacement_bs2_staticreq_statictask,SCRUBBED_TIME+LLAMA3-ARXIV_BMPD384_9_13_2,False
2,3,0,0,19,2,384,82.06,14.66707006060606,bw,static,static,results,Results,Results_LLAMA31,LLAMA3-ARXIV-Results,simulator_output_LLAMA3-ARXIV_bwplacement_bs2_staticreq_statictask,SCRUBBED_TIME+LLAMA3-ARXIV_BMPD384_3_19_2,False
2,16,0,0,6,2,512,86.76,14.685123826086958,bw,static,static,results,Results,Results_LLAMA31,LLAMA3-ARXIV-Results,simulator_output_LLAMA3-ARXIV_bwplacement_bs2_staticreq_statictask,SCRUBBED_TIME+LLAMA3-ARXIV_BMPD512_16_6_2,False
2,3,0,0,13,8,384,209.65,14.704286169491526,bw,static,static,results,Results,Results_LLAMA31,LLAMA3-ARXIV-Results,simulator_output_LLAMA3-ARXIV_bwplacement_bs2_staticreq_statictask,SCRUBBED_TIME+LLAMA3-ARXIV_BMPD384_3_13_8,False
2,2,0,0,6,16,384,150.47,14.724852636363636,bw,static,static,results,Results,Results_LLAMA31,LLAMA3-ARXIV-Results,simulator_output_LLAMA3-ARXIV_bwplacement_bs2_staticreq_statictask,SCRUBBED_TIME+LLAMA3-ARXIV_BMPD384_2_6_16,False
2,7,0,0,8,9,384,239.84,14.726362245614036,bw,static,static,results,Results,Results_LLAMA31,LLAMA3-ARXIV-Results,simulator_output_LLAMA3-ARXIV_bwplacement_bs2_staticreq_statictask,SCRUBBED_TIME+LLAMA3-ARXIV_BMPD384_7_8_9,False
2,10,0,0,7,7,256,133.99,14.729116975609758,bw,static,static,results,Results,Results_LLAMA31,LLAMA3-ARXIV-Results,simulator_output_LLAMA3-ARXIV_bwplacement_bs2_staticreq_statictask,SCRUBBED_TIME+LLAMA3-ARXIV_BMPD256_10_7_7,False
2,14,0,0,6,4,384,131.2,14.736642222222224,bw,static,static,results,Results,Results_LLAMA31,LLAMA3-ARXIV-Results,simulator_output_LLAMA3-ARXIV_bwplacement_bs2_staticreq_statictask,SCRUBBED_TIME+LLAMA3-ARXIV_BMPD384_14_6_4,False
2,3,0,0,18,3,384,116.95,14.742404205128206,bw,static,static,results,Results,Results_LLAMA31,LLAMA3-ARXIV-Results,simulator_output_LLAMA3-ARXIV_bwplacement_bs2_staticreq_statictask,SCRUBBED_TIME+LLAMA3-ARXIV_BMPD384_3_18_3,False
2,11,0,0,9,4,512,164.52,14.765100909090908,bw,static,static,results,Results,Results_LLAMA31,LLAMA3-ARXIV-Results,simulator_output_LLAMA3-ARXIV_bwplacement_bs2_staticreq_statictask,SCRUBBED_TIME+LLAMA3-ARXIV_BMPD512_11_9_4,False
2,6,0,0,15,3,384,117.69,14.782592222222222,bw,static,static,results,Results,Results_LLAMA31,LLAMA3-ARXIV-Results,simulator_output_LLAMA3-ARXIV_bwplacement_bs2_staticreq_statictask,SCRUBBED_TIME+LLAMA3-ARXIV_BMPD384_6_15_3,False
2,7,0,0,14,3,256,73.79,14.814792888888888,bw,static,static,results,Results,Results_LLAMA31,LLAMA3-ARXIV-Results,simulator_output_LLAMA3-ARXIV_bwplacement_bs2_staticreq_statictask,SCRUBBED_TIME+LLAMA3-ARXIV_BMPD256_7_14_3,False
2,6,0,0,14,4,512,181.92,14.816052470588236,bw,static,static,results,Results,Results_LLAMA31,LLAMA3-ARXIV-Results,simulator_output_LLAMA3-ARXIV_bwplacement_bs2_staticreq_statictask,SCRUBBED_TIME+LLAMA3-ARXIV_BMPD512_6_14_4,False
2,15,0,0,6,3,512,120.67,14.83131806060606,bw,static,static,results,Results,Results_LLAMA31,LLAMA3-ARXIV-Results,simulator_output_LLAMA3-ARXIV_bwplacement_bs2_staticreq_statictask,SCRUBBED_TIME+LLAMA3-ARXIV_BMPD512_15_6_3,False
2,5,0,0,14,5,512,198.68,14.84078603508772,bw,static,static,results,Results,Results_LLAMA31,LLAMA3-ARXIV-Results,simulator_output_LLAMA3-ARXIV_bwplacement_bs2_staticreq_statictask,SCRUBBED_TIME+LLAMA3-ARXIV_BMPD512_5_14_5,False
2,2,0,0,12,10,512,142.8,14.847907897435896,bw,static,static,results,Results,Results_LLAMA31,LLAMA3-ARXIV-Results,simulator_output_LLAMA3-ARXIV_bwplacement_bs2_staticreq_statictask,SCRUBBED_TIME+LLAMA3-ARXIV_BMPD512_2_12_10,False
2,4,0,0,13,7,384,221.05,14.853155661016949,bw,static,static,results,Results,Results_LLAMA31,LLAMA3-ARXIV-Results,simulator_output_LLAMA3-ARXIV_bwplacement_bs2_staticreq_statictask,SCRUBBED_TIME+LLAMA3-ARXIV_BMPD384_4_13_7,False
2,11,0,0,6,7,256,129.14,14.859588432432432,bw,static,static,results,Results,Results_LLAMA31,LLAMA3-ARXIV-Results,simulator_output_LLAMA3-ARXIV_bwplacement_bs2_staticreq_statictask,SCRUBBED_TIME+LLAMA3-ARXIV_BMPD256_11_6_7,False
2,12,0,0,11,1,256,27.38,14.862417846153846,bw,static,static,results,Results,Results_LLAMA31,LLAMA3-ARXIV-Results,simulator_output_LLAMA3-ARXIV_bwplacement_bs2_staticreq_statictask,SCRUBBED_TIME+LLAMA3-ARXIV_BMPD256_12_11_1,False
2,12,0,0,6,6,384,164.33,14.867114,bw,static,static,results,Results,Results_LLAMA31,LLAMA3-ARXIV-Results,simulator_output_LLAMA3-ARXIV_bwplacement_bs2_staticreq_statictask,SCRUBBED_TIME+LLAMA3-ARXIV_BMPD384_12_6_6,False
2,2,0,0,5,17,384,150.15,14.882622511627908,bw,static,static,results,Results,Results_LLAMA31,LLAMA3-ARXIV-Results,simulator_output_LLAMA3-ARXIV_bwplacement_bs2_staticreq_statictask,SCRUBBED_TIME+LLAMA3-ARXIV_BMPD384_2_5_17,False
2,11,0,0,7,6,384,172.44,14.887394577777776,bw,static,static,results,Results,Results_LLAMA31,LLAMA3-ARXIV-Results,simulator_output_LLAMA3-ARXIV_bwplacement_bs2_staticreq_statictask,SCRUBBED_TIME+LLAMA3-ARXIV_BMPD384_11_7_6,False
2,7,0,0,16,1,256,30.62,14.895438588235294,bw,static,static,results,Results,Results_LLAMA31,LLAMA3-ARXIV-Results,simulator_output_LLAMA3-ARXIV_bwplacement_bs2_staticreq_statictask,SCRUBBED_TIME+LLAMA3-ARXIV_BMPD256_7_16_1,False
2,13,0,0,10,1,256,26.68,14.895602461538465,bw,static,static,results,Results,Results_LLAMA31,LLAMA3-ARXIV-Results,simulator_output_LLAMA3-ARXIV_bwplacement_bs2_staticreq_statictask,SCRUBBED_TIME+LLAMA3-ARXIV_BMPD256_13_10_1,False
2,4,0,0,15,5,256,113.05,14.902391555555557,bw,static,static,results,Results,Results_LLAMA31,LLAMA3-ARXIV-Results,simulator_output_LLAMA3-ARXIV_bwplacement_bs2_staticreq_statictask,SCRUBBED_TIME+LLAMA3-ARXIV_BMPD256_4_15_5,False
2,2,0,0,10,12,512,144.91,14.904238666666666,bw,static,static,results,Results,Results_LLAMA31,LLAMA3-ARXIV-Results,simulator_output_LLAMA3-ARXIV_bwplacement_bs2_staticreq_statictask,SCRUBBED_TIME+LLAMA3-ARXIV_BMPD512_2_10_12,False
2,12,0,0,10,2,512,90.69,14.922267703703705,bw,static,static,results,Results,Results_LLAMA31,LLAMA3-ARXIV-Results,simulator_output_LLAMA3-ARXIV_bwplacement_bs2_staticreq_statictask,SCRUBBED_TIME+LLAMA3-ARXIV_BMPD512_12_10_2,False
2,4,0,0,11,9,384,234.03,14.929269220338984,bw,static,static,results,Results,Results_LLAMA31,LLAMA3-ARXIV-Results,simulator_output_LLAMA3-ARXIV_bwplacement_bs2_staticreq_statictask,SCRUBBED_TIME+LLAMA3-ARXIV_BMPD384_4_11_9,False
2,2,0,0,9,13,512,144.59,14.956882256410257,bw,static,static,results,Results,Results_LLAMA31,LLAMA3-ARXIV-Results,simulator_output_LLAMA3-ARXIV_bwplacement_bs2_staticreq_statictask,SCRUBBED_TIME+LLAMA3-ARXIV_BMPD512_2_9_13,False
2,3,0,0,8,13,384,209.79,14.977246456140351,bw,static,static,results,Results,Results_LLAMA31,LLAMA3-ARXIV-Results,simulator_output_LLAMA3-ARXIV_bwplacement_bs2_staticreq_statictask,SCRUBBED_TIME+LLAMA3-ARXIV_BMPD384_3_8_13,False
2,2,0,0,18,4,640,134.18,14.986854315789474,bw,static,static,results,Results,Results_LLAMA31,LLAMA3-ARXIV-Results,simulator_output_LLAMA3-ARXIV_bwplacement_bs2_staticreq_statictask,SCRUBBED_TIME+LLAMA3-ARXIV_BMPD640_2_18_4,False
2,6,0,0,17,1,256,30.82,14.990726666666664,bw,static,static,results,Results,Results_LLAMA31,LLAMA3-ARXIV-Results,simulator_output_LLAMA3-ARXIV_bwplacement_bs2_staticreq_statictask,SCRUBBED_TIME+LLAMA3-ARXIV_BMPD256_6_17_1,False
2,2,0,0,17,5,640,136.83,14.996393789473684,bw,static,static,results,Results,Results_LLAMA31,LLAMA3-ARXIV-Results,simulator_output_LLAMA3-ARXIV_bwplacement_bs2_staticreq_statictask,SCRUBBED_TIME+LLAMA3-ARXIV_BMPD640_2_17_5,False
2,8,0,0,14,2,256,52.06,15.00178818181818,bw,static,static,results,Results,Results_LLAMA31,LLAMA3-ARXIV-Results,simulator_output_LLAMA3-ARXIV_bwplacement_bs2_staticreq_statictask,SCRUBBED_TIME+LLAMA3-ARXIV_BMPD256_8_14_2,False
2,5,0,0,10,9,384,247.06,15.013698033898304,bw,static,static,results,Results,Results_LLAMA31,LLAMA3-ARXIV-Results,simulator_output_LLAMA3-ARXIV_bwplacement_bs2_staticreq_statictask,SCRUBBED_TIME+LLAMA3-ARXIV_BMPD384_5_10_9,False
2,12,0,0,9,3,512,128.49,15.014868864864866,bw,static,static,results,Results,Results_LLAMA31,LLAMA3-ARXIV-Results,simulator_output_LLAMA3-ARXIV_bwplacement_bs2_staticreq_statictask,SCRUBBED_TIME+LLAMA3-ARXIV_BMPD512_12_9_3,False
2,14,0,0,7,3,512,124.34,15.055574777777778,bw,static,static,results,Results,Results_LLAMA31,LLAMA3-ARXIV-Results,simulator_output_LLAMA3-ARXIV_bwplacement_bs2_staticreq_statictask,SCRUBBED_TIME+LLAMA3-ARXIV_BMPD512_14_7_3,False
2,8,0,0,7,9,256,164.11,15.061558608695652,bw,static,static,results,Results,Results_LLAMA31,LLAMA3-ARXIV-Results,simulator_output_LLAMA3-ARXIV_bwplacement_bs2_staticreq_statictask,SCRUBBED_TIME+LLAMA3-ARXIV_BMPD256_8_7_9,False
2,2,0,0,21,1,512,47.05,15.070647,bw,static,static,results,Results,Results_LLAMA31,LLAMA3-ARXIV-Results,simulator_output_LLAMA3-ARXIV_bwplacement_bs2_staticreq_statictask,SCRUBBED_TIME+LLAMA3-ARXIV_BMPD512_2_21_1,False
2,2,0,0,20,2,640,89.74,15.071807851851853,bw,static,static,results,Results,Results_LLAMA31,LLAMA3-ARXIV-Results,simulator_output_LLAMA3-ARXIV_bwplacement_bs2_staticreq_statictask,SCRUBBED_TIME+LLAMA3-ARXIV_BMPD640_2_20_2,False
2,2,0,0,16,6,640,138.31,15.08664905263158,bw,static,static,results,Results,Results_LLAMA31,LLAMA3-ARXIV-Results,simulator_output_LLAMA3-ARXIV_bwplacement_bs2_staticreq_statictask,SCRUBBED_TIME+LLAMA3-ARXIV_BMPD640_2_16_6,False
2,5,0,0,18,1,256,31.17,15.08914442105263,bw,static,static,results,Results,Results_LLAMA31,LLAMA3-ARXIV-Results,simulator_output_LLAMA3-ARXIV_bwplacement_bs2_staticreq_statictask,SCRUBBED_TIME+LLAMA3-ARXIV_BMPD256_5_18_1,False
2,6,0,0,15,3,256,73.33,15.10481020689655,bw,static,static,results,Results,Results_LLAMA31,LLAMA3-ARXIV-Results,simulator_output_LLAMA3-ARXIV_bwplacement_bs2_staticreq_statictask,SCRUBBED_TIME+LLAMA3-ARXIV_BMPD256_6_15_3,False
2,4,0,0,15,5,384,173.25,15.111105647058825,bw,static,static,results,Results,Results_LLAMA31,LLAMA3-ARXIV-Results,simulator_output_LLAMA3-ARXIV_bwplacement_bs2_staticreq_statictask,SCRUBBED_TIME+LLAMA3-ARXIV_BMPD384_4_15_5,False
2,6,0,0,8,10,384,246.6,15.113203118644067,bw,static,static,results,Results,Results_LLAMA31,LLAMA3-ARXIV-Results,simulator_output_LLAMA3-ARXIV_bwplacement_bs2_staticreq_statictask,SCRUBBED_TIME+LLAMA3-ARXIV_BMPD384_6_8_10,False
2,3,0,0,14,7,512,198.27,15.124850836363636,bw,static,static,results,Results,Results_LLAMA31,LLAMA3-ARXIV-Results,simulator_output_LLAMA3-ARXIV_bwplacement_bs2_staticreq_statictask,SCRUBBED_TIME+LLAMA3-ARXIV_BMPD512_3_14_7,False
2,3,0,0,17,4,512,161.56,15.12952342857143,bw,static,static,results,Results,Results_LLAMA31,LLAMA3-ARXIV-Results,simulator_output_LLAMA3-ARXIV_bwplacement_bs2_staticreq_statictask,SCRUBBED_TIME+LLAMA3-ARXIV_BMPD512_3_17_4,False
2,16,0,0,7,1,512,45.47,15.155730133333332,bw,static,static,results,Results,Results_LLAMA31,LLAMA3-ARXIV-Results,simulator_output_LLAMA3-ARXIV_bwplacement_bs2_staticreq_statictask,SCRUBBED_TIME+LLAMA3-ARXIV_BMPD512_16_7_1,False
2,13,0,0,10,1,512,46.32,15.163347777777778,bw,static,static,results,Results,Results_LLAMA31,LLAMA3-ARXIV-Results,simulator_output_LLAMA3-ARXIV_bwplacement_bs2_staticreq_statictask,SCRUBBED_TIME+LLAMA3-ARXIV_BMPD512_13_10_1,False
2,4,0,0,9,11,384,249.77,15.17748019047619,bw,static,static,results,Results,Results_LLAMA31,LLAMA3-ARXIV-Results,simulator_output_LLAMA3-ARXIV_bwplacement_bs2_staticreq_statictask,SCRUBBED_TIME+LLAMA3-ARXIV_BMPD384_4_9_11,False
2,4,0,0,19,1,256,30.96,15.18092,bw,static,static,results,Results,Results_LLAMA31,LLAMA3-ARXIV-Results,simulator_output_LLAMA3-ARXIV_bwplacement_bs2_staticreq_statictask,SCRUBBED_TIME+LLAMA3-ARXIV_BMPD256_4_19_1,False
2,5,0,0,16,3,512,135.34,15.18145246511628,bw,static,static,results,Results,Results_LLAMA31,LLAMA3-ARXIV-Results,simulator_output_LLAMA3-ARXIV_bwplacement_bs2_staticreq_statictask,SCRUBBED_TIME+LLAMA3-ARXIV_BMPD512_5_16_3,False
2,4,0,0,10,10,384,241.72,15.186000524590163,bw,static,static,results,Results,Results_LLAMA31,LLAMA3-ARXIV-Results,simulator_output_LLAMA3-ARXIV_bwplacement_bs2_staticreq_statictask,SCRUBBED_TIME+LLAMA3-ARXIV_BMPD384_4_10_10,False
2,10,0,0,11,3,512,131.49,15.210739135135135,bw,static,static,results,Results,Results_LLAMA31,LLAMA3-ARXIV-Results,simulator_output_LLAMA3-ARXIV_bwplacement_bs2_staticreq_statictask,SCRUBBED_TIME+LLAMA3-ARXIV_BMPD512_10_11_3,False
2,9,0,0,6,9,256,156.72,15.213524977777777,bw,static,static,results,Results,Results_LLAMA31,LLAMA3-ARXIV-Results,simulator_output_LLAMA3-ARXIV_bwplacement_bs2_staticreq_statictask,SCRUBBED_TIME+LLAMA3-ARXIV_BMPD256_9_6_9,False
2,16,0,0,7,1,256,24.76,15.221628,bw,static,static,results,Results,Results_LLAMA31,LLAMA3-ARXIV-Results,simulator_output_LLAMA3-ARXIV_bwplacement_bs2_staticreq_statictask,SCRUBBED_TIME+LLAMA3-ARXIV_BMPD256_16_7_1,False
2,5,0,0,9,10,384,249.49,15.222784474576272,bw,static,static,results,Results,Results_LLAMA31,LLAMA3-ARXIV-Results,simulator_output_LLAMA3-ARXIV_bwplacement_bs2_staticreq_statictask,SCRUBBED_TIME+LLAMA3-ARXIV_BMPD384_5_9_10,False
2,14,0,0,9,1,512,45.86,15.226943,bw,static,static,results,Results,Results_LLAMA31,LLAMA3-ARXIV-Results,simulator_output_LLAMA3-ARXIV_bwplacement_bs2_staticreq_statictask,SCRUBBED_TIME+LLAMA3-ARXIV_BMPD512_14_9_1,False
2,2,0,0,13,9,512,141.82,15.228306526315787,bw,static,static,results,Results,Results_LLAMA31,LLAMA3-ARXIV-Results,simulator_output_LLAMA3-ARXIV_bwplacement_bs2_staticreq_statictask,SCRUBBED_TIME+LLAMA3-ARXIV_BMPD512_2_13_9,False
2,4,0,0,18,2,384,83.95,15.284194303030302,bw,static,static,results,Results,Results_LLAMA31,LLAMA3-ARXIV-Results,simulator_output_LLAMA3-ARXIV_bwplacement_bs2_staticreq_statictask,SCRUBBED_TIME+LLAMA3-ARXIV_BMPD384_4_18_2,False
2,3,0,0,16,5,512,172.6,15.285656081632654,bw,static,static,results,Results,Results_LLAMA31,LLAMA3-ARXIV-Results,simulator_output_LLAMA3-ARXIV_bwplacement_bs2_staticreq_statictask,SCRUBBED_TIME+LLAMA3-ARXIV_BMPD512_3_16_5,False
2,7,0,0,15,2,256,51.8,15.290947272727273,bw,static,static,results,Results,Results_LLAMA31,LLAMA3-ARXIV-Results,simulator_output_LLAMA3-ARXIV_bwplacement_bs2_staticreq_statictask,SCRUBBED_TIME+LLAMA3-ARXIV_BMPD256_7_15_2,False
2,16,0,0,4,4,384,105.53,15.292198370370372,bw,static,static,results,Results,Results_LLAMA31,LLAMA3-ARXIV-Results,simulator_output_LLAMA3-ARXIV_bwplacement_bs2_staticreq_statictask,SCRUBBED_TIME+LLAMA3-ARXIV_BMPD384_16_4_4,False
2,13,0,0,5,6,384,150.69,15.293276315789472,bw,static,static,results,Results,Results_LLAMA31,LLAMA3-ARXIV-Results,simulator_output_LLAMA3-ARXIV_bwplacement_bs2_staticreq_statictask,SCRUBBED_TIME+LLAMA3-ARXIV_BMPD384_13_5_6,False
2,10,0,0,9,5,512,181.58,15.298797913043478,bw,static,static,results,Results,Results_LLAMA31,LLAMA3-ARXIV-Results,simulator_output_LLAMA3-ARXIV_bwplacement_bs2_staticreq_statictask,SCRUBBED_TIME+LLAMA3-ARXIV_BMPD512_10_9_5,False
2,10,0,0,8,6,512,192.25,15.3047824,bw,static,static,results,Results,Results_LLAMA31,LLAMA3-ARXIV-Results,simulator_output_LLAMA3-ARXIV_bwplacement_bs2_staticreq_statictask,SCRUBBED_TIME+LLAMA3-ARXIV_BMPD512_10_8_6,False
2,13,0,0,6,5,384,145.55,15.368169297297298,bw,static,static,results,Results,Results_LLAMA31,LLAMA3-ARXIV-Results,simulator_output_LLAMA3-ARXIV_bwplacement_bs2_staticreq_statictask,SCRUBBED_TIME+LLAMA3-ARXIV_BMPD384_13_6_5,False
2,10,0,0,6,8,256,159.25,15.369237727272727,bw,static,static,results,Results,Results_LLAMA31,LLAMA3-ARXIV-Results,simulator_output_LLAMA3-ARXIV_bwplacement_bs2_staticreq_statictask,SCRUBBED_TIME+LLAMA3-ARXIV_BMPD256_10_6_8,False
2,2,0,0,13,9,640,142.2,15.369493789473683,bw,static,static,results,Results,Results_LLAMA31,LLAMA3-ARXIV-Results,simulator_output_LLAMA3-ARXIV_bwplacement_bs2_staticreq_statictask,SCRUBBED_TIME+LLAMA3-ARXIV_BMPD640_2_13_9,False
2,15,0,0,8,1,640,45.69,15.402246,bw,static,static,results,Results,Results_LLAMA31,LLAMA3-ARXIV-Results,simulator_output_LLAMA3-ARXIV_bwplacement_bs2_staticreq_statictask,SCRUBBED_TIME+LLAMA3-ARXIV_BMPD640_15_8_1,False
2,11,0,0,5,8,256,149.96,15.426790146341464,bw,static,static,results,Results,Results_LLAMA31,LLAMA3-ARXIV-Results,simulator_output_LLAMA3-ARXIV_bwplacement_bs2_staticreq_statictask,SCRUBBED_TIME+LLAMA3-ARXIV_BMPD256_11_5_8,False
2,4,0,0,14,6,512,208.75,15.43249305263158,bw,static,static,results,Results,Results_LLAMA31,LLAMA3-ARXIV-Results,simulator_output_LLAMA3-ARXIV_bwplacement_bs2_staticreq_statictask,SCRUBBED_TIME+LLAMA3-ARXIV_BMPD512_4_14_6,False
2,2,0,0,15,7,640,139.45,15.437772736842104,bw,static,static,results,Results,Results_LLAMA31,LLAMA3-ARXIV-Results,simulator_output_LLAMA3-ARXIV_bwplacement_bs2_staticreq_statictask,SCRUBBED_TIME+LLAMA3-ARXIV_BMPD640_2_15_7,False
2,12,0,0,11,1,512,47.44,15.438197,bw,static,static,results,Results,Results_LLAMA31,LLAMA3-ARXIV-Results,simulator_output_LLAMA3-ARXIV_bwplacement_bs2_staticreq_statictask,SCRUBBED_TIME+LLAMA3-ARXIV_BMPD512_12_11_1,False
2,4,0,0,16,4,512,172.91,15.4606344,bw,static,static,results,Results,Results_LLAMA31,LLAMA3-ARXIV-Results,simulator_output_LLAMA3-ARXIV_bwplacement_bs2_staticreq_statictask,SCRUBBED_TIME+LLAMA3-ARXIV_BMPD512_4_16_4,False
2,11,0,0,10,3,512,130.01,15.46686345945946,bw,static,static,results,Results,Results_LLAMA31,LLAMA3-ARXIV-Results,simulator_output_LLAMA3-ARXIV_bwplacement_bs2_staticreq_statictask,SCRUBBED_TIME+LLAMA3-ARXIV_BMPD512_11_10_3,False
2,9,0,0,14,1,384,43.11,15.476143111111112,bw,static,static,results,Results,Results_LLAMA31,LLAMA3-ARXIV-Results,simulator_output_LLAMA3-ARXIV_bwplacement_bs2_staticreq_statictask,SCRUBBED_TIME+LLAMA3-ARXIV_BMPD384_9_14_1,False
2,9,0,0,11,4,512,175.6,15.476549959183677,bw,static,static,results,Results,Results_LLAMA31,LLAMA3-ARXIV-Results,simulator_output_LLAMA3-ARXIV_bwplacement_bs2_staticreq_statictask,SCRUBBED_TIME+LLAMA3-ARXIV_BMPD512_9_11_4,False
2,11,0,0,11,2,512,91.4,15.492930896551725,bw,static,static,results,Results,Results_LLAMA31,LLAMA3-ARXIV-Results,simulator_output_LLAMA3-ARXIV_bwplacement_bs2_staticreq_statictask,SCRUBBED_TIME+LLAMA3-ARXIV_BMPD512_11_11_2,False
2,3,0,0,19,2,256,54.74,15.51367,bw,static,static,results,Results,Results_LLAMA31,LLAMA3-ARXIV-Results,simulator_output_LLAMA3-ARXIV_bwplacement_bs2_staticreq_statictask,SCRUBBED_TIME+LLAMA3-ARXIV_BMPD256_3_19_2,False
2,14,0,0,4,6,256,99.79,15.52684474074074,bw,static,static,results,Results,Results_LLAMA31,LLAMA3-ARXIV-Results,simulator_output_LLAMA3-ARXIV_bwplacement_bs2_staticreq_statictask,SCRUBBED_TIME+LLAMA3-ARXIV_BMPD256_14_4_6,False
2,2,0,0,19,3,640,112.27,15.527124242424245,bw,static,static,results,Results,Results_LLAMA31,LLAMA3-ARXIV-Results,simulator_output_LLAMA3-ARXIV_bwplacement_bs2_staticreq_statictask,SCRUBBED_TIME+LLAMA3-ARXIV_BMPD640_2_19_3,False
2,6,0,0,16,2,512,96.18,15.562699878787878,bw,static,static,results,Results,Results_LLAMA31,LLAMA3-ARXIV-Results,simulator_output_LLAMA3-ARXIV_bwplacement_bs2_staticreq_statictask,SCRUBBED_TIME+LLAMA3-ARXIV_BMPD512_6_16_2,False
2,2,0,0,12,10,640,142.37,15.591364842105264,bw,static,static,results,Results,Results_LLAMA31,LLAMA3-ARXIV-Results,simulator_output_LLAMA3-ARXIV_bwplacement_bs2_staticreq_statictask,SCRUBBED_TIME+LLAMA3-ARXIV_BMPD640_2_12_10,False
2,10,0,0,10,4,512,171.03,15.610588977777777,bw,static,static,results,Results,Results_LLAMA31,LLAMA3-ARXIV-Results,simulator_output_LLAMA3-ARXIV_bwplacement_bs2_staticreq_statictask,SCRUBBED_TIME+LLAMA3-ARXIV_BMPD512_10_10_4,False
2,13,0,0,8,3,640,121.66,15.613857444444443,bw,static,static,results,Results,Results_LLAMA31,LLAMA3-ARXIV-Results,simulator_output_LLAMA3-ARXIV_bwplacement_bs2_staticreq_statictask,SCRUBBED_TIME+LLAMA3-ARXIV_BMPD640_13_8_3,False
2,8,0,0,13,3,512,132.99,15.616775720930232,bw,static,static,results,Results,Results_LLAMA31,LLAMA3-ARXIV-Results,simulator_output_LLAMA3-ARXIV_bwplacement_bs2_staticreq_statictask,SCRUBBED_TIME+LLAMA3-ARXIV_BMPD512_8_13_3,False
2,10,0,0,7,7,384,189.27,15.62586416,bw,static,static,results,Results,Results_LLAMA31,LLAMA3-ARXIV-Results,simulator_output_LLAMA3-ARXIV_bwplacement_bs2_staticreq_statictask,SCRUBBED_TIME+LLAMA3-ARXIV_BMPD384_10_7_7,False
2,7,0,0,16,1,384,44.82,15.627076210526315,bw,static,static,results,Results,Results_LLAMA31,LLAMA3-ARXIV-Results,simulator_output_LLAMA3-ARXIV_bwplacement_bs2_staticreq_statictask,SCRUBBED_TIME+LLAMA3-ARXIV_BMPD384_7_16_1,False
2,8,0,0,14,2,512,94.71,15.630813677419356,bw,static,static,results,Results,Results_LLAMA31,LLAMA3-ARXIV-Results,simulator_output_LLAMA3-ARXIV_bwplacement_bs2_staticreq_statictask,SCRUBBED_TIME+LLAMA3-ARXIV_BMPD512_8_14_2,False
2,9,0,0,8,7,512,220.65,15.631659320754716,bw,static,static,results,Results,Results_LLAMA31,LLAMA3-ARXIV-Results,simulator_output_LLAMA3-ARXIV_bwplacement_bs2_staticreq_statictask,SCRUBBED_TIME+LLAMA3-ARXIV_BMPD512_9_8_7,False
2,2,0,0,21,1,640,46.53,15.6320958,bw,static,static,results,Results,Results_LLAMA31,LLAMA3-ARXIV-Results,simulator_output_LLAMA3-ARXIV_bwplacement_bs2_staticreq_statictask,SCRUBBED_TIME+LLAMA3-ARXIV_BMPD640_2_21_1,False
2,12,0,0,5,7,384,168.41,15.676336727272728,bw,static,static,results,Results,Results_LLAMA31,LLAMA3-ARXIV-Results,simulator_output_LLAMA3-ARXIV_bwplacement_bs2_staticreq_statictask,SCRUBBED_TIME+LLAMA3-ARXIV_BMPD384_12_5_7,False
2,10,0,0,13,1,384,42.89,15.702254222222225,bw,static,static,results,Results,Results_LLAMA31,LLAMA3-ARXIV-Results,simulator_output_LLAMA3-ARXIV_bwplacement_bs2_staticreq_statictask,SCRUBBED_TIME+LLAMA3-ARXIV_BMPD384_10_13_1,False
2,7,0,0,7,10,256,169.63,15.718095565217393,bw,static,static,results,Results,Results_LLAMA31,LLAMA3-ARXIV-Results,simulator_output_LLAMA3-ARXIV_bwplacement_bs2_staticreq_statictask,SCRUBBED_TIME+LLAMA3-ARXIV_BMPD256_7_7_10,False
2,3,0,0,18,3,512,128.15,15.725664390243905,bw,static,static,results,Results,Results_LLAMA31,LLAMA3-ARXIV-Results,simulator_output_LLAMA3-ARXIV_bwplacement_bs2_staticreq_statictask,SCRUBBED_TIME+LLAMA3-ARXIV_BMPD512_3_18_3,False
2,12,0,0,7,5,512,163.82,15.759332727272726,bw,static,static,results,Results,Results_LLAMA31,LLAMA3-ARXIV-Results,simulator_output_LLAMA3-ARXIV_bwplacement_bs2_staticreq_statictask,SCRUBBED_TIME+LLAMA3-ARXIV_BMPD512_12_7_5,False
2,10,0,0,5,9,256,145.89,15.761983627906975,bw,static,static,results,Results,Results_LLAMA31,LLAMA3-ARXIV-Results,simulator_output_LLAMA3-ARXIV_bwplacement_bs2_staticreq_statictask,SCRUBBED_TIME+LLAMA3-ARXIV_BMPD256_10_5_9,False
2,7,0,0,15,2,384,81.54,15.766857379310345,bw,static,static,results,Results,Results_LLAMA31,LLAMA3-ARXIV-Results,simulator_output_LLAMA3-ARXIV_bwplacement_bs2_staticreq_statictask,SCRUBBED_TIME+LLAMA3-ARXIV_BMPD384_7_15_2,False
2,6,0,0,17,1,384,45.79,15.8097846,bw,static,static,results,Results,Results_LLAMA31,LLAMA3-ARXIV-Results,simulator_output_LLAMA3-ARXIV_bwplacement_bs2_staticreq_statictask,SCRUBBED_TIME+LLAMA3-ARXIV_BMPD384_6_17_1,False
2,5,0,0,17,2,512,96.23,15.837221090909091,bw,static,static,results,Results,Results_LLAMA31,LLAMA3-ARXIV-Results,simulator_output_LLAMA3-ARXIV_bwplacement_bs2_staticreq_statictask,SCRUBBED_TIME+LLAMA3-ARXIV_BMPD512_5_17_2,False
2,8,0,0,12,4,512,175.64,15.8387384,bw,static,static,results,Results,Results_LLAMA31,LLAMA3-ARXIV-Results,simulator_output_LLAMA3-ARXIV_bwplacement_bs2_staticreq_statictask,SCRUBBED_TIME+LLAMA3-ARXIV_BMPD512_8_12_4,False
2,14,0,0,8,2,640,87.68,15.84678048,bw,static,static,results,Results,Results_LLAMA31,LLAMA3-ARXIV-Results,simulator_output_LLAMA3-ARXIV_bwplacement_bs2_staticreq_statictask,SCRUBBED_TIME+LLAMA3-ARXIV_BMPD640_14_8_2,False
2,2,0,0,14,8,640,143.27,15.863064842105263,bw,static,static,results,Results,Results_LLAMA31,LLAMA3-ARXIV-Results,simulator_output_LLAMA3-ARXIV_bwplacement_bs2_staticreq_statictask,SCRUBBED_TIME+LLAMA3-ARXIV_BMPD640_2_14_8,False
2,4,0,0,17,3,512,131.32,15.870850139534884,bw,static,static,results,Results,Results_LLAMA31,LLAMA3-ARXIV-Results,simulator_output_LLAMA3-ARXIV_bwplacement_bs2_staticreq_statictask,SCRUBBED_TIME+LLAMA3-ARXIV_BMPD512_4_17_3,False
2,14,0,0,6,4,512,143.2,15.932202555555556,bw,static,static,results,Results,Results_LLAMA31,LLAMA3-ARXIV-Results,simulator_output_LLAMA3-ARXIV_bwplacement_bs2_staticreq_statictask,SCRUBBED_TIME+LLAMA3-ARXIV_BMPD512_14_6_4,False
2,13,0,0,7,4,512,146.52,15.997898594594592,bw,static,static,results,Results,Results_LLAMA31,LLAMA3-ARXIV-Results,simulator_output_LLAMA3-ARXIV_bwplacement_bs2_staticreq_statictask,SCRUBBED_TIME+LLAMA3-ARXIV_BMPD512_13_7_4,False
2,6,0,0,15,3,512,133.32,16.010296363636364,bw,static,static,results,Results,Results_LLAMA31,LLAMA3-ARXIV-Results,simulator_output_LLAMA3-ARXIV_bwplacement_bs2_staticreq_statictask,SCRUBBED_TIME+LLAMA3-ARXIV_BMPD512_6_15_3,False
2,11,0,0,6,7,384,180.57,16.035916782608695,bw,static,static,results,Results,Results_LLAMA31,LLAMA3-ARXIV-Results,simulator_output_LLAMA3-ARXIV_bwplacement_bs2_staticreq_statictask,SCRUBBED_TIME+LLAMA3-ARXIV_BMPD384_11_6_7,False
2,4,0,0,8,12,384,240.81,16.051676,bw,static,static,results,Results,Results_LLAMA31,LLAMA3-ARXIV-Results,simulator_output_LLAMA3-ARXIV_bwplacement_bs2_staticreq_statictask,SCRUBBED_TIME+LLAMA3-ARXIV_BMPD384_4_8_12,False
2,7,0,0,13,4,512,177.37,16.0616624,bw,static,static,results,Results,Results_LLAMA31,LLAMA3-ARXIV-Results,simulator_output_LLAMA3-ARXIV_bwplacement_bs2_staticreq_statictask,SCRUBBED_TIME+LLAMA3-ARXIV_BMPD512_7_13_4,False
2,9,0,0,12,3,512,131.4,16.116322315789475,bw,static,static,results,Results,Results_LLAMA31,LLAMA3-ARXIV-Results,simulator_output_LLAMA3-ARXIV_bwplacement_bs2_staticreq_statictask,SCRUBBED_TIME+LLAMA3-ARXIV_BMPD512_9_12_3,False
2,13,0,0,9,2,640,87.07,16.118506461538463,bw,static,static,results,Results,Results_LLAMA31,LLAMA3-ARXIV-Results,simulator_output_LLAMA3-ARXIV_bwplacement_bs2_staticreq_statictask,SCRUBBED_TIME+LLAMA3-ARXIV_BMPD640_13_9_2,False
2,2,0,0,4,18,256,150.1,16.12419,bw,static,static,results,Results,Results_LLAMA31,LLAMA3-ARXIV-Results,simulator_output_LLAMA3-ARXIV_bwplacement_bs2_staticreq_statictask,SCRUBBED_TIME+LLAMA3-ARXIV_BMPD256_2_4_18,False
2,3,0,0,15,6,512,184.48,16.1291404,bw,static,static,results,Results,Results_LLAMA31,LLAMA3-ARXIV-Results,simulator_output_LLAMA3-ARXIV_bwplacement_bs2_staticreq_statictask,SCRUBBED_TIME+LLAMA3-ARXIV_BMPD512_3_15_6,False
2,11,0,0,8,5,640,172.51,16.177961955555556,bw,static,static,results,Results,Results_LLAMA31,LLAMA3-ARXIV-Results,simulator_output_LLAMA3-ARXIV_bwplacement_bs2_staticreq_statictask,SCRUBBED_TIME+LLAMA3-ARXIV_BMPD640_11_8_5,False
2,8,0,0,13,3,640,133.16,16.18373786046512,bw,static,static,results,Results,Results_LLAMA31,LLAMA3-ARXIV-Results,simulator_output_LLAMA3-ARXIV_bwplacement_bs2_staticreq_statictask,SCRUBBED_TIME+LLAMA3-ARXIV_BMPD640_8_13_3,False
2,15,0,0,4,5,384,123.43,16.234391272727272,bw,static,static,results,Results,Results_LLAMA31,LLAMA3-ARXIV-Results,simulator_output_LLAMA3-ARXIV_bwplacement_bs2_staticreq_statictask,SCRUBBED_TIME+LLAMA3-ARXIV_BMPD384_15_4_5,False
2,7,0,0,13,4,640,177.38,16.242147759999998,bw,static,static,results,Results,Results_LLAMA31,LLAMA3-ARXIV-Results,simulator_output_LLAMA3-ARXIV_bwplacement_bs2_staticreq_statictask,SCRUBBED_TIME+LLAMA3-ARXIV_BMPD640_7_13_4,False
2,9,0,0,14,1,512,48.99,16.244542,bw,static,static,results,Results,Results_LLAMA31,LLAMA3-ARXIV-Results,simulator_output_LLAMA3-ARXIV_bwplacement_bs2_staticreq_statictask,SCRUBBED_TIME+LLAMA3-ARXIV_BMPD512_9_14_1,False
2,7,0,0,15,2,512,93.97,16.279966545454545,bw,static,static,results,Results,Results_LLAMA31,LLAMA3-ARXIV-Results,simulator_output_LLAMA3-ARXIV_bwplacement_bs2_staticreq_statictask,SCRUBBED_TIME+LLAMA3-ARXIV_BMPD512_7_15_2,False
2,2,0,0,8,14,640,134.29,16.333275794871795,bw,static,static,results,Results,Results_LLAMA31,LLAMA3-ARXIV-Results,simulator_output_LLAMA3-ARXIV_bwplacement_bs2_staticreq_statictask,SCRUBBED_TIME+LLAMA3-ARXIV_BMPD640_2_8_14,False
2,8,0,0,8,8,512,242.29,16.33859656140351,bw,static,static,results,Results,Results_LLAMA31,LLAMA3-ARXIV-Results,simulator_output_LLAMA3-ARXIV_bwplacement_bs2_staticreq_statictask,SCRUBBED_TIME+LLAMA3-ARXIV_BMPD512_8_8_8,False
2,3,0,0,19,2,512,92.41,16.34289684848485,bw,static,static,results,Results,Results_LLAMA31,LLAMA3-ARXIV-Results,simulator_output_LLAMA3-ARXIV_bwplacement_bs2_staticreq_statictask,SCRUBBED_TIME+LLAMA3-ARXIV_BMPD512_3_19_2,False
2,7,0,0,11,6,512,209.78,16.347860074074074,bw,static,static,results,Results,Results_LLAMA31,LLAMA3-ARXIV-Results,simulator_output_LLAMA3-ARXIV_bwplacement_bs2_staticreq_statictask,SCRUBBED_TIME+LLAMA3-ARXIV_BMPD512_7_11_6,False
2,7,0,0,12,5,512,193.38,16.348752470588234,bw,static,static,results,Results,Results_LLAMA31,LLAMA3-ARXIV-Results,simulator_output_LLAMA3-ARXIV_bwplacement_bs2_staticreq_statictask,SCRUBBED_TIME+LLAMA3-ARXIV_BMPD512_7_12_5,False
2,2,0,0,7,15,512,138.82,16.378725846153845,bw,static,static,results,Results,Results_LLAMA31,LLAMA3-ARXIV-Results,simulator_output_LLAMA3-ARXIV_bwplacement_bs2_staticreq_statictask,SCRUBBED_TIME+LLAMA3-ARXIV_BMPD512_2_7_15,False
2,10,0,0,13,1,256,28.99,16.387993714285713,bw,static,static,results,Results,Results_LLAMA31,LLAMA3-ARXIV-Results,simulator_output_LLAMA3-ARXIV_bwplacement_bs2_staticreq_statictask,SCRUBBED_TIME+LLAMA3-ARXIV_BMPD256_10_13_1,False
2,8,0,0,6,10,256,161.23,16.3893472,bw,static,static,results,Results,Results_LLAMA31,LLAMA3-ARXIV-Results,simulator_output_LLAMA3-ARXIV_bwplacement_bs2_staticreq_statictask,SCRUBBED_TIME+LLAMA3-ARXIV_BMPD256_8_6_10,False
2,9,0,0,13,2,640,92.33,16.397583034482757,bw,static,static,results,Results,Results_LLAMA31,LLAMA3-ARXIV-Results,simulator_output_LLAMA3-ARXIV_bwplacement_bs2_staticreq_statictask,SCRUBBED_TIME+LLAMA3-ARXIV_BMPD640_9_13_2,False
2,8,0,0,11,5,512,187.26,16.4383224,bw,static,static,results,Results,Results_LLAMA31,LLAMA3-ARXIV-Results,simulator_output_LLAMA3-ARXIV_bwplacement_bs2_staticreq_statictask,SCRUBBED_TIME+LLAMA3-ARXIV_BMPD512_8_11_5,False
2,2,0,0,11,11,640,138.1,16.46615694736842,bw,static,static,results,Results,Results_LLAMA31,LLAMA3-ARXIV-Results,simulator_output_LLAMA3-ARXIV_bwplacement_bs2_staticreq_statictask,SCRUBBED_TIME+LLAMA3-ARXIV_BMPD640_2_11_11,False
2,4,0,0,18,2,512,93.82,16.470018060606062,bw,static,static,results,Results,Results_LLAMA31,LLAMA3-ARXIV-Results,simulator_output_LLAMA3-ARXIV_bwplacement_bs2_staticreq_statictask,SCRUBBED_TIME+LLAMA3-ARXIV_BMPD512_4_18_2,False
2,12,0,0,8,4,640,154.0,16.472328390243902,bw,static,static,results,Results,Results_LLAMA31,LLAMA3-ARXIV-Results,simulator_output_LLAMA3-ARXIV_bwplacement_bs2_staticreq_statictask,SCRUBBED_TIME+LLAMA3-ARXIV_BMPD640_12_8_4,False
2,9,0,0,7,8,384,211.58,16.48119976470588,bw,static,static,results,Results,Results_LLAMA31,LLAMA3-ARXIV-Results,simulator_output_LLAMA3-ARXIV_bwplacement_bs2_staticreq_statictask,SCRUBBED_TIME+LLAMA3-ARXIV_BMPD384_9_7_8,False
2,3,0,0,20,1,256,30.79,16.482494095238096,bw,static,static,results,Results,Results_LLAMA31,LLAMA3-ARXIV-Results,simulator_output_LLAMA3-ARXIV_bwplacement_bs2_staticreq_statictask,SCRUBBED_TIME+LLAMA3-ARXIV_BMPD256_3_20_1,False
2,9,0,0,9,6,512,195.97,16.4978804,bw,static,static,results,Results,Results_LLAMA31,LLAMA3-ARXIV-Results,simulator_output_LLAMA3-ARXIV_bwplacement_bs2_staticreq_statictask,SCRUBBED_TIME+LLAMA3-ARXIV_BMPD512_9_9_6,False
2,5,0,0,15,4,512,176.03,16.5015984,bw,static,static,results,Results,Results_LLAMA31,LLAMA3-ARXIV-Results,simulator_output_LLAMA3-ARXIV_bwplacement_bs2_staticreq_statictask,SCRUBBED_TIME+LLAMA3-ARXIV_BMPD512_5_15_4,False
2,13,0,0,6,5,512,150.12,16.507431027027028,bw,static,static,results,Results,Results_LLAMA31,LLAMA3-ARXIV-Results,simulator_output_LLAMA3-ARXIV_bwplacement_bs2_staticreq_statictask,SCRUBBED_TIME+LLAMA3-ARXIV_BMPD512_13_6_5,False
2,15,0,0,7,2,640,84.67,16.519854608695653,bw,static,static,results,Results,Results_LLAMA31,LLAMA3-ARXIV-Results,simulator_output_LLAMA3-ARXIV_bwplacement_bs2_staticreq_statictask,SCRUBBED_TIME+LLAMA3-ARXIV_BMPD640_15_7_2,False
2,11,0,0,12,1,512,48.02,16.561702,bw,static,static,results,Results,Results_LLAMA31,LLAMA3-ARXIV-Results,simulator_output_LLAMA3-ARXIV_bwplacement_bs2_staticreq_statictask,SCRUBBED_TIME+LLAMA3-ARXIV_BMPD512_11_12_1,False
2,9,0,0,10,5,512,180.1,16.579058782608694,bw,static,static,results,Results,Results_LLAMA31,LLAMA3-ARXIV-Results,simulator_output_LLAMA3-ARXIV_bwplacement_bs2_staticreq_statictask,SCRUBBED_TIME+LLAMA3-ARXIV_BMPD512_9_10_5,False
2,11,0,0,7,6,512,179.82,16.606662311111112,bw,static,static,results,Results,Results_LLAMA31,LLAMA3-ARXIV-Results,simulator_output_LLAMA3-ARXIV_bwplacement_bs2_staticreq_statictask,SCRUBBED_TIME+LLAMA3-ARXIV_BMPD512_11_7_6,False
2,16,0,0,3,5,256,79.76,16.60943495652174,bw,static,static,results,Results,Results_LLAMA31,LLAMA3-ARXIV-Results,simulator_output_LLAMA3-ARXIV_bwplacement_bs2_staticreq_statictask,SCRUBBED_TIME+LLAMA3-ARXIV_BMPD256_16_3_5,False
2,10,0,0,6,8,384,202.47,16.64065016,bw,static,static,results,Results,Results_LLAMA31,LLAMA3-ARXIV-Results,simulator_output_LLAMA3-ARXIV_bwplacement_bs2_staticreq_statictask,SCRUBBED_TIME+LLAMA3-ARXIV_BMPD384_10_6_8,False
2,6,0,0,11,7,512,230.39,16.658756210526317,bw,static,static,results,Results,Results_LLAMA31,LLAMA3-ARXIV-Results,simulator_output_LLAMA3-ARXIV_bwplacement_bs2_staticreq_statictask,SCRUBBED_TIME+LLAMA3-ARXIV_BMPD512_6_11_7,False
2,7,0,0,6,11,256,176.42,16.693310880000002,bw,static,static,results,Results,Results_LLAMA31,LLAMA3-ARXIV-Results,simulator_output_LLAMA3-ARXIV_bwplacement_bs2_staticreq_statictask,SCRUBBED_TIME+LLAMA3-ARXIV_BMPD256_7_6_11,False
2,8,0,0,15,1,256,29.83,16.72052925,bw,static,static,results,Results,Results_LLAMA31,LLAMA3-ARXIV-Results,simulator_output_LLAMA3-ARXIV_bwplacement_bs2_staticreq_statictask,SCRUBBED_TIME+LLAMA3-ARXIV_BMPD256_8_15_1,False
2,4,0,0,19,1,384,46.23,16.7240446,bw,static,static,results,Results,Results_LLAMA31,LLAMA3-ARXIV-Results,simulator_output_LLAMA3-ARXIV_bwplacement_bs2_staticreq_statictask,SCRUBBED_TIME+LLAMA3-ARXIV_BMPD384_4_19_1,False
2,13,0,0,4,7,256,103.7,16.745317103448276,bw,static,static,results,Results,Results_LLAMA31,LLAMA3-ARXIV-Results,simulator_output_LLAMA3-ARXIV_bwplacement_bs2_staticreq_statictask,SCRUBBED_TIME+LLAMA3-ARXIV_BMPD256_13_4_7,False
2,5,0,0,16,3,640,132.42,16.750354139534885,bw,static,static,results,Results,Results_LLAMA31,LLAMA3-ARXIV-Results,simulator_output_LLAMA3-ARXIV_bwplacement_bs2_staticreq_statictask,SCRUBBED_TIME+LLAMA3-ARXIV_BMPD640_5_16_3,False
2,6,0,0,7,11,256,185.0,16.77414117647059,bw,static,static,results,Results,Results_LLAMA31,LLAMA3-ARXIV-Results,simulator_output_LLAMA3-ARXIV_bwplacement_bs2_staticreq_statictask,SCRUBBED_TIME+LLAMA3-ARXIV_BMPD256_6_7_11,False
2,12,0,0,10,2,640,89.85,16.787818962962962,bw,static,static,results,Results,Results_LLAMA31,LLAMA3-ARXIV-Results,simulator_output_LLAMA3-ARXIV_bwplacement_bs2_staticreq_statictask,SCRUBBED_TIME+LLAMA3-ARXIV_BMPD640_12_10_2,False
2,16,0,0,5,3,512,104.41,16.78979362962963,bw,static,static,results,Results,Results_LLAMA31,LLAMA3-ARXIV-Results,simulator_output_LLAMA3-ARXIV_bwplacement_bs2_staticreq_statictask,SCRUBBED_TIME+LLAMA3-ARXIV_BMPD512_16_5_3,False
2,10,0,0,12,2,512,91.4,16.795664,bw,static,static,results,Results,Results_LLAMA31,LLAMA3-ARXIV-Results,simulator_output_LLAMA3-ARXIV_bwplacement_bs2_staticreq_statictask,SCRUBBED_TIME+LLAMA3-ARXIV_BMPD512_10_12_2,False
2,3,0,0,11,10,512,193.56,16.803717811320755,bw,static,static,results,Results,Results_LLAMA31,LLAMA3-ARXIV-Results,simulator_output_LLAMA3-ARXIV_bwplacement_bs2_staticreq_statictask,SCRUBBED_TIME+LLAMA3-ARXIV_BMPD512_3_11_10,False
2,9,0,0,14,1,256,29.44,16.8354432,bw,static,static,results,Results,Results_LLAMA31,LLAMA3-ARXIV-Results,simulator_output_LLAMA3-ARXIV_bwplacement_bs2_staticreq_statictask,SCRUBBED_TIME+LLAMA3-ARXIV_BMPD256_9_14_1,False
2,9,0,0,12,3,640,130.69,16.850510594594596,bw,static,static,results,Results,Results_LLAMA31,LLAMA3-ARXIV-Results,simulator_output_LLAMA3-ARXIV_bwplacement_bs2_staticreq_statictask,SCRUBBED_TIME+LLAMA3-ARXIV_BMPD640_9_12_3,False
2,3,0,0,7,14,256,180.17,16.90927796226415,bw,static,static,results,Results,Results_LLAMA31,LLAMA3-ARXIV-Results,simulator_output_LLAMA3-ARXIV_bwplacement_bs2_staticreq_statictask,SCRUBBED_TIME+LLAMA3-ARXIV_BMPD256_3_7_14,False
2,3,0,0,13,8,512,193.48,16.92358188235294,bw,static,static,results,Results,Results_LLAMA31,LLAMA3-ARXIV-Results,simulator_output_LLAMA3-ARXIV_bwplacement_bs2_staticreq_statictask,SCRUBBED_TIME+LLAMA3-ARXIV_BMPD512_3_13_8,False
2,4,0,0,15,5,512,188.83,16.937650814814813,bw,static,static,results,Results,Results_LLAMA31,LLAMA3-ARXIV-Results,simulator_output_LLAMA3-ARXIV_bwplacement_bs2_staticreq_statictask,SCRUBBED_TIME+LLAMA3-ARXIV_BMPD512_4_15_5,False
2,3,0,0,16,5,640,165.39,16.94581176,bw,static,static,results,Results,Results_LLAMA31,LLAMA3-ARXIV-Results,simulator_output_LLAMA3-ARXIV_bwplacement_bs2_staticreq_statictask,SCRUBBED_TIME+LLAMA3-ARXIV_BMPD640_3_16_5,False
2,7,0,0,8,9,512,254.03,16.964959254237286,bw,static,static,results,Results,Results_LLAMA31,LLAMA3-ARXIV-Results,simulator_output_LLAMA3-ARXIV_bwplacement_bs2_staticreq_statictask,SCRUBBED_TIME+LLAMA3-ARXIV_BMPD512_7_8_9,False
2,6,0,0,12,6,512,211.46,16.977966736842106,bw,static,static,results,Results,Results_LLAMA31,LLAMA3-ARXIV-Results,simulator_output_LLAMA3-ARXIV_bwplacement_bs2_staticreq_statictask,SCRUBBED_TIME+LLAMA3-ARXIV_BMPD512_6_12_6,False
2,2,0,0,10,12,640,133.87,16.988483263157892,bw,static,static,results,Results,Results_LLAMA31,LLAMA3-ARXIV-Results,simulator_output_LLAMA3-ARXIV_bwplacement_bs2_staticreq_statictask,SCRUBBED_TIME+LLAMA3-ARXIV_BMPD640_2_10_12,False
2,4,0,0,16,4,640,165.47,16.990399760000003,bw,static,static,results,Results,Results_LLAMA31,LLAMA3-ARXIV-Results,simulator_output_LLAMA3-ARXIV_bwplacement_bs2_staticreq_statictask,SCRUBBED_TIME+LLAMA3-ARXIV_BMPD640_4_16_4,False
2,11,0,0,12,1,640,47.12,17.0079058,bw,static,static,results,Results,Results_LLAMA31,LLAMA3-ARXIV-Results,simulator_output_LLAMA3-ARXIV_bwplacement_bs2_staticreq_statictask,SCRUBBED_TIME+LLAMA3-ARXIV_BMPD640_11_12_1,False
2,8,0,0,9,7,512,220.34,17.028863777777776,bw,static,static,results,Results,Results_LLAMA31,LLAMA3-ARXIV-Results,simulator_output_LLAMA3-ARXIV_bwplacement_bs2_staticreq_statictask,SCRUBBED_TIME+LLAMA3-ARXIV_BMPD512_8_9_7,False
2,10,0,0,10,4,640,171.04,17.05373528888889,bw,static,static,results,Results,Results_LLAMA31,LLAMA3-ARXIV-Results,simulator_output_LLAMA3-ARXIV_bwplacement_bs2_staticreq_statictask,SCRUBBED_TIME+LLAMA3-ARXIV_BMPD640_10_10_4,False
2,2,0,0,9,13,640,137.23,17.060222736842107,bw,static,static,results,Results,Results_LLAMA31,LLAMA3-ARXIV-Results,simulator_output_LLAMA3-ARXIV_bwplacement_bs2_staticreq_statictask,SCRUBBED_TIME+LLAMA3-ARXIV_BMPD640_2_9_13,False
2,9,0,0,5,10,256,149.55,17.06431618604651,bw,static,static,results,Results,Results_LLAMA31,LLAMA3-ARXIV-Results,simulator_output_LLAMA3-ARXIV_bwplacement_bs2_staticreq_statictask,SCRUBBED_TIME+LLAMA3-ARXIV_BMPD256_9_5_10,False
2,4,0,0,17,3,640,128.85,17.08527506976744,bw,static,static,results,Results,Results_LLAMA31,LLAMA3-ARXIV-Results,simulator_output_LLAMA3-ARXIV_bwplacement_bs2_staticreq_statictask,SCRUBBED_TIME+LLAMA3-ARXIV_BMPD640_4_17_3,False
2,9,0,0,13,2,512,92.41,17.088968827586207,bw,static,static,results,Results,Results_LLAMA31,LLAMA3-ARXIV-Results,simulator_output_LLAMA3-ARXIV_bwplacement_bs2_staticreq_statictask,SCRUBBED_TIME+LLAMA3-ARXIV_BMPD512_9_13_2,False
2,11,0,0,9,4,640,158.64,17.11893553488372,bw,static,static,results,Results,Results_LLAMA31,LLAMA3-ARXIV-Results,simulator_output_LLAMA3-ARXIV_bwplacement_bs2_staticreq_statictask,SCRUBBED_TIME+LLAMA3-ARXIV_BMPD640_11_9_4,False
2,14,0,0,9,1,640,44.7,17.124196,bw,static,static,results,Results,Results_LLAMA31,LLAMA3-ARXIV-Results,simulator_output_LLAMA3-ARXIV_bwplacement_bs2_staticreq_statictask,SCRUBBED_TIME+LLAMA3-ARXIV_BMPD640_14_9_1,False
2,10,0,0,12,2,640,90.81,17.12730785185185,bw,static,static,results,Results,Results_LLAMA31,LLAMA3-ARXIV-Results,simulator_output_LLAMA3-ARXIV_bwplacement_bs2_staticreq_statictask,SCRUBBED_TIME+LLAMA3-ARXIV_BMPD640_10_12_2,False
2,11,0,0,5,8,384,182.87,17.13796791111111,bw,static,static,results,Results,Results_LLAMA31,LLAMA3-ARXIV-Results,simulator_output_LLAMA3-ARXIV_bwplacement_bs2_staticreq_statictask,SCRUBBED_TIME+LLAMA3-ARXIV_BMPD384_11_5_8,False
2,14,0,0,7,3,640,120.59,17.165606060606063,bw,static,static,results,Results,Results_LLAMA31,LLAMA3-ARXIV-Results,simulator_output_LLAMA3-ARXIV_bwplacement_bs2_staticreq_statictask,SCRUBBED_TIME+LLAMA3-ARXIV_BMPD640_14_7_3,False
2,3,0,0,12,9,512,191.33,17.169776,bw,static,static,results,Results,Results_LLAMA31,LLAMA3-ARXIV-Results,simulator_output_LLAMA3-ARXIV_bwplacement_bs2_staticreq_statictask,SCRUBBED_TIME+LLAMA3-ARXIV_BMPD512_3_12_9,False
2,10,0,0,11,3,640,130.07,17.18339911111111,bw,static,static,results,Results,Results_LLAMA31,LLAMA3-ARXIV-Results,simulator_output_LLAMA3-ARXIV_bwplacement_bs2_staticreq_statictask,SCRUBBED_TIME+LLAMA3-ARXIV_BMPD640_10_11_3,False
2,12,0,0,6,6,512,164.74,17.186703714285713,bw,static,static,results,Results,Results_LLAMA31,LLAMA3-ARXIV-Results,simulator_output_LLAMA3-ARXIV_bwplacement_bs2_staticreq_statictask,SCRUBBED_TIME+LLAMA3-ARXIV_BMPD512_12_6_6,False
2,4,0,0,12,8,512,233.78,17.20454061016949,bw,static,static,results,Results,Results_LLAMA31,LLAMA3-ARXIV-Results,simulator_output_LLAMA3-ARXIV_bwplacement_bs2_staticreq_statictask,SCRUBBED_TIME+LLAMA3-ARXIV_BMPD512_4_12_8,False
2,3,0,0,8,13,512,207.39,17.225781745454547,bw,static,static,results,Results,Results_LLAMA31,LLAMA3-ARXIV-Results,simulator_output_LLAMA3-ARXIV_bwplacement_bs2_staticreq_statictask,SCRUBBED_TIME+LLAMA3-ARXIV_BMPD512_3_8_13,False
2,5,0,0,13,6,640,209.62,17.227045333333333,bw,static,static,results,Results,Results_LLAMA31,LLAMA3-ARXIV-Results,simulator_output_LLAMA3-ARXIV_bwplacement_bs2_staticreq_statictask,SCRUBBED_TIME+LLAMA3-ARXIV_BMPD640_5_13_6,False
2,6,0,0,16,2,640,94.01,17.235884848484847,bw,static,static,results,Results,Results_LLAMA31,LLAMA3-ARXIV-Results,simulator_output_LLAMA3-ARXIV_bwplacement_bs2_staticreq_statictask,SCRUBBED_TIME+LLAMA3-ARXIV_BMPD640_6_16_2,False
2,13,0,0,10,1,640,46.19,17.26143094736842,bw,static,static,results,Results,Results_LLAMA31,LLAMA3-ARXIV-Results,simulator_output_LLAMA3-ARXIV_bwplacement_bs2_staticreq_statictask,SCRUBBED_TIME+LLAMA3-ARXIV_BMPD640_13_10_1,False
2,12,0,0,9,3,640,119.36,17.271351515151515,bw,static,static,results,Results,Results_LLAMA31,LLAMA3-ARXIV-Results,simulator_output_LLAMA3-ARXIV_bwplacement_bs2_staticreq_statictask,SCRUBBED_TIME+LLAMA3-ARXIV_BMPD640_12_9_3,False
2,5,0,0,7,12,256,188.66,17.2809119245283,bw,static,static,results,Results,Results_LLAMA31,LLAMA3-ARXIV-Results,simulator_output_LLAMA3-ARXIV_bwplacement_bs2_staticreq_statictask,SCRUBBED_TIME+LLAMA3-ARXIV_BMPD256_5_7_12,False
2,11,0,0,11,2,640,90.14,17.29167451851852,bw,static,static,results,Results,Results_LLAMA31,LLAMA3-ARXIV-Results,simulator_output_LLAMA3-ARXIV_bwplacement_bs2_staticreq_statictask,SCRUBBED_TIME+LLAMA3-ARXIV_BMPD640_11_11_2,False
2,8,0,0,12,4,640,172.88,17.298616695652175,bw,static,static,results,Results,Results_LLAMA31,LLAMA3-ARXIV-Results,simulator_output_LLAMA3-ARXIV_bwplacement_bs2_staticreq_statictask,SCRUBBED_TIME+LLAMA3-ARXIV_BMPD640_8_12_4,False
2,10,0,0,8,6,640,182.79,17.314428622222223,bw,static,static,results,Results,Results_LLAMA31,LLAMA3-ARXIV-Results,simulator_output_LLAMA3-ARXIV_bwplacement_bs2_staticreq_statictask,SCRUBBED_TIME+LLAMA3-ARXIV_BMPD640_10_8_6,False
2,5,0,0,11,8,512,246.77,17.323777898305085,bw,static,static,results,Results,Results_LLAMA31,LLAMA3-ARXIV-Results,simulator_output_LLAMA3-ARXIV_bwplacement_bs2_staticreq_statictask,SCRUBBED_TIME+LLAMA3-ARXIV_BMPD512_5_11_8,False
2,3,0,0,17,4,640,153.43,17.325255826086956,bw,static,static,results,Results,Results_LLAMA31,LLAMA3-ARXIV-Results,simulator_output_LLAMA3-ARXIV_bwplacement_bs2_staticreq_statictask,SCRUBBED_TIME+LLAMA3-ARXIV_BMPD640_3_17_4,False
2,16,0,0,7,1,640,44.19,17.32565466666667,bw,static,static,results,Results,Results_LLAMA31,LLAMA3-ARXIV-Results,simulator_output_LLAMA3-ARXIV_bwplacement_bs2_staticreq_statictask,SCRUBBED_TIME+LLAMA3-ARXIV_BMPD640_16_7_1,False
2,16,0,0,6,2,640,82.27,17.336113272727275,bw,static,static,results,Results,Results_LLAMA31,LLAMA3-ARXIV-Results,simulator_output_LLAMA3-ARXIV_bwplacement_bs2_staticreq_statictask,SCRUBBED_TIME+LLAMA3-ARXIV_BMPD640_16_6_2,False
2,6,0,0,13,5,512,194.07,17.339842339622642,bw,static,static,results,Results,Results_LLAMA31,LLAMA3-ARXIV-Results,simulator_output_LLAMA3-ARXIV_bwplacement_bs2_staticreq_statictask,SCRUBBED_TIME+LLAMA3-ARXIV_BMPD512_6_13_5,False
2,8,0,0,7,9,384,209.74,17.369436981132075,bw,static,static,results,Results,Results_LLAMA31,LLAMA3-ARXIV-Results,simulator_output_LLAMA3-ARXIV_bwplacement_bs2_staticreq_statictask,SCRUBBED_TIME+LLAMA3-ARXIV_BMPD384_8_7_9,False
2,8,0,0,10,6,512,197.23,17.3792804,bw,static,static,results,Results,Results_LLAMA31,LLAMA3-ARXIV-Results,simulator_output_LLAMA3-ARXIV_bwplacement_bs2_staticreq_statictask,SCRUBBED_TIME+LLAMA3-ARXIV_BMPD512_8_10_6,False
2,11,0,0,10,3,640,129.04,17.382699111111112,bw,static,static,results,Results,Results_LLAMA31,LLAMA3-ARXIV-Results,simulator_output_LLAMA3-ARXIV_bwplacement_bs2_staticreq_statictask,SCRUBBED_TIME+LLAMA3-ARXIV_BMPD640_11_10_3,False
2,5,0,0,18,1,384,46.5,17.38377923809524,bw,static,static,results,Results,Results_LLAMA31,LLAMA3-ARXIV-Results,simulator_output_LLAMA3-ARXIV_bwplacement_bs2_staticreq_statictask,SCRUBBED_TIME+LLAMA3-ARXIV_BMPD384_5_18_1,False
2,7,0,0,12,5,640,189.92,17.384573760000002,bw,static,static,results,Results,Results_LLAMA31,LLAMA3-ARXIV-Results,simulator_output_LLAMA3-ARXIV_bwplacement_bs2_staticreq_statictask,SCRUBBED_TIME+LLAMA3-ARXIV_BMPD640_7_12_5,False
2,15,0,0,5,4,512,117.75,17.384684727272727,bw,static,static,results,Results,Results_LLAMA31,LLAMA3-ARXIV-Results,simulator_output_LLAMA3-ARXIV_bwplacement_bs2_staticreq_statictask,SCRUBBED_TIME+LLAMA3-ARXIV_BMPD512_15_5_4,False
2,5,0,0,13,6,512,211.63,17.38828077192982,bw,static,static,results,Results,Results_LLAMA31,LLAMA3-ARXIV-Results,simulator_output_LLAMA3-ARXIV_bwplacement_bs2_staticreq_statictask,SCRUBBED_TIME+LLAMA3-ARXIV_BMPD512_5_13_6,False
2,6,0,0,15,3,640,131.63,17.40493814634146,bw,static,static,results,Results,Results_LLAMA31,LLAMA3-ARXIV-Results,simulator_output_LLAMA3-ARXIV_bwplacement_bs2_staticreq_statictask,SCRUBBED_TIME+LLAMA3-ARXIV_BMPD640_6_15_3,False
2,7,0,0,15,2,640,92.13,17.42301212121212,bw,static,static,results,Results,Results_LLAMA31,LLAMA3-ARXIV-Results,simulator_output_LLAMA3-ARXIV_bwplacement_bs2_staticreq_statictask,SCRUBBED_TIME+LLAMA3-ARXIV_BMPD640_7_15_2,False
2,5,0,0,12,7,512,229.28,17.427973754385963,bw,static,static,results,Results,Results_LLAMA31,LLAMA3-ARXIV-Results,simulator_output_LLAMA3-ARXIV_bwplacement_bs2_staticreq_statictask,SCRUBBED_TIME+LLAMA3-ARXIV_BMPD512_5_12_7,False
2,4,0,0,13,7,512,221.43,17.430818576271186,bw,static,static,results,Results,Results_LLAMA31,LLAMA3-ARXIV-Results,simulator_output_LLAMA3-ARXIV_bwplacement_bs2_staticreq_statictask,SCRUBBED_TIME+LLAMA3-ARXIV_BMPD512_4_13_7,False
2,9,0,0,6,9,384,203.52,17.43524016,bw,static,static,results,Results,Results_LLAMA31,LLAMA3-ARXIV-Results,simulator_output_LLAMA3-ARXIV_bwplacement_bs2_staticreq_statictask,SCRUBBED_TIME+LLAMA3-ARXIV_BMPD384_9_6_9,False
2,4,0,0,13,7,640,215.86,17.452559186440677,bw,static,static,results,Results,Results_LLAMA31,LLAMA3-ARXIV-Results,simulator_output_LLAMA3-ARXIV_bwplacement_bs2_staticreq_statictask,SCRUBBED_TIME+LLAMA3-ARXIV_BMPD640_4_13_7,False
2,7,0,0,16,1,512,50.29,17.467242,bw,static,static,results,Results,Results_LLAMA31,LLAMA3-ARXIV-Results,simulator_output_LLAMA3-ARXIV_bwplacement_bs2_staticreq_statictask,SCRUBBED_TIME+LLAMA3-ARXIV_BMPD512_7_16_1,False
2,6,0,0,8,10,512,250.71,17.470444965517242,bw,static,static,results,Results,Results_LLAMA31,LLAMA3-ARXIV-Results,simulator_output_LLAMA3-ARXIV_bwplacement_bs2_staticreq_statictask,SCRUBBED_TIME+LLAMA3-ARXIV_BMPD512_6_8_10,False
2,8,0,0,15,1,384,43.77,17.480132,bw,static,static,results,Results,Results_LLAMA31,LLAMA3-ARXIV-Results,simulator_output_LLAMA3-ARXIV_bwplacement_bs2_staticreq_statictask,SCRUBBED_TIME+LLAMA3-ARXIV_BMPD384_8_15_1,False
2,5,0,0,15,4,640,173.2,17.49228776,bw,static,static,results,Results,Results_LLAMA31,LLAMA3-ARXIV-Results,simulator_output_LLAMA3-ARXIV_bwplacement_bs2_staticreq_statictask,SCRUBBED_TIME+LLAMA3-ARXIV_BMPD640_5_15_4,False
2,10,0,0,13,1,640,47.94,17.504141333333333,bw,static,static,results,Results,Results_LLAMA31,LLAMA3-ARXIV-Results,simulator_output_LLAMA3-ARXIV_bwplacement_bs2_staticreq_statictask,SCRUBBED_TIME+LLAMA3-ARXIV_BMPD640_10_13_1,False
2,5,0,0,17,2,640,94.2,17.508569696969694,bw,static,static,results,Results,Results_LLAMA31,LLAMA3-ARXIV-Results,simulator_output_LLAMA3-ARXIV_bwplacement_bs2_staticreq_statictask,SCRUBBED_TIME+LLAMA3-ARXIV_BMPD640_5_17_2,False
2,6,0,0,13,5,640,191.26,17.52174854901961,bw,static,static,results,Results,Results_LLAMA31,LLAMA3-ARXIV-Results,simulator_output_LLAMA3-ARXIV_bwplacement_bs2_staticreq_statictask,SCRUBBED_TIME+LLAMA3-ARXIV_BMPD640_6_13_5,False
2,3,0,0,15,6,640,174.74,17.52756576,bw,static,static,results,Results,Results_LLAMA31,LLAMA3-ARXIV-Results,simulator_output_LLAMA3-ARXIV_bwplacement_bs2_staticreq_statictask,SCRUBBED_TIME+LLAMA3-ARXIV_BMPD640_3_15_6,False
2,9,0,0,11,4,640,172.65,17.534190844444446,bw,static,static,results,Results,Results_LLAMA31,LLAMA3-ARXIV-Results,simulator_output_LLAMA3-ARXIV_bwplacement_bs2_staticreq_statictask,SCRUBBED_TIME+LLAMA3-ARXIV_BMPD640_9_11_4,False
2,3,0,0,14,7,640,181.42,17.54182894117647,bw,static,static,results,Results,Results_LLAMA31,LLAMA3-ARXIV-Results,simulator_output_LLAMA3-ARXIV_bwplacement_bs2_staticreq_statictask,SCRUBBED_TIME+LLAMA3-ARXIV_BMPD640_3_14_7,False
2,3,0,0,13,8,640,194.48,17.563826962962963,bw,static,static,results,Results,Results_LLAMA31,LLAMA3-ARXIV-Results,simulator_output_LLAMA3-ARXIV_bwplacement_bs2_staticreq_statictask,SCRUBBED_TIME+LLAMA3-ARXIV_BMPD640_3_13_8,False
4,2,0,0,16,6,256,135.0,17.652523111111112,bw,static,static,results,Results,Results_LLAMA31,LLAMA3-ARXIV-Results,simulator_output_LLAMA3-ARXIV_bwplacement_bs4_staticreq_statictask,SCRUBBED_TIME+LLAMA3-ARXIV_BMPD256_2_16_6,False
2,12,0,0,11,1,640,47.11,17.659599368421052,bw,static,static,results,Results,Results_LLAMA31,LLAMA3-ARXIV-Results,simulator_output_LLAMA3-ARXIV_bwplacement_bs2_staticreq_statictask,SCRUBBED_TIME+LLAMA3-ARXIV_BMPD640_12_11_1,False
2,3,0,0,12,9,640,192.96,17.683243396226413,bw,static,static,results,Results,Results_LLAMA31,LLAMA3-ARXIV-Results,simulator_output_LLAMA3-ARXIV_bwplacement_bs2_staticreq_statictask,SCRUBBED_TIME+LLAMA3-ARXIV_BMPD640_3_12_9,False
2,4,0,0,11,9,512,234.83,17.69423213559322,bw,static,static,results,Results,Results_LLAMA31,LLAMA3-ARXIV-Results,simulator_output_LLAMA3-ARXIV_bwplacement_bs2_staticreq_statictask,SCRUBBED_TIME+LLAMA3-ARXIV_BMPD512_4_11_9,False
2,6,0,0,6,12,256,181.12,17.71267450980392,bw,static,static,results,Results,Results_LLAMA31,LLAMA3-ARXIV-Results,simulator_output_LLAMA3-ARXIV_bwplacement_bs2_staticreq_statictask,SCRUBBED_TIME+LLAMA3-ARXIV_BMPD256_6_6_12,False
2,14,0,0,4,6,384,127.73,17.719483888888888,bw,static,static,results,Results,Results_LLAMA31,LLAMA3-ARXIV-Results,simulator_output_LLAMA3-ARXIV_bwplacement_bs2_staticreq_statictask,SCRUBBED_TIME+LLAMA3-ARXIV_BMPD384_14_4_6,False
2,7,0,0,10,7,512,219.37,17.730934148148148,bw,static,static,results,Results,Results_LLAMA31,LLAMA3-ARXIV-Results,simulator_output_LLAMA3-ARXIV_bwplacement_bs2_staticreq_statictask,SCRUBBED_TIME+LLAMA3-ARXIV_BMPD512_7_10_7,False
2,6,0,0,12,6,640,205.52,17.74795563636364,bw,static,static,results,Results,Results_LLAMA31,LLAMA3-ARXIV-Results,simulator_output_LLAMA3-ARXIV_bwplacement_bs2_staticreq_statictask,SCRUBBED_TIME+LLAMA3-ARXIV_BMPD640_6_12_6,False
2,10,0,0,13,1,512,48.3,17.772012,bw,static,static,results,Results,Results_LLAMA31,LLAMA3-ARXIV-Results,simulator_output_LLAMA3-ARXIV_bwplacement_bs2_staticreq_statictask,SCRUBBED_TIME+LLAMA3-ARXIV_BMPD512_10_13_1,False
4,2,0,0,18,4,256,129.83,17.792434222222223,bw,static,static,results,Results,Results_LLAMA31,LLAMA3-ARXIV-Results,simulator_output_LLAMA3-ARXIV_bwplacement_bs4_staticreq_statictask,SCRUBBED_TIME+LLAMA3-ARXIV_BMPD256_2_18_4,False
2,5,0,0,12,7,640,224.8,17.81683656140351,bw,static,static,results,Results,Results_LLAMA31,LLAMA3-ARXIV-Results,simulator_output_LLAMA3-ARXIV_bwplacement_bs2_staticreq_statictask,SCRUBBED_TIME+LLAMA3-ARXIV_BMPD640_5_12_7,False
2,12,0,0,4,8,256,132.33,17.827396540540537,bw,static,static,results,Results,Results_LLAMA31,LLAMA3-ARXIV-Results,simulator_output_LLAMA3-ARXIV_bwplacement_bs2_staticreq_statictask,SCRUBBED_TIME+LLAMA3-ARXIV_BMPD256_12_4_8,False
2,10,0,0,7,7,512,192.66,17.896082695652176,bw,static,static,results,Results,Results_LLAMA31,LLAMA3-ARXIV-Results,simulator_output_LLAMA3-ARXIV_bwplacement_bs2_staticreq_statictask,SCRUBBED_TIME+LLAMA3-ARXIV_BMPD512_10_7_7,False
2,7,0,0,9,8,512,240.04,17.90112463157895,bw,static,static,results,Results,Results_LLAMA31,LLAMA3-ARXIV-Results,simulator_output_LLAMA3-ARXIV_bwplacement_bs2_staticreq_statictask,SCRUBBED_TIME+LLAMA3-ARXIV_BMPD512_7_9_8,False
2,7,0,0,14,3,640,129.63,17.920955219512194,bw,static,static,results,Results,Results_LLAMA31,LLAMA3-ARXIV-Results,simulator_output_LLAMA3-ARXIV_bwplacement_bs2_staticreq_statictask,SCRUBBED_TIME+LLAMA3-ARXIV_BMPD640_7_14_3,False
2,8,0,0,11,5,640,186.62,17.92879976,bw,static,static,results,Results,Results_LLAMA31,LLAMA3-ARXIV-Results,simulator_output_LLAMA3-ARXIV_bwplacement_bs2_staticreq_statictask,SCRUBBED_TIME+LLAMA3-ARXIV_BMPD640_8_11_5,False
2,9,0,0,8,7,640,202.15,17.92958176,bw,static,static,results,Results,Results_LLAMA31,LLAMA3-ARXIV-Results,simulator_output_LLAMA3-ARXIV_bwplacement_bs2_staticreq_statictask,SCRUBBED_TIME+LLAMA3-ARXIV_BMPD640_9_8_7,False
2,13,0,0,7,4,640,144.14,17.944329513513512,bw,static,static,results,Results,Results_LLAMA31,LLAMA3-ARXIV-Results,simulator_output_LLAMA3-ARXIV_bwplacement_bs2_staticreq_statictask,SCRUBBED_TIME+LLAMA3-ARXIV_BMPD640_13_7_4,False
4,2,0,0,17,5,256,132.8,17.962556444444445,bw,static,static,results,Results,Results_LLAMA31,LLAMA3-ARXIV-Results,simulator_output_LLAMA3-ARXIV_bwplacement_bs4_staticreq_statictask,SCRUBBED_TIME+LLAMA3-ARXIV_BMPD256_2_17_5,False
2,7,0,0,11,6,640,205.57,17.96338679245283,bw,static,static,results,Results,Results_LLAMA31,LLAMA3-ARXIV-Results,simulator_output_LLAMA3-ARXIV_bwplacement_bs2_staticreq_statictask,SCRUBBED_TIME+LLAMA3-ARXIV_BMPD640_7_11_6,False
2,2,0,0,6,16,512,135.81,18.013269684210528,bw,static,static,results,Results,Results_LLAMA31,LLAMA3-ARXIV-Results,simulator_output_LLAMA3-ARXIV_bwplacement_bs2_staticreq_statictask,SCRUBBED_TIME+LLAMA3-ARXIV_BMPD512_2_6_16,False
2,4,0,0,18,2,640,91.46,18.01862121212121,bw,static,static,results,Results,Results_LLAMA31,LLAMA3-ARXIV-Results,simulator_output_LLAMA3-ARXIV_bwplacement_bs2_staticreq_statictask,SCRUBBED_TIME+LLAMA3-ARXIV_BMPD640_4_18_2,False
2,6,0,0,17,1,512,51.3,18.089847,bw,static,static,results,Results,Results_LLAMA31,LLAMA3-ARXIV-Results,simulator_output_LLAMA3-ARXIV_bwplacement_bs2_staticreq_statictask,SCRUBBED_TIME+LLAMA3-ARXIV_BMPD512_6_17_1,False
2,4,0,0,15,5,640,186.14,18.09915283018868,bw,static,static,results,Results,Results_LLAMA31,LLAMA3-ARXIV-Results,simulator_output_LLAMA3-ARXIV_bwplacement_bs2_staticreq_statictask,SCRUBBED_TIME+LLAMA3-ARXIV_BMPD640_4_15_5,False
2,3,0,0,18,3,640,122.74,18.10307411111112,bw,static,static,results,Results,Results_LLAMA31,LLAMA3-ARXIV-Results,simulator_output_LLAMA3-ARXIV_bwplacement_bs2_staticreq_statictask,SCRUBBED_TIME+LLAMA3-ARXIV_BMPD640_3_18_3,False
2,7,0,0,7,10,384,222.09,18.103842740740745,bw,static,static,results,Results,Results_LLAMA31,LLAMA3-ARXIV-Results,simulator_output_LLAMA3-ARXIV_bwplacement_bs2_staticreq_statictask,SCRUBBED_TIME+LLAMA3-ARXIV_BMPD384_7_7_10,False
2,3,0,0,10,11,512,192.24,18.11554155555556,bw,static,static,results,Results,Results_LLAMA31,LLAMA3-ARXIV-Results,simulator_output_LLAMA3-ARXIV_bwplacement_bs2_staticreq_statictask,SCRUBBED_TIME+LLAMA3-ARXIV_BMPD512_3_10_11,False
2,11,0,0,6,7,512,182.37,18.1257112,bw,static,static,results,Results,Results_LLAMA31,LLAMA3-ARXIV-Results,simulator_output_LLAMA3-ARXIV_bwplacement_bs2_staticreq_statictask,SCRUBBED_TIME+LLAMA3-ARXIV_BMPD512_11_6_7,False
2,8,0,0,5,11,256,160.41,18.133097739130434,bw,static,static,results,Results,Results_LLAMA31,LLAMA3-ARXIV-Results,simulator_output_LLAMA3-ARXIV_bwplacement_bs2_staticreq_statictask,SCRUBBED_TIME+LLAMA3-ARXIV_BMPD256_8_5_11,False
2,4,0,0,12,8,640,232.01,18.14583206779661,bw,static,static,results,Results,Results_LLAMA31,LLAMA3-ARXIV-Results,simulator_output_LLAMA3-ARXIV_bwplacement_bs2_staticreq_statictask,SCRUBBED_TIME+LLAMA3-ARXIV_BMPD640_4_12_8,False
2,3,0,0,20,1,384,47.55,18.16164991304348,bw,static,static,results,Results,Results_LLAMA31,LLAMA3-ARXIV-Results,simulator_output_LLAMA3-ARXIV_bwplacement_bs2_staticreq_statictask,SCRUBBED_TIME+LLAMA3-ARXIV_BMPD384_3_20_1,False
4,2,0,0,14,8,256,139.92,18.19336755555556,bw,static,static,results,Results,Results_LLAMA31,LLAMA3-ARXIV-Results,simulator_output_LLAMA3-ARXIV_bwplacement_bs4_staticreq_statictask,SCRUBBED_TIME+LLAMA3-ARXIV_BMPD256_2_14_8,False
2,4,0,0,8,12,512,236.05,18.210350779661017,bw,static,static,results,Results,Results_LLAMA31,LLAMA3-ARXIV-Results,simulator_output_LLAMA3-ARXIV_bwplacement_bs2_staticreq_statictask,SCRUBBED_TIME+LLAMA3-ARXIV_BMPD512_4_8_12,False
2,4,0,0,7,13,256,170.84,18.21190888,bw,static,static,results,Results,Results_LLAMA31,LLAMA3-ARXIV-Results,simulator_output_LLAMA3-ARXIV_bwplacement_bs2_staticreq_statictask,SCRUBBED_TIME+LLAMA3-ARXIV_BMPD256_4_7_13,False
4,2,0,0,15,7,256,136.2,18.23223977777777,bw,static,static,results,Results,Results_LLAMA31,LLAMA3-ARXIV-Results,simulator_output_LLAMA3-ARXIV_bwplacement_bs4_staticreq_statictask,SCRUBBED_TIME+LLAMA3-ARXIV_BMPD256_2_15_7,False
2,10,0,0,9,5,640,168.74,18.23879863636364,bw,static,static,results,Results,Results_LLAMA31,LLAMA3-ARXIV-Results,simulator_output_LLAMA3-ARXIV_bwplacement_bs2_staticreq_statictask,SCRUBBED_TIME+LLAMA3-ARXIV_BMPD640_10_9_5,False
2,6,0,0,9,9,512,249.61,18.24878806779661,bw,static,static,results,Results,Results_LLAMA31,LLAMA3-ARXIV-Results,simulator_output_LLAMA3-ARXIV_bwplacement_bs2_staticreq_statictask,SCRUBBED_TIME+LLAMA3-ARXIV_BMPD512_6_9_9,False
2,6,0,0,10,8,512,238.45,18.27230533333333,bw,static,static,results,Results,Results_LLAMA31,LLAMA3-ARXIV-Results,simulator_output_LLAMA3-ARXIV_bwplacement_bs2_staticreq_statictask,SCRUBBED_TIME+LLAMA3-ARXIV_BMPD512_6_10_8,False
4,2,0,0,13,9,256,137.69,18.276412,bw,static,static,results,Results,Results_LLAMA31,LLAMA3-ARXIV-Results,simulator_output_LLAMA3-ARXIV_bwplacement_bs4_staticreq_statictask,SCRUBBED_TIME+LLAMA3-ARXIV_BMPD256_2_13_9,False
2,5,0,0,18,1,512,52.28,18.302605904761904,bw,static,static,results,Results,Results_LLAMA31,LLAMA3-ARXIV-Results,simulator_output_LLAMA3-ARXIV_bwplacement_bs2_staticreq_statictask,SCRUBBED_TIME+LLAMA3-ARXIV_BMPD512_5_18_1,False
2,5,0,0,6,13,256,179.3,18.31051288,bw,static,static,results,Results,Results_LLAMA31,LLAMA3-ARXIV-Results,simulator_output_LLAMA3-ARXIV_bwplacement_bs2_staticreq_statictask,SCRUBBED_TIME+LLAMA3-ARXIV_BMPD256_5_6_13,False
2,6,0,0,14,4,640,171.49,18.321289760000003,bw,static,static,results,Results,Results_LLAMA31,LLAMA3-ARXIV-Results,simulator_output_LLAMA3-ARXIV_bwplacement_bs2_staticreq_statictask,SCRUBBED_TIME+LLAMA3-ARXIV_BMPD640_6_14_4,False
4,2,0,0,12,10,256,138.28,18.331934222222223,bw,static,static,results,Results,Results_LLAMA31,LLAMA3-ARXIV-Results,simulator_output_LLAMA3-ARXIV_bwplacement_bs4_staticreq_statictask,SCRUBBED_TIME+LLAMA3-ARXIV_BMPD256_2_12_10,False
2,9,0,0,10,5,640,177.63,18.3834464,bw,static,static,results,Results,Results_LLAMA31,LLAMA3-ARXIV-Results,simulator_output_LLAMA3-ARXIV_bwplacement_bs2_staticreq_statictask,SCRUBBED_TIME+LLAMA3-ARXIV_BMPD640_9_10_5,False
2,8,0,0,14,2,640,90.5,18.396766709677426,bw,static,static,results,Results,Results_LLAMA31,LLAMA3-ARXIV-Results,simulator_output_LLAMA3-ARXIV_bwplacement_bs2_staticreq_statictask,SCRUBBED_TIME+LLAMA3-ARXIV_BMPD640_8_14_2,False
2,3,0,0,9,12,512,198.12,18.43127053846154,bw,static,static,results,Results,Results_LLAMA31,LLAMA3-ARXIV-Results,simulator_output_LLAMA3-ARXIV_bwplacement_bs2_staticreq_statictask,SCRUBBED_TIME+LLAMA3-ARXIV_BMPD512_3_9_12,False
2,14,0,0,5,5,512,133.34,18.441213666666663,bw,static,static,results,Results,Results_LLAMA31,LLAMA3-ARXIV-Results,simulator_output_LLAMA3-ARXIV_bwplacement_bs2_staticreq_statictask,SCRUBBED_TIME+LLAMA3-ARXIV_BMPD512_14_5_5,False
2,8,0,0,15,1,512,49.03,18.463947,bw,static,static,results,Results,Results_LLAMA31,LLAMA3-ARXIV-Results,simulator_output_LLAMA3-ARXIV_bwplacement_bs2_staticreq_statictask,SCRUBBED_TIME+LLAMA3-ARXIV_BMPD512_8_15_1,False
2,3,0,0,6,15,256,177.15,18.48708739622641,bw,static,static,results,Results,Results_LLAMA31,LLAMA3-ARXIV-Results,simulator_output_LLAMA3-ARXIV_bwplacement_bs2_staticreq_statictask,SCRUBBED_TIME+LLAMA3-ARXIV_BMPD256_3_6_15,False
2,6,0,0,7,11,384,235.93,18.498758736842102,bw,static,static,results,Results,Results_LLAMA31,LLAMA3-ARXIV-Results,simulator_output_LLAMA3-ARXIV_bwplacement_bs2_staticreq_statictask,SCRUBBED_TIME+LLAMA3-ARXIV_BMPD384_6_7_11,False
2,10,0,0,5,9,384,178.25,18.50607235555556,bw,static,static,results,Results,Results_LLAMA31,LLAMA3-ARXIV-Results,simulator_output_LLAMA3-ARXIV_bwplacement_bs2_staticreq_statictask,SCRUBBED_TIME+LLAMA3-ARXIV_BMPD384_10_5_9,False
2,5,0,0,10,9,512,250.42,18.51097620338983,bw,static,static,results,Results,Results_LLAMA31,LLAMA3-ARXIV-Results,simulator_output_LLAMA3-ARXIV_bwplacement_bs2_staticreq_statictask,SCRUBBED_TIME+LLAMA3-ARXIV_BMPD512_5_10_9,False
4,2,0,0,10,12,256,138.27,18.52530088888889,bw,static,static,results,Results,Results_LLAMA31,LLAMA3-ARXIV-Results,simulator_output_LLAMA3-ARXIV_bwplacement_bs4_staticreq_statictask,SCRUBBED_TIME+LLAMA3-ARXIV_BMPD256_2_10_12,False
2,15,0,0,3,6,256,85.11,18.56167408695652,bw,static,static,results,Results,Results_LLAMA31,LLAMA3-ARXIV-Results,simulator_output_LLAMA3-ARXIV_bwplacement_bs2_staticreq_statictask,SCRUBBED_TIME+LLAMA3-ARXIV_BMPD256_15_3_6,False
2,3,0,0,11,10,640,182.03,18.57202176,bw,static,static,results,Results,Results_LLAMA31,LLAMA3-ARXIV-Results,simulator_output_LLAMA3-ARXIV_bwplacement_bs2_staticreq_statictask,SCRUBBED_TIME+LLAMA3-ARXIV_BMPD640_3_11_10,False
4,2,0,0,11,11,256,138.27,18.585789777777777,bw,static,static,results,Results,Results_LLAMA31,LLAMA3-ARXIV-Results,simulator_output_LLAMA3-ARXIV_bwplacement_bs4_staticreq_statictask,SCRUBBED_TIME+LLAMA3-ARXIV_BMPD256_2_11_11,False
2,3,0,0,7,14,384,198.85,18.588330666666668,bw,static,static,results,Results,Results_LLAMA31,LLAMA3-ARXIV-Results,simulator_output_LLAMA3-ARXIV_bwplacement_bs2_staticreq_statictask,SCRUBBED_TIME+LLAMA3-ARXIV_BMPD384_3_7_14,False
2,6,0,0,11,7,640,222.6,18.74968568421053,bw,static,static,results,Results,Results_LLAMA31,LLAMA3-ARXIV-Results,simulator_output_LLAMA3-ARXIV_bwplacement_bs2_staticreq_statictask,SCRUBBED_TIME+LLAMA3-ARXIV_BMPD640_6_11_7,False
2,8,0,0,6,10,384,208.26,18.824933098039217,bw,static,static,results,Results,Results_LLAMA31,LLAMA3-ARXIV-Results,simulator_output_LLAMA3-ARXIV_bwplacement_bs2_staticreq_statictask,SCRUBBED_TIME+LLAMA3-ARXIV_BMPD384_8_6_10,False
2,13,0,0,4,7,384,142.61,18.8391747027027,bw,static,static,results,Results,Results_LLAMA31,LLAMA3-ARXIV-Results,simulator_output_LLAMA3-ARXIV_bwplacement_bs2_staticreq_statictask,SCRUBBED_TIME+LLAMA3-ARXIV_BMPD384_13_4_7,False
2,2,0,0,7,15,640,127.74,18.86352966666667,bw,static,static,results,Results,Results_LLAMA31,LLAMA3-ARXIV-Results,simulator_output_LLAMA3-ARXIV_bwplacement_bs2_staticreq_statictask,SCRUBBED_TIME+LLAMA3-ARXIV_BMPD640_2_7_15,False
2,4,0,0,10,10,512,236.78,18.863735525423728,bw,static,static,results,Results,Results_LLAMA31,LLAMA3-ARXIV-Results,simulator_output_LLAMA3-ARXIV_bwplacement_bs2_staticreq_statictask,SCRUBBED_TIME+LLAMA3-ARXIV_BMPD512_4_10_10,False
2,15,0,0,6,3,640,106.66,18.869214068965515,bw,static,static,results,Results,Results_LLAMA31,LLAMA3-ARXIV-Results,simulator_output_LLAMA3-ARXIV_bwplacement_bs2_staticreq_statictask,SCRUBBED_TIME+LLAMA3-ARXIV_BMPD640_15_6_3,False
2,4,0,0,11,9,640,220.28,18.87748627586207,bw,static,static,results,Results,Results_LLAMA31,LLAMA3-ARXIV-Results,simulator_output_LLAMA3-ARXIV_bwplacement_bs2_staticreq_statictask,SCRUBBED_TIME+LLAMA3-ARXIV_BMPD640_4_11_9,False
2,9,0,0,9,6,640,184.81,18.903512347826087,bw,static,static,results,Results,Results_LLAMA31,LLAMA3-ARXIV-Results,simulator_output_LLAMA3-ARXIV_bwplacement_bs2_staticreq_statictask,SCRUBBED_TIME+LLAMA3-ARXIV_BMPD640_9_9_6,False
2,5,0,0,14,5,640,186.88,18.95728301886793,bw,static,static,results,Results,Results_LLAMA31,LLAMA3-ARXIV-Results,simulator_output_LLAMA3-ARXIV_bwplacement_bs2_staticreq_statictask,SCRUBBED_TIME+LLAMA3-ARXIV_BMPD640_5_14_5,False
4,2,0,0,9,13,256,137.46,19.036634222222222,bw,static,static,results,Results,Results_LLAMA31,LLAMA3-ARXIV-Results,simulator_output_LLAMA3-ARXIV_bwplacement_bs4_staticreq_statictask,SCRUBBED_TIME+LLAMA3-ARXIV_BMPD256_2_9_13,False
2,8,0,0,8,8,640,233.74,19.05761585185185,bw,static,static,results,Results,Results_LLAMA31,LLAMA3-ARXIV-Results,simulator_output_LLAMA3-ARXIV_bwplacement_bs2_staticreq_statictask,SCRUBBED_TIME+LLAMA3-ARXIV_BMPD640_8_8_8,False
2,4,0,0,6,14,256,183.81,19.074856862745097,bw,static,static,results,Results,Results_LLAMA31,LLAMA3-ARXIV-Results,simulator_output_LLAMA3-ARXIV_bwplacement_bs2_staticreq_statictask,SCRUBBED_TIME+LLAMA3-ARXIV_BMPD256_4_6_14,False
2,8,0,0,10,6,640,197.38,19.07957976,bw,static,static,results,Results,Results_LLAMA31,LLAMA3-ARXIV-Results,simulator_output_LLAMA3-ARXIV_bwplacement_bs2_staticreq_statictask,SCRUBBED_TIME+LLAMA3-ARXIV_BMPD640_8_10_6,False
2,10,0,0,6,8,512,195.97,19.08566747826087,bw,static,static,results,Results,Results_LLAMA31,LLAMA3-ARXIV-Results,simulator_output_LLAMA3-ARXIV_bwplacement_bs2_staticreq_statictask,SCRUBBED_TIME+LLAMA3-ARXIV_BMPD512_10_6_8,False
2,5,0,0,9,10,512,243.78,19.150459719298247,bw,static,static,results,Results,Results_LLAMA31,LLAMA3-ARXIV-Results,simulator_output_LLAMA3-ARXIV_bwplacement_bs2_staticreq_statictask,SCRUBBED_TIME+LLAMA3-ARXIV_BMPD512_5_9_10,False
2,11,0,0,4,9,256,123.59,19.169555444444445,bw,static,static,results,Results,Results_LLAMA31,LLAMA3-ARXIV-Results,simulator_output_LLAMA3-ARXIV_bwplacement_bs2_staticreq_statictask,SCRUBBED_TIME+LLAMA3-ARXIV_BMPD256_11_4_9,False
2,9,0,0,7,8,512,210.94,19.1743424,bw,static,static,results,Results,Results_LLAMA31,LLAMA3-ARXIV-Results,simulator_output_LLAMA3-ARXIV_bwplacement_bs2_staticreq_statictask,SCRUBBED_TIME+LLAMA3-ARXIV_BMPD512_9_7_8,False
2,16,0,0,4,4,512,103.27,19.17658215384615,bw,static,static,results,Results,Results_LLAMA31,LLAMA3-ARXIV-Results,simulator_output_LLAMA3-ARXIV_bwplacement_bs2_staticreq_statictask,SCRUBBED_TIME+LLAMA3-ARXIV_BMPD512_16_4_4,False
2,5,0,0,7,12,384,237.13,19.180358736842106,bw,static,static,results,Results,Results_LLAMA31,LLAMA3-ARXIV-Results,simulator_output_LLAMA3-ARXIV_bwplacement_bs2_staticreq_statictask,SCRUBBED_TIME+LLAMA3-ARXIV_BMPD384_5_7_12,False
2,7,0,0,5,12,256,164.42,19.182204510638297,bw,static,static,results,Results,Results_LLAMA31,LLAMA3-ARXIV-Results,simulator_output_LLAMA3-ARXIV_bwplacement_bs2_staticreq_statictask,SCRUBBED_TIME+LLAMA3-ARXIV_BMPD256_7_5_12,False
2,4,0,0,19,1,512,51.53,19.185182,bw,static,static,results,Results,Results_LLAMA31,LLAMA3-ARXIV-Results,simulator_output_LLAMA3-ARXIV_bwplacement_bs2_staticreq_statictask,SCRUBBED_TIME+LLAMA3-ARXIV_BMPD512_4_19_1,False
4,2,0,0,8,14,256,138.86,19.192100888888888,bw,static,static,results,Results,Results_LLAMA31,LLAMA3-ARXIV-Results,simulator_output_LLAMA3-ARXIV_bwplacement_bs4_staticreq_statictask,SCRUBBED_TIME+LLAMA3-ARXIV_BMPD256_2_8_14,False
2,16,0,0,3,5,384,98.2,19.21614224,bw,static,static,results,Results,Results_LLAMA31,LLAMA3-ARXIV-Results,simulator_output_LLAMA3-ARXIV_bwplacement_bs2_staticreq_statictask,SCRUBBED_TIME+LLAMA3-ARXIV_BMPD384_16_3_5,False
2,16,0,0,5,3,640,95.67,19.26096415384616,bw,static,static,results,Results,Results_LLAMA31,LLAMA3-ARXIV-Results,simulator_output_LLAMA3-ARXIV_bwplacement_bs2_staticreq_statictask,SCRUBBED_TIME+LLAMA3-ARXIV_BMPD640_16_5_3,False
2,12,0,0,7,5,640,149.8,19.26179642105263,bw,static,static,results,Results,Results_LLAMA31,LLAMA3-ARXIV-Results,simulator_output_LLAMA3-ARXIV_bwplacement_bs2_staticreq_statictask,SCRUBBED_TIME+LLAMA3-ARXIV_BMPD640_12_7_5,False
4,2,0,0,7,15,256,136.52,19.27486755555556,bw,static,static,results,Results,Results_LLAMA31,LLAMA3-ARXIV-Results,simulator_output_LLAMA3-ARXIV_bwplacement_bs4_staticreq_statictask,SCRUBBED_TIME+LLAMA3-ARXIV_BMPD256_2_7_15,False
2,9,0,0,5,10,384,187.44,19.30051283333333,bw,static,static,results,Results,Results_LLAMA31,LLAMA3-ARXIV-Results,simulator_output_LLAMA3-ARXIV_bwplacement_bs2_staticreq_statictask,SCRUBBED_TIME+LLAMA3-ARXIV_BMPD384_9_5_10,False
2,3,0,0,19,2,640,91.68,19.320130303030304,bw,static,static,results,Results,Results_LLAMA31,LLAMA3-ARXIV-Results,simulator_output_LLAMA3-ARXIV_bwplacement_bs2_staticreq_statictask,SCRUBBED_TIME+LLAMA3-ARXIV_BMPD640_3_19_2,False
4,2,0,0,5,17,256,138.56,19.367612,bw,static,static,results,Results,Results_LLAMA31,LLAMA3-ARXIV-Results,simulator_output_LLAMA3-ARXIV_bwplacement_bs4_staticreq_statictask,SCRUBBED_TIME+LLAMA3-ARXIV_BMPD256_2_5_17,False
2,4,0,0,14,6,640,190.05,19.37702376,bw,static,static,results,Results,Results_LLAMA31,LLAMA3-ARXIV-Results,simulator_output_LLAMA3-ARXIV_bwplacement_bs2_staticreq_statictask,SCRUBBED_TIME+LLAMA3-ARXIV_BMPD640_4_14_6,False
2,3,0,0,20,1,512,49.91,19.388217,bw,static,static,results,Results,Results_LLAMA31,LLAMA3-ARXIV-Results,simulator_output_LLAMA3-ARXIV_bwplacement_bs2_staticreq_statictask,SCRUBBED_TIME+LLAMA3-ARXIV_BMPD512_3_20_1,False
2,13,0,0,5,6,512,145.68,19.39448778378378,bw,static,static,results,Results,Results_LLAMA31,LLAMA3-ARXIV-Results,simulator_output_LLAMA3-ARXIV_bwplacement_bs2_staticreq_statictask,SCRUBBED_TIME+LLAMA3-ARXIV_BMPD512_13_5_6,False
2,14,0,0,3,7,256,96.05,19.48866015384615,bw,static,static,results,Results,Results_LLAMA31,LLAMA3-ARXIV-Results,simulator_output_LLAMA3-ARXIV_bwplacement_bs2_staticreq_statictask,SCRUBBED_TIME+LLAMA3-ARXIV_BMPD256_14_3_7,False
2,7,0,0,16,1,640,49.6,19.544288842105264,bw,static,static,results,Results,Results_LLAMA31,LLAMA3-ARXIV-Results,simulator_output_LLAMA3-ARXIV_bwplacement_bs2_staticreq_statictask,SCRUBBED_TIME+LLAMA3-ARXIV_BMPD640_7_16_1,False
2,4,0,0,9,11,512,236.57,19.565566033898307,bw,static,static,results,Results,Results_LLAMA31,LLAMA3-ARXIV-Results,simulator_output_LLAMA3-ARXIV_bwplacement_bs2_staticreq_statictask,SCRUBBED_TIME+LLAMA3-ARXIV_BMPD512_4_9_11,False
2,5,0,0,11,8,640,252.38,19.599604949152543,bw,static,static,results,Results,Results_LLAMA31,LLAMA3-ARXIV-Results,simulator_output_LLAMA3-ARXIV_bwplacement_bs2_staticreq_statictask,SCRUBBED_TIME+LLAMA3-ARXIV_BMPD640_5_11_8,False
2,6,0,0,8,10,640,229.82,19.60606521428572,bw,static,static,results,Results,Results_LLAMA31,LLAMA3-ARXIV-Results,simulator_output_LLAMA3-ARXIV_bwplacement_bs2_staticreq_statictask,SCRUBBED_TIME+LLAMA3-ARXIV_BMPD640_6_8_10,False
2,11,0,0,7,6,640,165.36,19.698647162790696,bw,static,static,results,Results,Results_LLAMA31,LLAMA3-ARXIV-Results,simulator_output_LLAMA3-ARXIV_bwplacement_bs2_staticreq_statictask,SCRUBBED_TIME+LLAMA3-ARXIV_BMPD640_11_7_6,False
2,7,0,0,6,11,384,217.76,19.727994592592594,bw,static,static,results,Results,Results_LLAMA31,LLAMA3-ARXIV-Results,simulator_output_LLAMA3-ARXIV_bwplacement_bs2_staticreq_statictask,SCRUBBED_TIME+LLAMA3-ARXIV_BMPD384_7_6_11,False
2,3,0,0,8,13,640,189.55,19.735462274509803,bw,static,static,results,Results,Results_LLAMA31,LLAMA3-ARXIV-Results,simulator_output_LLAMA3-ARXIV_bwplacement_bs2_staticreq_statictask,SCRUBBED_TIME+LLAMA3-ARXIV_BMPD640_3_8_13,False
2,4,0,0,7,13,384,225.35,19.74881498305085,bw,static,static,results,Results,Results_LLAMA31,LLAMA3-ARXIV-Results,simulator_output_LLAMA3-ARXIV_bwplacement_bs2_staticreq_statictask,SCRUBBED_TIME+LLAMA3-ARXIV_BMPD384_4_7_13,False
2,7,0,0,8,9,640,227.6,19.772367703703704,bw,static,static,results,Results,Results_LLAMA31,LLAMA3-ARXIV-Results,simulator_output_LLAMA3-ARXIV_bwplacement_bs2_staticreq_statictask,SCRUBBED_TIME+LLAMA3-ARXIV_BMPD640_7_8_9,False
2,6,0,0,17,1,640,50.62,19.7929408,bw,static,static,results,Results,Results_LLAMA31,LLAMA3-ARXIV-Results,simulator_output_LLAMA3-ARXIV_bwplacement_bs2_staticreq_statictask,SCRUBBED_TIME+LLAMA3-ARXIV_BMPD640_6_17_1,False
2,2,0,0,4,18,384,134.41,19.79347,bw,static,static,results,Results,Results_LLAMA31,LLAMA3-ARXIV-Results,simulator_output_LLAMA3-ARXIV_bwplacement_bs2_staticreq_statictask,SCRUBBED_TIME+LLAMA3-ARXIV_BMPD384_2_4_18,False
2,7,0,0,10,7,640,211.73,19.803503773584907,bw,static,static,results,Results,Results_LLAMA31,LLAMA3-ARXIV-Results,simulator_output_LLAMA3-ARXIV_bwplacement_bs2_staticreq_statictask,SCRUBBED_TIME+LLAMA3-ARXIV_BMPD640_7_10_7,False
2,3,0,0,5,16,256,174.7,19.80711568627451,bw,static,static,results,Results,Results_LLAMA31,LLAMA3-ARXIV-Results,simulator_output_LLAMA3-ARXIV_bwplacement_bs2_staticreq_statictask,SCRUBBED_TIME+LLAMA3-ARXIV_BMPD256_3_5_16,False
4,2,0,0,19,3,384,135.15,19.84872044444444,bw,static,static,results,Results,Results_LLAMA31,LLAMA3-ARXIV-Results,simulator_output_LLAMA3-ARXIV_bwplacement_bs4_staticreq_statictask,SCRUBBED_TIME+LLAMA3-ARXIV_BMPD384_2_19_3,False
2,9,0,0,14,1,640,47.89,19.850419111111112,bw,static,static,results,Results,Results_LLAMA31,LLAMA3-ARXIV-Results,simulator_output_LLAMA3-ARXIV_bwplacement_bs2_staticreq_statictask,SCRUBBED_TIME+LLAMA3-ARXIV_BMPD640_9_14_1,False
2,14,0,0,6,4,640,126.97,19.91009393939394,bw,static,static,results,Results,Results_LLAMA31,LLAMA3-ARXIV-Results,simulator_output_LLAMA3-ARXIV_bwplacement_bs2_staticreq_statictask,SCRUBBED_TIME+LLAMA3-ARXIV_BMPD640_14_6_4,False
4,2,0,0,19,3,256,97.46,19.927061866666666,bw,static,static,results,Results,Results_LLAMA31,LLAMA3-ARXIV-Results,simulator_output_LLAMA3-ARXIV_bwplacement_bs4_staticreq_statictask,SCRUBBED_TIME+LLAMA3-ARXIV_BMPD256_2_19_3,False
2,5,0,0,18,1,640,51.73,19.96883257142857,bw,static,static,results,Results,Results_LLAMA31,LLAMA3-ARXIV-Results,simulator_output_LLAMA3-ARXIV_bwplacement_bs2_staticreq_statictask,SCRUBBED_TIME+LLAMA3-ARXIV_BMPD640_5_18_1,False
2,2,0,0,5,17,512,134.09,20.006227555555554,bw,static,static,results,Results,Results_LLAMA31,LLAMA3-ARXIV-Results,simulator_output_LLAMA3-ARXIV_bwplacement_bs2_staticreq_statictask,SCRUBBED_TIME+LLAMA3-ARXIV_BMPD512_2_5_17,False
2,8,0,0,9,7,640,197.34,20.10242776,bw,static,static,results,Results,Results_LLAMA31,LLAMA3-ARXIV-Results,simulator_output_LLAMA3-ARXIV_bwplacement_bs2_staticreq_statictask,SCRUBBED_TIME+LLAMA3-ARXIV_BMPD640_8_9_7,False
2,5,0,0,10,9,640,239.23,20.13534562711864,bw,static,static,results,Results,Results_LLAMA31,LLAMA3-ARXIV-Results,simulator_output_LLAMA3-ARXIV_bwplacement_bs2_staticreq_statictask,SCRUBBED_TIME+LLAMA3-ARXIV_BMPD640_5_10_9,False
2,9,0,0,6,9,512,209.38,20.1379324,bw,static,static,results,Results,Results_LLAMA31,LLAMA3-ARXIV-Results,simulator_output_LLAMA3-ARXIV_bwplacement_bs2_staticreq_statictask,SCRUBBED_TIME+LLAMA3-ARXIV_BMPD512_9_6_9,False
2,10,0,0,7,7,640,179.23,20.14348417777778,bw,static,static,results,Results,Results_LLAMA31,LLAMA3-ARXIV-Results,simulator_output_LLAMA3-ARXIV_bwplacement_bs2_staticreq_statictask,SCRUBBED_TIME+LLAMA3-ARXIV_BMPD640_10_7_7,False
2,8,0,0,7,9,512,219.45,20.1561064,bw,static,static,results,Results,Results_LLAMA31,LLAMA3-ARXIV-Results,simulator_output_LLAMA3-ARXIV_bwplacement_bs2_staticreq_statictask,SCRUBBED_TIME+LLAMA3-ARXIV_BMPD512_8_7_9,False
2,8,0,0,15,1,640,48.77,20.23033577777777,bw,static,static,results,Results,Results_LLAMA31,LLAMA3-ARXIV-Results,simulator_output_LLAMA3-ARXIV_bwplacement_bs2_staticreq_statictask,SCRUBBED_TIME+LLAMA3-ARXIV_BMPD640_8_15_1,False
2,6,0,0,5,13,256,161.58,20.23715643478261,bw,static,static,results,Results,Results_LLAMA31,LLAMA3-ARXIV-Results,simulator_output_LLAMA3-ARXIV_bwplacement_bs2_staticreq_statictask,SCRUBBED_TIME+LLAMA3-ARXIV_BMPD256_6_5_13,False
2,10,0,0,4,10,256,128.99,20.26519711111111,bw,static,static,results,Results,Results_LLAMA31,LLAMA3-ARXIV-Results,simulator_output_LLAMA3-ARXIV_bwplacement_bs2_staticreq_statictask,SCRUBBED_TIME+LLAMA3-ARXIV_BMPD256_10_4_10,False
2,5,0,0,8,11,640,240.19,20.31002428070176,bw,static,static,results,Results,Results_LLAMA31,LLAMA3-ARXIV-Results,simulator_output_LLAMA3-ARXIV_bwplacement_bs2_staticreq_statictask,SCRUBBED_TIME+LLAMA3-ARXIV_BMPD640_5_8_11,False
2,15,0,0,4,5,512,107.37,20.312713655172416,bw,static,static,results,Results,Results_LLAMA31,LLAMA3-ARXIV-Results,simulator_output_LLAMA3-ARXIV_bwplacement_bs2_staticreq_statictask,SCRUBBED_TIME+LLAMA3-ARXIV_BMPD512_15_4_5,False
2,16,0,0,4,4,640,102.2,20.33901415384615,bw,static,static,results,Results,Results_LLAMA31,LLAMA3-ARXIV-Results,simulator_output_LLAMA3-ARXIV_bwplacement_bs2_staticreq_statictask,SCRUBBED_TIME+LLAMA3-ARXIV_BMPD640_16_4_4,False
4,2,0,0,6,16,256,135.6,20.38236755555556,bw,static,static,results,Results,Results_LLAMA31,LLAMA3-ARXIV-Results,simulator_output_LLAMA3-ARXIV_bwplacement_bs4_staticreq_statictask,SCRUBBED_TIME+LLAMA3-ARXIV_BMPD256_2_6_16,False
4,2,0,0,20,2,384,104.67,20.40487741176471,bw,static,static,results,Results,Results_LLAMA31,LLAMA3-ARXIV-Results,simulator_output_LLAMA3-ARXIV_bwplacement_bs4_staticreq_statictask,SCRUBBED_TIME+LLAMA3-ARXIV_BMPD384_2_20_2,False
2,6,0,0,6,12,384,223.67,20.42838087272727,bw,static,static,results,Results,Results_LLAMA31,LLAMA3-ARXIV-Results,simulator_output_LLAMA3-ARXIV_bwplacement_bs2_staticreq_statictask,SCRUBBED_TIME+LLAMA3-ARXIV_BMPD384_6_6_12,False
4,2,0,0,18,4,384,139.65,20.515148222222223,bw,static,static,results,Results,Results_LLAMA31,LLAMA3-ARXIV-Results,simulator_output_LLAMA3-ARXIV_bwplacement_bs4_staticreq_statictask,SCRUBBED_TIME+LLAMA3-ARXIV_BMPD384_2_18_4,False
2,3,0,0,9,12,640,186.19,20.66232776,bw,static,static,results,Results,Results_LLAMA31,LLAMA3-ARXIV-Results,simulator_output_LLAMA3-ARXIV_bwplacement_bs2_staticreq_statictask,SCRUBBED_TIME+LLAMA3-ARXIV_BMPD640_3_9_12,False
4,2,0,0,20,2,256,73.86,20.664864923076923,bw,static,static,results,Results,Results_LLAMA31,LLAMA3-ARXIV-Results,simulator_output_LLAMA3-ARXIV_bwplacement_bs4_staticreq_statictask,SCRUBBED_TIME+LLAMA3-ARXIV_BMPD256_2_20_2,False
2,7,0,0,9,8,640,227.54,20.71294733333333,bw,static,static,results,Results,Results_LLAMA31,LLAMA3-ARXIV-Results,simulator_output_LLAMA3-ARXIV_bwplacement_bs2_staticreq_statictask,SCRUBBED_TIME+LLAMA3-ARXIV_BMPD640_7_9_8,False
2,5,0,0,6,13,384,224.89,20.72212715789474,bw,static,static,results,Results,Results_LLAMA31,LLAMA3-ARXIV-Results,simulator_output_LLAMA3-ARXIV_bwplacement_bs2_staticreq_statictask,SCRUBBED_TIME+LLAMA3-ARXIV_BMPD384_5_6_13,False
2,3,0,0,7,14,512,185.62,20.73246619607843,bw,static,static,results,Results,Results_LLAMA31,LLAMA3-ARXIV-Results,simulator_output_LLAMA3-ARXIV_bwplacement_bs2_staticreq_statictask,SCRUBBED_TIME+LLAMA3-ARXIV_BMPD512_3_7_14,False
4,2,0,0,12,10,384,146.54,20.742270444444443,bw,static,static,results,Results,Results_LLAMA31,LLAMA3-ARXIV-Results,simulator_output_LLAMA3-ARXIV_bwplacement_bs4_staticreq_statictask,SCRUBBED_TIME+LLAMA3-ARXIV_BMPD384_2_12_10,False
4,2,0,0,16,6,384,144.23,20.76941488888889,bw,static,static,results,Results,Results_LLAMA31,LLAMA3-ARXIV-Results,simulator_output_LLAMA3-ARXIV_bwplacement_bs4_staticreq_statictask,SCRUBBED_TIME+LLAMA3-ARXIV_BMPD384_2_16_6,False
2,3,0,0,10,11,640,190.48,20.773695760000003,bw,static,static,results,Results,Results_LLAMA31,LLAMA3-ARXIV-Results,simulator_output_LLAMA3-ARXIV_bwplacement_bs2_staticreq_statictask,SCRUBBED_TIME+LLAMA3-ARXIV_BMPD640_3_10_11,False
2,15,0,0,5,4,640,106.25,20.814800444444444,bw,static,static,results,Results,Results_LLAMA31,LLAMA3-ARXIV-Results,simulator_output_LLAMA3-ARXIV_bwplacement_bs2_staticreq_statictask,SCRUBBED_TIME+LLAMA3-ARXIV_BMPD640_15_5_4,False
2,9,0,0,4,11,256,138.71,20.84645112195122,bw,static,static,results,Results,Results_LLAMA31,LLAMA3-ARXIV-Results,simulator_output_LLAMA3-ARXIV_bwplacement_bs2_staticreq_statictask,SCRUBBED_TIME+LLAMA3-ARXIV_BMPD256_9_4_11,False
2,6,0,0,10,8,640,241.12,20.921571649122807,bw,static,static,results,Results,Results_LLAMA31,LLAMA3-ARXIV-Results,simulator_output_LLAMA3-ARXIV_bwplacement_bs2_staticreq_statictask,SCRUBBED_TIME+LLAMA3-ARXIV_BMPD640_6_10_8,False
2,13,0,0,6,5,640,131.83,20.93954911111112,bw,static,static,results,Results,Results_LLAMA31,LLAMA3-ARXIV-Results,simulator_output_LLAMA3-ARXIV_bwplacement_bs2_staticreq_statictask,SCRUBBED_TIME+LLAMA3-ARXIV_BMPD640_13_6_5,False
2,7,0,0,7,10,512,221.27,20.96492347169812,bw,static,static,results,Results,Results_LLAMA31,LLAMA3-ARXIV-Results,simulator_output_LLAMA3-ARXIV_bwplacement_bs2_staticreq_statictask,SCRUBBED_TIME+LLAMA3-ARXIV_BMPD512_7_7_10,False
2,8,0,0,5,11,384,193.37,20.968156081632653,bw,static,static,results,Results,Results_LLAMA31,LLAMA3-ARXIV-Results,simulator_output_LLAMA3-ARXIV_bwplacement_bs2_staticreq_statictask,SCRUBBED_TIME+LLAMA3-ARXIV_BMPD384_8_5_11,False
2,12,0,0,5,7,512,155.1,20.9876703,bw,static,static,results,Results,Results_LLAMA31,LLAMA3-ARXIV-Results,simulator_output_LLAMA3-ARXIV_bwplacement_bs2_staticreq_statictask,SCRUBBED_TIME+LLAMA3-ARXIV_BMPD512_12_5_7,False
2,12,0,0,4,8,384,150.9,21.0029,bw,static,static,results,Results,Results_LLAMA31,LLAMA3-ARXIV-Results,simulator_output_LLAMA3-ARXIV_bwplacement_bs2_staticreq_statictask,SCRUBBED_TIME+LLAMA3-ARXIV_BMPD384_12_4_8,False
4,2,0,0,11,11,384,146.02,21.131026,bw,static,static,results,Results,Results_LLAMA31,LLAMA3-ARXIV-Results,simulator_output_LLAMA3-ARXIV_bwplacement_bs4_staticreq_statictask,SCRUBBED_TIME+LLAMA3-ARXIV_BMPD384_2_11_11,False
2,3,0,0,6,15,384,189.45,21.16071937254902,bw,static,static,results,Results,Results_LLAMA31,LLAMA3-ARXIV-Results,simulator_output_LLAMA3-ARXIV_bwplacement_bs2_staticreq_statictask,SCRUBBED_TIME+LLAMA3-ARXIV_BMPD384_3_6_15,False
4,3,0,0,16,5,256,154.47,21.23194643478261,bw,static,static,results,Results,Results_LLAMA31,LLAMA3-ARXIV-Results,simulator_output_LLAMA3-ARXIV_bwplacement_bs4_staticreq_statictask,SCRUBBED_TIME+LLAMA3-ARXIV_BMPD256_3_16_5,False
4,2,0,0,13,9,384,145.44,21.234087111111112,bw,static,static,results,Results,Results_LLAMA31,LLAMA3-ARXIV-Results,simulator_output_LLAMA3-ARXIV_bwplacement_bs4_staticreq_statictask,SCRUBBED_TIME+LLAMA3-ARXIV_BMPD384_2_13_9,False
4,3,0,0,17,4,256,138.58,21.27125513043478,bw,static,static,results,Results,Results_LLAMA31,LLAMA3-ARXIV-Results,simulator_output_LLAMA3-ARXIV_bwplacement_bs4_staticreq_statictask,SCRUBBED_TIME+LLAMA3-ARXIV_BMPD256_3_17_4,False
2,8,0,0,6,10,512,208.68,21.2895304,bw,static,static,results,Results,Results_LLAMA31,LLAMA3-ARXIV-Results,simulator_output_LLAMA3-ARXIV_bwplacement_bs2_staticreq_statictask,SCRUBBED_TIME+LLAMA3-ARXIV_BMPD512_8_6_10,False
4,2,0,0,14,8,384,144.92,21.31209266666667,bw,static,static,results,Results,Results_LLAMA31,LLAMA3-ARXIV-Results,simulator_output_LLAMA3-ARXIV_bwplacement_bs4_staticreq_statictask,SCRUBBED_TIME+LLAMA3-ARXIV_BMPD384_2_14_8,False
2,4,0,0,10,10,640,222.63,21.31378743859649,bw,static,static,results,Results,Results_LLAMA31,LLAMA3-ARXIV-Results,simulator_output_LLAMA3-ARXIV_bwplacement_bs2_staticreq_statictask,SCRUBBED_TIME+LLAMA3-ARXIV_BMPD640_4_10_10,False
4,2,0,0,9,13,384,146.62,21.35322044444444,bw,static,static,results,Results,Results_LLAMA31,LLAMA3-ARXIV-Results,simulator_output_LLAMA3-ARXIV_bwplacement_bs4_staticreq_statictask,SCRUBBED_TIME+LLAMA3-ARXIV_BMPD384_2_9_13,False
4,2,0,0,15,7,384,143.96,21.373720444444444,bw,static,static,results,Results,Results_LLAMA31,LLAMA3-ARXIV-Results,simulator_output_LLAMA3-ARXIV_bwplacement_bs4_staticreq_statictask,SCRUBBED_TIME+LLAMA3-ARXIV_BMPD384_2_15_7,False
4,2,0,0,8,14,384,145.82,21.37666488888889,bw,static,static,results,Results,Results_LLAMA31,LLAMA3-ARXIV-Results,simulator_output_LLAMA3-ARXIV_bwplacement_bs4_staticreq_statictask,SCRUBBED_TIME+LLAMA3-ARXIV_BMPD384_2_8_14,False
2,5,0,0,9,10,640,220.86,21.376678666666667,bw,static,static,results,Results,Results_LLAMA31,LLAMA3-ARXIV-Results,simulator_output_LLAMA3-ARXIV_bwplacement_bs2_staticreq_statictask,SCRUBBED_TIME+LLAMA3-ARXIV_BMPD640_5_9_10,False
4,2,0,0,21,1,256,43.37,21.422124888888888,bw,static,static,results,Results,Results_LLAMA31,LLAMA3-ARXIV-Results,simulator_output_LLAMA3-ARXIV_bwplacement_bs4_staticreq_statictask,SCRUBBED_TIME+LLAMA3-ARXIV_BMPD256_2_21_1,False
4,2,0,0,10,12,384,146.34,21.436670444444445,bw,static,static,results,Results,Results_LLAMA31,LLAMA3-ARXIV-Results,simulator_output_LLAMA3-ARXIV_bwplacement_bs4_staticreq_statictask,SCRUBBED_TIME+LLAMA3-ARXIV_BMPD384_2_10_12,False
4,3,0,0,18,3,256,110.57,21.44121755555556,bw,static,static,results,Results,Results_LLAMA31,LLAMA3-ARXIV-Results,simulator_output_LLAMA3-ARXIV_bwplacement_bs4_staticreq_statictask,SCRUBBED_TIME+LLAMA3-ARXIV_BMPD256_3_18_3,False
4,4,0,0,17,3,256,120.44,21.44259426086957,bw,static,static,results,Results,Results_LLAMA31,LLAMA3-ARXIV-Results,simulator_output_LLAMA3-ARXIV_bwplacement_bs4_staticreq_statictask,SCRUBBED_TIME+LLAMA3-ARXIV_BMPD256_4_17_3,False
2,4,0,0,8,12,640,220.33,21.449875157894738,bw,static,static,results,Results,Results_LLAMA31,LLAMA3-ARXIV-Results,simulator_output_LLAMA3-ARXIV_bwplacement_bs2_staticreq_statictask,SCRUBBED_TIME+LLAMA3-ARXIV_BMPD640_4_8_12,False
2,2,0,0,6,16,640,129.22,21.492399111111112,bw,static,static,results,Results,Results_LLAMA31,LLAMA3-ARXIV-Results,simulator_output_LLAMA3-ARXIV_bwplacement_bs2_staticreq_statictask,SCRUBBED_TIME+LLAMA3-ARXIV_BMPD640_2_6_16,False
2,15,0,0,4,5,640,105.42,21.52016340740741,bw,static,static,results,Results,Results_LLAMA31,LLAMA3-ARXIV-Results,simulator_output_LLAMA3-ARXIV_bwplacement_bs2_staticreq_statictask,SCRUBBED_TIME+LLAMA3-ARXIV_BMPD640_15_4_5,False
2,6,0,0,9,9,640,220.68,21.56013745454545,bw,static,static,results,Results,Results_LLAMA31,LLAMA3-ARXIV-Results,simulator_output_LLAMA3-ARXIV_bwplacement_bs2_staticreq_statictask,SCRUBBED_TIME+LLAMA3-ARXIV_BMPD640_6_9_9,False
2,5,0,0,5,14,256,169.16,21.56089174468085,bw,static,static,results,Results,Results_LLAMA31,LLAMA3-ARXIV-Results,simulator_output_LLAMA3-ARXIV_bwplacement_bs2_staticreq_statictask,SCRUBBED_TIME+LLAMA3-ARXIV_BMPD256_5_5_14,False
2,6,0,0,7,11,512,232.1,21.581570836363635,bw,static,static,results,Results,Results_LLAMA31,LLAMA3-ARXIV-Results,simulator_output_LLAMA3-ARXIV_bwplacement_bs2_staticreq_statictask,SCRUBBED_TIME+LLAMA3-ARXIV_BMPD512_6_7_11,False
4,13,0,0,8,3,256,103.01,21.60132311111111,bw,static,static,results,Results,Results_LLAMA31,LLAMA3-ARXIV-Results,simulator_output_LLAMA3-ARXIV_bwplacement_bs4_staticreq_statictask,SCRUBBED_TIME+LLAMA3-ARXIV_BMPD256_13_8_3,False
2,4,0,0,6,14,384,215.81,21.66394821052632,bw,static,static,results,Results,Results_LLAMA31,LLAMA3-ARXIV-Results,simulator_output_LLAMA3-ARXIV_bwplacement_bs2_staticreq_statictask,SCRUBBED_TIME+LLAMA3-ARXIV_BMPD384_4_6_14,False
2,4,0,0,9,11,640,221.21,21.69817164912281,bw,static,static,results,Results,Results_LLAMA31,LLAMA3-ARXIV-Results,simulator_output_LLAMA3-ARXIV_bwplacement_bs2_staticreq_statictask,SCRUBBED_TIME+LLAMA3-ARXIV_BMPD640_4_9_11,False
2,13,0,0,3,8,256,103.58,21.70725503448276,bw,static,static,results,Results,Results_LLAMA31,LLAMA3-ARXIV-Results,simulator_output_LLAMA3-ARXIV_bwplacement_bs2_staticreq_statictask,SCRUBBED_TIME+LLAMA3-ARXIV_BMPD256_13_3_8,False
2,9,0,0,7,8,640,200.14,21.76667756521739,bw,static,static,results,Results,Results_LLAMA31,LLAMA3-ARXIV-Results,simulator_output_LLAMA3-ARXIV_bwplacement_bs2_staticreq_statictask,SCRUBBED_TIME+LLAMA3-ARXIV_BMPD640_9_7_8,False
4,4,0,0,16,4,256,151.95,21.83961377777777,bw,static,static,results,Results,Results_LLAMA31,LLAMA3-ARXIV-Results,simulator_output_LLAMA3-ARXIV_bwplacement_bs4_staticreq_statictask,SCRUBBED_TIME+LLAMA3-ARXIV_BMPD256_4_16_4,False
4,2,0,0,17,5,384,143.96,21.86843155555556,bw,static,static,results,Results,Results_LLAMA31,LLAMA3-ARXIV-Results,simulator_output_LLAMA3-ARXIV_bwplacement_bs4_staticreq_statictask,SCRUBBED_TIME+LLAMA3-ARXIV_BMPD384_2_17_5,False
2,15,0,0,3,6,384,102.7,21.956924296296293,bw,static,static,results,Results,Results_LLAMA31,LLAMA3-ARXIV-Results,simulator_output_LLAMA3-ARXIV_bwplacement_bs2_staticreq_statictask,SCRUBBED_TIME+LLAMA3-ARXIV_BMPD384_15_3_6,False
4,3,0,0,19,2,256,82.09,21.976083294117647,bw,static,static,results,Results,Results_LLAMA31,LLAMA3-ARXIV-Results,simulator_output_LLAMA3-ARXIV_bwplacement_bs4_staticreq_statictask,SCRUBBED_TIME+LLAMA3-ARXIV_BMPD256_3_19_2,False
2,7,0,0,5,12,384,198.04,21.99148996078432,bw,static,static,results,Results,Results_LLAMA31,LLAMA3-ARXIV-Results,simulator_output_LLAMA3-ARXIV_bwplacement_bs2_staticreq_statictask,SCRUBBED_TIME+LLAMA3-ARXIV_BMPD384_7_5_12,False
2,5,0,0,7,12,512,233.62,21.99647901754386,bw,static,static,results,Results,Results_LLAMA31,LLAMA3-ARXIV-Results,simulator_output_LLAMA3-ARXIV_bwplacement_bs2_staticreq_statictask,SCRUBBED_TIME+LLAMA3-ARXIV_BMPD512_5_7_12,False
2,11,0,0,4,9,384,152.58,22.006174439024388,bw,static,static,results,Results,Results_LLAMA31,LLAMA3-ARXIV-Results,simulator_output_LLAMA3-ARXIV_bwplacement_bs2_staticreq_statictask,SCRUBBED_TIME+LLAMA3-ARXIV_BMPD384_11_4_9,False
4,3,0,0,12,9,256,182.01,22.039806370370368,bw,static,static,results,Results,Results_LLAMA31,LLAMA3-ARXIV-Results,simulator_output_LLAMA3-ARXIV_bwplacement_bs4_staticreq_statictask,SCRUBBED_TIME+LLAMA3-ARXIV_BMPD256_3_12_9,False
2,8,0,0,7,9,640,200.98,22.220935760000003,bw,static,static,results,Results,Results_LLAMA31,LLAMA3-ARXIV-Results,simulator_output_LLAMA3-ARXIV_bwplacement_bs2_staticreq_statictask,SCRUBBED_TIME+LLAMA3-ARXIV_BMPD640_8_7_9,False
4,3,0,0,14,7,256,167.66,22.257129043478265,bw,static,static,results,Results,Results_LLAMA31,LLAMA3-ARXIV-Results,simulator_output_LLAMA3-ARXIV_bwplacement_bs4_staticreq_statictask,SCRUBBED_TIME+LLAMA3-ARXIV_BMPD256_3_14_7,False
2,4,0,0,7,13,512,220.33,22.310335157894738,bw,static,static,results,Results,Results_LLAMA31,LLAMA3-ARXIV-Results,simulator_output_LLAMA3-ARXIV_bwplacement_bs2_staticreq_statictask,SCRUBBED_TIME+LLAMA3-ARXIV_BMPD512_4_7_13,False
2,14,0,0,5,5,640,116.69,22.369862344827585,bw,static,static,results,Results,Results_LLAMA31,LLAMA3-ARXIV-Results,simulator_output_LLAMA3-ARXIV_bwplacement_bs2_staticreq_statictask,SCRUBBED_TIME+LLAMA3-ARXIV_BMPD640_14_5_5,False
4,4,0,0,12,8,256,248.68,22.37240482352941,bw,static,static,results,Results,Results_LLAMA31,LLAMA3-ARXIV-Results,simulator_output_LLAMA3-ARXIV_bwplacement_bs4_staticreq_statictask,SCRUBBED_TIME+LLAMA3-ARXIV_BMPD256_4_12_8,False
2,3,0,0,6,15,512,182.17,22.4078225,bw,static,static,results,Results,Results_LLAMA31,LLAMA3-ARXIV-Results,simulator_output_LLAMA3-ARXIV_bwplacement_bs2_staticreq_statictask,SCRUBBED_TIME+LLAMA3-ARXIV_BMPD512_3_6_15,False
4,3,0,0,9,12,256,187.17,22.425236,bw,static,static,results,Results,Results_LLAMA31,LLAMA3-ARXIV-Results,simulator_output_LLAMA3-ARXIV_bwplacement_bs4_staticreq_statictask,SCRUBBED_TIME+LLAMA3-ARXIV_BMPD256_3_9_12,False
2,4,0,0,5,15,256,164.09,22.44986195744681,bw,static,static,results,Results,Results_LLAMA31,LLAMA3-ARXIV-Results,simulator_output_LLAMA3-ARXIV_bwplacement_bs2_staticreq_statictask,SCRUBBED_TIME+LLAMA3-ARXIV_BMPD256_4_5_15,False
4,2,0,0,4,18,256,124.64,22.470134222222224,bw,static,static,results,Results,Results_LLAMA31,LLAMA3-ARXIV-Results,simulator_output_LLAMA3-ARXIV_bwplacement_bs4_staticreq_statictask,SCRUBBED_TIME+LLAMA3-ARXIV_BMPD256_2_4_18,False
4,3,0,0,8,13,256,183.88,22.480132296296294,bw,static,static,results,Results,Results_LLAMA31,LLAMA3-ARXIV-Results,simulator_output_LLAMA3-ARXIV_bwplacement_bs4_staticreq_statictask,SCRUBBED_TIME+LLAMA3-ARXIV_BMPD256_3_8_13,False
2,11,0,0,5,8,512,163.94,22.487564390243904,bw,static,static,results,Results,Results_LLAMA31,LLAMA3-ARXIV-Results,simulator_output_LLAMA3-ARXIV_bwplacement_bs2_staticreq_statictask,SCRUBBED_TIME+LLAMA3-ARXIV_BMPD512_11_5_8,False
2,3,0,0,20,1,640,47.91,22.54249410526316,bw,static,static,results,Results,Results_LLAMA31,LLAMA3-ARXIV-Results,simulator_output_LLAMA3-ARXIV_bwplacement_bs2_staticreq_statictask,SCRUBBED_TIME+LLAMA3-ARXIV_BMPD640_3_20_1,False
4,3,0,0,15,6,256,156.18,22.56037252173913,bw,static,static,results,Results,Results_LLAMA31,LLAMA3-ARXIV-Results,simulator_output_LLAMA3-ARXIV_bwplacement_bs4_staticreq_statictask,SCRUBBED_TIME+LLAMA3-ARXIV_BMPD256_3_15_6,False
2,12,0,0,6,6,640,141.3,22.58121577777777,bw,static,static,results,Results,Results_LLAMA31,LLAMA3-ARXIV-Results,simulator_output_LLAMA3-ARXIV_bwplacement_bs2_staticreq_statictask,SCRUBBED_TIME+LLAMA3-ARXIV_BMPD640_12_6_6,False
2,7,0,0,6,11,512,217.13,22.61158384313725,bw,static,static,results,Results,Results_LLAMA31,LLAMA3-ARXIV-Results,simulator_output_LLAMA3-ARXIV_bwplacement_bs2_staticreq_statictask,SCRUBBED_TIME+LLAMA3-ARXIV_BMPD512_7_6_11,False
4,4,0,0,18,2,256,92.97,22.623067555555554,bw,static,static,results,Results,Results_LLAMA31,LLAMA3-ARXIV-Results,simulator_output_LLAMA3-ARXIV_bwplacement_bs4_staticreq_statictask,SCRUBBED_TIME+LLAMA3-ARXIV_BMPD256_4_18_2,False
4,4,0,0,15,5,256,164.92,22.7494824,bw,static,static,results,Results,Results_LLAMA31,LLAMA3-ARXIV-Results,simulator_output_LLAMA3-ARXIV_bwplacement_bs4_staticreq_statictask,SCRUBBED_TIME+LLAMA3-ARXIV_BMPD256_4_15_5,False
4,2,0,0,7,15,384,144.62,22.798270444444444,bw,static,static,results,Results,Results_LLAMA31,LLAMA3-ARXIV-Results,simulator_output_LLAMA3-ARXIV_bwplacement_bs4_staticreq_statictask,SCRUBBED_TIME+LLAMA3-ARXIV_BMPD384_2_7_15,False
4,2,0,0,5,17,384,147.34,22.837398222222223,bw,static,static,results,Results,Results_LLAMA31,LLAMA3-ARXIV-Results,simulator_output_LLAMA3-ARXIV_bwplacement_bs4_staticreq_statictask,SCRUBBED_TIME+LLAMA3-ARXIV_BMPD384_2_5_17,False
2,13,0,0,5,6,640,127.99,22.89129090909091,bw,static,static,results,Results,Results_LLAMA31,LLAMA3-ARXIV-Results,simulator_output_LLAMA3-ARXIV_bwplacement_bs2_staticreq_statictask,SCRUBBED_TIME+LLAMA3-ARXIV_BMPD640_13_5_6,False
4,3,0,0,13,8,256,187.11,22.937080444444444,bw,static,static,results,Results,Results_LLAMA31,LLAMA3-ARXIV-Results,simulator_output_LLAMA3-ARXIV_bwplacement_bs4_staticreq_statictask,SCRUBBED_TIME+LLAMA3-ARXIV_BMPD256_3_13_8,False
2,7,0,0,7,10,640,201.23,23.05991776,bw,static,static,results,Results,Results_LLAMA31,LLAMA3-ARXIV-Results,simulator_output_LLAMA3-ARXIV_bwplacement_bs2_staticreq_statictask,SCRUBBED_TIME+LLAMA3-ARXIV_BMPD640_7_7_10,False
4,12,0,0,9,3,256,106.53,23.071167555555554,bw,static,static,results,Results,Results_LLAMA31,LLAMA3-ARXIV-Results,simulator_output_LLAMA3-ARXIV_bwplacement_bs4_staticreq_statictask,SCRUBBED_TIME+LLAMA3-ARXIV_BMPD256_12_9_3,False
4,3,0,0,10,11,256,179.26,23.10155081481481,bw,static,static,results,Results,Results_LLAMA31,LLAMA3-ARXIV-Results,simulator_output_LLAMA3-ARXIV_bwplacement_bs4_staticreq_statictask,SCRUBBED_TIME+LLAMA3-ARXIV_BMPD256_3_10_11,False
2,4,0,0,19,1,640,52.62,23.12514963636364,bw,static,static,results,Results,Results_LLAMA31,LLAMA3-ARXIV-Results,simulator_output_LLAMA3-ARXIV_bwplacement_bs2_staticreq_statictask,SCRUBBED_TIME+LLAMA3-ARXIV_BMPD640_4_19_1,False
4,5,0,0,12,7,256,219.5,23.126266588235293,bw,static,static,results,Results,Results_LLAMA31,LLAMA3-ARXIV-Results,simulator_output_LLAMA3-ARXIV_bwplacement_bs4_staticreq_statictask,SCRUBBED_TIME+LLAMA3-ARXIV_BMPD256_5_12_7,False
4,2,0,0,18,4,512,143.36,23.195794444444445,bw,static,static,results,Results,Results_LLAMA31,LLAMA3-ARXIV-Results,simulator_output_LLAMA3-ARXIV_bwplacement_bs4_staticreq_statictask,SCRUBBED_TIME+LLAMA3-ARXIV_BMPD512_2_18_4,False
2,14,0,0,4,6,512,115.72,23.233565379310345,bw,static,static,results,Results,Results_LLAMA31,LLAMA3-ARXIV-Results,simulator_output_LLAMA3-ARXIV_bwplacement_bs2_staticreq_statictask,SCRUBBED_TIME+LLAMA3-ARXIV_BMPD512_14_4_6,False
4,11,0,0,9,4,256,136.69,23.30742533333333,bw,static,static,results,Results,Results_LLAMA31,LLAMA3-ARXIV-Results,simulator_output_LLAMA3-ARXIV_bwplacement_bs4_staticreq_statictask,SCRUBBED_TIME+LLAMA3-ARXIV_BMPD256_11_9_4,False
4,2,0,0,21,1,384,61.29,23.348616363636364,bw,static,static,results,Results,Results_LLAMA31,LLAMA3-ARXIV-Results,simulator_output_LLAMA3-ARXIV_bwplacement_bs4_staticreq_statictask,SCRUBBED_TIME+LLAMA3-ARXIV_BMPD384_2_21_1,False
4,5,0,0,16,3,256,122.02,23.349436727272728,bw,static,static,results,Results,Results_LLAMA31,LLAMA3-ARXIV-Results,simulator_output_LLAMA3-ARXIV_bwplacement_bs4_staticreq_statictask,SCRUBBED_TIME+LLAMA3-ARXIV_BMPD256_5_16_3,False
4,4,0,0,14,6,256,189.63,23.359559066666662,bw,static,static,results,Results,Results_LLAMA31,LLAMA3-ARXIV-Results,simulator_output_LLAMA3-ARXIV_bwplacement_bs4_staticreq_statictask,SCRUBBED_TIME+LLAMA3-ARXIV_BMPD256_4_14_6,False
4,16,0,0,5,3,384,136.27,23.381314888888888,bw,static,static,results,Results,Results_LLAMA31,LLAMA3-ARXIV-Results,simulator_output_LLAMA3-ARXIV_bwplacement_bs4_staticreq_statictask,SCRUBBED_TIME+LLAMA3-ARXIV_BMPD384_16_5_3,False
4,2,0,0,19,3,512,133.91,23.42995,bw,static,static,results,Results,Results_LLAMA31,LLAMA3-ARXIV-Results,simulator_output_LLAMA3-ARXIV_bwplacement_bs4_staticreq_statictask,SCRUBBED_TIME+LLAMA3-ARXIV_BMPD512_2_19_3,False
4,2,0,0,17,5,512,140.65,23.44315,bw,static,static,results,Results,Results_LLAMA31,LLAMA3-ARXIV-Results,simulator_output_LLAMA3-ARXIV_bwplacement_bs4_staticreq_statictask,SCRUBBED_TIME+LLAMA3-ARXIV_BMPD512_2_17_5,False
2,16,0,0,3,5,512,88.14,23.45158483333333,bw,static,static,results,Results,Results_LLAMA31,LLAMA3-ARXIV-Results,simulator_output_LLAMA3-ARXIV_bwplacement_bs2_staticreq_statictask,SCRUBBED_TIME+LLAMA3-ARXIV_BMPD512_16_3_5,False
2,3,0,0,5,16,384,181.6,23.56841152941176,bw,static,static,results,Results,Results_LLAMA31,LLAMA3-ARXIV-Results,simulator_output_LLAMA3-ARXIV_bwplacement_bs2_staticreq_statictask,SCRUBBED_TIME+LLAMA3-ARXIV_BMPD384_3_5_16,False
4,14,0,0,8,2,384,109.87,23.577064888888888,bw,static,static,results,Results,Results_LLAMA31,LLAMA3-ARXIV-Results,simulator_output_LLAMA3-ARXIV_bwplacement_bs4_staticreq_statictask,SCRUBBED_TIME+LLAMA3-ARXIV_BMPD384_14_8_2,False
4,3,0,0,11,10,256,173.48,23.5787312,bw,static,static,results,Results,Results_LLAMA31,LLAMA3-ARXIV-Results,simulator_output_LLAMA3-ARXIV_bwplacement_bs4_staticreq_statictask,SCRUBBED_TIME+LLAMA3-ARXIV_BMPD256_3_11_10,False
2,13,0,0,4,7,512,125.2,23.609366545454545,bw,static,static,results,Results,Results_LLAMA31,LLAMA3-ARXIV-Results,simulator_output_LLAMA3-ARXIV_bwplacement_bs2_staticreq_statictask,SCRUBBED_TIME+LLAMA3-ARXIV_BMPD512_13_4_7,False
4,2,0,0,13,9,512,144.58,23.621577777777777,bw,static,static,results,Results,Results_LLAMA31,LLAMA3-ARXIV-Results,simulator_output_LLAMA3-ARXIV_bwplacement_bs4_staticreq_statictask,SCRUBBED_TIME+LLAMA3-ARXIV_BMPD512_2_13_9,False
4,2,0,0,14,8,512,144.66,23.6283,bw,static,static,results,Results,Results_LLAMA31,LLAMA3-ARXIV-Results,simulator_output_LLAMA3-ARXIV_bwplacement_bs4_staticreq_statictask,SCRUBBED_TIME+LLAMA3-ARXIV_BMPD512_2_14_8,False
4,4,0,0,17,3,384,167.92,23.643176933333333,bw,static,static,results,Results,Results_LLAMA31,LLAMA3-ARXIV-Results,simulator_output_LLAMA3-ARXIV_bwplacement_bs4_staticreq_statictask,SCRUBBED_TIME+LLAMA3-ARXIV_BMPD384_4_17_3,False
4,10,0,0,9,5,256,155.97,23.647689913043475,bw,static,static,results,Results,Results_LLAMA31,LLAMA3-ARXIV-Results,simulator_output_LLAMA3-ARXIV_bwplacement_bs4_staticreq_statictask,SCRUBBED_TIME+LLAMA3-ARXIV_BMPD256_10_9_5,False
4,13,0,0,9,2,384,112.97,23.66368155555556,bw,static,static,results,Results,Results_LLAMA31,LLAMA3-ARXIV-Results,simulator_output_LLAMA3-ARXIV_bwplacement_bs4_staticreq_statictask,SCRUBBED_TIME+LLAMA3-ARXIV_BMPD384_13_9_2,False
2,14,0,0,3,7,384,110.24,23.67266772413793,bw,static,static,results,Results,Results_LLAMA31,LLAMA3-ARXIV-Results,simulator_output_LLAMA3-ARXIV_bwplacement_bs2_staticreq_statictask,SCRUBBED_TIME+LLAMA3-ARXIV_BMPD384_14_3_7,False
4,4,0,0,9,11,256,253.56,23.77610482352941,bw,static,static,results,Results,Results_LLAMA31,LLAMA3-ARXIV-Results,simulator_output_LLAMA3-ARXIV_bwplacement_bs4_staticreq_statictask,SCRUBBED_TIME+LLAMA3-ARXIV_BMPD256_4_9_11,False
4,12,0,0,8,4,256,136.28,23.777211047619048,bw,static,static,results,Results,Results_LLAMA31,LLAMA3-ARXIV-Results,simulator_output_LLAMA3-ARXIV_bwplacement_bs4_staticreq_statictask,SCRUBBED_TIME+LLAMA3-ARXIV_BMPD256_12_8_4,False
4,11,0,0,8,5,256,151.47,23.77745513043478,bw,static,static,results,Results,Results_LLAMA31,LLAMA3-ARXIV-Results,simulator_output_LLAMA3-ARXIV_bwplacement_bs4_staticreq_statictask,SCRUBBED_TIME+LLAMA3-ARXIV_BMPD256_11_8_5,False
2,6,0,0,6,12,512,213.54,23.79692913207547,bw,static,static,results,Results,Results_LLAMA31,LLAMA3-ARXIV-Results,simulator_output_LLAMA3-ARXIV_bwplacement_bs2_staticreq_statictask,SCRUBBED_TIME+LLAMA3-ARXIV_BMPD512_6_6_12,False
4,3,0,0,18,3,384,146.52,23.84626191304348,bw,static,static,results,Results,Results_LLAMA31,LLAMA3-ARXIV-Results,simulator_output_LLAMA3-ARXIV_bwplacement_bs4_staticreq_statictask,SCRUBBED_TIME+LLAMA3-ARXIV_BMPD384_3_18_3,False
2,8,0,0,4,12,256,136.61,23.85561231578947,bw,static,static,results,Results,Results_LLAMA31,LLAMA3-ARXIV-Results,simulator_output_LLAMA3-ARXIV_bwplacement_bs2_staticreq_statictask,SCRUBBED_TIME+LLAMA3-ARXIV_BMPD256_8_4_12,False
4,3,0,0,19,2,384,116.96,23.86649266666667,bw,static,static,results,Results,Results_LLAMA31,LLAMA3-ARXIV-Results,simulator_output_LLAMA3-ARXIV_bwplacement_bs4_staticreq_statictask,SCRUBBED_TIME+LLAMA3-ARXIV_BMPD384_3_19_2,False
4,2,0,0,15,7,512,142.5,23.874477777777777,bw,static,static,results,Results,Results_LLAMA31,LLAMA3-ARXIV-Results,simulator_output_LLAMA3-ARXIV_bwplacement_bs4_staticreq_statictask,SCRUBBED_TIME+LLAMA3-ARXIV_BMPD512_2_15_7,False
2,6,0,0,5,13,384,193.24,23.88801016,bw,static,static,results,Results,Results_LLAMA31,LLAMA3-ARXIV-Results,simulator_output_LLAMA3-ARXIV_bwplacement_bs2_staticreq_statictask,SCRUBBED_TIME+LLAMA3-ARXIV_BMPD384_6_5_13,False
4,2,0,0,9,13,512,144.08,23.88915,bw,static,static,results,Results,Results_LLAMA31,LLAMA3-ARXIV-Results,simulator_output_LLAMA3-ARXIV_bwplacement_bs4_staticreq_statictask,SCRUBBED_TIME+LLAMA3-ARXIV_BMPD512_2_9_13,False
4,3,0,0,17,4,384,176.88,23.944392347826085,bw,static,static,results,Results,Results_LLAMA31,LLAMA3-ARXIV-Results,simulator_output_LLAMA3-ARXIV_bwplacement_bs4_staticreq_statictask,SCRUBBED_TIME+LLAMA3-ARXIV_BMPD384_3_17_4,False
4,2,0,0,11,11,512,145.91,24.00893888888889,bw,static,static,results,Results,Results_LLAMA31,LLAMA3-ARXIV-Results,simulator_output_LLAMA3-ARXIV_bwplacement_bs4_staticreq_statictask,SCRUBBED_TIME+LLAMA3-ARXIV_BMPD512_2_11_11,False
2,10,0,0,5,9,512,167.33,24.05080371428572,bw,static,static,results,Results,Results_LLAMA31,LLAMA3-ARXIV-Results,simulator_output_LLAMA3-ARXIV_bwplacement_bs2_staticreq_statictask,SCRUBBED_TIME+LLAMA3-ARXIV_BMPD512_10_5_9,False
2,7,0,0,4,13,256,138.92,24.0885183,bw,static,static,results,Results,Results_LLAMA31,LLAMA3-ARXIV-Results,simulator_output_LLAMA3-ARXIV_bwplacement_bs2_staticreq_statictask,SCRUBBED_TIME+LLAMA3-ARXIV_BMPD256_7_4_13,False
4,2,0,0,20,2,512,110.25,24.096134117647058,bw,static,static,results,Results,Results_LLAMA31,LLAMA3-ARXIV-Results,simulator_output_LLAMA3-ARXIV_bwplacement_bs4_staticreq_statictask,SCRUBBED_TIME+LLAMA3-ARXIV_BMPD512_2_20_2,False
4,2,0,0,6,16,384,141.39,24.158948222222225,bw,static,static,results,Results,Results_LLAMA31,LLAMA3-ARXIV-Results,simulator_output_LLAMA3-ARXIV_bwplacement_bs4_staticreq_statictask,SCRUBBED_TIME+LLAMA3-ARXIV_BMPD384_2_6_16,False
4,4,0,0,10,10,256,232.07,24.188128352941177,bw,static,static,results,Results,Results_LLAMA31,LLAMA3-ARXIV-Results,simulator_output_LLAMA3-ARXIV_bwplacement_bs4_staticreq_statictask,SCRUBBED_TIME+LLAMA3-ARXIV_BMPD256_4_10_10,False
2,11,0,0,6,7,640,147.9,24.243116,bw,static,static,results,Results,Results_LLAMA31,LLAMA3-ARXIV-Results,simulator_output_LLAMA3-ARXIV_bwplacement_bs2_staticreq_statictask,SCRUBBED_TIME+LLAMA3-ARXIV_BMPD640_11_6_7,False
4,4,0,0,13,7,256,208.73,24.24344064516129,bw,static,static,results,Results,Results_LLAMA31,LLAMA3-ARXIV-Results,simulator_output_LLAMA3-ARXIV_bwplacement_bs4_staticreq_statictask,SCRUBBED_TIME+LLAMA3-ARXIV_BMPD256_4_13_7,False
2,3,0,0,7,14,640,167.95,24.305821955555555,bw,static,static,results,Results,Results_LLAMA31,LLAMA3-ARXIV-Results,simulator_output_LLAMA3-ARXIV_bwplacement_bs2_staticreq_statictask,SCRUBBED_TIME+LLAMA3-ARXIV_BMPD640_3_7_14,False
4,4,0,0,8,12,256,247.66,24.363248848484847,bw,static,static,results,Results,Results_LLAMA31,LLAMA3-ARXIV-Results,simulator_output_LLAMA3-ARXIV_bwplacement_bs4_staticreq_statictask,SCRUBBED_TIME+LLAMA3-ARXIV_BMPD256_4_8_12,False
2,2,0,0,5,17,640,122.47,24.434066666666663,bw,static,static,results,Results,Results_LLAMA31,LLAMA3-ARXIV-Results,simulator_output_LLAMA3-ARXIV_bwplacement_bs2_staticreq_statictask,SCRUBBED_TIME+LLAMA3-ARXIV_BMPD640_2_5_17,False
4,2,0,0,12,10,512,142.91,24.453405555555555,bw,static,static,results,Results,Results_LLAMA31,LLAMA3-ARXIV-Results,simulator_output_LLAMA3-ARXIV_bwplacement_bs4_staticreq_statictask,SCRUBBED_TIME+LLAMA3-ARXIV_BMPD512_2_12_10,False
4,15,0,0,5,4,256,123.14,24.477389777777777,bw,static,static,results,Results,Results_LLAMA31,LLAMA3-ARXIV-Results,simulator_output_LLAMA3-ARXIV_bwplacement_bs4_staticreq_statictask,SCRUBBED_TIME+LLAMA3-ARXIV_BMPD256_15_5_4,False
4,9,0,0,9,6,256,173.08,24.486960275862067,bw,static,static,results,Results,Results_LLAMA31,LLAMA3-ARXIV-Results,simulator_output_LLAMA3-ARXIV_bwplacement_bs4_staticreq_statictask,SCRUBBED_TIME+LLAMA3-ARXIV_BMPD256_9_9_6,False
4,4,0,0,11,9,256,230.3,24.50429894117647,bw,static,static,results,Results,Results_LLAMA31,LLAMA3-ARXIV-Results,simulator_output_LLAMA3-ARXIV_bwplacement_bs4_staticreq_statictask,SCRUBBED_TIME+LLAMA3-ARXIV_BMPD256_4_11_9,False
4,4,0,0,16,4,384,209.79,24.507863096774194,bw,static,static,results,Results,Results_LLAMA31,LLAMA3-ARXIV-Results,simulator_output_LLAMA3-ARXIV_bwplacement_bs4_staticreq_statictask,SCRUBBED_TIME+LLAMA3-ARXIV_BMPD384_4_16_4,False
4,9,0,0,12,3,256,115.01,24.527345333333333,bw,static,static,results,Results,Results_LLAMA31,LLAMA3-ARXIV-Results,simulator_output_LLAMA3-ARXIV_bwplacement_bs4_staticreq_statictask,SCRUBBED_TIME+LLAMA3-ARXIV_BMPD256_9_12_3,False
2,12,0,0,3,9,256,102.21,24.53455955555556,bw,static,static,results,Results,Results_LLAMA31,LLAMA3-ARXIV-Results,simulator_output_LLAMA3-ARXIV_bwplacement_bs2_staticreq_statictask,SCRUBBED_TIME+LLAMA3-ARXIV_BMPD256_12_3_9,False
2,12,0,0,5,7,640,129.36,24.596771333333333,bw,static,static,results,Results,Results_LLAMA31,LLAMA3-ARXIV-Results,simulator_output_LLAMA3-ARXIV_bwplacement_bs2_staticreq_statictask,SCRUBBED_TIME+LLAMA3-ARXIV_BMPD640_12_5_7,False
4,3,0,0,16,5,384,182.58,24.61613232,bw,static,static,results,Results,Results_LLAMA31,LLAMA3-ARXIV-Results,simulator_output_LLAMA3-ARXIV_bwplacement_bs4_staticreq_statictask,SCRUBBED_TIME+LLAMA3-ARXIV_BMPD384_3_16_5,False
4,16,0,0,5,3,256,92.98,24.6169752,bw,static,static,results,Results,Results_LLAMA31,LLAMA3-ARXIV-Results,simulator_output_LLAMA3-ARXIV_bwplacement_bs4_staticreq_statictask,SCRUBBED_TIME+LLAMA3-ARXIV_BMPD256_16_5_3,False
2,5,0,0,6,13,512,207.14,24.62931403773585,bw,static,static,results,Results,Results_LLAMA31,LLAMA3-ARXIV-Results,simulator_output_LLAMA3-ARXIV_bwplacement_bs2_staticreq_statictask,SCRUBBED_TIME+LLAMA3-ARXIV_BMPD512_5_6_13,False
2,3,0,0,4,17,256,154.15,24.673441217391304,bw,static,static,results,Results,Results_LLAMA31,LLAMA3-ARXIV-Results,simulator_output_LLAMA3-ARXIV_bwplacement_bs2_staticreq_statictask,SCRUBBED_TIME+LLAMA3-ARXIV_BMPD256_3_4_17,False
2,2,0,0,3,19,256,113.99,24.75984825,bw,static,static,results,Results,Results_LLAMA31,LLAMA3-ARXIV-Results,simulator_output_LLAMA3-ARXIV_bwplacement_bs2_staticreq_statictask,SCRUBBED_TIME+LLAMA3-ARXIV_BMPD256_2_3_19,False
4,10,0,0,10,4,256,139.84,24.766150363636363,bw,static,static,results,Results,Results_LLAMA31,LLAMA3-ARXIV-Results,simulator_output_LLAMA3-ARXIV_bwplacement_bs4_staticreq_statictask,SCRUBBED_TIME+LLAMA3-ARXIV_BMPD256_10_10_4,False
4,10,0,0,8,6,256,168.86,24.8259152,bw,static,static,results,Results,Results_LLAMA31,LLAMA3-ARXIV-Results,simulator_output_LLAMA3-ARXIV_bwplacement_bs4_staticreq_statictask,SCRUBBED_TIME+LLAMA3-ARXIV_BMPD256_10_8_6,False
4,2,0,0,10,12,512,142.89,24.833838888888888,bw,static,static,results,Results,Results_LLAMA31,LLAMA3-ARXIV-Results,simulator_output_LLAMA3-ARXIV_bwplacement_bs4_staticreq_statictask,SCRUBBED_TIME+LLAMA3-ARXIV_BMPD512_2_10_12,False
4,2,0,0,7,15,512,142.66,24.842222222222222,bw,static,static,results,Results,Results_LLAMA31,LLAMA3-ARXIV-Results,simulator_output_LLAMA3-ARXIV_bwplacement_bs4_staticreq_statictask,SCRUBBED_TIME+LLAMA3-ARXIV_BMPD512_2_7_15,False
4,4,0,0,18,2,384,126.39,24.87537060869565,bw,static,static,results,Results,Results_LLAMA31,LLAMA3-ARXIV-Results,simulator_output_LLAMA3-ARXIV_bwplacement_bs4_staticreq_statictask,SCRUBBED_TIME+LLAMA3-ARXIV_BMPD384_4_18_2,False
4,3,0,0,15,6,384,187.54,24.87945632,bw,static,static,results,Results,Results_LLAMA31,LLAMA3-ARXIV-Results,simulator_output_LLAMA3-ARXIV_bwplacement_bs4_staticreq_statictask,SCRUBBED_TIME+LLAMA3-ARXIV_BMPD384_3_15_6,False
4,4,0,0,19,1,384,77.02,24.88015933333333,bw,static,static,results,Results,Results_LLAMA31,LLAMA3-ARXIV-Results,simulator_output_LLAMA3-ARXIV_bwplacement_bs4_staticreq_statictask,SCRUBBED_TIME+LLAMA3-ARXIV_BMPD384_4_19_1,False
4,3,0,0,9,12,384,207.47,24.882223407407405,bw,static,static,results,Results,Results_LLAMA31,LLAMA3-ARXIV-Results,simulator_output_LLAMA3-ARXIV_bwplacement_bs4_staticreq_statictask,SCRUBBED_TIME+LLAMA3-ARXIV_BMPD384_3_9_12,False
2,6,0,0,7,11,640,204.37,24.884971760000003,bw,static,static,results,Results,Results_LLAMA31,LLAMA3-ARXIV-Results,simulator_output_LLAMA3-ARXIV_bwplacement_bs2_staticreq_statictask,SCRUBBED_TIME+LLAMA3-ARXIV_BMPD640_6_7_11,False
4,3,0,0,8,13,384,208.04,24.942719703703705,bw,static,static,results,Results,Results_LLAMA31,LLAMA3-ARXIV-Results,simulator_output_LLAMA3-ARXIV_bwplacement_bs4_staticreq_statictask,SCRUBBED_TIME+LLAMA3-ARXIV_BMPD384_3_8_13,False
2,14,0,0,4,6,640,110.6,24.94415857142857,bw,static,static,results,Results,Results_LLAMA31,LLAMA3-ARXIV-Results,simulator_output_LLAMA3-ARXIV_bwplacement_bs2_staticreq_statictask,SCRUBBED_TIME+LLAMA3-ARXIV_BMPD640_14_4_6,False
2,5,0,0,5,14,384,192.79,24.95439584313725,bw,static,static,results,Results,Results_LLAMA31,LLAMA3-ARXIV-Results,simulator_output_LLAMA3-ARXIV_bwplacement_bs2_staticreq_statictask,SCRUBBED_TIME+LLAMA3-ARXIV_BMPD384_5_5_14,False
4,4,0,0,19,1,256,52.62,24.971637,bw,static,static,results,Results,Results_LLAMA31,LLAMA3-ARXIV-Results,simulator_output_LLAMA3-ARXIV_bwplacement_bs4_staticreq_statictask,SCRUBBED_TIME+LLAMA3-ARXIV_BMPD256_4_19_1,False
2,10,0,0,4,10,384,143.01,25.028999027027027,bw,static,static,results,Results,Results_LLAMA31,LLAMA3-ARXIV-Results,simulator_output_LLAMA3-ARXIV_bwplacement_bs2_staticreq_statictask,SCRUBBED_TIME+LLAMA3-ARXIV_BMPD384_10_4_10,False
4,3,0,0,12,9,384,196.22,25.03066785185185,bw,static,static,results,Results,Results_LLAMA31,LLAMA3-ARXIV-Results,simulator_output_LLAMA3-ARXIV_bwplacement_bs4_staticreq_statictask,SCRUBBED_TIME+LLAMA3-ARXIV_BMPD384_3_12_9,False
4,9,0,0,8,7,256,192.44,25.050479066666668,bw,static,static,results,Results,Results_LLAMA31,LLAMA3-ARXIV-Results,simulator_output_LLAMA3-ARXIV_bwplacement_bs4_staticreq_statictask,SCRUBBED_TIME+LLAMA3-ARXIV_BMPD256_9_8_7,False
4,8,0,0,12,4,256,144.05,25.051107304347823,bw,static,static,results,Results,Results_LLAMA31,LLAMA3-ARXIV-Results,simulator_output_LLAMA3-ARXIV_bwplacement_bs4_staticreq_statictask,SCRUBBED_TIME+LLAMA3-ARXIV_BMPD256_8_12_4,False
4,11,0,0,10,3,256,109.13,25.054778666666667,bw,static,static,results,Results,Results_LLAMA31,LLAMA3-ARXIV-Results,simulator_output_LLAMA3-ARXIV_bwplacement_bs4_staticreq_statictask,SCRUBBED_TIME+LLAMA3-ARXIV_BMPD256_11_10_3,False
4,2,0,0,14,8,640,140.42,25.080897333333333,bw,static,static,results,Results,Results_LLAMA31,LLAMA3-ARXIV-Results,simulator_output_LLAMA3-ARXIV_bwplacement_bs4_staticreq_statictask,SCRUBBED_TIME+LLAMA3-ARXIV_BMPD640_2_14_8,False
4,2,0,0,18,4,640,137.48,25.088641777777777,bw,static,static,results,Results,Results_LLAMA31,LLAMA3-ARXIV-Results,simulator_output_LLAMA3-ARXIV_bwplacement_bs4_staticreq_statictask,SCRUBBED_TIME+LLAMA3-ARXIV_BMPD640_2_18_4,False
4,2,0,0,15,7,640,133.98,25.10999177777777,bw,static,static,results,Results,Results_LLAMA31,LLAMA3-ARXIV-Results,simulator_output_LLAMA3-ARXIV_bwplacement_bs4_staticreq_statictask,SCRUBBED_TIME+LLAMA3-ARXIV_BMPD640_2_15_7,False
4,2,0,0,16,6,512,132.8,25.111879,bw,static,static,results,Results,Results_LLAMA31,LLAMA3-ARXIV-Results,simulator_output_LLAMA3-ARXIV_bwplacement_bs4_staticreq_statictask,SCRUBBED_TIME+LLAMA3-ARXIV_BMPD512_2_16_6,False
4,14,0,0,8,2,256,73.72,25.133564923076925,bw,static,static,results,Results,Results_LLAMA31,LLAMA3-ARXIV-Results,simulator_output_LLAMA3-ARXIV_bwplacement_bs4_staticreq_statictask,SCRUBBED_TIME+LLAMA3-ARXIV_BMPD256_14_8_2,False
4,3,0,0,14,7,384,192.74,25.18774032,bw,static,static,results,Results,Results_LLAMA31,LLAMA3-ARXIV-Results,simulator_output_LLAMA3-ARXIV_bwplacement_bs4_staticreq_statictask,SCRUBBED_TIME+LLAMA3-ARXIV_BMPD384_3_14_7,False
2,16,0,0,2,6,256,60.45,25.20852094117647,bw,static,static,results,Results,Results_LLAMA31,LLAMA3-ARXIV-Results,simulator_output_LLAMA3-ARXIV_bwplacement_bs2_staticreq_statictask,SCRUBBED_TIME+LLAMA3-ARXIV_BMPD256_16_2_6,False
4,3,0,0,11,10,384,205.95,25.267871555555555,bw,static,static,results,Results,Results_LLAMA31,LLAMA3-ARXIV-Results,simulator_output_LLAMA3-ARXIV_bwplacement_bs4_staticreq_statictask,SCRUBBED_TIME+LLAMA3-ARXIV_BMPD384_3_11_10,False
4,2,0,0,8,14,512,144.33,25.29619444444445,bw,static,static,results,Results,Results_LLAMA31,LLAMA3-ARXIV-Results,simulator_output_LLAMA3-ARXIV_bwplacement_bs4_staticreq_statictask,SCRUBBED_TIME+LLAMA3-ARXIV_BMPD512_2_8_14,False
4,2,0,0,16,6,640,132.76,25.30025288888889,bw,static,static,results,Results,Results_LLAMA31,LLAMA3-ARXIV-Results,simulator_output_LLAMA3-ARXIV_bwplacement_bs4_staticreq_statictask,SCRUBBED_TIME+LLAMA3-ARXIV_BMPD640_2_16_6,False
2,9,0,0,5,10,512,166.76,25.307536186046512,bw,static,static,results,Results,Results_LLAMA31,LLAMA3-ARXIV-Results,simulator_output_LLAMA3-ARXIV_bwplacement_bs2_staticreq_statictask,SCRUBBED_TIME+LLAMA3-ARXIV_BMPD512_9_5_10,False
4,3,0,0,5,16,256,169.15,25.35575513043478,bw,static,static,results,Results,Results_LLAMA31,LLAMA3-ARXIV-Results,simulator_output_LLAMA3-ARXIV_bwplacement_bs4_staticreq_statictask,SCRUBBED_TIME+LLAMA3-ARXIV_BMPD256_3_5_16,False
4,15,0,0,6,3,256,92.96,25.43295388235294,bw,static,static,results,Results,Results_LLAMA31,LLAMA3-ARXIV-Results,simulator_output_LLAMA3-ARXIV_bwplacement_bs4_staticreq_statictask,SCRUBBED_TIME+LLAMA3-ARXIV_BMPD256_15_6_3,False
4,2,0,0,19,3,640,122.49,25.442564,bw,static,static,results,Results,Results_LLAMA31,LLAMA3-ARXIV-Results,simulator_output_LLAMA3-ARXIV_bwplacement_bs4_staticreq_statictask,SCRUBBED_TIME+LLAMA3-ARXIV_BMPD640_2_19_3,False
4,3,0,0,13,8,384,198.89,25.47018637037037,bw,static,static,results,Results,Results_LLAMA31,LLAMA3-ARXIV-Results,simulator_output_LLAMA3-ARXIV_bwplacement_bs4_staticreq_statictask,SCRUBBED_TIME+LLAMA3-ARXIV_BMPD384_3_13_8,False
4,5,0,0,9,10,256,244.07,25.47877247058824,bw,static,static,results,Results,Results_LLAMA31,LLAMA3-ARXIV-Results,simulator_output_LLAMA3-ARXIV_bwplacement_bs4_staticreq_statictask,SCRUBBED_TIME+LLAMA3-ARXIV_BMPD256_5_9_10,False
2,5,0,0,7,12,640,204.37,25.48738384313725,bw,static,static,results,Results,Results_LLAMA31,LLAMA3-ARXIV-Results,simulator_output_LLAMA3-ARXIV_bwplacement_bs2_staticreq_statictask,SCRUBBED_TIME+LLAMA3-ARXIV_BMPD640_5_7_12,False
4,5,0,0,15,4,256,148.32,25.50063773913044,bw,static,static,results,Results,Results_LLAMA31,LLAMA3-ARXIV-Results,simulator_output_LLAMA3-ARXIV_bwplacement_bs4_staticreq_statictask,SCRUBBED_TIME+LLAMA3-ARXIV_BMPD256_5_15_4,False
2,2,0,0,4,18,512,116.55,25.53185883870968,bw,static,static,results,Results,Results_LLAMA31,LLAMA3-ARXIV-Results,simulator_output_LLAMA3-ARXIV_bwplacement_bs2_staticreq_statictask,SCRUBBED_TIME+LLAMA3-ARXIV_BMPD512_2_4_18,False
4,3,0,0,10,11,384,203.3,25.53582340740741,bw,static,static,results,Results,Results_LLAMA31,LLAMA3-ARXIV-Results,simulator_output_LLAMA3-ARXIV_bwplacement_bs4_staticreq_statictask,SCRUBBED_TIME+LLAMA3-ARXIV_BMPD384_3_10_11,False
2,10,0,0,6,8,640,157.91,25.549916195121952,bw,static,static,results,Results,Results_LLAMA31,LLAMA3-ARXIV-Results,simulator_output_LLAMA3-ARXIV_bwplacement_bs2_staticreq_statictask,SCRUBBED_TIME+LLAMA3-ARXIV_BMPD640_10_6_8,False
4,5,0,0,13,6,256,183.95,25.5554124,bw,static,static,results,Results,Results_LLAMA31,LLAMA3-ARXIV-Results,simulator_output_LLAMA3-ARXIV_bwplacement_bs4_staticreq_statictask,SCRUBBED_TIME+LLAMA3-ARXIV_BMPD256_5_13_6,False
4,5,0,0,16,3,384,168.47,25.564249333333333,bw,static,static,results,Results,Results_LLAMA31,LLAMA3-ARXIV-Results,simulator_output_LLAMA3-ARXIV_bwplacement_bs4_staticreq_statictask,SCRUBBED_TIME+LLAMA3-ARXIV_BMPD384_5_16_3,False
4,5,0,0,17,2,256,96.21,25.587894736842102,bw,static,static,results,Results,Results_LLAMA31,LLAMA3-ARXIV-Results,simulator_output_LLAMA3-ARXIV_bwplacement_bs4_staticreq_statictask,SCRUBBED_TIME+LLAMA3-ARXIV_BMPD256_5_17_2,False
4,3,0,0,20,1,256,48.53,25.61230533333333,bw,static,static,results,Results,Results_LLAMA31,LLAMA3-ARXIV-Results,simulator_output_LLAMA3-ARXIV_bwplacement_bs4_staticreq_statictask,SCRUBBED_TIME+LLAMA3-ARXIV_BMPD256_3_20_1,False
4,2,0,0,17,5,640,134.09,25.647941777777778,bw,static,static,results,Results,Results_LLAMA31,LLAMA3-ARXIV-Results,simulator_output_LLAMA3-ARXIV_bwplacement_bs4_staticreq_statictask,SCRUBBED_TIME+LLAMA3-ARXIV_BMPD640_2_17_5,False
4,3,0,0,7,14,256,161.99,25.65795078260869,bw,static,static,results,Results,Results_LLAMA31,LLAMA3-ARXIV-Results,simulator_output_LLAMA3-ARXIV_bwplacement_bs4_staticreq_statictask,SCRUBBED_TIME+LLAMA3-ARXIV_BMPD256_3_7_14,False
4,5,0,0,18,1,256,54.37,25.667634222222222,bw,static,static,results,Results,Results_LLAMA31,LLAMA3-ARXIV-Results,simulator_output_LLAMA3-ARXIV_bwplacement_bs4_staticreq_statictask,SCRUBBED_TIME+LLAMA3-ARXIV_BMPD256_5_18_1,False
4,13,0,0,9,2,256,78.37,25.70653415384616,bw,static,static,results,Results,Results_LLAMA31,LLAMA3-ARXIV-Results,simulator_output_LLAMA3-ARXIV_bwplacement_bs4_staticreq_statictask,SCRUBBED_TIME+LLAMA3-ARXIV_BMPD256_13_9_2,False
2,12,0,0,4,8,512,130.26,25.797201647058824,bw,static,static,results,Results,Results_LLAMA31,LLAMA3-ARXIV-Results,simulator_output_LLAMA3-ARXIV_bwplacement_bs2_staticreq_statictask,SCRUBBED_TIME+LLAMA3-ARXIV_BMPD512_12_4_8,False
2,9,0,0,4,11,384,150.48,25.81182742857143,bw,static,static,results,Results,Results_LLAMA31,LLAMA3-ARXIV-Results,simulator_output_LLAMA3-ARXIV_bwplacement_bs2_staticreq_statictask,SCRUBBED_TIME+LLAMA3-ARXIV_BMPD384_9_4_11,False
4,2,0,0,9,13,640,138.74,25.82028066666667,bw,static,static,results,Results,Results_LLAMA31,LLAMA3-ARXIV-Results,simulator_output_LLAMA3-ARXIV_bwplacement_bs4_staticreq_statictask,SCRUBBED_TIME+LLAMA3-ARXIV_BMPD640_2_9_13,False
2,9,0,0,6,9,640,163.36,25.846307627906977,bw,static,static,results,Results,Results_LLAMA31,LLAMA3-ARXIV-Results,simulator_output_LLAMA3-ARXIV_bwplacement_bs2_staticreq_statictask,SCRUBBED_TIME+LLAMA3-ARXIV_BMPD640_9_6_9,False
4,4,0,0,14,6,384,243.69,25.847278181818183,bw,static,static,results,Results,Results_LLAMA31,LLAMA3-ARXIV-Results,simulator_output_LLAMA3-ARXIV_bwplacement_bs4_staticreq_statictask,SCRUBBED_TIME+LLAMA3-ARXIV_BMPD384_4_14_6,False
4,2,0,0,6,16,512,141.09,25.85163333333333,bw,static,static,results,Results,Results_LLAMA31,LLAMA3-ARXIV-Results,simulator_output_LLAMA3-ARXIV_bwplacement_bs4_staticreq_statictask,SCRUBBED_TIME+LLAMA3-ARXIV_BMPD512_2_6_16,False
4,9,0,0,12,3,384,159.8,25.857788,bw,static,static,results,Results,Results_LLAMA31,LLAMA3-ARXIV-Results,simulator_output_LLAMA3-ARXIV_bwplacement_bs4_staticreq_statictask,SCRUBBED_TIME+LLAMA3-ARXIV_BMPD384_9_12_3,False
4,14,0,0,7,3,256,92.47,25.87008329411765,bw,static,static,results,Results,Results_LLAMA31,LLAMA3-ARXIV-Results,simulator_output_LLAMA3-ARXIV_bwplacement_bs4_staticreq_statictask,SCRUBBED_TIME+LLAMA3-ARXIV_BMPD256_14_7_3,False
2,4,0,0,6,14,512,198.8,25.8709764,bw,static,static,results,Results,Results_LLAMA31,LLAMA3-ARXIV-Results,simulator_output_LLAMA3-ARXIV_bwplacement_bs2_staticreq_statictask,SCRUBBED_TIME+LLAMA3-ARXIV_BMPD512_4_6_14,False
4,5,0,0,17,2,384,129.48,25.882109739130435,bw,static,static,results,Results,Results_LLAMA31,LLAMA3-ARXIV-Results,simulator_output_LLAMA3-ARXIV_bwplacement_bs4_staticreq_statictask,SCRUBBED_TIME+LLAMA3-ARXIV_BMPD384_5_17_2,False
4,6,0,0,12,6,256,188.7,25.897775733333333,bw,static,static,results,Results,Results_LLAMA31,LLAMA3-ARXIV-Results,simulator_output_LLAMA3-ARXIV_bwplacement_bs4_staticreq_statictask,SCRUBBED_TIME+LLAMA3-ARXIV_BMPD256_6_12_6,False
4,8,0,0,9,7,256,193.65,25.96759225806452,bw,static,static,results,Results,Results_LLAMA31,LLAMA3-ARXIV-Results,simulator_output_LLAMA3-ARXIV_bwplacement_bs4_staticreq_statictask,SCRUBBED_TIME+LLAMA3-ARXIV_BMPD256_8_9_7,False
4,12,0,0,9,3,384,149.25,25.976383652173915,bw,static,static,results,Results,Results_LLAMA31,LLAMA3-ARXIV-Results,simulator_output_LLAMA3-ARXIV_bwplacement_bs4_staticreq_statictask,SCRUBBED_TIME+LLAMA3-ARXIV_BMPD384_12_9_3,False
4,10,0,0,11,3,256,110.18,26.049089777777777,bw,static,static,results,Results,Results_LLAMA31,LLAMA3-ARXIV-Results,simulator_output_LLAMA3-ARXIV_bwplacement_bs4_staticreq_statictask,SCRUBBED_TIME+LLAMA3-ARXIV_BMPD256_10_11_3,False
4,10,0,0,12,2,384,118.27,26.06773711111111,bw,static,static,results,Results,Results_LLAMA31,LLAMA3-ARXIV-Results,simulator_output_LLAMA3-ARXIV_bwplacement_bs4_staticreq_statictask,SCRUBBED_TIME+LLAMA3-ARXIV_BMPD384_10_12_2,False
4,2,0,0,13,9,640,135.12,26.074936222222224,bw,static,static,results,Results,Results_LLAMA31,LLAMA3-ARXIV-Results,simulator_output_LLAMA3-ARXIV_bwplacement_bs4_staticreq_statictask,SCRUBBED_TIME+LLAMA3-ARXIV_BMPD640_2_13_9,False
4,2,0,0,4,18,384,131.39,26.111164888888887,bw,static,static,results,Results,Results_LLAMA31,LLAMA3-ARXIV-Results,simulator_output_LLAMA3-ARXIV_bwplacement_bs4_staticreq_statictask,SCRUBBED_TIME+LLAMA3-ARXIV_BMPD384_2_4_18,False
4,15,0,0,5,4,384,144.35,26.168698222222226,bw,static,static,results,Results,Results_LLAMA31,LLAMA3-ARXIV-Results,simulator_output_LLAMA3-ARXIV_bwplacement_bs4_staticreq_statictask,SCRUBBED_TIME+LLAMA3-ARXIV_BMPD384_15_5_4,False
4,13,0,0,8,3,384,147.07,26.20893238095238,bw,static,static,results,Results,Results_LLAMA31,LLAMA3-ARXIV-Results,simulator_output_LLAMA3-ARXIV_bwplacement_bs4_staticreq_statictask,SCRUBBED_TIME+LLAMA3-ARXIV_BMPD384_13_8_3,False
4,10,0,0,9,5,384,213.28,26.2286436,bw,static,static,results,Results,Results_LLAMA31,LLAMA3-ARXIV-Results,simulator_output_LLAMA3-ARXIV_bwplacement_bs4_staticreq_statictask,SCRUBBED_TIME+LLAMA3-ARXIV_BMPD384_10_9_5,False
4,5,0,0,8,11,256,254.47,26.253216588235293,bw,static,static,results,Results,Results_LLAMA31,LLAMA3-ARXIV-Results,simulator_output_LLAMA3-ARXIV_bwplacement_bs4_staticreq_statictask,SCRUBBED_TIME+LLAMA3-ARXIV_BMPD256_5_8_11,False
2,13,0,0,4,7,640,109.87,26.2842408,bw,static,static,results,Results,Results_LLAMA31,LLAMA3-ARXIV-Results,simulator_output_LLAMA3-ARXIV_bwplacement_bs2_staticreq_statictask,SCRUBBED_TIME+LLAMA3-ARXIV_BMPD640_13_4_7,False
4,7,0,0,9,8,256,234.09,26.286196,bw,static,static,results,Results,Results_LLAMA31,LLAMA3-ARXIV-Results,simulator_output_LLAMA3-ARXIV_bwplacement_bs4_staticreq_statictask,SCRUBBED_TIME+LLAMA3-ARXIV_BMPD256_7_9_8,False
4,3,0,0,6,15,256,157.18,26.339920347826087,bw,static,static,results,Results,Results_LLAMA31,LLAMA3-ARXIV-Results,simulator_output_LLAMA3-ARXIV_bwplacement_bs4_staticreq_statictask,SCRUBBED_TIME+LLAMA3-ARXIV_BMPD256_3_6_15,False
4,5,0,0,11,8,256,245.93,26.34048717647059,bw,static,static,results,Results,Results_LLAMA31,LLAMA3-ARXIV-Results,simulator_output_LLAMA3-ARXIV_bwplacement_bs4_staticreq_statictask,SCRUBBED_TIME+LLAMA3-ARXIV_BMPD256_5_11_8,False
4,5,0,0,14,5,256,163.44,26.3408032,bw,static,static,results,Results,Results_LLAMA31,LLAMA3-ARXIV-Results,simulator_output_LLAMA3-ARXIV_bwplacement_bs4_staticreq_statictask,SCRUBBED_TIME+LLAMA3-ARXIV_BMPD256_5_14_5,False
2,16,0,0,3,5,640,72.46,26.348242095238096,bw,static,static,results,Results,Results_LLAMA31,LLAMA3-ARXIV-Results,simulator_output_LLAMA3-ARXIV_bwplacement_bs2_staticreq_statictask,SCRUBBED_TIME+LLAMA3-ARXIV_BMPD640_16_3_5,False
4,10,0,0,12,2,256,86.38,26.361408533333336,bw,static,static,results,Results,Results_LLAMA31,LLAMA3-ARXIV-Results,simulator_output_LLAMA3-ARXIV_bwplacement_bs4_staticreq_statictask,SCRUBBED_TIME+LLAMA3-ARXIV_BMPD256_10_12_2,False
4,7,0,0,12,5,256,161.28,26.3695232,bw,static,static,results,Results,Results_LLAMA31,LLAMA3-ARXIV-Results,simulator_output_LLAMA3-ARXIV_bwplacement_bs4_staticreq_statictask,SCRUBBED_TIME+LLAMA3-ARXIV_BMPD256_7_12_5,False
2,4,0,0,7,13,640,201.51,26.39245576,bw,static,static,results,Results,Results_LLAMA31,LLAMA3-ARXIV-Results,simulator_output_LLAMA3-ARXIV_bwplacement_bs2_staticreq_statictask,SCRUBBED_TIME+LLAMA3-ARXIV_BMPD640_4_7_13,False
4,2,0,0,12,10,640,135.48,26.44433066666667,bw,static,static,results,Results,Results_LLAMA31,LLAMA3-ARXIV-Results,simulator_output_LLAMA3-ARXIV_bwplacement_bs4_staticreq_statictask,SCRUBBED_TIME+LLAMA3-ARXIV_BMPD640_2_12_10,False
4,11,0,0,11,2,384,115.88,26.520076,bw,static,static,results,Results,Results_LLAMA31,LLAMA3-ARXIV-Results,simulator_output_LLAMA3-ARXIV_bwplacement_bs4_staticreq_statictask,SCRUBBED_TIME+LLAMA3-ARXIV_BMPD384_11_11_2,False
4,8,0,0,8,8,256,227.76,26.60264064516129,bw,static,static,results,Results,Results_LLAMA31,LLAMA3-ARXIV-Results,simulator_output_LLAMA3-ARXIV_bwplacement_bs4_staticreq_statictask,SCRUBBED_TIME+LLAMA3-ARXIV_BMPD256_8_8_8,False
4,9,0,0,11,4,256,137.79,26.62174127272728,bw,static,static,results,Results,Results_LLAMA31,LLAMA3-ARXIV-Results,simulator_output_LLAMA3-ARXIV_bwplacement_bs4_staticreq_statictask,SCRUBBED_TIME+LLAMA3-ARXIV_BMPD256_9_11_4,False
4,14,0,0,6,4,256,124.03,26.66063977777777,bw,static,static,results,Results,Results_LLAMA31,LLAMA3-ARXIV-Results,simulator_output_LLAMA3-ARXIV_bwplacement_bs4_staticreq_statictask,SCRUBBED_TIME+LLAMA3-ARXIV_BMPD256_14_6_4,False
4,14,0,0,5,5,256,129.58,26.666584222222223,bw,static,static,results,Results,Results_LLAMA31,LLAMA3-ARXIV-Results,simulator_output_LLAMA3-ARXIV_bwplacement_bs4_staticreq_statictask,SCRUBBED_TIME+LLAMA3-ARXIV_BMPD256_14_5_5,False
4,2,0,0,21,1,512,65.02,26.66902290909091,bw,static,static,results,Results,Results_LLAMA31,LLAMA3-ARXIV-Results,simulator_output_LLAMA3-ARXIV_bwplacement_bs4_staticreq_statictask,SCRUBBED_TIME+LLAMA3-ARXIV_BMPD512_2_21_1,False
2,4,0,0,5,15,384,185.22,26.66939281632653,bw,static,static,results,Results,Results_LLAMA31,LLAMA3-ARXIV-Results,simulator_output_LLAMA3-ARXIV_bwplacement_bs2_staticreq_statictask,SCRUBBED_TIME+LLAMA3-ARXIV_BMPD384_4_5_15,False
2,15,0,0,3,6,512,84.67,26.68830643478261,bw,static,static,results,Results,Results_LLAMA31,LLAMA3-ARXIV-Results,simulator_output_LLAMA3-ARXIV_bwplacement_bs2_staticreq_statictask,SCRUBBED_TIME+LLAMA3-ARXIV_BMPD512_15_3_6,False
4,9,0,0,10,5,256,152.02,26.696702956521737,bw,static,static,results,Results,Results_LLAMA31,LLAMA3-ARXIV-Results,simulator_output_LLAMA3-ARXIV_bwplacement_bs4_staticreq_statictask,SCRUBBED_TIME+LLAMA3-ARXIV_BMPD256_9_10_5,False
4,2,0,0,10,12,640,129.91,26.697252888888887,bw,static,static,results,Results,Results_LLAMA31,LLAMA3-ARXIV-Results,simulator_output_LLAMA3-ARXIV_bwplacement_bs4_staticreq_statictask,SCRUBBED_TIME+LLAMA3-ARXIV_BMPD640_2_10_12,False
4,11,0,0,9,4,384,186.24,26.78294432,bw,static,static,results,Results,Results_LLAMA31,LLAMA3-ARXIV-Results,simulator_output_LLAMA3-ARXIV_bwplacement_bs4_staticreq_statictask,SCRUBBED_TIME+LLAMA3-ARXIV_BMPD384_11_9_4,False
4,2,0,0,11,11,640,133.45,26.78992588235294,bw,static,static,results,Results,Results_LLAMA31,LLAMA3-ARXIV-Results,simulator_output_LLAMA3-ARXIV_bwplacement_bs4_staticreq_statictask,SCRUBBED_TIME+LLAMA3-ARXIV_BMPD640_2_11_11,False
4,12,0,0,8,4,384,182.45,26.79464017391304,bw,static,static,results,Results,Results_LLAMA31,LLAMA3-ARXIV-Results,simulator_output_LLAMA3-ARXIV_bwplacement_bs4_staticreq_statictask,SCRUBBED_TIME+LLAMA3-ARXIV_BMPD384_12_8_4,False
4,7,0,0,8,9,256,225.42,26.817212484848483,bw,static,static,results,Results,Results_LLAMA31,LLAMA3-ARXIV-Results,simulator_output_LLAMA3-ARXIV_bwplacement_bs4_staticreq_statictask,SCRUBBED_TIME+LLAMA3-ARXIV_BMPD256_7_8_9,False
4,16,0,0,4,4,256,108.83,26.82051270588235,bw,static,static,results,Results,Results_LLAMA31,LLAMA3-ARXIV-Results,simulator_output_LLAMA3-ARXIV_bwplacement_bs4_staticreq_statictask,SCRUBBED_TIME+LLAMA3-ARXIV_BMPD256_16_4_4,False
4,15,0,0,8,1,256,47.43,26.83174711111112,bw,static,static,results,Results,Results_LLAMA31,LLAMA3-ARXIV-Results,simulator_output_LLAMA3-ARXIV_bwplacement_bs4_staticreq_statictask,SCRUBBED_TIME+LLAMA3-ARXIV_BMPD256_15_8_1,False
2,5,0,0,4,15,256,147.38,26.85349525581396,bw,static,static,results,Results,Results_LLAMA31,LLAMA3-ARXIV-Results,simulator_output_LLAMA3-ARXIV_bwplacement_bs2_staticreq_statictask,SCRUBBED_TIME+LLAMA3-ARXIV_BMPD256_5_4_15,False
4,5,0,0,14,5,384,238.05,26.88225294117647,bw,static,static,results,Results,Results_LLAMA31,LLAMA3-ARXIV-Results,simulator_output_LLAMA3-ARXIV_bwplacement_bs4_staticreq_statictask,SCRUBBED_TIME+LLAMA3-ARXIV_BMPD384_5_14_5,False
4,3,0,0,5,16,384,196.11,26.995016,bw,static,static,results,Results,Results_LLAMA31,LLAMA3-ARXIV-Results,simulator_output_LLAMA3-ARXIV_bwplacement_bs4_staticreq_statictask,SCRUBBED_TIME+LLAMA3-ARXIV_BMPD384_3_5_16,False
4,4,0,0,13,7,384,256.37,27.014611764705883,bw,static,static,results,Results,Results_LLAMA31,LLAMA3-ARXIV-Results,simulator_output_LLAMA3-ARXIV_bwplacement_bs4_staticreq_statictask,SCRUBBED_TIME+LLAMA3-ARXIV_BMPD384_4_13_7,False
4,14,0,0,9,1,256,49.21,27.0436084,bw,static,static,results,Results,Results_LLAMA31,LLAMA3-ARXIV-Results,simulator_output_LLAMA3-ARXIV_bwplacement_bs4_staticreq_statictask,SCRUBBED_TIME+LLAMA3-ARXIV_BMPD256_14_9_1,False
4,6,0,0,9,9,256,235.69,27.05624011764706,bw,static,static,results,Results,Results_LLAMA31,LLAMA3-ARXIV-Results,simulator_output_LLAMA3-ARXIV_bwplacement_bs4_staticreq_statictask,SCRUBBED_TIME+LLAMA3-ARXIV_BMPD256_6_9_9,False
4,8,0,0,12,4,384,202.73,27.075027612903227,bw,static,static,results,Results,Results_LLAMA31,LLAMA3-ARXIV-Results,simulator_output_LLAMA3-ARXIV_bwplacement_bs4_staticreq_statictask,SCRUBBED_TIME+LLAMA3-ARXIV_BMPD384_8_12_4,False
2,13,0,0,3,8,384,107.4,27.08892985714286,bw,static,static,results,Results,Results_LLAMA31,LLAMA3-ARXIV-Results,simulator_output_LLAMA3-ARXIV_bwplacement_bs2_staticreq_statictask,SCRUBBED_TIME+LLAMA3-ARXIV_BMPD384_13_3_8,False
4,3,0,0,20,1,384,66.82,27.13403093333333,bw,static,static,results,Results,Results_LLAMA31,LLAMA3-ARXIV-Results,simulator_output_LLAMA3-ARXIV_bwplacement_bs4_staticreq_statictask,SCRUBBED_TIME+LLAMA3-ARXIV_BMPD384_3_20_1,False
4,4,0,0,15,5,384,220.62,27.149672774193547,bw,static,static,results,Results,Results_LLAMA31,LLAMA3-ARXIV-Results,simulator_output_LLAMA3-ARXIV_bwplacement_bs4_staticreq_statictask,SCRUBBED_TIME+LLAMA3-ARXIV_BMPD384_4_15_5,False
4,5,0,0,10,9,256,235.53,27.16112247058824,bw,static,static,results,Results,Results_LLAMA31,LLAMA3-ARXIV-Results,simulator_output_LLAMA3-ARXIV_bwplacement_bs4_staticreq_statictask,SCRUBBED_TIME+LLAMA3-ARXIV_BMPD256_5_10_9,False
4,10,0,0,8,6,384,226.15,27.19088693333333,bw,static,static,results,Results,Results_LLAMA31,LLAMA3-ARXIV-Results,simulator_output_LLAMA3-ARXIV_bwplacement_bs4_staticreq_statictask,SCRUBBED_TIME+LLAMA3-ARXIV_BMPD384_10_8_6,False
4,4,0,0,11,9,384,265.04,27.19736303030303,bw,static,static,results,Results,Results_LLAMA31,LLAMA3-ARXIV-Results,simulator_output_LLAMA3-ARXIV_bwplacement_bs4_staticreq_statictask,SCRUBBED_TIME+LLAMA3-ARXIV_BMPD384_4_11_9,False
2,6,0,0,4,14,256,139.84,27.248422842105263,bw,static,static,results,Results,Results_LLAMA31,LLAMA3-ARXIV-Results,simulator_output_LLAMA3-ARXIV_bwplacement_bs2_staticreq_statictask,SCRUBBED_TIME+LLAMA3-ARXIV_BMPD256_6_4_14,False
4,13,0,0,7,4,256,125.6,27.27721755555556,bw,static,static,results,Results,Results_LLAMA31,LLAMA3-ARXIV-Results,simulator_output_LLAMA3-ARXIV_bwplacement_bs4_staticreq_statictask,SCRUBBED_TIME+LLAMA3-ARXIV_BMPD256_13_7_4,False
4,12,0,0,10,2,384,112.02,27.30063711111111,bw,static,static,results,Results,Results_LLAMA31,LLAMA3-ARXIV-Results,simulator_output_LLAMA3-ARXIV_bwplacement_bs4_staticreq_statictask,SCRUBBED_TIME+LLAMA3-ARXIV_BMPD384_12_10_2,False
2,15,0,0,2,7,256,67.76,27.30710757894737,bw,static,static,results,Results,Results_LLAMA31,LLAMA3-ARXIV-Results,simulator_output_LLAMA3-ARXIV_bwplacement_bs2_staticreq_statictask,SCRUBBED_TIME+LLAMA3-ARXIV_BMPD256_15_2_7,False
4,15,0,0,4,5,256,120.31,27.347439777777776,bw,static,static,results,Results,Results_LLAMA31,LLAMA3-ARXIV-Results,simulator_output_LLAMA3-ARXIV_bwplacement_bs4_staticreq_statictask,SCRUBBED_TIME+LLAMA3-ARXIV_BMPD256_15_4_5,False
4,3,0,0,17,4,512,165.91,27.351961391304343,bw,static,static,results,Results,Results_LLAMA31,LLAMA3-ARXIV-Results,simulator_output_LLAMA3-ARXIV_bwplacement_bs4_staticreq_statictask,SCRUBBED_TIME+LLAMA3-ARXIV_BMPD512_3_17_4,False
4,11,0,0,8,5,384,200.86,27.35669089655173,bw,static,static,results,Results,Results_LLAMA31,LLAMA3-ARXIV-Results,simulator_output_LLAMA3-ARXIV_bwplacement_bs4_staticreq_statictask,SCRUBBED_TIME+LLAMA3-ARXIV_BMPD384_11_8_5,False
4,3,0,0,19,2,512,125.3,27.421788888888887,bw,static,static,results,Results,Results_LLAMA31,LLAMA3-ARXIV-Results,simulator_output_LLAMA3-ARXIV_bwplacement_bs4_staticreq_statictask,SCRUBBED_TIME+LLAMA3-ARXIV_BMPD512_3_19_2,False
2,8,0,0,5,11,512,161.18,27.42922363636364,bw,static,static,results,Results,Results_LLAMA31,LLAMA3-ARXIV-Results,simulator_output_LLAMA3-ARXIV_bwplacement_bs2_staticreq_statictask,SCRUBBED_TIME+LLAMA3-ARXIV_BMPD512_8_5_11,False
4,5,0,0,12,7,384,274.17,27.43259411764706,bw,static,static,results,Results,Results_LLAMA31,LLAMA3-ARXIV-Results,simulator_output_LLAMA3-ARXIV_bwplacement_bs4_staticreq_statictask,SCRUBBED_TIME+LLAMA3-ARXIV_BMPD384_5_12_7,False
4,16,0,0,6,2,384,101.0,27.479761,bw,static,static,results,Results,Results_LLAMA31,LLAMA3-ARXIV-Results,simulator_output_LLAMA3-ARXIV_bwplacement_bs4_staticreq_statictask,SCRUBBED_TIME+LLAMA3-ARXIV_BMPD384_16_6_2,False
4,15,0,0,7,2,384,101.23,27.51089505882353,bw,static,static,results,Results,Results_LLAMA31,LLAMA3-ARXIV-Results,simulator_output_LLAMA3-ARXIV_bwplacement_bs4_staticreq_statictask,SCRUBBED_TIME+LLAMA3-ARXIV_BMPD384_15_7_2,False
4,3,0,0,7,14,384,180.45,27.565309739130434,bw,static,static,results,Results,Results_LLAMA31,LLAMA3-ARXIV-Results,simulator_output_LLAMA3-ARXIV_bwplacement_bs4_staticreq_statictask,SCRUBBED_TIME+LLAMA3-ARXIV_BMPD384_3_7_14,False
2,11,0,0,5,8,640,135.63,27.59109696969697,bw,static,static,results,Results,Results_LLAMA31,LLAMA3-ARXIV-Results,simulator_output_LLAMA3-ARXIV_bwplacement_bs2_staticreq_statictask,SCRUBBED_TIME+LLAMA3-ARXIV_BMPD640_11_5_8,False
4,10,0,0,11,3,384,149.05,27.60427523809524,bw,static,static,results,Results,Results_LLAMA31,LLAMA3-ARXIV-Results,simulator_output_LLAMA3-ARXIV_bwplacement_bs4_staticreq_statictask,SCRUBBED_TIME+LLAMA3-ARXIV_BMPD384_10_11_3,False
4,3,0,0,16,5,512,171.72,27.611370086956523,bw,static,static,results,Results,Results_LLAMA31,LLAMA3-ARXIV-Results,simulator_output_LLAMA3-ARXIV_bwplacement_bs4_staticreq_statictask,SCRUBBED_TIME+LLAMA3-ARXIV_BMPD512_3_16_5,False
4,4,0,0,17,3,512,176.44,27.612828933333333,bw,static,static,results,Results,Results_LLAMA31,LLAMA3-ARXIV-Results,simulator_output_LLAMA3-ARXIV_bwplacement_bs4_staticreq_statictask,SCRUBBED_TIME+LLAMA3-ARXIV_BMPD512_4_17_3,False
4,6,0,0,11,7,256,202.22,27.64569894117647,bw,static,static,results,Results,Results_LLAMA31,LLAMA3-ARXIV-Results,simulator_output_LLAMA3-ARXIV_bwplacement_bs4_staticreq_statictask,SCRUBBED_TIME+LLAMA3-ARXIV_BMPD256_6_11_7,False
4,7,0,0,12,5,384,225.93,27.6554,bw,static,static,results,Results,Results_LLAMA31,LLAMA3-ARXIV-Results,simulator_output_LLAMA3-ARXIV_bwplacement_bs4_staticreq_statictask,SCRUBBED_TIME+LLAMA3-ARXIV_BMPD384_7_12_5,False
4,10,0,0,10,4,384,184.2,27.68863081481481,bw,static,static,results,Results,Results_LLAMA31,LLAMA3-ARXIV-Results,simulator_output_LLAMA3-ARXIV_bwplacement_bs4_staticreq_statictask,SCRUBBED_TIME+LLAMA3-ARXIV_BMPD384_10_10_4,False
4,11,0,0,10,3,384,141.71,27.706748222222224,bw,static,static,results,Results,Results_LLAMA31,LLAMA3-ARXIV-Results,simulator_output_LLAMA3-ARXIV_bwplacement_bs4_staticreq_statictask,SCRUBBED_TIME+LLAMA3-ARXIV_BMPD384_11_10_3,False
4,5,0,0,15,4,384,207.14,27.733461764705883,bw,static,static,results,Results,Results_LLAMA31,LLAMA3-ARXIV-Results,simulator_output_LLAMA3-ARXIV_bwplacement_bs4_staticreq_statictask,SCRUBBED_TIME+LLAMA3-ARXIV_BMPD384_5_15_4,False
4,11,0,0,12,1,256,52.62,27.75162646153846,bw,static,static,results,Results,Results_LLAMA31,LLAMA3-ARXIV-Results,simulator_output_LLAMA3-ARXIV_bwplacement_bs4_staticreq_statictask,SCRUBBED_TIME+LLAMA3-ARXIV_BMPD256_11_12_1,False
4,4,0,0,16,4,512,218.7,27.7888630967742,bw,static,static,results,Results,Results_LLAMA31,LLAMA3-ARXIV-Results,simulator_output_LLAMA3-ARXIV_bwplacement_bs4_staticreq_statictask,SCRUBBED_TIME+LLAMA3-ARXIV_BMPD512_4_16_4,False
4,6,0,0,12,6,384,257.62,27.877785294117647,bw,static,static,results,Results,Results_LLAMA31,LLAMA3-ARXIV-Results,simulator_output_LLAMA3-ARXIV_bwplacement_bs4_staticreq_statictask,SCRUBBED_TIME+LLAMA3-ARXIV_BMPD384_6_12_6,False
2,11,0,0,3,10,256,101.54,27.899496592592595,bw,static,static,results,Results,Results_LLAMA31,LLAMA3-ARXIV-Results,simulator_output_LLAMA3-ARXIV_bwplacement_bs2_staticreq_statictask,SCRUBBED_TIME+LLAMA3-ARXIV_BMPD256_11_3_10,False
4,16,0,0,6,2,256,65.97,27.91716690909091,bw,static,static,results,Results,Results_LLAMA31,LLAMA3-ARXIV-Results,simulator_output_LLAMA3-ARXIV_bwplacement_bs4_staticreq_statictask,SCRUBBED_TIME+LLAMA3-ARXIV_BMPD256_16_6_2,False
4,3,0,0,20,1,512,72.08,27.93739882352941,bw,static,static,results,Results,Results_LLAMA31,LLAMA3-ARXIV-Results,simulator_output_LLAMA3-ARXIV_bwplacement_bs4_staticreq_statictask,SCRUBBED_TIME+LLAMA3-ARXIV_BMPD512_3_20_1,False
4,2,0,0,8,14,640,127.55,27.94638225,bw,static,static,results,Results,Results_LLAMA31,LLAMA3-ARXIV-Results,simulator_output_LLAMA3-ARXIV_bwplacement_bs4_staticreq_statictask,SCRUBBED_TIME+LLAMA3-ARXIV_BMPD640_2_8_14,False
4,9,0,0,9,6,384,228.91,27.97805987096774,bw,static,static,results,Results,Results_LLAMA31,LLAMA3-ARXIV-Results,simulator_output_LLAMA3-ARXIV_bwplacement_bs4_staticreq_statictask,SCRUBBED_TIME+LLAMA3-ARXIV_BMPD384_9_9_6,False
4,8,0,0,10,6,256,170.32,27.98994643478261,bw,static,static,results,Results,Results_LLAMA31,LLAMA3-ARXIV-Results,simulator_output_LLAMA3-ARXIV_bwplacement_bs4_staticreq_statictask,SCRUBBED_TIME+LLAMA3-ARXIV_BMPD256_8_10_6,False
4,3,0,0,18,3,512,145.77,28.003746600000003,bw,static,static,results,Results,Results_LLAMA31,LLAMA3-ARXIV-Results,simulator_output_LLAMA3-ARXIV_bwplacement_bs4_staticreq_statictask,SCRUBBED_TIME+LLAMA3-ARXIV_BMPD512_3_18_3,False
4,9,0,0,11,4,384,185.94,28.014173600000003,bw,static,static,results,Results,Results_LLAMA31,LLAMA3-ARXIV-Results,simulator_output_LLAMA3-ARXIV_bwplacement_bs4_staticreq_statictask,SCRUBBED_TIME+LLAMA3-ARXIV_BMPD384_9_11_4,False
4,6,0,0,8,10,256,231.44,28.049975411764706,bw,static,static,results,Results,Results_LLAMA31,LLAMA3-ARXIV-Results,simulator_output_LLAMA3-ARXIV_bwplacement_bs4_staticreq_statictask,SCRUBBED_TIME+LLAMA3-ARXIV_BMPD256_6_8_10,False
4,3,0,0,14,7,512,168.47,28.14519182608696,bw,static,static,results,Results,Results_LLAMA31,LLAMA3-ARXIV-Results,simulator_output_LLAMA3-ARXIV_bwplacement_bs4_staticreq_statictask,SCRUBBED_TIME+LLAMA3-ARXIV_BMPD512_3_14_7,False
4,4,0,0,10,10,384,260.98,28.151843741935483,bw,static,static,results,Results,Results_LLAMA31,LLAMA3-ARXIV-Results,simulator_output_LLAMA3-ARXIV_bwplacement_bs4_staticreq_statictask,SCRUBBED_TIME+LLAMA3-ARXIV_BMPD384_4_10_10,False
4,6,0,0,14,4,384,209.19,28.18338529411765,bw,static,static,results,Results,Results_LLAMA31,LLAMA3-ARXIV-Results,simulator_output_LLAMA3-ARXIV_bwplacement_bs4_staticreq_statictask,SCRUBBED_TIME+LLAMA3-ARXIV_BMPD384_6_14_4,False
4,4,0,0,8,12,384,268.14,28.192297,bw,static,static,results,Results,Results_LLAMA31,LLAMA3-ARXIV-Results,simulator_output_LLAMA3-ARXIV_bwplacement_bs4_staticreq_statictask,SCRUBBED_TIME+LLAMA3-ARXIV_BMPD384_4_8_12,False
2,4,0,0,4,16,256,149.93,28.26800363636364,bw,static,static,results,Results,Results_LLAMA31,LLAMA3-ARXIV-Results,simulator_output_LLAMA3-ARXIV_bwplacement_bs2_staticreq_statictask,SCRUBBED_TIME+LLAMA3-ARXIV_BMPD256_4_4_16,False
4,8,0,0,11,5,256,153.64,28.268998608695654,bw,static,static,results,Results,Results_LLAMA31,LLAMA3-ARXIV-Results,simulator_output_LLAMA3-ARXIV_bwplacement_bs4_staticreq_statictask,SCRUBBED_TIME+LLAMA3-ARXIV_BMPD256_8_11_5,False
4,16,0,0,7,1,256,43.86,28.394880444444443,bw,static,static,results,Results,Results_LLAMA31,LLAMA3-ARXIV-Results,simulator_output_LLAMA3-ARXIV_bwplacement_bs4_staticreq_statictask,SCRUBBED_TIME+LLAMA3-ARXIV_BMPD256_16_7_1,False
4,4,0,0,18,2,512,130.21,28.40245704347826,bw,static,static,results,Results,Results_LLAMA31,LLAMA3-ARXIV-Results,simulator_output_LLAMA3-ARXIV_bwplacement_bs4_staticreq_statictask,SCRUBBED_TIME+LLAMA3-ARXIV_BMPD512_4_18_2,False
4,4,0,0,19,1,512,83.87,28.427116666666667,bw,static,static,results,Results,Results_LLAMA31,LLAMA3-ARXIV-Results,simulator_output_LLAMA3-ARXIV_bwplacement_bs4_staticreq_statictask,SCRUBBED_TIME+LLAMA3-ARXIV_BMPD512_4_19_1,False
2,11,0,0,4,9,512,127.29,28.50654836363636,bw,static,static,results,Results,Results_LLAMA31,LLAMA3-ARXIV-Results,simulator_output_LLAMA3-ARXIV_bwplacement_bs2_staticreq_statictask,SCRUBBED_TIME+LLAMA3-ARXIV_BMPD512_11_4_9,False
4,9,0,0,10,5,384,213.41,28.531600266666665,bw,static,static,results,Results,Results_LLAMA31,LLAMA3-ARXIV-Results,simulator_output_LLAMA3-ARXIV_bwplacement_bs4_staticreq_statictask,SCRUBBED_TIME+LLAMA3-ARXIV_BMPD384_9_10_5,False
4,11,0,0,11,2,256,83.9,28.549961866666667,bw,static,static,results,Results,Results_LLAMA31,LLAMA3-ARXIV-Results,simulator_output_LLAMA3-ARXIV_bwplacement_bs4_staticreq_statictask,SCRUBBED_TIME+LLAMA3-ARXIV_BMPD256_11_11_2,False
4,14,0,0,7,3,384,135.16,28.55453155555556,bw,static,static,results,Results,Results_LLAMA31,LLAMA3-ARXIV-Results,simulator_output_LLAMA3-ARXIV_bwplacement_bs4_staticreq_statictask,SCRUBBED_TIME+LLAMA3-ARXIV_BMPD384_14_7_3,False
4,3,0,0,15,6,512,162.6,28.56784834782609,bw,static,static,results,Results,Results_LLAMA31,LLAMA3-ARXIV-Results,simulator_output_LLAMA3-ARXIV_bwplacement_bs4_staticreq_statictask,SCRUBBED_TIME+LLAMA3-ARXIV_BMPD512_3_15_6,False
4,7,0,0,16,1,256,54.07,28.57059505882353,bw,static,static,results,Results,Results_LLAMA31,LLAMA3-ARXIV-Results,simulator_output_LLAMA3-ARXIV_bwplacement_bs4_staticreq_statictask,SCRUBBED_TIME+LLAMA3-ARXIV_BMPD256_7_16_1,False
4,2,0,0,20,2,640,103.26,28.60918769230769,bw,static,static,results,Results,Results_LLAMA31,LLAMA3-ARXIV-Results,simulator_output_LLAMA3-ARXIV_bwplacement_bs4_staticreq_statictask,SCRUBBED_TIME+LLAMA3-ARXIV_BMPD640_2_20_2,False
4,15,0,0,8,1,384,60.25,28.669203600000003,bw,static,static,results,Results,Results_LLAMA31,LLAMA3-ARXIV-Results,simulator_output_LLAMA3-ARXIV_bwplacement_bs4_staticreq_statictask,SCRUBBED_TIME+LLAMA3-ARXIV_BMPD384_15_8_1,False
4,15,0,0,7,2,256,67.97,28.712930333333333,bw,static,static,results,Results,Results_LLAMA31,LLAMA3-ARXIV-Results,simulator_output_LLAMA3-ARXIV_bwplacement_bs4_staticreq_statictask,SCRUBBED_TIME+LLAMA3-ARXIV_BMPD256_15_7_2,False
4,6,0,0,16,2,256,96.21,28.731012,bw,static,static,results,Results,Results_LLAMA31,LLAMA3-ARXIV-Results,simulator_output_LLAMA3-ARXIV_bwplacement_bs4_staticreq_statictask,SCRUBBED_TIME+LLAMA3-ARXIV_BMPD256_6_16_2,False
4,6,0,0,17,1,256,54.9,28.731012,bw,static,static,results,Results,Results_LLAMA31,LLAMA3-ARXIV-Results,simulator_output_LLAMA3-ARXIV_bwplacement_bs4_staticreq_statictask,SCRUBBED_TIME+LLAMA3-ARXIV_BMPD256_6_17_1,False
4,6,0,0,16,2,384,124.7,28.75658365217392,bw,static,static,results,Results,Results_LLAMA31,LLAMA3-ARXIV-Results,simulator_output_LLAMA3-ARXIV_bwplacement_bs4_staticreq_statictask,SCRUBBED_TIME+LLAMA3-ARXIV_BMPD384_6_16_2,False
2,8,0,0,4,12,384,145.39,28.84882335135135,bw,static,static,results,Results,Results_LLAMA31,LLAMA3-ARXIV-Results,simulator_output_LLAMA3-ARXIV_bwplacement_bs2_staticreq_statictask,SCRUBBED_TIME+LLAMA3-ARXIV_BMPD384_8_4_12,False
4,9,0,0,8,7,384,244.94,28.85035341935484,bw,static,static,results,Results,Results_LLAMA31,LLAMA3-ARXIV-Results,simulator_output_LLAMA3-ARXIV_bwplacement_bs4_staticreq_statictask,SCRUBBED_TIME+LLAMA3-ARXIV_BMPD384_9_8_7,False
2,8,0,0,6,10,640,152.57,28.865178,bw,static,static,results,Results,Results_LLAMA31,LLAMA3-ARXIV-Results,simulator_output_LLAMA3-ARXIV_bwplacement_bs2_staticreq_statictask,SCRUBBED_TIME+LLAMA3-ARXIV_BMPD640_8_6_10,False
4,3,0,0,8,13,512,184.69,28.88293965217392,bw,static,static,results,Results,Results_LLAMA31,LLAMA3-ARXIV-Results,simulator_output_LLAMA3-ARXIV_bwplacement_bs4_staticreq_statictask,SCRUBBED_TIME+LLAMA3-ARXIV_BMPD512_3_8_13,False
4,13,0,0,6,5,256,131.41,28.89352866666667,bw,static,static,results,Results,Results_LLAMA31,LLAMA3-ARXIV-Results,simulator_output_LLAMA3-ARXIV_bwplacement_bs4_staticreq_statictask,SCRUBBED_TIME+LLAMA3-ARXIV_BMPD256_13_6_5,False
4,7,0,0,10,7,256,190.18,29.042966451612905,bw,static,static,results,Results,Results_LLAMA31,LLAMA3-ARXIV-Results,simulator_output_LLAMA3-ARXIV_bwplacement_bs4_staticreq_statictask,SCRUBBED_TIME+LLAMA3-ARXIV_BMPD256_7_10_7,False
4,4,0,0,14,6,512,240.9,29.04591470967742,bw,static,static,results,Results,Results_LLAMA31,LLAMA3-ARXIV-Results,simulator_output_LLAMA3-ARXIV_bwplacement_bs4_staticreq_statictask,SCRUBBED_TIME+LLAMA3-ARXIV_BMPD512_4_14_6,False
4,14,0,0,9,1,384,64.49,29.05292545454545,bw,static,static,results,Results,Results_LLAMA31,LLAMA3-ARXIV-Results,simulator_output_LLAMA3-ARXIV_bwplacement_bs4_staticreq_statictask,SCRUBBED_TIME+LLAMA3-ARXIV_BMPD384_14_9_1,False
4,3,0,0,11,10,512,164.69,29.076496173913043,bw,static,static,results,Results,Results_LLAMA31,LLAMA3-ARXIV-Results,simulator_output_LLAMA3-ARXIV_bwplacement_bs4_staticreq_statictask,SCRUBBED_TIME+LLAMA3-ARXIV_BMPD512_3_11_10,False
4,15,0,0,7,2,512,113.4,29.089172222222224,bw,static,static,results,Results,Results_LLAMA31,LLAMA3-ARXIV-Results,simulator_output_LLAMA3-ARXIV_bwplacement_bs4_staticreq_statictask,SCRUBBED_TIME+LLAMA3-ARXIV_BMPD512_15_7_2,False
4,2,0,0,21,1,640,61.9,29.09875090909091,bw,static,static,results,Results,Results_LLAMA31,LLAMA3-ARXIV-Results,simulator_output_LLAMA3-ARXIV_bwplacement_bs4_staticreq_statictask,SCRUBBED_TIME+LLAMA3-ARXIV_BMPD640_2_21_1,False
4,16,0,0,4,4,384,132.13,29.110570444444445,bw,static,static,results,Results,Results_LLAMA31,LLAMA3-ARXIV-Results,simulator_output_LLAMA3-ARXIV_bwplacement_bs4_staticreq_statictask,SCRUBBED_TIME+LLAMA3-ARXIV_BMPD384_16_4_4,False
4,2,0,0,3,19,256,100.98,29.123888,bw,static,static,results,Results,Results_LLAMA31,LLAMA3-ARXIV-Results,simulator_output_LLAMA3-ARXIV_bwplacement_bs4_staticreq_statictask,SCRUBBED_TIME+LLAMA3-ARXIV_BMPD256_2_3_19,False
4,8,0,0,10,6,384,236.9,29.126387272727275,bw,static,static,results,Results,Results_LLAMA31,LLAMA3-ARXIV-Results,simulator_output_LLAMA3-ARXIV_bwplacement_bs4_staticreq_statictask,SCRUBBED_TIME+LLAMA3-ARXIV_BMPD384_8_10_6,False
4,6,0,0,10,8,256,242.61,29.17131070588235,bw,static,static,results,Results,Results_LLAMA31,LLAMA3-ARXIV-Results,simulator_output_LLAMA3-ARXIV_bwplacement_bs4_staticreq_statictask,SCRUBBED_TIME+LLAMA3-ARXIV_BMPD256_6_10_8,False
4,3,0,0,9,12,512,174.78,29.18390052173913,bw,static,static,results,Results,Results_LLAMA31,LLAMA3-ARXIV-Results,simulator_output_LLAMA3-ARXIV_bwplacement_bs4_staticreq_statictask,SCRUBBED_TIME+LLAMA3-ARXIV_BMPD512_3_9_12,False
2,10,0,0,5,9,640,138.68,29.204727272727272,bw,static,static,results,Results,Results_LLAMA31,LLAMA3-ARXIV-Results,simulator_output_LLAMA3-ARXIV_bwplacement_bs2_staticreq_statictask,SCRUBBED_TIME+LLAMA3-ARXIV_BMPD640_10_5_9,False
4,15,0,0,6,3,384,129.43,29.233720444444444,bw,static,static,results,Results,Results_LLAMA31,LLAMA3-ARXIV-Results,simulator_output_LLAMA3-ARXIV_bwplacement_bs4_staticreq_statictask,SCRUBBED_TIME+LLAMA3-ARXIV_BMPD384_15_6_3,False
2,12,0,0,4,8,640,113.76,29.252127466666664,bw,static,static,results,Results,Results_LLAMA31,LLAMA3-ARXIV-Results,simulator_output_LLAMA3-ARXIV_bwplacement_bs2_staticreq_statictask,SCRUBBED_TIME+LLAMA3-ARXIV_BMPD640_12_4_8,False
4,13,0,0,7,4,384,159.61,29.263091454545453,bw,static,static,results,Results,Results_LLAMA31,LLAMA3-ARXIV-Results,simulator_output_LLAMA3-ARXIV_bwplacement_bs4_staticreq_statictask,SCRUBBED_TIME+LLAMA3-ARXIV_BMPD384_13_7_4,False
4,2,0,0,7,15,640,116.17,29.28112,bw,static,static,results,Results,Results_LLAMA31,LLAMA3-ARXIV-Results,simulator_output_LLAMA3-ARXIV_bwplacement_bs4_staticreq_statictask,SCRUBBED_TIME+LLAMA3-ARXIV_BMPD640_2_7_15,False
4,8,0,0,9,7,384,251.59,29.31662363636364,bw,static,static,results,Results,Results_LLAMA31,LLAMA3-ARXIV-Results,simulator_output_LLAMA3-ARXIV_bwplacement_bs4_staticreq_statictask,SCRUBBED_TIME+LLAMA3-ARXIV_BMPD384_8_9_7,False
4,6,0,0,14,4,256,147.43,29.386133391304348,bw,static,static,results,Results,Results_LLAMA31,LLAMA3-ARXIV-Results,simulator_output_LLAMA3-ARXIV_bwplacement_bs4_staticreq_statictask,SCRUBBED_TIME+LLAMA3-ARXIV_BMPD256_6_14_4,False
4,5,0,0,17,2,512,139.21,29.42096139130435,bw,static,static,results,Results,Results_LLAMA31,LLAMA3-ARXIV-Results,simulator_output_LLAMA3-ARXIV_bwplacement_bs4_staticreq_statictask,SCRUBBED_TIME+LLAMA3-ARXIV_BMPD512_5_17_2,False
4,7,0,0,14,3,384,162.42,29.423679304347825,bw,static,static,results,Results,Results_LLAMA31,LLAMA3-ARXIV-Results,simulator_output_LLAMA3-ARXIV_bwplacement_bs4_staticreq_statictask,SCRUBBED_TIME+LLAMA3-ARXIV_BMPD384_7_14_3,False
4,7,0,0,11,6,256,168.93,29.4343952,bw,static,static,results,Results,Results_LLAMA31,LLAMA3-ARXIV-Results,simulator_output_LLAMA3-ARXIV_bwplacement_bs4_staticreq_statictask,SCRUBBED_TIME+LLAMA3-ARXIV_BMPD256_7_11_6,False
4,3,0,0,10,11,512,163.4,29.470509217391303,bw,static,static,results,Results,Results_LLAMA31,LLAMA3-ARXIV-Results,simulator_output_LLAMA3-ARXIV_bwplacement_bs4_staticreq_statictask,SCRUBBED_TIME+LLAMA3-ARXIV_BMPD512_3_10_11,False
2,3,0,0,5,16,512,161.58,29.49059863636364,bw,static,static,results,Results,Results_LLAMA31,LLAMA3-ARXIV-Results,simulator_output_LLAMA3-ARXIV_bwplacement_bs2_staticreq_statictask,SCRUBBED_TIME+LLAMA3-ARXIV_BMPD512_3_5_16,False
4,7,0,0,11,6,384,242.11,29.55402352941176,bw,static,static,results,Results,Results_LLAMA31,LLAMA3-ARXIV-Results,simulator_output_LLAMA3-ARXIV_bwplacement_bs4_staticreq_statictask,SCRUBBED_TIME+LLAMA3-ARXIV_BMPD384_7_11_6,False
2,2,0,0,4,18,640,105.81,29.56560044444445,bw,static,static,results,Results,Results_LLAMA31,LLAMA3-ARXIV-Results,simulator_output_LLAMA3-ARXIV_bwplacement_bs2_staticreq_statictask,SCRUBBED_TIME+LLAMA3-ARXIV_BMPD640_2_4_18,False
2,2,0,0,3,19,384,106.86,29.59513342857143,bw,static,static,results,Results,Results_LLAMA31,LLAMA3-ARXIV-Results,simulator_output_LLAMA3-ARXIV_bwplacement_bs2_staticreq_statictask,SCRUBBED_TIME+LLAMA3-ARXIV_BMPD384_2_3_19,False
4,14,0,0,8,2,512,114.91,29.61881647058824,bw,static,static,results,Results,Results_LLAMA31,LLAMA3-ARXIV-Results,simulator_output_LLAMA3-ARXIV_bwplacement_bs4_staticreq_statictask,SCRUBBED_TIME+LLAMA3-ARXIV_BMPD512_14_8_2,False
4,5,0,0,11,8,384,282.66,29.67276765714286,bw,static,static,results,Results,Results_LLAMA31,LLAMA3-ARXIV-Results,simulator_output_LLAMA3-ARXIV_bwplacement_bs4_staticreq_statictask,SCRUBBED_TIME+LLAMA3-ARXIV_BMPD384_5_11_8,False
2,15,0,0,3,6,640,72.6,29.701523047619048,bw,static,static,results,Results,Results_LLAMA31,LLAMA3-ARXIV-Results,simulator_output_LLAMA3-ARXIV_bwplacement_bs2_staticreq_statictask,SCRUBBED_TIME+LLAMA3-ARXIV_BMPD640_15_3_6,False
2,7,0,0,6,11,640,155.73,29.70702351219512,bw,static,static,results,Results,Results_LLAMA31,LLAMA3-ARXIV-Results,simulator_output_LLAMA3-ARXIV_bwplacement_bs2_staticreq_statictask,SCRUBBED_TIME+LLAMA3-ARXIV_BMPD640_7_6_11,False
4,7,0,0,13,4,256,135.87,29.752724695652176,bw,static,static,results,Results,Results_LLAMA31,LLAMA3-ARXIV-Results,simulator_output_LLAMA3-ARXIV_bwplacement_bs4_staticreq_statictask,SCRUBBED_TIME+LLAMA3-ARXIV_BMPD256_7_13_4,False
4,8,0,0,11,5,384,210.36,29.75874696774193,bw,static,static,results,Results,Results_LLAMA31,LLAMA3-ARXIV-Results,simulator_output_LLAMA3-ARXIV_bwplacement_bs4_staticreq_statictask,SCRUBBED_TIME+LLAMA3-ARXIV_BMPD384_8_11_5,False
4,16,0,0,6,2,512,107.27,29.79281647058824,bw,static,static,results,Results,Results_LLAMA31,LLAMA3-ARXIV-Results,simulator_output_LLAMA3-ARXIV_bwplacement_bs4_staticreq_statictask,SCRUBBED_TIME+LLAMA3-ARXIV_BMPD512_16_6_2,False
4,8,0,0,13,3,256,112.32,29.88070644444445,bw,static,static,results,Results,Results_LLAMA31,LLAMA3-ARXIV-Results,simulator_output_LLAMA3-ARXIV_bwplacement_bs4_staticreq_statictask,SCRUBBED_TIME+LLAMA3-ARXIV_BMPD256_8_13_3,False
2,3,0,0,6,15,640,153.77,29.888889545454543,bw,static,static,results,Results,Results_LLAMA31,LLAMA3-ARXIV-Results,simulator_output_LLAMA3-ARXIV_bwplacement_bs2_staticreq_statictask,SCRUBBED_TIME+LLAMA3-ARXIV_BMPD640_3_6_15,False
2,7,0,0,5,12,512,156.57,29.891398536585363,bw,static,static,results,Results,Results_LLAMA31,LLAMA3-ARXIV-Results,simulator_output_LLAMA3-ARXIV_bwplacement_bs2_staticreq_statictask,SCRUBBED_TIME+LLAMA3-ARXIV_BMPD512_7_5_12,False
4,6,0,0,13,5,256,158.53,29.907981217391303,bw,static,static,results,Results,Results_LLAMA31,LLAMA3-ARXIV-Results,simulator_output_LLAMA3-ARXIV_bwplacement_bs4_staticreq_statictask,SCRUBBED_TIME+LLAMA3-ARXIV_BMPD256_6_13_5,False
4,7,0,0,16,1,384,80.57,29.919970444444445,bw,static,static,results,Results,Results_LLAMA31,LLAMA3-ARXIV-Results,simulator_output_LLAMA3-ARXIV_bwplacement_bs4_staticreq_statictask,SCRUBBED_TIME+LLAMA3-ARXIV_BMPD384_7_16_1,False
4,5,0,0,10,9,384,283.64,29.94094694736842,bw,static,static,results,Results,Results_LLAMA31,LLAMA3-ARXIV-Results,simulator_output_LLAMA3-ARXIV_bwplacement_bs4_staticreq_statictask,SCRUBBED_TIME+LLAMA3-ARXIV_BMPD384_5_10_9,False
4,14,0,0,5,5,384,152.95,29.95057305263158,bw,static,static,results,Results,Results_LLAMA31,LLAMA3-ARXIV-Results,simulator_output_LLAMA3-ARXIV_bwplacement_bs4_staticreq_statictask,SCRUBBED_TIME+LLAMA3-ARXIV_BMPD384_14_5_5,False
4,7,0,0,9,8,384,280.53,29.95152352941176,bw,static,static,results,Results,Results_LLAMA31,LLAMA3-ARXIV-Results,simulator_output_LLAMA3-ARXIV_bwplacement_bs4_staticreq_statictask,SCRUBBED_TIME+LLAMA3-ARXIV_BMPD384_7_9_8,False
4,5,0,0,13,6,384,248.3,29.966011764705883,bw,static,static,results,Results,Results_LLAMA31,LLAMA3-ARXIV-Results,simulator_output_LLAMA3-ARXIV_bwplacement_bs4_staticreq_statictask,SCRUBBED_TIME+LLAMA3-ARXIV_BMPD384_5_13_6,False
4,5,0,0,18,1,384,80.47,29.969553777777776,bw,static,static,results,Results,Results_LLAMA31,LLAMA3-ARXIV-Results,simulator_output_LLAMA3-ARXIV_bwplacement_bs4_staticreq_statictask,SCRUBBED_TIME+LLAMA3-ARXIV_BMPD384_5_18_1,False
4,13,0,0,8,3,512,154.13,29.972161454545454,bw,static,static,results,Results,Results_LLAMA31,LLAMA3-ARXIV-Results,simulator_output_LLAMA3-ARXIV_bwplacement_bs4_staticreq_statictask,SCRUBBED_TIME+LLAMA3-ARXIV_BMPD512_13_8_3,False
4,12,0,0,10,2,256,80.19,29.97744953846154,bw,static,static,results,Results,Results_LLAMA31,LLAMA3-ARXIV-Results,simulator_output_LLAMA3-ARXIV_bwplacement_bs4_staticreq_statictask,SCRUBBED_TIME+LLAMA3-ARXIV_BMPD256_12_10_2,False
4,8,0,0,8,8,384,273.35,29.97785393939394,bw,static,static,results,Results,Results_LLAMA31,LLAMA3-ARXIV-Results,simulator_output_LLAMA3-ARXIV_bwplacement_bs4_staticreq_statictask,SCRUBBED_TIME+LLAMA3-ARXIV_BMPD384_8_8_8,False
4,12,0,0,7,5,256,132.64,30.002384222222226,bw,static,static,results,Results,Results_LLAMA31,LLAMA3-ARXIV-Results,simulator_output_LLAMA3-ARXIV_bwplacement_bs4_staticreq_statictask,SCRUBBED_TIME+LLAMA3-ARXIV_BMPD256_12_7_5,False
4,8,0,0,14,2,384,120.69,30.14675933333333,bw,static,static,results,Results,Results_LLAMA31,LLAMA3-ARXIV-Results,simulator_output_LLAMA3-ARXIV_bwplacement_bs4_staticreq_statictask,SCRUBBED_TIME+LLAMA3-ARXIV_BMPD384_8_14_2,False
2,14,0,0,3,7,512,89.95,30.15171345454545,bw,static,static,results,Results,Results_LLAMA31,LLAMA3-ARXIV-Results,simulator_output_LLAMA3-ARXIV_bwplacement_bs2_staticreq_statictask,SCRUBBED_TIME+LLAMA3-ARXIV_BMPD512_14_3_7,False
4,3,0,0,12,9,512,154.93,30.153721684210527,bw,static,static,results,Results,Results_LLAMA31,LLAMA3-ARXIV-Results,simulator_output_LLAMA3-ARXIV_bwplacement_bs4_staticreq_statictask,SCRUBBED_TIME+LLAMA3-ARXIV_BMPD512_3_12_9,False
4,2,0,0,5,17,512,116.02,30.18077275,bw,static,static,results,Results,Results_LLAMA31,LLAMA3-ARXIV-Results,simulator_output_LLAMA3-ARXIV_bwplacement_bs4_staticreq_statictask,SCRUBBED_TIME+LLAMA3-ARXIV_BMPD512_2_5_17,False
4,3,0,0,18,3,640,142.77,30.18904733333333,bw,static,static,results,Results,Results_LLAMA31,LLAMA3-ARXIV-Results,simulator_output_LLAMA3-ARXIV_bwplacement_bs4_staticreq_statictask,SCRUBBED_TIME+LLAMA3-ARXIV_BMPD640_3_18_3,False
2,9,0,0,5,10,640,140.9,30.204446333333333,bw,static,static,results,Results,Results_LLAMA31,LLAMA3-ARXIV-Results,simulator_output_LLAMA3-ARXIV_bwplacement_bs2_staticreq_statictask,SCRUBBED_TIME+LLAMA3-ARXIV_BMPD640_9_5_10,False
2,12,0,0,3,9,384,105.7,30.21185762962963,bw,static,static,results,Results,Results_LLAMA31,LLAMA3-ARXIV-Results,simulator_output_LLAMA3-ARXIV_bwplacement_bs2_staticreq_statictask,SCRUBBED_TIME+LLAMA3-ARXIV_BMPD384_12_3_9,False
4,7,0,0,10,7,384,266.79,30.25252647058824,bw,static,static,results,Results,Results_LLAMA31,LLAMA3-ARXIV-Results,simulator_output_LLAMA3-ARXIV_bwplacement_bs4_staticreq_statictask,SCRUBBED_TIME+LLAMA3-ARXIV_BMPD384_7_10_7,False
4,4,0,0,15,5,512,221.23,30.263776,bw,static,static,results,Results,Results_LLAMA31,LLAMA3-ARXIV-Results,simulator_output_LLAMA3-ARXIV_bwplacement_bs4_staticreq_statictask,SCRUBBED_TIME+LLAMA3-ARXIV_BMPD512_4_15_5,False
4,9,0,0,13,2,384,119.62,30.366292666666663,bw,static,static,results,Results,Results_LLAMA31,LLAMA3-ARXIV-Results,simulator_output_LLAMA3-ARXIV_bwplacement_bs4_staticreq_statictask,SCRUBBED_TIME+LLAMA3-ARXIV_BMPD384_9_13_2,False
2,7,0,0,4,13,384,147.81,30.429899027027027,bw,static,static,results,Results,Results_LLAMA31,LLAMA3-ARXIV-Results,simulator_output_LLAMA3-ARXIV_bwplacement_bs2_staticreq_statictask,SCRUBBED_TIME+LLAMA3-ARXIV_BMPD384_7_4_13,False
4,13,0,0,10,1,256,49.46,30.448321454545454,bw,static,static,results,Results,Results_LLAMA31,LLAMA3-ARXIV-Results,simulator_output_LLAMA3-ARXIV_bwplacement_bs4_staticreq_statictask,SCRUBBED_TIME+LLAMA3-ARXIV_BMPD256_13_10_1,False
4,3,0,0,4,17,256,141.21,30.4542786,bw,static,static,results,Results,Results_LLAMA31,LLAMA3-ARXIV-Results,simulator_output_LLAMA3-ARXIV_bwplacement_bs4_staticreq_statictask,SCRUBBED_TIME+LLAMA3-ARXIV_BMPD256_3_4_17,False
4,7,0,0,13,4,384,197.49,30.47721470967742,bw,static,static,results,Results,Results_LLAMA31,LLAMA3-ARXIV-Results,simulator_output_LLAMA3-ARXIV_bwplacement_bs4_staticreq_statictask,SCRUBBED_TIME+LLAMA3-ARXIV_BMPD384_7_13_4,False
2,16,0,0,2,6,384,60.74,30.4954165,bw,static,static,results,Results,Results_LLAMA31,LLAMA3-ARXIV-Results,simulator_output_LLAMA3-ARXIV_bwplacement_bs2_staticreq_statictask,SCRUBBED_TIME+LLAMA3-ARXIV_BMPD384_16_2_6,False
4,3,0,0,7,14,512,152.79,30.49958484210526,bw,static,static,results,Results,Results_LLAMA31,LLAMA3-ARXIV-Results,simulator_output_LLAMA3-ARXIV_bwplacement_bs4_staticreq_statictask,SCRUBBED_TIME+LLAMA3-ARXIV_BMPD512_3_7_14,False
4,8,0,0,13,3,384,156.2,30.50950973913044,bw,static,static,results,Results,Results_LLAMA31,LLAMA3-ARXIV-Results,simulator_output_LLAMA3-ARXIV_bwplacement_bs4_staticreq_statictask,SCRUBBED_TIME+LLAMA3-ARXIV_BMPD384_8_13_3,False
4,5,0,0,14,5,512,238.42,30.51187258823529,bw,static,static,results,Results,Results_LLAMA31,LLAMA3-ARXIV-Results,simulator_output_LLAMA3-ARXIV_bwplacement_bs4_staticreq_statictask,SCRUBBED_TIME+LLAMA3-ARXIV_BMPD512_5_14_5,False
4,11,0,0,12,1,384,74.11,30.531563076923074,bw,static,static,results,Results,Results_LLAMA31,LLAMA3-ARXIV-Results,simulator_output_LLAMA3-ARXIV_bwplacement_bs4_staticreq_statictask,SCRUBBED_TIME+LLAMA3-ARXIV_BMPD384_11_12_1,False
4,3,0,0,6,15,384,152.12,30.5426324,bw,static,static,results,Results,Results_LLAMA31,LLAMA3-ARXIV-Results,simulator_output_LLAMA3-ARXIV_bwplacement_bs4_staticreq_statictask,SCRUBBED_TIME+LLAMA3-ARXIV_BMPD384_3_6_15,False
4,5,0,0,8,11,384,284.38,30.561779411764707,bw,static,static,results,Results,Results_LLAMA31,LLAMA3-ARXIV-Results,simulator_output_LLAMA3-ARXIV_bwplacement_bs4_staticreq_statictask,SCRUBBED_TIME+LLAMA3-ARXIV_BMPD384_5_8_11,False
4,5,0,0,16,3,512,176.5,30.57465051851852,bw,static,static,results,Results,Results_LLAMA31,LLAMA3-ARXIV-Results,simulator_output_LLAMA3-ARXIV_bwplacement_bs4_staticreq_statictask,SCRUBBED_TIME+LLAMA3-ARXIV_BMPD512_5_16_3,False
4,7,0,0,8,9,384,274.96,30.59546470588236,bw,static,static,results,Results,Results_LLAMA31,LLAMA3-ARXIV-Results,simulator_output_LLAMA3-ARXIV_bwplacement_bs4_staticreq_statictask,SCRUBBED_TIME+LLAMA3-ARXIV_BMPD384_7_8_9,False
4,3,0,0,17,4,640,149.23,30.63823066666667,bw,static,static,results,Results,Results_LLAMA31,LLAMA3-ARXIV-Results,simulator_output_LLAMA3-ARXIV_bwplacement_bs4_staticreq_statictask,SCRUBBED_TIME+LLAMA3-ARXIV_BMPD640_3_17_4,False
4,12,0,0,11,1,256,50.76,30.645630333333333,bw,static,static,results,Results,Results_LLAMA31,LLAMA3-ARXIV-Results,simulator_output_LLAMA3-ARXIV_bwplacement_bs4_staticreq_statictask,SCRUBBED_TIME+LLAMA3-ARXIV_BMPD256_12_11_1,False
4,3,0,0,16,5,640,148.26,30.72006955555556,bw,static,static,results,Results,Results_LLAMA31,LLAMA3-ARXIV-Results,simulator_output_LLAMA3-ARXIV_bwplacement_bs4_staticreq_statictask,SCRUBBED_TIME+LLAMA3-ARXIV_BMPD640_3_16_5,False
4,3,0,0,13,8,640,150.87,30.741780666666667,bw,static,static,results,Results,Results_LLAMA31,LLAMA3-ARXIV-Results,simulator_output_LLAMA3-ARXIV_bwplacement_bs4_staticreq_statictask,SCRUBBED_TIME+LLAMA3-ARXIV_BMPD640_3_13_8,False
4,6,0,0,13,5,384,228.05,30.763479411764703,bw,static,static,results,Results,Results_LLAMA31,LLAMA3-ARXIV-Results,simulator_output_LLAMA3-ARXIV_bwplacement_bs4_staticreq_statictask,SCRUBBED_TIME+LLAMA3-ARXIV_BMPD384_6_13_5,False
4,12,0,0,8,4,512,186.28,30.779170086956523,bw,static,static,results,Results,Results_LLAMA31,LLAMA3-ARXIV-Results,simulator_output_LLAMA3-ARXIV_bwplacement_bs4_staticreq_statictask,SCRUBBED_TIME+LLAMA3-ARXIV_BMPD512_12_8_4,False
4,3,0,0,13,8,512,152.66,30.7892366,bw,static,static,results,Results,Results_LLAMA31,LLAMA3-ARXIV-Results,simulator_output_LLAMA3-ARXIV_bwplacement_bs4_staticreq_statictask,SCRUBBED_TIME+LLAMA3-ARXIV_BMPD512_3_13_8,False
2,10,0,0,4,10,512,131.24,30.795378666666668,bw,static,static,results,Results,Results_LLAMA31,LLAMA3-ARXIV-Results,simulator_output_LLAMA3-ARXIV_bwplacement_bs2_staticreq_statictask,SCRUBBED_TIME+LLAMA3-ARXIV_BMPD512_10_4_10,False
4,14,0,0,6,4,384,146.41,30.812498222222224,bw,static,static,results,Results,Results_LLAMA31,LLAMA3-ARXIV-Results,simulator_output_LLAMA3-ARXIV_bwplacement_bs4_staticreq_statictask,SCRUBBED_TIME+LLAMA3-ARXIV_BMPD384_14_6_4,False
4,8,0,0,14,2,256,92.15,30.89991270588235,bw,static,static,results,Results,Results_LLAMA31,LLAMA3-ARXIV-Results,simulator_output_LLAMA3-ARXIV_bwplacement_bs4_staticreq_statictask,SCRUBBED_TIME+LLAMA3-ARXIV_BMPD256_8_14_2,False
2,10,0,0,3,11,256,105.04,30.90467572413793,bw,static,static,results,Results,Results_LLAMA31,LLAMA3-ARXIV-Results,simulator_output_LLAMA3-ARXIV_bwplacement_bs2_staticreq_statictask,SCRUBBED_TIME+LLAMA3-ARXIV_BMPD256_10_3_11,False
4,3,0,0,15,6,640,148.25,30.977452888888887,bw,static,static,results,Results,Results_LLAMA31,LLAMA3-ARXIV-Results,simulator_output_LLAMA3-ARXIV_bwplacement_bs4_staticreq_statictask,SCRUBBED_TIME+LLAMA3-ARXIV_BMPD640_3_15_6,False
4,13,0,0,9,2,512,114.24,30.983322222222224,bw,static,static,results,Results,Results_LLAMA31,LLAMA3-ARXIV-Results,simulator_output_LLAMA3-ARXIV_bwplacement_bs4_staticreq_statictask,SCRUBBED_TIME+LLAMA3-ARXIV_BMPD512_13_9_2,False
2,6,0,0,6,12,640,157.74,30.99282857142857,bw,static,static,results,Results,Results_LLAMA31,LLAMA3-ARXIV-Results,simulator_output_LLAMA3-ARXIV_bwplacement_bs2_staticreq_statictask,SCRUBBED_TIME+LLAMA3-ARXIV_BMPD640_6_6_12,False
4,10,0,0,8,6,512,221.4,30.995502266666666,bw,static,static,results,Results,Results_LLAMA31,LLAMA3-ARXIV-Results,simulator_output_LLAMA3-ARXIV_bwplacement_bs4_staticreq_statictask,SCRUBBED_TIME+LLAMA3-ARXIV_BMPD512_10_8_6,False
4,4,0,0,7,13,256,204.34,30.99618258064516,bw,static,static,results,Results,Results_LLAMA31,LLAMA3-ARXIV-Results,simulator_output_LLAMA3-ARXIV_bwplacement_bs4_staticreq_statictask,SCRUBBED_TIME+LLAMA3-ARXIV_BMPD256_4_7_13,False
4,9,0,0,13,2,256,88.15,31.00820575,bw,static,static,results,Results,Results_LLAMA31,LLAMA3-ARXIV-Results,simulator_output_LLAMA3-ARXIV_bwplacement_bs4_staticreq_statictask,SCRUBBED_TIME+LLAMA3-ARXIV_BMPD256_9_13_2,False
4,7,0,0,15,2,256,92.14,31.01399533333333,bw,static,static,results,Results,Results_LLAMA31,LLAMA3-ARXIV-Results,simulator_output_LLAMA3-ARXIV_bwplacement_bs4_staticreq_statictask,SCRUBBED_TIME+LLAMA3-ARXIV_BMPD256_7_15_2,False
4,16,0,0,7,1,384,56.83,31.016262222222224,bw,static,static,results,Results,Results_LLAMA31,LLAMA3-ARXIV-Results,simulator_output_LLAMA3-ARXIV_bwplacement_bs4_staticreq_statictask,SCRUBBED_TIME+LLAMA3-ARXIV_BMPD384_16_7_1,False
4,4,0,0,16,4,640,198.04,31.040664666666668,bw,static,static,results,Results,Results_LLAMA31,LLAMA3-ARXIV-Results,simulator_output_LLAMA3-ARXIV_bwplacement_bs4_staticreq_statictask,SCRUBBED_TIME+LLAMA3-ARXIV_BMPD640_4_16_4,False
4,6,0,0,9,9,384,279.91,31.04129117647059,bw,static,static,results,Results,Results_LLAMA31,LLAMA3-ARXIV-Results,simulator_output_LLAMA3-ARXIV_bwplacement_bs4_staticreq_statictask,SCRUBBED_TIME+LLAMA3-ARXIV_BMPD384_6_9_9,False
4,15,0,0,6,3,512,138.52,31.061333333333334,bw,static,static,results,Results,Results_LLAMA31,LLAMA3-ARXIV-Results,simulator_output_LLAMA3-ARXIV_bwplacement_bs4_staticreq_statictask,SCRUBBED_TIME+LLAMA3-ARXIV_BMPD512_15_6_3,False
4,11,0,0,7,6,256,137.43,31.137089777777778,bw,static,static,results,Results,Results_LLAMA31,LLAMA3-ARXIV-Results,simulator_output_LLAMA3-ARXIV_bwplacement_bs4_staticreq_statictask,SCRUBBED_TIME+LLAMA3-ARXIV_BMPD256_11_7_6,False
4,3,0,0,19,2,640,120.0,31.190886222222225,bw,static,static,results,Results,Results_LLAMA31,LLAMA3-ARXIV-Results,simulator_output_LLAMA3-ARXIV_bwplacement_bs4_staticreq_statictask,SCRUBBED_TIME+LLAMA3-ARXIV_BMPD640_3_19_2,False
4,3,0,0,6,15,512,151.27,31.19220555555556,bw,static,static,results,Results,Results_LLAMA31,LLAMA3-ARXIV-Results,simulator_output_LLAMA3-ARXIV_bwplacement_bs4_staticreq_statictask,SCRUBBED_TIME+LLAMA3-ARXIV_BMPD512_3_6_15,False
4,6,0,0,14,4,512,223.65,31.22472847058824,bw,static,static,results,Results,Results_LLAMA31,LLAMA3-ARXIV-Results,simulator_output_LLAMA3-ARXIV_bwplacement_bs4_staticreq_statictask,SCRUBBED_TIME+LLAMA3-ARXIV_BMPD512_6_14_4,False
4,4,0,0,17,3,640,163.53,31.276592695652177,bw,static,static,results,Results,Results_LLAMA31,LLAMA3-ARXIV-Results,simulator_output_LLAMA3-ARXIV_bwplacement_bs4_staticreq_statictask,SCRUBBED_TIME+LLAMA3-ARXIV_BMPD640_4_17_3,False
4,14,0,0,7,3,512,144.88,31.28383333333333,bw,static,static,results,Results,Results_LLAMA31,LLAMA3-ARXIV-Results,simulator_output_LLAMA3-ARXIV_bwplacement_bs4_staticreq_statictask,SCRUBBED_TIME+LLAMA3-ARXIV_BMPD512_14_7_3,False
4,9,0,0,14,1,384,77.22,31.290986,bw,static,static,results,Results,Results_LLAMA31,LLAMA3-ARXIV-Results,simulator_output_LLAMA3-ARXIV_bwplacement_bs4_staticreq_statictask,SCRUBBED_TIME+LLAMA3-ARXIV_BMPD384_9_14_1,False
4,14,0,0,4,6,256,125.03,31.30485088888889,bw,static,static,results,Results,Results_LLAMA31,LLAMA3-ARXIV-Results,simulator_output_LLAMA3-ARXIV_bwplacement_bs4_staticreq_statictask,SCRUBBED_TIME+LLAMA3-ARXIV_BMPD256_14_4_6,False
4,11,0,0,11,2,512,122.04,31.32978888888889,bw,static,static,results,Results,Results_LLAMA31,LLAMA3-ARXIV-Results,simulator_output_LLAMA3-ARXIV_bwplacement_bs4_staticreq_statictask,SCRUBBED_TIME+LLAMA3-ARXIV_BMPD512_11_11_2,False
4,3,0,0,12,9,640,149.84,31.363514,bw,static,static,results,Results,Results_LLAMA31,LLAMA3-ARXIV-Results,simulator_output_LLAMA3-ARXIV_bwplacement_bs4_staticreq_statictask,SCRUBBED_TIME+LLAMA3-ARXIV_BMPD640_3_12_9,False
4,3,0,0,14,7,640,145.98,31.37644733333333,bw,static,static,results,Results,Results_LLAMA31,LLAMA3-ARXIV-Results,simulator_output_LLAMA3-ARXIV_bwplacement_bs4_staticreq_statictask,SCRUBBED_TIME+LLAMA3-ARXIV_BMPD640_3_14_7,False
4,2,0,0,3,19,384,107.09,31.388444266666667,bw,static,static,results,Results,Results_LLAMA31,LLAMA3-ARXIV-Results,simulator_output_LLAMA3-ARXIV_bwplacement_bs4_staticreq_statictask,SCRUBBED_TIME+LLAMA3-ARXIV_BMPD384_2_3_19,False
4,10,0,0,7,7,256,154.43,31.442507304347824,bw,static,static,results,Results,Results_LLAMA31,LLAMA3-ARXIV-Results,simulator_output_LLAMA3-ARXIV_bwplacement_bs4_staticreq_statictask,SCRUBBED_TIME+LLAMA3-ARXIV_BMPD256_10_7_7,False
4,6,0,0,11,7,384,264.89,31.44470882352941,bw,static,static,results,Results,Results_LLAMA31,LLAMA3-ARXIV-Results,simulator_output_LLAMA3-ARXIV_bwplacement_bs4_staticreq_statictask,SCRUBBED_TIME+LLAMA3-ARXIV_BMPD384_6_11_7,False
4,7,0,0,14,3,256,115.12,31.478634222222222,bw,static,static,results,Results,Results_LLAMA31,LLAMA3-ARXIV-Results,simulator_output_LLAMA3-ARXIV_bwplacement_bs4_staticreq_statictask,SCRUBBED_TIME+LLAMA3-ARXIV_BMPD256_7_14_3,False
4,4,0,0,18,2,640,124.45,31.49513157894737,bw,static,static,results,Results,Results_LLAMA31,LLAMA3-ARXIV-Results,simulator_output_LLAMA3-ARXIV_bwplacement_bs4_staticreq_statictask,SCRUBBED_TIME+LLAMA3-ARXIV_BMPD640_4_18_2,False
4,12,0,0,11,1,384,70.2,31.54446307692308,bw,static,static,results,Results,Results_LLAMA31,LLAMA3-ARXIV-Results,simulator_output_LLAMA3-ARXIV_bwplacement_bs4_staticreq_statictask,SCRUBBED_TIME+LLAMA3-ARXIV_BMPD384_12_11_1,False
4,3,0,0,8,13,640,151.61,31.612636222222225,bw,static,static,results,Results,Results_LLAMA31,LLAMA3-ARXIV-Results,simulator_output_LLAMA3-ARXIV_bwplacement_bs4_staticreq_statictask,SCRUBBED_TIME+LLAMA3-ARXIV_BMPD640_3_8_13,False
4,6,0,0,17,1,384,81.42,31.617553777777776,bw,static,static,results,Results,Results_LLAMA31,LLAMA3-ARXIV-Results,simulator_output_LLAMA3-ARXIV_bwplacement_bs4_staticreq_statictask,SCRUBBED_TIME+LLAMA3-ARXIV_BMPD384_6_17_1,False
4,13,0,0,5,6,256,129.53,31.630912,bw,static,static,results,Results,Results_LLAMA31,LLAMA3-ARXIV-Results,simulator_output_LLAMA3-ARXIV_bwplacement_bs4_staticreq_statictask,SCRUBBED_TIME+LLAMA3-ARXIV_BMPD256_13_5_6,False
4,13,0,0,6,5,384,165.76,31.633979304347825,bw,static,static,results,Results,Results_LLAMA31,LLAMA3-ARXIV-Results,simulator_output_LLAMA3-ARXIV_bwplacement_bs4_staticreq_statictask,SCRUBBED_TIME+LLAMA3-ARXIV_BMPD384_13_6_5,False
2,6,0,0,5,13,512,157.54,31.67054,bw,static,static,results,Results,Results_LLAMA31,LLAMA3-ARXIV-Results,simulator_output_LLAMA3-ARXIV_bwplacement_bs2_staticreq_statictask,SCRUBBED_TIME+LLAMA3-ARXIV_BMPD512_6_5_13,False
4,6,0,0,10,8,384,282.1,31.71920882352941,bw,static,static,results,Results,Results_LLAMA31,LLAMA3-ARXIV-Results,simulator_output_LLAMA3-ARXIV_bwplacement_bs4_staticreq_statictask,SCRUBBED_TIME+LLAMA3-ARXIV_BMPD384_6_10_8,False
4,3,0,0,9,12,640,148.8,31.756630666666663,bw,static,static,results,Results,Results_LLAMA31,LLAMA3-ARXIV-Results,simulator_output_LLAMA3-ARXIV_bwplacement_bs4_staticreq_statictask,SCRUBBED_TIME+LLAMA3-ARXIV_BMPD640_3_9_12,False
4,6,0,0,15,3,384,163.43,31.785022782608696,bw,static,static,results,Results,Results_LLAMA31,LLAMA3-ARXIV-Results,simulator_output_LLAMA3-ARXIV_bwplacement_bs4_staticreq_statictask,SCRUBBED_TIME+LLAMA3-ARXIV_BMPD384_6_15_3,False
4,12,0,0,9,3,512,146.63,31.79045,bw,static,static,results,Results,Results_LLAMA31,LLAMA3-ARXIV-Results,simulator_output_LLAMA3-ARXIV_bwplacement_bs4_staticreq_statictask,SCRUBBED_TIME+LLAMA3-ARXIV_BMPD512_12_9_3,False
4,12,0,0,10,2,512,119.55,31.80059444444444,bw,static,static,results,Results,Results_LLAMA31,LLAMA3-ARXIV-Results,simulator_output_LLAMA3-ARXIV_bwplacement_bs4_staticreq_statictask,SCRUBBED_TIME+LLAMA3-ARXIV_BMPD512_12_10_2,False
4,5,0,0,15,4,512,212.58,31.81635788235294,bw,static,static,results,Results,Results_LLAMA31,LLAMA3-ARXIV-Results,simulator_output_LLAMA3-ARXIV_bwplacement_bs4_staticreq_statictask,SCRUBBED_TIME+LLAMA3-ARXIV_BMPD512_5_15_4,False
4,10,0,0,11,3,512,150.55,31.82598872727273,bw,static,static,results,Results,Results_LLAMA31,LLAMA3-ARXIV-Results,simulator_output_LLAMA3-ARXIV_bwplacement_bs4_staticreq_statictask,SCRUBBED_TIME+LLAMA3-ARXIV_BMPD512_10_11_3,False
4,8,0,0,15,1,256,51.76,31.99779325,bw,static,static,results,Results,Results_LLAMA31,LLAMA3-ARXIV-Results,simulator_output_LLAMA3-ARXIV_bwplacement_bs4_staticreq_statictask,SCRUBBED_TIME+LLAMA3-ARXIV_BMPD256_8_15_1,False
4,11,0,0,8,5,512,199.66,32.002076153846154,bw,static,static,results,Results,Results_LLAMA31,LLAMA3-ARXIV-Results,simulator_output_LLAMA3-ARXIV_bwplacement_bs4_staticreq_statictask,SCRUBBED_TIME+LLAMA3-ARXIV_BMPD512_11_8_5,False
4,12,0,0,6,6,256,135.67,32.075600888888886,bw,static,static,results,Results,Results_LLAMA31,LLAMA3-ARXIV-Results,simulator_output_LLAMA3-ARXIV_bwplacement_bs4_staticreq_statictask,SCRUBBED_TIME+LLAMA3-ARXIV_BMPD256_12_6_6,False
4,13,0,0,10,1,384,68.52,32.08668233333333,bw,static,static,results,Results,Results_LLAMA31,LLAMA3-ARXIV-Results,simulator_output_LLAMA3-ARXIV_bwplacement_bs4_staticreq_statictask,SCRUBBED_TIME+LLAMA3-ARXIV_BMPD384_13_10_1,False
4,12,0,0,7,5,384,169.79,32.09348365217392,bw,static,static,results,Results,Results_LLAMA31,LLAMA3-ARXIV-Results,simulator_output_LLAMA3-ARXIV_bwplacement_bs4_staticreq_statictask,SCRUBBED_TIME+LLAMA3-ARXIV_BMPD384_12_7_5,False
4,4,0,0,13,7,512,241.11,32.20065987096774,bw,static,static,results,Results,Results_LLAMA31,LLAMA3-ARXIV-Results,simulator_output_LLAMA3-ARXIV_bwplacement_bs4_staticreq_statictask,SCRUBBED_TIME+LLAMA3-ARXIV_BMPD512_4_13_7,False
4,6,0,0,15,3,256,114.51,32.20823157894737,bw,static,static,results,Results,Results_LLAMA31,LLAMA3-ARXIV-Results,simulator_output_LLAMA3-ARXIV_bwplacement_bs4_staticreq_statictask,SCRUBBED_TIME+LLAMA3-ARXIV_BMPD256_6_15_3,False
4,2,0,0,4,18,640,107.44,32.22078057142857,bw,static,static,results,Results,Results_LLAMA31,LLAMA3-ARXIV-Results,simulator_output_LLAMA3-ARXIV_bwplacement_bs4_staticreq_statictask,SCRUBBED_TIME+LLAMA3-ARXIV_BMPD640_2_4_18,False
4,3,0,0,11,10,640,149.02,32.22976955555556,bw,static,static,results,Results,Results_LLAMA31,LLAMA3-ARXIV-Results,simulator_output_LLAMA3-ARXIV_bwplacement_bs4_staticreq_statictask,SCRUBBED_TIME+LLAMA3-ARXIV_BMPD640_3_11_10,False
4,4,0,0,13,7,640,234.86,32.239396,bw,static,static,results,Results,Results_LLAMA31,LLAMA3-ARXIV-Results,simulator_output_LLAMA3-ARXIV_bwplacement_bs4_staticreq_statictask,SCRUBBED_TIME+LLAMA3-ARXIV_BMPD640_4_13_7,False
4,5,0,0,18,1,512,88.96,32.26495,bw,static,static,results,Results,Results_LLAMA31,LLAMA3-ARXIV-Results,simulator_output_LLAMA3-ARXIV_bwplacement_bs4_staticreq_statictask,SCRUBBED_TIME+LLAMA3-ARXIV_BMPD512_5_18_1,False
2,3,0,0,4,17,384,148.18,32.27312809756098,bw,static,static,results,Results,Results_LLAMA31,LLAMA3-ARXIV-Results,simulator_output_LLAMA3-ARXIV_bwplacement_bs2_staticreq_statictask,SCRUBBED_TIME+LLAMA3-ARXIV_BMPD384_3_4_17,False
4,4,0,0,11,9,512,251.48,32.27883083870968,bw,static,static,results,Results,Results_LLAMA31,LLAMA3-ARXIV-Results,simulator_output_LLAMA3-ARXIV_bwplacement_bs4_staticreq_statictask,SCRUBBED_TIME+LLAMA3-ARXIV_BMPD512_4_11_9,False
4,6,0,0,8,10,384,278.54,32.300132352941176,bw,static,static,results,Results,Results_LLAMA31,LLAMA3-ARXIV-Results,simulator_output_LLAMA3-ARXIV_bwplacement_bs4_staticreq_statictask,SCRUBBED_TIME+LLAMA3-ARXIV_BMPD384_6_8_10,False
4,4,0,0,15,5,640,202.52,32.30936466666667,bw,static,static,results,Results,Results_LLAMA31,LLAMA3-ARXIV-Results,simulator_output_LLAMA3-ARXIV_bwplacement_bs4_staticreq_statictask,SCRUBBED_TIME+LLAMA3-ARXIV_BMPD640_4_15_5,False
4,4,0,0,12,8,512,246.23,32.34015987096774,bw,static,static,results,Results,Results_LLAMA31,LLAMA3-ARXIV-Results,simulator_output_LLAMA3-ARXIV_bwplacement_bs4_staticreq_statictask,SCRUBBED_TIME+LLAMA3-ARXIV_BMPD512_4_12_8,False
4,10,0,0,13,1,256,50.43,32.35075942857143,bw,static,static,results,Results,Results_LLAMA31,LLAMA3-ARXIV-Results,simulator_output_LLAMA3-ARXIV_bwplacement_bs4_staticreq_statictask,SCRUBBED_TIME+LLAMA3-ARXIV_BMPD256_10_13_1,False
4,8,0,0,14,2,512,128.63,32.42888333333333,bw,static,static,results,Results,Results_LLAMA31,LLAMA3-ARXIV-Results,simulator_output_LLAMA3-ARXIV_bwplacement_bs4_staticreq_statictask,SCRUBBED_TIME+LLAMA3-ARXIV_BMPD512_8_14_2,False
2,14,0,0,2,8,256,72.94,32.451081263157896,bw,static,static,results,Results,Results_LLAMA31,LLAMA3-ARXIV-Results,simulator_output_LLAMA3-ARXIV_bwplacement_bs2_staticreq_statictask,SCRUBBED_TIME+LLAMA3-ARXIV_BMPD256_14_2_8,False
2,11,0,0,4,9,640,110.46,32.451945103448274,bw,static,static,results,Results,Results_LLAMA31,LLAMA3-ARXIV-Results,simulator_output_LLAMA3-ARXIV_bwplacement_bs2_staticreq_statictask,SCRUBBED_TIME+LLAMA3-ARXIV_BMPD640_11_4_9,False
2,6,0,0,4,14,384,149.54,32.46955308108108,bw,static,static,results,Results,Results_LLAMA31,LLAMA3-ARXIV-Results,simulator_output_LLAMA3-ARXIV_bwplacement_bs2_staticreq_statictask,SCRUBBED_TIME+LLAMA3-ARXIV_BMPD384_6_4_14,False
4,4,0,0,8,12,512,253.25,32.4858356,bw,static,static,results,Results,Results_LLAMA31,LLAMA3-ARXIV-Results,simulator_output_LLAMA3-ARXIV_bwplacement_bs4_staticreq_statictask,SCRUBBED_TIME+LLAMA3-ARXIV_BMPD512_4_8_12,False
4,9,0,0,8,7,512,246.59,32.60688567741936,bw,static,static,results,Results,Results_LLAMA31,LLAMA3-ARXIV-Results,simulator_output_LLAMA3-ARXIV_bwplacement_bs4_staticreq_statictask,SCRUBBED_TIME+LLAMA3-ARXIV_BMPD512_9_8_7,False
4,13,0,0,7,4,512,167.49,32.62143530434783,bw,static,static,results,Results,Results_LLAMA31,LLAMA3-ARXIV-Results,simulator_output_LLAMA3-ARXIV_bwplacement_bs4_staticreq_statictask,SCRUBBED_TIME+LLAMA3-ARXIV_BMPD512_13_7_4,False
4,12,0,0,5,7,256,137.51,32.64246854545455,bw,static,static,results,Results,Results_LLAMA31,LLAMA3-ARXIV-Results,simulator_output_LLAMA3-ARXIV_bwplacement_bs4_staticreq_statictask,SCRUBBED_TIME+LLAMA3-ARXIV_BMPD256_12_5_7,False
4,10,0,0,13,1,384,74.82,32.66279093333333,bw,static,static,results,Results,Results_LLAMA31,LLAMA3-ARXIV-Results,simulator_output_LLAMA3-ARXIV_bwplacement_bs4_staticreq_statictask,SCRUBBED_TIME+LLAMA3-ARXIV_BMPD384_10_13_1,False
2,5,0,0,5,14,512,166.45,32.693008279069765,bw,static,static,results,Results,Results_LLAMA31,LLAMA3-ARXIV-Results,simulator_output_LLAMA3-ARXIV_bwplacement_bs2_staticreq_statictask,SCRUBBED_TIME+LLAMA3-ARXIV_BMPD512_5_5_14,False
4,10,0,0,12,2,512,123.86,32.70000555555556,bw,static,static,results,Results,Results_LLAMA31,LLAMA3-ARXIV-Results,simulator_output_LLAMA3-ARXIV_bwplacement_bs4_staticreq_statictask,SCRUBBED_TIME+LLAMA3-ARXIV_BMPD512_10_12_2,False
4,15,0,0,8,1,512,64.33,32.7597284,bw,static,static,results,Results,Results_LLAMA31,LLAMA3-ARXIV-Results,simulator_output_LLAMA3-ARXIV_bwplacement_bs4_staticreq_statictask,SCRUBBED_TIME+LLAMA3-ARXIV_BMPD512_15_8_1,False
4,7,0,0,14,3,512,169.22,32.768678782608696,bw,static,static,results,Results,Results_LLAMA31,LLAMA3-ARXIV-Results,simulator_output_LLAMA3-ARXIV_bwplacement_bs4_staticreq_statictask,SCRUBBED_TIME+LLAMA3-ARXIV_BMPD512_7_14_3,False
2,5,0,0,6,13,640,160.5,32.83507619047619,bw,static,static,results,Results,Results_LLAMA31,LLAMA3-ARXIV-Results,simulator_output_LLAMA3-ARXIV_bwplacement_bs2_staticreq_statictask,SCRUBBED_TIME+LLAMA3-ARXIV_BMPD640_5_6_13,False
4,4,0,0,6,14,256,191.43,32.88633573333333,bw,static,static,results,Results,Results_LLAMA31,LLAMA3-ARXIV-Results,simulator_output_LLAMA3-ARXIV_bwplacement_bs4_staticreq_statictask,SCRUBBED_TIME+LLAMA3-ARXIV_BMPD256_4_6_14,False
4,13,0,0,5,6,384,164.26,32.892089523809524,bw,static,static,results,Results,Results_LLAMA31,LLAMA3-ARXIV-Results,simulator_output_LLAMA3-ARXIV_bwplacement_bs4_staticreq_statictask,SCRUBBED_TIME+LLAMA3-ARXIV_BMPD384_13_5_6,False
4,4,0,0,14,6,640,210.41,32.906896,bw,static,static,results,Results,Results_LLAMA31,LLAMA3-ARXIV-Results,simulator_output_LLAMA3-ARXIV_bwplacement_bs4_staticreq_statictask,SCRUBBED_TIME+LLAMA3-ARXIV_BMPD640_4_14_6,False
2,9,0,0,3,12,256,102.48,32.911088387096775,bw,static,static,results,Results,Results_LLAMA31,LLAMA3-ARXIV-Results,simulator_output_LLAMA3-ARXIV_bwplacement_bs2_staticreq_statictask,SCRUBBED_TIME+LLAMA3-ARXIV_BMPD256_9_3_12,False
2,8,0,0,5,11,640,141.99,32.95221908571428,bw,static,static,results,Results,Results_LLAMA31,LLAMA3-ARXIV-Results,simulator_output_LLAMA3-ARXIV_bwplacement_bs2_staticreq_statictask,SCRUBBED_TIME+LLAMA3-ARXIV_BMPD640_8_5_11,False
4,9,0,0,14,1,256,51.64,32.969608533333336,bw,static,static,results,Results,Results_LLAMA31,LLAMA3-ARXIV-Results,simulator_output_LLAMA3-ARXIV_bwplacement_bs4_staticreq_statictask,SCRUBBED_TIME+LLAMA3-ARXIV_BMPD256_9_14_1,False
4,16,0,0,7,1,512,61.07,33.099257333333334,bw,static,static,results,Results,Results_LLAMA31,LLAMA3-ARXIV-Results,simulator_output_LLAMA3-ARXIV_bwplacement_bs4_staticreq_statictask,SCRUBBED_TIME+LLAMA3-ARXIV_BMPD512_16_7_1,False
2,15,0,0,2,7,384,67.28,33.14178755555555,bw,static,static,results,Results,Results_LLAMA31,LLAMA3-ARXIV-Results,simulator_output_LLAMA3-ARXIV_bwplacement_bs2_staticreq_statictask,SCRUBBED_TIME+LLAMA3-ARXIV_BMPD384_15_2_7,False
4,14,0,0,6,4,512,150.51,33.14182777777778,bw,static,static,results,Results,Results_LLAMA31,LLAMA3-ARXIV-Results,simulator_output_LLAMA3-ARXIV_bwplacement_bs4_staticreq_statictask,SCRUBBED_TIME+LLAMA3-ARXIV_BMPD512_14_6_4,False
4,11,0,0,6,7,256,140.41,33.22509533333333,bw,static,static,results,Results,Results_LLAMA31,LLAMA3-ARXIV-Results,simulator_output_LLAMA3-ARXIV_bwplacement_bs4_staticreq_statictask,SCRUBBED_TIME+LLAMA3-ARXIV_BMPD256_11_6_7,False
4,9,0,0,7,8,256,179.78,33.2323992,bw,static,static,results,Results,Results_LLAMA31,LLAMA3-ARXIV-Results,simulator_output_LLAMA3-ARXIV_bwplacement_bs4_staticreq_statictask,SCRUBBED_TIME+LLAMA3-ARXIV_BMPD256_9_7_8,False
4,11,0,0,10,3,512,144.62,33.25828333333333,bw,static,static,results,Results,Results_LLAMA31,LLAMA3-ARXIV-Results,simulator_output_LLAMA3-ARXIV_bwplacement_bs4_staticreq_statictask,SCRUBBED_TIME+LLAMA3-ARXIV_BMPD512_11_10_3,False
4,5,0,0,17,2,640,132.4,33.312515272727275,bw,static,static,results,Results,Results_LLAMA31,LLAMA3-ARXIV-Results,simulator_output_LLAMA3-ARXIV_bwplacement_bs4_staticreq_statictask,SCRUBBED_TIME+LLAMA3-ARXIV_BMPD640_5_17_2,False
2,9,0,0,4,11,512,134.17,33.313712,bw,static,static,results,Results,Results_LLAMA31,LLAMA3-ARXIV-Results,simulator_output_LLAMA3-ARXIV_bwplacement_bs2_staticreq_statictask,SCRUBBED_TIME+LLAMA3-ARXIV_BMPD512_9_4_11,False
4,5,0,0,16,3,640,172.09,33.32182747826087,bw,static,static,results,Results,Results_LLAMA31,LLAMA3-ARXIV-Results,simulator_output_LLAMA3-ARXIV_bwplacement_bs4_staticreq_statictask,SCRUBBED_TIME+LLAMA3-ARXIV_BMPD640_5_16_3,False
4,15,0,0,4,5,384,138.48,33.323670444444446,bw,static,static,results,Results,Results_LLAMA31,LLAMA3-ARXIV-Results,simulator_output_LLAMA3-ARXIV_bwplacement_bs4_staticreq_statictask,SCRUBBED_TIME+LLAMA3-ARXIV_BMPD384_15_4_5,False
4,4,0,0,12,8,640,239.18,33.325341333333334,bw,static,static,results,Results,Results_LLAMA31,LLAMA3-ARXIV-Results,simulator_output_LLAMA3-ARXIV_bwplacement_bs4_staticreq_statictask,SCRUBBED_TIME+LLAMA3-ARXIV_BMPD640_4_12_8,False
4,11,0,0,9,4,512,179.4,33.34046672,bw,static,static,results,Results,Results_LLAMA31,LLAMA3-ARXIV-Results,simulator_output_LLAMA3-ARXIV_bwplacement_bs4_staticreq_statictask,SCRUBBED_TIME+LLAMA3-ARXIV_BMPD512_11_9_4,False
4,3,0,0,20,1,640,68.58,33.35571076923077,bw,static,static,results,Results,Results_LLAMA31,LLAMA3-ARXIV-Results,simulator_output_LLAMA3-ARXIV_bwplacement_bs4_staticreq_statictask,SCRUBBED_TIME+LLAMA3-ARXIV_BMPD640_3_20_1,False
4,12,0,0,6,6,384,176.12,33.358114086956526,bw,static,static,results,Results,Results_LLAMA31,LLAMA3-ARXIV-Results,simulator_output_LLAMA3-ARXIV_bwplacement_bs4_staticreq_statictask,SCRUBBED_TIME+LLAMA3-ARXIV_BMPD384_12_6_6,False
4,10,0,0,6,8,256,165.4,33.37690295652174,bw,static,static,results,Results,Results_LLAMA31,LLAMA3-ARXIV-Results,simulator_output_LLAMA3-ARXIV_bwplacement_bs4_staticreq_statictask,SCRUBBED_TIME+LLAMA3-ARXIV_BMPD256_10_6_8,False
4,10,0,0,9,5,512,183.92,33.39274672,bw,static,static,results,Results,Results_LLAMA31,LLAMA3-ARXIV-Results,simulator_output_LLAMA3-ARXIV_bwplacement_bs4_staticreq_statictask,SCRUBBED_TIME+LLAMA3-ARXIV_BMPD512_10_9_5,False
2,11,0,0,3,10,384,104.16,33.454209481481485,bw,static,static,results,Results,Results_LLAMA31,LLAMA3-ARXIV-Results,simulator_output_LLAMA3-ARXIV_bwplacement_bs2_staticreq_statictask,SCRUBBED_TIME+LLAMA3-ARXIV_BMPD384_11_3_10,False
4,9,0,0,13,2,640,125.83,33.46969733333333,bw,static,static,results,Results,Results_LLAMA31,LLAMA3-ARXIV-Results,simulator_output_LLAMA3-ARXIV_bwplacement_bs4_staticreq_statictask,SCRUBBED_TIME+LLAMA3-ARXIV_BMPD640_9_13_2,False
2,13,0,0,3,8,512,93.69,33.48918483333333,bw,static,static,results,Results,Results_LLAMA31,LLAMA3-ARXIV-Results,simulator_output_LLAMA3-ARXIV_bwplacement_bs2_staticreq_statictask,SCRUBBED_TIME+LLAMA3-ARXIV_BMPD512_13_3_8,False
4,9,0,0,11,4,512,187.89,33.531144,bw,static,static,results,Results,Results_LLAMA31,LLAMA3-ARXIV-Results,simulator_output_LLAMA3-ARXIV_bwplacement_bs4_staticreq_statictask,SCRUBBED_TIME+LLAMA3-ARXIV_BMPD512_9_11_4,False
4,8,0,0,15,1,384,77.96,33.55917152941176,bw,static,static,results,Results,Results_LLAMA31,LLAMA3-ARXIV-Results,simulator_output_LLAMA3-ARXIV_bwplacement_bs4_staticreq_statictask,SCRUBBED_TIME+LLAMA3-ARXIV_BMPD384_8_15_1,False
4,10,0,0,12,2,640,122.65,33.569614,bw,static,static,results,Results,Results_LLAMA31,LLAMA3-ARXIV-Results,simulator_output_LLAMA3-ARXIV_bwplacement_bs4_staticreq_statictask,SCRUBBED_TIME+LLAMA3-ARXIV_BMPD640_10_12_2,False
4,2,0,0,6,16,640,104.59,33.58504153846154,bw,static,static,results,Results,Results_LLAMA31,LLAMA3-ARXIV-Results,simulator_output_LLAMA3-ARXIV_bwplacement_bs4_staticreq_statictask,SCRUBBED_TIME+LLAMA3-ARXIV_BMPD640_2_6_16,False
4,6,0,0,16,2,512,134.5,33.59602054545455,bw,static,static,results,Results,Results_LLAMA31,LLAMA3-ARXIV-Results,simulator_output_LLAMA3-ARXIV_bwplacement_bs4_staticreq_statictask,SCRUBBED_TIME+LLAMA3-ARXIV_BMPD512_6_16_2,False
2,14,0,0,3,7,640,76.68,33.7037408,bw,static,static,results,Results,Results_LLAMA31,LLAMA3-ARXIV-Results,simulator_output_LLAMA3-ARXIV_bwplacement_bs2_staticreq_statictask,SCRUBBED_TIME+LLAMA3-ARXIV_BMPD640_14_3_7,False
4,13,0,0,8,3,640,142.26,33.731136222222226,bw,static,static,results,Results,Results_LLAMA31,LLAMA3-ARXIV-Results,simulator_output_LLAMA3-ARXIV_bwplacement_bs4_staticreq_statictask,SCRUBBED_TIME+LLAMA3-ARXIV_BMPD640_13_8_3,False
2,4,0,0,6,14,640,165.86,33.73426,bw,static,static,results,Results,Results_LLAMA31,LLAMA3-ARXIV-Results,simulator_output_LLAMA3-ARXIV_bwplacement_bs2_staticreq_statictask,SCRUBBED_TIME+LLAMA3-ARXIV_BMPD640_4_6_14,False
2,5,0,0,4,15,384,154.77,33.77569882926829,bw,static,static,results,Results,Results_LLAMA31,LLAMA3-ARXIV-Results,simulator_output_LLAMA3-ARXIV_bwplacement_bs2_staticreq_statictask,SCRUBBED_TIME+LLAMA3-ARXIV_BMPD384_5_4_15,False
4,8,0,0,13,3,640,157.93,33.813718782608696,bw,static,static,results,Results,Results_LLAMA31,LLAMA3-ARXIV-Results,simulator_output_LLAMA3-ARXIV_bwplacement_bs4_staticreq_statictask,SCRUBBED_TIME+LLAMA3-ARXIV_BMPD640_8_13_3,False
4,9,0,0,14,1,512,84.13,33.8273415,bw,static,static,results,Results,Results_LLAMA31,LLAMA3-ARXIV-Results,simulator_output_LLAMA3-ARXIV_bwplacement_bs4_staticreq_statictask,SCRUBBED_TIME+LLAMA3-ARXIV_BMPD512_9_14_1,False
4,7,0,0,15,2,384,120.15,34.01903155555555,bw,static,static,results,Results,Results_LLAMA31,LLAMA3-ARXIV-Results,simulator_output_LLAMA3-ARXIV_bwplacement_bs4_staticreq_statictask,SCRUBBED_TIME+LLAMA3-ARXIV_BMPD384_7_15_2,False
4,12,0,0,10,2,640,118.4,34.08628066666667,bw,static,static,results,Results,Results_LLAMA31,LLAMA3-ARXIV-Results,simulator_output_LLAMA3-ARXIV_bwplacement_bs4_staticreq_statictask,SCRUBBED_TIME+LLAMA3-ARXIV_BMPD640_12_10_2,False
4,4,0,0,10,10,512,239.92,34.08752438709678,bw,static,static,results,Results,Results_LLAMA31,LLAMA3-ARXIV-Results,simulator_output_LLAMA3-ARXIV_bwplacement_bs4_staticreq_statictask,SCRUBBED_TIME+LLAMA3-ARXIV_BMPD512_4_10_10,False
2,4,0,0,5,15,512,162.83,34.095544090909094,bw,static,static,results,Results,Results_LLAMA31,LLAMA3-ARXIV-Results,simulator_output_LLAMA3-ARXIV_bwplacement_bs2_staticreq_statictask,SCRUBBED_TIME+LLAMA3-ARXIV_BMPD512_4_5_15,False
4,14,0,0,8,2,640,106.72,34.15221306666667,bw,static,static,results,Results,Results_LLAMA31,LLAMA3-ARXIV-Results,simulator_output_LLAMA3-ARXIV_bwplacement_bs4_staticreq_statictask,SCRUBBED_TIME+LLAMA3-ARXIV_BMPD640_14_8_2,False
4,7,0,0,16,1,512,88.32,34.20371111111111,bw,static,static,results,Results,Results_LLAMA31,LLAMA3-ARXIV-Results,simulator_output_LLAMA3-ARXIV_bwplacement_bs4_staticreq_statictask,SCRUBBED_TIME+LLAMA3-ARXIV_BMPD512_7_16_1,False
4,8,0,0,8,8,512,266.99,34.204979125,bw,static,static,results,Results,Results_LLAMA31,LLAMA3-ARXIV-Results,simulator_output_LLAMA3-ARXIV_bwplacement_bs4_staticreq_statictask,SCRUBBED_TIME+LLAMA3-ARXIV_BMPD512_8_8_8,False
4,4,0,0,9,11,512,251.57,34.258411483870965,bw,static,static,results,Results,Results_LLAMA31,LLAMA3-ARXIV-Results,simulator_output_LLAMA3-ARXIV_bwplacement_bs4_staticreq_statictask,SCRUBBED_TIME+LLAMA3-ARXIV_BMPD512_4_9_11,False
4,8,0,0,13,3,512,171.91,34.2706092173913,bw,static,static,results,Results,Results_LLAMA31,LLAMA3-ARXIV-Results,simulator_output_LLAMA3-ARXIV_bwplacement_bs4_staticreq_statictask,SCRUBBED_TIME+LLAMA3-ARXIV_BMPD512_8_13_3,False
4,10,0,0,10,4,512,163.14,34.356909217391305,bw,static,static,results,Results,Results_LLAMA31,LLAMA3-ARXIV-Results,simulator_output_LLAMA3-ARXIV_bwplacement_bs4_staticreq_statictask,SCRUBBED_TIME+LLAMA3-ARXIV_BMPD512_10_10_4,False
4,5,0,0,7,12,256,201.35,34.39344709677419,bw,static,static,results,Results,Results_LLAMA31,LLAMA3-ARXIV-Results,simulator_output_LLAMA3-ARXIV_bwplacement_bs4_staticreq_statictask,SCRUBBED_TIME+LLAMA3-ARXIV_BMPD256_5_7_12,False
4,3,0,0,10,11,640,147.98,34.46863066666666,bw,static,static,results,Results,Results_LLAMA31,LLAMA3-ARXIV-Results,simulator_output_LLAMA3-ARXIV_bwplacement_bs4_staticreq_statictask,SCRUBBED_TIME+LLAMA3-ARXIV_BMPD640_3_10_11,False
2,10,0,0,4,10,640,113.86,34.55020413333333,bw,static,static,results,Results,Results_LLAMA31,LLAMA3-ARXIV-Results,simulator_output_LLAMA3-ARXIV_bwplacement_bs2_staticreq_statictask,SCRUBBED_TIME+LLAMA3-ARXIV_BMPD640_10_4_10,False
4,16,0,0,5,3,512,118.49,34.55199294117647,bw,static,static,results,Results,Results_LLAMA31,LLAMA3-ARXIV-Results,simulator_output_LLAMA3-ARXIV_bwplacement_bs4_staticreq_statictask,SCRUBBED_TIME+LLAMA3-ARXIV_BMPD512_16_5_3,False
4,12,0,0,7,5,512,170.89,34.60318313043478,bw,static,static,results,Results,Results_LLAMA31,LLAMA3-ARXIV-Results,simulator_output_LLAMA3-ARXIV_bwplacement_bs4_staticreq_statictask,SCRUBBED_TIME+LLAMA3-ARXIV_BMPD512_12_7_5,False
4,16,0,0,3,5,256,89.87,34.617121866666665,bw,static,static,results,Results,Results_LLAMA31,LLAMA3-ARXIV-Results,simulator_output_LLAMA3-ARXIV_bwplacement_bs4_staticreq_statictask,SCRUBBED_TIME+LLAMA3-ARXIV_BMPD256_16_3_5,False
4,2,0,0,5,17,640,103.76,34.62037230769231,bw,static,static,results,Results,Results_LLAMA31,LLAMA3-ARXIV-Results,simulator_output_LLAMA3-ARXIV_bwplacement_bs4_staticreq_statictask,SCRUBBED_TIME+LLAMA3-ARXIV_BMPD640_2_5_17,False
4,4,0,0,19,1,640,81.9,34.62528622222222,bw,static,static,results,Results,Results_LLAMA31,LLAMA3-ARXIV-Results,simulator_output_LLAMA3-ARXIV_bwplacement_bs4_staticreq_statictask,SCRUBBED_TIME+LLAMA3-ARXIV_BMPD640_4_19_1,False
4,11,0,0,11,2,640,120.53,34.66410288888889,bw,static,static,results,Results,Results_LLAMA31,LLAMA3-ARXIV-Results,simulator_output_LLAMA3-ARXIV_bwplacement_bs4_staticreq_statictask,SCRUBBED_TIME+LLAMA3-ARXIV_BMPD640_11_11_2,False
4,5,0,0,13,6,640,230.15,34.71050181818182,bw,static,static,results,Results,Results_LLAMA31,LLAMA3-ARXIV-Results,simulator_output_LLAMA3-ARXIV_bwplacement_bs4_staticreq_statictask,SCRUBBED_TIME+LLAMA3-ARXIV_BMPD640_5_13_6,False
4,9,0,0,12,3,512,149.39,34.721181904761906,bw,static,static,results,Results,Results_LLAMA31,LLAMA3-ARXIV-Results,simulator_output_LLAMA3-ARXIV_bwplacement_bs4_staticreq_statictask,SCRUBBED_TIME+LLAMA3-ARXIV_BMPD512_9_12_3,False
4,8,0,0,7,9,256,175.72,34.7483152,bw,static,static,results,Results,Results_LLAMA31,LLAMA3-ARXIV-Results,simulator_output_LLAMA3-ARXIV_bwplacement_bs4_staticreq_statictask,SCRUBBED_TIME+LLAMA3-ARXIV_BMPD256_8_7_9,False
2,7,0,0,5,12,640,143.26,34.78658522222222,bw,static,static,results,Results,Results_LLAMA31,LLAMA3-ARXIV-Results,simulator_output_LLAMA3-ARXIV_bwplacement_bs2_staticreq_statictask,SCRUBBED_TIME+LLAMA3-ARXIV_BMPD640_7_5_12,False
4,10,0,0,7,7,384,185.9,34.80389632,bw,static,static,results,Results,Results_LLAMA31,LLAMA3-ARXIV-Results,simulator_output_LLAMA3-ARXIV_bwplacement_bs4_staticreq_statictask,SCRUBBED_TIME+LLAMA3-ARXIV_BMPD384_10_7_7,False
4,11,0,0,7,6,384,169.43,34.86807930434783,bw,static,static,results,Results,Results_LLAMA31,LLAMA3-ARXIV-Results,simulator_output_LLAMA3-ARXIV_bwplacement_bs4_staticreq_statictask,SCRUBBED_TIME+LLAMA3-ARXIV_BMPD384_11_7_6,False
4,5,0,0,8,11,512,271.59,34.8841783030303,bw,static,static,results,Results,Results_LLAMA31,LLAMA3-ARXIV-Results,simulator_output_LLAMA3-ARXIV_bwplacement_bs4_staticreq_statictask,SCRUBBED_TIME+LLAMA3-ARXIV_BMPD512_5_8_11,False
2,4,0,0,4,16,384,154.79,34.89231076190476,bw,static,static,results,Results,Results_LLAMA31,LLAMA3-ARXIV-Results,simulator_output_LLAMA3-ARXIV_bwplacement_bs2_staticreq_statictask,SCRUBBED_TIME+LLAMA3-ARXIV_BMPD384_4_4_16,False
4,12,0,0,8,4,640,163.68,34.99393182608695,bw,static,static,results,Results,Results_LLAMA31,LLAMA3-ARXIV-Results,simulator_output_LLAMA3-ARXIV_bwplacement_bs4_staticreq_statictask,SCRUBBED_TIME+LLAMA3-ARXIV_BMPD640_12_8_4,False
2,8,0,0,4,12,512,134.9,35.0772976,bw,static,static,results,Results,Results_LLAMA31,LLAMA3-ARXIV-Results,simulator_output_LLAMA3-ARXIV_bwplacement_bs2_staticreq_statictask,SCRUBBED_TIME+LLAMA3-ARXIV_BMPD512_8_4_12,False
4,4,0,0,7,13,384,223.11,35.1490536,bw,static,static,results,Results,Results_LLAMA31,LLAMA3-ARXIV-Results,simulator_output_LLAMA3-ARXIV_bwplacement_bs4_staticreq_statictask,SCRUBBED_TIME+LLAMA3-ARXIV_BMPD384_4_7_13,False
4,6,0,0,15,3,512,175.21,35.15896573913044,bw,static,static,results,Results,Results_LLAMA31,LLAMA3-ARXIV-Results,simulator_output_LLAMA3-ARXIV_bwplacement_bs4_staticreq_statictask,SCRUBBED_TIME+LLAMA3-ARXIV_BMPD512_6_15_3,False
4,6,0,0,13,5,640,215.47,35.200329090909094,bw,static,static,results,Results,Results_LLAMA31,LLAMA3-ARXIV-Results,simulator_output_LLAMA3-ARXIV_bwplacement_bs4_staticreq_statictask,SCRUBBED_TIME+LLAMA3-ARXIV_BMPD640_6_13_5,False
4,14,0,0,9,1,512,68.39,35.20245018181818,bw,static,static,results,Results,Results_LLAMA31,LLAMA3-ARXIV-Results,simulator_output_LLAMA3-ARXIV_bwplacement_bs4_staticreq_statictask,SCRUBBED_TIME+LLAMA3-ARXIV_BMPD512_14_9_1,False
4,9,0,0,13,2,512,127.19,35.20461111111111,bw,static,static,results,Results,Results_LLAMA31,LLAMA3-ARXIV-Results,simulator_output_LLAMA3-ARXIV_bwplacement_bs4_staticreq_statictask,SCRUBBED_TIME+LLAMA3-ARXIV_BMPD512_9_13_2,False
4,10,0,0,6,8,384,203.28,35.2111436,bw,static,static,results,Results,Results_LLAMA31,LLAMA3-ARXIV-Results,simulator_output_LLAMA3-ARXIV_bwplacement_bs4_staticreq_statictask,SCRUBBED_TIME+LLAMA3-ARXIV_BMPD384_10_6_8,False
4,5,0,0,18,1,640,85.71,35.29142511111111,bw,static,static,results,Results,Results_LLAMA31,LLAMA3-ARXIV-Results,simulator_output_LLAMA3-ARXIV_bwplacement_bs4_staticreq_statictask,SCRUBBED_TIME+LLAMA3-ARXIV_BMPD640_5_18_1,False
4,3,0,0,7,14,640,144.97,35.29581955555555,bw,static,static,results,Results,Results_LLAMA31,LLAMA3-ARXIV-Results,simulator_output_LLAMA3-ARXIV_bwplacement_bs4_staticreq_statictask,SCRUBBED_TIME+LLAMA3-ARXIV_BMPD640_3_7_14,False
4,5,0,0,13,6,512,238.14,35.34873083870968,bw,static,static,results,Results,Results_LLAMA31,LLAMA3-ARXIV-Results,simulator_output_LLAMA3-ARXIV_bwplacement_bs4_staticreq_statictask,SCRUBBED_TIME+LLAMA3-ARXIV_BMPD512_5_13_6,False
4,8,0,0,11,5,512,196.57,35.38388014814815,bw,static,static,results,Results,Results_LLAMA31,LLAMA3-ARXIV-Results,simulator_output_LLAMA3-ARXIV_bwplacement_bs4_staticreq_statictask,SCRUBBED_TIME+LLAMA3-ARXIV_BMPD512_8_11_5,False
4,7,0,0,13,4,640,193.74,35.403670956521744,bw,static,static,results,Results,Results_LLAMA31,LLAMA3-ARXIV-Results,simulator_output_LLAMA3-ARXIV_bwplacement_bs4_staticreq_statictask,SCRUBBED_TIME+LLAMA3-ARXIV_BMPD640_7_13_4,False
4,13,0,0,6,5,512,160.13,35.41797238095238,bw,static,static,results,Results,Results_LLAMA31,LLAMA3-ARXIV-Results,simulator_output_LLAMA3-ARXIV_bwplacement_bs4_staticreq_statictask,SCRUBBED_TIME+LLAMA3-ARXIV_BMPD512_13_6_5,False
4,15,0,0,5,4,512,138.39,35.44558333333334,bw,static,static,results,Results,Results_LLAMA31,LLAMA3-ARXIV-Results,simulator_output_LLAMA3-ARXIV_bwplacement_bs4_staticreq_statictask,SCRUBBED_TIME+LLAMA3-ARXIV_BMPD512_15_5_4,False
2,16,0,0,2,6,512,60.74,35.4668805,bw,static,static,results,Results,Results_LLAMA31,LLAMA3-ARXIV-Results,simulator_output_LLAMA3-ARXIV_bwplacement_bs2_staticreq_statictask,SCRUBBED_TIME+LLAMA3-ARXIV_BMPD512_16_2_6,False
4,8,0,0,12,4,512,189.26,35.470857043478254,bw,static,static,results,Results,Results_LLAMA31,LLAMA3-ARXIV-Results,simulator_output_LLAMA3-ARXIV_bwplacement_bs4_staticreq_statictask,SCRUBBED_TIME+LLAMA3-ARXIV_BMPD512_8_12_4,False
4,9,0,0,9,6,512,205.35,35.483917185185184,bw,static,static,results,Results,Results_LLAMA31,LLAMA3-ARXIV-Results,simulator_output_LLAMA3-ARXIV_bwplacement_bs4_staticreq_statictask,SCRUBBED_TIME+LLAMA3-ARXIV_BMPD512_9_9_6,False
4,7,0,0,11,6,512,227.14,35.542593454545454,bw,static,static,results,Results,Results_LLAMA31,LLAMA3-ARXIV-Results,simulator_output_LLAMA3-ARXIV_bwplacement_bs4_staticreq_statictask,SCRUBBED_TIME+LLAMA3-ARXIV_BMPD512_7_11_6,False
4,7,0,0,8,9,512,275.43,35.545954060606064,bw,static,static,results,Results,Results_LLAMA31,LLAMA3-ARXIV-Results,simulator_output_LLAMA3-ARXIV_bwplacement_bs4_staticreq_statictask,SCRUBBED_TIME+LLAMA3-ARXIV_BMPD512_7_8_9,False
4,5,0,0,12,7,640,232.32,35.596161058823526,bw,static,static,results,Results,Results_LLAMA31,LLAMA3-ARXIV-Results,simulator_output_LLAMA3-ARXIV_bwplacement_bs4_staticreq_statictask,SCRUBBED_TIME+LLAMA3-ARXIV_BMPD640_5_12_7,False
4,5,0,0,11,8,512,257.55,35.61096376470588,bw,static,static,results,Results,Results_LLAMA31,LLAMA3-ARXIV-Results,simulator_output_LLAMA3-ARXIV_bwplacement_bs4_staticreq_statictask,SCRUBBED_TIME+LLAMA3-ARXIV_BMPD512_5_11_8,False
4,12,0,0,5,7,384,175.05,35.63718690909091,bw,static,static,results,Results,Results_LLAMA31,LLAMA3-ARXIV-Results,simulator_output_LLAMA3-ARXIV_bwplacement_bs4_staticreq_statictask,SCRUBBED_TIME+LLAMA3-ARXIV_BMPD384_12_5_7,False
4,9,0,0,6,9,256,160.57,35.646102956521744,bw,static,static,results,Results,Results_LLAMA31,LLAMA3-ARXIV-Results,simulator_output_LLAMA3-ARXIV_bwplacement_bs4_staticreq_statictask,SCRUBBED_TIME+LLAMA3-ARXIV_BMPD256_9_6_9,False
4,9,0,0,12,3,640,145.64,35.675908444444445,bw,static,static,results,Results,Results_LLAMA31,LLAMA3-ARXIV-Results,simulator_output_LLAMA3-ARXIV_bwplacement_bs4_staticreq_statictask,SCRUBBED_TIME+LLAMA3-ARXIV_BMPD640_9_12_3,False
4,13,0,0,9,2,640,105.82,35.69823225,bw,static,static,results,Results,Results_LLAMA31,LLAMA3-ARXIV-Results,simulator_output_LLAMA3-ARXIV_bwplacement_bs4_staticreq_statictask,SCRUBBED_TIME+LLAMA3-ARXIV_BMPD640_13_9_2,False
4,5,0,0,12,7,512,235.99,35.78145788235294,bw,static,static,results,Results,Results_LLAMA31,LLAMA3-ARXIV-Results,simulator_output_LLAMA3-ARXIV_bwplacement_bs4_staticreq_statictask,SCRUBBED_TIME+LLAMA3-ARXIV_BMPD512_5_12_7,False
4,9,0,0,7,8,384,218.0,35.79857693333333,bw,static,static,results,Results,Results_LLAMA31,LLAMA3-ARXIV-Results,simulator_output_LLAMA3-ARXIV_bwplacement_bs4_staticreq_statictask,SCRUBBED_TIME+LLAMA3-ARXIV_BMPD384_9_7_8,False
4,9,0,0,10,5,512,181.46,35.80166272,bw,static,static,results,Results,Results_LLAMA31,LLAMA3-ARXIV-Results,simulator_output_LLAMA3-ARXIV_bwplacement_bs4_staticreq_statictask,SCRUBBED_TIME+LLAMA3-ARXIV_BMPD512_9_10_5,False
4,5,0,0,15,4,640,193.48,35.814012,bw,static,static,results,Results,Results_LLAMA31,LLAMA3-ARXIV-Results,simulator_output_LLAMA3-ARXIV_bwplacement_bs4_staticreq_statictask,SCRUBBED_TIME+LLAMA3-ARXIV_BMPD640_5_15_4,False
4,15,0,0,8,1,640,62.41,35.8275624,bw,static,static,results,Results,Results_LLAMA31,LLAMA3-ARXIV-Results,simulator_output_LLAMA3-ARXIV_bwplacement_bs4_staticreq_statictask,SCRUBBED_TIME+LLAMA3-ARXIV_BMPD640_15_8_1,False
4,3,0,0,4,17,384,142.55,35.849859333333335,bw,static,static,results,Results,Results_LLAMA31,LLAMA3-ARXIV-Results,simulator_output_LLAMA3-ARXIV_bwplacement_bs4_staticreq_statictask,SCRUBBED_TIME+LLAMA3-ARXIV_BMPD384_3_4_17,False
2,8,0,0,3,13,256,95.95,35.866465806451615,bw,static,static,results,Results,Results_LLAMA31,LLAMA3-ARXIV-Results,simulator_output_LLAMA3-ARXIV_bwplacement_bs2_staticreq_statictask,SCRUBBED_TIME+LLAMA3-ARXIV_BMPD256_8_3_13,False
2,2,0,0,3,19,512,85.05,35.910019478260864,bw,static,static,results,Results,Results_LLAMA31,LLAMA3-ARXIV-Results,simulator_output_LLAMA3-ARXIV_bwplacement_bs2_staticreq_statictask,SCRUBBED_TIME+LLAMA3-ARXIV_BMPD512_2_3_19,False
2,3,0,0,5,16,640,136.03,35.975713,bw,static,static,results,Results,Results_LLAMA31,LLAMA3-ARXIV-Results,simulator_output_LLAMA3-ARXIV_bwplacement_bs2_staticreq_statictask,SCRUBBED_TIME+LLAMA3-ARXIV_BMPD640_3_5_16,False
4,10,0,0,13,1,640,79.59,35.98035973333334,bw,static,static,results,Results,Results_LLAMA31,LLAMA3-ARXIV-Results,simulator_output_LLAMA3-ARXIV_bwplacement_bs4_staticreq_statictask,SCRUBBED_TIME+LLAMA3-ARXIV_BMPD640_10_13_1,False
4,11,0,0,5,8,256,155.32,36.02100295652174,bw,static,static,results,Results,Results_LLAMA31,LLAMA3-ARXIV-Results,simulator_output_LLAMA3-ARXIV_bwplacement_bs4_staticreq_statictask,SCRUBBED_TIME+LLAMA3-ARXIV_BMPD256_11_5_8,False
4,2,0,0,4,18,512,95.48,36.102299692307696,bw,static,static,results,Results,Results_LLAMA31,LLAMA3-ARXIV-Results,simulator_output_LLAMA3-ARXIV_bwplacement_bs4_staticreq_statictask,SCRUBBED_TIME+LLAMA3-ARXIV_BMPD512_2_4_18,False
4,6,0,0,17,1,512,88.94,36.21785,bw,static,static,results,Results,Results_LLAMA31,LLAMA3-ARXIV-Results,simulator_output_LLAMA3-ARXIV_bwplacement_bs4_staticreq_statictask,SCRUBBED_TIME+LLAMA3-ARXIV_BMPD512_6_17_1,False
2,10,0,0,3,11,384,105.38,36.263186266666665,bw,static,static,results,Results,Results_LLAMA31,LLAMA3-ARXIV-Results,simulator_output_LLAMA3-ARXIV_bwplacement_bs2_staticreq_statictask,SCRUBBED_TIME+LLAMA3-ARXIV_BMPD384_10_3_11,False
4,11,0,0,6,7,384,173.73,36.28420466666667,bw,static,static,results,Results,Results_LLAMA31,LLAMA3-ARXIV-Results,simulator_output_LLAMA3-ARXIV_bwplacement_bs4_staticreq_statictask,SCRUBBED_TIME+LLAMA3-ARXIV_BMPD384_11_6_7,False
4,6,0,0,8,10,512,274.99,36.3035314117647,bw,static,static,results,Results,Results_LLAMA31,LLAMA3-ARXIV-Results,simulator_output_LLAMA3-ARXIV_bwplacement_bs4_staticreq_statictask,SCRUBBED_TIME+LLAMA3-ARXIV_BMPD512_6_8_10,False
4,4,0,0,8,12,640,220.54,36.316724666666666,bw,static,static,results,Results,Results_LLAMA31,LLAMA3-ARXIV-Results,simulator_output_LLAMA3-ARXIV_bwplacement_bs4_staticreq_statictask,SCRUBBED_TIME+LLAMA3-ARXIV_BMPD640_4_8_12,False
4,10,0,0,8,6,640,180.04,36.317868,bw,static,static,results,Results,Results_LLAMA31,LLAMA3-ARXIV-Results,simulator_output_LLAMA3-ARXIV_bwplacement_bs4_staticreq_statictask,SCRUBBED_TIME+LLAMA3-ARXIV_BMPD640_10_8_6,False
4,10,0,0,11,3,640,144.79,36.331464,bw,static,static,results,Results,Results_LLAMA31,LLAMA3-ARXIV-Results,simulator_output_LLAMA3-ARXIV_bwplacement_bs4_staticreq_statictask,SCRUBBED_TIME+LLAMA3-ARXIV_BMPD640_10_11_3,False
4,7,0,0,12,5,512,200.16,36.44732672,bw,static,static,results,Results,Results_LLAMA31,LLAMA3-ARXIV-Results,simulator_output_LLAMA3-ARXIV_bwplacement_bs4_staticreq_statictask,SCRUBBED_TIME+LLAMA3-ARXIV_BMPD512_7_12_5,False
4,11,0,0,8,5,640,167.85,36.46187965217391,bw,static,static,results,Results,Results_LLAMA31,LLAMA3-ARXIV-Results,simulator_output_LLAMA3-ARXIV_bwplacement_bs4_staticreq_statictask,SCRUBBED_TIME+LLAMA3-ARXIV_BMPD640_11_8_5,False
4,12,0,0,9,3,640,140.49,36.495702888888886,bw,static,static,results,Results,Results_LLAMA31,LLAMA3-ARXIV-Results,simulator_output_LLAMA3-ARXIV_bwplacement_bs4_staticreq_statictask,SCRUBBED_TIME+LLAMA3-ARXIV_BMPD640_12_9_3,False
4,5,0,0,14,5,640,193.86,36.51664066666667,bw,static,static,results,Results,Results_LLAMA31,LLAMA3-ARXIV-Results,simulator_output_LLAMA3-ARXIV_bwplacement_bs4_staticreq_statictask,SCRUBBED_TIME+LLAMA3-ARXIV_BMPD640_5_14_5,False
4,6,0,0,7,11,256,201.15,36.53508580645161,bw,static,static,results,Results,Results_LLAMA31,LLAMA3-ARXIV-Results,simulator_output_LLAMA3-ARXIV_bwplacement_bs4_staticreq_statictask,SCRUBBED_TIME+LLAMA3-ARXIV_BMPD256_6_7_11,False
4,6,0,0,16,2,640,129.56,36.64294254545455,bw,static,static,results,Results,Results_LLAMA31,LLAMA3-ARXIV-Results,simulator_output_LLAMA3-ARXIV_bwplacement_bs4_staticreq_statictask,SCRUBBED_TIME+LLAMA3-ARXIV_BMPD640_6_16_2,False
2,13,0,0,2,9,256,65.38,36.67258652631578,bw,static,static,results,Results,Results_LLAMA31,LLAMA3-ARXIV-Results,simulator_output_LLAMA3-ARXIV_bwplacement_bs2_staticreq_statictask,SCRUBBED_TIME+LLAMA3-ARXIV_BMPD256_13_2_9,False
4,12,0,0,11,1,512,74.45,36.68162276923077,bw,static,static,results,Results,Results_LLAMA31,LLAMA3-ARXIV-Results,simulator_output_LLAMA3-ARXIV_bwplacement_bs4_staticreq_statictask,SCRUBBED_TIME+LLAMA3-ARXIV_BMPD512_12_11_1,False
4,4,0,0,5,15,256,177.21,36.81583430769231,bw,static,static,results,Results,Results_LLAMA31,LLAMA3-ARXIV-Results,simulator_output_LLAMA3-ARXIV_bwplacement_bs4_staticreq_statictask,SCRUBBED_TIME+LLAMA3-ARXIV_BMPD256_4_5_15,False
4,14,0,0,4,6,384,143.76,36.83500377777778,bw,static,static,results,Results,Results_LLAMA31,LLAMA3-ARXIV-Results,simulator_output_LLAMA3-ARXIV_bwplacement_bs4_staticreq_statictask,SCRUBBED_TIME+LLAMA3-ARXIV_BMPD384_14_4_6,False
4,13,0,0,10,1,512,72.99,36.85214633333334,bw,static,static,results,Results,Results_LLAMA31,LLAMA3-ARXIV-Results,simulator_output_LLAMA3-ARXIV_bwplacement_bs4_staticreq_statictask,SCRUBBED_TIME+LLAMA3-ARXIV_BMPD512_13_10_1,False
4,6,0,0,11,7,512,247.18,36.85672552941176,bw,static,static,results,Results,Results_LLAMA31,LLAMA3-ARXIV-Results,simulator_output_LLAMA3-ARXIV_bwplacement_bs4_staticreq_statictask,SCRUBBED_TIME+LLAMA3-ARXIV_BMPD512_6_11_7,False
4,8,0,0,12,4,640,177.89,36.87842747826087,bw,static,static,results,Results,Results_LLAMA31,LLAMA3-ARXIV-Results,simulator_output_LLAMA3-ARXIV_bwplacement_bs4_staticreq_statictask,SCRUBBED_TIME+LLAMA3-ARXIV_BMPD640_8_12_4,False
4,10,0,0,10,4,640,170.85,36.88958834782608,bw,static,static,results,Results,Results_LLAMA31,LLAMA3-ARXIV-Results,simulator_output_LLAMA3-ARXIV_bwplacement_bs4_staticreq_statictask,SCRUBBED_TIME+LLAMA3-ARXIV_BMPD640_10_10_4,False
2,9,0,0,4,11,640,118.95,36.900173161290326,bw,static,static,results,Results,Results_LLAMA31,LLAMA3-ARXIV-Results,simulator_output_LLAMA3-ARXIV_bwplacement_bs2_staticreq_statictask,SCRUBBED_TIME+LLAMA3-ARXIV_BMPD640_9_4_11,False
4,5,0,0,6,13,256,188.87,36.945269333333336,bw,static,static,results,Results,Results_LLAMA31,LLAMA3-ARXIV-Results,simulator_output_LLAMA3-ARXIV_bwplacement_bs4_staticreq_statictask,SCRUBBED_TIME+LLAMA3-ARXIV_BMPD256_5_6_13,False
2,7,0,0,4,13,512,136.24,36.94629188571429,bw,static,static,results,Results,Results_LLAMA31,LLAMA3-ARXIV-Results,simulator_output_LLAMA3-ARXIV_bwplacement_bs2_staticreq_statictask,SCRUBBED_TIME+LLAMA3-ARXIV_BMPD512_7_4_13,False
4,8,0,0,15,1,512,86.45,37.00425176470589,bw,static,static,results,Results,Results_LLAMA31,LLAMA3-ARXIV-Results,simulator_output_LLAMA3-ARXIV_bwplacement_bs4_staticreq_statictask,SCRUBBED_TIME+LLAMA3-ARXIV_BMPD512_8_15_1,False
4,14,0,0,7,3,640,129.02,37.03416955555555,bw,static,static,results,Results,Results_LLAMA31,LLAMA3-ARXIV-Results,simulator_output_LLAMA3-ARXIV_bwplacement_bs4_staticreq_statictask,SCRUBBED_TIME+LLAMA3-ARXIV_BMPD640_14_7_3,False
4,8,0,0,6,10,256,170.84,37.06048556521739,bw,static,static,results,Results,Results_LLAMA31,LLAMA3-ARXIV-Results,simulator_output_LLAMA3-ARXIV_bwplacement_bs4_staticreq_statictask,SCRUBBED_TIME+LLAMA3-ARXIV_BMPD256_8_6_10,False
4,8,0,0,9,7,512,224.69,37.10221793548387,bw,static,static,results,Results,Results_LLAMA31,LLAMA3-ARXIV-Results,simulator_output_LLAMA3-ARXIV_bwplacement_bs4_staticreq_statictask,SCRUBBED_TIME+LLAMA3-ARXIV_BMPD512_8_9_7,False
4,10,0,0,5,9,256,146.38,37.120381217391305,bw,static,static,results,Results,Results_LLAMA31,LLAMA3-ARXIV-Results,simulator_output_LLAMA3-ARXIV_bwplacement_bs4_staticreq_statictask,SCRUBBED_TIME+LLAMA3-ARXIV_BMPD256_10_5_9,False
2,12,0,0,3,9,512,92.72,37.255576,bw,static,static,results,Results,Results_LLAMA31,LLAMA3-ARXIV-Results,simulator_output_LLAMA3-ARXIV_bwplacement_bs2_staticreq_statictask,SCRUBBED_TIME+LLAMA3-ARXIV_BMPD512_12_3_9,False
4,7,0,0,15,2,512,127.65,37.262648,bw,static,static,results,Results,Results_LLAMA31,LLAMA3-ARXIV-Results,simulator_output_LLAMA3-ARXIV_bwplacement_bs4_staticreq_statictask,SCRUBBED_TIME+LLAMA3-ARXIV_BMPD512_7_15_2,False
4,4,0,0,11,9,640,210.17,37.268374666666666,bw,static,static,results,Results,Results_LLAMA31,LLAMA3-ARXIV-Results,simulator_output_LLAMA3-ARXIV_bwplacement_bs4_staticreq_statictask,SCRUBBED_TIME+LLAMA3-ARXIV_BMPD640_4_11_9,False
4,6,0,0,15,3,640,171.9,37.297057913043474,bw,static,static,results,Results,Results_LLAMA31,LLAMA3-ARXIV-Results,simulator_output_LLAMA3-ARXIV_bwplacement_bs4_staticreq_statictask,SCRUBBED_TIME+LLAMA3-ARXIV_BMPD640_6_15_3,False
4,13,0,0,4,7,256,118.26,37.316089777777776,bw,static,static,results,Results,Results_LLAMA31,LLAMA3-ARXIV-Results,simulator_output_LLAMA3-ARXIV_bwplacement_bs4_staticreq_statictask,SCRUBBED_TIME+LLAMA3-ARXIV_BMPD256_13_4_7,False
4,6,0,0,12,6,640,216.64,37.33085333333334,bw,static,static,results,Results,Results_LLAMA31,LLAMA3-ARXIV-Results,simulator_output_LLAMA3-ARXIV_bwplacement_bs4_staticreq_statictask,SCRUBBED_TIME+LLAMA3-ARXIV_BMPD640_6_12_6,False
4,9,0,0,11,4,640,182.4,37.33434486956522,bw,static,static,results,Results,Results_LLAMA31,LLAMA3-ARXIV-Results,simulator_output_LLAMA3-ARXIV_bwplacement_bs4_staticreq_statictask,SCRUBBED_TIME+LLAMA3-ARXIV_BMPD640_9_11_4,False
4,5,0,0,9,10,512,261.22,37.35786376470588,bw,static,static,results,Results,Results_LLAMA31,LLAMA3-ARXIV-Results,simulator_output_LLAMA3-ARXIV_bwplacement_bs4_staticreq_statictask,SCRUBBED_TIME+LLAMA3-ARXIV_BMPD512_5_9_10,False
4,12,0,0,6,6,512,166.94,37.39889182608695,bw,static,static,results,Results,Results_LLAMA31,LLAMA3-ARXIV-Results,simulator_output_LLAMA3-ARXIV_bwplacement_bs4_staticreq_statictask,SCRUBBED_TIME+LLAMA3-ARXIV_BMPD512_12_6_6,False
4,16,0,0,4,4,512,108.23,37.40945176470588,bw,static,static,results,Results,Results_LLAMA31,LLAMA3-ARXIV-Results,simulator_output_LLAMA3-ARXIV_bwplacement_bs4_staticreq_statictask,SCRUBBED_TIME+LLAMA3-ARXIV_BMPD512_16_4_4,False
2,6,0,0,5,13,640,142.24,37.41124077777778,bw,static,static,results,Results,Results_LLAMA31,LLAMA3-ARXIV-Results,simulator_output_LLAMA3-ARXIV_bwplacement_bs2_staticreq_statictask,SCRUBBED_TIME+LLAMA3-ARXIV_BMPD640_6_5_13,False
4,7,0,0,16,1,640,85.39,37.416397333333336,bw,static,static,results,Results,Results_LLAMA31,LLAMA3-ARXIV-Results,simulator_output_LLAMA3-ARXIV_bwplacement_bs4_staticreq_statictask,SCRUBBED_TIME+LLAMA3-ARXIV_BMPD640_7_16_1,False
4,6,0,0,12,6,512,217.86,37.41856309677419,bw,static,static,results,Results,Results_LLAMA31,LLAMA3-ARXIV-Results,simulator_output_LLAMA3-ARXIV_bwplacement_bs4_staticreq_statictask,SCRUBBED_TIME+LLAMA3-ARXIV_BMPD512_6_12_6,False
4,8,0,0,10,6,512,187.61,37.474205600000005,bw,static,static,results,Results,Results_LLAMA31,LLAMA3-ARXIV-Results,simulator_output_LLAMA3-ARXIV_bwplacement_bs4_staticreq_statictask,SCRUBBED_TIME+LLAMA3-ARXIV_BMPD512_8_10_6,False
4,7,0,0,13,4,512,199.85,37.61489072,bw,static,static,results,Results,Results_LLAMA31,LLAMA3-ARXIV-Results,simulator_output_LLAMA3-ARXIV_bwplacement_bs4_staticreq_statictask,SCRUBBED_TIME+LLAMA3-ARXIV_BMPD512_7_13_4,False
4,3,0,0,5,16,512,143.24,37.679094444444445,bw,static,static,results,Results,Results_LLAMA31,LLAMA3-ARXIV-Results,simulator_output_LLAMA3-ARXIV_bwplacement_bs4_staticreq_statictask,SCRUBBED_TIME+LLAMA3-ARXIV_BMPD512_3_5_16,False
4,10,0,0,13,1,512,81.27,37.7226048,bw,static,static,results,Results,Results_LLAMA31,LLAMA3-ARXIV-Results,simulator_output_LLAMA3-ARXIV_bwplacement_bs4_staticreq_statictask,SCRUBBED_TIME+LLAMA3-ARXIV_BMPD512_10_13_1,False
4,4,0,0,10,10,640,208.92,37.782384666666665,bw,static,static,results,Results,Results_LLAMA31,LLAMA3-ARXIV-Results,simulator_output_LLAMA3-ARXIV_bwplacement_bs4_staticreq_statictask,SCRUBBED_TIME+LLAMA3-ARXIV_BMPD640_4_10_10,False
4,10,0,0,7,7,512,192.09,37.822044,bw,static,static,results,Results,Results_LLAMA31,LLAMA3-ARXIV-Results,simulator_output_LLAMA3-ARXIV_bwplacement_bs4_staticreq_statictask,SCRUBBED_TIME+LLAMA3-ARXIV_BMPD512_10_7_7,False
2,13,0,0,3,8,640,82.17,37.83496781818182,bw,static,static,results,Results,Results_LLAMA31,LLAMA3-ARXIV-Results,simulator_output_LLAMA3-ARXIV_bwplacement_bs2_staticreq_statictask,SCRUBBED_TIME+LLAMA3-ARXIV_BMPD640_13_3_8,False
4,11,0,0,7,6,512,175.96,37.89608313043478,bw,static,static,results,Results,Results_LLAMA31,LLAMA3-ARXIV-Results,simulator_output_LLAMA3-ARXIV_bwplacement_bs4_staticreq_statictask,SCRUBBED_TIME+LLAMA3-ARXIV_BMPD512_11_7_6,False
4,7,0,0,7,10,256,177.43,37.92747686956522,bw,static,static,results,Results,Results_LLAMA31,LLAMA3-ARXIV-Results,simulator_output_LLAMA3-ARXIV_bwplacement_bs4_staticreq_statictask,SCRUBBED_TIME+LLAMA3-ARXIV_BMPD256_7_7_10,False
4,4,0,0,6,14,384,210.38,37.93646675862069,bw,static,static,results,Results,Results_LLAMA31,LLAMA3-ARXIV-Results,simulator_output_LLAMA3-ARXIV_bwplacement_bs4_staticreq_statictask,SCRUBBED_TIME+LLAMA3-ARXIV_BMPD384_4_6_14,False
4,14,0,0,9,1,640,65.86,37.994696363636365,bw,static,static,results,Results,Results_LLAMA31,LLAMA3-ARXIV-Results,simulator_output_LLAMA3-ARXIV_bwplacement_bs4_staticreq_statictask,SCRUBBED_TIME+LLAMA3-ARXIV_BMPD640_14_9_1,False
4,7,0,0,12,5,640,192.64,38.064574,bw,static,static,results,Results,Results_LLAMA31,LLAMA3-ARXIV-Results,simulator_output_LLAMA3-ARXIV_bwplacement_bs4_staticreq_statictask,SCRUBBED_TIME+LLAMA3-ARXIV_BMPD640_7_12_5,False
4,16,0,0,7,1,640,58.46,38.106889333333335,bw,static,static,results,Results,Results_LLAMA31,LLAMA3-ARXIV-Results,simulator_output_LLAMA3-ARXIV_bwplacement_bs4_staticreq_statictask,SCRUBBED_TIME+LLAMA3-ARXIV_BMPD640_16_7_1,False
4,11,0,0,10,3,640,144.27,38.12499733333333,bw,static,static,results,Results,Results_LLAMA31,LLAMA3-ARXIV-Results,simulator_output_LLAMA3-ARXIV_bwplacement_bs4_staticreq_statictask,SCRUBBED_TIME+LLAMA3-ARXIV_BMPD640_11_10_3,False
4,8,0,0,14,2,640,122.85,38.16757511111111,bw,static,static,results,Results,Results_LLAMA31,LLAMA3-ARXIV-Results,simulator_output_LLAMA3-ARXIV_bwplacement_bs4_staticreq_statictask,SCRUBBED_TIME+LLAMA3-ARXIV_BMPD640_8_14_2,False
4,11,0,0,5,8,384,188.47,38.175296333333335,bw,static,static,results,Results,Results_LLAMA31,LLAMA3-ARXIV-Results,simulator_output_LLAMA3-ARXIV_bwplacement_bs4_staticreq_statictask,SCRUBBED_TIME+LLAMA3-ARXIV_BMPD384_11_5_8,False
4,15,0,0,6,3,640,109.01,38.21828622222223,bw,static,static,results,Results,Results_LLAMA31,LLAMA3-ARXIV-Results,simulator_output_LLAMA3-ARXIV_bwplacement_bs4_staticreq_statictask,SCRUBBED_TIME+LLAMA3-ARXIV_BMPD640_15_6_3,False
4,14,0,0,5,5,512,144.78,38.33786666666666,bw,static,static,results,Results,Results_LLAMA31,LLAMA3-ARXIV-Results,simulator_output_LLAMA3-ARXIV_bwplacement_bs4_staticreq_statictask,SCRUBBED_TIME+LLAMA3-ARXIV_BMPD512_14_5_5,False
4,8,0,0,7,9,384,208.61,38.3419636,bw,static,static,results,Results,Results_LLAMA31,LLAMA3-ARXIV-Results,simulator_output_LLAMA3-ARXIV_bwplacement_bs4_staticreq_statictask,SCRUBBED_TIME+LLAMA3-ARXIV_BMPD384_8_7_9,False
4,7,0,0,9,8,512,251.79,38.35939951515152,bw,static,static,results,Results,Results_LLAMA31,LLAMA3-ARXIV-Results,simulator_output_LLAMA3-ARXIV_bwplacement_bs4_staticreq_statictask,SCRUBBED_TIME+LLAMA3-ARXIV_BMPD512_7_9_8,False
4,13,0,0,7,4,640,148.43,38.449186222222224,bw,static,static,results,Results,Results_LLAMA31,LLAMA3-ARXIV-Results,simulator_output_LLAMA3-ARXIV_bwplacement_bs4_staticreq_statictask,SCRUBBED_TIME+LLAMA3-ARXIV_BMPD640_13_7_4,False
2,14,0,0,2,8,384,71.48,38.47411305263158,bw,static,static,results,Results,Results_LLAMA31,LLAMA3-ARXIV-Results,simulator_output_LLAMA3-ARXIV_bwplacement_bs2_staticreq_statictask,SCRUBBED_TIME+LLAMA3-ARXIV_BMPD384_14_2_8,False
4,15,0,0,7,2,640,99.66,38.57565692307692,bw,static,static,results,Results,Results_LLAMA31,LLAMA3-ARXIV-Results,simulator_output_LLAMA3-ARXIV_bwplacement_bs4_staticreq_statictask,SCRUBBED_TIME+LLAMA3-ARXIV_BMPD640_15_7_2,False
4,8,0,0,15,1,640,82.94,38.62232,bw,static,static,results,Results,Results_LLAMA31,LLAMA3-ARXIV-Results,simulator_output_LLAMA3-ARXIV_bwplacement_bs4_staticreq_statictask,SCRUBBED_TIME+LLAMA3-ARXIV_BMPD640_8_15_1,False
4,9,0,0,8,7,640,202.09,38.68198266666666,bw,static,static,results,Results,Results_LLAMA31,LLAMA3-ARXIV-Results,simulator_output_LLAMA3-ARXIV_bwplacement_bs4_staticreq_statictask,SCRUBBED_TIME+LLAMA3-ARXIV_BMPD640_9_8_7,False
4,6,0,0,13,5,512,206.89,38.69453226666666,bw,static,static,results,Results,Results_LLAMA31,LLAMA3-ARXIV-Results,simulator_output_LLAMA3-ARXIV_bwplacement_bs4_staticreq_statictask,SCRUBBED_TIME+LLAMA3-ARXIV_BMPD512_6_13_5,False
2,7,0,0,3,14,256,93.1,38.798930266666666,bw,static,static,results,Results,Results_LLAMA31,LLAMA3-ARXIV-Results,simulator_output_LLAMA3-ARXIV_bwplacement_bs2_staticreq_statictask,SCRUBBED_TIME+LLAMA3-ARXIV_BMPD256_7_3_14,False
4,5,0,0,10,9,512,244.27,38.856354125,bw,static,static,results,Results,Results_LLAMA31,LLAMA3-ARXIV-Results,simulator_output_LLAMA3-ARXIV_bwplacement_bs4_staticreq_statictask,SCRUBBED_TIME+LLAMA3-ARXIV_BMPD512_5_10_9,False
4,9,0,0,6,9,384,200.94,38.91978432,bw,static,static,results,Results,Results_LLAMA31,LLAMA3-ARXIV-Results,simulator_output_LLAMA3-ARXIV_bwplacement_bs4_staticreq_statictask,SCRUBBED_TIME+LLAMA3-ARXIV_BMPD384_9_6_9,False
4,11,0,0,12,1,512,76.0,38.99282,bw,static,static,results,Results,Results_LLAMA31,LLAMA3-ARXIV-Results,simulator_output_LLAMA3-ARXIV_bwplacement_bs4_staticreq_statictask,SCRUBBED_TIME+LLAMA3-ARXIV_BMPD512_11_12_1,False
2,16,0,0,2,6,640,57.97,39.039646,bw,static,static,results,Results,Results_LLAMA31,LLAMA3-ARXIV-Results,simulator_output_LLAMA3-ARXIV_bwplacement_bs2_staticreq_statictask,SCRUBBED_TIME+LLAMA3-ARXIV_BMPD640_16_2_6,False
4,7,0,0,15,2,640,125.08,39.08816955555555,bw,static,static,results,Results,Results_LLAMA31,LLAMA3-ARXIV-Results,simulator_output_LLAMA3-ARXIV_bwplacement_bs4_staticreq_statictask,SCRUBBED_TIME+LLAMA3-ARXIV_BMPD640_7_15_2,False
4,6,0,0,14,4,640,191.75,39.11257530434783,bw,static,static,results,Results,Results_LLAMA31,LLAMA3-ARXIV-Results,simulator_output_LLAMA3-ARXIV_bwplacement_bs4_staticreq_statictask,SCRUBBED_TIME+LLAMA3-ARXIV_BMPD640_6_14_4,False
4,8,0,0,11,5,640,193.66,39.121370956521744,bw,static,static,results,Results,Results_LLAMA31,LLAMA3-ARXIV-Results,simulator_output_LLAMA3-ARXIV_bwplacement_bs4_staticreq_statictask,SCRUBBED_TIME+LLAMA3-ARXIV_BMPD640_8_11_5,False
4,4,0,0,7,13,512,203.5,39.16660607407408,bw,static,static,results,Results,Results_LLAMA31,LLAMA3-ARXIV-Results,simulator_output_LLAMA3-ARXIV_bwplacement_bs4_staticreq_statictask,SCRUBBED_TIME+LLAMA3-ARXIV_BMPD512_4_7_13,False
4,9,0,0,5,10,256,148.75,39.172372521739135,bw,static,static,results,Results,Results_LLAMA31,LLAMA3-ARXIV-Results,simulator_output_LLAMA3-ARXIV_bwplacement_bs4_staticreq_statictask,SCRUBBED_TIME+LLAMA3-ARXIV_BMPD256_9_5_10,False
2,5,0,0,5,14,640,142.12,39.17790466666666,bw,static,static,results,Results,Results_LLAMA31,LLAMA3-ARXIV-Results,simulator_output_LLAMA3-ARXIV_bwplacement_bs2_staticreq_statictask,SCRUBBED_TIME+LLAMA3-ARXIV_BMPD640_5_5_14,False
4,11,0,0,12,1,640,76.2,39.18608771428572,bw,static,static,results,Results,Results_LLAMA31,LLAMA3-ARXIV-Results,simulator_output_LLAMA3-ARXIV_bwplacement_bs4_staticreq_statictask,SCRUBBED_TIME+LLAMA3-ARXIV_BMPD640_11_12_1,False
2,9,0,0,3,12,384,104.13,39.19969531034483,bw,static,static,results,Results,Results_LLAMA31,LLAMA3-ARXIV-Results,simulator_output_LLAMA3-ARXIV_bwplacement_bs2_staticreq_statictask,SCRUBBED_TIME+LLAMA3-ARXIV_BMPD384_9_3_12,False
2,6,0,0,4,14,512,133.79,39.288714742857145,bw,static,static,results,Results,Results_LLAMA31,LLAMA3-ARXIV-Results,simulator_output_LLAMA3-ARXIV_bwplacement_bs2_staticreq_statictask,SCRUBBED_TIME+LLAMA3-ARXIV_BMPD512_6_4_14,False
4,7,0,0,10,7,512,212.08,39.3409856,bw,static,static,results,Results,Results_LLAMA31,LLAMA3-ARXIV-Results,simulator_output_LLAMA3-ARXIV_bwplacement_bs4_staticreq_statictask,SCRUBBED_TIME+LLAMA3-ARXIV_BMPD512_7_10_7,False
2,8,0,0,4,12,640,118.08,39.35143767741936,bw,static,static,results,Results,Results_LLAMA31,LLAMA3-ARXIV-Results,simulator_output_LLAMA3-ARXIV_bwplacement_bs2_staticreq_statictask,SCRUBBED_TIME+LLAMA3-ARXIV_BMPD640_8_4_12,False
4,3,0,0,3,18,256,120.03,39.381700888888886,bw,static,static,results,Results,Results_LLAMA31,LLAMA3-ARXIV-Results,simulator_output_LLAMA3-ARXIV_bwplacement_bs4_staticreq_statictask,SCRUBBED_TIME+LLAMA3-ARXIV_BMPD256_3_3_18,False
4,6,0,0,17,1,640,86.0,39.55570288888889,bw,static,static,results,Results,Results_LLAMA31,LLAMA3-ARXIV-Results,simulator_output_LLAMA3-ARXIV_bwplacement_bs4_staticreq_statictask,SCRUBBED_TIME+LLAMA3-ARXIV_BMPD640_6_17_1,False
4,7,0,0,6,11,256,181.59,39.568198608695646,bw,static,static,results,Results,Results_LLAMA31,LLAMA3-ARXIV-Results,simulator_output_LLAMA3-ARXIV_bwplacement_bs4_staticreq_statictask,SCRUBBED_TIME+LLAMA3-ARXIV_BMPD256_7_6_11,False
2,2,0,0,3,19,640,66.38,39.59947305263158,bw,static,static,results,Results,Results_LLAMA31,LLAMA3-ARXIV-Results,simulator_output_LLAMA3-ARXIV_bwplacement_bs2_staticreq_statictask,SCRUBBED_TIME+LLAMA3-ARXIV_BMPD640_2_3_19,False
4,16,0,0,6,2,640,84.86,39.713705454545455,bw,static,static,results,Results,Results_LLAMA31,LLAMA3-ARXIV-Results,simulator_output_LLAMA3-ARXIV_bwplacement_bs4_staticreq_statictask,SCRUBBED_TIME+LLAMA3-ARXIV_BMPD640_16_6_2,False
2,15,0,0,2,7,512,64.39,39.73660211764706,bw,static,static,results,Results,Results_LLAMA31,LLAMA3-ARXIV-Results,simulator_output_LLAMA3-ARXIV_bwplacement_bs2_staticreq_statictask,SCRUBBED_TIME+LLAMA3-ARXIV_BMPD512_15_2_7,False
4,3,0,0,6,15,640,137.99,39.77023622222222,bw,static,static,results,Results,Results_LLAMA31,LLAMA3-ARXIV-Results,simulator_output_LLAMA3-ARXIV_bwplacement_bs4_staticreq_statictask,SCRUBBED_TIME+LLAMA3-ARXIV_BMPD640_3_6_15,False
4,9,0,0,10,5,640,185.72,39.77767530434783,bw,static,static,results,Results,Results_LLAMA31,LLAMA3-ARXIV-Results,simulator_output_LLAMA3-ARXIV_bwplacement_bs4_staticreq_statictask,SCRUBBED_TIME+LLAMA3-ARXIV_BMPD640_9_10_5,False
4,6,0,0,9,9,512,251.35,39.7787314117647,bw,static,static,results,Results,Results_LLAMA31,LLAMA3-ARXIV-Results,simulator_output_LLAMA3-ARXIV_bwplacement_bs4_staticreq_statictask,SCRUBBED_TIME+LLAMA3-ARXIV_BMPD512_6_9_9,False
4,9,0,0,14,1,640,79.45,39.788351,bw,static,static,results,Results,Results_LLAMA31,LLAMA3-ARXIV-Results,simulator_output_LLAMA3-ARXIV_bwplacement_bs4_staticreq_statictask,SCRUBBED_TIME+LLAMA3-ARXIV_BMPD640_9_14_1,False
4,5,0,0,7,12,384,215.81,39.792656645161294,bw,static,static,results,Results,Results_LLAMA31,LLAMA3-ARXIV-Results,simulator_output_LLAMA3-ARXIV_bwplacement_bs4_staticreq_statictask,SCRUBBED_TIME+LLAMA3-ARXIV_BMPD384_5_7_12,False
2,3,0,0,4,17,512,118.98,39.961005939393935,bw,static,static,results,Results,Results_LLAMA31,LLAMA3-ARXIV-Results,simulator_output_LLAMA3-ARXIV_bwplacement_bs2_staticreq_statictask,SCRUBBED_TIME+LLAMA3-ARXIV_BMPD512_3_4_17,False
4,7,0,0,7,10,384,213.38,39.96217693333333,bw,static,static,results,Results,Results_LLAMA31,LLAMA3-ARXIV-Results,simulator_output_LLAMA3-ARXIV_bwplacement_bs4_staticreq_statictask,SCRUBBED_TIME+LLAMA3-ARXIV_BMPD384_7_7_10,False
4,12,0,0,7,5,640,148.64,40.14878622222222,bw,static,static,results,Results,Results_LLAMA31,LLAMA3-ARXIV-Results,simulator_output_LLAMA3-ARXIV_bwplacement_bs4_staticreq_statictask,SCRUBBED_TIME+LLAMA3-ARXIV_BMPD640_12_7_5,False
4,11,0,0,9,4,640,152.28,40.153864,bw,static,static,results,Results,Results_LLAMA31,LLAMA3-ARXIV-Results,simulator_output_LLAMA3-ARXIV_bwplacement_bs4_staticreq_statictask,SCRUBBED_TIME+LLAMA3-ARXIV_BMPD640_11_9_4,False
4,10,0,0,9,5,640,152.6,40.20623622222222,bw,static,static,results,Results,Results_LLAMA31,LLAMA3-ARXIV-Results,simulator_output_LLAMA3-ARXIV_bwplacement_bs4_staticreq_statictask,SCRUBBED_TIME+LLAMA3-ARXIV_BMPD640_10_9_5,False
4,15,0,0,4,5,512,107.22,40.30836666666666,bw,static,static,results,Results,Results_LLAMA31,LLAMA3-ARXIV-Results,simulator_output_LLAMA3-ARXIV_bwplacement_bs4_staticreq_statictask,SCRUBBED_TIME+LLAMA3-ARXIV_BMPD512_15_4_5,False
4,16,0,0,5,3,640,93.51,40.3142264,bw,static,static,results,Results,Results_LLAMA31,LLAMA3-ARXIV-Results,simulator_output_LLAMA3-ARXIV_bwplacement_bs4_staticreq_statictask,SCRUBBED_TIME+LLAMA3-ARXIV_BMPD640_16_5_3,False
4,8,0,0,8,8,640,231.36,40.33384133333334,bw,static,static,results,Results,Results_LLAMA31,LLAMA3-ARXIV-Results,simulator_output_LLAMA3-ARXIV_bwplacement_bs4_staticreq_statictask,SCRUBBED_TIME+LLAMA3-ARXIV_BMPD640_8_8_8,False
4,9,0,0,7,8,512,202.26,40.405876444444445,bw,static,static,results,Results,Results_LLAMA31,LLAMA3-ARXIV-Results,simulator_output_LLAMA3-ARXIV_bwplacement_bs4_staticreq_statictask,SCRUBBED_TIME+LLAMA3-ARXIV_BMPD512_9_7_8,False
4,7,0,0,14,3,640,146.54,40.46458947368421,bw,static,static,results,Results,Results_LLAMA31,LLAMA3-ARXIV-Results,simulator_output_LLAMA3-ARXIV_bwplacement_bs4_staticreq_statictask,SCRUBBED_TIME+LLAMA3-ARXIV_BMPD640_7_14_3,False
4,11,0,0,6,7,512,171.56,40.49030486956522,bw,static,static,results,Results,Results_LLAMA31,LLAMA3-ARXIV-Results,simulator_output_LLAMA3-ARXIV_bwplacement_bs4_staticreq_statictask,SCRUBBED_TIME+LLAMA3-ARXIV_BMPD512_11_6_7,False
4,13,0,0,4,7,384,143.36,40.556853777777775,bw,static,static,results,Results,Results_LLAMA31,LLAMA3-ARXIV-Results,simulator_output_LLAMA3-ARXIV_bwplacement_bs4_staticreq_statictask,SCRUBBED_TIME+LLAMA3-ARXIV_BMPD384_13_4_7,False
4,12,0,0,4,8,256,136.33,40.567650888888885,bw,static,static,results,Results,Results_LLAMA31,LLAMA3-ARXIV-Results,simulator_output_LLAMA3-ARXIV_bwplacement_bs4_staticreq_statictask,SCRUBBED_TIME+LLAMA3-ARXIV_BMPD256_12_4_8,False
4,15,0,0,5,4,640,109.38,40.58154177777778,bw,static,static,results,Results,Results_LLAMA31,LLAMA3-ARXIV-Results,simulator_output_LLAMA3-ARXIV_bwplacement_bs4_staticreq_statictask,SCRUBBED_TIME+LLAMA3-ARXIV_BMPD640_15_5_4,False
4,14,0,0,6,4,640,137.57,40.59893066666666,bw,static,static,results,Results,Results_LLAMA31,LLAMA3-ARXIV-Results,simulator_output_LLAMA3-ARXIV_bwplacement_bs4_staticreq_statictask,SCRUBBED_TIME+LLAMA3-ARXIV_BMPD640_14_6_4,False
4,2,0,0,3,19,512,86.73,40.600963,bw,static,static,results,Results,Results_LLAMA31,LLAMA3-ARXIV-Results,simulator_output_LLAMA3-ARXIV_bwplacement_bs4_staticreq_statictask,SCRUBBED_TIME+LLAMA3-ARXIV_BMPD512_2_3_19,False
4,12,0,0,11,1,640,72.66,40.60920307692308,bw,static,static,results,Results,Results_LLAMA31,LLAMA3-ARXIV-Results,simulator_output_LLAMA3-ARXIV_bwplacement_bs4_staticreq_statictask,SCRUBBED_TIME+LLAMA3-ARXIV_BMPD640_12_11_1,False
4,5,0,0,11,8,640,244.14,40.60949922580645,bw,static,static,results,Results,Results_LLAMA31,LLAMA3-ARXIV-Results,simulator_output_LLAMA3-ARXIV_bwplacement_bs4_staticreq_statictask,SCRUBBED_TIME+LLAMA3-ARXIV_BMPD640_5_11_8,False
4,15,0,0,4,5,640,112.82,40.69420823529412,bw,static,static,results,Results,Results_LLAMA31,LLAMA3-ARXIV-Results,simulator_output_LLAMA3-ARXIV_bwplacement_bs4_staticreq_statictask,SCRUBBED_TIME+LLAMA3-ARXIV_BMPD640_15_4_5,False
2,11,0,0,3,10,512,89.07,40.70630624,bw,static,static,results,Results,Results_LLAMA31,LLAMA3-ARXIV-Results,simulator_output_LLAMA3-ARXIV_bwplacement_bs2_staticreq_statictask,SCRUBBED_TIME+LLAMA3-ARXIV_BMPD512_11_3_10,False
4,10,0,0,5,9,384,169.93,40.73550973913044,bw,static,static,results,Results,Results_LLAMA31,LLAMA3-ARXIV-Results,simulator_output_LLAMA3-ARXIV_bwplacement_bs4_staticreq_statictask,SCRUBBED_TIME+LLAMA3-ARXIV_BMPD384_10_5_9,False
2,4,0,0,5,15,640,136.06,40.81282411111111,bw,static,static,results,Results,Results_LLAMA31,LLAMA3-ARXIV-Results,simulator_output_LLAMA3-ARXIV_bwplacement_bs2_staticreq_statictask,SCRUBBED_TIME+LLAMA3-ARXIV_BMPD640_4_5_15,False
4,6,0,0,10,8,512,227.35,40.846385375,bw,static,static,results,Results,Results_LLAMA31,LLAMA3-ARXIV-Results,simulator_output_LLAMA3-ARXIV_bwplacement_bs4_staticreq_statictask,SCRUBBED_TIME+LLAMA3-ARXIV_BMPD512_6_10_8,False
4,13,0,0,10,1,640,71.03,40.85974333333333,bw,static,static,results,Results,Results_LLAMA31,LLAMA3-ARXIV-Results,simulator_output_LLAMA3-ARXIV_bwplacement_bs4_staticreq_statictask,SCRUBBED_TIME+LLAMA3-ARXIV_BMPD640_13_10_1,False
4,7,0,0,11,6,640,203.3,41.061548,bw,static,static,results,Results,Results_LLAMA31,LLAMA3-ARXIV-Results,simulator_output_LLAMA3-ARXIV_bwplacement_bs4_staticreq_statictask,SCRUBBED_TIME+LLAMA3-ARXIV_BMPD640_7_11_6,False
4,4,0,0,5,15,384,189.3,41.06226414814815,bw,static,static,results,Results,Results_LLAMA31,LLAMA3-ARXIV-Results,simulator_output_LLAMA3-ARXIV_bwplacement_bs4_staticreq_statictask,SCRUBBED_TIME+LLAMA3-ARXIV_BMPD384_4_5_15,False
4,4,0,0,9,11,640,198.04,41.117516,bw,static,static,results,Results,Results_LLAMA31,LLAMA3-ARXIV-Results,simulator_output_LLAMA3-ARXIV_bwplacement_bs4_staticreq_statictask,SCRUBBED_TIME+LLAMA3-ARXIV_BMPD640_4_9_11,False
8,2,0,0,19,3,256,64.42,41.1531424,bw,static,static,results,Results,Results_LLAMA31,LLAMA3-ARXIV-Results,simulator_output_LLAMA3-ARXIV_bwplacement_bs8_staticreq_statictask,SCRUBBED_TIME+LLAMA3-ARXIV_BMPD256_2_19_3,False
8,2,0,0,11,11,256,67.22,41.1911624,bw,static,static,results,Results,Results_LLAMA31,LLAMA3-ARXIV-Results,simulator_output_LLAMA3-ARXIV_bwplacement_bs8_staticreq_statictask,SCRUBBED_TIME+LLAMA3-ARXIV_BMPD256_2_11_11,False
8,2,0,0,16,6,256,65.85,41.2197624,bw,static,static,results,Results,Results_LLAMA31,LLAMA3-ARXIV-Results,simulator_output_LLAMA3-ARXIV_bwplacement_bs8_staticreq_statictask,SCRUBBED_TIME+LLAMA3-ARXIV_BMPD256_2_16_6,False
8,2,0,0,12,10,256,66.5,41.2318224,bw,static,static,results,Results,Results_LLAMA31,LLAMA3-ARXIV-Results,simulator_output_LLAMA3-ARXIV_bwplacement_bs8_staticreq_statictask,SCRUBBED_TIME+LLAMA3-ARXIV_BMPD256_2_12_10,False
2,7,0,0,4,13,640,117.14,41.234155875,bw,static,static,results,Results,Results_LLAMA31,LLAMA3-ARXIV-Results,simulator_output_LLAMA3-ARXIV_bwplacement_bs2_staticreq_statictask,SCRUBBED_TIME+LLAMA3-ARXIV_BMPD640_7_4_13,False
4,6,0,0,6,12,256,182.89,41.284719200000005,bw,static,static,results,Results,Results_LLAMA31,LLAMA3-ARXIV-Results,simulator_output_LLAMA3-ARXIV_bwplacement_bs4_staticreq_statictask,SCRUBBED_TIME+LLAMA3-ARXIV_BMPD256_6_6_12,False
4,16,0,0,3,5,384,90.73,41.31267914285714,bw,static,static,results,Results,Results_LLAMA31,LLAMA3-ARXIV-Results,simulator_output_LLAMA3-ARXIV_bwplacement_bs4_staticreq_statictask,SCRUBBED_TIME+LLAMA3-ARXIV_BMPD384_16_3_5,False
2,12,0,0,3,9,640,76.65,41.359531454545454,bw,static,static,results,Results,Results_LLAMA31,LLAMA3-ARXIV-Results,simulator_output_LLAMA3-ARXIV_bwplacement_bs2_staticreq_statictask,SCRUBBED_TIME+LLAMA3-ARXIV_BMPD640_12_3_9,False
2,2,0,0,2,20,256,66.07,41.406176,bw,static,static,results,Results,Results_LLAMA31,LLAMA3-ARXIV-Results,simulator_output_LLAMA3-ARXIV_bwplacement_bs2_staticreq_statictask,SCRUBBED_TIME+LLAMA3-ARXIV_BMPD256_2_2_20,False
4,5,0,0,8,11,640,219.8,41.4551435862069,bw,static,static,results,Results,Results_LLAMA31,LLAMA3-ARXIV-Results,simulator_output_LLAMA3-ARXIV_bwplacement_bs4_staticreq_statictask,SCRUBBED_TIME+LLAMA3-ARXIV_BMPD640_5_8_11,False
2,12,0,0,2,10,256,61.07,41.533176,bw,static,static,results,Results,Results_LLAMA31,LLAMA3-ARXIV-Results,simulator_output_LLAMA3-ARXIV_bwplacement_bs2_staticreq_statictask,SCRUBBED_TIME+LLAMA3-ARXIV_BMPD256_12_2_10,False
8,2,0,0,6,16,256,66.66,41.5374424,bw,static,static,results,Results,Results_LLAMA31,LLAMA3-ARXIV-Results,simulator_output_LLAMA3-ARXIV_bwplacement_bs8_staticreq_statictask,SCRUBBED_TIME+LLAMA3-ARXIV_BMPD256_2_6_16,False
4,9,0,0,9,6,640,171.25,41.560684,bw,static,static,results,Results,Results_LLAMA31,LLAMA3-ARXIV-Results,simulator_output_LLAMA3-ARXIV_bwplacement_bs4_staticreq_statictask,SCRUBBED_TIME+LLAMA3-ARXIV_BMPD640_9_9_6,False
2,6,0,0,3,15,256,88.52,41.56569157142857,bw,static,static,results,Results,Results_LLAMA31,LLAMA3-ARXIV-Results,simulator_output_LLAMA3-ARXIV_bwplacement_bs2_staticreq_statictask,SCRUBBED_TIME+LLAMA3-ARXIV_BMPD256_6_3_15,False
8,2,0,0,18,4,256,67.26,41.5744024,bw,static,static,results,Results,Results_LLAMA31,LLAMA3-ARXIV-Results,simulator_output_LLAMA3-ARXIV_bwplacement_bs8_staticreq_statictask,SCRUBBED_TIME+LLAMA3-ARXIV_BMPD256_2_18_4,False
2,8,0,0,3,13,384,95.43,41.60770565517242,bw,static,static,results,Results,Results_LLAMA31,LLAMA3-ARXIV-Results,simulator_output_LLAMA3-ARXIV_bwplacement_bs2_staticreq_statictask,SCRUBBED_TIME+LLAMA3-ARXIV_BMPD384_8_3_13,False
4,10,0,0,6,8,512,170.3,41.65859182608696,bw,static,static,results,Results,Results_LLAMA31,LLAMA3-ARXIV-Results,simulator_output_LLAMA3-ARXIV_bwplacement_bs4_staticreq_statictask,SCRUBBED_TIME+LLAMA3-ARXIV_BMPD512_10_6_8,False
4,8,0,0,6,10,384,193.39,41.66456032,bw,static,static,results,Results,Results_LLAMA31,LLAMA3-ARXIV-Results,simulator_output_LLAMA3-ARXIV_bwplacement_bs4_staticreq_statictask,SCRUBBED_TIME+LLAMA3-ARXIV_BMPD384_8_6_10,False
4,7,0,0,8,9,640,216.93,41.772843586206896,bw,static,static,results,Results,Results_LLAMA31,LLAMA3-ARXIV-Results,simulator_output_LLAMA3-ARXIV_bwplacement_bs4_staticreq_statictask,SCRUBBED_TIME+LLAMA3-ARXIV_BMPD640_7_8_9,False
4,3,0,0,5,16,640,133.85,41.797252888888885,bw,static,static,results,Results,Results_LLAMA31,LLAMA3-ARXIV-Results,simulator_output_LLAMA3-ARXIV_bwplacement_bs4_staticreq_statictask,SCRUBBED_TIME+LLAMA3-ARXIV_BMPD640_3_5_16,False
8,2,0,0,13,9,256,65.2,41.8012224,bw,static,static,results,Results,Results_LLAMA31,LLAMA3-ARXIV-Results,simulator_output_LLAMA3-ARXIV_bwplacement_bs8_staticreq_statictask,SCRUBBED_TIME+LLAMA3-ARXIV_BMPD256_2_13_9,False
8,2,0,0,17,5,256,66.25,41.8211624,bw,static,static,results,Results,Results_LLAMA31,LLAMA3-ARXIV-Results,simulator_output_LLAMA3-ARXIV_bwplacement_bs8_staticreq_statictask,SCRUBBED_TIME+LLAMA3-ARXIV_BMPD256_2_17_5,False
4,8,0,0,10,6,640,195.11,41.82493182608695,bw,static,static,results,Results,Results_LLAMA31,LLAMA3-ARXIV-Results,simulator_output_LLAMA3-ARXIV_bwplacement_bs4_staticreq_statictask,SCRUBBED_TIME+LLAMA3-ARXIV_BMPD640_8_10_6,False
8,2,0,0,7,15,256,64.35,41.8346024,bw,static,static,results,Results,Results_LLAMA31,LLAMA3-ARXIV-Results,simulator_output_LLAMA3-ARXIV_bwplacement_bs8_staticreq_statictask,SCRUBBED_TIME+LLAMA3-ARXIV_BMPD256_2_7_15,False
8,4,0,0,16,4,256,136.56,41.87418666666667,bw,static,static,results,Results,Results_LLAMA31,LLAMA3-ARXIV-Results,simulator_output_LLAMA3-ARXIV_bwplacement_bs8_staticreq_statictask,SCRUBBED_TIME+LLAMA3-ARXIV_BMPD256_4_16_4,False
8,4,0,0,17,3,256,124.73,41.87418666666667,bw,static,static,results,Results,Results_LLAMA31,LLAMA3-ARXIV-Results,simulator_output_LLAMA3-ARXIV_bwplacement_bs8_staticreq_statictask,SCRUBBED_TIME+LLAMA3-ARXIV_BMPD256_4_17_3,False
8,4,0,0,18,2,256,106.45,41.87418666666667,bw,static,static,results,Results,Results_LLAMA31,LLAMA3-ARXIV-Results,simulator_output_LLAMA3-ARXIV_bwplacement_bs8_staticreq_statictask,SCRUBBED_TIME+LLAMA3-ARXIV_BMPD256_4_18_2,False
4,3,0,0,4,17,512,133.99,41.875477777777775,bw,static,static,results,Results,Results_LLAMA31,LLAMA3-ARXIV-Results,simulator_output_LLAMA3-ARXIV_bwplacement_bs4_staticreq_statictask,SCRUBBED_TIME+LLAMA3-ARXIV_BMPD512_3_4_17,False
4,5,0,0,10,9,640,219.35,41.921484666666665,bw,static,static,results,Results,Results_LLAMA31,LLAMA3-ARXIV-Results,simulator_output_LLAMA3-ARXIV_bwplacement_bs4_staticreq_statictask,SCRUBBED_TIME+LLAMA3-ARXIV_BMPD640_5_10_9,False
8,2,0,0,14,8,256,65.72,41.9590624,bw,static,static,results,Results,Results_LLAMA31,LLAMA3-ARXIV-Results,simulator_output_LLAMA3-ARXIV_bwplacement_bs8_staticreq_statictask,SCRUBBED_TIME+LLAMA3-ARXIV_BMPD256_2_14_8,False
2,5,0,0,3,16,256,101.74,41.98108693333333,bw,static,static,results,Results,Results_LLAMA31,LLAMA3-ARXIV-Results,simulator_output_LLAMA3-ARXIV_bwplacement_bs2_staticreq_statictask,SCRUBBED_TIME+LLAMA3-ARXIV_BMPD256_5_3_16,False
8,2,0,0,10,12,256,64.78,41.9817424,bw,static,static,results,Results,Results_LLAMA31,LLAMA3-ARXIV-Results,simulator_output_LLAMA3-ARXIV_bwplacement_bs8_staticreq_statictask,SCRUBBED_TIME+LLAMA3-ARXIV_BMPD256_2_10_12,False
4,13,0,0,5,6,512,143.28,42.02925,bw,static,static,results,Results,Results_LLAMA31,LLAMA3-ARXIV-Results,simulator_output_LLAMA3-ARXIV_bwplacement_bs4_staticreq_statictask,SCRUBBED_TIME+LLAMA3-ARXIV_BMPD512_13_5_6,False
8,2,0,0,4,18,256,63.54,42.1326424,bw,static,static,results,Results,Results_LLAMA31,LLAMA3-ARXIV-Results,simulator_output_LLAMA3-ARXIV_bwplacement_bs8_staticreq_statictask,SCRUBBED_TIME+LLAMA3-ARXIV_BMPD256_2_4_18,False
4,6,0,0,7,11,384,209.06,42.1362736,bw,static,static,results,Results,Results_LLAMA31,LLAMA3-ARXIV-Results,simulator_output_LLAMA3-ARXIV_bwplacement_bs4_staticreq_statictask,SCRUBBED_TIME+LLAMA3-ARXIV_BMPD384_6_7_11,False
2,3,0,0,3,18,256,96.76,42.162781777777774,bw,static,static,results,Results,Results_LLAMA31,LLAMA3-ARXIV-Results,simulator_output_LLAMA3-ARXIV_bwplacement_bs2_staticreq_statictask,SCRUBBED_TIME+LLAMA3-ARXIV_BMPD256_3_3_18,False
4,15,0,0,3,6,256,82.03,42.181249538461536,bw,static,static,results,Results,Results_LLAMA31,LLAMA3-ARXIV-Results,simulator_output_LLAMA3-ARXIV_bwplacement_bs4_staticreq_statictask,SCRUBBED_TIME+LLAMA3-ARXIV_BMPD256_15_3_6,False
4,5,0,0,6,13,384,209.97,42.229841925925925,bw,static,static,results,Results,Results_LLAMA31,LLAMA3-ARXIV-Results,simulator_output_LLAMA3-ARXIV_bwplacement_bs4_staticreq_statictask,SCRUBBED_TIME+LLAMA3-ARXIV_BMPD384_5_6_13,False
8,4,0,0,9,11,256,143.98,42.23909777777778,bw,static,static,results,Results,Results_LLAMA31,LLAMA3-ARXIV-Results,simulator_output_LLAMA3-ARXIV_bwplacement_bs8_staticreq_statictask,SCRUBBED_TIME+LLAMA3-ARXIV_BMPD256_4_9_11,False
8,2,0,0,15,7,256,63.53,42.4150024,bw,static,static,results,Results,Results_LLAMA31,LLAMA3-ARXIV-Results,simulator_output_LLAMA3-ARXIV_bwplacement_bs8_staticreq_statictask,SCRUBBED_TIME+LLAMA3-ARXIV_BMPD256_2_15_7,False
2,3,0,0,4,17,640,105.82,42.42288192592593,bw,static,static,results,Results,Results_LLAMA31,LLAMA3-ARXIV-Results,simulator_output_LLAMA3-ARXIV_bwplacement_bs2_staticreq_statictask,SCRUBBED_TIME+LLAMA3-ARXIV_BMPD640_3_4_17,False
8,4,0,0,10,10,256,142.66,42.50114222222222,bw,static,static,results,Results,Results_LLAMA31,LLAMA3-ARXIV-Results,simulator_output_LLAMA3-ARXIV_bwplacement_bs8_staticreq_statictask,SCRUBBED_TIME+LLAMA3-ARXIV_BMPD256_4_10_10,False
4,8,0,0,5,11,256,155.79,42.5109812173913,bw,static,static,results,Results,Results_LLAMA31,LLAMA3-ARXIV-Results,simulator_output_LLAMA3-ARXIV_bwplacement_bs4_staticreq_statictask,SCRUBBED_TIME+LLAMA3-ARXIV_BMPD256_8_5_11,False
8,2,0,0,9,13,256,66.35,42.5538424,bw,static,static,results,Results,Results_LLAMA31,LLAMA3-ARXIV-Results,simulator_output_LLAMA3-ARXIV_bwplacement_bs8_staticreq_statictask,SCRUBBED_TIME+LLAMA3-ARXIV_BMPD256_2_9_13,False
8,4,0,0,15,5,256,138.07,42.62845333333333,bw,static,static,results,Results,Results_LLAMA31,LLAMA3-ARXIV-Results,simulator_output_LLAMA3-ARXIV_bwplacement_bs8_staticreq_statictask,SCRUBBED_TIME+LLAMA3-ARXIV_BMPD256_4_15_5,False
4,16,0,0,4,4,640,92.57,42.67562615384615,bw,static,static,results,Results,Results_LLAMA31,LLAMA3-ARXIV-Results,simulator_output_LLAMA3-ARXIV_bwplacement_bs4_staticreq_statictask,SCRUBBED_TIME+LLAMA3-ARXIV_BMPD640_16_4_4,False
4,6,0,0,11,7,640,209.38,42.68435674074074,bw,static,static,results,Results,Results_LLAMA31,LLAMA3-ARXIV-Results,simulator_output_LLAMA3-ARXIV_bwplacement_bs4_staticreq_statictask,SCRUBBED_TIME+LLAMA3-ARXIV_BMPD640_6_11_7,False
8,2,0,0,21,1,256,44.68,42.722574,bw,static,static,results,Results,Results_LLAMA31,LLAMA3-ARXIV-Results,simulator_output_LLAMA3-ARXIV_bwplacement_bs8_staticreq_statictask,SCRUBBED_TIME+LLAMA3-ARXIV_BMPD256_2_21_1,False
8,2,0,0,20,2,256,59.78,42.777524,bw,static,static,results,Results,Results_LLAMA31,LLAMA3-ARXIV-Results,simulator_output_LLAMA3-ARXIV_bwplacement_bs8_staticreq_statictask,SCRUBBED_TIME+LLAMA3-ARXIV_BMPD256_2_20_2,False
8,4,0,0,12,8,256,144.91,42.79850888888889,bw,static,static,results,Results,Results_LLAMA31,LLAMA3-ARXIV-Results,simulator_output_LLAMA3-ARXIV_bwplacement_bs8_staticreq_statictask,SCRUBBED_TIME+LLAMA3-ARXIV_BMPD256_4_12_8,False
4,8,0,0,7,9,512,203.78,42.79979072,bw,static,static,results,Results,Results_LLAMA31,LLAMA3-ARXIV-Results,simulator_output_LLAMA3-ARXIV_bwplacement_bs4_staticreq_statictask,SCRUBBED_TIME+LLAMA3-ARXIV_BMPD512_8_7_9,False
8,4,0,0,11,9,256,142.67,42.946508888888886,bw,static,static,results,Results,Results_LLAMA31,LLAMA3-ARXIV-Results,simulator_output_LLAMA3-ARXIV_bwplacement_bs8_staticreq_statictask,SCRUBBED_TIME+LLAMA3-ARXIV_BMPD256_4_11_9,False
2,6,0,0,4,14,640,112.67,42.9634215,bw,static,static,results,Results,Results_LLAMA31,LLAMA3-ARXIV-Results,simulator_output_LLAMA3-ARXIV_bwplacement_bs2_staticreq_statictask,SCRUBBED_TIME+LLAMA3-ARXIV_BMPD640_6_4_14,False
8,2,0,0,5,17,256,65.47,42.9804024,bw,static,static,results,Results,Results_LLAMA31,LLAMA3-ARXIV-Results,simulator_output_LLAMA3-ARXIV_bwplacement_bs8_staticreq_statictask,SCRUBBED_TIME+LLAMA3-ARXIV_BMPD256_2_5_17,False
2,5,0,0,4,15,512,123.51,43.007602909090906,bw,static,static,results,Results,Results_LLAMA31,LLAMA3-ARXIV-Results,simulator_output_LLAMA3-ARXIV_bwplacement_bs2_staticreq_statictask,SCRUBBED_TIME+LLAMA3-ARXIV_BMPD512_5_4_15,False
8,4,0,0,13,7,256,140.95,43.02172,bw,static,static,results,Results,Results_LLAMA31,LLAMA3-ARXIV-Results,simulator_output_LLAMA3-ARXIV_bwplacement_bs8_staticreq_statictask,SCRUBBED_TIME+LLAMA3-ARXIV_BMPD256_4_13_7,False
8,4,0,0,14,6,256,139.02,43.03894222222223,bw,static,static,results,Results,Results_LLAMA31,LLAMA3-ARXIV-Results,simulator_output_LLAMA3-ARXIV_bwplacement_bs8_staticreq_statictask,SCRUBBED_TIME+LLAMA3-ARXIV_BMPD256_4_14_6,False
8,2,0,0,3,19,256,65.69,43.0984024,bw,static,static,results,Results,Results_LLAMA31,LLAMA3-ARXIV-Results,simulator_output_LLAMA3-ARXIV_bwplacement_bs8_staticreq_statictask,SCRUBBED_TIME+LLAMA3-ARXIV_BMPD256_2_3_19,False
4,5,0,0,5,14,256,164.39,43.1383507826087,bw,static,static,results,Results,Results_LLAMA31,LLAMA3-ARXIV-Results,simulator_output_LLAMA3-ARXIV_bwplacement_bs4_staticreq_statictask,SCRUBBED_TIME+LLAMA3-ARXIV_BMPD256_5_5_14,False
4,11,0,0,4,9,256,136.72,43.14598977777778,bw,static,static,results,Results,Results_LLAMA31,LLAMA3-ARXIV-Results,simulator_output_LLAMA3-ARXIV_bwplacement_bs4_staticreq_statictask,SCRUBBED_TIME+LLAMA3-ARXIV_BMPD256_11_4_9,False
4,4,0,0,6,14,512,180.5,43.15352272,bw,static,static,results,Results,Results_LLAMA31,LLAMA3-ARXIV-Results,simulator_output_LLAMA3-ARXIV_bwplacement_bs4_staticreq_statictask,SCRUBBED_TIME+LLAMA3-ARXIV_BMPD512_4_6_14,False
4,10,0,0,7,7,640,155.32,43.16004733333334,bw,static,static,results,Results,Results_LLAMA31,LLAMA3-ARXIV-Results,simulator_output_LLAMA3-ARXIV_bwplacement_bs4_staticreq_statictask,SCRUBBED_TIME+LLAMA3-ARXIV_BMPD640_10_7_7,False
4,14,0,0,3,7,256,97.21,43.1909752,bw,static,static,results,Results,Results_LLAMA31,LLAMA3-ARXIV-Results,simulator_output_LLAMA3-ARXIV_bwplacement_bs4_staticreq_statictask,SCRUBBED_TIME+LLAMA3-ARXIV_BMPD256_14_3_7,False
4,9,0,0,5,10,384,172.09,43.34905756521739,bw,static,static,results,Results,Results_LLAMA31,LLAMA3-ARXIV-Results,simulator_output_LLAMA3-ARXIV_bwplacement_bs4_staticreq_statictask,SCRUBBED_TIME+LLAMA3-ARXIV_BMPD384_9_5_10,False
8,2,0,0,8,14,256,64.37,43.7969624,bw,static,static,results,Results,Results_LLAMA31,LLAMA3-ARXIV-Results,simulator_output_LLAMA3-ARXIV_bwplacement_bs8_staticreq_statictask,SCRUBBED_TIME+LLAMA3-ARXIV_BMPD256_2_8_14,False
4,11,0,0,7,6,640,149.45,43.84717511111111,bw,static,static,results,Results,Results_LLAMA31,LLAMA3-ARXIV-Results,simulator_output_LLAMA3-ARXIV_bwplacement_bs4_staticreq_statictask,SCRUBBED_TIME+LLAMA3-ARXIV_BMPD640_11_7_6,False
4,7,0,0,6,11,384,199.87,43.86428032,bw,static,static,results,Results,Results_LLAMA31,LLAMA3-ARXIV-Results,simulator_output_LLAMA3-ARXIV_bwplacement_bs4_staticreq_statictask,SCRUBBED_TIME+LLAMA3-ARXIV_BMPD384_7_6_11,False
4,2,0,0,2,20,256,62.17,43.984213777777775,bw,static,static,results,Results,Results_LLAMA31,LLAMA3-ARXIV-Results,simulator_output_LLAMA3-ARXIV_bwplacement_bs4_staticreq_statictask,SCRUBBED_TIME+LLAMA3-ARXIV_BMPD256_2_2_20,False
8,4,0,0,8,12,256,143.88,43.99280888888889,bw,static,static,results,Results,Results_LLAMA31,LLAMA3-ARXIV-Results,simulator_output_LLAMA3-ARXIV_bwplacement_bs8_staticreq_statictask,SCRUBBED_TIME+LLAMA3-ARXIV_BMPD256_4_8_12,False
2,10,0,0,3,11,512,72.82,44.05989161904762,bw,static,static,results,Results,Results_LLAMA31,LLAMA3-ARXIV-Results,simulator_output_LLAMA3-ARXIV_bwplacement_bs2_staticreq_statictask,SCRUBBED_TIME+LLAMA3-ARXIV_BMPD512_10_3_11,False
2,7,0,0,3,14,384,92.01,44.10613540740741,bw,static,static,results,Results,Results_LLAMA31,LLAMA3-ARXIV-Results,simulator_output_LLAMA3-ARXIV_bwplacement_bs2_staticreq_statictask,SCRUBBED_TIME+LLAMA3-ARXIV_BMPD384_7_3_14,False
8,3,0,0,16,5,256,79.24,44.2284875,bw,static,static,results,Results,Results_LLAMA31,LLAMA3-ARXIV-Results,simulator_output_LLAMA3-ARXIV_bwplacement_bs8_staticreq_statictask,SCRUBBED_TIME+LLAMA3-ARXIV_BMPD256_3_16_5,False
4,8,0,0,9,7,640,180.14,44.26520139130435,bw,static,static,results,Results,Results_LLAMA31,LLAMA3-ARXIV-Results,simulator_output_LLAMA3-ARXIV_bwplacement_bs4_staticreq_statictask,SCRUBBED_TIME+LLAMA3-ARXIV_BMPD640_8_9_7,False
4,6,0,0,8,10,640,204.63,44.267992,bw,static,static,results,Results,Results_LLAMA31,LLAMA3-ARXIV-Results,simulator_output_LLAMA3-ARXIV_bwplacement_bs4_staticreq_statictask,SCRUBBED_TIME+LLAMA3-ARXIV_BMPD640_6_8_10,False
4,5,0,0,7,12,512,208.88,44.31594672,bw,static,static,results,Results,Results_LLAMA31,LLAMA3-ARXIV-Results,simulator_output_LLAMA3-ARXIV_bwplacement_bs4_staticreq_statictask,SCRUBBED_TIME+LLAMA3-ARXIV_BMPD512_5_7_12,False
8,3,0,0,11,10,256,82.18,44.3614625,bw,static,static,results,Results,Results_LLAMA31,LLAMA3-ARXIV-Results,simulator_output_LLAMA3-ARXIV_bwplacement_bs8_staticreq_statictask,SCRUBBED_TIME+LLAMA3-ARXIV_BMPD256_3_11_10,False
8,3,0,0,14,7,256,81.97,44.372075,bw,static,static,results,Results,Results_LLAMA31,LLAMA3-ARXIV-Results,simulator_output_LLAMA3-ARXIV_bwplacement_bs8_staticreq_statictask,SCRUBBED_TIME+LLAMA3-ARXIV_BMPD256_3_14_7,False
8,3,0,0,17,4,256,82.8,44.3897125,bw,static,static,results,Results,Results_LLAMA31,LLAMA3-ARXIV-Results,simulator_output_LLAMA3-ARXIV_bwplacement_bs8_staticreq_statictask,SCRUBBED_TIME+LLAMA3-ARXIV_BMPD256_3_17_4,False
8,3,0,0,12,9,256,82.66,44.4027875,bw,static,static,results,Results,Results_LLAMA31,LLAMA3-ARXIV-Results,simulator_output_LLAMA3-ARXIV_bwplacement_bs8_staticreq_statictask,SCRUBBED_TIME+LLAMA3-ARXIV_BMPD256_3_12_9,False
8,3,0,0,9,12,256,81.64,44.4967125,bw,static,static,results,Results,Results_LLAMA31,LLAMA3-ARXIV-Results,simulator_output_LLAMA3-ARXIV_bwplacement_bs8_staticreq_statictask,SCRUBBED_TIME+LLAMA3-ARXIV_BMPD256_3_9_12,False
2,13,0,0,2,9,384,58.37,44.567654,bw,static,static,results,Results,Results_LLAMA31,LLAMA3-ARXIV-Results,simulator_output_LLAMA3-ARXIV_bwplacement_bs2_staticreq_statictask,SCRUBBED_TIME+LLAMA3-ARXIV_BMPD384_13_2_9,False
8,3,0,0,8,13,256,80.8,44.5783625,bw,static,static,results,Results,Results_LLAMA31,LLAMA3-ARXIV-Results,simulator_output_LLAMA3-ARXIV_bwplacement_bs8_staticreq_statictask,SCRUBBED_TIME+LLAMA3-ARXIV_BMPD256_3_8_13,False
4,3,0,0,3,18,384,109.35,44.58053623529412,bw,static,static,results,Results,Results_LLAMA31,LLAMA3-ARXIV-Results,simulator_output_LLAMA3-ARXIV_bwplacement_bs4_staticreq_statictask,SCRUBBED_TIME+LLAMA3-ARXIV_BMPD384_3_3_18,False
8,7,0,0,12,5,256,200.7,44.59846773333334,bw,static,static,results,Results,Results_LLAMA31,LLAMA3-ARXIV-Results,simulator_output_LLAMA3-ARXIV_bwplacement_bs8_staticreq_statictask,SCRUBBED_TIME+LLAMA3-ARXIV_BMPD256_7_12_5,False
2,15,0,0,2,7,640,56.43,44.61606475,bw,static,static,results,Results,Results_LLAMA31,LLAMA3-ARXIV-Results,simulator_output_LLAMA3-ARXIV_bwplacement_bs2_staticreq_statictask,SCRUBBED_TIME+LLAMA3-ARXIV_BMPD640_15_2_7,False
8,3,0,0,10,11,256,81.16,44.6627125,bw,static,static,results,Results,Results_LLAMA31,LLAMA3-ARXIV-Results,simulator_output_LLAMA3-ARXIV_bwplacement_bs8_staticreq_statictask,SCRUBBED_TIME+LLAMA3-ARXIV_BMPD256_3_10_11,False
4,4,0,0,7,13,640,166.5,44.66461981818182,bw,static,static,results,Results,Results_LLAMA31,LLAMA3-ARXIV-Results,simulator_output_LLAMA3-ARXIV_bwplacement_bs4_staticreq_statictask,SCRUBBED_TIME+LLAMA3-ARXIV_BMPD640_4_7_13,False
8,3,0,0,13,8,256,79.87,44.68025,bw,static,static,results,Results,Results_LLAMA31,LLAMA3-ARXIV-Results,simulator_output_LLAMA3-ARXIV_bwplacement_bs8_staticreq_statictask,SCRUBBED_TIME+LLAMA3-ARXIV_BMPD256_3_13_8,False
4,7,0,0,10,7,640,196.47,44.68450573913044,bw,static,static,results,Results,Results_LLAMA31,LLAMA3-ARXIV-Results,simulator_output_LLAMA3-ARXIV_bwplacement_bs4_staticreq_statictask,SCRUBBED_TIME+LLAMA3-ARXIV_BMPD640_7_10_7,False
4,9,0,0,6,9,512,183.47,44.78378747826087,bw,static,static,results,Results,Results_LLAMA31,LLAMA3-ARXIV-Results,simulator_output_LLAMA3-ARXIV_bwplacement_bs4_staticreq_statictask,SCRUBBED_TIME+LLAMA3-ARXIV_BMPD512_9_6_9,False
4,3,0,0,4,17,640,109.42,44.92325844444445,bw,static,static,results,Results,Results_LLAMA31,LLAMA3-ARXIV-Results,simulator_output_LLAMA3-ARXIV_bwplacement_bs4_staticreq_statictask,SCRUBBED_TIME+LLAMA3-ARXIV_BMPD640_3_4_17,False
4,6,0,0,10,8,640,220.69,44.962438,bw,static,static,results,Results,Results_LLAMA31,LLAMA3-ARXIV-Results,simulator_output_LLAMA3-ARXIV_bwplacement_bs4_staticreq_statictask,SCRUBBED_TIME+LLAMA3-ARXIV_BMPD640_6_10_8,False
4,5,0,0,9,10,640,196.88,45.24118834782609,bw,static,static,results,Results,Results_LLAMA31,LLAMA3-ARXIV-Results,simulator_output_LLAMA3-ARXIV_bwplacement_bs4_staticreq_statictask,SCRUBBED_TIME+LLAMA3-ARXIV_BMPD640_5_9_10,False
8,7,0,0,15,2,256,125.25,45.2712944,bw,static,static,results,Results,Results_LLAMA31,LLAMA3-ARXIV-Results,simulator_output_LLAMA3-ARXIV_bwplacement_bs8_staticreq_statictask,SCRUBBED_TIME+LLAMA3-ARXIV_BMPD256_7_15_2,False
4,7,0,0,7,10,512,200.86,45.48844672,bw,static,static,results,Results,Results_LLAMA31,LLAMA3-ARXIV-Results,simulator_output_LLAMA3-ARXIV_bwplacement_bs4_staticreq_statictask,SCRUBBED_TIME+LLAMA3-ARXIV_BMPD512_7_7_10,False
4,13,0,0,6,5,640,124.86,45.53903622222222,bw,static,static,results,Results,Results_LLAMA31,LLAMA3-ARXIV-Results,simulator_output_LLAMA3-ARXIV_bwplacement_bs4_staticreq_statictask,SCRUBBED_TIME+LLAMA3-ARXIV_BMPD640_13_6_5,False
4,12,0,0,4,8,384,142.78,45.54564822222223,bw,static,static,results,Results,Results_LLAMA31,LLAMA3-ARXIV-Results,simulator_output_LLAMA3-ARXIV_bwplacement_bs4_staticreq_statictask,SCRUBBED_TIME+LLAMA3-ARXIV_BMPD384_12_4_8,False
2,11,0,0,3,10,640,68.04,45.62506252631579,bw,static,static,results,Results,Results_LLAMA31,LLAMA3-ARXIV-Results,simulator_output_LLAMA3-ARXIV_bwplacement_bs2_staticreq_statictask,SCRUBBED_TIME+LLAMA3-ARXIV_BMPD640_11_3_10,False
8,4,0,0,7,13,256,141.72,45.67322,bw,static,static,results,Results,Results_LLAMA31,LLAMA3-ARXIV-Results,simulator_output_LLAMA3-ARXIV_bwplacement_bs8_staticreq_statictask,SCRUBBED_TIME+LLAMA3-ARXIV_BMPD256_4_7_13,False
2,5,0,0,4,15,640,110.89,45.7268597037037,bw,static,static,results,Results,Results_LLAMA31,LLAMA3-ARXIV-Results,simulator_output_LLAMA3-ARXIV_bwplacement_bs2_staticreq_statictask,SCRUBBED_TIME+LLAMA3-ARXIV_BMPD640_5_4_15,False
8,4,0,0,5,15,256,141.15,45.74309777777778,bw,static,static,results,Results,Results_LLAMA31,LLAMA3-ARXIV-Results,simulator_output_LLAMA3-ARXIV_bwplacement_bs8_staticreq_statictask,SCRUBBED_TIME+LLAMA3-ARXIV_BMPD256_4_5_15,False
8,4,0,0,18,2,384,125.63,46.03114266666667,bw,static,static,results,Results,Results_LLAMA31,LLAMA3-ARXIV-Results,simulator_output_LLAMA3-ARXIV_bwplacement_bs8_staticreq_statictask,SCRUBBED_TIME+LLAMA3-ARXIV_BMPD384_4_18_2,False
8,4,0,0,19,1,384,89.06,46.03114266666667,bw,static,static,results,Results,Results_LLAMA31,LLAMA3-ARXIV-Results,simulator_output_LLAMA3-ARXIV_bwplacement_bs8_staticreq_statictask,SCRUBBED_TIME+LLAMA3-ARXIV_BMPD384_4_19_1,False
4,15,0,0,3,6,384,90.41,46.07100923076924,bw,static,static,results,Results,Results_LLAMA31,LLAMA3-ARXIV-Results,simulator_output_LLAMA3-ARXIV_bwplacement_bs4_staticreq_statictask,SCRUBBED_TIME+LLAMA3-ARXIV_BMPD384_15_3_6,False
4,6,0,0,6,12,384,199.82,46.07204216666666,bw,static,static,results,Results,Results_LLAMA31,LLAMA3-ARXIV-Results,simulator_output_LLAMA3-ARXIV_bwplacement_bs4_staticreq_statictask,SCRUBBED_TIME+LLAMA3-ARXIV_BMPD384_6_6_12,False
8,4,0,0,19,1,256,67.65,46.1394,bw,static,static,results,Results,Results_LLAMA31,LLAMA3-ARXIV-Results,simulator_output_LLAMA3-ARXIV_bwplacement_bs8_staticreq_statictask,SCRUBBED_TIME+LLAMA3-ARXIV_BMPD256_4_19_1,False
8,7,0,0,13,4,256,183.42,46.18642773333333,bw,static,static,results,Results,Results_LLAMA31,LLAMA3-ARXIV-Results,simulator_output_LLAMA3-ARXIV_bwplacement_bs8_staticreq_statictask,SCRUBBED_TIME+LLAMA3-ARXIV_BMPD256_7_13_4,False
4,2,0,0,3,19,640,64.46,46.210556,bw,static,static,results,Results,Results_LLAMA31,LLAMA3-ARXIV-Results,simulator_output_LLAMA3-ARXIV_bwplacement_bs4_staticreq_statictask,SCRUBBED_TIME+LLAMA3-ARXIV_BMPD640_2_3_19,False
8,7,0,0,11,6,256,210.54,46.2586144,bw,static,static,results,Results,Results_LLAMA31,LLAMA3-ARXIV-Results,simulator_output_LLAMA3-ARXIV_bwplacement_bs8_staticreq_statictask,SCRUBBED_TIME+LLAMA3-ARXIV_BMPD256_7_11_6,False
8,7,0,0,14,3,256,156.11,46.27740773333333,bw,static,static,results,Results,Results_LLAMA31,LLAMA3-ARXIV-Results,simulator_output_LLAMA3-ARXIV_bwplacement_bs8_staticreq_statictask,SCRUBBED_TIME+LLAMA3-ARXIV_BMPD256_7_14_3,False
8,4,0,0,14,6,384,148.91,46.556653777777775,bw,static,static,results,Results,Results_LLAMA31,LLAMA3-ARXIV-Results,simulator_output_LLAMA3-ARXIV_bwplacement_bs8_staticreq_statictask,SCRUBBED_TIME+LLAMA3-ARXIV_BMPD384_4_14_6,False
8,4,0,0,16,4,384,144.87,46.57155377777777,bw,static,static,results,Results,Results_LLAMA31,LLAMA3-ARXIV-Results,simulator_output_LLAMA3-ARXIV_bwplacement_bs8_staticreq_statictask,SCRUBBED_TIME+LLAMA3-ARXIV_BMPD384_4_16_4,False
2,2,0,0,2,20,384,59.36,46.589607058823525,bw,static,static,results,Results,Results_LLAMA31,LLAMA3-ARXIV-Results,simulator_output_LLAMA3-ARXIV_bwplacement_bs2_staticreq_statictask,SCRUBBED_TIME+LLAMA3-ARXIV_BMPD384_2_2_20,False
4,12,0,0,5,7,512,143.78,46.614066666666666,bw,static,static,results,Results,Results_LLAMA31,LLAMA3-ARXIV-Results,simulator_output_LLAMA3-ARXIV_bwplacement_bs4_staticreq_statictask,SCRUBBED_TIME+LLAMA3-ARXIV_BMPD512_12_5_7,False
4,14,0,0,5,5,640,110.8,46.6286064,bw,static,static,results,Results,Results_LLAMA31,LLAMA3-ARXIV-Results,simulator_output_LLAMA3-ARXIV_bwplacement_bs4_staticreq_statictask,SCRUBBED_TIME+LLAMA3-ARXIV_BMPD640_14_5_5,False
2,14,0,0,2,8,512,56.9,46.63882425,bw,static,static,results,Results,Results_LLAMA31,LLAMA3-ARXIV-Results,simulator_output_LLAMA3-ARXIV_bwplacement_bs2_staticreq_statictask,SCRUBBED_TIME+LLAMA3-ARXIV_BMPD512_14_2_8,False
8,2,0,0,13,9,384,60.74,46.782889,bw,static,static,results,Results,Results_LLAMA31,LLAMA3-ARXIV-Results,simulator_output_LLAMA3-ARXIV_bwplacement_bs8_staticreq_statictask,SCRUBBED_TIME+LLAMA3-ARXIV_BMPD384_2_13_9,False
8,2,0,0,21,1,384,53.56,46.782889,bw,static,static,results,Results,Results_LLAMA31,LLAMA3-ARXIV-Results,simulator_output_LLAMA3-ARXIV_bwplacement_bs8_staticreq_statictask,SCRUBBED_TIME+LLAMA3-ARXIV_BMPD384_2_21_1,False
8,2,0,0,18,4,384,60.74,46.825164,bw,static,static,results,Results,Results_LLAMA31,LLAMA3-ARXIV-Results,simulator_output_LLAMA3-ARXIV_bwplacement_bs8_staticreq_statictask,SCRUBBED_TIME+LLAMA3-ARXIV_BMPD384_2_18_4,False
8,2,0,0,17,5,384,60.74,46.835289,bw,static,static,results,Results,Results_LLAMA31,LLAMA3-ARXIV-Results,simulator_output_LLAMA3-ARXIV_bwplacement_bs8_staticreq_statictask,SCRUBBED_TIME+LLAMA3-ARXIV_BMPD384_2_17_5,False
2,4,0,0,4,16,512,112.72,46.87759296551724,bw,static,static,results,Results,Results_LLAMA31,LLAMA3-ARXIV-Results,simulator_output_LLAMA3-ARXIV_bwplacement_bs2_staticreq_statictask,SCRUBBED_TIME+LLAMA3-ARXIV_BMPD512_4_4_16,False
8,4,0,0,9,11,384,151.44,46.88199822222222,bw,static,static,results,Results,Results_LLAMA31,LLAMA3-ARXIV-Results,simulator_output_LLAMA3-ARXIV_bwplacement_bs8_staticreq_statictask,SCRUBBED_TIME+LLAMA3-ARXIV_BMPD384_4_9_11,False
4,7,0,0,9,8,640,199.52,46.89195356521739,bw,static,static,results,Results,Results_LLAMA31,LLAMA3-ARXIV-Results,simulator_output_LLAMA3-ARXIV_bwplacement_bs4_staticreq_statictask,SCRUBBED_TIME+LLAMA3-ARXIV_BMPD640_7_9_8,False
8,2,0,0,14,8,384,60.74,46.955914,bw,static,static,results,Results,Results_LLAMA31,LLAMA3-ARXIV-Results,simulator_output_LLAMA3-ARXIV_bwplacement_bs8_staticreq_statictask,SCRUBBED_TIME+LLAMA3-ARXIV_BMPD384_2_14_8,False
8,2,0,0,16,6,384,60.74,46.989939,bw,static,static,results,Results,Results_LLAMA31,LLAMA3-ARXIV-Results,simulator_output_LLAMA3-ARXIV_bwplacement_bs8_staticreq_statictask,SCRUBBED_TIME+LLAMA3-ARXIV_BMPD384_2_16_6,False
4,9,0,0,7,8,640,165.29,47.02923238095238,bw,static,static,results,Results,Results_LLAMA31,LLAMA3-ARXIV-Results,simulator_output_LLAMA3-ARXIV_bwplacement_bs4_staticreq_statictask,SCRUBBED_TIME+LLAMA3-ARXIV_BMPD640_9_7_8,False
8,4,0,0,15,5,384,147.1,47.030353777777776,bw,static,static,results,Results,Results_LLAMA31,LLAMA3-ARXIV-Results,simulator_output_LLAMA3-ARXIV_bwplacement_bs8_staticreq_statictask,SCRUBBED_TIME+LLAMA3-ARXIV_BMPD384_4_15_5,False
8,2,0,0,15,7,384,60.74,47.033889,bw,static,static,results,Results,Results_LLAMA31,LLAMA3-ARXIV-Results,simulator_output_LLAMA3-ARXIV_bwplacement_bs8_staticreq_statictask,SCRUBBED_TIME+LLAMA3-ARXIV_BMPD384_2_15_7,False
8,2,0,0,19,3,384,60.74,47.063039,bw,static,static,results,Results,Results_LLAMA31,LLAMA3-ARXIV-Results,simulator_output_LLAMA3-ARXIV_bwplacement_bs8_staticreq_statictask,SCRUBBED_TIME+LLAMA3-ARXIV_BMPD384_2_19_3,False
4,7,0,0,5,12,256,144.98,47.07938247619048,bw,static,static,results,Results,Results_LLAMA31,LLAMA3-ARXIV-Results,simulator_output_LLAMA3-ARXIV_bwplacement_bs4_staticreq_statictask,SCRUBBED_TIME+LLAMA3-ARXIV_BMPD256_7_5_12,False
8,7,0,0,10,7,256,220.68,47.11588106666667,bw,static,static,results,Results,Results_LLAMA31,LLAMA3-ARXIV-Results,simulator_output_LLAMA3-ARXIV_bwplacement_bs8_staticreq_statictask,SCRUBBED_TIME+LLAMA3-ARXIV_BMPD256_7_10_7,False
8,4,0,0,6,14,256,141.63,47.14187555555555,bw,static,static,results,Results,Results_LLAMA31,LLAMA3-ARXIV-Results,simulator_output_LLAMA3-ARXIV_bwplacement_bs8_staticreq_statictask,SCRUBBED_TIME+LLAMA3-ARXIV_BMPD256_4_6_14,False
2,6,0,0,3,15,384,86.26,47.24334556521739,bw,static,static,results,Results,Results_LLAMA31,LLAMA3-ARXIV-Results,simulator_output_LLAMA3-ARXIV_bwplacement_bs2_staticreq_statictask,SCRUBBED_TIME+LLAMA3-ARXIV_BMPD384_6_3_15,False
8,4,0,0,12,8,384,151.26,47.26099822222223,bw,static,static,results,Results,Results_LLAMA31,LLAMA3-ARXIV-Results,simulator_output_LLAMA3-ARXIV_bwplacement_bs8_staticreq_statictask,SCRUBBED_TIME+LLAMA3-ARXIV_BMPD384_4_12_8,False
4,6,0,0,7,11,512,206.58,47.30775472,bw,static,static,results,Results,Results_LLAMA31,LLAMA3-ARXIV-Results,simulator_output_LLAMA3-ARXIV_bwplacement_bs4_staticreq_statictask,SCRUBBED_TIME+LLAMA3-ARXIV_BMPD512_6_7_11,False
2,9,0,0,3,12,512,73.3,47.345437,bw,static,static,results,Results,Results_LLAMA31,LLAMA3-ARXIV-Results,simulator_output_LLAMA3-ARXIV_bwplacement_bs2_staticreq_statictask,SCRUBBED_TIME+LLAMA3-ARXIV_BMPD512_9_3_12,False
8,2,0,0,20,2,384,60.74,47.380864,bw,static,static,results,Results,Results_LLAMA31,LLAMA3-ARXIV-Results,simulator_output_LLAMA3-ARXIV_bwplacement_bs8_staticreq_statictask,SCRUBBED_TIME+LLAMA3-ARXIV_BMPD384_2_20_2,False
2,11,0,0,2,11,256,57.59,47.4415105,bw,static,static,results,Results,Results_LLAMA31,LLAMA3-ARXIV-Results,simulator_output_LLAMA3-ARXIV_bwplacement_bs2_staticreq_statictask,SCRUBBED_TIME+LLAMA3-ARXIV_BMPD256_11_2_11,False
8,4,0,0,13,7,384,148.7,47.53766488888889,bw,static,static,results,Results,Results_LLAMA31,LLAMA3-ARXIV-Results,simulator_output_LLAMA3-ARXIV_bwplacement_bs8_staticreq_statictask,SCRUBBED_TIME+LLAMA3-ARXIV_BMPD384_4_13_7,False
8,2,0,0,10,12,384,60.74,47.551889,bw,static,static,results,Results,Results_LLAMA31,LLAMA3-ARXIV-Results,simulator_output_LLAMA3-ARXIV_bwplacement_bs8_staticreq_statictask,SCRUBBED_TIME+LLAMA3-ARXIV_BMPD384_2_10_12,False
4,8,0,0,6,10,512,172.31,47.59177963636363,bw,static,static,results,Results,Results_LLAMA31,LLAMA3-ARXIV-Results,simulator_output_LLAMA3-ARXIV_bwplacement_bs4_staticreq_statictask,SCRUBBED_TIME+LLAMA3-ARXIV_BMPD512_8_6_10,False
4,13,0,0,5,6,640,113.65,47.66567511111111,bw,static,static,results,Results,Results_LLAMA31,LLAMA3-ARXIV-Results,simulator_output_LLAMA3-ARXIV_bwplacement_bs4_staticreq_statictask,SCRUBBED_TIME+LLAMA3-ARXIV_BMPD640_13_5_6,False
8,3,0,0,5,16,256,73.56,47.70116933333333,bw,static,static,results,Results,Results_LLAMA31,LLAMA3-ARXIV-Results,simulator_output_LLAMA3-ARXIV_bwplacement_bs8_staticreq_statictask,SCRUBBED_TIME+LLAMA3-ARXIV_BMPD256_3_5_16,False
8,2,0,0,11,11,384,60.74,47.776114,bw,static,static,results,Results,Results_LLAMA31,LLAMA3-ARXIV-Results,simulator_output_LLAMA3-ARXIV_bwplacement_bs8_staticreq_statictask,SCRUBBED_TIME+LLAMA3-ARXIV_BMPD384_2_11_11,False
4,8,0,0,5,11,384,164.77,47.776694285714285,bw,static,static,results,Results,Results_LLAMA31,LLAMA3-ARXIV-Results,simulator_output_LLAMA3-ARXIV_bwplacement_bs4_staticreq_statictask,SCRUBBED_TIME+LLAMA3-ARXIV_BMPD384_8_5_11,False
8,11,0,0,8,5,256,203.44,47.77736106666667,bw,static,static,results,Results,Results_LLAMA31,LLAMA3-ARXIV-Results,simulator_output_LLAMA3-ARXIV_bwplacement_bs8_staticreq_statictask,SCRUBBED_TIME+LLAMA3-ARXIV_BMPD256_11_8_5,False
8,11,0,0,9,4,256,189.9,47.77736106666667,bw,static,static,results,Results,Results_LLAMA31,LLAMA3-ARXIV-Results,simulator_output_LLAMA3-ARXIV_bwplacement_bs8_staticreq_statictask,SCRUBBED_TIME+LLAMA3-ARXIV_BMPD256_11_9_4,False
4,4,0,0,4,16,256,137.67,47.79446315789474,bw,static,static,results,Results,Results_LLAMA31,LLAMA3-ARXIV-Results,simulator_output_LLAMA3-ARXIV_bwplacement_bs4_staticreq_statictask,SCRUBBED_TIME+LLAMA3-ARXIV_BMPD256_4_4_16,False
8,5,0,0,16,3,256,125.36,47.93223111111112,bw,static,static,results,Results,Results_LLAMA31,LLAMA3-ARXIV-Results,simulator_output_LLAMA3-ARXIV_bwplacement_bs8_staticreq_statictask,SCRUBBED_TIME+LLAMA3-ARXIV_BMPD256_5_16_3,False
8,5,0,0,17,2,256,108.72,47.93223111111112,bw,static,static,results,Results,Results_LLAMA31,LLAMA3-ARXIV-Results,simulator_output_LLAMA3-ARXIV_bwplacement_bs8_staticreq_statictask,SCRUBBED_TIME+LLAMA3-ARXIV_BMPD256_5_17_2,False
8,5,0,0,18,1,256,70.1,47.93223111111112,bw,static,static,results,Results,Results_LLAMA31,LLAMA3-ARXIV-Results,simulator_output_LLAMA3-ARXIV_bwplacement_bs8_staticreq_statictask,SCRUBBED_TIME+LLAMA3-ARXIV_BMPD256_5_18_1,False
8,4,0,0,17,3,384,138.57,47.946076,bw,static,static,results,Results,Results_LLAMA31,LLAMA3-ARXIV-Results,simulator_output_LLAMA3-ARXIV_bwplacement_bs8_staticreq_statictask,SCRUBBED_TIME+LLAMA3-ARXIV_BMPD384_4_17_3,False
8,2,0,0,12,10,384,60.74,48.001489,bw,static,static,results,Results,Results_LLAMA31,LLAMA3-ARXIV-Results,simulator_output_LLAMA3-ARXIV_bwplacement_bs8_staticreq_statictask,SCRUBBED_TIME+LLAMA3-ARXIV_BMPD384_2_12_10,False
8,7,0,0,8,9,256,218.47,48.0313744,bw,static,static,results,Results,Results_LLAMA31,LLAMA3-ARXIV-Results,simulator_output_LLAMA3-ARXIV_bwplacement_bs8_staticreq_statictask,SCRUBBED_TIME+LLAMA3-ARXIV_BMPD256_7_8_9,False
8,5,0,0,12,7,256,141.93,48.042186666666666,bw,static,static,results,Results,Results_LLAMA31,LLAMA3-ARXIV-Results,simulator_output_LLAMA3-ARXIV_bwplacement_bs8_staticreq_statictask,SCRUBBED_TIME+LLAMA3-ARXIV_BMPD256_5_12_7,False
4,10,0,0,4,10,256,131.56,48.07526755555556,bw,static,static,results,Results,Results_LLAMA31,LLAMA3-ARXIV-Results,simulator_output_LLAMA3-ARXIV_bwplacement_bs4_staticreq_statictask,SCRUBBED_TIME+LLAMA3-ARXIV_BMPD256_10_4_10,False
8,7,0,0,9,8,256,224.7,48.08928106666667,bw,static,static,results,Results,Results_LLAMA31,LLAMA3-ARXIV-Results,simulator_output_LLAMA3-ARXIV_bwplacement_bs8_staticreq_statictask,SCRUBBED_TIME+LLAMA3-ARXIV_BMPD256_7_9_8,False
8,3,0,0,18,3,256,74.2,48.1710024,bw,static,static,results,Results,Results_LLAMA31,LLAMA3-ARXIV-Results,simulator_output_LLAMA3-ARXIV_bwplacement_bs8_staticreq_statictask,SCRUBBED_TIME+LLAMA3-ARXIV_BMPD256_3_18_3,False
8,3,0,0,19,2,256,70.59,48.1710024,bw,static,static,results,Results,Results_LLAMA31,LLAMA3-ARXIV-Results,simulator_output_LLAMA3-ARXIV_bwplacement_bs8_staticreq_statictask,SCRUBBED_TIME+LLAMA3-ARXIV_BMPD256_3_19_2,False
2,3,0,0,3,18,384,96.87,48.224376,bw,static,static,results,Results,Results_LLAMA31,LLAMA3-ARXIV-Results,simulator_output_LLAMA3-ARXIV_bwplacement_bs2_staticreq_statictask,SCRUBBED_TIME+LLAMA3-ARXIV_BMPD384_3_3_18,False
8,5,0,0,9,10,256,143.66,48.29714222222223,bw,static,static,results,Results,Results_LLAMA31,LLAMA3-ARXIV-Results,simulator_output_LLAMA3-ARXIV_bwplacement_bs8_staticreq_statictask,SCRUBBED_TIME+LLAMA3-ARXIV_BMPD256_5_9_10,False
4,5,0,0,5,14,384,172.83,48.36993582608695,bw,static,static,results,Results,Results_LLAMA31,LLAMA3-ARXIV-Results,simulator_output_LLAMA3-ARXIV_bwplacement_bs4_staticreq_statictask,SCRUBBED_TIME+LLAMA3-ARXIV_BMPD384_5_5_14,False
8,3,0,0,20,1,256,50.64,48.4094624,bw,static,static,results,Results,Results_LLAMA31,LLAMA3-ARXIV-Results,simulator_output_LLAMA3-ARXIV_bwplacement_bs8_staticreq_statictask,SCRUBBED_TIME+LLAMA3-ARXIV_BMPD256_3_20_1,False
8,2,0,0,2,20,256,51.8,48.488499,bw,static,static,results,Results,Results_LLAMA31,LLAMA3-ARXIV-Results,simulator_output_LLAMA3-ARXIV_bwplacement_bs8_staticreq_statictask,SCRUBBED_TIME+LLAMA3-ARXIV_BMPD256_2_2_20,False
8,4,0,0,8,12,384,151.68,48.72676488888889,bw,static,static,results,Results,Results_LLAMA31,LLAMA3-ARXIV-Results,simulator_output_LLAMA3-ARXIV_bwplacement_bs8_staticreq_statictask,SCRUBBED_TIME+LLAMA3-ARXIV_BMPD384_4_8_12,False
8,4,0,0,11,9,384,150.06,48.74589822222222,bw,static,static,results,Results,Results_LLAMA31,LLAMA3-ARXIV-Results,simulator_output_LLAMA3-ARXIV_bwplacement_bs8_staticreq_statictask,SCRUBBED_TIME+LLAMA3-ARXIV_BMPD384_4_11_9,False
8,5,0,0,15,4,256,136.26,48.748508888888885,bw,static,static,results,Results,Results_LLAMA31,LLAMA3-ARXIV-Results,simulator_output_LLAMA3-ARXIV_bwplacement_bs8_staticreq_statictask,SCRUBBED_TIME+LLAMA3-ARXIV_BMPD256_5_15_4,False
8,3,0,0,15,6,256,74.61,48.7512424,bw,static,static,results,Results,Results_LLAMA31,LLAMA3-ARXIV-Results,simulator_output_LLAMA3-ARXIV_bwplacement_bs8_staticreq_statictask,SCRUBBED_TIME+LLAMA3-ARXIV_BMPD256_3_15_6,False
2,4,0,0,3,17,256,91.14,48.8353132173913,bw,static,static,results,Results,Results_LLAMA31,LLAMA3-ARXIV-Results,simulator_output_LLAMA3-ARXIV_bwplacement_bs2_staticreq_statictask,SCRUBBED_TIME+LLAMA3-ARXIV_BMPD256_4_3_17,False
8,2,0,0,7,15,384,60.74,48.932689,bw,static,static,results,Results,Results_LLAMA31,LLAMA3-ARXIV-Results,simulator_output_LLAMA3-ARXIV_bwplacement_bs8_staticreq_statictask,SCRUBBED_TIME+LLAMA3-ARXIV_BMPD384_2_7_15,False
4,6,0,0,5,13,256,149.28,48.93545036363637,bw,static,static,results,Results,Results_LLAMA31,LLAMA3-ARXIV-Results,simulator_output_LLAMA3-ARXIV_bwplacement_bs4_staticreq_statictask,SCRUBBED_TIME+LLAMA3-ARXIV_BMPD256_6_5_13,False
4,7,0,0,6,11,512,185.24,48.94760486956522,bw,static,static,results,Results,Results_LLAMA31,LLAMA3-ARXIV-Results,simulator_output_LLAMA3-ARXIV_bwplacement_bs4_staticreq_statictask,SCRUBBED_TIME+LLAMA3-ARXIV_BMPD512_7_6_11,False
4,5,0,0,6,13,512,183.35,48.992970086956525,bw,static,static,results,Results,Results_LLAMA31,LLAMA3-ARXIV-Results,simulator_output_LLAMA3-ARXIV_bwplacement_bs4_staticreq_statictask,SCRUBBED_TIME+LLAMA3-ARXIV_BMPD512_5_6_13,False
8,4,0,0,10,10,384,150.0,49.00965377777778,bw,static,static,results,Results,Results_LLAMA31,LLAMA3-ARXIV-Results,simulator_output_LLAMA3-ARXIV_bwplacement_bs8_staticreq_statictask,SCRUBBED_TIME+LLAMA3-ARXIV_BMPD384_4_10_10,False
8,2,0,0,9,13,384,60.34,49.065039,bw,static,static,results,Results,Results_LLAMA31,LLAMA3-ARXIV-Results,simulator_output_LLAMA3-ARXIV_bwplacement_bs8_staticreq_statictask,SCRUBBED_TIME+LLAMA3-ARXIV_BMPD384_2_9_13,False
8,5,0,0,11,8,256,144.92,49.10720888888889,bw,static,static,results,Results,Results_LLAMA31,LLAMA3-ARXIV-Results,simulator_output_LLAMA3-ARXIV_bwplacement_bs8_staticreq_statictask,SCRUBBED_TIME+LLAMA3-ARXIV_BMPD256_5_11_8,False
8,5,0,0,13,6,256,139.42,49.14917555555555,bw,static,static,results,Results,Results_LLAMA31,LLAMA3-ARXIV-Results,simulator_output_LLAMA3-ARXIV_bwplacement_bs8_staticreq_statictask,SCRUBBED_TIME+LLAMA3-ARXIV_BMPD256_5_13_6,False
8,3,0,0,6,15,256,72.93,49.1583024,bw,static,static,results,Results,Results_LLAMA31,LLAMA3-ARXIV-Results,simulator_output_LLAMA3-ARXIV_bwplacement_bs8_staticreq_statictask,SCRUBBED_TIME+LLAMA3-ARXIV_BMPD256_3_6_15,False
8,7,0,0,14,3,384,191.71,49.16190106666667,bw,static,static,results,Results,Results_LLAMA31,LLAMA3-ARXIV-Results,simulator_output_LLAMA3-ARXIV_bwplacement_bs8_staticreq_statictask,SCRUBBED_TIME+LLAMA3-ARXIV_BMPD384_7_14_3,False
8,5,0,0,14,5,256,137.77,49.21572,bw,static,static,results,Results,Results_LLAMA31,LLAMA3-ARXIV-Results,simulator_output_LLAMA3-ARXIV_bwplacement_bs8_staticreq_statictask,SCRUBBED_TIME+LLAMA3-ARXIV_BMPD256_5_14_5,False
4,12,0,0,6,6,640,136.13,49.23494733333334,bw,static,static,results,Results,Results_LLAMA31,LLAMA3-ARXIV-Results,simulator_output_LLAMA3-ARXIV_bwplacement_bs4_staticreq_statictask,SCRUBBED_TIME+LLAMA3-ARXIV_BMPD640_12_6_6,False
4,6,0,0,9,9,640,195.72,49.25064486956522,bw,static,static,results,Results,Results_LLAMA31,LLAMA3-ARXIV-Results,simulator_output_LLAMA3-ARXIV_bwplacement_bs4_staticreq_statictask,SCRUBBED_TIME+LLAMA3-ARXIV_BMPD640_6_9_9,False
8,3,0,0,7,14,256,72.58,49.2541424,bw,static,static,results,Results,Results_LLAMA31,LLAMA3-ARXIV-Results,simulator_output_LLAMA3-ARXIV_bwplacement_bs8_staticreq_statictask,SCRUBBED_TIME+LLAMA3-ARXIV_BMPD256_3_7_14,False
2,4,0,0,4,16,640,110.28,49.33143723076923,bw,static,static,results,Results,Results_LLAMA31,LLAMA3-ARXIV-Results,simulator_output_LLAMA3-ARXIV_bwplacement_bs2_staticreq_statictask,SCRUBBED_TIME+LLAMA3-ARXIV_BMPD640_4_4_16,False
8,16,0,0,5,3,256,120.79,49.38254222222223,bw,static,static,results,Results,Results_LLAMA31,LLAMA3-ARXIV-Results,simulator_output_LLAMA3-ARXIV_bwplacement_bs8_staticreq_statictask,SCRUBBED_TIME+LLAMA3-ARXIV_BMPD256_16_5_3,False
2,10,0,0,3,11,640,65.51,49.455874666666666,bw,static,static,results,Results,Results_LLAMA31,LLAMA3-ARXIV-Results,simulator_output_LLAMA3-ARXIV_bwplacement_bs2_staticreq_statictask,SCRUBBED_TIME+LLAMA3-ARXIV_BMPD640_10_3_11,False
8,3,0,0,3,18,256,69.7,49.6887424,bw,static,static,results,Results,Results_LLAMA31,LLAMA3-ARXIV-Results,simulator_output_LLAMA3-ARXIV_bwplacement_bs8_staticreq_statictask,SCRUBBED_TIME+LLAMA3-ARXIV_BMPD256_3_3_18,False
8,2,0,0,6,16,384,60.74,49.951414,bw,static,static,results,Results,Results_LLAMA31,LLAMA3-ARXIV-Results,simulator_output_LLAMA3-ARXIV_bwplacement_bs8_staticreq_statictask,SCRUBBED_TIME+LLAMA3-ARXIV_BMPD384_2_6_16,False
4,7,0,0,5,12,384,158.49,49.98700054545455,bw,static,static,results,Results,Results_LLAMA31,LLAMA3-ARXIV-Results,simulator_output_LLAMA3-ARXIV_bwplacement_bs4_staticreq_statictask,SCRUBBED_TIME+LLAMA3-ARXIV_BMPD384_7_5_12,False
4,5,0,0,7,12,640,167.54,50.015542545454544,bw,static,static,results,Results,Results_LLAMA31,LLAMA3-ARXIV-Results,simulator_output_LLAMA3-ARXIV_bwplacement_bs4_staticreq_statictask,SCRUBBED_TIME+LLAMA3-ARXIV_BMPD640_5_7_12,False
8,7,0,0,15,2,384,156.58,50.04130773333333,bw,static,static,results,Results,Results_LLAMA31,LLAMA3-ARXIV-Results,simulator_output_LLAMA3-ARXIV_bwplacement_bs8_staticreq_statictask,SCRUBBED_TIME+LLAMA3-ARXIV_BMPD384_7_15_2,False
8,5,0,0,8,11,256,144.39,50.041964444444446,bw,static,static,results,Results,Results_LLAMA31,LLAMA3-ARXIV-Results,simulator_output_LLAMA3-ARXIV_bwplacement_bs8_staticreq_statictask,SCRUBBED_TIME+LLAMA3-ARXIV_BMPD256_5_8_11,False
8,5,0,0,10,9,256,143.28,50.142653333333335,bw,static,static,results,Results,Results_LLAMA31,LLAMA3-ARXIV-Results,simulator_output_LLAMA3-ARXIV_bwplacement_bs8_staticreq_statictask,SCRUBBED_TIME+LLAMA3-ARXIV_BMPD256_5_10_9,False
2,12,0,0,2,10,384,53.72,50.3160912,bw,static,static,results,Results,Results_LLAMA31,LLAMA3-ARXIV-Results,simulator_output_LLAMA3-ARXIV_bwplacement_bs2_staticreq_statictask,SCRUBBED_TIME+LLAMA3-ARXIV_BMPD384_12_2_10,False
8,7,0,0,12,5,384,229.87,50.32530106666667,bw,static,static,results,Results,Results_LLAMA31,LLAMA3-ARXIV-Results,simulator_output_LLAMA3-ARXIV_bwplacement_bs8_staticreq_statictask,SCRUBBED_TIME+LLAMA3-ARXIV_BMPD384_7_12_5,False
2,8,0,0,3,13,512,69.32,50.3430707368421,bw,static,static,results,Results,Results_LLAMA31,LLAMA3-ARXIV-Results,simulator_output_LLAMA3-ARXIV_bwplacement_bs2_staticreq_statictask,SCRUBBED_TIME+LLAMA3-ARXIV_BMPD512_8_3_13,False
2,5,0,0,3,16,384,96.78,50.41092382608695,bw,static,static,results,Results,Results_LLAMA31,LLAMA3-ARXIV-Results,simulator_output_LLAMA3-ARXIV_bwplacement_bs2_staticreq_statictask,SCRUBBED_TIME+LLAMA3-ARXIV_BMPD384_5_3_16,False
4,11,0,0,4,9,384,137.73,50.436870444444445,bw,static,static,results,Results,Results_LLAMA31,LLAMA3-ARXIV-Results,simulator_output_LLAMA3-ARXIV_bwplacement_bs4_staticreq_statictask,SCRUBBED_TIME+LLAMA3-ARXIV_BMPD384_11_4_9,False
4,8,0,0,7,9,640,158.05,50.45135288888889,bw,static,static,results,Results,Results_LLAMA31,LLAMA3-ARXIV-Results,simulator_output_LLAMA3-ARXIV_bwplacement_bs4_staticreq_statictask,SCRUBBED_TIME+LLAMA3-ARXIV_BMPD640_8_7_9,False
8,3,0,0,4,17,256,69.3,50.6130224,bw,static,static,results,Results,Results_LLAMA31,LLAMA3-ARXIV-Results,simulator_output_LLAMA3-ARXIV_bwplacement_bs8_staticreq_statictask,SCRUBBED_TIME+LLAMA3-ARXIV_BMPD256_3_4_17,False
4,7,0,0,7,10,640,163.03,50.71924709090909,bw,static,static,results,Results,Results_LLAMA31,LLAMA3-ARXIV-Results,simulator_output_LLAMA3-ARXIV_bwplacement_bs4_staticreq_statictask,SCRUBBED_TIME+LLAMA3-ARXIV_BMPD640_7_7_10,False
8,2,0,0,8,14,384,56.18,50.866239,bw,static,static,results,Results,Results_LLAMA31,LLAMA3-ARXIV-Results,simulator_output_LLAMA3-ARXIV_bwplacement_bs8_staticreq_statictask,SCRUBBED_TIME+LLAMA3-ARXIV_BMPD384_2_8_14,False
2,10,0,0,2,12,256,59.79,50.96572925,bw,static,static,results,Results,Results_LLAMA31,LLAMA3-ARXIV-Results,simulator_output_LLAMA3-ARXIV_bwplacement_bs2_staticreq_statictask,SCRUBBED_TIME+LLAMA3-ARXIV_BMPD256_10_2_12,False
8,2,0,0,5,17,384,55.42,51.008289,bw,static,static,results,Results,Results_LLAMA31,LLAMA3-ARXIV-Results,simulator_output_LLAMA3-ARXIV_bwplacement_bs8_staticreq_statictask,SCRUBBED_TIME+LLAMA3-ARXIV_BMPD384_2_5_17,False
8,7,0,0,16,1,256,73.32,51.01809033333333,bw,static,static,results,Results,Results_LLAMA31,LLAMA3-ARXIV-Results,simulator_output_LLAMA3-ARXIV_bwplacement_bs8_staticreq_statictask,SCRUBBED_TIME+LLAMA3-ARXIV_BMPD256_7_16_1,False
8,10,0,0,8,6,256,220.04,51.12960773333334,bw,static,static,results,Results,Results_LLAMA31,LLAMA3-ARXIV-Results,simulator_output_LLAMA3-ARXIV_bwplacement_bs8_staticreq_statictask,SCRUBBED_TIME+LLAMA3-ARXIV_BMPD256_10_8_6,False
8,10,0,0,9,5,256,207.59,51.12960773333334,bw,static,static,results,Results,Results_LLAMA31,LLAMA3-ARXIV-Results,simulator_output_LLAMA3-ARXIV_bwplacement_bs8_staticreq_statictask,SCRUBBED_TIME+LLAMA3-ARXIV_BMPD256_10_9_5,False
8,2,0,0,3,19,384,53.53,51.253064,bw,static,static,results,Results,Results_LLAMA31,LLAMA3-ARXIV-Results,simulator_output_LLAMA3-ARXIV_bwplacement_bs8_staticreq_statictask,SCRUBBED_TIME+LLAMA3-ARXIV_BMPD384_2_3_19,False
4,9,0,0,4,11,256,137.67,51.31600088888889,bw,static,static,results,Results,Results_LLAMA31,LLAMA3-ARXIV-Results,simulator_output_LLAMA3-ARXIV_bwplacement_bs4_staticreq_statictask,SCRUBBED_TIME+LLAMA3-ARXIV_BMPD256_9_4_11,False
8,8,0,0,12,4,256,201.21,51.53108211764706,bw,static,static,results,Results,Results_LLAMA31,LLAMA3-ARXIV-Results,simulator_output_LLAMA3-ARXIV_bwplacement_bs8_staticreq_statictask,SCRUBBED_TIME+LLAMA3-ARXIV_BMPD256_8_12_4,False
8,2,0,0,4,18,384,57.17,51.554464,bw,static,static,results,Results,Results_LLAMA31,LLAMA3-ARXIV-Results,simulator_output_LLAMA3-ARXIV_bwplacement_bs8_staticreq_statictask,SCRUBBED_TIME+LLAMA3-ARXIV_BMPD384_2_4_18,False
4,6,0,0,6,12,512,193.82,51.56734834782608,bw,static,static,results,Results,Results_LLAMA31,LLAMA3-ARXIV-Results,simulator_output_LLAMA3-ARXIV_bwplacement_bs4_staticreq_statictask,SCRUBBED_TIME+LLAMA3-ARXIV_BMPD512_6_6_12,False
4,2,0,0,2,20,384,53.72,51.568277,bw,static,static,results,Results,Results_LLAMA31,LLAMA3-ARXIV-Results,simulator_output_LLAMA3-ARXIV_bwplacement_bs4_staticreq_statictask,SCRUBBED_TIME+LLAMA3-ARXIV_BMPD384_2_2_20,False
8,12,0,0,8,4,256,173.68,51.69405723076923,bw,static,static,results,Results,Results_LLAMA31,LLAMA3-ARXIV-Results,simulator_output_LLAMA3-ARXIV_bwplacement_bs8_staticreq_statictask,SCRUBBED_TIME+LLAMA3-ARXIV_BMPD256_12_8_4,False
4,11,0,0,5,8,512,140.53,51.88518333333334,bw,static,static,results,Results,Results_LLAMA31,LLAMA3-ARXIV-Results,simulator_output_LLAMA3-ARXIV_bwplacement_bs4_staticreq_statictask,SCRUBBED_TIME+LLAMA3-ARXIV_BMPD512_11_5_8,False
4,16,0,0,3,5,512,67.43,51.974868444444446,bw,static,static,results,Results,Results_LLAMA31,LLAMA3-ARXIV-Results,simulator_output_LLAMA3-ARXIV_bwplacement_bs4_staticreq_statictask,SCRUBBED_TIME+LLAMA3-ARXIV_BMPD512_16_3_5,False
8,5,0,0,5,14,256,143.16,52.02377555555555,bw,static,static,results,Results,Results_LLAMA31,LLAMA3-ARXIV-Results,simulator_output_LLAMA3-ARXIV_bwplacement_bs8_staticreq_statictask,SCRUBBED_TIME+LLAMA3-ARXIV_BMPD256_5_5_14,False
8,8,0,0,9,7,256,242.72,52.03251152941176,bw,static,static,results,Results,Results_LLAMA31,LLAMA3-ARXIV-Results,simulator_output_LLAMA3-ARXIV_bwplacement_bs8_staticreq_statictask,SCRUBBED_TIME+LLAMA3-ARXIV_BMPD256_8_9_7,False
4,14,0,0,4,6,512,107.93,52.03630738461538,bw,static,static,results,Results,Results_LLAMA31,LLAMA3-ARXIV-Results,simulator_output_LLAMA3-ARXIV_bwplacement_bs4_staticreq_statictask,SCRUBBED_TIME+LLAMA3-ARXIV_BMPD512_14_4_6,False
8,4,0,0,7,13,384,146.82,52.15289822222223,bw,static,static,results,Results,Results_LLAMA31,LLAMA3-ARXIV-Results,simulator_output_LLAMA3-ARXIV_bwplacement_bs8_staticreq_statictask,SCRUBBED_TIME+LLAMA3-ARXIV_BMPD384_4_7_13,False
8,5,0,0,7,12,256,142.12,52.203453333333336,bw,static,static,results,Results,Results_LLAMA31,LLAMA3-ARXIV-Results,simulator_output_LLAMA3-ARXIV_bwplacement_bs8_staticreq_statictask,SCRUBBED_TIME+LLAMA3-ARXIV_BMPD256_5_7_12,False
8,7,0,0,13,4,384,214.63,52.27490106666667,bw,static,static,results,Results,Results_LLAMA31,LLAMA3-ARXIV-Results,simulator_output_LLAMA3-ARXIV_bwplacement_bs8_staticreq_statictask,SCRUBBED_TIME+LLAMA3-ARXIV_BMPD384_7_13_4,False
8,11,0,0,9,4,384,227.08,52.548947733333335,bw,static,static,results,Results,Results_LLAMA31,LLAMA3-ARXIV-Results,simulator_output_LLAMA3-ARXIV_bwplacement_bs8_staticreq_statictask,SCRUBBED_TIME+LLAMA3-ARXIV_BMPD384_11_9_4,False
8,11,0,0,8,5,384,237.66,52.548967733333335,bw,static,static,results,Results,Results_LLAMA31,LLAMA3-ARXIV-Results,simulator_output_LLAMA3-ARXIV_bwplacement_bs8_staticreq_statictask,SCRUBBED_TIME+LLAMA3-ARXIV_BMPD384_11_8_5,False
8,4,0,0,19,1,512,86.63,52.563688444444445,bw,static,static,results,Results,Results_LLAMA31,LLAMA3-ARXIV-Results,simulator_output_LLAMA3-ARXIV_bwplacement_bs8_staticreq_statictask,SCRUBBED_TIME+LLAMA3-ARXIV_BMPD512_4_19_1,False
8,4,0,0,5,15,384,136.86,52.570634,bw,static,static,results,Results,Results_LLAMA31,LLAMA3-ARXIV-Results,simulator_output_LLAMA3-ARXIV_bwplacement_bs8_staticreq_statictask,SCRUBBED_TIME+LLAMA3-ARXIV_BMPD384_4_5_15,False
8,7,0,0,9,8,384,229.06,52.6834344,bw,static,static,results,Results,Results_LLAMA31,LLAMA3-ARXIV-Results,simulator_output_LLAMA3-ARXIV_bwplacement_bs8_staticreq_statictask,SCRUBBED_TIME+LLAMA3-ARXIV_BMPD384_7_9_8,False
8,16,0,0,5,3,384,139.57,52.698731555555554,bw,static,static,results,Results,Results_LLAMA31,LLAMA3-ARXIV-Results,simulator_output_LLAMA3-ARXIV_bwplacement_bs8_staticreq_statictask,SCRUBBED_TIME+LLAMA3-ARXIV_BMPD384_16_5_3,False
8,5,0,0,17,2,384,126.2,52.698731555555554,bw,static,static,results,Results,Results_LLAMA31,LLAMA3-ARXIV-Results,simulator_output_LLAMA3-ARXIV_bwplacement_bs8_staticreq_statictask,SCRUBBED_TIME+LLAMA3-ARXIV_BMPD384_5_17_2,False
8,5,0,0,18,1,384,91.98,52.698731555555554,bw,static,static,results,Results,Results_LLAMA31,LLAMA3-ARXIV-Results,simulator_output_LLAMA3-ARXIV_bwplacement_bs8_staticreq_statictask,SCRUBBED_TIME+LLAMA3-ARXIV_BMPD384_5_18_1,False
2,9,0,0,3,12,640,65.98,52.704308,bw,static,static,results,Results,Results_LLAMA31,LLAMA3-ARXIV-Results,simulator_output_LLAMA3-ARXIV_bwplacement_bs2_staticreq_statictask,SCRUBBED_TIME+LLAMA3-ARXIV_BMPD640_9_3_12,False
4,11,0,0,6,7,640,134.63,52.708836222222224,bw,static,static,results,Results,Results_LLAMA31,LLAMA3-ARXIV-Results,simulator_output_LLAMA3-ARXIV_bwplacement_bs4_staticreq_statictask,SCRUBBED_TIME+LLAMA3-ARXIV_BMPD640_11_6_7,False
8,7,0,0,8,9,384,221.68,52.8455944,bw,static,static,results,Results,Results_LLAMA31,LLAMA3-ARXIV-Results,simulator_output_LLAMA3-ARXIV_bwplacement_bs8_staticreq_statictask,SCRUBBED_TIME+LLAMA3-ARXIV_BMPD384_7_8_9,False
8,4,0,0,17,3,512,137.96,52.847066222222224,bw,static,static,results,Results,Results_LLAMA31,LLAMA3-ARXIV-Results,simulator_output_LLAMA3-ARXIV_bwplacement_bs8_staticreq_statictask,SCRUBBED_TIME+LLAMA3-ARXIV_BMPD512_4_17_3,False
8,4,0,0,4,16,256,134.82,52.95640888888889,bw,static,static,results,Results,Results_LLAMA31,LLAMA3-ARXIV-Results,simulator_output_LLAMA3-ARXIV_bwplacement_bs8_staticreq_statictask,SCRUBBED_TIME+LLAMA3-ARXIV_BMPD256_4_4_16,False
8,3,0,0,13,8,384,71.13,52.9644288,bw,static,static,results,Results,Results_LLAMA31,LLAMA3-ARXIV-Results,simulator_output_LLAMA3-ARXIV_bwplacement_bs8_staticreq_statictask,SCRUBBED_TIME+LLAMA3-ARXIV_BMPD384_3_13_8,False
8,3,0,0,9,12,384,71.13,52.9644288,bw,static,static,results,Results,Results_LLAMA31,LLAMA3-ARXIV-Results,simulator_output_LLAMA3-ARXIV_bwplacement_bs8_staticreq_statictask,SCRUBBED_TIME+LLAMA3-ARXIV_BMPD384_3_9_12,False
8,3,0,0,12,9,384,71.13,52.9644288,bw,static,static,results,Results,Results_LLAMA31,LLAMA3-ARXIV-Results,simulator_output_LLAMA3-ARXIV_bwplacement_bs8_staticreq_statictask,SCRUBBED_TIME+LLAMA3-ARXIV_BMPD384_3_12_9,False
8,3,0,0,17,4,384,71.13,52.9644288,bw,static,static,results,Results,Results_LLAMA31,LLAMA3-ARXIV-Results,simulator_output_LLAMA3-ARXIV_bwplacement_bs8_staticreq_statictask,SCRUBBED_TIME+LLAMA3-ARXIV_BMPD384_3_17_4,False
8,3,0,0,16,5,384,71.13,52.9644288,bw,static,static,results,Results,Results_LLAMA31,LLAMA3-ARXIV-Results,simulator_output_LLAMA3-ARXIV_bwplacement_bs8_staticreq_statictask,SCRUBBED_TIME+LLAMA3-ARXIV_BMPD384_3_16_5,False
8,3,0,0,8,13,384,71.13,52.9644288,bw,static,static,results,Results,Results_LLAMA31,LLAMA3-ARXIV-Results,simulator_output_LLAMA3-ARXIV_bwplacement_bs8_staticreq_statictask,SCRUBBED_TIME+LLAMA3-ARXIV_BMPD384_3_8_13,False
8,3,0,0,11,10,384,71.13,52.9644288,bw,static,static,results,Results,Results_LLAMA31,LLAMA3-ARXIV-Results,simulator_output_LLAMA3-ARXIV_bwplacement_bs8_staticreq_statictask,SCRUBBED_TIME+LLAMA3-ARXIV_BMPD384_3_11_10,False
8,3,0,0,19,2,384,71.06,52.9644288,bw,static,static,results,Results,Results_LLAMA31,LLAMA3-ARXIV-Results,simulator_output_LLAMA3-ARXIV_bwplacement_bs8_staticreq_statictask,SCRUBBED_TIME+LLAMA3-ARXIV_BMPD384_3_19_2,False
8,5,0,0,14,5,384,148.27,53.062876,bw,static,static,results,Results,Results_LLAMA31,LLAMA3-ARXIV-Results,simulator_output_LLAMA3-ARXIV_bwplacement_bs8_staticreq_statictask,SCRUBBED_TIME+LLAMA3-ARXIV_BMPD384_5_14_5,False
8,5,0,0,16,3,384,139.04,53.18978711111111,bw,static,static,results,Results,Results_LLAMA31,LLAMA3-ARXIV-Results,simulator_output_LLAMA3-ARXIV_bwplacement_bs8_staticreq_statictask,SCRUBBED_TIME+LLAMA3-ARXIV_BMPD384_5_16_3,False
4,12,0,0,5,7,640,115.23,53.21439647058824,bw,static,static,results,Results,Results_LLAMA31,LLAMA3-ARXIV-Results,simulator_output_LLAMA3-ARXIV_bwplacement_bs4_staticreq_statictask,SCRUBBED_TIME+LLAMA3-ARXIV_BMPD640_12_5_7,False
8,3,0,0,14,7,384,67.86,53.2265488,bw,static,static,results,Results,Results_LLAMA31,LLAMA3-ARXIV-Results,simulator_output_LLAMA3-ARXIV_bwplacement_bs8_staticreq_statictask,SCRUBBED_TIME+LLAMA3-ARXIV_BMPD384_3_14_7,False
4,10,0,0,4,10,384,143.49,53.229470444444445,bw,static,static,results,Results,Results_LLAMA31,LLAMA3-ARXIV-Results,simulator_output_LLAMA3-ARXIV_bwplacement_bs4_staticreq_statictask,SCRUBBED_TIME+LLAMA3-ARXIV_BMPD384_10_4_10,False
8,6,0,0,9,9,256,143.6,53.22978666666666,bw,static,static,results,Results,Results_LLAMA31,LLAMA3-ARXIV-Results,simulator_output_LLAMA3-ARXIV_bwplacement_bs8_staticreq_statictask,SCRUBBED_TIME+LLAMA3-ARXIV_BMPD256_6_9_9,False
8,6,0,0,8,10,256,143.57,53.22978666666666,bw,static,static,results,Results,Results_LLAMA31,LLAMA3-ARXIV-Results,simulator_output_LLAMA3-ARXIV_bwplacement_bs8_staticreq_statictask,SCRUBBED_TIME+LLAMA3-ARXIV_BMPD256_6_8_10,False
8,6,0,0,12,6,256,139.87,53.22978666666666,bw,static,static,results,Results,Results_LLAMA31,LLAMA3-ARXIV-Results,simulator_output_LLAMA3-ARXIV_bwplacement_bs8_staticreq_statictask,SCRUBBED_TIME+LLAMA3-ARXIV_BMPD256_6_12_6,False
8,6,0,0,16,2,256,109.77,53.22978666666666,bw,static,static,results,Results,Results_LLAMA31,LLAMA3-ARXIV-Results,simulator_output_LLAMA3-ARXIV_bwplacement_bs8_staticreq_statictask,SCRUBBED_TIME+LLAMA3-ARXIV_BMPD256_6_16_2,False
8,6,0,0,17,1,256,71.13,53.22978666666666,bw,static,static,results,Results,Results_LLAMA31,LLAMA3-ARXIV-Results,simulator_output_LLAMA3-ARXIV_bwplacement_bs8_staticreq_statictask,SCRUBBED_TIME+LLAMA3-ARXIV_BMPD256_6_17_1,False
8,15,0,0,8,1,256,71.13,53.22978666666666,bw,static,static,results,Results,Results_LLAMA31,LLAMA3-ARXIV-Results,simulator_output_LLAMA3-ARXIV_bwplacement_bs8_staticreq_statictask,SCRUBBED_TIME+LLAMA3-ARXIV_BMPD256_15_8_1,False
8,3,0,0,18,3,384,67.7,53.2313888,bw,static,static,results,Results,Results_LLAMA31,LLAMA3-ARXIV-Results,simulator_output_LLAMA3-ARXIV_bwplacement_bs8_staticreq_statictask,SCRUBBED_TIME+LLAMA3-ARXIV_BMPD384_3_18_3,False
8,4,0,0,18,2,512,122.01,53.37456622222222,bw,static,static,results,Results,Results_LLAMA31,LLAMA3-ARXIV-Results,simulator_output_LLAMA3-ARXIV_bwplacement_bs8_staticreq_statictask,SCRUBBED_TIME+LLAMA3-ARXIV_BMPD512_4_18_2,False
8,2,0,0,12,10,512,60.74,53.43226,bw,static,static,results,Results,Results_LLAMA31,LLAMA3-ARXIV-Results,simulator_output_LLAMA3-ARXIV_bwplacement_bs8_staticreq_statictask,SCRUBBED_TIME+LLAMA3-ARXIV_BMPD512_2_12_10,False
8,2,0,0,15,7,512,60.74,53.43226,bw,static,static,results,Results,Results_LLAMA31,LLAMA3-ARXIV-Results,simulator_output_LLAMA3-ARXIV_bwplacement_bs8_staticreq_statictask,SCRUBBED_TIME+LLAMA3-ARXIV_BMPD512_2_15_7,False
8,2,0,0,21,1,512,50.61,53.43226,bw,static,static,results,Results,Results_LLAMA31,LLAMA3-ARXIV-Results,simulator_output_LLAMA3-ARXIV_bwplacement_bs8_staticreq_statictask,SCRUBBED_TIME+LLAMA3-ARXIV_BMPD512_2_21_1,False
8,3,0,0,10,11,384,69.3,53.5158688,bw,static,static,results,Results,Results_LLAMA31,LLAMA3-ARXIV-Results,simulator_output_LLAMA3-ARXIV_bwplacement_bs8_staticreq_statictask,SCRUBBED_TIME+LLAMA3-ARXIV_BMPD384_3_10_11,False
8,2,0,0,9,13,512,60.66,53.528185,bw,static,static,results,Results,Results_LLAMA31,LLAMA3-ARXIV-Results,simulator_output_LLAMA3-ARXIV_bwplacement_bs8_staticreq_statictask,SCRUBBED_TIME+LLAMA3-ARXIV_BMPD512_2_9_13,False
8,2,0,0,10,12,512,60.74,53.53216,bw,static,static,results,Results,Results_LLAMA31,LLAMA3-ARXIV-Results,simulator_output_LLAMA3-ARXIV_bwplacement_bs8_staticreq_statictask,SCRUBBED_TIME+LLAMA3-ARXIV_BMPD512_2_10_12,False
8,14,0,0,9,1,256,71.9,53.552908,bw,static,static,results,Results,Results_LLAMA31,LLAMA3-ARXIV-Results,simulator_output_LLAMA3-ARXIV_bwplacement_bs8_staticreq_statictask,SCRUBBED_TIME+LLAMA3-ARXIV_BMPD256_14_9_1,False
8,14,0,0,8,2,256,116.96,53.592988,bw,static,static,results,Results,Results_LLAMA31,LLAMA3-ARXIV-Results,simulator_output_LLAMA3-ARXIV_bwplacement_bs8_staticreq_statictask,SCRUBBED_TIME+LLAMA3-ARXIV_BMPD256_14_8_2,False
8,5,0,0,15,4,384,144.78,53.638609333333335,bw,static,static,results,Results,Results_LLAMA31,LLAMA3-ARXIV-Results,simulator_output_LLAMA3-ARXIV_bwplacement_bs8_staticreq_statictask,SCRUBBED_TIME+LLAMA3-ARXIV_BMPD384_5_15_4,False
8,5,0,0,12,7,384,150.69,53.647476,bw,static,static,results,Results,Results_LLAMA31,LLAMA3-ARXIV-Results,simulator_output_LLAMA3-ARXIV_bwplacement_bs8_staticreq_statictask,SCRUBBED_TIME+LLAMA3-ARXIV_BMPD384_5_12_7,False
8,2,0,0,18,4,512,60.36,53.663285,bw,static,static,results,Results,Results_LLAMA31,LLAMA3-ARXIV-Results,simulator_output_LLAMA3-ARXIV_bwplacement_bs8_staticreq_statictask,SCRUBBED_TIME+LLAMA3-ARXIV_BMPD512_2_18_4,False
8,3,0,0,15,6,384,66.9,53.7112288,bw,static,static,results,Results,Results_LLAMA31,LLAMA3-ARXIV-Results,simulator_output_LLAMA3-ARXIV_bwplacement_bs8_staticreq_statictask,SCRUBBED_TIME+LLAMA3-ARXIV_BMPD384_3_15_6,False
8,3,0,0,5,16,384,61.62,53.7215688,bw,static,static,results,Results,Results_LLAMA31,LLAMA3-ARXIV-Results,simulator_output_LLAMA3-ARXIV_bwplacement_bs8_staticreq_statictask,SCRUBBED_TIME+LLAMA3-ARXIV_BMPD384_3_5_16,False
8,4,0,0,14,6,512,145.86,53.763899555555554,bw,static,static,results,Results,Results_LLAMA31,LLAMA3-ARXIV-Results,simulator_output_LLAMA3-ARXIV_bwplacement_bs8_staticreq_statictask,SCRUBBED_TIME+LLAMA3-ARXIV_BMPD512_4_14_6,False
8,2,0,0,20,2,512,59.88,53.81051,bw,static,static,results,Results,Results_LLAMA31,LLAMA3-ARXIV-Results,simulator_output_LLAMA3-ARXIV_bwplacement_bs8_staticreq_statictask,SCRUBBED_TIME+LLAMA3-ARXIV_BMPD512_2_20_2,False
4,14,0,0,3,7,384,96.05,53.83284066666666,bw,static,static,results,Results,Results_LLAMA31,LLAMA3-ARXIV-Results,simulator_output_LLAMA3-ARXIV_bwplacement_bs4_staticreq_statictask,SCRUBBED_TIME+LLAMA3-ARXIV_BMPD384_14_3_7,False
8,3,0,0,20,1,384,55.75,53.8413288,bw,static,static,results,Results,Results_LLAMA31,LLAMA3-ARXIV-Results,simulator_output_LLAMA3-ARXIV_bwplacement_bs8_staticreq_statictask,SCRUBBED_TIME+LLAMA3-ARXIV_BMPD384_3_20_1,False
8,5,0,0,6,13,256,141.36,53.854264444444446,bw,static,static,results,Results,Results_LLAMA31,LLAMA3-ARXIV-Results,simulator_output_LLAMA3-ARXIV_bwplacement_bs8_staticreq_statictask,SCRUBBED_TIME+LLAMA3-ARXIV_BMPD256_5_6_13,False
8,2,0,0,11,11,512,60.1,53.898785,bw,static,static,results,Results,Results_LLAMA31,LLAMA3-ARXIV-Results,simulator_output_LLAMA3-ARXIV_bwplacement_bs8_staticreq_statictask,SCRUBBED_TIME+LLAMA3-ARXIV_BMPD512_2_11_11,False
8,13,0,0,8,3,256,144.68,53.90217563636363,bw,static,static,results,Results,Results_LLAMA31,LLAMA3-ARXIV-Results,simulator_output_LLAMA3-ARXIV_bwplacement_bs8_staticreq_statictask,SCRUBBED_TIME+LLAMA3-ARXIV_BMPD256_13_8_3,False
8,13,0,0,9,2,256,121.93,53.90217563636363,bw,static,static,results,Results,Results_LLAMA31,LLAMA3-ARXIV-Results,simulator_output_LLAMA3-ARXIV_bwplacement_bs8_staticreq_statictask,SCRUBBED_TIME+LLAMA3-ARXIV_BMPD256_13_9_2,False
2,7,0,0,3,14,512,74.44,53.90515494736842,bw,static,static,results,Results,Results_LLAMA31,LLAMA3-ARXIV-Results,simulator_output_LLAMA3-ARXIV_bwplacement_bs2_staticreq_statictask,SCRUBBED_TIME+LLAMA3-ARXIV_BMPD512_7_3_14,False
8,12,0,0,8,4,384,203.7,53.982614,bw,static,static,results,Results,Results_LLAMA31,LLAMA3-ARXIV-Results,simulator_output_LLAMA3-ARXIV_bwplacement_bs8_staticreq_statictask,SCRUBBED_TIME+LLAMA3-ARXIV_BMPD384_12_8_4,False
8,8,0,0,8,8,256,253.42,53.9931495,bw,static,static,results,Results,Results_LLAMA31,LLAMA3-ARXIV-Results,simulator_output_LLAMA3-ARXIV_bwplacement_bs8_staticreq_statictask,SCRUBBED_TIME+LLAMA3-ARXIV_BMPD256_8_8_8,False
8,12,0,0,9,3,256,152.85,54.20341533333334,bw,static,static,results,Results,Results_LLAMA31,LLAMA3-ARXIV-Results,simulator_output_LLAMA3-ARXIV_bwplacement_bs8_staticreq_statictask,SCRUBBED_TIME+LLAMA3-ARXIV_BMPD256_12_9_3,False
8,14,0,0,8,2,384,141.63,54.25636545454545,bw,static,static,results,Results,Results_LLAMA31,LLAMA3-ARXIV-Results,simulator_output_LLAMA3-ARXIV_bwplacement_bs8_staticreq_statictask,SCRUBBED_TIME+LLAMA3-ARXIV_BMPD384_14_8_2,False
2,4,0,0,3,17,384,95.06,54.28266563636363,bw,static,static,results,Results,Results_LLAMA31,LLAMA3-ARXIV-Results,simulator_output_LLAMA3-ARXIV_bwplacement_bs2_staticreq_statictask,SCRUBBED_TIME+LLAMA3-ARXIV_BMPD384_4_3_17,False
8,6,0,0,13,5,256,137.82,54.287686666666666,bw,static,static,results,Results,Results_LLAMA31,LLAMA3-ARXIV-Results,simulator_output_LLAMA3-ARXIV_bwplacement_bs8_staticreq_statictask,SCRUBBED_TIME+LLAMA3-ARXIV_BMPD256_6_13_5,False
8,6,0,0,11,7,256,141.28,54.287886666666665,bw,static,static,results,Results,Results_LLAMA31,LLAMA3-ARXIV-Results,simulator_output_LLAMA3-ARXIV_bwplacement_bs8_staticreq_statictask,SCRUBBED_TIME+LLAMA3-ARXIV_BMPD256_6_11_7,False
8,7,0,0,11,6,384,196.62,54.32030773333334,bw,static,static,results,Results,Results_LLAMA31,LLAMA3-ARXIV-Results,simulator_output_LLAMA3-ARXIV_bwplacement_bs8_staticreq_statictask,SCRUBBED_TIME+LLAMA3-ARXIV_BMPD384_7_11_6,False
2,11,0,0,2,11,384,56.06,54.375417866666666,bw,static,static,results,Results,Results_LLAMA31,LLAMA3-ARXIV-Results,simulator_output_LLAMA3-ARXIV_bwplacement_bs2_staticreq_statictask,SCRUBBED_TIME+LLAMA3-ARXIV_BMPD384_11_2_11,False
8,2,0,0,7,15,512,59.37,54.377935,bw,static,static,results,Results,Results_LLAMA31,LLAMA3-ARXIV-Results,simulator_output_LLAMA3-ARXIV_bwplacement_bs8_staticreq_statictask,SCRUBBED_TIME+LLAMA3-ARXIV_BMPD512_2_7_15,False
2,9,0,0,2,13,256,59.68,54.38870329411765,bw,static,static,results,Results,Results_LLAMA31,LLAMA3-ARXIV-Results,simulator_output_LLAMA3-ARXIV_bwplacement_bs2_staticreq_statictask,SCRUBBED_TIME+LLAMA3-ARXIV_BMPD256_9_2_13,False
8,5,0,0,13,6,384,148.29,54.42703155555555,bw,static,static,results,Results,Results_LLAMA31,LLAMA3-ARXIV-Results,simulator_output_LLAMA3-ARXIV_bwplacement_bs8_staticreq_statictask,SCRUBBED_TIME+LLAMA3-ARXIV_BMPD384_5_13_6,False
8,6,0,0,15,3,256,124.61,54.458886666666665,bw,static,static,results,Results,Results_LLAMA31,LLAMA3-ARXIV-Results,simulator_output_LLAMA3-ARXIV_bwplacement_bs8_staticreq_statictask,SCRUBBED_TIME+LLAMA3-ARXIV_BMPD256_6_15_3,False
4,10,0,0,5,9,512,145.82,54.4685,bw,static,static,results,Results,Results_LLAMA31,LLAMA3-ARXIV-Results,simulator_output_LLAMA3-ARXIV_bwplacement_bs4_staticreq_statictask,SCRUBBED_TIME+LLAMA3-ARXIV_BMPD512_10_5_9,False
8,11,0,0,12,1,256,73.98,54.50404184615385,bw,static,static,results,Results,Results_LLAMA31,LLAMA3-ARXIV-Results,simulator_output_LLAMA3-ARXIV_bwplacement_bs8_staticreq_statictask,SCRUBBED_TIME+LLAMA3-ARXIV_BMPD256_11_12_1,False
4,8,0,0,4,12,256,137.9,54.53347866666667,bw,static,static,results,Results,Results_LLAMA31,LLAMA3-ARXIV-Results,simulator_output_LLAMA3-ARXIV_bwplacement_bs4_staticreq_statictask,SCRUBBED_TIME+LLAMA3-ARXIV_BMPD256_8_4_12,False
8,3,0,0,7,14,384,63.3,54.5440088,bw,static,static,results,Results,Results_LLAMA31,LLAMA3-ARXIV-Results,simulator_output_LLAMA3-ARXIV_bwplacement_bs8_staticreq_statictask,SCRUBBED_TIME+LLAMA3-ARXIV_BMPD384_3_7_14,False
8,10,0,0,11,3,256,161.32,54.54514106666667,bw,static,static,results,Results,Results_LLAMA31,LLAMA3-ARXIV-Results,simulator_output_LLAMA3-ARXIV_bwplacement_bs8_staticreq_statictask,SCRUBBED_TIME+LLAMA3-ARXIV_BMPD256_10_11_3,False
4,6,0,0,5,13,384,162.74,54.5997624,bw,static,static,results,Results,Results_LLAMA31,LLAMA3-ARXIV-Results,simulator_output_LLAMA3-ARXIV_bwplacement_bs4_staticreq_statictask,SCRUBBED_TIME+LLAMA3-ARXIV_BMPD384_6_5_13,False
8,6,0,0,14,4,256,135.85,54.65078666666666,bw,static,static,results,Results,Results_LLAMA31,LLAMA3-ARXIV-Results,simulator_output_LLAMA3-ARXIV_bwplacement_bs8_staticreq_statictask,SCRUBBED_TIME+LLAMA3-ARXIV_BMPD256_6_14_4,False
4,14,0,0,4,6,640,96.29,54.65351,bw,static,static,results,Results,Results_LLAMA31,LLAMA3-ARXIV-Results,simulator_output_LLAMA3-ARXIV_bwplacement_bs4_staticreq_statictask,SCRUBBED_TIME+LLAMA3-ARXIV_BMPD640_14_4_6,False
8,2,0,0,19,3,512,58.25,54.660635,bw,static,static,results,Results,Results_LLAMA31,LLAMA3-ARXIV-Results,simulator_output_LLAMA3-ARXIV_bwplacement_bs8_staticreq_statictask,SCRUBBED_TIME+LLAMA3-ARXIV_BMPD512_2_19_3,False
8,2,0,0,6,16,512,58.27,54.73256,bw,static,static,results,Results,Results_LLAMA31,LLAMA3-ARXIV-Results,simulator_output_LLAMA3-ARXIV_bwplacement_bs8_staticreq_statictask,SCRUBBED_TIME+LLAMA3-ARXIV_BMPD512_2_6_16,False
8,5,0,0,9,10,384,151.92,54.74159822222222,bw,static,static,results,Results,Results_LLAMA31,LLAMA3-ARXIV-Results,simulator_output_LLAMA3-ARXIV_bwplacement_bs8_staticreq_statictask,SCRUBBED_TIME+LLAMA3-ARXIV_BMPD384_5_9_10,False
8,10,0,0,12,2,256,133.8,54.77385971428571,bw,static,static,results,Results,Results_LLAMA31,LLAMA3-ARXIV-Results,simulator_output_LLAMA3-ARXIV_bwplacement_bs8_staticreq_statictask,SCRUBBED_TIME+LLAMA3-ARXIV_BMPD256_10_12_2,False
8,7,0,0,10,7,384,205.65,54.79364106666667,bw,static,static,results,Results,Results_LLAMA31,LLAMA3-ARXIV-Results,simulator_output_LLAMA3-ARXIV_bwplacement_bs8_staticreq_statictask,SCRUBBED_TIME+LLAMA3-ARXIV_BMPD384_7_10_7,False
8,2,0,0,17,5,512,57.75,54.83166,bw,static,static,results,Results,Results_LLAMA31,LLAMA3-ARXIV-Results,simulator_output_LLAMA3-ARXIV_bwplacement_bs8_staticreq_statictask,SCRUBBED_TIME+LLAMA3-ARXIV_BMPD512_2_17_5,False
8,6,0,0,10,8,256,144.36,54.95952,bw,static,static,results,Results,Results_LLAMA31,LLAMA3-ARXIV-Results,simulator_output_LLAMA3-ARXIV_bwplacement_bs8_staticreq_statictask,SCRUBBED_TIME+LLAMA3-ARXIV_BMPD256_6_10_8,False
8,2,0,0,13,9,512,58.95,54.96916,bw,static,static,results,Results,Results_LLAMA31,LLAMA3-ARXIV-Results,simulator_output_LLAMA3-ARXIV_bwplacement_bs8_staticreq_statictask,SCRUBBED_TIME+LLAMA3-ARXIV_BMPD512_2_13_9,False
8,2,0,0,14,8,512,57.43,54.988235,bw,static,static,results,Results,Results_LLAMA31,LLAMA3-ARXIV-Results,simulator_output_LLAMA3-ARXIV_bwplacement_bs8_staticreq_statictask,SCRUBBED_TIME+LLAMA3-ARXIV_BMPD512_2_14_8,False
8,5,0,0,10,9,384,151.04,54.99393155555556,bw,static,static,results,Results,Results_LLAMA31,LLAMA3-ARXIV-Results,simulator_output_LLAMA3-ARXIV_bwplacement_bs8_staticreq_statictask,SCRUBBED_TIME+LLAMA3-ARXIV_BMPD384_5_10_9,False
8,5,0,0,8,11,384,151.78,54.99546488888889,bw,static,static,results,Results,Results_LLAMA31,LLAMA3-ARXIV-Results,simulator_output_LLAMA3-ARXIV_bwplacement_bs8_staticreq_statictask,SCRUBBED_TIME+LLAMA3-ARXIV_BMPD384_5_8_11,False
8,9,0,0,8,7,256,233.57,55.00260106666667,bw,static,static,results,Results,Results_LLAMA31,LLAMA3-ARXIV-Results,simulator_output_LLAMA3-ARXIV_bwplacement_bs8_staticreq_statictask,SCRUBBED_TIME+LLAMA3-ARXIV_BMPD256_9_8_7,False
8,9,0,0,9,6,256,221.6,55.00260106666667,bw,static,static,results,Results,Results_LLAMA31,LLAMA3-ARXIV-Results,simulator_output_LLAMA3-ARXIV_bwplacement_bs8_staticreq_statictask,SCRUBBED_TIME+LLAMA3-ARXIV_BMPD256_9_9_6,False
8,9,0,0,12,3,256,171.53,55.00260106666667,bw,static,static,results,Results,Results_LLAMA31,LLAMA3-ARXIV-Results,simulator_output_LLAMA3-ARXIV_bwplacement_bs8_staticreq_statictask,SCRUBBED_TIME+LLAMA3-ARXIV_BMPD256_9_12_3,False
8,4,0,0,11,9,512,148.47,55.046944,bw,static,static,results,Results,Results_LLAMA31,LLAMA3-ARXIV-Results,simulator_output_LLAMA3-ARXIV_bwplacement_bs8_staticreq_statictask,SCRUBBED_TIME+LLAMA3-ARXIV_BMPD512_4_11_9,False
8,2,0,0,4,18,512,57.37,55.06786,bw,static,static,results,Results,Results_LLAMA31,LLAMA3-ARXIV-Results,simulator_output_LLAMA3-ARXIV_bwplacement_bs8_staticreq_statictask,SCRUBBED_TIME+LLAMA3-ARXIV_BMPD512_2_4_18,False
8,4,0,0,15,5,512,143.01,55.13126622222222,bw,static,static,results,Results,Results_LLAMA31,LLAMA3-ARXIV-Results,simulator_output_LLAMA3-ARXIV_bwplacement_bs8_staticreq_statictask,SCRUBBED_TIME+LLAMA3-ARXIV_BMPD512_4_15_5,False
8,8,0,0,11,5,256,205.44,55.17674682352941,bw,static,static,results,Results,Results_LLAMA31,LLAMA3-ARXIV-Results,simulator_output_LLAMA3-ARXIV_bwplacement_bs8_staticreq_statictask,SCRUBBED_TIME+LLAMA3-ARXIV_BMPD256_8_11_5,False
8,6,0,0,5,13,256,142.93,55.34598666666666,bw,static,static,results,Results,Results_LLAMA31,LLAMA3-ARXIV-Results,simulator_output_LLAMA3-ARXIV_bwplacement_bs8_staticreq_statictask,SCRUBBED_TIME+LLAMA3-ARXIV_BMPD256_6_5_13,False
8,15,0,0,5,4,256,135.41,55.34598666666666,bw,static,static,results,Results,Results_LLAMA31,LLAMA3-ARXIV-Results,simulator_output_LLAMA3-ARXIV_bwplacement_bs8_staticreq_statictask,SCRUBBED_TIME+LLAMA3-ARXIV_BMPD256_15_5_4,False
8,7,0,0,7,10,256,189.55,55.3571944,bw,static,static,results,Results,Results_LLAMA31,LLAMA3-ARXIV-Results,simulator_output_LLAMA3-ARXIV_bwplacement_bs8_staticreq_statictask,SCRUBBED_TIME+LLAMA3-ARXIV_BMPD256_7_7_10,False
8,5,0,0,11,8,384,150.89,55.39283155555555,bw,static,static,results,Results,Results_LLAMA31,LLAMA3-ARXIV-Results,simulator_output_LLAMA3-ARXIV_bwplacement_bs8_staticreq_statictask,SCRUBBED_TIME+LLAMA3-ARXIV_BMPD384_5_11_8,False
2,3,0,0,3,18,512,81.58,55.566482,bw,static,static,results,Results,Results_LLAMA31,LLAMA3-ARXIV-Results,simulator_output_LLAMA3-ARXIV_bwplacement_bs2_staticreq_statictask,SCRUBBED_TIME+LLAMA3-ARXIV_BMPD512_3_3_18,False
2,13,0,0,2,9,512,49.42,55.75089107692308,bw,static,static,results,Results,Results_LLAMA31,LLAMA3-ARXIV-Results,simulator_output_LLAMA3-ARXIV_bwplacement_bs2_staticreq_statictask,SCRUBBED_TIME+LLAMA3-ARXIV_BMPD512_13_2_9,False
8,11,0,0,10,3,256,153.35,55.823109714285714,bw,static,static,results,Results,Results_LLAMA31,LLAMA3-ARXIV-Results,simulator_output_LLAMA3-ARXIV_bwplacement_bs8_staticreq_statictask,SCRUBBED_TIME+LLAMA3-ARXIV_BMPD256_11_10_3,False
4,5,0,0,4,15,256,139.03,55.82382631578948,bw,static,static,results,Results,Results_LLAMA31,LLAMA3-ARXIV-Results,simulator_output_LLAMA3-ARXIV_bwplacement_bs4_staticreq_statictask,SCRUBBED_TIME+LLAMA3-ARXIV_BMPD256_5_4_15,False
4,4,0,0,5,15,512,144.7,55.84167222222222,bw,static,static,results,Results,Results_LLAMA31,LLAMA3-ARXIV-Results,simulator_output_LLAMA3-ARXIV_bwplacement_bs4_staticreq_statictask,SCRUBBED_TIME+LLAMA3-ARXIV_BMPD512_4_5_15,False
8,4,0,0,12,8,512,147.99,55.90937733333334,bw,static,static,results,Results,Results_LLAMA31,LLAMA3-ARXIV-Results,simulator_output_LLAMA3-ARXIV_bwplacement_bs8_staticreq_statictask,SCRUBBED_TIME+LLAMA3-ARXIV_BMPD512_4_12_8,False
8,12,0,0,11,1,256,71.7,55.992265333333336,bw,static,static,results,Results,Results_LLAMA31,LLAMA3-ARXIV-Results,simulator_output_LLAMA3-ARXIV_bwplacement_bs8_staticreq_statictask,SCRUBBED_TIME+LLAMA3-ARXIV_BMPD256_12_11_1,False
4,13,0,0,4,7,512,105.17,56.021245846153846,bw,static,static,results,Results,Results_LLAMA31,LLAMA3-ARXIV-Results,simulator_output_LLAMA3-ARXIV_bwplacement_bs4_staticreq_statictask,SCRUBBED_TIME+LLAMA3-ARXIV_BMPD512_13_4_7,False
8,13,0,0,10,1,256,71.05,56.08664836363637,bw,static,static,results,Results,Results_LLAMA31,LLAMA3-ARXIV-Results,simulator_output_LLAMA3-ARXIV_bwplacement_bs8_staticreq_statictask,SCRUBBED_TIME+LLAMA3-ARXIV_BMPD256_13_10_1,False
4,6,0,0,7,11,640,157.0,56.09484210526316,bw,static,static,results,Results,Results_LLAMA31,LLAMA3-ARXIV-Results,simulator_output_LLAMA3-ARXIV_bwplacement_bs4_staticreq_statictask,SCRUBBED_TIME+LLAMA3-ARXIV_BMPD640_6_7_11,False
8,7,0,0,16,1,384,101.12,56.11923133333334,bw,static,static,results,Results,Results_LLAMA31,LLAMA3-ARXIV-Results,simulator_output_LLAMA3-ARXIV_bwplacement_bs8_staticreq_statictask,SCRUBBED_TIME+LLAMA3-ARXIV_BMPD384_7_16_1,False
8,13,0,0,8,3,384,170.09,56.16785633333333,bw,static,static,results,Results,Results_LLAMA31,LLAMA3-ARXIV-Results,simulator_output_LLAMA3-ARXIV_bwplacement_bs8_staticreq_statictask,SCRUBBED_TIME+LLAMA3-ARXIV_BMPD384_13_8_3,False
8,10,0,0,8,6,384,248.1,56.2514544,bw,static,static,results,Results,Results_LLAMA31,LLAMA3-ARXIV-Results,simulator_output_LLAMA3-ARXIV_bwplacement_bs8_staticreq_statictask,SCRUBBED_TIME+LLAMA3-ARXIV_BMPD384_10_8_6,False
8,10,0,0,9,5,384,239.6,56.2514544,bw,static,static,results,Results,Results_LLAMA31,LLAMA3-ARXIV-Results,simulator_output_LLAMA3-ARXIV_bwplacement_bs8_staticreq_statictask,SCRUBBED_TIME+LLAMA3-ARXIV_BMPD384_10_9_5,False
8,10,0,0,12,2,384,169.54,56.2514544,bw,static,static,results,Results,Results_LLAMA31,LLAMA3-ARXIV-Results,simulator_output_LLAMA3-ARXIV_bwplacement_bs8_staticreq_statictask,SCRUBBED_TIME+LLAMA3-ARXIV_BMPD384_10_12_2,False
4,10,0,0,6,8,640,147.8,56.288764,bw,static,static,results,Results,Results_LLAMA31,LLAMA3-ARXIV-Results,simulator_output_LLAMA3-ARXIV_bwplacement_bs4_staticreq_statictask,SCRUBBED_TIME+LLAMA3-ARXIV_BMPD640_10_6_8,False
8,4,0,0,13,7,512,144.96,56.393221777777775,bw,static,static,results,Results,Results_LLAMA31,LLAMA3-ARXIV-Results,simulator_output_LLAMA3-ARXIV_bwplacement_bs8_staticreq_statictask,SCRUBBED_TIME+LLAMA3-ARXIV_BMPD512_4_13_7,False
2,14,0,0,2,8,640,43.13,56.41935466666666,bw,static,static,results,Results,Results_LLAMA31,LLAMA3-ARXIV-Results,simulator_output_LLAMA3-ARXIV_bwplacement_bs2_staticreq_statictask,SCRUBBED_TIME+LLAMA3-ARXIV_BMPD640_14_2_8,False
8,3,0,0,3,18,384,60.74,56.433264,bw,static,static,results,Results,Results_LLAMA31,LLAMA3-ARXIV-Results,simulator_output_LLAMA3-ARXIV_bwplacement_bs8_staticreq_statictask,SCRUBBED_TIME+LLAMA3-ARXIV_BMPD384_3_3_18,False
8,10,0,0,10,4,256,189.01,56.48312106666667,bw,static,static,results,Results,Results_LLAMA31,LLAMA3-ARXIV-Results,simulator_output_LLAMA3-ARXIV_bwplacement_bs8_staticreq_statictask,SCRUBBED_TIME+LLAMA3-ARXIV_BMPD256_10_10_4,False
8,11,0,0,10,3,384,188.31,56.7298744,bw,static,static,results,Results,Results_LLAMA31,LLAMA3-ARXIV-Results,simulator_output_LLAMA3-ARXIV_bwplacement_bs8_staticreq_statictask,SCRUBBED_TIME+LLAMA3-ARXIV_BMPD384_11_10_3,False
8,12,0,0,9,3,384,178.55,56.86560523076923,bw,static,static,results,Results,Results_LLAMA31,LLAMA3-ARXIV-Results,simulator_output_LLAMA3-ARXIV_bwplacement_bs8_staticreq_statictask,SCRUBBED_TIME+LLAMA3-ARXIV_BMPD384_12_9_3,False
4,16,0,0,3,5,640,60.74,56.9087045,bw,static,static,results,Results,Results_LLAMA31,LLAMA3-ARXIV-Results,simulator_output_LLAMA3-ARXIV_bwplacement_bs4_staticreq_statictask,SCRUBBED_TIME+LLAMA3-ARXIV_BMPD640_16_3_5,False
8,4,0,0,9,11,512,139.23,56.91748844444445,bw,static,static,results,Results,Results_LLAMA31,LLAMA3-ARXIV-Results,simulator_output_LLAMA3-ARXIV_bwplacement_bs8_staticreq_statictask,SCRUBBED_TIME+LLAMA3-ARXIV_BMPD512_4_9_11,False
2,6,0,0,3,15,512,75.64,56.921327,bw,static,static,results,Results,Results_LLAMA31,LLAMA3-ARXIV-Results,simulator_output_LLAMA3-ARXIV_bwplacement_bs2_staticreq_statictask,SCRUBBED_TIME+LLAMA3-ARXIV_BMPD512_6_3_15,False
4,4,0,0,4,16,384,139.29,57.02526488888889,bw,static,static,results,Results,Results_LLAMA31,LLAMA3-ARXIV-Results,simulator_output_LLAMA3-ARXIV_bwplacement_bs4_staticreq_statictask,SCRUBBED_TIME+LLAMA3-ARXIV_BMPD384_4_4_16,False
2,10,0,0,2,12,384,60.74,57.09092275,bw,static,static,results,Results,Results_LLAMA31,LLAMA3-ARXIV-Results,simulator_output_LLAMA3-ARXIV_bwplacement_bs2_staticreq_statictask,SCRUBBED_TIME+LLAMA3-ARXIV_BMPD384_10_2_12,False
8,4,0,0,7,13,512,143.34,57.16556622222223,bw,static,static,results,Results,Results_LLAMA31,LLAMA3-ARXIV-Results,simulator_output_LLAMA3-ARXIV_bwplacement_bs8_staticreq_statictask,SCRUBBED_TIME+LLAMA3-ARXIV_BMPD512_4_7_13,False
8,16,0,0,7,1,256,65.39,57.1876375,bw,static,static,results,Results,Results_LLAMA31,LLAMA3-ARXIV-Results,simulator_output_LLAMA3-ARXIV_bwplacement_bs8_staticreq_statictask,SCRUBBED_TIME+LLAMA3-ARXIV_BMPD256_16_7_1,False
8,7,0,0,6,11,256,184.78,57.3175544,bw,static,static,results,Results,Results_LLAMA31,LLAMA3-ARXIV-Results,simulator_output_LLAMA3-ARXIV_bwplacement_bs8_staticreq_statictask,SCRUBBED_TIME+LLAMA3-ARXIV_BMPD256_7_6_11,False
8,12,0,0,10,2,256,122.23,57.333557,bw,static,static,results,Results,Results_LLAMA31,LLAMA3-ARXIV-Results,simulator_output_LLAMA3-ARXIV_bwplacement_bs8_staticreq_statictask,SCRUBBED_TIME+LLAMA3-ARXIV_BMPD256_12_10_2,False
2,8,0,0,3,13,640,62.42,57.33675411764706,bw,static,static,results,Results,Results_LLAMA31,LLAMA3-ARXIV-Results,simulator_output_LLAMA3-ARXIV_bwplacement_bs2_staticreq_statictask,SCRUBBED_TIME+LLAMA3-ARXIV_BMPD640_8_3_13,False
4,4,0,0,6,14,640,143.18,57.38646955555555,bw,static,static,results,Results,Results_LLAMA31,LLAMA3-ARXIV-Results,simulator_output_LLAMA3-ARXIV_bwplacement_bs4_staticreq_statictask,SCRUBBED_TIME+LLAMA3-ARXIV_BMPD640_4_6_14,False
8,11,0,0,11,2,256,126.38,57.51417261538462,bw,static,static,results,Results,Results_LLAMA31,LLAMA3-ARXIV-Results,simulator_output_LLAMA3-ARXIV_bwplacement_bs8_staticreq_statictask,SCRUBBED_TIME+LLAMA3-ARXIV_BMPD256_11_11_2,False
4,9,0,0,5,10,512,149.91,57.52167222222222,bw,static,static,results,Results,Results_LLAMA31,LLAMA3-ARXIV-Results,simulator_output_LLAMA3-ARXIV_bwplacement_bs4_staticreq_statictask,SCRUBBED_TIME+LLAMA3-ARXIV_BMPD512_9_5_10,False
2,2,0,0,2,20,512,52.84,57.55420771428572,bw,static,static,results,Results,Results_LLAMA31,LLAMA3-ARXIV-Results,simulator_output_LLAMA3-ARXIV_bwplacement_bs2_staticreq_statictask,SCRUBBED_TIME+LLAMA3-ARXIV_BMPD512_2_2_20,False
8,2,0,0,2,20,384,44.29,57.58200266666666,bw,static,static,results,Results,Results_LLAMA31,LLAMA3-ARXIV-Results,simulator_output_LLAMA3-ARXIV_bwplacement_bs8_staticreq_statictask,SCRUBBED_TIME+LLAMA3-ARXIV_BMPD384_2_2_20,False
8,14,0,0,5,5,256,153.93,57.63760290909091,bw,static,static,results,Results,Results_LLAMA31,LLAMA3-ARXIV-Results,simulator_output_LLAMA3-ARXIV_bwplacement_bs8_staticreq_statictask,SCRUBBED_TIME+LLAMA3-ARXIV_BMPD256_14_5_5,False
8,4,0,0,18,2,640,114.45,57.66943333333334,bw,static,static,results,Results,Results_LLAMA31,LLAMA3-ARXIV-Results,simulator_output_LLAMA3-ARXIV_bwplacement_bs8_staticreq_statictask,SCRUBBED_TIME+LLAMA3-ARXIV_BMPD640_4_18_2,False
8,4,0,0,10,10,512,141.73,57.70642177777778,bw,static,static,results,Results,Results_LLAMA31,LLAMA3-ARXIV-Results,simulator_output_LLAMA3-ARXIV_bwplacement_bs8_staticreq_statictask,SCRUBBED_TIME+LLAMA3-ARXIV_BMPD512_4_10_10,False
4,13,0,0,3,8,256,93.49,57.767580333333335,bw,static,static,results,Results,Results_LLAMA31,LLAMA3-ARXIV-Results,simulator_output_LLAMA3-ARXIV_bwplacement_bs4_staticreq_statictask,SCRUBBED_TIME+LLAMA3-ARXIV_BMPD256_13_3_8,False
8,6,0,0,7,11,256,141.8,57.91346444444445,bw,static,static,results,Results,Results_LLAMA31,LLAMA3-ARXIV-Results,simulator_output_LLAMA3-ARXIV_bwplacement_bs8_staticreq_statictask,SCRUBBED_TIME+LLAMA3-ARXIV_BMPD256_6_7_11,False
8,15,0,0,7,2,256,105.72,57.91346444444445,bw,static,static,results,Results,Results_LLAMA31,LLAMA3-ARXIV-Results,simulator_output_LLAMA3-ARXIV_bwplacement_bs8_staticreq_statictask,SCRUBBED_TIME+LLAMA3-ARXIV_BMPD256_15_7_2,False
8,4,0,0,6,14,384,131.19,58.00574266666666,bw,static,static,results,Results,Results_LLAMA31,LLAMA3-ARXIV-Results,simulator_output_LLAMA3-ARXIV_bwplacement_bs8_staticreq_statictask,SCRUBBED_TIME+LLAMA3-ARXIV_BMPD384_4_6_14,False
4,6,0,0,4,14,256,145.73,58.0408036,bw,static,static,results,Results,Results_LLAMA31,LLAMA3-ARXIV-Results,simulator_output_LLAMA3-ARXIV_bwplacement_bs4_staticreq_statictask,SCRUBBED_TIME+LLAMA3-ARXIV_BMPD256_6_4_14,False
8,10,0,0,13,1,256,70.49,58.108574,bw,static,static,results,Results,Results_LLAMA31,LLAMA3-ARXIV-Results,simulator_output_LLAMA3-ARXIV_bwplacement_bs8_staticreq_statictask,SCRUBBED_TIME+LLAMA3-ARXIV_BMPD256_10_13_1,False
4,9,0,0,4,11,384,144.89,58.17543155555556,bw,static,static,results,Results,Results_LLAMA31,LLAMA3-ARXIV-Results,simulator_output_LLAMA3-ARXIV_bwplacement_bs4_staticreq_statictask,SCRUBBED_TIME+LLAMA3-ARXIV_BMPD384_9_4_11,False
8,5,0,0,7,12,384,148.63,58.220676,bw,static,static,results,Results,Results_LLAMA31,LLAMA3-ARXIV-Results,simulator_output_LLAMA3-ARXIV_bwplacement_bs8_staticreq_statictask,SCRUBBED_TIME+LLAMA3-ARXIV_BMPD384_5_7_12,False
8,5,0,0,5,14,384,140.42,58.241709,bw,static,static,results,Results,Results_LLAMA31,LLAMA3-ARXIV-Results,simulator_output_LLAMA3-ARXIV_bwplacement_bs8_staticreq_statictask,SCRUBBED_TIME+LLAMA3-ARXIV_BMPD384_5_5_14,False
8,8,0,0,13,3,256,164.75,58.34944106666667,bw,static,static,results,Results,Results_LLAMA31,LLAMA3-ARXIV-Results,simulator_output_LLAMA3-ARXIV_bwplacement_bs8_staticreq_statictask,SCRUBBED_TIME+LLAMA3-ARXIV_BMPD256_8_13_3,False
8,9,0,0,13,2,256,129.71,58.34944106666667,bw,static,static,results,Results,Results_LLAMA31,LLAMA3-ARXIV-Results,simulator_output_LLAMA3-ARXIV_bwplacement_bs8_staticreq_statictask,SCRUBBED_TIME+LLAMA3-ARXIV_BMPD256_9_13_2,False
8,16,0,0,4,4,256,126.0,58.36334222222222,bw,static,static,results,Results,Results_LLAMA31,LLAMA3-ARXIV-Results,simulator_output_LLAMA3-ARXIV_bwplacement_bs8_staticreq_statictask,SCRUBBED_TIME+LLAMA3-ARXIV_BMPD256_16_4_4,False
8,14,0,0,7,3,256,125.36,58.38775745454545,bw,static,static,results,Results,Results_LLAMA31,LLAMA3-ARXIV-Results,simulator_output_LLAMA3-ARXIV_bwplacement_bs8_staticreq_statictask,SCRUBBED_TIME+LLAMA3-ARXIV_BMPD256_14_7_3,False
8,4,0,0,16,4,640,141.36,58.4037,bw,static,static,results,Results,Results_LLAMA31,LLAMA3-ARXIV-Results,simulator_output_LLAMA3-ARXIV_bwplacement_bs8_staticreq_statictask,SCRUBBED_TIME+LLAMA3-ARXIV_BMPD640_4_16_4,False
4,15,0,0,3,6,512,71.42,58.5154484,bw,static,static,results,Results,Results_LLAMA31,LLAMA3-ARXIV-Results,simulator_output_LLAMA3-ARXIV_bwplacement_bs4_staticreq_statictask,SCRUBBED_TIME+LLAMA3-ARXIV_BMPD512_15_3_6,False
8,16,0,0,6,2,256,97.74,58.5186,bw,static,static,results,Results,Results_LLAMA31,LLAMA3-ARXIV-Results,simulator_output_LLAMA3-ARXIV_bwplacement_bs8_staticreq_statictask,SCRUBBED_TIME+LLAMA3-ARXIV_BMPD256_16_6_2,False
8,6,0,0,8,10,384,151.8,58.54743155555556,bw,static,static,results,Results,Results_LLAMA31,LLAMA3-ARXIV-Results,simulator_output_LLAMA3-ARXIV_bwplacement_bs8_staticreq_statictask,SCRUBBED_TIME+LLAMA3-ARXIV_BMPD384_6_8_10,False
8,6,0,0,9,9,384,151.49,58.54743155555556,bw,static,static,results,Results,Results_LLAMA31,LLAMA3-ARXIV-Results,simulator_output_LLAMA3-ARXIV_bwplacement_bs8_staticreq_statictask,SCRUBBED_TIME+LLAMA3-ARXIV_BMPD384_6_9_9,False
8,6,0,0,12,6,384,149.25,58.54743155555556,bw,static,static,results,Results,Results_LLAMA31,LLAMA3-ARXIV-Results,simulator_output_LLAMA3-ARXIV_bwplacement_bs8_staticreq_statictask,SCRUBBED_TIME+LLAMA3-ARXIV_BMPD384_6_12_6,False
8,15,0,0,5,4,384,146.16,58.54743155555556,bw,static,static,results,Results,Results_LLAMA31,LLAMA3-ARXIV-Results,simulator_output_LLAMA3-ARXIV_bwplacement_bs8_staticreq_statictask,SCRUBBED_TIME+LLAMA3-ARXIV_BMPD384_15_5_4,False
8,6,0,0,14,4,384,145.31,58.54743155555556,bw,static,static,results,Results,Results_LLAMA31,LLAMA3-ARXIV-Results,simulator_output_LLAMA3-ARXIV_bwplacement_bs8_staticreq_statictask,SCRUBBED_TIME+LLAMA3-ARXIV_BMPD384_6_14_4,False
8,6,0,0,16,2,384,126.21,58.54743155555556,bw,static,static,results,Results,Results_LLAMA31,LLAMA3-ARXIV-Results,simulator_output_LLAMA3-ARXIV_bwplacement_bs8_staticreq_statictask,SCRUBBED_TIME+LLAMA3-ARXIV_BMPD384_6_16_2,False
8,6,0,0,17,1,384,93.85,58.54743155555556,bw,static,static,results,Results,Results_LLAMA31,LLAMA3-ARXIV-Results,simulator_output_LLAMA3-ARXIV_bwplacement_bs8_staticreq_statictask,SCRUBBED_TIME+LLAMA3-ARXIV_BMPD384_6_17_1,False
8,15,0,0,8,1,384,93.85,58.54743155555556,bw,static,static,results,Results,Results_LLAMA31,LLAMA3-ARXIV-Results,simulator_output_LLAMA3-ARXIV_bwplacement_bs8_staticreq_statictask,SCRUBBED_TIME+LLAMA3-ARXIV_BMPD384_15_8_1,False
8,2,0,0,20,2,640,50.82,58.575984,bw,static,static,results,Results,Results_LLAMA31,LLAMA3-ARXIV-Results,simulator_output_LLAMA3-ARXIV_bwplacement_bs8_staticreq_statictask,SCRUBBED_TIME+LLAMA3-ARXIV_BMPD640_2_20_2,False
8,2,0,0,18,4,640,53.23,58.576884,bw,static,static,results,Results,Results_LLAMA31,LLAMA3-ARXIV-Results,simulator_output_LLAMA3-ARXIV_bwplacement_bs8_staticreq_statictask,SCRUBBED_TIME+LLAMA3-ARXIV_BMPD640_2_18_4,False
2,8,0,0,2,14,256,61.3,58.64499152941176,bw,static,static,results,Results,Results_LLAMA31,LLAMA3-ARXIV-Results,simulator_output_LLAMA3-ARXIV_bwplacement_bs2_staticreq_statictask,SCRUBBED_TIME+LLAMA3-ARXIV_BMPD256_8_2_14,False
8,11,0,0,11,2,384,157.53,58.68337114285714,bw,static,static,results,Results,Results_LLAMA31,LLAMA3-ARXIV-Results,simulator_output_LLAMA3-ARXIV_bwplacement_bs8_staticreq_statictask,SCRUBBED_TIME+LLAMA3-ARXIV_BMPD384_11_11_2,False
8,4,0,0,15,5,640,140.1,58.69375555555556,bw,static,static,results,Results,Results_LLAMA31,LLAMA3-ARXIV-Results,simulator_output_LLAMA3-ARXIV_bwplacement_bs8_staticreq_statictask,SCRUBBED_TIME+LLAMA3-ARXIV_BMPD640_4_15_5,False
8,3,0,0,4,17,384,60.74,58.716964,bw,static,static,results,Results,Results_LLAMA31,LLAMA3-ARXIV-Results,simulator_output_LLAMA3-ARXIV_bwplacement_bs8_staticreq_statictask,SCRUBBED_TIME+LLAMA3-ARXIV_BMPD384_3_4_17,False
8,4,0,0,16,4,512,132.11,58.735983,bw,static,static,results,Results,Results_LLAMA31,LLAMA3-ARXIV-Results,simulator_output_LLAMA3-ARXIV_bwplacement_bs8_staticreq_statictask,SCRUBBED_TIME+LLAMA3-ARXIV_BMPD512_4_16_4,False
8,4,0,0,17,3,640,129.09,58.75271111111111,bw,static,static,results,Results,Results_LLAMA31,LLAMA3-ARXIV-Results,simulator_output_LLAMA3-ARXIV_bwplacement_bs8_staticreq_statictask,SCRUBBED_TIME+LLAMA3-ARXIV_BMPD640_4_17_3,False
8,9,0,0,11,4,256,193.23,58.80292106666667,bw,static,static,results,Results,Results_LLAMA31,LLAMA3-ARXIV-Results,simulator_output_LLAMA3-ARXIV_bwplacement_bs8_staticreq_statictask,SCRUBBED_TIME+LLAMA3-ARXIV_BMPD256_9_11_4,False
8,10,0,0,11,3,384,198.47,58.89444106666667,bw,static,static,results,Results,Results_LLAMA31,LLAMA3-ARXIV-Results,simulator_output_LLAMA3-ARXIV_bwplacement_bs8_staticreq_statictask,SCRUBBED_TIME+LLAMA3-ARXIV_BMPD384_10_11_3,False
8,2,0,0,15,7,640,48.93,58.915734,bw,static,static,results,Results,Results_LLAMA31,LLAMA3-ARXIV-Results,simulator_output_LLAMA3-ARXIV_bwplacement_bs8_staticreq_statictask,SCRUBBED_TIME+LLAMA3-ARXIV_BMPD640_2_15_7,False
8,4,0,0,14,6,640,140.04,58.926833333333335,bw,static,static,results,Results,Results_LLAMA31,LLAMA3-ARXIV-Results,simulator_output_LLAMA3-ARXIV_bwplacement_bs8_staticreq_statictask,SCRUBBED_TIME+LLAMA3-ARXIV_BMPD640_4_14_6,False
8,14,0,0,9,1,384,97.28,58.9501524,bw,static,static,results,Results,Results_LLAMA31,LLAMA3-ARXIV-Results,simulator_output_LLAMA3-ARXIV_bwplacement_bs8_staticreq_statictask,SCRUBBED_TIME+LLAMA3-ARXIV_BMPD384_14_9_1,False
8,2,0,0,17,5,640,47.89,58.999059,bw,static,static,results,Results,Results_LLAMA31,LLAMA3-ARXIV-Results,simulator_output_LLAMA3-ARXIV_bwplacement_bs8_staticreq_statictask,SCRUBBED_TIME+LLAMA3-ARXIV_BMPD640_2_17_5,False
8,2,0,0,14,8,640,48.21,59.010909,bw,static,static,results,Results,Results_LLAMA31,LLAMA3-ARXIV-Results,simulator_output_LLAMA3-ARXIV_bwplacement_bs8_staticreq_statictask,SCRUBBED_TIME+LLAMA3-ARXIV_BMPD640_2_14_8,False
8,6,0,0,5,13,384,152.02,59.10132044444445,bw,static,static,results,Results,Results_LLAMA31,LLAMA3-ARXIV-Results,simulator_output_LLAMA3-ARXIV_bwplacement_bs8_staticreq_statictask,SCRUBBED_TIME+LLAMA3-ARXIV_BMPD384_6_5_13,False
8,11,0,0,7,6,256,186.97,59.2208544,bw,static,static,results,Results,Results_LLAMA31,LLAMA3-ARXIV-Results,simulator_output_LLAMA3-ARXIV_bwplacement_bs8_staticreq_statictask,SCRUBBED_TIME+LLAMA3-ARXIV_BMPD256_11_7_6,False
8,6,0,0,15,3,384,138.89,59.23673155555555,bw,static,static,results,Results,Results_LLAMA31,LLAMA3-ARXIV-Results,simulator_output_LLAMA3-ARXIV_bwplacement_bs8_staticreq_statictask,SCRUBBED_TIME+LLAMA3-ARXIV_BMPD384_6_15_3,False
8,8,0,0,15,1,256,73.62,59.27322106666667,bw,static,static,results,Results,Results_LLAMA31,LLAMA3-ARXIV-Results,simulator_output_LLAMA3-ARXIV_bwplacement_bs8_staticreq_statictask,SCRUBBED_TIME+LLAMA3-ARXIV_BMPD256_8_15_1,False
8,6,0,0,6,12,256,140.93,59.27838666666666,bw,static,static,results,Results,Results_LLAMA31,LLAMA3-ARXIV-Results,simulator_output_LLAMA3-ARXIV_bwplacement_bs8_staticreq_statictask,SCRUBBED_TIME+LLAMA3-ARXIV_BMPD256_6_6_12,False
8,15,0,0,6,3,256,119.74,59.27838666666666,bw,static,static,results,Results,Results_LLAMA31,LLAMA3-ARXIV-Results,simulator_output_LLAMA3-ARXIV_bwplacement_bs8_staticreq_statictask,SCRUBBED_TIME+LLAMA3-ARXIV_BMPD256_15_6_3,False
8,13,0,0,9,2,384,145.53,59.29317454545455,bw,static,static,results,Results,Results_LLAMA31,LLAMA3-ARXIV-Results,simulator_output_LLAMA3-ARXIV_bwplacement_bs8_staticreq_statictask,SCRUBBED_TIME+LLAMA3-ARXIV_BMPD384_13_9_2,False
2,7,0,0,3,14,640,67.96,59.294608,bw,static,static,results,Results,Results_LLAMA31,LLAMA3-ARXIV-Results,simulator_output_LLAMA3-ARXIV_bwplacement_bs2_staticreq_statictask,SCRUBBED_TIME+LLAMA3-ARXIV_BMPD640_7_3_14,False
8,8,0,0,14,2,256,130.74,59.3805344,bw,static,static,results,Results,Results_LLAMA31,LLAMA3-ARXIV-Results,simulator_output_LLAMA3-ARXIV_bwplacement_bs8_staticreq_statictask,SCRUBBED_TIME+LLAMA3-ARXIV_BMPD256_8_14_2,False
8,9,0,0,14,1,256,72.69,59.3805344,bw,static,static,results,Results,Results_LLAMA31,LLAMA3-ARXIV-Results,simulator_output_LLAMA3-ARXIV_bwplacement_bs8_staticreq_statictask,SCRUBBED_TIME+LLAMA3-ARXIV_BMPD256_9_14_1,False
8,2,0,0,19,3,640,47.89,59.474159,bw,static,static,results,Results,Results_LLAMA31,LLAMA3-ARXIV-Results,simulator_output_LLAMA3-ARXIV_bwplacement_bs8_staticreq_statictask,SCRUBBED_TIME+LLAMA3-ARXIV_BMPD640_2_19_3,False
4,9,0,0,6,9,640,147.23,59.585914,bw,static,static,results,Results,Results_LLAMA31,LLAMA3-ARXIV-Results,simulator_output_LLAMA3-ARXIV_bwplacement_bs4_staticreq_statictask,SCRUBBED_TIME+LLAMA3-ARXIV_BMPD640_9_6_9,False
8,4,0,0,13,7,640,131.75,59.74522222222223,bw,static,static,results,Results,Results_LLAMA31,LLAMA3-ARXIV-Results,simulator_output_LLAMA3-ARXIV_bwplacement_bs8_staticreq_statictask,SCRUBBED_TIME+LLAMA3-ARXIV_BMPD640_4_13_7,False
8,8,0,0,10,6,256,210.51,59.8105745,bw,static,static,results,Results,Results_LLAMA31,LLAMA3-ARXIV-Results,simulator_output_LLAMA3-ARXIV_bwplacement_bs8_staticreq_statictask,SCRUBBED_TIME+LLAMA3-ARXIV_BMPD256_8_10_6,False
8,14,0,0,6,4,256,147.68,59.84489381818182,bw,static,static,results,Results,Results_LLAMA31,LLAMA3-ARXIV-Results,simulator_output_LLAMA3-ARXIV_bwplacement_bs8_staticreq_statictask,SCRUBBED_TIME+LLAMA3-ARXIV_BMPD256_14_6_4,False
8,11,0,0,12,1,384,103.73,59.9614283076923,bw,static,static,results,Results,Results_LLAMA31,LLAMA3-ARXIV-Results,simulator_output_LLAMA3-ARXIV_bwplacement_bs8_staticreq_statictask,SCRUBBED_TIME+LLAMA3-ARXIV_BMPD384_11_12_1,False
8,6,0,0,10,8,384,150.91,59.975176,bw,static,static,results,Results,Results_LLAMA31,LLAMA3-ARXIV-Results,simulator_output_LLAMA3-ARXIV_bwplacement_bs8_staticreq_statictask,SCRUBBED_TIME+LLAMA3-ARXIV_BMPD384_6_10_8,False
8,11,0,0,8,5,512,232.97,60.10313493333333,bw,static,static,results,Results,Results_LLAMA31,LLAMA3-ARXIV-Results,simulator_output_LLAMA3-ARXIV_bwplacement_bs8_staticreq_statictask,SCRUBBED_TIME+LLAMA3-ARXIV_BMPD512_11_8_5,False
8,6,0,0,11,7,384,149.71,60.10913155555555,bw,static,static,results,Results,Results_LLAMA31,LLAMA3-ARXIV-Results,simulator_output_LLAMA3-ARXIV_bwplacement_bs8_staticreq_statictask,SCRUBBED_TIME+LLAMA3-ARXIV_BMPD384_6_11_7,False
8,6,0,0,13,5,384,147.18,60.10913155555555,bw,static,static,results,Results,Results_LLAMA31,LLAMA3-ARXIV-Results,simulator_output_LLAMA3-ARXIV_bwplacement_bs8_staticreq_statictask,SCRUBBED_TIME+LLAMA3-ARXIV_BMPD384_6_13_5,False
2,5,0,0,3,16,512,88.2,60.17315828571429,bw,static,static,results,Results,Results_LLAMA31,LLAMA3-ARXIV-Results,simulator_output_LLAMA3-ARXIV_bwplacement_bs2_staticreq_statictask,SCRUBBED_TIME+LLAMA3-ARXIV_BMPD512_5_3_16,False
8,5,0,0,17,2,512,124.48,60.18917733333333,bw,static,static,results,Results,Results_LLAMA31,LLAMA3-ARXIV-Results,simulator_output_LLAMA3-ARXIV_bwplacement_bs8_staticreq_statictask,SCRUBBED_TIME+LLAMA3-ARXIV_BMPD512_5_17_2,False
8,14,0,0,5,5,384,176.58,60.20372909090909,bw,static,static,results,Results,Results_LLAMA31,LLAMA3-ARXIV-Results,simulator_output_LLAMA3-ARXIV_bwplacement_bs8_staticreq_statictask,SCRUBBED_TIME+LLAMA3-ARXIV_BMPD384_14_5_5,False
4,7,0,0,4,13,256,135.04,60.21189533333334,bw,static,static,results,Results,Results_LLAMA31,LLAMA3-ARXIV-Results,simulator_output_LLAMA3-ARXIV_bwplacement_bs4_staticreq_statictask,SCRUBBED_TIME+LLAMA3-ARXIV_BMPD256_7_4_13,False
8,16,0,0,6,2,384,117.14,60.43030933333333,bw,static,static,results,Results,Results_LLAMA31,LLAMA3-ARXIV-Results,simulator_output_LLAMA3-ARXIV_bwplacement_bs8_staticreq_statictask,SCRUBBED_TIME+LLAMA3-ARXIV_BMPD384_16_6_2,False
8,8,0,0,8,8,384,266.25,60.51574106666667,bw,static,static,results,Results,Results_LLAMA31,LLAMA3-ARXIV-Results,simulator_output_LLAMA3-ARXIV_bwplacement_bs8_staticreq_statictask,SCRUBBED_TIME+LLAMA3-ARXIV_BMPD384_8_8_8,False
8,9,0,0,8,7,384,256.86,60.51574106666667,bw,static,static,results,Results,Results_LLAMA31,LLAMA3-ARXIV-Results,simulator_output_LLAMA3-ARXIV_bwplacement_bs8_staticreq_statictask,SCRUBBED_TIME+LLAMA3-ARXIV_BMPD384_9_8_7,False
8,8,0,0,9,7,384,256.52,60.51574106666667,bw,static,static,results,Results,Results_LLAMA31,LLAMA3-ARXIV-Results,simulator_output_LLAMA3-ARXIV_bwplacement_bs8_staticreq_statictask,SCRUBBED_TIME+LLAMA3-ARXIV_BMPD384_8_9_7,False
8,9,0,0,9,6,384,248.39,60.51574106666667,bw,static,static,results,Results,Results_LLAMA31,LLAMA3-ARXIV-Results,simulator_output_LLAMA3-ARXIV_bwplacement_bs8_staticreq_statictask,SCRUBBED_TIME+LLAMA3-ARXIV_BMPD384_9_9_6,False
8,8,0,0,12,4,384,229.65,60.51574106666667,bw,static,static,results,Results,Results_LLAMA31,LLAMA3-ARXIV-Results,simulator_output_LLAMA3-ARXIV_bwplacement_bs8_staticreq_statictask,SCRUBBED_TIME+LLAMA3-ARXIV_BMPD384_8_12_4,False
8,9,0,0,12,3,384,203.44,60.51574106666667,bw,static,static,results,Results,Results_LLAMA31,LLAMA3-ARXIV-Results,simulator_output_LLAMA3-ARXIV_bwplacement_bs8_staticreq_statictask,SCRUBBED_TIME+LLAMA3-ARXIV_BMPD384_9_12_3,False
8,8,0,0,14,2,384,172.2,60.51574106666667,bw,static,static,results,Results,Results_LLAMA31,LLAMA3-ARXIV-Results,simulator_output_LLAMA3-ARXIV_bwplacement_bs8_staticreq_statictask,SCRUBBED_TIME+LLAMA3-ARXIV_BMPD384_8_14_2,False
8,9,0,0,14,1,384,106.32,60.51574106666667,bw,static,static,results,Results,Results_LLAMA31,LLAMA3-ARXIV-Results,simulator_output_LLAMA3-ARXIV_bwplacement_bs8_staticreq_statictask,SCRUBBED_TIME+LLAMA3-ARXIV_BMPD384_9_14_1,False
4,16,0,0,2,6,256,58.67,60.6275645,bw,static,static,results,Results,Results_LLAMA31,LLAMA3-ARXIV-Results,simulator_output_LLAMA3-ARXIV_bwplacement_bs4_staticreq_statictask,SCRUBBED_TIME+LLAMA3-ARXIV_BMPD256_16_2_6,False
8,3,0,0,6,15,384,60.74,60.642014,bw,static,static,results,Results,Results_LLAMA31,LLAMA3-ARXIV-Results,simulator_output_LLAMA3-ARXIV_bwplacement_bs8_staticreq_statictask,SCRUBBED_TIME+LLAMA3-ARXIV_BMPD384_3_6_15,False
8,7,0,0,15,2,512,141.55,60.701658571428574,bw,static,static,results,Results,Results_LLAMA31,LLAMA3-ARXIV-Results,simulator_output_LLAMA3-ARXIV_bwplacement_bs8_staticreq_statictask,SCRUBBED_TIME+LLAMA3-ARXIV_BMPD512_7_15_2,False
8,3,0,0,2,19,256,59.89,60.733849,bw,static,static,results,Results,Results_LLAMA31,LLAMA3-ARXIV-Results,simulator_output_LLAMA3-ARXIV_bwplacement_bs8_staticreq_statictask,SCRUBBED_TIME+LLAMA3-ARXIV_BMPD256_3_2_19,False
8,9,0,0,10,5,256,199.5,60.8043144,bw,static,static,results,Results,Results_LLAMA31,LLAMA3-ARXIV-Results,simulator_output_LLAMA3-ARXIV_bwplacement_bs8_staticreq_statictask,SCRUBBED_TIME+LLAMA3-ARXIV_BMPD256_9_10_5,False
8,5,0,0,18,1,512,87.85,60.894144,bw,static,static,results,Results,Results_LLAMA31,LLAMA3-ARXIV-Results,simulator_output_LLAMA3-ARXIV_bwplacement_bs8_staticreq_statictask,SCRUBBED_TIME+LLAMA3-ARXIV_BMPD512_5_18_1,False
8,5,0,0,14,5,512,145.76,60.92667733333334,bw,static,static,results,Results,Results_LLAMA31,LLAMA3-ARXIV-Results,simulator_output_LLAMA3-ARXIV_bwplacement_bs8_staticreq_statictask,SCRUBBED_TIME+LLAMA3-ARXIV_BMPD512_5_14_5,False
8,14,0,0,7,3,384,154.13,61.10723818181818,bw,static,static,results,Results,Results_LLAMA31,LLAMA3-ARXIV-Results,simulator_output_LLAMA3-ARXIV_bwplacement_bs8_staticreq_statictask,SCRUBBED_TIME+LLAMA3-ARXIV_BMPD384_14_7_3,False
4,3,0,0,3,18,512,69.02,61.11361288888889,bw,static,static,results,Results,Results_LLAMA31,LLAMA3-ARXIV-Results,simulator_output_LLAMA3-ARXIV_bwplacement_bs4_staticreq_statictask,SCRUBBED_TIME+LLAMA3-ARXIV_BMPD512_3_3_18,False
2,13,0,0,2,9,640,49.42,61.16337446153847,bw,static,static,results,Results,Results_LLAMA31,LLAMA3-ARXIV-Results,simulator_output_LLAMA3-ARXIV_bwplacement_bs2_staticreq_statictask,SCRUBBED_TIME+LLAMA3-ARXIV_BMPD640_13_2_9,False
4,10,0,0,5,9,640,125.88,61.16748066666666,bw,static,static,results,Results,Results_LLAMA31,LLAMA3-ARXIV-Results,simulator_output_LLAMA3-ARXIV_bwplacement_bs4_staticreq_statictask,SCRUBBED_TIME+LLAMA3-ARXIV_BMPD640_10_5_9,False
8,4,0,0,12,8,640,133.4,61.19038888888889,bw,static,static,results,Results,Results_LLAMA31,LLAMA3-ARXIV-Results,simulator_output_LLAMA3-ARXIV_bwplacement_bs8_staticreq_statictask,SCRUBBED_TIME+LLAMA3-ARXIV_BMPD640_4_12_8,False
2,12,0,0,2,10,512,46.79,61.36258338461538,bw,static,static,results,Results,Results_LLAMA31,LLAMA3-ARXIV-Results,simulator_output_LLAMA3-ARXIV_bwplacement_bs2_staticreq_statictask,SCRUBBED_TIME+LLAMA3-ARXIV_BMPD512_12_2_10,False
8,10,0,0,10,4,384,221.07,61.41152106666667,bw,static,static,results,Results,Results_LLAMA31,LLAMA3-ARXIV-Results,simulator_output_LLAMA3-ARXIV_bwplacement_bs8_staticreq_statictask,SCRUBBED_TIME+LLAMA3-ARXIV_BMPD384_10_10_4,False
4,13,0,0,4,7,640,100.09,61.58576,bw,static,static,results,Results,Results_LLAMA31,LLAMA3-ARXIV-Results,simulator_output_LLAMA3-ARXIV_bwplacement_bs4_staticreq_statictask,SCRUBBED_TIME+LLAMA3-ARXIV_BMPD640_13_4_7,False
8,13,0,0,10,1,384,97.48,61.70182,bw,static,static,results,Results,Results_LLAMA31,LLAMA3-ARXIV-Results,simulator_output_LLAMA3-ARXIV_bwplacement_bs8_staticreq_statictask,SCRUBBED_TIME+LLAMA3-ARXIV_BMPD384_13_10_1,False
8,12,0,0,11,1,384,98.57,61.82566466666666,bw,static,static,results,Results,Results_LLAMA31,LLAMA3-ARXIV-Results,simulator_output_LLAMA3-ARXIV_bwplacement_bs8_staticreq_statictask,SCRUBBED_TIME+LLAMA3-ARXIV_BMPD384_12_11_1,False
4,8,0,0,4,12,384,144.88,61.83130377777778,bw,static,static,results,Results,Results_LLAMA31,LLAMA3-ARXIV-Results,simulator_output_LLAMA3-ARXIV_bwplacement_bs4_staticreq_statictask,SCRUBBED_TIME+LLAMA3-ARXIV_BMPD384_8_4_12,False
8,7,0,0,5,12,256,174.95,61.96447366666666,bw,static,static,results,Results,Results_LLAMA31,LLAMA3-ARXIV-Results,simulator_output_LLAMA3-ARXIV_bwplacement_bs8_staticreq_statictask,SCRUBBED_TIME+LLAMA3-ARXIV_BMPD256_7_5_12,False
8,14,0,0,8,2,512,139.69,61.98508145454545,bw,static,static,results,Results,Results_LLAMA31,LLAMA3-ARXIV-Results,simulator_output_LLAMA3-ARXIV_bwplacement_bs8_staticreq_statictask,SCRUBBED_TIME+LLAMA3-ARXIV_BMPD512_14_8_2,False
4,12,0,0,4,8,512,108.12,62.08853046153846,bw,static,static,results,Results,Results_LLAMA31,LLAMA3-ARXIV-Results,simulator_output_LLAMA3-ARXIV_bwplacement_bs4_staticreq_statictask,SCRUBBED_TIME+LLAMA3-ARXIV_BMPD512_12_4_8,False
8,16,0,0,4,4,384,138.2,62.40186488888889,bw,static,static,results,Results,Results_LLAMA31,LLAMA3-ARXIV-Results,simulator_output_LLAMA3-ARXIV_bwplacement_bs8_staticreq_statictask,SCRUBBED_TIME+LLAMA3-ARXIV_BMPD384_16_4_4,False
8,5,0,0,6,13,384,146.02,62.60485377777778,bw,static,static,results,Results,Results_LLAMA31,LLAMA3-ARXIV-Results,simulator_output_LLAMA3-ARXIV_bwplacement_bs8_staticreq_statictask,SCRUBBED_TIME+LLAMA3-ARXIV_BMPD384_5_6_13,False
8,11,0,0,6,7,256,190.07,62.653667733333336,bw,static,static,results,Results,Results_LLAMA31,LLAMA3-ARXIV-Results,simulator_output_LLAMA3-ARXIV_bwplacement_bs8_staticreq_statictask,SCRUBBED_TIME+LLAMA3-ARXIV_BMPD256_11_6_7,False
8,16,0,0,7,1,384,84.93,62.657409,bw,static,static,results,Results,Results_LLAMA31,LLAMA3-ARXIV-Results,simulator_output_LLAMA3-ARXIV_bwplacement_bs8_staticreq_statictask,SCRUBBED_TIME+LLAMA3-ARXIV_BMPD384_16_7_1,False
8,16,0,0,6,2,512,118.0,62.68153288888889,bw,static,static,results,Results,Results_LLAMA31,LLAMA3-ARXIV-Results,simulator_output_LLAMA3-ARXIV_bwplacement_bs8_staticreq_statictask,SCRUBBED_TIME+LLAMA3-ARXIV_BMPD512_16_6_2,False
4,8,0,0,5,11,512,148.71,62.70797777777778,bw,static,static,results,Results,Results_LLAMA31,LLAMA3-ARXIV-Results,simulator_output_LLAMA3-ARXIV_bwplacement_bs4_staticreq_statictask,SCRUBBED_TIME+LLAMA3-ARXIV_BMPD512_8_5_11,False
8,13,0,0,6,5,256,157.75,62.70892366666666,bw,static,static,results,Results,Results_LLAMA31,LLAMA3-ARXIV-Results,simulator_output_LLAMA3-ARXIV_bwplacement_bs8_staticreq_statictask,SCRUBBED_TIME+LLAMA3-ARXIV_BMPD256_13_6_5,False
4,13,0,0,3,8,384,96.68,62.726949,bw,static,static,results,Results,Results_LLAMA31,LLAMA3-ARXIV-Results,simulator_output_LLAMA3-ARXIV_bwplacement_bs4_staticreq_statictask,SCRUBBED_TIME+LLAMA3-ARXIV_BMPD384_13_3_8,False
2,9,0,0,2,13,384,58.14,62.794779,bw,static,static,results,Results,Results_LLAMA31,LLAMA3-ARXIV-Results,simulator_output_LLAMA3-ARXIV_bwplacement_bs2_staticreq_statictask,SCRUBBED_TIME+LLAMA3-ARXIV_BMPD384_9_2_13,False
2,7,0,0,2,15,256,63.63,62.81234888888889,bw,static,static,results,Results,Results_LLAMA31,LLAMA3-ARXIV-Results,simulator_output_LLAMA3-ARXIV_bwplacement_bs2_staticreq_statictask,SCRUBBED_TIME+LLAMA3-ARXIV_BMPD256_7_2_15,False
4,4,0,0,3,17,256,111.9,62.85078977777778,bw,static,static,results,Results,Results_LLAMA31,LLAMA3-ARXIV-Results,simulator_output_LLAMA3-ARXIV_bwplacement_bs4_staticreq_statictask,SCRUBBED_TIME+LLAMA3-ARXIV_BMPD256_4_3_17,False
4,12,0,0,3,9,256,96.86,62.89980338461538,bw,static,static,results,Results,Results_LLAMA31,LLAMA3-ARXIV-Results,simulator_output_LLAMA3-ARXIV_bwplacement_bs4_staticreq_statictask,SCRUBBED_TIME+LLAMA3-ARXIV_BMPD256_12_3_9,False
2,2,0,0,2,20,640,49.94,63.03902971428572,bw,static,static,results,Results,Results_LLAMA31,LLAMA3-ARXIV-Results,simulator_output_LLAMA3-ARXIV_bwplacement_bs2_staticreq_statictask,SCRUBBED_TIME+LLAMA3-ARXIV_BMPD640_2_2_20,False
2,4,0,0,3,17,512,87.58,63.14570890909091,bw,static,static,results,Results,Results_LLAMA31,LLAMA3-ARXIV-Results,simulator_output_LLAMA3-ARXIV_bwplacement_bs2_staticreq_statictask,SCRUBBED_TIME+LLAMA3-ARXIV_BMPD512_4_3_17,False
8,15,0,0,4,5,256,132.34,63.14757555555556,bw,static,static,results,Results,Results_LLAMA31,LLAMA3-ARXIV-Results,simulator_output_LLAMA3-ARXIV_bwplacement_bs8_staticreq_statictask,SCRUBBED_TIME+LLAMA3-ARXIV_BMPD256_15_4_5,False
8,5,0,0,9,10,512,146.91,63.23868844444445,bw,static,static,results,Results,Results_LLAMA31,LLAMA3-ARXIV-Results,simulator_output_LLAMA3-ARXIV_bwplacement_bs8_staticreq_statictask,SCRUBBED_TIME+LLAMA3-ARXIV_BMPD512_5_9_10,False
8,12,0,0,10,2,384,148.44,63.24783966666666,bw,static,static,results,Results,Results_LLAMA31,LLAMA3-ARXIV-Results,simulator_output_LLAMA3-ARXIV_bwplacement_bs8_staticreq_statictask,SCRUBBED_TIME+LLAMA3-ARXIV_BMPD384_12_10_2,False
8,5,0,0,4,15,256,127.03,63.31004222222222,bw,static,static,results,Results,Results_LLAMA31,LLAMA3-ARXIV-Results,simulator_output_LLAMA3-ARXIV_bwplacement_bs8_staticreq_statictask,SCRUBBED_TIME+LLAMA3-ARXIV_BMPD256_5_4_15,False
8,11,0,0,5,8,256,207.14,63.39124106666667,bw,static,static,results,Results,Results_LLAMA31,LLAMA3-ARXIV-Results,simulator_output_LLAMA3-ARXIV_bwplacement_bs8_staticreq_statictask,SCRUBBED_TIME+LLAMA3-ARXIV_BMPD256_11_5_8,False
8,4,0,0,7,13,640,133.59,63.395944444444446,bw,static,static,results,Results,Results_LLAMA31,LLAMA3-ARXIV-Results,simulator_output_LLAMA3-ARXIV_bwplacement_bs8_staticreq_statictask,SCRUBBED_TIME+LLAMA3-ARXIV_BMPD640_4_7_13,False
8,4,0,0,6,14,512,125.23,63.4459955,bw,static,static,results,Results,Results_LLAMA31,LLAMA3-ARXIV-Results,simulator_output_LLAMA3-ARXIV_bwplacement_bs8_staticreq_statictask,SCRUBBED_TIME+LLAMA3-ARXIV_BMPD512_4_6_14,False
8,5,0,0,15,4,512,145.76,63.45233288888889,bw,static,static,results,Results,Results_LLAMA31,LLAMA3-ARXIV-Results,simulator_output_LLAMA3-ARXIV_bwplacement_bs8_staticreq_statictask,SCRUBBED_TIME+LLAMA3-ARXIV_BMPD512_5_15_4,False
8,5,0,0,11,8,512,148.61,63.49081066666666,bw,static,static,results,Results,Results_LLAMA31,LLAMA3-ARXIV-Results,simulator_output_LLAMA3-ARXIV_bwplacement_bs8_staticreq_statictask,SCRUBBED_TIME+LLAMA3-ARXIV_BMPD512_5_11_8,False
8,8,0,0,11,5,384,237.14,63.50140106666667,bw,static,static,results,Results,Results_LLAMA31,LLAMA3-ARXIV-Results,simulator_output_LLAMA3-ARXIV_bwplacement_bs8_staticreq_statictask,SCRUBBED_TIME+LLAMA3-ARXIV_BMPD384_8_11_5,False
8,9,0,0,11,4,384,225.3,63.50140106666667,bw,static,static,results,Results,Results_LLAMA31,LLAMA3-ARXIV-Results,simulator_output_LLAMA3-ARXIV_bwplacement_bs8_staticreq_statictask,SCRUBBED_TIME+LLAMA3-ARXIV_BMPD384_9_11_4,False
8,15,0,0,7,2,384,122.5,63.59686488888889,bw,static,static,results,Results,Results_LLAMA31,LLAMA3-ARXIV-Results,simulator_output_LLAMA3-ARXIV_bwplacement_bs8_staticreq_statictask,SCRUBBED_TIME+LLAMA3-ARXIV_BMPD384_15_7_2,False
4,8,0,0,6,10,640,144.58,63.65993622222222,bw,static,static,results,Results,Results_LLAMA31,LLAMA3-ARXIV-Results,simulator_output_LLAMA3-ARXIV_bwplacement_bs4_staticreq_statictask,SCRUBBED_TIME+LLAMA3-ARXIV_BMPD640_8_6_10,False
8,5,0,0,13,6,512,144.04,63.66853288888889,bw,static,static,results,Results,Results_LLAMA31,LLAMA3-ARXIV-Results,simulator_output_LLAMA3-ARXIV_bwplacement_bs8_staticreq_statictask,SCRUBBED_TIME+LLAMA3-ARXIV_BMPD512_5_13_6,False
2,3,0,0,3,18,640,70.58,63.82214147368421,bw,static,static,results,Results,Results_LLAMA31,LLAMA3-ARXIV-Results,simulator_output_LLAMA3-ARXIV_bwplacement_bs2_staticreq_statictask,SCRUBBED_TIME+LLAMA3-ARXIV_BMPD640_3_3_18,False
8,6,0,0,7,11,384,148.08,63.838620444444445,bw,static,static,results,Results,Results_LLAMA31,LLAMA3-ARXIV-Results,simulator_output_LLAMA3-ARXIV_bwplacement_bs8_staticreq_statictask,SCRUBBED_TIME+LLAMA3-ARXIV_BMPD384_6_7_11,False
8,10,0,0,7,7,256,207.02,64.00642773333334,bw,static,static,results,Results,Results_LLAMA31,LLAMA3-ARXIV-Results,simulator_output_LLAMA3-ARXIV_bwplacement_bs8_staticreq_statictask,SCRUBBED_TIME+LLAMA3-ARXIV_BMPD256_10_7_7,False
8,2,0,0,16,6,512,44.29,64.06223466666667,bw,static,static,results,Results,Results_LLAMA31,LLAMA3-ARXIV-Results,simulator_output_LLAMA3-ARXIV_bwplacement_bs8_staticreq_statictask,SCRUBBED_TIME+LLAMA3-ARXIV_BMPD512_2_16_6,False
8,2,0,0,3,19,512,44.29,64.06223466666667,bw,static,static,results,Results,Results_LLAMA31,LLAMA3-ARXIV-Results,simulator_output_LLAMA3-ARXIV_bwplacement_bs8_staticreq_statictask,SCRUBBED_TIME+LLAMA3-ARXIV_BMPD512_2_3_19,False
8,2,0,0,8,14,512,44.29,64.06223466666667,bw,static,static,results,Results,Results_LLAMA31,LLAMA3-ARXIV-Results,simulator_output_LLAMA3-ARXIV_bwplacement_bs8_staticreq_statictask,SCRUBBED_TIME+LLAMA3-ARXIV_BMPD512_2_8_14,False
8,7,0,0,16,1,512,96.58,64.135543,bw,static,static,results,Results,Results_LLAMA31,LLAMA3-ARXIV-Results,simulator_output_LLAMA3-ARXIV_bwplacement_bs8_staticreq_statictask,SCRUBBED_TIME+LLAMA3-ARXIV_BMPD512_7_16_1,False
8,13,0,0,7,4,384,174.75,64.15330633333333,bw,static,static,results,Results,Results_LLAMA31,LLAMA3-ARXIV-Results,simulator_output_LLAMA3-ARXIV_bwplacement_bs8_staticreq_statictask,SCRUBBED_TIME+LLAMA3-ARXIV_BMPD384_13_7_4,False
8,13,0,0,8,3,512,164.27,64.174968,bw,static,static,results,Results,Results_LLAMA31,LLAMA3-ARXIV-Results,simulator_output_LLAMA3-ARXIV_bwplacement_bs8_staticreq_statictask,SCRUBBED_TIME+LLAMA3-ARXIV_BMPD512_13_8_3,False
8,13,0,0,5,6,256,161.56,64.30517563636363,bw,static,static,results,Results,Results_LLAMA31,LLAMA3-ARXIV-Results,simulator_output_LLAMA3-ARXIV_bwplacement_bs8_staticreq_statictask,SCRUBBED_TIME+LLAMA3-ARXIV_BMPD256_13_5_6,False
8,11,0,0,7,6,384,221.4,64.32316106666667,bw,static,static,results,Results,Results_LLAMA31,LLAMA3-ARXIV-Results,simulator_output_LLAMA3-ARXIV_bwplacement_bs8_staticreq_statictask,SCRUBBED_TIME+LLAMA3-ARXIV_BMPD384_11_7_6,False
8,12,0,0,6,6,256,172.93,64.420288,bw,static,static,results,Results,Results_LLAMA31,LLAMA3-ARXIV-Results,simulator_output_LLAMA3-ARXIV_bwplacement_bs8_staticreq_statictask,SCRUBBED_TIME+LLAMA3-ARXIV_BMPD256_12_6_6,False
8,5,0,0,12,7,512,146.33,64.44479955555555,bw,static,static,results,Results,Results_LLAMA31,LLAMA3-ARXIV-Results,simulator_output_LLAMA3-ARXIV_bwplacement_bs8_staticreq_statictask,SCRUBBED_TIME+LLAMA3-ARXIV_BMPD512_5_12_7,False
8,3,0,0,15,6,512,60.74,64.462485,bw,static,static,results,Results,Results_LLAMA31,LLAMA3-ARXIV-Results,simulator_output_LLAMA3-ARXIV_bwplacement_bs8_staticreq_statictask,SCRUBBED_TIME+LLAMA3-ARXIV_BMPD512_3_15_6,False
8,3,0,0,17,4,512,60.74,64.462485,bw,static,static,results,Results,Results_LLAMA31,LLAMA3-ARXIV-Results,simulator_output_LLAMA3-ARXIV_bwplacement_bs8_staticreq_statictask,SCRUBBED_TIME+LLAMA3-ARXIV_BMPD512_3_17_4,False
8,3,0,0,7,14,512,60.74,64.462485,bw,static,static,results,Results,Results_LLAMA31,LLAMA3-ARXIV-Results,simulator_output_LLAMA3-ARXIV_bwplacement_bs8_staticreq_statictask,SCRUBBED_TIME+LLAMA3-ARXIV_BMPD512_3_7_14,False
8,3,0,0,14,7,512,60.74,64.462485,bw,static,static,results,Results,Results_LLAMA31,LLAMA3-ARXIV-Results,simulator_output_LLAMA3-ARXIV_bwplacement_bs8_staticreq_statictask,SCRUBBED_TIME+LLAMA3-ARXIV_BMPD512_3_14_7,False
8,3,0,0,8,13,512,60.74,64.462485,bw,static,static,results,Results,Results_LLAMA31,LLAMA3-ARXIV-Results,simulator_output_LLAMA3-ARXIV_bwplacement_bs8_staticreq_statictask,SCRUBBED_TIME+LLAMA3-ARXIV_BMPD512_3_8_13,False
8,3,0,0,18,3,512,60.74,64.462485,bw,static,static,results,Results,Results_LLAMA31,LLAMA3-ARXIV-Results,simulator_output_LLAMA3-ARXIV_bwplacement_bs8_staticreq_statictask,SCRUBBED_TIME+LLAMA3-ARXIV_BMPD512_3_18_3,False
8,3,0,0,12,9,512,60.74,64.462485,bw,static,static,results,Results,Results_LLAMA31,LLAMA3-ARXIV-Results,simulator_output_LLAMA3-ARXIV_bwplacement_bs8_staticreq_statictask,SCRUBBED_TIME+LLAMA3-ARXIV_BMPD512_3_12_9,False
8,3,0,0,9,12,512,60.74,64.462485,bw,static,static,results,Results,Results_LLAMA31,LLAMA3-ARXIV-Results,simulator_output_LLAMA3-ARXIV_bwplacement_bs8_staticreq_statictask,SCRUBBED_TIME+LLAMA3-ARXIV_BMPD512_3_9_12,False
8,3,0,0,6,15,512,60.74,64.462485,bw,static,static,results,Results,Results_LLAMA31,LLAMA3-ARXIV-Results,simulator_output_LLAMA3-ARXIV_bwplacement_bs8_staticreq_statictask,SCRUBBED_TIME+LLAMA3-ARXIV_BMPD512_3_6_15,False
8,3,0,0,11,10,512,60.74,64.462485,bw,static,static,results,Results,Results_LLAMA31,LLAMA3-ARXIV-Results,simulator_output_LLAMA3-ARXIV_bwplacement_bs8_staticreq_statictask,SCRUBBED_TIME+LLAMA3-ARXIV_BMPD512_3_11_10,False
8,3,0,0,19,2,512,60.74,64.462485,bw,static,static,results,Results,Results_LLAMA31,LLAMA3-ARXIV-Results,simulator_output_LLAMA3-ARXIV_bwplacement_bs8_staticreq_statictask,SCRUBBED_TIME+LLAMA3-ARXIV_BMPD512_3_19_2,False
8,3,0,0,16,5,512,60.74,64.462485,bw,static,static,results,Results,Results_LLAMA31,LLAMA3-ARXIV-Results,simulator_output_LLAMA3-ARXIV_bwplacement_bs8_staticreq_statictask,SCRUBBED_TIME+LLAMA3-ARXIV_BMPD512_3_16_5,False
8,3,0,0,20,1,512,54.87,64.462485,bw,static,static,results,Results,Results_LLAMA31,LLAMA3-ARXIV-Results,simulator_output_LLAMA3-ARXIV_bwplacement_bs8_staticreq_statictask,SCRUBBED_TIME+LLAMA3-ARXIV_BMPD512_3_20_1,False
4,5,0,0,4,15,384,138.46,64.49828917647058,bw,static,static,results,Results,Results_LLAMA31,LLAMA3-ARXIV-Results,simulator_output_LLAMA3-ARXIV_bwplacement_bs4_staticreq_statictask,SCRUBBED_TIME+LLAMA3-ARXIV_BMPD384_5_4_15,False
8,10,0,0,8,6,512,243.07,64.5512216,bw,static,static,results,Results,Results_LLAMA31,LLAMA3-ARXIV-Results,simulator_output_LLAMA3-ARXIV_bwplacement_bs8_staticreq_statictask,SCRUBBED_TIME+LLAMA3-ARXIV_BMPD512_10_8_6,False
8,10,0,0,13,1,384,99.25,64.55497828571428,bw,static,static,results,Results,Results_LLAMA31,LLAMA3-ARXIV-Results,simulator_output_LLAMA3-ARXIV_bwplacement_bs8_staticreq_statictask,SCRUBBED_TIME+LLAMA3-ARXIV_BMPD384_10_13_1,False
4,5,0,0,6,13,640,144.33,64.572614,bw,static,static,results,Results,Results_LLAMA31,LLAMA3-ARXIV-Results,simulator_output_LLAMA3-ARXIV_bwplacement_bs4_staticreq_statictask,SCRUBBED_TIME+LLAMA3-ARXIV_BMPD640_5_6_13,False
8,8,0,0,15,1,384,101.85,64.59592773333334,bw,static,static,results,Results,Results_LLAMA31,LLAMA3-ARXIV-Results,simulator_output_LLAMA3-ARXIV_bwplacement_bs8_staticreq_statictask,SCRUBBED_TIME+LLAMA3-ARXIV_BMPD384_8_15_1,False
8,4,0,0,19,1,640,72.78,64.5971275,bw,static,static,results,Results,Results_LLAMA31,LLAMA3-ARXIV-Results,simulator_output_LLAMA3-ARXIV_bwplacement_bs8_staticreq_statictask,SCRUBBED_TIME+LLAMA3-ARXIV_BMPD640_4_19_1,False
8,7,0,0,14,3,512,165.47,64.931918,bw,static,static,results,Results,Results_LLAMA31,LLAMA3-ARXIV-Results,simulator_output_LLAMA3-ARXIV_bwplacement_bs8_staticreq_statictask,SCRUBBED_TIME+LLAMA3-ARXIV_BMPD512_7_14_3,False
8,9,0,0,13,2,384,164.57,64.9379744,bw,static,static,results,Results,Results_LLAMA31,LLAMA3-ARXIV-Results,simulator_output_LLAMA3-ARXIV_bwplacement_bs8_staticreq_statictask,SCRUBBED_TIME+LLAMA3-ARXIV_BMPD384_9_13_2,False
8,11,0,0,9,4,512,210.85,65.0447616,bw,static,static,results,Results,Results_LLAMA31,LLAMA3-ARXIV-Results,simulator_output_LLAMA3-ARXIV_bwplacement_bs8_staticreq_statictask,SCRUBBED_TIME+LLAMA3-ARXIV_BMPD512_11_9_4,False
8,11,0,0,10,3,512,174.76,65.09789493333334,bw,static,static,results,Results,Results_LLAMA31,LLAMA3-ARXIV-Results,simulator_output_LLAMA3-ARXIV_bwplacement_bs8_staticreq_statictask,SCRUBBED_TIME+LLAMA3-ARXIV_BMPD512_11_10_3,False
8,13,0,0,7,4,256,148.16,65.1176029090909,bw,static,static,results,Results,Results_LLAMA31,LLAMA3-ARXIV-Results,simulator_output_LLAMA3-ARXIV_bwplacement_bs8_staticreq_statictask,SCRUBBED_TIME+LLAMA3-ARXIV_BMPD256_13_7_4,False
8,2,0,0,5,17,512,44.29,65.19943466666666,bw,static,static,results,Results,Results_LLAMA31,LLAMA3-ARXIV-Results,simulator_output_LLAMA3-ARXIV_bwplacement_bs8_staticreq_statictask,SCRUBBED_TIME+LLAMA3-ARXIV_BMPD512_2_5_17,False
8,14,0,0,6,4,384,167.25,65.22138363636363,bw,static,static,results,Results,Results_LLAMA31,LLAMA3-ARXIV-Results,simulator_output_LLAMA3-ARXIV_bwplacement_bs8_staticreq_statictask,SCRUBBED_TIME+LLAMA3-ARXIV_BMPD384_14_6_4,False
8,3,0,0,10,11,512,60.74,65.249185,bw,static,static,results,Results,Results_LLAMA31,LLAMA3-ARXIV-Results,simulator_output_LLAMA3-ARXIV_bwplacement_bs8_staticreq_statictask,SCRUBBED_TIME+LLAMA3-ARXIV_BMPD512_3_10_11,False
4,2,0,0,2,20,512,44.29,65.297644,bw,static,static,results,Results,Results_LLAMA31,LLAMA3-ARXIV-Results,simulator_output_LLAMA3-ARXIV_bwplacement_bs4_staticreq_statictask,SCRUBBED_TIME+LLAMA3-ARXIV_BMPD512_2_2_20,False
8,8,0,0,13,3,384,195.74,65.3694144,bw,static,static,results,Results,Results_LLAMA31,LLAMA3-ARXIV-Results,simulator_output_LLAMA3-ARXIV_bwplacement_bs8_staticreq_statictask,SCRUBBED_TIME+LLAMA3-ARXIV_BMPD384_8_13_3,False
8,3,0,0,4,17,512,60.74,65.372785,bw,static,static,results,Results,Results_LLAMA31,LLAMA3-ARXIV-Results,simulator_output_LLAMA3-ARXIV_bwplacement_bs8_staticreq_statictask,SCRUBBED_TIME+LLAMA3-ARXIV_BMPD512_3_4_17,False
8,3,0,0,13,8,512,60.74,65.372785,bw,static,static,results,Results,Results_LLAMA31,LLAMA3-ARXIV-Results,simulator_output_LLAMA3-ARXIV_bwplacement_bs8_staticreq_statictask,SCRUBBED_TIME+LLAMA3-ARXIV_BMPD512_3_13_8,False
8,7,0,0,7,10,384,187.46,65.386523,bw,static,static,results,Results,Results_LLAMA31,LLAMA3-ARXIV-Results,simulator_output_LLAMA3-ARXIV_bwplacement_bs8_staticreq_statictask,SCRUBBED_TIME+LLAMA3-ARXIV_BMPD384_7_7_10,False
8,14,0,0,7,3,512,157.67,65.3989450909091,bw,static,static,results,Results,Results_LLAMA31,LLAMA3-ARXIV-Results,simulator_output_LLAMA3-ARXIV_bwplacement_bs8_staticreq_statictask,SCRUBBED_TIME+LLAMA3-ARXIV_BMPD512_14_7_3,False
8,5,0,0,10,9,512,144.69,65.498344,bw,static,static,results,Results,Results_LLAMA31,LLAMA3-ARXIV-Results,simulator_output_LLAMA3-ARXIV_bwplacement_bs8_staticreq_statictask,SCRUBBED_TIME+LLAMA3-ARXIV_BMPD512_5_10_9,False
2,6,0,0,3,15,640,69.02,65.56234133333334,bw,static,static,results,Results,Results_LLAMA31,LLAMA3-ARXIV-Results,simulator_output_LLAMA3-ARXIV_bwplacement_bs2_staticreq_statictask,SCRUBBED_TIME+LLAMA3-ARXIV_BMPD640_6_3_15,False
4,5,0,0,5,14,512,140.86,65.69421647058823,bw,static,static,results,Results,Results_LLAMA31,LLAMA3-ARXIV-Results,simulator_output_LLAMA3-ARXIV_bwplacement_bs4_staticreq_statictask,SCRUBBED_TIME+LLAMA3-ARXIV_BMPD512_5_5_14,False
8,2,0,0,2,20,512,44.29,65.76403466666666,bw,static,static,results,Results,Results_LLAMA31,LLAMA3-ARXIV-Results,simulator_output_LLAMA3-ARXIV_bwplacement_bs8_staticreq_statictask,SCRUBBED_TIME+LLAMA3-ARXIV_BMPD512_2_2_20,False
8,9,0,0,10,5,384,233.52,65.7941744,bw,static,static,results,Results,Results_LLAMA31,LLAMA3-ARXIV-Results,simulator_output_LLAMA3-ARXIV_bwplacement_bs8_staticreq_statictask,SCRUBBED_TIME+LLAMA3-ARXIV_BMPD384_9_10_5,False
8,5,0,0,18,1,640,76.79,65.8069111111111,bw,static,static,results,Results,Results_LLAMA31,LLAMA3-ARXIV-Results,simulator_output_LLAMA3-ARXIV_bwplacement_bs8_staticreq_statictask,SCRUBBED_TIME+LLAMA3-ARXIV_BMPD640_5_18_1,False
4,7,0,0,5,12,512,147.19,65.81291666666667,bw,static,static,results,Results,Results_LLAMA31,LLAMA3-ARXIV-Results,simulator_output_LLAMA3-ARXIV_bwplacement_bs4_staticreq_statictask,SCRUBBED_TIME+LLAMA3-ARXIV_BMPD512_7_5_12,False
8,3,0,0,3,18,512,60.74,66.035685,bw,static,static,results,Results,Results_LLAMA31,LLAMA3-ARXIV-Results,simulator_output_LLAMA3-ARXIV_bwplacement_bs8_staticreq_statictask,SCRUBBED_TIME+LLAMA3-ARXIV_BMPD512_3_3_18,False
4,7,0,0,4,13,384,143.79,66.04359822222223,bw,static,static,results,Results,Results_LLAMA31,LLAMA3-ARXIV-Results,simulator_output_LLAMA3-ARXIV_bwplacement_bs4_staticreq_statictask,SCRUBBED_TIME+LLAMA3-ARXIV_BMPD384_7_4_13,False
8,8,0,0,10,6,384,241.74,66.0437144,bw,static,static,results,Results,Results_LLAMA31,LLAMA3-ARXIV-Results,simulator_output_LLAMA3-ARXIV_bwplacement_bs8_staticreq_statictask,SCRUBBED_TIME+LLAMA3-ARXIV_BMPD384_8_10_6,False
8,4,0,0,8,12,512,113.05,66.12524971428572,bw,static,static,results,Results,Results_LLAMA31,LLAMA3-ARXIV-Results,simulator_output_LLAMA3-ARXIV_bwplacement_bs8_staticreq_statictask,SCRUBBED_TIME+LLAMA3-ARXIV_BMPD512_4_8_12,False
8,4,0,0,8,12,640,122.49,66.12879,bw,static,static,results,Results,Results_LLAMA31,LLAMA3-ARXIV-Results,simulator_output_LLAMA3-ARXIV_bwplacement_bs8_staticreq_statictask,SCRUBBED_TIME+LLAMA3-ARXIV_BMPD640_4_8_12,False
4,15,0,0,3,6,640,69.02,66.27627822222222,bw,static,static,results,Results,Results_LLAMA31,LLAMA3-ARXIV-Results,simulator_output_LLAMA3-ARXIV_bwplacement_bs4_staticreq_statictask,SCRUBBED_TIME+LLAMA3-ARXIV_BMPD640_15_3_6,False
8,5,0,0,16,3,640,131.16,66.27717777777778,bw,static,static,results,Results,Results_LLAMA31,LLAMA3-ARXIV-Results,simulator_output_LLAMA3-ARXIV_bwplacement_bs8_staticreq_statictask,SCRUBBED_TIME+LLAMA3-ARXIV_BMPD640_5_16_3,False
4,7,0,0,6,11,640,146.01,66.458414,bw,static,static,results,Results,Results_LLAMA31,LLAMA3-ARXIV-Results,simulator_output_LLAMA3-ARXIV_bwplacement_bs4_staticreq_statictask,SCRUBBED_TIME+LLAMA3-ARXIV_BMPD640_7_6_11,False
8,12,0,0,7,5,384,192.16,66.533136,bw,static,static,results,Results,Results_LLAMA31,LLAMA3-ARXIV-Results,simulator_output_LLAMA3-ARXIV_bwplacement_bs8_staticreq_statictask,SCRUBBED_TIME+LLAMA3-ARXIV_BMPD384_12_7_5,False
8,5,0,0,15,4,640,142.3,66.5496888888889,bw,static,static,results,Results,Results_LLAMA31,LLAMA3-ARXIV-Results,simulator_output_LLAMA3-ARXIV_bwplacement_bs8_staticreq_statictask,SCRUBBED_TIME+LLAMA3-ARXIV_BMPD640_5_15_4,False
8,5,0,0,8,11,512,139.17,66.5501205,bw,static,static,results,Results,Results_LLAMA31,LLAMA3-ARXIV-Results,simulator_output_LLAMA3-ARXIV_bwplacement_bs8_staticreq_statictask,SCRUBBED_TIME+LLAMA3-ARXIV_BMPD512_5_8_11,False
8,5,0,0,16,3,512,128.58,66.5501205,bw,static,static,results,Results,Results_LLAMA31,LLAMA3-ARXIV-Results,simulator_output_LLAMA3-ARXIV_bwplacement_bs8_staticreq_statictask,SCRUBBED_TIME+LLAMA3-ARXIV_BMPD512_5_16_3,False
4,3,0,0,3,18,640,69.02,66.64603377777777,bw,static,static,results,Results,Results_LLAMA31,LLAMA3-ARXIV-Results,simulator_output_LLAMA3-ARXIV_bwplacement_bs4_staticreq_statictask,SCRUBBED_TIME+LLAMA3-ARXIV_BMPD640_3_3_18,False
2,11,0,0,2,11,512,49.42,66.64861415384615,bw,static,static,results,Results,Results_LLAMA31,LLAMA3-ARXIV-Results,simulator_output_LLAMA3-ARXIV_bwplacement_bs2_staticreq_statictask,SCRUBBED_TIME+LLAMA3-ARXIV_BMPD512_11_2_11,False
4,16,0,0,2,6,384,60.74,66.6579145,bw,static,static,results,Results,Results_LLAMA31,LLAMA3-ARXIV-Results,simulator_output_LLAMA3-ARXIV_bwplacement_bs4_staticreq_statictask,SCRUBBED_TIME+LLAMA3-ARXIV_BMPD384_16_2_6,False
8,5,0,0,17,2,640,112.79,66.76386666666666,bw,static,static,results,Results,Results_LLAMA31,LLAMA3-ARXIV-Results,simulator_output_LLAMA3-ARXIV_bwplacement_bs8_staticreq_statictask,SCRUBBED_TIME+LLAMA3-ARXIV_BMPD640_5_17_2,False
8,3,0,0,2,19,384,60.74,66.773064,bw,static,static,results,Results,Results_LLAMA31,LLAMA3-ARXIV-Results,simulator_output_LLAMA3-ARXIV_bwplacement_bs8_staticreq_statictask,SCRUBBED_TIME+LLAMA3-ARXIV_BMPD384_3_2_19,False
2,8,0,0,2,14,384,60.74,66.78982275,bw,static,static,results,Results,Results_LLAMA31,LLAMA3-ARXIV-Results,simulator_output_LLAMA3-ARXIV_bwplacement_bs2_staticreq_statictask,SCRUBBED_TIME+LLAMA3-ARXIV_BMPD384_8_2_14,False
8,4,0,0,11,9,640,128.41,66.8174525,bw,static,static,results,Results,Results_LLAMA31,LLAMA3-ARXIV-Results,simulator_output_LLAMA3-ARXIV_bwplacement_bs8_staticreq_statictask,SCRUBBED_TIME+LLAMA3-ARXIV_BMPD640_4_11_9,False
8,4,0,0,3,17,256,118.74,66.8258875,bw,static,static,results,Results,Results_LLAMA31,LLAMA3-ARXIV-Results,simulator_output_LLAMA3-ARXIV_bwplacement_bs8_staticreq_statictask,SCRUBBED_TIME+LLAMA3-ARXIV_BMPD256_4_3_17,False
8,12,0,0,7,5,256,162.41,66.83209033333334,bw,static,static,results,Results,Results_LLAMA31,LLAMA3-ARXIV-Results,simulator_output_LLAMA3-ARXIV_bwplacement_bs8_staticreq_statictask,SCRUBBED_TIME+LLAMA3-ARXIV_BMPD256_12_7_5,False
8,11,0,0,5,8,384,234.85,66.8781544,bw,static,static,results,Results,Results_LLAMA31,LLAMA3-ARXIV-Results,simulator_output_LLAMA3-ARXIV_bwplacement_bs8_staticreq_statictask,SCRUBBED_TIME+LLAMA3-ARXIV_BMPD384_11_5_8,False
8,6,0,0,8,10,512,150.05,66.90398844444445,bw,static,static,results,Results,Results_LLAMA31,LLAMA3-ARXIV-Results,simulator_output_LLAMA3-ARXIV_bwplacement_bs8_staticreq_statictask,SCRUBBED_TIME+LLAMA3-ARXIV_BMPD512_6_8_10,False
8,6,0,0,14,4,512,144.09,66.90398844444445,bw,static,static,results,Results,Results_LLAMA31,LLAMA3-ARXIV-Results,simulator_output_LLAMA3-ARXIV_bwplacement_bs8_staticreq_statictask,SCRUBBED_TIME+LLAMA3-ARXIV_BMPD512_6_14_4,False
8,6,0,0,16,2,512,124.58,66.90398844444445,bw,static,static,results,Results,Results_LLAMA31,LLAMA3-ARXIV-Results,simulator_output_LLAMA3-ARXIV_bwplacement_bs8_staticreq_statictask,SCRUBBED_TIME+LLAMA3-ARXIV_BMPD512_6_16_2,False
8,6,0,0,17,1,512,90.95,66.90398844444445,bw,static,static,results,Results,Results_LLAMA31,LLAMA3-ARXIV-Results,simulator_output_LLAMA3-ARXIV_bwplacement_bs8_staticreq_statictask,SCRUBBED_TIME+LLAMA3-ARXIV_BMPD512_6_17_1,False
8,15,0,0,8,1,512,90.95,66.90398844444445,bw,static,static,results,Results,Results_LLAMA31,LLAMA3-ARXIV-Results,simulator_output_LLAMA3-ARXIV_bwplacement_bs8_staticreq_statictask,SCRUBBED_TIME+LLAMA3-ARXIV_BMPD512_15_8_1,False
8,3,0,0,5,16,512,60.74,66.946185,bw,static,static,results,Results,Results_LLAMA31,LLAMA3-ARXIV-Results,simulator_output_LLAMA3-ARXIV_bwplacement_bs8_staticreq_statictask,SCRUBBED_TIME+LLAMA3-ARXIV_BMPD512_3_5_16,False
4,11,0,0,5,8,640,107.73,66.95454153846154,bw,static,static,results,Results,Results_LLAMA31,LLAMA3-ARXIV-Results,simulator_output_LLAMA3-ARXIV_bwplacement_bs4_staticreq_statictask,SCRUBBED_TIME+LLAMA3-ARXIV_BMPD640_11_5_8,False
8,4,0,0,9,11,640,119.51,67.09764,bw,static,static,results,Results,Results_LLAMA31,LLAMA3-ARXIV-Results,simulator_output_LLAMA3-ARXIV_bwplacement_bs8_staticreq_statictask,SCRUBBED_TIME+LLAMA3-ARXIV_BMPD640_4_9_11,False
2,3,0,0,2,19,256,73.02,67.10174647619048,bw,static,static,results,Results,Results_LLAMA31,LLAMA3-ARXIV-Results,simulator_output_LLAMA3-ARXIV_bwplacement_bs2_staticreq_statictask,SCRUBBED_TIME+LLAMA3-ARXIV_BMPD256_3_2_19,False
8,5,0,0,12,7,640,142.47,67.12325555555556,bw,static,static,results,Results,Results_LLAMA31,LLAMA3-ARXIV-Results,simulator_output_LLAMA3-ARXIV_bwplacement_bs8_staticreq_statictask,SCRUBBED_TIME+LLAMA3-ARXIV_BMPD640_5_12_7,False
8,13,0,0,5,6,384,178.83,67.20787454545454,bw,static,static,results,Results,Results_LLAMA31,LLAMA3-ARXIV-Results,simulator_output_LLAMA3-ARXIV_bwplacement_bs8_staticreq_statictask,SCRUBBED_TIME+LLAMA3-ARXIV_BMPD384_13_5_6,False
8,5,0,0,14,5,640,139.6,67.26473333333333,bw,static,static,results,Results,Results_LLAMA31,LLAMA3-ARXIV-Results,simulator_output_LLAMA3-ARXIV_bwplacement_bs8_staticreq_statictask,SCRUBBED_TIME+LLAMA3-ARXIV_BMPD640_5_14_5,False
4,9,0,0,5,10,640,132.29,67.29387294117647,bw,static,static,results,Results,Results_LLAMA31,LLAMA3-ARXIV-Results,simulator_output_LLAMA3-ARXIV_bwplacement_bs4_staticreq_statictask,SCRUBBED_TIME+LLAMA3-ARXIV_BMPD640_9_5_10,False
8,5,0,0,13,6,640,138.45,67.3488,bw,static,static,results,Results,Results_LLAMA31,LLAMA3-ARXIV-Results,simulator_output_LLAMA3-ARXIV_bwplacement_bs8_staticreq_statictask,SCRUBBED_TIME+LLAMA3-ARXIV_BMPD640_5_13_6,False
8,7,0,0,5,12,384,185.34,67.3886109090909,bw,static,static,results,Results,Results_LLAMA31,LLAMA3-ARXIV-Results,simulator_output_LLAMA3-ARXIV_bwplacement_bs8_staticreq_statictask,SCRUBBED_TIME+LLAMA3-ARXIV_BMPD384_7_5_12,False
8,16,0,0,7,1,512,85.45,67.5714205,bw,static,static,results,Results,Results_LLAMA31,LLAMA3-ARXIV-Results,simulator_output_LLAMA3-ARXIV_bwplacement_bs8_staticreq_statictask,SCRUBBED_TIME+LLAMA3-ARXIV_BMPD512_16_7_1,False
8,5,0,0,7,12,512,137.91,67.6440955,bw,static,static,results,Results,Results_LLAMA31,LLAMA3-ARXIV-Results,simulator_output_LLAMA3-ARXIV_bwplacement_bs8_staticreq_statictask,SCRUBBED_TIME+LLAMA3-ARXIV_BMPD512_5_7_12,False
8,7,0,0,11,6,512,185.9,67.66038466666667,bw,static,static,results,Results,Results_LLAMA31,LLAMA3-ARXIV-Results,simulator_output_LLAMA3-ARXIV_bwplacement_bs8_staticreq_statictask,SCRUBBED_TIME+LLAMA3-ARXIV_BMPD512_7_11_6,False
8,7,0,0,12,5,512,180.48,67.68297633333333,bw,static,static,results,Results,Results_LLAMA31,LLAMA3-ARXIV-Results,simulator_output_LLAMA3-ARXIV_bwplacement_bs8_staticreq_statictask,SCRUBBED_TIME+LLAMA3-ARXIV_BMPD512_7_12_5,False
8,7,0,0,8,9,512,190.09,67.76499963636364,bw,static,static,results,Results,Results_LLAMA31,LLAMA3-ARXIV-Results,simulator_output_LLAMA3-ARXIV_bwplacement_bs8_staticreq_statictask,SCRUBBED_TIME+LLAMA3-ARXIV_BMPD512_7_8_9,False
8,14,0,0,8,2,640,126.67,67.78152327272727,bw,static,static,results,Results,Results_LLAMA31,LLAMA3-ARXIV-Results,simulator_output_LLAMA3-ARXIV_bwplacement_bs8_staticreq_statictask,SCRUBBED_TIME+LLAMA3-ARXIV_BMPD640_14_8_2,False
8,11,0,0,7,6,512,221.82,67.8339216,bw,static,static,results,Results,Results_LLAMA31,LLAMA3-ARXIV-Results,simulator_output_LLAMA3-ARXIV_bwplacement_bs8_staticreq_statictask,SCRUBBED_TIME+LLAMA3-ARXIV_BMPD512_11_7_6,False
8,11,0,0,11,2,512,148.32,68.06010142857143,bw,static,static,results,Results,Results_LLAMA31,LLAMA3-ARXIV-Results,simulator_output_LLAMA3-ARXIV_bwplacement_bs8_staticreq_statictask,SCRUBBED_TIME+LLAMA3-ARXIV_BMPD512_11_11_2,False
8,12,0,0,8,4,512,190.46,68.151543,bw,static,static,results,Results,Results_LLAMA31,LLAMA3-ARXIV-Results,simulator_output_LLAMA3-ARXIV_bwplacement_bs8_staticreq_statictask,SCRUBBED_TIME+LLAMA3-ARXIV_BMPD512_12_8_4,False
8,13,0,0,7,4,512,174.29,68.15575966666667,bw,static,static,results,Results,Results_LLAMA31,LLAMA3-ARXIV-Results,simulator_output_LLAMA3-ARXIV_bwplacement_bs8_staticreq_statictask,SCRUBBED_TIME+LLAMA3-ARXIV_BMPD512_13_7_4,False
8,12,0,0,5,7,256,174.51,68.17416533333333,bw,static,static,results,Results,Results_LLAMA31,LLAMA3-ARXIV-Results,simulator_output_LLAMA3-ARXIV_bwplacement_bs8_staticreq_statictask,SCRUBBED_TIME+LLAMA3-ARXIV_BMPD256_12_5_7,False
8,6,0,0,9,9,512,149.52,68.21588844444445,bw,static,static,results,Results,Results_LLAMA31,LLAMA3-ARXIV-Results,simulator_output_LLAMA3-ARXIV_bwplacement_bs8_staticreq_statictask,SCRUBBED_TIME+LLAMA3-ARXIV_BMPD512_6_9_9,False
8,6,0,0,7,11,512,149.64,68.21598844444445,bw,static,static,results,Results,Results_LLAMA31,LLAMA3-ARXIV-Results,simulator_output_LLAMA3-ARXIV_bwplacement_bs8_staticreq_statictask,SCRUBBED_TIME+LLAMA3-ARXIV_BMPD512_6_7_11,False
8,15,0,0,7,2,512,123.07,68.21598844444445,bw,static,static,results,Results,Results_LLAMA31,LLAMA3-ARXIV-Results,simulator_output_LLAMA3-ARXIV_bwplacement_bs8_staticreq_statictask,SCRUBBED_TIME+LLAMA3-ARXIV_BMPD512_15_7_2,False
8,14,0,0,4,6,256,140.61,68.3278029090909,bw,static,static,results,Results,Results_LLAMA31,LLAMA3-ARXIV-Results,simulator_output_LLAMA3-ARXIV_bwplacement_bs8_staticreq_statictask,SCRUBBED_TIME+LLAMA3-ARXIV_BMPD256_14_4_6,False
2,6,0,0,2,16,256,66.21,68.4186988888889,bw,static,static,results,Results,Results_LLAMA31,LLAMA3-ARXIV-Results,simulator_output_LLAMA3-ARXIV_bwplacement_bs2_staticreq_statictask,SCRUBBED_TIME+LLAMA3-ARXIV_BMPD256_6_2_16,False
8,10,0,0,11,3,512,187.22,68.47103493333334,bw,static,static,results,Results,Results_LLAMA31,LLAMA3-ARXIV-Results,simulator_output_LLAMA3-ARXIV_bwplacement_bs8_staticreq_statictask,SCRUBBED_TIME+LLAMA3-ARXIV_BMPD512_10_11_3,False
8,6,0,0,4,14,256,136.33,68.63827555555555,bw,static,static,results,Results,Results_LLAMA31,LLAMA3-ARXIV-Results,simulator_output_LLAMA3-ARXIV_bwplacement_bs8_staticreq_statictask,SCRUBBED_TIME+LLAMA3-ARXIV_BMPD256_6_4_14,False
8,6,0,0,11,7,512,147.34,68.68678844444445,bw,static,static,results,Results,Results_LLAMA31,LLAMA3-ARXIV-Results,simulator_output_LLAMA3-ARXIV_bwplacement_bs8_staticreq_statictask,SCRUBBED_TIME+LLAMA3-ARXIV_BMPD512_6_11_7,False
8,6,0,0,15,3,512,136.28,68.68678844444445,bw,static,static,results,Results,Results_LLAMA31,LLAMA3-ARXIV-Results,simulator_output_LLAMA3-ARXIV_bwplacement_bs8_staticreq_statictask,SCRUBBED_TIME+LLAMA3-ARXIV_BMPD512_6_15_3,False
8,9,0,0,7,8,256,227.13,68.74550773333334,bw,static,static,results,Results,Results_LLAMA31,LLAMA3-ARXIV-Results,simulator_output_LLAMA3-ARXIV_bwplacement_bs8_staticreq_statictask,SCRUBBED_TIME+LLAMA3-ARXIV_BMPD256_9_7_8,False
8,10,0,0,6,8,256,212.76,68.80484773333333,bw,static,static,results,Results,Results_LLAMA31,LLAMA3-ARXIV-Results,simulator_output_LLAMA3-ARXIV_bwplacement_bs8_staticreq_statictask,SCRUBBED_TIME+LLAMA3-ARXIV_BMPD256_10_6_8,False
4,14,0,0,3,7,512,84.0,68.91550840000001,bw,static,static,results,Results,Results_LLAMA31,LLAMA3-ARXIV-Results,simulator_output_LLAMA3-ARXIV_bwplacement_bs4_staticreq_statictask,SCRUBBED_TIME+LLAMA3-ARXIV_BMPD512_14_3_7,False
8,7,0,0,10,7,512,184.59,68.95745133333332,bw,static,static,results,Results,Results_LLAMA31,LLAMA3-ARXIV-Results,simulator_output_LLAMA3-ARXIV_bwplacement_bs8_staticreq_statictask,SCRUBBED_TIME+LLAMA3-ARXIV_BMPD512_7_10_7,False
8,7,0,0,13,4,512,180.43,68.95815133333333,bw,static,static,results,Results,Results_LLAMA31,LLAMA3-ARXIV-Results,simulator_output_LLAMA3-ARXIV_bwplacement_bs8_staticreq_statictask,SCRUBBED_TIME+LLAMA3-ARXIV_BMPD512_7_13_4,False
8,8,0,0,7,9,256,220.43,68.97250773333333,bw,static,static,results,Results,Results_LLAMA31,LLAMA3-ARXIV-Results,simulator_output_LLAMA3-ARXIV_bwplacement_bs8_staticreq_statictask,SCRUBBED_TIME+LLAMA3-ARXIV_BMPD256_8_7_9,False
4,4,0,0,5,15,640,112.22,69.1380864,bw,static,static,results,Results,Results_LLAMA31,LLAMA3-ARXIV-Results,simulator_output_LLAMA3-ARXIV_bwplacement_bs4_staticreq_statictask,SCRUBBED_TIME+LLAMA3-ARXIV_BMPD640_4_5_15,False
4,3,0,0,2,19,256,66.41,69.1632471111111,bw,static,static,results,Results,Results_LLAMA31,LLAMA3-ARXIV-Results,simulator_output_LLAMA3-ARXIV_bwplacement_bs4_staticreq_statictask,SCRUBBED_TIME+LLAMA3-ARXIV_BMPD256_3_2_19,False
4,15,0,0,2,7,256,65.25,69.1632471111111,bw,static,static,results,Results,Results_LLAMA31,LLAMA3-ARXIV-Results,simulator_output_LLAMA3-ARXIV_bwplacement_bs4_staticreq_statictask,SCRUBBED_TIME+LLAMA3-ARXIV_BMPD256_15_2_7,False
8,8,0,0,8,8,512,260.52,69.17949493333333,bw,static,static,results,Results,Results_LLAMA31,LLAMA3-ARXIV-Results,simulator_output_LLAMA3-ARXIV_bwplacement_bs8_staticreq_statictask,SCRUBBED_TIME+LLAMA3-ARXIV_BMPD512_8_8_8,False
8,9,0,0,8,7,512,251.53,69.17949493333333,bw,static,static,results,Results,Results_LLAMA31,LLAMA3-ARXIV-Results,simulator_output_LLAMA3-ARXIV_bwplacement_bs8_staticreq_statictask,SCRUBBED_TIME+LLAMA3-ARXIV_BMPD512_9_8_7,False
8,8,0,0,14,2,512,166.65,69.17949493333333,bw,static,static,results,Results,Results_LLAMA31,LLAMA3-ARXIV-Results,simulator_output_LLAMA3-ARXIV_bwplacement_bs8_staticreq_statictask,SCRUBBED_TIME+LLAMA3-ARXIV_BMPD512_8_14_2,False
8,9,0,0,14,1,512,101.05,69.17949493333333,bw,static,static,results,Results,Results_LLAMA31,LLAMA3-ARXIV-Results,simulator_output_LLAMA3-ARXIV_bwplacement_bs8_staticreq_statictask,SCRUBBED_TIME+LLAMA3-ARXIV_BMPD512_9_14_1,False
8,11,0,0,6,7,384,203.32,69.28680773333333,bw,static,static,results,Results,Results_LLAMA31,LLAMA3-ARXIV-Results,simulator_output_LLAMA3-ARXIV_bwplacement_bs8_staticreq_statictask,SCRUBBED_TIME+LLAMA3-ARXIV_BMPD384_11_6_7,False
4,11,0,0,4,9,512,107.1,69.33646123076923,bw,static,static,results,Results,Results_LLAMA31,LLAMA3-ARXIV-Results,simulator_output_LLAMA3-ARXIV_bwplacement_bs4_staticreq_statictask,SCRUBBED_TIME+LLAMA3-ARXIV_BMPD512_11_4_9,False
8,5,0,0,6,13,512,136.66,69.3540205,bw,static,static,results,Results,Results_LLAMA31,LLAMA3-ARXIV-Results,simulator_output_LLAMA3-ARXIV_bwplacement_bs8_staticreq_statictask,SCRUBBED_TIME+LLAMA3-ARXIV_BMPD512_5_6_13,False
8,10,0,0,5,9,256,203.01,69.37642106666667,bw,static,static,results,Results,Results_LLAMA31,LLAMA3-ARXIV-Results,simulator_output_LLAMA3-ARXIV_bwplacement_bs8_staticreq_statictask,SCRUBBED_TIME+LLAMA3-ARXIV_BMPD256_10_5_9,False
8,14,0,0,6,4,512,164.14,69.39012690909091,bw,static,static,results,Results,Results_LLAMA31,LLAMA3-ARXIV-Results,simulator_output_LLAMA3-ARXIV_bwplacement_bs8_staticreq_statictask,SCRUBBED_TIME+LLAMA3-ARXIV_BMPD512_14_6_4,False
4,6,0,0,5,13,512,145.97,69.4896611111111,bw,static,static,results,Results,Results_LLAMA31,LLAMA3-ARXIV-Results,simulator_output_LLAMA3-ARXIV_bwplacement_bs4_staticreq_statictask,SCRUBBED_TIME+LLAMA3-ARXIV_BMPD512_6_5_13,False
4,12,0,0,4,8,640,99.56,69.77339333333333,bw,static,static,results,Results,Results_LLAMA31,LLAMA3-ARXIV-Results,simulator_output_LLAMA3-ARXIV_bwplacement_bs4_staticreq_statictask,SCRUBBED_TIME+LLAMA3-ARXIV_BMPD640_12_4_8,False
2,5,0,0,3,16,640,80.56,69.80050989473685,bw,static,static,results,Results,Results_LLAMA31,LLAMA3-ARXIV-Results,simulator_output_LLAMA3-ARXIV_bwplacement_bs2_staticreq_statictask,SCRUBBED_TIME+LLAMA3-ARXIV_BMPD640_5_3_16,False
8,14,0,0,9,1,512,89.04,69.814112,bw,static,static,results,Results,Results_LLAMA31,LLAMA3-ARXIV-Results,simulator_output_LLAMA3-ARXIV_bwplacement_bs8_staticreq_statictask,SCRUBBED_TIME+LLAMA3-ARXIV_BMPD512_14_9_1,False
8,6,0,0,12,6,512,144.48,69.89838844444445,bw,static,static,results,Results,Results_LLAMA31,LLAMA3-ARXIV-Results,simulator_output_LLAMA3-ARXIV_bwplacement_bs8_staticreq_statictask,SCRUBBED_TIME+LLAMA3-ARXIV_BMPD512_6_12_6,False
8,15,0,0,6,3,384,130.18,69.902476,bw,static,static,results,Results,Results_LLAMA31,LLAMA3-ARXIV-Results,simulator_output_LLAMA3-ARXIV_bwplacement_bs8_staticreq_statictask,SCRUBBED_TIME+LLAMA3-ARXIV_BMPD384_15_6_3,False
2,12,0,0,2,10,640,44.29,69.957363,bw,static,static,results,Results,Results_LLAMA31,LLAMA3-ARXIV-Results,simulator_output_LLAMA3-ARXIV_bwplacement_bs2_staticreq_statictask,SCRUBBED_TIME+LLAMA3-ARXIV_BMPD640_12_2_10,False
8,15,0,0,6,3,512,135.3,69.99868844444445,bw,static,static,results,Results,Results_LLAMA31,LLAMA3-ARXIV-Results,simulator_output_LLAMA3-ARXIV_bwplacement_bs8_staticreq_statictask,SCRUBBED_TIME+LLAMA3-ARXIV_BMPD512_15_6_3,False
8,2,0,0,12,10,640,44.29,70.04307466666667,bw,static,static,results,Results,Results_LLAMA31,LLAMA3-ARXIV-Results,simulator_output_LLAMA3-ARXIV_bwplacement_bs8_staticreq_statictask,SCRUBBED_TIME+LLAMA3-ARXIV_BMPD640_2_12_10,False
8,2,0,0,8,14,640,44.29,70.04307466666667,bw,static,static,results,Results,Results_LLAMA31,LLAMA3-ARXIV-Results,simulator_output_LLAMA3-ARXIV_bwplacement_bs8_staticreq_statictask,SCRUBBED_TIME+LLAMA3-ARXIV_BMPD640_2_8_14,False
8,2,0,0,9,13,640,44.29,70.04307466666667,bw,static,static,results,Results,Results_LLAMA31,LLAMA3-ARXIV-Results,simulator_output_LLAMA3-ARXIV_bwplacement_bs8_staticreq_statictask,SCRUBBED_TIME+LLAMA3-ARXIV_BMPD640_2_9_13,False
8,2,0,0,13,9,640,44.29,70.04307466666667,bw,static,static,results,Results,Results_LLAMA31,LLAMA3-ARXIV-Results,simulator_output_LLAMA3-ARXIV_bwplacement_bs8_staticreq_statictask,SCRUBBED_TIME+LLAMA3-ARXIV_BMPD640_2_13_9,False
8,2,0,0,16,6,640,44.29,70.04307466666667,bw,static,static,results,Results,Results_LLAMA31,LLAMA3-ARXIV-Results,simulator_output_LLAMA3-ARXIV_bwplacement_bs8_staticreq_statictask,SCRUBBED_TIME+LLAMA3-ARXIV_BMPD640_2_16_6,False
8,2,0,0,21,1,640,40.61,70.04307466666667,bw,static,static,results,Results,Results_LLAMA31,LLAMA3-ARXIV-Results,simulator_output_LLAMA3-ARXIV_bwplacement_bs8_staticreq_statictask,SCRUBBED_TIME+LLAMA3-ARXIV_BMPD640_2_21_1,False
8,4,0,0,10,10,640,123.21,70.0437025,bw,static,static,results,Results,Results_LLAMA31,LLAMA3-ARXIV-Results,simulator_output_LLAMA3-ARXIV_bwplacement_bs8_staticreq_statictask,SCRUBBED_TIME+LLAMA3-ARXIV_BMPD640_4_10_10,False
8,6,0,0,6,12,384,144.13,70.10892044444445,bw,static,static,results,Results,Results_LLAMA31,LLAMA3-ARXIV-Results,simulator_output_LLAMA3-ARXIV_bwplacement_bs8_staticreq_statictask,SCRUBBED_TIME+LLAMA3-ARXIV_BMPD384_6_6_12,False
8,10,0,0,9,5,512,221.31,70.14169493333334,bw,static,static,results,Results,Results_LLAMA31,LLAMA3-ARXIV-Results,simulator_output_LLAMA3-ARXIV_bwplacement_bs8_staticreq_statictask,SCRUBBED_TIME+LLAMA3-ARXIV_BMPD512_10_9_5,False
8,7,0,0,16,1,640,81.34,70.14768733333332,bw,static,static,results,Results,Results_LLAMA31,LLAMA3-ARXIV-Results,simulator_output_LLAMA3-ARXIV_bwplacement_bs8_staticreq_statictask,SCRUBBED_TIME+LLAMA3-ARXIV_BMPD640_7_16_1,False
8,10,0,0,12,2,512,144.9,70.20983493333334,bw,static,static,results,Results,Results_LLAMA31,LLAMA3-ARXIV-Results,simulator_output_LLAMA3-ARXIV_bwplacement_bs8_staticreq_statictask,SCRUBBED_TIME+LLAMA3-ARXIV_BMPD512_10_12_2,False
8,10,0,0,7,7,384,230.95,70.26994773333334,bw,static,static,results,Results,Results_LLAMA31,LLAMA3-ARXIV-Results,simulator_output_LLAMA3-ARXIV_bwplacement_bs8_staticreq_statictask,SCRUBBED_TIME+LLAMA3-ARXIV_BMPD384_10_7_7,False
8,7,0,0,9,8,512,185.83,70.4811269090909,bw,static,static,results,Results,Results_LLAMA31,LLAMA3-ARXIV-Results,simulator_output_LLAMA3-ARXIV_bwplacement_bs8_staticreq_statictask,SCRUBBED_TIME+LLAMA3-ARXIV_BMPD512_7_9_8,False
8,13,0,0,9,2,512,139.4,70.4811269090909,bw,static,static,results,Results,Results_LLAMA31,LLAMA3-ARXIV-Results,simulator_output_LLAMA3-ARXIV_bwplacement_bs8_staticreq_statictask,SCRUBBED_TIME+LLAMA3-ARXIV_BMPD512_13_9_2,False
8,3,0,0,18,3,640,60.74,70.484309,bw,static,static,results,Results,Results_LLAMA31,LLAMA3-ARXIV-Results,simulator_output_LLAMA3-ARXIV_bwplacement_bs8_staticreq_statictask,SCRUBBED_TIME+LLAMA3-ARXIV_BMPD640_3_18_3,False
8,3,0,0,14,7,640,60.74,70.484309,bw,static,static,results,Results,Results_LLAMA31,LLAMA3-ARXIV-Results,simulator_output_LLAMA3-ARXIV_bwplacement_bs8_staticreq_statictask,SCRUBBED_TIME+LLAMA3-ARXIV_BMPD640_3_14_7,False
8,3,0,0,13,8,640,60.74,70.484309,bw,static,static,results,Results,Results_LLAMA31,LLAMA3-ARXIV-Results,simulator_output_LLAMA3-ARXIV_bwplacement_bs8_staticreq_statictask,SCRUBBED_TIME+LLAMA3-ARXIV_BMPD640_3_13_8,False
8,3,0,0,12,9,640,60.74,70.484309,bw,static,static,results,Results,Results_LLAMA31,LLAMA3-ARXIV-Results,simulator_output_LLAMA3-ARXIV_bwplacement_bs8_staticreq_statictask,SCRUBBED_TIME+LLAMA3-ARXIV_BMPD640_3_12_9,False
8,3,0,0,8,13,640,60.74,70.484309,bw,static,static,results,Results,Results_LLAMA31,LLAMA3-ARXIV-Results,simulator_output_LLAMA3-ARXIV_bwplacement_bs8_staticreq_statictask,SCRUBBED_TIME+LLAMA3-ARXIV_BMPD640_3_8_13,False
8,3,0,0,16,5,640,60.74,70.484309,bw,static,static,results,Results,Results_LLAMA31,LLAMA3-ARXIV-Results,simulator_output_LLAMA3-ARXIV_bwplacement_bs8_staticreq_statictask,SCRUBBED_TIME+LLAMA3-ARXIV_BMPD640_3_16_5,False
8,3,0,0,9,12,640,60.74,70.484309,bw,static,static,results,Results,Results_LLAMA31,LLAMA3-ARXIV-Results,simulator_output_LLAMA3-ARXIV_bwplacement_bs8_staticreq_statictask,SCRUBBED_TIME+LLAMA3-ARXIV_BMPD640_3_9_12,False
8,3,0,0,15,6,640,60.74,70.484309,bw,static,static,results,Results,Results_LLAMA31,LLAMA3-ARXIV-Results,simulator_output_LLAMA3-ARXIV_bwplacement_bs8_staticreq_statictask,SCRUBBED_TIME+LLAMA3-ARXIV_BMPD640_3_15_6,False
8,3,0,0,17,4,640,60.74,70.484309,bw,static,static,results,Results,Results_LLAMA31,LLAMA3-ARXIV-Results,simulator_output_LLAMA3-ARXIV_bwplacement_bs8_staticreq_statictask,SCRUBBED_TIME+LLAMA3-ARXIV_BMPD640_3_17_4,False
8,3,0,0,20,1,640,52.12,70.484309,bw,static,static,results,Results,Results_LLAMA31,LLAMA3-ARXIV-Results,simulator_output_LLAMA3-ARXIV_bwplacement_bs8_staticreq_statictask,SCRUBBED_TIME+LLAMA3-ARXIV_BMPD640_3_20_1,False
4,6,0,0,4,14,384,142.51,70.57678155555556,bw,static,static,results,Results,Results_LLAMA31,LLAMA3-ARXIV-Results,simulator_output_LLAMA3-ARXIV_bwplacement_bs4_staticreq_statictask,SCRUBBED_TIME+LLAMA3-ARXIV_BMPD384_6_4_14,False
8,10,0,0,10,4,512,207.67,70.5936416,bw,static,static,results,Results,Results_LLAMA31,LLAMA3-ARXIV-Results,simulator_output_LLAMA3-ARXIV_bwplacement_bs8_staticreq_statictask,SCRUBBED_TIME+LLAMA3-ARXIV_BMPD512_10_10_4,False
8,2,0,0,3,19,640,44.29,70.78627466666667,bw,static,static,results,Results,Results_LLAMA31,LLAMA3-ARXIV-Results,simulator_output_LLAMA3-ARXIV_bwplacement_bs8_staticreq_statictask,SCRUBBED_TIME+LLAMA3-ARXIV_BMPD640_2_3_19,False
8,6,0,0,6,12,512,147.65,70.841944,bw,static,static,results,Results,Results_LLAMA31,LLAMA3-ARXIV-Results,simulator_output_LLAMA3-ARXIV_bwplacement_bs8_staticreq_statictask,SCRUBBED_TIME+LLAMA3-ARXIV_BMPD512_6_6_12,False
8,2,0,0,7,15,640,44.29,71.03807466666667,bw,static,static,results,Results,Results_LLAMA31,LLAMA3-ARXIV-Results,simulator_output_LLAMA3-ARXIV_bwplacement_bs8_staticreq_statictask,SCRUBBED_TIME+LLAMA3-ARXIV_BMPD640_2_7_15,False
8,2,0,0,11,11,640,44.29,71.03807466666667,bw,static,static,results,Results,Results_LLAMA31,LLAMA3-ARXIV-Results,simulator_output_LLAMA3-ARXIV_bwplacement_bs8_staticreq_statictask,SCRUBBED_TIME+LLAMA3-ARXIV_BMPD640_2_11_11,False
8,2,0,0,5,17,640,44.29,71.16187466666668,bw,static,static,results,Results,Results_LLAMA31,LLAMA3-ARXIV-Results,simulator_output_LLAMA3-ARXIV_bwplacement_bs8_staticreq_statictask,SCRUBBED_TIME+LLAMA3-ARXIV_BMPD640_2_5_17,False
8,2,0,0,10,12,640,44.29,71.21757466666668,bw,static,static,results,Results,Results_LLAMA31,LLAMA3-ARXIV-Results,simulator_output_LLAMA3-ARXIV_bwplacement_bs8_staticreq_statictask,SCRUBBED_TIME+LLAMA3-ARXIV_BMPD640_2_10_12,False
8,2,0,0,6,16,640,44.29,71.34137466666667,bw,static,static,results,Results,Results_LLAMA31,LLAMA3-ARXIV-Results,simulator_output_LLAMA3-ARXIV_bwplacement_bs8_staticreq_statictask,SCRUBBED_TIME+LLAMA3-ARXIV_BMPD640_2_6_16,False
2,10,0,0,2,12,512,52.84,71.36275771428572,bw,static,static,results,Results,Results_LLAMA31,LLAMA3-ARXIV-Results,simulator_output_LLAMA3-ARXIV_bwplacement_bs2_staticreq_statictask,SCRUBBED_TIME+LLAMA3-ARXIV_BMPD512_10_2_12,False
4,6,0,0,6,12,640,144.09,71.38429733333332,bw,static,static,results,Results,Results_LLAMA31,LLAMA3-ARXIV-Results,simulator_output_LLAMA3-ARXIV_bwplacement_bs4_staticreq_statictask,SCRUBBED_TIME+LLAMA3-ARXIV_BMPD640_6_6_12,False
4,2,0,0,2,20,640,44.29,71.39194533333333,bw,static,static,results,Results,Results_LLAMA31,LLAMA3-ARXIV-Results,simulator_output_LLAMA3-ARXIV_bwplacement_bs4_staticreq_statictask,SCRUBBED_TIME+LLAMA3-ARXIV_BMPD640_2_2_20,False
2,7,0,0,2,15,384,65.5,71.47487764705883,bw,static,static,results,Results,Results_LLAMA31,LLAMA3-ARXIV-Results,simulator_output_LLAMA3-ARXIV_bwplacement_bs2_staticreq_statictask,SCRUBBED_TIME+LLAMA3-ARXIV_BMPD384_7_2_15,False
8,3,0,0,11,10,640,60.74,71.479309,bw,static,static,results,Results,Results_LLAMA31,LLAMA3-ARXIV-Results,simulator_output_LLAMA3-ARXIV_bwplacement_bs8_staticreq_statictask,SCRUBBED_TIME+LLAMA3-ARXIV_BMPD640_3_11_10,False
8,3,0,0,7,14,640,60.74,71.479309,bw,static,static,results,Results,Results_LLAMA31,LLAMA3-ARXIV-Results,simulator_output_LLAMA3-ARXIV_bwplacement_bs8_staticreq_statictask,SCRUBBED_TIME+LLAMA3-ARXIV_BMPD640_3_7_14,False
8,3,0,0,19,2,640,60.13,71.479309,bw,static,static,results,Results,Results_LLAMA31,LLAMA3-ARXIV-Results,simulator_output_LLAMA3-ARXIV_bwplacement_bs8_staticreq_statictask,SCRUBBED_TIME+LLAMA3-ARXIV_BMPD640_3_19_2,False
4,10,0,0,4,10,512,118.23,71.50548479999999,bw,static,static,results,Results,Results_LLAMA31,LLAMA3-ARXIV-Results,simulator_output_LLAMA3-ARXIV_bwplacement_bs4_staticreq_statictask,SCRUBBED_TIME+LLAMA3-ARXIV_BMPD512_10_4_10,False
8,12,0,0,5,7,384,193.86,71.51888966666667,bw,static,static,results,Results,Results_LLAMA31,LLAMA3-ARXIV-Results,simulator_output_LLAMA3-ARXIV_bwplacement_bs8_staticreq_statictask,SCRUBBED_TIME+LLAMA3-ARXIV_BMPD384_12_5_7,False
8,6,0,0,10,8,512,146.14,71.58808844444445,bw,static,static,results,Results,Results_LLAMA31,LLAMA3-ARXIV-Results,simulator_output_LLAMA3-ARXIV_bwplacement_bs8_staticreq_statictask,SCRUBBED_TIME+LLAMA3-ARXIV_BMPD512_6_10_8,False
8,11,0,0,8,5,640,202.74,71.63714571428572,bw,static,static,results,Results,Results_LLAMA31,LLAMA3-ARXIV-Results,simulator_output_LLAMA3-ARXIV_bwplacement_bs8_staticreq_statictask,SCRUBBED_TIME+LLAMA3-ARXIV_BMPD640_11_8_5,False
8,12,0,0,9,3,512,168.66,71.723218,bw,static,static,results,Results,Results_LLAMA31,LLAMA3-ARXIV-Results,simulator_output_LLAMA3-ARXIV_bwplacement_bs8_staticreq_statictask,SCRUBBED_TIME+LLAMA3-ARXIV_BMPD512_12_9_3,False
8,12,0,0,11,1,512,89.41,71.821968,bw,static,static,results,Results,Results_LLAMA31,LLAMA3-ARXIV-Results,simulator_output_LLAMA3-ARXIV_bwplacement_bs8_staticreq_statictask,SCRUBBED_TIME+LLAMA3-ARXIV_BMPD512_12_11_1,False
4,11,0,0,3,10,256,95.72,71.82762646153846,bw,static,static,results,Results,Results_LLAMA31,LLAMA3-ARXIV-Results,simulator_output_LLAMA3-ARXIV_bwplacement_bs4_staticreq_statictask,SCRUBBED_TIME+LLAMA3-ARXIV_BMPD256_11_3_10,False
8,15,0,0,4,5,384,139.81,71.887176,bw,static,static,results,Results,Results_LLAMA31,LLAMA3-ARXIV-Results,simulator_output_LLAMA3-ARXIV_bwplacement_bs8_staticreq_statictask,SCRUBBED_TIME+LLAMA3-ARXIV_BMPD384_15_4_5,False
8,2,0,0,2,20,640,44.29,71.90097466666667,bw,static,static,results,Results,Results_LLAMA31,LLAMA3-ARXIV-Results,simulator_output_LLAMA3-ARXIV_bwplacement_bs8_staticreq_statictask,SCRUBBED_TIME+LLAMA3-ARXIV_BMPD640_2_2_20,False
2,4,0,0,3,17,640,82.37,71.9181358,bw,static,static,results,Results,Results_LLAMA31,LLAMA3-ARXIV-Results,simulator_output_LLAMA3-ARXIV_bwplacement_bs2_staticreq_statictask,SCRUBBED_TIME+LLAMA3-ARXIV_BMPD640_4_3_17,False
8,10,0,0,12,2,640,138.71,72.0141488,bw,static,static,results,Results,Results_LLAMA31,LLAMA3-ARXIV-Results,simulator_output_LLAMA3-ARXIV_bwplacement_bs8_staticreq_statictask,SCRUBBED_TIME+LLAMA3-ARXIV_BMPD640_10_12_2,False
8,13,0,0,10,1,512,86.97,72.047236,bw,static,static,results,Results,Results_LLAMA31,LLAMA3-ARXIV-Results,simulator_output_LLAMA3-ARXIV_bwplacement_bs8_staticreq_statictask,SCRUBBED_TIME+LLAMA3-ARXIV_BMPD512_13_10_1,False
8,10,0,0,8,6,640,223.38,72.11015546666667,bw,static,static,results,Results,Results_LLAMA31,LLAMA3-ARXIV-Results,simulator_output_LLAMA3-ARXIV_bwplacement_bs8_staticreq_statictask,SCRUBBED_TIME+LLAMA3-ARXIV_BMPD640_10_8_6,False
8,2,0,0,4,18,640,44.29,72.28087466666668,bw,static,static,results,Results,Results_LLAMA31,LLAMA3-ARXIV-Results,simulator_output_LLAMA3-ARXIV_bwplacement_bs8_staticreq_statictask,SCRUBBED_TIME+LLAMA3-ARXIV_BMPD640_2_4_18,False
8,3,0,0,5,16,640,60.74,72.339109,bw,static,static,results,Results,Results_LLAMA31,LLAMA3-ARXIV-Results,simulator_output_LLAMA3-ARXIV_bwplacement_bs8_staticreq_statictask,SCRUBBED_TIME+LLAMA3-ARXIV_BMPD640_3_5_16,False
4,8,0,0,5,11,640,131.78,72.37986705882352,bw,static,static,results,Results,Results_LLAMA31,LLAMA3-ARXIV-Results,simulator_output_LLAMA3-ARXIV_bwplacement_bs4_staticreq_statictask,SCRUBBED_TIME+LLAMA3-ARXIV_BMPD640_8_5_11,False
8,13,0,0,6,5,384,171.85,72.52458363636364,bw,static,static,results,Results,Results_LLAMA31,LLAMA3-ARXIV-Results,simulator_output_LLAMA3-ARXIV_bwplacement_bs8_staticreq_statictask,SCRUBBED_TIME+LLAMA3-ARXIV_BMPD384_13_6_5,False
8,16,0,0,5,3,512,117.06,72.61579955555555,bw,static,static,results,Results,Results_LLAMA31,LLAMA3-ARXIV-Results,simulator_output_LLAMA3-ARXIV_bwplacement_bs8_staticreq_statictask,SCRUBBED_TIME+LLAMA3-ARXIV_BMPD512_16_5_3,False
8,6,0,0,13,5,512,141.88,72.66936622222222,bw,static,static,results,Results,Results_LLAMA31,LLAMA3-ARXIV-Results,simulator_output_LLAMA3-ARXIV_bwplacement_bs8_staticreq_statictask,SCRUBBED_TIME+LLAMA3-ARXIV_BMPD512_6_13_5,False
8,7,0,0,6,11,384,178.66,72.67104727272726,bw,static,static,results,Results,Results_LLAMA31,LLAMA3-ARXIV-Results,simulator_output_LLAMA3-ARXIV_bwplacement_bs8_staticreq_statictask,SCRUBBED_TIME+LLAMA3-ARXIV_BMPD384_7_6_11,False
4,12,0,0,3,9,384,95.95,72.67238233333333,bw,static,static,results,Results,Results_LLAMA31,LLAMA3-ARXIV-Results,simulator_output_LLAMA3-ARXIV_bwplacement_bs4_staticreq_statictask,SCRUBBED_TIME+LLAMA3-ARXIV_BMPD384_12_3_9,False
8,8,0,0,15,1,512,95.52,72.73085493333333,bw,static,static,results,Results,Results_LLAMA31,LLAMA3-ARXIV-Results,simulator_output_LLAMA3-ARXIV_bwplacement_bs8_staticreq_statictask,SCRUBBED_TIME+LLAMA3-ARXIV_BMPD512_8_15_1,False
8,5,0,0,8,11,640,134.05,72.781315,bw,static,static,results,Results,Results_LLAMA31,LLAMA3-ARXIV-Results,simulator_output_LLAMA3-ARXIV_bwplacement_bs8_staticreq_statictask,SCRUBBED_TIME+LLAMA3-ARXIV_BMPD640_5_8_11,False
8,7,0,0,7,10,512,183.45,72.84837236363636,bw,static,static,results,Results,Results_LLAMA31,LLAMA3-ARXIV-Results,simulator_output_LLAMA3-ARXIV_bwplacement_bs8_staticreq_statictask,SCRUBBED_TIME+LLAMA3-ARXIV_BMPD512_7_7_10,False
2,11,0,0,2,11,640,49.42,72.8560283076923,bw,static,static,results,Results,Results_LLAMA31,LLAMA3-ARXIV-Results,simulator_output_LLAMA3-ARXIV_bwplacement_bs2_staticreq_statictask,SCRUBBED_TIME+LLAMA3-ARXIV_BMPD640_11_2_11,False
8,4,0,0,4,16,384,109.26,72.86841828571428,bw,static,static,results,Results,Results_LLAMA31,LLAMA3-ARXIV-Results,simulator_output_LLAMA3-ARXIV_bwplacement_bs8_staticreq_statictask,SCRUBBED_TIME+LLAMA3-ARXIV_BMPD384_4_4_16,False
8,3,0,0,10,11,640,60.74,72.886459,bw,static,static,results,Results,Results_LLAMA31,LLAMA3-ARXIV-Results,simulator_output_LLAMA3-ARXIV_bwplacement_bs8_staticreq_statictask,SCRUBBED_TIME+LLAMA3-ARXIV_BMPD640_3_10_11,False
8,12,0,0,10,2,512,140.19,72.960968,bw,static,static,results,Results,Results_LLAMA31,LLAMA3-ARXIV-Results,simulator_output_LLAMA3-ARXIV_bwplacement_bs8_staticreq_statictask,SCRUBBED_TIME+LLAMA3-ARXIV_BMPD512_12_10_2,False
4,10,0,0,3,11,256,102.03,72.9877152,bw,static,static,results,Results,Results_LLAMA31,LLAMA3-ARXIV-Results,simulator_output_LLAMA3-ARXIV_bwplacement_bs4_staticreq_statictask,SCRUBBED_TIME+LLAMA3-ARXIV_BMPD256_10_3_11,False
2,5,0,0,2,17,256,70.09,73.01261810526316,bw,static,static,results,Results,Results_LLAMA31,LLAMA3-ARXIV-Results,simulator_output_LLAMA3-ARXIV_bwplacement_bs2_staticreq_statictask,SCRUBBED_TIME+LLAMA3-ARXIV_BMPD256_5_2_17,False
8,10,0,0,5,9,384,230.74,73.12010773333333,bw,static,static,results,Results,Results_LLAMA31,LLAMA3-ARXIV-Results,simulator_output_LLAMA3-ARXIV_bwplacement_bs8_staticreq_statictask,SCRUBBED_TIME+LLAMA3-ARXIV_BMPD384_10_5_9,False
8,6,0,0,8,10,640,144.71,73.1713,bw,static,static,results,Results,Results_LLAMA31,LLAMA3-ARXIV-Results,simulator_output_LLAMA3-ARXIV_bwplacement_bs8_staticreq_statictask,SCRUBBED_TIME+LLAMA3-ARXIV_BMPD640_6_8_10,False
8,6,0,0,12,6,640,142.33,73.1713,bw,static,static,results,Results,Results_LLAMA31,LLAMA3-ARXIV-Results,simulator_output_LLAMA3-ARXIV_bwplacement_bs8_staticreq_statictask,SCRUBBED_TIME+LLAMA3-ARXIV_BMPD640_6_12_6,False
8,6,0,0,13,5,640,140.69,73.1713,bw,static,static,results,Results,Results_LLAMA31,LLAMA3-ARXIV-Results,simulator_output_LLAMA3-ARXIV_bwplacement_bs8_staticreq_statictask,SCRUBBED_TIME+LLAMA3-ARXIV_BMPD640_6_13_5,False
8,6,0,0,16,2,640,116.42,73.1713,bw,static,static,results,Results,Results_LLAMA31,LLAMA3-ARXIV-Results,simulator_output_LLAMA3-ARXIV_bwplacement_bs8_staticreq_statictask,SCRUBBED_TIME+LLAMA3-ARXIV_BMPD640_6_16_2,False
8,6,0,0,17,1,640,78.63,73.1713,bw,static,static,results,Results,Results_LLAMA31,LLAMA3-ARXIV-Results,simulator_output_LLAMA3-ARXIV_bwplacement_bs8_staticreq_statictask,SCRUBBED_TIME+LLAMA3-ARXIV_BMPD640_6_17_1,False
8,15,0,0,8,1,640,78.63,73.1713,bw,static,static,results,Results,Results_LLAMA31,LLAMA3-ARXIV-Results,simulator_output_LLAMA3-ARXIV_bwplacement_bs8_staticreq_statictask,SCRUBBED_TIME+LLAMA3-ARXIV_BMPD640_15_8_1,False
8,5,0,0,4,15,384,130.27,73.3297715,bw,static,static,results,Results,Results_LLAMA31,LLAMA3-ARXIV-Results,simulator_output_LLAMA3-ARXIV_bwplacement_bs8_staticreq_statictask,SCRUBBED_TIME+LLAMA3-ARXIV_BMPD384_5_4_15,False
8,3,0,0,4,17,640,60.74,73.469309,bw,static,static,results,Results,Results_LLAMA31,LLAMA3-ARXIV-Results,simulator_output_LLAMA3-ARXIV_bwplacement_bs8_staticreq_statictask,SCRUBBED_TIME+LLAMA3-ARXIV_BMPD640_3_4_17,False
8,8,0,0,11,5,512,224.69,73.54115493333333,bw,static,static,results,Results,Results_LLAMA31,LLAMA3-ARXIV-Results,simulator_output_LLAMA3-ARXIV_bwplacement_bs8_staticreq_statictask,SCRUBBED_TIME+LLAMA3-ARXIV_BMPD512_8_11_5,False
8,9,0,0,11,4,512,215.02,73.54115493333333,bw,static,static,results,Results,Results_LLAMA31,LLAMA3-ARXIV-Results,simulator_output_LLAMA3-ARXIV_bwplacement_bs8_staticreq_statictask,SCRUBBED_TIME+LLAMA3-ARXIV_BMPD512_9_11_4,False
8,3,0,0,6,15,640,60.74,73.746259,bw,static,static,results,Results,Results_LLAMA31,LLAMA3-ARXIV-Results,simulator_output_LLAMA3-ARXIV_bwplacement_bs8_staticreq_statictask,SCRUBBED_TIME+LLAMA3-ARXIV_BMPD640_3_6_15,False
8,5,0,0,9,10,640,132.08,73.896815,bw,static,static,results,Results,Results_LLAMA31,LLAMA3-ARXIV-Results,simulator_output_LLAMA3-ARXIV_bwplacement_bs8_staticreq_statictask,SCRUBBED_TIME+LLAMA3-ARXIV_BMPD640_5_9_10,False
8,8,0,0,6,10,256,206.87,74.03242106666666,bw,static,static,results,Results,Results_LLAMA31,LLAMA3-ARXIV-Results,simulator_output_LLAMA3-ARXIV_bwplacement_bs8_staticreq_statictask,SCRUBBED_TIME+LLAMA3-ARXIV_BMPD256_8_6_10,False
4,9,0,0,3,12,256,107.54,74.05759325,bw,static,static,results,Results,Results_LLAMA31,LLAMA3-ARXIV-Results,simulator_output_LLAMA3-ARXIV_bwplacement_bs4_staticreq_statictask,SCRUBBED_TIME+LLAMA3-ARXIV_BMPD256_9_3_12,False
8,6,0,0,15,3,640,130.89,74.09316666666668,bw,static,static,results,Results,Results_LLAMA31,LLAMA3-ARXIV-Results,simulator_output_LLAMA3-ARXIV_bwplacement_bs8_staticreq_statictask,SCRUBBED_TIME+LLAMA3-ARXIV_BMPD640_6_15_3,False
8,9,0,0,6,9,256,206.53,74.1048344,bw,static,static,results,Results,Results_LLAMA31,LLAMA3-ARXIV-Results,simulator_output_LLAMA3-ARXIV_bwplacement_bs8_staticreq_statictask,SCRUBBED_TIME+LLAMA3-ARXIV_BMPD256_9_6_9,False
8,7,0,0,8,9,640,182.29,74.11876872727274,bw,static,static,results,Results,Results_LLAMA31,LLAMA3-ARXIV-Results,simulator_output_LLAMA3-ARXIV_bwplacement_bs8_staticreq_statictask,SCRUBBED_TIME+LLAMA3-ARXIV_BMPD640_7_8_9,False
8,7,0,0,13,4,640,168.4,74.11876872727274,bw,static,static,results,Results,Results_LLAMA31,LLAMA3-ARXIV-Results,simulator_output_LLAMA3-ARXIV_bwplacement_bs8_staticreq_statictask,SCRUBBED_TIME+LLAMA3-ARXIV_BMPD640_7_13_4,False
8,13,0,0,8,3,640,151.68,74.11876872727274,bw,static,static,results,Results,Results_LLAMA31,LLAMA3-ARXIV-Results,simulator_output_LLAMA3-ARXIV_bwplacement_bs8_staticreq_statictask,SCRUBBED_TIME+LLAMA3-ARXIV_BMPD640_13_8_3,False
2,9,0,0,2,13,512,58.12,74.12853013333334,bw,static,static,results,Results,Results_LLAMA31,LLAMA3-ARXIV-Results,simulator_output_LLAMA3-ARXIV_bwplacement_bs2_staticreq_statictask,SCRUBBED_TIME+LLAMA3-ARXIV_BMPD512_9_2_13,False
8,12,0,0,7,5,512,186.86,74.134693,bw,static,static,results,Results,Results_LLAMA31,LLAMA3-ARXIV-Results,simulator_output_LLAMA3-ARXIV_bwplacement_bs8_staticreq_statictask,SCRUBBED_TIME+LLAMA3-ARXIV_BMPD512_12_7_5,False
8,10,0,0,7,7,512,221.62,74.26982826666666,bw,static,static,results,Results,Results_LLAMA31,LLAMA3-ARXIV-Results,simulator_output_LLAMA3-ARXIV_bwplacement_bs8_staticreq_statictask,SCRUBBED_TIME+LLAMA3-ARXIV_BMPD512_10_7_7,False
8,11,0,0,12,1,512,84.75,74.27418615384616,bw,static,static,results,Results,Results_LLAMA31,LLAMA3-ARXIV-Results,simulator_output_LLAMA3-ARXIV_bwplacement_bs8_staticreq_statictask,SCRUBBED_TIME+LLAMA3-ARXIV_BMPD512_11_12_1,False
8,7,0,0,15,2,640,129.36,74.56991418181819,bw,static,static,results,Results,Results_LLAMA31,LLAMA3-ARXIV-Results,simulator_output_LLAMA3-ARXIV_bwplacement_bs8_staticreq_statictask,SCRUBBED_TIME+LLAMA3-ARXIV_BMPD640_7_15_2,False
8,8,0,0,5,11,256,215.84,74.59126773333334,bw,static,static,results,Results,Results_LLAMA31,LLAMA3-ARXIV-Results,simulator_output_LLAMA3-ARXIV_bwplacement_bs8_staticreq_statictask,SCRUBBED_TIME+LLAMA3-ARXIV_BMPD256_8_5_11,False
8,9,0,0,5,10,256,205.85,74.59126773333334,bw,static,static,results,Results,Results_LLAMA31,LLAMA3-ARXIV-Results,simulator_output_LLAMA3-ARXIV_bwplacement_bs8_staticreq_statictask,SCRUBBED_TIME+LLAMA3-ARXIV_BMPD256_9_5_10,False
8,11,0,0,9,4,640,180.35,74.59586,bw,static,static,results,Results,Results_LLAMA31,LLAMA3-ARXIV-Results,simulator_output_LLAMA3-ARXIV_bwplacement_bs8_staticreq_statictask,SCRUBBED_TIME+LLAMA3-ARXIV_BMPD640_11_9_4,False
8,6,0,0,9,9,640,144.32,74.5997,bw,static,static,results,Results,Results_LLAMA31,LLAMA3-ARXIV-Results,simulator_output_LLAMA3-ARXIV_bwplacement_bs8_staticreq_statictask,SCRUBBED_TIME+LLAMA3-ARXIV_BMPD640_6_9_9,False
8,6,0,0,14,4,640,138.32,74.5997,bw,static,static,results,Results,Results_LLAMA31,LLAMA3-ARXIV-Results,simulator_output_LLAMA3-ARXIV_bwplacement_bs8_staticreq_statictask,SCRUBBED_TIME+LLAMA3-ARXIV_BMPD640_6_14_4,False
4,11,0,0,4,9,640,104.82,74.78552615384616,bw,static,static,results,Results,Results_LLAMA31,LLAMA3-ARXIV-Results,simulator_output_LLAMA3-ARXIV_bwplacement_bs4_staticreq_statictask,SCRUBBED_TIME+LLAMA3-ARXIV_BMPD640_11_4_9,False
8,12,0,0,8,4,640,179.67,74.83361233333333,bw,static,static,results,Results,Results_LLAMA31,LLAMA3-ARXIV-Results,simulator_output_LLAMA3-ARXIV_bwplacement_bs8_staticreq_statictask,SCRUBBED_TIME+LLAMA3-ARXIV_BMPD640_12_8_4,False
8,5,0,0,11,8,640,132.8,74.88889,bw,static,static,results,Results,Results_LLAMA31,LLAMA3-ARXIV-Results,simulator_output_LLAMA3-ARXIV_bwplacement_bs8_staticreq_statictask,SCRUBBED_TIME+LLAMA3-ARXIV_BMPD640_5_11_8,False
8,9,0,0,9,6,512,232.33,74.91469493333334,bw,static,static,results,Results,Results_LLAMA31,LLAMA3-ARXIV-Results,simulator_output_LLAMA3-ARXIV_bwplacement_bs8_staticreq_statictask,SCRUBBED_TIME+LLAMA3-ARXIV_BMPD512_9_9_6,False
8,6,0,0,4,14,384,141.05,74.95763155555555,bw,static,static,results,Results,Results_LLAMA31,LLAMA3-ARXIV-Results,simulator_output_LLAMA3-ARXIV_bwplacement_bs8_staticreq_statictask,SCRUBBED_TIME+LLAMA3-ARXIV_BMPD384_6_4_14,False
8,12,0,0,6,6,384,185.88,74.98800633333333,bw,static,static,results,Results,Results_LLAMA31,LLAMA3-ARXIV-Results,simulator_output_LLAMA3-ARXIV_bwplacement_bs8_staticreq_statictask,SCRUBBED_TIME+LLAMA3-ARXIV_BMPD384_12_6_6,False
4,14,0,0,3,7,640,80.97,75.1684824,bw,static,static,results,Results,Results_LLAMA31,LLAMA3-ARXIV-Results,simulator_output_LLAMA3-ARXIV_bwplacement_bs4_staticreq_statictask,SCRUBBED_TIME+LLAMA3-ARXIV_BMPD640_14_3_7,False
8,8,0,0,9,7,512,240.74,75.19963493333334,bw,static,static,results,Results,Results_LLAMA31,LLAMA3-ARXIV-Results,simulator_output_LLAMA3-ARXIV_bwplacement_bs8_staticreq_statictask,SCRUBBED_TIME+LLAMA3-ARXIV_BMPD512_8_9_7,False
2,6,0,0,2,16,384,67.93,75.2076208888889,bw,static,static,results,Results,Results_LLAMA31,LLAMA3-ARXIV-Results,simulator_output_LLAMA3-ARXIV_bwplacement_bs2_staticreq_statictask,SCRUBBED_TIME+LLAMA3-ARXIV_BMPD384_6_2_16,False
8,14,0,0,9,1,640,76.5,75.2104828,bw,static,static,results,Results,Results_LLAMA31,LLAMA3-ARXIV-Results,simulator_output_LLAMA3-ARXIV_bwplacement_bs8_staticreq_statictask,SCRUBBED_TIME+LLAMA3-ARXIV_BMPD640_14_9_1,False
4,5,0,0,5,14,640,128.73,75.278676,bw,static,static,results,Results,Results_LLAMA31,LLAMA3-ARXIV-Results,simulator_output_LLAMA3-ARXIV_bwplacement_bs4_staticreq_statictask,SCRUBBED_TIME+LLAMA3-ARXIV_BMPD640_5_5_14,False
8,16,0,0,6,2,640,94.13,75.2791,bw,static,static,results,Results,Results_LLAMA31,LLAMA3-ARXIV-Results,simulator_output_LLAMA3-ARXIV_bwplacement_bs8_staticreq_statictask,SCRUBBED_TIME+LLAMA3-ARXIV_BMPD640_16_6_2,False
8,8,0,0,7,9,384,240.35,75.27966773333334,bw,static,static,results,Results,Results_LLAMA31,LLAMA3-ARXIV-Results,simulator_output_LLAMA3-ARXIV_bwplacement_bs8_staticreq_statictask,SCRUBBED_TIME+LLAMA3-ARXIV_BMPD384_8_7_9,False
8,9,0,0,7,8,384,241.34,75.30906773333334,bw,static,static,results,Results,Results_LLAMA31,LLAMA3-ARXIV-Results,simulator_output_LLAMA3-ARXIV_bwplacement_bs8_staticreq_statictask,SCRUBBED_TIME+LLAMA3-ARXIV_BMPD384_9_7_8,False
8,10,0,0,13,1,640,83.8,75.35138142857143,bw,static,static,results,Results,Results_LLAMA31,LLAMA3-ARXIV-Results,simulator_output_LLAMA3-ARXIV_bwplacement_bs8_staticreq_statictask,SCRUBBED_TIME+LLAMA3-ARXIV_BMPD640_10_13_1,False
8,13,0,0,6,5,512,171.04,75.35956327272727,bw,static,static,results,Results,Results_LLAMA31,LLAMA3-ARXIV-Results,simulator_output_LLAMA3-ARXIV_bwplacement_bs8_staticreq_statictask,SCRUBBED_TIME+LLAMA3-ARXIV_BMPD512_13_6_5,False
8,7,0,0,6,11,512,181.09,75.39450872727274,bw,static,static,results,Results,Results_LLAMA31,LLAMA3-ARXIV-Results,simulator_output_LLAMA3-ARXIV_bwplacement_bs8_staticreq_statictask,SCRUBBED_TIME+LLAMA3-ARXIV_BMPD512_7_6_11,False
8,9,0,0,12,3,512,180.65,75.51899493333333,bw,static,static,results,Results,Results_LLAMA31,LLAMA3-ARXIV-Results,simulator_output_LLAMA3-ARXIV_bwplacement_bs8_staticreq_statictask,SCRUBBED_TIME+LLAMA3-ARXIV_BMPD512_9_12_3,False
8,9,0,0,10,5,512,218.83,75.6055816,bw,static,static,results,Results,Results_LLAMA31,LLAMA3-ARXIV-Results,simulator_output_LLAMA3-ARXIV_bwplacement_bs8_staticreq_statictask,SCRUBBED_TIME+LLAMA3-ARXIV_BMPD512_9_10_5,False
8,6,0,0,11,7,640,141.68,75.62538888888889,bw,static,static,results,Results,Results_LLAMA31,LLAMA3-ARXIV-Results,simulator_output_LLAMA3-ARXIV_bwplacement_bs8_staticreq_statictask,SCRUBBED_TIME+LLAMA3-ARXIV_BMPD640_6_11_7,False
4,9,0,0,4,11,512,124.0,75.62915146666667,bw,static,static,results,Results,Results_LLAMA31,LLAMA3-ARXIV-Results,simulator_output_LLAMA3-ARXIV_bwplacement_bs4_staticreq_statictask,SCRUBBED_TIME+LLAMA3-ARXIV_BMPD512_9_4_11,False
2,16,0,0,1,7,256,24.84,75.630599,bw,static,static,results,Results,Results_LLAMA31,LLAMA3-ARXIV-Results,simulator_output_LLAMA3-ARXIV_bwplacement_bs2_staticreq_statictask,SCRUBBED_TIME+LLAMA3-ARXIV_BMPD256_16_1_7,False
8,3,0,0,3,18,640,60.74,75.642909,bw,static,static,results,Results,Results_LLAMA31,LLAMA3-ARXIV-Results,simulator_output_LLAMA3-ARXIV_bwplacement_bs8_staticreq_statictask,SCRUBBED_TIME+LLAMA3-ARXIV_BMPD640_3_3_18,False
8,8,0,0,13,3,640,179.8,75.67722213333334,bw,static,static,results,Results,Results_LLAMA31,LLAMA3-ARXIV-Results,simulator_output_LLAMA3-ARXIV_bwplacement_bs8_staticreq_statictask,SCRUBBED_TIME+LLAMA3-ARXIV_BMPD640_8_13_3,False
8,9,0,0,13,2,640,146.11,75.67722213333334,bw,static,static,results,Results,Results_LLAMA31,LLAMA3-ARXIV-Results,simulator_output_LLAMA3-ARXIV_bwplacement_bs8_staticreq_statictask,SCRUBBED_TIME+LLAMA3-ARXIV_BMPD640_9_13_2,False
8,8,0,0,15,1,640,84.87,75.67722213333334,bw,static,static,results,Results,Results_LLAMA31,LLAMA3-ARXIV-Results,simulator_output_LLAMA3-ARXIV_bwplacement_bs8_staticreq_statictask,SCRUBBED_TIME+LLAMA3-ARXIV_BMPD640_8_15_1,False
4,7,0,0,5,12,640,135.21,75.7067611764706,bw,static,static,results,Results,Results_LLAMA31,LLAMA3-ARXIV-Results,simulator_output_LLAMA3-ARXIV_bwplacement_bs4_staticreq_statictask,SCRUBBED_TIME+LLAMA3-ARXIV_BMPD640_7_5_12,False
8,7,0,0,12,5,640,168.83,75.73826872727274,bw,static,static,results,Results,Results_LLAMA31,LLAMA3-ARXIV-Results,simulator_output_LLAMA3-ARXIV_bwplacement_bs8_staticreq_statictask,SCRUBBED_TIME+LLAMA3-ARXIV_BMPD640_7_12_5,False
8,11,0,0,10,3,640,134.52,75.76664213333333,bw,static,static,results,Results,Results_LLAMA31,LLAMA3-ARXIV-Results,simulator_output_LLAMA3-ARXIV_bwplacement_bs8_staticreq_statictask,SCRUBBED_TIME+LLAMA3-ARXIV_BMPD640_11_10_3,False
8,7,0,0,9,8,640,182.36,75.777696,bw,static,static,results,Results,Results_LLAMA31,LLAMA3-ARXIV-Results,simulator_output_LLAMA3-ARXIV_bwplacement_bs8_staticreq_statictask,SCRUBBED_TIME+LLAMA3-ARXIV_BMPD640_7_9_8,False
8,13,0,0,9,2,640,126.04,75.777696,bw,static,static,results,Results,Results_LLAMA31,LLAMA3-ARXIV-Results,simulator_output_LLAMA3-ARXIV_bwplacement_bs8_staticreq_statictask,SCRUBBED_TIME+LLAMA3-ARXIV_BMPD640_13_9_2,False
8,7,0,0,14,3,640,148.08,75.79246872727273,bw,static,static,results,Results,Results_LLAMA31,LLAMA3-ARXIV-Results,simulator_output_LLAMA3-ARXIV_bwplacement_bs8_staticreq_statictask,SCRUBBED_TIME+LLAMA3-ARXIV_BMPD640_7_14_3,False
8,8,0,0,12,4,512,204.91,75.80393493333334,bw,static,static,results,Results,Results_LLAMA31,LLAMA3-ARXIV-Results,simulator_output_LLAMA3-ARXIV_bwplacement_bs8_staticreq_statictask,SCRUBBED_TIME+LLAMA3-ARXIV_BMPD512_8_12_4,False
8,10,0,0,9,5,640,193.61,75.8616488,bw,static,static,results,Results,Results_LLAMA31,LLAMA3-ARXIV-Results,simulator_output_LLAMA3-ARXIV_bwplacement_bs8_staticreq_statictask,SCRUBBED_TIME+LLAMA3-ARXIV_BMPD640_10_9_5,False
8,8,0,0,10,6,512,229.09,75.8911816,bw,static,static,results,Results,Results_LLAMA31,LLAMA3-ARXIV-Results,simulator_output_LLAMA3-ARXIV_bwplacement_bs8_staticreq_statictask,SCRUBBED_TIME+LLAMA3-ARXIV_BMPD512_8_10_6,False
8,16,0,0,3,5,384,110.71,76.01962044444444,bw,static,static,results,Results,Results_LLAMA31,LLAMA3-ARXIV-Results,simulator_output_LLAMA3-ARXIV_bwplacement_bs8_staticreq_statictask,SCRUBBED_TIME+LLAMA3-ARXIV_BMPD384_16_3_5,False
4,3,0,0,2,19,384,67.39,76.04277333333333,bw,static,static,results,Results,Results_LLAMA31,LLAMA3-ARXIV-Results,simulator_output_LLAMA3-ARXIV_bwplacement_bs4_staticreq_statictask,SCRUBBED_TIME+LLAMA3-ARXIV_BMPD384_3_2_19,False
4,15,0,0,2,7,384,67.35,76.04277333333333,bw,static,static,results,Results,Results_LLAMA31,LLAMA3-ARXIV-Results,simulator_output_LLAMA3-ARXIV_bwplacement_bs4_staticreq_statictask,SCRUBBED_TIME+LLAMA3-ARXIV_BMPD384_15_2_7,False
4,16,0,0,2,6,512,60.07,76.133865,bw,static,static,results,Results,Results_LLAMA31,LLAMA3-ARXIV-Results,simulator_output_LLAMA3-ARXIV_bwplacement_bs4_staticreq_statictask,SCRUBBED_TIME+LLAMA3-ARXIV_BMPD512_16_2_6,False
8,5,0,0,7,12,640,130.95,76.258015,bw,static,static,results,Results,Results_LLAMA31,LLAMA3-ARXIV-Results,simulator_output_LLAMA3-ARXIV_bwplacement_bs8_staticreq_statictask,SCRUBBED_TIME+LLAMA3-ARXIV_BMPD640_5_7_12,False
8,16,0,0,7,1,640,69.11,76.258015,bw,static,static,results,Results,Results_LLAMA31,LLAMA3-ARXIV-Results,simulator_output_LLAMA3-ARXIV_bwplacement_bs8_staticreq_statictask,SCRUBBED_TIME+LLAMA3-ARXIV_BMPD640_16_7_1,False
8,3,0,0,2,19,512,60.74,76.262885,bw,static,static,results,Results,Results_LLAMA31,LLAMA3-ARXIV-Results,simulator_output_LLAMA3-ARXIV_bwplacement_bs8_staticreq_statictask,SCRUBBED_TIME+LLAMA3-ARXIV_BMPD512_3_2_19,False
2,8,0,0,2,14,512,60.39,76.263793,bw,static,static,results,Results,Results_LLAMA31,LLAMA3-ARXIV-Results,simulator_output_LLAMA3-ARXIV_bwplacement_bs2_staticreq_statictask,SCRUBBED_TIME+LLAMA3-ARXIV_BMPD512_8_2_14,False
4,4,0,0,4,16,512,107.9,76.30050571428572,bw,static,static,results,Results,Results_LLAMA31,LLAMA3-ARXIV-Results,simulator_output_LLAMA3-ARXIV_bwplacement_bs4_staticreq_statictask,SCRUBBED_TIME+LLAMA3-ARXIV_BMPD512_4_4_16,False
4,8,0,0,3,13,256,104.17,76.42833035294117,bw,static,static,results,Results,Results_LLAMA31,LLAMA3-ARXIV-Results,simulator_output_LLAMA3-ARXIV_bwplacement_bs4_staticreq_statictask,SCRUBBED_TIME+LLAMA3-ARXIV_BMPD256_8_3_13,False
4,5,0,0,3,16,256,111.86,76.44913035294117,bw,static,static,results,Results,Results_LLAMA31,LLAMA3-ARXIV-Results,simulator_output_LLAMA3-ARXIV_bwplacement_bs4_staticreq_statictask,SCRUBBED_TIME+LLAMA3-ARXIV_BMPD256_5_3_16,False
4,8,0,0,4,12,512,129.7,76.46964775,bw,static,static,results,Results,Results_LLAMA31,LLAMA3-ARXIV-Results,simulator_output_LLAMA3-ARXIV_bwplacement_bs4_staticreq_statictask,SCRUBBED_TIME+LLAMA3-ARXIV_BMPD512_8_4_12,False
8,11,0,0,11,2,640,122.07,76.54991,bw,static,static,results,Results,Results_LLAMA31,LLAMA3-ARXIV-Results,simulator_output_LLAMA3-ARXIV_bwplacement_bs8_staticreq_statictask,SCRUBBED_TIME+LLAMA3-ARXIV_BMPD640_11_11_2,False
8,14,0,0,7,3,640,121.25,76.58404145454546,bw,static,static,results,Results,Results_LLAMA31,LLAMA3-ARXIV-Results,simulator_output_LLAMA3-ARXIV_bwplacement_bs8_staticreq_statictask,SCRUBBED_TIME+LLAMA3-ARXIV_BMPD640_14_7_3,False
8,11,0,0,12,1,640,79.14,76.64241753846153,bw,static,static,results,Results,Results_LLAMA31,LLAMA3-ARXIV-Results,simulator_output_LLAMA3-ARXIV_bwplacement_bs8_staticreq_statictask,SCRUBBED_TIME+LLAMA3-ARXIV_BMPD640_11_12_1,False
8,12,0,0,9,3,640,154.7,76.78596233333333,bw,static,static,results,Results,Results_LLAMA31,LLAMA3-ARXIV-Results,simulator_output_LLAMA3-ARXIV_bwplacement_bs8_staticreq_statictask,SCRUBBED_TIME+LLAMA3-ARXIV_BMPD640_12_9_3,False
2,4,0,0,2,18,256,68.98,76.810975,bw,static,static,results,Results,Results_LLAMA31,LLAMA3-ARXIV-Results,simulator_output_LLAMA3-ARXIV_bwplacement_bs2_staticreq_statictask,SCRUBBED_TIME+LLAMA3-ARXIV_BMPD256_4_2_18,False
8,16,0,0,3,5,256,106.56,76.8301,bw,static,static,results,Results,Results_LLAMA31,LLAMA3-ARXIV-Results,simulator_output_LLAMA3-ARXIV_bwplacement_bs8_staticreq_statictask,SCRUBBED_TIME+LLAMA3-ARXIV_BMPD256_16_3_5,False
8,10,0,0,13,1,512,87.09,76.95534428571429,bw,static,static,results,Results,Results_LLAMA31,LLAMA3-ARXIV-Results,simulator_output_LLAMA3-ARXIV_bwplacement_bs8_staticreq_statictask,SCRUBBED_TIME+LLAMA3-ARXIV_BMPD512_10_13_1,False
4,13,0,0,3,8,512,90.83,77.0142410909091,bw,static,static,results,Results,Results_LLAMA31,LLAMA3-ARXIV-Results,simulator_output_LLAMA3-ARXIV_bwplacement_bs4_staticreq_statictask,SCRUBBED_TIME+LLAMA3-ARXIV_BMPD512_13_3_8,False
8,6,0,0,7,11,640,142.48,77.1869,bw,static,static,results,Results,Results_LLAMA31,LLAMA3-ARXIV-Results,simulator_output_LLAMA3-ARXIV_bwplacement_bs8_staticreq_statictask,SCRUBBED_TIME+LLAMA3-ARXIV_BMPD640_6_7_11,False
8,15,0,0,7,2,640,109.37,77.1869,bw,static,static,results,Results,Results_LLAMA31,LLAMA3-ARXIV-Results,simulator_output_LLAMA3-ARXIV_bwplacement_bs8_staticreq_statictask,SCRUBBED_TIME+LLAMA3-ARXIV_BMPD640_15_7_2,False
8,8,0,0,8,8,640,249.46,77.21892213333334,bw,static,static,results,Results,Results_LLAMA31,LLAMA3-ARXIV-Results,simulator_output_LLAMA3-ARXIV_bwplacement_bs8_staticreq_statictask,SCRUBBED_TIME+LLAMA3-ARXIV_BMPD640_8_8_8,False
8,9,0,0,8,7,640,233.92,77.21892213333334,bw,static,static,results,Results,Results_LLAMA31,LLAMA3-ARXIV-Results,simulator_output_LLAMA3-ARXIV_bwplacement_bs8_staticreq_statictask,SCRUBBED_TIME+LLAMA3-ARXIV_BMPD640_9_8_7,False
4,5,0,0,4,15,512,128.33,77.4710665,bw,static,static,results,Results,Results_LLAMA31,LLAMA3-ARXIV-Results,simulator_output_LLAMA3-ARXIV_bwplacement_bs4_staticreq_statictask,SCRUBBED_TIME+LLAMA3-ARXIV_BMPD512_5_4_15,False
8,8,0,0,12,4,640,199.29,77.49692213333334,bw,static,static,results,Results,Results_LLAMA31,LLAMA3-ARXIV-Results,simulator_output_LLAMA3-ARXIV_bwplacement_bs8_staticreq_statictask,SCRUBBED_TIME+LLAMA3-ARXIV_BMPD640_8_12_4,False
8,9,0,0,12,3,640,173.72,77.49692213333334,bw,static,static,results,Results,Results_LLAMA31,LLAMA3-ARXIV-Results,simulator_output_LLAMA3-ARXIV_bwplacement_bs8_staticreq_statictask,SCRUBBED_TIME+LLAMA3-ARXIV_BMPD640_9_12_3,False
8,10,0,0,11,3,640,152.17,77.61714213333335,bw,static,static,results,Results,Results_LLAMA31,LLAMA3-ARXIV-Results,simulator_output_LLAMA3-ARXIV_bwplacement_bs8_staticreq_statictask,SCRUBBED_TIME+LLAMA3-ARXIV_BMPD640_10_11_3,False
4,6,0,0,5,13,640,140.01,77.86434177777778,bw,static,static,results,Results,Results_LLAMA31,LLAMA3-ARXIV-Results,simulator_output_LLAMA3-ARXIV_bwplacement_bs4_staticreq_statictask,SCRUBBED_TIME+LLAMA3-ARXIV_BMPD640_6_5_13,False
4,7,0,0,4,13,512,134.42,77.90086941176472,bw,static,static,results,Results,Results_LLAMA31,LLAMA3-ARXIV-Results,simulator_output_LLAMA3-ARXIV_bwplacement_bs4_staticreq_statictask,SCRUBBED_TIME+LLAMA3-ARXIV_BMPD512_7_4_13,False
8,8,0,0,13,3,512,176.21,77.9414616,bw,static,static,results,Results,Results_LLAMA31,LLAMA3-ARXIV-Results,simulator_output_LLAMA3-ARXIV_bwplacement_bs8_staticreq_statictask,SCRUBBED_TIME+LLAMA3-ARXIV_BMPD512_8_13_3,False
4,7,0,0,3,14,256,107.94,77.98593977777777,bw,static,static,results,Results,Results_LLAMA31,LLAMA3-ARXIV-Results,simulator_output_LLAMA3-ARXIV_bwplacement_bs4_staticreq_statictask,SCRUBBED_TIME+LLAMA3-ARXIV_BMPD256_7_3_14,False
2,10,0,0,2,12,640,51.99,78.01008685714285,bw,static,static,results,Results,Results_LLAMA31,LLAMA3-ARXIV-Results,simulator_output_LLAMA3-ARXIV_bwplacement_bs2_staticreq_statictask,SCRUBBED_TIME+LLAMA3-ARXIV_BMPD640_10_2_12,False
8,4,0,0,5,15,512,108.11,78.10334971428571,bw,static,static,results,Results,Results_LLAMA31,LLAMA3-ARXIV-Results,simulator_output_LLAMA3-ARXIV_bwplacement_bs8_staticreq_statictask,SCRUBBED_TIME+LLAMA3-ARXIV_BMPD512_4_5_15,False
4,11,0,0,3,10,384,99.93,78.11606307692307,bw,static,static,results,Results,Results_LLAMA31,LLAMA3-ARXIV-Results,simulator_output_LLAMA3-ARXIV_bwplacement_bs4_staticreq_statictask,SCRUBBED_TIME+LLAMA3-ARXIV_BMPD384_11_3_10,False
8,12,0,0,6,6,512,184.2,78.247068,bw,static,static,results,Results,Results_LLAMA31,LLAMA3-ARXIV-Results,simulator_output_LLAMA3-ARXIV_bwplacement_bs8_staticreq_statictask,SCRUBBED_TIME+LLAMA3-ARXIV_BMPD512_12_6_6,False
8,9,0,0,14,1,640,80.21,78.31170213333334,bw,static,static,results,Results,Results_LLAMA31,LLAMA3-ARXIV-Results,simulator_output_LLAMA3-ARXIV_bwplacement_bs8_staticreq_statictask,SCRUBBED_TIME+LLAMA3-ARXIV_BMPD640_9_14_1,False
8,5,0,0,10,9,640,128.01,78.36514,bw,static,static,results,Results,Results_LLAMA31,LLAMA3-ARXIV-Results,simulator_output_LLAMA3-ARXIV_bwplacement_bs8_staticreq_statictask,SCRUBBED_TIME+LLAMA3-ARXIV_BMPD640_5_10_9,False
4,14,0,0,2,8,256,71.63,78.3691484,bw,static,static,results,Results,Results_LLAMA31,LLAMA3-ARXIV-Results,simulator_output_LLAMA3-ARXIV_bwplacement_bs4_staticreq_statictask,SCRUBBED_TIME+LLAMA3-ARXIV_BMPD256_14_2_8,False
8,5,0,0,3,16,256,117.48,78.4013,bw,static,static,results,Results,Results_LLAMA31,LLAMA3-ARXIV-Results,simulator_output_LLAMA3-ARXIV_bwplacement_bs8_staticreq_statictask,SCRUBBED_TIME+LLAMA3-ARXIV_BMPD256_5_3_16,False
8,9,0,0,13,2,512,141.42,78.4090616,bw,static,static,results,Results,Results_LLAMA31,LLAMA3-ARXIV-Results,simulator_output_LLAMA3-ARXIV_bwplacement_bs8_staticreq_statictask,SCRUBBED_TIME+LLAMA3-ARXIV_BMPD512_9_13_2,False
8,8,0,0,14,2,640,137.83,78.41412213333334,bw,static,static,results,Results,Results_LLAMA31,LLAMA3-ARXIV-Results,simulator_output_LLAMA3-ARXIV_bwplacement_bs8_staticreq_statictask,SCRUBBED_TIME+LLAMA3-ARXIV_BMPD640_8_14_2,False
8,8,0,0,5,11,384,237.28,78.49384106666666,bw,static,static,results,Results,Results_LLAMA31,LLAMA3-ARXIV-Results,simulator_output_LLAMA3-ARXIV_bwplacement_bs8_staticreq_statictask,SCRUBBED_TIME+LLAMA3-ARXIV_BMPD384_8_5_11,False
8,9,0,0,5,10,384,232.33,78.49384106666666,bw,static,static,results,Results,Results_LLAMA31,LLAMA3-ARXIV-Results,simulator_output_LLAMA3-ARXIV_bwplacement_bs8_staticreq_statictask,SCRUBBED_TIME+LLAMA3-ARXIV_BMPD384_9_5_10,False
8,7,0,0,4,13,256,151.74,78.64204836363636,bw,static,static,results,Results,Results_LLAMA31,LLAMA3-ARXIV-Results,simulator_output_LLAMA3-ARXIV_bwplacement_bs8_staticreq_statictask,SCRUBBED_TIME+LLAMA3-ARXIV_BMPD256_7_4_13,False
8,7,0,0,11,6,640,168.65,78.70805963636364,bw,static,static,results,Results,Results_LLAMA31,LLAMA3-ARXIV-Results,simulator_output_LLAMA3-ARXIV_bwplacement_bs8_staticreq_statictask,SCRUBBED_TIME+LLAMA3-ARXIV_BMPD640_7_11_6,False
8,9,0,0,7,8,512,240.74,78.75345493333333,bw,static,static,results,Results,Results_LLAMA31,LLAMA3-ARXIV-Results,simulator_output_LLAMA3-ARXIV_bwplacement_bs8_staticreq_statictask,SCRUBBED_TIME+LLAMA3-ARXIV_BMPD512_9_7_8,False
8,5,0,0,5,14,512,127.3,79.1662205,bw,static,static,results,Results,Results_LLAMA31,LLAMA3-ARXIV-Results,simulator_output_LLAMA3-ARXIV_bwplacement_bs8_staticreq_statictask,SCRUBBED_TIME+LLAMA3-ARXIV_BMPD512_5_5_14,False
8,6,0,0,10,8,640,140.99,79.20287777777777,bw,static,static,results,Results,Results_LLAMA31,LLAMA3-ARXIV-Results,simulator_output_LLAMA3-ARXIV_bwplacement_bs8_staticreq_statictask,SCRUBBED_TIME+LLAMA3-ARXIV_BMPD640_6_10_8,False
8,8,0,0,7,9,512,241.87,79.30281493333334,bw,static,static,results,Results,Results_LLAMA31,LLAMA3-ARXIV-Results,simulator_output_LLAMA3-ARXIV_bwplacement_bs8_staticreq_statictask,SCRUBBED_TIME+LLAMA3-ARXIV_BMPD512_8_7_9,False
4,10,0,0,3,11,384,106.78,79.55264426666666,bw,static,static,results,Results,Results_LLAMA31,LLAMA3-ARXIV-Results,simulator_output_LLAMA3-ARXIV_bwplacement_bs4_staticreq_statictask,SCRUBBED_TIME+LLAMA3-ARXIV_BMPD384_10_3_11,False
4,6,0,0,4,14,512,138.04,79.56102777777778,bw,static,static,results,Results,Results_LLAMA31,LLAMA3-ARXIV-Results,simulator_output_LLAMA3-ARXIV_bwplacement_bs4_staticreq_statictask,SCRUBBED_TIME+LLAMA3-ARXIV_BMPD512_6_4_14,False
8,13,0,0,4,7,256,137.32,79.63112109090909,bw,static,static,results,Results,Results_LLAMA31,LLAMA3-ARXIV-Results,simulator_output_LLAMA3-ARXIV_bwplacement_bs8_staticreq_statictask,SCRUBBED_TIME+LLAMA3-ARXIV_BMPD256_13_4_7,False
8,12,0,0,11,1,640,75.35,80.025329,bw,static,static,results,Results,Results_LLAMA31,LLAMA3-ARXIV-Results,simulator_output_LLAMA3-ARXIV_bwplacement_bs8_staticreq_statictask,SCRUBBED_TIME+LLAMA3-ARXIV_BMPD640_12_11_1,False
2,5,0,0,2,17,384,72.38,80.25876568421053,bw,static,static,results,Results,Results_LLAMA31,LLAMA3-ARXIV-Results,simulator_output_LLAMA3-ARXIV_bwplacement_bs2_staticreq_statictask,SCRUBBED_TIME+LLAMA3-ARXIV_BMPD384_5_2_17,False
2,3,0,0,2,19,384,64.96,80.26102884210528,bw,static,static,results,Results,Results_LLAMA31,LLAMA3-ARXIV-Results,simulator_output_LLAMA3-ARXIV_bwplacement_bs2_staticreq_statictask,SCRUBBED_TIME+LLAMA3-ARXIV_BMPD384_3_2_19,False
8,10,0,0,6,8,384,210.49,80.42413542857143,bw,static,static,results,Results,Results_LLAMA31,LLAMA3-ARXIV-Results,simulator_output_LLAMA3-ARXIV_bwplacement_bs8_staticreq_statictask,SCRUBBED_TIME+LLAMA3-ARXIV_BMPD384_10_6_8,False
8,15,0,0,5,4,512,131.28,80.43562177777778,bw,static,static,results,Results,Results_LLAMA31,LLAMA3-ARXIV-Results,simulator_output_LLAMA3-ARXIV_bwplacement_bs8_staticreq_statictask,SCRUBBED_TIME+LLAMA3-ARXIV_BMPD512_15_5_4,False
4,10,0,0,4,10,640,104.94,80.85301628571429,bw,static,static,results,Results,Results_LLAMA31,LLAMA3-ARXIV-Results,simulator_output_LLAMA3-ARXIV_bwplacement_bs4_staticreq_statictask,SCRUBBED_TIME+LLAMA3-ARXIV_BMPD640_10_4_10,False
2,9,0,0,2,13,640,56.24,81.03376133333333,bw,static,static,results,Results,Results_LLAMA31,LLAMA3-ARXIV-Results,simulator_output_LLAMA3-ARXIV_bwplacement_bs2_staticreq_statictask,SCRUBBED_TIME+LLAMA3-ARXIV_BMPD640_9_2_13,False
8,6,0,0,3,15,256,124.6,81.09958666666667,bw,static,static,results,Results,Results_LLAMA31,LLAMA3-ARXIV-Results,simulator_output_LLAMA3-ARXIV_bwplacement_bs8_staticreq_statictask,SCRUBBED_TIME+LLAMA3-ARXIV_BMPD256_6_3_15,False
8,15,0,0,3,6,256,110.57,81.09958666666667,bw,static,static,results,Results,Results_LLAMA31,LLAMA3-ARXIV-Results,simulator_output_LLAMA3-ARXIV_bwplacement_bs8_staticreq_statictask,SCRUBBED_TIME+LLAMA3-ARXIV_BMPD256_15_3_6,False
8,11,0,0,6,7,512,197.0,81.16871692307693,bw,static,static,results,Results,Results_LLAMA31,LLAMA3-ARXIV-Results,simulator_output_LLAMA3-ARXIV_bwplacement_bs8_staticreq_statictask,SCRUBBED_TIME+LLAMA3-ARXIV_BMPD512_11_6_7,False
8,9,0,0,9,6,640,206.87,81.23108213333335,bw,static,static,results,Results,Results_LLAMA31,LLAMA3-ARXIV-Results,simulator_output_LLAMA3-ARXIV_bwplacement_bs8_staticreq_statictask,SCRUBBED_TIME+LLAMA3-ARXIV_BMPD640_9_9_6,False
8,8,0,0,9,7,640,218.15,81.31280213333334,bw,static,static,results,Results,Results_LLAMA31,LLAMA3-ARXIV-Results,simulator_output_LLAMA3-ARXIV_bwplacement_bs8_staticreq_statictask,SCRUBBED_TIME+LLAMA3-ARXIV_BMPD640_8_9_7,False
4,9,0,0,4,11,640,118.02,81.43495306666667,bw,static,static,results,Results,Results_LLAMA31,LLAMA3-ARXIV-Results,simulator_output_LLAMA3-ARXIV_bwplacement_bs4_staticreq_statictask,SCRUBBED_TIME+LLAMA3-ARXIV_BMPD640_9_4_11,False
8,13,0,0,10,1,640,71.06,81.52447781818181,bw,static,static,results,Results,Results_LLAMA31,LLAMA3-ARXIV-Results,simulator_output_LLAMA3-ARXIV_bwplacement_bs8_staticreq_statictask,SCRUBBED_TIME+LLAMA3-ARXIV_BMPD640_13_10_1,False
8,9,0,0,6,9,384,217.24,81.57570773333333,bw,static,static,results,Results,Results_LLAMA31,LLAMA3-ARXIV-Results,simulator_output_LLAMA3-ARXIV_bwplacement_bs8_staticreq_statictask,SCRUBBED_TIME+LLAMA3-ARXIV_BMPD384_9_6_9,False
2,7,0,0,2,15,512,63.65,81.6147491764706,bw,static,static,results,Results,Results_LLAMA31,LLAMA3-ARXIV-Results,simulator_output_LLAMA3-ARXIV_bwplacement_bs2_staticreq_statictask,SCRUBBED_TIME+LLAMA3-ARXIV_BMPD512_7_2_15,False
8,4,0,0,4,16,512,106.34,81.64592114285715,bw,static,static,results,Results,Results_LLAMA31,LLAMA3-ARXIV-Results,simulator_output_LLAMA3-ARXIV_bwplacement_bs8_staticreq_statictask,SCRUBBED_TIME+LLAMA3-ARXIV_BMPD512_4_4_16,False
8,10,0,0,10,4,640,153.09,81.90931546666667,bw,static,static,results,Results,Results_LLAMA31,LLAMA3-ARXIV-Results,simulator_output_LLAMA3-ARXIV_bwplacement_bs8_staticreq_statictask,SCRUBBED_TIME+LLAMA3-ARXIV_BMPD640_10_10_4,False
8,7,0,0,10,7,640,159.53,82.05565054545454,bw,static,static,results,Results,Results_LLAMA31,LLAMA3-ARXIV-Results,simulator_output_LLAMA3-ARXIV_bwplacement_bs8_staticreq_statictask,SCRUBBED_TIME+LLAMA3-ARXIV_BMPD640_7_10_7,False
8,8,0,0,6,10,384,215.78,82.11020773333334,bw,static,static,results,Results,Results_LLAMA31,LLAMA3-ARXIV-Results,simulator_output_LLAMA3-ARXIV_bwplacement_bs8_staticreq_statictask,SCRUBBED_TIME+LLAMA3-ARXIV_BMPD384_8_6_10,False
8,4,0,0,6,14,640,104.63,82.26239771428571,bw,static,static,results,Results,Results_LLAMA31,LLAMA3-ARXIV-Results,simulator_output_LLAMA3-ARXIV_bwplacement_bs8_staticreq_statictask,SCRUBBED_TIME+LLAMA3-ARXIV_BMPD640_4_6_14,False
8,6,0,0,5,13,512,133.27,82.362244,bw,static,static,results,Results,Results_LLAMA31,LLAMA3-ARXIV-Results,simulator_output_LLAMA3-ARXIV_bwplacement_bs8_staticreq_statictask,SCRUBBED_TIME+LLAMA3-ARXIV_BMPD512_6_5_13,False
8,9,0,0,11,4,640,184.19,82.62839546666667,bw,static,static,results,Results,Results_LLAMA31,LLAMA3-ARXIV-Results,simulator_output_LLAMA3-ARXIV_bwplacement_bs8_staticreq_statictask,SCRUBBED_TIME+LLAMA3-ARXIV_BMPD640_9_11_4,False
8,13,0,0,7,4,640,128.44,82.65174444444445,bw,static,static,results,Results,Results_LLAMA31,LLAMA3-ARXIV-Results,simulator_output_LLAMA3-ARXIV_bwplacement_bs8_staticreq_statictask,SCRUBBED_TIME+LLAMA3-ARXIV_BMPD640_13_7_4,False
8,12,0,0,10,2,640,113.93,82.869954,bw,static,static,results,Results,Results_LLAMA31,LLAMA3-ARXIV-Results,simulator_output_LLAMA3-ARXIV_bwplacement_bs8_staticreq_statictask,SCRUBBED_TIME+LLAMA3-ARXIV_BMPD640_12_10_2,False
8,7,0,0,7,10,640,134.79,82.92744444444445,bw,static,static,results,Results,Results_LLAMA31,LLAMA3-ARXIV-Results,simulator_output_LLAMA3-ARXIV_bwplacement_bs8_staticreq_statictask,SCRUBBED_TIME+LLAMA3-ARXIV_BMPD640_7_7_10,False
2,15,0,0,1,8,256,27.88,83.01390888888889,bw,static,static,results,Results,Results_LLAMA31,LLAMA3-ARXIV-Results,simulator_output_LLAMA3-ARXIV_bwplacement_bs2_staticreq_statictask,SCRUBBED_TIME+LLAMA3-ARXIV_BMPD256_15_1_8,False
8,8,0,0,11,5,640,185.61,83.03621546666668,bw,static,static,results,Results,Results_LLAMA31,LLAMA3-ARXIV-Results,simulator_output_LLAMA3-ARXIV_bwplacement_bs8_staticreq_statictask,SCRUBBED_TIME+LLAMA3-ARXIV_BMPD640_8_11_5,False
8,5,0,0,6,13,640,122.01,83.059015,bw,static,static,results,Results,Results_LLAMA31,LLAMA3-ARXIV-Results,simulator_output_LLAMA3-ARXIV_bwplacement_bs8_staticreq_statictask,SCRUBBED_TIME+LLAMA3-ARXIV_BMPD640_5_6_13,False
2,16,0,0,1,7,384,25.43,83.144095,bw,static,static,results,Results,Results_LLAMA31,LLAMA3-ARXIV-Results,simulator_output_LLAMA3-ARXIV_bwplacement_bs2_staticreq_statictask,SCRUBBED_TIME+LLAMA3-ARXIV_BMPD384_16_1_7,False
8,15,0,0,4,5,640,128.42,83.1702,bw,static,static,results,Results,Results_LLAMA31,LLAMA3-ARXIV-Results,simulator_output_LLAMA3-ARXIV_bwplacement_bs8_staticreq_statictask,SCRUBBED_TIME+LLAMA3-ARXIV_BMPD640_15_4_5,False
8,10,0,0,6,8,512,207.7,83.18230142857144,bw,static,static,results,Results,Results_LLAMA31,LLAMA3-ARXIV-Results,simulator_output_LLAMA3-ARXIV_bwplacement_bs8_staticreq_statictask,SCRUBBED_TIME+LLAMA3-ARXIV_BMPD512_10_6_8,False
4,16,0,0,2,6,640,57.3,83.2409045,bw,static,static,results,Results,Results_LLAMA31,LLAMA3-ARXIV-Results,simulator_output_LLAMA3-ARXIV_bwplacement_bs4_staticreq_statictask,SCRUBBED_TIME+LLAMA3-ARXIV_BMPD640_16_2_6,False
4,8,0,0,3,13,384,105.72,83.32262447058824,bw,static,static,results,Results,Results_LLAMA31,LLAMA3-ARXIV-Results,simulator_output_LLAMA3-ARXIV_bwplacement_bs4_staticreq_statictask,SCRUBBED_TIME+LLAMA3-ARXIV_BMPD384_8_3_13,False
2,8,0,0,2,14,640,57.88,83.3687335,bw,static,static,results,Results,Results_LLAMA31,LLAMA3-ARXIV-Results,simulator_output_LLAMA3-ARXIV_bwplacement_bs2_staticreq_statictask,SCRUBBED_TIME+LLAMA3-ARXIV_BMPD640_8_2_14,False
8,3,0,0,2,19,640,58.52,83.380909,bw,static,static,results,Results,Results_LLAMA31,LLAMA3-ARXIV-Results,simulator_output_LLAMA3-ARXIV_bwplacement_bs8_staticreq_statictask,SCRUBBED_TIME+LLAMA3-ARXIV_BMPD640_3_2_19,False
4,4,0,0,4,16,640,103.8,83.41001628571428,bw,static,static,results,Results,Results_LLAMA31,LLAMA3-ARXIV-Results,simulator_output_LLAMA3-ARXIV_bwplacement_bs4_staticreq_statictask,SCRUBBED_TIME+LLAMA3-ARXIV_BMPD640_4_4_16,False
8,9,0,0,6,9,512,223.26,83.5962016,bw,static,static,results,Results,Results_LLAMA31,LLAMA3-ARXIV-Results,simulator_output_LLAMA3-ARXIV_bwplacement_bs8_staticreq_statictask,SCRUBBED_TIME+LLAMA3-ARXIV_BMPD512_9_6_9,False
4,6,0,0,3,15,256,106.03,83.696112,bw,static,static,results,Results,Results_LLAMA31,LLAMA3-ARXIV-Results,simulator_output_LLAMA3-ARXIV_bwplacement_bs4_staticreq_statictask,SCRUBBED_TIME+LLAMA3-ARXIV_BMPD256_6_3_15,False
8,12,0,0,4,8,256,148.78,83.72104033333333,bw,static,static,results,Results,Results_LLAMA31,LLAMA3-ARXIV-Results,simulator_output_LLAMA3-ARXIV_bwplacement_bs8_staticreq_statictask,SCRUBBED_TIME+LLAMA3-ARXIV_BMPD256_12_4_8,False
8,4,0,0,3,17,384,102.82,83.85891828571428,bw,static,static,results,Results,Results_LLAMA31,LLAMA3-ARXIV-Results,simulator_output_LLAMA3-ARXIV_bwplacement_bs8_staticreq_statictask,SCRUBBED_TIME+LLAMA3-ARXIV_BMPD384_4_3_17,False
4,13,0,0,3,8,640,86.6,84.03673272727274,bw,static,static,results,Results,Results_LLAMA31,LLAMA3-ARXIV-Results,simulator_output_LLAMA3-ARXIV_bwplacement_bs4_staticreq_statictask,SCRUBBED_TIME+LLAMA3-ARXIV_BMPD640_13_3_8,False
8,8,0,0,6,10,512,217.73,84.17002826666666,bw,static,static,results,Results,Results_LLAMA31,LLAMA3-ARXIV-Results,simulator_output_LLAMA3-ARXIV_bwplacement_bs8_staticreq_statictask,SCRUBBED_TIME+LLAMA3-ARXIV_BMPD512_8_6_10,False
2,4,0,0,2,18,384,67.75,84.43599959999999,bw,static,static,results,Results,Results_LLAMA31,LLAMA3-ARXIV-Results,simulator_output_LLAMA3-ARXIV_bwplacement_bs2_staticreq_statictask,SCRUBBED_TIME+LLAMA3-ARXIV_BMPD384_4_2_18,False
8,5,0,0,3,16,384,120.4,84.477709,bw,static,static,results,Results,Results_LLAMA31,LLAMA3-ARXIV-Results,simulator_output_LLAMA3-ARXIV_bwplacement_bs8_staticreq_statictask,SCRUBBED_TIME+LLAMA3-ARXIV_BMPD384_5_3_16,False
8,15,0,0,6,3,640,111.9,84.5446,bw,static,static,results,Results,Results_LLAMA31,LLAMA3-ARXIV-Results,simulator_output_LLAMA3-ARXIV_bwplacement_bs8_staticreq_statictask,SCRUBBED_TIME+LLAMA3-ARXIV_BMPD640_15_6_3,False
4,5,0,0,4,15,640,115.55,84.57439475,bw,static,static,results,Results,Results_LLAMA31,LLAMA3-ARXIV-Results,simulator_output_LLAMA3-ARXIV_bwplacement_bs4_staticreq_statictask,SCRUBBED_TIME+LLAMA3-ARXIV_BMPD640_5_4_15,False
8,16,0,0,4,4,512,112.03,84.6037205,bw,static,static,results,Results,Results_LLAMA31,LLAMA3-ARXIV-Results,simulator_output_LLAMA3-ARXIV_bwplacement_bs8_staticreq_statictask,SCRUBBED_TIME+LLAMA3-ARXIV_BMPD512_16_4_4,False
8,6,0,0,6,12,640,131.45,84.81483333333333,bw,static,static,results,Results,Results_LLAMA31,LLAMA3-ARXIV-Results,simulator_output_LLAMA3-ARXIV_bwplacement_bs8_staticreq_statictask,SCRUBBED_TIME+LLAMA3-ARXIV_BMPD640_6_6_12,False
4,12,0,0,3,9,512,90.84,84.865413,bw,static,static,results,Results,Results_LLAMA31,LLAMA3-ARXIV-Results,simulator_output_LLAMA3-ARXIV_bwplacement_bs4_staticreq_statictask,SCRUBBED_TIME+LLAMA3-ARXIV_BMPD512_12_3_9,False
4,4,0,0,3,17,384,98.52,85.09506485714284,bw,static,static,results,Results,Results_LLAMA31,LLAMA3-ARXIV-Results,simulator_output_LLAMA3-ARXIV_bwplacement_bs4_staticreq_statictask,SCRUBBED_TIME+LLAMA3-ARXIV_BMPD384_4_3_17,False
8,10,0,0,4,10,256,107.32,85.25452773333333,bw,static,static,results,Results,Results_LLAMA31,LLAMA3-ARXIV-Results,simulator_output_LLAMA3-ARXIV_bwplacement_bs8_staticreq_statictask,SCRUBBED_TIME+LLAMA3-ARXIV_BMPD256_10_4_10,False
4,9,0,0,3,12,384,107.49,85.45180426666667,bw,static,static,results,Results,Results_LLAMA31,LLAMA3-ARXIV-Results,simulator_output_LLAMA3-ARXIV_bwplacement_bs4_staticreq_statictask,SCRUBBED_TIME+LLAMA3-ARXIV_BMPD384_9_3_12,False
8,14,0,0,5,5,512,121.81,85.70751066666668,bw,static,static,results,Results,Results_LLAMA31,LLAMA3-ARXIV-Results,simulator_output_LLAMA3-ARXIV_bwplacement_bs8_staticreq_statictask,SCRUBBED_TIME+LLAMA3-ARXIV_BMPD512_14_5_5,False
8,4,0,0,5,15,640,102.38,85.81782628571429,bw,static,static,results,Results,Results_LLAMA31,LLAMA3-ARXIV-Results,simulator_output_LLAMA3-ARXIV_bwplacement_bs8_staticreq_statictask,SCRUBBED_TIME+LLAMA3-ARXIV_BMPD640_4_5_15,False
8,15,0,0,4,5,512,121.58,85.82346622222222,bw,static,static,results,Results,Results_LLAMA31,LLAMA3-ARXIV-Results,simulator_output_LLAMA3-ARXIV_bwplacement_bs8_staticreq_statictask,SCRUBBED_TIME+LLAMA3-ARXIV_BMPD512_15_4_5,False
2,6,0,0,2,16,512,64.62,85.87776444444445,bw,static,static,results,Results,Results_LLAMA31,LLAMA3-ARXIV-Results,simulator_output_LLAMA3-ARXIV_bwplacement_bs2_staticreq_statictask,SCRUBBED_TIME+LLAMA3-ARXIV_BMPD512_6_2_16,False
2,3,0,0,2,19,512,54.66,85.87788111111111,bw,static,static,results,Results,Results_LLAMA31,LLAMA3-ARXIV-Results,simulator_output_LLAMA3-ARXIV_bwplacement_bs2_staticreq_statictask,SCRUBBED_TIME+LLAMA3-ARXIV_BMPD512_3_2_19,False
8,6,0,0,4,14,512,130.75,86.16293288888889,bw,static,static,results,Results,Results_LLAMA31,LLAMA3-ARXIV-Results,simulator_output_LLAMA3-ARXIV_bwplacement_bs8_staticreq_statictask,SCRUBBED_TIME+LLAMA3-ARXIV_BMPD512_6_4_14,False
4,14,0,0,2,8,384,71.43,86.16442359999999,bw,static,static,results,Results,Results_LLAMA31,LLAMA3-ARXIV-Results,simulator_output_LLAMA3-ARXIV_bwplacement_bs4_staticreq_statictask,SCRUBBED_TIME+LLAMA3-ARXIV_BMPD384_14_2_8,False
8,14,0,0,4,6,384,127.36,86.1693924,bw,static,static,results,Results,Results_LLAMA31,LLAMA3-ARXIV-Results,simulator_output_LLAMA3-ARXIV_bwplacement_bs8_staticreq_statictask,SCRUBBED_TIME+LLAMA3-ARXIV_BMPD384_14_4_6,False
8,11,0,0,7,6,640,122.88,86.24314444444445,bw,static,static,results,Results,Results_LLAMA31,LLAMA3-ARXIV-Results,simulator_output_LLAMA3-ARXIV_bwplacement_bs8_staticreq_statictask,SCRUBBED_TIME+LLAMA3-ARXIV_BMPD640_11_7_6,False
8,16,0,0,4,4,640,108.54,86.3268025,bw,static,static,results,Results,Results_LLAMA31,LLAMA3-ARXIV-Results,simulator_output_LLAMA3-ARXIV_bwplacement_bs8_staticreq_statictask,SCRUBBED_TIME+LLAMA3-ARXIV_BMPD640_16_4_4,False
8,9,0,0,10,5,640,163.88,86.51251546666667,bw,static,static,results,Results,Results_LLAMA31,LLAMA3-ARXIV-Results,simulator_output_LLAMA3-ARXIV_bwplacement_bs8_staticreq_statictask,SCRUBBED_TIME+LLAMA3-ARXIV_BMPD640_9_10_5,False
8,13,0,0,5,6,512,122.16,86.515744,bw,static,static,results,Results,Results_LLAMA31,LLAMA3-ARXIV-Results,simulator_output_LLAMA3-ARXIV_bwplacement_bs8_staticreq_statictask,SCRUBBED_TIME+LLAMA3-ARXIV_BMPD512_13_5_6,False
4,7,0,0,4,13,640,120.23,86.57504941176471,bw,static,static,results,Results,Results_LLAMA31,LLAMA3-ARXIV-Results,simulator_output_LLAMA3-ARXIV_bwplacement_bs4_staticreq_statictask,SCRUBBED_TIME+LLAMA3-ARXIV_BMPD640_7_4_13,False
4,8,0,0,4,12,640,112.34,86.59401975,bw,static,static,results,Results,Results_LLAMA31,LLAMA3-ARXIV-Results,simulator_output_LLAMA3-ARXIV_bwplacement_bs4_staticreq_statictask,SCRUBBED_TIME+LLAMA3-ARXIV_BMPD640_8_4_12,False
8,16,0,0,5,3,640,94.89,86.651215,bw,static,static,results,Results,Results_LLAMA31,LLAMA3-ARXIV-Results,simulator_output_LLAMA3-ARXIV_bwplacement_bs8_staticreq_statictask,SCRUBBED_TIME+LLAMA3-ARXIV_BMPD640_16_5_3,False
8,12,0,0,7,5,640,123.17,86.6802628,bw,static,static,results,Results,Results_LLAMA31,LLAMA3-ARXIV-Results,simulator_output_LLAMA3-ARXIV_bwplacement_bs8_staticreq_statictask,SCRUBBED_TIME+LLAMA3-ARXIV_BMPD640_12_7_5,False
4,15,0,0,2,7,512,62.71,86.852924,bw,static,static,results,Results,Results_LLAMA31,LLAMA3-ARXIV-Results,simulator_output_LLAMA3-ARXIV_bwplacement_bs4_staticreq_statictask,SCRUBBED_TIME+LLAMA3-ARXIV_BMPD512_15_2_7,False
4,3,0,0,2,19,512,63.74,86.8530351111111,bw,static,static,results,Results,Results_LLAMA31,LLAMA3-ARXIV-Results,simulator_output_LLAMA3-ARXIV_bwplacement_bs4_staticreq_statictask,SCRUBBED_TIME+LLAMA3-ARXIV_BMPD512_3_2_19,False
8,13,0,0,4,7,384,137.96,87.03130181818182,bw,static,static,results,Results,Results_LLAMA31,LLAMA3-ARXIV-Results,simulator_output_LLAMA3-ARXIV_bwplacement_bs8_staticreq_statictask,SCRUBBED_TIME+LLAMA3-ARXIV_BMPD384_13_4_7,False
8,7,0,0,5,12,512,128.65,87.0934328888889,bw,static,static,results,Results,Results_LLAMA31,LLAMA3-ARXIV-Results,simulator_output_LLAMA3-ARXIV_bwplacement_bs8_staticreq_statictask,SCRUBBED_TIME+LLAMA3-ARXIV_BMPD512_7_5_12,False
8,8,0,0,10,6,640,166.09,87.13907546666667,bw,static,static,results,Results,Results_LLAMA31,LLAMA3-ARXIV-Results,simulator_output_LLAMA3-ARXIV_bwplacement_bs8_staticreq_statictask,SCRUBBED_TIME+LLAMA3-ARXIV_BMPD640_8_10_6,False
8,10,0,0,7,7,640,119.25,87.32375555555555,bw,static,static,results,Results,Results_LLAMA31,LLAMA3-ARXIV-Results,simulator_output_LLAMA3-ARXIV_bwplacement_bs8_staticreq_statictask,SCRUBBED_TIME+LLAMA3-ARXIV_BMPD640_10_7_7,False
8,6,0,0,3,15,384,125.32,87.39463155555555,bw,static,static,results,Results,Results_LLAMA31,LLAMA3-ARXIV-Results,simulator_output_LLAMA3-ARXIV_bwplacement_bs8_staticreq_statictask,SCRUBBED_TIME+LLAMA3-ARXIV_BMPD384_6_3_15,False
8,15,0,0,3,6,384,115.83,87.39463155555555,bw,static,static,results,Results,Results_LLAMA31,LLAMA3-ARXIV-Results,simulator_output_LLAMA3-ARXIV_bwplacement_bs8_staticreq_statictask,SCRUBBED_TIME+LLAMA3-ARXIV_BMPD384_15_3_6,False
8,5,0,0,5,14,640,110.18,87.614965,bw,static,static,results,Results,Results_LLAMA31,LLAMA3-ARXIV-Results,simulator_output_LLAMA3-ARXIV_bwplacement_bs8_staticreq_statictask,SCRUBBED_TIME+LLAMA3-ARXIV_BMPD640_5_5_14,False
8,9,0,0,7,8,640,122.22,87.90878888888889,bw,static,static,results,Results,Results_LLAMA31,LLAMA3-ARXIV-Results,simulator_output_LLAMA3-ARXIV_bwplacement_bs8_staticreq_statictask,SCRUBBED_TIME+LLAMA3-ARXIV_BMPD640_9_7_8,False
4,13,0,0,2,9,256,57.82,88.006676,bw,static,static,results,Results,Results_LLAMA31,LLAMA3-ARXIV-Results,simulator_output_LLAMA3-ARXIV_bwplacement_bs4_staticreq_statictask,SCRUBBED_TIME+LLAMA3-ARXIV_BMPD256_13_2_9,False
8,7,0,0,4,13,384,142.03,88.04244727272727,bw,static,static,results,Results,Results_LLAMA31,LLAMA3-ARXIV-Results,simulator_output_LLAMA3-ARXIV_bwplacement_bs8_staticreq_statictask,SCRUBBED_TIME+LLAMA3-ARXIV_BMPD384_7_4_13,False
8,8,0,0,7,9,640,117.05,88.06932222222223,bw,static,static,results,Results,Results_LLAMA31,LLAMA3-ARXIV-Results,simulator_output_LLAMA3-ARXIV_bwplacement_bs8_staticreq_statictask,SCRUBBED_TIME+LLAMA3-ARXIV_BMPD640_8_7_9,False
4,5,0,0,3,16,384,104.97,88.16242975,bw,static,static,results,Results,Results_LLAMA31,LLAMA3-ARXIV-Results,simulator_output_LLAMA3-ARXIV_bwplacement_bs4_staticreq_statictask,SCRUBBED_TIME+LLAMA3-ARXIV_BMPD384_5_3_16,False
8,11,0,0,4,9,256,124.6,88.23625723076923,bw,static,static,results,Results,Results_LLAMA31,LLAMA3-ARXIV-Results,simulator_output_LLAMA3-ARXIV_bwplacement_bs8_staticreq_statictask,SCRUBBED_TIME+LLAMA3-ARXIV_BMPD256_11_4_9,False
8,15,0,0,5,4,640,107.91,88.38841111111111,bw,static,static,results,Results,Results_LLAMA31,LLAMA3-ARXIV-Results,simulator_output_LLAMA3-ARXIV_bwplacement_bs8_staticreq_statictask,SCRUBBED_TIME+LLAMA3-ARXIV_BMPD640_15_5_4,False
8,5,0,0,4,15,512,113.75,88.455083,bw,static,static,results,Results,Results_LLAMA31,LLAMA3-ARXIV-Results,simulator_output_LLAMA3-ARXIV_bwplacement_bs8_staticreq_statictask,SCRUBBED_TIME+LLAMA3-ARXIV_BMPD512_5_4_15,False
8,6,0,0,5,13,640,115.84,88.97117777777778,bw,static,static,results,Results,Results_LLAMA31,LLAMA3-ARXIV-Results,simulator_output_LLAMA3-ARXIV_bwplacement_bs8_staticreq_statictask,SCRUBBED_TIME+LLAMA3-ARXIV_BMPD640_6_5_13,False
2,7,0,0,2,15,640,55.99,89.21906,bw,static,static,results,Results,Results_LLAMA31,LLAMA3-ARXIV-Results,simulator_output_LLAMA3-ARXIV_bwplacement_bs2_staticreq_statictask,SCRUBBED_TIME+LLAMA3-ARXIV_BMPD640_7_2_15,False
2,14,0,0,1,9,256,24.17,89.409018,bw,static,static,results,Results,Results_LLAMA31,LLAMA3-ARXIV-Results,simulator_output_LLAMA3-ARXIV_bwplacement_bs2_staticreq_statictask,SCRUBBED_TIME+LLAMA3-ARXIV_BMPD256_14_1_9,False
8,8,0,0,5,11,512,77.46,89.565728,bw,static,static,results,Results,Results_LLAMA31,LLAMA3-ARXIV-Results,simulator_output_LLAMA3-ARXIV_bwplacement_bs8_staticreq_statictask,SCRUBBED_TIME+LLAMA3-ARXIV_BMPD512_8_5_11,False
8,9,0,0,5,10,512,76.75,89.565728,bw,static,static,results,Results,Results_LLAMA31,LLAMA3-ARXIV-Results,simulator_output_LLAMA3-ARXIV_bwplacement_bs8_staticreq_statictask,SCRUBBED_TIME+LLAMA3-ARXIV_BMPD512_9_5_10,False
8,4,0,0,4,16,640,94.51,89.60652628571428,bw,static,static,results,Results,Results_LLAMA31,LLAMA3-ARXIV-Results,simulator_output_LLAMA3-ARXIV_bwplacement_bs8_staticreq_statictask,SCRUBBED_TIME+LLAMA3-ARXIV_BMPD640_4_4_16,False
4,7,0,0,3,14,384,103.1,89.66222447058824,bw,static,static,results,Results,Results_LLAMA31,LLAMA3-ARXIV-Results,simulator_output_LLAMA3-ARXIV_bwplacement_bs4_staticreq_statictask,SCRUBBED_TIME+LLAMA3-ARXIV_BMPD384_7_3_14,False
8,12,0,0,6,6,640,59.96,89.9674344,bw,static,static,results,Results,Results_LLAMA31,LLAMA3-ARXIV-Results,simulator_output_LLAMA3-ARXIV_bwplacement_bs8_staticreq_statictask,SCRUBBED_TIME+LLAMA3-ARXIV_BMPD640_12_6_6,False
4,6,0,0,4,14,640,103.91,89.99564177777778,bw,static,static,results,Results,Results_LLAMA31,LLAMA3-ARXIV-Results,simulator_output_LLAMA3-ARXIV_bwplacement_bs4_staticreq_statictask,SCRUBBED_TIME+LLAMA3-ARXIV_BMPD640_6_4_14,False
8,11,0,0,5,8,512,77.94,90.021978,bw,static,static,results,Results,Results_LLAMA31,LLAMA3-ARXIV-Results,simulator_output_LLAMA3-ARXIV_bwplacement_bs8_staticreq_statictask,SCRUBBED_TIME+LLAMA3-ARXIV_BMPD512_11_5_8,False
8,12,0,0,5,7,512,104.96,90.03287733333333,bw,static,static,results,Results,Results_LLAMA31,LLAMA3-ARXIV-Results,simulator_output_LLAMA3-ARXIV_bwplacement_bs8_staticreq_statictask,SCRUBBED_TIME+LLAMA3-ARXIV_BMPD512_12_5_7,False
8,14,0,0,6,4,640,88.37,90.85232222222224,bw,static,static,results,Results,Results_LLAMA31,LLAMA3-ARXIV-Results,simulator_output_LLAMA3-ARXIV_bwplacement_bs8_staticreq_statictask,SCRUBBED_TIME+LLAMA3-ARXIV_BMPD640_14_6_4,False
4,11,0,0,3,10,512,81.11,91.10081507692308,bw,static,static,results,Results,Results_LLAMA31,LLAMA3-ARXIV-Results,simulator_output_LLAMA3-ARXIV_bwplacement_bs4_staticreq_statictask,SCRUBBED_TIME+LLAMA3-ARXIV_BMPD512_11_3_10,False
4,6,0,0,3,15,384,97.55,91.11815377777778,bw,static,static,results,Results,Results_LLAMA31,LLAMA3-ARXIV-Results,simulator_output_LLAMA3-ARXIV_bwplacement_bs4_staticreq_statictask,SCRUBBED_TIME+LLAMA3-ARXIV_BMPD384_6_3_15,False
2,15,0,0,1,8,384,25.96,91.26103155555556,bw,static,static,results,Results,Results_LLAMA31,LLAMA3-ARXIV-Results,simulator_output_LLAMA3-ARXIV_bwplacement_bs2_staticreq_statictask,SCRUBBED_TIME+LLAMA3-ARXIV_BMPD384_15_1_8,False
8,9,0,0,4,11,256,114.41,91.59482773333332,bw,static,static,results,Results,Results_LLAMA31,LLAMA3-ARXIV-Results,simulator_output_LLAMA3-ARXIV_bwplacement_bs8_staticreq_statictask,SCRUBBED_TIME+LLAMA3-ARXIV_BMPD256_9_4_11,False
2,5,0,0,2,17,512,52.31,91.64664968421052,bw,static,static,results,Results,Results_LLAMA31,LLAMA3-ARXIV-Results,simulator_output_LLAMA3-ARXIV_bwplacement_bs2_staticreq_statictask,SCRUBBED_TIME+LLAMA3-ARXIV_BMPD512_5_2_17,False
8,8,0,0,4,12,256,113.81,91.6806744,bw,static,static,results,Results,Results_LLAMA31,LLAMA3-ARXIV-Results,simulator_output_LLAMA3-ARXIV_bwplacement_bs8_staticreq_statictask,SCRUBBED_TIME+LLAMA3-ARXIV_BMPD256_8_4_12,False
8,13,0,0,5,6,640,56.2,91.8189744,bw,static,static,results,Results,Results_LLAMA31,LLAMA3-ARXIV-Results,simulator_output_LLAMA3-ARXIV_bwplacement_bs8_staticreq_statictask,SCRUBBED_TIME+LLAMA3-ARXIV_BMPD640_13_5_6,False
8,13,0,0,6,5,640,79.28,91.83302222222224,bw,static,static,results,Results,Results_LLAMA31,LLAMA3-ARXIV-Results,simulator_output_LLAMA3-ARXIV_bwplacement_bs8_staticreq_statictask,SCRUBBED_TIME+LLAMA3-ARXIV_BMPD640_13_6_5,False
8,14,0,0,5,5,640,60.24,91.90010733333332,bw,static,static,results,Results,Results_LLAMA31,LLAMA3-ARXIV-Results,simulator_output_LLAMA3-ARXIV_bwplacement_bs8_staticreq_statictask,SCRUBBED_TIME+LLAMA3-ARXIV_BMPD640_14_5_5,False
8,7,0,0,5,12,640,55.56,91.9844144,bw,static,static,results,Results,Results_LLAMA31,LLAMA3-ARXIV-Results,simulator_output_LLAMA3-ARXIV_bwplacement_bs8_staticreq_statictask,SCRUBBED_TIME+LLAMA3-ARXIV_BMPD640_7_5_12,False
8,7,0,0,6,11,640,80.4,92.1173,bw,static,static,results,Results,Results_LLAMA31,LLAMA3-ARXIV-Results,simulator_output_LLAMA3-ARXIV_bwplacement_bs8_staticreq_statictask,SCRUBBED_TIME+LLAMA3-ARXIV_BMPD640_7_6_11,False
8,5,0,0,4,15,640,81.73,92.324365,bw,static,static,results,Results,Results_LLAMA31,LLAMA3-ARXIV-Results,simulator_output_LLAMA3-ARXIV_bwplacement_bs8_staticreq_statictask,SCRUBBED_TIME+LLAMA3-ARXIV_BMPD640_5_4_15,False
8,10,0,0,5,9,512,86.34,92.41837733333332,bw,static,static,results,Results,Results_LLAMA31,LLAMA3-ARXIV-Results,simulator_output_LLAMA3-ARXIV_bwplacement_bs8_staticreq_statictask,SCRUBBED_TIME+LLAMA3-ARXIV_BMPD512_10_5_9,False
8,11,0,0,6,7,640,40.58,92.428384,bw,static,static,results,Results,Results_LLAMA31,LLAMA3-ARXIV-Results,simulator_output_LLAMA3-ARXIV_bwplacement_bs8_staticreq_statictask,SCRUBBED_TIME+LLAMA3-ARXIV_BMPD640_11_6_7,False
8,12,0,0,4,8,384,113.41,92.454198,bw,static,static,results,Results,Results_LLAMA31,LLAMA3-ARXIV-Results,simulator_output_LLAMA3-ARXIV_bwplacement_bs8_staticreq_statictask,SCRUBBED_TIME+LLAMA3-ARXIV_BMPD384_12_4_8,False
8,6,0,0,4,14,640,90.76,92.5331,bw,static,static,results,Results,Results_LLAMA31,LLAMA3-ARXIV-Results,simulator_output_LLAMA3-ARXIV_bwplacement_bs8_staticreq_statictask,SCRUBBED_TIME+LLAMA3-ARXIV_BMPD640_6_4_14,False
8,10,0,0,6,8,640,38.46,93.245359,bw,static,static,results,Results,Results_LLAMA31,LLAMA3-ARXIV-Results,simulator_output_LLAMA3-ARXIV_bwplacement_bs8_staticreq_statictask,SCRUBBED_TIME+LLAMA3-ARXIV_BMPD640_10_6_8,False
8,9,0,0,6,9,640,35.94,93.456184,bw,static,static,results,Results,Results_LLAMA31,LLAMA3-ARXIV-Results,simulator_output_LLAMA3-ARXIV_bwplacement_bs8_staticreq_statictask,SCRUBBED_TIME+LLAMA3-ARXIV_BMPD640_9_6_9,False
8,12,0,0,5,7,640,42.09,93.460434,bw,static,static,results,Results,Results_LLAMA31,LLAMA3-ARXIV-Results,simulator_output_LLAMA3-ARXIV_bwplacement_bs8_staticreq_statictask,SCRUBBED_TIME+LLAMA3-ARXIV_BMPD640_12_5_7,False
8,9,0,0,4,11,384,45.15,93.5909288,bw,static,static,results,Results,Results_LLAMA31,LLAMA3-ARXIV-Results,simulator_output_LLAMA3-ARXIV_bwplacement_bs8_staticreq_statictask,SCRUBBED_TIME+LLAMA3-ARXIV_BMPD384_9_4_11,False
4,12,0,0,3,9,640,59.36,93.65971833333332,bw,static,static,results,Results,Results_LLAMA31,LLAMA3-ARXIV-Results,simulator_output_LLAMA3-ARXIV_bwplacement_bs4_staticreq_statictask,SCRUBBED_TIME+LLAMA3-ARXIV_BMPD640_12_3_9,False
8,8,0,0,4,12,384,42.4,93.8404888,bw,static,static,results,Results,Results_LLAMA31,LLAMA3-ARXIV-Results,simulator_output_LLAMA3-ARXIV_bwplacement_bs8_staticreq_statictask,SCRUBBED_TIME+LLAMA3-ARXIV_BMPD384_8_4_12,False
8,8,0,0,6,10,640,32.54,93.845559,bw,static,static,results,Results,Results_LLAMA31,LLAMA3-ARXIV-Results,simulator_output_LLAMA3-ARXIV_bwplacement_bs8_staticreq_statictask,SCRUBBED_TIME+LLAMA3-ARXIV_BMPD640_8_6_10,False
2,6,0,0,2,16,640,45.11,93.88029133333332,bw,static,static,results,Results,Results_LLAMA31,LLAMA3-ARXIV-Results,simulator_output_LLAMA3-ARXIV_bwplacement_bs2_staticreq_statictask,SCRUBBED_TIME+LLAMA3-ARXIV_BMPD640_6_2_16,False
2,3,0,0,2,19,640,31.31,93.88029133333332,bw,static,static,results,Results,Results_LLAMA31,LLAMA3-ARXIV-Results,simulator_output_LLAMA3-ARXIV_bwplacement_bs2_staticreq_statictask,SCRUBBED_TIME+LLAMA3-ARXIV_BMPD640_3_2_19,False
8,14,0,0,4,6,512,42.03,94.045885,bw,static,static,results,Results,Results_LLAMA31,LLAMA3-ARXIV-Results,simulator_output_LLAMA3-ARXIV_bwplacement_bs8_staticreq_statictask,SCRUBBED_TIME+LLAMA3-ARXIV_BMPD512_14_4_6,False
8,11,0,0,4,9,384,61.98,94.68209822222222,bw,static,static,results,Results,Results_LLAMA31,LLAMA3-ARXIV-Results,simulator_output_LLAMA3-ARXIV_bwplacement_bs8_staticreq_statictask,SCRUBBED_TIME+LLAMA3-ARXIV_BMPD384_11_4_9,False
2,16,0,0,1,7,512,17.59,94.9517765,bw,static,static,results,Results,Results_LLAMA31,LLAMA3-ARXIV-Results,simulator_output_LLAMA3-ARXIV_bwplacement_bs2_staticreq_statictask,SCRUBBED_TIME+LLAMA3-ARXIV_BMPD512_16_1_7,False
4,15,0,0,2,7,640,38.73,94.9607448888889,bw,static,static,results,Results,Results_LLAMA31,LLAMA3-ARXIV-Results,simulator_output_LLAMA3-ARXIV_bwplacement_bs4_staticreq_statictask,SCRUBBED_TIME+LLAMA3-ARXIV_BMPD640_15_2_7,False
4,3,0,0,2,19,640,40.29,94.960856,bw,static,static,results,Results,Results_LLAMA31,LLAMA3-ARXIV-Results,simulator_output_LLAMA3-ARXIV_bwplacement_bs4_staticreq_statictask,SCRUBBED_TIME+LLAMA3-ARXIV_BMPD640_3_2_19,False
8,16,0,0,3,5,512,47.27,95.49499466666668,bw,static,static,results,Results,Results_LLAMA31,LLAMA3-ARXIV-Results,simulator_output_LLAMA3-ARXIV_bwplacement_bs8_staticreq_statictask,SCRUBBED_TIME+LLAMA3-ARXIV_BMPD512_16_3_5,False
8,10,0,0,4,10,384,39.82,95.6092088,bw,static,static,results,Results,Results_LLAMA31,LLAMA3-ARXIV-Results,simulator_output_LLAMA3-ARXIV_bwplacement_bs8_staticreq_statictask,SCRUBBED_TIME+LLAMA3-ARXIV_BMPD384_10_4_10,False
8,11,0,0,4,9,512,9.3,95.847064,bw,static,static,results,Results,Results_LLAMA31,LLAMA3-ARXIV-Results,simulator_output_LLAMA3-ARXIV_bwplacement_bs8_staticreq_statictask,SCRUBBED_TIME+LLAMA3-ARXIV_BMPD512_11_4_9,False
8,14,0,0,3,7,256,36.38,96.21268666666668,bw,static,static,results,Results,Results_LLAMA31,LLAMA3-ARXIV-Results,simulator_output_LLAMA3-ARXIV_bwplacement_bs8_staticreq_statictask,SCRUBBED_TIME+LLAMA3-ARXIV_BMPD256_14_3_7,False
2,4,0,0,2,18,512,26.02,96.416357,bw,static,static,results,Results,Results_LLAMA31,LLAMA3-ARXIV-Results,simulator_output_LLAMA3-ARXIV_bwplacement_bs2_staticreq_statictask,SCRUBBED_TIME+LLAMA3-ARXIV_BMPD512_4_2_18,False
4,13,0,0,2,9,384,30.54,96.7604981818182,bw,static,static,results,Results,Results_LLAMA31,LLAMA3-ARXIV-Results,simulator_output_LLAMA3-ARXIV_bwplacement_bs4_staticreq_statictask,SCRUBBED_TIME+LLAMA3-ARXIV_BMPD384_13_2_9,False
4,11,0,0,3,10,640,17.4,96.8217536,bw,static,static,results,Results,Results_LLAMA31,LLAMA3-ARXIV-Results,simulator_output_LLAMA3-ARXIV_bwplacement_bs4_staticreq_statictask,SCRUBBED_TIME+LLAMA3-ARXIV_BMPD640_11_3_10,False
8,13,0,0,3,8,256,21.1,96.8220824,bw,static,static,results,Results,Results_LLAMA31,LLAMA3-ARXIV-Results,simulator_output_LLAMA3-ARXIV_bwplacement_bs8_staticreq_statictask,SCRUBBED_TIME+LLAMA3-ARXIV_BMPD256_13_3_8,False
8,7,0,0,3,14,256,20.9,96.8220824,bw,static,static,results,Results,Results_LLAMA31,LLAMA3-ARXIV-Results,simulator_output_LLAMA3-ARXIV_bwplacement_bs8_staticreq_statictask,SCRUBBED_TIME+LLAMA3-ARXIV_BMPD256_7_3_14,False
8,7,0,0,4,13,640,7.44,96.865372,bw,static,static,results,Results,Results_LLAMA31,LLAMA3-ARXIV-Results,simulator_output_LLAMA3-ARXIV_bwplacement_bs8_staticreq_statictask,SCRUBBED_TIME+LLAMA3-ARXIV_BMPD640_7_4_13,False
8,13,0,0,4,7,640,7.44,96.865372,bw,static,static,results,Results,Results_LLAMA31,LLAMA3-ARXIV-Results,simulator_output_LLAMA3-ARXIV_bwplacement_bs8_staticreq_statictask,SCRUBBED_TIME+LLAMA3-ARXIV_BMPD640_13_4_7,False
8,4,0,0,3,17,512,28.04,96.903385,bw,static,static,results,Results,Results_LLAMA31,LLAMA3-ARXIV-Results,simulator_output_LLAMA3-ARXIV_bwplacement_bs8_staticreq_statictask,SCRUBBED_TIME+LLAMA3-ARXIV_BMPD512_4_3_17,False
4,12,0,0,2,10,256,18.6,96.928676,bw,static,static,results,Results,Results_LLAMA31,LLAMA3-ARXIV-Results,simulator_output_LLAMA3-ARXIV_bwplacement_bs4_staticreq_statictask,SCRUBBED_TIME+LLAMA3-ARXIV_BMPD256_12_2_10,False
8,10,0,0,5,9,640,15.27,96.949172,bw,static,static,results,Results,Results_LLAMA31,LLAMA3-ARXIV-Results,simulator_output_LLAMA3-ARXIV_bwplacement_bs8_staticreq_statictask,SCRUBBED_TIME+LLAMA3-ARXIV_BMPD640_10_5_9,False
8,8,0,0,5,11,640,15.19,96.971172,bw,static,static,results,Results,Results_LLAMA31,LLAMA3-ARXIV-Results,simulator_output_LLAMA3-ARXIV_bwplacement_bs8_staticreq_statictask,SCRUBBED_TIME+LLAMA3-ARXIV_BMPD640_8_5_11,False
8,9,0,0,5,10,640,15.14,96.971172,bw,static,static,results,Results,Results_LLAMA31,LLAMA3-ARXIV-Results,simulator_output_LLAMA3-ARXIV_bwplacement_bs8_staticreq_statictask,SCRUBBED_TIME+LLAMA3-ARXIV_BMPD640_9_5_10,False
8,7,0,0,4,13,512,27.21,97.185285,bw,static,static,results,Results,Results_LLAMA31,LLAMA3-ARXIV-Results,simulator_output_LLAMA3-ARXIV_bwplacement_bs8_staticreq_statictask,SCRUBBED_TIME+LLAMA3-ARXIV_BMPD512_7_4_13,False
8,13,0,0,4,7,512,26.21,97.185285,bw,static,static,results,Results,Results_LLAMA31,LLAMA3-ARXIV-Results,simulator_output_LLAMA3-ARXIV_bwplacement_bs8_staticreq_statictask,SCRUBBED_TIME+LLAMA3-ARXIV_BMPD512_13_4_7,False
4,10,0,0,3,11,512,24.68,97.2817775,bw,static,static,results,Results,Results_LLAMA31,LLAMA3-ARXIV-Results,simulator_output_LLAMA3-ARXIV_bwplacement_bs4_staticreq_statictask,SCRUBBED_TIME+LLAMA3-ARXIV_BMPD512_10_3_11,False
4,4,0,0,3,17,512,24.11,97.2817775,bw,static,static,results,Results,Results_LLAMA31,LLAMA3-ARXIV-Results,simulator_output_LLAMA3-ARXIV_bwplacement_bs4_staticreq_statictask,SCRUBBED_TIME+LLAMA3-ARXIV_BMPD512_4_3_17,False
8,11,0,0,5,8,640,22.8,97.442159,bw,static,static,results,Results,Results_LLAMA31,LLAMA3-ARXIV-Results,simulator_output_LLAMA3-ARXIV_bwplacement_bs8_staticreq_statictask,SCRUBBED_TIME+LLAMA3-ARXIV_BMPD640_11_5_8,False
4,9,0,0,3,12,512,22.67,97.4639775,bw,static,static,results,Results,Results_LLAMA31,LLAMA3-ARXIV-Results,simulator_output_LLAMA3-ARXIV_bwplacement_bs4_staticreq_statictask,SCRUBBED_TIME+LLAMA3-ARXIV_BMPD512_9_3_12,False
8,5,0,0,3,16,512,21.58,97.719885,bw,static,static,results,Results,Results_LLAMA31,LLAMA3-ARXIV-Results,simulator_output_LLAMA3-ARXIV_bwplacement_bs8_staticreq_statictask,SCRUBBED_TIME+LLAMA3-ARXIV_BMPD512_5_3_16,False
8,8,0,0,4,12,512,5.55,97.834564,bw,static,static,results,Results,Results_LLAMA31,LLAMA3-ARXIV-Results,simulator_output_LLAMA3-ARXIV_bwplacement_bs8_staticreq_statictask,SCRUBBED_TIME+LLAMA3-ARXIV_BMPD512_8_4_12,False
4,14,0,0,2,8,512,19.77,97.879965,bw,static,static,results,Results,Results_LLAMA31,LLAMA3-ARXIV-Results,simulator_output_LLAMA3-ARXIV_bwplacement_bs4_staticreq_statictask,SCRUBBED_TIME+LLAMA3-ARXIV_BMPD512_14_2_8,False
4,5,0,0,3,16,512,15.33,97.953144,bw,static,static,results,Results,Results_LLAMA31,LLAMA3-ARXIV-Results,simulator_output_LLAMA3-ARXIV_bwplacement_bs4_staticreq_statictask,SCRUBBED_TIME+LLAMA3-ARXIV_BMPD512_5_3_16,False
2,14,0,0,1,9,384,7.77,98.2910388,bw,static,static,results,Results,Results_LLAMA31,LLAMA3-ARXIV-Results,simulator_output_LLAMA3-ARXIV_bwplacement_bs2_staticreq_statictask,SCRUBBED_TIME+LLAMA3-ARXIV_BMPD384_14_1_9,False
8,6,0,0,3,15,512,7.33,98.563678,bw,static,static,results,Results,Results_LLAMA31,LLAMA3-ARXIV-Results,simulator_output_LLAMA3-ARXIV_bwplacement_bs8_staticreq_statictask,SCRUBBED_TIME+LLAMA3-ARXIV_BMPD512_6_3_15,False
8,15,0,0,3,6,512,7.33,98.563678,bw,static,static,results,Results,Results_LLAMA31,LLAMA3-ARXIV-Results,simulator_output_LLAMA3-ARXIV_bwplacement_bs8_staticreq_statictask,SCRUBBED_TIME+LLAMA3-ARXIV_BMPD512_15_3_6,False
2,5,0,0,2,17,640,6.98,98.599311,bw,static,static,results,Results,Results_LLAMA31,LLAMA3-ARXIV-Results,simulator_output_LLAMA3-ARXIV_bwplacement_bs2_staticreq_statictask,SCRUBBED_TIME+LLAMA3-ARXIV_BMPD640_5_2_17,False
8,12,0,0,4,8,512,3.52,98.670564,bw,static,static,results,Results,Results_LLAMA31,LLAMA3-ARXIV-Results,simulator_output_LLAMA3-ARXIV_bwplacement_bs8_staticreq_statictask,SCRUBBED_TIME+LLAMA3-ARXIV_BMPD512_12_4_8,False
4,8,0,0,3,13,512,4.05,99.001556,bw,static,static,results,Results,Results_LLAMA31,LLAMA3-ARXIV-Results,simulator_output_LLAMA3-ARXIV_bwplacement_bs4_staticreq_statictask,SCRUBBED_TIME+LLAMA3-ARXIV_BMPD512_8_3_13,False
8,14,0,0,4,6,640,2.48,99.025872,bw,static,static,results,Results,Results_LLAMA31,LLAMA3-ARXIV-Results,simulator_output_LLAMA3-ARXIV_bwplacement_bs8_staticreq_statictask,SCRUBBED_TIME+LLAMA3-ARXIV_BMPD640_14_4_6,False
4,7,0,0,3,14,512,0.72,99.492716,bw,static,static,results,Results,Results_LLAMA31,LLAMA3-ARXIV-Results,simulator_output_LLAMA3-ARXIV_bwplacement_bs4_staticreq_statictask,SCRUBBED_TIME+LLAMA3-ARXIV_BMPD512_7_3_14,False
2,13,0,0,1,10,256,0.14,99.615372,bw,static,static,results,Results,Results_LLAMA31,LLAMA3-ARXIV-Results,simulator_output_LLAMA3-ARXIV_bwplacement_bs2_staticreq_statictask,SCRUBBED_TIME+LLAMA3-ARXIV_BMPD256_13_1_10,False
8,9,0,0,4,11,512,0.08,99.916964,bw,static,static,results,Results,Results_LLAMA31,LLAMA3-ARXIV-Results,simulator_output_LLAMA3-ARXIV_bwplacement_bs8_staticreq_statictask,SCRUBBED_TIME+LLAMA3-ARXIV_BMPD512_9_4_11,False
