num_prefill_tokens,num_decode_tokens,num_total_tokens,pd_ratio
57,3912,3969,0.014570552147239263
29,6071,6100,0.004776807774666447
20,13664,13684,0.0014637002341920376
335,4326,4661,0.07743874248728617
580,5205,5785,0.11143131604226705
151,1599,1750,0.09443402126328955
101,3506,3607,0.028807758128921848
24,4363,4387,0.0055008022003208805
378,2768,3146,0.1365606936416185
2115,3503,5618,0.6037681986868398
264,2031,2295,0.12998522895125553
181,3764,3945,0.04808714133900106
62,5544,5606,0.011183261183261184
53,3609,3662,0.014685508451094486
1422,3548,4970,0.4007891770011274
75,7222,7297,0.010384934921074495
309,4305,4614,0.07177700348432056
150,6467,6617,0.02319468068656255
186,4045,4231,0.045982694684796044
64,5024,5088,0.012738853503184714
103,4083,4186,0.025226549106049472
453,2757,3210,0.16430903155603918
23,6156,6179,0.0037361923326835605
220,7511,7731,0.029290374117960326
171,2032,2203,0.08415354330708662
51,4184,4235,0.012189292543021032
105,6246,6351,0.01681075888568684
833,6205,7038,0.13424657534246576
16,13498,13514,0.001185360794191732
514,9140,9654,0.0562363238512035
157,11245,11402,0.013961760782570031
635,4325,4960,0.14682080924855492
31,3724,3755,0.00832438238453276
319,3192,3511,0.09993734335839599
79,211,290,0.3744075829383886
1244,3290,4534,0.3781155015197568
97,4573,4670,0.021211458561119615
68,3886,3954,0.017498713329902212
4310,5665,9975,0.7608120035304501
25,3966,3991,0.006303580433686334
276,4983,5259,0.055388320288982544
93,3205,3298,0.029017160686427457
28,5076,5104,0.005516154452324665
383,6074,6457,0.0630556470200856
456,6620,7076,0.0688821752265861
12,15035,15047,0.0007981376787495843
449,4810,5259,0.09334719334719335
48,3711,3759,0.012934518997574777
47,4612,4659,0.010190806591500434
370,12219,12589,0.030280710369097307
655,2312,2967,0.2833044982698962
541,4966,5507,0.10894079742247281
338,8380,8718,0.040334128878281625
564,7212,7776,0.07820299500831947
24,5341,5365,0.004493540535480247
397,5798,6195,0.06847188685753708
673,12804,13477,0.052561699468915965
386,4095,4481,0.09426129426129426
50,188,238,0.26595744680851063
43,4357,4400,0.009869176038558641
184,6468,6652,0.02844774273345702
627,5752,6379,0.10900556328233658
171,9356,9527,0.01827704147071398
6812,4171,10983,1.633181491249101
587,3321,3908,0.17675398976211984
102,9057,9159,0.011262007287181186
14,3118,3132,0.004490057729313663
142,4154,4296,0.034183919114106884
635,5501,6136,0.11543355753499364
168,2622,2790,0.06407322654462243
135,1867,2002,0.0723085163363685
36,5217,5253,0.006900517538815411
6813,22828,29641,0.2984492728228491
53,13727,13780,0.003861003861003861
1181,9717,10898,0.12153956982607801
66,4442,4508,0.014858171994597028
11,5929,5940,0.0018552875695732839
54,3492,3546,0.015463917525773196
111,6789,6900,0.016349977905435263
2456,5116,7572,0.4800625488663018
664,6242,6906,0.10637616148670298
916,5417,6333,0.16909728632084178
221,3362,3583,0.06573468173706128
199,6191,6390,0.03214343401712163
215,5608,5823,0.03833808844507846
834,10181,11015,0.08191729692564581
349,2880,3229,0.12118055555555556
429,7679,8108,0.0558666493032947
83,4368,4451,0.0190018315018315
1717,4177,5894,0.4110605697869284
232,4847,5079,0.047864658551681455
90,7043,7133,0.012778645463580861
94,4645,4739,0.020236813778256188
50,6950,7000,0.007194244604316547
1220,9785,11005,0.12468063362289218
387,3035,3422,0.12751235584843493
796,7240,8036,0.10994475138121547
100,30735,30835,0.003253619651862697
722,7031,7753,0.10268809557673161
44,4873,4917,0.009029345372460496
639,6306,6945,0.10133206470028544
130,3957,4087,0.032853171594642405
77,4856,4933,0.01585667215815486
58,5316,5374,0.0109104589917231
130,4446,4576,0.029239766081871343
55,3184,3239,0.017273869346733667
48,3800,3848,0.01263157894736842
29,5480,5509,0.005291970802919708
941,3869,4810,0.2432153011113983
82,6173,6255,0.013283654624979751
388,4208,4596,0.09220532319391635
15,15025,15040,0.0009983361064891847
157,3136,3293,0.05006377551020408
1738,3866,5604,0.4495602690118986
619,5699,6318,0.10861554658712055
216,3928,4144,0.054989816700611
76,2547,2623,0.0298390263054574
1728,6969,8697,0.24795523030563926
218,4884,5102,0.04463554463554464
28,8716,8744,0.0032124827902707664
689,7819,8508,0.08811868525386878
247,3783,4030,0.06529209621993128
42,6377,6419,0.006586169045005488
2947,14442,17389,0.2040576097493422
63,4090,4153,0.015403422982885086
210,2005,2215,0.10473815461346633
32,5964,5996,0.0053655264922870555
81,12219,12300,0.006629020378099681
585,3686,4271,0.1587086272381986
620,6136,6756,0.10104302477183832
59,4137,4196,0.014261542180323905
109,7938,8047,0.013731418493323256
64,3248,3312,0.019704433497536946
144,3000,3144,0.048
1469,3743,5212,0.39246593641464067
70,4446,4516,0.015744489428699954
94,4835,4929,0.019441571871768357
12,3700,3712,0.003243243243243243
519,5520,6039,0.09402173913043478
125,5750,5875,0.021739130434782608
357,4873,5230,0.07326082495382721
314,3509,3823,0.08948418352807068
47,21115,21162,0.0022259057542031732
572,7337,7909,0.07796101949025487
812,6054,6866,0.1341261975553353
129,4006,4135,0.03220169745381927
154,4491,4645,0.034290803829881984
227,3979,4206,0.05704950992711737
142,8275,8417,0.017160120845921452
92,7006,7098,0.013131601484441906
57,4760,4817,0.011974789915966387
953,4591,5544,0.20758004791984316
221,3907,4128,0.0565651394932173
509,9722,10231,0.05235548241102654
972,3243,4215,0.299722479185939
28,6550,6578,0.004274809160305344
26,9515,9541,0.0027325275880189176
839,5576,6415,0.15046628407460544
129,7640,7769,0.016884816753926703
455,5639,6094,0.08068806525979784
161,4754,4915,0.033866217921750104
53,5661,5714,0.009362303479950538
241,2746,2987,0.08776402039329935
266,4342,4608,0.06126209120221096
64,5512,5576,0.011611030478955007
1133,6626,7759,0.17099305765167522
250,5252,5502,0.047600913937547604
1749,4133,5882,0.4231792886523107
465,3935,4400,0.1181702668360864
700,6696,7396,0.10454002389486261
49,5068,5117,0.009668508287292817
259,2593,2852,0.0998843038951022
1151,10475,11626,0.10988066825775657
466,6251,6717,0.07454807230843065
85,4589,4674,0.018522553933318805
1049,9188,10237,0.11417065737919024
317,6066,6383,0.05225848994394988
632,6567,7199,0.09623876960560378
45,5418,5463,0.008305647840531562
62,4232,4294,0.014650283553875236
364,3294,3658,0.11050394656952034
176,3510,3686,0.05014245014245014
103,2702,2805,0.038119911176905996
65,3585,3650,0.01813110181311018
97,4316,4413,0.02247451343836886
410,3758,4168,0.10910058541777541
281,6481,6762,0.043357506557629995
654,5940,6594,0.1101010101010101
156,3432,3588,0.045454545454545456
290,2219,2509,0.13068949977467328
179,9686,9865,0.018480280817674995
668,5579,6247,0.11973471948377845
43,4990,5033,0.008617234468937876
115,5142,5257,0.022364838584208478
35,3534,3569,0.009903791737408036
56,5514,5570,0.010155966630395358
40,4046,4086,0.009886307464162136
276,3138,3414,0.08795411089866156
423,4575,4998,0.09245901639344262
31,2637,2668,0.011755783086841108
501,8035,8536,0.06235220908525202
45,6932,6977,0.006491633006347374
168,8317,8485,0.020199591198749547
41,5394,5435,0.007601038190582128
388,5228,5616,0.07421576128538639
32,11597,11629,0.0027593343105975685
1617,10617,12234,0.1523029104266742
28,4830,4858,0.005797101449275362
317,3616,3933,0.08766592920353983
56,3873,3929,0.014459075651949394
559,7639,8198,0.07317711742374657
37,6563,6600,0.005637665701660826
32,2979,3011,0.010741859684457872
199,3213,3412,0.06193588546529723
45,4279,4324,0.010516475812105632
88,4079,4167,0.02157391517528806
356,7676,8032,0.04637832204273059
958,2379,3337,0.4026902059688945
92,8181,8273,0.01124556900134458
26,2811,2837,0.009249377445748844
53,6023,6076,0.008799601527478001
111,6426,6537,0.01727357609710551
677,6758,7435,0.10017756732761172
418,3680,4098,0.11358695652173913
22,4456,4478,0.004937163375224416
74,6990,7064,0.010586552217453506
35,7121,7156,0.004915040022468754
58,9121,9179,0.006358951869312576
208,4541,4749,0.04580488879101519
1155,9778,10933,0.11812231540192268
355,3263,3618,0.10879558688323629
7,2915,2922,0.0024013722126929675
32,6664,6696,0.004801920768307323
441,2657,3098,0.16597666541211892
101,8730,8831,0.01156930126002291
80,16532,16612,0.004839099927413501
1501,3192,4693,0.47023809523809523
79,6704,6783,0.01178400954653938
3510,15824,19334,0.2218149646107179
684,4048,4732,0.16897233201581027
334,5653,5987,0.05908367238634354
76,5591,5667,0.013593274906099087
551,6789,7340,0.08116070113418766
19,3710,3729,0.005121293800539084
1201,16241,17442,0.07394864848223631
105,1300,1405,0.08076923076923077
25,6404,6429,0.0039038101186758276
300,3980,4280,0.07537688442211055
112,4291,4403,0.026101141924959218
25,11079,11104,0.0022565213466919395
137,5471,5608,0.025041125936757447
263,3738,4001,0.07035848047084002
71,2256,2327,0.031471631205673756
158,4239,4397,0.03727294173154046
317,3378,3695,0.09384251036116045
1339,6827,8166,0.196133001318295
207,3320,3527,0.06234939759036145
19,4841,4860,0.003924808923776079
129,4683,4812,0.02754644458680333
221,3686,3907,0.059956592512208355
116,6355,6471,0.018253343823760818
42,3297,3339,0.012738853503184714
117,3051,3168,0.038348082595870206
52,6488,6540,0.008014796547472256
4383,7370,11753,0.594708276797829
9,3745,3754,0.002403204272363151
56,3156,3212,0.017743979721166033
63,4301,4364,0.014647756335735876
331,5100,5431,0.06490196078431372
61,4730,4791,0.012896405919661734
306,2787,3093,0.10979547900968784
668,7866,8534,0.08492245105517417
50,5101,5151,0.009801999607920015
53,3514,3567,0.01508252703471827
44,6613,6657,0.00665356116739755
3465,14113,17578,0.24551831644583008
69,3452,3521,0.01998841251448436
73,4335,4408,0.016839677047289503
210,3110,3320,0.06752411575562701
1550,4602,6152,0.33681008257279443
27,7630,7657,0.0035386631716906947
1246,6792,8038,0.18345111896348645
52,4563,4615,0.011396011396011397
48,4673,4721,0.010271774020971538
64,4060,4124,0.015763546798029555
222,4440,4662,0.05
38,6626,6664,0.005734983398732267
840,7283,8123,0.11533708636550873
589,5196,5785,0.11335642802155504
238,1596,1834,0.14912280701754385
55,5608,5663,0.009807417974322396
196,6705,6901,0.029231916480238627
84,4816,4900,0.01744186046511628
190,7986,8176,0.023791635361883296
679,5649,6328,0.12019826517967781
625,3010,3635,0.20764119601328904
59,4769,4828,0.01237156636611449
1267,9176,10443,0.13807759372275502
47,4814,4861,0.009763190693809721
56,3704,3760,0.01511879049676026
69,6810,6879,0.01013215859030837
40,5247,5287,0.007623403849818944
208,3392,3600,0.06132075471698113
1432,5921,7353,0.24185103867589935
113,6048,6161,0.018683862433862435
765,26495,27260,0.02887337233440272
21,6712,6733,0.003128724672228844
27,5151,5178,0.0052417006406523005
11,12097,12108,0.0009093163594279573
40,4359,4399,0.009176416609314062
63,3495,3558,0.018025751072961373
83,3814,3897,0.021761929732564238
40,5471,5511,0.007311277645768598
114,2823,2937,0.040382571732199786
197,6349,6546,0.03102850842652386
160,4258,4418,0.03757632691404415
376,11068,11444,0.033971810625225876
38,5454,5492,0.006967363403006967
2581,3725,6306,0.6928859060402685
326,3005,3331,0.10848585690515807
1271,12246,13517,0.10378899232402417
2026,3596,5622,0.5634037819799778
135,2671,2806,0.05054286783976039
80,8275,8355,0.009667673716012085
937,3152,4089,0.2972715736040609
111,2753,2864,0.04031965128950236
267,3118,3385,0.08563181526619627
19,4675,4694,0.004064171122994653
57,6521,6578,0.008740990645606503
443,8110,8553,0.05462392108508015
2956,8773,11729,0.33694289296705804
14,11598,11612,0.0012071046732195206
462,4670,5132,0.09892933618843683
88,8148,8236,0.010800196367206676
1846,5725,7571,0.32244541484716155
85,5267,5352,0.016138219100056958
62,4428,4490,0.014001806684733513
1613,3808,5421,0.42358193277310924
492,3640,4132,0.13516483516483516
376,8977,9353,0.041884816753926704
134,4268,4402,0.03139643861293346
2359,5010,7369,0.47085828343313374
38,7873,7911,0.004826622634319828
1028,4352,5380,0.23621323529411764
213,4100,4313,0.05195121951219512
156,5709,5865,0.027325275880189175
340,4926,5266,0.06902151847340642
134,7190,7324,0.018636995827538246
951,8071,9022,0.11782926527072234
57,3182,3239,0.017913262099308613
186,5491,5677,0.03387361136405027
236,3662,3898,0.06444565811032223
68,4025,4093,0.0168944099378882
64,1521,1585,0.042077580539119
120,6327,6447,0.01896633475580844
153,3437,3590,0.044515565900494616
70,5851,5921,0.011963766877456846
3363,36189,39552,0.09292879051645528
587,5679,6266,0.10336326818101778
59,6612,6671,0.008923169993950392
295,4417,4712,0.06678741227077202
248,3425,3673,0.07240875912408759
88,7410,7498,0.011875843454790824
479,5478,5957,0.08744067177802117
270,9034,9304,0.02988709320345362
104,3529,3633,0.029470104845565316
212,9322,9534,0.02274190087963956
108,7084,7192,0.015245623941276116
138,8827,8965,0.015633850685397077
1221,6232,7453,0.1959242618741977
11,6800,6811,0.0016176470588235294
105,2013,2118,0.05216095380029806
46,2735,2781,0.016819012797074956
91,5114,5205,0.017794290183809153
24,5853,5877,0.004100461301896463
19,4412,4431,0.0043064369900271985
131,4687,4818,0.02794964796244933
48,6531,6579,0.007349563619660083
64,3294,3358,0.019429265330904676
216,4062,4278,0.053175775480059084
42,6696,6738,0.0062724014336917565
78,6856,6934,0.011376896149358226
242,3545,3787,0.06826516220028209
84,4925,5009,0.017055837563451776
2871,8057,10928,0.35633610525009307
340,5718,6058,0.059461350122420424
15,2392,2407,0.006270903010033445
109,5252,5361,0.020753998476770754
1813,6953,8766,0.26075075506975404
119,3298,3417,0.03608247422680412
240,6060,6300,0.039603960396039604
63,4632,4695,0.013601036269430052
231,3990,4221,0.05789473684210526
20,5974,5994,0.0033478406427854034
105,2635,2740,0.03984819734345351
251,16162,16413,0.015530256156416285
1109,2882,3991,0.3848022206800833
901,3965,4866,0.22723833543505675
735,4648,5383,0.15813253012048192
223,4500,4723,0.049555555555555554
344,3892,4236,0.08838643371017471
13,6438,6451,0.002019260639950295
244,8591,8835,0.02840181585380049
22,5535,5557,0.003974706413730804
386,4539,4925,0.08504075787618418
293,5091,5384,0.05755254370457671
21,5485,5506,0.003828623518687329
14,15527,15541,0.0009016551812970954
967,4978,5945,0.19425472077139413
1516,5392,6908,0.2811572700296736
173,8963,9136,0.019301573133995314
79,5537,5616,0.014267653964240564
7148,13161,20309,0.5431198237216017
1518,8103,9621,0.1873380229544613
350,3021,3371,0.11585567692816948
2555,13469,16024,0.1896948548518821
435,4046,4481,0.10751359367276322
198,5464,5662,0.03623718887262079
23,4894,4917,0.00469963220269718
1397,3480,4877,0.4014367816091954
409,6128,6537,0.06674281984334203
55,2344,2399,0.023464163822525596
17,6286,6303,0.002704422526248807
31,4384,4415,0.007071167883211679
383,3009,3392,0.12728481222997673
237,3418,3655,0.06933879461673494
6317,22561,28878,0.2799964540578875
149,7596,7745,0.019615587151132177
199,4492,4691,0.04430097951914515
354,5848,6202,0.06053351573187415
63,6829,6892,0.00922536242495241
2193,5362,7555,0.40898918314061916
68,4114,4182,0.01652892561983471
866,12003,12869,0.07214862950928934
153,5620,5773,0.02722419928825623
27,15583,15610,0.0017326573830456265
2151,5086,7237,0.4229256783326779
631,3434,4065,0.18375072801397788
177,1634,1811,0.10832313341493269
1411,4823,6234,0.2925565001036699
158,2626,2784,0.060167555217060166
52,3419,3471,0.015209125475285171
121,3238,3359,0.03736874613959234
79,2298,2377,0.034377719756309835
76,3099,3175,0.02452404001290739
186,9859,10045,0.018866010751597526
197,7499,7696,0.02627016935591412
57,3494,3551,0.01631368059530624
68,7587,7655,0.00896269935415843
1842,6560,8402,0.2807926829268293
127,2190,2317,0.05799086757990868
59,2885,2944,0.020450606585788563
91,5415,5506,0.01680517082179132
203,3189,3392,0.0636563185951709
60,8011,8071,0.007489701660217202
269,3851,4120,0.06985198649701377
3634,1860,5494,1.9537634408602151
287,2962,3249,0.09689399054692775
48,3266,3314,0.014696876913655848
195,5658,5853,0.0344644750795334
561,2570,3131,0.21828793774319066
40,6238,6278,0.006412311638345623
274,3653,3927,0.07500684369011772
66,2190,2256,0.030136986301369864
61,3186,3247,0.019146264908976772
542,4518,5060,0.11996458610004426
255,7552,7807,0.033765889830508475
99,9379,9478,0.010555496321569463
227,3206,3433,0.07080474111041797
110,7236,7346,0.015201768933112217
638,5223,5861,0.122152019911928
24,4200,4224,0.005714285714285714
839,3796,4635,0.22102212855637512
18,5689,5707,0.0031640007031112673
384,1684,2068,0.22802850356294538
375,3344,3719,0.11214114832535885
943,6031,6974,0.1563588128005306
158,6670,6828,0.02368815592203898
2516,8447,10963,0.29785722741801823
163,8659,8822,0.018824344612541864
61,8397,8458,0.007264499225914017
308,3176,3484,0.09697732997481108
242,7119,7361,0.033993538418317176
238,11742,11980,0.020269119400442855
25,6498,6523,0.003847337642351493
296,2455,2751,0.12057026476578411
144,3140,3284,0.045859872611464965
66,10810,10876,0.0061054579093432005
1703,5213,6916,0.3266832917705736
221,2915,3136,0.0758147512864494
173,4200,4373,0.04119047619047619
40,4951,4991,0.008079175924055746
150,2258,2408,0.06643046944198405
11,4196,4207,0.002621544327931363
66,6449,6515,0.010234144828655605
213,5203,5416,0.04093792043052085
2930,16708,19638,0.1753650945654776
240,5584,5824,0.04297994269340974
400,4167,4567,0.09599232061435085
71,6469,6540,0.01097542123975885
29,6060,6089,0.004785478547854785
51,4768,4819,0.010696308724832215
1422,4042,5464,0.3518060366155369
683,6744,7427,0.10127520759193356
369,1873,2242,0.19701014415376403
282,7240,7522,0.038950276243093926
169,3279,3448,0.051540103690149434
66,6881,6947,0.009591629123673884
34,2747,2781,0.012377138696760102
351,14326,14677,0.024500907441016333
217,3813,4030,0.056910569105691054
11,5121,5132,0.002148017965241164
209,4381,4590,0.047706003195617436
68,6673,6741,0.010190319196763074
17,6630,6647,0.002564102564102564
859,6056,6915,0.1418428005284016
237,3616,3853,0.06554203539823009
56,2460,2516,0.022764227642276424
32,3391,3423,0.009436744323208493
51,5898,5949,0.008646998982706003
797,15624,16421,0.05101126472094214
168,2171,2339,0.07738369415016122
35,4471,4506,0.00782822634757325
34,4518,4552,0.007525453740593183
42,3948,3990,0.010638297872340425
108,7882,7990,0.013702106064450647
147,4654,4801,0.031585732703051136
463,9721,10184,0.04762884476905668
846,5149,5995,0.1643037483006409
716,6460,7176,0.1108359133126935
1739,6891,8630,0.2523581483093891
39,5151,5190,0.007571345369831101
446,6449,6895,0.06915800899364243
20,8301,8321,0.0024093482712926155
110,5124,5234,0.02146760343481655
1010,6997,8007,0.14434757753322852
3260,7149,10409,0.4560078332633935
8129,9761,17890,0.8328040159819691
70,6222,6292,0.011250401800064288
170,6957,7127,0.024435820037372432
6,7068,7074,0.0008488964346349745
1722,3391,5113,0.507814803892657
319,2580,2899,0.12364341085271317
133,2772,2905,0.047979797979797977
166,4228,4394,0.03926206244087039
1429,5214,6643,0.2740698120444956
228,2282,2510,0.09991235758106924
65,2696,2761,0.02410979228486647
20,9055,9075,0.0022087244616234127
810,9385,10195,0.08630793819925413
411,4375,4786,0.09394285714285715
6469,29792,36261,0.2171388292158969
87,7025,7112,0.012384341637010677
334,3429,3763,0.0974044911052785
41,16197,16238,0.002531332962894363
33,4404,4437,0.007493188010899182
659,9545,10204,0.06904138292299633
19,3710,3729,0.005121293800539084
46,4876,4922,0.009433962264150943
42,3889,3931,0.010799691437387503
170,6811,6981,0.024959624137424755
136,4038,4174,0.033680039623576026
591,6218,6809,0.09504663879060792
783,4089,4872,0.19148936170212766
742,9745,10487,0.07614161108260646
166,6228,6394,0.026653821451509314
47,7147,7194,0.006576185812228907
2471,5675,8146,0.43541850220264317
859,4488,5347,0.1913992869875223
41,4898,4939,0.008370763576970192
18,3019,3037,0.0059622391520370984
73,2790,2863,0.026164874551971327
210,3341,3551,0.06285543250523795
98,2625,2723,0.037333333333333336
3367,6714,10081,0.5014894250819184
648,6636,7284,0.09764918625678119
236,4028,4264,0.05858987090367428
1747,4287,6034,0.40751108000933056
1953,4202,6155,0.4647786768205616
58,8489,8547,0.006832371304040523
33,3089,3122,0.01068306895435416
1512,7665,9177,0.19726027397260273
392,4332,4724,0.0904893813481071
120,30494,30614,0.003935200367285368
55,3414,3469,0.01611013473930873
86,4637,4723,0.018546474013370715
53,7006,7059,0.00756494433342849
947,5639,6586,0.16793757758467814
251,5389,5640,0.04657635925032474
157,3512,3669,0.04470387243735763
28,5368,5396,0.005216095380029807
40,6614,6654,0.0060477774417901425
388,8080,8468,0.04801980198019802
34,4197,4231,0.008101024541339052
2508,6018,8526,0.4167497507477567
560,24279,24839,0.023065200378928293
312,3785,4097,0.08243064729194187
226,2837,3063,0.07966161438138879
818,6148,6966,0.13305139882888745
136,3138,3274,0.043339706819630335
66,5154,5220,0.012805587892898719
57,5079,5136,0.011222681630242174
28,5915,5943,0.004733727810650888
337,2870,3207,0.11742160278745645
650,5818,6468,0.11172224132004126
78,10224,10302,0.007629107981220657
367,8939,9306,0.04105604653764403
97,3189,3286,0.03041705863907181
64,2689,2753,0.0238006693938267
383,3244,3627,0.11806411837237978
42,4264,4306,0.009849906191369606
316,7121,7437,0.04437578991714647
52,2553,2605,0.020368194281237758
29,7197,7226,0.004029456718076976
53,5197,5250,0.01019819126419088
142,4770,4912,0.029769392033542976
19,3353,3372,0.0056665672532060845
85,3549,3634,0.023950408565793183
90,23520,23610,0.003826530612244898
57,5245,5302,0.010867492850333652
267,2421,2688,0.11028500619578686
456,5700,6156,0.08
124,1988,2112,0.06237424547283702
197,5617,5814,0.035072102545842976
274,30175,30449,0.009080364540182271
37,3437,3474,0.010765202211230724
388,2848,3236,0.13623595505617977
873,2983,3856,0.2926583975863225
336,3061,3397,0.10976804965697484
218,8391,8609,0.025980216899058516
14,6906,6920,0.002027222704894295
37,2207,2244,0.01676483914816493
236,3975,4211,0.059371069182389935
356,4987,5343,0.07138560256667335
151,3229,3380,0.04676370393310623
16,12255,12271,0.0013055895552835576
385,2986,3371,0.1289350301406564
26,5752,5778,0.004520166898470098
112,2658,2770,0.042136945071482315
33,5551,5584,0.005944874797333814
181,3285,3466,0.05509893455098935
165,6850,7015,0.02408759124087591
350,2877,3227,0.12165450121654502
131,6625,6756,0.019773584905660377
277,4878,5155,0.05678556785567856
265,4506,4771,0.05881047492232579
13,6046,6059,0.0021501819384717167
960,5464,6424,0.17569546120058566
733,3832,4565,0.1912839248434238
111,4906,5017,0.022625356706074195
448,5477,5925,0.08179660398028117
446,3962,4408,0.11256940938919738
6457,11513,17970,0.5608442630070355
99,7824,7923,0.012653374233128834
100,4585,4685,0.021810250817884406
43,5380,5423,0.007992565055762083
1428,10141,11569,0.14081451533379352
639,3808,4447,0.16780462184873948
119,5405,5524,0.022016651248843663
216,4246,4462,0.05087140838436175
667,4825,5492,0.1382383419689119
57,5050,5107,0.011287128712871287
6393,16055,22448,0.3981937091248832
280,5143,5423,0.054442932140773864
24,5606,5630,0.004281127363539065
456,7230,7686,0.06307053941908713
462,6089,6551,0.07587452783708326
625,5955,6580,0.10495382031905962
91,2632,2723,0.034574468085106384
49,6405,6454,0.007650273224043716
14,6869,6883,0.002038142378803319
92,10556,10648,0.008715422508525956
316,3851,4167,0.08205660867307193
43,4016,4059,0.010707171314741035
16,6828,6844,0.0023432923257176333
901,3698,4599,0.24364521362898864
599,5504,6103,0.10882994186046512
458,4668,5126,0.09811482433590403
820,6863,7683,0.11948127640973336
8,4361,4369,0.0018344416418252694
41,4109,4150,0.009978096860550012
38,4091,4129,0.009288682473722807
43,7919,7962,0.005429978532643011
689,5762,6451,0.11957653592502604
472,4059,4531,0.11628479921162849
49,7063,7112,0.006937561942517344
28,5858,5886,0.004779788323659952
750,4354,5104,0.17225539733578318
34,3569,3603,0.009526478005043429
50,5674,5724,0.008812125484666901
589,8270,8859,0.07122128174123338
168,5962,6130,0.028178463602817845
190,7799,7989,0.024362097704833954
275,2421,2696,0.11358942585708386
395,3297,3692,0.11980588413709432
79,3800,3879,0.020789473684210528
29,3986,4015,0.007275464124435524
245,5021,5266,0.04879506074487154
249,10,259,24.9
50,6827,6877,0.007323861139592793
248,2127,2375,0.11659614480488951
66,5824,5890,0.011332417582417582
846,4247,5093,0.19919943489522016
29,4871,4900,0.005953602956271813
942,4571,5513,0.206081820170641
676,5111,5787,0.1322637448640188
86,2747,2833,0.031306880232981435
2926,7114,10040,0.41130165870115265
343,3993,4336,0.08590032556974705
872,6087,6959,0.14325611959914572
462,2,464,231.0
162,7446,7608,0.021756647864625302
53,4774,4827,0.011101801424382069
18,6112,6130,0.0029450261780104713
1579,4941,6520,0.31957093705727585
1393,3982,5375,0.34982420894023103
886,8077,8963,0.1096941933886344
47,3358,3405,0.01399642644431209
619,7089,7708,0.08731838058964593
886,4252,5138,0.2083725305738476
58,3905,3963,0.014852752880921895
53,9849,9902,0.005381256980404102
35,5488,5523,0.006377551020408163
51,7524,7575,0.006778309409888357
59,4476,4535,0.013181411974977658
193,5776,5969,0.033414127423822715
2856,6393,9249,0.44673862036602535
35,3192,3227,0.010964912280701754
501,5760,6261,0.08697916666666666
18,4049,4067,0.004445542109162756
374,3999,4373,0.0935233808452113
3139,7016,10155,0.447405929304447
266,2539,2805,0.10476565576998818
227,4104,4331,0.055311890838206625
261,3472,3733,0.07517281105990783
181,3422,3603,0.052893045002922266
2616,10669,13285,0.2451963632955291
749,10873,11622,0.06888623195070358
23,10157,10180,0.002264448163827902
161,3094,3255,0.05203619909502263
36,4910,4946,0.007331975560081467
1428,5734,7162,0.2490408092082316
544,5190,5734,0.1048169556840077
136,6017,6153,0.022602625893302312
16,9555,9571,0.001674515960230246
202,4497,4699,0.04491883477874138
59,5758,5817,0.010246613407433136
87,6585,6672,0.013211845102505695
60,4054,4114,0.01480019733596448
46,7574,7620,0.006073409030895168
87,3090,3177,0.02815533980582524
349,3255,3604,0.10721966205837173
139,4051,4190,0.03431251542828931
378,4325,4703,0.08739884393063584
456,4717,5173,0.09667161331354675
108,6803,6911,0.01587534911068646
46,5173,5219,0.008892325536439203
655,5321,5976,0.12309716218755873
69,2767,2836,0.02493675460787857
202,4732,4934,0.04268808114961961
616,4866,5482,0.1265926839293054
54,4511,4565,0.011970738195522057
318,3263,3581,0.09745632853202574
62,4205,4267,0.014744351961950059
122,3120,3242,0.0391025641025641
59,5420,5479,0.010885608856088561
114,8014,8128,0.014225106064387321
32,8536,8568,0.0037488284910965324
404,4245,4649,0.09517078916372203
41,5448,5489,0.007525697503671072
745,5006,5751,0.1488214143028366
165,8587,8752,0.01921509258180971
260,8444,8704,0.030791094268119375
278,7262,7540,0.03828146516111264
1971,5544,7515,0.3555194805194805
1341,3088,4429,0.43426165803108807
726,6363,7089,0.1140971239981141
722,4445,5167,0.162429696287964
32,5341,5373,0.00599138738064033
37,7198,7235,0.005140316754654071
147,7421,7568,0.019808651125185286
50,4221,4271,0.011845534233593935
91,7710,7801,0.011802853437094682
80,6739,6819,0.011871197507048523
124,5741,5865,0.021599024560181153
163,3913,4076,0.04165601840020445
363,4586,4949,0.07915394679459224
1472,5507,6979,0.2672961685128019
117,4254,4371,0.027503526093088856
976,8723,9699,0.11188811188811189
149,2139,2288,0.06965871902758299
61,4146,4207,0.014712976362759285
27,3833,3860,0.007044090790503522
259,7941,8200,0.032615539604583806
130,10801,10931,0.012035922599759281
67,4861,4928,0.013783172186792841
616,3560,4176,0.17303370786516853
71,3397,3468,0.020900794818957905
825,4514,5339,0.18276473194505982
56,2665,2721,0.02101313320825516
15,9117,9132,0.0016452780519907865
73,3482,3555,0.02096496266513498
1110,5866,6976,0.18922604841459256
2302,2069,4371,1.1126147897535041
91,5042,5133,0.01804839349464498
41,5299,5340,0.007737308926212493
322,4116,4438,0.0782312925170068
58,2789,2847,0.020795984223736106
1188,10323,11511,0.11508282476024412
385,1363,1748,0.28246515040352166
70,4963,5033,0.014104372355430184
259,3066,3325,0.08447488584474885
333,2865,3198,0.1162303664921466
43,9366,9409,0.0045910740978005555
6580,8985,15565,0.7323316638842515
342,4262,4604,0.08024401689347724
2226,4954,7180,0.4493338716188938
181,3112,3293,0.058161953727506426
48,8153,8201,0.005887403409787808
472,2947,3419,0.16016287750254496
131,5097,5228,0.025701392976260545
10213,9760,19973,1.0464139344262295
62,5901,5963,0.010506693780715132
481,4240,4721,0.1134433962264151
974,2906,3880,0.33516861665519615
1284,5198,6482,0.24701808387841478
1329,5419,6748,0.24524820077505075
479,5426,5905,0.08827865831183192
68,2962,3030,0.022957461174881837
100,6857,6957,0.01458363715910748
845,2762,3607,0.3059377262853005
116,6181,6297,0.018767189775117293
940,5451,6391,0.17244542285819114
24,2677,2701,0.008965259618976467
184,2600,2784,0.07076923076923076
315,6673,6988,0.04720515510265248
385,2126,2511,0.1810912511759172
200,4190,4390,0.0477326968973747
125,7160,7285,0.017458100558659217
229,2993,3222,0.07651186100902105
46,3389,3435,0.013573325464738861
150,2480,2630,0.06048387096774194
213,4879,5092,0.04365648698503792
291,5295,5586,0.054957507082152975
21,3308,3329,0.0063482466747279325
171,4907,5078,0.03484817607499491
94,3678,3772,0.0255573681348559
1512,10270,11782,0.14722492697176243
8,5303,5311,0.0015085800490288515
50,4840,4890,0.010330578512396695
211,4043,4254,0.05218896858768241
6975,5461,12436,1.27723860098883
160,4377,4537,0.03655471784327165
27,3554,3581,0.0075970737197523916
65,5335,5400,0.01218369259606373
109,1979,2088,0.05507832238504295
639,6206,6845,0.102964872703835
41,5159,5200,0.007947276603993022
138,5783,5921,0.023863046861490576
5223,5266,10489,0.9918344094189138
772,6913,7685,0.11167365832489512
428,4982,5410,0.08590927338418305
47,7080,7127,0.006638418079096045
129,3264,3393,0.03952205882352941
498,4392,4890,0.1133879781420765
306,3678,3984,0.08319738988580751
1141,5640,6781,0.2023049645390071
37,4216,4253,0.008776091081593928
11,3915,3926,0.00280970625798212
66,4230,4296,0.015602836879432624
133,6461,6594,0.020585048754062838
55,6861,6916,0.008016324150998396
69,5519,5588,0.012502264903062148
6450,23571,30021,0.2736413389334352
920,5655,6575,0.16268788682581786
439,5193,5632,0.0845368765646062
196,5597,5793,0.0350187600500268
55,5156,5211,0.010667183863460047
648,5340,5988,0.12134831460674157
282,6661,6943,0.042335985587749585
150,9202,9352,0.01630080417300587
4225,5194,9419,0.813438582980362
1616,11373,12989,0.1420909170843225
202,4807,5009,0.04202205117536925
16,5541,5557,0.0028875654214040787
281,2088,2369,0.13457854406130268
94,4827,4921,0.019473793246322767
34,4186,4220,0.008122312470138558
335,4901,5236,0.0683533972658641
196,4597,4793,0.04263650206656515
10,7374,7384,0.0013561160835367507
2612,15435,18047,0.16922578555231615
32,5145,5177,0.006219630709426628
156,12167,12323,0.01282156653242377
1515,3077,4592,0.49236269093272667
2867,9053,11920,0.31669059980117087
593,5552,6145,0.10680835734870317
558,5889,6447,0.09475292919001528
293,6854,7147,0.04274875984826379
23,16203,16226,0.00141949021786089
33,3999,4032,0.008252063015753939
361,4269,4630,0.08456312953853362
63,2389,2452,0.026370866471326915
341,3843,4184,0.08873276086390841
1190,11766,12956,0.10113887472378039
38,3844,3882,0.009885535900104058
43,6567,6610,0.0065478909700015225
57,7448,7505,0.007653061224489796
70,3236,3306,0.021631644004944377
103,4864,4967,0.021175986842105265
592,3588,4180,0.16499442586399107
13,4466,4479,0.002910882221227049
118,4713,4831,0.02503713133884999
30,7708,7738,0.0038920601971977166
87,16337,16424,0.005325335128848626
118,5000,5118,0.0236
1165,3430,4595,0.3396501457725947
36,5405,5441,0.0066604995374653095
318,3723,4041,0.0854149879129734
233,6512,6745,0.03578009828009828
102,7913,8015,0.012890180715278655
136,6458,6594,0.021059151440074326
1332,6759,8091,0.1970705725699068
160,4838,4998,0.03307151715584952
522,5216,5738,0.10007668711656442
43,5260,5303,0.00817490494296578
54,3013,3067,0.017922336541652838
265,4016,4281,0.06598605577689243
59,5339,5398,0.011050758569020417
506,7996,8502,0.0632816408204102
104,3205,3309,0.032449297971918874
81,11430,11511,0.007086614173228346
349,4872,5221,0.07163382594417077
226,2360,2586,0.09576271186440678
35,3616,3651,0.009679203539823008
47,3663,3710,0.01283101283101283
871,4901,5772,0.17771883289124668
156,2443,2599,0.06385591485878019
460,6528,6988,0.0704656862745098
371,10783,11154,0.034406009459334135
1747,5274,7021,0.33124762988244216
71,4269,4340,0.016631529632232373
51,6933,6984,0.0073561228905235825
2807,13674,16481,0.20528009360830773
306,4251,4557,0.07198306280875089
1236,2880,4116,0.42916666666666664
739,5868,6607,0.12593728698023177
235,3737,3972,0.06288466684506289
86,4660,4746,0.018454935622317595
67,3660,3727,0.01830601092896175
118,6088,6206,0.01938239159001314
1485,17002,18487,0.08734266556875661
1099,11892,12991,0.0924150689539186
85,5299,5384,0.01604076240800151
126,5949,6075,0.02118003025718608
68,4919,4987,0.01382394795690181
2872,10256,13128,0.2800312012480499
291,3404,3695,0.0854876615746181
668,4324,4992,0.15448658649398705
95,6035,6130,0.015741507870753936
20,4261,4281,0.004693733865289838
1997,3685,5682,0.5419267299864314
64,5161,5225,0.012400697539236581
576,10008,10584,0.05755395683453238
31,5726,5757,0.005413901501921062
979,7271,8250,0.1346444780635401
987,5388,6375,0.183184855233853
1747,5890,7637,0.2966044142614601
68,2336,2404,0.02910958904109589
215,4349,4564,0.04943665210393194
72,5379,5451,0.013385387618516454
13,3150,3163,0.004126984126984127
189,4852,5041,0.038953009068425394
309,7067,7376,0.04372435262487619
35,5430,5465,0.006445672191528545
215,4298,4513,0.050023266635644485
466,6861,7327,0.06792012826118642
304,3512,3816,0.08656036446469248
130,4089,4219,0.031792614331132306
5637,6831,12468,0.8252086078173034
160,5037,5197,0.03176493944808418
36,5271,5307,0.006829823562891292
232,3586,3818,0.06469604015616286
51,4379,4430,0.011646494633477963
105,1172,1277,0.08959044368600683
2617,7017,9634,0.3729514037337894
256,4527,4783,0.05654959134084383
214,3766,3980,0.05682421667551779
35,2914,2949,0.012010981468771447
888,6284,7172,0.1413112667091025
361,8667,9028,0.04165224414445598
152,9079,9231,0.016741931930829387
874,4503,5377,0.1940928270042194
198,2725,2923,0.0726605504587156
154,2978,3132,0.051712558764271326
98,6686,6784,0.014657493269518396
170,6155,6325,0.02761982128350934
32,5211,5243,0.006140855881788524
309,2645,2954,0.11682419659735349
171,5213,5384,0.03280260886245924
124,7919,8043,0.015658542745296124
71,3251,3322,0.021839434020301446
89,2950,3039,0.03016949152542373
114,5085,5199,0.022418879056047197
18,22416,22434,0.0008029978586723769
210,3535,3745,0.0594059405940594
19,6584,6603,0.002885783718104496
350,4947,5297,0.07074994946432181
44,4719,4763,0.009324009324009324
65,5766,5831,0.011272979535206382
284,8052,8336,0.03527074018877298
489,5275,5764,0.09270142180094787
126,7303,7429,0.01725318362316856
140,4235,4375,0.03305785123966942
136,2693,2829,0.05050129966580022
46,4487,4533,0.01025183864497437
142,4843,4985,0.02932066900681396
78,8104,8182,0.0096248766041461
73,2570,2643,0.02840466926070039
318,5652,5970,0.05626326963906582
646,21315,21961,0.030307295331925874
81,3620,3701,0.022375690607734807
352,18785,19137,0.018738355070535
58,5743,5801,0.010099251262406407
6659,5811,12470,1.1459301325073137
321,6920,7241,0.04638728323699422
168,3483,3651,0.04823428079242033
759,5031,5790,0.15086463923673227
68,3164,3232,0.021491782553729456
102,2905,3007,0.0351118760757315
1842,4802,6644,0.38359017076218244
172,6879,7051,0.025003634249164124
250,4420,4670,0.05656108597285068
20,4785,4805,0.0041797283176593526
169,4338,4507,0.03895804518211157
991,6196,7187,0.15994189799870884
163,3914,4077,0.04164537557485948
32,3172,3204,0.01008827238335435
888,5625,6513,0.15786666666666666
766,5345,6111,0.143311506080449
130,15683,15813,0.008289230376841166
129,3116,3245,0.041399229781771504
271,3865,4136,0.07011642949547219
1204,5196,6400,0.2317167051578137
355,3128,3483,0.11349104859335038
99,6451,6550,0.015346457913501782
58,8477,8535,0.006842043175651764
68,3630,3698,0.018732782369146005
357,5055,5412,0.07062314540059347
3931,7702,11633,0.5103869124902622
1748,4352,6100,0.4016544117647059
304,3804,4108,0.07991587802313355
77,4542,4619,0.016952884191985908
1012,3476,4488,0.2911392405063291
79,4530,4609,0.017439293598233995
168,3209,3377,0.05235275786849486
50,8834,8884,0.005659950192438306
68,10149,10217,0.006700167504187605
151,3694,3845,0.04087709799675149
44,3622,3666,0.012147984538928768
1771,5949,7720,0.2976970919482266
128,4590,4718,0.027886710239651415
68,6384,6452,0.010651629072681704
131,6414,6545,0.020424072341752416
32,5188,5220,0.006168080185042405
49,6025,6074,0.008132780082987552
37,4674,4711,0.007916131792896876
234,3804,4038,0.061514195583596214
41,5265,5306,0.00778727445394112
69,4787,4856,0.014414038019636515
238,7371,7609,0.032288698955365625
38,4878,4916,0.007790077900779008
70,7537,7607,0.009287514926363274
98,7345,7443,0.013342409802586793
42,5809,5851,0.007230160096402135
236,15472,15708,0.015253360910031023
535,6202,6737,0.08626249596904224
69,3680,3749,0.01875
65,3746,3811,0.017351841964762412
14,3888,3902,0.00360082304526749
34,5716,5750,0.005948215535339398
48,4008,4056,0.011976047904191617
103,7766,7869,0.013262941024980685
7131,5617,12748,1.2695388997685597
1398,6671,8069,0.20956378354069854
250,4417,4667,0.05659950192438307
90,3373,3463,0.026682478505781204
69,5459,5528,0.01263967759662942
290,3403,3693,0.08521892447840142
648,4503,5151,0.14390406395736177
35,8463,8498,0.0041356492969396195
604,3928,4532,0.15376782077393075
53,6333,6386,0.008368861519027318
285,5704,5989,0.049964936886395514
18,3480,3498,0.005172413793103448
42,2359,2401,0.017804154302670624
667,5732,6399,0.11636427076064201
36,3673,3709,0.009801252382248844
25,4051,4076,0.006171315724512466
54,3068,3122,0.017601043024771838
28,11393,11421,0.0024576494338628984
26,8669,8695,0.002999192525089399
112,10414,10526,0.010754753216823508
283,8678,8961,0.03261120073749712
41,4897,4938,0.008372472942617929
378,6333,6711,0.05968735196589294
26,3468,3494,0.007497116493656286
451,2659,3110,0.16961263632944715
78,3822,3900,0.02040816326530612
21,6772,6793,0.0031010041346721797
162,8135,8297,0.019913952059004304
925,5112,6037,0.18094679186228482
551,3465,4016,0.15901875901875903
97,2637,2734,0.03678422449753508
324,4307,4631,0.075226375667518
1462,6390,7852,0.22879499217527385
2576,6274,8850,0.4105833598979917
19,5940,5959,0.0031986531986531986
418,2816,3234,0.1484375
125,24,149,5.208333333333333
72,3440,3512,0.020930232558139535
180,1602,1782,0.11235955056179775
66,4478,4544,0.014738722644037517
5796,3722,9518,1.5572272971520689
47,958,1005,0.049060542797494784
179,3774,3953,0.047429782723900374
450,6941,7391,0.06483215674974788
368,13926,14294,0.026425391354301307
70,5294,5364,0.013222516055912353
113,4509,4622,0.02506098913284542
22,7919,7941,0.002778128551584796
71,6254,6325,0.01135273425007995
134,7459,7593,0.01796487464807615
1342,10451,11793,0.12840876471151086
41,4338,4379,0.009451360073766712
134,2429,2563,0.055166735282009056
51,5655,5706,0.009018567639257295
60,6176,6236,0.009715025906735751
35,5410,5445,0.006469500924214418
9,6627,6636,0.001358080579447714
976,8202,9178,0.11899536698366252
229,24887,25116,0.009201591192188692
315,4389,4704,0.07177033492822966
493,7428,7921,0.06637049003769521
39,3883,3922,0.010043780582024209
350,1824,2174,0.19188596491228072
374,4044,4418,0.09248269040553907
574,6181,6755,0.0928652321630804
283,4606,4889,0.06144159791576205
35,4825,4860,0.007253886010362694
48,6679,6727,0.007186704596496482
112,9944,10056,0.011263073209975865
1413,10753,12166,0.13140518924951178
415,17101,17516,0.024267586690836795
79,3631,3710,0.021757091710272652
124,4593,4717,0.026997605051164816
59,4484,4543,0.013157894736842105
199,3614,3813,0.055063641394576646
307,2933,3240,0.1046709853392431
11,3925,3936,0.002802547770700637
1694,5405,7099,0.313413506012951
530,6679,7209,0.07935319658631532
46,6006,6052,0.007659007659007659
70,4040,4110,0.017326732673267328
269,3573,3842,0.07528687377553876
486,3739,4225,0.12998127841668897
45,5997,6042,0.007503751875937969
18,7119,7137,0.0025284450063211127
309,5783,6092,0.05343247449420716
39,2867,2906,0.013603069410533658
643,6309,6952,0.10191789507053416
78,3167,3245,0.024628986422481843
137,6480,6617,0.021141975308641977
201,9338,9539,0.02152495180980938
367,6727,7094,0.05455626579455924
36,6746,6782,0.005336495701156241
1930,8552,10482,0.22567820392890553
535,6645,7180,0.08051166290443942
257,5227,5484,0.049167782666921754
1372,8314,9686,0.1650228530190041
1568,4958,6526,0.3162565550625252
33,3072,3105,0.0107421875
23,5212,5235,0.004412893323100537
190,4690,4880,0.04051172707889126
872,6379,7251,0.13669854209123686
1500,6087,7587,0.2464268112370626
28,6685,6713,0.004188481675392671
27,3931,3958,0.006868481302467566
163,2303,2466,0.07077724706904039
948,5075,6023,0.18679802955665026
11,3852,3863,0.0028556593977154725
127,4836,4963,0.026261373035566585
177,3114,3291,0.05684007707129094
301,9488,9789,0.031724283305227655
287,4191,4478,0.0684800763540921
59,2924,2983,0.02017783857729138
68,4237,4305,0.016049091338211
160,4291,4451,0.0372873456070846
34,5211,5245,0.006524659374400307
136,6478,6614,0.020994133991972832
5675,11958,17633,0.4745776885766851
434,5424,5858,0.08001474926253688
168,6978,7146,0.02407566638005159
180,5481,5661,0.03284072249589491
79,2200,2279,0.03590909090909091
98,4960,5058,0.01975806451612903
211,6146,6357,0.03433127237227465
36,2696,2732,0.013353115727002967
104,5811,5915,0.017897091722595078
531,4656,5187,0.11404639175257732
508,5913,6421,0.08591239641467951
374,1649,2023,0.2268041237113402
16,3582,3598,0.00446677833612507
356,5202,5558,0.06843521722414456
41,10383,10424,0.003948762400077049
113,4116,4229,0.027453838678328474
368,9258,9626,0.03974940591920501
34,6532,6566,0.0052051439069197795
47,9210,9257,0.00510314875135722
107,3187,3294,0.0335738939441481
71,5820,5891,0.012199312714776632
45,7464,7509,0.006028938906752411
560,6984,7544,0.08018327605956473
750,7659,8409,0.09792401096748923
23,6240,6263,0.003685897435897436
295,5026,5321,0.05869478710704337
35,5409,5444,0.006470696986503975
873,5300,6173,0.16471698113207547
64,3544,3608,0.01805869074492099
1372,10896,12268,0.12591776798825258
1469,4419,5888,0.332428151165422
2311,5911,8222,0.3909659956014211
121,4909,5030,0.024648604603788957
55,2755,2810,0.019963702359346643
175,5874,6049,0.029792305073203948
241,3921,4162,0.06146391226727876
41,7398,7439,0.005542038388753718
100,23332,23432,0.004285959197668438
13,4046,4059,0.003213049925852694
1453,7156,8609,0.20304639463387367
188,4442,4630,0.042323277802791534
607,4163,4770,0.14580831131395627
413,4373,4786,0.09444317402241025
180,1793,1973,0.1003904071388734
64,4661,4725,0.013730959021669169
338,6483,6821,0.05213635662501928
2287,3478,5765,0.6575618171362853
217,4262,4479,0.05091506335053965
1419,3293,4712,0.4309140601275433
376,5159,5535,0.07288234153905795
57,4969,5026,0.011471120949889314
463,5364,5827,0.08631618195376585
509,5760,6269,0.08836805555555556
500,9503,10003,0.05261496369567505
117,6068,6185,0.019281476598549768
443,2785,3228,0.15906642728904846
548,6039,6587,0.09074350057956615
882,6912,7794,0.12760416666666666
207,4190,4397,0.049403341288782814
108,4162,4270,0.025949062950504566
99,8195,8294,0.012080536912751677
68,8420,8488,0.008076009501187649
41,3571,3612,0.01148137776533184
378,4878,5256,0.07749077490774908
46,3792,3838,0.012130801687763712
277,6844,7121,0.040473407364114554
66,5884,5950,0.011216859279401768
619,6239,6858,0.09921461772719987
89,4269,4358,0.020847973764347622
2935,16727,19662,0.17546481736115263
319,6711,7030,0.04753389956787364
60,2962,3022,0.02025658338960162
60,3411,3471,0.01759014951627089
61,6369,6430,0.009577641701994034
27,11423,11450,0.002363652280486737
44,3794,3838,0.011597258829731154
171,4865,5036,0.035149023638232274
98,5112,5210,0.01917057902973396
18,4700,4718,0.003829787234042553
59,2807,2866,0.02101888136800855
40,6046,6086,0.006615944426066821
228,6929,7157,0.032905181122817144
294,6123,6417,0.048015678588927
1472,3749,5221,0.39263803680981596
180,8212,8392,0.021919142717973697
130,5731,5861,0.022683650322805792
40,4597,4637,0.008701326952360235
102,7575,7677,0.013465346534653465
37,5618,5655,0.006585973656105376
2326,5406,7732,0.43026267110617833
30,5520,5550,0.005434782608695652
35,5162,5197,0.006780317706315381
208,5231,5439,0.03976295163448671
51,2179,2230,0.023405231757687012
55,2979,3034,0.018462571332661968
39,8817,8856,0.004423273222184417
2262,5043,7305,0.44854253420582985
16,5813,5829,0.0027524514020299327
57,3023,3080,0.01885544161429044
45,3623,3668,0.012420645873585427
458,2924,3382,0.15663474692202461
712,2614,3326,0.2723794950267789
344,3342,3686,0.10293237582286056
892,4092,4984,0.2179863147605083
406,4147,4553,0.0979020979020979
242,5993,6235,0.040380443851159686
77,4348,4425,0.017709291628334865
47,4796,4843,0.009799833194328608
2842,4098,6940,0.6935090287945339
74,4428,4502,0.016711833785004515
464,4869,5333,0.09529677551858698
497,2812,3309,0.1767425320056899
225,3983,4208,0.056490082852121516
69,3547,3616,0.01945305892303355
54,3567,3621,0.015138772077375946
532,5650,6182,0.09415929203539823
40,6896,6936,0.00580046403712297
3047,11746,14793,0.2594074578579942
197,5963,6160,0.03303706188160322
114,5239,5353,0.021759877839282307
1174,12183,13357,0.09636378560288927
77,3437,3514,0.02240325865580448
217,3391,3608,0.0639929224417576
92,4038,4130,0.022783556215948488
45,1691,1736,0.026611472501478415
349,3793,4142,0.09201160031637226
34,5697,5731,0.00596805336141829
464,4794,5258,0.09678765123070505
144,4201,4345,0.0342775529635801
26,6096,6122,0.00426509186351706
1732,5298,7030,0.3269158172895432
159,5234,5393,0.0303782957585021
9,13891,13900,0.0006479015189691167
50,3031,3081,0.01649620587264929
46,4905,4951,0.009378185524974516
35,6133,6168,0.005706831893037665
60,8911,8971,0.006733251038042868
171,3548,3719,0.04819616685456595
60,4219,4279,0.01422137947380896
237,2365,2602,0.10021141649048626
379,4331,4710,0.08750865850842761
169,3339,3508,0.050613956274333634
639,6248,6887,0.10227272727272728
2192,7237,9429,0.3028879369904657
558,6424,6982,0.08686176836861768
33,7730,7763,0.0042690815006468305
25,5465,5490,0.004574565416285453
182,2568,2750,0.07087227414330217
73,2642,2715,0.027630582891748676
62,4617,4679,0.013428633311674248
16,9239,9255,0.001731789154670419
72,4254,4326,0.01692524682651622
27,3928,3955,0.006873727087576375
97,4719,4816,0.020555202373384193
38,4818,4856,0.0078870900788709
413,4848,5261,0.08518976897689769
140,3407,3547,0.04109186968007044
10126,27589,37715,0.3670303381782595
313,2801,3114,0.111745805069618
31,5540,5571,0.005595667870036101
126,6731,6857,0.01871935819343337
14,6590,6604,0.0021244309559939304
29,6327,6356,0.004583530899320373
33,17477,17510,0.0018881959146306575
53,4459,4512,0.011886073110562907
342,3528,3870,0.09693877551020408
119,4245,4364,0.028032979976442874
64,4350,4414,0.014712643678160919
285,5193,5478,0.05488157134604275
478,6885,7363,0.06942628903413217
45,3766,3811,0.011949017525225704
26,4761,4787,0.005461037597143457
105,2026,2131,0.051826258637709774
105,1609,1714,0.06525792417650715
1058,6055,7113,0.17473162675474815
91,6739,6830,0.013503487164267695
45,9214,9259,0.004883872368135446
19,6329,6348,0.0030020540369726655
63,3944,4007,0.015973630831643004
51,684,735,0.07456140350877193
216,10562,10778,0.020450672221170235
185,7583,7768,0.024396676777001188
105,7191,7296,0.014601585314977055
293,5369,5662,0.054572546097969826
1518,5803,7321,0.26158883336205413
51,5044,5095,0.010111022997620936
434,3739,4173,0.11607381652848354
89,5446,5535,0.016342269555637164
561,5475,6036,0.10246575342465754
227,4993,5220,0.04546364910875225
752,5504,6256,0.13662790697674418
95,2610,2705,0.03639846743295019
127,6569,6696,0.019333231846551988
196,8176,8372,0.023972602739726026
724,6802,7526,0.10643928256395178
313,2923,3236,0.10708176530961341
59,4581,4640,0.012879283999126828
83,4630,4713,0.017926565874730023
21,4049,4070,0.005186465794023216
723,4080,4803,0.17720588235294119
232,5538,5770,0.041892379920548936
109,3806,3915,0.02863899106673673
51,6588,6639,0.007741347905282332
295,3112,3407,0.09479434447300772
242,2875,3117,0.08417391304347827
71,4743,4814,0.014969428631667722
300,5487,5787,0.05467468562055768
10,11373,11383,0.0008792754770069463
117,6426,6543,0.018207282913165267
169,3533,3702,0.04783470138692329
71,5020,5091,0.014143426294820717
388,3493,3881,0.11107930146006298
22,2606,2628,0.00844205679201842
14,3710,3724,0.0037735849056603774
356,5870,6226,0.06064735945485519
1501,4970,6471,0.30201207243460765
672,5561,6233,0.12084157525624888
887,4129,5016,0.2148219907968031
29,4647,4676,0.006240585323864859
44,18617,18661,0.002363431272492883
982,6014,6996,0.16328566677751913
75,3057,3132,0.02453385672227674
251,7831,8082,0.0320521006257183
1430,8062,9492,0.1773753411064252
1733,9491,11224,0.1825940364555895
1472,2598,4070,0.5665896843725943
4601,8134,12735,0.5656503565281534
53,6202,6255,0.00854563044179297
85,2877,2962,0.02954466458116093
125,4775,4900,0.02617801047120419
55,3717,3772,0.014796879203658865
172,3128,3300,0.054987212276214836
5549,13219,18768,0.4197745669112641
143,4837,4980,0.0295637792019847
372,2961,3333,0.12563323201621074
184,4277,4461,0.04302080897825579
643,6179,6822,0.10406214597831365
10,4690,4700,0.0021321961620469083
852,13113,13965,0.0649736902310684
806,9446,10252,0.08532712259157316
93,2574,2667,0.03613053613053613
317,3699,4016,0.08569883752365504
28,4363,4391,0.006417602567041027
75,3453,3528,0.021720243266724587
103,3398,3501,0.03031194820482637
247,3782,4029,0.06530936012691697
305,3634,3939,0.08392955421023665
918,9017,9935,0.10180769657313962
564,8660,9224,0.0651270207852194
95,2934,3029,0.03237900477164281
349,7175,7524,0.0486411149825784
1934,29970,31904,0.0645311978645312
149,5138,5287,0.028999610743479953
350,9364,9714,0.0373771892353695
256,7532,7788,0.033988316516197555
146,18873,19019,0.007735919037778837
1326,9660,10986,0.1372670807453416
219,3059,3278,0.07159202353710363
2754,2978,5732,0.9247817327065144
2421,11230,13651,0.2155832591273375
31,6499,6530,0.004769964609939991
74,2844,2918,0.026019690576652602
126,3670,3796,0.03433242506811989
1887,3026,4913,0.6235955056179775
550,8062,8612,0.06822128504093278
80,5499,5579,0.014548099654482633
627,7151,7778,0.08768004474898615
63,8068,8131,0.007808626673277144
269,7841,8110,0.03430684861624793
21,3822,3843,0.005494505494505495
18,4675,4693,0.0038502673796791446
196,5859,6055,0.03345280764635603
28,3078,3106,0.009096816114359974
18,3484,3502,0.005166475315729047
1751,4518,6269,0.3875608676405489
330,5953,6283,0.055434234839576685
103,5187,5290,0.019857335646809332
680,7166,7846,0.09489254814401339
35,3325,3360,0.010526315789473684
463,3822,4285,0.12114076399790685
1437,5806,7243,0.2475025835342749
307,7104,7411,0.04321509009009009
249,2999,3248,0.08302767589196398
45,4390,4435,0.010250569476082005
159,2850,3009,0.05578947368421053
99,5348,5447,0.01851159311892296
357,6396,6753,0.055816135084427766
320,2926,3246,0.10936431989063568
34,3500,3534,0.009714285714285713
44,3224,3268,0.013647642679900745
2015,5650,7665,0.3566371681415929
29,7766,7795,0.0037342261138295133
50,4132,4182,0.012100677637947725
116,7524,7640,0.01541733120680489
20,4889,4909,0.0040908161178155045
53,9495,9548,0.005581885202738284
52,4242,4294,0.012258368694012258
343,7372,7715,0.04652740097666848
93,4380,4473,0.021232876712328767
221,3061,3282,0.0721986278993793
357,2488,2845,0.1434887459807074
103,8589,8692,0.011992082896728373
2343,4759,7102,0.4923303214961126
478,3148,3626,0.15184243964421856
57,4673,4730,0.012197731649903702
115,6972,7087,0.016494549627079746
186,4476,4662,0.04155495978552279
241,4590,4831,0.052505446623093685
52,7106,7158,0.007317759639741064
16,3866,3882,0.004138644593895499
56,2552,2608,0.0219435736677116
6248,21770,28018,0.2870004593477262
45,6860,6905,0.006559766763848397
24,5419,5443,0.0044288614135449345
6082,4053,10135,1.5006168270416975
71,3035,3106,0.023393739703459638
419,5702,6121,0.073482988425114
708,5800,6508,0.12206896551724138
1164,6780,7944,0.17168141592920355
29,2068,2097,0.01402321083172147
1226,9931,11157,0.12345181754103313
128,3071,3199,0.04168023445131879
14,4547,4561,0.003078953155926985
34,3882,3916,0.008758371973209686
273,4204,4477,0.06493815413891532
37,5357,5394,0.006906850849355983
9,7167,7176,0.0012557555462536626
1604,4874,6478,0.3290931473122692
748,7923,8671,0.09440868357945223
337,5044,5381,0.06681205392545599
346,19334,19680,0.017895934622944035
648,4353,5001,0.14886285320468642
628,4679,5307,0.13421671297285745
133,4073,4206,0.0326540633439725
653,7273,7926,0.08978413309500893
42,11240,11282,0.0037366548042704626
54,8083,8137,0.006680687863417048
23,25624,25647,0.0008975960037464877
13,8329,8342,0.0015608116220434626
243,4672,4915,0.05201198630136986
262,2745,3007,0.09544626593806922
34,6747,6781,0.005039276715577293
356,3511,3867,0.10139561378524636
880,4311,5191,0.2041289723961958
46,5836,5882,0.007882111034955449
31,4328,4359,0.007162661737523105
692,6937,7629,0.09975493729277786
442,11343,11785,0.03896676364277528
137,4026,4163,0.034028812717337306
151,5542,5693,0.02724648141465175
59,3474,3533,0.016983304548071388
34,2742,2776,0.012399708242159009
178,4736,4914,0.03758445945945946
37,5121,5158,0.007225151337629369
493,3275,3768,0.15053435114503816
985,4205,5190,0.2342449464922711
642,7895,8537,0.08131728942368588
314,2407,2721,0.13045284586622352
201,7255,7456,0.027705031013094416
21,7511,7532,0.0027958993476234857
32,8427,8459,0.0037973181440607573
268,3133,3401,0.08554101500159592
2343,4011,6354,0.5841436050860135
282,5285,5567,0.05335856196783349
132,6061,6193,0.021778584392014518
3477,17839,21316,0.19491002858904646
1059,13058,14117,0.08109970899065706
347,4736,5083,0.07326858108108109
29,6495,6524,0.0044649730561970745
246,5625,5871,0.04373333333333333
208,3930,4138,0.05292620865139949
138,3590,3728,0.038440111420612814
626,6757,7383,0.09264466479206748
284,6683,6967,0.0424958850815502
416,5913,6329,0.07035345848131236
67,4219,4286,0.015880540412420006
86,8376,8462,0.010267430754536771
1726,7148,8874,0.24146614437604924
3713,6877,10590,0.5399156608986476
40,19103,19143,0.0020939119510024603
579,5742,6321,0.10083594566353186
1464,5758,7222,0.25425494963529005
410,3442,3852,0.11911679256246369
310,3170,3480,0.09779179810725552
1367,6232,7599,0.21935173299101413
546,5031,5577,0.10852713178294573
353,4111,4464,0.0858671855996108
229,3616,3845,0.06332964601769911
78,6936,7014,0.01124567474048443
307,3704,4011,0.08288336933045357
81,4709,4790,0.01720110426842217
117,5120,5237,0.0228515625
311,3001,3312,0.1036321226257914
50,7244,7294,0.006902263942573164
533,13877,14410,0.03840887799956763
272,4301,4573,0.06324110671936758
45,4036,4081,0.011149653121902874
53,7569,7622,0.007002246003435064
161,8611,8772,0.018697015445360586
299,5282,5581,0.05660734570238546
271,10311,10582,0.026282610803995732
50,4658,4708,0.010734220695577501
87,6826,6913,0.012745385291532376
23,5894,5917,0.003902273498473023
2243,5579,7822,0.40204337694927406
497,6378,6875,0.07792411414236437
49,18454,18503,0.002655250894115097
495,7961,8456,0.06217811832684336
304,4498,4802,0.0675855935971543
338,1485,1823,0.22760942760942762
227,3617,3844,0.06275919270113353
72,3334,3406,0.021595680863827234
1024,3570,4594,0.2868347338935574
165,9150,9315,0.018032786885245903
57,3343,3400,0.017050553395154055
83,3153,3236,0.026324135743736123
334,7971,8305,0.041901894367080667
317,7805,8122,0.040614990390775145
210,2385,2595,0.0880503144654088
83,3694,3777,0.022468868435300486
314,3260,3574,0.09631901840490797
33,3898,3931,0.008465879938429965
244,4228,4472,0.05771050141911069
180,5620,5800,0.03202846975088968
206,10862,11068,0.018965199779046215
161,9580,9741,0.016805845511482256
501,3508,4009,0.1428164196123147
1137,4224,5361,0.26917613636363635
97,9030,9127,0.010741971207087486
582,5946,6528,0.09788092835519677
225,4975,5200,0.04522613065326633
440,4655,5095,0.09452201933404941
333,7270,7603,0.04580467675378267
522,4863,5385,0.10734114743985194
220,9563,9783,0.02300533305448081
107,2660,2767,0.040225563909774435
9,6173,6182,0.0014579620929855823
19,3720,3739,0.00510752688172043
148,3439,3587,0.04303576621110788
90,2820,2910,0.031914893617021274
98,263,361,0.3726235741444867
81,18262,18343,0.004435439710875041
3422,5717,9139,0.5985656813013819
76,4737,4813,0.016043909647456195
1008,4394,5402,0.22940373236231223
575,5649,6224,0.10178792706673748
156,4315,4471,0.03615295480880649
376,22886,23262,0.016429258061697108
36,11485,11521,0.0031345232912494557
121,3078,3199,0.03931124106562703
30,12509,12539,0.0023982732432648495
503,5182,5685,0.09706676958703203
493,5888,6381,0.08372961956521739
257,8557,8814,0.030033890382143276
19,8054,8073,0.0023590762354109758
105,3128,3233,0.03356777493606138
337,5770,6107,0.05840554592720971
38,4410,4448,0.008616780045351474
520,3986,4506,0.13045659809332663
609,5038,5647,0.12088130210400953
630,4664,5294,0.1350771869639794
150,3144,3294,0.04770992366412214
43,4913,4956,0.00875228984327295
70,14984,15054,0.004671649759743727
35,7988,8023,0.0043815723585378065
160,3977,4137,0.04023133014835303
452,439,891,1.029612756264237
36,7615,7651,0.004727511490479317
229,3382,3611,0.06771141336487285
739,4325,5064,0.17086705202312139
121,4418,4539,0.027387958352195565
235,2521,2756,0.09321697738992463
98,3978,4076,0.024635495223730517
6394,12744,19138,0.5017263025737602
1876,12961,14837,0.14474191806187794
171,3710,3881,0.046091644204851755
48,3488,3536,0.013761467889908258
38,6335,6373,0.005998421468034728
1546,6409,7955,0.2412232797628335
176,6785,6961,0.02593957258658806
65,3427,3492,0.018967026553837175
5763,7141,12904,0.8070298277552164
219,1664,1883,0.13161057692307693
74,3492,3566,0.021191294387170677
247,2456,2703,0.1005700325732899
660,5200,5860,0.12692307692307692
324,4621,4945,0.07011469378922311
945,5042,5987,0.18742562475208252
363,20954,21317,0.01732366135344087
380,9360,9740,0.0405982905982906
11,6116,6127,0.0017985611510791368
1644,5162,6806,0.31848120883378533
63,3923,3986,0.016059138414478716
46,6030,6076,0.0076285240464344945
633,2360,2993,0.26822033898305087
28,10153,10181,0.0027578055747069833
135,3997,4132,0.03377533149862397
147,5686,5833,0.025852972212451635
726,6259,6985,0.11599297012302284
642,5917,6559,0.10850092952509718
3119,5612,8731,0.5557733428367784
56,6586,6642,0.00850288490737929
800,6734,7534,0.1188001188001188
52,4435,4487,0.011724915445321308
25,2992,3017,0.008355614973262033
413,4232,4645,0.0975897920604915
3650,9044,12694,0.40358248562582927
305,2769,3074,0.11014806789454677
318,7565,7883,0.04203569068076669
127,5244,5371,0.024218154080854308
456,2392,2848,0.19063545150501673
199,4352,4551,0.04572610294117647
37,3629,3666,0.010195646183521631
346,5695,6041,0.0607550482879719
271,9274,9545,0.029221479404787577
673,4795,5468,0.14035453597497394
68,4040,4108,0.016831683168316833
224,3016,3240,0.07427055702917772
1140,10638,11778,0.10716300056401579
175,5863,6038,0.029848200579907898
44,5641,5685,0.007800035454706612
54,3820,3874,0.014136125654450262
115,4326,4441,0.026583448913546002
69,6193,6262,0.011141611496851283
473,5216,5689,0.09068251533742332
317,3559,3876,0.08906996347288564
82,2599,2681,0.031550596383224314
193,3339,3532,0.05780173704702007
2251,8171,10422,0.27548647656345615
1399,4314,5713,0.3242929995363931
234,3169,3403,0.07384032817923636
129,7813,7942,0.016510943299628825
392,4154,4546,0.09436687530091478
36,6817,6853,0.005280915358662168
59,7721,7780,0.0076414972153866076
45,9899,9944,0.00454591372865946
650,5366,6016,0.12113306000745434
108,3411,3519,0.0316622691292876
396,4576,4972,0.08653846153846154
595,8724,9319,0.0682026593305823
194,3996,4190,0.04854854854854855
2987,7378,10365,0.4048522634860396
520,8281,8801,0.06279434850863422
70,7250,7320,0.009655172413793104
33,9401,9434,0.003510264865439847
915,4106,5021,0.22284461763273258
373,4180,4553,0.08923444976076556
333,6595,6928,0.05049279757391963
70,3648,3718,0.01918859649122807
73,8474,8547,0.008614585791833844
77,3479,3556,0.022132796780684104
246,70,316,3.5142857142857142
506,6039,6545,0.08378870673952642
78,8019,8097,0.009726898615787506
48,7153,7201,0.006710471130993988
16,4283,4299,0.0037356992762082653
99,3345,3444,0.029596412556053813
945,5164,6109,0.1829976762199845
215,3571,3786,0.06020722486698404
483,4911,5394,0.09835064141722663
20,7653,7673,0.0026133542401672546
1094,3519,4613,0.3108837737993748
29,4460,4489,0.006502242152466368
240,2744,2984,0.08746355685131195
633,4388,5021,0.144257064721969
694,5150,5844,0.13475728155339806
58,2166,2224,0.02677746999076639
362,3036,3398,0.11923583662714098
89,5715,5804,0.01557305336832896
111,4834,4945,0.022962350020686802
679,2872,3551,0.23642061281337048
28,2923,2951,0.009579199452617175
134,8063,8197,0.016619124395386334
934,5002,5936,0.18672530987604957
108,7430,7538,0.014535666218034994
171,15649,15820,0.01092721579653652
340,2289,2629,0.14853647881170817
481,4810,5291,0.1
55,5445,5500,0.010101010101010102
106,6680,6786,0.01586826347305389
335,3223,3558,0.10394042817251008
513,6088,6601,0.08426412614980289
71,10525,10596,0.006745843230403801
63,4634,4697,0.013595166163141994
135,3618,3753,0.03731343283582089
129,3245,3374,0.03975346687211094
1393,10015,11408,0.13909136295556665
55,13127,13182,0.004189837739011199
469,5381,5850,0.08715852072105557
183,3333,3516,0.05490549054905491
319,2713,3032,0.11758201253225212
63,3012,3075,0.02091633466135458
932,4180,5112,0.22296650717703348
68,3799,3867,0.017899447222953408
29,6253,6282,0.004637773868543099
123,4547,4670,0.027050802727072797
62,5455,5517,0.011365719523373053
68,4084,4152,0.01665034280117532
55,2315,2370,0.023758099352051837
86,6736,6822,0.012767220902612826
106,6652,6758,0.01593505712567649
129,6422,6551,0.02008720024914357
666,4175,4841,0.15952095808383235
17,3540,3557,0.00480225988700565
255,8416,8671,0.030299429657794676
63,4337,4400,0.014526170163707632
833,4790,5623,0.17390396659707724
1516,4362,5878,0.3475469967904631
310,10533,10843,0.029431311117440424
38,5208,5246,0.007296466973886329
23,3983,4006,0.005774541802661311
83,3289,3372,0.025235633931286104
1477,4723,6200,0.31272496294727925
17,11401,11418,0.001491097272169108
276,4591,4867,0.06011762143323895
37,4263,4300,0.008679333802486512
40,4037,4077,0.009908347783007183
75,4906,4981,0.015287403179779861
48,4492,4540,0.01068566340160285
69,3205,3274,0.021528861154446178
319,3632,3951,0.08783039647577093
138,5949,6087,0.02319717599596571
421,6479,6900,0.06497916345114987
26,4573,4599,0.005685545593702165
355,6842,7197,0.051885413621748026
1519,4121,5640,0.3685998544042708
63,8688,8751,0.007251381215469613
358,4610,4968,0.07765726681127982
432,6150,6582,0.0702439024390244
4618,6587,11205,0.701077880674055
762,20679,21441,0.036848977223269984
143,5325,5468,0.026854460093896713
441,4126,4567,0.10688317983519147
224,3992,4216,0.056112224448897796
29,6342,6371,0.00457269000315358
115,6972,7087,0.016494549627079746
54,2839,2893,0.019020781965480803
81,3186,3267,0.025423728813559324
220,4169,4389,0.052770448548812667
1553,3685,5238,0.421438263229308
212,4018,4230,0.05276256844201095
65,7616,7681,0.008534663865546218
44,6058,6102,0.007263123142951469
271,3668,3939,0.07388222464558343
36,7230,7266,0.004979253112033195
69,9087,9156,0.0075932651039947174
1341,6728,8069,0.19931629013079666
51,4603,4654,0.011079730610471432
221,2518,2739,0.08776806989674345
859,6250,7109,0.13744
2209,11455,13664,0.192841553906591
52,7105,7157,0.007318789584799437
43,4210,4253,0.010213776722090262
13,4614,4627,0.0028175119202427396
245,7517,7762,0.032592789676732736
303,5227,5530,0.05796824182131242
153,5853,6006,0.026140440799589954
569,2540,3109,0.22401574803149607
203,2829,3032,0.07175680452456698
71,3300,3371,0.021515151515151515
881,5459,6340,0.1613848690236307
493,4906,5399,0.10048919690175295
1549,3986,5535,0.38861013547415957
41,5128,5169,0.007995319812792511
839,5361,6200,0.15650065286327178
73,4004,4077,0.018231768231768232
183,5263,5446,0.034771043131293936
12,8522,8534,0.0014081201595869514
310,9553,9863,0.032450539097665654
1586,5164,6750,0.30712625871417504
708,5367,6075,0.13191727221911684
915,4055,4970,0.22564734895191121
49,6134,6183,0.007988262145418977
47,2954,3001,0.015910629654705483
552,5539,6091,0.0996569777938256
375,3068,3443,0.12222946544980444
38,7934,7972,0.004789513486261659
977,3199,4176,0.30540793998124416
238,13010,13248,0.018293620292083014
36,4112,4148,0.008754863813229572
45,5653,5698,0.007960375022112153
47,3795,3842,0.01238471673254282
16,3749,3765,0.004267804747932782
39,5629,5668,0.006928406466512702
308,6002,6310,0.05131622792402533
265,3153,3418,0.08404693942277196
58,4217,4275,0.013753853450320134
396,3207,3603,0.1234798877455566
200,2216,2416,0.09025270758122744
78,4344,4422,0.017955801104972375
386,2200,2586,0.17545454545454545
1737,5395,7132,0.32196478220574604
195,6659,6854,0.02928367622766181
1125,6527,7652,0.1723609621571932
247,3844,4091,0.06425598335067638
15,8132,8147,0.0018445646827348746
52,5861,5913,0.008872206108172668
28,8215,8243,0.003408399269628728
19,5973,5992,0.003180981081533568
255,9678,9933,0.02634841909485431
183,4498,4681,0.040684748777234325
234,8054,8288,0.02905388626769307
3151,7031,10182,0.4481581567344617
167,187,354,0.893048128342246
59,2227,2286,0.026493039964077234
22,3472,3494,0.006336405529953917
195,3910,4105,0.049872122762148335
43,4287,4330,0.010030324236062515
757,10125,10882,0.07476543209876543
348,4364,4712,0.07974335472043996
32,6580,6612,0.004863221884498481
401,7029,7430,0.05704936690852184
207,7754,7961,0.026695898890895024
327,6349,6676,0.05150417388565128
372,10539,10911,0.03529746655280387
29,3964,3993,0.0073158425832492435
136,3104,3240,0.04381443298969072
112,7621,7733,0.014696234090014434
2333,5037,7370,0.4631725233273774
195,6982,7177,0.02792896018332856
74,6347,6421,0.01165905152040334
658,10461,11119,0.06290029633878215
69,5471,5540,0.012611953938950832
228,24213,24441,0.009416429190930492
39,4980,5019,0.00783132530120482
19,3266,3285,0.005817513778322106
91,6884,6975,0.013219058686809995
57,6513,6570,0.008751727314601566
841,3969,4810,0.21189216427311666
807,8785,9592,0.09186112692088788
283,4554,4837,0.062143170838823016
315,5176,5491,0.060857805255023184
684,5622,6306,0.12166488794023479
318,7306,7624,0.04352586914864495
94,7296,7390,0.012883771929824562
463,8788,9251,0.052685480200273097
388,4638,5026,0.08365674859853385
84,5977,6061,0.014053873180525348
54,3513,3567,0.015371477369769428
75,2689,2764,0.027891409445890667
50,6540,6590,0.00764525993883792
126,3916,4042,0.032175689479060264
84,7875,7959,0.010666666666666666
32,4042,4074,0.007916872835230085
77,4562,4639,0.016878562034195528
135,4429,4564,0.03048092120117408
147,8354,8501,0.017596361024658846
218,2676,2894,0.08146487294469357
141,2766,2907,0.0509761388286334
153,3640,3793,0.042032967032967036
14,3780,3794,0.003703703703703704
175,3066,3241,0.05707762557077625
77,12433,12510,0.006193195528030242
45,2666,2711,0.01687921980495124
106,3478,3584,0.030477285796434734
1417,4198,5615,0.33754168651738925
23,4593,4616,0.005007620291748313
201,3407,3608,0.05899618432638685
872,5770,6642,0.1511265164644714
124,5303,5427,0.023382990759947198
32,3810,3842,0.008398950131233596
321,3876,4197,0.08281733746130031
118,7612,7730,0.015501839201261167
10,5266,5276,0.0018989745537409798
27,2749,2776,0.009821753364859949
233,3388,3621,0.06877213695395513
108,6463,6571,0.01671050595698592
748,7927,8675,0.09436104453134855
2136,3400,5536,0.6282352941176471
82,2894,2976,0.028334485141672427
212,5609,5821,0.037796398645034764
573,4031,4604,0.14214835028528902
63,5198,5261,0.012120046171604464
224,4365,4589,0.05131729667812142
45,7691,7736,0.005850994669093746
263,2683,2946,0.0980245993291092
193,3953,4146,0.04882367821907412
350,4180,4530,0.08373205741626795
258,3613,3871,0.07140880154995849
69,4198,4267,0.01643639828489757
212,3331,3543,0.06364455118583008
97,7819,7916,0.012405678475508377
60,3406,3466,0.017615971814445096
1793,2778,4571,0.6454283657307416
362,2804,3166,0.1291012838801712
6264,5170,11434,1.211605415860735
82,3133,3215,0.026172997127353975
1406,4213,5619,0.3337289342511275
3988,8437,12425,0.472679862510371
53,3855,3908,0.013748378728923476
1126,1184,2310,0.9510135135135135
56,2977,3033,0.018810883439704402
534,3486,4020,0.153184165232358
54,5946,6000,0.009081735620585268
62,3759,3821,0.016493748337323755
361,5956,6317,0.06061114842175957
130,1894,2024,0.06863780359028511
229,6181,6410,0.037049021193981554
554,2250,2804,0.24622222222222223
35,3598,3633,0.009727626459143969
92,4543,4635,0.020250935505172794
820,3375,4195,0.24296296296296296
48,6943,6991,0.0069134379951029815
53,8840,8893,0.005995475113122172
876,4455,5331,0.19663299663299663
25,3553,3578,0.007036307345904869
47,5638,5685,0.00833628946434906
55,8267,8322,0.006652957542034595
94,3896,3990,0.024127310061601643
13,9552,9565,0.0013609715242881072
40,4838,4878,0.00826787928896238
668,7238,7906,0.09229068803536888
18,3431,3449,0.0052462838822500725
472,2890,3362,0.16332179930795848
1326,8684,10010,0.15269461077844312
1026,5190,6216,0.1976878612716763
57,3590,3647,0.015877437325905294
22,10250,10272,0.0021463414634146343
12,26692,26704,0.0004495729057395474
173,3845,4018,0.044993498049414826
41,1717,1758,0.023878858474082703
24,3348,3372,0.007168458781362007
7,8400,8407,0.0008333333333333334
594,7271,7865,0.08169440242057488
49,6055,6104,0.008092485549132947
168,2321,2489,0.07238259370960792
859,5778,6637,0.14866735894773278
2435,11288,13723,0.21571580439404678
546,7353,7899,0.07425540595675234
31,3219,3250,0.009630319975147562
115,7384,7499,0.01557421451787649
78,8534,8612,0.009139910944457465
1412,5626,7038,0.2509776039815144
2241,7868,10109,0.28482460599898324
289,10847,11136,0.026643311514704525
244,2425,2669,0.10061855670103093
17,3577,3594,0.004752585965893207
45,3258,3303,0.013812154696132596
1732,3734,5466,0.46384574183181576
77,2636,2713,0.02921092564491654
222,3645,3867,0.060905349794238686
13,8238,8251,0.0015780529254673463
17,4682,4699,0.003630926954293037
47,2731,2778,0.01720981325521787
47,2887,2934,0.016279875303082784
17,5567,5584,0.0030537093587210346
102,2292,2394,0.04450261780104712
174,10898,11072,0.015966232336208478
227,3135,3362,0.07240829346092505
530,6143,6673,0.08627706332410874
77,2806,2883,0.02744119743406985
92,6576,6668,0.013990267639902677
65,7978,8043,0.008147405364753071
433,17453,17886,0.02480948834011345
513,6371,6884,0.08052111128551248
48,4643,4691,0.010338143441740255
84,2459,2543,0.03416022773485156
409,7633,8042,0.053583125900694355
36,5155,5191,0.006983511154219205
46,4812,4858,0.009559434746467166
1699,6420,8119,0.2646417445482866
1435,2967,4402,0.48365352207617124
713,4952,5665,0.1439822294022617
11,8233,8244,0.001336086481234058
44,5108,5152,0.008613938919342208
19,8291,8310,0.0022916415390182125
100,20696,20796,0.004831851565519907
1170,3680,4850,0.3179347826086957
343,17914,18257,0.01914703583789215
386,7283,7669,0.0530001373060552
297,1726,2023,0.17207415990730013
519,9092,9611,0.05708315002199736
61,3056,3117,0.019960732984293194
652,4445,5097,0.146681664791901
347,3413,3760,0.10167008496923528
242,1938,2180,0.12487100103199174
683,3236,3919,0.21106304079110014
352,4782,5134,0.07360936846507737
56,4103,4159,0.013648549841579332
342,7624,7966,0.04485834207764953
162,2806,2968,0.05773342836778332
340,3789,4129,0.08973343890208499
59,3906,3965,0.015104966717869943
632,3580,4212,0.17653631284916202
62,5917,5979,0.010478282913638668
276,6341,6617,0.04352625768806182
191,3388,3579,0.0563754427390791
101,10670,10771,0.009465791940018745
195,7917,8112,0.024630541871921183
353,3655,4008,0.09658002735978112
599,4918,5517,0.12179747864985767
355,12177,12532,0.029153321836248667
240,3601,3841,0.06664815329075256
59,5323,5382,0.011083975201953785
52,3702,3754,0.014046461372231226
15,2749,2764,0.005456529647144416
11,3334,3345,0.0032993401319736052
50,6519,6569,0.007669888019634913
1472,4663,6135,0.31567660304524986
62,3864,3926,0.016045548654244308
1493,6062,7555,0.2462883536786539
444,9927,10371,0.0447265034753702
560,3492,4052,0.16036655211912945
22,5604,5626,0.0039257673090649535
5613,6175,11788,0.9089878542510121
74,4593,4667,0.016111473982146744
431,5297,5728,0.08136681140268076
357,4475,4832,0.07977653631284916
14,4677,4691,0.0029933718195424416
26,5584,5610,0.004656160458452722
60,7359,7419,0.008153281695882593
189,17497,17686,0.010801851746013603
19,6753,6772,0.0028135643417740263
706,5550,6256,0.1272072072072072
84,8422,8506,0.009973877938731893
160,7399,7559,0.021624543857278012
81,4065,4146,0.01992619926199262
1478,5523,7001,0.26760818395799385
1144,9872,11016,0.11588330632090761
390,10880,11270,0.035845588235294115
201,12618,12819,0.015929624346172136
55,6971,7026,0.007889829292784393
639,4722,5361,0.13532401524777637
6960,6284,13244,1.1075747931253979
382,4312,4694,0.08858998144712431
136,11620,11756,0.0117039586919105
137,8922,9059,0.015355301501905403
45,6463,6508,0.0069627108154108
18,5837,5855,0.0030837759122837073
69,3862,3931,0.017866390471258417
85,3975,4060,0.021383647798742137
52,4229,4281,0.012296051075904469
28,5335,5363,0.005248359887535145
226,2235,2461,0.10111856823266219
445,3579,4024,0.1243364068175468
1147,6254,7401,0.18340262232171411
113,4507,4620,0.02507211005103173
170,4564,4734,0.03724802804557406
186,6123,6309,0.030377266046055854
146,5138,5284,0.028415725963409886
354,3876,4230,0.0913312693498452
57,5285,5342,0.010785241248817409
121,3148,3269,0.03843710292249047
140,202,342,0.693069306930693
3313,7330,10643,0.4519781718963165
2387,6566,8953,0.36353944562899787
1408,5565,6973,0.25300988319856244
252,3705,3957,0.0680161943319838
77,3318,3395,0.023206751054852322
128,2395,2523,0.05344467640918581
1143,5610,6753,0.20374331550802138
447,6041,6488,0.07399437179274955
51,5124,5175,0.009953161592505855
66,5653,5719,0.011675216699097823
651,5158,5809,0.12621170996510275
888,6198,7086,0.14327202323330107
79,7147,7226,0.011053588918427313
616,3484,4100,0.17680826636050517
5921,3632,9553,1.6302312775330396
225,3323,3548,0.06770990069214565
72,4689,4761,0.015355086372360844
20,5893,5913,0.0033938571186153065
64,6174,6238,0.010366051182377713
281,3510,3791,0.08005698005698006
44,8151,8195,0.005398110661268556
59,3910,3969,0.015089514066496165
65,5046,5111,0.012881490289338089
200,3410,3610,0.05865102639296188
486,6305,6791,0.07708168120539255
43,4553,4596,0.009444322424774873
2343,14509,16852,0.16148597422289612
1118,3394,4512,0.3294048320565704
31,4196,4227,0.007387988560533841
484,3166,3650,0.1528742893240682
792,6444,7236,0.12290502793296089
154,4412,4566,0.034904805077062555
194,7173,7367,0.027045866443607975
594,5284,5878,0.11241483724451173
51,4840,4891,0.010537190082644627
312,5243,5555,0.05950791531565897
2276,15850,18126,0.14359621451104101
388,4576,4964,0.08479020979020979
69,3684,3753,0.018729641693811076
44,5381,5425,0.008176918788329306
414,14182,14596,0.029191933436750812
62,4025,4087,0.015403726708074534
262,9170,9432,0.02857142857142857
47,6980,7027,0.006733524355300859
276,3246,3522,0.08502772643253234
160,4805,4965,0.03329864724245578
1703,5088,6791,0.33470911949685533
14,2882,2896,0.004857737682165163
409,9048,9457,0.04520335985853227
11,3429,3440,0.0032079323417906094
45,4809,4854,0.009357454772301934
660,8146,8806,0.08102136017677387
274,5333,5607,0.051378211138196135
71,10854,10925,0.0065413672378846505
895,2739,3634,0.3267615918218328
83,3920,4003,0.021173469387755103
454,3664,4118,0.12390829694323144
58,7204,7262,0.008051082731815658
17,5385,5402,0.003156917363045497
572,6687,7259,0.08553910572753103
627,5142,5769,0.12193698949824971
586,5946,6532,0.09855364951227716
38,3739,3777,0.010163145225996255
325,4917,5242,0.06609721374822046
7128,11420,18548,0.624168126094571
323,7217,7540,0.044755438547873075
302,9563,9865,0.03158004810206002
1525,6670,8195,0.22863568215892055
16,4465,4481,0.0035834266517357225
72,3921,3993,0.018362662586074982
23,4946,4969,0.004650222401940962
36,2643,2679,0.01362088535754824
60,5255,5315,0.011417697431018078
85,7054,7139,0.012049900765523107
242,7281,7523,0.03323719269331136
128,4856,4984,0.026359143327841845
5638,7691,13329,0.7330646209855676
639,3094,3733,0.20652876535229475
127,6428,6555,0.019757311761045428
35,3387,3422,0.010333628579864187
88,3260,3348,0.026993865030674847
4382,4207,8589,1.0415973377703827
191,3585,3776,0.053277545327754534
1394,6694,8088,0.2082461906184643
40,4206,4246,0.009510223490252021
58,4298,4356,0.013494648673801768
865,4162,5027,0.20783277270543007
155,6134,6289,0.02526899250081513
658,8110,8768,0.081134401972873
10,3885,3895,0.002574002574002574
656,5747,6403,0.11414651122324691
1127,3008,4135,0.37466755319148937
56,3702,3758,0.015126958400864398
169,8263,8432,0.020452620113760134
63,2695,2758,0.023376623376623377
188,5500,5688,0.03418181818181818
950,4164,5114,0.2281460134486071
196,7288,7484,0.02689352360043908
1461,6709,8170,0.21776717841705173
455,6387,6842,0.07123845310787537
137,8869,9006,0.015447062803021761
90,4110,4200,0.021897810218978103
875,15831,16706,0.05527130313941002
313,5496,5809,0.05695050946142649
24,4944,4968,0.0048543689320388345
68,4364,4432,0.015582034830430797
85,7561,7646,0.011241899219679937
588,14701,15289,0.03999727909666009
127,5340,5467,0.023782771535580526
282,6728,7010,0.04191438763376932
1174,12616,13790,0.0930564362714014
277,5698,5975,0.048613548613548614
417,3229,3646,0.1291421492722205
48,2807,2855,0.017100106875667972
164,7347,7511,0.022322036205253845
75,4612,4687,0.01626192541196878
213,2273,2486,0.09370875494940607
137,5141,5278,0.02664851196265318
66,7056,7122,0.00935374149659864
58,4345,4403,0.013348676639815881
60,2096,2156,0.02862595419847328
685,4373,5058,0.15664303681683056
115,5213,5328,0.022060234030308844
30,4950,4980,0.006060606060606061
448,5968,6416,0.07506702412868632
32,6178,6210,0.005179669796050502
219,3319,3538,0.06598373003916842
103,4521,4624,0.0227825702278257
143,3512,3655,0.04071753986332574
933,3988,4921,0.2339518555667001
25,16097,16122,0.0015530844256693795
160,4702,4862,0.034028073160357296
355,12207,12562,0.02908167444908659
100,3472,3572,0.02880184331797235
86,2877,2963,0.029892248870351062
40,6428,6468,0.006222775357809583
215,11525,11740,0.018655097613882864
128,8058,8186,0.015884834946636884
40,3599,3639,0.011114198388441235
517,6067,6584,0.08521509807153453
43,5727,5770,0.00750829404574821
268,5139,5407,0.05215022377894532
263,9891,10154,0.026589829137599837
518,6154,6672,0.08417289567760806
140,3729,3869,0.037543577366586214
32,3448,3480,0.009280742459396751
112,4545,4657,0.024642464246424644
73,4741,4814,0.015397595443999157
846,5500,6346,0.15381818181818183
225,7135,7360,0.03153468815697267
34,3309,3343,0.010275007555152614
253,4330,4583,0.05842956120092379
644,6354,6998,0.10135347812401636
59,8784,8843,0.006716757741347905
26,4130,4156,0.006295399515738499
4914,4419,9333,1.1120162932790223
29,4691,4720,0.006182050735450863
252,3581,3833,0.07037140463557666
69,3518,3587,0.01961341671404207
62,2364,2426,0.02622673434856176
48,7264,7312,0.006607929515418502
144,2025,2169,0.07111111111111111
31,6360,6391,0.004874213836477987
13,4429,4442,0.002935199819372319
1469,3334,4803,0.4406118776244751
305,3174,3479,0.09609325771896661
66,5292,5358,0.012471655328798186
84,2440,2524,0.03442622950819672
29,3539,3568,0.008194405199208816
68,3446,3514,0.019733023795705164
10,5432,5442,0.001840942562592047
442,11154,11596,0.039627039627039624
35,4800,4835,0.007291666666666667
311,3502,3813,0.08880639634494575
35,4812,4847,0.007273482959268496
56,4547,4603,0.01231581262370794
25,20580,20605,0.0012147716229348883
476,5466,5942,0.08708379070618368
34,3672,3706,0.009259259259259259
310,4600,4910,0.06739130434782609
34,6288,6322,0.005407124681933842
47,6089,6136,0.007718837247495483
57,6452,6509,0.008834469931804092
50,4768,4818,0.010486577181208054
33,3858,3891,0.008553654743390357
6532,7359,13891,0.887620600625085
263,4026,4289,0.06532538499751614
49,4663,4712,0.010508256487239975
466,9188,9654,0.05071832825424467
65,3682,3747,0.017653449212384573
1422,4403,5825,0.32296161707926413
970,4384,5354,0.22125912408759124
1962,6167,8129,0.3181449651370196
45,23646,23691,0.0019030702867292566
607,6652,7259,0.09125075165363801
28,7711,7739,0.00363117624173259
85,4289,4374,0.01981813942643973
13,21337,21350,0.000609270281670338
1061,9452,10513,0.112251375370292
46,7237,7283,0.006356224955091889
259,9257,9516,0.027978826833747434
74,4861,4935,0.0152232051018309
57,11833,11890,0.0048170370996366094
150,15657,15807,0.009580379383023568
500,17640,18140,0.02834467120181406
93,7792,7885,0.011935318275154004
103,22177,22280,0.004644451458718492
47,15809,15856,0.0029729900689480677
54,17628,17682,0.0030633083730428863
835,15719,16554,0.053120427508111204
80,11781,11861,0.006790595025889143
825,14227,15052,0.05798833204470373
88,14881,14969,0.005913581076540555
182,15245,15427,0.011938340439488358
46,8725,8771,0.005272206303724929
113,5165,5278,0.021878025169409485
96,12572,12668,0.007636016544702514
124,3329,3453,0.037248422949834784
60,10843,10903,0.005533523932491008
93,15257,15350,0.0060955626925345745
142,8802,8944,0.016132697114292206
77,14777,14854,0.005210800568450971
547,15034,15581,0.03638419582280165
123,9506,9629,0.012939196297075531
801,11626,12427,0.06889729915706176
72,6130,6202,0.011745513866231648
161,11612,11773,0.013864967275232518
109,18501,18610,0.005891573428463326
37,16093,16130,0.0022991362704281363
117,4122,4239,0.028384279475982533
70,8478,8548,0.008256664307619722
47,10510,10557,0.004471931493815414
43,6754,6797,0.006366597571809299
3600,6334,9934,0.5683612251341964
169,36999,37168,0.004567691018676181
118,8404,8522,0.014040932889100428
51,9124,9175,0.005589653660675142
340,5484,5824,0.06199854121079504
211,9736,9947,0.021672144617912902
429,19389,19818,0.022125947702305433
87,16207,16294,0.005368050842228666
37,18014,18051,0.002053958032641279
872,11183,12055,0.07797549852454619
147,18106,18253,0.00811885562796863
45,11848,11893,0.003798109385550304
95,7880,7975,0.012055837563451776
235,21760,21995,0.010799632352941176
85,10410,10495,0.008165225744476465
806,32205,33011,0.02502716969414687
38,5697,5735,0.00667017728629103
96,19775,19871,0.004854614412136536
2726,6853,9579,0.39778199328761127
52,7690,7742,0.006762028608582575
417,9183,9600,0.04540999673309376
86,8629,8715,0.009966392397728589
515,9127,9642,0.056425988824367265
124,10612,10736,0.011684885035808518
284,5196,5480,0.054657428791377985
195,18289,18484,0.010662146645524633
942,16512,17454,0.05704941860465116
82,9089,9171,0.009021894597865551
44,17207,17251,0.0025570988551171037
121,7876,7997,0.015363128491620111
57,11040,11097,0.005163043478260869
341,18507,18848,0.018425460636515914
115,49333,49448,0.0023310968317353494
46,15860,15906,0.002900378310214376
125,3985,4110,0.03136762860727729
242,5930,6172,0.040809443507588535
178,10968,11146,0.016229029905178702
131,14005,14136,0.00935380221349518
29,7357,7386,0.003941824113089574
914,14482,15396,0.06311282971965199
59,11665,11724,0.005057865409344192
638,14284,14922,0.04466535984318118
195,9282,9477,0.02100840336134454
246,16775,17021,0.01466467958271237
199,19401,19600,0.010257203236946549
55,10817,10872,0.005084589072755847
797,21967,22764,0.036281695270177994
77,5388,5465,0.01429101707498144
144,13695,13839,0.010514786418400876
244,7420,7664,0.03288409703504043
192,8822,9014,0.021763772387213783
83,9190,9273,0.009031556039173013
163,10831,10994,0.015049395254362477
181,17221,17402,0.01051042332036467
245,12370,12615,0.019805982215036377
527,11016,11543,0.047839506172839504
93,5951,6044,0.01562762560914132
106,12470,12576,0.008500400962309543
142,8761,8903,0.016208195411482707
116,8270,8386,0.014026602176541718
67,10278,10345,0.006518777972368165
251,11525,11776,0.021778741865509762
24,14050,14074,0.001708185053380783
80,8052,8132,0.009935419771485345
55,8157,8212,0.006742675003064852
329,9487,9816,0.03467903446821967
47,10038,10085,0.004682207611077904
668,12144,12812,0.055006587615283264
466,20090,20556,0.023195619711299152
42,20655,20697,0.0020334059549745823
222,15845,16067,0.014010728936573052
127,9262,9389,0.013711941265385446
63,27957,28020,0.0022534606717458956
856,30805,31661,0.02778769680246713
2138,13820,15958,0.15470332850940666
648,9425,10073,0.06875331564986738
1595,19981,21576,0.07982583454281568
23,22531,22554,0.0010208157649460744
89,15524,15613,0.005733058490079876
245,11136,11381,0.022000718390804596
547,35980,36527,0.015202890494719288
485,20153,20638,0.024065895896392596
48,16115,16163,0.002978591374495811
132,36379,36511,0.0036284669727040327
73,12002,12075,0.006082319613397767
33,21510,21543,0.0015341701534170153
619,19148,19767,0.03232713599331523
84,16117,16201,0.0052118880684991
63,13671,13734,0.004608294930875576
3225,15599,18824,0.20674402205269568
117,7548,7665,0.015500794912559618
568,17651,18219,0.03217947991615206
27,11392,11419,0.0023700842696629215
41,11533,11574,0.0035550160409260384
6970,6042,13012,1.1535915259847733
234,10192,10426,0.02295918367346939
668,20937,21605,0.031905239528108136
41,12153,12194,0.003373652596066815
181,9964,10145,0.01816539542352469
38,6612,6650,0.005747126436781609
958,4769,5727,0.20088068777521492
12712,23428,36140,0.5425985999658528
71,7999,8070,0.008876109513689211
33,11315,11348,0.0029164825452938576
42,18388,18430,0.0022840983249945617
26,14481,14507,0.0017954561149091913
32,16257,16289,0.0019683828504644153
161,13002,13163,0.012382710352253499
132,14691,14823,0.008985092914028997
254,15839,16093,0.016036365932192688
292,12669,12961,0.02304838582366406
147,9217,9364,0.015948790278832593
30,18058,18088,0.0016613135452431056
87,16334,16421,0.005326313211705644
147,16031,16178,0.009169733641070425
1710,12092,13802,0.1414158121071783
28,13057,13085,0.0021444435934747643
770,17903,18673,0.04300955147182037
821,11898,12719,0.0690031938140864
54,8690,8744,0.006214039125431531
32,14830,14862,0.002157788267026298
32,28154,28186,0.0011366058108972083
30,15327,15357,0.0019573302016050106
33,11304,11337,0.00291932059447983
556,6352,6908,0.08753148614609572
140,22477,22617,0.006228589224540642
264,13757,14021,0.01919023042814567
66,16420,16486,0.004019488428745432
226,28595,28821,0.007903479629305822
444,35424,35868,0.012533875338753388
185,8859,9044,0.02088271813974489
79,9348,9427,0.008451005562687205
27,12455,12482,0.002167804094741068
49,11751,11800,0.004169857884435367
64,6759,6823,0.009468856339695221
50,11532,11582,0.004335761359694762
19,22897,22916,0.0008298030309647552
92,8429,8521,0.010914699252580377
18,14314,14332,0.0012575101299427134
67,19172,19239,0.0034946797412893802
42,10352,10394,0.004057187017001545
30,12605,12635,0.002380007933359778
103,8081,8184,0.01274594728375201
229,18198,18427,0.012583800417628311
156,10143,10299,0.015380065069506064
193,25489,25682,0.007571893758091726
33,8781,8814,0.0037581141100102495
89,6718,6807,0.013247990473355165
38,40637,40675,0.0009351083987499077
102,10867,10969,0.00938621514677464
2689,11416,14105,0.23554660126138752
83,2233,2316,0.03716972682489924
1980,10490,12470,0.18875119161105816
793,23946,24739,0.03311617806731813
44,9035,9079,0.004869950193691201
45,8573,8618,0.005249037676425989
26,18392,18418,0.0014136581122227054
95,13217,13312,0.007187712794128774
43,18423,18466,0.002334038973022852
42,10951,10993,0.0038352661857364626
57,12584,12641,0.0045295613477431655
151,9305,9456,0.016227834497581944
984,36572,37556,0.026905829596412557
42,20114,20156,0.002088097842298896
931,9841,10772,0.09460420688954374
45,17162,17207,0.0026220720195781378
1059,81527,82586,0.01298956174028236
57,8561,8618,0.006658100689171826
359,13976,14335,0.02568689181453921
155,8396,8551,0.018461171986660314
1049,7011,8060,0.14962202253601484
486,7662,8148,0.06342991386061081
50,13120,13170,0.0038109756097560975
94,13916,14010,0.006754814601897097
232,14124,14356,0.01642594165958652
83,16705,16788,0.004968572283747381
2669,11695,14364,0.22821718683197947
69,12527,12596,0.005508102498603017
70,11762,11832,0.005951368814827411
96,20690,20786,0.004639922667955534
110,10193,10303,0.010791719807711174
153,16174,16327,0.009459626561147521
63,14353,14416,0.004389326273252978
86,23077,23163,0.0037266542444858515
259,10817,11076,0.023943792178977536
788,14729,15517,0.05349989816009233
592,16218,16810,0.03650265137501541
2103,13332,15435,0.15774077407740775
11861,22695,34556,0.5226261291033267
119,9295,9414,0.012802582033351264
32,19398,19430,0.0016496546035673781
28,12915,12943,0.002168021680216802
118,2502,2620,0.04716227018385292
495,8171,8666,0.06058010035491372
27,9349,9376,0.0028880094127714195
119,9337,9456,0.012744993038449181
34,10600,10634,0.0032075471698113206
83,8854,8937,0.009374294104359611
91,16662,16753,0.005461529228183892
44,10145,10189,0.004337111877772301
48,30720,30768,0.0015625
49,13364,13413,0.0036665668961388806
28,14839,14867,0.0018869196037468831
1022,39813,40835,0.025670007284052946
106,10540,10646,0.010056925996204934
124,8497,8621,0.014593385900906202
65,9105,9170,0.007138934651290499
73,10413,10486,0.007010467684624988
28,34185,34213,0.0008190726927014772
47,10055,10102,0.0046742913973147684
51,12523,12574,0.004072506587878304
138,10036,10174,0.013750498206456756
56,11953,12009,0.004685016313896093
123,10446,10569,0.011774842044801838
98,5693,5791,0.017214122606709993
520,12925,13445,0.0402321083172147
591,12523,13114,0.047193164577177996
81,8022,8103,0.010097232610321616
749,11346,12095,0.06601445443328045
44,11083,11127,0.003970044211855995
72,8312,8384,0.008662175168431183
721,14727,15448,0.04895769674747063
118,11542,11660,0.010223531450355225
162,8792,8954,0.018425841674249318
379,10908,11287,0.03474514118078475
206,14253,14459,0.01445309759348909
466,28437,28903,0.016387101311671416
582,29404,29986,0.019793225411508637
1082,8405,9487,0.1287328970850684
172,8148,8320,0.02110947471772214
119,9122,9241,0.013045384784038588
548,11332,11880,0.04835863042710907
1540,20460,22000,0.07526881720430108
108,13149,13257,0.008213552361396304
3259,7202,10461,0.4525131907803388
36,10833,10869,0.003323179174743838
31,6965,6996,0.004450825556353195
40,20389,20429,0.0019618421697974397
675,9279,9954,0.07274490785645005
104,11908,12012,0.008733624454148471
760,26001,26761,0.02922964501365332
274,6589,6863,0.041584458946729394
118,10955,11073,0.010771337288909173
51,18298,18349,0.0027871898568149526
153,23155,23308,0.006607644137335349
813,17508,18321,0.04643591501028101
1548,11857,13405,0.13055578982879312
83,10151,10234,0.008176534331592947
40,23128,23168,0.0017295053614666206
288,37677,37965,0.0076439206943227965
45,12436,12481,0.0036185268575104537
491,14705,15196,0.03339000340020401
112,24144,24256,0.004638833664678595
429,7321,7750,0.058598552110367436
46,20671,20717,0.002225339848096367
133,13191,13324,0.010082632097642331
163,7187,7350,0.02267983859746765
1599,13022,14621,0.12279219781907541
110,51452,51562,0.0021379149498561767
55,14274,14329,0.003853159590864509
95,46681,46776,0.002035089222595917
97,23590,23687,0.004111911827045359
144,12836,12980,0.01121844811467747
80,22672,22752,0.0035285815102328866
23,14578,14601,0.001577719851831527
97,11427,11524,0.008488667191738864
556,23837,24393,0.023325082854386038
44,11710,11754,0.003757472245943638
33,18110,18143,0.0018221976808393153
143,6410,6553,0.022308892355694228
63,11093,11156,0.005679257189218426
61,7277,7338,0.008382575237048235
56,12665,12721,0.004421634425582313
202,10883,11085,0.018561058531654875
98,7468,7566,0.013122656668452063
120,20335,20455,0.005901155642980083
91,13655,13746,0.0066642255584035155
61,10935,10996,0.005578417924096937
1849,12139,13988,0.15231897190872395
87,25575,25662,0.003401759530791789
709,12899,13608,0.054965501201643535
759,22743,23502,0.03337290594908324
298,25115,25413,0.011865419072267569
54,24667,24721,0.002189159605951271
95,15926,16021,0.005965088534471932
339,8146,8485,0.04161551681807022
256,18267,18523,0.014014342803963431
414,9954,10368,0.04159132007233273
187,6438,6625,0.02904628766697732
16,12293,12309,0.001301553729764907
123,16410,16533,0.007495429616087752
2011,55457,57468,0.03626232937230647
74,8146,8220,0.009084213110729192
1119,10903,12022,0.10263230303586168
1154,13008,14162,0.08871463714637147
6810,9656,16466,0.7052609776304888
35,10714,10749,0.003266753780100803
3061,18138,21199,0.16876171573492116
248,9531,9779,0.02602035463225265
58,10880,10938,0.005330882352941177
98,14634,14732,0.006696733634003007
33,13812,13845,0.0023892267593397048
24,6146,6170,0.0039049788480312398
429,17851,18280,0.02403226709988236
59,13564,13623,0.004349749336478915
66,6833,6899,0.009659007756475926
241,18397,18638,0.013099961950317986
32,20145,20177,0.0015884834946636882
156,10851,11007,0.014376555156206802
75,12334,12409,0.006080752391762608
539,25120,25659,0.02145700636942675
108,15030,15138,0.00718562874251497
490,5164,5654,0.09488768396591789
4009,7749,11758,0.5173570783326881
2253,18045,20298,0.12485453034081463
1041,8429,9470,0.12350219480365406
197,14410,14607,0.013671061762664817
182,10627,10809,0.017126188011668392
92,12380,12472,0.007431340872374798
570,28032,28602,0.020333904109589043
537,29210,29747,0.018384115029099625
147,14240,14387,0.010323033707865168
221,7226,7447,0.030584002214226403
44,17222,17266,0.002554871675763558
2617,7290,9907,0.3589849108367627
170,10033,10203,0.016944084521080434
248,11485,11733,0.021593382673051807
80,6904,6984,0.011587485515643106
124,11999,12123,0.010334194516209684
86,13970,14056,0.006156048675733715
32,13923,13955,0.00229835523953171
82,16920,17002,0.004846335697399527
830,15904,16734,0.05218812877263582
752,16043,16795,0.04687402605497725
7560,7914,15474,0.9552691432903715
133,20713,20846,0.006421088205474822
27,16686,16713,0.0016181229773462784
212,9324,9536,0.022737022737022737
26,11392,11418,0.002282303370786517
45,9330,9375,0.00482315112540193
139,8128,8267,0.017101377952755906
66,5833,5899,0.011314932281844678
36,7471,7507,0.004818632043903092
197,14896,15093,0.013225026852846402
143,9866,10009,0.014494222582606932
245,16695,16940,0.014675052410901468
166,11184,11350,0.014842632331902719
160,10905,11065,0.014672168729940394
114,17940,18054,0.006354515050167224
62,14224,14286,0.004358830146231721
225,9378,9603,0.02399232245681382
61,11279,11340,0.005408280875964181
1385,33633,35018,0.04117979365504118
74,10788,10862,0.006859473489061921
546,11481,12027,0.04755683302848184
41,42750,42791,0.0009590643274853801
983,6439,7422,0.15266345705854947
384,8152,8536,0.047105004906771344
843,9764,10607,0.08633756657107743
546,8723,9269,0.06259314456035768
171,5482,5653,0.0311929952572054
3074,4746,7820,0.6477033291192583
137,14177,14314,0.009663539535867955
142,31895,32037,0.004452108480953128
23119,26181,49300,0.8830449562659944
14429,16295,30724,0.885486345504756
194,18932,19126,0.010247200507077963
56,10942,10998,0.005117894352038019
94,9778,9872,0.009613417876866434
54,9090,9144,0.005940594059405941
141,17295,17436,0.008152645273200346
301,22433,22734,0.013417732804350734
49,12411,12460,0.003948110547095319
31,12096,12127,0.0025628306878306877
96,6667,6763,0.0143992800359982
131,11159,11290,0.01173940317232727
52,16705,16757,0.0031128404669260703
56,10697,10753,0.005235112648406095
51,9878,9929,0.005162988459202268
72,22903,22975,0.0031436929659869888
53,8081,8134,0.006558594233386957
18,17609,17627,0.0010222045544891816
4846,5175,10021,0.9364251207729468
126,17735,17861,0.007104595432760079
362,10960,11322,0.03302919708029197
51,40287,40338,0.001265917045200685
55,11968,12023,0.004595588235294118
227,9065,9292,0.025041367898510757
60,13002,13062,0.0046146746654360865
85,16445,16530,0.005168744299179082
29,9608,9637,0.0030183180682764365
103,14217,14320,0.007244847717521277
401,6812,7213,0.0588667058132707
459,8339,8798,0.055042571051684856
30,17380,17410,0.0017261219792865361
57,24549,24606,0.0023218868385677625
447,21418,21865,0.0208702960126996
278,9512,9790,0.029226240538267452
226,18501,18727,0.012215555915896438
1557,49418,50975,0.03150673843538791
105,27299,27404,0.0038462947360709183
29,14085,14114,0.0020589279375221865
42,11411,11453,0.0036806590132328456
1970,28334,30304,0.0695277758170396
57,13490,13547,0.004225352112676056
97,5742,5839,0.016893068617206547
144,17082,17226,0.008429926238145416
523,7402,7925,0.07065657930289111
667,21349,22016,0.031242681156026044
58,12340,12398,0.004700162074554295
106,10359,10465,0.01023264793899025
165,18756,18921,0.008797184900831733
34,16281,16315,0.0020883238130335975
85,9058,9143,0.009383969971296091
105,14391,14496,0.00729622680842193
59,10975,11034,0.005375854214123007
112,7443,7555,0.015047695821577322
79,8590,8669,0.00919674039580908
623,12122,12745,0.05139415937964032
95,17030,17125,0.005578391074574281
6204,14149,20353,0.438476217400523
230,15319,15549,0.015014034858672236
133,13708,13841,0.009702363583309016
814,22908,23722,0.035533438100226994
57,8802,8859,0.006475800954328562
99,8236,8335,0.012020398251578437
412,16787,17199,0.024542800976946447
39,13985,14024,0.002788702180908116
69,10913,10982,0.006322734353523321
146,17293,17439,0.008442722488868327
2725,9744,12469,0.2796592775041051
45,11775,11820,0.003821656050955414
37,11197,11234,0.003304456550861838
63,16715,16778,0.003769069697876159
290,21667,21957,0.01338440947062353
31,16783,16814,0.0018471071918012274
37,11863,11900,0.003118941245890584
172,11970,12142,0.014369256474519632
52,8175,8227,0.00636085626911315
26,13831,13857,0.0018798351529173596
180,14222,14402,0.012656447756996203
211,10042,10253,0.02101175064728142
866,31013,31879,0.02792377390126721
148,8153,8301,0.018152827180179076
140,2792,2932,0.050143266475644696
75,27957,28032,0.002682691275887971
39,13875,13914,0.002810810810810811
156,13450,13606,0.011598513011152417
484,11579,12063,0.041799810000863635
53,11329,11382,0.004678259334451408
117,12530,12647,0.009337589784517158
44,10449,10493,0.004210929275528759
111,17254,17365,0.006433290831111626
158,39291,39449,0.004021277137257896
82,13196,13278,0.006214004243710216
168,20426,20594,0.00822481151473612
55,8878,8933,0.006195088984005406
588,7288,7876,0.08068057080131723
35,12244,12279,0.002858542959817053
101,15048,15149,0.006711855396065922
83,12698,12781,0.006536462435029138
473,6221,6694,0.07603279215560199
430,17014,17444,0.025273304337604326
84,13410,13494,0.006263982102908278
202,27710,27912,0.007289787080476362
694,30458,31152,0.022785475080438638
179,9693,9872,0.01846693490147529
35,7712,7747,0.00453838174273859
420,17688,18108,0.023744911804613297
247,11368,11615,0.021727656579873328
1145,24629,25774,0.0464899102683828
539,10077,10616,0.053488141311898385
60,14493,14553,0.004139929621196439
80,10551,10631,0.0075822196948156576
49,8705,8754,0.00562894887995405
384,11712,12096,0.03278688524590164
242,14238,14480,0.016996769209158588
117,14712,14829,0.007952691680261012
45,6173,6218,0.007289810464927912
84,17062,17146,0.004923221193295042
106,12932,13038,0.00819672131147541
28,16765,16793,0.0016701461377870565
32,13794,13826,0.002319849209801363
31,10459,10490,0.0029639544889568793
186,10016,10202,0.0185702875399361
263,13127,13390,0.02003504227927173
141,7272,7413,0.019389438943894388
122,18047,18169,0.006760126336787278
22,17106,17128,0.001286098444990062
47,25965,26012,0.0018101290198343925
224,12353,12577,0.01813324698453817
257,8386,8643,0.030646315287383735
251,7642,7893,0.0328448050248626
194,13612,13806,0.01425213047311196
59,8560,8619,0.0068925233644859816
298,10675,10973,0.02791569086651054
37,10823,10860,0.0034186454772244293
362,6758,7120,0.05356614382953537
92,10234,10326,0.008989642368575338
5483,16594,22077,0.3304206339640834
213,23295,23508,0.009143593045717966
180,10604,10784,0.016974726518294982
294,5807,6101,0.05062855174789048
120,35273,35393,0.003402035551271511
121,18001,18122,0.006721848786178546
14050,27304,41354,0.5145766188104307
94,13356,13450,0.007038035339922133
3412,8483,11895,0.4022161971000825
128,7947,8075,0.016106706933434
26,17232,17258,0.0015088207985143919
166,11893,12059,0.013957790296813252
143,9169,9312,0.015596030101428727
76,7740,7816,0.009819121447028423
48,11369,11417,0.0042220072125956545
844,10784,11628,0.07826409495548961
38,13491,13529,0.0028166926098880736
111,12930,13041,0.008584686774941995
86,8997,9083,0.009558741802823163
102,12770,12872,0.00798747063429914
51,12209,12260,0.004177246293717749
2133,8936,11069,0.23869740376007162
244,18944,19188,0.012880067567567568
86,7348,7434,0.011703864997278171
2144,20122,22266,0.1065500447271643
372,18177,18549,0.020465423337184353
557,8916,9473,0.06247196052041274
467,15016,15483,0.031100159829515184
15,18260,18275,0.0008214676889375684
60,9620,9680,0.006237006237006237
105,11911,12016,0.008815380740491981
77,7414,7491,0.010385756676557863
1309,13257,14566,0.09874028814965678
18575,14991,33566,1.2390767794009738
371,11620,11991,0.031927710843373494
272,6712,6984,0.04052443384982122
36,16336,16372,0.0022037218413320275
48,9793,9841,0.004901460226692535
598,7274,7872,0.08221061314270003
126,7377,7503,0.01708011386742578
251,6440,6691,0.038975155279503106
62,7458,7520,0.008313220702601234
143,8862,9005,0.01613631234484315
109,15228,15337,0.007157867086945101
109,9884,9993,0.01102792391744233
348,30094,30442,0.011563766863826676
12,18101,18113,0.0006629467985194189
72,15803,15875,0.004556096943618301
137,10895,11032,0.012574575493345572
20,8384,8404,0.002385496183206107
48,14434,14482,0.003325481502009145
83,10821,10904,0.007670270769799464
43,10002,10045,0.004299140171965607
113,33987,34100,0.0033248006590755287
91,11997,12088,0.00758522964074352
54,12515,12569,0.004314822213343987
984,6391,7375,0.15396651541229855
80,7905,7985,0.010120177103099304
24,18132,18156,0.0013236267372600927
993,14630,15623,0.06787423103212577
2560,13269,15829,0.19293089155173712
541,7687,8228,0.07037856120723299
98,11984,12082,0.008177570093457943
56,9801,9857,0.005713702683399653
107,12609,12716,0.008486002062019193
61,19711,19772,0.003094718684998224
192,12494,12686,0.015367376340643508
312,13361,13673,0.02335154554299828
123,19668,19791,0.006253813300793167
197,16640,16837,0.011838942307692307
62,14907,14969,0.004159119876568055
91,6473,6564,0.014058396415881353
367,18534,18901,0.019801445991151398
73,6177,6250,0.011818034644649505
72,18277,18349,0.0039393773595228975
111,11310,11421,0.009814323607427056
115,58778,58893,0.001956514342100786
161,13879,14040,0.011600259384681894
11315,16517,27832,0.6850517648483381
185,8050,8235,0.02298136645962733
6932,8217,15149,0.8436168918096629
11026,22139,33165,0.49803514160531187
539,15969,16508,0.033752896236458135
59,16919,16978,0.0034872037354453573
657,13277,13934,0.049484070196580555
111,9634,9745,0.011521694000415196
6273,14882,21155,0.4215159252788604
501,10195,10696,0.0491417361451692
45,13261,13306,0.0033934092451549658
21619,23118,44737,0.9351587507569858
61,10739,10800,0.0056802309339789555
1315,6098,7413,0.21564447359790095
88,11914,12002,0.007386268255833473
444,13254,13698,0.033499320959710276
203,8374,8577,0.024241700501552423
138,36759,36897,0.0037541826491471475
304,21594,21898,0.014077984625358897
16510,25069,41579,0.6585823128166262
28,16818,16846,0.0016648828635985255
46,25360,25406,0.0018138801261829653
153,10726,10879,0.014264404251351856
142,7910,8052,0.017951959544879898
42,6654,6696,0.0063119927862939585
105,7135,7240,0.014716187806587245
155,13591,13746,0.011404605989257598
46,17979,18025,0.0025585405194949663
3615,24786,28401,0.1458484628419269
140,9038,9178,0.01549015268864793
104,15216,15320,0.006834910620399579
383,19499,19882,0.019642032924765372
1344,17899,19243,0.07508799374266718
306,27088,27394,0.011296515062020084
129,23653,23782,0.005453853633788526
34,15653,15687,0.002172107583210886
93,6303,6396,0.014754878629224179
89,14940,15029,0.005957161981258367
63,20317,20380,0.00310085150366688
37,14663,14700,0.0025233581122553364
53,14843,14896,0.003570706730445328
58,15869,15927,0.0036549246959480747
57,12777,12834,0.004461141112937309
94,5650,5744,0.01663716814159292
278,18398,18676,0.015110338080226111
832,3460,4292,0.24046242774566473
29,12809,12838,0.0022640331017253494
159,4659,4818,0.03412749517063748
39,17053,17092,0.0022869876268105317
66,15635,15701,0.004221298369043812
33,10344,10377,0.0031902552204176333
97,18382,18479,0.0052769013165052765
44,23887,23931,0.00184200611211119
493,19121,19614,0.025783170336279485
47,7005,7052,0.0067094932191291935
38,22880,22918,0.001660839160839161
183,17277,17460,0.010592116686924813
218,18006,18224,0.012107075419304676
133,13049,13182,0.010192351904360488
99,10890,10989,0.00909090909090909
56,13536,13592,0.004137115839243499
76,34270,34346,0.0022176831047563466
90,16810,16900,0.005353955978584176
210,10810,11020,0.01942645698427382
278,17661,17939,0.015740898023894456
823,35160,35983,0.023407281001137658
78,13998,14076,0.005572224603514788
52,39560,39612,0.0013144590495449949
123,9935,10058,0.012380473074987419
295,16710,17005,0.01765409934171155
197,3271,3468,0.060226230510547235
19,8350,8369,0.0022754491017964074
62,11668,11730,0.005313678436750085
263,7987,8250,0.032928508826843624
221,12913,13134,0.017114535739177573
277,15927,16204,0.01739185031707164
131,7722,7853,0.016964516964516965
67,12887,12954,0.0051990377900209515
377,22573,22950,0.016701368892039162
54,12113,12167,0.004458020308759184
2031,8694,10725,0.23360938578329882
706,19059,19765,0.037042866887034995
456,21899,22355,0.02082286862413809
929,14343,15272,0.06477027121243813
267,13006,13273,0.02052898662155928
159,8665,8824,0.018349682631275246
28,7536,7564,0.0037154989384288748
51,9306,9357,0.00548033526756931
524,12369,12893,0.04236397445225968
429,9260,9689,0.04632829373650108
2284,10880,13164,0.2099264705882353
116,7708,7824,0.015049299429164505
46,30032,30078,0.0015316995205114545
236,16030,16266,0.014722395508421708
112,16045,16157,0.006980367715799314
54,7594,7648,0.0071108770081643406
70,12232,12302,0.005722694571615435
104,18667,18771,0.005571329083409225
121,6007,6128,0.02014316630597636
561,15405,15966,0.03641674780915287
1104,16941,18045,0.06516734549318222
645,29334,29979,0.021988136633258337
207,15521,15728,0.013336769538045228
1342,8028,9370,0.16716492277030393
207,13725,13932,0.015081967213114755
395,10611,11006,0.03722552068608048
1070,17552,18622,0.06096171376481312
146,7630,7776,0.019134993446920052
38,9432,9470,0.004028837998303647
169,38112,38281,0.004434298908480269
28,16157,16185,0.001732994986693074
87,31107,31194,0.0027967981483267433
40,7133,7173,0.005607738679377541
123,10241,10364,0.01201054584513231
184,9929,10113,0.018531574176654245
104,10042,10146,0.010356502688707428
107,15159,15266,0.007058513094531302
144,6367,6511,0.02261661693105073
106,17364,17470,0.006104584197189587
126,12287,12413,0.01025474078294132
513,31995,32508,0.016033755274261603
1429,8186,9615,0.17456633276325434
419,29710,30129,0.014102995624368899
127,10211,10338,0.0124375673293507
75,42452,42527,0.0017667012154904363
239,10886,11125,0.021954804335844205
895,35462,36357,0.02523828323275619
229,7499,7728,0.030537404987331644
30,7923,7953,0.003786444528587656
49,9900,9949,0.004949494949494949
129,12872,13001,0.010021752641392169
65,8995,9060,0.007226236798221234
116,7257,7373,0.01598456662532727
36,14484,14520,0.0024855012427506215
2427,23849,26276,0.10176527317707242
65,16031,16096,0.0040546441270039296
58,49160,49218,0.0011798209926769732
257,12730,12987,0.0201885310290652
268,8076,8344,0.03318474492322932
55,45414,45469,0.0012110802836129827
770,51345,52115,0.014996591683708248
327,8819,9146,0.03707903390407075
196,10767,10963,0.018203770781090367
63,14049,14112,0.004484304932735426
218,8834,9052,0.024677382839031016
38,14425,14463,0.002634315424610052
37,12092,12129,0.003059874297055905
68,7160,7228,0.009497206703910615
262,20246,20508,0.012940827817840561
39,10746,10785,0.0036292573981016193
276,16226,16502,0.0170097374584001
218,22465,22683,0.009703983975072335
1979,23510,25489,0.08417694598043386
123,20106,20229,0.006117576842733513
184,7983,8167,0.02304897908054616
155,14368,14523,0.010787861915367482
404,9814,10218,0.04116568167923375
23,6780,6803,0.003392330383480826
68,6133,6201,0.011087559106473178
439,7126,7565,0.061605388717373
23,11305,11328,0.002034498009730208
91,10321,10412,0.008816975099312082
358,13457,13815,0.026603254811622203
23692,28773,52465,0.8234108365481528
1128,11561,12689,0.09756941441051813
70,12590,12660,0.005559968228752979
162,7706,7868,0.021022579807941862
177,14312,14489,0.012367244270542203
47,8971,9018,0.005239103778842938
2657,11300,13957,0.23513274336283185
198,25276,25474,0.0078335179617028
52,6507,6559,0.007991393883510067
27,9688,9715,0.002786952931461602
24,13484,13508,0.0017798872738059924
4117,13900,18017,0.2961870503597122
50,8745,8795,0.005717552887364208
926,25663,26589,0.036083076803179674
102,10353,10455,0.009852216748768473
74,20634,20708,0.0035863138509256566
35,7128,7163,0.004910213243546577
201,8988,9189,0.022363150867823766
45,14076,14121,0.00319693094629156
80,76639,76719,0.0010438549563538146
634,10984,11618,0.057720320466132555
939,35988,36927,0.026092030676892298
175,17593,17768,0.00994713806627636
18,6405,6423,0.002810304449648712
1954,9284,11238,0.21046962516156828
59,13753,13812,0.004289973096778884
281,12050,12331,0.023319502074688796
84,9683,9767,0.00867499741815553
190,19509,19699,0.009739094776769696
83,16109,16192,0.005152399279905643
84,9323,9407,0.009009975329829454
2834,10066,12900,0.2815418239618518
2743,22704,25447,0.12081571529245948
63,9583,9646,0.006574141709276844
467,6528,6995,0.07153799019607843
84,12004,12088,0.006997667444185272
53,13714,13767,0.0038646638471634825
141,12070,12211,0.01168185584092792
41,9724,9765,0.004216371863430687
220,15742,15962,0.013975352560030492
514,6269,6783,0.08199074812569788
253,15324,15577,0.0165100495954059
1572,9928,11500,0.15834004834810636
1819,27014,28833,0.0673354556896424
621,6798,7419,0.09135039717563989
196,13515,13711,0.014502404735479098
759,11918,12677,0.06368518207752978
35,12959,12994,0.0027008256809939036
177,11181,11358,0.0158304266165817
297,11759,12056,0.025257249766136577
94,11354,11448,0.008279020609476837
512,9619,10131,0.053227986277159786
785,8073,8858,0.0972377059333581
58,13680,13738,0.004239766081871345
4215,11340,15555,0.3716931216931217
24,10862,10886,0.0022095378383354815
776,16844,17620,0.046069817145571124
41,7109,7150,0.005767337178224786
2705,13796,16501,0.19607132502174543
132,15126,15258,0.00872669575565252
67,8907,8974,0.0075221735713483775
119,10356,10475,0.01149092313634608
754,12236,12990,0.06162144491663942
353,10044,10397,0.035145360414177616
1097,18378,19475,0.05969093481336381
28,36012,36040,0.0007775186049094747
79,6354,6433,0.012433112999685237
553,17824,18377,0.031025583482944343
271,14957,15228,0.018118606672461054
122,14484,14606,0.008423087544877106
58,12392,12450,0.004680438992898645
40,15039,15079,0.0026597513132522108
116,15309,15425,0.00757724214514338
107,7704,7811,0.013888888888888888
110,12012,12122,0.009157509157509158
77,39916,39993,0.0019290510071149414
37,10484,10521,0.0035291873330789776
838,25989,26827,0.03224441109700258
88,8069,8157,0.010905936299417524
6405,20878,27283,0.30678225883705335
823,8403,9226,0.0979412114720933
55,13200,13255,0.004166666666666667
52,7196,7248,0.007226236798221234
119,11531,11650,0.01032000693781979
61,22193,22254,0.0027486144279727843
96,7662,7758,0.012529365700861394
3058,10307,13365,0.29669156883671294
104,12588,12692,0.008261836669844296
94,11027,11121,0.00852453069737916
343,5599,5942,0.061260939453473835
569,12055,12624,0.04720033181252592
28,10791,10819,0.00259475488833287
1343,8050,9393,0.16683229813664596
393,6825,7218,0.05758241758241758
88,5550,5638,0.015855855855855857
146,13083,13229,0.01115951998777039
168,9742,9910,0.017244918907821802
52,12851,12903,0.004046377713796592
236,17146,17382,0.013764143240405926
52,12126,12178,0.004288306119082963
82,22853,22935,0.0035881503522513457
1409,8266,9675,0.17045729494314057
34,14732,14766,0.002307901167526473
125,12848,12973,0.009729140722291408
1899,44688,46587,0.04249462943071965
21305,26445,47750,0.8056343354131216
716,12740,13456,0.05620094191522763
66,10435,10501,0.006324868231911835
45,10482,10527,0.004293073840870063
148,14817,14965,0.009988526692312883
99,6610,6709,0.01497730711043873
131,8249,8380,0.015880712813674387
261,16348,16609,0.01596525568876927
279,8239,8518,0.03386333292875349
39,15921,15960,0.0024495948746938007
6026,25218,31244,0.23895630105480212
64,6636,6700,0.009644364074743821
448,10092,10540,0.04439159730479588
32,12915,12947,0.0024777390631049168
308,27037,27345,0.011391796427118394
2129,19718,21847,0.10797241099502992
154,19519,19673,0.007889748450227984
31,12253,12284,0.0025299926548600343
37,8284,8321,0.004466441332689522
39,6931,6970,0.0056268936661376424
430,16156,16586,0.026615498885862836
444,20758,21202,0.021389343867424606
35,15255,15290,0.0022943297279580466
4192,40870,45062,0.10256912160508931
29,33426,33455,0.0008675881050679112
40,12112,12152,0.0033025099075297227
224,19800,20024,0.011313131313131313
98,23171,23269,0.004229424711924388
611,10821,11432,0.05646428241382497
33,14994,15027,0.0022008803521408565
18257,31089,49346,0.5872495094728039
284,11350,11634,0.025022026431718063
27,17355,17382,0.0015557476231633535
109,16386,16495,0.006652020017087758
37,11938,11975,0.0030993466242251635
106,8340,8446,0.012709832134292566
77,14996,15073,0.005134702587356628
386,9048,9434,0.04266136162687887
15,26184,26199,0.0005728689275893675
81,14298,14379,0.0056651279899286614
25,35428,35453,0.0007056565428474653
472,17860,18332,0.02642777155655095
54,13416,13470,0.004025044722719142
1012,10381,11393,0.09748579134958096
39,10924,10963,0.003570120834859026
45,16143,16188,0.0027875859505668093
147,9218,9365,0.01594706009980473
26,12807,12833,0.0020301397673147497
79,19830,19909,0.003983862834089763
49,12714,12763,0.0038540191914425044
105,7948,8053,0.013210870659285355
152,7497,7649,0.020274776577297586
38,8442,8480,0.0045013030087656955
62,44921,44983,0.0013802007969546538
199,18505,18704,0.01075385031072683
55,19671,19726,0.0027959941029942555
183,9841,10024,0.0185956711716289
97,14695,14792,0.006600884654644437
127,8377,8504,0.015160558672555807
46,8589,8635,0.00535568750727675
71,14348,14419,0.004948424867577363
963,41438,42401,0.02323953858776968
98,8852,8950,0.011070944419340261
249,15973,16222,0.01558880611031115
46,16135,16181,0.002850945150294391
120,11223,11343,0.010692328254477412
40,15568,15608,0.0025693730729701952
61,14910,14971,0.00409121395036888
905,8835,9740,0.10243350311262026
26,12444,12470,0.0020893603342976535
168,10740,10908,0.01564245810055866
37,17772,17809,0.0020819266261534997
44,11368,11412,0.0038705137227304713
109,8276,8385,0.013170613823102948
611,16370,16981,0.0373243738546121
139,9355,9494,0.014858364510956708
50,17734,17784,0.00281944287808729
31,15684,15715,0.001976536597806682
166,8907,9073,0.01863702705737061
50,9570,9620,0.00522466039707419
346,13559,13905,0.025518106055018808
71,12932,13003,0.00549025672749768
144,16949,17093,0.008496076464688182
130,20650,20780,0.006295399515738499
232,11534,11766,0.020114444251777355
20963,17226,38189,1.2169395100429583
377,17979,18356,0.02096890817064353
135,12382,12517,0.010902923598772412
57,8354,8411,0.006823078764663634
947,39554,40501,0.023941952773423675
157,10149,10306,0.01546950438466844
377,7508,7885,0.05021310602024507
363,17762,18125,0.02043688773786736
183,8949,9132,0.020449212202480724
154,13916,14070,0.011066398390342052
286,11165,11451,0.02561576354679803
81,13919,14000,0.005819383576406351
26,6801,6827,0.003822967210704308
360,7905,8265,0.04554079696394687
6024,16057,22081,0.3751634801021361
109,10878,10987,0.010020224305938592
448,15255,15703,0.029367420517862997
48,13165,13213,0.0036460311431826815
63,15964,16027,0.0039463793535454775
22,12157,12179,0.0018096569877436867
206,15785,15991,0.013050364269876465
704,14195,14899,0.049594927791475875
34,20668,20702,0.0016450551577317592
32,16513,16545,0.0019378671349845576
1480,8100,9580,0.18271604938271604
512,15222,15734,0.03363552752594928
687,14150,14837,0.04855123674911661
660,16402,17062,0.04023899524448238
51,15969,16020,0.0031936877700544804
473,10222,10695,0.04627274505967521
29,16994,17023,0.0017064846416382253
138,11672,11810,0.011823166552433173
47,13640,13687,0.00344574780058651
176,9590,9766,0.01835245046923879
586,29469,30055,0.019885303199972854
106,12423,12529,0.008532560573130484
54,12806,12860,0.004216773387474621
895,21243,22138,0.04213152567904722
97,9740,9837,0.00995893223819302
37,8410,8447,0.004399524375743163
422,24786,25208,0.01702574033728718
484,6562,7046,0.07375800060957026
1262,12154,13416,0.10383412868191542
42,6269,6311,0.006699633115329399
59,11869,11928,0.004970932681776055
1595,30306,31901,0.05262984227545701
67,27878,27945,0.002403328789726666
166,14148,14314,0.011733107152954482
3523,15215,18738,0.23154781465658889
87,14938,15025,0.0058240728343821125
39,8571,8610,0.004550227511375569
82,18305,18387,0.004479650368751707
288,13882,14170,0.02074629015991932
1655,28317,29972,0.058445456792739346
179,12798,12977,0.01398656040006251
2676,16401,19077,0.16316078287909275
193,11548,11741,0.016712850710079667
374,3143,3517,0.1189945911549475
114,10471,10585,0.010887212300639862
1146,13739,14885,0.08341218429288885
93,8277,8370,0.011235955056179775
74,13731,13805,0.005389265166411769
89,9620,9709,0.009251559251559252
105,13435,13540,0.007815407517677708
40,11942,11982,0.0033495226930162453
121,7805,7926,0.015502882767456759
652,12450,13102,0.05236947791164659
1589,6984,8573,0.2275200458190149
998,16138,17136,0.061841616061469824
1173,6854,8027,0.17114093959731544
48,15025,15073,0.003194675540765391
154,18688,18842,0.008240582191780822
440,11674,12114,0.03769059448346754
57,9473,9530,0.006017101235089201
321,9609,9930,0.033406181704651886
2368,28166,30534,0.08407299581055173
581,8155,8736,0.07124463519313305
42,11961,12003,0.003511412089290193
3451,11651,15102,0.29619775126598574
6737,13773,20510,0.48914542946344297
244,18255,18499,0.013366201040810736
150,15324,15474,0.009788566953797965
764,9016,9780,0.08473824312333629
55,12983,13038,0.004236309019487021
164,8682,8846,0.01888965676111495
53,8718,8771,0.0060793760036705665
69,3809,3878,0.018114990811236544
63,26918,26981,0.0023404413403670405
64,15292,15356,0.00418519487313628
619,13136,13755,0.047122411693057246
19,21267,21286,0.0008934029247190483
37,13995,14032,0.002643801357627724
373,10964,11337,0.03402043049981759
43,10743,10786,0.004002606348319836
74,20157,20231,0.0036711812273651835
23,11013,11036,0.0020884409334422957
40,12851,12891,0.0031125982413819937
203,8253,8456,0.024597116200169637
1207,13271,14478,0.09095019214829327
41,32486,32527,0.0012620821276857724
26,19030,19056,0.0013662637940094588
131,13507,13638,0.009698674761234915
135,35686,35821,0.0037829961329372865
53,6670,6723,0.007946026986506746
36,9044,9080,0.003980539584254755
941,35522,36463,0.026490625527841902
34,13336,13370,0.002549490101979604
27,8114,8141,0.003327581957111166
30,20504,20534,0.001463129145532579
24661,24100,48761,1.0232780082987551
77,11571,11648,0.006654567453115548
30,22519,22549,0.0013322083573870953
582,14068,14650,0.04137048620983793
79,25533,25612,0.0030940351701719345
237,13276,13513,0.01785176257909009
111,13927,14038,0.007970129963380484
175,10226,10401,0.01711324075884999
54,19630,19684,0.002750891492613347
72,17250,17322,0.0041739130434782605
61,6670,6731,0.009145427286356821
86,21022,21108,0.004090952335648369
41,11652,11693,0.003518709234466186
133,15071,15204,0.008824895494658615
52,13635,13687,0.0038137147048038136
89,17397,17486,0.005115824567454159
947,34612,35559,0.02736045302207327
66,7035,7101,0.009381663113006396
99,12049,12148,0.008216449497883641
139,10988,11127,0.012650163815070987
1120,3266,4386,0.3429271279853031
103,8204,8307,0.012554851292052657
90,10049,10139,0.008956115036322022
4805,24298,29103,0.1977529014733723
46,11346,11392,0.004054292261589988
62,14224,14286,0.004358830146231721
203,13686,13889,0.014832675727020312
93,9812,9905,0.009478189971463514
122,16520,16642,0.00738498789346247
29,13659,13688,0.0021231422505307855
622,2422,3044,0.25681255161023947
112,9913,10025,0.011298295167961263
1452,23881,25333,0.06080147397512667
60,20068,20128,0.0029898345624875425
158,11814,11972,0.013373963094633486
506,9101,9607,0.05559828590264806
1077,34457,35534,0.03125634849232377
65,10038,10103,0.006475393504682208
251,14892,15143,0.016854687080311577
1115,7765,8880,0.14359304571796522
56,12909,12965,0.004338058718723371
127,11049,11176,0.011494252873563218
662,14456,15118,0.045794133923630326
554,12612,13166,0.04392641928322233
780,11288,12068,0.06909992912827782
97,13061,13158,0.007426690146236889
443,7398,7841,0.05988104893214382
207,13659,13866,0.015154842960685262
274,8562,8836,0.032001868722261156
51,8022,8073,0.006357516828721017
289,23654,23943,0.01221780671345227
227,14738,14965,0.01540236124304519
230,7020,7250,0.03276353276353276
39,13909,13948,0.0028039398950319935
33,13202,13235,0.0024996212695046205
139,12802,12941,0.010857678487736291
469,7221,7690,0.0649494529843512
459,12688,13147,0.03617591424968474
83,14345,14428,0.005785988149180899
58,8296,8354,0.006991321118611379
346,25759,26105,0.013432198454908964
20866,15177,36043,1.3748435132107795
148,32596,32744,0.004540434409129954
137,17115,17252,0.008004674262342974
142,10012,10154,0.01418298042349181
66,12259,12325,0.0053837996573945675
105,15211,15316,0.006902899217671422
201,12824,13025,0.01567373674360574
119,15658,15777,0.007599948907906501
16,13715,13731,0.0011666059059423988
163,11308,11471,0.014414573753095154
69,11272,11341,0.006121362668559262
533,8409,8942,0.06338446902128672
30,12092,12122,0.0024809791597750577
54,30821,30875,0.0017520521722202394
1586,15945,17531,0.09946691752900595
740,11036,11776,0.06705328017397608
44,12601,12645,0.0034917863661614156
1532,6629,8161,0.2311057474732237
330,15040,15370,0.021941489361702128
88,14722,14810,0.005977448716207037
31,10400,10431,0.002980769230769231
161,11916,12077,0.013511245384357167
208,3928,4136,0.05295315682281059
321,16232,16553,0.019775751601774274
96,12114,12210,0.0079247152055473
1033,22122,23155,0.04669559714311545
239,4497,4736,0.05314654213920391
25,17522,17547,0.0014267777650953087
2766,8109,10875,0.34110247872734
24,23957,23981,0.0010017948824978086
480,13933,14413,0.0344505849422235
62,16338,16400,0.00379483412902436
305,10585,10890,0.028814359943316013
111,11079,11190,0.010018954779312212
20,12084,12104,0.0016550810989738498
158,13283,13441,0.011894903259805767
8945,22055,31000,0.40557696667422355
4268,16517,20785,0.25840043591451234
137,7007,7144,0.01955187669473384
2337,13999,16336,0.1669404957496964
63,29336,29399,0.002147532042541587
67,13911,13978,0.004816332398821076
66,9159,9225,0.007206026858827383
443,8333,8776,0.0531621264850594
821,24705,25526,0.033232139243068205
101,7588,7689,0.01331049024775962
170,7258,7428,0.023422430421603746
24,10713,10737,0.0022402688322598714
167,8177,8344,0.020423138070196894
599,16810,17409,0.035633551457465794
47,14229,14276,0.0033031133600393563
96,8927,9023,0.01075389268511258
479,17933,18412,0.02671053365304188
322,7618,7940,0.04226831189288527
71,24212,24283,0.0029324301999008756
1500,5475,6975,0.273972602739726
295,3488,3783,0.0845756880733945
93,8759,8852,0.010617650416714237
46,16153,16199,0.0028477682164303846
1101,21334,22435,0.051607762257429454
45,18336,18381,0.0024541884816753927
55,13176,13231,0.004174256223436552
118,14093,14211,0.00837295111048038
52,10031,10083,0.005183929817565547
2627,12612,15239,0.20829368855058675
82,13361,13443,0.006137265174762368
180,18917,19097,0.009515250832584449
45,10048,10093,0.004478503184713376
82,20573,20655,0.003985806639770573
66,12249,12315,0.005388194954690179
897,18599,19496,0.04822839937631056
26,13232,13258,0.0019649334945586456
807,8469,9276,0.09528869996457669
233,10039,10272,0.023209483016236678
166,24817,24983,0.006688963210702341
47,12385,12432,0.003794913201453371
600,11516,12116,0.05210142410559222
131,9932,10063,0.013189689891260572
135,11944,12079,0.011302746148693905
81,7511,7592,0.010784183197976301
48,8604,8652,0.005578800557880056
955,14356,15311,0.0665227082752856
22,5788,5810,0.0038009675190048375
90,21907,21997,0.004108275893550007
104,6656,6760,0.015625
293,10760,11053,0.027230483271375464
1613,18327,19940,0.08801222240410324
48,6736,6784,0.007125890736342043
82,9814,9896,0.008355410637864276
131,13911,14042,0.009417008123068076
424,5492,5916,0.07720320466132556
179,11541,11720,0.015509921150680183
67,13440,13507,0.004985119047619047
497,19245,19742,0.025824889581709535
535,26716,27251,0.020025452912112593
67,10047,10114,0.006668657310639992
322,8311,8633,0.03874383347370954
465,18439,18904,0.025218287325776887
142,20650,20792,0.0068765133171912836
109,12533,12642,0.008697039814888693
3709,8393,12102,0.4419158822828548
49,24039,24088,0.0020383543408627647
37,8145,8182,0.004542664211172499
332,12720,13052,0.02610062893081761
111,10025,10136,0.011072319201995013
2009,7125,9134,0.28196491228070175
117,32391,32508,0.003612114476243401
483,9908,10391,0.04874848607186112
100,12098,12198,0.008265829062654984
407,13682,14089,0.029747112995176146
82,7732,7814,0.010605276771857217
35,8943,8978,0.003913675500391367
41,6966,7007,0.005885730691932242
23245,23175,46420,1.0030204962243796
359,17994,18353,0.019951094809380905
891,39142,40033,0.022763272188442082
1437,7235,8672,0.19861782999308916
355,17366,17721,0.02044224346424047
378,12184,12562,0.031024294156270518
1943,12078,14021,0.16087100513330022
80,13692,13772,0.0058428279287175
37,25691,25728,0.0014401930637188121
495,21206,21701,0.023342450249929265
39,15298,15337,0.0025493528565825596
132,17663,17795,0.007473249164921022
40,13600,13640,0.0029411764705882353
351,11597,11948,0.030266448219367078
320,11220,11540,0.0285204991087344
32,8761,8793,0.0036525510786439906
84,16225,16309,0.005177195685670262
97,9448,9545,0.010266723116003388
120,14363,14483,0.008354800529137367
349,5931,6280,0.0588433653684033
611,11598,12209,0.052681496809794795
40,20488,20528,0.001952362358453729
19,9191,9210,0.0020672396910020674
369,31568,31937,0.011689052204764318
193,9634,9827,0.020033215694415612
97,13902,13999,0.006977413321824198
60,17673,17733,0.003395009336275675
162,15919,16081,0.010176518625541805
694,9189,9883,0.07552508433997171
35,16563,16598,0.0021131437541508182
58,9915,9973,0.005849722642460918
131,45169,45300,0.0029002191768690917
70,3647,3717,0.019193857965451054
28,12857,12885,0.0021778019755775064
28,8972,9000,0.003120820329915292
45,9688,9733,0.004644921552436003
25,11034,11059,0.0022657241254304874
89,6407,6496,0.013891056656781645
506,13654,14160,0.037058737366339536
19,11056,11075,0.0017185238784370477
43,19045,19088,0.002257810448936729
145,14184,14329,0.010222786238014665
1056,16231,17287,0.0650606863409525
101,9044,9145,0.011167624944714728
208,12366,12574,0.016820313763545206
56,21750,21806,0.002574712643678161
30,16361,16391,0.0018336287512988204
43,13848,13891,0.0031051415366839977
33,12714,12747,0.0025955639452571967
436,21073,21509,0.020689982441987376
29,10798,10827,0.002685682533802556
117,22053,22170,0.005305400625765202
31,10004,10035,0.0030987604958016795
48,14273,14321,0.0033629930638268057
419,37425,37844,0.011195724782899132
7344,11107,18451,0.661204645718916
21,10483,10504,0.002003243346370314
153,26335,26488,0.005809758876020505
144,30889,31033,0.004661853734339085
111,13930,14041,0.007968413496051686
184,6629,6813,0.02775682606728013
94,10840,10934,0.00867158671586716
50,10816,10866,0.004622781065088758
59,17850,17909,0.0033053221288515404
1082,8583,9665,0.12606314808342073
51,15322,15373,0.0033285471870512988
46,10930,10976,0.004208600182982617
1697,14945,16642,0.11354968216794915
262,8539,8801,0.030682749736503104
134,19247,19381,0.0069621239673715385
1113,11716,12829,0.09499829293274155
435,10592,11027,0.041068731117824775
35,19676,19711,0.001778816832689571
59,10561,10620,0.00558659217877095
477,15639,16116,0.03050067139842701
55,28672,28727,0.0019182477678571428
718,16020,16738,0.04481897627965044
116,6876,6992,0.01687027341477603
47,17148,17195,0.002740844413342664
826,9158,9984,0.0901943655820048
149,9148,9297,0.016287713161346744
241,13083,13324,0.01842085148666208
2161,24434,26595,0.08844233445199312
141,8716,8857,0.016177145479577788
648,12501,13149,0.05183585313174946
400,6551,6951,0.06105938024729049
52,19150,19202,0.0027154046997389034
321,19165,19486,0.016749282546308374
7829,8629,16458,0.9072893730443852
40,10663,10703,0.0037512895057676076
125,10853,10978,0.011517552750391596
103,9172,9275,0.011229829917139118
72,14832,14904,0.0048543689320388345
108,14734,14842,0.0073299850685489346
296,11965,12261,0.02473882156289177
565,17269,17834,0.032717586426544674
81,12722,12803,0.0063669234397107375
812,34426,35238,0.023586823912159414
138,7622,7760,0.0181054841249016
29,17601,17630,0.0016476336571785695
92,52662,52754,0.0017469902396414871
144,20553,20697,0.007006276455991826
6588,13679,20267,0.48161415308136557
93,16513,16606,0.00563192636104887
135,32680,32815,0.004130966952264382
51,10919,10970,0.004670757395365876
42,21371,21413,0.001965280052407468
505,25978,26483,0.019439525752559857
218,26612,26830,0.008191793176010822
205,6044,6249,0.03391793514228988
310,6489,6799,0.04777315456927107
75,16748,16823,0.004478146644375448
373,32258,32631,0.011563023126046252
68,7803,7871,0.008714596949891068
158,13019,13177,0.012136108764113987
346,5887,6233,0.05877356888058434
61,11511,11572,0.005299278950569021
72,6720,6792,0.010714285714285714
135,6422,6557,0.021021488632824666
46,12719,12765,0.003616636528028933
111,8829,8940,0.012572205232755691
163,2347,2510,0.06945036216446528
69,15855,15924,0.0043519394512772
90,9394,9484,0.009580583351075155
186,47497,47683,0.0039160368023243575
118,14314,14432,0.008243677518513343
37,13256,13293,0.002791188895594448
444,4577,5021,0.09700677299541184
106,12425,12531,0.008531187122736419
248,10492,10740,0.0236370568051849
36,7094,7130,0.005074711023400056
41,13217,13258,0.0031020655216766287
35,7915,7950,0.004421983575489577
702,23614,24316,0.02972812738206149
429,9762,10191,0.0439459127228027
55,18904,18959,0.002909437156157427
86,7917,8003,0.010862700517872931
45,15086,15131,0.0029828980511732734
44,15650,15694,0.0028115015974440895
43,7888,7931,0.00545131845841785
247,12067,12314,0.020469047816358665
601,25901,26502,0.023203737307439867
180,13657,13837,0.013180054184667203
373,10660,11033,0.0349906191369606
1844,1740,3584,1.0597701149425287
507,8627,9134,0.05876898110583053
80,26654,26734,0.0030014256771966684
84,9281,9365,0.009050748841719643
1450,30361,31811,0.047758637726030104
47,9820,9867,0.004786150712830957
272,16119,16391,0.016874495936472486
570,11151,11721,0.051116491794457895
247,7072,7319,0.034926470588235295
889,17108,17997,0.05196399345335515
49,13389,13438,0.003659720666218538
211,28915,29126,0.007297250561992046
24,15185,15209,0.0015805070793546263
72,6880,6952,0.010465116279069767
1821,5741,7562,0.31719212680717646
717,25367,26084,0.028265068790160445
40,19568,19608,0.002044153720359771
2454,18151,20605,0.13519916258057407
410,16443,16853,0.02493462263577206
45,7497,7542,0.006002400960384154
84,20228,20312,0.004152659679651968
59,9987,10046,0.005907679983979173
55,14325,14380,0.0038394415357766143
20,6513,6533,0.0030707815138952864
621,22293,22914,0.027856277755349212
196,19767,19963,0.009915515758587545
76,10630,10706,0.007149576669802446
61,9877,9938,0.006175964361648274
61,16801,16862,0.0036307362656984705
65,15637,15702,0.004156807571784869
50,14930,14980,0.003348961821835231
1169,31783,32952,0.036780668911053076
1194,12232,13426,0.09761281883584041
160,16213,16373,0.009868623943748843
87,28112,28199,0.0030947638019351168
36,21862,21898,0.0016466928917756838
330,20232,20562,0.01631079478054567
96,9567,9663,0.010034493571652555
95,7456,7551,0.012741416309012876
4299,12869,17168,0.33405859041106534
107,9441,9548,0.011333545175299227
56,18223,18279,0.0030730395653844043
21,11194,11215,0.001876005002680007
27,7025,7052,0.0038434163701067618
437,12406,12843,0.03522489118168628
41,13051,13092,0.0031415217224733736
2904,11688,14592,0.24845995893223818
267,17424,17691,0.015323691460055097
244,8258,8502,0.02954710583676435
1146,14005,15151,0.08182791860049982
62,18042,18104,0.003436426116838488
774,5977,6751,0.12949640287769784
102,17429,17531,0.005852315107005565
120,8346,8466,0.014378145219266714
96,9520,9616,0.010084033613445379
1348,7152,8500,0.1884787472035794
33,48111,48144,0.0006859138242813494
108,9046,9154,0.011938978554057041
39,11869,11908,0.0032858707557502738
256,11177,11433,0.022904178223136798
41,9528,9569,0.004303106633081444
36,17815,17851,0.0020207690148751054
159,33200,33359,0.004789156626506024
48,4929,4977,0.009738283627510651
1844,8128,9972,0.2268700787401575
917,41500,42417,0.022096385542168674
3223,42076,45299,0.07659948664321703
79,10423,10502,0.007579391729828264
61,22179,22240,0.002750349429640651
755,22473,23228,0.033595870600275884
57,21568,21625,0.002642804154302671
44,20046,20090,0.0021949516112940238
103,33380,33483,0.003085680047932894
2517,16519,19036,0.15236999818390945
143,9363,9506,0.01527288262309089
434,18381,18815,0.023611337794461673
51,10241,10292,0.004979982423591446
295,26305,26600,0.011214597985173921
46,8934,8980,0.00514886948735169
1175,8840,10015,0.1329185520361991
521,9398,9919,0.055437327090870396
1555,16268,17823,0.09558642734202115
74,19713,19787,0.003753868005884442
41,7665,7706,0.005348988910632746
44,12635,12679,0.003482390185991294
1619,61134,62753,0.026482808257270913
47,18914,18961,0.002484931796552818
156,10053,10209,0.015517755893763056
963,13915,14878,0.06920589292130794
126,28381,28507,0.004439589866459956
329,17702,18031,0.018585470568297367
1090,17962,19052,0.06068366551608952
168,10915,11083,0.015391662849289969
83,14331,14414,0.005791640499616216
31,18101,18132,0.001712612562841832
48,39308,39356,0.0012211254706421084
26,9674,9700,0.0026876162910895183
32,43479,43511,0.0007359874882127004
37,15455,15492,0.0023940472339048853
113,22524,22637,0.005016870893269402
637,16436,17073,0.038756388415672915
2022,17834,19856,0.11337893910508018
41,11016,11057,0.003721859114015977
143,9647,9790,0.014823261117445839
119,28859,28978,0.0041234970026681455
47,6294,6341,0.007467429297743883
80,28388,28468,0.0028180921516133576
98,8215,8313,0.011929397443700548
67,11647,11714,0.005752554305829828
1143,17097,18240,0.06685383400596596
179,18188,18367,0.009841653837695183
900,25240,26140,0.03565768621236133
355,10515,10870,0.03376129339039467
51,17702,17753,0.0028810303920460967
3858,18695,22553,0.20636533832575554
26,11740,11766,0.002214650766609881
158,15460,15618,0.010219922380336352
37,14008,14045,0.002641347801256425
194,7016,7210,0.02765108323831243
332,10286,10618,0.03227688119774451
72,15783,15855,0.0045618703668504085
609,9454,10063,0.06441717791411043
1065,13398,14463,0.07948947604120019
204,11997,12201,0.01700425106276569
145,17391,17536,0.008337645908803403
80,11502,11582,0.006955312119631368
41,16256,16297,0.0025221456692913384
40,6691,6731,0.005978179644298311
32,29316,29348,0.0010915541001500887
25,17774,17799,0.0014065488916394735
24,8050,8074,0.0029813664596273293
194,16027,16221,0.012104573532164473
116,8411,8527,0.013791463559624302
369,11441,11810,0.032252425487282584
113,10717,10830,0.010543995521134646
154,8457,8611,0.01820976705687596
45,10168,10213,0.00442564909520063
496,24776,25272,0.02001937358734259
54,20242,20296,0.00266772058097026
609,8187,8796,0.0743862220593624
64,12150,12214,0.005267489711934157
78,10989,11067,0.007098007098007098
144,12063,12207,0.011937329022631187
128,6994,7122,0.018301401201029455
127,9669,9796,0.013134760575033613
63,10334,10397,0.00609638087865299
34,12873,12907,0.0026411869805018254
304,7614,7918,0.039926451273969
139,15696,15835,0.008855759429153924
45,18595,18640,0.0024200053777897286
39,12211,12250,0.0031938416182130864
1416,16870,18286,0.08393598103141671
296,14415,14711,0.020534165799514396
45,8833,8878,0.005094531869127137
149,13049,13198,0.011418499501877538
57,22678,22735,0.0025134491577740543
12,27036,27048,0.0004438526409232135
2022,34604,36626,0.058432551150156053
361,17576,17937,0.020539371870732816
1069,22936,24005,0.04660795256365539
38,7161,7199,0.005306521435553694
53,10010,10063,0.005294705294705295
445,9950,10395,0.04472361809045226
142,10178,10320,0.013951660444095107
90,18052,18142,0.004985597163749169
86,16500,16586,0.005212121212121212
208,8031,8239,0.025899638899265345
53,18491,18544,0.0028662592612622357
272,14998,15270,0.01813575143352447
161,14725,14886,0.010933786078098471
24,20499,20523,0.0011707888189667788
171,13353,13524,0.012806110986295215
346,16958,17304,0.020403349451586273
114,12490,12604,0.009127301841473178
102,7692,7794,0.01326053042121685
153,9435,9588,0.016216216216216217
157,11256,11413,0.013948116560056859
77,10485,10562,0.007343824511206486
684,16829,17513,0.040644126210707704
87,9333,9420,0.00932176149148184
162,8530,8692,0.01899179366940211
26,20284,20310,0.0012817984618418458
539,2365,2904,0.22790697674418606
282,11987,12269,0.02352548594310503
24,11463,11487,0.002093692750588851
42,16665,16707,0.0025202520252025204
102,9461,9563,0.01078110136349223
453,16472,16925,0.027501214181641573
3023,18514,21537,0.16328184076914767
793,6360,7153,0.12468553459119497
61,32855,32916,0.0018566428245320346
49,14254,14303,0.0034376315420232917
135,15125,15260,0.008925619834710744
127,10839,10966,0.011716948057938924
75,8906,8981,0.00842128901863912
101,17645,17746,0.005724001133465571
848,10728,11576,0.0790454884414616
53,6950,7003,0.00762589928057554
84,11401,11485,0.007367774756600299
521,31318,31839,0.0166358004981161
139,13952,14091,0.009962729357798164
580,18574,19154,0.03122644556907505
866,14940,15806,0.057965194109772425
1821,7239,9060,0.25155408205553254
57,14764,14821,0.0038607423462476294
64,16655,16719,0.0038426898829180428
61,14326,14387,0.004257992461259249
168,10191,10359,0.016485133941713276
353,9922,10275,0.035577504535375934
13,5984,5997,0.0021724598930481284
88,31492,31580,0.0027943604725009525
1196,19545,20741,0.061192120746994115
170,14707,14877,0.011559121506765486
51,7649,7700,0.006667538240292849
43,9503,9546,0.004524886877828055
156,32770,32926,0.004760451632590784
97,13168,13265,0.007366342648845687
63,9530,9593,0.0066107030430220355
61,17077,17138,0.0035720559817298122
114,13916,14030,0.008192009198045415
71,15455,15526,0.00459398252992559
1980,17373,19353,0.11396995337592816
265,14295,14560,0.018537950332284014
437,18987,19424,0.023015747616790434
329,17353,17682,0.018959257765227916
43,5028,5071,0.008552108194112968
204,5188,5392,0.03932151117964534
262,4820,5082,0.05435684647302905
44,13150,13194,0.0033460076045627378
1436,9849,11285,0.14580160422377905
43,10661,10704,0.004033392739893068
597,10894,11491,0.05480080778410134
23,11684,11707,0.001968503937007874
485,12523,13008,0.038728739120019166
42,16509,16551,0.002544066872614937
2307,8788,11095,0.26251706873008646
1227,41187,42414,0.02979095345618763
1099,6712,7811,0.16373659117997616
90,31959,32049,0.0028161081385525205
40,13536,13576,0.002955082742316785
48,13396,13444,0.0035831591519856674
400,24882,25282,0.016075878144843663
1209,12756,13965,0.09477892756349952
44,22147,22191,0.0019867250643428006
88,28976,29064,0.003036996134732192
81,11274,11355,0.007184672698243746
184,6235,6419,0.029510825982357658
51,10892,10943,0.004682335659199412
591,12273,12864,0.048154485455878755
70,8323,8393,0.008410428931875526
167,13438,13605,0.012427444560202412
924,7590,8514,0.12173913043478261
237,16929,17166,0.013999645578592948
89,8211,8300,0.010839118255998051
95,5050,5145,0.01881188118811881
1145,10958,12103,0.10448987041430918
47,13740,13787,0.003420669577874818
46,20265,20311,0.0022699235134468294
112,10921,11033,0.010255471110704148
261,12275,12536,0.021262729124236254
978,15728,16706,0.06218209562563581
94,16044,16138,0.005858888057840937
1627,9794,11421,0.16612211558096793
36,8678,8714,0.004148421295229315
561,11734,12295,0.04780978353502642
96,8519,8615,0.011268928277966897
73,18410,18483,0.00396523628462792
255,10774,11029,0.023668089845925375
19,12417,12436,0.0015301602641539824
101,22891,22992,0.004412214407409025
54,8641,8695,0.006249276704085175
114,10616,10730,0.010738507912584778
41,29092,29133,0.0014093221504193592
121,7833,7954,0.015447465849610622
274,19135,19409,0.014319310164619807
1040,17735,18775,0.05864110515928954
574,8048,8622,0.0713220675944334
41,14553,14594,0.002817288531574246
141,7657,7798,0.018414522659004832
755,6292,7047,0.11999364272091545
40,14294,14334,0.002798376941374003
84,9130,9214,0.009200438116100766
260,7934,8194,0.032770355432316614
50,15850,15900,0.0031545741324921135
100,12175,12275,0.008213552361396304
209,15071,15280,0.013867692920177825
54,8785,8839,0.006146841206602163
39,7311,7350,0.005334427574887156
329,16509,16838,0.019928523835483675
11332,20018,31350,0.56609051853332
29,12849,12878,0.002256984979375827
109,6813,6922,0.015998825774255102
49,10365,10414,0.00472744814278823
57,8827,8884,0.006457460065707488
23,19742,19765,0.0011650288724546652
38,11533,11571,0.0032948929159802307
118,22073,22191,0.005345897703076157
135,7431,7566,0.018167137666532097
45,8089,8134,0.005563110396835208
83,9054,9137,0.009167218908769604
299,8977,9276,0.03330734098251086
32,20381,20413,0.0015700897895098375
59,12617,12676,0.004676230482682096
520,14218,14738,0.03657335771557181
540,7236,7776,0.07462686567164178
217,17299,17516,0.012544077692352159
30,9661,9691,0.0031052686057343962
461,9334,9795,0.049389329333619024
266,10854,11120,0.024507094158835452
481,14282,14763,0.03367875647668394
4184,15062,19246,0.2777851546939317
88,8984,9072,0.009795191451469279
47,11177,11224,0.004205063970654022
299,8021,8320,0.03727714748784441
162,10237,10399,0.015824948715443977
36,15537,15573,0.0023170496234794363
63,8338,8401,0.007555768769489086
530,16259,16789,0.0325973307091457
51,16362,16413,0.0031169783645031168
2321,5620,7941,0.41298932384341636
20,21033,21053,0.0009508867018494747
42,9350,9392,0.004491978609625668
36,22534,22570,0.0015975858702405254
180,9403,9583,0.019142826757417845
355,10900,11255,0.03256880733944954
47,11815,11862,0.003977994075327973
38,14107,14145,0.002693698164032041
61,13874,13935,0.00439671327663255
116,11260,11376,0.010301953818827708
443,13181,13624,0.033608982626507855
105,13940,14045,0.007532281205164993
654,15910,16564,0.04110622250157134
53,13455,13508,0.003939056112969156
111,13367,13478,0.00830403231839605
208,14327,14535,0.01451804285614574
42,8367,8409,0.005019720329867336
25,12897,12922,0.001938435295029852
246,6350,6596,0.03874015748031496
98,25544,25642,0.0038365173817726276
172,22297,22469,0.007714042247836032
153,9069,9222,0.016870658286470393
240,22178,22418,0.010821534854360177
558,15426,15984,0.03617269544924154
135,29605,29740,0.004560040533693633
244,25373,25617,0.009616521499231466
51,12223,12274,0.004172461752433936
63,11003,11066,0.005725711169680996
39,8852,8891,0.004405784003615003
401,5562,5963,0.07209636821287306
180,17958,18138,0.010023387905111928
40,13045,13085,0.0030663089306247606
137,45297,45434,0.0030244828575843874
687,7740,8427,0.08875968992248062
41,7830,7871,0.005236270753512133
120,11881,12001,0.01010015991919872
398,26694,27092,0.01490971753952199
44,13050,13094,0.003371647509578544
183,6656,6839,0.027493990384615384
33,11987,12020,0.002752982397597397
132,14555,14687,0.009069048436963243
73,5818,5891,0.012547267102096941
53,11931,11984,0.004442209370547314
178,8543,8721,0.02083577197705724
52,7934,7986,0.0065540710864633225
569,18064,18633,0.03149911426040744
69,11409,11478,0.0060478569550354985
84,8688,8772,0.009668508287292817
430,18366,18796,0.02341282805183491
346,16957,17303,0.020404552692103554
269,17629,17898,0.015258948323784672
52,11162,11214,0.004658663321985307
61,8484,8545,0.00719000471475719
342,19630,19972,0.017422312786551198
36,11359,11395,0.003169293071573202
448,6135,6583,0.07302363488182559
320,8281,8601,0.03864267600531337
491,9227,9718,0.05321339546981684
42,9461,9503,0.0044392770320262126
461,6617,7078,0.06966903430557654
299,6583,6882,0.04542002126689959
34,10206,10240,0.003331373701744072
218,8897,9115,0.024502641339777455
377,21122,21499,0.017848688571158036
864,14148,15012,0.061068702290076333
4070,11142,15212,0.36528450906479987
74,35173,35247,0.0021038865038523866
42,8794,8836,0.0047759836251989995
44,12678,12722,0.0034705789556712416
703,16734,17437,0.04201027847496116
38,9707,9745,0.003914700731430926
287,14224,14511,0.020177165354330708
99,7804,7903,0.012685802152742183
136,12666,12802,0.010737407231959577
101,7578,7679,0.013328054895750858
918,30488,31406,0.030110207294673313
3976,9722,13698,0.40896934787080846
240,21433,21673,0.011197685811598936
594,15573,16167,0.03814293970333269
3338,59943,63281,0.05568623525682732
131,6680,6811,0.019610778443113774
548,33415,33963,0.01639982043992219
109,14749,14858,0.007390331547901552
540,79,619,6.8354430379746836
177,17412,17589,0.01016540317022743
187,17825,18012,0.010490883590462833
415,24392,24807,0.017013775008199408
78,11575,11653,0.00673866090712743
256,17354,17610,0.014751642272674888
1617,57048,58665,0.028344551956247372
177,9828,10005,0.018009768009768008
111,10582,10693,0.01048951048951049
2200,12915,15115,0.17034456058846303
119,9158,9277,0.01299410351605154
101,8839,8940,0.011426631971942528
94,15340,15434,0.006127770534550195
119,9233,9352,0.01288855193328279
737,13864,14601,0.05315926139642239
26,6722,6748,0.003867896459387087
76,27302,27378,0.0027836788513662
53,11370,11423,0.004661389621811785
1454,21029,22483,0.069142612582624
41,6081,6122,0.006742312119717151
40,9850,9890,0.0040609137055837565
201,10860,11061,0.018508287292817678
654,17955,18609,0.03642439431913116
69,13953,14022,0.004945173081057837
33,21434,21467,0.0015396099654754129
61,10437,10498,0.005844591357669828
98,14283,14381,0.0068613036476930615
52,15539,15591,0.003346418688461291
44,18507,18551,0.0023774787918085048
70,9959,10029,0.007028818154433176
222,16209,16431,0.013696094762169165
135,12488,12623,0.01081037796284433
283,13966,14249,0.020263497064299012
160,10987,11147,0.014562664967689086
140,9935,10075,0.014091595369904378
65,10900,10965,0.005963302752293578
98,13471,13569,0.007274886793853463
46,12512,12558,0.003676470588235294
576,13250,13826,0.04347169811320755
113,8927,9040,0.012658227848101266
313,14541,14854,0.02152534213602916
214,11887,12101,0.018002860267519138
103,34673,34776,0.0029706111383497246
80,28539,28619,0.002803181611128631
201,17369,17570,0.011572341528009672
493,33818,34311,0.014578035365781537
328,6553,6881,0.05005341065160995
1113,12406,13519,0.08971465419958084
196,22265,22461,0.008803054120817427
38,9205,9243,0.004128191200434546
164,7945,8109,0.020641913152926367
1041,13039,14080,0.0798374108443899
365,14356,14721,0.025424909445528002
1872,13962,15834,0.1340782122905028
2110,6905,9015,0.3055756698044895
34,15076,15110,0.0022552401167418414
92,6352,6444,0.014483627204030227
933,24832,25765,0.03757248711340206
61,16050,16111,0.0038006230529595017
218,8197,8415,0.02659509576674393
154,17519,17673,0.008790456076260061
3483,13750,17233,0.25330909090909093
339,7383,7722,0.04591629418935392
417,16890,17307,0.024689165186500887
107,24322,24429,0.004399309267329989
75,15182,15257,0.004940060598076669
92,11574,11666,0.007948850872645585
178,10088,10266,0.017644726407613005
1312,20417,21729,0.06426017534407602
79,15782,15861,0.005005702699277658
173,10346,10519,0.016721438236999807
120,8504,8624,0.014111006585136407
46,14585,14631,0.003153925265683922
57,17842,17899,0.003194709113328102
43,13182,13225,0.0032620239720831438
27,14907,14934,0.0018112296236667338
856,13004,13860,0.0658258997231621
50,12018,12068,0.0041604260276252285
83,13969,14052,0.00594172811224855
194,28408,28602,0.006829062235989862
85,14010,14095,0.006067094932191292
430,14624,15054,0.029403719912472648
83,9451,9534,0.008782139456142207
103,9489,9592,0.0108546738328591
89,10889,10978,0.008173385985857286
70,11509,11579,0.0060821965418368235
68,12291,12359,0.005532503457814661
1048,10651,11699,0.09839451694676556
41,12388,12429,0.003309654504359057
55,24674,24729,0.0022290670341249897
536,16274,16810,0.03293597148826349
108,16500,16608,0.006545454545454545
119,12184,12303,0.009766907419566645
186,29793,29979,0.006243077232907059
111,11172,11283,0.009935553168635876
236,9264,9500,0.02547495682210708
90,14820,14910,0.006072874493927126
44,39957,40001,0.0011011837725554972
206,26884,27090,0.0076625502157417055
1354,7611,8965,0.17790040730521614
275,16719,16994,0.016448352174173096
1005,8649,9654,0.11619840443981963
61,16578,16639,0.003679575340813126
40,12728,12768,0.0031426775612822125
416,11042,11458,0.03767433435971744
28,19995,20023,0.0014003500875218804
53,10695,10748,0.004955586722767648
204,13560,13764,0.01504424778761062
151,13432,13583,0.011241810601548542
961,15001,15962,0.06406239584027731
154,19642,19796,0.007840342124019958
51,13026,13077,0.00391524643021649
56,10990,11046,0.005095541401273885
37,18401,18438,0.002010760284767132
22,11267,11289,0.0019526049525161978
239,28727,28966,0.00831969923765099
388,7709,8097,0.050330782202620314
141,9318,9459,0.015132002575660013
211,10259,10470,0.02056730675504435
45,10634,10679,0.0042317096106827155
49,10043,10092,0.00487902021308374
92,9839,9931,0.00935054375444659
1101,20634,21735,0.05335853445769119
169,15211,15380,0.011110380645585432
56,10513,10569,0.005326738323979834
37,14307,14344,0.002586146641504159
98,17777,17875,0.0055127411824267315
47,8838,8885,0.005317945236478841
51,10900,10951,0.004678899082568807
310,8530,8840,0.03634232121922626
167,22662,22829,0.007369164239696408
44,5963,6007,0.007378836156297166
39,12064,12103,0.003232758620689655
184,15537,15721,0.011842698075561563
63,7338,7401,0.008585445625511038
334,11733,12067,0.028466717804483083
184,9777,9961,0.018819678838089392
32,6892,6924,0.0046430644225188625
51,8967,9018,0.005687520910003346
192,12693,12885,0.015126447648310093
48,13841,13889,0.0034679575175204105
10436,25274,35710,0.4129144575453035
55,12071,12126,0.004556374782536658
777,17947,18724,0.04329414386805594
159,26412,26571,0.006019990913221263
30,16046,16076,0.001869624828617724
60,9576,9636,0.006265664160401002
303,12719,13022,0.023822627565060147
417,9065,9482,0.04600110314396029
70,7624,7694,0.009181532004197272
81,8712,8793,0.009297520661157025
559,9972,10531,0.05605695948656238
56,17468,17524,0.003205862147927639
132,8466,8598,0.01559177888022679
1170,9566,10736,0.12230817478569936
54,6538,6592,0.008259406546344448
100,31349,31449,0.0031898944144948802
1636,18483,20119,0.08851376940972785
55,8336,8391,0.0065978886756238005
932,16544,17476,0.05633462282398453
477,19763,20240,0.024136011739108437
54,19544,19598,0.002762996316004912
44,9739,9783,0.004517917650682822
22,12069,12091,0.001822851934708758
33,13919,13952,0.002370859975572958
165,9089,9254,0.018153812300583123
38,13189,13227,0.0028811888695124727
214,8992,9206,0.023798932384341637
1118,12866,13984,0.08689569407741334
673,17369,18042,0.038747193275375666
63,13825,13888,0.004556962025316456
269,12414,12683,0.021669083293056227
76,22605,22681,0.0033620880336208804
36,15883,15919,0.0022665743247497322
43,21941,21984,0.0019598012852650288
43,14903,14946,0.0028853251023283903
40,7525,7565,0.0053156146179402
72,21002,21074,0.003428244929054376
20,14656,14676,0.0013646288209606986
46,7533,7579,0.006106464887826895
218,8994,9212,0.02423838114298421
144,11569,11713,0.012447056789696603
83,6693,6776,0.012401015986851935
106,17934,18040,0.005910560945689751
57,35369,35426,0.0016115807628148944
105,5234,5339,0.020061138708444785
138,14308,14446,0.009644953871959744
92,15926,16018,0.005776717317593872
110,14454,14564,0.0076103500761035
58,18482,18540,0.0031381885077372577
315,14657,14972,0.021491437538377567
4437,19800,24237,0.2240909090909091
70,12668,12738,0.005525734133249131
987,16339,17326,0.060407613685048045
227,21431,21658,0.010592132891605618
87,13932,14019,0.006244616709732989
101,8455,8556,0.011945594322885866
2053,52046,54099,0.039445874803058834
90,6066,6156,0.01483679525222552
21,54640,54661,0.0003843338213762811
54,7340,7394,0.007356948228882834
102,42345,42447,0.0024087849805171802
38,17074,17112,0.0022256061848424506
370,11856,12226,0.03120782726045884
531,32730,33261,0.01622364802933089
103,11359,11462,0.00906769962144555
135,11011,11146,0.012260466805921352
81,10248,10329,0.007903981264637002
89,14375,14464,0.006191304347826087
834,49528,50362,0.01683895978032628
99,8966,9065,0.01104171313852331
497,5611,6108,0.08857601140616646
834,6248,7082,0.13348271446862997
116,8278,8394,0.014013046629620681
37,9497,9534,0.0038959671475202696
203,12101,12304,0.016775473101396578
347,30246,30593,0.011472591417046882
615,35937,36552,0.017113281576091495
68,27602,27670,0.002463589594956887
99,9894,9993,0.010006064281382655
696,18987,19683,0.03665665981987676
854,16559,17413,0.05157316263059363
45,14969,15014,0.0030062128398690626
71,36943,37014,0.001921879652437539
310,15079,15389,0.020558392466343924
165,15560,15725,0.010604113110539846
43,12605,12648,0.003411344704482348
73,22810,22883,0.0032003507233669443
490,26985,27475,0.018158236057068743
239,16174,16413,0.014776802275256585
30,23038,23068,0.0013021963712127789
52,12187,12239,0.0042668417165832445
182,11804,11986,0.015418502202643172
23,12082,12105,0.0019036583347127958
32,16138,16170,0.0019828975089850043
1556,62027,63583,0.025085849710609894
150,22835,22985,0.006568863586599518
851,7581,8432,0.1122543200105527
50,15343,15393,0.0032588150948315193
302,11839,12141,0.025508911225610272
58,10962,11020,0.005291005291005291
32,11464,11496,0.0027913468248429866
97,14505,14602,0.006687349189934505
53,12624,12677,0.004198352344740177
1239,9901,11140,0.12513887486112513
63,18337,18400,0.0034356765010634237
41,6556,6597,0.006253813300793167
112,14117,14229,0.007933696961110718
409,10946,11355,0.0373652475790243
66,11343,11409,0.0058185665167944985
2069,22781,24850,0.0908212984504631
12,49512,49524,0.0002423654871546292
101,10238,10339,0.009865208048446962
621,13779,14400,0.045068582625734814
108,20069,20177,0.0053814340525188105
32,5369,5401,0.005960141553361892
218,18091,18309,0.012050190702559284
149,6628,6777,0.02248038624019312
42,14394,14436,0.0029178824510212586
92,9752,9844,0.009433962264150943
1617,50480,52097,0.0320324881141046
2257,10436,12693,0.21627060176312762
82,13589,13671,0.006034292442416661
82,30755,30837,0.002666233132823931
179,22709,22888,0.007882337399269012
123,9680,9803,0.012706611570247934
31,20351,20382,0.001523266669942509
240,6218,6458,0.03859761981344484
65,17060,17125,0.0038100820633059787
26,10171,10197,0.0025562874840232034
102,8222,8324,0.012405740695694478
1759,23410,25169,0.07513882956001709
30,12868,12898,0.0023313646254274167
755,24131,24886,0.03128755542662965
78,14402,14480,0.00541591445632551
54,20848,20902,0.002590176515732924
1060,16559,17619,0.0640135273869195
69,21828,21897,0.0031610775151181968
1014,20534,21548,0.0493815135872212
54,16373,16427,0.003298112746595004
691,24889,25580,0.027763268913978064
129,12076,12205,0.010682345147399802
2517,10129,12646,0.24849442195675783
130,8459,8589,0.01536824683768767
27,17983,18010,0.001501418005894456
99,13061,13160,0.007579817778118061
189,15082,15271,0.012531494496751094
178,24249,24427,0.007340508886964411
57,22310,22367,0.0025549081129538323
770,10895,11665,0.07067462138595686
3785,16818,20603,0.2250564870971578
22,11462,11484,0.0019193857965451055
242,11355,11597,0.021312197269925143
111,9778,9889,0.011352014726938024
93,10583,10676,0.008787678352074082
228,23391,23619,0.00974733872002052
2138,34852,36990,0.06134511649259727
409,8541,8950,0.04788666432502049
62,9184,9246,0.006750871080139373
65,6365,6430,0.01021209740769835
100,9365,9465,0.010678056593699947
57,10021,10078,0.005688055084322922
24,7500,7524,0.0032
182,20505,20687,0.008875883930748597
16898,21955,38853,0.7696652243224777
147,14863,15010,0.009890331696158246
576,14069,14645,0.040941076124813416
286,26773,27059,0.010682403914391365
931,16962,17893,0.054887395354321425
163,11149,11312,0.014620145304511615
101,10085,10186,0.010014873574615765
103,9823,9926,0.010485595032067597
107,13442,13549,0.007960124981401577
84,10954,11038,0.00766843162315136
182,16378,16560,0.011112467944804005
43,7367,7410,0.00583683996199267
146,7754,7900,0.018828991488264123
165,41953,42118,0.003932972612208901
197,15074,15271,0.01306886028923975
30,12106,12136,0.002478110028085247
109,12822,12931,0.008501013882389642
31,24914,24945,0.001244280324315646
55,11593,11648,0.004744242215129819
74,8317,8391,0.008897438980401587
68,27306,27374,0.0024902951732220023
26,9889,9915,0.0026291839417534636
2097,53810,55907,0.03897045158892399
249,9875,10124,0.025215189873417723
27,22640,22667,0.0011925795053003535
151,10599,10750,0.01424662704028682
709,6295,7004,0.11262907069102462
161,10018,10179,0.016071072070273508
72,16484,16556,0.004367871875758311
656,13717,14373,0.04782386819275352
33,8565,8598,0.003852889667250438
72,18778,18850,0.003834274150601768
40,13252,13292,0.003018412315122246
30,6945,6975,0.004319654427645789
63,30513,30576,0.0020646937370956643
171,12089,12260,0.014145090578211597
29,7278,7307,0.003984611156911239
56,12374,12430,0.004525618231776305
65,6969,7034,0.009327019658487588
101,8006,8107,0.01261553834624032
1024,17497,18521,0.05852431845459222
48,17703,17751,0.0027114048466361632
53,11968,12021,0.004428475935828877
7018,42073,49091,0.16680531457229103
41,11478,11519,0.003572050879944241
952,7430,8382,0.12812920592193808
85,9376,9461,0.009065699658703071
46,15567,15613,0.002954968844350228
1329,30580,31909,0.0434597776324395
799,30306,31105,0.026364416287203853
54,13470,13524,0.004008908685968819
57,12934,12991,0.004406989330446884
103,16420,16523,0.006272838002436053
77,13846,13923,0.005561172901921132
3514,25331,28845,0.138723303462161
19453,29430,48883,0.6609921848453959
42,11415,11457,0.0036793692509855453
40,10140,10180,0.0039447731755424065
86,8586,8672,0.01001630561378989
399,9990,10389,0.03993993993993994
606,11763,12369,0.05151747003315481
136,6925,7061,0.01963898916967509
58,13425,13483,0.004320297951582868
28,7523,7551,0.0037219194470291105
351,9002,9353,0.03899133525883137
21422,17776,39198,1.20510801080108
104,15955,16059,0.006518332811031024
167,14398,14565,0.011598833171273788
264,14468,14732,0.01824716615980094
42,11282,11324,0.0037227441942917923
292,10381,10673,0.028128311338021385
164,14594,14758,0.011237494860901741
609,7407,8016,0.08221952207371405
335,16924,17259,0.019794374852280784
445,9929,10374,0.044818209285930104
32,31539,31571,0.0010146168236152065
97,13944,14041,0.0069563970166379805
1904,10937,12841,0.17408795830666546
86,38910,38996,0.0022102287329735285
366,6228,6594,0.05876685934489403
117,9422,9539,0.012417745701549564
97,13997,14094,0.006930056440665857
716,11967,12683,0.05983120247346871
120,7891,8011,0.01520719807375491
51,15894,15945,0.0032087580218950547
799,15516,16315,0.05149523072956948
291,6838,7129,0.04255630301257678
57,20147,20204,0.0028292053407455203
77,13956,14033,0.0055173402120951565
128,16188,16316,0.007907091672844082
52,14917,14969,0.003485955621103439
46,13307,13353,0.0034568272337867287
58,11508,11566,0.005039972193256865
104,15311,15415,0.006792502122656913
111,8274,8385,0.013415518491660623
401,25626,26027,0.015648169827518925
614,16564,17178,0.037068340980439506
277,9241,9518,0.02997511091873174
492,11856,12348,0.04149797570850203
27,11407,11434,0.002366967651442097
109,21337,21446,0.005108496977082064
94,11970,12064,0.007852965747702589
2633,8289,10922,0.3176498974544577
80,15275,15355,0.005237315875613748
275,10134,10409,0.027136372607065324
1198,9648,10846,0.12417081260364843
43,11771,11814,0.0036530456205929825
213,25566,25779,0.008331377610889463
450,17883,18333,0.025163563160543533
100,10989,11089,0.009100009100009101
659,7303,7962,0.09023688894974669
1077,27553,28630,0.03908830254418757
379,12984,13363,0.02918977202711029
296,18334,18630,0.016144867459365116
143,7757,7900,0.0184349619698337
189,10167,10356,0.018589554440838006
26,12635,12661,0.0020577760189948555
48,7360,7408,0.006521739130434782
136,9620,9756,0.014137214137214138
40,8231,8271,0.0048596768314907056
49,6487,6536,0.007553568675813165
75,9698,9773,0.007733553309960816
489,6326,6815,0.07730003161555485
226,20340,20566,0.011111111111111112
33,19344,19377,0.001705955334987593
628,23714,24342,0.02648224677405752
41,21435,21476,0.0019127595054816888
56,10971,11027,0.005104366055965728
855,51674,52529,0.016546038626775554
480,10779,11259,0.044531032563317564
56,34569,34625,0.0016199485087795423
76,9138,9214,0.008316918362880281
324,14821,15145,0.021860873085486808
4253,42651,46904,0.09971630207966987
31,14611,14642,0.0021216891383204436
285,17752,18037,0.016054529067147362
107,7504,7611,0.0142590618336887
129,22637,22766,0.005698634978133145
37,13980,14017,0.0026466380543633764
58,16189,16247,0.003582679597257397
53,12030,12083,0.004405652535328345
87,10949,11036,0.007945931135263495
28,15540,15568,0.0018018018018018018
47,12647,12694,0.0037162963548667666
34,16277,16311,0.0020888370092768936
317,30219,30536,0.010490089016843708
1089,43230,44319,0.025190839694656488
141,14538,14679,0.00969872059430458
2890,14545,17435,0.19869370917841184
145,15450,15595,0.009385113268608414
91,7491,7582,0.012147910826324923
590,8112,8702,0.07273175542406311
329,17401,17730,0.01890695937015114
1026,14077,15103,0.07288484762378347
92,8201,8293,0.011218144128764785
152,10068,10220,0.015097338100913786
200,17059,17259,0.01172401664810364
48,13452,13500,0.003568242640499554
690,13257,13947,0.0520479746548993
156,13478,13634,0.01157441756937231
561,26863,27424,0.02088374343893087
113,8114,8227,0.013926546709391176
14,9901,9915,0.001413998586001414
841,9850,10691,0.08538071065989848
4379,39891,44270,0.10977413451655763
166,26699,26865,0.006217461328139631
73,17923,17996,0.0040729788539864975
98,9297,9395,0.010541034742390019
141,11765,11906,0.011984700382490438
54,13862,13916,0.0038955417688645217
1275,20374,21649,0.06257975851575537
768,9853,10621,0.07794580330863696
19,9906,9925,0.0019180294770845953
62,11782,11844,0.005262264471227296
17,9841,9858,0.001727466720861701
2129,11773,13902,0.1808375095557632
1703,10066,11769,0.16918338962845222
69,21146,21215,0.003263028468741133
75,15077,15152,0.004974464415997877
184,14815,14999,0.012419844751940601
92,10178,10270,0.009039103949695421
1416,8533,9949,0.16594398218680417
77,13077,13154,0.0058882006576431905
42,11091,11133,0.0037868542061130646
700,14400,15100,0.04861111111111111
39,11725,11764,0.003326226012793177
257,13367,13624,0.01922645320565572
143,12544,12687,0.011399872448979591
18720,17360,36080,1.0783410138248848
1737,83354,85091,0.020838831969671522
285,11515,11800,0.024750325662179766
604,7987,8591,0.07562288719168649
2934,9092,12026,0.3227012758468984
52,21374,21426,0.0024328623561336205
250,6201,6451,0.04031607805192711
138,4122,4260,0.033478893740902474
935,14783,15718,0.06324832577961172
47,9029,9076,0.005205449108428397
117,6666,6783,0.01755175517551755
63,10256,10319,0.006142745709828393
1005,2254,3259,0.4458740017746229
161,26791,26952,0.006009480795789631
36,34565,34601,0.0010415159843772603
19,18606,18625,0.001021175964742556
2108,46240,48348,0.045588235294117645
35,18915,18950,0.0018503832936822627
153,14837,14990,0.010312057693603828
549,9280,9829,0.059159482758620686
190,6106,6296,0.031116934163118243
34,11270,11304,0.0030168589174800354
148,9720,9868,0.015226337448559672
32,17155,17187,0.0018653453803555815
220,10401,10621,0.02115181232573791
109,32126,32235,0.0033928904936811307
2609,15370,17979,0.1697462589459987
63,16438,16501,0.0038325830392991846
24,18560,18584,0.001293103448275862
660,4502,5162,0.14660151043980454
695,8276,8971,0.08397776703721604
46,14623,14669,0.003145729330506736
531,14031,14562,0.03784477228992944
2626,8090,10716,0.3245982694684796
35,15525,15560,0.0022544283413848632
46,12699,12745,0.0036223324671233953
376,15467,15843,0.024309820909032134
71,10863,10934,0.006535947712418301
36,9687,9723,0.0037163208423660575
218,14094,14312,0.015467574854548034
92,20513,20605,0.00448496075659338
701,11354,12055,0.061740355821736835
1002,33073,34075,0.030296616575454297
41,10658,10699,0.0038468755864139613
126,7918,8044,0.015913109371053297
120,9782,9902,0.012267429973420568
727,31791,32518,0.02286810732597276
39,25577,25616,0.0015248074441881379
112,23129,23241,0.004842405637943707
59,12034,12093,0.004902775469503074
757,16212,16969,0.046693807056501356
28,13343,13371,0.002098478603012816
275,21207,21482,0.0129674164191069
2500,14124,16624,0.17700368167657887
302,10938,11240,0.02761016639239349
19,31676,31695,0.0005998232100012628
38,5817,5855,0.006532576929688843
53,9138,9191,0.0057999562267454586
907,16138,17045,0.05620275127029372
757,10681,11438,0.0708735137159442
397,17513,17910,0.022668874550334037
119,10135,10254,0.011741489886531821
41,9564,9605,0.004286909242994563
143,8021,8164,0.017828200972447326
304,10807,11111,0.028129915795317848
534,15121,15655,0.03531512466106739
88,18190,18278,0.004837822979659154
783,10662,11445,0.07343837929093978
155,14152,14307,0.010952515545505935
171,3612,3783,0.0473421926910299
64,15314,15378,0.004179182447433721
124,17079,17203,0.007260378242285848
60,21783,21843,0.002754441536978378
16,8823,8839,0.001813442139861725
38,12218,12256,0.003110165329841218
47,18527,18574,0.0025368381281373133
358,17959,18317,0.019934294782560275
15,17908,17923,0.0008376144739781103
47,7120,7167,0.006601123595505618
173,8020,8193,0.021571072319201995
132,24062,24194,0.005485828276951209
43,40821,40864,0.001053379388060067
250,20583,20833,0.012145945683330904
460,15483,15943,0.029710004521087643
1648,8906,10554,0.18504379070289692
70,10157,10227,0.006891798759476223
112,8326,8438,0.01345183761710305
80,10479,10559,0.007634316251550721
53,16177,16230,0.0032762564134264697
128,16774,16902,0.007630857279122451
33,8541,8574,0.003863716192483316
699,34625,35324,0.020187725631768953
47,11237,11284,0.004182611017175403
138,47829,47967,0.0028852788057454684
1467,13758,15225,0.1066288704753598
99,8136,8235,0.012168141592920354
543,34842,35385,0.015584639228517307
286,25302,25588,0.011303454272389534
139,13727,13866,0.010126028993953522
992,9845,10837,0.10076180802437786
109,7104,7213,0.015343468468468468
202,14705,14907,0.013736824209452566
78,9855,9933,0.007914764079147641
830,10529,11359,0.07882989837591414
27,6746,6773,0.004002371775867181
67,31295,31362,0.0021409170794056557
1819,11740,13559,0.1549403747870528
115,8138,8253,0.014131236175964611
133,8768,8901,0.015168795620437957
28,14576,14604,0.0019209659714599342
155,7776,7931,0.01993312757201646
361,11105,11466,0.0325078793336335
2291,14659,16950,0.156286240534825
132,11513,11645,0.011465300095544168
105,10608,10713,0.009898190045248868
28,16530,16558,0.0016938898971566847
142,12612,12754,0.011259118300031715
96,11424,11520,0.008403361344537815
60,21773,21833,0.0027557066091030173
63,43042,43105,0.0014636866316620975
107,7763,7870,0.013783331186397012
185,2344,2529,0.07892491467576791
500,11366,11866,0.04399084990322013
85,13571,13656,0.006263355684916366
285,16464,16749,0.01731049562682216
466,18918,19384,0.024632625013214927
920,13606,14526,0.06761722769366456
53,10087,10140,0.005254287697035788
51,9369,9420,0.005443483829650976
451,8613,9064,0.05236270753512133
173,11672,11845,0.01482179575051405
985,10203,11188,0.09654023326472606
146,10977,11123,0.013300537487473809
137,11679,11816,0.011730456374689615
350,15366,15716,0.022777560848626838
72,9520,9592,0.007563025210084034
150,2939,3089,0.05103776794828173
251,10148,10399,0.024733937721718564
95,10024,10119,0.009477254588986432
17,6960,6977,0.002442528735632184
423,10656,11079,0.03969594594594594
137,15408,15545,0.008891484942886812
286,12882,13168,0.022201521502872225
163,19050,19213,0.008556430446194226
41,15718,15759,0.002608474360605675
178,14693,14871,0.012114612400462806
221,16207,16428,0.013636083173937188
194,15186,15380,0.012774924272356117
1544,7478,9022,0.20647231880181866
24,5977,6001,0.004015392337292956
184,10154,10338,0.018120937561552097
218,7920,8138,0.027525252525252526
25,12439,12464,0.0020098078623683575
25,9231,9256,0.002708265626692666
32,11284,11316,0.002835873803615739
133,11565,11698,0.01150021616947687
244,21570,21814,0.011312007417709782
299,18770,19069,0.015929675013319128
123,15399,15522,0.007987531657899864
23631,36416,60047,0.648918057996485
40,14836,14876,0.0026961445133459154
119,11564,11683,0.010290556900726392
1467,13030,14497,0.11258633921719109
181,14743,14924,0.01227701281964322
2056,13635,15691,0.1507884121745508
50,8295,8345,0.006027727546714889
43,10950,10993,0.003926940639269407
103,7475,7578,0.013779264214046823
47,9806,9853,0.004792983887415868
50,13256,13306,0.003771876885938443
468,36291,36759,0.012895759279160122
69,13862,13931,0.004977636704660222
145,13172,13317,0.011008199210446401
41,15494,15535,0.002646185620240093
924,24672,25596,0.03745136186770428
544,10451,10995,0.05205243517366759
39,13787,13826,0.002828751722637267
159,6906,7065,0.023023457862728063
20,12653,12673,0.001580652809610369
109,13934,14043,0.00782259222046792
210,14583,14793,0.01440032915038058
63,16793,16856,0.003751563151313047
105,11524,11629,0.009111419645956265
1252,18419,19671,0.06797328845214182
69,11999,12068,0.00575047920660055
121,12196,12317,0.009921285667431945
93,13906,13999,0.0066877606788436645
161,10539,10700,0.015276591706993073
67,15028,15095,0.004458344423742348
373,10111,10484,0.0368905152803877
53,12942,12995,0.004095193942203678
26,12713,12739,0.0020451506332100997
221,7224,7445,0.03059246954595792
43,19842,19885,0.002167120249974801
46,12057,12103,0.003815211080700008
69,26248,26317,0.002628771715940262
384,8546,8930,0.0449333021296513
27,13348,13375,0.0020227749475576866
1075,9217,10292,0.11663230986221113
69,8093,8162,0.008525886568639566
10,20769,20779,0.00048148683133516297
37,11608,11645,0.003187456926257753
106,10272,10378,0.010319314641744548
73,13222,13295,0.005521101194978067
77,11073,11150,0.006953851711369999
615,18673,19288,0.03293525411021261
113,7095,7208,0.015926708949964764
35,58359,58394,0.0005997361161089121
486,9041,9527,0.053755115584559233
90,15307,15397,0.005879662899327105
121,10275,10396,0.011776155717761557
138,11547,11685,0.011951156144453105
29,24241,24270,0.0011963202838166742
359,14764,15123,0.024315903549173665
72,26594,26666,0.0027073776039708204
29,18725,18754,0.001548731642189586
143,7176,7319,0.019927536231884056
28,5911,5939,0.004736931145322281
891,32921,33812,0.02706479147048996
1706,19079,20785,0.08941768436500865
2166,7077,9243,0.3060618906316236
253,10825,11078,0.023371824480369514
526,11045,11571,0.0476233589859665
53,8693,8746,0.006096859542160359
168,20684,20852,0.008122220073486753
52,14875,14927,0.003495798319327731
885,11239,12124,0.07874366046801316
145,13003,13148,0.011151272783203875
50,10691,10741,0.004676830979328407
643,9263,9906,0.06941595595379467
464,20897,21361,0.022204144135521846
23,15627,15650,0.0014718116081141614
30,10860,10890,0.0027624309392265192
735,14952,15687,0.04915730337078652
41,5251,5292,0.007808036564463911
98,25507,25605,0.0038420825655702357
59,11303,11362,0.005219853136335486
219,32728,32947,0.006691517966267416
260,13739,13999,0.01892423029332557
103,29952,30055,0.00343883547008547
101,12516,12617,0.008069670821348674
169,17845,18014,0.009470439899131409
57,14545,14602,0.003918872464764524
47,14714,14761,0.0031942367812967244
140,13603,13743,0.010291847386605896
33,20151,20184,0.001637635849337502
54,7857,7911,0.006872852233676976
297,8012,8309,0.037069395906140785
629,12697,13326,0.049539261242813264
568,7839,8407,0.07245822171195306
140,8177,8317,0.017121193591781828
75,15883,15958,0.004722029843228609
1233,18280,19513,0.0674507658643326
25,10368,10393,0.0024112654320987653
121,10291,10412,0.01175784666213196
41,8363,8404,0.004902546932918809
28,43170,43198,0.0006485985638174658
828,18823,19651,0.043988737183233276
42,13793,13835,0.0030450228376712827
206,6485,6691,0.03176561295296839
71,8863,8934,0.008010831546880289
4253,34895,39148,0.12187992549075799
131,5866,5997,0.022332083191271737
645,4325,4970,0.14913294797687862
77,5019,5096,0.015341701534170154
92,18717,18809,0.004915317625687877
35,15602,15637,0.002243302140751186
890,29806,30696,0.029859759779910084
253,17550,17803,0.014415954415954417
52,11414,11466,0.004555808656036446
559,30533,31092,0.018308060131660826
11754,14265,26019,0.8239747634069401
81,38419,38500,0.002108331814987376
207,15291,15498,0.01353737492642731
1333,16803,18136,0.07933107183241088
82,9031,9113,0.009079836120031005
26,11564,11590,0.002248356969906607
119,39126,39245,0.0030414558094361806
132,11588,11720,0.011391094235415948
88,23561,23649,0.003734985781588218
51,6289,6340,0.008109397360470663
25,16219,16244,0.0015414020593131513
20,12127,12147,0.0016492125010307578
54,21381,21435,0.0025256068472007858
73,14408,14481,0.005066629650194336
71,23672,23743,0.002999324095978371
168,8499,8667,0.019767031415460642
88,12164,12252,0.007234462347911871
60,16126,16186,0.0037206994915044028
29,11879,11908,0.0024412829362740972
41,7692,7733,0.005330213208528341
84,19870,19954,0.004227478610971313
494,14484,14978,0.034106600386633525
468,12797,13265,0.03657107134484645
492,8056,8548,0.06107249255213505
233,10710,10943,0.021755368814192343
490,9188,9678,0.053330430996952546
83,11577,11660,0.0071693875788200745
103,14938,15041,0.006895166688981122
100,12636,12736,0.007913896802785692
21,13653,13674,0.0015381234893430016
560,31678,32238,0.01767788370477934
2011,39653,41664,0.05071495221042544
654,11674,12328,0.056021929073154016
85,8532,8617,0.00996249413970933
43,16793,16836,0.0025605907223247783
1725,20602,22327,0.08372973497718668
45,7406,7451,0.006076154469349176
99,26414,26513,0.003748012417657303
136,16979,17115,0.008009894575652276
108,19724,19832,0.00547556276617319
29,13978,14007,0.002074688796680498
1680,6344,8024,0.2648171500630517
40,12532,12572,0.0031918289179699967
47,6293,6340,0.0074686159224535194
934,17155,18089,0.05444476828912853
41,8895,8936,0.004609331084879146
197,14060,14257,0.014011379800853485
411,28717,29128,0.014312079952641292
84,16244,16328,0.005171140113272593
873,35553,36426,0.02455488988271032
61,17608,17669,0.0034643343934575195
68,11674,11742,0.005824910056535891
27,11995,12022,0.002250937890787828
57,22207,22264,0.00256675822938713
73,12271,12344,0.0059489854127617965
38,13064,13102,0.002908756889161053
1310,7071,8381,0.18526375335878942
110,22983,23093,0.004786146282034547
38,14368,14406,0.0026447661469933183
41,8152,8193,0.005029440628066732
1176,9066,10242,0.12971542025148908
207,17800,18007,0.011629213483146068
299,7610,7909,0.039290407358738504
90,16828,16918,0.005348229141906346
39,9290,9329,0.004198062432723359
187,20227,20414,0.009245068472833342
76,11884,11960,0.0063951531470885226
125,19434,19559,0.0064320263455799115
332,30,362,11.066666666666666
195,8718,8913,0.022367515485203028
723,14749,15472,0.049020272560851584
61,13391,13452,0.004555298334702412
147,6911,7058,0.021270438431486037
53,7493,7546,0.007073268383824903
123,17298,17421,0.00711064862989941
604,13339,13943,0.04528075567883649
62,6309,6371,0.009827230939927089
830,10493,11323,0.07910035261602974
48,9795,9843,0.004900459418070444
37,8042,8079,0.00460084556080577
25,24032,24057,0.0010402796271637817
173,13164,13337,0.013141902157398968
226,11460,11686,0.019720767888307154
47,9071,9118,0.0051813471502590676
63,14330,14393,0.004396371249127704
109,13741,13850,0.007932464886107271
50,14478,14528,0.0034535156789611823
23,9007,9030,0.002553569445986455
302,8613,8915,0.035063276442586784
207,17658,17865,0.011722731906218144
116,16932,17048,0.006850933144342074
875,15701,16576,0.05572893446277307
373,17718,18091,0.021052037476013093
45,11010,11055,0.004087193460490463
92,19024,19116,0.004835996635828428
59,11632,11691,0.005072214580467675
510,11513,12023,0.04429775036914792
109,9764,9873,0.01116345759934453
100,9489,9589,0.010538518284329224
87,6446,6533,0.013496742165684146
33,6945,6978,0.004751619870410367
241,11089,11330,0.021733249165840022
169,20494,20663,0.008246315994925344
908,4434,5342,0.20478123590437528
56,14760,14816,0.003794037940379404
78,16462,16540,0.004738184910703438
3168,11822,14990,0.26797496193537473
114,11348,11462,0.010045823052520268
237,21777,22014,0.01088304174128668
107,13909,14016,0.00769286073765188
394,9227,9621,0.042700769480871356
204,9132,9336,0.022339027595269383
6604,9021,15625,0.7320696153419798
92,20288,20380,0.004534700315457414
251,10971,11222,0.022878497857989243
492,14682,15174,0.03351042092357989
104,6982,7086,0.014895445431108566
21,20235,20256,0.0010378057820607859
161,17673,17834,0.009109941719006394
369,6928,7297,0.053262124711316396
56,6352,6408,0.008816120906801008
191,26517,26708,0.007202926424557831
51,17467,17518,0.0029197916070304
252,8054,8306,0.031288800595977155
545,24454,24999,0.02228674245522205
58,19755,19813,0.002935965578334599
721,38000,38721,0.018973684210526316
23,16389,16412,0.0014033803160656538
40,19483,19523,0.002053071908843607
4761,10981,15742,0.43356707039431747
40,14850,14890,0.0026936026936026937
460,11668,12128,0.03942406582104902
29,19476,19505,0.0014890121174779215
255,16743,16998,0.015230245475721197
545,20098,20643,0.027117126082197233
77,18250,18327,0.004219178082191781
93,9279,9372,0.010022631749110895
82,13280,13362,0.006174698795180723
51,9757,9808,0.00522701650097366
303,18061,18364,0.016776479707657384
115,7597,7712,0.015137554297749111
49,14577,14626,0.003361459833985045
88,18314,18402,0.0048050671617341926
32,13152,13184,0.0024330900243309003
1884,17905,19789,0.1052220050265289
105,6072,6177,0.017292490118577076
19,16894,16913,0.0011246596424766189
43,11029,11072,0.0038988122223229667
117,14055,14172,0.008324439701173959
123,8504,8627,0.014463781749764816
74,8605,8679,0.008599651365485184
48,15516,15564,0.0030935808197989174
515,16926,17441,0.0304265626846272
769,3455,4224,0.22257597684515196
756,8612,9368,0.08778448676265675
285,7678,7963,0.03711904141703569
70,8748,8818,0.00800182898948331
235,9551,9786,0.02460475342896032
151,9108,9259,0.0165788317962231
145,7403,7548,0.019586654059165202
411,7269,7680,0.05654147750722245
665,15679,16344,0.042413419223164744
62,20790,20852,0.0029822029822029823
115,7857,7972,0.01463662975690467
366,17632,17998,0.02075771324863884
895,54724,55619,0.016354798625831446
404,8653,9057,0.046689009592049004
131,12641,12772,0.010363104184795507
552,18307,18859,0.030152400721035668
52,22036,22088,0.002359774913777455
105,11290,11395,0.009300265721877768
1693,9111,10804,0.1858193392602349
471,10503,10974,0.04484433019137389
85,27685,27770,0.0030702546505327797
1543,4583,6126,0.3366790312022693
2315,25439,27754,0.091002004795786
126,7844,7970,0.01606323304436512
129,52142,52271,0.0024740132714510376
538,7161,7699,0.07512917190336545
79,9682,9761,0.008159471183639744
202,46515,46717,0.004342685155326239
26,34169,34195,0.00076092364423893
493,19356,19849,0.025470138458359166
40,12532,12572,0.0031918289179699967
90,9705,9795,0.00927357032457496
42,6727,6769,0.006243496357960458
961,24737,25698,0.038848688199862556
23,15727,15750,0.0014624531061232277
218,8093,8311,0.026936859013962682
98,16209,16307,0.0060460238139305325
151,23541,23692,0.006414340937088484
37,62698,62735,0.0005901304666815528
221,6955,7176,0.03177570093457944
284,13143,13427,0.021608460777600244
142,17971,18113,0.007901619275499415
32,11604,11636,0.002757669769045157
32,11264,11296,0.002840909090909091
42,7426,7468,0.005655803932130353
97,13371,13468,0.00725450602049211
95,10139,10234,0.009369760331393629
22,13999,14021,0.001571540824344596
471,8495,8966,0.05544437904649794
33,19356,19389,0.0017048977061376318
123,10859,10982,0.011327009853577678
53,17853,17906,0.0029686887357867025
75,15537,15612,0.0048271867155821584
284,10316,10600,0.02753005040713455
116,15272,15388,0.007595599790466213
163,7446,7609,0.021890948160085952
102,8370,8472,0.012186379928315413
745,9789,10534,0.07610583307794463
267,10818,11085,0.02468108707709373
65,11655,11720,0.005577005577005577
457,19099,19556,0.02392795434315933
780,23911,24691,0.0326209694282966
814,22197,23011,0.03667162229130062
34,8277,8311,0.004107768515162498
60,7879,7939,0.007615179591318695
575,29634,30209,0.01940338800026996
505,12391,12896,0.04075538697441691
615,23620,24235,0.026037256562235395
23,17279,17302,0.0013310955495109671
518,22466,22984,0.023057064007834062
67,9170,9237,0.007306434023991276
202,6083,6285,0.03320729903008384
37,12707,12744,0.002911780908160856
1163,14994,16157,0.07756435907696412
124,17844,17968,0.006949114548307554
127,9182,9309,0.013831409279024178
755,33666,34421,0.022426186657161527
31,11883,11914,0.00260876882942018
184,15444,15628,0.011914011914011913
370,6685,7055,0.055347793567688854
230,20738,20968,0.01109075127784743
83,6853,6936,0.012111484021596381
123,11265,11388,0.010918774966711052
137,13052,13189,0.010496475635917867
555,10755,11310,0.05160390516039052
185,14834,15019,0.012471349602265067
118,13256,13374,0.008901629450814725
22533,16785,39318,1.342448614834674
63,16688,16751,0.0037751677852348995
35,15065,15100,0.0023232658479920344
717,28804,29521,0.02489237605888071
80,10070,10150,0.007944389275074478
769,4361,5130,0.17633570282045402
143,12173,12316,0.011747309619650046
54,30376,30430,0.0017777192520410851
1338,14579,15917,0.09177584196446945
69,13817,13886,0.00499384815806615
37,18621,18658,0.001987003920305032
35,25092,25127,0.001394866889845369
34,8154,8188,0.004169732646553839
269,12410,12679,0.02167606768734891
207,13802,14009,0.014997826401970728
123,15313,15436,0.008032390779076602
277,101666,101943,0.0027246080302165917
86,12162,12248,0.007071205393849696
33,18824,18857,0.0017530811729706756
382,28068,28450,0.01360980475986889
567,23437,24004,0.024192516107010283
372,13031,13403,0.028547310260148877
122,17493,17615,0.006974218258732064
1455,11557,13012,0.12589772432292118
482,6572,7054,0.07334144856968959
228,9513,9741,0.023967202775149795
127,9040,9167,0.014048672566371682
118,9272,9390,0.01272648835202761
139,6957,7096,0.019979876383498633
38,6534,6572,0.0058157330884603614
147,13154,13301,0.011175307891135777
607,18069,18676,0.03359344734074935
204,14878,15082,0.013711520365640543
75,7379,7454,0.010163978858923974
79,32006,32085,0.0024682871961507215
29,8533,8562,0.0033985702566506504
108,8304,8412,0.01300578034682081
330,13304,13634,0.02480457005411906
3026,23172,26198,0.13058864146383567
269,8265,8534,0.03254688445251059
48,8664,8712,0.00554016620498615
28,36174,36202,0.0007740366008735556
83,13271,13354,0.006254238565292744
255,10163,10418,0.02509101643215586
505,8119,8624,0.062199778297819926
145,8954,9099,0.016193879830243466
44,15932,15976,0.0027617373838814963
43,11402,11445,0.0037712681985616558
938,24124,25062,0.03888244072293152
50,7451,7501,0.006710508656556167
80,13912,13992,0.005750431282346176
142,20762,20904,0.00683941816780657
142,12410,12552,0.011442385173247381
398,9054,9452,0.04395847139385907
81,24580,24661,0.003295362082994304
123,11350,11473,0.010837004405286343
213,29553,29766,0.007207390112678916
6348,13210,19558,0.4805450416351249
262,4985,5247,0.05255767301905717
40,15540,15580,0.002574002574002574
698,10899,11597,0.06404257271309294
41,7409,7450,0.005533810230800378
1697,15903,17600,0.10670942589448532
99,18849,18948,0.005252268024828904
57,9098,9155,0.006265113211694878
57,9403,9460,0.006061895139848984
104,9806,9910,0.010605751580664898
439,10025,10464,0.04379052369077307
699,8327,9026,0.08394379728593732
62,13104,13166,0.004731379731379731
648,20695,21343,0.03131191108963518
85,16873,16958,0.0050376340899662185
73,3893,3966,0.01875160544567172
41,15017,15058,0.0027302390623959514
152,9894,10046,0.015362846169395592
51,18341,18392,0.002780655362303037
225,6393,6618,0.035194744251525106
43,19696,19739,0.0021831844029244515
170,12898,13068,0.013180338036904946
586,19703,20289,0.029741663706034614
34,6036,6070,0.005632869449966865
1214,27740,28954,0.04376351838500361
180,16616,16796,0.010832932113625422
223,2928,3151,0.07616120218579235
76,8620,8696,0.008816705336426913
32,8876,8908,0.003605227579990987
101,15341,15442,0.006583664689394433
57,12353,12410,0.0046142637416012305
89,15937,16026,0.005584488925142749
21264,25573,46837,0.8315019747389826
283,5730,6013,0.049389179755671905
35,6522,6557,0.005366452008586323
158,8114,8272,0.019472516637909786
208,6198,6406,0.03355921264924169
30,38631,38661,0.0007765783955890347
62,7398,7460,0.008380643417139767
79,9544,9623,0.00827745180217938
224,27793,28017,0.008059583348325117
77,16591,16668,0.004641070459887891
37,16183,16220,0.0022863498733238586
187,27576,27763,0.006781259065854366
115,11064,11179,0.010394070860448301
115,7045,7160,0.016323633782824698
47,19362,19409,0.0024274351823158763
121,10993,11114,0.01100700445738197
484,15659,16143,0.030908742576154287
689,22450,23139,0.030690423162583517
287,3596,3883,0.07981090100111235
101,23460,23561,0.004305200341005968
57,19194,19251,0.0029696780243826195
934,12510,13444,0.07466027178257394
140,17760,17900,0.007882882882882882
80,12548,12628,0.006375518010838381
225,17552,17777,0.012819051959890611
39,12723,12762,0.0030653147842489977
242,14766,15008,0.016389001760801842
108,7632,7740,0.014150943396226415
118,12703,12821,0.009289144296622845
220,23289,23509,0.009446519816222252
47,8998,9045,0.005223382973994221
130,7668,7798,0.01695357329160146
108,10105,10213,0.010687778327560614
616,19092,19708,0.03226482296249738
468,12296,12764,0.03806115810019518
75,15821,15896,0.004740534732317806
102,41075,41177,0.002483262325015216
174,17284,17458,0.010067114093959731
48,12230,12278,0.003924775143090761
90,11420,11510,0.00788091068301226
610,5243,5853,0.11634560366202555
20,32079,32099,0.0006234608310732878
71,24832,24903,0.002859213917525773
114,10601,10715,0.010753702480898028
56,8376,8432,0.0066857688634192934
487,17370,17857,0.02803684513529073
291,12185,12476,0.023881821912187115
531,14343,14874,0.03702154361012341
205,14186,14391,0.014450867052023121
169,11810,11979,0.014309906858594412
127,6965,7092,0.01823402727925341
41,11453,11494,0.0035798480747402427
241,21717,21958,0.011097297048395266
137,20827,20964,0.0065779997119124215
100,14239,14339,0.007022965095863473
200,13210,13410,0.01514004542013626
536,13573,14109,0.03949016429676564
140,11160,11300,0.012544802867383513
113,9088,9201,0.012433978873239437
1141,9846,10987,0.11588462319723745
57,6480,6537,0.008796296296296297
979,10433,11412,0.09383686379756542
230,7880,8110,0.02918781725888325
113,7815,7928,0.014459373000639795
164,7752,7916,0.021155830753353973
138,6393,6531,0.021586109807602064
39,6972,7011,0.005593803786574871
71,6564,6635,0.010816575258988421
227,12428,12655,0.01826520759575153
70,8551,8621,0.008186177055315168
136,19445,19581,0.006994085883260478
93,13753,13846,0.006762160983058242
81,22447,22528,0.0036085000222746914
424,26570,26994,0.01595784719608581
64,7094,7158,0.009021708486044545
145,9373,9518,0.015469966926277607
123,17935,18058,0.006858098689712852
8963,17429,26392,0.5142578461185381
50,8602,8652,0.005812601720530109
95,14092,14187,0.006741413567981833
2452,10951,13403,0.22390649255775727
799,21447,22246,0.03725462768685597
97,10798,10895,0.008983145026856825
97,8860,8957,0.010948081264108352
918,17195,18113,0.0533876126781041
94,16407,16501,0.005729261900408363
58,12459,12517,0.004655269283249057
112,12465,12577,0.008985158443642198
243,13154,13397,0.018473468146571387
84,26392,26476,0.003182782661412549
35,11073,11108,0.0031608416869863634
214,17166,17380,0.01246650355353606
737,18646,19383,0.03952590367907326
56,6461,6517,0.00866738894907909
78,10117,10195,0.00770979539389147
20,12902,12922,0.0015501472639900791
602,12348,12950,0.048752834467120185
291,6748,7039,0.043123888559573206
59,20566,20625,0.0028688126033258776
29,9752,9781,0.002973748974569319
176,19927,20103,0.008832237667486325
105,11542,11647,0.009097210188875412
2826,8556,11382,0.3302945301542777
123,9748,9871,0.012617972917521543
56,16061,16117,0.003486706929830023
16,14604,14620,0.0010955902492467817
266,5913,6179,0.04498562489430069
335,14582,14917,0.02297352900836648
43,16743,16786,0.0025682374723765156
1136,15453,16589,0.07351323367630881
19,11451,11470,0.001659243734171688
557,8443,9000,0.06597181096766552
100,15436,15536,0.0064783622700181395
468,10489,10957,0.04461817141767566
435,11289,11724,0.0385330853042785
294,8701,8995,0.03378921962992759
148,9959,10107,0.014860929812230144
571,8439,9010,0.06766204526602677
41,11653,11694,0.003518407277096027
85,6082,6167,0.013975665899375206
638,10001,10639,0.06379362063793621
97,12621,12718,0.007685603359480231
236,7926,8162,0.029775422659601314
4172,15408,19580,0.27076843198338524
516,11235,11751,0.04592790387182911
190,10494,10684,0.018105584143319992
180,11066,11246,0.01626604012289897
49,13485,13534,0.0036336670374490176
156,20414,20570,0.007641814441069854
179,16483,16662,0.01085967360310623
40,10169,10209,0.003933523453633592
81,4570,4651,0.017724288840262583
140,5094,5234,0.027483313702394974
104,7628,7732,0.013633980073413739
98,12293,12391,0.007972016594810054
822,12943,13765,0.06350923278992505
240,8526,8766,0.028149190710767064
226,14280,14506,0.015826330532212884
69,14238,14307,0.004846186262115465
118,12823,12941,0.009202214770334555
22,29925,29947,0.0007351712614870509
60,12231,12291,0.0049055678194751045
26,7768,7794,0.0033470648815653965
54,15783,15837,0.0034214027751378064
319,7112,7431,0.04485376827896513
66,10012,10078,0.006592089492608869
41,20077,20118,0.0020421377695870897
311,12780,13091,0.024334898278560252
345,20053,20398,0.01720440831795741
32,9230,9262,0.003466955579631636
94,23920,24014,0.003929765886287626
55,10229,10284,0.005376869684231108
24,13241,13265,0.0018125519220602673
127,8656,8783,0.014671903881700555
42,10026,10068,0.004189108318372232
59,30197,30256,0.0019538364738219027
111,9483,9594,0.01170515659601392
244,11242,11486,0.02170432307418609
278,35036,35314,0.007934695741523005
407,9323,9730,0.04365547570524509
102,9798,9900,0.010410287813839559
168,12367,12535,0.01358453950028301
96,9956,10052,0.009642426677380474
1782,47933,49715,0.0371768927461248
133,13179,13312,0.010091812732377267
115,18207,18322,0.006316251990992476
188,19612,19800,0.009585967774831736
465,18560,19025,0.025053879310344827
110,10203,10313,0.010781142801136921
74,34812,34886,0.0021257037803056418
47,19535,19582,0.0024059380598925005
277,18127,18404,0.015281072433386661
125,6042,6167,0.02068851373717312
112,33066,33178,0.0033871650638117702
103,6255,6358,0.016466826538768985
85,10065,10150,0.008445106805762544
25,6530,6555,0.0038284839203675345
192,11575,11767,0.016587473002159826
53,21334,21387,0.0024842973657073215
42,19060,19102,0.002203567681007345
648,9830,10478,0.0659206510681587
226,12739,12965,0.01774079598084622
61,17066,17127,0.00357435837337396
176,7891,8067,0.022303890508173867
40,16363,16403,0.002444539509869828
4037,29348,33385,0.13755622188905547
67,11351,11418,0.005902563650779667
46,9088,9134,0.005061619718309859
477,56513,56990,0.008440535805920761
35,17146,17181,0.002041292429721218
339,6033,6372,0.05619094977623073
43,13458,13501,0.003195125575865656
16622,13119,29741,1.2670173031481058
53,43510,43563,0.0012181107791312343
199,10699,10898,0.01859986914664922
18,10922,10940,0.0016480498077275224
466,7757,8223,0.0600747711744231
394,12271,12665,0.032108222638741746
53,8814,8867,0.006013160880417518
429,26209,26638,0.016368423060780648
1661,12877,14538,0.12898967150733867
89,14582,14671,0.006103415169386915
21,8027,8048,0.0026161704248162452
167,15287,15454,0.010924314777261726
114,15002,15116,0.007598986801759766
2473,12451,14924,0.1986185848526223
532,7991,8523,0.06657489675885371
54,11622,11676,0.004646360351058337
960,7374,8334,0.13018714401952808
118,6532,6650,0.018064911206368647
2140,16127,18267,0.13269671978669312
264,10425,10689,0.025323741007194246
353,12114,12467,0.02913983820373122
202,11493,11695,0.017575915774819456
63,8982,9045,0.0070140280561122245
520,12242,12762,0.04247671949027937
1104,17988,19092,0.061374249499666446
116,9616,9732,0.012063227953410981
339,7579,7918,0.044728856049610764
386,7754,8140,0.049780758318287335
203,9205,9408,0.022053231939163497
37,8123,8160,0.004554967376585005
549,10868,11417,0.050515274199484726
125,9567,9692,0.013065746838089266
130,9716,9846,0.013379991766158913
666,14295,14961,0.0465897166841553
125,12870,12995,0.009712509712509712
216,10051,10267,0.021490398965277088
68,20808,20876,0.0032679738562091504
93,6553,6646,0.014191973142072333
80,9778,9858,0.008181632235631009
30,26977,27007,0.0011120584201356712
813,8079,8892,0.1006312662458225
1017,12855,13872,0.07911318553092182
134,7587,7721,0.017661789903782785
74,12277,12351,0.006027531155819826
136,6825,6961,0.019926739926739927
66,35721,35787,0.001847652641303435
768,7481,8249,0.10266007218286326
36,18019,18055,0.001997891114934236
339,9770,10109,0.03469805527123849
182,13380,13562,0.013602391629297458
149,8189,8338,0.01819513982171205
49,12329,12378,0.003974369373022954
110,16691,16801,0.006590378048049847
24,7327,7351,0.00327555616214003
82,10336,10418,0.00793343653250774
43,10640,10683,0.004041353383458647
73,15525,15598,0.004702093397745572
391,3562,3953,0.10976979225154408
103,15103,15206,0.006819837118453288
48,10834,10882,0.004430496584825549
292,9439,9731,0.030935480453437865
33,12313,12346,0.0026800942093722084
169,18140,18309,0.009316427783902978
214,14788,15002,0.014471192859074925
493,15593,16086,0.031616751106265634
57,8342,8399,0.0068328937904579235
25,14222,14247,0.0017578399662494726
69,9128,9197,0.0075591586327782645
58,20037,20095,0.002894644906922194
73,12705,12778,0.005745769382133018
48,32017,32065,0.001499203548115064
556,6766,7322,0.08217558380135974
56,8824,8880,0.006346328195829556
41,11739,11780,0.003492631399608144
239,12611,12850,0.01895170882562842
111,9283,9394,0.011957341376710116
104,20823,20927,0.004994477260721318
350,15260,15610,0.022935779816513763
101,14872,14973,0.006791285637439483
125,33218,33343,0.003763020049370823
94,10236,10330,0.009183274716686205
756,9702,10458,0.07792207792207792
28,13932,13960,0.0020097616996841805
76,9065,9141,0.008383894098179813
155,6560,6715,0.023628048780487805
37,12264,12301,0.0030169602087410305
393,21080,21473,0.01864326375711575
1591,15328,16919,0.10379697286012526
181,11384,11565,0.01589950808151792
62,14934,14996,0.00415160037498326
233,13434,13667,0.01734405240434718
33,14318,14351,0.00230479117195139
31,30263,30294,0.001024353170538281
65,5341,5406,0.01217000561692567
123,46188,46311,0.0026630293582748767
145,18367,18512,0.007894593564545109
79,12875,12954,0.006135922330097087
154,18790,18944,0.008195848855774348
27,9260,9287,0.002915766738660907
852,20923,21775,0.0407207379438895
293,18544,18837,0.015800258843830888
352,12733,13085,0.02764470274090945
134,12232,12366,0.010954872465663833
231,13022,13253,0.01773921056673322
423,8359,8782,0.05060413925110659
125,10807,10932,0.011566577218469511
30,15398,15428,0.0019483049746720352
50,17723,17773,0.002821192800315974
439,1509,1948,0.29092113982770046
68,18902,18970,0.0035975029097450005
102,17985,18087,0.00567139282735613
81,43912,43993,0.001844598287484059
207,11366,11573,0.018212211859933134
51,11953,12004,0.004266711285869656
79,7835,7914,0.010082961072112316
235,14501,14736,0.016205778911799185
81,14039,14120,0.005769641712372676
174,7696,7870,0.02260914760914761
1754,6497,8251,0.26997075573341545
839,19371,20210,0.04331216767332611
54,17029,17083,0.0031710611310118036
1203,22045,23248,0.05457019732365616
433,26876,27309,0.016111028426849233
49,11271,11320,0.004347440333599503
704,40263,40967,0.01748503588902963
118,8599,8717,0.013722525875101756
55,10551,10606,0.005212776040185764
37,11090,11127,0.0033363390441839497
1452,6389,7841,0.22726561277195179
671,14811,15482,0.04530416582269935
102,18991,19093,0.005370965194039282
649,9794,10443,0.06626506024096386
34,16853,16887,0.0020174449652880793
63,13457,13520,0.004681578360704466
59,15062,15121,0.003917142477758598
164,12285,12449,0.01334961334961335
161,8254,8415,0.019505694208868427
58,6685,6743,0.008676140613313389
443,7068,7511,0.06267685342388228
1370,18386,19756,0.07451321657783096
399,7788,8187,0.0512326656394453
48,12080,12128,0.003973509933774834
652,13214,13866,0.04934160738610564
2378,11500,13878,0.20678260869565218
111,9686,9797,0.011459838942804047
177,6499,6676,0.027234959224496078
1007,6420,7427,0.15685358255451715
83,8751,8834,0.009484630327962519
96,13116,13212,0.007319304666056725
167,16686,16853,0.010008390267289944
229,8961,9190,0.025555183573261912
880,5795,6675,0.15185504745470232
3902,27053,30955,0.14423538979041142
102,13148,13250,0.007757833891086097
89,7384,7473,0.012053087757313109
81,9254,9335,0.008752971687918738
169,15540,15709,0.010875160875160874
109,14589,14698,0.007471382548495442
106,2780,2886,0.038129496402877695
138,15543,15681,0.008878594865856012
72,12451,12523,0.005782668058790459
48,11021,11069,0.004355321658651665
178,12661,12839,0.014058921096279915
155,6997,7152,0.022152351007574674
333,16824,17157,0.019793152639087017
1644,20852,22496,0.07884135814310378
182,12009,12191,0.015155300191523025
6645,9002,15647,0.738169295712064
29,12683,12712,0.0022865252700465188
188,9178,9366,0.020483765526258444
2570,17368,19938,0.1479732842008291
1636,45552,47188,0.035914998243765366
245,20232,20477,0.012109529458283906
117,12926,13043,0.00905152406003404
25,16735,16760,0.0014938751120406335
85,15137,15222,0.005615379533593182
50,22440,22490,0.0022281639928698753
59,10022,10081,0.005887048493314707
117,17418,17535,0.006717189114708922
250,17697,17947,0.014126688139232638
66,10222,10288,0.006456662101350029
57,9138,9195,0.00623768877216021
2079,16505,18584,0.12596182974856104
2908,24467,27375,0.11885396656721298
37,9532,9569,0.0038816617708770456
33,18807,18840,0.0017546658159196043
175,15665,15840,0.011171401212894989
58,41685,41743,0.001391387789372676
442,11899,12341,0.03714597865366837
815,18915,19730,0.04308749669574412
7486,15992,23478,0.46810905452726365
4188,13411,17599,0.3122809633882634
202,20448,20650,0.009878716744913928
567,6299,6866,0.0900142879822194
44,10310,10354,0.004267701260911736
36,10463,10499,0.003440695785147663
135,16624,16759,0.008120789220404235
215,16442,16657,0.01307626809390585
62,13541,13603,0.00457868695074219
450,9018,9468,0.0499001996007984
90,9788,9878,0.009194932570494483
71,13826,13897,0.0051352524229712135
119,17911,18030,0.006643961811177488
87,10306,10393,0.008441684455656899
275,13161,13436,0.02089506876377175
128,16952,17080,0.0075507314771118455
39,12466,12505,0.0031285095459650247
50,16769,16819,0.0029816924086111278
671,9526,10197,0.07043879907621248
119,10700,10819,0.011121495327102804
547,19165,19712,0.02854161231411427
1035,9892,10927,0.10463000404367165
825,35036,35861,0.023547208585454962
176,13097,13273,0.013438191952355502
59,12758,12817,0.004624549302398495
65,21441,21506,0.0030315750198218368
606,16329,16935,0.0371118868271174
229,11784,12013,0.019433129667345554
53,12564,12617,0.004218401782871697
129,19696,19825,0.006549553208773355
476,13768,14244,0.03457292271934922
43,13676,13719,0.003144194208832992
582,11028,11610,0.05277475516866159
135,7370,7505,0.018317503392130258
81,14506,14587,0.005583896318764649
154,9113,9267,0.016898935586524746
21,13871,13892,0.001513949967558215
239,11026,11265,0.021676038454561945
87,16765,16852,0.005189382642409783
204,9602,9806,0.021245573838783588
78,13833,13911,0.005638690088917805
151,8093,8244,0.01865809959224021
141,9671,9812,0.014579671181883982
731,42139,42870,0.017347350435463586
178,9664,9842,0.01841887417218543
482,15001,15483,0.032131191253916405
934,16728,17662,0.05583452893352463
30,7870,7900,0.0038119440914866584
608,11284,11892,0.05388160226869904
68,64603,64671,0.0010525826973979537
42,9459,9501,0.004440215667618141
25,21918,21943,0.0011406150196185782
118,9824,9942,0.012011400651465798
1607,13424,15031,0.11971096543504171
80,37904,37984,0.002110595187842972
20,12618,12638,0.0015850372483753369
231,32821,33052,0.007038176777063466
64,13128,13192,0.004875076173065204
266,26436,26702,0.010062036616734755
27,23698,23725,0.0011393366528820999
381,25615,25996,0.014874097208666797
28,8312,8340,0.003368623676612127
2146,8229,10375,0.26078502855754043
115,15505,15620,0.007416962270235408
52,9493,9545,0.005477720425576741
322,6198,6520,0.05195224265892223
78,20402,20480,0.0038231545926869915
134,9046,9180,0.014813177094848551
120,6409,6529,0.0187236698392885
86,10210,10296,0.008423114593535749
28,16612,16640,0.0016855285335901757
123,8442,8565,0.01457000710732054
75,6317,6392,0.011872724394491056
50,10421,10471,0.004798004030323385
23,17025,17048,0.0013509544787077827
60,7414,7474,0.008092797410304829
148,9313,9461,0.015891764200579833
453,21802,22255,0.020777910283460235
101,30526,30627,0.003308654917119832
284,13963,14247,0.020339468595574017
511,12175,12686,0.04197125256673511
440,21115,21555,0.020838266635093534
37,19640,19677,0.0018839103869653768
48,17768,17816,0.0027014858171994596
106,15679,15785,0.0067606352445946805
550,13797,14347,0.03986373849387548
258,20381,20639,0.012658848927923065
113,33561,33674,0.003367003367003367
53,6602,6655,0.008027870342320508
108,6373,6481,0.016946493017417227
52,12412,12464,0.004189494038027715
679,7941,8620,0.08550560382823322
991,16588,17579,0.05974198215577526
48,13013,13061,0.0036886190732344577
72,16821,16893,0.004280363830925628
34,9120,9154,0.0037280701754385964
41,23709,23750,0.0017293011092833945
43,18679,18722,0.002302050430965255
143,10246,10389,0.013956666016006246
72,24094,24166,0.0029882958412882875
92,11123,11215,0.008271149869639486
67,9557,9624,0.007010568169927802
57,9521,9578,0.00598676609599832
466,12426,12892,0.03750201191051022
86,35886,35972,0.00239647773504988
58,7074,7132,0.008199038733389879
24,10552,10576,0.002274450341167551
46,32111,32157,0.0014325309084114478
108,8663,8771,0.012466812882373312
97,10296,10393,0.009421134421134422
71,11376,11447,0.006241209563994374
16,7801,7817,0.00205101910011537
24883,25475,50358,0.9767615309126595
75,39118,39193,0.001917275934352472
264,16143,16407,0.016353837576658613
55,14519,14574,0.003788139679041256
94,14444,14538,0.006507892550540017
134,21761,21895,0.006157805247920592
42,15969,16011,0.0026300958106331017
38,11059,11097,0.003436115381137535
71,12258,12329,0.005792135748082885
191,19315,19506,0.009888687548537407
57,18293,18350,0.003115945990269502
214,2033,2247,0.10526315789473684
47,15218,15265,0.0030884478906558024
24,11640,11664,0.002061855670103093
210,49420,49630,0.00424929178470255
115,38323,38438,0.003000808913707173
175,34527,34702,0.005068497118197353
384,22207,22591,0.017291844913765928
24,13944,13968,0.0017211703958691911
88,6379,6467,0.01379526571562941
160,7223,7383,0.0221514606119341
225,14646,14871,0.015362556329373207
47,20261,20308,0.002319727555402004
82,6742,6824,0.01216256303767428
306,7291,7597,0.041969551501851596
51,10069,10120,0.005065051147085112
69,37596,37665,0.0018353016278327481
84,11956,12040,0.00702576112412178
144,35977,36121,0.004002557189315396
57,15748,15805,0.003619507239014478
95,12883,12978,0.007374058837227354
55,18397,18452,0.0029896178724792086
952,7853,8805,0.12122755634789252
63,10581,10644,0.005954068613552594
39,21286,21325,0.0018321901719440007
25,6915,6940,0.0036153289949385392
102,7097,7199,0.014372269973228125
76,24718,24794,0.0030746824176713324
268,22538,22806,0.011891028485224954
38,16808,16846,0.0022608281770585435
19,10688,10707,0.001777694610778443
89,24375,24464,0.003651282051282051
1690,17492,19182,0.09661559570089184
144,9482,9626,0.015186669479012866
1634,23175,24809,0.07050701186623516
963,6865,7828,0.14027676620538965
357,7258,7615,0.04918710388536787
91,9395,9486,0.009686003193187865
504,28991,29495,0.017384705598289123
63,9884,9947,0.006373937677053824
311,6530,6841,0.04762633996937213
150,11963,12113,0.012538660871018976
25,6822,6847,0.003664614482556435
148,10560,10708,0.014015151515151515
133,9677,9810,0.013743928903585821
43,14249,14292,0.0030177556319741735
395,8452,8847,0.04673450070989115
172,12158,12330,0.014147063661786478
195,8019,8214,0.024317246539468762
717,16952,17669,0.04229589428975932
195,12338,12533,0.015804830604636083
143,12808,12951,0.011164896939412867
28,20817,20845,0.0013450545227458328
332,18369,18701,0.01807392890195438
75,11393,11468,0.0065829895549899065
73,29992,30065,0.0024339823953054146
26,12754,12780,0.0020385761329778894
49,7625,7674,0.006426229508196721
35,19079,19114,0.0018344776979925574
61,8377,8438,0.007281843141936254
761,46412,47173,0.01639662156338878
2172,22485,24657,0.09659773182121414
94,16770,16864,0.005605247465712582
169,14784,14953,0.011431277056277056
334,10787,11121,0.030963196440159452
259,14647,14906,0.01768280193896361
312,12995,13307,0.02400923432089265
111,11403,11514,0.009734280452512496
5956,13177,19133,0.451999696440768
31,12605,12636,0.002459341531138437
36,8309,8345,0.0043326513419184014
75,16602,16677,0.004517528008673654
206,7866,8072,0.026188660055936945
23,23706,23729,0.0009702185100818358
67,6514,6581,0.010285538839422782
567,25783,26350,0.02199123453438312
40,20170,20210,0.0019831432821021317
19810,22831,42641,0.8676799088957996
2130,20879,23009,0.10201638009483213
454,19682,20136,0.023066761507976832
484,5482,5966,0.08828894564027727
41,14595,14636,0.0028091812264474133
271,16365,16636,0.01655973113351665
398,7664,8062,0.051931106471816285
289,37080,37369,0.0077939590075512405
2161,31191,33352,0.06928280593761021
53,9661,9714,0.005485974536797433
73,13750,13823,0.005309090909090909
450,19607,20057,0.022950986892436374
1810,12695,14505,0.14257581725088617
147,11953,12100,0.012298167823977245
532,6569,7101,0.08098645151469021
98,12332,12430,0.007946805060006487
1740,7378,9118,0.23583626999186771
97,5077,5174,0.01910577112467993
386,15707,16093,0.02457503024129369
58,16013,16071,0.003622057078623618
113,23833,23946,0.004741325053497252
233,9248,9481,0.025194636678200693
83,2483,2566,0.03342730567861458
233,19958,20191,0.011674516484617698
162,5452,5614,0.02971386647101981
484,9979,10463,0.04850185389317567
104,18892,18996,0.0055049756510692355
10945,13667,24612,0.8008341259969269
104,17435,17539,0.005965012905075996
442,11531,11973,0.038331454340473504
56,5344,5400,0.010479041916167664
116,11933,12049,0.009720941925752116
82,10520,10602,0.00779467680608365
36,39804,39840,0.0009044317154054868
1241,14449,15690,0.08588829676794242
67,8345,8412,0.008028759736369084
50,14332,14382,0.003488696622941669
132,8347,8479,0.015814064933509044
249,9500,9749,0.026210526315789472
33,6923,6956,0.004766719630218114
261,14120,14381,0.018484419263456092
73,7805,7878,0.009352978859705317
435,16319,16754,0.026656045100802744
86,14204,14290,0.006054632497887919
511,22822,23333,0.022390675663833143
24,32095,32119,0.0007477800280417511
3529,10361,13890,0.3406041887848663
89,25957,26046,0.003428747544015102
106,4156,4262,0.02550529355149182
1938,10222,12160,0.1895910780669145
226,18546,18772,0.012185916100506847
104,15421,15525,0.006744050320990857
548,14998,15546,0.03653820509401254
54,7379,7433,0.007318064778425261
60,9380,9440,0.006396588486140725
335,14449,14784,0.023184995501418785
179,13872,14051,0.012903690888119953
327,16645,16972,0.01964553920096125
49,14515,14564,0.003375818119187048
387,11944,12331,0.03240120562625586
145,9570,9715,0.015151515151515152
68,7271,7339,0.009352221152523724
852,20152,21004,0.042278682016673286
503,15447,15950,0.032562957208519455
144,10567,10711,0.013627330368127188
38,24615,24653,0.001543774121470648
1304,6120,7424,0.2130718954248366
97,26763,26860,0.003624406830325449
137,10431,10568,0.013133927715463522
85,10178,10263,0.008351346040479466
90,10851,10941,0.008294166436273155
678,15051,15729,0.04504684074147897
338,9277,9615,0.03643419208795947
333,9218,9551,0.03612497287914949
24,14262,14286,0.0016827934371055953
323,20019,20342,0.016134672061541535
74,13257,13331,0.005581956702119635
770,15863,16633,0.04854062913698544
545,8226,8771,0.0662533430585947
808,34206,35014,0.023621586856107116
64,11683,11747,0.00547804502268253
120,6208,6328,0.019329896907216496
183,21768,21951,0.00840683572216097
4189,12084,16273,0.3466567361800728
154,19760,19914,0.007793522267206478
15,14052,14067,0.001067463706233988
25,6763,6788,0.003696584356055005
24,11081,11105,0.0021658695063622416
88,16705,16793,0.005267883867105657
796,9914,10710,0.08029049828525318
60,8798,8858,0.00681973175721755
31,10251,10282,0.003024095210223393
541,9873,10414,0.054795908032006485
45,7237,7282,0.006218046151720326
184,18164,18348,0.010129927328782207
499,12502,13001,0.03991361382178851
61,5701,5762,0.010699877214523769
77,10027,10104,0.007679265981849008
100,17701,17801,0.005649398339076888
85,11620,11705,0.007314974182444062
87,12068,12155,0.007209148160424263
98,13171,13269,0.007440589173183509
124,23882,24006,0.005192194958546186
43,6878,6921,0.006251817388775807
107,11064,11171,0.009671005061460593
52,15591,15643,0.0033352575203643127
149,11365,11514,0.013110426748790146
122,12749,12871,0.009569377990430622
37,18994,19031,0.0019479835737601348
93,13431,13524,0.006924279651552379
1359,9099,10458,0.1493570722057369
119,14468,14587,0.008225048382637545
141,7644,7785,0.018445839874411302
252,17899,18151,0.014078998826750098
83,16656,16739,0.004983189241114313
6025,12374,18399,0.4869080329723614
85,8335,8420,0.010197960407918417
249,12420,12669,0.02004830917874396
492,12546,13038,0.0392156862745098
61,14863,14924,0.004104151248065666
257,13277,13534,0.01935678240566393
35,12791,12826,0.002736298960206395
55,13766,13821,0.003995350864448642
141,13235,13376,0.010653570079335097
634,12548,13182,0.05052598023589416
114,12974,13088,0.008786804377986743
203,7812,8015,0.025985663082437275
110,8486,8596,0.01296252651425878
86,10724,10810,0.008019395747855278
776,21842,22618,0.035527882062082225
81,6482,6563,0.012496143165689602
2064,11599,13663,0.17794637468747307
74,27380,27454,0.002702702702702703
85,13194,13279,0.006442322267697438
1837,13167,15004,0.13951545530492898
162,9424,9586,0.017190152801358233
48,11725,11773,0.004093816631130064
653,13036,13689,0.05009205277692544
60,13112,13172,0.004575960951799878
329,8552,8881,0.038470533208606175
2679,23620,26299,0.11342082980524978
34,10918,10952,0.0031141234658362336
871,17389,18260,0.050089136810627405
116,28023,28139,0.004139456874710059
75,12460,12535,0.006019261637239166
35,11536,11571,0.003033980582524272
622,6753,7375,0.09210721160965497
163,8982,9145,0.018147405922957025
114,24515,24629,0.004650214154599225
555,9096,9651,0.061015831134564644
415,23461,23876,0.01768893056561954
52,7759,7811,0.0067018945740430465
3811,7370,11181,0.5170963364993216
424,6560,6984,0.06463414634146342
842,8215,9057,0.10249543517954961
749,17243,17992,0.043437916835817436
317,9739,10056,0.0325495430742376
44,10127,10171,0.004344820776142984
58,14561,14619,0.003983242909140856
360,8599,8959,0.041865333178276544
127,8744,8871,0.014524245196706313
138,19552,19690,0.00705810147299509
38,14242,14280,0.0026681645836258952
34,18640,18674,0.0018240343347639485
33,16581,16614,0.001990229781074724
122,20078,20200,0.006076302420559817
59,9222,9281,0.006397744523964433
23,39861,39884,0.0005770050926971224
884,14639,15523,0.060386638431586856
270,10537,10807,0.025623991648476795
53,7353,7406,0.007207942336461309
130,31214,31344,0.0041647978471198825
366,10524,10890,0.03477765108323831
681,49744,50425,0.013690093277581215
3807,7038,10845,0.540920716112532
59,10771,10830,0.005477671525392257
45,14629,14674,0.0030760817554173216
140,11784,11924,0.01188051595383571
98,15422,15520,0.006354558423032032
537,14796,15333,0.03629359286293593
36,18186,18222,0.001979544704717915
3904,26418,30322,0.1477780301309713
53,6795,6848,0.007799852832965416
333,40579,40912,0.008206215037334583
37,11186,11223,0.0033077060611478633
132,15979,16111,0.008260842355591715
185,10381,10566,0.017821019169636836
27,16222,16249,0.0016644063617309826
84,13359,13443,0.006287895800583876
117,12345,12462,0.009477521263669502
108,9721,9829,0.011109968110276721
