num_prefill_tokens,num_decode_tokens,num_total_tokens,pd_ratio
57,4003,4060,0.014239320509617787
30,6206,6236,0.004834031582339671
29,13952,13981,0.0020785550458715597
340,3614,3954,0.09407858328721638
588,5319,5907,0.11054709531866892
154,1617,1771,0.09523809523809523
102,3498,3600,0.029159519725557463
23,4185,4208,0.005495818399044205
387,2827,3214,0.13689423417049876
2429,3589,6018,0.6767901922541097
258,1993,2251,0.12945308580030104
188,3789,3977,0.04961731327527052
59,5502,5561,0.010723373318793167
55,3597,3652,0.01529051987767584
1408,3583,4991,0.39296678760814957
75,6464,6539,0.011602722772277228
308,4366,4674,0.07054512139257901
161,6508,6669,0.024738783036263062
183,4009,4192,0.04564729358942379
60,5028,5088,0.011933174224343675
102,4076,4178,0.025024533856722278
459,2802,3261,0.16381156316916487
22,6259,6281,0.0035149384885764497
222,7433,7655,0.02986681017085968
180,2080,2260,0.08653846153846154
52,4222,4274,0.01231643770724775
105,6264,6369,0.016762452107279693
840,6134,6974,0.13694163677861101
19,13592,13611,0.0013978811065332548
512,8784,9296,0.058287795992714025
165,11204,11369,0.014726883255980008
651,4403,5054,0.1478537360890302
41,3799,3840,0.010792313766780732
312,3164,3476,0.0986093552465234
75,213,288,0.352112676056338
960,3329,4289,0.28837488735355965
103,4648,4751,0.022160068846815834
67,3864,3931,0.017339544513457556
4530,5772,10302,0.7848232848232848
25,3944,3969,0.006338742393509128
289,5082,5371,0.05686737504919323
93,3153,3246,0.029495718363463368
29,5107,5136,0.005678480516937537
403,6107,6510,0.06598984771573604
452,6603,7055,0.06845373315159776
14,14862,14876,0.0009419997308572198
450,4768,5218,0.09437919463087248
50,3730,3780,0.013404825737265416
48,4536,4584,0.010582010582010581
365,12086,12451,0.030200231673010093
668,2253,2921,0.29649356413670663
544,4909,5453,0.11081686697901813
335,8468,8803,0.039560699102503545
585,7544,8129,0.07754506892895016
24,5217,5241,0.004600345025876941
393,5731,6124,0.06857441982202059
817,12627,13444,0.06470262136691217
380,4106,4486,0.09254749147588895
50,89,139,0.5617977528089888
45,4257,4302,0.010570824524312896
181,6602,6783,0.027415934565283247
646,5985,6631,0.10793650793650794
176,9304,9480,0.018916595012897677
6970,4104,11074,1.6983430799220274
583,3296,3879,0.17688106796116504
98,9026,9124,0.010857522712164856
18,3184,3202,0.005653266331658292
148,4218,4366,0.03508771929824561
665,6092,6757,0.10915955351280368
169,2627,2796,0.06433193757137419
130,1878,2008,0.06922257720979766
36,5224,5260,0.006891271056661562
6838,22951,29789,0.2979390876214544
56,13031,13087,0.004297444555291229
1220,9805,11025,0.12442631310555839
74,4587,4661,0.016132548506649226
11,5873,5884,0.0018729780350757704
58,3490,3548,0.0166189111747851
109,6789,6898,0.016055383708940933
2403,5100,7503,0.4711764705882353
675,6284,6959,0.10741565881604073
942,5568,6510,0.16918103448275862
220,3407,3627,0.06457293806868213
210,6191,6401,0.03392020675173639
218,5555,5773,0.03924392439243925
1120,8714,9834,0.1285288042230893
358,2940,3298,0.12176870748299319
444,7628,8072,0.058206607236497114
83,4375,4458,0.018971428571428573
1705,4229,5934,0.4031685977772523
279,4952,5231,0.05634087237479806
91,7046,7137,0.012915129151291513
97,4659,4756,0.020819918437432926
47,6792,6839,0.006919905771495877
1216,9840,11056,0.12357723577235773
384,3051,3435,0.12586037364798427
826,7734,8560,0.10680113783294544
96,21080,21176,0.004554079696394687
715,7012,7727,0.10196805476326298
48,4927,4975,0.009742236655165415
672,6692,7364,0.100418410041841
129,3856,3985,0.03345435684647303
81,4925,5006,0.016446700507614213
56,5166,5222,0.01084010840108401
132,4510,4642,0.02926829268292683
55,3227,3282,0.017043693833281685
50,3695,3745,0.013531799729364006
29,4285,4314,0.00676779463243874
1091,3976,5067,0.2743963782696177
86,6121,6207,0.014049991831400098
405,4220,4625,0.09597156398104266
17,14930,14947,0.0011386470194239785
160,3127,3287,0.05116725295810681
1727,3762,5489,0.4590643274853801
606,5575,6181,0.10869955156950672
213,3853,4066,0.055281598754217495
75,2549,2624,0.029423303256178895
1757,6913,8670,0.2541588311876175
210,4940,5150,0.04251012145748988
31,8612,8643,0.0035996284254528567
674,7758,8432,0.0868780613560196
242,3930,4172,0.06157760814249364
47,6576,6623,0.007147201946472019
2928,14176,17104,0.20654627539503387
66,4023,4089,0.01640566741237882
221,2053,2274,0.10764734534827082
32,6039,6071,0.005298890544792184
87,11767,11854,0.0073935582561400525
590,3704,4294,0.15928725701943844
607,5813,6420,0.10442112506451058
61,4200,4261,0.014523809523809524
111,8135,8246,0.013644744929317762
63,3256,3319,0.01934889434889435
140,2937,3077,0.04766768811712632
1453,3741,5194,0.388398823843892
72,4426,4498,0.016267510167193855
93,4693,4786,0.019816748348604304
12,3673,3685,0.003267084127416281
521,5654,6175,0.09214715245843651
126,5757,5883,0.021886399166232414
354,4917,5271,0.07199511897498474
311,3490,3801,0.08911174785100287
49,21290,21339,0.0023015500234852045
570,7304,7874,0.078039430449069
819,5855,6674,0.1398804440649018
146,3994,4140,0.03655483224837256
153,4412,4565,0.03467815049864007
224,3896,4120,0.057494866529774126
142,8080,8222,0.017574257425742576
99,6958,7057,0.014228226501868352
57,4749,4806,0.012002526847757423
964,4570,5534,0.21094091903719914
218,3980,4198,0.054773869346733665
518,9626,10144,0.05381259089964679
999,3220,4219,0.31024844720496897
29,6507,6536,0.004456738896572922
25,9394,9419,0.0026612731530764318
819,5546,6365,0.14767399927875946
129,7558,7687,0.017068007409367557
467,5987,6454,0.07800233839986638
164,4767,4931,0.03440318858821061
52,5618,5670,0.009255962976148096
243,2765,3008,0.08788426763110307
265,4307,4572,0.06152774553053169
66,5534,5600,0.011926273942898446
1199,6933,8132,0.17294100677917207
261,5393,5654,0.04839606897830521
1711,3914,5625,0.4371486969851814
446,3948,4394,0.11296859169199595
723,7196,7919,0.10047248471372985
50,5133,5183,0.00974089226573154
261,2604,2865,0.10023041474654378
1154,10536,11690,0.1095292331055429
468,6402,6870,0.07310215557638237
87,4500,4587,0.019333333333333334
1231,9352,10583,0.13162959794696322
317,6174,6491,0.05134434726271461
645,6586,7231,0.09793501366535075
46,5271,5317,0.00872699677480554
62,4139,4201,0.014979463638560038
369,3321,3690,0.1111111111111111
190,3554,3744,0.05346088913899831
108,2742,2850,0.03938730853391685
65,3640,3705,0.017857142857142856
98,4338,4436,0.022591055786076533
410,3695,4105,0.11096075778078485
241,6420,6661,0.03753894080996885
675,6192,6867,0.10901162790697674
153,3385,3538,0.04519940915805022
291,2248,2539,0.12944839857651247
183,9432,9615,0.01940203562340967
690,6086,6776,0.11337495892211633
39,4874,4913,0.008001641362330735
115,5224,5339,0.022013782542113322
43,3705,3748,0.011605937921727396
54,5669,5723,0.009525489504321749
50,4148,4198,0.012054001928640309
276,3137,3413,0.08798214854956965
436,4612,5048,0.09453599306157849
35,2637,2672,0.013272658323852863
525,8368,8893,0.06273900573613767
47,6958,7005,0.006754814601897097
184,9605,9789,0.01915668922436231
41,5092,5133,0.00805184603299293
401,5326,5727,0.07529102515959445
34,11496,11530,0.0029575504523312456
1707,11056,12763,0.15439580318379162
27,4902,4929,0.0055079559363525096
321,3627,3948,0.08850289495450786
55,3907,3962,0.014077297158945483
585,7972,8557,0.07338183642749624
37,6570,6607,0.005631659056316591
36,3014,3050,0.011944260119442602
193,3168,3361,0.06092171717171717
45,4379,4424,0.010276318794245261
91,4182,4273,0.021759923481587756
359,4813,5172,0.07458965302306254
967,2394,3361,0.4039264828738513
99,8122,8221,0.012189115981285397
27,2856,2883,0.009453781512605041
52,5884,5936,0.008837525492861998
116,5920,6036,0.019594594594594596
683,6715,7398,0.10171258376768429
429,3682,4111,0.11651276480173818
22,4565,4587,0.004819277108433735
76,6790,6866,0.011192930780559647
37,6998,7035,0.005287224921406116
58,8908,8966,0.006511001347103727
216,4619,4835,0.046763368694522627
1321,9836,11157,0.1343025620170801
347,3199,3546,0.10847139731165989
11,2871,2882,0.0038314176245210726
31,6440,6471,0.004813664596273292
441,2661,3102,0.1657271702367531
104,8763,8867,0.011868081707177907
82,16887,16969,0.004855806241487535
1479,3190,4669,0.4636363636363636
77,6740,6817,0.01142433234421365
3635,16142,19777,0.22518894808573905
781,4273,5054,0.182775567516967
338,5583,5921,0.060540927816586064
81,5508,5589,0.014705882352941176
562,7465,8027,0.075284661754856
20,3741,3761,0.005346164127238706
1407,16617,18024,0.08467232352410183
111,1332,1443,0.08333333333333333
25,6463,6488,0.0038681726752282223
299,3948,4247,0.07573454913880445
110,4211,4321,0.026122061268107337
27,11159,11186,0.002419571646204857
137,5559,5696,0.024644720273430475
265,3714,3979,0.07135164243403339
72,2268,2340,0.031746031746031744
162,4172,4334,0.03883029721955897
315,3393,3708,0.09283819628647215
1331,6888,8219,0.19323461091753774
208,3325,3533,0.06255639097744362
19,4853,4872,0.003915104059344735
130,4698,4828,0.02767134951042997
213,3789,4002,0.056215360253365
122,6282,6404,0.01942056669850366
42,3320,3362,0.012650602409638554
114,3076,3190,0.03706111833550065
56,6317,6373,0.008864967547886656
4572,7377,11949,0.6197641317608784
9,3780,3789,0.002380952380952381
57,3141,3198,0.018147086914995225
64,4276,4340,0.014967259120673527
336,5089,5425,0.06602475928473177
63,4667,4730,0.013499035783158345
303,2812,3115,0.1077524893314367
682,7831,8513,0.08708977142127443
54,5186,5240,0.01041264944080216
51,3445,3496,0.014804063860667634
45,6430,6475,0.006998444790046656
3424,13891,17315,0.24649053343891728
66,3436,3502,0.01920838183934808
73,4371,4444,0.016700983756577442
207,3113,3320,0.06649534211371667
1536,4712,6248,0.32597623089983024
26,7722,7748,0.003367003367003367
1254,6917,8171,0.18129246783287553
57,4749,4806,0.012002526847757423
50,4628,4678,0.010803802938634399
66,4036,4102,0.01635282457879088
229,4341,4570,0.05275282193043078
43,6888,6931,0.00624274099883856
874,7319,8193,0.11941522065855992
614,5633,6247,0.10900053257589207
237,1595,1832,0.14858934169278998
56,5587,5643,0.010023268301413996
204,6787,6991,0.030057462796522764
84,4787,4871,0.017547524545644455
199,8079,8278,0.02463176135660354
706,6085,6791,0.11602300739523418
568,3071,3639,0.18495604037772712
59,4716,4775,0.012510602205258695
1324,9304,10628,0.14230438521066208
47,4727,4774,0.009942881320076159
55,3668,3723,0.014994547437295528
75,6778,6853,0.01106521097668929
40,5044,5084,0.007930214115781126
206,3347,3553,0.061547654616074095
1420,5992,7412,0.2369826435246996
118,6126,6244,0.019262161279791055
826,26512,27338,0.031155703077851538
22,6726,6748,0.0032708890871245913
28,5154,5182,0.00543267365153279
16,12688,12704,0.0012610340479192938
44,4270,4314,0.010304449648711944
65,3377,3442,0.01924785312407462
82,3517,3599,0.023315325561558145
41,5461,5502,0.00750778245742538
114,2740,2854,0.041605839416058395
196,4104,4300,0.04775828460038986
160,4213,4373,0.03797768810823641
370,12379,12749,0.02988932870183375
38,5335,5373,0.007122774133083412
2777,3938,6715,0.7051802945657695
322,2984,3306,0.1079088471849866
1287,12268,13555,0.10490707531790022
1958,3609,5567,0.5425325574951511
131,2634,2765,0.04973424449506454
80,8222,8302,0.009729992702505474
944,3005,3949,0.3141430948419301
112,2743,2855,0.04083120670798396
263,3047,3310,0.0863144076140466
23,4910,4933,0.004684317718940937
57,6573,6630,0.00867183934276586
453,8256,8709,0.05486918604651163
2734,8013,10747,0.3411955572195183
16,11760,11776,0.0013605442176870747
471,4667,5138,0.10092136275980287
89,8283,8372,0.010744899191114331
1746,5687,7433,0.3070160014067171
83,5331,5414,0.015569311573813544
62,4369,4431,0.014190890363927672
1651,3880,5531,0.42551546391752576
495,3654,4149,0.1354679802955665
397,9199,9596,0.043156864876617025
133,4257,4390,0.031242659149635893
2429,5074,7503,0.4787150177374852
46,7842,7888,0.005865850548329507
1022,4382,5404,0.23322683706070288
207,4187,4394,0.049438738953904944
153,5854,6007,0.026135975401434915
336,4919,5255,0.06830656637527953
166,7290,7456,0.022770919067215362
957,8186,9143,0.11690691424383093
57,3169,3226,0.017986746607762703
195,5474,5669,0.03562294483010595
235,3593,3828,0.06540495407737267
68,4018,4086,0.016923842707814832
68,1537,1605,0.04424202992843201
123,6218,6341,0.019781280154390478
154,3418,3572,0.04505558806319485
74,5835,5909,0.012682090831191088
3222,21094,24316,0.15274485635725799
596,5781,6377,0.1030963501124373
62,6731,6793,0.009211112761848165
295,4463,4758,0.06609903652251849
247,3425,3672,0.07211678832116789
89,7548,7637,0.011791202967673556
494,5536,6030,0.08923410404624277
287,9000,9287,0.03188888888888889
110,3546,3656,0.03102086858432036
217,9397,9614,0.0230924763222305
109,7247,7356,0.015040706499241066
137,8932,9069,0.015338110165696372
1288,6371,7659,0.20216606498194944
15,6698,6713,0.002239474469991042
98,1985,2083,0.04937027707808564
51,2752,2803,0.018531976744186048
89,5080,5169,0.01751968503937008
30,5933,5963,0.005056463846283499
24,4534,4558,0.00529333921482135
133,4726,4859,0.02814219212865002
53,6518,6571,0.008131328628413623
66,3294,3360,0.020036429872495445
213,3988,4201,0.053410230692076226
43,6881,6924,0.006249091701787531
79,6796,6875,0.011624484991171278
239,3425,3664,0.06978102189781021
84,4904,4988,0.017128874388254486
2921,8090,11011,0.36106304079110013
340,5608,5948,0.06062767475035663
19,2538,2557,0.007486209613869189
108,5218,5326,0.020697585281717133
1774,6933,8707,0.2558776864272321
123,3393,3516,0.036251105216622455
242,5981,6223,0.04046146129409798
66,4569,4635,0.014445173998686802
225,3989,4214,0.056405114063675106
25,5986,6011,0.00417641162712997
111,2647,2758,0.04193426520589347
226,8885,9111,0.025436128306133933
1289,3078,4367,0.4187784275503574
1043,4171,5214,0.2500599376648286
727,4700,5427,0.15468085106382978
229,4595,4824,0.04983677910772579
341,3887,4228,0.08772832518651917
13,6276,6289,0.00207138304652645
241,8023,8264,0.030038638913124766
21,5723,5744,0.0036694041586580466
393,4770,5163,0.08238993710691823
300,4872,5172,0.06157635467980296
21,5490,5511,0.003825136612021858
20,15712,15732,0.0012729124236252546
956,5040,5996,0.18968253968253967
1494,5256,6750,0.2842465753424658
182,9115,9297,0.019967087218869993
79,5474,5553,0.0144318597004019
7117,13196,20313,0.5393301000303122
1507,8072,9579,0.18669474727452923
360,3096,3456,0.11627906976744186
2655,13778,16433,0.1926985048628248
428,4091,4519,0.10461989733561476
200,5312,5512,0.03765060240963856
23,4948,4971,0.004648342764753436
1378,3566,4944,0.38642736960179475
422,6342,6764,0.06654052349416588
54,2380,2434,0.0226890756302521
17,5748,5765,0.0029575504523312456
30,4485,4515,0.006688963210702341
382,3027,3409,0.1261975553353155
232,3262,3494,0.07112201103617413
6408,22947,29355,0.2792521898287358
148,7753,7901,0.019089384754288664
196,4407,4603,0.04447469934195598
345,5782,6127,0.059667934970598406
63,6887,6950,0.00914766952228837
2265,5448,7713,0.4157488986784141
70,4170,4240,0.016786570743405275
848,10935,11783,0.07754915409236397
159,5613,5772,0.028327097808658473
32,16151,16183,0.0019813014674013993
2140,5185,7325,0.4127290260366442
604,3326,3930,0.18159951894167167
186,1692,1878,0.1099290780141844
1394,4827,6221,0.2887922104827015
166,2636,2802,0.0629742033383915
52,3703,3755,0.014042668106940319
117,3172,3289,0.036885245901639344
75,2326,2401,0.03224419604471195
87,3160,3247,0.027531645569620254
192,9835,10027,0.019522114895780377
200,7488,7688,0.026709401709401708
58,3478,3536,0.01667625071880391
72,7715,7787,0.009332469215813351
1891,6792,8683,0.2784157832744405
138,2222,2360,0.062106210621062106
62,2828,2890,0.021923620933521924
92,5359,5451,0.017167381974248927
189,3071,3260,0.0615434711820254
62,7976,8038,0.007773319959879639
272,3783,4055,0.0719006079830822
3640,1909,5549,1.9067574646411733
283,2938,3221,0.09632402995234854
50,3290,3340,0.015197568389057751
196,5714,5910,0.03430171508575429
558,2549,3107,0.21890937622597098
41,6063,6104,0.006762328880092363
284,3733,4017,0.07607822126975623
63,2177,2240,0.028938906752411574
60,3146,3206,0.019071837253655435
537,4493,5030,0.11951925217004229
276,7742,8018,0.03564970291914234
104,9624,9728,0.010806317539484621
222,3241,3463,0.06849737735266893
132,7395,7527,0.017849898580121704
651,5280,5931,0.12329545454545454
29,4244,4273,0.006833176248821867
810,3804,4614,0.21293375394321767
19,5720,5739,0.003321678321678322
388,1690,2078,0.22958579881656804
384,3400,3784,0.11294117647058824
952,5925,6877,0.16067510548523206
158,6669,6827,0.023691707902234217
2602,8482,11084,0.30676727186984204
171,8482,8653,0.020160339542560718
67,8049,8116,0.008324015405640452
304,3146,3450,0.09663064208518754
250,7233,7483,0.03456380478363058
248,12091,12339,0.020511123976511454
41,7049,7090,0.0058164278621081
295,2488,2783,0.11856913183279742
138,3159,3297,0.04368471035137702
65,10604,10669,0.006129762353828744
1691,5277,6968,0.32044722380140234
221,2809,3030,0.07867568529725881
178,4281,4459,0.04157907031067508
36,4838,4874,0.007441091360066143
152,2274,2426,0.06684256816182937
11,4383,4394,0.0025096965548710927
67,6400,6467,0.01046875
217,5207,5424,0.04167466871519109
2910,16165,19075,0.18001855861429014
240,5610,5850,0.0427807486631016
386,4160,4546,0.09278846153846154
74,6341,6415,0.011670083583031067
30,6236,6266,0.004810776138550353
47,4847,4894,0.009696719620383742
1405,4047,5452,0.3471707437608105
664,6733,7397,0.09861874350215358
370,1913,2283,0.1934134866701516
290,7224,7514,0.04014396456256921
172,3294,3466,0.052216150576806314
69,6819,6888,0.010118785745710514
32,2802,2834,0.011420413990007138
369,14315,14684,0.025777156828501572
215,3791,4006,0.05671326826694804
11,5044,5055,0.0021808088818398097
205,4387,4592,0.04672897196261682
68,6612,6680,0.0102843315184513
17,6490,6507,0.0026194144838212635
993,6447,7440,0.15402512796649603
235,3647,3882,0.06443652316972855
56,2432,2488,0.023026315789473683
32,3352,3384,0.00954653937947494
49,5795,5844,0.008455565142364107
857,15853,16710,0.05405916861161925
170,2137,2307,0.0795507721104352
38,4577,4615,0.008302381472580292
33,4560,4593,0.007236842105263158
42,3956,3998,0.010616784630940344
109,7945,8054,0.013719320327249842
156,4686,4842,0.03329065300896287
465,8608,9073,0.05401951672862453
837,5186,6023,0.16139606633243347
702,6580,7282,0.1066869300911854
1791,6643,8434,0.2696071052235436
39,4849,4888,0.00804289544235925
451,6651,7102,0.0678093519771463
25,8442,8467,0.002961383558398484
116,5272,5388,0.022003034901365705
998,7010,8008,0.14236804564907277
3215,7229,10444,0.44473647807442246
6640,9861,16501,0.6733596998276037
76,6172,6248,0.012313674659753726
171,6919,7090,0.024714554126318834
8,7082,7090,0.0011296243998870376
1711,3406,5117,0.502348796241926
313,2594,2907,0.12066306861989205
129,2778,2907,0.04643628509719223
166,4247,4413,0.03908641393925123
1418,5289,6707,0.2681036112686708
238,2341,2579,0.10166595472020504
67,2659,2726,0.025197442647611885
20,9042,9062,0.0022119000221190004
821,9388,10209,0.08745206646783127
409,4354,4763,0.09393661001378042
6932,16951,23883,0.4089434251666568
87,7019,7106,0.012394928052429121
324,3394,3718,0.09546258102533883
47,16127,16174,0.0029143672102684938
37,4475,4512,0.008268156424581006
660,9399,10059,0.07022023619533993
20,3731,3751,0.005360493165371214
47,4860,4907,0.009670781893004115
47,3939,3986,0.011931962427011932
171,6833,7004,0.025025611005414897
134,4121,4255,0.032516379519534094
606,6410,7016,0.09453978159126365
781,4169,4950,0.18733509234828497
814,9880,10694,0.08238866396761134
164,6193,6357,0.026481511383820443
44,7098,7142,0.006198929275852353
2418,5652,8070,0.4278131634819533
844,4424,5268,0.19077757685352623
41,4852,4893,0.008450123660346249
24,3040,3064,0.007894736842105263
67,2725,2792,0.024587155963302753
207,3288,3495,0.06295620437956205
94,2626,2720,0.0357958872810358
3372,6791,10163,0.496539537623325
680,7220,7900,0.09418282548476455
239,4055,4294,0.058939580764488284
1735,4307,6042,0.4028325980961226
1993,4173,6166,0.47759405703330937
56,7500,7556,0.007466666666666667
33,3061,3094,0.010780790591310029
1499,7659,9158,0.1957174565870218
400,4319,4719,0.0926140310257004
122,28605,28727,0.004264988638349939
55,3449,3504,0.015946651203247317
84,4736,4820,0.017736486486486486
53,6778,6831,0.007819415756860432
954,5708,6662,0.16713384723195515
251,5419,5670,0.046318508949990775
154,3492,3646,0.0441008018327606
30,5365,5395,0.005591798695246971
44,6665,6709,0.006601650412603151
396,8105,8501,0.04885872917951881
35,4319,4354,0.008103727714748784
2565,6140,8705,0.4177524429967427
560,23214,23774,0.0241233738261394
311,3859,4170,0.08059082663902566
232,2853,3085,0.08131791097090782
798,5969,6767,0.1336907354665773
131,3131,3262,0.04183966783775152
67,5094,5161,0.01315272870043188
61,5089,5150,0.011986637846335232
28,5924,5952,0.004726536124240378
329,2800,3129,0.1175
673,6392,7065,0.10528785982478098
88,11570,11658,0.0076058772687986175
383,8732,9115,0.04386165826843793
96,3075,3171,0.03121951219512195
61,2649,2710,0.023027557568893922
388,3203,3591,0.12113643459256947
43,4241,4284,0.010139118132515916
313,6701,7014,0.04670944635129085
53,2561,2614,0.02069504099960953
30,7579,7609,0.003958305845098298
51,5099,5150,0.010001961168856639
141,4942,5083,0.028530959125859977
19,3311,3330,0.005738447598912715
86,3582,3668,0.02400893355667225
94,15612,15706,0.006021009479887266
57,5228,5285,0.01090283091048202
267,2411,2678,0.11074243052675238
474,6065,6539,0.07815333882934872
119,1966,2085,0.06052899287894201
193,5610,5803,0.03440285204991087
202,13577,13779,0.014878102673639242
41,3500,3541,0.011714285714285714
389,2816,3205,0.13813920454545456
879,3004,3883,0.2926098535286285
334,3033,3367,0.1101219914276294
227,8048,8275,0.02820576540755467
14,6748,6762,0.002074688796680498
37,2167,2204,0.01707429626211352
250,4060,4310,0.06157635467980296
352,4917,5269,0.07158836689038031
148,3135,3283,0.047208931419457735
20,12325,12345,0.0016227180527383367
387,2980,3367,0.12986577181208053
30,5808,5838,0.005165289256198347
118,2696,2814,0.04376854599406528
34,5527,5561,0.006151619323321874
176,3135,3311,0.056140350877192984
159,6567,6726,0.024211968935587025
360,2980,3340,0.12080536912751678
132,6612,6744,0.019963702359346643
286,4745,5031,0.06027397260273973
269,4537,4806,0.05929027992065242
17,5977,5994,0.002844236238915844
928,5394,6322,0.17204301075268819
725,3874,4599,0.18714506969540526
121,5061,5182,0.02390831851412764
453,5521,5974,0.08205035319688463
456,3962,4418,0.11509338717819283
6982,8394,15376,0.8317846080533715
98,7769,7867,0.012614236066417815
100,4834,4934,0.02068680182043856
46,5450,5496,0.008440366972477064
1416,10268,11684,0.13790416828983248
507,3812,4319,0.13300104931794335
117,5383,5500,0.021735091956158276
212,4250,4462,0.04988235294117647
690,5104,5794,0.13518808777429467
56,5394,5450,0.010381905821282907
6402,16184,22586,0.39557587740978745
272,4956,5228,0.05488297013720742
24,5461,5485,0.004394799487273393
459,7372,7831,0.06226261530113945
471,6160,6631,0.07646103896103897
647,6244,6891,0.10361947469570788
93,2646,2739,0.035147392290249435
55,6582,6637,0.008356122759039806
17,6742,6759,0.0025215069712251556
102,10953,11055,0.009312517118597645
307,3809,4116,0.08059858230506695
44,4053,4097,0.01085615593387614
15,6633,6648,0.002261420171867933
888,3759,4647,0.23623304070231443
612,5544,6156,0.11038961038961038
456,4725,5181,0.09650793650793651
833,6924,7757,0.12030618139803581
12,4423,4435,0.0027130906624463036
40,3957,3997,0.010108668182966895
38,4075,4113,0.009325153374233128
43,7571,7614,0.00567956676793026
717,6201,6918,0.11562651185292695
499,4138,4637,0.12058965683905268
50,6789,6839,0.007364854912358227
29,5876,5905,0.004935330156569094
742,4398,5140,0.16871305138699408
36,3563,3599,0.010103845074375527
51,5825,5876,0.008755364806866953
599,8898,9497,0.06731849853899753
173,6028,6201,0.028699402786994028
199,7818,8017,0.025454080327449474
285,2496,2781,0.1141826923076923
426,3414,3840,0.12478031634446397
78,3777,3855,0.020651310563939634
36,4050,4086,0.008888888888888889
248,5068,5316,0.0489344909234412
246,11,257,22.363636363636363
49,3901,3950,0.012560881825173032
247,2119,2366,0.1165644171779141
69,5910,5979,0.011675126903553299
848,4199,5047,0.2019528459156942
29,4799,4828,0.0060429256095019795
926,4630,5556,0.2
717,5225,5942,0.1372248803827751
80,2770,2850,0.02888086642599278
3002,7032,10034,0.426905574516496
346,3980,4326,0.08693467336683416
865,6094,6959,0.14194289465047588
460,2,462,230.0
161,7187,7348,0.022401558369277864
54,4874,4928,0.01107919573245794
19,6301,6320,0.0030153943818441516
1596,4938,6534,0.32320777642770354
1374,3873,5247,0.35476374903175834
896,8187,9083,0.10944179797239525
48,3423,3471,0.014022787028921999
606,6785,7391,0.08931466470154753
896,4262,5158,0.21022993899577663
61,3897,3958,0.01565306646138055
53,9621,9674,0.0055087828708034504
34,5482,5516,0.006202116016052536
49,7280,7329,0.006730769230769231
59,4489,4548,0.013143239028736913
195,5775,5970,0.033766233766233764
2895,6573,9468,0.44043815609310816
35,3244,3279,0.010789149198520346
515,6115,6630,0.08421913327882256
21,4209,4230,0.004989308624376337
365,4058,4423,0.08994578610152784
3217,7068,10285,0.45514997170345217
266,2556,2822,0.10406885758998435
224,4169,4393,0.05372991124970017
273,3536,3809,0.07720588235294118
188,3455,3643,0.05441389290882779
2839,10719,13558,0.26485679634294246
845,11203,12048,0.07542622511827189
24,10187,10211,0.002355943850004908
154,3090,3244,0.04983818770226537
36,4894,4930,0.0073559460563955865
1416,5830,7246,0.24288164665523157
539,5222,5761,0.1032171581769437
148,6203,6351,0.0238594228599065
15,9336,9351,0.0016066838046272494
194,4595,4789,0.04221980413492927
57,5675,5732,0.010044052863436124
88,6639,6727,0.013255008284380178
61,4002,4063,0.015242378810594703
56,7634,7690,0.007335603877390621
86,3064,3150,0.028067885117493474
346,3261,3607,0.10610242256976388
139,4036,4175,0.0344400396432111
381,4371,4752,0.08716540837336993
461,4802,5263,0.09600166597251146
115,6722,6837,0.017108003570365963
48,5198,5246,0.00923432089265102
688,5591,6279,0.12305490967626542
70,2650,2720,0.026415094339622643
196,4751,4947,0.04125447274258051
630,4966,5596,0.12686266612968183
56,4564,4620,0.012269938650306749
337,3357,3694,0.10038725052129878
62,4181,4243,0.014828988280315715
127,3060,3187,0.04150326797385621
61,5368,5429,0.011363636363636364
115,8017,8132,0.01434451789946364
32,8265,8297,0.0038717483363581366
409,4216,4625,0.09701138519924099
45,5406,5451,0.008324084350721421
761,5113,5874,0.1488362996283982
167,8531,8698,0.019575665220958854
270,8758,9028,0.030828956382735785
272,7239,7511,0.037574250587097666
1940,5535,7475,0.35049683830171635
1074,3127,4201,0.343460185481292
764,6709,7473,0.1138768818005664
715,4418,5133,0.16183793571751923
30,5380,5410,0.0055762081784386614
37,7244,7281,0.005107675317504142
152,7555,7707,0.020119126406353407
52,4215,4267,0.012336892052194542
94,7752,7846,0.012125902992776058
79,6189,6268,0.012764582323477137
122,5673,5795,0.021505376344086023
181,3943,4124,0.04590413390819173
375,4628,5003,0.081028522039758
1456,5542,6998,0.2627210393359798
116,4247,4363,0.027313397692488816
949,8843,9792,0.10731652154246296
147,2156,2303,0.06818181818181818
61,4159,4220,0.014666987256552055
27,3859,3886,0.00699663125161959
261,8036,8297,0.03247884519661523
129,11300,11429,0.011415929203539822
65,4617,4682,0.014078405891271389
633,3483,4116,0.181739879414298
75,3359,3434,0.02232807383149747
826,4478,5304,0.18445734702992408
55,2708,2763,0.02031019202363368
16,9116,9132,0.0017551557700745941
82,3474,3556,0.02360391479562464
1132,5898,7030,0.19192946761614108
2347,2095,4442,1.1202863961813843
88,3423,3511,0.025708442886356996
46,5302,5348,0.00867597133157299
328,4192,4520,0.07824427480916031
63,2834,2897,0.022230063514467185
1222,10356,11578,0.11799922750096563
397,1376,1773,0.28851744186046513
69,4889,4958,0.01411331560646349
260,3082,3342,0.08436080467229072
330,2854,3184,0.1156271899088998
43,10058,10101,0.004275203817856433
6755,9044,15799,0.7469040247678018
361,4401,4762,0.08202681208816179
2279,4933,7212,0.4619906750456112
188,3140,3328,0.05987261146496815
47,7845,7892,0.005991077119184194
478,2925,3403,0.1634188034188034
129,5060,5189,0.025494071146245058
10585,9722,20307,1.0887677432627032
61,5756,5817,0.01059763724808895
479,4412,4891,0.1085675430643699
1016,3017,4033,0.33675836924096786
1286,5217,6503,0.24650182096990608
1340,5426,6766,0.2469590858827866
471,5395,5866,0.08730305838739574
70,2940,3010,0.023809523809523808
105,6620,6725,0.015861027190332326
876,2777,3653,0.3154483255311487
119,6214,6333,0.019150305761184424
947,5462,6409,0.1733797143903332
28,2660,2688,0.010526315789473684
187,2584,2771,0.07236842105263158
324,6698,7022,0.04837264855180651
394,2167,2561,0.18181818181818182
195,4165,4360,0.0468187274909964
133,7416,7549,0.017934196332254584
227,3045,3272,0.07454844006568144
46,3469,3515,0.013260305563562986
156,2469,2625,0.06318347509113001
213,4887,5100,0.04358502148557397
285,5295,5580,0.053824362606232294
21,3354,3375,0.006261180679785331
165,4716,4881,0.03498727735368957
91,3727,3818,0.02441642071371076
1546,10400,11946,0.14865384615384616
7,5355,5362,0.00130718954248366
54,4793,4847,0.011266430210723972
212,4081,4293,0.05194805194805195
6937,5518,12455,1.2571583907212758
159,4458,4617,0.03566621803499327
27,3570,3597,0.007563025210084034
67,5394,5461,0.012421208750463477
109,1959,2068,0.055640632976008166
672,6759,7431,0.09942299156679982
42,5086,5128,0.008257963035784506
141,5569,5710,0.025318728676602623
5531,5358,10889,1.0322881672265771
814,7100,7914,0.11464788732394367
432,5058,5490,0.08540925266903915
47,7087,7134,0.006631861154226048
131,3319,3450,0.03946971979511901
496,4414,4910,0.11236973266878116
305,3677,3982,0.08294805548001088
1126,5665,6791,0.19876434245366284
37,4237,4274,0.008732593816379515
11,3920,3931,0.0028061224489795917
66,4086,4152,0.016152716593245228
129,6516,6645,0.01979742173112339
57,6789,6846,0.008395934600088379
69,5486,5555,0.012577469923441487
6621,23679,30300,0.27961484860002533
887,5771,6658,0.153699532143476
454,5325,5779,0.08525821596244132
197,5640,5837,0.0349290780141844
55,5343,5398,0.010293842410630732
643,5398,6041,0.11911819192293442
284,6573,6857,0.04320705918150008
152,9143,9295,0.016624740238433775
4489,5517,10006,0.8136668479245966
1617,11543,13160,0.1400848999393572
206,4877,5083,0.04223908140250154
16,5714,5730,0.00280014000700035
284,2119,2403,0.13402548371873524
94,4769,4863,0.019710631159572237
38,4299,4337,0.008839264945336125
346,4873,5219,0.07100348861071208
197,4557,4754,0.04323019530392802
10,7300,7310,0.0013698630136986301
1387,7413,8800,0.1871037366788075
41,5079,5120,0.008072455207718056
164,12411,12575,0.013214084280074128
1500,3074,4574,0.48796356538711777
2917,9220,12137,0.3163774403470716
620,5746,6366,0.10790114862513052
579,6201,6780,0.09337203676826318
292,6857,7149,0.042584220504593845
23,15727,15750,0.0014624531061232277
33,4082,4115,0.008084272415482607
374,4288,4662,0.08722014925373134
67,2396,2463,0.027963272120200333
342,3857,4199,0.08866995073891626
1389,12129,13518,0.11451892159287658
41,3811,3852,0.010758331146680662
41,6497,6538,0.006310604894566723
57,7235,7292,0.007878369039391845
74,3240,3314,0.022839506172839506
104,4790,4894,0.021711899791231733
597,3666,4263,0.16284779050736498
13,4412,4425,0.0029465095194922937
112,4644,4756,0.024117140396210164
31,7933,7964,0.003907727215429219
84,16472,16556,0.005099562894609034
117,5004,5121,0.023381294964028777
1163,3420,4583,0.3400584795321637
35,5166,5201,0.006775067750677507
340,3824,4164,0.08891213389121339
223,6507,6730,0.03427078530812971
102,8054,8156,0.012664514526943133
136,6484,6620,0.020974706971005553
1249,6682,7931,0.18692008380724334
156,4863,5019,0.032078963602714373
543,5319,5862,0.1020868584320361
45,5342,5387,0.00842381130662673
53,3025,3078,0.017520661157024792
269,4015,4284,0.06699875466998755
58,5349,5407,0.01084314825200972
516,7830,8346,0.06590038314176246
103,3219,3322,0.031997514756135444
97,6503,6600,0.014916192526526218
347,4904,5251,0.07075856443719412
224,2328,2552,0.09621993127147767
35,3546,3581,0.009870276367738297
48,3625,3673,0.013241379310344827
869,4948,5817,0.17562651576394503
156,2438,2594,0.06398687448728466
474,6826,7300,0.06944037503662467
376,10731,11107,0.03503867300344796
1735,5015,6750,0.3459621136590229
69,4198,4267,0.01643639828489757
51,6798,6849,0.007502206531332745
2846,13655,16501,0.20842182350787258
309,4278,4587,0.07223001402524544
1256,2869,4125,0.4377831997211572
744,5945,6689,0.12514718250630782
236,3803,4039,0.06205627136471207
88,4615,4703,0.019068255687973996
69,3566,3635,0.019349411104879418
119,5153,5272,0.023093343683291287
1495,17106,18601,0.0873962352390974
1127,11958,13085,0.09424652951998662
85,5298,5383,0.016043790109475275
128,6093,6221,0.021007713769899884
67,4933,5000,0.013581998783701602
2795,9319,12114,0.29992488464427514
285,3320,3605,0.0858433734939759
715,4488,5203,0.15931372549019607
93,5856,5949,0.015881147540983607
24,4329,4353,0.005544005544005544
2048,3791,5839,0.5402268530730678
63,5141,5204,0.012254425209103288
599,10557,11156,0.05673960405418206
29,5588,5617,0.0051896921975662135
1018,7323,8341,0.1390140652737949
973,5392,6365,0.18045252225519287
1735,5981,7716,0.2900852700217355
67,2311,2378,0.028991778450887063
212,4295,4507,0.04935972060535507
71,5188,5259,0.013685427910562837
17,3154,3171,0.00538998097653773
195,5082,5277,0.03837072018890201
377,7348,7725,0.05130647795318454
37,5320,5357,0.006954887218045113
218,4132,4350,0.05275895450145208
482,6946,7428,0.06939245608983588
302,3481,3783,0.08675667911519679
130,4144,4274,0.03137065637065637
5783,7007,12790,0.8253175396032539
159,4938,5097,0.03219927095990279
38,5413,5451,0.007020136707925365
229,3551,3780,0.06448887637285272
54,4404,4458,0.01226158038147139
111,1183,1294,0.09382924767540152
1860,6422,8282,0.2896293989411398
261,4633,4894,0.05633498812864235
211,3700,3911,0.05702702702702703
40,2867,2907,0.013951866062085804
981,6372,7353,0.153954802259887
367,8566,8933,0.04284380107401354
152,8860,9012,0.017155756207674944
880,4290,5170,0.20512820512820512
196,2760,2956,0.07101449275362319
150,2918,3068,0.05140507196710076
102,6539,6641,0.015598715399908243
173,6213,6386,0.027844841461451796
31,5310,5341,0.005838041431261771
307,2649,2956,0.11589278973197432
171,5253,5424,0.03255282695602513
125,7731,7856,0.016168671581942826
69,3228,3297,0.02137546468401487
89,2975,3064,0.02991596638655462
116,5094,5210,0.022771888496270123
19,21987,22006,0.0008641469959521535
215,3542,3757,0.06070016939582157
23,6534,6557,0.003520048974594429
347,4857,5204,0.07144327774346304
44,4585,4629,0.009596510359869139
62,5562,5624,0.011147069399496584
281,7806,8087,0.03599795029464514
494,5287,5781,0.09343673160582561
131,7317,7448,0.01790351236845702
150,4325,4475,0.03468208092485549
152,2766,2918,0.0549530007230658
42,4435,4477,0.00947012401352875
144,4700,4844,0.030638297872340424
83,8273,8356,0.010032636286715822
77,2558,2635,0.030101641907740423
308,5692,6000,0.054111033028812365
659,18607,19266,0.035416778631697746
79,3625,3704,0.021793103448275862
341,7979,8320,0.042737185110916155
59,5732,5791,0.010293091416608514
6953,6012,12965,1.1565202927478377
327,7046,7373,0.046409310246948624
168,3432,3600,0.04895104895104895
768,5033,5801,0.1525928869461554
69,3142,3211,0.02196053469127944
94,2850,2944,0.03298245614035088
1878,5043,6921,0.3723973825104105
171,6815,6986,0.025091709464416728
246,4510,4756,0.05454545454545454
20,4946,4966,0.0040436716538617065
167,4331,4498,0.03855922419764488
1039,5357,6396,0.1939518387156991
157,3929,4086,0.0399592771697633
33,3214,3247,0.010267579340385812
895,5633,6528,0.1588851411326114
787,5214,6001,0.150939777522056
131,9186,9317,0.014260831700413673
137,3172,3309,0.04319041614123581
266,3817,4083,0.0696882368352109
1253,5484,6737,0.22848285922684172
365,3155,3520,0.11568938193343899
100,6459,6559,0.015482272797646695
58,5939,5997,0.009765953864286917
73,3598,3671,0.02028904947192885
354,4895,5249,0.07231869254341164
3952,7629,11581,0.5180233320225456
1736,4315,6051,0.40231749710312864
300,3731,4031,0.08040739748056822
79,4625,4704,0.01708108108108108
1005,3488,4493,0.28813073394495414
79,4529,4608,0.017443144181938618
172,3378,3550,0.05091770278271166
54,8537,8591,0.006325407051657491
67,5954,6021,0.011252939200537453
147,3651,3798,0.04026294165981923
49,3733,3782,0.01312617197964104
1762,5931,7693,0.29708312257629405
132,4649,4781,0.028393202839320283
70,6405,6475,0.01092896174863388
127,6525,6652,0.01946360153256705
35,5239,5274,0.006680664248902462
48,5988,6036,0.008016032064128256
39,4673,4712,0.008345816392039376
224,3848,4072,0.058212058212058215
43,5307,5350,0.008102506123987187
74,4878,4952,0.015170151701517014
242,7265,7507,0.03331039229181005
39,5000,5039,0.0078
70,7312,7382,0.009573304157549234
100,7187,7287,0.013914011409489356
42,5596,5638,0.007505360972122945
235,15365,15600,0.015294500488122356
548,5978,6526,0.09166945466711275
70,3653,3723,0.019162332329592115
62,3707,3769,0.016725114647963314
14,4043,4057,0.0034627751669552313
34,5621,5655,0.006048745774773172
51,4099,4150,0.012442059038789949
105,8002,8107,0.013121719570107474
7281,5585,12866,1.3036705461056401
1338,6568,7906,0.20371498172959804
246,4384,4630,0.05611313868613139
89,3351,3440,0.026559236048940615
71,5494,5565,0.01292318893338187
285,3471,3756,0.08210890233362143
680,4670,5350,0.145610278372591
38,8448,8486,0.004498106060606061
603,3981,4584,0.15146948003014318
52,6381,6433,0.008149192916470772
284,5668,5952,0.05010585744530699
19,3434,3453,0.00553290623179965
47,2421,2468,0.019413465510119784
689,6114,6803,0.11269218187765784
42,3673,3715,0.011434794445956983
28,4214,4242,0.006644518272425249
55,3043,3098,0.01807426881367072
33,11266,11299,0.002929167406355406
27,8589,8616,0.0031435557107928748
115,10259,10374,0.011209669558436495
290,8766,9056,0.03308236367784623
45,4918,4963,0.009150061000406669
403,6659,7062,0.06051959753716774
26,3460,3486,0.007514450867052023
447,2661,3108,0.16798196166854565
83,3802,3885,0.02183061546554445
21,6811,6832,0.003083247687564234
160,8134,8294,0.01967051880993361
910,5071,5981,0.1794517846578584
532,3477,4009,0.15300546448087432
95,2620,2715,0.03625954198473282
324,4302,4626,0.07531380753138076
1447,6341,7788,0.22819744519791832
2564,6132,8696,0.4181343770384866
21,6040,6061,0.00347682119205298
424,2833,3257,0.14966466643134485
126,26,152,4.846153846153846
71,3429,3500,0.020705745115193935
187,1656,1843,0.11292270531400966
68,4346,4414,0.015646571560055222
6005,3800,9805,1.5802631578947368
47,956,1003,0.049163179916317995
178,3778,3956,0.047114875595553204
469,6918,7387,0.0677941601618965
362,13953,14315,0.025944241381781696
70,5308,5378,0.013187641296156745
119,4496,4615,0.026467971530249112
23,7747,7770,0.002968891183684007
72,6665,6737,0.010802700675168793
129,7255,7384,0.017780840799448656
1334,10488,11822,0.12719298245614036
41,4341,4382,0.009444828380557475
129,2437,2566,0.05293393516618793
53,5574,5627,0.00950843200574094
59,6013,6072,0.009812073840013305
39,5500,5539,0.007090909090909091
9,6181,6190,0.0014560750687591004
961,8274,9235,0.1161469664007735
249,24058,24307,0.010349987530135506
312,4494,4806,0.06942590120160214
506,7828,8334,0.06463975472662238
43,3909,3952,0.011000255819902788
360,1897,2257,0.18977332630469163
370,4002,4372,0.09245377311344327
590,6394,6984,0.09227400688145136
326,4679,5005,0.06967300705278906
38,4981,5019,0.007628990162617948
47,6389,6436,0.007356393801846924
117,8646,8763,0.013532269257460098
1487,8890,10377,0.1672665916760405
417,10418,10835,0.04002687655980035
85,3643,3728,0.02333241833653582
126,4630,4756,0.027213822894168467
61,4430,4491,0.013769751693002256
195,3594,3789,0.05425709515859766
304,2932,3236,0.10368349249658936
16,4068,4084,0.003933136676499509
1694,5349,7043,0.3166947092914563
525,6740,7265,0.07789317507418397
46,5881,5927,0.007821799013773167
76,4001,4077,0.0189952511872032
266,3618,3884,0.07352128247650636
499,3792,4291,0.1315928270042194
51,6100,6151,0.008360655737704918
22,6969,6991,0.003156837422872722
321,5961,6282,0.05385002516356316
40,2895,2935,0.013816925734024179
661,6531,7192,0.10120961567906905
79,3167,3246,0.02494474265866751
140,6585,6725,0.02126044039483675
198,7441,7639,0.02660932670340008
383,6730,7113,0.05690936106983655
40,6790,6830,0.005891016200294551
1901,8523,10424,0.22304352927372992
548,6771,7319,0.08093339240880225
264,5277,5541,0.050028425241614556
1365,8343,9708,0.16361021215390148
1555,4767,6322,0.3262009649674848
33,3046,3079,0.010833880499015102
23,5191,5214,0.0044307455210942015
192,4679,4871,0.04103440906176534
878,6213,7091,0.1413165942378883
1478,5982,7460,0.24707455700434638
28,6756,6784,0.0041444641799881585
26,4039,4065,0.006437236939836593
173,2346,2519,0.07374254049445865
953,5064,6017,0.1881911532385466
11,3890,3901,0.002827763496143959
127,4956,5083,0.02562550443906376
176,3111,3287,0.05657344905175185
297,9223,9520,0.03220210343705952
282,4131,4413,0.0682643427741467
61,2931,2992,0.020812009553053564
67,4227,4294,0.01585048497752543
159,4410,4569,0.03605442176870748
35,5273,5308,0.006637587710980467
142,6267,6409,0.022658369235678953
5530,11790,17320,0.46904156064461405
444,5332,5776,0.08327081770442611
170,6965,7135,0.024407753050969132
194,5743,5937,0.03378025422253178
81,2197,2278,0.036868456986800184
100,4910,5010,0.020366598778004074
205,6103,6308,0.033590037686383745
40,2790,2830,0.014336917562724014
113,5882,5995,0.01921115266916015
528,4736,5264,0.11148648648648649
519,6348,6867,0.08175803402646503
385,1659,2044,0.2320675105485232
17,3626,3643,0.004688361831218974
353,5068,5421,0.0696527229676401
48,10438,10486,0.0045985821038513125
107,4040,4147,0.026485148514851484
372,9207,9579,0.04040404040404041
33,6442,6475,0.0051226327227569075
48,9115,9163,0.005266044980800877
112,3235,3347,0.03462132921174652
71,5801,5872,0.012239269091535943
48,7161,7209,0.006702974444909929
569,7277,7846,0.07819156245705648
782,7895,8677,0.09905003166561115
23,6070,6093,0.0037891268533772654
295,5085,5380,0.05801376597836775
33,5503,5536,0.005996729056878067
893,5324,6217,0.16773102930127723
64,3570,3634,0.017927170868347338
1365,10755,12120,0.12691771269177127
1453,4437,5890,0.32747351814288933
2399,5918,8317,0.40537343697195
121,4919,5040,0.024598495629192925
59,2684,2743,0.021982116244411327
175,5668,5843,0.030875088214537758
232,4008,4240,0.05788423153692615
39,7816,7855,0.004989764585465711
101,23323,23424,0.004330489216653089
17,4090,4107,0.004156479217603912
1442,7276,8718,0.1981858163826278
183,4475,4658,0.04089385474860335
602,4251,4853,0.14161373794401316
416,4485,4901,0.0927536231884058
173,1770,1943,0.09774011299435029
64,4628,4692,0.013828867761452032
350,6567,6917,0.05329678696512868
2363,3477,5840,0.6796088582111015
223,4388,4611,0.050820419325433
1502,3436,4938,0.4371362048894063
397,5283,5680,0.07514669695248911
57,4931,4988,0.011559521395254513
476,5722,6198,0.08318769660957707
528,5945,6473,0.08881412952060555
502,9404,9906,0.05338153977031051
118,5925,6043,0.019915611814345993
448,2755,3203,0.16261343012704174
555,5961,6516,0.09310518369401108
850,6852,7702,0.12405137186223
220,4189,4409,0.052518500835521606
113,4234,4347,0.0266887104393009
99,8159,8258,0.012133839931364137
67,8417,8484,0.007960080788879649
41,3496,3537,0.011727688787185355
381,5039,5420,0.07561024012700933
42,3750,3792,0.0112
271,6779,7050,0.03997639769877563
69,5976,6045,0.011546184738955823
644,6389,7033,0.10079824698700893
90,4185,4275,0.021505376344086023
2918,16862,19780,0.1730518325228324
342,6798,7140,0.05030891438658429
62,3045,3107,0.020361247947454843
61,3414,3475,0.017867603983596953
66,6491,6557,0.010167924818980127
30,11240,11270,0.0026690391459074734
44,3691,3735,0.011920888648062856
174,4831,5005,0.03601738770440902
101,5264,5365,0.01918693009118541
17,4678,4695,0.0036340316374519027
63,2793,2856,0.022556390977443608
45,6166,6211,0.007298086279597794
222,6885,7107,0.03224400871459695
303,6091,6394,0.04974552618617632
1456,3675,5131,0.3961904761904762
201,8232,8433,0.024416909620991252
135,5755,5890,0.023457862728062554
40,4648,4688,0.008605851979345954
103,7854,7957,0.013114336643748408
46,5673,5719,0.008108584523179975
2430,5476,7906,0.443754565376187
30,5495,5525,0.00545950864422202
35,5092,5127,0.006873527101335428
196,5174,5370,0.03788171627367607
52,2235,2287,0.023266219239373602
55,3023,3078,0.018193847171683757
42,8858,8900,0.004741476631293746
2353,5155,7508,0.45645004849660525
20,5726,5746,0.0034928396786587496
56,2995,3051,0.018697829716193656
49,3715,3764,0.013189771197846568
456,2957,3413,0.15421034832600608
813,2712,3525,0.2997787610619469
341,3317,3658,0.102803738317757
899,4110,5009,0.21873479318734793
405,4148,4553,0.0976374156219865
204,5856,6060,0.03483606557377049
80,4318,4398,0.018527095877721167
45,4968,5013,0.009057971014492754
2834,4070,6904,0.6963144963144963
73,4416,4489,0.016530797101449276
462,4924,5386,0.09382615759545085
507,2913,3420,0.17404737384140062
224,3987,4211,0.05618259342864309
69,3546,3615,0.0194585448392555
55,3480,3535,0.015804597701149427
565,5846,6411,0.09664728019158399
40,7016,7056,0.005701254275940707
3085,11796,14881,0.26152933197694134
203,6012,6215,0.03376580172987358
114,5346,5460,0.02132435465768799
1160,11908,13068,0.09741350352704065
73,3404,3477,0.02144535840188014
214,3217,3431,0.0665216039788623
92,4213,4305,0.021837170662235936
43,1690,1733,0.02544378698224852
348,3842,4190,0.09057782404997397
35,5602,5637,0.006247768654052124
480,4879,5359,0.09838081574093052
146,4110,4256,0.035523114355231145
27,6255,6282,0.004316546762589928
1720,5345,7065,0.32179607109448083
156,5145,5301,0.030320699708454812
11,12577,12588,0.0008746123876918184
49,3024,3073,0.016203703703703703
46,4876,4922,0.009433962264150943
35,6074,6109,0.005762265393480408
57,8624,8681,0.006609461966604824
173,3395,3568,0.050957290132547864
63,4258,4321,0.014795678722404886
236,2357,2593,0.10012728044123886
376,4271,4647,0.08803558885506907
167,3326,3493,0.05021046301864101
672,6463,7135,0.10397648151013461
3040,8452,11492,0.3596781826786559
579,6933,7512,0.08351363046300303
40,7755,7795,0.0051579626047711154
24,5297,5321,0.004530866528223523
181,2554,2735,0.07086922474549726
72,2564,2636,0.028081123244929798
63,4627,4690,0.01361573373676248
16,9353,9369,0.0017106810648989629
78,4342,4420,0.017964071856287425
32,3933,3965,0.00813628273582507
93,4660,4753,0.019957081545064377
40,4862,4902,0.008227067050596462
427,5007,5434,0.08528060714999001
143,3434,3577,0.041642399534071055
5672,15432,21104,0.36754795230689474
310,2856,3166,0.10854341736694678
29,5528,5557,0.005246020260492041
130,6802,6932,0.019112025874742724
14,6626,6640,0.002112888620585572
27,6189,6216,0.004362578768783325
32,17135,17167,0.0018675226145316603
54,4383,4437,0.012320328542094456
375,3628,4003,0.10336273428886439
113,4213,4326,0.026821742226441965
66,4595,4661,0.014363438520130577
286,5272,5558,0.05424886191198786
470,6927,7397,0.0678504403060488
45,3728,3773,0.012070815450643776
28,4693,4721,0.00596633283613893
111,2077,2188,0.053442465093885415
111,1646,1757,0.06743620899149454
1077,6145,7222,0.17526444263628968
92,6673,6765,0.013786902442679454
44,9055,9099,0.004859193815571507
20,6490,6510,0.0030816640986132513
65,3953,4018,0.016443207690361752
50,666,716,0.07507507507507508
224,10590,10814,0.021152030217186025
192,7495,7687,0.02561707805203469
109,7145,7254,0.015255423372988103
303,5529,5832,0.05480195333695062
1504,5717,7221,0.2630750393563058
51,5027,5078,0.010145215834493734
431,3692,4123,0.116738894907909
93,5460,5553,0.01703296703296703
591,5591,6182,0.10570559828295475
219,4920,5139,0.04451219512195122
760,5507,6267,0.138006173960414
82,2546,2628,0.03220738413197172
127,6675,6802,0.01902621722846442
197,8215,8412,0.02398052343274498
706,6773,7479,0.1042374132585265
318,2875,3193,0.11060869565217392
62,4621,4683,0.013417009305345163
81,4597,4678,0.017620187078529477
24,4093,4117,0.005863669679941363
716,4006,4722,0.17873190214677984
215,5380,5595,0.039962825278810406
106,3731,3837,0.028410613776467437
52,6565,6617,0.007920792079207921
295,3153,3448,0.0935616872819537
254,2932,3186,0.08663028649386084
79,4833,4912,0.016345954893440928
299,5439,5738,0.0549733406876264
10,11437,11447,0.0008743551630672379
126,6654,6780,0.018935978358881875
171,3465,3636,0.04935064935064935
71,4901,4972,0.014486839420526422
385,3451,3836,0.11156186612576065
23,2546,2569,0.009033778476040848
14,3683,3697,0.0038012489818083084
375,5987,6362,0.06263571070653082
1497,5037,6534,0.29720071471113757
705,6178,6883,0.11411460019423762
896,4194,5090,0.21363853123509777
28,4639,4667,0.00603578357404613
45,9695,9740,0.0046415678184631255
1010,6060,7070,0.16666666666666666
79,3021,3100,0.026150281363786824
258,8080,8338,0.03193069306930693
1418,8087,9505,0.17534314331643377
1746,9230,10976,0.18916576381365113
1456,2651,4107,0.5492267069030554
3031,7807,10838,0.388241321890611
58,6096,6154,0.009514435695538058
87,2894,2981,0.030062197650310988
124,4774,4898,0.025974025974025976
55,3682,3737,0.014937533948940793
164,3067,3231,0.05347244864688621
5677,13255,18932,0.428291210863825
147,4886,5033,0.03008595988538682
371,2968,3339,0.125
179,4231,4410,0.04230678326636729
649,6275,6924,0.10342629482071714
13,4743,4756,0.0027408812987560617
957,13159,14116,0.0727258910251539
789,9388,10177,0.08404345973583298
89,2549,2638,0.03491565319733229
308,3690,3998,0.08346883468834689
31,4446,4477,0.006972559604138551
77,3438,3515,0.02239674229203025
102,3359,3461,0.03036618041083656
254,3879,4133,0.06548079401907708
308,3580,3888,0.08603351955307263
1072,9426,10498,0.11372798642053894
585,8959,9544,0.06529746623507088
90,2930,3020,0.030716723549488054
356,7287,7643,0.04885412378207767
2022,29890,31912,0.06764804282368685
153,5052,5205,0.030285035629453682
360,9244,9604,0.03894418000865426
253,7475,7728,0.033846153846153845
171,11394,11565,0.015007898894154818
1354,9958,11312,0.13597107852982526
220,3066,3286,0.07175472928897586
2753,3044,5797,0.9044021024967148
2324,11003,13327,0.2112151231482323
36,6741,6777,0.0053404539385847796
74,2843,2917,0.026028842771720014
131,3804,3935,0.034437434279705574
1825,2988,4813,0.6107764390896921
542,8101,8643,0.06690532033082336
80,5040,5120,0.015873015873015872
646,7473,8119,0.0864445336544895
62,8039,8101,0.007712402040054733
279,7890,8169,0.035361216730038024
19,3700,3719,0.005135135135135135
19,4633,4652,0.004101014461472048
197,6022,6219,0.03271338425772169
27,3180,3207,0.008490566037735849
22,3554,3576,0.0061902082160945416
1739,4553,6292,0.3819459696903141
340,6074,6414,0.05597629239380968
104,5153,5257,0.02018241800892684
701,7640,8341,0.09175392670157068
36,3319,3355,0.01084664055438385
449,3839,4288,0.11695754102630894
1425,5895,7320,0.24173027989821882
308,7142,7450,0.04312517502100252
251,2982,3233,0.08417169684775319
45,4390,4435,0.010250569476082005
161,2881,3042,0.05588337382853176
98,5311,5409,0.018452268875917905
353,6389,6742,0.05525121302238222
320,2906,3226,0.11011699931176876
35,3597,3632,0.009730330831248262
49,3319,3368,0.014763482976800241
1737,5678,7415,0.30591757661148294
33,7730,7763,0.0042690815006468305
55,4185,4240,0.013142174432497013
122,7518,7640,0.016227720138334664
18,4863,4881,0.003701418877236274
52,9212,9264,0.005644811115935736
54,4287,4341,0.012596221133659902
349,6360,6709,0.05487421383647799
93,4475,4568,0.020782122905027935
235,3099,3334,0.07583091319780574
367,2574,2941,0.1425796425796426
107,8629,8736,0.012400046355313478
2261,4524,6785,0.4997789566755084
476,3143,3619,0.1514476614699332
54,4571,4625,0.011813607525705535
118,7061,7179,0.016711513949865458
195,4539,4734,0.04296100462656973
244,4681,4925,0.05212561418500321
52,7062,7114,0.0073633531577456815
15,3882,3897,0.0038639876352395673
57,2569,2626,0.022187621642662515
6424,21990,28414,0.29213278763074124
44,6573,6617,0.006694051422485928
24,5431,5455,0.004419075676670963
6069,4065,10134,1.4929889298892989
74,2974,3048,0.02488231338264963
424,5723,6147,0.0740870172986196
706,5774,6480,0.12227225493591964
1149,6923,8072,0.16596851076123068
29,2069,2098,0.01401643305944901
1235,10079,11314,0.12253199722194662
128,3044,3172,0.04204993429697766
18,4520,4538,0.003982300884955752
35,3872,3907,0.009039256198347107
273,4119,4392,0.06627822286962855
32,5373,5405,0.00595570444816676
10,7130,7140,0.001402524544179523
1604,4938,6542,0.3248278655326043
795,8079,8874,0.09840326773115485
333,5049,5382,0.0659536541889483
364,19349,19713,0.018812341723086465
643,4408,5051,0.14587114337568058
656,4682,5338,0.14011106364801368
134,4075,4209,0.032883435582822085
667,7755,8422,0.08600902643455835
45,12086,12131,0.003723316233658779
56,7889,7945,0.00709849157054126
22,16810,16832,0.0013087447947650209
13,8226,8239,0.0015803549720398735
247,4663,4910,0.052970190864250484
269,2802,3071,0.0960028551034975
34,6765,6799,0.005025868440502587
354,3548,3902,0.09977452085682074
894,4352,5246,0.20542279411764705
46,5747,5793,0.00800417609187402
31,4277,4308,0.007248071077858312
714,7397,8111,0.09652561849398404
440,7096,7536,0.06200676437429538
140,3989,4129,0.03509651541739785
147,5499,5646,0.02673213311511184
58,3526,3584,0.016449234259784458
37,2747,2784,0.01346923917000364
166,4614,4780,0.035977459904638055
39,5317,5356,0.007334963325183374
506,3358,3864,0.1506849315068493
971,4097,5068,0.23700268489138393
634,7836,8470,0.0809086268504339
313,2443,2756,0.12812116250511665
214,7336,7550,0.02917121046892039
22,7712,7734,0.0028526970954356845
33,8466,8499,0.0038979447200566974
278,3214,3492,0.0864965774735532
2261,3916,6177,0.5773748723186926
274,5255,5529,0.05214081826831589
139,6259,6398,0.022208020450551206
3512,18114,21626,0.19388318427735454
1229,13664,14893,0.0899443793911007
360,5004,5364,0.07194244604316546
29,6420,6449,0.004517133956386293
252,5738,5990,0.0439177413733008
205,3764,3969,0.05446333687566419
136,3545,3681,0.0383638928067701
631,6862,7493,0.09195569804721655
293,6837,7130,0.04285505338598801
427,6017,6444,0.07096559747382417
76,4065,4141,0.01869618696186962
88,8578,8666,0.010258801585451154
1770,6999,8769,0.2528932704672096
3719,6889,10608,0.5398461315140078
45,18654,18699,0.0024123512383403024
587,5818,6405,0.10089377793056033
1454,5758,7212,0.25251823549843694
396,3385,3781,0.11698670605612999
311,3187,3498,0.09758393473486036
1346,6267,7613,0.2147758097973512
542,5144,5686,0.10536547433903577
363,4169,4532,0.0870712401055409
224,3504,3728,0.0639269406392694
84,7117,7201,0.01180272586764086
301,3674,3975,0.0819270549809472
81,4781,4862,0.016942062330056473
116,5123,5239,0.022642982627366776
309,2987,3296,0.10344827586206896
48,7013,7061,0.0068444317695707975
511,13693,14204,0.03731833783685094
272,4218,4490,0.0644855381697487
44,3927,3971,0.011204481792717087
54,7770,7824,0.0069498069498069494
169,8425,8594,0.0200593471810089
318,5209,5527,0.06104818583221348
264,10129,10393,0.02606377727317603
49,4628,4677,0.010587726879861712
89,6708,6797,0.01326774001192606
24,6026,6050,0.003982741453700631
2168,5735,7903,0.3780296425457716
513,6964,7477,0.07366456059735783
46,18248,18294,0.002520824199912319
507,8448,8955,0.060014204545454544
306,4601,4907,0.06650728102586394
340,1505,1845,0.22591362126245848
237,3665,3902,0.06466575716234652
69,3205,3274,0.021528861154446178
1065,3545,4610,0.3004231311706629
164,8377,8541,0.019577414348812223
58,3423,3481,0.01694420099328075
94,3140,3234,0.029936305732484077
341,7940,8281,0.042947103274559195
317,7902,8219,0.04011642622120982
213,2445,2658,0.08711656441717791
83,3687,3770,0.02251152698671006
311,3228,3539,0.0963444857496902
37,3955,3992,0.009355246523388117
244,4180,4424,0.05837320574162679
181,5714,5895,0.03167658382919146
218,6304,6522,0.034581218274111675
160,9491,9651,0.016858076072068275
509,3582,4091,0.1420993858179788
1122,4292,5414,0.2614165890027959
97,8304,8401,0.01168111753371869
599,6031,6630,0.0993201790747803
219,4901,5120,0.04468475821260967
460,4714,5174,0.0975816716164616
332,7242,7574,0.04584368958851146
528,4975,5503,0.10613065326633166
221,9468,9689,0.02334178284748627
103,2590,2693,0.03976833976833977
10,6056,6066,0.0016512549537648614
19,3730,3749,0.005093833780160858
144,3405,3549,0.04229074889867841
92,2865,2957,0.03211169284467714
98,251,349,0.3904382470119522
85,10981,11066,0.007740642928695018
3528,5768,9296,0.6116504854368932
81,4599,4680,0.01761252446183953
992,4304,5296,0.23048327137546468
582,5551,6133,0.10484597369843271
157,4370,4527,0.03592677345537757
348,10107,10455,0.034431582071831404
37,11564,11601,0.003199584918713248
120,3097,3217,0.03874717468517921
31,12463,12494,0.0024873625932760974
498,5257,5755,0.09473083507704014
506,6177,6683,0.08191678808483083
239,8512,8751,0.028078007518796994
24,8160,8184,0.0029411764705882353
105,3187,3292,0.03294634452463131
333,5877,6210,0.05666156202143951
38,4323,4361,0.008790191996298867
542,4071,4613,0.13313682141979857
603,5235,5838,0.1151862464183381
646,4680,5326,0.13803418803418804
155,3068,3223,0.05052151238591916
47,4803,4850,0.009785550697480742
73,14968,15041,0.004877071084981293
37,8036,8073,0.004604280736684918
168,4256,4424,0.039473684210526314
449,439,888,1.0227790432801822
38,7860,7898,0.004834605597964376
226,3375,3601,0.06696296296296296
740,4382,5122,0.16887266088544045
126,4408,4534,0.028584392014519056
233,2553,2786,0.09126517822169997
98,3983,4081,0.02460456942003515
6090,12374,18464,0.4921609827056732
1849,12692,14541,0.14568231957138356
167,3638,3805,0.045904343045629466
47,3461,3508,0.013579890205143023
39,6368,6407,0.006124371859296482
1560,6317,7877,0.24695266740541397
181,6603,6784,0.027411782523095563
68,3525,3593,0.01929078014184397
6207,7367,13574,0.8425410614904303
216,1647,1863,0.13114754098360656
75,3425,3500,0.021897810218978103
259,2468,2727,0.10494327390599675
674,5265,5939,0.12801519468186134
321,4629,4950,0.06934543097861309
951,5094,6045,0.18669022379269729
357,14192,14549,0.02515501691093574
394,9503,9897,0.04146059139219194
9,5983,5992,0.0015042620758816648
1664,5200,6864,0.32
64,3978,4042,0.01608848667672197
50,6263,6313,0.007983394539358136
647,2386,3033,0.27116512992455993
35,10087,10122,0.0034698126301179735
131,3974,4105,0.032964267740312025
145,5452,5597,0.026595744680851064
750,6366,7116,0.117813383600377
662,6249,6911,0.10593694991198592
3196,5575,8771,0.5732735426008969
55,6790,6845,0.008100147275405008
820,6730,7550,0.12184249628528974
52,4445,4497,0.011698537682789651
29,3019,3048,0.009605829744948658
413,4336,4749,0.09524907749077491
3790,8615,12405,0.4399303540336622
308,2706,3014,0.11382113821138211
328,7513,7841,0.0436576600559031
128,5311,5439,0.024100922613443796
460,2406,2866,0.19118869492934332
193,4399,4592,0.04387360763809957
41,3725,3766,0.011006711409395973
349,5703,6052,0.06119586182710854
264,9199,9463,0.028698771605609304
656,4825,5481,0.13595854922279793
71,4009,4080,0.0177101521576453
227,3038,3265,0.07472021066491112
1307,11035,12342,0.11844132306298143
171,5662,5833,0.030201342281879196
45,5431,5476,0.008285766893758055
59,3776,3835,0.015625
113,4275,4388,0.026432748538011697
68,6432,6500,0.010572139303482588
469,5319,5788,0.08817446888512878
321,3568,3889,0.08996636771300448
81,2585,2666,0.031334622823984526
195,3367,3562,0.05791505791505792
2342,8343,10685,0.2807143713292581
1383,4324,5707,0.3198427382053654
243,3262,3505,0.07449417535254445
133,7889,8022,0.01685891748003549
392,4183,4575,0.09371264642601004
35,6951,6986,0.005035246727089627
66,7493,7559,0.00880822100627252
44,9875,9919,0.004455696202531645
673,5701,6374,0.11804946500613928
105,3445,3550,0.030478955007256895
398,4621,5019,0.08612854360528024
594,8793,9387,0.06755373592630501
196,4029,4225,0.04864730702407545
2978,7299,10277,0.4080010960405535
525,8349,8874,0.06288178224937119
75,7226,7301,0.01037918627179629
33,9504,9537,0.003472222222222222
1059,4252,5311,0.24905926622765756
376,4252,4628,0.08842897460018814
334,6561,6895,0.05090687395214144
74,3583,3657,0.02065308400781468
73,8468,8541,0.008620689655172414
83,3360,3443,0.02470238095238095
243,78,321,3.1153846153846154
518,6785,7303,0.0763448784082535
84,8043,8127,0.010443864229765013
49,6840,6889,0.00716374269005848
20,4395,4415,0.004550625711035267
99,3405,3504,0.02907488986784141
952,5062,6014,0.18806795732911893
212,3630,3842,0.05840220385674931
496,5009,5505,0.0990217608305051
20,7268,7288,0.00275178866263071
1105,3544,4649,0.3117945823927765
27,4486,4513,0.0060187249219794915
247,2767,3014,0.0892663534513914
648,4434,5082,0.14614343707713126
678,5064,5742,0.1338862559241706
57,2123,2180,0.026848798869524258
355,3027,3382,0.1172778328377932
91,5588,5679,0.016284896206156047
116,4761,4877,0.024364629279563118
670,2846,3516,0.2354181307097681
32,2906,2938,0.011011699931176875
134,8033,8167,0.01668119009087514
941,4950,5891,0.1901010101010101
107,7646,7753,0.013994245357049438
176,15969,16145,0.011021353873129188
327,2292,2619,0.14267015706806283
477,4819,5296,0.09898319153351318
62,5671,5733,0.010932816081819785
103,6603,6706,0.01559897016507648
332,3197,3529,0.10384735689709103
509,6168,6677,0.08252269779507133
76,10597,10673,0.007171841087100123
64,4670,4734,0.013704496788008565
129,3561,3690,0.03622577927548441
130,3324,3454,0.03910950661853189
1423,10268,11691,0.13858589793533307
55,11655,11710,0.004719004719004719
478,5475,5953,0.08730593607305936
178,3297,3475,0.05398847437063998
323,2738,3061,0.11796932067202337
65,2962,3027,0.021944632005401754
948,4215,5163,0.22491103202846974
72,3738,3810,0.019261637239165328
34,6507,6541,0.0052251421546027355
127,4522,4649,0.028084918177797433
63,5539,5602,0.011373894204730096
72,4080,4152,0.01764705882352941
54,2315,2369,0.023326133909287255
88,6781,6869,0.01297743695620115
107,6983,7090,0.01532292710869254
129,6233,6362,0.020696293919460932
673,4191,4864,0.16058219995227868
16,3540,3556,0.004519774011299435
260,8593,8853,0.030257186081694403
63,4344,4407,0.014502762430939226
840,4873,5713,0.17237841165606402
1501,4335,5836,0.34625144175317185
315,10706,11021,0.029422753596114327
38,5219,5257,0.007281088331097912
27,4008,4035,0.006736526946107785
81,3292,3373,0.024605103280680437
1458,4842,6300,0.30111524163568776
19,8507,8526,0.0022334548019278242
281,4635,4916,0.060625674217907224
34,4254,4288,0.007992477668077104
40,3940,3980,0.01015228426395939
77,4927,5004,0.01562817130099452
53,4547,4600,0.011656036947437871
70,3203,3273,0.021854511395566656
322,3657,3979,0.0880503144654088
140,5910,6050,0.023688663282571912
436,6472,6908,0.06736711990111248
26,4600,4626,0.005652173913043478
354,6734,7088,0.05256905256905257
1505,4076,5581,0.369234543670265
68,7373,7441,0.009222840092228402
355,4403,4758,0.08062684533272768
442,6506,6948,0.06793728865662466
4845,6869,11714,0.7053428446644344
809,20804,21613,0.038886752547587
142,5274,5416,0.026924535456958665
444,4148,4592,0.10703953712632594
221,4028,4249,0.05486593843098312
36,6277,6313,0.005735223833041262
119,6673,6792,0.017833058594335382
54,2852,2906,0.018934081346423562
86,3184,3270,0.02701005025125628
224,4225,4449,0.05301775147928994
1528,3681,5209,0.41510459114371095
213,4004,4217,0.0531968031968032
67,7658,7725,0.008749020632018803
48,6029,6077,0.007961519323270858
266,3682,3948,0.07224334600760456
39,7100,7139,0.005492957746478873
71,8947,9018,0.007935620878506761
1333,6648,7981,0.20051143200962696
55,4440,4495,0.012387387387387387
225,2562,2787,0.08782201405152225
844,6243,7087,0.1351914143841102
2193,11411,13604,0.1921829813338007
54,7286,7340,0.007411474059840791
41,4216,4257,0.009724857685009488
13,4564,4577,0.0028483786152497807
245,7358,7603,0.033297091600978525
312,5315,5627,0.058701787394167454
176,6007,6183,0.029299150990511072
586,2550,3136,0.22980392156862745
208,2861,3069,0.07270185249912618
75,3298,3373,0.02274105518496058
887,5448,6335,0.16281204111600586
506,5199,5705,0.09732640892479323
1535,3971,5506,0.38655250566607907
43,5174,5217,0.00831078469269424
843,5321,6164,0.15842886675436949
69,4024,4093,0.017147117296222664
181,5236,5417,0.034568372803666925
14,8554,8568,0.0016366612111292963
316,9434,9750,0.03349586601653593
1524,5161,6685,0.2952916101530711
737,5918,6655,0.12453531598513011
923,4090,5013,0.2256723716381418
49,6170,6219,0.007941653160453808
47,2948,2995,0.01594301221166893
562,5876,6438,0.095643294758339
372,3030,3402,0.12277227722772277
41,8028,8069,0.0051071250622820126
991,3178,4169,0.3118313404657017
258,13392,13650,0.019265232974910396
33,4210,4243,0.007838479809976246
46,6050,6096,0.007603305785123967
45,3742,3787,0.012025654730090861
18,3744,3762,0.004807692307692308
39,5545,5584,0.007033363390441839
282,5862,6144,0.048106448311156604
260,3127,3387,0.08314678605692356
61,4110,4171,0.014841849148418492
408,3239,3647,0.12596480395183698
186,2172,2358,0.0856353591160221
74,4258,4332,0.01737905119774542
393,2346,2739,0.16751918158567775
1726,5459,7185,0.31617512364901995
191,6666,6857,0.028652865286528655
1115,6584,7699,0.16934993924665856
245,3715,3960,0.06594885598923284
15,6918,6933,0.002168256721595837
53,5955,6008,0.008900083963056256
28,8250,8278,0.003393939393939394
19,5924,5943,0.0032072923700202567
256,9876,10132,0.025921425678412314
186,4579,4765,0.040620222756060274
236,8105,8341,0.029117828500925355
3091,7372,10463,0.41928920238741185
164,90,254,1.8222222222222222
63,2149,2212,0.029315960912052116
23,3477,3500,0.006614897900488927
196,3964,4160,0.04944500504540868
41,4250,4291,0.009647058823529411
769,10058,10827,0.07645655199840923
358,4485,4843,0.07982162764771461
33,6938,6971,0.004756413952147593
414,7299,7713,0.05672009864364982
220,7711,7931,0.028530670470756064
324,6313,6637,0.05132266751148424
380,10768,11148,0.03528974739970282
33,3997,4030,0.00825619214410808
152,3164,3316,0.04804045512010114
121,7584,7705,0.01595464135021097
2310,5104,7414,0.4525862068965517
254,7273,7527,0.03492369036161144
74,6419,6493,0.01152827543231033
681,10440,11121,0.06522988505747127
72,5295,5367,0.013597733711048159
248,23275,23523,0.010655209452201933
38,4929,4967,0.007709474538445932
23,3262,3285,0.007050889025137952
92,7067,7159,0.013018253855950191
64,6512,6576,0.009828009828009828
848,3964,4812,0.21392532795156408
821,8879,9700,0.09246536772159027
283,4437,4720,0.06378183457290962
315,5202,5517,0.06055363321799308
708,5859,6567,0.12083973374295955
337,7334,7671,0.04595036814835015
95,7093,7188,0.01339348653602143
477,9408,9885,0.050701530612244895
403,4508,4911,0.08939662821650399
82,5783,5865,0.014179491613349473
56,3567,3623,0.01569946733950098
85,2718,2803,0.03127299484915379
50,6528,6578,0.007659313725490196
125,3927,4052,0.03183091418385536
83,7544,7627,0.011002120890774125
33,4048,4081,0.008152173913043478
79,4541,4620,0.017397049108125964
135,4365,4500,0.030927835051546393
144,7954,8098,0.018104098566758865
226,2746,2972,0.08230152949745084
139,2755,2894,0.05045372050816697
153,3642,3795,0.042009884678747944
14,3775,3789,0.003708609271523179
172,3046,3218,0.056467498358502954
73,5382,5455,0.013563730955035302
43,2674,2717,0.016080777860882575
103,3424,3527,0.03008177570093458
1405,4211,5616,0.33364996437900735
31,4855,4886,0.006385169927909372
195,3449,3644,0.0565381269933314
854,5586,6440,0.15288220551378445
125,5350,5475,0.02336448598130841
34,3846,3880,0.008840353614144566
320,3848,4168,0.08316008316008316
123,6048,6171,0.020337301587301588
10,5230,5240,0.0019120458891013384
31,2781,2812,0.011147069399496584
217,3333,3550,0.06510651065106511
107,6618,6725,0.016168026594137203
733,8018,8751,0.09141930656023946
2142,3390,5532,0.631858407079646
84,2891,2975,0.029055690072639227
209,5428,5637,0.03850405305821666
562,3991,4553,0.1408168378852418
67,5236,5303,0.012796027501909855
222,4448,4670,0.049910071942446045
46,7655,7701,0.006009144350097975
256,2573,2829,0.09949475320637388
192,3923,4115,0.04894213612031609
353,4164,4517,0.08477425552353507
265,3639,3904,0.07282220390217092
69,4140,4209,0.016666666666666666
213,3334,3547,0.0638872225554889
98,7868,7966,0.012455516014234875
61,3360,3421,0.018154761904761906
1796,2764,4560,0.6497829232995659
367,2844,3211,0.1290436005625879
6085,5075,11160,1.199014778325123
81,3079,3160,0.026307242611237416
1387,4220,5607,0.3286729857819905
4041,8497,12538,0.47557961633517715
52,3846,3898,0.013520540821632865
1151,1214,2365,0.9481054365733114
73,3164,3237,0.02307206068268015
541,3560,4101,0.15196629213483145
54,6063,6117,0.008906481939633844
63,3684,3747,0.01710097719869707
361,5887,6248,0.06132155597078308
131,1904,2035,0.06880252100840337
230,6307,6537,0.036467417155541464
553,2252,2805,0.2455595026642984
36,3656,3692,0.009846827133479213
91,4621,4712,0.019692707206232417
806,3441,4247,0.23423423423423423
49,6706,6755,0.007306889352818371
55,8945,9000,0.006148686416992733
882,4522,5404,0.19504643962848298
29,3628,3657,0.007993384785005513
48,5657,5705,0.008485062754109953
59,8106,8165,0.0072785590920305945
94,3846,3940,0.024440977639105563
12,9329,9341,0.0012863115017686783
39,4908,4947,0.007946210268948655
691,7885,8576,0.08763474952441344
22,3568,3590,0.00616591928251121
476,2908,3384,0.16368638239339753
1354,8904,10258,0.15206648697214736
1043,5117,6160,0.20383036935704515
58,3609,3667,0.016070933776669436
26,4901,4927,0.005305039787798408
14,26832,26846,0.0005217650566487776
169,3757,3926,0.04498269896193772
41,1699,1740,0.02413184226015303
28,3473,3501,0.00806219406852865
7,8381,8388,0.0008352225271447321
606,7660,8266,0.07911227154046997
48,5876,5924,0.008168822328114363
164,2327,2491,0.07047700902449505
912,5944,6856,0.15343203230148048
2396,11270,13666,0.21259982253771073
548,7318,7866,0.07488384804591418
34,3178,3212,0.010698552548772814
113,7408,7521,0.01525377969762419
78,8462,8540,0.009217679035688962
1395,5582,6977,0.24991042637047653
2269,8052,10321,0.2817933432687531
300,10905,11205,0.027510316368638238
250,2479,2729,0.10084711577248891
17,3586,3603,0.004740658114891244
43,3239,3282,0.013275702377276937
1720,3813,5533,0.45108838185156047
79,2630,2709,0.03003802281368821
219,3568,3787,0.06137892376681614
13,8391,8404,0.0015492789893933978
16,4731,4747,0.0033819488480236735
48,2773,2821,0.01730977280923188
48,2915,2963,0.01646655231560892
22,5423,5445,0.004056795131845842
106,2282,2388,0.04645048203330412
173,10753,10926,0.016088533432530458
233,3189,3422,0.07306365631859517
527,6270,6797,0.08405103668261563
76,2815,2891,0.02699822380106572
93,6536,6629,0.014228886168910649
67,7961,8028,0.008416028137168697
444,15089,15533,0.029425409238518125
508,6148,6656,0.0826284970722186
48,4741,4789,0.010124446319341911
76,2409,2485,0.0315483603154836
422,7890,8312,0.05348542458808619
39,5062,5101,0.007704464638482813
45,4832,4877,0.009312913907284769
1720,6454,8174,0.2665013944840409
1465,2964,4429,0.49426450742240213
750,5487,6237,0.1366867140513942
12,8260,8272,0.0014527845036319612
46,5191,5237,0.008861491042188403
19,8178,8197,0.0023233064318904377
122,21087,21209,0.005785555081329729
1181,3682,4863,0.32074959261271047
337,7530,7867,0.0447543160690571
383,7292,7675,0.05252331321996709
292,1712,2004,0.1705607476635514
544,6950,7494,0.07827338129496403
62,3037,3099,0.02041488310833059
732,4724,5456,0.15495342929720576
342,3365,3707,0.10163447251114413
254,2012,2266,0.12624254473161034
650,3155,3805,0.20602218700475436
354,4779,5133,0.07407407407407407
66,4249,4315,0.015533066603906801
364,7723,8087,0.047131943545254434
162,2823,2985,0.057385759829968117
336,3633,3969,0.09248554913294797
58,3886,3944,0.014925373134328358
647,3669,4316,0.17634232760970292
63,6036,6099,0.010437375745526839
274,6323,6597,0.043333860509251934
190,3395,3585,0.055964653902798235
109,10744,10853,0.010145197319434102
196,7868,8064,0.02491103202846975
359,3754,4113,0.09563132658497603
622,5130,5752,0.1212475633528265
355,11891,12246,0.029854511815658902
235,3584,3819,0.06556919642857142
62,5321,5383,0.011651945123097163
54,3712,3766,0.014547413793103448
19,2791,2810,0.00680759584378359
15,3317,3332,0.004522158577027435
49,6609,6658,0.00741413224390982
1456,4532,5988,0.3212709620476611
63,3818,3881,0.01650078575170246
1474,5978,7452,0.2465707594513215
442,6187,6629,0.07144011637304025
590,3562,4152,0.1656372824256036
22,5768,5790,0.0038141470180305132
5732,6360,12092,0.9012578616352201
78,4501,4579,0.017329482337258388
441,5627,6068,0.07837213435223032
386,4618,5004,0.08358596795149416
14,4803,4817,0.0029148448886112846
25,5566,5591,0.0044915558749550845
58,7165,7223,0.008094905792044662
186,15841,16027,0.011741682974559686
22,6806,6828,0.0032324419629738465
722,5790,6512,0.12469775474956822
87,8441,8528,0.01030683568297595
165,7428,7593,0.02221324717285945
83,4008,4091,0.020708582834331336
1459,5552,7011,0.26278818443804036
1198,9902,11100,0.1209856594627348
396,10867,11263,0.036440599981595656
212,13391,13603,0.01583152863863789
59,6926,6985,0.008518625469246319
672,5018,5690,0.13391789557592668
7008,6250,13258,1.12128
389,4327,4716,0.08990062398890686
133,11707,11840,0.011360724352951226
136,8909,9045,0.015265461892468291
46,6491,6537,0.007086735479895239
23,6203,6226,0.0037078832822827665
72,3816,3888,0.018867924528301886
84,3930,4014,0.021374045801526718
51,4266,4317,0.011954992967651195
28,5337,5365,0.005246393104740491
224,2222,2446,0.10081008100810081
446,3547,3993,0.12574006202424584
1085,6142,7227,0.17665255617062847
114,4571,4685,0.024939838109822796
169,4681,4850,0.03610339671010468
192,6308,6500,0.030437539632213063
154,5228,5382,0.029456771231828615
352,3779,4131,0.09314633500926171
56,5291,5347,0.010584010584010584
119,3216,3335,0.03700248756218905
134,200,334,0.67
3248,7187,10435,0.4519270905802143
2375,6554,8929,0.3623741226731767
1482,5419,6901,0.2734821922863997
242,3656,3898,0.0661925601750547
86,3354,3440,0.02564102564102564
127,2440,2567,0.05204918032786885
1197,5778,6975,0.2071651090342679
449,6073,6522,0.0739338053680224
60,5120,5180,0.01171875
72,5562,5634,0.012944983818770227
667,5231,5898,0.12750908048174345
906,6361,7267,0.1424304354661217
81,7027,7108,0.011526967411413121
808,3636,4444,0.2222222222222222
3227,3511,6738,0.9191113642836799
208,3256,3464,0.06388206388206388
73,4669,4742,0.01563503962304562
21,5914,5935,0.003550896178559351
67,6170,6237,0.010858995137763372
284,3536,3820,0.08031674208144797
47,8148,8195,0.005768286696121748
58,3836,3894,0.015119916579770595
64,5266,5330,0.012153437143942271
204,3401,3605,0.05998235812996178
479,6365,6844,0.07525530243519246
42,4548,4590,0.009234828496042216
2506,14982,17488,0.16726738753170473
632,3264,3896,0.19362745098039216
34,4307,4341,0.007894125841653122
498,3270,3768,0.15229357798165138
793,6442,7235,0.12309841664079478
147,4477,4624,0.03283448737994193
192,7127,7319,0.026939806370141716
611,5383,5994,0.11350548021549323
49,4522,4571,0.010835913312693499
313,5246,5559,0.059664506290507055
2172,9821,11993,0.22115874147235515
385,4518,4903,0.08521469676848163
66,3623,3689,0.018216947281258625
45,5346,5391,0.008417508417508417
416,8768,9184,0.04744525547445255
61,3950,4011,0.015443037974683544
282,9468,9750,0.029784537389100127
46,7037,7083,0.006536876509876368
289,3333,3622,0.08670867086708671
159,4542,4701,0.03500660501981506
1691,5013,6704,0.3373229603032116
14,2915,2929,0.004802744425385935
422,9551,9973,0.044183855093707466
16,3480,3496,0.004597701149425287
45,4827,4872,0.009322560596643879
693,8688,9381,0.07976519337016574
316,5401,5717,0.05850768376226625
75,10913,10988,0.006872537340786218
882,2748,3630,0.32096069868995636
94,3907,4001,0.024059380598925005
469,3665,4134,0.12796725784447477
58,7085,7143,0.008186309103740297
17,5215,5232,0.0032598274209012464
587,6771,7358,0.08669325062767685
613,5125,5738,0.11960975609756097
582,6015,6597,0.09675810473815462
42,3787,3829,0.011090573012939002
323,4923,5246,0.06561040016250254
6775,11206,17981,0.6045868284847403
332,7117,7449,0.046648868905437686
302,9340,9642,0.03233404710920771
1512,6509,8021,0.23229374711937317
15,4567,4582,0.003284431793299759
74,3891,3965,0.019018247237214084
27,4918,4945,0.005490036600244001
36,2666,2702,0.01350337584396099
58,5122,5180,0.011323701679031628
87,7176,7263,0.012123745819397994
252,7371,7623,0.03418803418803419
131,4796,4927,0.02731442869057548
5784,7746,13530,0.7467079783113865
645,3107,3752,0.2075957515288059
127,6421,6548,0.01977885064631677
37,3349,3386,0.011048074051955807
88,3283,3371,0.026804751751446847
4571,4265,8836,1.071746776084408
187,3576,3763,0.05229306487695749
1333,6579,7912,0.20261437908496732
54,4330,4384,0.012471131639722863
58,4321,4379,0.013422818791946308
867,4176,5043,0.20761494252873564
159,6095,6254,0.02608695652173913
663,7433,8096,0.08919682496972958
10,3870,3880,0.002583979328165375
676,5997,6673,0.11272302818075705
1148,3090,4238,0.37152103559870553
56,3802,3858,0.014729089952656496
178,7927,8105,0.022454900971363694
65,2657,2722,0.024463680843056078
187,5467,5654,0.03420523138832998
957,4280,5237,0.22359813084112148
200,6720,6920,0.02976190476190476
1447,6654,8101,0.21746318004207996
467,6561,7028,0.07117817405883249
132,8783,8915,0.015029033359899807
89,4279,4368,0.020799252161720027
980,16397,17377,0.0597670305543697
312,5269,5581,0.05921427215790472
25,5023,5048,0.004977105315548477
65,4310,4375,0.015081206496519721
85,7510,7595,0.011318242343541944
593,14764,15357,0.040165266865348145
131,5210,5341,0.025143953934740882
305,6867,7172,0.044415319644677445
1202,12631,13833,0.09516269495685219
272,5768,6040,0.047156726768377254
417,3252,3669,0.1282287822878229
47,2803,2850,0.016767748840528007
164,7371,7535,0.022249355582688916
76,4637,4713,0.016389907267629934
224,2375,2599,0.09431578947368421
127,4901,5028,0.025913078963476843
67,6938,7005,0.009656961660420871
58,4310,4368,0.01345707656612529
64,2088,2152,0.03065134099616858
712,4656,5368,0.15292096219931273
117,5230,5347,0.02237093690248566
33,5255,5288,0.006279733587059943
445,5852,6297,0.07604237867395762
33,6265,6298,0.005267358339984038
219,3338,3557,0.06560814859197124
90,4311,4401,0.020876826722338204
142,3600,3742,0.03944444444444444
940,3994,4934,0.23535302954431647
29,8176,8205,0.0035469667318982386
160,4763,4923,0.033592273777031285
347,13279,13626,0.026131485804653964
99,3451,3550,0.028687337003767025
88,2903,2991,0.030313468825353084
41,6368,6409,0.0064384422110552765
217,11671,11888,0.018593093993659496
127,8008,8135,0.01585914085914086
44,3637,3681,0.012097882870497663
512,5998,6510,0.0853617872624208
44,5797,5841,0.007590132827324478
262,4841,5103,0.05412104936996488
269,9985,10254,0.026940410615923886
520,6314,6834,0.08235666772252138
143,3767,3910,0.03796124236793204
32,3482,3514,0.009190120620333142
96,3009,3105,0.031904287138584245
71,4782,4853,0.014847344207444584
837,5503,6340,0.15209885516990732
222,7057,7279,0.03145812668272637
37,3394,3431,0.010901591043017089
247,4263,4510,0.05794041754632888
676,6661,7337,0.10148626332382525
62,8810,8872,0.007037457434733258
26,4143,4169,0.00627564566739078
5001,4344,9345,1.151243093922652
34,4718,4752,0.0072064434082238235
254,3570,3824,0.0711484593837535
70,3438,3508,0.02036067481093659
62,2358,2420,0.026293469041560644
48,7165,7213,0.006699232379623168
146,2041,2187,0.07153356197942186
31,6266,6297,0.004947334822853495
14,4415,4429,0.0031710079275198188
1453,3401,4854,0.4272272860923258
302,3204,3506,0.09425717852684144
70,5408,5478,0.012943786982248521
81,2426,2507,0.03338829348722176
32,3530,3562,0.009065155807365438
70,3427,3497,0.020426028596440035
9,5423,5432,0.00165959800848239
397,8710,9107,0.04557979334098737
37,4808,4845,0.007695507487520799
308,3542,3850,0.08695652173913043
36,4898,4934,0.007349938750510413
56,4563,4619,0.012272627657243042
25,12673,12698,0.001972697861595518
484,5692,6176,0.08503162333099086
42,3673,3715,0.011434794445956983
309,4650,4959,0.0664516129032258
33,6238,6271,0.00529015710163514
48,6337,6385,0.007574562095628847
57,6559,6616,0.0086903491385882
52,5007,5059,0.010385460355502297
34,3869,3903,0.008787800465236495
6770,7418,14188,0.9126449177675924
267,3965,4232,0.0673392181588903
49,4583,4632,0.010691686668121318
459,8932,9391,0.05138826690550828
67,3649,3716,0.018361194847903536
1405,4485,5890,0.3132664437012263
957,4381,5338,0.2184432777904588
2027,6157,8184,0.32921877537761896
49,11990,12039,0.00408673894912427
630,6954,7584,0.090595340811044
30,7885,7915,0.003804692454026633
89,4310,4399,0.020649651972157772
16,22082,22098,0.0007245720496331854
1071,9542,10613,0.11224062041500733
45,7008,7053,0.006421232876712328
262,9401,9663,0.0278693755983406
75,4832,4907,0.015521523178807946
33,6162,6195,0.005355404089581304
97,8522,8619,0.011382304623327857
252,8688,8940,0.029005524861878452
53,4096,4149,0.012939453125
51,10795,10846,0.004724409448818898
32,9049,9081,0.003536302353851254
24,9251,9275,0.0025943141282023566
404,7458,7862,0.05417001877178868
35,5540,5575,0.00631768953068592
436,6956,7392,0.06267970097757332
56,8648,8704,0.0064754856614246065
85,7110,7195,0.011954992967651195
22,4247,4269,0.005180127148575465
72,5016,5088,0.014354066985645933
45,6180,6225,0.007281553398058253
59,3328,3387,0.017728365384615384
36,5634,5670,0.006389776357827476
50,7602,7652,0.006577216521967903
63,4604,4667,0.01368375325803649
39,7962,8001,0.0048982667671439335
278,8359,8637,0.033257566694580694
60,4837,4897,0.012404382881951623
430,6370,6800,0.06750392464678179
47,3230,3277,0.01455108359133127
74,5450,5524,0.013577981651376147
48,7960,8008,0.006030150753768844
17,8205,8222,0.0020719073735527118
66,4188,4254,0.015759312320916905
47,4245,4292,0.011071849234393404
33,5849,5882,0.005641990083775005
26,3594,3620,0.007234279354479688
2110,3902,6012,0.5407483341875962
89,20460,20549,0.004349951124144672
61,4645,4706,0.013132400430570505
25,4528,4553,0.005521201413427562
187,2989,3176,0.0625627300100368
118,5042,5160,0.023403411344704483
220,9199,9419,0.02391564300467442
40,9144,9184,0.004374453193350831
29,11062,11091,0.0026215874163804014
428,5550,5978,0.07711711711711712
74,8561,8635,0.008643850017521318
37,6828,6865,0.005418863503222027
53,3980,4033,0.013316582914572864
137,11504,11641,0.011908901251738525
43,4931,4974,0.008720340701683229
410,14926,15336,0.027468846308455044
27,3487,3514,0.007743045597935188
48,9405,9453,0.005103668261562998
1392,3345,4737,0.41614349775784754
33,4899,4932,0.006736068585425597
253,4881,5134,0.051833640647408315
56,4616,4672,0.012131715771230503
246,4810,5056,0.051143451143451146
63,5552,5615,0.011347262247838616
178,5212,5390,0.03415195702225633
112,11155,11267,0.01004034065441506
591,9692,10283,0.06097812628972348
47,5466,5513,0.008598609586534944
20,8162,8182,0.002450379808870375
61,4494,4555,0.013573653760569649
26,5386,5412,0.004827330115113257
177,11186,11363,0.015823350616842483
69,31001,31070,0.002225734653720848
26,7756,7782,0.0033522434244455906
81,3866,3947,0.020951888256595965
136,3272,3408,0.04156479217603912
103,5540,5643,0.018592057761732853
67,7228,7295,0.00926950747094632
21,4138,4159,0.005074915418076365
448,7513,7961,0.0596299747105018
36,6546,6582,0.005499541704857928
333,7795,8128,0.04271969211032713
104,5302,5406,0.01961523953225198
145,9525,9670,0.015223097112860892
99,9635,9734,0.010275038920601972
35,5616,5651,0.006232193732193732
323,13162,13485,0.02454034341285519
55,5320,5375,0.010338345864661654
69,6703,6772,0.010293898254512905
146,4379,4525,0.03334094542132907
113,4992,5105,0.022636217948717948
36,4120,4156,0.008737864077669903
77,4852,4929,0.015869744435284418
102,9944,10046,0.010257441673370877
120,7006,7126,0.01712817584927205
256,5246,5502,0.04879908501715593
48,3228,3276,0.01486988847583643
56,7215,7271,0.0077616077616077615
67,4950,5017,0.013535353535353536
47,3893,3940,0.012072951451322887
41,5598,5639,0.007324044301536263
126,5926,6052,0.021262234222072223
19,8289,8308,0.002292194474604898
43,5030,5073,0.008548707753479125
32,4178,4210,0.007659167065581618
163,4686,4849,0.03478446436192915
22,5117,5139,0.004299394176275161
345,6261,6606,0.055103018687110684
239,10310,10549,0.023181377303588747
25,11236,11261,0.0022249911000356
96,7576,7672,0.012671594508975714
65,4938,5003,0.013163223977318752
39,13979,14018,0.0027898991344159096
469,14858,15327,0.03156548660654193
1067,6915,7982,0.15430224150397687
328,6020,6348,0.05448504983388704
816,10100,10916,0.0807920792079208
13,13863,13876,0.0009377479622015437
47,8103,8150,0.005800320868814019
115,5320,5435,0.021616541353383457
319,18661,18980,0.017094475108515084
255,9792,10047,0.026041666666666668
25,8395,8420,0.0029779630732578916
88,21586,21674,0.004076716390252942
38,5862,5900,0.006482429205049471
15,10463,10478,0.0014336232438115263
328,8918,9246,0.03677954698362862
50,8659,8709,0.005774338838203026
33,6810,6843,0.004845814977973568
1665,8558,10223,0.19455480252395418
55,4199,4254,0.013098356751607526
308,8930,9238,0.03449048152295633
18,6238,6256,0.0028855402372555306
20,6330,6350,0.00315955766192733
7253,6030,13283,1.2028192371475954
117,5489,5606,0.02131535798870468
304,9849,10153,0.03086607777439334
18,6458,6476,0.002787240631774543
100,5877,5977,0.017015484090522375
26,3452,3478,0.007531865585168019
505,2425,2930,0.20824742268041238
6507,11473,17980,0.5671576745402249
40,3841,3881,0.010413954699297057
15,5517,5532,0.0027188689505165853
22,8963,8985,0.0024545353118375544
20,8319,8339,0.0024041351123933164
20,8746,8766,0.00228675966155957
83,7099,7182,0.01169178757571489
64,7433,7497,0.008610251580788377
109,7665,7774,0.014220482713633398
130,5873,6003,0.02213519495998638
77,4603,4680,0.01672822072561373
14,8429,8443,0.0016609324949578834
51,8897,8948,0.005732269304259863
75,8356,8431,0.00897558640497846
1785,7275,9060,0.24536082474226803
14,6314,6328,0.0022172949002217295
458,10576,11034,0.04330559757942511
442,6881,7323,0.06423484958581602
34,5079,5113,0.006694231147863753
14,7020,7034,0.0019943019943019944
16,14040,14056,0.0011396011396011395
22,8029,8051,0.0027400672561962883
19,5752,5771,0.0033031988873435327
321,3478,3799,0.09229442208165613
82,14341,14423,0.005717871835994701
131,6512,6643,0.020116707616707617
37,9560,9597,0.0038702928870292886
115,15041,15156,0.007645768233495114
253,20574,20827,0.012297073976864003
90,4309,4399,0.02088651659317707
44,4818,4862,0.0091324200913242
13,6614,6627,0.001965527668581796
24,5930,5954,0.004047217537942664
41,3545,3586,0.01156558533145275
28,6988,7016,0.004006868918145392
11,10432,10443,0.0010544478527607362
49,4098,4147,0.011957052220595413
15,9095,9110,0.0016492578339747114
35,9164,9199,0.003819292885202968
26,4831,4857,0.005381908507555371
17,6848,6865,0.0024824766355140185
52,4311,4363,0.012062166550684296
107,8442,8549,0.01267472162994551
75,4971,5046,0.015087507543753771
93,13127,13220,0.007084634722328027
17,4607,4624,0.0036900369003690036
45,3954,3999,0.011380880121396054
22,18277,18299,0.0012036986376319965
56,5986,6042,0.009355162044771133
1336,5790,7126,0.2307426597582038
42,2183,2225,0.01923957856161246
1121,5801,6922,0.19324254438889846
423,11733,12156,0.03605216057274355
20,4399,4419,0.004546487838145033
24,4383,4407,0.0054757015742642025
17,9055,9072,0.0018774157923799005
52,6915,6967,0.0075198843094721616
23,9389,9412,0.002449675151773352
22,5318,5340,0.004136893569010906
36,6968,7004,0.005166475315729047
93,5002,5095,0.018592562974810076
393,15100,15493,0.026026490066225167
22,10310,10332,0.002133850630455868
508,5728,6236,0.08868715083798882
28,9342,9370,0.00299721687004924
679,35563,36242,0.019092877428788346
29,4438,4467,0.006534474988733664
194,7155,7349,0.02711390635918938
85,4376,4461,0.01942413162705667
477,3350,3827,0.14238805970149254
305,4979,5284,0.061257280578429406
25,6184,6209,0.004042690815006468
51,7283,7334,0.007002608815048743
120,7106,7226,0.016887137630171686
53,9436,9489,0.005616786774056803
1404,5935,7339,0.23656276326874473
40,7593,7633,0.005268010009219017
33,5920,5953,0.005574324324324325
47,10365,10412,0.0045344910757356485
60,5934,5994,0.010111223458038422
85,7872,7957,0.010797764227642276
33,7216,7249,0.004573170731707317
45,13705,13750,0.003283473184968989
144,5734,5878,0.02511335891175445
397,7016,7413,0.056584948688711514
282,7855,8137,0.03590070019096117
1298,8577,9875,0.15133496560568963
8521,11469,19990,0.7429592815415468
62,4879,4941,0.012707522033203526
16,9799,9815,0.0016328196754770896
12,5943,5955,0.0020191822311963654
84,2552,2636,0.032915360501567396
265,4258,4523,0.06223579145138563
18,4802,4820,0.003748438150770512
64,4950,5014,0.01292929292929293
20,5228,5248,0.0038255547054322878
44,4971,5015,0.008851337759002213
41,7697,7738,0.005326750682083929
29,5688,5717,0.0050984528832630095
27,18317,18344,0.001474040508816946
27,6904,6931,0.003910776361529548
13,7025,7038,0.0018505338078291815
541,19347,19888,0.027962991678296377
51,5218,5269,0.009773859716366424
67,4143,4210,0.016171856142891624
35,4243,4278,0.00824888050907377
38,5589,5627,0.006799069601001968
21,17490,17511,0.0012006861063464838
30,5351,5381,0.005606428704914969
46,7840,7886,0.00586734693877551
85,5871,5956,0.014477942428887754
26,6191,6217,0.004199644645453077
61,5364,5425,0.011372110365398955
54,2969,3023,0.018187942068036377
272,6003,6275,0.04531067799433616
337,7145,7482,0.04716585024492652
41,4075,4116,0.010061349693251533
383,5745,6128,0.06666666666666667
29,5626,5655,0.005154639175257732
45,4315,4360,0.010428736964078795
443,8825,9268,0.05019830028328612
70,6296,6366,0.011118170266836086
83,4612,4695,0.017996530789245447
190,5393,5583,0.03523085481179306
96,7360,7456,0.013043478260869565
286,15451,15737,0.0185101287942528
315,15459,15774,0.020376479720551136
548,4349,4897,0.12600597838583583
91,4497,4588,0.020235712697353792
62,4575,4637,0.013551912568306011
282,5611,5893,0.05025842095883087
1022,11886,12908,0.08598351001177856
55,6450,6505,0.008527131782945736
1934,7061,8995,0.27389888117830336
27,5826,5853,0.004634397528321318
21,3578,3599,0.005869200670765791
19,9544,9563,0.0019907795473595976
398,5876,6274,0.06773315180394826
51,5629,5680,0.009060223840824303
409,12634,13043,0.03237296184897895
150,3434,3584,0.043680838672102505
56,5118,5174,0.010941774130519734
29,10447,10476,0.0027759165310615487
85,11924,12009,0.007128480375712848
519,10208,10727,0.05084247648902821
915,6469,7384,0.1414438089349204
44,5173,5217,0.008505702687028804
21,10962,10983,0.0019157088122605363
132,17375,17507,0.007597122302158274
21,5894,5915,0.0035629453681710215
245,7493,7738,0.03269718403843588
60,15143,15203,0.0039622267714455525
221,3656,3877,0.06044857768052517
21,9346,9367,0.0022469505670875242
61,6539,6600,0.009328643523474537
102,3871,3973,0.02634978041849651
658,6032,6690,0.10908488063660478
55,25337,25392,0.002170738445751273
22,6376,6398,0.003450439146800502
58,23824,23882,0.002434519811954332
43,11139,11182,0.0038603106203429394
91,7485,7576,0.012157648630594523
40,11277,11317,0.0035470426531879046
14,7243,7257,0.0019329007317409914
54,6006,6060,0.008991008991008992
306,12598,12904,0.024289569772979837
25,6357,6382,0.003932672644329086
20,9137,9157,0.002188902265513845
80,3279,3359,0.024397682220189083
35,5680,5715,0.006161971830985915
33,3596,3629,0.00917686318131257
35,8080,8115,0.004331683168316832
101,5321,5422,0.018981394474722798
50,4288,4338,0.01166044776119403
53,8474,8527,0.006254425300920462
41,6507,6548,0.006300906715844475
30,5617,5647,0.005340929321701976
1105,7234,8339,0.15275089853469725
52,15635,15687,0.0033258714422769427
365,6365,6730,0.05734485467399843
390,11799,12189,0.033053648614289347
161,12605,12766,0.012772709242364141
33,12900,12933,0.0025581395348837207
50,7652,7702,0.006534239414532148
279,4734,5013,0.058935361216730035
123,9222,9345,0.013337670787247886
242,5164,5406,0.04686289697908598
108,3753,3861,0.02877697841726619
13,6135,6148,0.0021189894050529746
73,10016,10089,0.007288338658146965
1010,26528,27538,0.0380729794933655
43,4052,4095,0.010612043435340572
533,5053,5586,0.10548189194537898
592,6429,7021,0.0920827500388863
7244,9499,16743,0.7626065901673861
17,5431,5448,0.0031301786043085988
1279,8041,9320,0.15905981843054345
126,5196,5322,0.02424942263279446
37,6436,6473,0.005748912367930391
58,7133,7191,0.008131221085097435
22,6639,6661,0.0033137520710950445
19,3471,3490,0.005473926822241429
320,9869,10189,0.032424764413821056
30,6795,6825,0.004415011037527594
34,3377,3411,0.010068107787977496
124,9629,9753,0.01287776508464015
14,9703,9717,0.001442852725961043
79,5283,5362,0.014953624834374409
43,6005,6048,0.007160699417152373
323,13514,13837,0.023901139558975878
57,7023,7080,0.008116189662537377
259,2709,2968,0.09560723514211886
2357,4633,6990,0.5087416360889273
2418,10134,12552,0.23860272350503256
537,4347,4884,0.12353347135955832
115,9051,9166,0.012705778367031267
105,6050,6155,0.017355371900826446
63,7346,7409,0.008576095834467737
308,14173,14481,0.021731461229097578
284,15558,15842,0.018254274328319834
69,6740,6809,0.010237388724035608
119,3769,3888,0.03157336163438578
22,9980,10002,0.0022044088176352704
1522,4366,5888,0.34860284012826387
91,5831,5922,0.015606242496998799
140,6364,6504,0.02199874292897549
57,3786,3843,0.015055467511885896
64,6916,6980,0.009253903990746095
44,7497,7541,0.0058690142723756165
15,6914,6929,0.0021695111368238355
39,8442,8481,0.004619758351101635
379,7571,7950,0.05005943732664113
347,7387,7734,0.046974414511980506
7033,7869,14902,0.8937603253272335
73,11054,11127,0.00660394427356613
15,8707,8722,0.0017227518088893993
106,4767,4873,0.02223620725823369
12,5769,5781,0.0020800832033281333
25,4764,4789,0.005247691015952981
67,4075,4142,0.016441717791411042
35,3006,3041,0.011643379906852961
24,3928,3952,0.006109979633401222
92,6770,6862,0.013589364844903988
71,4755,4826,0.014931650893796004
98,7567,7665,0.012950971322849213
87,6617,6704,0.013147952244219436
81,6584,6665,0.012302551640340218
72,10970,11042,0.006563354603463993
27,6655,6682,0.00405709992486852
112,4639,4751,0.02414313429618452
29,6524,6553,0.004445125689760883
773,16474,17247,0.046922423212334585
39,5609,5648,0.006953111071492245
275,5960,6235,0.04614093959731544
27,23332,23359,0.0011572089833704782
671,3655,4326,0.1835841313269494
200,4080,4280,0.049019607843137254
533,5971,6504,0.08926477976888293
304,4117,4421,0.07384017488462473
97,5197,5294,0.01866461420050029
3134,4859,7993,0.6449886807985182
81,7444,7525,0.010881246641590544
66,19089,19155,0.0034574886060034574
12893,13806,26699,0.9338693321744169
8143,8444,16587,0.9643533870203695
125,10986,11111,0.011378117604223557
33,5895,5928,0.0055979643765903305
51,5168,5219,0.009868421052631578
33,5385,5418,0.006128133704735376
66,9198,9264,0.007175472928897586
172,12855,13027,0.01338000777907429
25,5988,6013,0.004175016700066801
16,6055,6071,0.002642444260941371
48,6655,6703,0.007212622088655147
69,5486,5555,0.012577469923441487
31,9351,9382,0.003315153459523046
31,5536,5567,0.005599710982658959
25,4779,4804,0.0052312199204854574
39,11143,11182,0.0034999551287804003
32,4406,4438,0.007262823422605538
13,9298,9311,0.001398150139815014
4914,5182,10096,0.9482825164029333
67,8528,8595,0.007856472795497185
169,5496,5665,0.030749636098981077
33,25289,25322,0.0013049151805132667
25,5484,5509,0.004558716265499635
113,4504,4617,0.025088809946714034
39,7945,7984,0.004908747640025173
43,7603,7646,0.00565566223859003
16,4651,4667,0.0034401204042141475
50,7313,7363,0.0068371393408997675
222,3890,4112,0.0570694087403599
250,4241,4491,0.058948361235557654
17,9825,9842,0.0017302798982188295
35,12010,12045,0.0029142381348875937
219,10795,11014,0.020287169986104678
131,4535,4666,0.0288864388092613
138,11756,11894,0.011738686628104797
811,28170,28981,0.02878949236776713
58,14076,14134,0.004120488775220233
18,7239,7257,0.0024865312888520514
20,5632,5652,0.0035511363636363635
987,14054,15041,0.0702291162658318
32,7169,7201,0.004463662993443995
59,3538,3597,0.01667608818541549
100,10116,10216,0.009885330170027679
314,3799,4113,0.0826533298236378
358,10952,11310,0.03268809349890431
36,6435,6471,0.005594405594405594
57,5194,5251,0.01097420100115518
98,11240,11338,0.008718861209964414
16,7728,7744,0.002070393374741201
46,4941,4987,0.009309856304391824
50,6828,6878,0.007322788517867604
31,6113,6144,0.0050711598233273356
65,3728,3793,0.017435622317596565
41,4505,4546,0.009100998890122086
273,6592,6865,0.04141383495145631
56,8892,8948,0.006297795771479982
3857,8843,12700,0.4361641976704738
116,7384,7500,0.01570964247020585
64,6877,6941,0.00930638359749891
362,10430,10792,0.03470757430488974
37,5085,5122,0.00727630285152409
43,3772,3815,0.011399787910922587
207,8242,8449,0.025115263285610288
19,6091,6110,0.003119356427516007
35,5821,5856,0.0060127125923380865
68,8873,8941,0.007663698861715316
1691,5839,7530,0.2896043843123823
23,5525,5548,0.00416289592760181
19,5721,5740,0.003321097710190526
27,7859,7886,0.003435551596895279
134,9785,9919,0.013694430250383239
28,10528,10556,0.0026595744680851063
22,6344,6366,0.0034678436317780582
76,5533,5609,0.013735767214892463
31,3913,3944,0.007922310247891643
13,8647,8660,0.001503411587833931
83,6757,6840,0.01228355779191949
109,5073,5182,0.0214863000197122
423,15713,16136,0.02692038439508687
72,3931,4003,0.01831595013991351
82,2792,2874,0.029369627507163324
49,14113,14162,0.003471976192163254
26,7582,7608,0.0034291743603270903
73,6916,6989,0.010555234239444766
239,5727,5966,0.04173214597520517
36,6019,6055,0.005981059976740323
64,6918,6982,0.009251228678808905
18,4701,4719,0.0038289725590299937
60,8861,8921,0.006771244780498815
86,22875,22961,0.0037595628415300546
50,6918,6968,0.007227522405319456
97,11540,11637,0.008405545927209705
30,4544,4574,0.006602112676056338
313,3640,3953,0.08598901098901099
21,7082,7103,0.0029652640497034735
43,7574,7617,0.005677317137575918
45,6667,6712,0.006749662516874156
252,3282,3534,0.07678244972577697
216,7768,7984,0.027806385169927908
45,6966,7011,0.006459948320413436
92,13330,13422,0.006901725431357839
374,14749,15123,0.02535765136619432
103,5204,5307,0.019792467332820907
25,4407,4432,0.005672793283412752
269,9379,9648,0.028681096065678643
123,5793,5916,0.021232522009321596
613,14693,15306,0.041720547199346626
273,5113,5386,0.05339331116761197
34,6854,6888,0.004960606944849723
43,5187,5230,0.00828995565837671
28,5076,5104,0.005516154452324665
201,5956,6157,0.033747481531229015
120,7080,7200,0.01694915254237288
67,7710,7777,0.008690012970168613
28,3358,3386,0.008338296605122097
44,9748,9792,0.004513746409519901
55,6480,6535,0.008487654320987654
17,8814,8831,0.0019287497163603359
16,6519,6535,0.0024543641662831722
17,5165,5182,0.003291384317521781
104,5272,5376,0.019726858877086494
130,6459,6589,0.020126954636940704
73,3763,3836,0.019399415360085038
60,9589,9649,0.006257169673584315
12,9175,9187,0.0013079019073569482
22,12611,12633,0.0017445087621917373
127,7316,7443,0.017359212684527062
158,4219,4377,0.03744963261436359
164,4403,4567,0.037247331364978424
98,6697,6795,0.014633417948335075
38,5002,5040,0.0075969612155137945
166,5537,5703,0.029980133646378904
18,5871,5889,0.0030659172202350538
248,4224,4472,0.058712121212121215
47,5433,5480,0.008650837474691699
3265,9104,12369,0.3586335676625659
91,12446,12537,0.007311586051743532
109,6022,6131,0.018100298904018597
196,5817,6013,0.03369434416365824
66,21652,21718,0.0030482172547570663
70,9780,9850,0.007157464212678937
8077,14247,22324,0.5669263704639573
46,6788,6834,0.006776664702416028
1888,4573,6461,0.412858080034988
67,4002,4069,0.016741629185407298
16,8541,8557,0.0018733169418100925
79,5652,5731,0.013977353149327671
85,6215,6300,0.013676588897827836
42,4744,4786,0.00885328836424958
26,6178,6204,0.004208481709291033
448,5403,5851,0.08291689801961873
25,7375,7400,0.003389830508474576
67,8315,8382,0.008057726999398678
43,5089,5132,0.00844959717036746
50,6824,6874,0.007327080890973036
35,7343,7378,0.004766444232602479
904,3857,4761,0.23437905107596577
138,10010,10148,0.013786213786213787
52,4386,4438,0.011855905152758778
980,9097,10077,0.10772782235901945
208,9010,9218,0.023085460599334074
291,4548,4839,0.06398416886543536
207,7411,7618,0.02793145324517609
11,8956,8967,0.0012282268870031263
31,4821,4852,0.006430201203069903
57,6776,6833,0.008412042502951593
37,3745,3782,0.009879839786381843
730,7772,8502,0.0939269171384457
10793,7519,18312,1.4354302433834287
204,5570,5774,0.03662477558348295
132,3438,3570,0.038394415357766144
18,8940,8958,0.0020134228187919465
28,4800,4828,0.005833333333333334
315,3536,3851,0.08908371040723982
69,3557,3626,0.019398369412426203
130,3930,4060,0.03307888040712468
33,3803,3836,0.008677359978963977
71,4817,4888,0.014739464396927549
56,8583,8639,0.006524525224280555
57,5199,5256,0.010963646855164455
177,15618,15795,0.01133307721859393
10,8906,8916,0.0011228385358185494
35,7651,7686,0.004574565416285453
68,5674,5742,0.011984490659146986
14,4016,4030,0.0034860557768924302
23,7207,7230,0.0031913417510753433
42,5424,5466,0.007743362831858407
27,4938,4965,0.0054678007290400975
67,20774,20841,0.0032251853278136133
55,7543,7598,0.007291528569534668
32,6847,6879,0.004673579669928435
476,3096,3572,0.15374677002583978
40,3698,3738,0.01081665765278529
14,8630,8644,0.0016222479721900347
535,7356,7891,0.07272974442631865
1392,7186,8578,0.1937099916504314
297,3839,4136,0.07736389684813753
51,5825,5876,0.008755364806866953
38,4914,4952,0.007733007733007733
52,6455,6507,0.008055770720371804
31,10122,10153,0.0030626358427188302
98,6327,6425,0.015489173383910227
168,6773,6941,0.02480437029381367
78,10711,10789,0.00728223321818691
94,7980,8074,0.011779448621553884
44,9003,9047,0.004887259802288126
41,3417,3458,0.01199882938249927
195,10061,10256,0.019381771195706193
46,3239,3285,0.014201914171040445
41,10460,10501,0.003919694072657744
75,6935,7010,0.010814708002883922
57,28577,28634,0.0019946110508450854
85,6784,6869,0.012529481132075472
5807,8278,14085,0.701497946363856
87,3621,3708,0.024026512013256007
3601,4143,7744,0.869176924933623
5175,9688,14863,0.5341659785301404
265,8239,8504,0.03216409758465833
33,8637,8670,0.0038207711010767626
342,6895,7237,0.049601160261058735
44,4439,4483,0.00991214237440865
3117,7667,10784,0.406547541411243
292,5754,6046,0.05074730622175878
27,7437,7464,0.003630496167809601
12850,12354,25204,1.0401489396146997
32,5471,5503,0.005849022116614878
659,2933,3592,0.22468462325264235
53,7356,7409,0.007205002718868951
244,7288,7532,0.033479692645444564
99,4104,4203,0.02412280701754386
73,20113,20186,0.0036294933625018646
151,10155,10306,0.014869522402757263
11514,14262,25776,0.8073201514514093
13,8231,8244,0.0015793949702344794
24,15555,15579,0.0015429122468659595
79,6086,6165,0.012980611238908972
79,4306,4385,0.018346493265211334
29,4117,4146,0.007043964051493806
59,3730,3789,0.01581769436997319
95,7210,7305,0.013176144244105409
27,9102,9129,0.002966381015161503
2158,13430,15588,0.16068503350707372
79,4989,5068,0.01583483664060934
53,7721,7774,0.006864395803652377
178,9240,9418,0.019264069264069265
641,8749,9390,0.07326551605897817
144,13102,13246,0.010990688444512288
72,11888,11960,0.006056527590847914
22,8227,8249,0.0026741217940926217
50,3394,3444,0.01473187978786093
51,7435,7486,0.006859448554135844
35,11153,11188,0.0031381691024836367
22,8206,8228,0.002680965147453083
31,7757,7788,0.0039963903570968155
29,7964,7993,0.003641386238071321
34,6669,6703,0.005098215624531414
56,3173,3229,0.01764891270091396
125,8309,8434,0.015043928270550006
404,1663,2067,0.2429344558027661
15,6078,6093,0.0024679170779861796
77,4601,4678,0.016735492284286026
27,9770,9797,0.0027635619242579327
39,8491,8530,0.004593098574961724
16,4927,4943,0.0032474122183884717
46,8413,8459,0.0054677285153928445
31,12347,12378,0.0025107313517453633
241,9599,9840,0.025106781956453796
27,3592,3619,0.007516703786191537
26,11386,11412,0.0022835060600737748
79,7794,7873,0.010136002052861175
150,11269,11419,0.013310852781968231
64,6364,6428,0.01005656819610308
48,5168,5216,0.009287925696594427
37,8231,8268,0.004495201069128903
47,17863,17910,0.0026311369870682414
52,9210,9262,0.005646036916395223
109,5572,5681,0.019562096195262023
137,8437,8574,0.016237999288846748
577,19434,20011,0.02969023361119687
46,7406,7452,0.006211180124223602
34,20825,20859,0.0016326530612244899
60,4767,4827,0.012586532410320957
141,7835,7976,0.01799617102744097
139,3266,3405,0.042559706062461726
14,3858,3872,0.0036288232244686366
32,6487,6519,0.004932942808694312
158,4701,4859,0.03360987024037439
121,6863,6984,0.01763077371411919
147,7775,7922,0.018906752411575564
65,3836,3901,0.01694473409801877
34,6339,6373,0.00536362202240101
210,12609,12819,0.016654770402093743
27,6117,6144,0.004413928396272682
1043,4379,5422,0.23818223338661795
395,10322,10717,0.03826777756248789
249,11672,11921,0.021333104866346812
506,7050,7556,0.07177304964539007
144,6724,6868,0.021415823914336704
75,4391,4466,0.017080391710316556
17,3766,3783,0.004514073287307488
33,4944,4977,0.006674757281553398
274,6535,6809,0.04192807957153787
232,4667,4899,0.04971073494750375
1292,5935,7227,0.2176916596461668
60,3731,3791,0.016081479496113642
24,14584,14608,0.0016456390565002743
123,7786,7909,0.015797585409709734
51,7615,7666,0.0066973079448456995
28,3809,3837,0.0073510107639800475
32,5968,6000,0.005361930294906166
57,10558,10615,0.0053987497632127296
59,3877,3936,0.015217952024761413
300,7555,7855,0.03970880211780278
664,10470,11134,0.06341929321872015
308,15106,15414,0.020389249304911955
106,8648,8754,0.012257169287696577
594,3600,4194,0.165
122,7677,7799,0.015891624332421517
150,5359,5509,0.02799029669714499
592,9124,9716,0.0648838228846997
79,3984,4063,0.019829317269076305
25,4708,4733,0.005310110450297366
93,19908,20001,0.004671488848704038
14,8466,8480,0.001653673517599811
47,15279,15326,0.0030761175469598795
24,3690,3714,0.0065040650406504065
65,5205,5270,0.012487992315081652
97,5236,5333,0.01852559205500382
60,5128,5188,0.01170046801872075
53,7287,7340,0.007273226293399204
78,3754,3832,0.02077783697389451
51,9320,9371,0.005472103004291845
67,6176,6243,0.010848445595854923
281,14173,14454,0.01982643053693643
643,3711,4354,0.17326866073834546
237,15831,16068,0.014970627250331627
86,5365,5451,0.01602982292637465
35,18970,19005,0.0018450184501845018
112,5203,5315,0.021526042667691717
489,17372,17861,0.028148745107068846
121,3938,4059,0.030726256983240222
18,4389,4407,0.004101161995898838
25,5094,5119,0.004907734589713388
69,7175,7244,0.009616724738675959
37,4604,4641,0.008036490008688097
57,3839,3896,0.014847616566814275
22,7607,7629,0.002892073090574471
1418,11512,12930,0.12317581653926338
37,10439,10476,0.0035444008046747774
42,28300,28342,0.0014840989399293287
126,6800,6926,0.01852941176470588
132,4077,4209,0.03237674760853569
33,29474,29507,0.0011196308610979169
469,26869,27338,0.017455059734266254
166,4363,4529,0.038047215218886085
108,5642,5750,0.01914214817440624
42,8688,8730,0.004834254143646409
123,4387,4510,0.028037383177570093
32,8147,8179,0.003927826193690929
22,6889,6911,0.0031934968790825954
37,3636,3673,0.010176017601760175
155,10478,10633,0.014792899408284023
24,5633,5657,0.004260607136516954
146,8279,8425,0.01763498007005677
120,13482,13602,0.008900756564307966
971,11034,12005,0.08800072503172014
71,13142,13213,0.005402526251712068
91,4528,4619,0.020097173144876326
76,6885,6961,0.01103848946986202
252,5134,5386,0.04908453447604207
15,3261,3276,0.004599816007359705
34,3025,3059,0.011239669421487603
223,3525,3748,0.06326241134751773
17,6310,6327,0.002694136291600634
43,5130,5173,0.00838206627680312
176,6584,6760,0.026731470230862697
12905,15038,27943,0.8581593296980982
723,7432,8155,0.09728202368137782
35,6998,7033,0.005001428979708488
85,4017,4102,0.021160069703759023
93,7991,8084,0.011638092854461268
32,4827,4859,0.006629376424280091
1424,5842,7266,0.2437521396781924
128,14652,14780,0.008736008736008737
26,3161,3187,0.008225245175577349
18,5270,5288,0.003415559772296015
18,7125,7143,0.0025263157894736842
2272,7358,9630,0.3087795596629519
32,4648,4680,0.0068846815834767644
512,12342,12854,0.041484362339977314
54,5822,5876,0.009275163174166953
38,10291,10329,0.003692546885628219
25,3909,3934,0.006395497569710923
91,4321,4412,0.021059939828743348
31,7697,7728,0.004027543198648825
40,46456,46496,0.0008610297916307905
352,5765,6117,0.061058109280138766
559,18167,18726,0.0307700776132548
105,10541,10646,0.009961104259557917
13,3221,3234,0.0040360136603539275
962,4505,5467,0.21354051054384018
29,7476,7505,0.003879079721776351
136,5690,5826,0.02390158172231986
51,5293,5344,0.009635367466465143
94,11491,11585,0.00818031502915325
38,7906,7944,0.004806476094105743
46,4761,4807,0.00966183574879227
1690,5613,7303,0.3010867628719045
1563,11882,13445,0.1315435111934018
32,4861,4893,0.006583007611602551
224,3206,3430,0.06986899563318777
56,6763,6819,0.008280348957563211
32,7391,7423,0.0043295900419429035
75,6283,6358,0.011936972783702053
25,5360,5385,0.0046641791044776115
101,7474,7575,0.013513513513513514
396,3953,4349,0.1001770806982039
129,7703,7832,0.016746722056341683
787,4930,5717,0.15963488843813387
943,12998,13941,0.072549623018926
379,3160,3539,0.1199367088607595
109,7542,7651,0.01445239989392734
358,6832,7190,0.052400468384074944
18,5993,6011,0.0030035040881027865
85,5626,5711,0.01510842516885887
133,6037,6170,0.022030810004969356
50,5859,5909,0.008533879501621437
247,4337,4584,0.05695181000691722
425,4345,4770,0.09781357882623705
37,6873,6910,0.005383384257238469
2127,5493,7620,0.3872200983069361
16,5480,5496,0.00291970802919708
386,8445,8831,0.045707519242155124
27,3726,3753,0.007246376811594203
1325,6987,8312,0.18963789895520253
76,9877,9953,0.007694644122709325
39,4545,4584,0.008580858085808581
52,4676,4728,0.011120615911035072
403,6115,6518,0.06590351594439901
166,4803,4969,0.03456173225067666
555,8984,9539,0.061776491540516475
14,17840,17854,0.0007847533632286995
45,3893,3938,0.011559208836372977
294,8822,9116,0.033325776467921106
141,7064,7205,0.019960362400906
71,7980,8051,0.008897243107769423
27,6023,6050,0.004482815872488793
20,8461,8481,0.0023637867864318637
57,8122,8179,0.007017975868012805
53,3746,3799,0.01414842498665243
59,5639,5698,0.01046284802269906
39,19152,19191,0.0020363408521303257
20,5151,5171,0.0038827412152980002
353,11546,11899,0.030573358738957213
44,4697,4741,0.00936768149882904
2976,9470,12446,0.3142555438225977
404,3998,4402,0.10105052526263132
30,6866,6896,0.004369356248179435
36,4225,4261,0.008520710059171597
64,6363,6427,0.010058148672010058
34,11092,11126,0.0030652722683014787
46,3698,3744,0.012439156300703082
1898,5823,7721,0.32594882363043104
47,5803,5850,0.008099259003963468
47,5360,5407,0.00876865671641791
225,3718,3943,0.06051640667025283
266,5862,6128,0.0453770044353463
21,6826,6847,0.0030764723117491944
817,4947,5764,0.16515059632100262
216,3332,3548,0.06482593037214886
46,2845,2891,0.01616871704745167
72,6496,6568,0.011083743842364532
90,4823,4913,0.018660584698320548
30,7080,7110,0.00423728813559322
109,9267,9376,0.011762166828531347
26,6285,6311,0.004136833731105807
45,10726,10771,0.0041954130151034864
631,3853,4484,0.1637684920840903
21,7890,7911,0.002661596958174905
65,6367,6432,0.010208889586932621
1041,22218,23259,0.04685390224142587
12273,13673,25946,0.8976084253638558
445,7970,8415,0.055834378920953574
40,5136,5176,0.00778816199376947
23,5151,5174,0.0044651523975927
76,7250,7326,0.010482758620689656
55,3881,3936,0.014171605256377222
63,4826,4889,0.013054289266473269
163,9403,9566,0.017334893119217272
151,8163,8314,0.01849810118828862
20,8274,8294,0.00241721053903795
4131,14075,18206,0.29349911190053285
27,3054,3081,0.008840864440078585
218,5062,5280,0.04306598182536547
14,6197,6211,0.002259157656930773
186,15934,16120,0.011673151750972763
1088,10744,11832,0.10126582278481013
84,9487,9571,0.008854221566353957
16,6011,6027,0.0026617867243387125
24,4465,4489,0.005375139977603583
27,3836,3863,0.007038581856100104
196,8262,8458,0.02372306947470346
221,11788,12009,0.01874787919918561
19,8183,8202,0.0023218868385677625
2188,20547,22735,0.10648756509466102
18,19038,19056,0.0009454774661203908
26,6398,6424,0.004063769928102532
138,12228,12366,0.011285574092247301
48,10847,10895,0.0044251866875633815
259,5174,5433,0.05005798221878624
22,7365,7387,0.002987101154107264
10079,15567,25646,0.6474593691783902
141,5595,5736,0.02520107238605898
12,9463,9475,0.001268096798055585
54,8095,8149,0.006670784434836319
24,6689,6713,0.0035879802661085364
53,4042,4095,0.013112320633349828
41,8306,8347,0.004936190705514086
213,4842,5055,0.04399008674101611
12,16577,16589,0.000723894552693491
48,8838,8886,0.005431093007467753
16,18954,18970,0.0008441489922971405
230,9130,9360,0.025191675794085433
34,7745,7779,0.004389928986442866
648,6041,6689,0.1072670087733819
24,5867,5891,0.004090676666098517
24,8435,8459,0.002845287492590397
80,4199,4279,0.019052155275065492
12,5915,5927,0.0020287404902789518
37,8811,8848,0.004199296334127795
34,6880,6914,0.004941860465116279
55,4180,4235,0.013157894736842105
79,3947,4026,0.02001520141879909
23,4985,5008,0.004613841524573721
38,22804,22842,0.001666374320294685
115,11677,11792,0.009848419970882932
32,12301,12333,0.002601414519144785
90,4620,4710,0.01948051948051948
49,7175,7224,0.006829268292682927
60,4275,4335,0.014035087719298246
28,4476,4504,0.006255585344057194
43,6999,7042,0.006143734819259894
538,20722,21260,0.02596274490879259
49,8844,8893,0.005540479421076436
101,8157,8258,0.012382003187446365
30,8326,8356,0.00360317079029546
66,6459,6525,0.010218300046446818
18,7598,7616,0.0023690444853908922
34,7327,7361,0.004640371229698376
521,4937,5458,0.10552967389102694
13,6306,6319,0.0020615287028227084
82,5425,5507,0.01511520737327189
24,9847,9871,0.0024372905453437597
23,5445,5468,0.004224058769513315
57,4574,4631,0.012461740271097508
294,8096,8390,0.036314229249011856
72,5156,5228,0.013964313421256789
31,8389,8420,0.0036953152938371675
19,7522,7541,0.0025259239563945757
83,4596,4679,0.018059181897302
30,5085,5115,0.0058997050147492625
250,7638,7888,0.03273108143493061
46,7772,7818,0.005918682449819866
77,10107,10184,0.007618482240031661
74,10261,10335,0.007211772731702563
108,5788,5896,0.018659295093296474
12317,9766,22083,1.2612123694450132
241,10130,10371,0.023790720631786774
75,6453,6528,0.011622501162250116
33,4311,4344,0.007654836464857342
521,19387,19908,0.026873678237994532
79,5157,5236,0.01531898390537134
186,3786,3972,0.0491283676703645
190,9132,9322,0.020805957074025404
125,5113,5238,0.024447486798357128
66,6549,6615,0.010077874484654145
150,5769,5919,0.026001040041601663
44,7036,7080,0.0062535531552018195
20,3761,3781,0.0053177346450412125
194,4157,4351,0.04666827038729853
3358,8536,11894,0.39339268978444236
62,7058,7120,0.008784358175120431
227,7803,8030,0.02909137511213636
28,6458,6486,0.004335707649427067
36,8849,8885,0.004068256300146909
11,5904,5915,0.0018631436314363143
100,7451,7551,0.013421017313112333
339,6779,7118,0.050007375719132614
22,10277,10299,0.0021407025396516493
15,8239,8254,0.0018206092972448112
809,4148,4957,0.1950337512054002
244,7406,7650,0.03294625978935998
345,6766,7111,0.050990245344368905
297,8436,8733,0.03520625889046942
24,7737,7761,0.0031019775106630476
281,6033,6314,0.046577158959058514
20,8457,8477,0.0023649048125812936
74,6180,6254,0.01197411003236246
23,6124,6147,0.0037557152188112345
99,4794,4893,0.02065081351689612
339,15454,15793,0.021936068331823474
52,5910,5962,0.008798646362098138
33,7820,7853,0.00421994884910486
459,11173,11632,0.04108117783943435
46,4622,4668,0.0099524015577672
23,4914,4937,0.004680504680504681
244,14006,14250,0.017421105240611166
329,4353,4682,0.07558005972892258
757,7177,7934,0.10547582555385258
30,3551,3581,0.00844832441565756
35,7018,7053,0.004987175833570818
835,15130,15965,0.055188367481824194
33,14376,14409,0.002295492487479132
90,6692,6782,0.013448894202032277
1902,7770,9672,0.24478764478764478
48,7079,7127,0.006780618731459246
25,5228,5253,0.004781943381790359
51,9864,9915,0.005170316301703163
148,6992,7140,0.02116704805491991
1001,16676,17677,0.060026385224274406
95,6601,6696,0.014391758824420542
1345,8289,9634,0.1622632404391362
99,5987,6086,0.016535827626524134
345,3125,3470,0.1104
72,5900,5972,0.012203389830508475
659,7917,8576,0.08323860047997979
50,4288,4338,0.01166044776119403
37,7163,7200,0.005165433477593187
52,4878,4930,0.01066010660106601
63,7729,7792,0.008151119161599172
27,7673,7700,0.003518832268995178
69,4460,4529,0.01547085201793722
333,6994,7327,0.04761223906205319
768,3559,4327,0.21579095251475133
735,8133,8868,0.09037255625230542
710,4319,5029,0.1643899050706182
23,7058,7081,0.003258713516576934
83,9815,9898,0.008456444218033623
259,6993,7252,0.037037037037037035
26,5169,5195,0.005029986457728767
172,4902,5074,0.03508771929824561
1150,13782,14932,0.08344217094761283
312,4706,5018,0.06629834254143646
22,6052,6074,0.0036351619299405157
1968,6604,8572,0.29800121138703817
6688,7812,14500,0.8561187916026626
149,11071,11220,0.013458585493632012
79,7786,7865,0.010146416645260725
332,4057,4389,0.08183386738969682
26,6423,6449,0.0040479526700918575
85,4766,4851,0.017834662190516156
35,5333,5368,0.006562910181886368
57,3747,3804,0.01521216973578863
37,16587,16624,0.0022306625670705975
32,7236,7268,0.004422332780541736
325,5927,6252,0.054833811371688884
14,9782,9796,0.0014312001635657329
18,7338,7356,0.0024529844644317253
188,5571,5759,0.033746185604020824
21,5281,5302,0.003976519598560878
44,11471,11515,0.003835759741957981
16,5534,5550,0.0028912179255511385
23,6691,6714,0.003437453295471529
122,4778,4900,0.025533696107157805
613,6594,7207,0.0929632999696694
30,17687,17717,0.0016961610222197094
13,8966,8979,0.0014499219272808388
72,6193,6265,0.011626029388018731
72,18280,18352,0.003938730853391685
37,4285,4322,0.008634772462077013
18,4525,4543,0.003977900552486188
332,18135,18467,0.01830714088778605
17,6190,6207,0.0027463651050080775
20,4406,4426,0.004539264639128461
19,10427,10446,0.0018221923851539272
12795,12005,24800,1.0658059142024157
41,5713,5754,0.007176614738316121
18,10918,10936,0.001648653599560359
288,7301,7589,0.03944665114367895
41,12732,12773,0.0032202324850769716
125,6809,6934,0.018358055514759875
63,8178,8241,0.007703595011005136
85,4858,4943,0.017496912309592424
33,9678,9711,0.0034097954122752636
37,8577,8614,0.0043138626559403054
33,3209,3242,0.010283577438454348
47,10880,10927,0.004319852941176471
22,5710,5732,0.003852889667250438
67,7486,7553,0.008950040074806305
23,6601,6624,0.003484320557491289
55,9375,9430,0.005866666666666667
521,17005,17526,0.030638047633049104
31,3730,3761,0.008310991957104557
59,6964,7023,0.008472142446869614
74,5133,5207,0.01441652055328268
521,3264,3785,0.15962009803921567
58,4184,4242,0.013862332695984704
45,5314,5359,0.008468197214904027
2685,11372,14057,0.2361062258177981
27,5792,5819,0.004661602209944752
35,8110,8145,0.004315659679408138
117,6865,6982,0.017042971595047342
46,4684,4730,0.00982066609735269
63,8423,8486,0.007479520360916538
16,6976,6992,0.0022935779816513763
287,2585,2872,0.11102514506769826
64,5216,5280,0.012269938650306749
700,11818,12518,0.059231680487392115
34,10950,10984,0.0031050228310502285
89,5832,5921,0.015260631001371741
262,4482,4744,0.05845604640785364
788,18756,19544,0.04201322243548731
27,5408,5435,0.004992603550295858
135,7179,7314,0.01880484747179273
563,3875,4438,0.14529032258064517
31,6153,6184,0.005038192751503331
77,5513,5590,0.013966987121349538
309,6768,7077,0.04565602836879433
316,6382,6698,0.04951425885302413
468,5732,6200,0.08164689462665736
51,6332,6383,0.008054327226784586
294,4110,4404,0.07153284671532846
111,7088,7199,0.015660270880361173
179,4590,4769,0.038997821350762525
31,3953,3984,0.007842145206172527
154,11605,11759,0.013270142180094787
116,7482,7598,0.015503875968992248
119,3676,3795,0.0323721436343852
26,6816,6842,0.0038145539906103286
17,7023,7040,0.0024206179695286916
63,5842,5905,0.01078397808969531
246,3769,4015,0.06526930220217564
220,6279,6499,0.03503742634177417
47,7940,7987,0.005919395465994962
33,4175,4208,0.007904191616766467
193,14005,14198,0.013780792574080686
11253,7577,18830,1.48515243500066
98,19753,19851,0.004961271705563712
87,10318,10405,0.008431866640821864
88,5543,5631,0.01587587948764207
34,6941,6975,0.004898429621092062
45,7580,7625,0.005936675461741424
96,6306,6402,0.015223596574690771
59,7795,7854,0.007568954457985888
9,7115,7124,0.0012649332396345748
76,6209,6285,0.01224029634401675
44,5952,5996,0.00739247311827957
259,4477,4736,0.05785123966942149
20,6318,6338,0.0031655587211142765
33,15826,15859,0.0020851762921774296
1007,9669,10676,0.10414727479573896
337,5653,5990,0.059614364054484344
25,5988,6013,0.004175016700066801
708,3102,3810,0.22823984526112184
171,7593,7764,0.0225207427894113
54,8309,8363,0.006498977012877603
20,5881,5901,0.0034007821799013774
80,6112,6192,0.013089005235602094
99,3991,4090,0.024805813079428713
145,7989,8134,0.01814995618976092
54,6188,6242,0.008726567550096962
645,12349,12994,0.05223094987448376
143,4640,4783,0.03081896551724138
12,8041,8053,0.001492351697550056
1696,5157,6853,0.32887337599379485
11,11341,11352,0.0009699321047526673
281,6825,7106,0.04117216117216117
41,10359,10400,0.003957910995269814
153,5550,5703,0.027567567567567567
64,6798,6862,0.009414533686378346
10,5738,5748,0.001742767514813524
90,7170,7260,0.012552301255230125
6169,12314,18483,0.5009745005684587
2145,8057,10202,0.2662281246121385
73,3823,3896,0.01909495160868428
1275,7214,8489,0.17673967285833103
31,17125,17156,0.0018102189781021897
32,7009,7041,0.0045655585675559995
45,4517,4562,0.009962364401151207
218,4135,4353,0.05272067714631197
456,12294,12750,0.03709126403123475
65,4875,4940,0.013333333333333334
107,4271,4378,0.0250526808709904
14,5955,5969,0.0023509655751469353
94,4279,4373,0.02196774947417621
283,8242,8525,0.03433632613443339
26,6852,6878,0.0037945125510799767
52,4191,4243,0.012407539966595084
209,8064,8273,0.025917658730158732
170,3720,3890,0.0456989247311828
46,15289,15335,0.0030086990646870297
728,2655,3383,0.27419962335216574
290,3422,3712,0.0847457627118644
57,4565,4622,0.01248630887185104
31,8610,8641,0.003600464576074332
567,11095,11662,0.05110410094637224
28,9198,9226,0.0030441400304414
32,6299,6331,0.005080171455786633
70,7210,7280,0.009708737864077669
27,5665,5692,0.004766107678729038
1256,6138,7394,0.20462691430433366
38,6840,6878,0.005555555555555556
107,11139,11246,0.009605889218062663
20,4853,4873,0.0041211621677313005
44,10503,10547,0.004189279253546605
31,6223,6254,0.004981520167121967
441,8859,9300,0.049779884862851335
16,7079,7095,0.0022602062438197485
445,5032,5477,0.08843402225755168
113,5794,5907,0.019502934069727303
81,11337,11418,0.007144747287642234
28,6603,6631,0.004240496743904286
312,6691,7003,0.046629801225526825
65,4897,4962,0.013273432713906474
70,6425,6495,0.010894941634241245
47,4563,4610,0.010300241069471838
28,4921,4949,0.005689900426742532
484,6731,7215,0.0719061060763631
14,3287,3301,0.0042592029205962886
50,11034,11084,0.004531448250860975
55,3299,3354,0.016671718702637162
138,5473,5611,0.02521469029782569
792,9111,9903,0.08692788936450445
32,3667,3699,0.00872647941096264
47,5552,5599,0.008465417867435158
66,7281,7347,0.009064688916357644
235,2877,3112,0.08168230795968022
92,6606,6698,0.01392673327278232
31,5963,5994,0.005198725473754821
256,9571,9827,0.026747466304461395
257,13303,13560,0.019318950612643764
39,6267,6306,0.006223073240785065
166,4044,4210,0.0410484668644906
251,9980,10231,0.025150300601202404
80,10921,11001,0.00732533650764582
75,7244,7319,0.010353395913859746
2133,4537,6670,0.4701344500771435
22,11716,11738,0.0018777739842949811
22,4082,4104,0.005389514943655071
219,8363,8582,0.02618677508071266
49,4620,4669,0.010606060606060607
1283,3486,4769,0.36804360298336203
63,15767,15830,0.003995687194773894
257,4813,5070,0.05339704965717847
44,5659,5703,0.007775225304824174
192,6705,6897,0.028635346756152126
45,4857,4902,0.00926497838171711
18,5022,5040,0.0035842293906810036
29,3817,3846,0.007597589730154571
13623,12702,26325,1.0725082664147378
214,9617,9831,0.02225226162004783
526,21880,22406,0.024040219378427787
760,3747,4507,0.2028289298105151
200,10070,10270,0.019860973187686197
181,6185,6366,0.029264349232012935
1092,6226,7318,0.17539351108255702
38,6346,6384,0.005988023952095809
30,13713,13743,0.002187705097352877
325,11595,11920,0.028029322984044848
22,7796,7818,0.0028219599794766545
84,11001,11085,0.00763566948459231
25,7438,7463,0.003361118580263512
173,5803,5976,0.02981216612097191
235,5837,6072,0.04026040774370396
17,4328,4345,0.003927911275415897
42,8225,8267,0.005106382978723404
61,5634,5695,0.010827121050763224
45,6361,6406,0.007074359377456375
204,3522,3726,0.05792163543441227
295,5702,5997,0.05173623290073658
28,9967,9995,0.0028092705929567575
13,4757,4770,0.0027328147992432207
164,15125,15289,0.010842975206611571
99,4740,4839,0.02088607594936709
51,7158,7209,0.007124895222129086
28,8305,8333,0.0033714629741119807
91,9468,9559,0.009611322348964935
348,5159,5507,0.06745493312657491
20,8375,8395,0.0023880597014925373
28,5611,5639,0.004990197825699519
69,35746,35815,0.0019302859061153695
57,3755,3812,0.0151797603195739
19,6702,6721,0.0028349746344374814
19,4740,4759,0.004008438818565401
22,4863,4885,0.0045239564055110015
13,5318,5331,0.002444528018051899
56,4211,4267,0.01329850391830919
296,8044,8340,0.03679761312779711
13,5471,5484,0.0023761652348747945
25,10715,10740,0.0023331777881474567
76,7097,7173,0.010708750176130759
884,8770,9654,0.1007981755986317
63,5043,5106,0.012492563950029744
101,5694,5795,0.017737969792764312
36,14092,14128,0.002554640931024695
22,8415,8437,0.00261437908496732
22,6384,6406,0.003446115288220551
21,7179,7200,0.0029251984956122023
231,10983,11214,0.021032504780114723
14,5229,5243,0.002677376171352075
55,11243,11298,0.004891932758160633
19,5610,5629,0.0033868092691622105
22,7108,7130,0.0030951041080472708
226,21775,22001,0.010378874856486796
7247,11287,18534,0.6420660937361566
21,5624,5645,0.0037339971550497866
84,13668,13752,0.006145741878841089
84,18611,18695,0.004513459781849444
54,8350,8404,0.006467065868263473
98,3203,3301,0.030596315953793318
53,5344,5397,0.009917664670658683
31,5952,5983,0.005208333333333333
26,8892,8918,0.0029239766081871343
706,4811,5517,0.14674703803782999
33,8583,8616,0.003844809507165327
25,4987,5012,0.005013033888109084
865,7234,8099,0.11957423278960465
133,4346,4479,0.030602853198343303
63,9784,9847,0.006439084219133279
604,7024,7628,0.08599088838268792
218,6770,6988,0.032200886262924666
13,8460,8473,0.0015366430260047282
37,6304,6341,0.005869289340101523
263,8268,8531,0.03180938558297049
30,16065,16095,0.0018674136321195146
411,9380,9791,0.04381663113006397
71,3715,3786,0.01911170928667564
23,8688,8711,0.002647329650092081
421,4604,5025,0.0914422241529105
78,4927,5005,0.0158311345646438
135,6542,6677,0.02063589116478141
1364,12888,14252,0.1058348851644941
83,4574,4657,0.018146042850896372
317,6577,6894,0.048198266686939335
229,3727,3956,0.06144352025757982
24,8820,8844,0.0027210884353741495
151,10356,10507,0.014580919273850908
4303,4457,8760,0.9654476105003366
25,6577,6602,0.0038011251330393797
75,5893,5968,0.012726964194807398
49,4322,4371,0.011337343822304488
33,7503,7536,0.004398240703718513
58,8372,8430,0.00692785475394171
144,6845,6989,0.021037253469685904
302,8990,9292,0.033592880978865404
44,6639,6683,0.006627504142190089
460,17530,17990,0.026240730176839703
92,4221,4313,0.02179578298981284
15,8740,8755,0.0017162471395881006
53,33520,33573,0.001581145584725537
74,12663,12737,0.005843796888573008
3348,6550,9898,0.5111450381679389
43,7740,7783,0.005555555555555556
65,15328,15393,0.004240605427974948
29,5474,5503,0.005297771282426014
19,9915,9934,0.0019162884518406456
352,16381,16733,0.0214883096270069
110,13063,13173,0.008420730306973895
186,6000,6186,0.031
304,6291,6595,0.048323001112700686
38,8147,8185,0.0046642936050079785
211,16162,16373,0.013055314936270263
35,4018,4053,0.008710801393728223
73,7038,7111,0.010372264847968172
192,3171,3363,0.06054872280037843
32,5464,5496,0.005856515373352855
45,3462,3507,0.012998266897746967
72,3186,3258,0.022598870056497175
20,6099,6119,0.003279226102639777
67,4900,4967,0.013673469387755101
86,2356,2442,0.0365025466893039
37,7614,7651,0.0048594693984764905
44,4437,4481,0.009916610322289835
97,27502,27599,0.0035270162170024
67,8354,8421,0.008020110126885324
23,6527,6550,0.0035238241152137275
269,2986,3255,0.09008707300736772
47,5721,5768,0.008215346967313407
114,5027,5141,0.02267754127710364
22,4060,4082,0.00541871921182266
20,6413,6433,0.003118665211289568
24,4177,4201,0.005745750538664113
420,14427,14847,0.02911208151382824
386,9644,10030,0.04002488593944421
34,9555,9589,0.0035583464154892728
41,4510,4551,0.00909090909090909
29,7652,7681,0.003789858860428646
20,7383,7403,0.0027089259108763375
26,3847,3873,0.006758513127112035
121,7293,7414,0.016591251885369532
317,13403,13720,0.023651421323584273
102,6922,7024,0.01473562554175094
188,5338,5526,0.03521918321468715
1105,1138,2243,0.9710017574692443
302,4510,4812,0.06696230598669622
37,12537,12574,0.0029512642577969213
48,4637,4685,0.010351520379555747
698,14927,15625,0.046760903061566286
23,5061,5084,0.004544556411776329
126,8945,9071,0.014086081609837897
253,5305,5558,0.04769085768143261
124,3370,3494,0.03679525222551929
454,8481,8935,0.05353142318122863
30,6745,6775,0.004447739065974796
106,15329,15435,0.006914997716746037
12,7380,7392,0.0016260162601626016
49,3941,3990,0.012433392539964476
998,3183,4181,0.31354068488847
330,12290,12620,0.026851098454027666
26,9608,9634,0.0027060782681099086
1612,11210,12822,0.14380017841213202
204,10661,10865,0.019135165556702
26,3698,3724,0.007030827474310438
55,12239,12294,0.004493831195359098
35,5627,5662,0.006220010662875422
37,8613,8650,0.004295831882038779
17,3628,3645,0.004685777287761852
374,11411,11785,0.03277539216545439
111,11421,11532,0.009718938796952981
41,6340,6381,0.006466876971608833
40,5552,5592,0.007204610951008645
35,10031,10066,0.0034891835310537334
40,7881,7921,0.0050754980332445125
25,7925,7950,0.0031545741324921135
567,15253,15820,0.03717301514456173
681,7199,7880,0.09459647173218502
80,8328,8408,0.009606147934678195
40,12511,12551,0.0031971864759012068
21,12202,12223,0.0017210293394525488
184,11884,12068,0.015483002356109055
54,4828,4882,0.011184755592377795
53,4747,4800,0.011164946281862228
2563,7469,10032,0.3431516936671576
55,4562,4617,0.012056115738711091
23,9063,9086,0.0025377910184265695
17,5763,5780,0.0029498525073746312
21,3680,3701,0.005706521739130435
221,6566,6787,0.03365823941516905
23,6798,6821,0.0033833480435422184
1520,5499,7019,0.27641389343517003
138,8421,8559,0.016387602422515142
117,4356,4473,0.026859504132231406
520,6440,6960,0.08074534161490683
25,7860,7885,0.0031806615776081423
475,3587,4062,0.13242263730136605
49,8492,8541,0.005770136599152143
69,4712,4781,0.01464346349745331
52,4988,5040,0.010425020048115477
654,3452,4106,0.18945538818076477
23,29273,29296,0.0007857069654630547
59,4669,4728,0.012636538873420432
19,6097,6116,0.0031162866983762507
140,6492,6632,0.021565003080714726
24,4734,4758,0.005069708491761723
26,10222,10248,0.002543533555077284
102,19532,19634,0.005222199467540447
27,4914,4941,0.005494505494505495
1027,4477,5504,0.22939468394013848
487,19100,19587,0.02549738219895288
1568,20401,21969,0.07685897750110289
40,5057,5097,0.007909827961241843
39,13868,13907,0.002812229593308336
442,11307,11749,0.03909082869019192
34,10383,10417,0.003274583453722431
22,9896,9918,0.002223120452708165
54,18319,18373,0.0029477591571592334
1364,8576,9940,0.15904850746268656
84,5523,5607,0.015209125475285171
259,9914,10173,0.02612467218075449
31,5434,5465,0.005704821494295178
151,13682,13833,0.011036398187399503
23,4371,4394,0.00526195378631892
671,5006,5677,0.13403915301638034
300,5272,5572,0.05690440060698027
807,8346,9153,0.09669302659956866
49,10816,10865,0.004530325443786982
23,4379,4402,0.005252340717058689
23,6243,6266,0.003684126221367932
829,29108,29937,0.02848014291603683
22,9299,9321,0.0023658457898698784
80,5191,5271,0.015411288769023309
461,6500,6961,0.07092307692307692
69,16853,16922,0.004094226547202279
168,9447,9615,0.01778342330898698
603,10002,10605,0.0602879424115177
99,6083,6182,0.0162748643761302
54,8553,8607,0.006313574184496668
17,8822,8839,0.001927000680117887
24,19883,19907,0.0012070613086556355
15,5379,5394,0.002788622420524261
20,20311,20331,0.000984688100044311
17,7437,7454,0.0022858679575097486
67,14240,14307,0.004705056179775281
414,10120,10534,0.04090909090909091
1348,11277,12625,0.11953533741243239
25,6271,6296,0.003986605007175889
70,4350,4420,0.016091954022988506
62,14059,14121,0.004409986485525286
24,3011,3035,0.007970773829292593
52,18432,18484,0.0028211805555555555
50,3718,3768,0.013448090371167294
44,6396,6440,0.0068792995622263915
550,8139,8689,0.06757586927140927
89,9136,9225,0.00974168126094571
379,11179,11558,0.033902853564719566
177,5444,5621,0.03251285819250551
22,7922,7944,0.002777076495834385
1601,8329,9930,0.19221995437627568
18,5462,5480,0.0032954961552544857
85,8136,8221,0.01044739429695182
20,7306,7326,0.002737476047084588
116,4114,4230,0.02819640252795333
171,5880,6051,0.029081632653061223
33,8711,8744,0.003788313626449317
338,5778,6116,0.058497750086535134
631,7268,7899,0.0868189323059989
95,6227,6322,0.01525614260478561
77,8888,8965,0.008663366336633664
34,5528,5562,0.006150506512301013
22,8080,8102,0.0027227722772277226
27,4213,4240,0.006408734868264894
21,14203,14224,0.0014785608674223755
13,8446,8459,0.0015391901491830452
15,3833,3848,0.003913383772501957
105,9678,9783,0.010849349039057656
58,4008,4066,0.014471057884231538
245,5839,6084,0.0419592395958212
54,5055,5109,0.010682492581602374
80,4122,4202,0.019408054342552158
25,5262,5287,0.004751045229950589
258,11791,12049,0.02188109575099652
32,11335,11367,0.00282311424790472
338,5028,5366,0.06722354813046937
28,5933,5961,0.004719366256531266
44,6721,6765,0.006546644844517185
77,6083,6160,0.012658227848101266
87,3630,3717,0.023966942148760332
65,5122,5187,0.012690355329949238
39,5084,5123,0.007671125098347758
24,6790,6814,0.0035346097201767305
169,4143,4312,0.04079169683804007
84,8558,8642,0.009815377424631924
27,9504,9531,0.002840909090909091
24,5926,5950,0.004049949375632805
880,9718,10598,0.090553611854291
216,9301,9517,0.023223309321578324
34,5100,5134,0.006666666666666667
74,7422,7496,0.009970358393963891
26,10488,10514,0.002479023646071701
7,14508,14515,0.00048249241797628894
1237,20291,21528,0.06096298851707654
125,8521,8646,0.014669639713648633
497,12215,12712,0.040687679083094556
22,4089,4111,0.005380288579114698
33,6505,6538,0.005073020753266718
275,6135,6410,0.04482477587612062
73,6775,6848,0.010774907749077491
45,8708,8753,0.005167661920073495
41,7797,7838,0.005258432730537386
106,4125,4231,0.025696969696969697
31,8824,8855,0.003513145965548504
144,9005,9149,0.015991116046640753
96,8040,8136,0.011940298507462687
16,10517,10533,0.0015213463915565275
93,7630,7723,0.01218872870249017
150,8004,8154,0.018740629685157422
54,6136,6190,0.008800521512385919
54,3930,3984,0.013740458015267175
78,4720,4798,0.01652542372881356
76,5496,5572,0.013828238719068414
41,5553,5594,0.00738339636232667
336,8235,8571,0.04080145719489982
50,5339,5389,0.009365049634763064
75,4031,4106,0.018605805011163483
14,9726,9740,0.0014394406744807733
296,2368,2664,0.125
150,6089,6239,0.024634586960091968
16,6143,6159,0.00260459059091649
22,8621,8643,0.002551908131307273
58,5161,5219,0.011238132144933152
289,10167,10456,0.028425297531228483
1681,9135,10816,0.18401751505199782
481,3802,4283,0.12651236191478168
33,17094,17127,0.0019305019305019305
28,7055,7083,0.003968816442239546
75,8787,8862,0.008535336292249915
65,5946,6011,0.01093171880255634
41,4203,4244,0.009754936949797764
47,9293,9340,0.005057570214139675
453,5545,5998,0.08169522091974753
33,4264,4297,0.00773921200750469
43,5383,5426,0.007988110718929966
452,17031,17483,0.026539839116904468
82,7132,7214,0.011497476163768929
296,8893,9189,0.033284605869785225
461,7883,8344,0.058480274007357606
894,3448,4342,0.25928074245939675
28,7706,7734,0.003633532312483779
36,8096,8132,0.004446640316205534
30,6477,6507,0.004631773969430292
99,5780,5879,0.0171280276816609
209,6168,6377,0.03388456549935149
12,3362,3374,0.003569303985722784
46,16677,16723,0.0027582898602866225
657,10578,11235,0.06211003970504821
109,8630,8739,0.012630359212050985
35,4691,4726,0.007461095715199318
27,5250,5277,0.005142857142857143
71,16106,16177,0.004408295045324724
56,7600,7656,0.007368421052631579
34,5399,5433,0.0062974624930542695
23,7930,7953,0.002900378310214376
64,7020,7084,0.009116809116809116
32,7071,7103,0.004525526799604016
1073,9212,10285,0.11647850629613547
144,8124,8268,0.01772525849335303
242,10197,10439,0.023732470334412083
179,8717,8896,0.020534587587472754
32,5012,5044,0.006384676775738229
114,2849,2963,0.04001404001404001
199,2460,2659,0.08089430894308942
26,7012,7038,0.0037079292641186536
750,5268,6018,0.14236902050113895
19,4855,4874,0.003913491246138002
310,5445,5755,0.05693296602387511
15,5555,5570,0.0027002700270027003
231,6429,6660,0.03593093793747083
22,7943,7965,0.002769734357295732
1237,4557,5794,0.27145051569014705
742,20505,21247,0.036186296025359665
578,3620,4198,0.15966850828729282
58,17116,17174,0.003388642206122926
20,6936,6956,0.0028835063437139563
31,6939,6970,0.0044675025219772305
223,14432,14655,0.015451773835920177
551,5756,6307,0.09572619874913134
31,13445,13476,0.002305689847526962
46,14404,14450,0.003193557345181894
44,5673,5717,0.007756037369998237
95,3212,3307,0.029576587795765878
22,5107,5129,0.004307812805952614
290,5865,6155,0.0494458653026428
42,4578,4620,0.009174311926605505
99,8100,8199,0.012222222222222223
480,3912,4392,0.12269938650306748
111,8815,8926,0.01259217243335224
41,4335,4376,0.009457900807381776
51,2499,2550,0.02040816326530612
583,5244,5827,0.11117467581998475
27,7282,7309,0.0037077725899478165
24,11835,11859,0.0020278833967046894
54,5226,5280,0.010332950631458095
154,6583,6737,0.023393589548837915
635,9019,9654,0.07040691872713162
54,8845,8899,0.006105144149236857
827,4996,5823,0.1655324259407526
18,4345,4363,0.004142692750287687
283,5913,6196,0.04786064603416201
51,4179,4230,0.012203876525484566
34,9321,9355,0.003647677287844652
117,6256,6373,0.018702046035805626
12,6541,6553,0.001834581868215869
73,13334,13407,0.0054747262636868155
31,4515,4546,0.006866002214839424
56,5540,5596,0.010108303249097473
28,17444,17472,0.0016051364365971107
68,4395,4463,0.01547212741751991
166,11695,11861,0.014194100042753314
456,8393,8849,0.05433099011080662
266,3687,3953,0.07214537564415514
21,7822,7843,0.002684735361800051
69,3631,3700,0.019003029468465986
434,3316,3750,0.13088057901085645
21,6961,6982,0.00301680792989513
45,5382,5427,0.008361204013377926
160,5015,5175,0.031904287138584245
31,7440,7471,0.004166666666666667
52,6184,6236,0.008408796895213453
101,7647,7748,0.01320779390610697
29,4460,4489,0.006502242152466368
23,3689,3712,0.00623475196530225
186,9691,9877,0.019193065731090704
5810,9861,15671,0.5891897373491533
18,7053,7071,0.002552105487026797
58,3356,3414,0.01728247914183552
26,5528,5554,0.004703328509406657
28,4405,4433,0.006356413166855846
13,10630,10643,0.0012229539040451553
28,6070,6098,0.004612850082372323
74,12721,12795,0.0058171527395645
74,3943,4017,0.018767435962465127
27,4241,4268,0.006366423013440227
43,4925,4968,0.008730964467005076
151,4593,4744,0.032876115828434575
16,10023,10039,0.0015963284445774718
32,6510,6542,0.004915514592933948
233,6661,6894,0.03497973277285693
315,4287,4602,0.0734779566130161
106,8226,8332,0.012885971310478968
17,5148,5165,0.0033022533022533025
230,4372,4602,0.052607502287282705
135,5411,5546,0.024949177601182777
245,7223,7468,0.03391942406202409
2308,7832,10140,0.29468845760980594
54,5093,5147,0.010602788140585117
22,5124,5146,0.00429352068696331
163,3982,4145,0.04093420391762933
94,5557,5651,0.01691560194349469
21,7463,7484,0.0028138818169636875
37,5046,5083,0.007332540626238605
242,7794,8036,0.03104952527585322
29,8110,8139,0.0035758323057953146
1247,2929,4176,0.42574257425742573
18,12124,12142,0.0014846585285384361
28,4848,4876,0.005775577557755775
24,11715,11739,0.00204865556978233
91,4720,4811,0.019279661016949154
175,5255,5430,0.03330161750713606
24,6445,6469,0.0037238169123351436
22,6926,6948,0.0031764366156511693
34,6794,6828,0.005004415660877244
62,5966,6028,0.01039222259470332
237,6643,6880,0.03567665211500828
49,6835,6884,0.007168983174835406
326,7930,8256,0.04110970996216898
33,6424,6457,0.005136986301369863
55,6775,6830,0.008118081180811807
101,7420,7521,0.013611859838274933
26,4147,4173,0.006269592476489028
16,6682,6698,0.002394492666866208
152,3872,4024,0.03925619834710744
56,13753,13809,0.004071838871518942
94,12570,12664,0.007478122513922036
78,4470,4548,0.0174496644295302
119,11479,11598,0.010366756686122485
277,7665,7942,0.03613829093281148
78,18196,18274,0.004286656408001759
156,16099,16255,0.009690042859804958
23,6301,6324,0.0036502142517060784
28,5682,5710,0.004927842309046111
23,4418,4441,0.00520597555454957
230,2822,3052,0.0815024805102764
103,11005,11108,0.009359382099045889
17,6194,6211,0.002744591540200194
76,27976,28052,0.0027166142407778096
364,3854,4218,0.09444732745199792
27,5137,5164,0.005255985984037376
68,6387,6455,0.010646625958979177
221,15425,15646,0.014327390599675851
26,6549,6575,0.003970071766681936
117,3290,3407,0.03556231003039514
15,5634,5649,0.0026624068157614484
80,9026,9106,0.008863283846665189
43,3115,3158,0.013804173354735152
33,6392,6425,0.00516270337922403
103,4600,4703,0.022391304347826088
34,4500,4534,0.007555555555555556
280,8446,8726,0.0331517878285579
39,6426,6465,0.006069094304388422
48,4473,4521,0.010731052984574111
196,9371,9567,0.020915590652011526
210,10225,10435,0.020537897310513448
128,8999,9127,0.014223802644738305
28,5962,5990,0.004696410600469641
33,4735,4768,0.006969376979936642
201,11508,11709,0.017466110531803962
22,5202,5224,0.004229142637447136
242,3275,3517,0.07389312977099237
173,4181,4354,0.0413776608466874
232,4395,4627,0.0527872582480091
31,5489,5520,0.005647658954272181
279,4342,4621,0.06425610317825886
133,3626,3759,0.03667953667953668
20,6257,6277,0.00319642000958926
118,4772,4890,0.024727577535624476
189,10448,10637,0.0180895865237366
384,7286,7670,0.052703815536645625
2241,6001,8242,0.37343776037327114
42,18296,18338,0.002295583734149541
26,4478,4504,0.005806163465832961
24,6221,6245,0.003857900659058029
328,7938,8266,0.041320231796422274
21,5314,5335,0.003951825366955213
164,8013,8177,0.02046674154498939
50,3931,3981,0.01271940981938438
59,5641,5700,0.010459138450629322
54,3546,3600,0.015228426395939087
502,14987,15489,0.03349569627010075
2090,5050,7140,0.41386138613861384
119,10630,10749,0.011194731890874882
278,8064,8342,0.03447420634920635
1645,28411,30056,0.05790010911266763
71,3551,3622,0.019994367783722895
288,17659,17947,0.016308964267512317
51,7821,7872,0.00652090525508247
352,33,385,10.666666666666666
110,10467,10577,0.010509219451609821
123,11520,11643,0.010677083333333334
182,10500,10682,0.017333333333333333
46,6125,6171,0.007510204081632653
143,8729,8872,0.01638217436132432
828,27149,27977,0.030498360897270618
86,4626,4712,0.018590575010808474
66,5482,5548,0.012039401678219628
1125,6549,7674,0.1717819514429684
64,4779,4843,0.01339192299644277
53,4343,4396,0.012203545935988947
50,9734,9784,0.00513663447709061
64,4781,4845,0.013386320853377955
453,8954,9407,0.050591914228277864
16,3265,3281,0.004900459418070444
45,16740,16785,0.002688172043010753
31,5386,5417,0.005755662829558114
599,9443,10042,0.06343323096473578
23,3217,3240,0.007149518184644078
25,5572,5597,0.004486719310839914
94,5242,5336,0.017932086989698587
329,8566,8895,0.03840765818351623
35,6980,7015,0.00501432664756447
15,11130,11145,0.0013477088948787063
33,5824,5857,0.005666208791208791
53,7589,7642,0.006983792331005403
31,8729,8760,0.003551380455951426
23,10051,10074,0.002288329519450801
41,4999,5040,0.008201640328065612
141,9527,9668,0.014800041985934712
66,6529,6595,0.010108745596569152
163,8546,8709,0.019073250643575942
91,5478,5569,0.01661190215407083
93,5723,5816,0.016250218416914205
39,5619,5658,0.0069407367859049655
54,6696,6750,0.008064516129032258
24,5683,5707,0.0042231215907091325
324,6341,6665,0.0510960416338117
63,4954,5017,0.012716996366572466
191,9089,9280,0.021014413026735613
102,6290,6392,0.016216216216216217
67,20504,20571,0.0032676550916894264
42,14792,14834,0.0028393726338561383
89,8988,9077,0.009902091677792612
291,17521,17812,0.01660864105930027
171,3354,3525,0.050983899821109124
655,7668,8323,0.08541992696922274
104,13413,13517,0.007753671810929695
26,4905,4931,0.005300713557594291
82,3910,3992,0.020971867007672635
538,6215,6753,0.08656476267095736
194,7222,7416,0.026862364995846027
955,7229,8184,0.13210679208742565
1115,3552,4667,0.31390765765765766
24,8057,8081,0.002978776219436515
44,3029,3073,0.014526246285902938
460,12874,13334,0.035730930557713224
38,8945,8983,0.004248183342649525
119,3961,4080,0.030042918454935622
94,9254,9348,0.010157769613140263
1877,7018,8895,0.26745511541749784
220,4820,5040,0.04564315352697095
276,9015,9291,0.030615640599001664
56,12678,12734,0.004417100489036125
30,7004,7034,0.004283266704740148
46,5981,6027,0.007691021568299616
90,5354,5444,0.016809861785580874
603,9326,9929,0.06465794552862963
39,7998,8037,0.004876219054763691
97,5949,6046,0.01630526138846865
59,4676,4735,0.012617621899059024
29,7616,7645,0.0038077731092436974
31,9396,9427,0.003299276287782035
28,7258,7286,0.0038578120694406173
16,7356,7372,0.002175095160413268
405,6035,6440,0.06710853355426678
23,6257,6280,0.003675883011027649
53,7406,7459,0.007156359708344585
104,13460,13564,0.007726597325408618
46,7483,7529,0.006147267138848056
242,6802,7044,0.03557777124375184
54,5613,5667,0.009620523784072688
53,4704,4757,0.011267006802721089
52,5567,5619,0.009340758038440812
34,6010,6044,0.005657237936772047
35,6502,6537,0.00538295908951092
566,6107,6673,0.09268053053872605
18,5984,6002,0.0030080213903743314
25,11960,11985,0.0020903010033444815
260,8559,8819,0.03037738053510924
58,9739,9797,0.0059554369031728106
56,7505,7561,0.007461692205196536
124,16459,16583,0.007533872045689289
50,5309,5359,0.009417969485778867
136,5605,5741,0.024264049955396966
58,9357,9415,0.006198567917067436
17,18235,18252,0.0009322731011790513
109,16906,17015,0.006447415118892701
677,4099,4776,0.16516223469138813
123,7704,7827,0.015965732087227413
493,4094,4587,0.12042012701514411
41,9148,9189,0.004481853957149104
19,5788,5807,0.0032826537664132687
206,5326,5532,0.03867818250093879
16,10211,10227,0.0015669376162961513
37,6033,6070,0.006132935521299519
103,6523,6626,0.015790280545761152
65,6360,6425,0.010220125786163521
489,7694,8183,0.06355601767611126
107,10989,11096,0.009737009737009738
32,8165,8197,0.0039191671769748925
28,5720,5748,0.0048951048951048955
24,9111,9135,0.0026341784655910436
15,5884,5899,0.002549286199864038
124,14567,14691,0.008512391020800439
243,4499,4742,0.05401200266725939
79,4833,4912,0.016345954893440928
99,4602,4701,0.02151238591916558
27,5520,5547,0.004891304347826087
23,4857,4880,0.004735433395099856
46,5032,5078,0.009141494435612083
587,10102,10689,0.05810730548406256
76,6906,6982,0.011004923255140457
35,6274,6309,0.005578578259483583
19,6957,6976,0.0027310622394710366
49,8401,8450,0.005832638971551006
30,5183,5213,0.005788153579008296
27,5653,5680,0.004776225013267292
171,4601,4772,0.03716583351445338
107,13663,13770,0.00783136939178804
32,3523,3555,0.00908316775475447
20,6864,6884,0.002913752913752914
99,7622,7721,0.012988716872212017
34,3576,3610,0.009507829977628635
159,5773,5932,0.027542005889485535
80,4695,4775,0.01703940362087327
21,3972,3993,0.005287009063444109
36,5547,5583,0.006489994591671174
105,6800,6905,0.015441176470588236
32,7866,7898,0.004068141367912535
5561,13148,18709,0.42295406145421355
38,7122,7160,0.0053355798932884025
439,11242,11681,0.039049991104785624
84,15951,16035,0.005266127515516268
20,9254,9274,0.002161227577263886
31,5062,5093,0.0061240616357171075
177,6443,6620,0.027471674685705418
206,4694,4900,0.04388581167447806
39,3692,3731,0.01056338028169014
50,5333,5383,0.009375585974123383
287,5810,6097,0.04939759036144578
35,10016,10051,0.003494408945686901
60,4086,4146,0.014684287812041116
555,4555,5110,0.12184412733260154
41,4321,4362,0.009488544318444805
54,17539,17593,0.0030788528422373
768,8896,9664,0.08633093525179857
29,3707,3736,0.007823037496628
600,10955,11555,0.05476951163852122
238,9544,9782,0.0249371332774518
29,9652,9681,0.0030045586406962288
26,4691,4717,0.005542528245576636
8,5430,5438,0.0014732965009208103
19,6777,6796,0.002803600413162166
95,4675,4770,0.020320855614973262
27,7823,7850,0.003451361370318292
126,5017,5143,0.025114610324895356
661,7144,7805,0.09252519596864502
520,9307,9827,0.0558719243580101
34,7953,7987,0.004275116308311329
134,6127,6261,0.021870409662151133
46,11747,11793,0.003915893419596493
20,8227,8247,0.0024310198128114744
23,11472,11495,0.002004881450488145
20,7658,7678,0.0026116479498563593
22,3855,3877,0.005706874189364461
30,9735,9765,0.0030816640986132513
15,8050,8065,0.0018633540372670807
24,4592,4616,0.005226480836236934
105,4388,4493,0.023928896991795807
62,5415,5477,0.011449676823638042
47,4040,4087,0.011633663366336634
47,8527,8574,0.005511903365779289
38,21449,21487,0.0017716443657046948
53,2846,2899,0.018622628250175684
70,7593,7663,0.009219017516133281
44,7439,7483,0.005914773491060626
58,6880,6938,0.008430232558139536
27,9265,9292,0.0029141932002158663
229,9122,9351,0.02510414382810787
2372,10487,12859,0.22618480022885476
37,6114,6151,0.006051684658161596
546,8908,9454,0.061293219577907496
112,10291,10403,0.010883296083956856
45,6774,6819,0.006643046944198406
55,4279,4334,0.012853470437017995
1294,32570,33864,0.03972981271108382
54,3435,3489,0.01572052401746725
19,33434,33453,0.0005682837829754143
35,4073,4108,0.00859317456420329
58,24391,24449,0.0023779262842851872
23,8136,8159,0.0028269419862340214
191,6048,6239,0.031580687830687834
284,17237,17521,0.016476184950977548
61,5692,5753,0.010716795502459592
67,5251,5318,0.01275947438583127
46,6298,6344,0.007303906001905367
43,6940,6983,0.006195965417867435
544,25709,26253,0.021159905091602163
55,5308,5363,0.010361718161266013
273,2807,3080,0.09725685785536159
469,3237,3706,0.14488724127278343
47,3914,3961,0.01200817577925396
18,4414,4432,0.0040779338468509285
96,5840,5936,0.01643835616438356
178,15202,15380,0.011708985659781608
327,17186,17513,0.019027115093680904
32,12750,12782,0.0025098039215686275
47,4986,5033,0.0094263939029282
356,9045,9401,0.03935876174682145
431,8232,8663,0.05235665694849368
24,7129,7153,0.0033665310702763363
36,20838,20874,0.0017276130146847107
142,7113,7255,0.01996344720933502
82,7455,7537,0.010999329309188463
27,7003,7030,0.0038554905040696845
39,12445,12484,0.003133788670148654
237,13448,13685,0.017623438429506245
111,8068,8179,0.01375805651958354
26,13283,13309,0.0019573891440186706
25,7375,7400,0.003389830508474576
101,7302,7403,0.01383182689674062
14,6193,6207,0.0022606168254480866
16,7664,7680,0.0020876826722338203
762,30251,31013,0.025189249942150674
97,14898,14995,0.006510941065914888
516,4423,4939,0.11666289848519104
23,7684,7707,0.002993232691306611
133,5149,5282,0.025830258302583026
30,5337,5367,0.005621135469364812
15,5539,5554,0.002708070048745261
46,7689,7735,0.0059825725061776565
26,6508,6534,0.003995082974800246
602,4626,5228,0.13013402507565933
37,9552,9589,0.003873534338358459
25,3368,3393,0.007422802850356294
53,6726,6779,0.007879869164436514
200,5985,6185,0.03341687552213868
35,5909,5944,0.005923168048739211
1063,11159,12222,0.09525943184873197
11,24432,24443,0.0004502292075965946
50,6094,6144,0.008204791598293404
329,7172,7501,0.04587283881762409
67,11760,11827,0.005697278911564626
23,2935,2958,0.007836456558773424
105,9026,9131,0.011633060048748062
88,3622,3710,0.024295969077857537
20,7069,7089,0.0028292544914415053
49,5952,6001,0.00823252688172043
828,23818,24646,0.03476362414980267
1054,4896,5950,0.2152777777777778
55,7902,7957,0.006960263224500126
43,15106,15149,0.002846551039322124
109,12016,12125,0.009071238348868176
56,4489,4545,0.01247493873914012
12,8919,8931,0.0013454423141607804
129,3211,3340,0.04017440049828714
32,9643,9675,0.0033184693560095405
23,5489,5512,0.004190198578976134
49,4027,4076,0.01216786689843556
696,9855,10551,0.07062404870624049
16,6509,6525,0.0024581348901520973
442,11964,12406,0.03694416583082581
48,8188,8236,0.005862237420615535
25,9868,9893,0.0025334414268342116
502,7941,8443,0.06321621961969526
41,10850,10891,0.0037788018433179723
493,10168,10661,0.04848544453186467
28,8523,8551,0.0032852282060307405
406,12442,12848,0.032631409741199165
66,6080,6146,0.010855263157894738
1475,5654,7129,0.26087725504067916
73,3992,4065,0.018286573146292586
12,7937,7949,0.0015119062618117677
49,6398,6447,0.007658643326039387
88,6799,6887,0.012943079864685984
92,12833,12925,0.007169017377074729
31,13262,13293,0.0023375056552556177
495,5534,6029,0.08944705457173835
2156,9350,11506,0.23058823529411765
16,5397,5413,0.002964609968501019
123,5757,5880,0.02136529442417926
59,5188,5247,0.011372397841171935
57,5429,5486,0.010499171118069627
106,13378,13484,0.007923456420989685
1168,19716,20884,0.059241225400689795
231,5057,5288,0.045679256476171645
33,5735,5768,0.005754141238012205
41,3489,3530,0.0117512181140728
51,5544,5595,0.0091991341991342
27,5025,5052,0.005373134328358209
17,3828,3845,0.004440961337513062
78,9829,9907,0.007935700478176823
10436,11293,21729,0.9241122819445674
72,7542,7614,0.00954653937947494
280,7083,7363,0.03953127205986164
137,12697,12834,0.010789950381979996
548,8877,9425,0.061732567308775486
85,5916,6001,0.014367816091954023
55,6028,6083,0.009124087591240875
50,5155,5205,0.009699321047526674
55,6639,6694,0.00828438017773761
54,7003,7057,0.007710981008139369
143,10664,10807,0.01340960240060015
34,4187,4221,0.008120372581800811
81,4288,4369,0.018889925373134327
122,24470,24592,0.004985696771557009
126,8769,8895,0.014368799178925761
18,5774,5792,0.0031174229303775544
47,6310,6357,0.007448494453248812
19,14513,14532,0.001309171087990078
27,5824,5851,0.004635989010989011
38,4379,4417,0.008677780315140443
37,13975,14012,0.0026475849731663684
13,4839,4852,0.0026865054763380862
941,23080,24021,0.040771230502599655
142,5107,5249,0.027804973565694144
13,10650,10663,0.0012206572769953052
80,5495,5575,0.014558689717925387
403,3903,4306,0.1032539072508327
78,4911,4989,0.01588271227855834
44,10121,10165,0.004347396502321905
302,6593,6895,0.04580615804641286
20,4416,4436,0.004528985507246377
40,9423,9463,0.004244932611694789
25,6802,6827,0.0036753895912966772
17,3635,3652,0.004676753782668501
30,15665,15695,0.001915097350781998
77,5543,5620,0.013891394551686812
18,3598,3616,0.005002779321845469
33,6390,6423,0.005164319248826291
41,3488,3529,0.011754587155963303
53,4237,4290,0.012508850601840924
568,10282,10850,0.055242170783894186
29,9075,9104,0.0031955922865013774
26,5901,5927,0.004406032875783766
3747,21664,25411,0.17295974889217133
19,5605,5624,0.003389830508474576
462,3629,4091,0.12730779829154037
52,4754,4806,0.01093815734118637
27,8074,8101,0.0033440673767649244
802,18090,18892,0.0443338861249309
471,15192,15663,0.031003159557661926
28,6258,6286,0.0044742729306487695
31,6798,6829,0.004560164754339511
56,8820,8876,0.006349206349206349
40,8384,8424,0.004770992366412214
1859,12850,14709,0.1446692607003891
10771,15280,26051,0.7049083769633507
27,6041,6068,0.004469458698890912
26,5718,5744,0.004547044421126268
62,4593,4655,0.013498802525582408
209,5182,5391,0.040331918178309535
373,6133,6506,0.0608185227458014
84,4025,4109,0.020869565217391306
39,7841,7880,0.004973855375589848
19,4580,4599,0.004148471615720524
193,4402,4595,0.04384370740572467
12663,11019,23682,1.1491968418186769
49,7679,7728,0.006381039197812215
74,7225,7299,0.010242214532871972
166,8680,8846,0.01912442396313364
19,5402,5421,0.003517215845982969
144,5229,5373,0.027538726333907058
71,6310,6381,0.011251980982567354
309,3891,4200,0.07941403238242097
195,8882,9077,0.021954514748930423
285,6206,6491,0.045923300032226874
22,20267,20289,0.0010855084620318746
52,6828,6880,0.007615700058582308
914,5088,6002,0.17963836477987422
40,23088,23128,0.0017325017325017325
205,3441,3646,0.05957570473699506
55,4739,4794,0.011605824013504958
53,8268,8321,0.00641025641025641
438,7335,7773,0.05971370143149284
55,3629,3684,0.015155690272802424
23,7924,7947,0.0029025744573447755
436,8599,9035,0.05070357018257937
167,4044,4211,0.04129574678536103
34,9174,9208,0.003706126008284282
33,6385,6418,0.005168363351605325
69,8540,8609,0.008079625292740047
24,7511,7535,0.0031953135401411262
23,6420,6443,0.0035825545171339563
38,7426,7464,0.005117155938594129
54,7413,7467,0.007284500202347228
53,3877,3930,0.013670363683260254
184,12080,12264,0.015231788079470199
331,8324,8655,0.03976453628063431
129,4802,4931,0.026863806747188673
243,6249,6492,0.03888622179548728
21,5865,5886,0.0035805626598465474
52,10056,10108,0.005171042163882259
56,6323,6379,0.008856555432547842
1427,4361,5788,0.3272185278605824
48,7345,7393,0.006535057862491491
127,4869,4996,0.026083384678578764
645,4972,5617,0.12972646822204345
20,5606,5626,0.0035676061362825543
119,14647,14766,0.008124530620604902
210,8597,8807,0.024427125741537745
50,5070,5120,0.009861932938856016
404,4522,4926,0.08934099955771782
602,15150,15752,0.03973597359735974
186,6953,7139,0.026751042715374658
157,9721,9878,0.016150601789939305
83,3919,4002,0.02117887216126563
103,9765,9868,0.010547875064004097
17,6286,6303,0.002704422526248807
22,3621,3643,0.006075669704501519
73,5201,5274,0.014035762353393579
25,4394,4419,0.005689576695493855
25,3235,3260,0.0077279752704791345
41,5251,5292,0.007808036564463911
281,3858,4139,0.07283566614826335
116,10441,10557,0.011110046930370654
23,11006,11029,0.0020897692167908414
330,11771,12101,0.02803500127431824
25,10643,10668,0.002348961758902565
30,5323,5353,0.005635919594213789
608,25752,26360,0.023609816713264987
256,5634,5890,0.04543840965566205
36,17334,17370,0.0020768431983385254
40,4482,4522,0.00892458723784025
179,8749,8928,0.020459481083552406
2214,21467,23681,0.10313504448688685
21,7633,7654,0.002751211843311935
153,9248,9401,0.016544117647058824
67,3677,3744,0.018221376121838457
67,10966,11033,0.006109793908444282
19,6935,6954,0.0027397260273972603
36,8888,8924,0.004050405040504051
30,6958,6988,0.004311583788444955
52,5532,5584,0.009399855386840203
15,7673,7688,0.0019549068161084323
29,6521,6550,0.004447170679343659
17,9211,9228,0.001845619368146781
168,16453,16621,0.010210903786543487
604,20120,20724,0.030019880715705764
67,7163,7230,0.009353622783749826
1598,7962,9560,0.20070334086912836
82,8204,8286,0.009995124329595319
54,4438,4492,0.01216764308246958
281,4188,4469,0.06709646609360076
186,10041,10227,0.018524051389303853
475,7046,7521,0.06741413567981834
62,4896,4958,0.012663398692810458
79,5086,5165,0.01553283523397562
121,10069,10190,0.012017082133280366
21,5856,5877,0.003586065573770492
326,6791,7117,0.048004712118981004
84,7623,7707,0.011019283746556474
367,13634,14001,0.02691799911984744
57,3864,3921,0.014751552795031056
11,5557,5568,0.0019794853338132084
606,5603,6209,0.10815634481527753
2287,20178,22465,0.11334126276142334
83,12670,12753,0.006550907655880032
37,8835,8872,0.004187889077532541
54,5276,5330,0.01023502653525398
75,6150,6225,0.012195121951219513
28,6803,6831,0.004115831250918712
637,10226,10863,0.06229219636221396
439,5230,5669,0.08393881453154876
13,4981,4994,0.0026099176872114035
34,6117,6151,0.005558280202713748
14,5479,5493,0.0025552108048914036
1371,7398,8769,0.18532035685320356
929,5826,6755,0.1594576038448335
32,10587,10619,0.003022574855955417
42,8207,8249,0.005117582551480444
93,8976,9069,0.01036096256684492
50,5110,5160,0.009784735812133072
842,4637,5479,0.18158291999137374
41,6097,6138,0.0067246186649171725
20,5138,5158,0.003892565200467108
311,7442,7753,0.04178984144047299
26,6982,7008,0.0037238613577771414
134,7031,7165,0.019058455411747974
91,8161,8252,0.01115059428991545
10990,9985,20975,1.100650976464697
1054,41828,42882,0.02519843167256383
137,5601,5738,0.024459917871808606
284,3855,4139,0.07367055771725033
1617,5202,6819,0.3108419838523645
36,13525,13561,0.0026617375231053606
121,3134,3255,0.03860880663688577
82,2301,2383,0.035636679704476315
399,6473,6872,0.061640661208095165
26,4795,4821,0.005422314911366006
65,3889,3954,0.01671380817690923
37,5631,5668,0.006570768957556384
569,2228,2797,0.25538599640933574
110,17139,17249,0.006418110741583523
20,20168,20188,0.0009916699722332407
12,9272,9284,0.0012942191544434857
1301,24666,25967,0.05274466877483175
21,10973,10994,0.0019137883896837692
109,9517,9626,0.011453189030156562
253,4381,4634,0.05774937228943164
90,3227,3317,0.027889680818097305
24,6739,6763,0.003561359252114557
75,4751,4826,0.015786150284150705
20,7760,7780,0.002577319587628866
116,5604,5720,0.02069950035688794
63,15366,15429,0.004099960952752831
1406,8505,9911,0.16531452087007642
33,8187,8220,0.004030780505679736
17,9764,9781,0.0017410897173289635
362,2407,2769,0.1503946821769838
348,4033,4381,0.0862881229853707
26,8445,8471,0.003078744819419775
287,7238,7525,0.039651837524177946
1338,4071,5409,0.3286661753868828
17,7641,7658,0.0022248396806700695
26,6253,6279,0.004158004158004158
193,7509,7702,0.02570249034491943
30,5286,5316,0.0056753688989784334
22,5088,5110,0.004323899371069182
108,7494,7602,0.014411529223378704
52,11056,11108,0.004703328509406657
389,6223,6612,0.06251004338743371
550,16972,17522,0.03240631628564695
20,5512,5532,0.00362844702467344
78,4585,4663,0.017011995637949837
73,5640,5713,0.012943262411347517
362,15458,15820,0.023418294734118255
17,11480,11497,0.001480836236933798
63,11584,11647,0.00543853591160221
28,6167,6195,0.004540295119182747
355,7808,8163,0.04546618852459016
19,6795,6814,0.0027961736571008094
146,10936,11082,0.013350402340892466
1262,6972,8234,0.18100975329890992
148,5271,5419,0.02807816353633087
11,18715,18726,0.0005877638258081752
23,3478,3501,0.006612995974698103
30,4432,4462,0.006768953068592058
468,7637,8105,0.06128060756841692
370,5249,5619,0.07048961706991808
208,8999,9207,0.023113679297699745
52,4802,4854,0.010828821324448146
28,5016,5044,0.005582137161084529
81,4108,4189,0.019717624148003893
184,6120,6304,0.030065359477124184
278,8704,8982,0.031939338235294115
45,9130,9175,0.004928806133625411
433,5433,5866,0.0796981409902448
91,7756,7847,0.011732851985559567
135,3638,3773,0.03710830126443101
32,7916,7948,0.00404244567963618
57,8352,8409,0.006824712643678161
39,13380,13419,0.002914798206278027
12,4350,4362,0.002758620689655172
19,6136,6155,0.0030964797913950455
26,8963,8989,0.0029008144594443825
206,9785,9991,0.021052631578947368
10,11437,11447,0.0008743551630672379
29,3949,3978,0.007343631299063054
98,4172,4270,0.02348993288590604
68,13332,13400,0.0051005100510051
20,18998,19018,0.0010527423939362037
142,10637,10779,0.013349628654695873
232,7267,7499,0.03192514104857575
841,4408,5249,0.19078947368421054
41,5116,5157,0.008014073494917905
64,4638,4702,0.013799051315222079
43,5409,5452,0.007949713440562027
27,7897,7924,0.003419019880967456
67,9838,9905,0.006810327302297215
25,4987,5012,0.005013033888109084
523,19157,19680,0.02730072558333768
24,5284,5308,0.004542013626040878
74,28401,28475,0.002605542058378226
589,5950,6539,0.09899159663865546
55,4782,4837,0.01150146382266834
276,18527,18803,0.014897177092891456
166,15299,15465,0.010850382377933199
51,5816,5867,0.008768913342503439
478,4972,5450,0.09613837489943684
64,3942,4006,0.016235413495687467
91,7088,7179,0.012838600451467268
46,5403,5449,0.008513788635942994
611,5454,6065,0.11202786945361203
17,3876,3893,0.0043859649122807015
36,15206,15242,0.0023674865184795477
1062,6929,7991,0.15326886996680616
76,5040,5116,0.01507936507936508
66,4544,4610,0.014524647887323943
17,7843,7860,0.0021675379319138085
83,4452,4535,0.018643306379155435
226,6809,7035,0.03319136437068586
2296,7631,9927,0.3008779976412004
63,5681,5744,0.011089596901953882
47,5017,5064,0.009368148295794299
20,7885,7905,0.0025364616360177552
81,7167,7248,0.011301799916282964
55,6389,6444,0.008608545938331507
28,10367,10395,0.0027008777852802163
37,21270,21307,0.0017395392571697226
53,4077,4130,0.012999754721609027
170,2341,2511,0.07261853908586074
266,5487,5753,0.04847822125022781
43,6977,7020,0.0061631073527304
147,8127,8274,0.01808785529715762
299,9574,9873,0.03123041570921245
465,6868,7333,0.06770529994175888
31,4834,4865,0.006412908564335954
24,5558,5582,0.004318100035984167
274,5536,5810,0.04949421965317919
102,6668,6770,0.015296940611877625
474,5055,5529,0.09376854599406528
127,6433,6560,0.019741955541737913
77,5623,5700,0.013693757780544193
182,8505,8687,0.02139917695473251
44,4799,4843,0.00916857678683059
78,3020,3098,0.025827814569536423
130,5077,5207,0.025605672641323615
47,4557,4604,0.010313802940531051
8,3422,3430,0.0023378141437755697
238,5576,5814,0.042682926829268296
72,7858,7930,0.009162636803257827
149,7002,7151,0.021279634390174235
81,11014,11095,0.007354276375522063
26,8950,8976,0.002905027932960894
82,7686,7768,0.010668748373666407
122,9321,9443,0.013088724385795515
101,7778,7879,0.012985343275906404
770,3810,4580,0.2020997375328084
22,3597,3619,0.0061162079510703364
85,5392,5477,0.015764094955489614
114,4194,4308,0.027181688125894134
16,6300,6316,0.0025396825396825397
17,5046,5063,0.003369005152596116
16,5392,5408,0.002967359050445104
79,6108,6187,0.012933857236411264
126,10750,10876,0.01172093023255814
163,10172,10335,0.016024380652772317
57,7666,7723,0.0074354291677537175
11216,16652,27868,0.6735527263992314
23,7188,7211,0.003199777406789093
71,5860,5931,0.012116040955631398
790,6526,7316,0.12105424456022065
95,8294,8389,0.011454063178201109
1042,6711,7753,0.15526747131575025
28,4580,4608,0.00611353711790393
22,5736,5758,0.0038354253835425384
64,4706,4770,0.013599660008499787
23,4935,4958,0.004660587639311043
24,6767,6791,0.0035466233190483225
338,20592,20930,0.016414141414141416
33,7108,7141,0.004642656162070906
72,6455,6527,0.011154144074360961
20,8323,8343,0.0024029796948215787
465,12231,12696,0.038018150600932055
295,5283,5578,0.05583948514101836
17,6950,6967,0.002446043165467626
78,3507,3585,0.022241231822070145
20,7828,7848,0.0025549310168625446
61,7885,7946,0.007736207989854154
107,7641,7748,0.0140034026959822
41,9650,9691,0.004248704663212435
50,5749,5799,0.008697164724299879
705,9769,10474,0.07216705906438735
32,5622,5654,0.005691924581999288
62,6170,6232,0.010048622366288493
50,7396,7446,0.006760411032990805
81,5276,5357,0.01535253980288097
38,8668,8706,0.004383940932164283
190,5200,5390,0.03653846153846154
35,6860,6895,0.00510204081632653
17,7898,7915,0.0021524436566219295
131,3962,4093,0.033064109035840485
16,8993,9009,0.0017791615701100857
25,5990,6015,0.004173622704507512
40,15645,15685,0.002556727388942154
213,4734,4947,0.044993662864385296
14,7305,7319,0.0019164955509924709
697,5790,6487,0.12037996545768566
40,4174,4214,0.009583133684714902
6,12096,12102,0.000496031746031746
27,6197,6224,0.004356946909795062
47,4897,4944,0.009597712885440065
34,6023,6057,0.005645027394985887
42,5901,5943,0.0071174377224199285
325,9555,9880,0.034013605442176874
58,3658,3716,0.015855658829961726
23,33341,33364,0.0006898413364926067
254,4593,4847,0.0553015458306118
57,7894,7951,0.00722067392956676
58,4965,5023,0.011681772406847936
74,6272,6346,0.011798469387755101
15,12316,12331,0.0012179278986683988
176,7295,7471,0.024126113776559287
36,13064,13100,0.0027556644213104714
12,9537,9549,0.0012582573136206354
71,4181,4252,0.01698158335326477
21,3789,3810,0.0055423594615993665
526,19018,19544,0.027658008202755286
1061,12256,13317,0.08656984334203656
1192,3961,5153,0.30093410754859884
131,5714,5845,0.022926146307315366
317,6580,6897,0.04817629179331307
34,4911,4945,0.006923233557320301
80,10908,10988,0.007334066740007334
23,6811,6834,0.003376890324475114
470,6151,6621,0.07641033978214924
76,7571,7647,0.010038304054946507
27,5340,5367,0.0050561797752808986
336,4824,5160,0.06965174129353234
214,10075,10289,0.021240694789081888
19,8629,8648,0.0022018773901958514
25,6195,6220,0.004035512510088781
369,7764,8133,0.047527047913446675
22,2759,2781,0.007973903588256614
56,13564,13620,0.0041285756414037155
38,6569,6607,0.005784746536763586
129,19115,19244,0.006748626732932252
119,6676,6795,0.017825044937088075
61,15506,15567,0.003933961047336515
66,6384,6450,0.010338345864661654
88,9741,9829,0.00903398008418027
34,6926,6960,0.004909038406006353
26,7434,7460,0.003497444175410277
69,7079,7148,0.009747139426472666
18,12175,12193,0.0014784394250513346
33,4097,4130,0.008054674151818403
176,5055,5231,0.03481701285855589
341,6385,6726,0.053406421299921694
317,4330,4647,0.07321016166281755
94,4347,4441,0.02162410858063032
42,8063,8105,0.005208979288106164
638,9980,10618,0.06392785571142284
21,5857,5878,0.0035854533037391156
71,5556,5627,0.012778977681785457
26,4493,4519,0.005786779434676163
18,25429,25447,0.0007078532384285658
471,9648,10119,0.048818407960199005
21,7889,7910,0.0026619343389529724
102,3346,3448,0.030484160191273164
37,4569,4606,0.008098052090172904
2214,17267,19481,0.1282214629061215
64,2958,3022,0.021636240703177823
336,2236,2572,0.15026833631484796
48,4989,5037,0.009621166566446182
56,9860,9916,0.005679513184584178
20,7778,7798,0.0025713551041398816
487,14555,15042,0.033459292339402265
138,9244,9382,0.0149286023366508
30,5584,5614,0.0053724928366762174
361,16629,16990,0.02170906248120753
6672,7714,14386,0.8649209229971481
40,17889,17929,0.0022360109564536867
109,7997,8106,0.0136301112917344
662,8329,8991,0.07948133029175171
47,5210,5257,0.009021113243761996
15,7035,7050,0.0021321961620469083
61,18577,18638,0.0032836302955267264
67,5877,5944,0.011400374340649992
42,17858,17900,0.002351887109418748
33,3177,3210,0.010387157695939566
17,9718,9735,0.001749331138094258
14,5691,5705,0.0024600246002460025
29,10052,10081,0.0028849980103461998
40,6885,6925,0.005809731299927378
46,14801,14847,0.00310789811499223
78,4058,4136,0.019221291276490884
47,5625,5672,0.008355555555555555
29,8964,8993,0.0032351628737170906
23,7445,7468,0.0030893216924110143
25,4878,4903,0.005125051250512505
47,10929,10976,0.0043004849483026806
261,7446,7707,0.035052377115229655
223,6345,6568,0.0351457840819543
236,3865,4101,0.0610608020698577
137,6315,6452,0.021694378463974665
283,5025,5308,0.056318407960199005
39,5922,5961,0.006585612968591692
57,8672,8729,0.006572878228782288
47,6271,6318,0.007494817413490671
11,6944,6955,0.0015841013824884793
324,18532,18856,0.01748327217785452
1010,18812,19822,0.0536891345949394
329,5532,5861,0.059472161966738976
40,4163,4203,0.009608455440787894
18,8143,8161,0.0022104875353063983
1038,11260,12298,0.09218472468916519
30,4508,4538,0.006654835847382431
70,16689,16759,0.004194379531427887
81,10907,10988,0.0074264233978179155
51,11418,11469,0.004466631634261692
14,6581,6595,0.002127336271083422
1011,3905,4916,0.258898847631242
21,5665,5686,0.003706972639011474
31,3505,3536,0.00884450784593438
449,8271,8720,0.05428605972675614
26,4797,4823,0.005420054200542005
94,7062,7156,0.013310676862078732
221,14662,14883,0.015072977765652707
43,8697,8740,0.004944233643785214
466,19501,19967,0.023896210450746115
39,10240,10279,0.00380859375
34,5708,5742,0.005956552207428171
16,6065,6081,0.0026380873866446827
27,10748,10775,0.002512095273539263
45,6591,6636,0.006827492034592627
18,6460,6478,0.0027863777089783283
659,3464,4123,0.19024249422632794
58,12610,12668,0.004599524187153053
24,8885,8909,0.0027011817670230726
26,4742,4768,0.005482918599746942
577,4574,5151,0.12614779186707478
102,8187,8289,0.01245877610846464
144,4012,4156,0.03589232303090728
46,8144,8190,0.005648330058939097
30,5348,5378,0.005609573672400898
123,11691,11814,0.010520913523222993
50,7198,7248,0.006946373992775771
70,10606,10676,0.006600037714501226
185,14,199,13.214285714285714
100,4810,4910,0.02079002079002079
416,8283,8699,0.0502233490281299
35,8178,8213,0.004279775006113964
80,3636,3716,0.022002200220022004
30,4677,4707,0.006414368184733804
62,8579,8641,0.007226949527917007
352,8089,8441,0.04351588577079985
29,3195,3224,0.009076682316118936
423,5277,5700,0.0801591813530415
30,4874,4904,0.006155108740254411
23,4151,4174,0.0055408335340881715
18,15475,15493,0.0011631663974151858
93,6903,6996,0.013472403302911778
120,5929,6049,0.020239500758981278
20,4214,4234,0.004746084480303749
36,6746,6782,0.005336495701156241
65,6671,6736,0.009743666616699146
29,7281,7310,0.003982969372338965
13,5278,5291,0.0024630541871921183
219,4420,4639,0.04954751131221719
100,8243,8343,0.01213150551983501
73,8777,8850,0.008317192662640993
414,7941,8355,0.05213449187759728
233,11305,11538,0.020610349402919063
19,5263,5282,0.0036101083032490976
46,9873,9919,0.004659171477767649
35,6337,6372,0.005523118194729367
258,5889,6147,0.04381049414161997
55,4436,4491,0.012398557258791704
58,4805,4863,0.012070759625390219
45,3724,3769,0.012083780880773363
25,3912,3937,0.006390593047034765
141,6525,6666,0.02160919540229885
99,12657,12756,0.007821758710594928
775,4392,5167,0.17645719489981784
25,7230,7255,0.003457814661134163
50,10106,10156,0.004947555907381753
1916,6288,8204,0.30470737913486007
61,5835,5896,0.010454155955441302
149,11453,11602,0.013009691783812102
53,7178,7231,0.0073836723321259404
215,4750,4965,0.045263157894736845
103,4650,4753,0.022150537634408603
3574,4748,8322,0.7527379949452401
49,10571,10620,0.004635323053637309
138,7026,7164,0.01964133219470538
239,7243,7482,0.03299737677757835
61,3607,3668,0.016911560853895204
18,10602,10620,0.001697792869269949
104,10501,10605,0.009903818683934864
206,3823,4029,0.05388438399162961
32,3382,3414,0.009461856889414548
109,14397,14506,0.007571021740640411
38,10491,10529,0.0036221523210370793
153,7915,8068,0.019330385344283007
283,12270,12553,0.02306438467807661
34,11444,11478,0.0029709891646277527
394,17657,18051,0.022314096392365635
16,9520,9536,0.0016806722689075631
20,9389,9409,0.0021301523058898713
3482,6575,10057,0.5295817490494297
27,8864,8891,0.003046028880866426
227,5808,6035,0.03908402203856749
14,10049,10063,0.0013931734500945367
113,8477,8590,0.013330187566356021
341,10959,11300,0.031115977735194818
39,10092,10131,0.0038644470868014267
51,4672,4723,0.01091609589041096
43,7246,7289,0.00593430858404637
34,5087,5121,0.006683703558089247
140,8810,8950,0.015891032917139614
51,3644,3695,0.013995609220636663
30,7036,7066,0.004263786242183059
56,10366,10422,0.005402276673741077
17,6631,6648,0.002563715879957774
919,8510,9429,0.10799059929494711
58,2918,2976,0.019876627827278958
14,10279,10293,0.0013620001945714563
24,5605,5629,0.004281891168599465
63,6636,6699,0.00949367088607595
55,4113,4168,0.01337223437879893
40,4219,4259,0.009480919649205973
23,7907,7930,0.0029088149740736056
251,7910,8161,0.031731984829329964
449,1920,2369,0.23385416666666667
360,4291,4651,0.08389652761594034
184,4905,5089,0.037512742099898064
37,4288,4325,0.008628731343283583
109,4488,4597,0.02428698752228164
111,5754,5865,0.01929092805005214
81,4222,4303,0.019185220274751304
231,4243,4474,0.05444261135988687
369,8143,8512,0.045314994473781164
29,11216,11245,0.002585592011412268
60,3835,3895,0.01564537157757497
248,10745,10993,0.023080502559329922
483,27141,27624,0.017795954460042004
380,8840,9220,0.042986425339366516
73,6512,6585,0.01121007371007371
276,8902,9178,0.0310042687036621
22,10223,10245,0.0021520101731390003
50,5723,5773,0.008736676568233443
926,5225,6151,0.17722488038277512
329,6235,6564,0.05276663993584603
52,16531,16583,0.0031456052265440688
768,4568,5336,0.1681260945709282
1205,14078,15283,0.08559454467964199
71,3884,3955,0.018280123583934087
82,27804,27886,0.002949215940152496
310,3735,4045,0.08299866131191433
44,4866,4910,0.009042334566378957
127,26794,26921,0.004739867134433082
18,21033,21051,0.0008557980316645272
246,9478,9724,0.025954842793838362
22,6951,6973,0.003165012228456337
48,5201,5249,0.009228994424149203
24,3479,3503,0.006898534061511929
574,14548,15122,0.039455595270827606
15,8416,8431,0.001782319391634981
111,4732,4843,0.02345731191885038
56,8469,8525,0.006612350926909907
88,14140,14228,0.006223479490806223
25,39039,39064,0.0006403852557698711
133,4292,4425,0.0309878844361603
169,6939,7108,0.0243550943940049
62,8482,8544,0.007309596793209149
19,6454,6473,0.002943910753021382
21,5442,5463,0.003858875413450937
22,3683,3705,0.005973391257127342
46,6296,6342,0.007306226175349428
52,5761,5813,0.009026210727304288
11,6680,6691,0.0016467065868263472
300,5207,5507,0.05761474937584021
15,8668,8683,0.0017305029995385325
63,5639,5702,0.011172193651356624
29,10395,10424,0.0027898027898027897
43,9037,9080,0.004758216222197632
141,5141,5282,0.02742657070608831
67,7708,7775,0.008692267773741567
94,4776,4870,0.01968174204355109
54,4902,4956,0.011015911872705019
363,5205,5568,0.06974063400576369
147,5773,5920,0.0254633639355621
37,5839,5876,0.006336701489981161
224,8411,8635,0.026631791701343478
379,12233,12612,0.030981770620452872
362,9977,10339,0.03628345193946076
20,4340,4360,0.004608294930875576
29,3831,3860,0.0075698251109370925
314,15766,16080,0.019916275529620702
299,7104,7403,0.042088963963963964
317,12085,12402,0.026230864708316093
11,8639,8650,0.0012732955203148513
242,10576,10818,0.022881996974281393
34,4602,4636,0.007388092133854845
97,3012,3109,0.032204515272244355
24,7103,7127,0.0033788540053498522
630,7502,8132,0.08397760597174087
68,8958,9026,0.00759098012949319
83,5010,5093,0.01656686626746507
495,17794,18289,0.0278183657412611
20,6216,6236,0.0032175032175032173
85,8131,8216,0.010453818718484812
210,3727,3937,0.056345586262409444
97,9118,9215,0.010638297872340425
44,3385,3429,0.012998522895125554
57,5249,5306,0.010859211278338731
67,6993,7060,0.00958100958100958
301,5690,5991,0.05289982425307557
97,7396,7493,0.013115197404002164
55,6358,6413,0.00865051903114187
13472,9879,23351,1.3637007794311164
31,8039,8070,0.0038562010200273666
19,7168,7187,0.002650669642857143
382,14376,14758,0.026572064552031163
50,5238,5288,0.009545628102329133
389,2156,2545,0.18042671614100186
73,6404,6477,0.011399125546533417
34,18911,18945,0.0017978954047908624
769,7869,8638,0.09772525098487737
36,6704,6740,0.0053699284009546535
19,8888,8907,0.002137713771377138
16,11739,11755,0.0013629781071641536
16,3951,3967,0.004049607694254619
126,5731,5857,0.021985691851334845
98,6149,6247,0.01593755082127175
67,8801,8868,0.007612771275991364
126,46885,47011,0.0026874266823077742
54,6993,7047,0.007722007722007722
22,11625,11647,0.00189247311827957
208,14218,14426,0.014629343086228723
328,11819,12147,0.027751924866739996
207,7497,7704,0.027611044417767107
66,8135,8201,0.008113091579594346
669,5449,6118,0.12277482106808589
380,4039,4419,0.09408269373607328
136,4594,4730,0.029603831084022637
60,4651,4711,0.012900451515803053
60,4317,4377,0.01389854065323141
78,3800,3878,0.020526315789473684
25,4049,4074,0.0061743640405038285
73,6674,6747,0.010937968234941564
320,10910,11230,0.02933088909257562
155,10947,11102,0.014159130355348498
34,3582,3616,0.009491903964265773
47,19915,19962,0.0023600301280441876
19,4544,4563,0.004181338028169014
59,4413,4472,0.013369589848175845
164,6369,6533,0.025749725231590515
1781,12598,14379,0.1413716462930624
137,4261,4398,0.03215207697723539
24,5095,5119,0.004710500490677135
21,17278,17299,0.0012154184512096307
50,7090,7140,0.007052186177715092
149,5496,5645,0.027110625909752547
299,4687,4986,0.06379347130360571
74,4598,4672,0.016093953892996955
19,7775,7794,0.0024437299035369774
29,5810,5839,0.0049913941480206545
496,11789,12285,0.04207311900924591
26,3506,3532,0.007415858528237307
47,8478,8525,0.005543760320830385
84,10385,10469,0.008088589311506982
76,6722,6798,0.011306158881285331
188,4266,4454,0.04406938584153774
41,12830,12871,0.003195635229929852
60,6281,6341,0.009552619009711829
107,17024,17131,0.006285244360902256
3663,7170,10833,0.5108786610878661
225,5010,5235,0.04491017964071856
22,8027,8049,0.002740749968855114
367,5774,6141,0.06356078974714237
23,3836,3859,0.005995828988529718
1018,9054,10072,0.11243649215816214
53,12505,12558,0.0042383046781287485
29,4583,4612,0.006327732926030984
31,4380,4411,0.007077625570776256
53,4656,4709,0.01138316151202749
219,4745,4964,0.046153846153846156
363,4447,4810,0.08162806386327862
42,7693,7735,0.00545950864422202
396,10602,10998,0.03735144312393888
47,9947,9994,0.004725042726450186
73,3867,3940,0.018877682958365657
24,7930,7954,0.003026481715006305
92,5021,5113,0.018323043218482375
35,10657,10692,0.0032842263301116636
140,4107,4247,0.0340881421962503
19,9247,9266,0.0020547204498756353
78,6984,7062,0.011168384879725086
354,11635,11989,0.030425440481306402
22,3424,3446,0.006425233644859813
703,13672,14375,0.05141895845523698
107,9644,9751,0.011094981335545416
179,2975,3154,0.060168067226890755
46,5201,5247,0.008844452989809652
17,4229,4246,0.0040198628517379995
58,8049,8107,0.00720586408249472
32,7386,7418,0.004332520985648524
45,7991,8036,0.005631335252158679
11925,13647,25572,0.8738184216311278
134,2906,3040,0.04611149346180317
25,3586,3611,0.006971556051310652
78,4258,4336,0.018318459370596524
105,3149,3254,0.033343918704350585
16,18183,18199,0.0008799428037177583
34,3626,3660,0.009376723662437948
37,4963,5000,0.007455168245013097
116,13780,13896,0.00841799709724238
39,8585,8624,0.00454280722189866
19,7940,7959,0.0023929471032745593
97,14125,14222,0.006867256637168142
57,6009,6066,0.009485771342985522
52,3897,3949,0.01334359763920965
30,10506,10536,0.0028555111364934323
84,6588,6672,0.012750455373406194
225,7770,7995,0.02895752895752896
362,10791,11153,0.03354647391344639
264,3560,3824,0.07415730337078652
57,12281,12338,0.004641315853757837
31,10383,10414,0.0029856496195704517
399,6076,6475,0.06566820276497695
69,8382,8451,0.0082319255547602
40,6710,6750,0.005961251862891207
100,8972,9072,0.011145786892554615
22,6425,6447,0.003424124513618677
101,7082,7183,0.014261508048573849
55,4664,4719,0.01179245283018868
55,6315,6370,0.00870942201108472
107,12247,12354,0.008736833510247408
27,4664,4691,0.005789022298456261
80,4326,4406,0.01849283402681461
57,5503,5560,0.010357986552789387
309,11112,11421,0.027807775377969763
240,6022,6262,0.03985386914646297
37,7760,7797,0.0047680412371134025
60,24360,24420,0.0024630541871921183
79,9005,9084,0.008772903942254303
24,5801,5825,0.004137217721082572
56,6832,6888,0.00819672131147541
243,2243,2486,0.10833704859563086
12,19746,19758,0.0006077180188392585
33,15751,15784,0.002095105072693797
71,5535,5606,0.012827461607949413
28,4510,4538,0.006208425720620843
233,8575,8808,0.02717201166180758
173,7533,7706,0.0229656179476968
264,7380,7644,0.03577235772357724
95,7457,7552,0.012739707657234813
85,6130,6215,0.013866231647634585
68,3697,3765,0.018393291858263456
24,6136,6160,0.003911342894393742
127,11153,11280,0.011387070743297768
63,11996,12059,0.005251750583527843
44,6680,6724,0.006586826347305389
97,6745,6842,0.014381022979985175
271,6678,6949,0.040581012279125486
64,5756,5820,0.011118832522585128
59,4474,4533,0.01318730442556996
545,5023,5568,0.1085008958789568
39,4115,4154,0.009477521263669502
487,5156,5643,0.09445306439100078
116,4089,4205,0.028368794326241134
70,4665,4735,0.015005359056806002
83,3974,4057,0.020885757423251133
60,4840,4900,0.012396694214876033
26,4031,4057,0.0064500124038700075
37,3210,3247,0.011526479750778817
117,6598,6715,0.017732646256441345
42,4596,4638,0.009138381201044387
80,11979,12059,0.006678353785791802
51,6923,6974,0.007366748519427994
43,10945,10988,0.003928734582000913
231,13137,13368,0.017583923270153002
45,3439,3484,0.013085199185809828
98,6063,6161,0.016163615371928088
57,8853,8910,0.006438495425279567
4600,8611,13211,0.5342004412960167
32,5132,5164,0.006235385814497272
71,8250,8321,0.008606060606060607
1417,6462,7879,0.2192819560507583
372,10643,11015,0.034952550972470166
59,5940,5999,0.009932659932659932
51,5286,5337,0.009648127128263337
480,8513,8993,0.05638435334194761
51,8215,8266,0.00620815581253804
32,6082,6114,0.005261427162117725
56,5982,6038,0.009361417586091608
141,7310,7451,0.019288645690834473
41,14481,14522,0.0028312961812029555
19,5824,5843,0.0032623626373626375
103,8022,8125,0.012839690850162054
360,9263,9623,0.0388642988232754
34,4009,4043,0.008480917934647045
44,5747,5791,0.007656168435705586
10,6332,6342,0.0015792798483891346
333,6208,6541,0.05364046391752577
163,6757,6920,0.02412313156726358
33,10083,10116,0.0032728354656352274
16,4902,4918,0.0032639738882088943
82,9440,9522,0.008686440677966102
52,5511,5563,0.00943567410633279
1635,4889,6524,0.33442421763141744
78,5745,5823,0.013577023498694517
31,8008,8039,0.003871128871128871
9,7724,7733,0.0011651993785603315
149,3053,3202,0.04880445463478546
166,7486,7652,0.022174726155490248
22,7833,7855,0.0028086301544746587
584,7555,8139,0.07729980145598941
11,5856,5867,0.001878415300546448
259,4168,4427,0.06214011516314779
55,7833,7888,0.007021575386186646
247,5134,5381,0.048110634982469806
291,6544,6835,0.044468215158924206
177,5808,5985,0.030475206611570247
79,5288,5367,0.014939485627836611
314,4526,4840,0.06937693327441449
25,6869,6894,0.0036395399621487845
56,3987,4043,0.014045648357160772
334,5322,5656,0.06275836151822622
53,5953,6006,0.008903074080295649
111,3755,3866,0.029560585885486018
2330,8108,10438,0.2873704982733103
323,6531,6854,0.04945643852396264
103,5797,5900,0.017767810936691393
87,5327,5414,0.016331894124272574
27,6764,6791,0.003991720875221762
71,10113,10184,0.007020666468901414
103,9269,9372,0.01111230985003776
27,5514,5541,0.004896626768226333
50,4561,4611,0.010962508221881167
70,2404,2474,0.029118136439267885
47,3784,3831,0.012420718816067653
58,6241,6299,0.009293382470757892
458,7320,7778,0.06256830601092896
131,4355,4486,0.03008036739380023
102,7246,7348,0.014076731990063483
35,7597,7632,0.004607081742793208
61,6343,6404,0.009616900520258553
14,18304,18318,0.0007648601398601399
30,6234,6264,0.004812319538017324
17,4199,4216,0.004048582995951417
30,7745,7775,0.003873466752743706
174,4509,4683,0.0385894876912841
35,5778,5813,0.006057459328487366
20,9728,9748,0.002055921052631579
151,6051,6202,0.024954552966451826
165,9409,9574,0.01753640131788713
24,5047,5071,0.0047553001783237564
52,13413,13465,0.0038768359054648475
25,5235,5260,0.004775549188156638
17,7615,7632,0.002232435981615233
63,4541,4604,0.013873596124201719
25,5833,5858,0.004285959197668438
37,15145,15182,0.0024430505117200396
58,5242,5300,0.011064479206409768
137,5836,5973,0.02347498286497601
154,20734,20888,0.007427413909520594
199,4603,4802,0.0432326743428199
49,4913,4962,0.009973539588845918
96,5918,6014,0.01622169651909429
53,5007,5060,0.010585180746954264
934,23709,24643,0.03939432283099245
68,6265,6333,0.010853950518754988
64,11539,11603,0.005546407834301066
99,11076,11175,0.008938244853737811
238,9142,9380,0.026033690658499236
58,5252,5310,0.011043412033511044
41,19587,19628,0.002093225098279471
31,9940,9971,0.003118712273641851
147,9297,9444,0.015811552113585026
62,2825,2887,0.021946902654867255
60,16344,16404,0.003671071953010279
54,3230,3284,0.01671826625386997
51,5444,5495,0.009368111682586333
14,3282,3296,0.0042656916514320535
90,5583,5673,0.016120365394948953
34,11269,11303,0.003017126630579466
27,9548,9575,0.0028278173439463764
320,5010,5330,0.06387225548902195
133,7645,7778,0.01739699149771092
33,8737,8770,0.0037770401739727595
96,5044,5140,0.0190325138778747
19,7640,7659,0.0024869109947643978
1881,13210,15091,0.14239212717638153
34,5350,5384,0.006355140186915888
30,4399,4429,0.00681973175721755
314,28727,29041,0.010930483517248582
17,8790,8807,0.0019340159271899887
193,3873,4066,0.049832171443325586
25,7222,7247,0.0034616449736914984
9161,6808,15969,1.3456227967097532
29,24539,24568,0.0011817922490729043
94,5297,5391,0.017745893902208796
13,5323,5336,0.0024422318241593085
249,4748,4997,0.05244313395113732
219,5996,6215,0.03652434956637759
29,4452,4481,0.00651392632524708
220,12517,12737,0.017576096508748102
771,6086,6857,0.12668419323036478
47,7475,7522,0.006287625418060201
14,4465,4479,0.003135498320268757
90,7859,7949,0.011451838656317598
54,8019,8073,0.006734006734006734
1295,6240,7535,0.2075320512820513
254,3845,4099,0.06605981794538361
32,6570,6602,0.004870624048706241
456,3606,4062,0.1264559068219634
66,3518,3584,0.018760659465605456
1028,7970,8998,0.12898368883312422
141,5472,5613,0.025767543859649123
187,6225,6412,0.03004016064257028
97,5554,5651,0.01746489016924739
37,4672,4709,0.007919520547945206
245,6167,6412,0.039727582292849034
609,8572,9181,0.07104526364909006
58,4533,4591,0.012795058460180895
188,5070,5258,0.03708086785009862
225,4219,4444,0.0533301730267836
98,4886,4984,0.02005730659025788
26,4879,4905,0.005328960852633737
279,5042,5321,0.05533518445061483
76,5237,5313,0.014512125262554899
69,4819,4888,0.014318323303589956
340,7246,7586,0.046922439966878275
76,6181,6257,0.012295745025076849
102,4989,5091,0.020444978953698137
35,10218,10253,0.0034253278528087686
53,3589,3642,0.014767344664251881
57,5848,5905,0.009746922024623803
26,16470,16496,0.001578627808136005
471,4356,4827,0.1081267217630854
542,6544,7086,0.0828239608801956
73,4014,4087,0.018186347782760338
35,6011,6046,0.005822658459490934
68,3480,3548,0.01954022988505747
39,21567,21606,0.0018083182640144665
427,4174,4601,0.10229995208433158
22,9489,9511,0.002318474022552429
198,4816,5014,0.04111295681063123
90,6969,7059,0.012914334911752045
89,4400,4489,0.020227272727272726
29,7422,7451,0.003907302613850714
59,7749,7808,0.00761388566266615
19,4049,4068,0.004692516670782909
39,5319,5358,0.007332205301748449
27,6192,6219,0.00436046511627907
44,7668,7712,0.005738132498695879
389,3537,3926,0.10998020921685044
46,6943,6989,0.006625378078640358
29,5469,5498,0.005302614737611995
144,4760,4904,0.030252100840336135
15,6153,6168,0.0024378352023403218
100,11418,11518,0.008758101243650377
95,7514,7609,0.01264306627628427
224,7625,7849,0.02937704918032787
30,4268,4298,0.007029053420805998
17,7434,7451,0.0022867904223836427
38,4249,4287,0.00894328077194634
32,10087,10119,0.0031724001189650046
33,6207,6240,0.005316578057032383
25,17782,17807,0.0014059160949274547
281,3342,3623,0.08408138839018552
32,5326,5358,0.0060082613593691325
23,5539,5562,0.004152374074742733
104,5980,6084,0.017391304347826087
65,4803,4868,0.013533208411409536
54,10469,10523,0.00515808577705607
183,7824,8007,0.02338957055214724
52,6919,6971,0.007515536927301633
63,16220,16283,0.003884093711467324
46,5085,5131,0.00904621435594887
391,4878,5269,0.08015580155801558
11,7149,7160,0.0015386767380053154
42,4866,4908,0.008631319358816275
83,3477,3560,0.02387115329306874
19,5795,5814,0.003278688524590164
216,10012,10228,0.021574111066719935
843,7496,8339,0.11245997865528282
92,5760,5852,0.01597222222222222
36,7409,7445,0.00485895532460521
103,6139,6242,0.016777976869196937
15,7242,7257,0.002071251035625518
20,15239,15259,0.0013124220749393006
32,5281,5313,0.006059458435902291
66,27724,27790,0.002380608858750541
74,9203,9277,0.00804085624252961
43,6556,6599,0.006558877364246492
80,10725,10805,0.007459207459207459
18,4709,4727,0.003822467615204927
428,12274,12702,0.034870457878442236
158,9632,9790,0.016403654485049834
199,7394,7593,0.026913713822017852
73,6285,6358,0.011614956245027844
122,6123,6245,0.01992487342805814
387,6464,6851,0.05987004950495049
84,6330,6414,0.013270142180094787
17,8251,8268,0.0020603563204460067
30,8544,8574,0.0035112359550561797
215,1505,1720,0.14285714285714285
35,8936,8971,0.00391674127126231
53,8650,8703,0.006127167630057804
45,23207,23252,0.0019390701081570215
100,5911,6011,0.01691761123329386
21,5587,5608,0.0037587256130302486
43,3877,3920,0.011091049780758318
121,7309,7430,0.016554932275277056
37,7048,7085,0.005249716231555051
81,3848,3929,0.02104989604989605
1097,4039,5136,0.2716018816538747
432,9658,10090,0.044729757713812386
38,10621,10659,0.0035778175313059034
804,12121,12925,0.06633116079531391
185,11801,11986,0.015676637573087026
23,5132,5155,0.004481683554169914
375,20103,20478,0.01865393224891807
74,4870,4944,0.015195071868583163
29,5681,5710,0.005104735081851787
19,5340,5359,0.0035580524344569287
713,3241,3954,0.21999382906510337
318,7582,7900,0.041941440253231335
49,9012,9061,0.005437194851309365
302,4919,5221,0.06139459239682862
20,7816,7836,0.00255885363357216
36,6475,6511,0.0055598455598455596
32,7559,7591,0.00423336420161397
85,6727,6812,0.012635647391110451
88,4364,4452,0.02016498625114574
31,3062,3093,0.010124101894186806
224,3219,3443,0.06958682820751787
668,9027,9695,0.07400022155754957
191,3892,4083,0.04907502569373073
20,5850,5870,0.003418803418803419
296,7586,7882,0.039019245979435804
1084,5217,6301,0.20778225033544181
58,4589,4647,0.01263891915449989
95,3284,3379,0.02892813641900122
502,3325,3827,0.15097744360902254
48,4780,4828,0.0100418410041841
55,6934,6989,0.007931929622151716
81,8352,8433,0.009698275862068966
106,4204,4310,0.02521408182683159
533,3617,4150,0.1473596903511197
1700,11946,13646,0.14230704838439645
50,6723,6773,0.007437156031533542
49,3740,3789,0.013101604278074866
45,4982,5027,0.009032517061421117
87,7933,8020,0.010966847346527165
49,6812,6861,0.0071931884908984145
92,2701,2793,0.034061458718992965
64,7733,7797,0.008276218802534593
39,6297,6336,0.006193425440686041
24,4951,4975,0.004847505554433448
88,6393,6481,0.013765055529485374
79,3483,3562,0.02268159632500718
196,10004,10200,0.019592163134746102
845,10217,11062,0.08270529509640795
88,5942,6030,0.014809828340626052
3866,5487,9353,0.70457444869692
19,6553,6572,0.0028994353731115518
98,4781,4879,0.020497803806734993
1600,9900,11500,0.16161616161616163
1107,25035,26142,0.04421809466746555
123,9556,9679,0.012871494349100041
63,6375,6438,0.00988235294117647
15,8948,8963,0.0016763522574877068
48,7580,7628,0.0063324538258575196
37,12938,12975,0.002859792858247024
34,5856,5890,0.005806010928961749
64,9460,9524,0.006765327695560253
103,8121,8224,0.012683167097648072
34,4982,5016,0.006824568446407065
38,4801,4839,0.007915017704644865
1093,8109,9202,0.1347885065976076
1482,11833,13315,0.12524296459055184
17,4514,4531,0.0037660611431103233
18,9561,9579,0.0018826482585503608
86,7083,7169,0.012141747846957504
28,19698,19726,0.0014214641080312722
259,6054,6313,0.042781631978856954
465,9442,9907,0.049248040669349714
4141,8791,12932,0.4710499374360141
2651,8398,11049,0.3156703977137414
93,9636,9729,0.009651307596513076
313,3524,3837,0.08881952326901249
25,6461,6486,0.0038693700665531653
23,5323,5346,0.004320871688897238
62,7958,8020,0.0077909022367429
120,10373,10493,0.011568495131591632
34,6711,6745,0.005066309044851736
242,4756,4998,0.05088309503784693
50,4592,4642,0.01088850174216028
34,6874,6908,0.004946173988943846
71,10808,10879,0.006569207994078461
42,4726,4768,0.008887008040626322
118,5856,5974,0.020150273224043717
65,9198,9263,0.0070667536420961075
26,7059,7085,0.003683241252302026
32,10127,10159,0.0031598696553767156
366,5253,5619,0.06967447173043975
76,6845,6921,0.011102994886778671
273,9479,9752,0.028800506382529803
536,4957,5493,0.10812991728868267
447,19556,20003,0.02285743505829413
115,8463,8578,0.01358856197565875
38,6882,6920,0.005521650682941005
36,10818,10854,0.0033277870216306157
303,8513,8816,0.03559262304710443
118,6170,6288,0.019124797406807132
28,6666,6694,0.0042004200420042
66,9700,9766,0.006804123711340206
207,6968,7175,0.02970723306544202
23,7015,7038,0.003278688524590164
284,5790,6074,0.04905008635578584
74,3901,3975,0.018969495001281724
44,8034,8078,0.005476723923325865
76,4375,4451,0.017371428571428572
9,6485,6494,0.0013878180416345412
121,5714,5835,0.021176058802940146
45,8407,8452,0.00535268228856905
97,4962,5059,0.01954856912535268
55,7728,7783,0.007116977225672878
75,3937,4012,0.0190500381000762
94,5274,5368,0.01782328403488813
398,23245,23643,0.01712196171219617
96,4980,5076,0.01927710843373494
237,6984,7221,0.033934707903780066
449,8007,8456,0.05607593355813663
18,4633,4651,0.0038851715950787825
321,6095,6416,0.05266611977030353
40,34327,34367,0.0011652634952078538
29,5926,5955,0.0048936888288896386
16,12685,12701,0.0012613322822230982
64,5153,5217,0.012419949543954978
930,6636,7566,0.14014466546112117
43,19083,19126,0.0022533144683749935
12,5831,5843,0.0020579660435602813
132,18153,18285,0.0072715253677078165
33,6232,6265,0.005295250320924262
142,16204,16346,0.008763268328807701
15,10755,10770,0.001394700139470014
241,15755,15996,0.015296731196445573
18,4067,4085,0.004425866732235063
1185,4663,5848,0.25412824361998715
65,8672,8737,0.007495387453874539
33,4580,4613,0.007205240174672489
187,3717,3904,0.05030938929244014
43,9633,9676,0.00446382227758746
61,4371,4432,0.013955616563715396
69,3777,3846,0.018268467037331215
48,5452,5500,0.00880410858400587
13,8098,8111,0.0016053346505309953
66,4563,4629,0.014464168310322156
48,3925,3973,0.012229299363057325
49,9906,9955,0.004946497072481324
12,8783,8795,0.0013662757599908915
34,4291,4325,0.007923560941505477
81,4734,4815,0.017110266159695818
284,11236,11520,0.025275898896404414
57,19561,19618,0.002913961453913399
137,6895,7032,0.01986947063089195
280,6296,6576,0.044472681067344345
283,13359,13642,0.02118422037577663
20,9232,9252,0.002166377816291161
29,11381,11410,0.0025481064932782707
59,9371,9430,0.006296019635044285
295,6888,7183,0.0428281068524971
136,11605,11741,0.011719086600603189
58,16665,16723,0.0034803480348034803
38,4166,4204,0.009121459433509362
79,3878,3957,0.02037132542547705
41,7367,7408,0.005565359033527895
307,4125,4432,0.07442424242424242
528,8507,9035,0.062066533443046905
29,6625,6654,0.004377358490566038
40,9490,9530,0.004214963119072708
19,5056,5075,0.0037579113924050634
26,13882,13908,0.0018729289727704942
17,8425,8442,0.0020178041543026707
61,5130,5191,0.011890838206627681
34,11279,11313,0.003014451635783314
49,5437,5486,0.009012322972227331
44,4907,4951,0.008966782147951905
33,4684,4717,0.007045260461144321
241,6069,6310,0.03971000164771791
56,20799,20855,0.0026924371364007884
28,3380,3408,0.008284023668639054
12,5186,5198,0.0023139220979560356
23,15274,15297,0.0015058268953777661
57,4889,4946,0.011658825935774187
57,5626,5683,0.0101315321720583
47,7122,7169,0.0065992698680146025
12,3916,3928,0.0030643513789581204
12657,12745,25402,0.99309533150255
35,18254,18289,0.0019173879697600526
132,8555,8687,0.01542957334891876
31,7143,7174,0.0043399132017359655
62,9201,9263,0.006738398000217367
72,12008,12080,0.005996002664890073
29,8912,8941,0.003254039497307002
22,5243,5265,0.004196070951745184
39,6336,6375,0.00615530303030303
86,9311,9397,0.009236387069058103
27,9211,9238,0.0029312778199978287
100,2045,2145,0.0488997555012225
22,7200,7222,0.0030555555555555557
19,6629,6648,0.00286619399607784
97,22847,22944,0.004245634000087539
61,20180,20241,0.003022794846382557
91,17541,17632,0.0051878456188358705
214,13331,13545,0.016052809241617283
14,7434,7448,0.0018832391713747645
46,3167,3213,0.014524786864540574
91,3447,3538,0.02639976791412823
113,7384,7497,0.015303358613217768
27,11053,11080,0.0024427757169999094
45,3842,3887,0.011712649661634565
179,3870,4049,0.046253229974160204
29,5398,5427,0.005372360133382734
40,21256,21296,0.001881821603312006
46,7015,7061,0.006557377049180328
79,19209,19288,0.004112655526055495
37,8424,8461,0.0043922127255460585
51,6384,6435,0.007988721804511278
27,9235,9262,0.0029236599891716295
530,5068,5598,0.10457774269928966
35,5181,5216,0.006755452615325227
22,10592,10614,0.0020770392749244714
20,3385,3405,0.005908419497784343
63,3313,3376,0.019015997585270148
46,12892,12938,0.0035681042506981076
168,13751,13919,0.01221729328776089
18,8981,8999,0.0020042311546598374
9,6213,6222,0.0014485755673587638
47,12073,12120,0.003892984345233165
849,8821,9670,0.09624759097607981
72,4257,4329,0.016913319238900635
834,11759,12593,0.0709243983331916
620,3917,4537,0.1582844013275466
253,4513,4766,0.05606027033015732
54,5321,5375,0.010148468333020109
301,15413,15714,0.019528969052098877
33,4810,4843,0.006860706860706861
163,3348,3511,0.048685782556750296
72,6332,6404,0.011370814908401769
15,3724,3739,0.004027926960257788
84,6312,6396,0.013307984790874524
64,5290,5354,0.012098298676748583
19,7222,7241,0.002630850180005539
203,4264,4467,0.0476078799249531
70,6968,7038,0.010045924225028703
106,4518,4624,0.023461708720672863
372,8264,8636,0.04501452081316554
113,7407,7520,0.015255839071148913
84,7523,7607,0.011165758341087332
17,11028,11045,0.0015415306492564383
170,8636,8806,0.01968503937007874
39,6419,6458,0.006075712727839227
44,17441,17485,0.002522791124362135
17,7128,7145,0.0023849607182940516
29,4240,4269,0.006839622641509434
19,9737,9756,0.001951319708329054
37,8525,8562,0.004340175953079179
361,23505,23866,0.015358434375664752
1131,11612,12743,0.09739924216327936
54,8518,8572,0.006339516318384597
73,7699,7772,0.009481750876737239
179,5331,5510,0.03357719002063403
129,7223,7352,0.017859615118371867
148,6331,6479,0.023377033643974095
67,6235,6302,0.0107457898957498
3266,6779,10045,0.48178197374243986
17,6440,6457,0.002639751552795031
22,3851,3873,0.005712801869644248
37,8630,8667,0.004287369640787949
106,4047,4153,0.02619224116629602
14,11783,11797,0.0011881524229822625
48,3745,3793,0.01281708945260347
325,14344,14669,0.022657557166759622
23,10951,10974,0.002100264815998539
10804,11925,22729,0.9059958071278826
1071,10323,11394,0.1037489102005231
213,10697,10910,0.019912124894830328
329,3602,3931,0.09133814547473626
28,8628,8656,0.003245248029670839
136,7525,7661,0.018073089700996678
253,4370,4623,0.05789473684210526
170,20764,20934,0.008187247158543633
1102,15820,16922,0.06965865992414665
30,4820,4850,0.006224066390041493
39,6770,6809,0.005760709010339734
245,10830,11075,0.022622345337026777
1047,7672,8719,0.13647028154327426
77,6056,6133,0.012714663143989433
273,3426,3699,0.0796847635726795
46,5887,5933,0.007813827076609478
909,3878,4787,0.23439917483238784
47,5047,5094,0.009312462849217357
235,9681,9916,0.024274351823158763
30,7861,7891,0.0038163083577153036
49,11371,11420,0.004309207633453522
146,5177,5323,0.02820166119374155
58,2542,2600,0.022816679779701022
155,10435,10590,0.014853857211308098
74,2727,2801,0.027136046938027136
305,5699,6004,0.053518161080891385
46,9055,9101,0.005080066261733848
8320,8359,16679,0.995334370139969
64,9973,10037,0.006417326782312243
228,5517,5745,0.0413268080478521
37,3168,3205,0.01167929292929293
58,5588,5646,0.010379384395132427
41,5370,5411,0.007635009310986964
25,24363,24388,0.0010261462053113327
664,7587,8251,0.08751812310531172
39,3808,3847,0.010241596638655462
31,7793,7824,0.00397792891056076
63,4153,4216,0.015169756802311581
139,4708,4847,0.029524214103653357
20,4092,4112,0.004887585532746823
121,7189,7310,0.01683126999582696
42,3883,3925,0.010816379088333763
261,9778,10039,0.026692575168746166
47,6891,6938,0.006820490494848353
250,10419,10669,0.023994625203954314
15,18904,18919,0.0007934828607702074
1926,5492,7418,0.3506919155134741
52,14555,14607,0.003572655444864308
65,4023,4088,0.016157096694009446
1012,5445,6457,0.18585858585858586
131,8857,8988,0.014790561138082872
52,8364,8416,0.006217120994739359
282,7445,7727,0.03787777031564809
29,3532,3561,0.008210645526613816
30,4640,4670,0.00646551724137931
169,8719,8888,0.019382956761096456
103,7227,7330,0.014252110142521101
148,8120,8268,0.018226600985221674
27,7083,7110,0.0038119440914866584
204,6466,6670,0.031549644293226105
69,4950,5019,0.013939393939393939
30,3615,3645,0.008298755186721992
454,9224,9678,0.049219427580225496
298,9182,9480,0.03245480287519059
81,5355,5436,0.015126050420168067
22,14286,14308,0.0015399692006159878
740,3473,4213,0.21307227181111432
56,16220,16276,0.0034525277435265103
66,5173,5239,0.012758554030543205
48,5076,5124,0.009456264775413711
51,6362,6413,0.008016347060672745
388,7920,8308,0.04898989898989899
170,4876,5046,0.034864643150123054
166,4773,4939,0.03477896501152315
14,7539,7553,0.0018570102135561746
145,9503,9648,0.015258339471745765
35,6176,6211,0.005667098445595855
421,8410,8831,0.050059453032104635
325,4238,4563,0.07668711656441718
454,16386,16840,0.027706578786769194
35,5391,5426,0.006492301984789464
71,3244,3315,0.021886559802712702
90,10494,10584,0.008576329331046312
2536,7126,9662,0.3558798765085602
78,10245,10323,0.007613469985358712
7,8106,8113,0.0008635578583765112
19,3867,3886,0.00491336953710887
17,6512,6529,0.0026105651105651105
46,9667,9713,0.004758456604944657
452,5937,6389,0.07613272696648139
33,4581,4614,0.007203667321545514
21,5546,5567,0.0037865128020194735
245,4955,5200,0.04944500504540868
31,4587,4618,0.006758229779812513
90,8326,8416,0.01080951237088638
239,6784,7023,0.03522995283018868
39,3264,3303,0.011948529411764705
43,5313,5356,0.008093355919442876
53,10541,10594,0.005027985959586377
52,6386,6438,0.008142812402129659
56,7129,7185,0.007855239163978118
46,6265,6311,0.007342378292098962
76,15117,15193,0.00502745253687901
27,4396,4423,0.006141947224749773
53,5870,5923,0.009028960817717206
35,8789,8824,0.003982250540448287
75,5641,5716,0.013295514979613544
51,6661,6712,0.007656508031827053
22,9801,9823,0.002244668911335578
50,7018,7068,0.007124536905101168
750,4430,5180,0.16930022573363432
77,8814,8891,0.00873610165645564
69,4306,4375,0.01602415234556433
149,10766,10915,0.013839866245587962
48,8826,8874,0.005438477226376614
3757,6924,10681,0.5426054303870596
48,4519,4567,0.010621818986501438
132,6190,6322,0.021324717285945073
273,6865,7138,0.03976693372177713
41,7664,7705,0.005349686847599165
119,6943,7062,0.01713956502952614
32,7879,7911,0.004061429115369971
38,7869,7907,0.004829076121489389
81,7715,7796,0.01049902786779002
320,6491,6811,0.04929902942535819
59,6928,6987,0.008516166281755196
110,4027,4137,0.027315619567916564
66,4210,4276,0.015676959619952493
48,5365,5413,0.008946877912395153
353,10041,10394,0.035155860970022906
45,3527,3572,0.012758718457612702
1165,7056,8221,0.1651077097505669
46,17149,17195,0.0026823721499795905
47,6242,6289,0.007529637936558795
968,7053,8021,0.1372465617467744
81,4497,4578,0.01801200800533689
23,5933,5956,0.0038766222821506827
325,6467,6792,0.05025514148755219
30,6532,6562,0.004592774035517453
199,5491,5690,0.036241121835731194
1339,11883,13222,0.11268198266431036
24,6069,6093,0.003954522985664854
448,8796,9244,0.05093224192814916
60,15003,15063,0.003999200159968006
42,6616,6658,0.0063482466747279325
23,5611,5634,0.004099091071110319
330,3603,3933,0.09159034138218151
81,4550,4631,0.017802197802197803
69,12564,12633,0.0054918815663801334
311,4884,5195,0.06367731367731368
234,11255,11489,0.020790759662372277
39,4501,4540,0.008664741168629194
2060,3873,5933,0.5318874257681384
196,3254,3450,0.06023355869698832
508,5039,5547,0.10081365350267911
337,8365,8702,0.04028690974297669
172,5151,5323,0.0333915744515628
21,5095,5116,0.0041216879293424925
27,6867,6894,0.003931847968545216
218,4367,4585,0.04991985344630181
64,4678,4742,0.013681060282171868
60,8368,8428,0.007170172084130019
25,8753,8778,0.0028561636010510684
20,8966,8986,0.002230649118893598
19,8462,8481,0.0022453320727960292
59,9597,9656,0.006147754506616651
31,4501,4532,0.006887358364807821
18,23558,23576,0.0007640716529416758
514,8243,8757,0.06235593837195196
159,5958,6117,0.026686807653575024
27,4357,4384,0.006196924489327519
65,17812,17877,0.0036492252414102853
170,5128,5298,0.03315132605304212
291,23230,23521,0.012526904864399483
2318,4096,6414,0.56591796875
37,6478,6515,0.005711639394874961
23,7137,7160,0.003222642566904862
92,6869,6961,0.013393507060707526
50,8574,8624,0.005831583858175881
224,6441,6665,0.03477720850799565
17,8957,8974,0.0018979569052137992
2036,13726,15762,0.14833163339647384
38,3922,3960,0.009688934217236104
171,25012,25183,0.0068367183751799135
26,6613,6639,0.003931649780734916
63,8077,8140,0.007799925714993191
105,5212,5317,0.02014581734458941
19,9170,9189,0.0020719738276990187
50,7197,7247,0.006947339169098236
69,5976,6045,0.011546184738955823
51,4773,4824,0.010685103708359522
